recording id,timestamp [ns]
f5aeacca-71ae-456a-9053-683be52add2b,1.7773410754133043e+18
f5aeacca-71ae-456a-9053-683be52add2b,1.7773410754466473e+18
f5aeacca-71ae-456a-9053-683be52add2b,1.7773410754799892e+18
f5aeacca-71ae-456a-9053-683be52add2b,1.7773410755133322e+18
f5aeacca-71ae-456a-9053-683be52add2b,1.7773410755466744e+18
f5aeacca-71ae-456a-9053-683be52add2b,1.7773410755800174e+18
f5aeacca-71ae-456a-9053-683be52add2b,1.7773410756133594e+18
f5aeacca-71ae-456a-9053-683be52add2b,1.7773410756467023e+18
f5aeacca-71ae-456a-9053-683be52add2b,1.7773410756800443e+18
f5aeacca-71ae-456a-9053-683be52add2b,1.7773410757133862e+18
f5aeacca-71ae-456a-9053-683be52add2b,1.7773410757467292e+18
f5aeacca-71ae-456a-9053-683be52add2b,1.7773410757800714e+18
f5aeacca-71ae-456a-9053-683be52add2b,1.7773410758134144e+18
f5aeacca-71ae-456a-9053-683be52add2b,1.7773410758467564e+18
f5aeacca-71ae-456a-9053-683be52add2b,1.7773410758800993e+18
f5aeacca-71ae-456a-9053-683be52add2b,1.7773410759134413e+18
f5aeacca-71ae-456a-9053-683be52add2b,1.7773410759467843e+18
f5aeacca-71ae-456a-9053-683be52add2b,1.7773410759801265e+18
f5aeacca-71ae-456a-9053-683be52add2b,1.7773410760134684e+18
f5aeacca-71ae-456a-9053-683be52add2b,1.7773410760468114e+18
f5aeacca-71ae-456a-9053-683be52add2b,1.7773410760801533e+18
f5aeacca-71ae-456a-9053-683be52add2b,1.7773410761134963e+18
f5aeacca-71ae-456a-9053-683be52add2b,1.7773410761468383e+18
f5aeacca-71ae-456a-9053-683be52add2b,1.7773410761801812e+18
f5aeacca-71ae-456a-9053-683be52add2b,1.7773410762135235e+18
f5aeacca-71ae-456a-9053-683be52add2b,1.7773410762468664e+18
f5aeacca-71ae-456a-9053-683be52add2b,1.7773410762802084e+18
f5aeacca-71ae-456a-9053-683be52add2b,1.7773410763135503e+18
f5aeacca-71ae-456a-9053-683be52add2b,1.7773410763468933e+18
f5aeacca-71ae-456a-9053-683be52add2b,1.7773410763802353e+18
f5aeacca-71ae-456a-9053-683be52add2b,1.7773410764135782e+18
f5aeacca-71ae-456a-9053-683be52add2b,1.7773410764469204e+18
f5aeacca-71ae-456a-9053-683be52add2b,1.7773410764802634e+18
f5aeacca-71ae-456a-9053-683be52add2b,1.7773410765136054e+18
f5aeacca-71ae-456a-9053-683be52add2b,1.7773410765469484e+18
f5aeacca-71ae-456a-9053-683be52add2b,1.7773410765802903e+18
f5aeacca-71ae-456a-9053-683be52add2b,1.7773410766136323e+18
f5aeacca-71ae-456a-9053-683be52add2b,1.7773410766469752e+18
f5aeacca-71ae-456a-9053-683be52add2b,1.7773410766803174e+18
f5aeacca-71ae-456a-9053-683be52add2b,1.7773410767136604e+18
f5aeacca-71ae-456a-9053-683be52add2b,1.7773410767470024e+18
f5aeacca-71ae-456a-9053-683be52add2b,1.7773410767803453e+18
f5aeacca-71ae-456a-9053-683be52add2b,1.7773410768136873e+18
f5aeacca-71ae-456a-9053-683be52add2b,1.7773410768470303e+18
f5aeacca-71ae-456a-9053-683be52add2b,1.7773410768803722e+18
f5aeacca-71ae-456a-9053-683be52add2b,1.7773410769137144e+18
f5aeacca-71ae-456a-9053-683be52add2b,1.7773410769470574e+18
f5aeacca-71ae-456a-9053-683be52add2b,1.7773410769803994e+18
f5aeacca-71ae-456a-9053-683be52add2b,1.7773410770137423e+18
f5aeacca-71ae-456a-9053-683be52add2b,1.7773410770470843e+18
f5aeacca-71ae-456a-9053-683be52add2b,1.7773410770804273e+18
f5aeacca-71ae-456a-9053-683be52add2b,1.7773410771137692e+18
f5aeacca-71ae-456a-9053-683be52add2b,1.7773410771471124e+18
f5aeacca-71ae-456a-9053-683be52add2b,1.7773410771804544e+18
f5aeacca-71ae-456a-9053-683be52add2b,1.7773410772137974e+18
f5aeacca-71ae-456a-9053-683be52add2b,1.7773410772471393e+18
f5aeacca-71ae-456a-9053-683be52add2b,1.7773410772804813e+18
f5aeacca-71ae-456a-9053-683be52add2b,1.7773410773138243e+18
f5aeacca-71ae-456a-9053-683be52add2b,1.7773410773471665e+18
f5aeacca-71ae-456a-9053-683be52add2b,1.7773410773805094e+18
f5aeacca-71ae-456a-9053-683be52add2b,1.7773410774138514e+18
f5aeacca-71ae-456a-9053-683be52add2b,1.7773410774471944e+18
f5aeacca-71ae-456a-9053-683be52add2b,1.7773410774805363e+18
f5aeacca-71ae-456a-9053-683be52add2b,1.7773410775138783e+18
f5aeacca-71ae-456a-9053-683be52add2b,1.7773410775472212e+18
f5aeacca-71ae-456a-9053-683be52add2b,1.7773410775805635e+18
f5aeacca-71ae-456a-9053-683be52add2b,1.7773410776139064e+18
f5aeacca-71ae-456a-9053-683be52add2b,1.7773410776472484e+18
f5aeacca-71ae-456a-9053-683be52add2b,1.7773410776805914e+18
f5aeacca-71ae-456a-9053-683be52add2b,1.7773410777139333e+18
f5aeacca-71ae-456a-9053-683be52add2b,1.7773410777472763e+18
f5aeacca-71ae-456a-9053-683be52add2b,1.7773410777806182e+18
f5aeacca-71ae-456a-9053-683be52add2b,1.7773410778139612e+18
f5aeacca-71ae-456a-9053-683be52add2b,1.7773410778473034e+18
f5aeacca-71ae-456a-9053-683be52add2b,1.7773410778806454e+18
f5aeacca-71ae-456a-9053-683be52add2b,1.7773410779139884e+18
f5aeacca-71ae-456a-9053-683be52add2b,1.7773410779473303e+18
f5aeacca-71ae-456a-9053-683be52add2b,1.7773410779806733e+18
f5aeacca-71ae-456a-9053-683be52add2b,1.7773410780140152e+18
f5aeacca-71ae-456a-9053-683be52add2b,1.7773410780473585e+18
f5aeacca-71ae-456a-9053-683be52add2b,1.7773410780807004e+18
f5aeacca-71ae-456a-9053-683be52add2b,1.7773410781140434e+18
f5aeacca-71ae-456a-9053-683be52add2b,1.7773410781473853e+18
f5aeacca-71ae-456a-9053-683be52add2b,1.7773410781807273e+18
f5aeacca-71ae-456a-9053-683be52add2b,1.7773410782140703e+18
f5aeacca-71ae-456a-9053-683be52add2b,1.7773410782474122e+18
f5aeacca-71ae-456a-9053-683be52add2b,1.7773410782807555e+18
f5aeacca-71ae-456a-9053-683be52add2b,1.7773410783140974e+18
f5aeacca-71ae-456a-9053-683be52add2b,1.7773410783474404e+18
f5aeacca-71ae-456a-9053-683be52add2b,1.7773410783807823e+18
f5aeacca-71ae-456a-9053-683be52add2b,1.7773410784141253e+18
f5aeacca-71ae-456a-9053-683be52add2b,1.7773410784474673e+18
f5aeacca-71ae-456a-9053-683be52add2b,1.7773410784808092e+18
f5aeacca-71ae-456a-9053-683be52add2b,1.7773410785141524e+18
f5aeacca-71ae-456a-9053-683be52add2b,1.7773410785474944e+18
f5aeacca-71ae-456a-9053-683be52add2b,1.7773410785808374e+18
f5aeacca-71ae-456a-9053-683be52add2b,1.7773410786141793e+18
f5aeacca-71ae-456a-9053-683be52add2b,1.7773410786475223e+18
f5aeacca-71ae-456a-9053-683be52add2b,1.7773410786808643e+18
f5aeacca-71ae-456a-9053-683be52add2b,1.7773410787142072e+18
f5aeacca-71ae-456a-9053-683be52add2b,1.7773410787475494e+18
f5aeacca-71ae-456a-9053-683be52add2b,1.7773410787808914e+18
f5aeacca-71ae-456a-9053-683be52add2b,1.7773410788142344e+18
f5aeacca-71ae-456a-9053-683be52add2b,1.7773410788475763e+18
f5aeacca-71ae-456a-9053-683be52add2b,1.7773410788809193e+18
f5aeacca-71ae-456a-9053-683be52add2b,1.7773410789142612e+18
f5aeacca-71ae-456a-9053-683be52add2b,1.7773410789476042e+18
f5aeacca-71ae-456a-9053-683be52add2b,1.7773410789809464e+18
f5aeacca-71ae-456a-9053-683be52add2b,1.7773410790142894e+18
f5aeacca-71ae-456a-9053-683be52add2b,1.7773410790476314e+18
f5aeacca-71ae-456a-9053-683be52add2b,1.7773410790809743e+18
f5aeacca-71ae-456a-9053-683be52add2b,1.7773410791143163e+18
f5aeacca-71ae-456a-9053-683be52add2b,1.7773410791476582e+18
f5aeacca-71ae-456a-9053-683be52add2b,1.7773410791810012e+18
f5aeacca-71ae-456a-9053-683be52add2b,1.7773410792143434e+18
f5aeacca-71ae-456a-9053-683be52add2b,1.7773410792476864e+18
f5aeacca-71ae-456a-9053-683be52add2b,1.7773410792810284e+18
f5aeacca-71ae-456a-9053-683be52add2b,1.7773410793143713e+18
f5aeacca-71ae-456a-9053-683be52add2b,1.7773410793477133e+18
f5aeacca-71ae-456a-9053-683be52add2b,1.7773410793810563e+18
f5aeacca-71ae-456a-9053-683be52add2b,1.7773410794143985e+18
f5aeacca-71ae-456a-9053-683be52add2b,1.7773410794477404e+18
f5aeacca-71ae-456a-9053-683be52add2b,1.7773410794810834e+18
f5aeacca-71ae-456a-9053-683be52add2b,1.7773410795144253e+18
f5aeacca-71ae-456a-9053-683be52add2b,1.7773410795477683e+18
f5aeacca-71ae-456a-9053-683be52add2b,1.7773410795811103e+18
f5aeacca-71ae-456a-9053-683be52add2b,1.7773410796144532e+18
f5aeacca-71ae-456a-9053-683be52add2b,1.7773410796477955e+18
f5aeacca-71ae-456a-9053-683be52add2b,1.7773410796811384e+18
f5aeacca-71ae-456a-9053-683be52add2b,1.7773410797144804e+18
f5aeacca-71ae-456a-9053-683be52add2b,1.7773410797478223e+18
f5aeacca-71ae-456a-9053-683be52add2b,1.7773410797811653e+18
f5aeacca-71ae-456a-9053-683be52add2b,1.7773410798145073e+18
f5aeacca-71ae-456a-9053-683be52add2b,1.7773410798478502e+18
f5aeacca-71ae-456a-9053-683be52add2b,1.7773410798811924e+18
f5aeacca-71ae-456a-9053-683be52add2b,1.7773410799145354e+18
f5aeacca-71ae-456a-9053-683be52add2b,1.7773410799478774e+18
f5aeacca-71ae-456a-9053-683be52add2b,1.7773410799812204e+18
f5aeacca-71ae-456a-9053-683be52add2b,1.7773410800145623e+18
f5aeacca-71ae-456a-9053-683be52add2b,1.7773410800479043e+18
f5aeacca-71ae-456a-9053-683be52add2b,1.7773410800812472e+18
f5aeacca-71ae-456a-9053-683be52add2b,1.7773410801145894e+18
f5aeacca-71ae-456a-9053-683be52add2b,1.7773410801479324e+18
f5aeacca-71ae-456a-9053-683be52add2b,1.7773410801812744e+18
f5aeacca-71ae-456a-9053-683be52add2b,1.7773410802146173e+18
f5aeacca-71ae-456a-9053-683be52add2b,1.7773410802479593e+18
f5aeacca-71ae-456a-9053-683be52add2b,1.7773410802813023e+18
f5aeacca-71ae-456a-9053-683be52add2b,1.7773410803146442e+18
f5aeacca-71ae-456a-9053-683be52add2b,1.7773410803479875e+18
f5aeacca-71ae-456a-9053-683be52add2b,1.7773410803813294e+18
f5aeacca-71ae-456a-9053-683be52add2b,1.7773410804146714e+18
f5aeacca-71ae-456a-9053-683be52add2b,1.7773410804480143e+18
f5aeacca-71ae-456a-9053-683be52add2b,1.7773410804813563e+18
f5aeacca-71ae-456a-9053-683be52add2b,1.7773410805146993e+18
f5aeacca-71ae-456a-9053-683be52add2b,1.7773410805480412e+18
f5aeacca-71ae-456a-9053-683be52add2b,1.7773410805813844e+18
f5aeacca-71ae-456a-9053-683be52add2b,1.7773410806147264e+18
f5aeacca-71ae-456a-9053-683be52add2b,1.7773410806480694e+18
f5aeacca-71ae-456a-9053-683be52add2b,1.7773410806814113e+18
f5aeacca-71ae-456a-9053-683be52add2b,1.7773410807147533e+18
f5aeacca-71ae-456a-9053-683be52add2b,1.7773410807480963e+18
f5aeacca-71ae-456a-9053-683be52add2b,1.7773410807814385e+18
f5aeacca-71ae-456a-9053-683be52add2b,1.7773410808147814e+18
f5aeacca-71ae-456a-9053-683be52add2b,1.7773410808481234e+18
f5aeacca-71ae-456a-9053-683be52add2b,1.7773410808814664e+18
f5aeacca-71ae-456a-9053-683be52add2b,1.7773410809148083e+18
f5aeacca-71ae-456a-9053-683be52add2b,1.7773410809481513e+18
f5aeacca-71ae-456a-9053-683be52add2b,1.7773410809814932e+18
f5aeacca-71ae-456a-9053-683be52add2b,1.7773410810148355e+18
f5aeacca-71ae-456a-9053-683be52add2b,1.7773410810481784e+18
f5aeacca-71ae-456a-9053-683be52add2b,1.7773410810815204e+18
f5aeacca-71ae-456a-9053-683be52add2b,1.7773410811148634e+18
f5aeacca-71ae-456a-9053-683be52add2b,1.7773410811482053e+18
f5aeacca-71ae-456a-9053-683be52add2b,1.7773410811815483e+18
f5aeacca-71ae-456a-9053-683be52add2b,1.7773410812148902e+18
f5aeacca-71ae-456a-9053-683be52add2b,1.7773410812482332e+18
f5aeacca-71ae-456a-9053-683be52add2b,1.7773410812815754e+18
f5aeacca-71ae-456a-9053-683be52add2b,1.7773410813149174e+18
f5aeacca-71ae-456a-9053-683be52add2b,1.7773410813482604e+18
f5aeacca-71ae-456a-9053-683be52add2b,1.7773410813816023e+18
f5aeacca-71ae-456a-9053-683be52add2b,1.7773410814149453e+18
f5aeacca-71ae-456a-9053-683be52add2b,1.7773410814482872e+18
f5aeacca-71ae-456a-9053-683be52add2b,1.7773410814816305e+18
f5aeacca-71ae-456a-9053-683be52add2b,1.7773410815149724e+18
f5aeacca-71ae-456a-9053-683be52add2b,1.7773410815483154e+18
f5aeacca-71ae-456a-9053-683be52add2b,1.7773410815816573e+18
f5aeacca-71ae-456a-9053-683be52add2b,1.7773410816150003e+18
f5aeacca-71ae-456a-9053-683be52add2b,1.7773410816483423e+18
f5aeacca-71ae-456a-9053-683be52add2b,1.7773410816816842e+18
f5aeacca-71ae-456a-9053-683be52add2b,1.7773410817150275e+18
f5aeacca-71ae-456a-9053-683be52add2b,1.7773410817483694e+18
f5aeacca-71ae-456a-9053-683be52add2b,1.7773410817817124e+18
f5aeacca-71ae-456a-9053-683be52add2b,1.7773410818150543e+18
f5aeacca-71ae-456a-9053-683be52add2b,1.7773410818483973e+18
f5aeacca-71ae-456a-9053-683be52add2b,1.7773410818817393e+18
f5aeacca-71ae-456a-9053-683be52add2b,1.7773410819150812e+18
f5aeacca-71ae-456a-9053-683be52add2b,1.7773410819484244e+18
f5aeacca-71ae-456a-9053-683be52add2b,1.7773410819817664e+18
f5aeacca-71ae-456a-9053-683be52add2b,1.7773410820151094e+18
f5aeacca-71ae-456a-9053-683be52add2b,1.7773410820484513e+18
f5aeacca-71ae-456a-9053-683be52add2b,1.7773410820817943e+18
f5aeacca-71ae-456a-9053-683be52add2b,1.7773410821151363e+18
f5aeacca-71ae-456a-9053-683be52add2b,1.7773410821484792e+18
f5aeacca-71ae-456a-9053-683be52add2b,1.7773410821818214e+18
f5aeacca-71ae-456a-9053-683be52add2b,1.7773410822151644e+18
f5aeacca-71ae-456a-9053-683be52add2b,1.7773410822485064e+18
f5aeacca-71ae-456a-9053-683be52add2b,1.7773410822818483e+18
f5aeacca-71ae-456a-9053-683be52add2b,1.7773410823151913e+18
f5aeacca-71ae-456a-9053-683be52add2b,1.7773410823485332e+18
f5aeacca-71ae-456a-9053-683be52add2b,1.7773410823818762e+18
f5aeacca-71ae-456a-9053-683be52add2b,1.7773410824152184e+18
f5aeacca-71ae-456a-9053-683be52add2b,1.7773410824485614e+18
f5aeacca-71ae-456a-9053-683be52add2b,1.7773410824819034e+18
f5aeacca-71ae-456a-9053-683be52add2b,1.7773410825152463e+18
f5aeacca-71ae-456a-9053-683be52add2b,1.7773410825485883e+18
f5aeacca-71ae-456a-9053-683be52add2b,1.7773410825819302e+18
f5aeacca-71ae-456a-9053-683be52add2b,1.7773410826152732e+18
f5aeacca-71ae-456a-9053-683be52add2b,1.7773410826486154e+18
f5aeacca-71ae-456a-9053-683be52add2b,1.7773410826819584e+18
f5aeacca-71ae-456a-9053-683be52add2b,1.7773410827153004e+18
f5aeacca-71ae-456a-9053-683be52add2b,1.7773410827486433e+18
f5aeacca-71ae-456a-9053-683be52add2b,1.7773410827819853e+18
f5aeacca-71ae-456a-9053-683be52add2b,1.7773410828153283e+18
f5aeacca-71ae-456a-9053-683be52add2b,1.7773410828486705e+18
f5aeacca-71ae-456a-9053-683be52add2b,1.7773410828820124e+18
f5aeacca-71ae-456a-9053-683be52add2b,1.7773410829153554e+18
f5aeacca-71ae-456a-9053-683be52add2b,1.7773410829486973e+18
f5aeacca-71ae-456a-9053-683be52add2b,1.7773410829820403e+18
f5aeacca-71ae-456a-9053-683be52add2b,1.7773410830153823e+18
f5aeacca-71ae-456a-9053-683be52add2b,1.7773410830487252e+18
f5aeacca-71ae-456a-9053-683be52add2b,1.7773410830820675e+18
f5aeacca-71ae-456a-9053-683be52add2b,1.7773410831154104e+18
f5aeacca-71ae-456a-9053-683be52add2b,1.7773410831487524e+18
f5aeacca-71ae-456a-9053-683be52add2b,1.7773410831820943e+18
f5aeacca-71ae-456a-9053-683be52add2b,1.7773410832154373e+18
f5aeacca-71ae-456a-9053-683be52add2b,1.7773410832487793e+18
f5aeacca-71ae-456a-9053-683be52add2b,1.7773410832821222e+18
f5aeacca-71ae-456a-9053-683be52add2b,1.7773410833154644e+18
f5aeacca-71ae-456a-9053-683be52add2b,1.7773410833488074e+18
f5aeacca-71ae-456a-9053-683be52add2b,1.7773410833821494e+18
f5aeacca-71ae-456a-9053-683be52add2b,1.7773410834154924e+18
f5aeacca-71ae-456a-9053-683be52add2b,1.7773410834488343e+18
f5aeacca-71ae-456a-9053-683be52add2b,1.7773410834821773e+18
f5aeacca-71ae-456a-9053-683be52add2b,1.7773410835155192e+18
f5aeacca-71ae-456a-9053-683be52add2b,1.7773410835488614e+18
f5aeacca-71ae-456a-9053-683be52add2b,1.7773410835822044e+18
f5aeacca-71ae-456a-9053-683be52add2b,1.7773410836155464e+18
f5aeacca-71ae-456a-9053-683be52add2b,1.7773410836488893e+18
f5aeacca-71ae-456a-9053-683be52add2b,1.7773410836822313e+18
f5aeacca-71ae-456a-9053-683be52add2b,1.7773410837155743e+18
f5aeacca-71ae-456a-9053-683be52add2b,1.7773410837489162e+18
f5aeacca-71ae-456a-9053-683be52add2b,1.7773410837822595e+18
f5aeacca-71ae-456a-9053-683be52add2b,1.7773410838156014e+18
f5aeacca-71ae-456a-9053-683be52add2b,1.7773410838489434e+18
f5aeacca-71ae-456a-9053-683be52add2b,1.7773410838822863e+18
f5aeacca-71ae-456a-9053-683be52add2b,1.7773410839156283e+18
f5aeacca-71ae-456a-9053-683be52add2b,1.7773410839489713e+18
f5aeacca-71ae-456a-9053-683be52add2b,1.7773410839823132e+18
f5aeacca-71ae-456a-9053-683be52add2b,1.7773410840156564e+18
f5aeacca-71ae-456a-9053-683be52add2b,1.7773410840489984e+18
f5aeacca-71ae-456a-9053-683be52add2b,1.7773410840823414e+18
f5aeacca-71ae-456a-9053-683be52add2b,1.7773410841156833e+18
f5aeacca-71ae-456a-9053-683be52add2b,1.7773410841490253e+18
f5aeacca-71ae-456a-9053-683be52add2b,1.7773410841823683e+18
f5aeacca-71ae-456a-9053-683be52add2b,1.7773410842157105e+18
f5aeacca-71ae-456a-9053-683be52add2b,1.7773410842490534e+18
f5aeacca-71ae-456a-9053-683be52add2b,1.7773410842823954e+18
f5aeacca-71ae-456a-9053-683be52add2b,1.7773410843157384e+18
f5aeacca-71ae-456a-9053-683be52add2b,1.7773410843490803e+18
f5aeacca-71ae-456a-9053-683be52add2b,1.7773410843824233e+18
f5aeacca-71ae-456a-9053-683be52add2b,1.7773410844157652e+18
f5aeacca-71ae-456a-9053-683be52add2b,1.7773410844491075e+18
f5aeacca-71ae-456a-9053-683be52add2b,1.7773410844824504e+18
f5aeacca-71ae-456a-9053-683be52add2b,1.7773410845157924e+18
f5aeacca-71ae-456a-9053-683be52add2b,1.7773410845491354e+18
f5aeacca-71ae-456a-9053-683be52add2b,1.7773410845824773e+18
f5aeacca-71ae-456a-9053-683be52add2b,1.7773410846158203e+18
f5aeacca-71ae-456a-9053-683be52add2b,1.7773410846491622e+18
f5aeacca-71ae-456a-9053-683be52add2b,1.7773410846825052e+18
f5aeacca-71ae-456a-9053-683be52add2b,1.7773410847158474e+18
f5aeacca-71ae-456a-9053-683be52add2b,1.7773410847491894e+18
f5aeacca-71ae-456a-9053-683be52add2b,1.7773410847825324e+18
f5aeacca-71ae-456a-9053-683be52add2b,1.7773410848158743e+18
f5aeacca-71ae-456a-9053-683be52add2b,1.7773410848492173e+18
f5aeacca-71ae-456a-9053-683be52add2b,1.7773410848825592e+18
f5aeacca-71ae-456a-9053-683be52add2b,1.7773410849159025e+18
f5aeacca-71ae-456a-9053-683be52add2b,1.7773410849492444e+18
f5aeacca-71ae-456a-9053-683be52add2b,1.7773410849825874e+18
f5aeacca-71ae-456a-9053-683be52add2b,1.7773410850159293e+18
f5aeacca-71ae-456a-9053-683be52add2b,1.7773410850492713e+18
f5aeacca-71ae-456a-9053-683be52add2b,1.7773410850826143e+18
f5aeacca-71ae-456a-9053-683be52add2b,1.7773410851159562e+18
f5aeacca-71ae-456a-9053-683be52add2b,1.7773410851492995e+18
f5aeacca-71ae-456a-9053-683be52add2b,1.7773410851826414e+18
f5aeacca-71ae-456a-9053-683be52add2b,1.7773410852159844e+18
f5aeacca-71ae-456a-9053-683be52add2b,1.7773410852493263e+18
f5aeacca-71ae-456a-9053-683be52add2b,1.7773410852826693e+18
f5aeacca-71ae-456a-9053-683be52add2b,1.7773410853160113e+18
f5aeacca-71ae-456a-9053-683be52add2b,1.7773410853493542e+18
f5aeacca-71ae-456a-9053-683be52add2b,1.7773410853826964e+18
f5aeacca-71ae-456a-9053-683be52add2b,1.7773410854160384e+18
f5aeacca-71ae-456a-9053-683be52add2b,1.7773410854493814e+18
f5aeacca-71ae-456a-9053-683be52add2b,1.7773410854827233e+18
f5aeacca-71ae-456a-9053-683be52add2b,1.7773410855160663e+18
f5aeacca-71ae-456a-9053-683be52add2b,1.7773410855494083e+18
f5aeacca-71ae-456a-9053-683be52add2b,1.7773410855827512e+18
f5aeacca-71ae-456a-9053-683be52add2b,1.7773410856160934e+18
f5aeacca-71ae-456a-9053-683be52add2b,1.7773410856494364e+18
f5aeacca-71ae-456a-9053-683be52add2b,1.7773410856827784e+18
f5aeacca-71ae-456a-9053-683be52add2b,1.7773410857161203e+18
f5aeacca-71ae-456a-9053-683be52add2b,1.7773410857494633e+18
f5aeacca-71ae-456a-9053-683be52add2b,1.7773410857828052e+18
f5aeacca-71ae-456a-9053-683be52add2b,1.7773410858161482e+18
f5aeacca-71ae-456a-9053-683be52add2b,1.7773410858494904e+18
f5aeacca-71ae-456a-9053-683be52add2b,1.7773410858828334e+18
f5aeacca-71ae-456a-9053-683be52add2b,1.7773410859161754e+18
f5aeacca-71ae-456a-9053-683be52add2b,1.7773410859495183e+18
f5aeacca-71ae-456a-9053-683be52add2b,1.7773410859828603e+18
f5aeacca-71ae-456a-9053-683be52add2b,1.7773410860162022e+18
f5aeacca-71ae-456a-9053-683be52add2b,1.7773410860495452e+18
f5aeacca-71ae-456a-9053-683be52add2b,1.7773410860828874e+18
f5aeacca-71ae-456a-9053-683be52add2b,1.7773410861162304e+18
f5aeacca-71ae-456a-9053-683be52add2b,1.7773410861495724e+18
f5aeacca-71ae-456a-9053-683be52add2b,1.7773410861829153e+18
f5aeacca-71ae-456a-9053-683be52add2b,1.7773410862162573e+18
f5aeacca-71ae-456a-9053-683be52add2b,1.7773410862496003e+18
f5aeacca-71ae-456a-9053-683be52add2b,1.7773410862829425e+18
f5aeacca-71ae-456a-9053-683be52add2b,1.7773410863162844e+18
f5aeacca-71ae-456a-9053-683be52add2b,1.7773410863496274e+18
f5aeacca-71ae-456a-9053-683be52add2b,1.7773410863829693e+18
f5aeacca-71ae-456a-9053-683be52add2b,1.7773410864163123e+18
f5aeacca-71ae-456a-9053-683be52add2b,1.7773410864496543e+18
f5aeacca-71ae-456a-9053-683be52add2b,1.7773410864829972e+18
f5aeacca-71ae-456a-9053-683be52add2b,1.7773410865163395e+18
f5aeacca-71ae-456a-9053-683be52add2b,1.7773410865496824e+18
f5aeacca-71ae-456a-9053-683be52add2b,1.7773410865830244e+18
f5aeacca-71ae-456a-9053-683be52add2b,1.7773410866163663e+18
f5aeacca-71ae-456a-9053-683be52add2b,1.7773410866497093e+18
f5aeacca-71ae-456a-9053-683be52add2b,1.7773410866830513e+18
f5aeacca-71ae-456a-9053-683be52add2b,1.7773410867163942e+18
f5aeacca-71ae-456a-9053-683be52add2b,1.7773410867497364e+18
f5aeacca-71ae-456a-9053-683be52add2b,1.7773410867830794e+18
f5aeacca-71ae-456a-9053-683be52add2b,1.7773410868164214e+18
f5aeacca-71ae-456a-9053-683be52add2b,1.7773410868497644e+18
f5aeacca-71ae-456a-9053-683be52add2b,1.7773410868831063e+18
f5aeacca-71ae-456a-9053-683be52add2b,1.7773410869164483e+18
f5aeacca-71ae-456a-9053-683be52add2b,1.7773410869497912e+18
f5aeacca-71ae-456a-9053-683be52add2b,1.7773410869831334e+18
f5aeacca-71ae-456a-9053-683be52add2b,1.7773410870164764e+18
f5aeacca-71ae-456a-9053-683be52add2b,1.7773410870498184e+18
f5aeacca-71ae-456a-9053-683be52add2b,1.7773410870831613e+18
f5aeacca-71ae-456a-9053-683be52add2b,1.7773410871165033e+18
f5aeacca-71ae-456a-9053-683be52add2b,1.7773410871498463e+18
f5aeacca-71ae-456a-9053-683be52add2b,1.7773410871831882e+18
f5aeacca-71ae-456a-9053-683be52add2b,1.7773410872165315e+18
f5aeacca-71ae-456a-9053-683be52add2b,1.7773410872498734e+18
f5aeacca-71ae-456a-9053-683be52add2b,1.7773410872832154e+18
f5aeacca-71ae-456a-9053-683be52add2b,1.7773410873165583e+18
f5aeacca-71ae-456a-9053-683be52add2b,1.7773410873499003e+18
f5aeacca-71ae-456a-9053-683be52add2b,1.7773410873832433e+18
f5aeacca-71ae-456a-9053-683be52add2b,1.7773410874165852e+18
f5aeacca-71ae-456a-9053-683be52add2b,1.7773410874499284e+18
f5aeacca-71ae-456a-9053-683be52add2b,1.7773410874832704e+18
f5aeacca-71ae-456a-9053-683be52add2b,1.7773410875166124e+18
f5aeacca-71ae-456a-9053-683be52add2b,1.7773410875499553e+18
f5aeacca-71ae-456a-9053-683be52add2b,1.7773410875832973e+18
f5aeacca-71ae-456a-9053-683be52add2b,1.7773410876166403e+18
f5aeacca-71ae-456a-9053-683be52add2b,1.7773410876499825e+18
f5aeacca-71ae-456a-9053-683be52add2b,1.7773410876833254e+18
f5aeacca-71ae-456a-9053-683be52add2b,1.7773410877166674e+18
f5aeacca-71ae-456a-9053-683be52add2b,1.7773410877500104e+18
f5aeacca-71ae-456a-9053-683be52add2b,1.7773410877833523e+18
f5aeacca-71ae-456a-9053-683be52add2b,1.7773410878166953e+18
f5aeacca-71ae-456a-9053-683be52add2b,1.7773410878500372e+18
f5aeacca-71ae-456a-9053-683be52add2b,1.7773410878833795e+18
f5aeacca-71ae-456a-9053-683be52add2b,1.7773410879167224e+18
f5aeacca-71ae-456a-9053-683be52add2b,1.7773410879500644e+18
f5aeacca-71ae-456a-9053-683be52add2b,1.7773410879834074e+18
f5aeacca-71ae-456a-9053-683be52add2b,1.7773410880167493e+18
f5aeacca-71ae-456a-9053-683be52add2b,1.7773410880500923e+18
f5aeacca-71ae-456a-9053-683be52add2b,1.7773410880834342e+18
f5aeacca-71ae-456a-9053-683be52add2b,1.7773410881167772e+18
f5aeacca-71ae-456a-9053-683be52add2b,1.7773410881501194e+18
f5aeacca-71ae-456a-9053-683be52add2b,1.7773410881834614e+18
f5aeacca-71ae-456a-9053-683be52add2b,1.7773410882168044e+18
f5aeacca-71ae-456a-9053-683be52add2b,1.7773410882501463e+18
f5aeacca-71ae-456a-9053-683be52add2b,1.7773410882834893e+18
f5aeacca-71ae-456a-9053-683be52add2b,1.7773410883168312e+18
f5aeacca-71ae-456a-9053-683be52add2b,1.7773410883501745e+18
f5aeacca-71ae-456a-9053-683be52add2b,1.7773410883835164e+18
f5aeacca-71ae-456a-9053-683be52add2b,1.7773410884168594e+18
f5aeacca-71ae-456a-9053-683be52add2b,1.7773410884502013e+18
f5aeacca-71ae-456a-9053-683be52add2b,1.7773410884835433e+18
f5aeacca-71ae-456a-9053-683be52add2b,1.7773410885168863e+18
f5aeacca-71ae-456a-9053-683be52add2b,1.7773410885502282e+18
f5aeacca-71ae-456a-9053-683be52add2b,1.7773410885835715e+18
f5aeacca-71ae-456a-9053-683be52add2b,1.7773410886169134e+18
f5aeacca-71ae-456a-9053-683be52add2b,1.7773410886502564e+18
f5aeacca-71ae-456a-9053-683be52add2b,1.7773410886835983e+18
f5aeacca-71ae-456a-9053-683be52add2b,1.7773410887169413e+18
f5aeacca-71ae-456a-9053-683be52add2b,1.7773410887502833e+18
f5aeacca-71ae-456a-9053-683be52add2b,1.7773410887836252e+18
f5aeacca-71ae-456a-9053-683be52add2b,1.7773410888169684e+18
f5aeacca-71ae-456a-9053-683be52add2b,1.7773410888503104e+18
f5aeacca-71ae-456a-9053-683be52add2b,1.7773410888836534e+18
f5aeacca-71ae-456a-9053-683be52add2b,1.7773410889169953e+18
f5aeacca-71ae-456a-9053-683be52add2b,1.7773410889503383e+18
f5aeacca-71ae-456a-9053-683be52add2b,1.7773410889836803e+18
f5aeacca-71ae-456a-9053-683be52add2b,1.7773410890170232e+18
f5aeacca-71ae-456a-9053-683be52add2b,1.7773410890503654e+18
f5aeacca-71ae-456a-9053-683be52add2b,1.7773410890837084e+18
f5aeacca-71ae-456a-9053-683be52add2b,1.7773410891170504e+18
f5aeacca-71ae-456a-9053-683be52add2b,1.7773410891503923e+18
f5aeacca-71ae-456a-9053-683be52add2b,1.7773410891837353e+18
f5aeacca-71ae-456a-9053-683be52add2b,1.7773410892170772e+18
f5aeacca-71ae-456a-9053-683be52add2b,1.7773410892504202e+18
f5aeacca-71ae-456a-9053-683be52add2b,1.7773410892837624e+18
f5aeacca-71ae-456a-9053-683be52add2b,1.7773410893171054e+18
f5aeacca-71ae-456a-9053-683be52add2b,1.7773410893504474e+18
f5aeacca-71ae-456a-9053-683be52add2b,1.7773410893837893e+18
f5aeacca-71ae-456a-9053-683be52add2b,1.7773410894171323e+18
f5aeacca-71ae-456a-9053-683be52add2b,1.7773410894504742e+18
f5aeacca-71ae-456a-9053-683be52add2b,1.7773410894838172e+18
f5aeacca-71ae-456a-9053-683be52add2b,1.7773410895171594e+18
f5aeacca-71ae-456a-9053-683be52add2b,1.7773410895505024e+18
f5aeacca-71ae-456a-9053-683be52add2b,1.7773410895838444e+18
f5aeacca-71ae-456a-9053-683be52add2b,1.7773410896171873e+18
f5aeacca-71ae-456a-9053-683be52add2b,1.7773410896505293e+18
f5aeacca-71ae-456a-9053-683be52add2b,1.7773410896838723e+18
f5aeacca-71ae-456a-9053-683be52add2b,1.7773410897172145e+18
f5aeacca-71ae-456a-9053-683be52add2b,1.7773410897505564e+18
f5aeacca-71ae-456a-9053-683be52add2b,1.7773410897838994e+18
f5aeacca-71ae-456a-9053-683be52add2b,1.7773410898172413e+18
f5aeacca-71ae-456a-9053-683be52add2b,1.7773410898505843e+18
f5aeacca-71ae-456a-9053-683be52add2b,1.7773410898839263e+18
f5aeacca-71ae-456a-9053-683be52add2b,1.7773410899172692e+18
f5aeacca-71ae-456a-9053-683be52add2b,1.7773410899506115e+18
f5aeacca-71ae-456a-9053-683be52add2b,1.7773410899839544e+18
f5aeacca-71ae-456a-9053-683be52add2b,1.7773410900172964e+18
f5aeacca-71ae-456a-9053-683be52add2b,1.7773410900506383e+18
f5aeacca-71ae-456a-9053-683be52add2b,1.7773410900839813e+18
f5aeacca-71ae-456a-9053-683be52add2b,1.7773410901173233e+18
f5aeacca-71ae-456a-9053-683be52add2b,1.7773410901506662e+18
f5aeacca-71ae-456a-9053-683be52add2b,1.7773410901840084e+18
f5aeacca-71ae-456a-9053-683be52add2b,1.7773410902173514e+18
f5aeacca-71ae-456a-9053-683be52add2b,1.7773410902506934e+18
f5aeacca-71ae-456a-9053-683be52add2b,1.7773410902840364e+18
f5aeacca-71ae-456a-9053-683be52add2b,1.7773410903173783e+18
f5aeacca-71ae-456a-9053-683be52add2b,1.7773410903507203e+18
f5aeacca-71ae-456a-9053-683be52add2b,1.7773410903840632e+18
f5aeacca-71ae-456a-9053-683be52add2b,1.7773410904174054e+18
f5aeacca-71ae-456a-9053-683be52add2b,1.7773410904507484e+18
f5aeacca-71ae-456a-9053-683be52add2b,1.7773410904840904e+18
f5aeacca-71ae-456a-9053-683be52add2b,1.7773410905174333e+18
f5aeacca-71ae-456a-9053-683be52add2b,1.7773410905507753e+18
f5aeacca-71ae-456a-9053-683be52add2b,1.7773410905841183e+18
f5aeacca-71ae-456a-9053-683be52add2b,1.7773410906174602e+18
f5aeacca-71ae-456a-9053-683be52add2b,1.7773410906508024e+18
f5aeacca-71ae-456a-9053-683be52add2b,1.7773410906841454e+18
f5aeacca-71ae-456a-9053-683be52add2b,1.7773410907174874e+18
f5aeacca-71ae-456a-9053-683be52add2b,1.7773410907508303e+18
f5aeacca-71ae-456a-9053-683be52add2b,1.7773410907841723e+18
f5aeacca-71ae-456a-9053-683be52add2b,1.7773410908175153e+18
f5aeacca-71ae-456a-9053-683be52add2b,1.7773410908508572e+18
f5aeacca-71ae-456a-9053-683be52add2b,1.7773410908842004e+18
f5aeacca-71ae-456a-9053-683be52add2b,1.7773410909175424e+18
f5aeacca-71ae-456a-9053-683be52add2b,1.7773410909508854e+18
f5aeacca-71ae-456a-9053-683be52add2b,1.7773410909842273e+18
f5aeacca-71ae-456a-9053-683be52add2b,1.7773410910175693e+18
f5aeacca-71ae-456a-9053-683be52add2b,1.7773410910509123e+18
f5aeacca-71ae-456a-9053-683be52add2b,1.7773410910842545e+18
f5aeacca-71ae-456a-9053-683be52add2b,1.7773410911175974e+18
f5aeacca-71ae-456a-9053-683be52add2b,1.7773410911509394e+18
f5aeacca-71ae-456a-9053-683be52add2b,1.7773410911842824e+18
f5aeacca-71ae-456a-9053-683be52add2b,1.7773410912176243e+18
f5aeacca-71ae-456a-9053-683be52add2b,1.7773410912509663e+18
f5aeacca-71ae-456a-9053-683be52add2b,1.7773410912843092e+18
f5aeacca-71ae-456a-9053-683be52add2b,1.7773410913176515e+18
f5aeacca-71ae-456a-9053-683be52add2b,1.7773410913509944e+18
f5aeacca-71ae-456a-9053-683be52add2b,1.7773410913843364e+18
f5aeacca-71ae-456a-9053-683be52add2b,1.7773410914176794e+18
f5aeacca-71ae-456a-9053-683be52add2b,1.7773410914510213e+18
f5aeacca-71ae-456a-9053-683be52add2b,1.7773410914843643e+18
f5aeacca-71ae-456a-9053-683be52add2b,1.7773410915177062e+18
f5aeacca-71ae-456a-9053-683be52add2b,1.7773410915510492e+18
f5aeacca-71ae-456a-9053-683be52add2b,1.7773410915843914e+18
f5aeacca-71ae-456a-9053-683be52add2b,1.7773410916177334e+18
f5aeacca-71ae-456a-9053-683be52add2b,1.7773410916510764e+18
f5aeacca-71ae-456a-9053-683be52add2b,1.7773410916844183e+18
f5aeacca-71ae-456a-9053-683be52add2b,1.7773410917177613e+18
f5aeacca-71ae-456a-9053-683be52add2b,1.7773410917511032e+18
f5aeacca-71ae-456a-9053-683be52add2b,1.7773410917844465e+18
f5aeacca-71ae-456a-9053-683be52add2b,1.7773410918177884e+18
f5aeacca-71ae-456a-9053-683be52add2b,1.7773410918511314e+18
f5aeacca-71ae-456a-9053-683be52add2b,1.7773410918844733e+18
f5aeacca-71ae-456a-9053-683be52add2b,1.7773410919178153e+18
f5aeacca-71ae-456a-9053-683be52add2b,1.7773410919511583e+18
f5aeacca-71ae-456a-9053-683be52add2b,1.7773410919845002e+18
f5aeacca-71ae-456a-9053-683be52add2b,1.7773410920178435e+18
f5aeacca-71ae-456a-9053-683be52add2b,1.7773410920511854e+18
f5aeacca-71ae-456a-9053-683be52add2b,1.7773410920845284e+18
f5aeacca-71ae-456a-9053-683be52add2b,1.7773410921178703e+18
f5aeacca-71ae-456a-9053-683be52add2b,1.7773410921512133e+18
f5aeacca-71ae-456a-9053-683be52add2b,1.7773410921845553e+18
f5aeacca-71ae-456a-9053-683be52add2b,1.7773410922178972e+18
f5aeacca-71ae-456a-9053-683be52add2b,1.7773410922512404e+18
f5aeacca-71ae-456a-9053-683be52add2b,1.7773410922845824e+18
f5aeacca-71ae-456a-9053-683be52add2b,1.7773410923179254e+18
f5aeacca-71ae-456a-9053-683be52add2b,1.7773410923512673e+18
f5aeacca-71ae-456a-9053-683be52add2b,1.7773410923846103e+18
f5aeacca-71ae-456a-9053-683be52add2b,1.7773410924179523e+18
f5aeacca-71ae-456a-9053-683be52add2b,1.7773410924512952e+18
f5aeacca-71ae-456a-9053-683be52add2b,1.7773410924846374e+18
f5aeacca-71ae-456a-9053-683be52add2b,1.7773410925179794e+18
f5aeacca-71ae-456a-9053-683be52add2b,1.7773410925513224e+18
f5aeacca-71ae-456a-9053-683be52add2b,1.7773410925846643e+18
f5aeacca-71ae-456a-9053-683be52add2b,1.7773410926180073e+18
f5aeacca-71ae-456a-9053-683be52add2b,1.7773410926513492e+18
f5aeacca-71ae-456a-9053-683be52add2b,1.7773410926846922e+18
f5aeacca-71ae-456a-9053-683be52add2b,1.7773410927180344e+18
f5aeacca-71ae-456a-9053-683be52add2b,1.7773410927513774e+18
f5aeacca-71ae-456a-9053-683be52add2b,1.7773410927847194e+18
f5aeacca-71ae-456a-9053-683be52add2b,1.7773410928180623e+18
f5aeacca-71ae-456a-9053-683be52add2b,1.7773410928514043e+18
f5aeacca-71ae-456a-9053-683be52add2b,1.7773410928847462e+18
f5aeacca-71ae-456a-9053-683be52add2b,1.7773410929180892e+18
f5aeacca-71ae-456a-9053-683be52add2b,1.7773410929514314e+18
f5aeacca-71ae-456a-9053-683be52add2b,1.7773410929847744e+18
f5aeacca-71ae-456a-9053-683be52add2b,1.7773410930181164e+18
f5aeacca-71ae-456a-9053-683be52add2b,1.7773410930514593e+18
f5aeacca-71ae-456a-9053-683be52add2b,1.7773410930848013e+18
f5aeacca-71ae-456a-9053-683be52add2b,1.7773410931181443e+18
f5aeacca-71ae-456a-9053-683be52add2b,1.7773410931514865e+18
f5aeacca-71ae-456a-9053-683be52add2b,1.7773410931848284e+18
f5aeacca-71ae-456a-9053-683be52add2b,1.7773410932181714e+18
f5aeacca-71ae-456a-9053-683be52add2b,1.7773410932515133e+18
f5aeacca-71ae-456a-9053-683be52add2b,1.7773410932848563e+18
f5aeacca-71ae-456a-9053-683be52add2b,1.7773410933181983e+18
f5aeacca-71ae-456a-9053-683be52add2b,1.7773410933515412e+18
f5aeacca-71ae-456a-9053-683be52add2b,1.7773410933848835e+18
f5aeacca-71ae-456a-9053-683be52add2b,1.7773410934182264e+18
f5aeacca-71ae-456a-9053-683be52add2b,1.7773410934515684e+18
f5aeacca-71ae-456a-9053-683be52add2b,1.7773410934849103e+18
f5aeacca-71ae-456a-9053-683be52add2b,1.7773410935182533e+18
f5aeacca-71ae-456a-9053-683be52add2b,1.7773410935515953e+18
f5aeacca-71ae-456a-9053-683be52add2b,1.7773410935849382e+18
f5aeacca-71ae-456a-9053-683be52add2b,1.7773410936182804e+18
f5aeacca-71ae-456a-9053-683be52add2b,1.7773410936516234e+18
f5aeacca-71ae-456a-9053-683be52add2b,1.7773410936849654e+18
f5aeacca-71ae-456a-9053-683be52add2b,1.7773410937183084e+18
f5aeacca-71ae-456a-9053-683be52add2b,1.7773410937516503e+18
f5aeacca-71ae-456a-9053-683be52add2b,1.7773410937849923e+18
f5aeacca-71ae-456a-9053-683be52add2b,1.7773410938183352e+18
f5aeacca-71ae-456a-9053-683be52add2b,1.7773410938516774e+18
f5aeacca-71ae-456a-9053-683be52add2b,1.7773410938850204e+18
f5aeacca-71ae-456a-9053-683be52add2b,1.7773410939183624e+18
f5aeacca-71ae-456a-9053-683be52add2b,1.7773410939517053e+18
f5aeacca-71ae-456a-9053-683be52add2b,1.7773410939850473e+18
f5aeacca-71ae-456a-9053-683be52add2b,1.7773410940183903e+18
f5aeacca-71ae-456a-9053-683be52add2b,1.7773410940517322e+18
f5aeacca-71ae-456a-9053-683be52add2b,1.7773410940850744e+18
f5aeacca-71ae-456a-9053-683be52add2b,1.7773410941184174e+18
f5aeacca-71ae-456a-9053-683be52add2b,1.7773410941517594e+18
f5aeacca-71ae-456a-9053-683be52add2b,1.7773410941851023e+18
f5aeacca-71ae-456a-9053-683be52add2b,1.7773410942184443e+18
f5aeacca-71ae-456a-9053-683be52add2b,1.7773410942517873e+18
f5aeacca-71ae-456a-9053-683be52add2b,1.7773410942851292e+18
f5aeacca-71ae-456a-9053-683be52add2b,1.7773410943184724e+18
f5aeacca-71ae-456a-9053-683be52add2b,1.7773410943518144e+18
f5aeacca-71ae-456a-9053-683be52add2b,1.7773410943851564e+18
f5aeacca-71ae-456a-9053-683be52add2b,1.7773410944184993e+18
f5aeacca-71ae-456a-9053-683be52add2b,1.7773410944518413e+18
f5aeacca-71ae-456a-9053-683be52add2b,1.7773410944851843e+18
f5aeacca-71ae-456a-9053-683be52add2b,1.7773410945185265e+18
f5aeacca-71ae-456a-9053-683be52add2b,1.7773410945518694e+18
f5aeacca-71ae-456a-9053-683be52add2b,1.7773410945852114e+18
f5aeacca-71ae-456a-9053-683be52add2b,1.7773410946185544e+18
f5aeacca-71ae-456a-9053-683be52add2b,1.7773410946518963e+18
f5aeacca-71ae-456a-9053-683be52add2b,1.7773410946852393e+18
f5aeacca-71ae-456a-9053-683be52add2b,1.7773410947185812e+18
f5aeacca-71ae-456a-9053-683be52add2b,1.7773410947519235e+18
f5aeacca-71ae-456a-9053-683be52add2b,1.7773410947852664e+18
f5aeacca-71ae-456a-9053-683be52add2b,1.7773410948186084e+18
f5aeacca-71ae-456a-9053-683be52add2b,1.7773410948519514e+18
f5aeacca-71ae-456a-9053-683be52add2b,1.7773410948852933e+18
f5aeacca-71ae-456a-9053-683be52add2b,1.7773410949186363e+18
f5aeacca-71ae-456a-9053-683be52add2b,1.7773410949519782e+18
f5aeacca-71ae-456a-9053-683be52add2b,1.7773410949853212e+18
f5aeacca-71ae-456a-9053-683be52add2b,1.7773410950186634e+18
f5aeacca-71ae-456a-9053-683be52add2b,1.7773410950520054e+18
f5aeacca-71ae-456a-9053-683be52add2b,1.7773410950853484e+18
f5aeacca-71ae-456a-9053-683be52add2b,1.7773410951186903e+18
f5aeacca-71ae-456a-9053-683be52add2b,1.7773410951520333e+18
f5aeacca-71ae-456a-9053-683be52add2b,1.7773410951853752e+18
f5aeacca-71ae-456a-9053-683be52add2b,1.7773410952187185e+18
f5aeacca-71ae-456a-9053-683be52add2b,1.7773410952520604e+18
f5aeacca-71ae-456a-9053-683be52add2b,1.7773410952854034e+18
f5aeacca-71ae-456a-9053-683be52add2b,1.7773410953187453e+18
f5aeacca-71ae-456a-9053-683be52add2b,1.7773410953520873e+18
f5aeacca-71ae-456a-9053-683be52add2b,1.7773410953854303e+18
f5aeacca-71ae-456a-9053-683be52add2b,1.7773410954187722e+18
f5aeacca-71ae-456a-9053-683be52add2b,1.7773410954521155e+18
f5aeacca-71ae-456a-9053-683be52add2b,1.7773410954854574e+18
f5aeacca-71ae-456a-9053-683be52add2b,1.7773410955188004e+18
f5aeacca-71ae-456a-9053-683be52add2b,1.7773410955521423e+18
f5aeacca-71ae-456a-9053-683be52add2b,1.7773410955854853e+18
f5aeacca-71ae-456a-9053-683be52add2b,1.7773410956188273e+18
f5aeacca-71ae-456a-9053-683be52add2b,1.7773410956521702e+18
f5aeacca-71ae-456a-9053-683be52add2b,1.7773410956855124e+18
f5aeacca-71ae-456a-9053-683be52add2b,1.7773410957188544e+18
f5aeacca-71ae-456a-9053-683be52add2b,1.7773410957521974e+18
f5aeacca-71ae-456a-9053-683be52add2b,1.7773410957855393e+18
f5aeacca-71ae-456a-9053-683be52add2b,1.7773410958188823e+18
f5aeacca-71ae-456a-9053-683be52add2b,1.7773410958522243e+18
f5aeacca-71ae-456a-9053-683be52add2b,1.7773410958855672e+18
f5aeacca-71ae-456a-9053-683be52add2b,1.7773410959189094e+18
f5aeacca-71ae-456a-9053-683be52add2b,1.7773410959522524e+18
f5aeacca-71ae-456a-9053-683be52add2b,1.7773410959855944e+18
f5aeacca-71ae-456a-9053-683be52add2b,1.7773410960189363e+18
f5aeacca-71ae-456a-9053-683be52add2b,1.7773410960522793e+18
f5aeacca-71ae-456a-9053-683be52add2b,1.7773410960856212e+18
f5aeacca-71ae-456a-9053-683be52add2b,1.7773410961189642e+18
f5aeacca-71ae-456a-9053-683be52add2b,1.7773410961523064e+18
f5aeacca-71ae-456a-9053-683be52add2b,1.7773410961856494e+18
f5aeacca-71ae-456a-9053-683be52add2b,1.7773410962189914e+18
f5aeacca-71ae-456a-9053-683be52add2b,1.7773410962523343e+18
f5aeacca-71ae-456a-9053-683be52add2b,1.7773410962856763e+18
f5aeacca-71ae-456a-9053-683be52add2b,1.7773410963190182e+18
f5aeacca-71ae-456a-9053-683be52add2b,1.7773410963523612e+18
f5aeacca-71ae-456a-9053-683be52add2b,1.7773410963857034e+18
f5aeacca-71ae-456a-9053-683be52add2b,1.7773410964190464e+18
f5aeacca-71ae-456a-9053-683be52add2b,1.7773410964523884e+18
f5aeacca-71ae-456a-9053-683be52add2b,1.7773410964857313e+18
f5aeacca-71ae-456a-9053-683be52add2b,1.7773410965190733e+18
f5aeacca-71ae-456a-9053-683be52add2b,1.7773410965524163e+18
f5aeacca-71ae-456a-9053-683be52add2b,1.7773410965857585e+18
f5aeacca-71ae-456a-9053-683be52add2b,1.7773410966191004e+18
f5aeacca-71ae-456a-9053-683be52add2b,1.7773410966524434e+18
f5aeacca-71ae-456a-9053-683be52add2b,1.7773410966857853e+18
f5aeacca-71ae-456a-9053-683be52add2b,1.7773410967191283e+18
f5aeacca-71ae-456a-9053-683be52add2b,1.7773410967524703e+18
f5aeacca-71ae-456a-9053-683be52add2b,1.7773410967858132e+18
f5aeacca-71ae-456a-9053-683be52add2b,1.7773410968191555e+18
f5aeacca-71ae-456a-9053-683be52add2b,1.7773410968524984e+18
f5aeacca-71ae-456a-9053-683be52add2b,1.7773410968858404e+18
f5aeacca-71ae-456a-9053-683be52add2b,1.7773410969191823e+18
f5aeacca-71ae-456a-9053-683be52add2b,1.7773410969525253e+18
f5aeacca-71ae-456a-9053-683be52add2b,1.7773410969858673e+18
f5aeacca-71ae-456a-9053-683be52add2b,1.7773410970192102e+18
f5aeacca-71ae-456a-9053-683be52add2b,1.7773410970525524e+18
f5aeacca-71ae-456a-9053-683be52add2b,1.7773410970858954e+18
f5aeacca-71ae-456a-9053-683be52add2b,1.7773410971192374e+18
f5aeacca-71ae-456a-9053-683be52add2b,1.7773410971525804e+18
f5aeacca-71ae-456a-9053-683be52add2b,1.7773410971859223e+18
f5aeacca-71ae-456a-9053-683be52add2b,1.7773410972192653e+18
f5aeacca-71ae-456a-9053-683be52add2b,1.7773410972526072e+18
f5aeacca-71ae-456a-9053-683be52add2b,1.7773410972859494e+18
f5aeacca-71ae-456a-9053-683be52add2b,1.7773410973192924e+18
f5aeacca-71ae-456a-9053-683be52add2b,1.7773410973526344e+18
f5aeacca-71ae-456a-9053-683be52add2b,1.7773410973859773e+18
f5aeacca-71ae-456a-9053-683be52add2b,1.7773410974193193e+18
f5aeacca-71ae-456a-9053-683be52add2b,1.7773410974526623e+18
f5aeacca-71ae-456a-9053-683be52add2b,1.7773410974860042e+18
f5aeacca-71ae-456a-9053-683be52add2b,1.7773410975193464e+18
f5aeacca-71ae-456a-9053-683be52add2b,1.7773410975526894e+18
f5aeacca-71ae-456a-9053-683be52add2b,1.7773410975860314e+18
f5aeacca-71ae-456a-9053-683be52add2b,1.7773410976193743e+18
f5aeacca-71ae-456a-9053-683be52add2b,1.7773410976527163e+18
f5aeacca-71ae-456a-9053-683be52add2b,1.7773410976860593e+18
f5aeacca-71ae-456a-9053-683be52add2b,1.7773410977194012e+18
f5aeacca-71ae-456a-9053-683be52add2b,1.7773410977527444e+18
f5aeacca-71ae-456a-9053-683be52add2b,1.7773410977860864e+18
f5aeacca-71ae-456a-9053-683be52add2b,1.7773410978194294e+18
f5aeacca-71ae-456a-9053-683be52add2b,1.7773410978527713e+18
f5aeacca-71ae-456a-9053-683be52add2b,1.7773410978861133e+18
f5aeacca-71ae-456a-9053-683be52add2b,1.7773410979194563e+18
f5aeacca-71ae-456a-9053-683be52add2b,1.7773410979527985e+18
f5aeacca-71ae-456a-9053-683be52add2b,1.7773410979861414e+18
f5aeacca-71ae-456a-9053-683be52add2b,1.7773410980194834e+18
f5aeacca-71ae-456a-9053-683be52add2b,1.7773410980528264e+18
f5aeacca-71ae-456a-9053-683be52add2b,1.7773410980861683e+18
f5aeacca-71ae-456a-9053-683be52add2b,1.7773410981195113e+18
f5aeacca-71ae-456a-9053-683be52add2b,1.7773410981528532e+18
f5aeacca-71ae-456a-9053-683be52add2b,1.7773410981861955e+18
f5aeacca-71ae-456a-9053-683be52add2b,1.7773410982195384e+18
f5aeacca-71ae-456a-9053-683be52add2b,1.7773410982528804e+18
f5aeacca-71ae-456a-9053-683be52add2b,1.7773410982862234e+18
f5aeacca-71ae-456a-9053-683be52add2b,1.7773410983195653e+18
f5aeacca-71ae-456a-9053-683be52add2b,1.7773410983529083e+18
f5aeacca-71ae-456a-9053-683be52add2b,1.7773410983862502e+18
f5aeacca-71ae-456a-9053-683be52add2b,1.7773410984195932e+18
f5aeacca-71ae-456a-9053-683be52add2b,1.7773410984529354e+18
f5aeacca-71ae-456a-9053-683be52add2b,1.7773410984862774e+18
f5aeacca-71ae-456a-9053-683be52add2b,1.7773410985196204e+18
f5aeacca-71ae-456a-9053-683be52add2b,1.7773410985529623e+18
f5aeacca-71ae-456a-9053-683be52add2b,1.7773410985863053e+18
f5aeacca-71ae-456a-9053-683be52add2b,1.7773410986196472e+18
f5aeacca-71ae-456a-9053-683be52add2b,1.7773410986529905e+18
f5aeacca-71ae-456a-9053-683be52add2b,1.7773410986863324e+18
f5aeacca-71ae-456a-9053-683be52add2b,1.7773410987196754e+18
f5aeacca-71ae-456a-9053-683be52add2b,1.7773410987530173e+18
f5aeacca-71ae-456a-9053-683be52add2b,1.7773410987863593e+18
f5aeacca-71ae-456a-9053-683be52add2b,1.7773410988197023e+18
f5aeacca-71ae-456a-9053-683be52add2b,1.7773410988530442e+18
f5aeacca-71ae-456a-9053-683be52add2b,1.7773410988863875e+18
f5aeacca-71ae-456a-9053-683be52add2b,1.7773410989197294e+18
f5aeacca-71ae-456a-9053-683be52add2b,1.7773410989530724e+18
f5aeacca-71ae-456a-9053-683be52add2b,1.7773410989864143e+18
f5aeacca-71ae-456a-9053-683be52add2b,1.7773410990197573e+18
f5aeacca-71ae-456a-9053-683be52add2b,1.7773410990530993e+18
f5aeacca-71ae-456a-9053-683be52add2b,1.7773410990864422e+18
f5aeacca-71ae-456a-9053-683be52add2b,1.7773410991197844e+18
f5aeacca-71ae-456a-9053-683be52add2b,1.7773410991531264e+18
f5aeacca-71ae-456a-9053-683be52add2b,1.7773410991864694e+18
f5aeacca-71ae-456a-9053-683be52add2b,1.7773410992198113e+18
f5aeacca-71ae-456a-9053-683be52add2b,1.7773410992531543e+18
f5aeacca-71ae-456a-9053-683be52add2b,1.7773410992864963e+18
f5aeacca-71ae-456a-9053-683be52add2b,1.7773410993198392e+18
f5aeacca-71ae-456a-9053-683be52add2b,1.7773410993531814e+18
f5aeacca-71ae-456a-9053-683be52add2b,1.7773410993865234e+18
f5aeacca-71ae-456a-9053-683be52add2b,1.7773410994198664e+18
f5aeacca-71ae-456a-9053-683be52add2b,1.7773410994532083e+18
f5aeacca-71ae-456a-9053-683be52add2b,1.7773410994865513e+18
f5aeacca-71ae-456a-9053-683be52add2b,1.7773410995198932e+18
f5aeacca-71ae-456a-9053-683be52add2b,1.7773410995532362e+18
f5aeacca-71ae-456a-9053-683be52add2b,1.7773410995865784e+18
f5aeacca-71ae-456a-9053-683be52add2b,1.7773410996199214e+18
f5aeacca-71ae-456a-9053-683be52add2b,1.7773410996532634e+18
f5aeacca-71ae-456a-9053-683be52add2b,1.7773410996866063e+18
f5aeacca-71ae-456a-9053-683be52add2b,1.7773410997199483e+18
f5aeacca-71ae-456a-9053-683be52add2b,1.7773410997532902e+18
f5aeacca-71ae-456a-9053-683be52add2b,1.7773410997866332e+18
f5aeacca-71ae-456a-9053-683be52add2b,1.7773410998199754e+18
f5aeacca-71ae-456a-9053-683be52add2b,1.7773410998533184e+18
f5aeacca-71ae-456a-9053-683be52add2b,1.7773410998866604e+18
f5aeacca-71ae-456a-9053-683be52add2b,1.7773410999200033e+18
f5aeacca-71ae-456a-9053-683be52add2b,1.7773410999533453e+18
f5aeacca-71ae-456a-9053-683be52add2b,1.7773410999866883e+18
f5aeacca-71ae-456a-9053-683be52add2b,1.7773411000200305e+18
f5aeacca-71ae-456a-9053-683be52add2b,1.7773411000533724e+18
f5aeacca-71ae-456a-9053-683be52add2b,1.7773411000867154e+18
f5aeacca-71ae-456a-9053-683be52add2b,1.7773411001200573e+18
f5aeacca-71ae-456a-9053-683be52add2b,1.7773411001534003e+18
f5aeacca-71ae-456a-9053-683be52add2b,1.7773411001867423e+18
f5aeacca-71ae-456a-9053-683be52add2b,1.7773411002200852e+18
f5aeacca-71ae-456a-9053-683be52add2b,1.7773411002534275e+18
f5aeacca-71ae-456a-9053-683be52add2b,1.7773411002867704e+18
f5aeacca-71ae-456a-9053-683be52add2b,1.7773411003201124e+18
f5aeacca-71ae-456a-9053-683be52add2b,1.7773411003534543e+18
f5aeacca-71ae-456a-9053-683be52add2b,1.7773411003867973e+18
f5aeacca-71ae-456a-9053-683be52add2b,1.7773411004201393e+18
f5aeacca-71ae-456a-9053-683be52add2b,1.7773411004534822e+18
f5aeacca-71ae-456a-9053-683be52add2b,1.7773411004868244e+18
f5aeacca-71ae-456a-9053-683be52add2b,1.7773411005201674e+18
f5aeacca-71ae-456a-9053-683be52add2b,1.7773411005535094e+18
f5aeacca-71ae-456a-9053-683be52add2b,1.7773411005868524e+18
f5aeacca-71ae-456a-9053-683be52add2b,1.7773411006201943e+18
f5aeacca-71ae-456a-9053-683be52add2b,1.7773411006535363e+18
f5aeacca-71ae-456a-9053-683be52add2b,1.7773411006868792e+18
f5aeacca-71ae-456a-9053-683be52add2b,1.7773411007202214e+18
f5aeacca-71ae-456a-9053-683be52add2b,1.7773411007535644e+18
f5aeacca-71ae-456a-9053-683be52add2b,1.7773411007869064e+18
f5aeacca-71ae-456a-9053-683be52add2b,1.7773411008202493e+18
f5aeacca-71ae-456a-9053-683be52add2b,1.7773411008535913e+18
f5aeacca-71ae-456a-9053-683be52add2b,1.7773411008869343e+18
f5aeacca-71ae-456a-9053-683be52add2b,1.7773411009202762e+18
f5aeacca-71ae-456a-9053-683be52add2b,1.7773411009536195e+18
f5aeacca-71ae-456a-9053-683be52add2b,1.7773411009869614e+18
f5aeacca-71ae-456a-9053-683be52add2b,1.7773411010203034e+18
f5aeacca-71ae-456a-9053-683be52add2b,1.7773411010536463e+18
f5aeacca-71ae-456a-9053-683be52add2b,1.7773411010869883e+18
f5aeacca-71ae-456a-9053-683be52add2b,1.7773411011203313e+18
f5aeacca-71ae-456a-9053-683be52add2b,1.7773411011536732e+18
f5aeacca-71ae-456a-9053-683be52add2b,1.7773411011870164e+18
f5aeacca-71ae-456a-9053-683be52add2b,1.7773411012203584e+18
f5aeacca-71ae-456a-9053-683be52add2b,1.7773411012537004e+18
f5aeacca-71ae-456a-9053-683be52add2b,1.7773411012870433e+18
f5aeacca-71ae-456a-9053-683be52add2b,1.7773411013203853e+18
f5aeacca-71ae-456a-9053-683be52add2b,1.7773411013537283e+18
f5aeacca-71ae-456a-9053-683be52add2b,1.7773411013870705e+18
f5aeacca-71ae-456a-9053-683be52add2b,1.7773411014204134e+18
f5aeacca-71ae-456a-9053-683be52add2b,1.7773411014537554e+18
f5aeacca-71ae-456a-9053-683be52add2b,1.7773411014870984e+18
f5aeacca-71ae-456a-9053-683be52add2b,1.7773411015204403e+18
f5aeacca-71ae-456a-9053-683be52add2b,1.7773411015537833e+18
f5aeacca-71ae-456a-9053-683be52add2b,1.7773411015871252e+18
f5aeacca-71ae-456a-9053-683be52add2b,1.7773411016204675e+18
f5aeacca-71ae-456a-9053-683be52add2b,1.7773411016538104e+18
f5aeacca-71ae-456a-9053-683be52add2b,1.7773411016871524e+18
f5aeacca-71ae-456a-9053-683be52add2b,1.7773411017204954e+18
f5aeacca-71ae-456a-9053-683be52add2b,1.7773411017538373e+18
f5aeacca-71ae-456a-9053-683be52add2b,1.7773411017871803e+18
f5aeacca-71ae-456a-9053-683be52add2b,1.7773411018205222e+18
f5aeacca-71ae-456a-9053-683be52add2b,1.7773411018538652e+18
f5aeacca-71ae-456a-9053-683be52add2b,1.7773411018872074e+18
f5aeacca-71ae-456a-9053-683be52add2b,1.7773411019205494e+18
f5aeacca-71ae-456a-9053-683be52add2b,1.7773411019538924e+18
f5aeacca-71ae-456a-9053-683be52add2b,1.7773411019872343e+18
f5aeacca-71ae-456a-9053-683be52add2b,1.7773411020205773e+18
f5aeacca-71ae-456a-9053-683be52add2b,1.7773411020539192e+18
f5aeacca-71ae-456a-9053-683be52add2b,1.7773411020872625e+18
f5aeacca-71ae-456a-9053-683be52add2b,1.7773411021206044e+18
f5aeacca-71ae-456a-9053-683be52add2b,1.7773411021539474e+18
f5aeacca-71ae-456a-9053-683be52add2b,1.7773411021872893e+18
f5aeacca-71ae-456a-9053-683be52add2b,1.7773411022206313e+18
f5aeacca-71ae-456a-9053-683be52add2b,1.7773411022539743e+18
f5aeacca-71ae-456a-9053-683be52add2b,1.7773411022873162e+18
f5aeacca-71ae-456a-9053-683be52add2b,1.7773411023206595e+18
f5aeacca-71ae-456a-9053-683be52add2b,1.7773411023540014e+18
f5aeacca-71ae-456a-9053-683be52add2b,1.7773411023873444e+18
f5aeacca-71ae-456a-9053-683be52add2b,1.7773411024206863e+18
f5aeacca-71ae-456a-9053-683be52add2b,1.7773411024540293e+18
f5aeacca-71ae-456a-9053-683be52add2b,1.7773411024873713e+18
f5aeacca-71ae-456a-9053-683be52add2b,1.7773411025207132e+18
f5aeacca-71ae-456a-9053-683be52add2b,1.7773411025540564e+18
f5aeacca-71ae-456a-9053-683be52add2b,1.7773411025873984e+18
f5aeacca-71ae-456a-9053-683be52add2b,1.7773411026207414e+18
f5aeacca-71ae-456a-9053-683be52add2b,1.7773411026540833e+18
f5aeacca-71ae-456a-9053-683be52add2b,1.7773411026874263e+18
f5aeacca-71ae-456a-9053-683be52add2b,1.7773411027207683e+18
f5aeacca-71ae-456a-9053-683be52add2b,1.7773411027541112e+18
f5aeacca-71ae-456a-9053-683be52add2b,1.7773411027874534e+18
f5aeacca-71ae-456a-9053-683be52add2b,1.7773411028207964e+18
f5aeacca-71ae-456a-9053-683be52add2b,1.7773411028541384e+18
f5aeacca-71ae-456a-9053-683be52add2b,1.7773411028874803e+18
f5aeacca-71ae-456a-9053-683be52add2b,1.7773411029208233e+18
f5aeacca-71ae-456a-9053-683be52add2b,1.7773411029541652e+18
f5aeacca-71ae-456a-9053-683be52add2b,1.7773411029875082e+18
f5aeacca-71ae-456a-9053-683be52add2b,1.7773411030208504e+18
f5aeacca-71ae-456a-9053-683be52add2b,1.7773411030541934e+18
f5aeacca-71ae-456a-9053-683be52add2b,1.7773411030875354e+18
f5aeacca-71ae-456a-9053-683be52add2b,1.7773411031208783e+18
f5aeacca-71ae-456a-9053-683be52add2b,1.7773411031542203e+18
f5aeacca-71ae-456a-9053-683be52add2b,1.7773411031875622e+18
f5aeacca-71ae-456a-9053-683be52add2b,1.7773411032209052e+18
f5aeacca-71ae-456a-9053-683be52add2b,1.7773411032542474e+18
f5aeacca-71ae-456a-9053-683be52add2b,1.7773411032875904e+18
f5aeacca-71ae-456a-9053-683be52add2b,1.7773411033209324e+18
f5aeacca-71ae-456a-9053-683be52add2b,1.7773411033542753e+18
f5aeacca-71ae-456a-9053-683be52add2b,1.7773411033876173e+18
f5aeacca-71ae-456a-9053-683be52add2b,1.7773411034209603e+18
f5aeacca-71ae-456a-9053-683be52add2b,1.7773411034543025e+18
f5aeacca-71ae-456a-9053-683be52add2b,1.7773411034876444e+18
f5aeacca-71ae-456a-9053-683be52add2b,1.7773411035209874e+18
f5aeacca-71ae-456a-9053-683be52add2b,1.7773411035543293e+18
f5aeacca-71ae-456a-9053-683be52add2b,1.7773411035876723e+18
f5aeacca-71ae-456a-9053-683be52add2b,1.7773411036210143e+18
f5aeacca-71ae-456a-9053-683be52add2b,1.7773411036543572e+18
f5aeacca-71ae-456a-9053-683be52add2b,1.7773411036876995e+18
f5aeacca-71ae-456a-9053-683be52add2b,1.7773411037210424e+18
f5aeacca-71ae-456a-9053-683be52add2b,1.7773411037543844e+18
f5aeacca-71ae-456a-9053-683be52add2b,1.7773411037877263e+18
f5aeacca-71ae-456a-9053-683be52add2b,1.7773411038210693e+18
f5aeacca-71ae-456a-9053-683be52add2b,1.7773411038544113e+18
f5aeacca-71ae-456a-9053-683be52add2b,1.7773411038877542e+18
f5aeacca-71ae-456a-9053-683be52add2b,1.7773411039210964e+18
f5aeacca-71ae-456a-9053-683be52add2b,1.7773411039544394e+18
f5aeacca-71ae-456a-9053-683be52add2b,1.7773411039877814e+18
f5aeacca-71ae-456a-9053-683be52add2b,1.7773411040211244e+18
f5aeacca-71ae-456a-9053-683be52add2b,1.7773411040544663e+18
f5aeacca-71ae-456a-9053-683be52add2b,1.7773411040878083e+18
f5aeacca-71ae-456a-9053-683be52add2b,1.7773411041211512e+18
f5aeacca-71ae-456a-9053-683be52add2b,1.7773411041544934e+18
f5aeacca-71ae-456a-9053-683be52add2b,1.7773411041878364e+18
f5aeacca-71ae-456a-9053-683be52add2b,1.7773411042211784e+18
f5aeacca-71ae-456a-9053-683be52add2b,1.7773411042545213e+18
f5aeacca-71ae-456a-9053-683be52add2b,1.7773411042878633e+18
f5aeacca-71ae-456a-9053-683be52add2b,1.7773411043212063e+18
f5aeacca-71ae-456a-9053-683be52add2b,1.7773411043545482e+18
f5aeacca-71ae-456a-9053-683be52add2b,1.7773411043878904e+18
f5aeacca-71ae-456a-9053-683be52add2b,1.7773411044212334e+18
f5aeacca-71ae-456a-9053-683be52add2b,1.7773411044545754e+18
f5aeacca-71ae-456a-9053-683be52add2b,1.7773411044879183e+18
f5aeacca-71ae-456a-9053-683be52add2b,1.7773411045212603e+18
f5aeacca-71ae-456a-9053-683be52add2b,1.7773411045546033e+18
f5aeacca-71ae-456a-9053-683be52add2b,1.7773411045879452e+18
f5aeacca-71ae-456a-9053-683be52add2b,1.7773411046212884e+18
f5aeacca-71ae-456a-9053-683be52add2b,1.7773411046546304e+18
f5aeacca-71ae-456a-9053-683be52add2b,1.7773411046879734e+18
f5aeacca-71ae-456a-9053-683be52add2b,1.7773411047213153e+18
f5aeacca-71ae-456a-9053-683be52add2b,1.7773411047546573e+18
f5aeacca-71ae-456a-9053-683be52add2b,1.7773411047880003e+18
f5aeacca-71ae-456a-9053-683be52add2b,1.7773411048213425e+18
f5aeacca-71ae-456a-9053-683be52add2b,1.7773411048546854e+18
f5aeacca-71ae-456a-9053-683be52add2b,1.7773411048880274e+18
f5aeacca-71ae-456a-9053-683be52add2b,1.7773411049213704e+18
f5aeacca-71ae-456a-9053-683be52add2b,1.7773411049547123e+18
f5aeacca-71ae-456a-9053-683be52add2b,1.7773411049880553e+18
f5aeacca-71ae-456a-9053-683be52add2b,1.7773411050213972e+18
f5aeacca-71ae-456a-9053-683be52add2b,1.7773411050547395e+18
f5aeacca-71ae-456a-9053-683be52add2b,1.7773411050880824e+18
f5aeacca-71ae-456a-9053-683be52add2b,1.7773411051214244e+18
f5aeacca-71ae-456a-9053-683be52add2b,1.7773411051547674e+18
f5aeacca-71ae-456a-9053-683be52add2b,1.7773411051881093e+18
f5aeacca-71ae-456a-9053-683be52add2b,1.7773411052214523e+18
f5aeacca-71ae-456a-9053-683be52add2b,1.7773411052547942e+18
f5aeacca-71ae-456a-9053-683be52add2b,1.7773411052881372e+18
f5aeacca-71ae-456a-9053-683be52add2b,1.7773411053214794e+18
f5aeacca-71ae-456a-9053-683be52add2b,1.7773411053548214e+18
f5aeacca-71ae-456a-9053-683be52add2b,1.7773411053881644e+18
f5aeacca-71ae-456a-9053-683be52add2b,1.7773411054215063e+18
f5aeacca-71ae-456a-9053-683be52add2b,1.7773411054548493e+18
f5aeacca-71ae-456a-9053-683be52add2b,1.7773411054881912e+18
f5aeacca-71ae-456a-9053-683be52add2b,1.7773411055215345e+18
f5aeacca-71ae-456a-9053-683be52add2b,1.7773411055548764e+18
f5aeacca-71ae-456a-9053-683be52add2b,1.7773411055882194e+18
f5aeacca-71ae-456a-9053-683be52add2b,1.7773411056215613e+18
f5aeacca-71ae-456a-9053-683be52add2b,1.7773411056549033e+18
f5aeacca-71ae-456a-9053-683be52add2b,1.7773411056882463e+18
f5aeacca-71ae-456a-9053-683be52add2b,1.7773411057215882e+18
f5aeacca-71ae-456a-9053-683be52add2b,1.7773411057549315e+18
f5aeacca-71ae-456a-9053-683be52add2b,1.7773411057882734e+18
f5aeacca-71ae-456a-9053-683be52add2b,1.7773411058216164e+18
f5aeacca-71ae-456a-9053-683be52add2b,1.7773411058549583e+18
f5aeacca-71ae-456a-9053-683be52add2b,1.7773411058883013e+18
f5aeacca-71ae-456a-9053-683be52add2b,1.7773411059216433e+18
f5aeacca-71ae-456a-9053-683be52add2b,1.7773411059549852e+18
f5aeacca-71ae-456a-9053-683be52add2b,1.7773411059883284e+18
f5aeacca-71ae-456a-9053-683be52add2b,1.7773411060216704e+18
f5aeacca-71ae-456a-9053-683be52add2b,1.7773411060550134e+18
f5aeacca-71ae-456a-9053-683be52add2b,1.7773411060883553e+18
f5aeacca-71ae-456a-9053-683be52add2b,1.7773411061216983e+18
f5aeacca-71ae-456a-9053-683be52add2b,1.7773411061550403e+18
f5aeacca-71ae-456a-9053-683be52add2b,1.7773411061883832e+18
f5aeacca-71ae-456a-9053-683be52add2b,1.7773411062217254e+18
f5aeacca-71ae-456a-9053-683be52add2b,1.7773411062550674e+18
f5aeacca-71ae-456a-9053-683be52add2b,1.7773411062884104e+18
f5aeacca-71ae-456a-9053-683be52add2b,1.7773411063217523e+18
f5aeacca-71ae-456a-9053-683be52add2b,1.7773411063550953e+18
f5aeacca-71ae-456a-9053-683be52add2b,1.7773411063884372e+18
f5aeacca-71ae-456a-9053-683be52add2b,1.7773411064217802e+18
f5aeacca-71ae-456a-9053-683be52add2b,1.7773411064551224e+18
f5aeacca-71ae-456a-9053-683be52add2b,1.7773411064884654e+18
f5aeacca-71ae-456a-9053-683be52add2b,1.7773411065218074e+18
f5aeacca-71ae-456a-9053-683be52add2b,1.7773411065551503e+18
f5aeacca-71ae-456a-9053-683be52add2b,1.7773411065884923e+18
f5aeacca-71ae-456a-9053-683be52add2b,1.7773411066218342e+18
f5aeacca-71ae-456a-9053-683be52add2b,1.7773411066551772e+18
f5aeacca-71ae-456a-9053-683be52add2b,1.7773411066885194e+18
f5aeacca-71ae-456a-9053-683be52add2b,1.7773411067218624e+18
f5aeacca-71ae-456a-9053-683be52add2b,1.7773411067552044e+18
f5aeacca-71ae-456a-9053-683be52add2b,1.7773411067885473e+18
f5aeacca-71ae-456a-9053-683be52add2b,1.7773411068218893e+18
f5aeacca-71ae-456a-9053-683be52add2b,1.7773411068552312e+18
f5aeacca-71ae-456a-9053-683be52add2b,1.7773411068885745e+18
f5aeacca-71ae-456a-9053-683be52add2b,1.7773411069219164e+18
f5aeacca-71ae-456a-9053-683be52add2b,1.7773411069552594e+18
f5aeacca-71ae-456a-9053-683be52add2b,1.7773411069886013e+18
f5aeacca-71ae-456a-9053-683be52add2b,1.7773411070219443e+18
f5aeacca-71ae-456a-9053-683be52add2b,1.7773411070552863e+18
f5aeacca-71ae-456a-9053-683be52add2b,1.7773411070886292e+18
f5aeacca-71ae-456a-9053-683be52add2b,1.7773411071219715e+18
f5aeacca-71ae-456a-9053-683be52add2b,1.7773411071553144e+18
f5aeacca-71ae-456a-9053-683be52add2b,1.7773411071886564e+18
f5aeacca-71ae-456a-9053-683be52add2b,1.7773411072219983e+18
f5aeacca-71ae-456a-9053-683be52add2b,1.7773411072553413e+18
f5aeacca-71ae-456a-9053-683be52add2b,1.7773411072886833e+18
f5aeacca-71ae-456a-9053-683be52add2b,1.7773411073220262e+18
f5aeacca-71ae-456a-9053-683be52add2b,1.7773411073553684e+18
f5aeacca-71ae-456a-9053-683be52add2b,1.7773411073887114e+18
f5aeacca-71ae-456a-9053-683be52add2b,1.7773411074220534e+18
f5aeacca-71ae-456a-9053-683be52add2b,1.7773411074553964e+18
f5aeacca-71ae-456a-9053-683be52add2b,1.7773411074887383e+18
f5aeacca-71ae-456a-9053-683be52add2b,1.7773411075220803e+18
f5aeacca-71ae-456a-9053-683be52add2b,1.7773411075554232e+18
f5aeacca-71ae-456a-9053-683be52add2b,1.7773411075887654e+18
f5aeacca-71ae-456a-9053-683be52add2b,1.7773411076221084e+18
f5aeacca-71ae-456a-9053-683be52add2b,1.7773411076554504e+18
f5aeacca-71ae-456a-9053-683be52add2b,1.7773411076887933e+18
f5aeacca-71ae-456a-9053-683be52add2b,1.7773411077221353e+18
f5aeacca-71ae-456a-9053-683be52add2b,1.7773411077554783e+18
f5aeacca-71ae-456a-9053-683be52add2b,1.7773411077888202e+18
f5aeacca-71ae-456a-9053-683be52add2b,1.7773411078221624e+18
f5aeacca-71ae-456a-9053-683be52add2b,1.7773411078555054e+18
f5aeacca-71ae-456a-9053-683be52add2b,1.7773411078888474e+18
f5aeacca-71ae-456a-9053-683be52add2b,1.7773411079221903e+18
f5aeacca-71ae-456a-9053-683be52add2b,1.7773411079555323e+18
f5aeacca-71ae-456a-9053-683be52add2b,1.7773411079888753e+18
f5aeacca-71ae-456a-9053-683be52add2b,1.7773411080222172e+18
f5aeacca-71ae-456a-9053-683be52add2b,1.7773411080555604e+18
f5aeacca-71ae-456a-9053-683be52add2b,1.7773411080889024e+18
f5aeacca-71ae-456a-9053-683be52add2b,1.7773411081222444e+18
f5aeacca-71ae-456a-9053-683be52add2b,1.7773411081555873e+18
f5aeacca-71ae-456a-9053-683be52add2b,1.7773411081889293e+18
f5aeacca-71ae-456a-9053-683be52add2b,1.7773411082222723e+18
f5aeacca-71ae-456a-9053-683be52add2b,1.7773411082556145e+18
f5aeacca-71ae-456a-9053-683be52add2b,1.7773411082889574e+18
f5aeacca-71ae-456a-9053-683be52add2b,1.7773411083222994e+18
f5aeacca-71ae-456a-9053-683be52add2b,1.7773411083556424e+18
f5aeacca-71ae-456a-9053-683be52add2b,1.7773411083889843e+18
f5aeacca-71ae-456a-9053-683be52add2b,1.7773411084223273e+18
f5aeacca-71ae-456a-9053-683be52add2b,1.7773411084556692e+18
f5aeacca-71ae-456a-9053-683be52add2b,1.7773411084890115e+18
f5aeacca-71ae-456a-9053-683be52add2b,1.7773411085223544e+18
f5aeacca-71ae-456a-9053-683be52add2b,1.7773411085556964e+18
f5aeacca-71ae-456a-9053-683be52add2b,1.7773411085890394e+18
f5aeacca-71ae-456a-9053-683be52add2b,1.7773411086223813e+18
f5aeacca-71ae-456a-9053-683be52add2b,1.7773411086557243e+18
f5aeacca-71ae-456a-9053-683be52add2b,1.7773411086890662e+18
f5aeacca-71ae-456a-9053-683be52add2b,1.7773411087224084e+18
f5aeacca-71ae-456a-9053-683be52add2b,1.7773411087557514e+18
f5aeacca-71ae-456a-9053-683be52add2b,1.7773411087890934e+18
f5aeacca-71ae-456a-9053-683be52add2b,1.7773411088224364e+18
f5aeacca-71ae-456a-9053-683be52add2b,1.7773411088557783e+18
f5aeacca-71ae-456a-9053-683be52add2b,1.7773411088891213e+18
f5aeacca-71ae-456a-9053-683be52add2b,1.7773411089224632e+18
f5aeacca-71ae-456a-9053-683be52add2b,1.7773411089558065e+18
f5aeacca-71ae-456a-9053-683be52add2b,1.7773411089891484e+18
f5aeacca-71ae-456a-9053-683be52add2b,1.7773411090224914e+18
f5aeacca-71ae-456a-9053-683be52add2b,1.7773411090558333e+18
f5aeacca-71ae-456a-9053-683be52add2b,1.7773411090891753e+18
f5aeacca-71ae-456a-9053-683be52add2b,1.7773411091225183e+18
f5aeacca-71ae-456a-9053-683be52add2b,1.7773411091558602e+18
f5aeacca-71ae-456a-9053-683be52add2b,1.7773411091892035e+18
f5aeacca-71ae-456a-9053-683be52add2b,1.7773411092225454e+18
f5aeacca-71ae-456a-9053-683be52add2b,1.7773411092558884e+18
f5aeacca-71ae-456a-9053-683be52add2b,1.7773411092892303e+18
f5aeacca-71ae-456a-9053-683be52add2b,1.7773411093225733e+18
f5aeacca-71ae-456a-9053-683be52add2b,1.7773411093559153e+18
f5aeacca-71ae-456a-9053-683be52add2b,1.7773411093892572e+18
f5aeacca-71ae-456a-9053-683be52add2b,1.7773411094226004e+18
f5aeacca-71ae-456a-9053-683be52add2b,1.7773411094559424e+18
f5aeacca-71ae-456a-9053-683be52add2b,1.7773411094892854e+18
f5aeacca-71ae-456a-9053-683be52add2b,1.7773411095226273e+18
f5aeacca-71ae-456a-9053-683be52add2b,1.7773411095559703e+18
f5aeacca-71ae-456a-9053-683be52add2b,1.7773411095893123e+18
f5aeacca-71ae-456a-9053-683be52add2b,1.7773411096226552e+18
f5aeacca-71ae-456a-9053-683be52add2b,1.7773411096559974e+18
f5aeacca-71ae-456a-9053-683be52add2b,1.7773411096893394e+18
f5aeacca-71ae-456a-9053-683be52add2b,1.7773411097226824e+18
f5aeacca-71ae-456a-9053-683be52add2b,1.7773411097560243e+18
f5aeacca-71ae-456a-9053-683be52add2b,1.7773411097893673e+18
f5aeacca-71ae-456a-9053-683be52add2b,1.7773411098227092e+18
f5aeacca-71ae-456a-9053-683be52add2b,1.7773411098560522e+18
f5aeacca-71ae-456a-9053-683be52add2b,1.7773411098893944e+18
f5aeacca-71ae-456a-9053-683be52add2b,1.7773411099227374e+18
f5aeacca-71ae-456a-9053-683be52add2b,1.7773411099560794e+18
f5aeacca-71ae-456a-9053-683be52add2b,1.7773411099894213e+18
f5aeacca-71ae-456a-9053-683be52add2b,1.7773411100227643e+18
f5aeacca-71ae-456a-9053-683be52add2b,1.7773411100561062e+18
f5aeacca-71ae-456a-9053-683be52add2b,1.7773411100894492e+18
f5aeacca-71ae-456a-9053-683be52add2b,1.7773411101227914e+18
f5aeacca-71ae-456a-9053-683be52add2b,1.7773411101561344e+18
f5aeacca-71ae-456a-9053-683be52add2b,1.7773411101894764e+18
f5aeacca-71ae-456a-9053-683be52add2b,1.7773411102228193e+18
f5aeacca-71ae-456a-9053-683be52add2b,1.7773411102561613e+18
f5aeacca-71ae-456a-9053-683be52add2b,1.7773411102895043e+18
f5aeacca-71ae-456a-9053-683be52add2b,1.7773411103228465e+18
f5aeacca-71ae-456a-9053-683be52add2b,1.7773411103561884e+18
f5aeacca-71ae-456a-9053-683be52add2b,1.7773411103895314e+18
f5aeacca-71ae-456a-9053-683be52add2b,1.7773411104228733e+18
f5aeacca-71ae-456a-9053-683be52add2b,1.7773411104562163e+18
f5aeacca-71ae-456a-9053-683be52add2b,1.7773411104895583e+18
f5aeacca-71ae-456a-9053-683be52add2b,1.7773411105229012e+18
f5aeacca-71ae-456a-9053-683be52add2b,1.7773411105562435e+18
f5aeacca-71ae-456a-9053-683be52add2b,1.7773411105895864e+18
f5aeacca-71ae-456a-9053-683be52add2b,1.7773411106229284e+18
f5aeacca-71ae-456a-9053-683be52add2b,1.7773411106562703e+18
f5aeacca-71ae-456a-9053-683be52add2b,1.7773411106896133e+18
f5aeacca-71ae-456a-9053-683be52add2b,1.7773411107229553e+18
f5aeacca-71ae-456a-9053-683be52add2b,1.7773411107562982e+18
f5aeacca-71ae-456a-9053-683be52add2b,1.7773411107896404e+18
f5aeacca-71ae-456a-9053-683be52add2b,1.7773411108229834e+18
f5aeacca-71ae-456a-9053-683be52add2b,1.7773411108563254e+18
f5aeacca-71ae-456a-9053-683be52add2b,1.7773411108896684e+18
f5aeacca-71ae-456a-9053-683be52add2b,1.7773411109230103e+18
f5aeacca-71ae-456a-9053-683be52add2b,1.7773411109563523e+18
f5aeacca-71ae-456a-9053-683be52add2b,1.7773411109896952e+18
f5aeacca-71ae-456a-9053-683be52add2b,1.7773411110230374e+18
f5aeacca-71ae-456a-9053-683be52add2b,1.7773411110563804e+18
f5aeacca-71ae-456a-9053-683be52add2b,1.7773411110897224e+18
f5aeacca-71ae-456a-9053-683be52add2b,1.7773411111230653e+18
f5aeacca-71ae-456a-9053-683be52add2b,1.7773411111564073e+18
f5aeacca-71ae-456a-9053-683be52add2b,1.7773411111897503e+18
f5aeacca-71ae-456a-9053-683be52add2b,1.7773411112230922e+18
f5aeacca-71ae-456a-9053-683be52add2b,1.7773411112564344e+18
f5aeacca-71ae-456a-9053-683be52add2b,1.7773411112897774e+18
f5aeacca-71ae-456a-9053-683be52add2b,1.7773411113231194e+18
f5aeacca-71ae-456a-9053-683be52add2b,1.7773411113564623e+18
f5aeacca-71ae-456a-9053-683be52add2b,1.7773411113898043e+18
f5aeacca-71ae-456a-9053-683be52add2b,1.7773411114231473e+18
f5aeacca-71ae-456a-9053-683be52add2b,1.7773411114564892e+18
f5aeacca-71ae-456a-9053-683be52add2b,1.7773411114898324e+18
f5aeacca-71ae-456a-9053-683be52add2b,1.7773411115231744e+18
f5aeacca-71ae-456a-9053-683be52add2b,1.7773411115565174e+18
f5aeacca-71ae-456a-9053-683be52add2b,1.7773411115898593e+18
f5aeacca-71ae-456a-9053-683be52add2b,1.7773411116232013e+18
f5aeacca-71ae-456a-9053-683be52add2b,1.7773411116565443e+18
f5aeacca-71ae-456a-9053-683be52add2b,1.7773411116898865e+18
f5aeacca-71ae-456a-9053-683be52add2b,1.7773411117232294e+18
f5aeacca-71ae-456a-9053-683be52add2b,1.7773411117565714e+18
f5aeacca-71ae-456a-9053-683be52add2b,1.7773411117899144e+18
f5aeacca-71ae-456a-9053-683be52add2b,1.7773411118232563e+18
f5aeacca-71ae-456a-9053-683be52add2b,1.7773411118565993e+18
f5aeacca-71ae-456a-9053-683be52add2b,1.7773411118899412e+18
f5aeacca-71ae-456a-9053-683be52add2b,1.7773411119232835e+18
f5aeacca-71ae-456a-9053-683be52add2b,1.7773411119566264e+18
f5aeacca-71ae-456a-9053-683be52add2b,1.7773411119899684e+18
f5aeacca-71ae-456a-9053-683be52add2b,1.7773411120233114e+18
f5aeacca-71ae-456a-9053-683be52add2b,1.7773411120566533e+18
f5aeacca-71ae-456a-9053-683be52add2b,1.7773411120899963e+18
f5aeacca-71ae-456a-9053-683be52add2b,1.7773411121233382e+18
f5aeacca-71ae-456a-9053-683be52add2b,1.7773411121566812e+18
f5aeacca-71ae-456a-9053-683be52add2b,1.7773411121900234e+18
f5aeacca-71ae-456a-9053-683be52add2b,1.7773411122233654e+18
f5aeacca-71ae-456a-9053-683be52add2b,1.7773411122567084e+18
f5aeacca-71ae-456a-9053-683be52add2b,1.7773411122900503e+18
f5aeacca-71ae-456a-9053-683be52add2b,1.7773411123233933e+18
f5aeacca-71ae-456a-9053-683be52add2b,1.7773411123567352e+18
f5aeacca-71ae-456a-9053-683be52add2b,1.7773411123900785e+18
f5aeacca-71ae-456a-9053-683be52add2b,1.7773411124234204e+18
f5aeacca-71ae-456a-9053-683be52add2b,1.7773411124567634e+18
f5aeacca-71ae-456a-9053-683be52add2b,1.7773411124901053e+18
f5aeacca-71ae-456a-9053-683be52add2b,1.7773411125234473e+18
f5aeacca-71ae-456a-9053-683be52add2b,1.7773411125567903e+18
f5aeacca-71ae-456a-9053-683be52add2b,1.7773411125901322e+18
f5aeacca-71ae-456a-9053-683be52add2b,1.7773411126234755e+18
f5aeacca-71ae-456a-9053-683be52add2b,1.7773411126568174e+18
f5aeacca-71ae-456a-9053-683be52add2b,1.7773411126901604e+18
f5aeacca-71ae-456a-9053-683be52add2b,1.7773411127235023e+18
f5aeacca-71ae-456a-9053-683be52add2b,1.7773411127568453e+18
f5aeacca-71ae-456a-9053-683be52add2b,1.7773411127901873e+18
f5aeacca-71ae-456a-9053-683be52add2b,1.7773411128235302e+18
f5aeacca-71ae-456a-9053-683be52add2b,1.7773411128568724e+18
f5aeacca-71ae-456a-9053-683be52add2b,1.7773411128902144e+18
f5aeacca-71ae-456a-9053-683be52add2b,1.7773411129235574e+18
f5aeacca-71ae-456a-9053-683be52add2b,1.7773411129568993e+18
f5aeacca-71ae-456a-9053-683be52add2b,1.7773411129902423e+18
f5aeacca-71ae-456a-9053-683be52add2b,1.7773411130235843e+18
f5aeacca-71ae-456a-9053-683be52add2b,1.7773411130569272e+18
f5aeacca-71ae-456a-9053-683be52add2b,1.7773411130902694e+18
f5aeacca-71ae-456a-9053-683be52add2b,1.7773411131236124e+18
f5aeacca-71ae-456a-9053-683be52add2b,1.7773411131569544e+18
f5aeacca-71ae-456a-9053-683be52add2b,1.7773411131902963e+18
f5aeacca-71ae-456a-9053-683be52add2b,1.7773411132236393e+18
f5aeacca-71ae-456a-9053-683be52add2b,1.7773411132569812e+18
f5aeacca-71ae-456a-9053-683be52add2b,1.7773411132903242e+18
f5aeacca-71ae-456a-9053-683be52add2b,1.7773411133236664e+18
f5aeacca-71ae-456a-9053-683be52add2b,1.7773411133570094e+18
f5aeacca-71ae-456a-9053-683be52add2b,1.7773411133903514e+18
f5aeacca-71ae-456a-9053-683be52add2b,1.7773411134236943e+18
f5aeacca-71ae-456a-9053-683be52add2b,1.7773411134570363e+18
f5aeacca-71ae-456a-9053-683be52add2b,1.7773411134903782e+18
f5aeacca-71ae-456a-9053-683be52add2b,1.7773411135237212e+18
f5aeacca-71ae-456a-9053-683be52add2b,1.7773411135570634e+18
f5aeacca-71ae-456a-9053-683be52add2b,1.7773411135904064e+18
f5aeacca-71ae-456a-9053-683be52add2b,1.7773411136237484e+18
f5aeacca-71ae-456a-9053-683be52add2b,1.7773411136570913e+18
f5aeacca-71ae-456a-9053-683be52add2b,1.7773411136904333e+18
f5aeacca-71ae-456a-9053-683be52add2b,1.7773411137237763e+18
f5aeacca-71ae-456a-9053-683be52add2b,1.7773411137571185e+18
f5aeacca-71ae-456a-9053-683be52add2b,1.7773411137904604e+18
f5aeacca-71ae-456a-9053-683be52add2b,1.7773411138238034e+18
f5aeacca-71ae-456a-9053-683be52add2b,1.7773411138571453e+18
f5aeacca-71ae-456a-9053-683be52add2b,1.7773411138904883e+18
f5aeacca-71ae-456a-9053-683be52add2b,1.7773411139238303e+18
f5aeacca-71ae-456a-9053-683be52add2b,1.7773411139571732e+18
f5aeacca-71ae-456a-9053-683be52add2b,1.7773411139905155e+18
f5aeacca-71ae-456a-9053-683be52add2b,1.7773411140238584e+18
f5aeacca-71ae-456a-9053-683be52add2b,1.7773411140572004e+18
f5aeacca-71ae-456a-9053-683be52add2b,1.7773411140905423e+18
f5aeacca-71ae-456a-9053-683be52add2b,1.7773411141238853e+18
f5aeacca-71ae-456a-9053-683be52add2b,1.7773411141572273e+18
f5aeacca-71ae-456a-9053-683be52add2b,1.7773411141905702e+18
f5aeacca-71ae-456a-9053-683be52add2b,1.7773411142239124e+18
f5aeacca-71ae-456a-9053-683be52add2b,1.7773411142572554e+18
f5aeacca-71ae-456a-9053-683be52add2b,1.7773411142905974e+18
f5aeacca-71ae-456a-9053-683be52add2b,1.7773411143239404e+18
f5aeacca-71ae-456a-9053-683be52add2b,1.7773411143572823e+18
f5aeacca-71ae-456a-9053-683be52add2b,1.7773411143906243e+18
f5aeacca-71ae-456a-9053-683be52add2b,1.7773411144239672e+18
f5aeacca-71ae-456a-9053-683be52add2b,1.7773411144573094e+18
f5aeacca-71ae-456a-9053-683be52add2b,1.7773411144906524e+18
f5aeacca-71ae-456a-9053-683be52add2b,1.7773411145239944e+18
f5aeacca-71ae-456a-9053-683be52add2b,1.7773411145573373e+18
f5aeacca-71ae-456a-9053-683be52add2b,1.7773411145906793e+18
f5aeacca-71ae-456a-9053-683be52add2b,1.7773411146240223e+18
f5aeacca-71ae-456a-9053-683be52add2b,1.7773411146573642e+18
f5aeacca-71ae-456a-9053-683be52add2b,1.7773411146907075e+18
f5aeacca-71ae-456a-9053-683be52add2b,1.7773411147240494e+18
f5aeacca-71ae-456a-9053-683be52add2b,1.7773411147573914e+18
f5aeacca-71ae-456a-9053-683be52add2b,1.7773411147907343e+18
f5aeacca-71ae-456a-9053-683be52add2b,1.7773411148240763e+18
f5aeacca-71ae-456a-9053-683be52add2b,1.7773411148574193e+18
f5aeacca-71ae-456a-9053-683be52add2b,1.7773411148907612e+18
f5aeacca-71ae-456a-9053-683be52add2b,1.7773411149241044e+18
f5aeacca-71ae-456a-9053-683be52add2b,1.7773411149574464e+18
f5aeacca-71ae-456a-9053-683be52add2b,1.7773411149907894e+18
f5aeacca-71ae-456a-9053-683be52add2b,1.7773411150241313e+18
f5aeacca-71ae-456a-9053-683be52add2b,1.7773411150574733e+18
f5aeacca-71ae-456a-9053-683be52add2b,1.7773411150908163e+18
f5aeacca-71ae-456a-9053-683be52add2b,1.7773411151241585e+18
f5aeacca-71ae-456a-9053-683be52add2b,1.7773411151575014e+18
f5aeacca-71ae-456a-9053-683be52add2b,1.7773411151908434e+18
f5aeacca-71ae-456a-9053-683be52add2b,1.7773411152241864e+18
f5aeacca-71ae-456a-9053-683be52add2b,1.7773411152575283e+18
f5aeacca-71ae-456a-9053-683be52add2b,1.7773411152908713e+18
f5aeacca-71ae-456a-9053-683be52add2b,1.7773411153242132e+18
f5aeacca-71ae-456a-9053-683be52add2b,1.7773411153575555e+18
f5aeacca-71ae-456a-9053-683be52add2b,1.7773411153908984e+18
f5aeacca-71ae-456a-9053-683be52add2b,1.7773411154242404e+18
f5aeacca-71ae-456a-9053-683be52add2b,1.7773411154575834e+18
f5aeacca-71ae-456a-9053-683be52add2b,1.7773411154909253e+18
f5aeacca-71ae-456a-9053-683be52add2b,1.7773411155242683e+18
f5aeacca-71ae-456a-9053-683be52add2b,1.7773411155576102e+18
f5aeacca-71ae-456a-9053-683be52add2b,1.7773411155909532e+18
f5aeacca-71ae-456a-9053-683be52add2b,1.7773411156242954e+18
f5aeacca-71ae-456a-9053-683be52add2b,1.7773411156576374e+18
f5aeacca-71ae-456a-9053-683be52add2b,1.7773411156909804e+18
f5aeacca-71ae-456a-9053-683be52add2b,1.7773411157243223e+18
f5aeacca-71ae-456a-9053-683be52add2b,1.7773411157576653e+18
f5aeacca-71ae-456a-9053-683be52add2b,1.7773411157910072e+18
f5aeacca-71ae-456a-9053-683be52add2b,1.7773411158243505e+18
f5aeacca-71ae-456a-9053-683be52add2b,1.7773411158576924e+18
f5aeacca-71ae-456a-9053-683be52add2b,1.7773411158910354e+18
f5aeacca-71ae-456a-9053-683be52add2b,1.7773411159243773e+18
f5aeacca-71ae-456a-9053-683be52add2b,1.7773411159577193e+18
f5aeacca-71ae-456a-9053-683be52add2b,1.7773411159910623e+18
f5aeacca-71ae-456a-9053-683be52add2b,1.7773411160244042e+18
f5aeacca-71ae-456a-9053-683be52add2b,1.7773411160577475e+18
f5aeacca-71ae-456a-9053-683be52add2b,1.7773411160910894e+18
f5aeacca-71ae-456a-9053-683be52add2b,1.7773411161244324e+18
f5aeacca-71ae-456a-9053-683be52add2b,1.7773411161577743e+18
f5aeacca-71ae-456a-9053-683be52add2b,1.7773411161911173e+18
f5aeacca-71ae-456a-9053-683be52add2b,1.7773411162244593e+18
f5aeacca-71ae-456a-9053-683be52add2b,1.7773411162578012e+18
f5aeacca-71ae-456a-9053-683be52add2b,1.7773411162911444e+18
f5aeacca-71ae-456a-9053-683be52add2b,1.7773411163244864e+18
f5aeacca-71ae-456a-9053-683be52add2b,1.7773411163578294e+18
f5aeacca-71ae-456a-9053-683be52add2b,1.7773411163911713e+18
f5aeacca-71ae-456a-9053-683be52add2b,1.7773411164245143e+18
f5aeacca-71ae-456a-9053-683be52add2b,1.7773411164578563e+18
f5aeacca-71ae-456a-9053-683be52add2b,1.7773411164911992e+18
f5aeacca-71ae-456a-9053-683be52add2b,1.7773411165245414e+18
f5aeacca-71ae-456a-9053-683be52add2b,1.7773411165578844e+18
f5aeacca-71ae-456a-9053-683be52add2b,1.7773411165912264e+18
f5aeacca-71ae-456a-9053-683be52add2b,1.7773411166245683e+18
f5aeacca-71ae-456a-9053-683be52add2b,1.7773411166579113e+18
f5aeacca-71ae-456a-9053-683be52add2b,1.7773411166912532e+18
f5aeacca-71ae-456a-9053-683be52add2b,1.7773411167245962e+18
f5aeacca-71ae-456a-9053-683be52add2b,1.7773411167579384e+18
f5aeacca-71ae-456a-9053-683be52add2b,1.7773411167912814e+18
f5aeacca-71ae-456a-9053-683be52add2b,1.7773411168246234e+18
f5aeacca-71ae-456a-9053-683be52add2b,1.7773411168579653e+18
f5aeacca-71ae-456a-9053-683be52add2b,1.7773411168913083e+18
f5aeacca-71ae-456a-9053-683be52add2b,1.7773411169246502e+18
f5aeacca-71ae-456a-9053-683be52add2b,1.7773411169579932e+18
f5aeacca-71ae-456a-9053-683be52add2b,1.7773411169913354e+18
f5aeacca-71ae-456a-9053-683be52add2b,1.7773411170246784e+18
f5aeacca-71ae-456a-9053-683be52add2b,1.7773411170580204e+18
f5aeacca-71ae-456a-9053-683be52add2b,1.7773411170913633e+18
f5aeacca-71ae-456a-9053-683be52add2b,1.7773411171247053e+18
f5aeacca-71ae-456a-9053-683be52add2b,1.7773411171580483e+18
f5aeacca-71ae-456a-9053-683be52add2b,1.7773411171913905e+18
f5aeacca-71ae-456a-9053-683be52add2b,1.7773411172247324e+18
f5aeacca-71ae-456a-9053-683be52add2b,1.7773411172580754e+18
f5aeacca-71ae-456a-9053-683be52add2b,1.7773411172914173e+18
f5aeacca-71ae-456a-9053-683be52add2b,1.7773411173247603e+18
f5aeacca-71ae-456a-9053-683be52add2b,1.7773411173581023e+18
f5aeacca-71ae-456a-9053-683be52add2b,1.7773411173914452e+18
f5aeacca-71ae-456a-9053-683be52add2b,1.7773411174247875e+18
f5aeacca-71ae-456a-9053-683be52add2b,1.7773411174581304e+18
f5aeacca-71ae-456a-9053-683be52add2b,1.7773411174914724e+18
f5aeacca-71ae-456a-9053-683be52add2b,1.7773411175248143e+18
f5aeacca-71ae-456a-9053-683be52add2b,1.7773411175581573e+18
f5aeacca-71ae-456a-9053-683be52add2b,1.7773411175914993e+18
f5aeacca-71ae-456a-9053-683be52add2b,1.7773411176248422e+18
f5aeacca-71ae-456a-9053-683be52add2b,1.7773411176581844e+18
f5aeacca-71ae-456a-9053-683be52add2b,1.7773411176915274e+18
f5aeacca-71ae-456a-9053-683be52add2b,1.7773411177248694e+18
f5aeacca-71ae-456a-9053-683be52add2b,1.7773411177582124e+18
f5aeacca-71ae-456a-9053-683be52add2b,1.7773411177915543e+18
f5aeacca-71ae-456a-9053-683be52add2b,1.7773411178248963e+18
f5aeacca-71ae-456a-9053-683be52add2b,1.7773411178582392e+18
f5aeacca-71ae-456a-9053-683be52add2b,1.7773411178915814e+18
f5aeacca-71ae-456a-9053-683be52add2b,1.7773411179249244e+18
f5aeacca-71ae-456a-9053-683be52add2b,1.7773411179582664e+18
f5aeacca-71ae-456a-9053-683be52add2b,1.7773411179916093e+18
f5aeacca-71ae-456a-9053-683be52add2b,1.7773411180249513e+18
f5aeacca-71ae-456a-9053-683be52add2b,1.7773411180582943e+18
f5aeacca-71ae-456a-9053-683be52add2b,1.7773411180916362e+18
f5aeacca-71ae-456a-9053-683be52add2b,1.7773411181249784e+18
f5aeacca-71ae-456a-9053-683be52add2b,1.7773411181583214e+18
f5aeacca-71ae-456a-9053-683be52add2b,1.7773411181916634e+18
f5aeacca-71ae-456a-9053-683be52add2b,1.7773411182250063e+18
f5aeacca-71ae-456a-9053-683be52add2b,1.7773411182583483e+18
f5aeacca-71ae-456a-9053-683be52add2b,1.7773411182916913e+18
f5aeacca-71ae-456a-9053-683be52add2b,1.7773411183250332e+18
f5aeacca-71ae-456a-9053-683be52add2b,1.7773411183583764e+18
f5aeacca-71ae-456a-9053-683be52add2b,1.7773411183917184e+18
f5aeacca-71ae-456a-9053-683be52add2b,1.7773411184250614e+18
f5aeacca-71ae-456a-9053-683be52add2b,1.7773411184584033e+18
f5aeacca-71ae-456a-9053-683be52add2b,1.7773411184917453e+18
f5aeacca-71ae-456a-9053-683be52add2b,1.7773411185250883e+18
f5aeacca-71ae-456a-9053-683be52add2b,1.7773411185584305e+18
f5aeacca-71ae-456a-9053-683be52add2b,1.7773411185917734e+18
f5aeacca-71ae-456a-9053-683be52add2b,1.7773411186251154e+18
f5aeacca-71ae-456a-9053-683be52add2b,1.7773411186584584e+18
f5aeacca-71ae-456a-9053-683be52add2b,1.7773411186918003e+18
f5aeacca-71ae-456a-9053-683be52add2b,1.7773411187251423e+18
f5aeacca-71ae-456a-9053-683be52add2b,1.7773411187584852e+18
f5aeacca-71ae-456a-9053-683be52add2b,1.7773411187918275e+18
f5aeacca-71ae-456a-9053-683be52add2b,1.7773411188251704e+18
f5aeacca-71ae-456a-9053-683be52add2b,1.7773411188585124e+18
f5aeacca-71ae-456a-9053-683be52add2b,1.7773411188918554e+18
f5aeacca-71ae-456a-9053-683be52add2b,1.7773411189251973e+18
f5aeacca-71ae-456a-9053-683be52add2b,1.7773411189585403e+18
f5aeacca-71ae-456a-9053-683be52add2b,1.7773411189918822e+18
f5aeacca-71ae-456a-9053-683be52add2b,1.7773411190252252e+18
f5aeacca-71ae-456a-9053-683be52add2b,1.7773411190585674e+18
f5aeacca-71ae-456a-9053-683be52add2b,1.7773411190919094e+18
f5aeacca-71ae-456a-9053-683be52add2b,1.7773411191252524e+18
f5aeacca-71ae-456a-9053-683be52add2b,1.7773411191585943e+18
f5aeacca-71ae-456a-9053-683be52add2b,1.7773411191919373e+18
f5aeacca-71ae-456a-9053-683be52add2b,1.7773411192252792e+18
f5aeacca-71ae-456a-9053-683be52add2b,1.7773411192586225e+18
f5aeacca-71ae-456a-9053-683be52add2b,1.7773411192919644e+18
f5aeacca-71ae-456a-9053-683be52add2b,1.7773411193253074e+18
f5aeacca-71ae-456a-9053-683be52add2b,1.7773411193586493e+18
f5aeacca-71ae-456a-9053-683be52add2b,1.7773411193919913e+18
f5aeacca-71ae-456a-9053-683be52add2b,1.7773411194253343e+18
f5aeacca-71ae-456a-9053-683be52add2b,1.7773411194586762e+18
f5aeacca-71ae-456a-9053-683be52add2b,1.7773411194920195e+18
f5aeacca-71ae-456a-9053-683be52add2b,1.7773411195253614e+18
f5aeacca-71ae-456a-9053-683be52add2b,1.7773411195587044e+18
f5aeacca-71ae-456a-9053-683be52add2b,1.7773411195920463e+18
f5aeacca-71ae-456a-9053-683be52add2b,1.7773411196253893e+18
f5aeacca-71ae-456a-9053-683be52add2b,1.7773411196587313e+18
f5aeacca-71ae-456a-9053-683be52add2b,1.7773411196920732e+18
f5aeacca-71ae-456a-9053-683be52add2b,1.7773411197254164e+18
f5aeacca-71ae-456a-9053-683be52add2b,1.7773411197587584e+18
f5aeacca-71ae-456a-9053-683be52add2b,1.7773411197921014e+18
f5aeacca-71ae-456a-9053-683be52add2b,1.7773411198254433e+18
f5aeacca-71ae-456a-9053-683be52add2b,1.7773411198587863e+18
f5aeacca-71ae-456a-9053-683be52add2b,1.7773411198921283e+18
f5aeacca-71ae-456a-9053-683be52add2b,1.7773411199254712e+18
f5aeacca-71ae-456a-9053-683be52add2b,1.7773411199588134e+18
f5aeacca-71ae-456a-9053-683be52add2b,1.7773411199921554e+18
f5aeacca-71ae-456a-9053-683be52add2b,1.7773411200254984e+18
f5aeacca-71ae-456a-9053-683be52add2b,1.7773411200588403e+18
f5aeacca-71ae-456a-9053-683be52add2b,1.7773411200921833e+18
f5aeacca-71ae-456a-9053-683be52add2b,1.7773411201255252e+18
f5aeacca-71ae-456a-9053-683be52add2b,1.7773411201588682e+18
f5aeacca-71ae-456a-9053-683be52add2b,1.7773411201922104e+18
f5aeacca-71ae-456a-9053-683be52add2b,1.7773411202255534e+18
f5aeacca-71ae-456a-9053-683be52add2b,1.7773411202588954e+18
f5aeacca-71ae-456a-9053-683be52add2b,1.7773411202922383e+18
f5aeacca-71ae-456a-9053-683be52add2b,1.7773411203255803e+18
f5aeacca-71ae-456a-9053-683be52add2b,1.7773411203589222e+18
f5aeacca-71ae-456a-9053-683be52add2b,1.7773411203922652e+18
f5aeacca-71ae-456a-9053-683be52add2b,1.7773411204256074e+18
f5aeacca-71ae-456a-9053-683be52add2b,1.7773411204589504e+18
f5aeacca-71ae-456a-9053-683be52add2b,1.7773411204922924e+18
f5aeacca-71ae-456a-9053-683be52add2b,1.7773411205256353e+18
f5aeacca-71ae-456a-9053-683be52add2b,1.7773411205589773e+18
f5aeacca-71ae-456a-9053-683be52add2b,1.7773411205923192e+18
f5aeacca-71ae-456a-9053-683be52add2b,1.7773411206256625e+18
f5aeacca-71ae-456a-9053-683be52add2b,1.7773411206590044e+18
f5aeacca-71ae-456a-9053-683be52add2b,1.7773411206923474e+18
f5aeacca-71ae-456a-9053-683be52add2b,1.7773411207256893e+18
f5aeacca-71ae-456a-9053-683be52add2b,1.7773411207590323e+18
f5aeacca-71ae-456a-9053-683be52add2b,1.7773411207923743e+18
f5aeacca-71ae-456a-9053-683be52add2b,1.7773411208257172e+18
f5aeacca-71ae-456a-9053-683be52add2b,1.7773411208590595e+18
f5aeacca-71ae-456a-9053-683be52add2b,1.7773411208924024e+18
f5aeacca-71ae-456a-9053-683be52add2b,1.7773411209257444e+18
f5aeacca-71ae-456a-9053-683be52add2b,1.7773411209590863e+18
f5aeacca-71ae-456a-9053-683be52add2b,1.7773411209924293e+18
f5aeacca-71ae-456a-9053-683be52add2b,1.7773411210257713e+18
f5aeacca-71ae-456a-9053-683be52add2b,1.7773411210591142e+18
f5aeacca-71ae-456a-9053-683be52add2b,1.7773411210924564e+18
f5aeacca-71ae-456a-9053-683be52add2b,1.7773411211257994e+18
f5aeacca-71ae-456a-9053-683be52add2b,1.7773411211591414e+18
f5aeacca-71ae-456a-9053-683be52add2b,1.7773411211924844e+18
f5aeacca-71ae-456a-9053-683be52add2b,1.7773411212258263e+18
f5aeacca-71ae-456a-9053-683be52add2b,1.7773411212591683e+18
f5aeacca-71ae-456a-9053-683be52add2b,1.7773411212925112e+18
f5aeacca-71ae-456a-9053-683be52add2b,1.7773411213258534e+18
f5aeacca-71ae-456a-9053-683be52add2b,1.7773411213591964e+18
f5aeacca-71ae-456a-9053-683be52add2b,1.7773411213925384e+18
f5aeacca-71ae-456a-9053-683be52add2b,1.7773411214258813e+18
f5aeacca-71ae-456a-9053-683be52add2b,1.7773411214592233e+18
f5aeacca-71ae-456a-9053-683be52add2b,1.7773411214925663e+18
f5aeacca-71ae-456a-9053-683be52add2b,1.7773411215259082e+18
f5aeacca-71ae-456a-9053-683be52add2b,1.7773411215592504e+18
f5aeacca-71ae-456a-9053-683be52add2b,1.7773411215925934e+18
f5aeacca-71ae-456a-9053-683be52add2b,1.7773411216259354e+18
f5aeacca-71ae-456a-9053-683be52add2b,1.7773411216592783e+18
f5aeacca-71ae-456a-9053-683be52add2b,1.7773411216926203e+18
f5aeacca-71ae-456a-9053-683be52add2b,1.7773411217259633e+18
f5aeacca-71ae-456a-9053-683be52add2b,1.7773411217593052e+18
f5aeacca-71ae-456a-9053-683be52add2b,1.7773411217926484e+18
f5aeacca-71ae-456a-9053-683be52add2b,1.7773411218259904e+18
f5aeacca-71ae-456a-9053-683be52add2b,1.7773411218593324e+18
f5aeacca-71ae-456a-9053-683be52add2b,1.7773411218926753e+18
f5aeacca-71ae-456a-9053-683be52add2b,1.7773411219260173e+18
f5aeacca-71ae-456a-9053-683be52add2b,1.7773411219593603e+18
f5aeacca-71ae-456a-9053-683be52add2b,1.7773411219927025e+18
f5aeacca-71ae-456a-9053-683be52add2b,1.7773411220260454e+18
f5aeacca-71ae-456a-9053-683be52add2b,1.7773411220593874e+18
f5aeacca-71ae-456a-9053-683be52add2b,1.7773411220927304e+18
f5aeacca-71ae-456a-9053-683be52add2b,1.7773411221260723e+18
f5aeacca-71ae-456a-9053-683be52add2b,1.7773411221594153e+18
f5aeacca-71ae-456a-9053-683be52add2b,1.7773411221927572e+18
f5aeacca-71ae-456a-9053-683be52add2b,1.7773411222260995e+18
f5aeacca-71ae-456a-9053-683be52add2b,1.7773411222594424e+18
f5aeacca-71ae-456a-9053-683be52add2b,1.7773411222927844e+18
f5aeacca-71ae-456a-9053-683be52add2b,1.7773411223261274e+18
f5aeacca-71ae-456a-9053-683be52add2b,1.7773411223594693e+18
f5aeacca-71ae-456a-9053-683be52add2b,1.7773411223928123e+18
f5aeacca-71ae-456a-9053-683be52add2b,1.7773411224261542e+18
f5aeacca-71ae-456a-9053-683be52add2b,1.7773411224594972e+18
f5aeacca-71ae-456a-9053-683be52add2b,1.7773411224928394e+18
f5aeacca-71ae-456a-9053-683be52add2b,1.7773411225261814e+18
f5aeacca-71ae-456a-9053-683be52add2b,1.7773411225595244e+18
f5aeacca-71ae-456a-9053-683be52add2b,1.7773411225928663e+18
f5aeacca-71ae-456a-9053-683be52add2b,1.7773411226262093e+18
f5aeacca-71ae-456a-9053-683be52add2b,1.7773411226595512e+18
f5aeacca-71ae-456a-9053-683be52add2b,1.7773411226928945e+18
f5aeacca-71ae-456a-9053-683be52add2b,1.7773411227262364e+18
f5aeacca-71ae-456a-9053-683be52add2b,1.7773411227595794e+18
f5aeacca-71ae-456a-9053-683be52add2b,1.7773411227929213e+18
f5aeacca-71ae-456a-9053-683be52add2b,1.7773411228262633e+18
f5aeacca-71ae-456a-9053-683be52add2b,1.7773411228596063e+18
f5aeacca-71ae-456a-9053-683be52add2b,1.7773411228929482e+18
f5aeacca-71ae-456a-9053-683be52add2b,1.7773411229262915e+18
f5aeacca-71ae-456a-9053-683be52add2b,1.7773411229596334e+18
f5aeacca-71ae-456a-9053-683be52add2b,1.7773411229929764e+18
f5aeacca-71ae-456a-9053-683be52add2b,1.7773411230263183e+18
f5aeacca-71ae-456a-9053-683be52add2b,1.7773411230596613e+18
f5aeacca-71ae-456a-9053-683be52add2b,1.7773411230930033e+18
f5aeacca-71ae-456a-9053-683be52add2b,1.7773411231263452e+18
f5aeacca-71ae-456a-9053-683be52add2b,1.7773411231596884e+18
f5aeacca-71ae-456a-9053-683be52add2b,1.7773411231930304e+18
f5aeacca-71ae-456a-9053-683be52add2b,1.7773411232263734e+18
f5aeacca-71ae-456a-9053-683be52add2b,1.7773411232597153e+18
f5aeacca-71ae-456a-9053-683be52add2b,1.7773411232930583e+18
f5aeacca-71ae-456a-9053-683be52add2b,1.7773411233264003e+18
f5aeacca-71ae-456a-9053-683be52add2b,1.7773411233597432e+18
f5aeacca-71ae-456a-9053-683be52add2b,1.7773411233930854e+18
f5aeacca-71ae-456a-9053-683be52add2b,1.7773411234264274e+18
f5aeacca-71ae-456a-9053-683be52add2b,1.7773411234597704e+18
f5aeacca-71ae-456a-9053-683be52add2b,1.7773411234931123e+18
f5aeacca-71ae-456a-9053-683be52add2b,1.7773411235264553e+18
f5aeacca-71ae-456a-9053-683be52add2b,1.7773411235597972e+18
f5aeacca-71ae-456a-9053-683be52add2b,1.7773411235931402e+18
f5aeacca-71ae-456a-9053-683be52add2b,1.7773411236264824e+18
f5aeacca-71ae-456a-9053-683be52add2b,1.7773411236598254e+18
f5aeacca-71ae-456a-9053-683be52add2b,1.7773411236931674e+18
f5aeacca-71ae-456a-9053-683be52add2b,1.7773411237265093e+18
f5aeacca-71ae-456a-9053-683be52add2b,1.7773411237598523e+18
f5aeacca-71ae-456a-9053-683be52add2b,1.7773411237931942e+18
f5aeacca-71ae-456a-9053-683be52add2b,1.7773411238265372e+18
f5aeacca-71ae-456a-9053-683be52add2b,1.7773411238598794e+18
f5aeacca-71ae-456a-9053-683be52add2b,1.7773411238932224e+18
f5aeacca-71ae-456a-9053-683be52add2b,1.7773411239265644e+18
f5aeacca-71ae-456a-9053-683be52add2b,1.7773411239599073e+18
f5aeacca-71ae-456a-9053-683be52add2b,1.7773411239932493e+18
f5aeacca-71ae-456a-9053-683be52add2b,1.7773411240265923e+18
f5aeacca-71ae-456a-9053-683be52add2b,1.7773411240599345e+18
f5aeacca-71ae-456a-9053-683be52add2b,1.7773411240932764e+18
f5aeacca-71ae-456a-9053-683be52add2b,1.7773411241266194e+18
f5aeacca-71ae-456a-9053-683be52add2b,1.7773411241599613e+18
f5aeacca-71ae-456a-9053-683be52add2b,1.7773411241933043e+18
f5aeacca-71ae-456a-9053-683be52add2b,1.7773411242266463e+18
f5aeacca-71ae-456a-9053-683be52add2b,1.7773411242599892e+18
f5aeacca-71ae-456a-9053-683be52add2b,1.7773411242933315e+18
f5aeacca-71ae-456a-9053-683be52add2b,1.7773411243266744e+18
f5aeacca-71ae-456a-9053-683be52add2b,1.7773411243600164e+18
f5aeacca-71ae-456a-9053-683be52add2b,1.7773411243933583e+18
f5aeacca-71ae-456a-9053-683be52add2b,1.7773411244267013e+18
f5aeacca-71ae-456a-9053-683be52add2b,1.7773411244600433e+18
f5aeacca-71ae-456a-9053-683be52add2b,1.7773411244933862e+18
f5aeacca-71ae-456a-9053-683be52add2b,1.7773411245267284e+18
f5aeacca-71ae-456a-9053-683be52add2b,1.7773411245600714e+18
f5aeacca-71ae-456a-9053-683be52add2b,1.7773411245934134e+18
f5aeacca-71ae-456a-9053-683be52add2b,1.7773411246267564e+18
f5aeacca-71ae-456a-9053-683be52add2b,1.7773411246600983e+18
f5aeacca-71ae-456a-9053-683be52add2b,1.7773411246934403e+18
f5aeacca-71ae-456a-9053-683be52add2b,1.7773411247267832e+18
f5aeacca-71ae-456a-9053-683be52add2b,1.7773411247601254e+18
f5aeacca-71ae-456a-9053-683be52add2b,1.7773411247934684e+18
f5aeacca-71ae-456a-9053-683be52add2b,1.7773411248268104e+18
f5aeacca-71ae-456a-9053-683be52add2b,1.7773411248601533e+18
f5aeacca-71ae-456a-9053-683be52add2b,1.7773411248934953e+18
f5aeacca-71ae-456a-9053-683be52add2b,1.7773411249268383e+18
f5aeacca-71ae-456a-9053-683be52add2b,1.7773411249601802e+18
f5aeacca-71ae-456a-9053-683be52add2b,1.7773411249935224e+18
f5aeacca-71ae-456a-9053-683be52add2b,1.7773411250268654e+18
f5aeacca-71ae-456a-9053-683be52add2b,1.7773411250602074e+18
f5aeacca-71ae-456a-9053-683be52add2b,1.7773411250935503e+18
f5aeacca-71ae-456a-9053-683be52add2b,1.7773411251268923e+18
f5aeacca-71ae-456a-9053-683be52add2b,1.7773411251602353e+18
f5aeacca-71ae-456a-9053-683be52add2b,1.7773411251935772e+18
f5aeacca-71ae-456a-9053-683be52add2b,1.7773411252269204e+18
f5aeacca-71ae-456a-9053-683be52add2b,1.7773411252602624e+18
f5aeacca-71ae-456a-9053-683be52add2b,1.7773411252936044e+18
f5aeacca-71ae-456a-9053-683be52add2b,1.7773411253269473e+18
f5aeacca-71ae-456a-9053-683be52add2b,1.7773411253602893e+18
f5aeacca-71ae-456a-9053-683be52add2b,1.7773411253936323e+18
f5aeacca-71ae-456a-9053-683be52add2b,1.7773411254269745e+18
f5aeacca-71ae-456a-9053-683be52add2b,1.7773411254603174e+18
f5aeacca-71ae-456a-9053-683be52add2b,1.7773411254936594e+18
f5aeacca-71ae-456a-9053-683be52add2b,1.7773411255270024e+18
f5aeacca-71ae-456a-9053-683be52add2b,1.7773411255603443e+18
f5aeacca-71ae-456a-9053-683be52add2b,1.7773411255936863e+18
f5aeacca-71ae-456a-9053-683be52add2b,1.7773411256270292e+18
f5aeacca-71ae-456a-9053-683be52add2b,1.7773411256603715e+18
f5aeacca-71ae-456a-9053-683be52add2b,1.7773411256937144e+18
f5aeacca-71ae-456a-9053-683be52add2b,1.7773411257270564e+18
f5aeacca-71ae-456a-9053-683be52add2b,1.7773411257603994e+18
f5aeacca-71ae-456a-9053-683be52add2b,1.7773411257937413e+18
f5aeacca-71ae-456a-9053-683be52add2b,1.7773411258270843e+18
f5aeacca-71ae-456a-9053-683be52add2b,1.7773411258604262e+18
f5aeacca-71ae-456a-9053-683be52add2b,1.7773411258937692e+18
f5aeacca-71ae-456a-9053-683be52add2b,1.7773411259271114e+18
f5aeacca-71ae-456a-9053-683be52add2b,1.7773411259604534e+18
f5aeacca-71ae-456a-9053-683be52add2b,1.7773411259937964e+18
f5aeacca-71ae-456a-9053-683be52add2b,1.7773411260271383e+18
f5aeacca-71ae-456a-9053-683be52add2b,1.7773411260604813e+18
f5aeacca-71ae-456a-9053-683be52add2b,1.7773411260938232e+18
f5aeacca-71ae-456a-9053-683be52add2b,1.7773411261271665e+18
f5aeacca-71ae-456a-9053-683be52add2b,1.7773411261605084e+18
f5aeacca-71ae-456a-9053-683be52add2b,1.7773411261938514e+18
f5aeacca-71ae-456a-9053-683be52add2b,1.7773411262271933e+18
f5aeacca-71ae-456a-9053-683be52add2b,1.7773411262605353e+18
f5aeacca-71ae-456a-9053-683be52add2b,1.7773411262938783e+18
f5aeacca-71ae-456a-9053-683be52add2b,1.7773411263272202e+18
f5aeacca-71ae-456a-9053-683be52add2b,1.7773411263605635e+18
f5aeacca-71ae-456a-9053-683be52add2b,1.7773411263939054e+18
f5aeacca-71ae-456a-9053-683be52add2b,1.7773411264272484e+18
f5aeacca-71ae-456a-9053-683be52add2b,1.7773411264605903e+18
f5aeacca-71ae-456a-9053-683be52add2b,1.7773411264939333e+18
f5aeacca-71ae-456a-9053-683be52add2b,1.7773411265272753e+18
f5aeacca-71ae-456a-9053-683be52add2b,1.7773411265606182e+18
f5aeacca-71ae-456a-9053-683be52add2b,1.7773411265939604e+18
f5aeacca-71ae-456a-9053-683be52add2b,1.7773411266273024e+18
f5aeacca-71ae-456a-9053-683be52add2b,1.7773411266606454e+18
f5aeacca-71ae-456a-9053-683be52add2b,1.7773411266939873e+18
f5aeacca-71ae-456a-9053-683be52add2b,1.7773411267273303e+18
f5aeacca-71ae-456a-9053-683be52add2b,1.7773411267606723e+18
f5aeacca-71ae-456a-9053-683be52add2b,1.7773411267940152e+18
f5aeacca-71ae-456a-9053-683be52add2b,1.7773411268273574e+18
f5aeacca-71ae-456a-9053-683be52add2b,1.7773411268606994e+18
f5aeacca-71ae-456a-9053-683be52add2b,1.7773411268940424e+18
f5aeacca-71ae-456a-9053-683be52add2b,1.7773411269273843e+18
f5aeacca-71ae-456a-9053-683be52add2b,1.7773411269607273e+18
f5aeacca-71ae-456a-9053-683be52add2b,1.7773411269940692e+18
f5aeacca-71ae-456a-9053-683be52add2b,1.7773411270274122e+18
f5aeacca-71ae-456a-9053-683be52add2b,1.7773411270607544e+18
f5aeacca-71ae-456a-9053-683be52add2b,1.7773411270940974e+18
f5aeacca-71ae-456a-9053-683be52add2b,1.7773411271274394e+18
f5aeacca-71ae-456a-9053-683be52add2b,1.7773411271607823e+18
f5aeacca-71ae-456a-9053-683be52add2b,1.7773411271941243e+18
f5aeacca-71ae-456a-9053-683be52add2b,1.7773411272274662e+18
f5aeacca-71ae-456a-9053-683be52add2b,1.7773411272608092e+18
f5aeacca-71ae-456a-9053-683be52add2b,1.7773411272941514e+18
f5aeacca-71ae-456a-9053-683be52add2b,1.7773411273274944e+18
f5aeacca-71ae-456a-9053-683be52add2b,1.7773411273608364e+18
f5aeacca-71ae-456a-9053-683be52add2b,1.7773411273941793e+18
f5aeacca-71ae-456a-9053-683be52add2b,1.7773411274275213e+18
f5aeacca-71ae-456a-9053-683be52add2b,1.7773411274608643e+18
f5aeacca-71ae-456a-9053-683be52add2b,1.7773411274942065e+18
f5aeacca-71ae-456a-9053-683be52add2b,1.7773411275275484e+18
f5aeacca-71ae-456a-9053-683be52add2b,1.7773411275608914e+18
f5aeacca-71ae-456a-9053-683be52add2b,1.7773411275942333e+18
f5aeacca-71ae-456a-9053-683be52add2b,1.7773411276275763e+18
f5aeacca-71ae-456a-9053-683be52add2b,1.7773411276609183e+18
f5aeacca-71ae-456a-9053-683be52add2b,1.7773411276942612e+18
f5aeacca-71ae-456a-9053-683be52add2b,1.7773411277276035e+18
f5aeacca-71ae-456a-9053-683be52add2b,1.7773411277609464e+18
f5aeacca-71ae-456a-9053-683be52add2b,1.7773411277942884e+18
f5aeacca-71ae-456a-9053-683be52add2b,1.7773411278276303e+18
f5aeacca-71ae-456a-9053-683be52add2b,1.7773411278609733e+18
f5aeacca-71ae-456a-9053-683be52add2b,1.7773411278943153e+18
f5aeacca-71ae-456a-9053-683be52add2b,1.7773411279276582e+18
f5aeacca-71ae-456a-9053-683be52add2b,1.7773411279610004e+18
f5aeacca-71ae-456a-9053-683be52add2b,1.7773411279943434e+18
f5aeacca-71ae-456a-9053-683be52add2b,1.7773411280276854e+18
f5aeacca-71ae-456a-9053-683be52add2b,1.7773411280610284e+18
f5aeacca-71ae-456a-9053-683be52add2b,1.7773411280943703e+18
f5aeacca-71ae-456a-9053-683be52add2b,1.7773411281277123e+18
f5aeacca-71ae-456a-9053-683be52add2b,1.7773411281610552e+18
f5aeacca-71ae-456a-9053-683be52add2b,1.7773411281943974e+18
f5aeacca-71ae-456a-9053-683be52add2b,1.7773411282277404e+18
f5aeacca-71ae-456a-9053-683be52add2b,1.7773411282610824e+18
f5aeacca-71ae-456a-9053-683be52add2b,1.7773411282944253e+18
f5aeacca-71ae-456a-9053-683be52add2b,1.7773411283277673e+18
f5aeacca-71ae-456a-9053-683be52add2b,1.7773411283611103e+18
f5aeacca-71ae-456a-9053-683be52add2b,1.7773411283944522e+18
f5aeacca-71ae-456a-9053-683be52add2b,1.7773411284277955e+18
f5aeacca-71ae-456a-9053-683be52add2b,1.7773411284611374e+18
f5aeacca-71ae-456a-9053-683be52add2b,1.7773411284944794e+18
f5aeacca-71ae-456a-9053-683be52add2b,1.7773411285278223e+18
f5aeacca-71ae-456a-9053-683be52add2b,1.7773411285611643e+18
f5aeacca-71ae-456a-9053-683be52add2b,1.7773411285945073e+18
f5aeacca-71ae-456a-9053-683be52add2b,1.7773411286278492e+18
f5aeacca-71ae-456a-9053-683be52add2b,1.7773411286611924e+18
f5aeacca-71ae-456a-9053-683be52add2b,1.7773411286945344e+18
f5aeacca-71ae-456a-9053-683be52add2b,1.7773411287278764e+18
f5aeacca-71ae-456a-9053-683be52add2b,1.7773411287612193e+18
f5aeacca-71ae-456a-9053-683be52add2b,1.7773411287945613e+18
f5aeacca-71ae-456a-9053-683be52add2b,1.7773411288279043e+18
f5aeacca-71ae-456a-9053-683be52add2b,1.7773411288612465e+18
f5aeacca-71ae-456a-9053-683be52add2b,1.7773411288945894e+18
f5aeacca-71ae-456a-9053-683be52add2b,1.7773411289279314e+18
f5aeacca-71ae-456a-9053-683be52add2b,1.7773411289612744e+18
f5aeacca-71ae-456a-9053-683be52add2b,1.7773411289946163e+18
f5aeacca-71ae-456a-9053-683be52add2b,1.7773411290279593e+18
f5aeacca-71ae-456a-9053-683be52add2b,1.7773411290613012e+18
f5aeacca-71ae-456a-9053-683be52add2b,1.7773411290946435e+18
f5aeacca-71ae-456a-9053-683be52add2b,1.7773411291279864e+18
f5aeacca-71ae-456a-9053-683be52add2b,1.7773411291613284e+18
f5aeacca-71ae-456a-9053-683be52add2b,1.7773411291946714e+18
f5aeacca-71ae-456a-9053-683be52add2b,1.7773411292280133e+18
f5aeacca-71ae-456a-9053-683be52add2b,1.7773411292613563e+18
f5aeacca-71ae-456a-9053-683be52add2b,1.7773411292946982e+18
f5aeacca-71ae-456a-9053-683be52add2b,1.7773411293280412e+18
f5aeacca-71ae-456a-9053-683be52add2b,1.7773411293613834e+18
f5aeacca-71ae-456a-9053-683be52add2b,1.7773411293947254e+18
f5aeacca-71ae-456a-9053-683be52add2b,1.7773411294280684e+18
f5aeacca-71ae-456a-9053-683be52add2b,1.7773411294614103e+18
f5aeacca-71ae-456a-9053-683be52add2b,1.7773411294947533e+18
f5aeacca-71ae-456a-9053-683be52add2b,1.7773411295280952e+18
f5aeacca-71ae-456a-9053-683be52add2b,1.7773411295614385e+18
f5aeacca-71ae-456a-9053-683be52add2b,1.7773411295947804e+18
f5aeacca-71ae-456a-9053-683be52add2b,1.7773411296281234e+18
f5aeacca-71ae-456a-9053-683be52add2b,1.7773411296614653e+18
f5aeacca-71ae-456a-9053-683be52add2b,1.7773411296948073e+18
f5aeacca-71ae-456a-9053-683be52add2b,1.7773411297281503e+18
f5aeacca-71ae-456a-9053-683be52add2b,1.7773411297614922e+18
f5aeacca-71ae-456a-9053-683be52add2b,1.7773411297948355e+18
f5aeacca-71ae-456a-9053-683be52add2b,1.7773411298281774e+18
f5aeacca-71ae-456a-9053-683be52add2b,1.7773411298615204e+18
f5aeacca-71ae-456a-9053-683be52add2b,1.7773411298948623e+18
f5aeacca-71ae-456a-9053-683be52add2b,1.7773411299282053e+18
f5aeacca-71ae-456a-9053-683be52add2b,1.7773411299615473e+18
f5aeacca-71ae-456a-9053-683be52add2b,1.7773411299948892e+18
f5aeacca-71ae-456a-9053-683be52add2b,1.7773411300282324e+18
f5aeacca-71ae-456a-9053-683be52add2b,1.7773411300615744e+18
f5aeacca-71ae-456a-9053-683be52add2b,1.7773411300949174e+18
f5aeacca-71ae-456a-9053-683be52add2b,1.7773411301282593e+18
f5aeacca-71ae-456a-9053-683be52add2b,1.7773411301616023e+18
f5aeacca-71ae-456a-9053-683be52add2b,1.7773411301949443e+18
f5aeacca-71ae-456a-9053-683be52add2b,1.7773411302282872e+18
f5aeacca-71ae-456a-9053-683be52add2b,1.7773411302616294e+18
f5aeacca-71ae-456a-9053-683be52add2b,1.7773411302949724e+18
f5aeacca-71ae-456a-9053-683be52add2b,1.7773411303283144e+18
f5aeacca-71ae-456a-9053-683be52add2b,1.7773411303616563e+18
f5aeacca-71ae-456a-9053-683be52add2b,1.7773411303949993e+18
f5aeacca-71ae-456a-9053-683be52add2b,1.7773411304283412e+18
f5aeacca-71ae-456a-9053-683be52add2b,1.7773411304616842e+18
f5aeacca-71ae-456a-9053-683be52add2b,1.7773411304950264e+18
f5aeacca-71ae-456a-9053-683be52add2b,1.7773411305283694e+18
f5aeacca-71ae-456a-9053-683be52add2b,1.7773411305617114e+18
f5aeacca-71ae-456a-9053-683be52add2b,1.7773411305950533e+18
f5aeacca-71ae-456a-9053-683be52add2b,1.7773411306283963e+18
f5aeacca-71ae-456a-9053-683be52add2b,1.7773411306617382e+18
f5aeacca-71ae-456a-9053-683be52add2b,1.7773411306950812e+18
f5aeacca-71ae-456a-9053-683be52add2b,1.7773411307284234e+18
f5aeacca-71ae-456a-9053-683be52add2b,1.7773411307617664e+18
f5aeacca-71ae-456a-9053-683be52add2b,1.7773411307951084e+18
f5aeacca-71ae-456a-9053-683be52add2b,1.7773411308284513e+18
f5aeacca-71ae-456a-9053-683be52add2b,1.7773411308617933e+18
f5aeacca-71ae-456a-9053-683be52add2b,1.7773411308951363e+18
f5aeacca-71ae-456a-9053-683be52add2b,1.7773411309284785e+18
f5aeacca-71ae-456a-9053-683be52add2b,1.7773411309618204e+18
f5aeacca-71ae-456a-9053-683be52add2b,1.7773411309951634e+18
f5aeacca-71ae-456a-9053-683be52add2b,1.7773411310285053e+18
f5aeacca-71ae-456a-9053-683be52add2b,1.7773411310618483e+18
f5aeacca-71ae-456a-9053-683be52add2b,1.7773411310951903e+18
f5aeacca-71ae-456a-9053-683be52add2b,1.7773411311285332e+18
f5aeacca-71ae-456a-9053-683be52add2b,1.7773411311618755e+18
f5aeacca-71ae-456a-9053-683be52add2b,1.7773411311952184e+18
f5aeacca-71ae-456a-9053-683be52add2b,1.7773411312285604e+18
f5aeacca-71ae-456a-9053-683be52add2b,1.7773411312619023e+18
f5aeacca-71ae-456a-9053-683be52add2b,1.7773411312952453e+18
f5aeacca-71ae-456a-9053-683be52add2b,1.7773411313285873e+18
f5aeacca-71ae-456a-9053-683be52add2b,1.7773411313619302e+18
f5aeacca-71ae-456a-9053-683be52add2b,1.7773411313952724e+18
f5aeacca-71ae-456a-9053-683be52add2b,1.7773411314286154e+18
f5aeacca-71ae-456a-9053-683be52add2b,1.7773411314619574e+18
f5aeacca-71ae-456a-9053-683be52add2b,1.7773411314953004e+18
f5aeacca-71ae-456a-9053-683be52add2b,1.7773411315286423e+18
f5aeacca-71ae-456a-9053-683be52add2b,1.7773411315619843e+18
f5aeacca-71ae-456a-9053-683be52add2b,1.7773411315953272e+18
f5aeacca-71ae-456a-9053-683be52add2b,1.7773411316286694e+18
f5aeacca-71ae-456a-9053-683be52add2b,1.7773411316620124e+18
f5aeacca-71ae-456a-9053-683be52add2b,1.7773411316953544e+18
f5aeacca-71ae-456a-9053-683be52add2b,1.7773411317286973e+18
f5aeacca-71ae-456a-9053-683be52add2b,1.7773411317620393e+18
f5aeacca-71ae-456a-9053-683be52add2b,1.7773411317953823e+18
f5aeacca-71ae-456a-9053-683be52add2b,1.7773411318287242e+18
f5aeacca-71ae-456a-9053-683be52add2b,1.7773411318620664e+18
f5aeacca-71ae-456a-9053-683be52add2b,1.7773411318954094e+18
f5aeacca-71ae-456a-9053-683be52add2b,1.7773411319287514e+18
f5aeacca-71ae-456a-9053-683be52add2b,1.7773411319620943e+18
f5aeacca-71ae-456a-9053-683be52add2b,1.7773411319954363e+18
f5aeacca-71ae-456a-9053-683be52add2b,1.7773411320287793e+18
f5aeacca-71ae-456a-9053-683be52add2b,1.7773411320621212e+18
f5aeacca-71ae-456a-9053-683be52add2b,1.7773411320954644e+18
f5aeacca-71ae-456a-9053-683be52add2b,1.7773411321288064e+18
f5aeacca-71ae-456a-9053-683be52add2b,1.7773411321621494e+18
f5aeacca-71ae-456a-9053-683be52add2b,1.7773411321954913e+18
f5aeacca-71ae-456a-9053-683be52add2b,1.7773411322288333e+18
f5aeacca-71ae-456a-9053-683be52add2b,1.7773411322621763e+18
f5aeacca-71ae-456a-9053-683be52add2b,1.7773411322955185e+18
f5aeacca-71ae-456a-9053-683be52add2b,1.7773411323288614e+18
f5aeacca-71ae-456a-9053-683be52add2b,1.7773411323622034e+18
f5aeacca-71ae-456a-9053-683be52add2b,1.7773411323955464e+18
f5aeacca-71ae-456a-9053-683be52add2b,1.7773411324288883e+18
f5aeacca-71ae-456a-9053-683be52add2b,1.7773411324622313e+18
f5aeacca-71ae-456a-9053-683be52add2b,1.7773411324955732e+18
f5aeacca-71ae-456a-9053-683be52add2b,1.7773411325289155e+18
f5aeacca-71ae-456a-9053-683be52add2b,1.7773411325622584e+18
f5aeacca-71ae-456a-9053-683be52add2b,1.7773411325956004e+18
f5aeacca-71ae-456a-9053-683be52add2b,1.7773411326289434e+18
f5aeacca-71ae-456a-9053-683be52add2b,1.7773411326622853e+18
f5aeacca-71ae-456a-9053-683be52add2b,1.7773411326956283e+18
f5aeacca-71ae-456a-9053-683be52add2b,1.7773411327289702e+18
f5aeacca-71ae-456a-9053-683be52add2b,1.7773411327623132e+18
f5aeacca-71ae-456a-9053-683be52add2b,1.7773411327956554e+18
f5aeacca-71ae-456a-9053-683be52add2b,1.7773411328289974e+18
f5aeacca-71ae-456a-9053-683be52add2b,1.7773411328623404e+18
f5aeacca-71ae-456a-9053-683be52add2b,1.7773411328956823e+18
f5aeacca-71ae-456a-9053-683be52add2b,1.7773411329290253e+18
f5aeacca-71ae-456a-9053-683be52add2b,1.7773411329623672e+18
f5aeacca-71ae-456a-9053-683be52add2b,1.7773411329957105e+18
f5aeacca-71ae-456a-9053-683be52add2b,1.7773411330290524e+18
f5aeacca-71ae-456a-9053-683be52add2b,1.7773411330623954e+18
f5aeacca-71ae-456a-9053-683be52add2b,1.7773411330957373e+18
f5aeacca-71ae-456a-9053-683be52add2b,1.7773411331290793e+18
f5aeacca-71ae-456a-9053-683be52add2b,1.7773411331624223e+18
f5aeacca-71ae-456a-9053-683be52add2b,1.7773411331957642e+18
f5aeacca-71ae-456a-9053-683be52add2b,1.7773411332291075e+18
f5aeacca-71ae-456a-9053-683be52add2b,1.7773411332624494e+18
f5aeacca-71ae-456a-9053-683be52add2b,1.7773411332957924e+18
f5aeacca-71ae-456a-9053-683be52add2b,1.7773411333291343e+18
f5aeacca-71ae-456a-9053-683be52add2b,1.7773411333624773e+18
f5aeacca-71ae-456a-9053-683be52add2b,1.7773411333958193e+18
f5aeacca-71ae-456a-9053-683be52add2b,1.7773411334291612e+18
f5aeacca-71ae-456a-9053-683be52add2b,1.7773411334625044e+18
f5aeacca-71ae-456a-9053-683be52add2b,1.7773411334958464e+18
f5aeacca-71ae-456a-9053-683be52add2b,1.7773411335291894e+18
f5aeacca-71ae-456a-9053-683be52add2b,1.7773411335625313e+18
f5aeacca-71ae-456a-9053-683be52add2b,1.7773411335958743e+18
f5aeacca-71ae-456a-9053-683be52add2b,1.7773411336292163e+18
f5aeacca-71ae-456a-9053-683be52add2b,1.7773411336625592e+18
f5aeacca-71ae-456a-9053-683be52add2b,1.7773411336959014e+18
f5aeacca-71ae-456a-9053-683be52add2b,1.7773411337292434e+18
f5aeacca-71ae-456a-9053-683be52add2b,1.7773411337625864e+18
f5aeacca-71ae-456a-9053-683be52add2b,1.7773411337959283e+18
f5aeacca-71ae-456a-9053-683be52add2b,1.7773411338292713e+18
f5aeacca-71ae-456a-9053-683be52add2b,1.7773411338626132e+18
f5aeacca-71ae-456a-9053-683be52add2b,1.7773411338959562e+18
f5aeacca-71ae-456a-9053-683be52add2b,1.7773411339292984e+18
f5aeacca-71ae-456a-9053-683be52add2b,1.7773411339626414e+18
f5aeacca-71ae-456a-9053-683be52add2b,1.7773411339959834e+18
f5aeacca-71ae-456a-9053-683be52add2b,1.7773411340293263e+18
f5aeacca-71ae-456a-9053-683be52add2b,1.7773411340626683e+18
f5aeacca-71ae-456a-9053-683be52add2b,1.7773411340960102e+18
f5aeacca-71ae-456a-9053-683be52add2b,1.7773411341293532e+18
f5aeacca-71ae-456a-9053-683be52add2b,1.7773411341626954e+18
f5aeacca-71ae-456a-9053-683be52add2b,1.7773411341960384e+18
f5aeacca-71ae-456a-9053-683be52add2b,1.7773411342293804e+18
f5aeacca-71ae-456a-9053-683be52add2b,1.7773411342627233e+18
f5aeacca-71ae-456a-9053-683be52add2b,1.7773411342960653e+18
f5aeacca-71ae-456a-9053-683be52add2b,1.7773411343294083e+18
f5aeacca-71ae-456a-9053-683be52add2b,1.7773411343627505e+18
f5aeacca-71ae-456a-9053-683be52add2b,1.7773411343960924e+18
f5aeacca-71ae-456a-9053-683be52add2b,1.7773411344294354e+18
f5aeacca-71ae-456a-9053-683be52add2b,1.7773411344627773e+18
f5aeacca-71ae-456a-9053-683be52add2b,1.7773411344961203e+18
f5aeacca-71ae-456a-9053-683be52add2b,1.7773411345294623e+18
f5aeacca-71ae-456a-9053-683be52add2b,1.7773411345628052e+18
f5aeacca-71ae-456a-9053-683be52add2b,1.7773411345961475e+18
f5aeacca-71ae-456a-9053-683be52add2b,1.7773411346294904e+18
f5aeacca-71ae-456a-9053-683be52add2b,1.7773411346628324e+18
f5aeacca-71ae-456a-9053-683be52add2b,1.7773411346961743e+18
f5aeacca-71ae-456a-9053-683be52add2b,1.7773411347295173e+18
f5aeacca-71ae-456a-9053-683be52add2b,1.7773411347628593e+18
f5aeacca-71ae-456a-9053-683be52add2b,1.7773411347962022e+18
f5aeacca-71ae-456a-9053-683be52add2b,1.7773411348295444e+18
f5aeacca-71ae-456a-9053-683be52add2b,1.7773411348628874e+18
f5aeacca-71ae-456a-9053-683be52add2b,1.7773411348962294e+18
f5aeacca-71ae-456a-9053-683be52add2b,1.7773411349295724e+18
f5aeacca-71ae-456a-9053-683be52add2b,1.7773411349629143e+18
f5aeacca-71ae-456a-9053-683be52add2b,1.7773411349962563e+18
f5aeacca-71ae-456a-9053-683be52add2b,1.7773411350295992e+18
f5aeacca-71ae-456a-9053-683be52add2b,1.7773411350629414e+18
f5aeacca-71ae-456a-9053-683be52add2b,1.7773411350962844e+18
f5aeacca-71ae-456a-9053-683be52add2b,1.7773411351296264e+18
f5aeacca-71ae-456a-9053-683be52add2b,1.7773411351629693e+18
f5aeacca-71ae-456a-9053-683be52add2b,1.7773411351963113e+18
f5aeacca-71ae-456a-9053-683be52add2b,1.7773411352296543e+18
f5aeacca-71ae-456a-9053-683be52add2b,1.7773411352629962e+18
f5aeacca-71ae-456a-9053-683be52add2b,1.7773411352963384e+18
f5aeacca-71ae-456a-9053-683be52add2b,1.7773411353296814e+18
f5aeacca-71ae-456a-9053-683be52add2b,1.7773411353630234e+18
f5aeacca-71ae-456a-9053-683be52add2b,1.7773411353963663e+18
f5aeacca-71ae-456a-9053-683be52add2b,1.7773411354297083e+18
f5aeacca-71ae-456a-9053-683be52add2b,1.7773411354630513e+18
f5aeacca-71ae-456a-9053-683be52add2b,1.7773411354963932e+18
f5aeacca-71ae-456a-9053-683be52add2b,1.7773411355297364e+18
f5aeacca-71ae-456a-9053-683be52add2b,1.7773411355630784e+18
f5aeacca-71ae-456a-9053-683be52add2b,1.7773411355964204e+18
f5aeacca-71ae-456a-9053-683be52add2b,1.7773411356297633e+18
f5aeacca-71ae-456a-9053-683be52add2b,1.7773411356631053e+18
f5aeacca-71ae-456a-9053-683be52add2b,1.7773411356964483e+18
f5aeacca-71ae-456a-9053-683be52add2b,1.7773411357297905e+18
f5aeacca-71ae-456a-9053-683be52add2b,1.7773411357631334e+18
f5aeacca-71ae-456a-9053-683be52add2b,1.7773411357964754e+18
f5aeacca-71ae-456a-9053-683be52add2b,1.7773411358298184e+18
f5aeacca-71ae-456a-9053-683be52add2b,1.7773411358631603e+18
f5aeacca-71ae-456a-9053-683be52add2b,1.7773411358965033e+18
f5aeacca-71ae-456a-9053-683be52add2b,1.7773411359298452e+18
f5aeacca-71ae-456a-9053-683be52add2b,1.7773411359631875e+18
f5aeacca-71ae-456a-9053-683be52add2b,1.7773411359965304e+18
f5aeacca-71ae-456a-9053-683be52add2b,1.7773411360298724e+18
f5aeacca-71ae-456a-9053-683be52add2b,1.7773411360632154e+18
f5aeacca-71ae-456a-9053-683be52add2b,1.7773411360965573e+18
f5aeacca-71ae-456a-9053-683be52add2b,1.7773411361299003e+18
f5aeacca-71ae-456a-9053-683be52add2b,1.7773411361632422e+18
f5aeacca-71ae-456a-9053-683be52add2b,1.7773411361965844e+18
f5aeacca-71ae-456a-9053-683be52add2b,1.7773411362299274e+18
f5aeacca-71ae-456a-9053-683be52add2b,1.7773411362632694e+18
f5aeacca-71ae-456a-9053-683be52add2b,1.7773411362966124e+18
f5aeacca-71ae-456a-9053-683be52add2b,1.7773411363299543e+18
f5aeacca-71ae-456a-9053-683be52add2b,1.7773411363632973e+18
f5aeacca-71ae-456a-9053-683be52add2b,1.7773411363966392e+18
f5aeacca-71ae-456a-9053-683be52add2b,1.7773411364299825e+18
f5aeacca-71ae-456a-9053-683be52add2b,1.7773411364633244e+18
f5aeacca-71ae-456a-9053-683be52add2b,1.7773411364966674e+18
f5aeacca-71ae-456a-9053-683be52add2b,1.7773411365300093e+18
f5aeacca-71ae-456a-9053-683be52add2b,1.7773411365633513e+18
f5aeacca-71ae-456a-9053-683be52add2b,1.7773411365966943e+18
f5aeacca-71ae-456a-9053-683be52add2b,1.7773411366300362e+18
f5aeacca-71ae-456a-9053-683be52add2b,1.7773411366633795e+18
f5aeacca-71ae-456a-9053-683be52add2b,1.7773411366967214e+18
f5aeacca-71ae-456a-9053-683be52add2b,1.7773411367300644e+18
f5aeacca-71ae-456a-9053-683be52add2b,1.7773411367634063e+18
f5aeacca-71ae-456a-9053-683be52add2b,1.7773411367967493e+18
f5aeacca-71ae-456a-9053-683be52add2b,1.7773411368300913e+18
f5aeacca-71ae-456a-9053-683be52add2b,1.7773411368634332e+18
f5aeacca-71ae-456a-9053-683be52add2b,1.7773411368967764e+18
f5aeacca-71ae-456a-9053-683be52add2b,1.7773411369301184e+18
f5aeacca-71ae-456a-9053-683be52add2b,1.7773411369634614e+18
f5aeacca-71ae-456a-9053-683be52add2b,1.7773411369968033e+18
f5aeacca-71ae-456a-9053-683be52add2b,1.7773411370301463e+18
f5aeacca-71ae-456a-9053-683be52add2b,1.7773411370634883e+18
f5aeacca-71ae-456a-9053-683be52add2b,1.7773411370968312e+18
f5aeacca-71ae-456a-9053-683be52add2b,1.7773411371301734e+18
f5aeacca-71ae-456a-9053-683be52add2b,1.7773411371635154e+18
f5aeacca-71ae-456a-9053-683be52add2b,1.7773411371968584e+18
f5aeacca-71ae-456a-9053-683be52add2b,1.7773411372302003e+18
f5aeacca-71ae-456a-9053-683be52add2b,1.7773411372635433e+18
f5aeacca-71ae-456a-9053-683be52add2b,1.7773411372968852e+18
f5aeacca-71ae-456a-9053-683be52add2b,1.7773411373302282e+18
f5aeacca-71ae-456a-9053-683be52add2b,1.7773411373635704e+18
f5aeacca-71ae-456a-9053-683be52add2b,1.7773411373969134e+18
f5aeacca-71ae-456a-9053-683be52add2b,1.7773411374302554e+18
f5aeacca-71ae-456a-9053-683be52add2b,1.7773411374635973e+18
f5aeacca-71ae-456a-9053-683be52add2b,1.7773411374969403e+18
f5aeacca-71ae-456a-9053-683be52add2b,1.7773411375302822e+18
f5aeacca-71ae-456a-9053-683be52add2b,1.7773411375636252e+18
f5aeacca-71ae-456a-9053-683be52add2b,1.7773411375969674e+18
f5aeacca-71ae-456a-9053-683be52add2b,1.7773411376303104e+18
f5aeacca-71ae-456a-9053-683be52add2b,1.7773411376636524e+18
f5aeacca-71ae-456a-9053-683be52add2b,1.7773411376969953e+18
f5aeacca-71ae-456a-9053-683be52add2b,1.7773411377303373e+18
f5aeacca-71ae-456a-9053-683be52add2b,1.7773411377636803e+18
f5aeacca-71ae-456a-9053-683be52add2b,1.7773411377970225e+18
f5aeacca-71ae-456a-9053-683be52add2b,1.7773411378303644e+18
f5aeacca-71ae-456a-9053-683be52add2b,1.7773411378637074e+18
f5aeacca-71ae-456a-9053-683be52add2b,1.7773411378970493e+18
f5aeacca-71ae-456a-9053-683be52add2b,1.7773411379303923e+18
f5aeacca-71ae-456a-9053-683be52add2b,1.7773411379637343e+18
f5aeacca-71ae-456a-9053-683be52add2b,1.7773411379970772e+18
f5aeacca-71ae-456a-9053-683be52add2b,1.7773411380304195e+18
f5aeacca-71ae-456a-9053-683be52add2b,1.7773411380637614e+18
f5aeacca-71ae-456a-9053-683be52add2b,1.7773411380971044e+18
f5aeacca-71ae-456a-9053-683be52add2b,1.7773411381304463e+18
f5aeacca-71ae-456a-9053-683be52add2b,1.7773411381637893e+18
f5aeacca-71ae-456a-9053-683be52add2b,1.7773411381971313e+18
f5aeacca-71ae-456a-9053-683be52add2b,1.7773411382304742e+18
f5aeacca-71ae-456a-9053-683be52add2b,1.7773411382638164e+18
f5aeacca-71ae-456a-9053-683be52add2b,1.7773411382971594e+18
f5aeacca-71ae-456a-9053-683be52add2b,1.7773411383305014e+18
f5aeacca-71ae-456a-9053-683be52add2b,1.7773411383638444e+18
f5aeacca-71ae-456a-9053-683be52add2b,1.7773411383971863e+18
f5aeacca-71ae-456a-9053-683be52add2b,1.7773411384305283e+18
f5aeacca-71ae-456a-9053-683be52add2b,1.7773411384638712e+18
f5aeacca-71ae-456a-9053-683be52add2b,1.7773411384972134e+18
f5aeacca-71ae-456a-9053-683be52add2b,1.7773411385305564e+18
f5aeacca-71ae-456a-9053-683be52add2b,1.7773411385638984e+18
f5aeacca-71ae-456a-9053-683be52add2b,1.7773411385972413e+18
f5aeacca-71ae-456a-9053-683be52add2b,1.7773411386305833e+18
f5aeacca-71ae-456a-9053-683be52add2b,1.7773411386639263e+18
f5aeacca-71ae-456a-9053-683be52add2b,1.7773411386972682e+18
f5aeacca-71ae-456a-9053-683be52add2b,1.7773411387306104e+18
f5aeacca-71ae-456a-9053-683be52add2b,1.7773411387639534e+18
f5aeacca-71ae-456a-9053-683be52add2b,1.7773411387972954e+18
f5aeacca-71ae-456a-9053-683be52add2b,1.7773411388306383e+18
f5aeacca-71ae-456a-9053-683be52add2b,1.7773411388639803e+18
f5aeacca-71ae-456a-9053-683be52add2b,1.7773411388973233e+18
f5aeacca-71ae-456a-9053-683be52add2b,1.7773411389306652e+18
f5aeacca-71ae-456a-9053-683be52add2b,1.7773411389640084e+18
f5aeacca-71ae-456a-9053-683be52add2b,1.7773411389973504e+18
f5aeacca-71ae-456a-9053-683be52add2b,1.7773411390306924e+18
f5aeacca-71ae-456a-9053-683be52add2b,1.7773411390640353e+18
f5aeacca-71ae-456a-9053-683be52add2b,1.7773411390973773e+18
f5aeacca-71ae-456a-9053-683be52add2b,1.7773411391307203e+18
f5aeacca-71ae-456a-9053-683be52add2b,1.7773411391640625e+18
f5aeacca-71ae-456a-9053-683be52add2b,1.7773411391974054e+18
f5aeacca-71ae-456a-9053-683be52add2b,1.7773411392307474e+18
f5aeacca-71ae-456a-9053-683be52add2b,1.7773411392640904e+18
f5aeacca-71ae-456a-9053-683be52add2b,1.7773411392974323e+18
f5aeacca-71ae-456a-9053-683be52add2b,1.7773411393307743e+18
f5aeacca-71ae-456a-9053-683be52add2b,1.7773411393641172e+18
f5aeacca-71ae-456a-9053-683be52add2b,1.7773411393974595e+18
f5aeacca-71ae-456a-9053-683be52add2b,1.7773411394308024e+18
f5aeacca-71ae-456a-9053-683be52add2b,1.7773411394641444e+18
f5aeacca-71ae-456a-9053-683be52add2b,1.7773411394974874e+18
f5aeacca-71ae-456a-9053-683be52add2b,1.7773411395308293e+18
f5aeacca-71ae-456a-9053-683be52add2b,1.7773411395641723e+18
f5aeacca-71ae-456a-9053-683be52add2b,1.7773411395975142e+18
f5aeacca-71ae-456a-9053-683be52add2b,1.7773411396308572e+18
f5aeacca-71ae-456a-9053-683be52add2b,1.7773411396641994e+18
f5aeacca-71ae-456a-9053-683be52add2b,1.7773411396975414e+18
f5aeacca-71ae-456a-9053-683be52add2b,1.7773411397308844e+18
f5aeacca-71ae-456a-9053-683be52add2b,1.7773411397642263e+18
f5aeacca-71ae-456a-9053-683be52add2b,1.7773411397975693e+18
f5aeacca-71ae-456a-9053-683be52add2b,1.7773411398309112e+18
f5aeacca-71ae-456a-9053-683be52add2b,1.7773411398642545e+18
f5aeacca-71ae-456a-9053-683be52add2b,1.7773411398975964e+18
f5aeacca-71ae-456a-9053-683be52add2b,1.7773411399309384e+18
f5aeacca-71ae-456a-9053-683be52add2b,1.7773411399642813e+18
f5aeacca-71ae-456a-9053-683be52add2b,1.7773411399976233e+18
f5aeacca-71ae-456a-9053-683be52add2b,1.7773411400309663e+18
f5aeacca-71ae-456a-9053-683be52add2b,1.7773411400643082e+18
f5aeacca-71ae-456a-9053-683be52add2b,1.7773411400976515e+18
f5aeacca-71ae-456a-9053-683be52add2b,1.7773411401309934e+18
f5aeacca-71ae-456a-9053-683be52add2b,1.7773411401643364e+18
f5aeacca-71ae-456a-9053-683be52add2b,1.7773411401976783e+18
f5aeacca-71ae-456a-9053-683be52add2b,1.7773411402310213e+18
f5aeacca-71ae-456a-9053-683be52add2b,1.7773411402643633e+18
f5aeacca-71ae-456a-9053-683be52add2b,1.7773411402977052e+18
f5aeacca-71ae-456a-9053-683be52add2b,1.7773411403310484e+18
f5aeacca-71ae-456a-9053-683be52add2b,1.7773411403643904e+18
f5aeacca-71ae-456a-9053-683be52add2b,1.7773411403977334e+18
f5aeacca-71ae-456a-9053-683be52add2b,1.7773411404310753e+18
f5aeacca-71ae-456a-9053-683be52add2b,1.7773411404644183e+18
f5aeacca-71ae-456a-9053-683be52add2b,1.7773411404977603e+18
f5aeacca-71ae-456a-9053-683be52add2b,1.7773411405311032e+18
f5aeacca-71ae-456a-9053-683be52add2b,1.7773411405644454e+18
f5aeacca-71ae-456a-9053-683be52add2b,1.7773411405977874e+18
f5aeacca-71ae-456a-9053-683be52add2b,1.7773411406311304e+18
f5aeacca-71ae-456a-9053-683be52add2b,1.7773411406644723e+18
f5aeacca-71ae-456a-9053-683be52add2b,1.7773411406978153e+18
f5aeacca-71ae-456a-9053-683be52add2b,1.7773411407311572e+18
f5aeacca-71ae-456a-9053-683be52add2b,1.7773411407645002e+18
f5aeacca-71ae-456a-9053-683be52add2b,1.7773411407978424e+18
f5aeacca-71ae-456a-9053-683be52add2b,1.7773411408311854e+18
f5aeacca-71ae-456a-9053-683be52add2b,1.7773411408645274e+18
f5aeacca-71ae-456a-9053-683be52add2b,1.7773411408978693e+18
f5aeacca-71ae-456a-9053-683be52add2b,1.7773411409312123e+18
f5aeacca-71ae-456a-9053-683be52add2b,1.7773411409645542e+18
f5aeacca-71ae-456a-9053-683be52add2b,1.7773411409978972e+18
f5aeacca-71ae-456a-9053-683be52add2b,1.7773411410312394e+18
f5aeacca-71ae-456a-9053-683be52add2b,1.7773411410645824e+18
f5aeacca-71ae-456a-9053-683be52add2b,1.7773411410979244e+18
f5aeacca-71ae-456a-9053-683be52add2b,1.7773411411312673e+18
f5aeacca-71ae-456a-9053-683be52add2b,1.7773411411646093e+18
f5aeacca-71ae-456a-9053-683be52add2b,1.7773411411979523e+18
f5aeacca-71ae-456a-9053-683be52add2b,1.7773411412312945e+18
f5aeacca-71ae-456a-9053-683be52add2b,1.7773411412646364e+18
f5aeacca-71ae-456a-9053-683be52add2b,1.7773411412979794e+18
f5aeacca-71ae-456a-9053-683be52add2b,1.7773411413313213e+18
f5aeacca-71ae-456a-9053-683be52add2b,1.7773411413646643e+18
f5aeacca-71ae-456a-9053-683be52add2b,1.7773411413980063e+18
f5aeacca-71ae-456a-9053-683be52add2b,1.7773411414313492e+18
f5aeacca-71ae-456a-9053-683be52add2b,1.7773411414646915e+18
f5aeacca-71ae-456a-9053-683be52add2b,1.7773411414980344e+18
f5aeacca-71ae-456a-9053-683be52add2b,1.7773411415313764e+18
f5aeacca-71ae-456a-9053-683be52add2b,1.7773411415647183e+18
f5aeacca-71ae-456a-9053-683be52add2b,1.7773411415980613e+18
f5aeacca-71ae-456a-9053-683be52add2b,1.7773411416314033e+18
f5aeacca-71ae-456a-9053-683be52add2b,1.7773411416647462e+18
f5aeacca-71ae-456a-9053-683be52add2b,1.7773411416980884e+18
f5aeacca-71ae-456a-9053-683be52add2b,1.7773411417314314e+18
f5aeacca-71ae-456a-9053-683be52add2b,1.7773411417647734e+18
f5aeacca-71ae-456a-9053-683be52add2b,1.7773411417981164e+18
f5aeacca-71ae-456a-9053-683be52add2b,1.7773411418314583e+18
f5aeacca-71ae-456a-9053-683be52add2b,1.7773411418648003e+18
f5aeacca-71ae-456a-9053-683be52add2b,1.7773411418981432e+18
f5aeacca-71ae-456a-9053-683be52add2b,1.7773411419314854e+18
f5aeacca-71ae-456a-9053-683be52add2b,1.7773411419648284e+18
f5aeacca-71ae-456a-9053-683be52add2b,1.7773411419981704e+18
f5aeacca-71ae-456a-9053-683be52add2b,1.7773411420315133e+18
f5aeacca-71ae-456a-9053-683be52add2b,1.7773411420648553e+18
f5aeacca-71ae-456a-9053-683be52add2b,1.7773411420981983e+18
f5aeacca-71ae-456a-9053-683be52add2b,1.7773411421315402e+18
f5aeacca-71ae-456a-9053-683be52add2b,1.7773411421648835e+18
f5aeacca-71ae-456a-9053-683be52add2b,1.7773411421982254e+18
f5aeacca-71ae-456a-9053-683be52add2b,1.7773411422315674e+18
f5aeacca-71ae-456a-9053-683be52add2b,1.7773411422649103e+18
f5aeacca-71ae-456a-9053-683be52add2b,1.7773411422982523e+18
f5aeacca-71ae-456a-9053-683be52add2b,1.7773411423315953e+18
f5aeacca-71ae-456a-9053-683be52add2b,1.7773411423649372e+18
f5aeacca-71ae-456a-9053-683be52add2b,1.7773411423982804e+18
f5aeacca-71ae-456a-9053-683be52add2b,1.7773411424316224e+18
f5aeacca-71ae-456a-9053-683be52add2b,1.7773411424649654e+18
f5aeacca-71ae-456a-9053-683be52add2b,1.7773411424983073e+18
f5aeacca-71ae-456a-9053-683be52add2b,1.7773411425316493e+18
f5aeacca-71ae-456a-9053-683be52add2b,1.7773411425649923e+18
f5aeacca-71ae-456a-9053-683be52add2b,1.7773411425983345e+18
f5aeacca-71ae-456a-9053-683be52add2b,1.7773411426316774e+18
f5aeacca-71ae-456a-9053-683be52add2b,1.7773411426650194e+18
f5aeacca-71ae-456a-9053-683be52add2b,1.7773411426983624e+18
f5aeacca-71ae-456a-9053-683be52add2b,1.7773411427317043e+18
f5aeacca-71ae-456a-9053-683be52add2b,1.7773411427650473e+18
f5aeacca-71ae-456a-9053-683be52add2b,1.7773411427983892e+18
f5aeacca-71ae-456a-9053-683be52add2b,1.7773411428317315e+18
f5aeacca-71ae-456a-9053-683be52add2b,1.7773411428650744e+18
f5aeacca-71ae-456a-9053-683be52add2b,1.7773411428984164e+18
f5aeacca-71ae-456a-9053-683be52add2b,1.7773411429317594e+18
f5aeacca-71ae-456a-9053-683be52add2b,1.7773411429651013e+18
f5aeacca-71ae-456a-9053-683be52add2b,1.7773411429984443e+18
f5aeacca-71ae-456a-9053-683be52add2b,1.7773411430317862e+18
f5aeacca-71ae-456a-9053-683be52add2b,1.7773411430651292e+18
f5aeacca-71ae-456a-9053-683be52add2b,1.7773411430984714e+18
f5aeacca-71ae-456a-9053-683be52add2b,1.7773411431318134e+18
f5aeacca-71ae-456a-9053-683be52add2b,1.7773411431651564e+18
f5aeacca-71ae-456a-9053-683be52add2b,1.7773411431984983e+18
f5aeacca-71ae-456a-9053-683be52add2b,1.7773411432318413e+18
f5aeacca-71ae-456a-9053-683be52add2b,1.7773411432651832e+18
f5aeacca-71ae-456a-9053-683be52add2b,1.7773411432985265e+18
f5aeacca-71ae-456a-9053-683be52add2b,1.7773411433318684e+18
f5aeacca-71ae-456a-9053-683be52add2b,1.7773411433652114e+18
f5aeacca-71ae-456a-9053-683be52add2b,1.7773411433985533e+18
f5aeacca-71ae-456a-9053-683be52add2b,1.7773411434318953e+18
f5aeacca-71ae-456a-9053-683be52add2b,1.7773411434652383e+18
f5aeacca-71ae-456a-9053-683be52add2b,1.7773411434985802e+18
f5aeacca-71ae-456a-9053-683be52add2b,1.7773411435319235e+18
f5aeacca-71ae-456a-9053-683be52add2b,1.7773411435652654e+18
f5aeacca-71ae-456a-9053-683be52add2b,1.7773411435986084e+18
f5aeacca-71ae-456a-9053-683be52add2b,1.7773411436319503e+18
f5aeacca-71ae-456a-9053-683be52add2b,1.7773411436652933e+18
f5aeacca-71ae-456a-9053-683be52add2b,1.7773411436986353e+18
f5aeacca-71ae-456a-9053-683be52add2b,1.7773411437319772e+18
f5aeacca-71ae-456a-9053-683be52add2b,1.7773411437653204e+18
f5aeacca-71ae-456a-9053-683be52add2b,1.7773411437986624e+18
f5aeacca-71ae-456a-9053-683be52add2b,1.7773411438320054e+18
f5aeacca-71ae-456a-9053-683be52add2b,1.7773411438653473e+18
f5aeacca-71ae-456a-9053-683be52add2b,1.7773411438986903e+18
f5aeacca-71ae-456a-9053-683be52add2b,1.7773411439320323e+18
f5aeacca-71ae-456a-9053-683be52add2b,1.7773411439653752e+18
f5aeacca-71ae-456a-9053-683be52add2b,1.7773411439987174e+18
f5aeacca-71ae-456a-9053-683be52add2b,1.7773411440320604e+18
f5aeacca-71ae-456a-9053-683be52add2b,1.7773411440654024e+18
f5aeacca-71ae-456a-9053-683be52add2b,1.7773411440987443e+18
f5aeacca-71ae-456a-9053-683be52add2b,1.7773411441320873e+18
f5aeacca-71ae-456a-9053-683be52add2b,1.7773411441654292e+18
f5aeacca-71ae-456a-9053-683be52add2b,1.7773411441987722e+18
f5aeacca-71ae-456a-9053-683be52add2b,1.7773411442321144e+18
f5aeacca-71ae-456a-9053-683be52add2b,1.7773411442654574e+18
f5aeacca-71ae-456a-9053-683be52add2b,1.7773411442987994e+18
f5aeacca-71ae-456a-9053-683be52add2b,1.7773411443321423e+18
f5aeacca-71ae-456a-9053-683be52add2b,1.7773411443654843e+18
f5aeacca-71ae-456a-9053-683be52add2b,1.7773411443988262e+18
f5aeacca-71ae-456a-9053-683be52add2b,1.7773411444321692e+18
f5aeacca-71ae-456a-9053-683be52add2b,1.7773411444655114e+18
f5aeacca-71ae-456a-9053-683be52add2b,1.7773411444988544e+18
f5aeacca-71ae-456a-9053-683be52add2b,1.7773411445321964e+18
f5aeacca-71ae-456a-9053-683be52add2b,1.7773411445655393e+18
f5aeacca-71ae-456a-9053-683be52add2b,1.7773411445988813e+18
f5aeacca-71ae-456a-9053-683be52add2b,1.7773411446322243e+18
f5aeacca-71ae-456a-9053-683be52add2b,1.7773411446655665e+18
f5aeacca-71ae-456a-9053-683be52add2b,1.7773411446989084e+18
f5aeacca-71ae-456a-9053-683be52add2b,1.7773411447322514e+18
f5aeacca-71ae-456a-9053-683be52add2b,1.7773411447655933e+18
f5aeacca-71ae-456a-9053-683be52add2b,1.7773411447989363e+18
f5aeacca-71ae-456a-9053-683be52add2b,1.7773411448322783e+18
f5aeacca-71ae-456a-9053-683be52add2b,1.7773411448656212e+18
f5aeacca-71ae-456a-9053-683be52add2b,1.7773411448989635e+18
f5aeacca-71ae-456a-9053-683be52add2b,1.7773411449323064e+18
f5aeacca-71ae-456a-9053-683be52add2b,1.7773411449656484e+18
f5aeacca-71ae-456a-9053-683be52add2b,1.7773411449989903e+18
f5aeacca-71ae-456a-9053-683be52add2b,1.7773411450323333e+18
f5aeacca-71ae-456a-9053-683be52add2b,1.7773411450656753e+18
f5aeacca-71ae-456a-9053-683be52add2b,1.7773411450990182e+18
f5aeacca-71ae-456a-9053-683be52add2b,1.7773411451323604e+18
f5aeacca-71ae-456a-9053-683be52add2b,1.7773411451657034e+18
f5aeacca-71ae-456a-9053-683be52add2b,1.7773411451990454e+18
f5aeacca-71ae-456a-9053-683be52add2b,1.7773411452323884e+18
f5aeacca-71ae-456a-9053-683be52add2b,1.7773411452657303e+18
f5aeacca-71ae-456a-9053-683be52add2b,1.7773411452990723e+18
f5aeacca-71ae-456a-9053-683be52add2b,1.7773411453324152e+18
f5aeacca-71ae-456a-9053-683be52add2b,1.7773411453657574e+18
f5aeacca-71ae-456a-9053-683be52add2b,1.7773411453991004e+18
f5aeacca-71ae-456a-9053-683be52add2b,1.7773411454324424e+18
f5aeacca-71ae-456a-9053-683be52add2b,1.7773411454657853e+18
f5aeacca-71ae-456a-9053-683be52add2b,1.7773411454991273e+18
f5aeacca-71ae-456a-9053-683be52add2b,1.7773411455324703e+18
f5aeacca-71ae-456a-9053-683be52add2b,1.7773411455658122e+18
f5aeacca-71ae-456a-9053-683be52add2b,1.7773411455991544e+18
f5aeacca-71ae-456a-9053-683be52add2b,1.7773411456324974e+18
f5aeacca-71ae-456a-9053-683be52add2b,1.7773411456658394e+18
f5aeacca-71ae-456a-9053-683be52add2b,1.7773411456991823e+18
f5aeacca-71ae-456a-9053-683be52add2b,1.7773411457325243e+18
f5aeacca-71ae-456a-9053-683be52add2b,1.7773411457658673e+18
f5aeacca-71ae-456a-9053-683be52add2b,1.7773411457992092e+18
f5aeacca-71ae-456a-9053-683be52add2b,1.7773411458325524e+18
f5aeacca-71ae-456a-9053-683be52add2b,1.7773411458658944e+18
f5aeacca-71ae-456a-9053-683be52add2b,1.7773411458992374e+18
f5aeacca-71ae-456a-9053-683be52add2b,1.7773411459325793e+18
f5aeacca-71ae-456a-9053-683be52add2b,1.7773411459659213e+18
f5aeacca-71ae-456a-9053-683be52add2b,1.7773411459992643e+18
f5aeacca-71ae-456a-9053-683be52add2b,1.7773411460326065e+18
f5aeacca-71ae-456a-9053-683be52add2b,1.7773411460659494e+18
f5aeacca-71ae-456a-9053-683be52add2b,1.7773411460992914e+18
f5aeacca-71ae-456a-9053-683be52add2b,1.7773411461326344e+18
f5aeacca-71ae-456a-9053-683be52add2b,1.7773411461659763e+18
f5aeacca-71ae-456a-9053-683be52add2b,1.7773411461993183e+18
f5aeacca-71ae-456a-9053-683be52add2b,1.7773411462326612e+18
f5aeacca-71ae-456a-9053-683be52add2b,1.7773411462660035e+18
f5aeacca-71ae-456a-9053-683be52add2b,1.7773411462993464e+18
f5aeacca-71ae-456a-9053-683be52add2b,1.7773411463326884e+18
f5aeacca-71ae-456a-9053-683be52add2b,1.7773411463660314e+18
f5aeacca-71ae-456a-9053-683be52add2b,1.7773411463993733e+18
f5aeacca-71ae-456a-9053-683be52add2b,1.7773411464327163e+18
f5aeacca-71ae-456a-9053-683be52add2b,1.7773411464660582e+18
f5aeacca-71ae-456a-9053-683be52add2b,1.7773411464994012e+18
f5aeacca-71ae-456a-9053-683be52add2b,1.7773411465327434e+18
f5aeacca-71ae-456a-9053-683be52add2b,1.7773411465660854e+18
f5aeacca-71ae-456a-9053-683be52add2b,1.7773411465994284e+18
f5aeacca-71ae-456a-9053-683be52add2b,1.7773411466327703e+18
f5aeacca-71ae-456a-9053-683be52add2b,1.7773411466661133e+18
f5aeacca-71ae-456a-9053-683be52add2b,1.7773411466994552e+18
f5aeacca-71ae-456a-9053-683be52add2b,1.7773411467327985e+18
f5aeacca-71ae-456a-9053-683be52add2b,1.7773411467661404e+18
f5aeacca-71ae-456a-9053-683be52add2b,1.7773411467994834e+18
f5aeacca-71ae-456a-9053-683be52add2b,1.7773411468328253e+18
f5aeacca-71ae-456a-9053-683be52add2b,1.7773411468661673e+18
f5aeacca-71ae-456a-9053-683be52add2b,1.7773411468995103e+18
f5aeacca-71ae-456a-9053-683be52add2b,1.7773411469328522e+18
f5aeacca-71ae-456a-9053-683be52add2b,1.7773411469661955e+18
f5aeacca-71ae-456a-9053-683be52add2b,1.7773411469995374e+18
f5aeacca-71ae-456a-9053-683be52add2b,1.7773411470328804e+18
f5aeacca-71ae-456a-9053-683be52add2b,1.7773411470662223e+18
f5aeacca-71ae-456a-9053-683be52add2b,1.7773411470995653e+18
f5aeacca-71ae-456a-9053-683be52add2b,1.7773411471329073e+18
f5aeacca-71ae-456a-9053-683be52add2b,1.7773411471662492e+18
f5aeacca-71ae-456a-9053-683be52add2b,1.7773411471995924e+18
f5aeacca-71ae-456a-9053-683be52add2b,1.7773411472329344e+18
f5aeacca-71ae-456a-9053-683be52add2b,1.7773411472662774e+18
f5aeacca-71ae-456a-9053-683be52add2b,1.7773411472996193e+18
f5aeacca-71ae-456a-9053-683be52add2b,1.7773411473329623e+18
f5aeacca-71ae-456a-9053-683be52add2b,1.7773411473663043e+18
f5aeacca-71ae-456a-9053-683be52add2b,1.7773411473996472e+18
f5aeacca-71ae-456a-9053-683be52add2b,1.7773411474329894e+18
f5aeacca-71ae-456a-9053-683be52add2b,1.7773411474663314e+18
f5aeacca-71ae-456a-9053-683be52add2b,1.7773411474996744e+18
f5aeacca-71ae-456a-9053-683be52add2b,1.7773411475330163e+18
f5aeacca-71ae-456a-9053-683be52add2b,1.7773411475663593e+18
f5aeacca-71ae-456a-9053-683be52add2b,1.7773411475997012e+18
f5aeacca-71ae-456a-9053-683be52add2b,1.7773411476330442e+18
f5aeacca-71ae-456a-9053-683be52add2b,1.7773411476663864e+18
f5aeacca-71ae-456a-9053-683be52add2b,1.7773411476997294e+18
f5aeacca-71ae-456a-9053-683be52add2b,1.7773411477330714e+18
f5aeacca-71ae-456a-9053-683be52add2b,1.7773411477664143e+18
f5aeacca-71ae-456a-9053-683be52add2b,1.7773411477997563e+18
f5aeacca-71ae-456a-9053-683be52add2b,1.7773411478330982e+18
f5aeacca-71ae-456a-9053-683be52add2b,1.7773411478664412e+18
f5aeacca-71ae-456a-9053-683be52add2b,1.7773411478997834e+18
f5aeacca-71ae-456a-9053-683be52add2b,1.7773411479331264e+18
f5aeacca-71ae-456a-9053-683be52add2b,1.7773411479664684e+18
f5aeacca-71ae-456a-9053-683be52add2b,1.7773411479998113e+18
f5aeacca-71ae-456a-9053-683be52add2b,1.7773411480331533e+18
f5aeacca-71ae-456a-9053-683be52add2b,1.7773411480664952e+18
f5aeacca-71ae-456a-9053-683be52add2b,1.7773411480998385e+18
f5aeacca-71ae-456a-9053-683be52add2b,1.7773411481331804e+18
f5aeacca-71ae-456a-9053-683be52add2b,1.7773411481665234e+18
f5aeacca-71ae-456a-9053-683be52add2b,1.7773411481998653e+18
f5aeacca-71ae-456a-9053-683be52add2b,1.7773411482332083e+18
f5aeacca-71ae-456a-9053-683be52add2b,1.7773411482665503e+18
f5aeacca-71ae-456a-9053-683be52add2b,1.7773411482998932e+18
f5aeacca-71ae-456a-9053-683be52add2b,1.7773411483332355e+18
f5aeacca-71ae-456a-9053-683be52add2b,1.7773411483665784e+18
f5aeacca-71ae-456a-9053-683be52add2b,1.7773411483999204e+18
f5aeacca-71ae-456a-9053-683be52add2b,1.7773411484332623e+18
f5aeacca-71ae-456a-9053-683be52add2b,1.7773411484666053e+18
f5aeacca-71ae-456a-9053-683be52add2b,1.7773411484999473e+18
f5aeacca-71ae-456a-9053-683be52add2b,1.7773411485332902e+18
f5aeacca-71ae-456a-9053-683be52add2b,1.7773411485666324e+18
f5aeacca-71ae-456a-9053-683be52add2b,1.7773411485999754e+18
f5aeacca-71ae-456a-9053-683be52add2b,1.7773411486333174e+18
f5aeacca-71ae-456a-9053-683be52add2b,1.7773411486666604e+18
f5aeacca-71ae-456a-9053-683be52add2b,1.7773411487000023e+18
f5aeacca-71ae-456a-9053-683be52add2b,1.7773411487333443e+18
f5aeacca-71ae-456a-9053-683be52add2b,1.7773411487666872e+18
f5aeacca-71ae-456a-9053-683be52add2b,1.7773411488000294e+18
f5aeacca-71ae-456a-9053-683be52add2b,1.7773411488333724e+18
f5aeacca-71ae-456a-9053-683be52add2b,1.7773411488667144e+18
f5aeacca-71ae-456a-9053-683be52add2b,1.7773411489000573e+18
f5aeacca-71ae-456a-9053-683be52add2b,1.7773411489333993e+18
f5aeacca-71ae-456a-9053-683be52add2b,1.7773411489667423e+18
f5aeacca-71ae-456a-9053-683be52add2b,1.7773411490000842e+18
f5aeacca-71ae-456a-9053-683be52add2b,1.7773411490334264e+18
f5aeacca-71ae-456a-9053-683be52add2b,1.7773411490667694e+18
f5aeacca-71ae-456a-9053-683be52add2b,1.7773411491001114e+18
f5aeacca-71ae-456a-9053-683be52add2b,1.7773411491334543e+18
f5aeacca-71ae-456a-9053-683be52add2b,1.7773411491667963e+18
f5aeacca-71ae-456a-9053-683be52add2b,1.7773411492001393e+18
f5aeacca-71ae-456a-9053-683be52add2b,1.7773411492334812e+18
f5aeacca-71ae-456a-9053-683be52add2b,1.7773411492668244e+18
f5aeacca-71ae-456a-9053-683be52add2b,1.7773411493001664e+18
f5aeacca-71ae-456a-9053-683be52add2b,1.7773411493335084e+18
f5aeacca-71ae-456a-9053-683be52add2b,1.7773411493668513e+18
f5aeacca-71ae-456a-9053-683be52add2b,1.7773411494001933e+18
f5aeacca-71ae-456a-9053-683be52add2b,1.7773411494335363e+18
f5aeacca-71ae-456a-9053-683be52add2b,1.7773411494668785e+18
f5aeacca-71ae-456a-9053-683be52add2b,1.7773411495002214e+18
f5aeacca-71ae-456a-9053-683be52add2b,1.7773411495335634e+18
f5aeacca-71ae-456a-9053-683be52add2b,1.7773411495669064e+18
f5aeacca-71ae-456a-9053-683be52add2b,1.7773411496002483e+18
f5aeacca-71ae-456a-9053-683be52add2b,1.7773411496335913e+18
f5aeacca-71ae-456a-9053-683be52add2b,1.7773411496669332e+18
f5aeacca-71ae-456a-9053-683be52add2b,1.7773411497002755e+18
f5aeacca-71ae-456a-9053-683be52add2b,1.7773411497336184e+18
f5aeacca-71ae-456a-9053-683be52add2b,1.7773411497669604e+18
f5aeacca-71ae-456a-9053-683be52add2b,1.7773411498003034e+18
f5aeacca-71ae-456a-9053-683be52add2b,1.7773411498336453e+18
f5aeacca-71ae-456a-9053-683be52add2b,1.7773411498669883e+18
f5aeacca-71ae-456a-9053-683be52add2b,1.7773411499003302e+18
f5aeacca-71ae-456a-9053-683be52add2b,1.7773411499336724e+18
f5aeacca-71ae-456a-9053-683be52add2b,1.7773411499670154e+18
f5aeacca-71ae-456a-9053-683be52add2b,1.7773411500003574e+18
f5aeacca-71ae-456a-9053-683be52add2b,1.7773411500337004e+18
f5aeacca-71ae-456a-9053-683be52add2b,1.7773411500670423e+18
f5aeacca-71ae-456a-9053-683be52add2b,1.7773411501003853e+18
f5aeacca-71ae-456a-9053-683be52add2b,1.7773411501337272e+18
f5aeacca-71ae-456a-9053-683be52add2b,1.7773411501670705e+18
f5aeacca-71ae-456a-9053-683be52add2b,1.7773411502004124e+18
f5aeacca-71ae-456a-9053-683be52add2b,1.7773411502337554e+18
f5aeacca-71ae-456a-9053-683be52add2b,1.7773411502670973e+18
f5aeacca-71ae-456a-9053-683be52add2b,1.7773411503004393e+18
f5aeacca-71ae-456a-9053-683be52add2b,1.7773411503337823e+18
f5aeacca-71ae-456a-9053-683be52add2b,1.7773411503671242e+18
f5aeacca-71ae-456a-9053-683be52add2b,1.7773411504004675e+18
f5aeacca-71ae-456a-9053-683be52add2b,1.7773411504338094e+18
f5aeacca-71ae-456a-9053-683be52add2b,1.7773411504671524e+18
f5aeacca-71ae-456a-9053-683be52add2b,1.7773411505004943e+18
f5aeacca-71ae-456a-9053-683be52add2b,1.7773411505338373e+18
f5aeacca-71ae-456a-9053-683be52add2b,1.7773411505671793e+18
f5aeacca-71ae-456a-9053-683be52add2b,1.7773411506005212e+18
f5aeacca-71ae-456a-9053-683be52add2b,1.7773411506338644e+18
f5aeacca-71ae-456a-9053-683be52add2b,1.7773411506672064e+18
f5aeacca-71ae-456a-9053-683be52add2b,1.7773411507005494e+18
f5aeacca-71ae-456a-9053-683be52add2b,1.7773411507338913e+18
f5aeacca-71ae-456a-9053-683be52add2b,1.7773411507672343e+18
f5aeacca-71ae-456a-9053-683be52add2b,1.7773411508005763e+18
f5aeacca-71ae-456a-9053-683be52add2b,1.7773411508339192e+18
f5aeacca-71ae-456a-9053-683be52add2b,1.7773411508672614e+18
f5aeacca-71ae-456a-9053-683be52add2b,1.7773411509006034e+18
f5aeacca-71ae-456a-9053-683be52add2b,1.7773411509339464e+18
f5aeacca-71ae-456a-9053-683be52add2b,1.7773411509672883e+18
f5aeacca-71ae-456a-9053-683be52add2b,1.7773411510006313e+18
f5aeacca-71ae-456a-9053-683be52add2b,1.7773411510339732e+18
f5aeacca-71ae-456a-9053-683be52add2b,1.7773411510673162e+18
f5aeacca-71ae-456a-9053-683be52add2b,1.7773411511006584e+18
f5aeacca-71ae-456a-9053-683be52add2b,1.7773411511340014e+18
f5aeacca-71ae-456a-9053-683be52add2b,1.7773411511673434e+18
f5aeacca-71ae-456a-9053-683be52add2b,1.7773411512006853e+18
f5aeacca-71ae-456a-9053-683be52add2b,1.7773411512340283e+18
f5aeacca-71ae-456a-9053-683be52add2b,1.7773411512673702e+18
f5aeacca-71ae-456a-9053-683be52add2b,1.7773411513007132e+18
f5aeacca-71ae-456a-9053-683be52add2b,1.7773411513340554e+18
f5aeacca-71ae-456a-9053-683be52add2b,1.7773411513673984e+18
f5aeacca-71ae-456a-9053-683be52add2b,1.7773411514007404e+18
f5aeacca-71ae-456a-9053-683be52add2b,1.7773411514340833e+18
f5aeacca-71ae-456a-9053-683be52add2b,1.7773411514674253e+18
f5aeacca-71ae-456a-9053-683be52add2b,1.7773411515007683e+18
f5aeacca-71ae-456a-9053-683be52add2b,1.7773411515341105e+18
f5aeacca-71ae-456a-9053-683be52add2b,1.7773411515674524e+18
f5aeacca-71ae-456a-9053-683be52add2b,1.7773411516007954e+18
f5aeacca-71ae-456a-9053-683be52add2b,1.7773411516341373e+18
f5aeacca-71ae-456a-9053-683be52add2b,1.7773411516674803e+18
f5aeacca-71ae-456a-9053-683be52add2b,1.7773411517008223e+18
f5aeacca-71ae-456a-9053-683be52add2b,1.7773411517341652e+18
f5aeacca-71ae-456a-9053-683be52add2b,1.7773411517675075e+18
f5aeacca-71ae-456a-9053-683be52add2b,1.7773411518008504e+18
f5aeacca-71ae-456a-9053-683be52add2b,1.7773411518341924e+18
f5aeacca-71ae-456a-9053-683be52add2b,1.7773411518675343e+18
f5aeacca-71ae-456a-9053-683be52add2b,1.7773411519008773e+18
f5aeacca-71ae-456a-9053-683be52add2b,1.7773411519342193e+18
f5aeacca-71ae-456a-9053-683be52add2b,1.7773411519675622e+18
f5aeacca-71ae-456a-9053-683be52add2b,1.7773411520009044e+18
f5aeacca-71ae-456a-9053-683be52add2b,1.7773411520342474e+18
f5aeacca-71ae-456a-9053-683be52add2b,1.7773411520675894e+18
f5aeacca-71ae-456a-9053-683be52add2b,1.7773411521009324e+18
f5aeacca-71ae-456a-9053-683be52add2b,1.7773411521342743e+18
f5aeacca-71ae-456a-9053-683be52add2b,1.7773411521676163e+18
f5aeacca-71ae-456a-9053-683be52add2b,1.7773411522009592e+18
f5aeacca-71ae-456a-9053-683be52add2b,1.7773411522343014e+18
f5aeacca-71ae-456a-9053-683be52add2b,1.7773411522676444e+18
f5aeacca-71ae-456a-9053-683be52add2b,1.7773411523009864e+18
f5aeacca-71ae-456a-9053-683be52add2b,1.7773411523343293e+18
f5aeacca-71ae-456a-9053-683be52add2b,1.7773411523676713e+18
f5aeacca-71ae-456a-9053-683be52add2b,1.7773411524010143e+18
f5aeacca-71ae-456a-9053-683be52add2b,1.7773411524343562e+18
f5aeacca-71ae-456a-9053-683be52add2b,1.7773411524676984e+18
f5aeacca-71ae-456a-9053-683be52add2b,1.7773411525010414e+18
f5aeacca-71ae-456a-9053-683be52add2b,1.7773411525343834e+18
f5aeacca-71ae-456a-9053-683be52add2b,1.7773411525677263e+18
f5aeacca-71ae-456a-9053-683be52add2b,1.7773411526010683e+18
f5aeacca-71ae-456a-9053-683be52add2b,1.7773411526344113e+18
f5aeacca-71ae-456a-9053-683be52add2b,1.7773411526677532e+18
f5aeacca-71ae-456a-9053-683be52add2b,1.7773411527010964e+18
f5aeacca-71ae-456a-9053-683be52add2b,1.7773411527344384e+18
f5aeacca-71ae-456a-9053-683be52add2b,1.7773411527677804e+18
f5aeacca-71ae-456a-9053-683be52add2b,1.7773411528011233e+18
f5aeacca-71ae-456a-9053-683be52add2b,1.7773411528344653e+18
f5aeacca-71ae-456a-9053-683be52add2b,1.7773411528678083e+18
f5aeacca-71ae-456a-9053-683be52add2b,1.7773411529011505e+18
f5aeacca-71ae-456a-9053-683be52add2b,1.7773411529344934e+18
f5aeacca-71ae-456a-9053-683be52add2b,1.7773411529678354e+18
f5aeacca-71ae-456a-9053-683be52add2b,1.7773411530011784e+18
f5aeacca-71ae-456a-9053-683be52add2b,1.7773411530345203e+18
f5aeacca-71ae-456a-9053-683be52add2b,1.7773411530678623e+18
f5aeacca-71ae-456a-9053-683be52add2b,1.7773411531012052e+18
f5aeacca-71ae-456a-9053-683be52add2b,1.7773411531345475e+18
f5aeacca-71ae-456a-9053-683be52add2b,1.7773411531678904e+18
f5aeacca-71ae-456a-9053-683be52add2b,1.7773411532012324e+18
f5aeacca-71ae-456a-9053-683be52add2b,1.7773411532345754e+18
f5aeacca-71ae-456a-9053-683be52add2b,1.7773411532679173e+18
f5aeacca-71ae-456a-9053-683be52add2b,1.7773411533012603e+18
f5aeacca-71ae-456a-9053-683be52add2b,1.7773411533346022e+18
f5aeacca-71ae-456a-9053-683be52add2b,1.7773411533679452e+18
f5aeacca-71ae-456a-9053-683be52add2b,1.7773411534012874e+18
f5aeacca-71ae-456a-9053-683be52add2b,1.7773411534346294e+18
f5aeacca-71ae-456a-9053-683be52add2b,1.7773411534679724e+18
f5aeacca-71ae-456a-9053-683be52add2b,1.7773411535013143e+18
f5aeacca-71ae-456a-9053-683be52add2b,1.7773411535346573e+18
f5aeacca-71ae-456a-9053-683be52add2b,1.7773411535679992e+18
f5aeacca-71ae-456a-9053-683be52add2b,1.7773411536013425e+18
f5aeacca-71ae-456a-9053-683be52add2b,1.7773411536346844e+18
f5aeacca-71ae-456a-9053-683be52add2b,1.7773411536680274e+18
f5aeacca-71ae-456a-9053-683be52add2b,1.7773411537013693e+18
f5aeacca-71ae-456a-9053-683be52add2b,1.7773411537347113e+18
f5aeacca-71ae-456a-9053-683be52add2b,1.7773411537680543e+18
f5aeacca-71ae-456a-9053-683be52add2b,1.7773411538013962e+18
f5aeacca-71ae-456a-9053-683be52add2b,1.7773411538347395e+18
f5aeacca-71ae-456a-9053-683be52add2b,1.7773411538680814e+18
f5aeacca-71ae-456a-9053-683be52add2b,1.7773411539014244e+18
f5aeacca-71ae-456a-9053-683be52add2b,1.7773411539347663e+18
f5aeacca-71ae-456a-9053-683be52add2b,1.7773411539681093e+18
f5aeacca-71ae-456a-9053-683be52add2b,1.7773411540014513e+18
f5aeacca-71ae-456a-9053-683be52add2b,1.7773411540347932e+18
f5aeacca-71ae-456a-9053-683be52add2b,1.7773411540681364e+18
f5aeacca-71ae-456a-9053-683be52add2b,1.7773411541014784e+18
f5aeacca-71ae-456a-9053-683be52add2b,1.7773411541348214e+18
f5aeacca-71ae-456a-9053-683be52add2b,1.7773411541681633e+18
f5aeacca-71ae-456a-9053-683be52add2b,1.7773411542015063e+18
f5aeacca-71ae-456a-9053-683be52add2b,1.7773411542348483e+18
f5aeacca-71ae-456a-9053-683be52add2b,1.7773411542681912e+18
f5aeacca-71ae-456a-9053-683be52add2b,1.7773411543015334e+18
f5aeacca-71ae-456a-9053-683be52add2b,1.7773411543348754e+18
f5aeacca-71ae-456a-9053-683be52add2b,1.7773411543682184e+18
f5aeacca-71ae-456a-9053-683be52add2b,1.7773411544015603e+18
f5aeacca-71ae-456a-9053-683be52add2b,1.7773411544349033e+18
f5aeacca-71ae-456a-9053-683be52add2b,1.7773411544682452e+18
f5aeacca-71ae-456a-9053-683be52add2b,1.7773411545015882e+18
f5aeacca-71ae-456a-9053-683be52add2b,1.7773411545349304e+18
f5aeacca-71ae-456a-9053-683be52add2b,1.7773411545682734e+18
f5aeacca-71ae-456a-9053-683be52add2b,1.7773411546016154e+18
f5aeacca-71ae-456a-9053-683be52add2b,1.7773411546349573e+18
f5aeacca-71ae-456a-9053-683be52add2b,1.7773411546683003e+18
f5aeacca-71ae-456a-9053-683be52add2b,1.7773411547016422e+18
f5aeacca-71ae-456a-9053-683be52add2b,1.7773411547349852e+18
f5aeacca-71ae-456a-9053-683be52add2b,1.7773411547683274e+18
f5aeacca-71ae-456a-9053-683be52add2b,1.7773411548016704e+18
f5aeacca-71ae-456a-9053-683be52add2b,1.7773411548350124e+18
f5aeacca-71ae-456a-9053-683be52add2b,1.7773411548683553e+18
f5aeacca-71ae-456a-9053-683be52add2b,1.7773411549016973e+18
f5aeacca-71ae-456a-9053-683be52add2b,1.7773411549350392e+18
f5aeacca-71ae-456a-9053-683be52add2b,1.7773411549683825e+18
f5aeacca-71ae-456a-9053-683be52add2b,1.7773411550017244e+18
f5aeacca-71ae-456a-9053-683be52add2b,1.7773411550350674e+18
f5aeacca-71ae-456a-9053-683be52add2b,1.7773411550684093e+18
f5aeacca-71ae-456a-9053-683be52add2b,1.7773411551017523e+18
f5aeacca-71ae-456a-9053-683be52add2b,1.7773411551350943e+18
f5aeacca-71ae-456a-9053-683be52add2b,1.7773411551684372e+18
f5aeacca-71ae-456a-9053-683be52add2b,1.7773411552017795e+18
f5aeacca-71ae-456a-9053-683be52add2b,1.7773411552351224e+18
f5aeacca-71ae-456a-9053-683be52add2b,1.7773411552684644e+18
f5aeacca-71ae-456a-9053-683be52add2b,1.7773411553018063e+18
f5aeacca-71ae-456a-9053-683be52add2b,1.7773411553351493e+18
f5aeacca-71ae-456a-9053-683be52add2b,1.7773411553684913e+18
f5aeacca-71ae-456a-9053-683be52add2b,1.7773411554018342e+18
f5aeacca-71ae-456a-9053-683be52add2b,1.7773411554351764e+18
f5aeacca-71ae-456a-9053-683be52add2b,1.7773411554685194e+18
f5aeacca-71ae-456a-9053-683be52add2b,1.7773411555018614e+18
f5aeacca-71ae-456a-9053-683be52add2b,1.7773411555352033e+18
f5aeacca-71ae-456a-9053-683be52add2b,1.7773411555685463e+18
f5aeacca-71ae-456a-9053-683be52add2b,1.7773411556018883e+18
f5aeacca-71ae-456a-9053-683be52add2b,1.7773411556352312e+18
f5aeacca-71ae-456a-9053-683be52add2b,1.7773411556685734e+18
f5aeacca-71ae-456a-9053-683be52add2b,1.7773411557019164e+18
f5aeacca-71ae-456a-9053-683be52add2b,1.7773411557352584e+18
f5aeacca-71ae-456a-9053-683be52add2b,1.7773411557686013e+18
f5aeacca-71ae-456a-9053-683be52add2b,1.7773411558019433e+18
f5aeacca-71ae-456a-9053-683be52add2b,1.7773411558352863e+18
f5aeacca-71ae-456a-9053-683be52add2b,1.7773411558686282e+18
f5aeacca-71ae-456a-9053-683be52add2b,1.7773411559019704e+18
f5aeacca-71ae-456a-9053-683be52add2b,1.7773411559353134e+18
f5aeacca-71ae-456a-9053-683be52add2b,1.7773411559686554e+18
f5aeacca-71ae-456a-9053-683be52add2b,1.7773411560019983e+18
f5aeacca-71ae-456a-9053-683be52add2b,1.7773411560353403e+18
f5aeacca-71ae-456a-9053-683be52add2b,1.7773411560686833e+18
f5aeacca-71ae-456a-9053-683be52add2b,1.7773411561020252e+18
f5aeacca-71ae-456a-9053-683be52add2b,1.7773411561353684e+18
f5aeacca-71ae-456a-9053-683be52add2b,1.7773411561687104e+18
f5aeacca-71ae-456a-9053-683be52add2b,1.7773411562020524e+18
f5aeacca-71ae-456a-9053-683be52add2b,1.7773411562353953e+18
f5aeacca-71ae-456a-9053-683be52add2b,1.7773411562687373e+18
f5aeacca-71ae-456a-9053-683be52add2b,1.7773411563020803e+18
f5aeacca-71ae-456a-9053-683be52add2b,1.7773411563354225e+18
f5aeacca-71ae-456a-9053-683be52add2b,1.7773411563687654e+18
f5aeacca-71ae-456a-9053-683be52add2b,1.7773411564021074e+18
f5aeacca-71ae-456a-9053-683be52add2b,1.7773411564354504e+18
f5aeacca-71ae-456a-9053-683be52add2b,1.7773411564687923e+18
f5aeacca-71ae-456a-9053-683be52add2b,1.7773411565021343e+18
f5aeacca-71ae-456a-9053-683be52add2b,1.7773411565354772e+18
f5aeacca-71ae-456a-9053-683be52add2b,1.7773411565688195e+18
f5aeacca-71ae-456a-9053-683be52add2b,1.7773411566021624e+18
f5aeacca-71ae-456a-9053-683be52add2b,1.7773411566355044e+18
f5aeacca-71ae-456a-9053-683be52add2b,1.7773411566688474e+18
f5aeacca-71ae-456a-9053-683be52add2b,1.7773411567021893e+18
f5aeacca-71ae-456a-9053-683be52add2b,1.7773411567355323e+18
f5aeacca-71ae-456a-9053-683be52add2b,1.7773411567688742e+18
f5aeacca-71ae-456a-9053-683be52add2b,1.7773411568022172e+18
f5aeacca-71ae-456a-9053-683be52add2b,1.7773411568355594e+18
f5aeacca-71ae-456a-9053-683be52add2b,1.7773411568689014e+18
f5aeacca-71ae-456a-9053-683be52add2b,1.7773411569022444e+18
f5aeacca-71ae-456a-9053-683be52add2b,1.7773411569355863e+18
f5aeacca-71ae-456a-9053-683be52add2b,1.7773411569689293e+18
f5aeacca-71ae-456a-9053-683be52add2b,1.7773411570022712e+18
f5aeacca-71ae-456a-9053-683be52add2b,1.7773411570356145e+18
f5aeacca-71ae-456a-9053-683be52add2b,1.7773411570689564e+18
f5aeacca-71ae-456a-9053-683be52add2b,1.7773411571022994e+18
f5aeacca-71ae-456a-9053-683be52add2b,1.7773411571356413e+18
f5aeacca-71ae-456a-9053-683be52add2b,1.7773411571689833e+18
f5aeacca-71ae-456a-9053-683be52add2b,1.7773411572023263e+18
f5aeacca-71ae-456a-9053-683be52add2b,1.7773411572356682e+18
f5aeacca-71ae-456a-9053-683be52add2b,1.7773411572690115e+18
f5aeacca-71ae-456a-9053-683be52add2b,1.7773411573023534e+18
f5aeacca-71ae-456a-9053-683be52add2b,1.7773411573356964e+18
f5aeacca-71ae-456a-9053-683be52add2b,1.7773411573690383e+18
f5aeacca-71ae-456a-9053-683be52add2b,1.7773411574023813e+18
f5aeacca-71ae-456a-9053-683be52add2b,1.7773411574357233e+18
f5aeacca-71ae-456a-9053-683be52add2b,1.7773411574690652e+18
f5aeacca-71ae-456a-9053-683be52add2b,1.7773411575024084e+18
f5aeacca-71ae-456a-9053-683be52add2b,1.7773411575357504e+18
f5aeacca-71ae-456a-9053-683be52add2b,1.7773411575690934e+18
f5aeacca-71ae-456a-9053-683be52add2b,1.7773411576024353e+18
f5aeacca-71ae-456a-9053-683be52add2b,1.7773411576357783e+18
f5aeacca-71ae-456a-9053-683be52add2b,1.7773411576691203e+18
f5aeacca-71ae-456a-9053-683be52add2b,1.7773411577024632e+18
f5aeacca-71ae-456a-9053-683be52add2b,1.7773411577358054e+18
f5aeacca-71ae-456a-9053-683be52add2b,1.7773411577691484e+18
f5aeacca-71ae-456a-9053-683be52add2b,1.7773411578024904e+18
f5aeacca-71ae-456a-9053-683be52add2b,1.7773411578358323e+18
f5aeacca-71ae-456a-9053-683be52add2b,1.7773411578691753e+18
f5aeacca-71ae-456a-9053-683be52add2b,1.7773411579025172e+18
f5aeacca-71ae-456a-9053-683be52add2b,1.7773411579358602e+18
f5aeacca-71ae-456a-9053-683be52add2b,1.7773411579692024e+18
f5aeacca-71ae-456a-9053-683be52add2b,1.7773411580025454e+18
f5aeacca-71ae-456a-9053-683be52add2b,1.7773411580358874e+18
f5aeacca-71ae-456a-9053-683be52add2b,1.7773411580692293e+18
f5aeacca-71ae-456a-9053-683be52add2b,1.7773411581025723e+18
f5aeacca-71ae-456a-9053-683be52add2b,1.7773411581359142e+18
f5aeacca-71ae-456a-9053-683be52add2b,1.7773411581692572e+18
f5aeacca-71ae-456a-9053-683be52add2b,1.7773411582025994e+18
f5aeacca-71ae-456a-9053-683be52add2b,1.7773411582359424e+18
f5aeacca-71ae-456a-9053-683be52add2b,1.7773411582692844e+18
f5aeacca-71ae-456a-9053-683be52add2b,1.7773411583026273e+18
f5aeacca-71ae-456a-9053-683be52add2b,1.7773411583359693e+18
f5aeacca-71ae-456a-9053-683be52add2b,1.7773411583693123e+18
f5aeacca-71ae-456a-9053-683be52add2b,1.7773411584026545e+18
f5aeacca-71ae-456a-9053-683be52add2b,1.7773411584359964e+18
f5aeacca-71ae-456a-9053-683be52add2b,1.7773411584693394e+18
f5aeacca-71ae-456a-9053-683be52add2b,1.7773411585026813e+18
f5aeacca-71ae-456a-9053-683be52add2b,1.7773411585360243e+18
f5aeacca-71ae-456a-9053-683be52add2b,1.7773411585693663e+18
f5aeacca-71ae-456a-9053-683be52add2b,1.7773411586027092e+18
f5aeacca-71ae-456a-9053-683be52add2b,1.7773411586360515e+18
f5aeacca-71ae-456a-9053-683be52add2b,1.7773411586693944e+18
f5aeacca-71ae-456a-9053-683be52add2b,1.7773411587027364e+18
f5aeacca-71ae-456a-9053-683be52add2b,1.7773411587360783e+18
f5aeacca-71ae-456a-9053-683be52add2b,1.7773411587694213e+18
f5aeacca-71ae-456a-9053-683be52add2b,1.7773411588027633e+18
f5aeacca-71ae-456a-9053-683be52add2b,1.7773411588361062e+18
f5aeacca-71ae-456a-9053-683be52add2b,1.7773411588694484e+18
f5aeacca-71ae-456a-9053-683be52add2b,1.7773411589027914e+18
f5aeacca-71ae-456a-9053-683be52add2b,1.7773411589361334e+18
f5aeacca-71ae-456a-9053-683be52add2b,1.7773411589694764e+18
f5aeacca-71ae-456a-9053-683be52add2b,1.7773411590028183e+18
f5aeacca-71ae-456a-9053-683be52add2b,1.7773411590361603e+18
f5aeacca-71ae-456a-9053-683be52add2b,1.7773411590695032e+18
f5aeacca-71ae-456a-9053-683be52add2b,1.7773411591028454e+18
f5aeacca-71ae-456a-9053-683be52add2b,1.7773411591361884e+18
f5aeacca-71ae-456a-9053-683be52add2b,1.7773411591695304e+18
f5aeacca-71ae-456a-9053-683be52add2b,1.7773411592028733e+18
f5aeacca-71ae-456a-9053-683be52add2b,1.7773411592362153e+18
f5aeacca-71ae-456a-9053-683be52add2b,1.7773411592695583e+18
f5aeacca-71ae-456a-9053-683be52add2b,1.7773411593029002e+18
f5aeacca-71ae-456a-9053-683be52add2b,1.7773411593362424e+18
f5aeacca-71ae-456a-9053-683be52add2b,1.7773411593695854e+18
f5aeacca-71ae-456a-9053-683be52add2b,1.7773411594029274e+18
f5aeacca-71ae-456a-9053-683be52add2b,1.7773411594362703e+18
f5aeacca-71ae-456a-9053-683be52add2b,1.7773411594696123e+18
f5aeacca-71ae-456a-9053-683be52add2b,1.7773411595029553e+18
f5aeacca-71ae-456a-9053-683be52add2b,1.7773411595362972e+18
f5aeacca-71ae-456a-9053-683be52add2b,1.7773411595696404e+18
f5aeacca-71ae-456a-9053-683be52add2b,1.7773411596029824e+18
f5aeacca-71ae-456a-9053-683be52add2b,1.7773411596363254e+18
f5aeacca-71ae-456a-9053-683be52add2b,1.7773411596696673e+18
f5aeacca-71ae-456a-9053-683be52add2b,1.7773411597030093e+18
f5aeacca-71ae-456a-9053-683be52add2b,1.7773411597363523e+18
f5aeacca-71ae-456a-9053-683be52add2b,1.7773411597696945e+18
f5aeacca-71ae-456a-9053-683be52add2b,1.7773411598030374e+18
f5aeacca-71ae-456a-9053-683be52add2b,1.7773411598363794e+18
f5aeacca-71ae-456a-9053-683be52add2b,1.7773411598697224e+18
f5aeacca-71ae-456a-9053-683be52add2b,1.7773411599030643e+18
f5aeacca-71ae-456a-9053-683be52add2b,1.7773411599364063e+18
f5aeacca-71ae-456a-9053-683be52add2b,1.7773411599697492e+18
f5aeacca-71ae-456a-9053-683be52add2b,1.7773411600030915e+18
f5aeacca-71ae-456a-9053-683be52add2b,1.7773411600364344e+18
f5aeacca-71ae-456a-9053-683be52add2b,1.7773411600697764e+18
f5aeacca-71ae-456a-9053-683be52add2b,1.7773411601031194e+18
f5aeacca-71ae-456a-9053-683be52add2b,1.7773411601364613e+18
f5aeacca-71ae-456a-9053-683be52add2b,1.7773411601698043e+18
f5aeacca-71ae-456a-9053-683be52add2b,1.7773411602031462e+18
f5aeacca-71ae-456a-9053-683be52add2b,1.7773411602364892e+18
f5aeacca-71ae-456a-9053-683be52add2b,1.7773411602698314e+18
f5aeacca-71ae-456a-9053-683be52add2b,1.7773411603031734e+18
f5aeacca-71ae-456a-9053-683be52add2b,1.7773411603365164e+18
f5aeacca-71ae-456a-9053-683be52add2b,1.7773411603698583e+18
f5aeacca-71ae-456a-9053-683be52add2b,1.7773411604032013e+18
f5aeacca-71ae-456a-9053-683be52add2b,1.7773411604365432e+18
f5aeacca-71ae-456a-9053-683be52add2b,1.7773411604698865e+18
f5aeacca-71ae-456a-9053-683be52add2b,1.7773411605032284e+18
f5aeacca-71ae-456a-9053-683be52add2b,1.7773411605365714e+18
f5aeacca-71ae-456a-9053-683be52add2b,1.7773411605699133e+18
f5aeacca-71ae-456a-9053-683be52add2b,1.7773411606032553e+18
f5aeacca-71ae-456a-9053-683be52add2b,1.7773411606365983e+18
f5aeacca-71ae-456a-9053-683be52add2b,1.7773411606699402e+18
f5aeacca-71ae-456a-9053-683be52add2b,1.7773411607032835e+18
f5aeacca-71ae-456a-9053-683be52add2b,1.7773411607366254e+18
f5aeacca-71ae-456a-9053-683be52add2b,1.7773411607699684e+18
f5aeacca-71ae-456a-9053-683be52add2b,1.7773411608033103e+18
f5aeacca-71ae-456a-9053-683be52add2b,1.7773411608366533e+18
f5aeacca-71ae-456a-9053-683be52add2b,1.7773411608699953e+18
f5aeacca-71ae-456a-9053-683be52add2b,1.7773411609033372e+18
f5aeacca-71ae-456a-9053-683be52add2b,1.7773411609366804e+18
f5aeacca-71ae-456a-9053-683be52add2b,1.7773411609700224e+18
f5aeacca-71ae-456a-9053-683be52add2b,1.7773411610033654e+18
f5aeacca-71ae-456a-9053-683be52add2b,1.7773411610367073e+18
f5aeacca-71ae-456a-9053-683be52add2b,1.7773411610700503e+18
f5aeacca-71ae-456a-9053-683be52add2b,1.7773411611033923e+18
f5aeacca-71ae-456a-9053-683be52add2b,1.7773411611367352e+18
f5aeacca-71ae-456a-9053-683be52add2b,1.7773411611700774e+18
f5aeacca-71ae-456a-9053-683be52add2b,1.7773411612034194e+18
f5aeacca-71ae-456a-9053-683be52add2b,1.7773411612367624e+18
f5aeacca-71ae-456a-9053-683be52add2b,1.7773411612701043e+18
f5aeacca-71ae-456a-9053-683be52add2b,1.7773411613034473e+18
f5aeacca-71ae-456a-9053-683be52add2b,1.7773411613367892e+18
f5aeacca-71ae-456a-9053-683be52add2b,1.7773411613701322e+18
f5aeacca-71ae-456a-9053-683be52add2b,1.7773411614034744e+18
f5aeacca-71ae-456a-9053-683be52add2b,1.7773411614368174e+18
f5aeacca-71ae-456a-9053-683be52add2b,1.7773411614701594e+18
f5aeacca-71ae-456a-9053-683be52add2b,1.7773411615035023e+18
f5aeacca-71ae-456a-9053-683be52add2b,1.7773411615368443e+18
f5aeacca-71ae-456a-9053-683be52add2b,1.7773411615701862e+18
f5aeacca-71ae-456a-9053-683be52add2b,1.7773411616035292e+18
f5aeacca-71ae-456a-9053-683be52add2b,1.7773411616368714e+18
f5aeacca-71ae-456a-9053-683be52add2b,1.7773411616702144e+18
f5aeacca-71ae-456a-9053-683be52add2b,1.7773411617035564e+18
f5aeacca-71ae-456a-9053-683be52add2b,1.7773411617368993e+18
f5aeacca-71ae-456a-9053-683be52add2b,1.7773411617702413e+18
f5aeacca-71ae-456a-9053-683be52add2b,1.7773411618035843e+18
f5aeacca-71ae-456a-9053-683be52add2b,1.7773411618369265e+18
f5aeacca-71ae-456a-9053-683be52add2b,1.7773411618702684e+18
f5aeacca-71ae-456a-9053-683be52add2b,1.7773411619036114e+18
f5aeacca-71ae-456a-9053-683be52add2b,1.7773411619369533e+18
f5aeacca-71ae-456a-9053-683be52add2b,1.7773411619702963e+18
f5aeacca-71ae-456a-9053-683be52add2b,1.7773411620036383e+18
f5aeacca-71ae-456a-9053-683be52add2b,1.7773411620369812e+18
f5aeacca-71ae-456a-9053-683be52add2b,1.7773411620703235e+18
f5aeacca-71ae-456a-9053-683be52add2b,1.7773411621036664e+18
f5aeacca-71ae-456a-9053-683be52add2b,1.7773411621370084e+18
f5aeacca-71ae-456a-9053-683be52add2b,1.7773411621703503e+18
f5aeacca-71ae-456a-9053-683be52add2b,1.7773411622036933e+18
f5aeacca-71ae-456a-9053-683be52add2b,1.7773411622370353e+18
f5aeacca-71ae-456a-9053-683be52add2b,1.7773411622703782e+18
f5aeacca-71ae-456a-9053-683be52add2b,1.7773411623037204e+18
f5aeacca-71ae-456a-9053-683be52add2b,1.7773411623370634e+18
f5aeacca-71ae-456a-9053-683be52add2b,1.7773411623704054e+18
f5aeacca-71ae-456a-9053-683be52add2b,1.7773411624037484e+18
f5aeacca-71ae-456a-9053-683be52add2b,1.7773411624370903e+18
f5aeacca-71ae-456a-9053-683be52add2b,1.7773411624704323e+18
f5aeacca-71ae-456a-9053-683be52add2b,1.7773411625037752e+18
f5aeacca-71ae-456a-9053-683be52add2b,1.7773411625371174e+18
f5aeacca-71ae-456a-9053-683be52add2b,1.7773411625704604e+18
f5aeacca-71ae-456a-9053-683be52add2b,1.7773411626038024e+18
f5aeacca-71ae-456a-9053-683be52add2b,1.7773411626371453e+18
f5aeacca-71ae-456a-9053-683be52add2b,1.7773411626704873e+18
f5aeacca-71ae-456a-9053-683be52add2b,1.7773411627038303e+18
f5aeacca-71ae-456a-9053-683be52add2b,1.7773411627371722e+18
f5aeacca-71ae-456a-9053-683be52add2b,1.7773411627705144e+18
f5aeacca-71ae-456a-9053-683be52add2b,1.7773411628038574e+18
f5aeacca-71ae-456a-9053-683be52add2b,1.7773411628371994e+18
f5aeacca-71ae-456a-9053-683be52add2b,1.7773411628705423e+18
f5aeacca-71ae-456a-9053-683be52add2b,1.7773411629038843e+18
f5aeacca-71ae-456a-9053-683be52add2b,1.7773411629372273e+18
f5aeacca-71ae-456a-9053-683be52add2b,1.7773411629705692e+18
f5aeacca-71ae-456a-9053-683be52add2b,1.7773411630039124e+18
f5aeacca-71ae-456a-9053-683be52add2b,1.7773411630372544e+18
f5aeacca-71ae-456a-9053-683be52add2b,1.7773411630705964e+18
f5aeacca-71ae-456a-9053-683be52add2b,1.7773411631039393e+18
f5aeacca-71ae-456a-9053-683be52add2b,1.7773411631372813e+18
f5aeacca-71ae-456a-9053-683be52add2b,1.7773411631706243e+18
f5aeacca-71ae-456a-9053-683be52add2b,1.7773411632039665e+18
f5aeacca-71ae-456a-9053-683be52add2b,1.7773411632373094e+18
f5aeacca-71ae-456a-9053-683be52add2b,1.7773411632706514e+18
f5aeacca-71ae-456a-9053-683be52add2b,1.7773411633039944e+18
f5aeacca-71ae-456a-9053-683be52add2b,1.7773411633373363e+18
f5aeacca-71ae-456a-9053-683be52add2b,1.7773411633706793e+18
f5aeacca-71ae-456a-9053-683be52add2b,1.7773411634040212e+18
f5aeacca-71ae-456a-9053-683be52add2b,1.7773411634373635e+18
f5aeacca-71ae-456a-9053-683be52add2b,1.7773411634707064e+18
f5aeacca-71ae-456a-9053-683be52add2b,1.7773411635040484e+18
f5aeacca-71ae-456a-9053-683be52add2b,1.7773411635373914e+18
f5aeacca-71ae-456a-9053-683be52add2b,1.7773411635707333e+18
f5aeacca-71ae-456a-9053-683be52add2b,1.7773411636040763e+18
f5aeacca-71ae-456a-9053-683be52add2b,1.7773411636374182e+18
f5aeacca-71ae-456a-9053-683be52add2b,1.7773411636707612e+18
f5aeacca-71ae-456a-9053-683be52add2b,1.7773411637041034e+18
f5aeacca-71ae-456a-9053-683be52add2b,1.7773411637374454e+18
f5aeacca-71ae-456a-9053-683be52add2b,1.7773411637707884e+18
f5aeacca-71ae-456a-9053-683be52add2b,1.7773411638041303e+18
f5aeacca-71ae-456a-9053-683be52add2b,1.7773411638374733e+18
f5aeacca-71ae-456a-9053-683be52add2b,1.7773411638708152e+18
f5aeacca-71ae-456a-9053-683be52add2b,1.7773411639041585e+18
f5aeacca-71ae-456a-9053-683be52add2b,1.7773411639375004e+18
f5aeacca-71ae-456a-9053-683be52add2b,1.7773411639708434e+18
f5aeacca-71ae-456a-9053-683be52add2b,1.7773411640041853e+18
f5aeacca-71ae-456a-9053-683be52add2b,1.7773411640375273e+18
f5aeacca-71ae-456a-9053-683be52add2b,1.7773411640708703e+18
f5aeacca-71ae-456a-9053-683be52add2b,1.7773411641042122e+18
f5aeacca-71ae-456a-9053-683be52add2b,1.7773411641375555e+18
f5aeacca-71ae-456a-9053-683be52add2b,1.7773411641708974e+18
f5aeacca-71ae-456a-9053-683be52add2b,1.7773411642042404e+18
f5aeacca-71ae-456a-9053-683be52add2b,1.7773411642375823e+18
f5aeacca-71ae-456a-9053-683be52add2b,1.7773411642709253e+18
f5aeacca-71ae-456a-9053-683be52add2b,1.7773411643042673e+18
f5aeacca-71ae-456a-9053-683be52add2b,1.7773411643376092e+18
f5aeacca-71ae-456a-9053-683be52add2b,1.7773411643709524e+18
f5aeacca-71ae-456a-9053-683be52add2b,1.7773411644042944e+18
f5aeacca-71ae-456a-9053-683be52add2b,1.7773411644376374e+18
f5aeacca-71ae-456a-9053-683be52add2b,1.7773411644709793e+18
f5aeacca-71ae-456a-9053-683be52add2b,1.7773411645043223e+18
f5aeacca-71ae-456a-9053-683be52add2b,1.7773411645376643e+18
f5aeacca-71ae-456a-9053-683be52add2b,1.7773411645710072e+18
f5aeacca-71ae-456a-9053-683be52add2b,1.7773411646043494e+18
f5aeacca-71ae-456a-9053-683be52add2b,1.7773411646376914e+18
f5aeacca-71ae-456a-9053-683be52add2b,1.7773411646710344e+18
f5aeacca-71ae-456a-9053-683be52add2b,1.7773411647043763e+18
f5aeacca-71ae-456a-9053-683be52add2b,1.7773411647377193e+18
f5aeacca-71ae-456a-9053-683be52add2b,1.7773411647710612e+18
f5aeacca-71ae-456a-9053-683be52add2b,1.7773411648044042e+18
f5aeacca-71ae-456a-9053-683be52add2b,1.7773411648377464e+18
f5aeacca-71ae-456a-9053-683be52add2b,1.7773411648710894e+18
f5aeacca-71ae-456a-9053-683be52add2b,1.7773411649044314e+18
f5aeacca-71ae-456a-9053-683be52add2b,1.7773411649377733e+18
f5aeacca-71ae-456a-9053-683be52add2b,1.7773411649711163e+18
f5aeacca-71ae-456a-9053-683be52add2b,1.7773411650044582e+18
f5aeacca-71ae-456a-9053-683be52add2b,1.7773411650378012e+18
f5aeacca-71ae-456a-9053-683be52add2b,1.7773411650711434e+18
f5aeacca-71ae-456a-9053-683be52add2b,1.7773411651044864e+18
f5aeacca-71ae-456a-9053-683be52add2b,1.7773411651391314e+18
f5aeacca-71ae-456a-9053-683be52add2b,1.7773411651724744e+18
f5aeacca-71ae-456a-9053-683be52add2b,1.7773411652058163e+18
f5aeacca-71ae-456a-9053-683be52add2b,1.7773411652391593e+18
f5aeacca-71ae-456a-9053-683be52add2b,1.7773411652725023e+18
f5aeacca-71ae-456a-9053-683be52add2b,1.7773411653058442e+18
f5aeacca-71ae-456a-9053-683be52add2b,1.7773411653391875e+18
f5aeacca-71ae-456a-9053-683be52add2b,1.7773411653725304e+18
f5aeacca-71ae-456a-9053-683be52add2b,1.7773411654058724e+18
f5aeacca-71ae-456a-9053-683be52add2b,1.7773411654392154e+18
f5aeacca-71ae-456a-9053-683be52add2b,1.7773411654725583e+18
f5aeacca-71ae-456a-9053-683be52add2b,1.7773411655059003e+18
f5aeacca-71ae-456a-9053-683be52add2b,1.7773411655392433e+18
f5aeacca-71ae-456a-9053-683be52add2b,1.7773411655725862e+18
f5aeacca-71ae-456a-9053-683be52add2b,1.7773411656059284e+18
f5aeacca-71ae-456a-9053-683be52add2b,1.7773411656392714e+18
f5aeacca-71ae-456a-9053-683be52add2b,1.7773411656726144e+18
f5aeacca-71ae-456a-9053-683be52add2b,1.7773411657059564e+18
f5aeacca-71ae-456a-9053-683be52add2b,1.7773411657392993e+18
f5aeacca-71ae-456a-9053-683be52add2b,1.7773411657726423e+18
f5aeacca-71ae-456a-9053-683be52add2b,1.7773411658059843e+18
f5aeacca-71ae-456a-9053-683be52add2b,1.7773411658393272e+18
f5aeacca-71ae-456a-9053-683be52add2b,1.7773411658726694e+18
f5aeacca-71ae-456a-9053-683be52add2b,1.7773411659060124e+18
f5aeacca-71ae-456a-9053-683be52add2b,1.7773411659393554e+18
f5aeacca-71ae-456a-9053-683be52add2b,1.7773411659726973e+18
f5aeacca-71ae-456a-9053-683be52add2b,1.7773411660060403e+18
f5aeacca-71ae-456a-9053-683be52add2b,1.7773411660393833e+18
f5aeacca-71ae-456a-9053-683be52add2b,1.7773411660727252e+18
f5aeacca-71ae-456a-9053-683be52add2b,1.7773411661060682e+18
f5aeacca-71ae-456a-9053-683be52add2b,1.7773411661394115e+18
f5aeacca-71ae-456a-9053-683be52add2b,1.7773411661727534e+18
f5aeacca-71ae-456a-9053-683be52add2b,1.7773411662060964e+18
f5aeacca-71ae-456a-9053-683be52add2b,1.7773411662394394e+18
f5aeacca-71ae-456a-9053-683be52add2b,1.7773411662727813e+18
f5aeacca-71ae-456a-9053-683be52add2b,1.7773411663061243e+18
f5aeacca-71ae-456a-9053-683be52add2b,1.7773411663394673e+18
f5aeacca-71ae-456a-9053-683be52add2b,1.7773411663728092e+18
f5aeacca-71ae-456a-9053-683be52add2b,1.7773411664061524e+18
f5aeacca-71ae-456a-9053-683be52add2b,1.7773411664394954e+18
f5aeacca-71ae-456a-9053-683be52add2b,1.7773411664728374e+18
f5aeacca-71ae-456a-9053-683be52add2b,1.7773411665061804e+18
f5aeacca-71ae-456a-9053-683be52add2b,1.7773411665395233e+18
f5aeacca-71ae-456a-9053-683be52add2b,1.7773411665728653e+18
f5aeacca-71ae-456a-9053-683be52add2b,1.7773411666062083e+18
f5aeacca-71ae-456a-9053-683be52add2b,1.7773411666395512e+18
f5aeacca-71ae-456a-9053-683be52add2b,1.7773411666728934e+18
f5aeacca-71ae-456a-9053-683be52add2b,1.7773411667062364e+18
f5aeacca-71ae-456a-9053-683be52add2b,1.7773411667395794e+18
f5aeacca-71ae-456a-9053-683be52add2b,1.7773411667729213e+18
f5aeacca-71ae-456a-9053-683be52add2b,1.7773411668062643e+18
f5aeacca-71ae-456a-9053-683be52add2b,1.7773411668396073e+18
f5aeacca-71ae-456a-9053-683be52add2b,1.7773411668729492e+18
f5aeacca-71ae-456a-9053-683be52add2b,1.7773411669062922e+18
f5aeacca-71ae-456a-9053-683be52add2b,1.7773411669396355e+18
f5aeacca-71ae-456a-9053-683be52add2b,1.7773411669729774e+18
f5aeacca-71ae-456a-9053-683be52add2b,1.7773411670063204e+18
f5aeacca-71ae-456a-9053-683be52add2b,1.7773411670396634e+18
f5aeacca-71ae-456a-9053-683be52add2b,1.7773411670730053e+18
f5aeacca-71ae-456a-9053-683be52add2b,1.7773411671063483e+18
f5aeacca-71ae-456a-9053-683be52add2b,1.7773411671396913e+18
f5aeacca-71ae-456a-9053-683be52add2b,1.7773411671730332e+18
f5aeacca-71ae-456a-9053-683be52add2b,1.7773411672063764e+18
f5aeacca-71ae-456a-9053-683be52add2b,1.7773411672397194e+18
f5aeacca-71ae-456a-9053-683be52add2b,1.7773411672730614e+18
f5aeacca-71ae-456a-9053-683be52add2b,1.7773411673064044e+18
f5aeacca-71ae-456a-9053-683be52add2b,1.7773411673397463e+18
f5aeacca-71ae-456a-9053-683be52add2b,1.7773411673730893e+18
f5aeacca-71ae-456a-9053-683be52add2b,1.7773411674064323e+18
f5aeacca-71ae-456a-9053-683be52add2b,1.7773411674397745e+18
f5aeacca-71ae-456a-9053-683be52add2b,1.7773411674731174e+18
f5aeacca-71ae-456a-9053-683be52add2b,1.7773411675064604e+18
f5aeacca-71ae-456a-9053-683be52add2b,1.7773411675398024e+18
f5aeacca-71ae-456a-9053-683be52add2b,1.7773411675731453e+18
f5aeacca-71ae-456a-9053-683be52add2b,1.7773411676064883e+18
f5aeacca-71ae-456a-9053-683be52add2b,1.7773411676398303e+18
f5aeacca-71ae-456a-9053-683be52add2b,1.7773411676731732e+18
f5aeacca-71ae-456a-9053-683be52add2b,1.7773411677065162e+18
f5aeacca-71ae-456a-9053-683be52add2b,1.7773411677398584e+18
f5aeacca-71ae-456a-9053-683be52add2b,1.7773411677732014e+18
f5aeacca-71ae-456a-9053-683be52add2b,1.7773411678065444e+18
f5aeacca-71ae-456a-9053-683be52add2b,1.7773411678398863e+18
f5aeacca-71ae-456a-9053-683be52add2b,1.7773411678732293e+18
f5aeacca-71ae-456a-9053-683be52add2b,1.7773411679065723e+18
f5aeacca-71ae-456a-9053-683be52add2b,1.7773411679399142e+18
f5aeacca-71ae-456a-9053-683be52add2b,1.7773411679732572e+18
f5aeacca-71ae-456a-9053-683be52add2b,1.7773411680066004e+18
f5aeacca-71ae-456a-9053-683be52add2b,1.7773411680399424e+18
f5aeacca-71ae-456a-9053-683be52add2b,1.7773411680732854e+18
f5aeacca-71ae-456a-9053-683be52add2b,1.7773411681066284e+18
f5aeacca-71ae-456a-9053-683be52add2b,1.7773411681399703e+18
f5aeacca-71ae-456a-9053-683be52add2b,1.7773411681733133e+18
f5aeacca-71ae-456a-9053-683be52add2b,1.7773411682066563e+18
f5aeacca-71ae-456a-9053-683be52add2b,1.7773411682399985e+18
f5aeacca-71ae-456a-9053-683be52add2b,1.7773411682733414e+18
f5aeacca-71ae-456a-9053-683be52add2b,1.7773411683066844e+18
f5aeacca-71ae-456a-9053-683be52add2b,1.7773411683400264e+18
f5aeacca-71ae-456a-9053-683be52add2b,1.7773411683733693e+18
f5aeacca-71ae-456a-9053-683be52add2b,1.7773411684067123e+18
f5aeacca-71ae-456a-9053-683be52add2b,1.7773411684400543e+18
f5aeacca-71ae-456a-9053-683be52add2b,1.7773411684733972e+18
f5aeacca-71ae-456a-9053-683be52add2b,1.7773411685067402e+18
f5aeacca-71ae-456a-9053-683be52add2b,1.7773411685400824e+18
f5aeacca-71ae-456a-9053-683be52add2b,1.7773411685734254e+18
f5aeacca-71ae-456a-9053-683be52add2b,1.7773411686067684e+18
f5aeacca-71ae-456a-9053-683be52add2b,1.7773411686401103e+18
f5aeacca-71ae-456a-9053-683be52add2b,1.7773411686734533e+18
f5aeacca-71ae-456a-9053-683be52add2b,1.7773411687067963e+18
f5aeacca-71ae-456a-9053-683be52add2b,1.7773411687401382e+18
f5aeacca-71ae-456a-9053-683be52add2b,1.7773411687734812e+18
f5aeacca-71ae-456a-9053-683be52add2b,1.7773411688068244e+18
f5aeacca-71ae-456a-9053-683be52add2b,1.7773411688401664e+18
f5aeacca-71ae-456a-9053-683be52add2b,1.7773411688735094e+18
f5aeacca-71ae-456a-9053-683be52add2b,1.7773411689068524e+18
f5aeacca-71ae-456a-9053-683be52add2b,1.7773411689401943e+18
f5aeacca-71ae-456a-9053-683be52add2b,1.7773411689735373e+18
f5aeacca-71ae-456a-9053-683be52add2b,1.7773411690068803e+18
f5aeacca-71ae-456a-9053-683be52add2b,1.7773411690402225e+18
f5aeacca-71ae-456a-9053-683be52add2b,1.7773411690735654e+18
f5aeacca-71ae-456a-9053-683be52add2b,1.7773411691069084e+18
f5aeacca-71ae-456a-9053-683be52add2b,1.7773411691402504e+18
f5aeacca-71ae-456a-9053-683be52add2b,1.7773411691735933e+18
f5aeacca-71ae-456a-9053-683be52add2b,1.7773411692069353e+18
f5aeacca-71ae-456a-9053-683be52add2b,1.7773411692402783e+18
f5aeacca-71ae-456a-9053-683be52add2b,1.7773411692736212e+18
f5aeacca-71ae-456a-9053-683be52add2b,1.7773411693069635e+18
f5aeacca-71ae-456a-9053-683be52add2b,1.7773411693403064e+18
f5aeacca-71ae-456a-9053-683be52add2b,1.7773411693736494e+18
f5aeacca-71ae-456a-9053-683be52add2b,1.7773411694069914e+18
f5aeacca-71ae-456a-9053-683be52add2b,1.7773411694403343e+18
f5aeacca-71ae-456a-9053-683be52add2b,1.7773411694736773e+18
f5aeacca-71ae-456a-9053-683be52add2b,1.7773411695070193e+18
f5aeacca-71ae-456a-9053-683be52add2b,1.7773411695403622e+18
f5aeacca-71ae-456a-9053-683be52add2b,1.7773411695737052e+18
f5aeacca-71ae-456a-9053-683be52add2b,1.7773411696070474e+18
f5aeacca-71ae-456a-9053-683be52add2b,1.7773411696403904e+18
f5aeacca-71ae-456a-9053-683be52add2b,1.7773411696737334e+18
f5aeacca-71ae-456a-9053-683be52add2b,1.7773411697070753e+18
f5aeacca-71ae-456a-9053-683be52add2b,1.7773411697404183e+18
f5aeacca-71ae-456a-9053-683be52add2b,1.7773411697737613e+18
f5aeacca-71ae-456a-9053-683be52add2b,1.7773411698071032e+18
f5aeacca-71ae-456a-9053-683be52add2b,1.7773411698404465e+18
f5aeacca-71ae-456a-9053-683be52add2b,1.7773411698737894e+18
f5aeacca-71ae-456a-9053-683be52add2b,1.7773411699071314e+18
f5aeacca-71ae-456a-9053-683be52add2b,1.7773411699404744e+18
f5aeacca-71ae-456a-9053-683be52add2b,1.7773411699738173e+18
f5aeacca-71ae-456a-9053-683be52add2b,1.7773411700071593e+18
f5aeacca-71ae-456a-9053-683be52add2b,1.7773411700405023e+18
f5aeacca-71ae-456a-9053-683be52add2b,1.7773411700738452e+18
f5aeacca-71ae-456a-9053-683be52add2b,1.7773411701071875e+18
f5aeacca-71ae-456a-9053-683be52add2b,1.7773411701405304e+18
f5aeacca-71ae-456a-9053-683be52add2b,1.7773411701738734e+18
f5aeacca-71ae-456a-9053-683be52add2b,1.7773411702072154e+18
f5aeacca-71ae-456a-9053-683be52add2b,1.7773411702405583e+18
f5aeacca-71ae-456a-9053-683be52add2b,1.7773411702739013e+18
f5aeacca-71ae-456a-9053-683be52add2b,1.7773411703072433e+18
f5aeacca-71ae-456a-9053-683be52add2b,1.7773411703405862e+18
f5aeacca-71ae-456a-9053-683be52add2b,1.7773411703739292e+18
f5aeacca-71ae-456a-9053-683be52add2b,1.7773411704072714e+18
f5aeacca-71ae-456a-9053-683be52add2b,1.7773411704406144e+18
f5aeacca-71ae-456a-9053-683be52add2b,1.7773411704739574e+18
f5aeacca-71ae-456a-9053-683be52add2b,1.7773411705072993e+18
f5aeacca-71ae-456a-9053-683be52add2b,1.7773411705406423e+18
f5aeacca-71ae-456a-9053-683be52add2b,1.7773411705739853e+18
f5aeacca-71ae-456a-9053-683be52add2b,1.7773411706073272e+18
f5aeacca-71ae-456a-9053-683be52add2b,1.7773411706406705e+18
f5aeacca-71ae-456a-9053-683be52add2b,1.7773411706740124e+18
f5aeacca-71ae-456a-9053-683be52add2b,1.7773411707073554e+18
f5aeacca-71ae-456a-9053-683be52add2b,1.7773411707406984e+18
f5aeacca-71ae-456a-9053-683be52add2b,1.7773411707740403e+18
f5aeacca-71ae-456a-9053-683be52add2b,1.7773411708073833e+18
f5aeacca-71ae-456a-9053-683be52add2b,1.7773411708407263e+18
f5aeacca-71ae-456a-9053-683be52add2b,1.7773411708740682e+18
f5aeacca-71ae-456a-9053-683be52add2b,1.7773411709074115e+18
f5aeacca-71ae-456a-9053-683be52add2b,1.7773411709407544e+18
f5aeacca-71ae-456a-9053-683be52add2b,1.7773411709740964e+18
f5aeacca-71ae-456a-9053-683be52add2b,1.7773411710074394e+18
f5aeacca-71ae-456a-9053-683be52add2b,1.7773411710407823e+18
f5aeacca-71ae-456a-9053-683be52add2b,1.7773411710741243e+18
f5aeacca-71ae-456a-9053-683be52add2b,1.7773411711074673e+18
f5aeacca-71ae-456a-9053-683be52add2b,1.7773411711408102e+18
f5aeacca-71ae-456a-9053-683be52add2b,1.7773411711741524e+18
f5aeacca-71ae-456a-9053-683be52add2b,1.7773411712074954e+18
f5aeacca-71ae-456a-9053-683be52add2b,1.7773411712408384e+18
f5aeacca-71ae-456a-9053-683be52add2b,1.7773411712741804e+18
f5aeacca-71ae-456a-9053-683be52add2b,1.7773411713075233e+18
f5aeacca-71ae-456a-9053-683be52add2b,1.7773411713408663e+18
f5aeacca-71ae-456a-9053-683be52add2b,1.7773411713742083e+18
f5aeacca-71ae-456a-9053-683be52add2b,1.7773411714075512e+18
f5aeacca-71ae-456a-9053-683be52add2b,1.7773411714408945e+18
f5aeacca-71ae-456a-9053-683be52add2b,1.7773411714742364e+18
f5aeacca-71ae-456a-9053-683be52add2b,1.7773411715075794e+18
f5aeacca-71ae-456a-9053-683be52add2b,1.7773411715409224e+18
f5aeacca-71ae-456a-9053-683be52add2b,1.7773411715742643e+18
f5aeacca-71ae-456a-9053-683be52add2b,1.7773411716076073e+18
f5aeacca-71ae-456a-9053-683be52add2b,1.7773411716409503e+18
f5aeacca-71ae-456a-9053-683be52add2b,1.7773411716742922e+18
f5aeacca-71ae-456a-9053-683be52add2b,1.7773411717076355e+18
f5aeacca-71ae-456a-9053-683be52add2b,1.7773411717409784e+18
f5aeacca-71ae-456a-9053-683be52add2b,1.7773411717743204e+18
f5aeacca-71ae-456a-9053-683be52add2b,1.7773411718076634e+18
f5aeacca-71ae-456a-9053-683be52add2b,1.7773411718410063e+18
f5aeacca-71ae-456a-9053-683be52add2b,1.7773411718743483e+18
f5aeacca-71ae-456a-9053-683be52add2b,1.7773411719076913e+18
f5aeacca-71ae-456a-9053-683be52add2b,1.7773411719410342e+18
f5aeacca-71ae-456a-9053-683be52add2b,1.7773411719743764e+18
f5aeacca-71ae-456a-9053-683be52add2b,1.7773411720077194e+18
f5aeacca-71ae-456a-9053-683be52add2b,1.7773411720410624e+18
f5aeacca-71ae-456a-9053-683be52add2b,1.7773411720744044e+18
f5aeacca-71ae-456a-9053-683be52add2b,1.7773411721077473e+18
f5aeacca-71ae-456a-9053-683be52add2b,1.7773411721410903e+18
f5aeacca-71ae-456a-9053-683be52add2b,1.7773411721744323e+18
f5aeacca-71ae-456a-9053-683be52add2b,1.7773411722077752e+18
f5aeacca-71ae-456a-9053-683be52add2b,1.7773411722411185e+18
f5aeacca-71ae-456a-9053-683be52add2b,1.7773411722744604e+18
f5aeacca-71ae-456a-9053-683be52add2b,1.7773411723078034e+18
f5aeacca-71ae-456a-9053-683be52add2b,1.7773411723411464e+18
f5aeacca-71ae-456a-9053-683be52add2b,1.7773411723744883e+18
f5aeacca-71ae-456a-9053-683be52add2b,1.7773411724078313e+18
f5aeacca-71ae-456a-9053-683be52add2b,1.7773411724411743e+18
f5aeacca-71ae-456a-9053-683be52add2b,1.7773411724745162e+18
f5aeacca-71ae-456a-9053-683be52add2b,1.7773411725078595e+18
f5aeacca-71ae-456a-9053-683be52add2b,1.7773411725412014e+18
f5aeacca-71ae-456a-9053-683be52add2b,1.7773411725745444e+18
f5aeacca-71ae-456a-9053-683be52add2b,1.7773411726078874e+18
f5aeacca-71ae-456a-9053-683be52add2b,1.7773411726412293e+18
f5aeacca-71ae-456a-9053-683be52add2b,1.7773411726745723e+18
f5aeacca-71ae-456a-9053-683be52add2b,1.7773411727079153e+18
f5aeacca-71ae-456a-9053-683be52add2b,1.7773411727412572e+18
f5aeacca-71ae-456a-9053-683be52add2b,1.7773411727746004e+18
f5aeacca-71ae-456a-9053-683be52add2b,1.7773411728079434e+18
f5aeacca-71ae-456a-9053-683be52add2b,1.7773411728412854e+18
f5aeacca-71ae-456a-9053-683be52add2b,1.7773411728746284e+18
f5aeacca-71ae-456a-9053-683be52add2b,1.7773411729079713e+18
f5aeacca-71ae-456a-9053-683be52add2b,1.7773411729413133e+18
f5aeacca-71ae-456a-9053-683be52add2b,1.7773411729746563e+18
f5aeacca-71ae-456a-9053-683be52add2b,1.7773411730079992e+18
f5aeacca-71ae-456a-9053-683be52add2b,1.7773411730413414e+18
f5aeacca-71ae-456a-9053-683be52add2b,1.7773411730746844e+18
f5aeacca-71ae-456a-9053-683be52add2b,1.7773411731080274e+18
f5aeacca-71ae-456a-9053-683be52add2b,1.7773411731413693e+18
f5aeacca-71ae-456a-9053-683be52add2b,1.7773411731747123e+18
f5aeacca-71ae-456a-9053-683be52add2b,1.7773411732080553e+18
f5aeacca-71ae-456a-9053-683be52add2b,1.7773411732413972e+18
f5aeacca-71ae-456a-9053-683be52add2b,1.7773411732747402e+18
f5aeacca-71ae-456a-9053-683be52add2b,1.7773411733080835e+18
f5aeacca-71ae-456a-9053-683be52add2b,1.7773411733414254e+18
f5aeacca-71ae-456a-9053-683be52add2b,1.7773411733747684e+18
f5aeacca-71ae-456a-9053-683be52add2b,1.7773411734081114e+18
f5aeacca-71ae-456a-9053-683be52add2b,1.7773411734414533e+18
f5aeacca-71ae-456a-9053-683be52add2b,1.7773411734747963e+18
f5aeacca-71ae-456a-9053-683be52add2b,1.7773411735081393e+18
f5aeacca-71ae-456a-9053-683be52add2b,1.7773411735414812e+18
f5aeacca-71ae-456a-9053-683be52add2b,1.7773411735748244e+18
f5aeacca-71ae-456a-9053-683be52add2b,1.7773411736081674e+18
f5aeacca-71ae-456a-9053-683be52add2b,1.7773411736415094e+18
f5aeacca-71ae-456a-9053-683be52add2b,1.7773411736748524e+18
f5aeacca-71ae-456a-9053-683be52add2b,1.7773411737081953e+18
f5aeacca-71ae-456a-9053-683be52add2b,1.7773411737415373e+18
f5aeacca-71ae-456a-9053-683be52add2b,1.7773411737748803e+18
f5aeacca-71ae-456a-9053-683be52add2b,1.7773411738082232e+18
f5aeacca-71ae-456a-9053-683be52add2b,1.7773411738415654e+18
f5aeacca-71ae-456a-9053-683be52add2b,1.7773411738749084e+18
f5aeacca-71ae-456a-9053-683be52add2b,1.7773411739082514e+18
f5aeacca-71ae-456a-9053-683be52add2b,1.7773411739415933e+18
f5aeacca-71ae-456a-9053-683be52add2b,1.7773411739749363e+18
f5aeacca-71ae-456a-9053-683be52add2b,1.7773411740082783e+18
f5aeacca-71ae-456a-9053-683be52add2b,1.7773411740416212e+18
f5aeacca-71ae-456a-9053-683be52add2b,1.7773411740749642e+18
f5aeacca-71ae-456a-9053-683be52add2b,1.7773411741083064e+18
f5aeacca-71ae-456a-9053-683be52add2b,1.7773411741416494e+18
f5aeacca-71ae-456a-9053-683be52add2b,1.7773411741749924e+18
f5aeacca-71ae-456a-9053-683be52add2b,1.7773411742083343e+18
f5aeacca-71ae-456a-9053-683be52add2b,1.7773411742416773e+18
f5aeacca-71ae-456a-9053-683be52add2b,1.7773411742750203e+18
f5aeacca-71ae-456a-9053-683be52add2b,1.7773411743083622e+18
f5aeacca-71ae-456a-9053-683be52add2b,1.7773411743417052e+18
f5aeacca-71ae-456a-9053-683be52add2b,1.7773411743750484e+18
f5aeacca-71ae-456a-9053-683be52add2b,1.7773411744083904e+18
f5aeacca-71ae-456a-9053-683be52add2b,1.7773411744417334e+18
f5aeacca-71ae-456a-9053-683be52add2b,1.7773411744750764e+18
f5aeacca-71ae-456a-9053-683be52add2b,1.7773411745084183e+18
f5aeacca-71ae-456a-9053-683be52add2b,1.7773411745417613e+18
f5aeacca-71ae-456a-9053-683be52add2b,1.7773411745751043e+18
f5aeacca-71ae-456a-9053-683be52add2b,1.7773411746084465e+18
f5aeacca-71ae-456a-9053-683be52add2b,1.7773411746417894e+18
f5aeacca-71ae-456a-9053-683be52add2b,1.7773411746751324e+18
f5aeacca-71ae-456a-9053-683be52add2b,1.7773411747084744e+18
f5aeacca-71ae-456a-9053-683be52add2b,1.7773411747418173e+18
f5aeacca-71ae-456a-9053-683be52add2b,1.7773411747751603e+18
f5aeacca-71ae-456a-9053-683be52add2b,1.7773411748085023e+18
f5aeacca-71ae-456a-9053-683be52add2b,1.7773411748418452e+18
f5aeacca-71ae-456a-9053-683be52add2b,1.7773411748751882e+18
f5aeacca-71ae-456a-9053-683be52add2b,1.7773411749085304e+18
f5aeacca-71ae-456a-9053-683be52add2b,1.7773411749418734e+18
f5aeacca-71ae-456a-9053-683be52add2b,1.7773411749752164e+18
f5aeacca-71ae-456a-9053-683be52add2b,1.7773411750085583e+18
f5aeacca-71ae-456a-9053-683be52add2b,1.7773411750419013e+18
f5aeacca-71ae-456a-9053-683be52add2b,1.7773411750752443e+18
f5aeacca-71ae-456a-9053-683be52add2b,1.7773411751085862e+18
f5aeacca-71ae-456a-9053-683be52add2b,1.7773411751419292e+18
f5aeacca-71ae-456a-9053-683be52add2b,1.7773411751752724e+18
f5aeacca-71ae-456a-9053-683be52add2b,1.7773411752086144e+18
f5aeacca-71ae-456a-9053-683be52add2b,1.7773411752419574e+18
f5aeacca-71ae-456a-9053-683be52add2b,1.7773411752753004e+18
f5aeacca-71ae-456a-9053-683be52add2b,1.7773411753086423e+18
f5aeacca-71ae-456a-9053-683be52add2b,1.7773411753419853e+18
f5aeacca-71ae-456a-9053-683be52add2b,1.7773411753753283e+18
f5aeacca-71ae-456a-9053-683be52add2b,1.7773411754086705e+18
f5aeacca-71ae-456a-9053-683be52add2b,1.7773411754420134e+18
f5aeacca-71ae-456a-9053-683be52add2b,1.7773411754753564e+18
f5aeacca-71ae-456a-9053-683be52add2b,1.7773411755086984e+18
f5aeacca-71ae-456a-9053-683be52add2b,1.7773411755420413e+18
f5aeacca-71ae-456a-9053-683be52add2b,1.7773411755753843e+18
f5aeacca-71ae-456a-9053-683be52add2b,1.7773411756087263e+18
f5aeacca-71ae-456a-9053-683be52add2b,1.7773411756420692e+18
f5aeacca-71ae-456a-9053-683be52add2b,1.7773411756754122e+18
f5aeacca-71ae-456a-9053-683be52add2b,1.7773411757087544e+18
f5aeacca-71ae-456a-9053-683be52add2b,1.7773411757420974e+18
f5aeacca-71ae-456a-9053-683be52add2b,1.7773411757754394e+18
f5aeacca-71ae-456a-9053-683be52add2b,1.7773411758087823e+18
f5aeacca-71ae-456a-9053-683be52add2b,1.7773411758421253e+18
f5aeacca-71ae-456a-9053-683be52add2b,1.7773411758754673e+18
f5aeacca-71ae-456a-9053-683be52add2b,1.7773411759088102e+18
f5aeacca-71ae-456a-9053-683be52add2b,1.7773411759421532e+18
f5aeacca-71ae-456a-9053-683be52add2b,1.7773411759754954e+18
f5aeacca-71ae-456a-9053-683be52add2b,1.7773411760088384e+18
f5aeacca-71ae-456a-9053-683be52add2b,1.7773411760421814e+18
f5aeacca-71ae-456a-9053-683be52add2b,1.7773411760755233e+18
f5aeacca-71ae-456a-9053-683be52add2b,1.7773411761088663e+18
f5aeacca-71ae-456a-9053-683be52add2b,1.7773411761422093e+18
f5aeacca-71ae-456a-9053-683be52add2b,1.7773411761755512e+18
f5aeacca-71ae-456a-9053-683be52add2b,1.7773411762088945e+18
f5aeacca-71ae-456a-9053-683be52add2b,1.7773411762422374e+18
f5aeacca-71ae-456a-9053-683be52add2b,1.7773411762755794e+18
f5aeacca-71ae-456a-9053-683be52add2b,1.7773411763089224e+18
f5aeacca-71ae-456a-9053-683be52add2b,1.7773411763422653e+18
f5aeacca-71ae-456a-9053-683be52add2b,1.7773411763756073e+18
f5aeacca-71ae-456a-9053-683be52add2b,1.7773411764089503e+18
f5aeacca-71ae-456a-9053-683be52add2b,1.7773411764422932e+18
f5aeacca-71ae-456a-9053-683be52add2b,1.7773411764756355e+18
f5aeacca-71ae-456a-9053-683be52add2b,1.7773411765089784e+18
f5aeacca-71ae-456a-9053-683be52add2b,1.7773411765423214e+18
f5aeacca-71ae-456a-9053-683be52add2b,1.7773411765756634e+18
f5aeacca-71ae-456a-9053-683be52add2b,1.7773411766090063e+18
f5aeacca-71ae-456a-9053-683be52add2b,1.7773411766423493e+18
f5aeacca-71ae-456a-9053-683be52add2b,1.7773411766756913e+18
f5aeacca-71ae-456a-9053-683be52add2b,1.7773411767090342e+18
f5aeacca-71ae-456a-9053-683be52add2b,1.7773411767423772e+18
f5aeacca-71ae-456a-9053-683be52add2b,1.7773411767757194e+18
f5aeacca-71ae-456a-9053-683be52add2b,1.7773411768090624e+18
f5aeacca-71ae-456a-9053-683be52add2b,1.7773411768424054e+18
f5aeacca-71ae-456a-9053-683be52add2b,1.7773411768757473e+18
f5aeacca-71ae-456a-9053-683be52add2b,1.7773411769090903e+18
f5aeacca-71ae-456a-9053-683be52add2b,1.7773411769424333e+18
f5aeacca-71ae-456a-9053-683be52add2b,1.7773411769757752e+18
f5aeacca-71ae-456a-9053-683be52add2b,1.7773411770091185e+18
f5aeacca-71ae-456a-9053-683be52add2b,1.7773411770424614e+18
f5aeacca-71ae-456a-9053-683be52add2b,1.7773411770758034e+18
f5aeacca-71ae-456a-9053-683be52add2b,1.7773411771091464e+18
f5aeacca-71ae-456a-9053-683be52add2b,1.7773411771424893e+18
f5aeacca-71ae-456a-9053-683be52add2b,1.7773411771758313e+18
f5aeacca-71ae-456a-9053-683be52add2b,1.7773411772091743e+18
f5aeacca-71ae-456a-9053-683be52add2b,1.7773411772425172e+18
f5aeacca-71ae-456a-9053-683be52add2b,1.7773411772758595e+18
f5aeacca-71ae-456a-9053-683be52add2b,1.7773411773092024e+18
f5aeacca-71ae-456a-9053-683be52add2b,1.7773411773425444e+18
f5aeacca-71ae-456a-9053-683be52add2b,1.7773411773758874e+18
f5aeacca-71ae-456a-9053-683be52add2b,1.7773411774092303e+18
f5aeacca-71ae-456a-9053-683be52add2b,1.7773411774425723e+18
f5aeacca-71ae-456a-9053-683be52add2b,1.7773411774759153e+18
f5aeacca-71ae-456a-9053-683be52add2b,1.7773411775092582e+18
f5aeacca-71ae-456a-9053-683be52add2b,1.7773411775426004e+18
f5aeacca-71ae-456a-9053-683be52add2b,1.7773411775759434e+18
f5aeacca-71ae-456a-9053-683be52add2b,1.7773411776092864e+18
f5aeacca-71ae-456a-9053-683be52add2b,1.7773411776426284e+18
f5aeacca-71ae-456a-9053-683be52add2b,1.7773411776759713e+18
f5aeacca-71ae-456a-9053-683be52add2b,1.7773411777093143e+18
f5aeacca-71ae-456a-9053-683be52add2b,1.7773411777426563e+18
f5aeacca-71ae-456a-9053-683be52add2b,1.7773411777759992e+18
f5aeacca-71ae-456a-9053-683be52add2b,1.7773411778093425e+18
f5aeacca-71ae-456a-9053-683be52add2b,1.7773411778426844e+18
f5aeacca-71ae-456a-9053-683be52add2b,1.7773411778760274e+18
f5aeacca-71ae-456a-9053-683be52add2b,1.7773411779093704e+18
f5aeacca-71ae-456a-9053-683be52add2b,1.7773411779427123e+18
f5aeacca-71ae-456a-9053-683be52add2b,1.7773411779760553e+18
f5aeacca-71ae-456a-9053-683be52add2b,1.7773411780093983e+18
f5aeacca-71ae-456a-9053-683be52add2b,1.7773411780427402e+18
f5aeacca-71ae-456a-9053-683be52add2b,1.7773411780760835e+18
f5aeacca-71ae-456a-9053-683be52add2b,1.7773411781094264e+18
f5aeacca-71ae-456a-9053-683be52add2b,1.7773411781427684e+18
f5aeacca-71ae-456a-9053-683be52add2b,1.7773411781761114e+18
f5aeacca-71ae-456a-9053-683be52add2b,1.7773411782094543e+18
f5aeacca-71ae-456a-9053-683be52add2b,1.7773411782427963e+18
f5aeacca-71ae-456a-9053-683be52add2b,1.7773411782761393e+18
f5aeacca-71ae-456a-9053-683be52add2b,1.7773411783094822e+18
f5aeacca-71ae-456a-9053-683be52add2b,1.7773411783428244e+18
f5aeacca-71ae-456a-9053-683be52add2b,1.7773411783761674e+18
f5aeacca-71ae-456a-9053-683be52add2b,1.7773411784095104e+18
f5aeacca-71ae-456a-9053-683be52add2b,1.7773411784428524e+18
f5aeacca-71ae-456a-9053-683be52add2b,1.7773411784761953e+18
f5aeacca-71ae-456a-9053-683be52add2b,1.7773411785095383e+18
f5aeacca-71ae-456a-9053-683be52add2b,1.7773411785428803e+18
f5aeacca-71ae-456a-9053-683be52add2b,1.7773411785762232e+18
f5aeacca-71ae-456a-9053-683be52add2b,1.7773411786095665e+18
f5aeacca-71ae-456a-9053-683be52add2b,1.7773411786429084e+18
f5aeacca-71ae-456a-9053-683be52add2b,1.7773411786762514e+18
f5aeacca-71ae-456a-9053-683be52add2b,1.7773411787095944e+18
f5aeacca-71ae-456a-9053-683be52add2b,1.7773411787429363e+18
f5aeacca-71ae-456a-9053-683be52add2b,1.7773411787762793e+18
f5aeacca-71ae-456a-9053-683be52add2b,1.7773411788096212e+18
f5aeacca-71ae-456a-9053-683be52add2b,1.7773411788429642e+18
f5aeacca-71ae-456a-9053-683be52add2b,1.7773411788763075e+18
f5aeacca-71ae-456a-9053-683be52add2b,1.7773411789096494e+18
f5aeacca-71ae-456a-9053-683be52add2b,1.7773411789429924e+18
f5aeacca-71ae-456a-9053-683be52add2b,1.7773411789763354e+18
f5aeacca-71ae-456a-9053-683be52add2b,1.7773411790096773e+18
f5aeacca-71ae-456a-9053-683be52add2b,1.7773411790430203e+18
f5aeacca-71ae-456a-9053-683be52add2b,1.7773411790763633e+18
f5aeacca-71ae-456a-9053-683be52add2b,1.7773411791097052e+18
f5aeacca-71ae-456a-9053-683be52add2b,1.7773411791430484e+18
f5aeacca-71ae-456a-9053-683be52add2b,1.7773411791763914e+18
f5aeacca-71ae-456a-9053-683be52add2b,1.7773411792097334e+18
f5aeacca-71ae-456a-9053-683be52add2b,1.7773411792430764e+18
f5aeacca-71ae-456a-9053-683be52add2b,1.7773411792764193e+18
f5aeacca-71ae-456a-9053-683be52add2b,1.7773411793097613e+18
f5aeacca-71ae-456a-9053-683be52add2b,1.7773411793431043e+18
f5aeacca-71ae-456a-9053-683be52add2b,1.7773411793764472e+18
f5aeacca-71ae-456a-9053-683be52add2b,1.7773411794097894e+18
f5aeacca-71ae-456a-9053-683be52add2b,1.7773411794431324e+18
f5aeacca-71ae-456a-9053-683be52add2b,1.7773411794764754e+18
f5aeacca-71ae-456a-9053-683be52add2b,1.7773411795098173e+18
f5aeacca-71ae-456a-9053-683be52add2b,1.7773411795431603e+18
f5aeacca-71ae-456a-9053-683be52add2b,1.7773411795765033e+18
f5aeacca-71ae-456a-9053-683be52add2b,1.7773411796098452e+18
f5aeacca-71ae-456a-9053-683be52add2b,1.7773411796431882e+18
f5aeacca-71ae-456a-9053-683be52add2b,1.7773411796765315e+18
f5aeacca-71ae-456a-9053-683be52add2b,1.7773411797098734e+18
f5aeacca-71ae-456a-9053-683be52add2b,1.7773411797432164e+18
f5aeacca-71ae-456a-9053-683be52add2b,1.7773411797765594e+18
f5aeacca-71ae-456a-9053-683be52add2b,1.7773411798099013e+18
f5aeacca-71ae-456a-9053-683be52add2b,1.7773411798432443e+18
f5aeacca-71ae-456a-9053-683be52add2b,1.7773411798765873e+18
f5aeacca-71ae-456a-9053-683be52add2b,1.7773411799099292e+18
f5aeacca-71ae-456a-9053-683be52add2b,1.7773411799432724e+18
f5aeacca-71ae-456a-9053-683be52add2b,1.7773411799766154e+18
f5aeacca-71ae-456a-9053-683be52add2b,1.7773411800099574e+18
f5aeacca-71ae-456a-9053-683be52add2b,1.7773411800433004e+18
f5aeacca-71ae-456a-9053-683be52add2b,1.7773411800766433e+18
f5aeacca-71ae-456a-9053-683be52add2b,1.7773411801099853e+18
f5aeacca-71ae-456a-9053-683be52add2b,1.7773411801433283e+18
f5aeacca-71ae-456a-9053-683be52add2b,1.7773411801766712e+18
f5aeacca-71ae-456a-9053-683be52add2b,1.7773411802100134e+18
f5aeacca-71ae-456a-9053-683be52add2b,1.7773411802433564e+18
f5aeacca-71ae-456a-9053-683be52add2b,1.7773411802766994e+18
f5aeacca-71ae-456a-9053-683be52add2b,1.7773411803100413e+18
f5aeacca-71ae-456a-9053-683be52add2b,1.7773411803433843e+18
f5aeacca-71ae-456a-9053-683be52add2b,1.7773411803767273e+18
f5aeacca-71ae-456a-9053-683be52add2b,1.7773411804100692e+18
f5aeacca-71ae-456a-9053-683be52add2b,1.7773411804434122e+18
f5aeacca-71ae-456a-9053-683be52add2b,1.7773411804767555e+18
f5aeacca-71ae-456a-9053-683be52add2b,1.7773411805100974e+18
f5aeacca-71ae-456a-9053-683be52add2b,1.7773411805434404e+18
f5aeacca-71ae-456a-9053-683be52add2b,1.7773411805767834e+18
f5aeacca-71ae-456a-9053-683be52add2b,1.7773411806101253e+18
f5aeacca-71ae-456a-9053-683be52add2b,1.7773411806434683e+18
f5aeacca-71ae-456a-9053-683be52add2b,1.7773411806768102e+18
f5aeacca-71ae-456a-9053-683be52add2b,1.7773411807101532e+18
f5aeacca-71ae-456a-9053-683be52add2b,1.7773411807434964e+18
f5aeacca-71ae-456a-9053-683be52add2b,1.7773411807768384e+18
f5aeacca-71ae-456a-9053-683be52add2b,1.7773411808101814e+18
f5aeacca-71ae-456a-9053-683be52add2b,1.7773411808435244e+18
f5aeacca-71ae-456a-9053-683be52add2b,1.7773411808768663e+18
f5aeacca-71ae-456a-9053-683be52add2b,1.7773411809102093e+18
f5aeacca-71ae-456a-9053-683be52add2b,1.7773411809435523e+18
f5aeacca-71ae-456a-9053-683be52add2b,1.7773411809768945e+18
f5aeacca-71ae-456a-9053-683be52add2b,1.7773411810102374e+18
f5aeacca-71ae-456a-9053-683be52add2b,1.7773411810435804e+18
f5aeacca-71ae-456a-9053-683be52add2b,1.7773411810769224e+18
f5aeacca-71ae-456a-9053-683be52add2b,1.7773411811102653e+18
f5aeacca-71ae-456a-9053-683be52add2b,1.7773411811436083e+18
f5aeacca-71ae-456a-9053-683be52add2b,1.7773411811769503e+18
f5aeacca-71ae-456a-9053-683be52add2b,1.7773411812102932e+18
f5aeacca-71ae-456a-9053-683be52add2b,1.7773411812436362e+18
f5aeacca-71ae-456a-9053-683be52add2b,1.7773411812769784e+18
f5aeacca-71ae-456a-9053-683be52add2b,1.7773411813103214e+18
f5aeacca-71ae-456a-9053-683be52add2b,1.7773411813436644e+18
f5aeacca-71ae-456a-9053-683be52add2b,1.7773411813770063e+18
f5aeacca-71ae-456a-9053-683be52add2b,1.7773411814103493e+18
f5aeacca-71ae-456a-9053-683be52add2b,1.7773411814436923e+18
f5aeacca-71ae-456a-9053-683be52add2b,1.7773411814770342e+18
f5aeacca-71ae-456a-9053-683be52add2b,1.7773411815103772e+18
f5aeacca-71ae-456a-9053-683be52add2b,1.7773411815437204e+18
f5aeacca-71ae-456a-9053-683be52add2b,1.7773411815770624e+18
f5aeacca-71ae-456a-9053-683be52add2b,1.7773411816104054e+18
f5aeacca-71ae-456a-9053-683be52add2b,1.7773411816437484e+18
f5aeacca-71ae-456a-9053-683be52add2b,1.7773411816770903e+18
f5aeacca-71ae-456a-9053-683be52add2b,1.7773411817104333e+18
f5aeacca-71ae-456a-9053-683be52add2b,1.7773411817437763e+18
f5aeacca-71ae-456a-9053-683be52add2b,1.7773411817771185e+18
f5aeacca-71ae-456a-9053-683be52add2b,1.7773411818104614e+18
f5aeacca-71ae-456a-9053-683be52add2b,1.7773411818438044e+18
f5aeacca-71ae-456a-9053-683be52add2b,1.7773411818771464e+18
f5aeacca-71ae-456a-9053-683be52add2b,1.7773411819104893e+18
f5aeacca-71ae-456a-9053-683be52add2b,1.7773411819438313e+18
f5aeacca-71ae-456a-9053-683be52add2b,1.7773411819771743e+18
f5aeacca-71ae-456a-9053-683be52add2b,1.7773411820105172e+18
f5aeacca-71ae-456a-9053-683be52add2b,1.7773411820438602e+18
f5aeacca-71ae-456a-9053-683be52add2b,1.7773411820772024e+18
f5aeacca-71ae-456a-9053-683be52add2b,1.7773411821105454e+18
f5aeacca-71ae-456a-9053-683be52add2b,1.7773411821438874e+18
f5aeacca-71ae-456a-9053-683be52add2b,1.7773411821772303e+18
f5aeacca-71ae-456a-9053-683be52add2b,1.7773411822105733e+18
f5aeacca-71ae-456a-9053-683be52add2b,1.7773411822439153e+18
f5aeacca-71ae-456a-9053-683be52add2b,1.7773411822772582e+18
f5aeacca-71ae-456a-9053-683be52add2b,1.7773411823106012e+18
f5aeacca-71ae-456a-9053-683be52add2b,1.7773411823439434e+18
f5aeacca-71ae-456a-9053-683be52add2b,1.7773411823772864e+18
f5aeacca-71ae-456a-9053-683be52add2b,1.7773411824106294e+18
f5aeacca-71ae-456a-9053-683be52add2b,1.7773411824439713e+18
f5aeacca-71ae-456a-9053-683be52add2b,1.7773411824773143e+18
f5aeacca-71ae-456a-9053-683be52add2b,1.7773411825106573e+18
f5aeacca-71ae-456a-9053-683be52add2b,1.7773411825439992e+18
f5aeacca-71ae-456a-9053-683be52add2b,1.7773411825773425e+18
f5aeacca-71ae-456a-9053-683be52add2b,1.7773411826106854e+18
f5aeacca-71ae-456a-9053-683be52add2b,1.7773411826440274e+18
f5aeacca-71ae-456a-9053-683be52add2b,1.7773411826773704e+18
f5aeacca-71ae-456a-9053-683be52add2b,1.7773411827107133e+18
f5aeacca-71ae-456a-9053-683be52add2b,1.7773411827440553e+18
f5aeacca-71ae-456a-9053-683be52add2b,1.7773411827773983e+18
f5aeacca-71ae-456a-9053-683be52add2b,1.7773411828107412e+18
f5aeacca-71ae-456a-9053-683be52add2b,1.7773411828440835e+18
f5aeacca-71ae-456a-9053-683be52add2b,1.7773411828774264e+18
f5aeacca-71ae-456a-9053-683be52add2b,1.7773411829107694e+18
f5aeacca-71ae-456a-9053-683be52add2b,1.7773411829441114e+18
f5aeacca-71ae-456a-9053-683be52add2b,1.7773411829774543e+18
f5aeacca-71ae-456a-9053-683be52add2b,1.7773411830107973e+18
f5aeacca-71ae-456a-9053-683be52add2b,1.7773411830441393e+18
f5aeacca-71ae-456a-9053-683be52add2b,1.7773411830774822e+18
f5aeacca-71ae-456a-9053-683be52add2b,1.7773411831108252e+18
f5aeacca-71ae-456a-9053-683be52add2b,1.7773411831441674e+18
f5aeacca-71ae-456a-9053-683be52add2b,1.7773411831775104e+18
f5aeacca-71ae-456a-9053-683be52add2b,1.7773411832108534e+18
f5aeacca-71ae-456a-9053-683be52add2b,1.7773411832441953e+18
f5aeacca-71ae-456a-9053-683be52add2b,1.7773411832775383e+18
f5aeacca-71ae-456a-9053-683be52add2b,1.7773411833108813e+18
f5aeacca-71ae-456a-9053-683be52add2b,1.7773411833442232e+18
f5aeacca-71ae-456a-9053-683be52add2b,1.7773411833775665e+18
f5aeacca-71ae-456a-9053-683be52add2b,1.7773411834109094e+18
f5aeacca-71ae-456a-9053-683be52add2b,1.7773411834442514e+18
f5aeacca-71ae-456a-9053-683be52add2b,1.7773411834775944e+18
f5aeacca-71ae-456a-9053-683be52add2b,1.7773411835109373e+18
f5aeacca-71ae-456a-9053-683be52add2b,1.7773411835442793e+18
f5aeacca-71ae-456a-9053-683be52add2b,1.7773411835776223e+18
f5aeacca-71ae-456a-9053-683be52add2b,1.7773411836109652e+18
f5aeacca-71ae-456a-9053-683be52add2b,1.7773411836443075e+18
f5aeacca-71ae-456a-9053-683be52add2b,1.7773411836776504e+18
f5aeacca-71ae-456a-9053-683be52add2b,1.7773411837109934e+18
f5aeacca-71ae-456a-9053-683be52add2b,1.7773411837443354e+18
f5aeacca-71ae-456a-9053-683be52add2b,1.7773411837776783e+18
f5aeacca-71ae-456a-9053-683be52add2b,1.7773411838110213e+18
f5aeacca-71ae-456a-9053-683be52add2b,1.7773411838443633e+18
f5aeacca-71ae-456a-9053-683be52add2b,1.7773411838777062e+18
f5aeacca-71ae-456a-9053-683be52add2b,1.7773411839110492e+18
f5aeacca-71ae-456a-9053-683be52add2b,1.7773411839443914e+18
f5aeacca-71ae-456a-9053-683be52add2b,1.7773411839777344e+18
f5aeacca-71ae-456a-9053-683be52add2b,1.7773411840110764e+18
f5aeacca-71ae-456a-9053-683be52add2b,1.7773411840444193e+18
f5aeacca-71ae-456a-9053-683be52add2b,1.7773411840777623e+18
f5aeacca-71ae-456a-9053-683be52add2b,1.7773411841111043e+18
f5aeacca-71ae-456a-9053-683be52add2b,1.7773411841444472e+18
f5aeacca-71ae-456a-9053-683be52add2b,1.7773411841777905e+18
f5aeacca-71ae-456a-9053-683be52add2b,1.7773411842111324e+18
f5aeacca-71ae-456a-9053-683be52add2b,1.7773411842444754e+18
f5aeacca-71ae-456a-9053-683be52add2b,1.7773411842778184e+18
f5aeacca-71ae-456a-9053-683be52add2b,1.7773411843111603e+18
f5aeacca-71ae-456a-9053-683be52add2b,1.7773411843445033e+18
f5aeacca-71ae-456a-9053-683be52add2b,1.7773411843778463e+18
f5aeacca-71ae-456a-9053-683be52add2b,1.7773411844111882e+18
f5aeacca-71ae-456a-9053-683be52add2b,1.7773411844445315e+18
f5aeacca-71ae-456a-9053-683be52add2b,1.7773411844778744e+18
f5aeacca-71ae-456a-9053-683be52add2b,1.7773411845112164e+18
f5aeacca-71ae-456a-9053-683be52add2b,1.7773411845445594e+18
f5aeacca-71ae-456a-9053-683be52add2b,1.7773411845779023e+18
f5aeacca-71ae-456a-9053-683be52add2b,1.7773411846112443e+18
f5aeacca-71ae-456a-9053-683be52add2b,1.7773411846445873e+18
f5aeacca-71ae-456a-9053-683be52add2b,1.7773411846779302e+18
f5aeacca-71ae-456a-9053-683be52add2b,1.7773411847112724e+18
f5aeacca-71ae-456a-9053-683be52add2b,1.7773411847446154e+18
f5aeacca-71ae-456a-9053-683be52add2b,1.7773411847779584e+18
f5aeacca-71ae-456a-9053-683be52add2b,1.7773411848113004e+18
f5aeacca-71ae-456a-9053-683be52add2b,1.7773411848446433e+18
f5aeacca-71ae-456a-9053-683be52add2b,1.7773411848779863e+18
f5aeacca-71ae-456a-9053-683be52add2b,1.7773411849113283e+18
f5aeacca-71ae-456a-9053-683be52add2b,1.7773411849446712e+18
f5aeacca-71ae-456a-9053-683be52add2b,1.7773411849780145e+18
f5aeacca-71ae-456a-9053-683be52add2b,1.7773411850113564e+18
f5aeacca-71ae-456a-9053-683be52add2b,1.7773411850446994e+18
f5aeacca-71ae-456a-9053-683be52add2b,1.7773411850780424e+18
f5aeacca-71ae-456a-9053-683be52add2b,1.7773411851113843e+18
f5aeacca-71ae-456a-9053-683be52add2b,1.7773411851447273e+18
f5aeacca-71ae-456a-9053-683be52add2b,1.7773411851780703e+18
f5aeacca-71ae-456a-9053-683be52add2b,1.7773411852114122e+18
f5aeacca-71ae-456a-9053-683be52add2b,1.7773411852447555e+18
f5aeacca-71ae-456a-9053-683be52add2b,1.7773411852780974e+18
f5aeacca-71ae-456a-9053-683be52add2b,1.7773411853114404e+18
f5aeacca-71ae-456a-9053-683be52add2b,1.7773411853447834e+18
f5aeacca-71ae-456a-9053-683be52add2b,1.7773411853781263e+18
f5aeacca-71ae-456a-9053-683be52add2b,1.7773411854114683e+18
f5aeacca-71ae-456a-9053-683be52add2b,1.7773411854448113e+18
f5aeacca-71ae-456a-9053-683be52add2b,1.7773411854781532e+18
f5aeacca-71ae-456a-9053-683be52add2b,1.7773411855114964e+18
f5aeacca-71ae-456a-9053-683be52add2b,1.7773411855448394e+18
f5aeacca-71ae-456a-9053-683be52add2b,1.7773411855781814e+18
f5aeacca-71ae-456a-9053-683be52add2b,1.7773411856115244e+18
f5aeacca-71ae-456a-9053-683be52add2b,1.7773411856448673e+18
f5aeacca-71ae-456a-9053-683be52add2b,1.7773411856782093e+18
f5aeacca-71ae-456a-9053-683be52add2b,1.7773411857115523e+18
f5aeacca-71ae-456a-9053-683be52add2b,1.7773411857448952e+18
f5aeacca-71ae-456a-9053-683be52add2b,1.7773411857782374e+18
f5aeacca-71ae-456a-9053-683be52add2b,1.7773411858115804e+18
f5aeacca-71ae-456a-9053-683be52add2b,1.7773411858449234e+18
f5aeacca-71ae-456a-9053-683be52add2b,1.7773411858782653e+18
f5aeacca-71ae-456a-9053-683be52add2b,1.7773411859116083e+18
f5aeacca-71ae-456a-9053-683be52add2b,1.7773411859449513e+18
f5aeacca-71ae-456a-9053-683be52add2b,1.7773411859782932e+18
f5aeacca-71ae-456a-9053-683be52add2b,1.7773411860116362e+18
f5aeacca-71ae-456a-9053-683be52add2b,1.7773411860449795e+18
f5aeacca-71ae-456a-9053-683be52add2b,1.7773411860783214e+18
f5aeacca-71ae-456a-9053-683be52add2b,1.7773411861116644e+18
f5aeacca-71ae-456a-9053-683be52add2b,1.7773411861450074e+18
f5aeacca-71ae-456a-9053-683be52add2b,1.7773411861783493e+18
f5aeacca-71ae-456a-9053-683be52add2b,1.7773411862116923e+18
f5aeacca-71ae-456a-9053-683be52add2b,1.7773411862450353e+18
f5aeacca-71ae-456a-9053-683be52add2b,1.7773411862783772e+18
f5aeacca-71ae-456a-9053-683be52add2b,1.7773411863117204e+18
f5aeacca-71ae-456a-9053-683be52add2b,1.7773411863450634e+18
f5aeacca-71ae-456a-9053-683be52add2b,1.7773411863784054e+18
f5aeacca-71ae-456a-9053-683be52add2b,1.7773411864117484e+18
f5aeacca-71ae-456a-9053-683be52add2b,1.7773411864450913e+18
f5aeacca-71ae-456a-9053-683be52add2b,1.7773411864784333e+18
f5aeacca-71ae-456a-9053-683be52add2b,1.7773411865117763e+18
f5aeacca-71ae-456a-9053-683be52add2b,1.7773411865451192e+18
f5aeacca-71ae-456a-9053-683be52add2b,1.7773411865784614e+18
f5aeacca-71ae-456a-9053-683be52add2b,1.7773411866118044e+18
f5aeacca-71ae-456a-9053-683be52add2b,1.7773411866451474e+18
f5aeacca-71ae-456a-9053-683be52add2b,1.7773411866784893e+18
f5aeacca-71ae-456a-9053-683be52add2b,1.7773411867118323e+18
f5aeacca-71ae-456a-9053-683be52add2b,1.7773411867451753e+18
f5aeacca-71ae-456a-9053-683be52add2b,1.7773411867785172e+18
f5aeacca-71ae-456a-9053-683be52add2b,1.7773411868118602e+18
f5aeacca-71ae-456a-9053-683be52add2b,1.7773411868452035e+18
f5aeacca-71ae-456a-9053-683be52add2b,1.7773411868785454e+18
f5aeacca-71ae-456a-9053-683be52add2b,1.7773411869118884e+18
f5aeacca-71ae-456a-9053-683be52add2b,1.7773411869452314e+18
f5aeacca-71ae-456a-9053-683be52add2b,1.7773411869785733e+18
f5aeacca-71ae-456a-9053-683be52add2b,1.7773411870119163e+18
f5aeacca-71ae-456a-9053-683be52add2b,1.7773411870452593e+18
f5aeacca-71ae-456a-9053-683be52add2b,1.7773411870786012e+18
f5aeacca-71ae-456a-9053-683be52add2b,1.7773411871119444e+18
f5aeacca-71ae-456a-9053-683be52add2b,1.7773411871452874e+18
f5aeacca-71ae-456a-9053-683be52add2b,1.7773411871786294e+18
f5aeacca-71ae-456a-9053-683be52add2b,1.7773411872119724e+18
f5aeacca-71ae-456a-9053-683be52add2b,1.7773411872453153e+18
f5aeacca-71ae-456a-9053-683be52add2b,1.7773411872786573e+18
f5aeacca-71ae-456a-9053-683be52add2b,1.7773411873120003e+18
f5aeacca-71ae-456a-9053-683be52add2b,1.7773411873453425e+18
f5aeacca-71ae-456a-9053-683be52add2b,1.7773411873786854e+18
f5aeacca-71ae-456a-9053-683be52add2b,1.7773411874120284e+18
f5aeacca-71ae-456a-9053-683be52add2b,1.7773411874453704e+18
f5aeacca-71ae-456a-9053-683be52add2b,1.7773411874787133e+18
f5aeacca-71ae-456a-9053-683be52add2b,1.7773411875120563e+18
f5aeacca-71ae-456a-9053-683be52add2b,1.7773411875453983e+18
f5aeacca-71ae-456a-9053-683be52add2b,1.7773411875787412e+18
f5aeacca-71ae-456a-9053-683be52add2b,1.7773411876120842e+18
f5aeacca-71ae-456a-9053-683be52add2b,1.7773411876454264e+18
f5aeacca-71ae-456a-9053-683be52add2b,1.7773411876787694e+18
f5aeacca-71ae-456a-9053-683be52add2b,1.7773411877121124e+18
f5aeacca-71ae-456a-9053-683be52add2b,1.7773411877454543e+18
f5aeacca-71ae-456a-9053-683be52add2b,1.7773411877787973e+18
f5aeacca-71ae-456a-9053-683be52add2b,1.7773411878121403e+18
f5aeacca-71ae-456a-9053-683be52add2b,1.7773411878454822e+18
f5aeacca-71ae-456a-9053-683be52add2b,1.7773411878788252e+18
f5aeacca-71ae-456a-9053-683be52add2b,1.7773411879121684e+18
f5aeacca-71ae-456a-9053-683be52add2b,1.7773411879455104e+18
f5aeacca-71ae-456a-9053-683be52add2b,1.7773411879788534e+18
f5aeacca-71ae-456a-9053-683be52add2b,1.7773411880121964e+18
f5aeacca-71ae-456a-9053-683be52add2b,1.7773411880455383e+18
f5aeacca-71ae-456a-9053-683be52add2b,1.7773411880788813e+18
f5aeacca-71ae-456a-9053-683be52add2b,1.7773411881122243e+18
f5aeacca-71ae-456a-9053-683be52add2b,1.7773411881455665e+18
f5aeacca-71ae-456a-9053-683be52add2b,1.7773411881789094e+18
f5aeacca-71ae-456a-9053-683be52add2b,1.7773411882122524e+18
f5aeacca-71ae-456a-9053-683be52add2b,1.7773411882455944e+18
f5aeacca-71ae-456a-9053-683be52add2b,1.7773411882789373e+18
f5aeacca-71ae-456a-9053-683be52add2b,1.7773411883122803e+18
f5aeacca-71ae-456a-9053-683be52add2b,1.7773411883456223e+18
f5aeacca-71ae-456a-9053-683be52add2b,1.7773411883789652e+18
f5aeacca-71ae-456a-9053-683be52add2b,1.7773411884123082e+18
f5aeacca-71ae-456a-9053-683be52add2b,1.7773411884456504e+18
f5aeacca-71ae-456a-9053-683be52add2b,1.7773411884789934e+18
f5aeacca-71ae-456a-9053-683be52add2b,1.7773411885123364e+18
f5aeacca-71ae-456a-9053-683be52add2b,1.7773411885456783e+18
f5aeacca-71ae-456a-9053-683be52add2b,1.7773411885790213e+18
f5aeacca-71ae-456a-9053-683be52add2b,1.7773411886123633e+18
f5aeacca-71ae-456a-9053-683be52add2b,1.7773411886457062e+18
f5aeacca-71ae-456a-9053-683be52add2b,1.7773411886790492e+18
f5aeacca-71ae-456a-9053-683be52add2b,1.7773411887123924e+18
f5aeacca-71ae-456a-9053-683be52add2b,1.7773411887457344e+18
f5aeacca-71ae-456a-9053-683be52add2b,1.7773411887790774e+18
f5aeacca-71ae-456a-9053-683be52add2b,1.7773411888124193e+18
f5aeacca-71ae-456a-9053-683be52add2b,1.7773411888457623e+18
f5aeacca-71ae-456a-9053-683be52add2b,1.7773411888791053e+18
f5aeacca-71ae-456a-9053-683be52add2b,1.7773411889124472e+18
f5aeacca-71ae-456a-9053-683be52add2b,1.7773411889457905e+18
f5aeacca-71ae-456a-9053-683be52add2b,1.7773411889791334e+18
f5aeacca-71ae-456a-9053-683be52add2b,1.7773411890124754e+18
f5aeacca-71ae-456a-9053-683be52add2b,1.7773411890458184e+18
f5aeacca-71ae-456a-9053-683be52add2b,1.7773411890791613e+18
f5aeacca-71ae-456a-9053-683be52add2b,1.7773411891125033e+18
f5aeacca-71ae-456a-9053-683be52add2b,1.7773411891458463e+18
f5aeacca-71ae-456a-9053-683be52add2b,1.7773411891791892e+18
f5aeacca-71ae-456a-9053-683be52add2b,1.7773411892125315e+18
f5aeacca-71ae-456a-9053-683be52add2b,1.7773411892458744e+18
f5aeacca-71ae-456a-9053-683be52add2b,1.7773411892792174e+18
f5aeacca-71ae-456a-9053-683be52add2b,1.7773411893125594e+18
f5aeacca-71ae-456a-9053-683be52add2b,1.7773411893459023e+18
f5aeacca-71ae-456a-9053-683be52add2b,1.7773411893792453e+18
f5aeacca-71ae-456a-9053-683be52add2b,1.7773411894125873e+18
f5aeacca-71ae-456a-9053-683be52add2b,1.7773411894459302e+18
f5aeacca-71ae-456a-9053-683be52add2b,1.7773411894792732e+18
f5aeacca-71ae-456a-9053-683be52add2b,1.7773411895126154e+18
f5aeacca-71ae-456a-9053-683be52add2b,1.7773411895459584e+18
f5aeacca-71ae-456a-9053-683be52add2b,1.7773411895793014e+18
f5aeacca-71ae-456a-9053-683be52add2b,1.7773411896126433e+18
f5aeacca-71ae-456a-9053-683be52add2b,1.7773411896459863e+18
f5aeacca-71ae-456a-9053-683be52add2b,1.7773411896793293e+18
f5aeacca-71ae-456a-9053-683be52add2b,1.7773411897126712e+18
f5aeacca-71ae-456a-9053-683be52add2b,1.7773411897460145e+18
f5aeacca-71ae-456a-9053-683be52add2b,1.7773411897793574e+18
f5aeacca-71ae-456a-9053-683be52add2b,1.7773411898126994e+18
f5aeacca-71ae-456a-9053-683be52add2b,1.7773411898460424e+18
f5aeacca-71ae-456a-9053-683be52add2b,1.7773411898793853e+18
f5aeacca-71ae-456a-9053-683be52add2b,1.7773411899127273e+18
f5aeacca-71ae-456a-9053-683be52add2b,1.7773411899460703e+18
f5aeacca-71ae-456a-9053-683be52add2b,1.7773411899794132e+18
f5aeacca-71ae-456a-9053-683be52add2b,1.7773411900127555e+18
f5aeacca-71ae-456a-9053-683be52add2b,1.7773411900460984e+18
f5aeacca-71ae-456a-9053-683be52add2b,1.7773411900794414e+18
f5aeacca-71ae-456a-9053-683be52add2b,1.7773411901127834e+18
f5aeacca-71ae-456a-9053-683be52add2b,1.7773411901461263e+18
f5aeacca-71ae-456a-9053-683be52add2b,1.7773411901794693e+18
f5aeacca-71ae-456a-9053-683be52add2b,1.7773411902128113e+18
f5aeacca-71ae-456a-9053-683be52add2b,1.7773411902461542e+18
f5aeacca-71ae-456a-9053-683be52add2b,1.7773411902794972e+18
f5aeacca-71ae-456a-9053-683be52add2b,1.7773411903128394e+18
f5aeacca-71ae-456a-9053-683be52add2b,1.7773411903461824e+18
f5aeacca-71ae-456a-9053-683be52add2b,1.7773411903795244e+18
f5aeacca-71ae-456a-9053-683be52add2b,1.7773411904128673e+18
f5aeacca-71ae-456a-9053-683be52add2b,1.7773411904462103e+18
f5aeacca-71ae-456a-9053-683be52add2b,1.7773411904795523e+18
f5aeacca-71ae-456a-9053-683be52add2b,1.7773411905128952e+18
f5aeacca-71ae-456a-9053-683be52add2b,1.7773411905462385e+18
f5aeacca-71ae-456a-9053-683be52add2b,1.7773411905795804e+18
f5aeacca-71ae-456a-9053-683be52add2b,1.7773411906129234e+18
f5aeacca-71ae-456a-9053-683be52add2b,1.7773411906462664e+18
f5aeacca-71ae-456a-9053-683be52add2b,1.7773411906796083e+18
f5aeacca-71ae-456a-9053-683be52add2b,1.7773411907129513e+18
f5aeacca-71ae-456a-9053-683be52add2b,1.7773411907462943e+18
f5aeacca-71ae-456a-9053-683be52add2b,1.7773411907796362e+18
f5aeacca-71ae-456a-9053-683be52add2b,1.7773411908129795e+18
f5aeacca-71ae-456a-9053-683be52add2b,1.7773411908463224e+18
f5aeacca-71ae-456a-9053-683be52add2b,1.7773411908796644e+18
f5aeacca-71ae-456a-9053-683be52add2b,1.7773411909130074e+18
f5aeacca-71ae-456a-9053-683be52add2b,1.7773411909463503e+18
f5aeacca-71ae-456a-9053-683be52add2b,1.7773411909796923e+18
f5aeacca-71ae-456a-9053-683be52add2b,1.7773411910130353e+18
f5aeacca-71ae-456a-9053-683be52add2b,1.7773411910463782e+18
f5aeacca-71ae-456a-9053-683be52add2b,1.7773411910797204e+18
f5aeacca-71ae-456a-9053-683be52add2b,1.7773411911130634e+18
f5aeacca-71ae-456a-9053-683be52add2b,1.7773411911464064e+18
f5aeacca-71ae-456a-9053-683be52add2b,1.7773411911797484e+18
f5aeacca-71ae-456a-9053-683be52add2b,1.7773411912130913e+18
f5aeacca-71ae-456a-9053-683be52add2b,1.7773411912464343e+18
f5aeacca-71ae-456a-9053-683be52add2b,1.7773411912797763e+18
f5aeacca-71ae-456a-9053-683be52add2b,1.7773411913131192e+18
f5aeacca-71ae-456a-9053-683be52add2b,1.7773411913464625e+18
f5aeacca-71ae-456a-9053-683be52add2b,1.7773411913798044e+18
f5aeacca-71ae-456a-9053-683be52add2b,1.7773411914131474e+18
f5aeacca-71ae-456a-9053-683be52add2b,1.7773411914464904e+18
f5aeacca-71ae-456a-9053-683be52add2b,1.7773411914798323e+18
f5aeacca-71ae-456a-9053-683be52add2b,1.7773411915131753e+18
f5aeacca-71ae-456a-9053-683be52add2b,1.7773411915465183e+18
f5aeacca-71ae-456a-9053-683be52add2b,1.7773411915798602e+18
f5aeacca-71ae-456a-9053-683be52add2b,1.7773411916132035e+18
f5aeacca-71ae-456a-9053-683be52add2b,1.7773411916465464e+18
f5aeacca-71ae-456a-9053-683be52add2b,1.7773411916798884e+18
f5aeacca-71ae-456a-9053-683be52add2b,1.7773411917132314e+18
f5aeacca-71ae-456a-9053-683be52add2b,1.7773411917465743e+18
f5aeacca-71ae-456a-9053-683be52add2b,1.7773411917799163e+18
f5aeacca-71ae-456a-9053-683be52add2b,1.7773411918132593e+18
f5aeacca-71ae-456a-9053-683be52add2b,1.7773411918466022e+18
f5aeacca-71ae-456a-9053-683be52add2b,1.7773411918799444e+18
f5aeacca-71ae-456a-9053-683be52add2b,1.7773411919132874e+18
f5aeacca-71ae-456a-9053-683be52add2b,1.7773411919466294e+18
f5aeacca-71ae-456a-9053-683be52add2b,1.7773411919799724e+18
f5aeacca-71ae-456a-9053-683be52add2b,1.7773411920133153e+18
f5aeacca-71ae-456a-9053-683be52add2b,1.7773411920466583e+18
f5aeacca-71ae-456a-9053-683be52add2b,1.7773411920800003e+18
f5aeacca-71ae-456a-9053-683be52add2b,1.7773411921133432e+18
f5aeacca-71ae-456a-9053-683be52add2b,1.7773411921466854e+18
f5aeacca-71ae-456a-9053-683be52add2b,1.7773411921800284e+18
f5aeacca-71ae-456a-9053-683be52add2b,1.7773411922133714e+18
f5aeacca-71ae-456a-9053-683be52add2b,1.7773411922467133e+18
f5aeacca-71ae-456a-9053-683be52add2b,1.7773411922800563e+18
f5aeacca-71ae-456a-9053-683be52add2b,1.7773411923133993e+18
f5aeacca-71ae-456a-9053-683be52add2b,1.7773411923467412e+18
f5aeacca-71ae-456a-9053-683be52add2b,1.7773411923800842e+18
f5aeacca-71ae-456a-9053-683be52add2b,1.7773411924134275e+18
f5aeacca-71ae-456a-9053-683be52add2b,1.7773411924467694e+18
f5aeacca-71ae-456a-9053-683be52add2b,1.7773411924801124e+18
f5aeacca-71ae-456a-9053-683be52add2b,1.7773411925134554e+18
f5aeacca-71ae-456a-9053-683be52add2b,1.7773411925467973e+18
f5aeacca-71ae-456a-9053-683be52add2b,1.7773411925801403e+18
f5aeacca-71ae-456a-9053-683be52add2b,1.7773411926134833e+18
f5aeacca-71ae-456a-9053-683be52add2b,1.7773411926468252e+18
f5aeacca-71ae-456a-9053-683be52add2b,1.7773411926801684e+18
f5aeacca-71ae-456a-9053-683be52add2b,1.7773411927135114e+18
f5aeacca-71ae-456a-9053-683be52add2b,1.7773411927468534e+18
f5aeacca-71ae-456a-9053-683be52add2b,1.7773411927801964e+18
f5aeacca-71ae-456a-9053-683be52add2b,1.7773411928135393e+18
f5aeacca-71ae-456a-9053-683be52add2b,1.7773411928468813e+18
f5aeacca-71ae-456a-9053-683be52add2b,1.7773411928802243e+18
f5aeacca-71ae-456a-9053-683be52add2b,1.7773411929135672e+18
f5aeacca-71ae-456a-9053-683be52add2b,1.7773411929469094e+18
f5aeacca-71ae-456a-9053-683be52add2b,1.7773411929802524e+18
f5aeacca-71ae-456a-9053-683be52add2b,1.7773411930135954e+18
f5aeacca-71ae-456a-9053-683be52add2b,1.7773411930469373e+18
f5aeacca-71ae-456a-9053-683be52add2b,1.7773411930802803e+18
f5aeacca-71ae-456a-9053-683be52add2b,1.7773411931136233e+18
f5aeacca-71ae-456a-9053-683be52add2b,1.7773411931469652e+18
f5aeacca-71ae-456a-9053-683be52add2b,1.7773411931803082e+18
f5aeacca-71ae-456a-9053-683be52add2b,1.7773411932136515e+18
f5aeacca-71ae-456a-9053-683be52add2b,1.7773411932469934e+18
f5aeacca-71ae-456a-9053-683be52add2b,1.7773411932803364e+18
f5aeacca-71ae-456a-9053-683be52add2b,1.7773411933136794e+18
f5aeacca-71ae-456a-9053-683be52add2b,1.7773411933470213e+18
f5aeacca-71ae-456a-9053-683be52add2b,1.7773411933803643e+18
f5aeacca-71ae-456a-9053-683be52add2b,1.7773411934137073e+18
f5aeacca-71ae-456a-9053-683be52add2b,1.7773411934470492e+18
f5aeacca-71ae-456a-9053-683be52add2b,1.7773411934803924e+18
f5aeacca-71ae-456a-9053-683be52add2b,1.7773411935137354e+18
f5aeacca-71ae-456a-9053-683be52add2b,1.7773411935470774e+18
f5aeacca-71ae-456a-9053-683be52add2b,1.7773411935804204e+18
f5aeacca-71ae-456a-9053-683be52add2b,1.7773411936137623e+18
f5aeacca-71ae-456a-9053-683be52add2b,1.7773411936471053e+18
f5aeacca-71ae-456a-9053-683be52add2b,1.7773411936804483e+18
f5aeacca-71ae-456a-9053-683be52add2b,1.7773411937137905e+18
f5aeacca-71ae-456a-9053-683be52add2b,1.7773411937471334e+18
f5aeacca-71ae-456a-9053-683be52add2b,1.7773411937804764e+18
f5aeacca-71ae-456a-9053-683be52add2b,1.7773411938138184e+18
f5aeacca-71ae-456a-9053-683be52add2b,1.7773411938471613e+18
f5aeacca-71ae-456a-9053-683be52add2b,1.7773411938805043e+18
f5aeacca-71ae-456a-9053-683be52add2b,1.7773411939138463e+18
f5aeacca-71ae-456a-9053-683be52add2b,1.7773411939471892e+18
f5aeacca-71ae-456a-9053-683be52add2b,1.7773411939805322e+18
f5aeacca-71ae-456a-9053-683be52add2b,1.7773411940138744e+18
f5aeacca-71ae-456a-9053-683be52add2b,1.7773411940472174e+18
f5aeacca-71ae-456a-9053-683be52add2b,1.7773411940805604e+18
f5aeacca-71ae-456a-9053-683be52add2b,1.7773411941139023e+18
f5aeacca-71ae-456a-9053-683be52add2b,1.7773411941472453e+18
f5aeacca-71ae-456a-9053-683be52add2b,1.7773411941805883e+18
f5aeacca-71ae-456a-9053-683be52add2b,1.7773411942139302e+18
f5aeacca-71ae-456a-9053-683be52add2b,1.7773411942472732e+18
f5aeacca-71ae-456a-9053-683be52add2b,1.7773411942806164e+18
f5aeacca-71ae-456a-9053-683be52add2b,1.7773411943139584e+18
f5aeacca-71ae-456a-9053-683be52add2b,1.7773411943473014e+18
f5aeacca-71ae-456a-9053-683be52add2b,1.7773411943806444e+18
f5aeacca-71ae-456a-9053-683be52add2b,1.7773411944139863e+18
f5aeacca-71ae-456a-9053-683be52add2b,1.7773411944473293e+18
f5aeacca-71ae-456a-9053-683be52add2b,1.7773411944806723e+18
f5aeacca-71ae-456a-9053-683be52add2b,1.7773411945140145e+18
f5aeacca-71ae-456a-9053-683be52add2b,1.7773411945473574e+18
f5aeacca-71ae-456a-9053-683be52add2b,1.7773411945807004e+18
f5aeacca-71ae-456a-9053-683be52add2b,1.7773411946140424e+18
f5aeacca-71ae-456a-9053-683be52add2b,1.7773411946473853e+18
f5aeacca-71ae-456a-9053-683be52add2b,1.7773411946807283e+18
f5aeacca-71ae-456a-9053-683be52add2b,1.7773411947140703e+18
f5aeacca-71ae-456a-9053-683be52add2b,1.7773411947474132e+18
f5aeacca-71ae-456a-9053-683be52add2b,1.7773411947807562e+18
f5aeacca-71ae-456a-9053-683be52add2b,1.7773411948140984e+18
f5aeacca-71ae-456a-9053-683be52add2b,1.7773411948474414e+18
f5aeacca-71ae-456a-9053-683be52add2b,1.7773411948807844e+18
f5aeacca-71ae-456a-9053-683be52add2b,1.7773411949141263e+18
f5aeacca-71ae-456a-9053-683be52add2b,1.7773411949474693e+18
f5aeacca-71ae-456a-9053-683be52add2b,1.7773411949808123e+18
f5aeacca-71ae-456a-9053-683be52add2b,1.7773411950141542e+18
f5aeacca-71ae-456a-9053-683be52add2b,1.7773411950474972e+18
f5aeacca-71ae-456a-9053-683be52add2b,1.7773411950808404e+18
f5aeacca-71ae-456a-9053-683be52add2b,1.7773411951141824e+18
f5aeacca-71ae-456a-9053-683be52add2b,1.7773411951475254e+18
f5aeacca-71ae-456a-9053-683be52add2b,1.7773411951808684e+18
f5aeacca-71ae-456a-9053-683be52add2b,1.7773411952142103e+18
f5aeacca-71ae-456a-9053-683be52add2b,1.7773411952475533e+18
f5aeacca-71ae-456a-9053-683be52add2b,1.7773411952808952e+18
f5aeacca-71ae-456a-9053-683be52add2b,1.7773411953142385e+18
f5aeacca-71ae-456a-9053-683be52add2b,1.7773411953475814e+18
f5aeacca-71ae-456a-9053-683be52add2b,1.7773411953809244e+18
f5aeacca-71ae-456a-9053-683be52add2b,1.7773411954142664e+18
f5aeacca-71ae-456a-9053-683be52add2b,1.7773411954476093e+18
f5aeacca-71ae-456a-9053-683be52add2b,1.7773411954809513e+18
f5aeacca-71ae-456a-9053-683be52add2b,1.7773411955142943e+18
f5aeacca-71ae-456a-9053-683be52add2b,1.7773411955476372e+18
f5aeacca-71ae-456a-9053-683be52add2b,1.7773411955809795e+18
f5aeacca-71ae-456a-9053-683be52add2b,1.7773411956143224e+18
f5aeacca-71ae-456a-9053-683be52add2b,1.7773411956476654e+18
f5aeacca-71ae-456a-9053-683be52add2b,1.7773411956810074e+18
f5aeacca-71ae-456a-9053-683be52add2b,1.7773411957143503e+18
f5aeacca-71ae-456a-9053-683be52add2b,1.7773411957476933e+18
f5aeacca-71ae-456a-9053-683be52add2b,1.7773411957810353e+18
f5aeacca-71ae-456a-9053-683be52add2b,1.7773411958143782e+18
f5aeacca-71ae-456a-9053-683be52add2b,1.7773411958477212e+18
f5aeacca-71ae-456a-9053-683be52add2b,1.7773411958810634e+18
f5aeacca-71ae-456a-9053-683be52add2b,1.7773411959144064e+18
f5aeacca-71ae-456a-9053-683be52add2b,1.7773411959477494e+18
f5aeacca-71ae-456a-9053-683be52add2b,1.7773411959810913e+18
f5aeacca-71ae-456a-9053-683be52add2b,1.7773411960144343e+18
f5aeacca-71ae-456a-9053-683be52add2b,1.7773411960477773e+18
f5aeacca-71ae-456a-9053-683be52add2b,1.7773411960811192e+18
f5aeacca-71ae-456a-9053-683be52add2b,1.7773411961144625e+18
f5aeacca-71ae-456a-9053-683be52add2b,1.7773411961478054e+18
f5aeacca-71ae-456a-9053-683be52add2b,1.7773411961811474e+18
f5aeacca-71ae-456a-9053-683be52add2b,1.7773411962144904e+18
f5aeacca-71ae-456a-9053-683be52add2b,1.7773411962478333e+18
f5aeacca-71ae-456a-9053-683be52add2b,1.7773411962811753e+18
f5aeacca-71ae-456a-9053-683be52add2b,1.7773411963145183e+18
f5aeacca-71ae-456a-9053-683be52add2b,1.7773411963478612e+18
f5aeacca-71ae-456a-9053-683be52add2b,1.7773411963812035e+18
f5aeacca-71ae-456a-9053-683be52add2b,1.7773411964145464e+18
f5aeacca-71ae-456a-9053-683be52add2b,1.7773411964478894e+18
f5aeacca-71ae-456a-9053-683be52add2b,1.7773411964812314e+18
f5aeacca-71ae-456a-9053-683be52add2b,1.7773411965145743e+18
f5aeacca-71ae-456a-9053-683be52add2b,1.7773411965479173e+18
f5aeacca-71ae-456a-9053-683be52add2b,1.7773411965812593e+18
f5aeacca-71ae-456a-9053-683be52add2b,1.7773411966146022e+18
f5aeacca-71ae-456a-9053-683be52add2b,1.7773411966479452e+18
f5aeacca-71ae-456a-9053-683be52add2b,1.7773411966812874e+18
f5aeacca-71ae-456a-9053-683be52add2b,1.7773411967146304e+18
f5aeacca-71ae-456a-9053-683be52add2b,1.7773411967479724e+18
f5aeacca-71ae-456a-9053-683be52add2b,1.7773411967813153e+18
f5aeacca-71ae-456a-9053-683be52add2b,1.7773411968146583e+18
f5aeacca-71ae-456a-9053-683be52add2b,1.7773411968480013e+18
f5aeacca-71ae-456a-9053-683be52add2b,1.7773411968813432e+18
f5aeacca-71ae-456a-9053-683be52add2b,1.7773411969146865e+18
f5aeacca-71ae-456a-9053-683be52add2b,1.7773411969480284e+18
f5aeacca-71ae-456a-9053-683be52add2b,1.7773411969813714e+18
f5aeacca-71ae-456a-9053-683be52add2b,1.7773411970147144e+18
f5aeacca-71ae-456a-9053-683be52add2b,1.7773411970480563e+18
f5aeacca-71ae-456a-9053-683be52add2b,1.7773411970813993e+18
f5aeacca-71ae-456a-9053-683be52add2b,1.7773411971147423e+18
f5aeacca-71ae-456a-9053-683be52add2b,1.7773411971480842e+18
f5aeacca-71ae-456a-9053-683be52add2b,1.7773411971814275e+18
f5aeacca-71ae-456a-9053-683be52add2b,1.7773411972147704e+18
f5aeacca-71ae-456a-9053-683be52add2b,1.7773411972481124e+18
f5aeacca-71ae-456a-9053-683be52add2b,1.7773411972814554e+18
f5aeacca-71ae-456a-9053-683be52add2b,1.7773411973147983e+18
f5aeacca-71ae-456a-9053-683be52add2b,1.7773411973481403e+18
f5aeacca-71ae-456a-9053-683be52add2b,1.7773411973814833e+18
f5aeacca-71ae-456a-9053-683be52add2b,1.7773411974148262e+18
f5aeacca-71ae-456a-9053-683be52add2b,1.7773411974481684e+18
f5aeacca-71ae-456a-9053-683be52add2b,1.7773411974815114e+18
f5aeacca-71ae-456a-9053-683be52add2b,1.7773411975148544e+18
f5aeacca-71ae-456a-9053-683be52add2b,1.7773411975481964e+18
f5aeacca-71ae-456a-9053-683be52add2b,1.7773411975815393e+18
f5aeacca-71ae-456a-9053-683be52add2b,1.7773411976148823e+18
f5aeacca-71ae-456a-9053-683be52add2b,1.7773411976482243e+18
f5aeacca-71ae-456a-9053-683be52add2b,1.7773411976815672e+18
f5aeacca-71ae-456a-9053-683be52add2b,1.7773411977149105e+18
f5aeacca-71ae-456a-9053-683be52add2b,1.7773411977482524e+18
f5aeacca-71ae-456a-9053-683be52add2b,1.7773411977815954e+18
f5aeacca-71ae-456a-9053-683be52add2b,1.7773411978149384e+18
f5aeacca-71ae-456a-9053-683be52add2b,1.7773411978482803e+18
f5aeacca-71ae-456a-9053-683be52add2b,1.7773411978816233e+18
f5aeacca-71ae-456a-9053-683be52add2b,1.7773411979149663e+18
f5aeacca-71ae-456a-9053-683be52add2b,1.7773411979483082e+18
f5aeacca-71ae-456a-9053-683be52add2b,1.7773411979816515e+18
f5aeacca-71ae-456a-9053-683be52add2b,1.7773411980149944e+18
f5aeacca-71ae-456a-9053-683be52add2b,1.7773411980483364e+18
f5aeacca-71ae-456a-9053-683be52add2b,1.7773411980816794e+18
f5aeacca-71ae-456a-9053-683be52add2b,1.7773411981150223e+18
f5aeacca-71ae-456a-9053-683be52add2b,1.7773411981483643e+18
f5aeacca-71ae-456a-9053-683be52add2b,1.7773411981817073e+18
f5aeacca-71ae-456a-9053-683be52add2b,1.7773411982150502e+18
f5aeacca-71ae-456a-9053-683be52add2b,1.7773411982483924e+18
f5aeacca-71ae-456a-9053-683be52add2b,1.7773411982817354e+18
f5aeacca-71ae-456a-9053-683be52add2b,1.7773411983150784e+18
f5aeacca-71ae-456a-9053-683be52add2b,1.7773411983484204e+18
f5aeacca-71ae-456a-9053-683be52add2b,1.7773411983817633e+18
f5aeacca-71ae-456a-9053-683be52add2b,1.7773411984151063e+18
f5aeacca-71ae-456a-9053-683be52add2b,1.7773411984484483e+18
f5aeacca-71ae-456a-9053-683be52add2b,1.7773411984817912e+18
f5aeacca-71ae-456a-9053-683be52add2b,1.7773411985151345e+18
f5aeacca-71ae-456a-9053-683be52add2b,1.7773411985484764e+18
f5aeacca-71ae-456a-9053-683be52add2b,1.7773411985818194e+18
f5aeacca-71ae-456a-9053-683be52add2b,1.7773411986151613e+18
f5aeacca-71ae-456a-9053-683be52add2b,1.7773411986485043e+18
f5aeacca-71ae-456a-9053-683be52add2b,1.7773411986818473e+18
f5aeacca-71ae-456a-9053-683be52add2b,1.7773411987151903e+18
f5aeacca-71ae-456a-9053-683be52add2b,1.7773411987485322e+18
f5aeacca-71ae-456a-9053-683be52add2b,1.7773411987818755e+18
f5aeacca-71ae-456a-9053-683be52add2b,1.7773411988152174e+18
f5aeacca-71ae-456a-9053-683be52add2b,1.7773411988485604e+18
f5aeacca-71ae-456a-9053-683be52add2b,1.7773411988819034e+18
f5aeacca-71ae-456a-9053-683be52add2b,1.7773411989152453e+18
f5aeacca-71ae-456a-9053-683be52add2b,1.7773411989485883e+18
f5aeacca-71ae-456a-9053-683be52add2b,1.7773411989819313e+18
f5aeacca-71ae-456a-9053-683be52add2b,1.7773411990152732e+18
f5aeacca-71ae-456a-9053-683be52add2b,1.7773411990486164e+18
f5aeacca-71ae-456a-9053-683be52add2b,1.7773411990819594e+18
f5aeacca-71ae-456a-9053-683be52add2b,1.7773411991153014e+18
f5aeacca-71ae-456a-9053-683be52add2b,1.7773411991486444e+18
f5aeacca-71ae-456a-9053-683be52add2b,1.7773411991819873e+18
f5aeacca-71ae-456a-9053-683be52add2b,1.7773411992153293e+18
f5aeacca-71ae-456a-9053-683be52add2b,1.7773411992486723e+18
f5aeacca-71ae-456a-9053-683be52add2b,1.7773411992820152e+18
f5aeacca-71ae-456a-9053-683be52add2b,1.7773411993153574e+18
f5aeacca-71ae-456a-9053-683be52add2b,1.7773411993487004e+18
f5aeacca-71ae-456a-9053-683be52add2b,1.7773411993820434e+18
f5aeacca-71ae-456a-9053-683be52add2b,1.7773411994153853e+18
f5aeacca-71ae-456a-9053-683be52add2b,1.7773411994487283e+18
f5aeacca-71ae-456a-9053-683be52add2b,1.7773411994820713e+18
f5aeacca-71ae-456a-9053-683be52add2b,1.7773411995154132e+18
f5aeacca-71ae-456a-9053-683be52add2b,1.7773411995487562e+18
f5aeacca-71ae-456a-9053-683be52add2b,1.7773411995820995e+18
f5aeacca-71ae-456a-9053-683be52add2b,1.7773411996154414e+18
f5aeacca-71ae-456a-9053-683be52add2b,1.7773411996487844e+18
f5aeacca-71ae-456a-9053-683be52add2b,1.7773411996821274e+18
f5aeacca-71ae-456a-9053-683be52add2b,1.7773411997154693e+18
f5aeacca-71ae-456a-9053-683be52add2b,1.7773411997488123e+18
f5aeacca-71ae-456a-9053-683be52add2b,1.7773411997821553e+18
f5aeacca-71ae-456a-9053-683be52add2b,1.7773411998154972e+18
f5aeacca-71ae-456a-9053-683be52add2b,1.7773411998488404e+18
f5aeacca-71ae-456a-9053-683be52add2b,1.7773411998821834e+18
f5aeacca-71ae-456a-9053-683be52add2b,1.7773411999155254e+18
f5aeacca-71ae-456a-9053-683be52add2b,1.7773411999488684e+18
f5aeacca-71ae-456a-9053-683be52add2b,1.7773411999822113e+18
f5aeacca-71ae-456a-9053-683be52add2b,1.7773412000155533e+18
f5aeacca-71ae-456a-9053-683be52add2b,1.7773412000488963e+18
f5aeacca-71ae-456a-9053-683be52add2b,1.7773412000822385e+18
f5aeacca-71ae-456a-9053-683be52add2b,1.7773412001155814e+18
f5aeacca-71ae-456a-9053-683be52add2b,1.7773412001489244e+18
f5aeacca-71ae-456a-9053-683be52add2b,1.7773412001822674e+18
f5aeacca-71ae-456a-9053-683be52add2b,1.7773412002156093e+18
f5aeacca-71ae-456a-9053-683be52add2b,1.7773412002489523e+18
f5aeacca-71ae-456a-9053-683be52add2b,1.7773412002822943e+18
f5aeacca-71ae-456a-9053-683be52add2b,1.7773412003156372e+18
f5aeacca-71ae-456a-9053-683be52add2b,1.7773412003489802e+18
f5aeacca-71ae-456a-9053-683be52add2b,1.7773412003823224e+18
f5aeacca-71ae-456a-9053-683be52add2b,1.7773412004156654e+18
f5aeacca-71ae-456a-9053-683be52add2b,1.7773412004490084e+18
f5aeacca-71ae-456a-9053-683be52add2b,1.7773412004823503e+18
f5aeacca-71ae-456a-9053-683be52add2b,1.7773412005156933e+18
f5aeacca-71ae-456a-9053-683be52add2b,1.7773412005490363e+18
f5aeacca-71ae-456a-9053-683be52add2b,1.7773412005823782e+18
f5aeacca-71ae-456a-9053-683be52add2b,1.7773412006157212e+18
f5aeacca-71ae-456a-9053-683be52add2b,1.7773412006490644e+18
f5aeacca-71ae-456a-9053-683be52add2b,1.7773412006824064e+18
f5aeacca-71ae-456a-9053-683be52add2b,1.7773412007157494e+18
f5aeacca-71ae-456a-9053-683be52add2b,1.7773412007490924e+18
f5aeacca-71ae-456a-9053-683be52add2b,1.7773412007824343e+18
f5aeacca-71ae-456a-9053-683be52add2b,1.7773412008157773e+18
f5aeacca-71ae-456a-9053-683be52add2b,1.7773412008491203e+18
f5aeacca-71ae-456a-9053-683be52add2b,1.7773412008824625e+18
f5aeacca-71ae-456a-9053-683be52add2b,1.7773412009158054e+18
f5aeacca-71ae-456a-9053-683be52add2b,1.7773412009491484e+18
f5aeacca-71ae-456a-9053-683be52add2b,1.7773412009824904e+18
f5aeacca-71ae-456a-9053-683be52add2b,1.7773412010158333e+18
f5aeacca-71ae-456a-9053-683be52add2b,1.7773412010491763e+18
f5aeacca-71ae-456a-9053-683be52add2b,1.7773412010825183e+18
f5aeacca-71ae-456a-9053-683be52add2b,1.7773412011158612e+18
f5aeacca-71ae-456a-9053-683be52add2b,1.7773412011492042e+18
f5aeacca-71ae-456a-9053-683be52add2b,1.7773412011825464e+18
f5aeacca-71ae-456a-9053-683be52add2b,1.7773412012158894e+18
f5aeacca-71ae-456a-9053-683be52add2b,1.7773412012492324e+18
f5aeacca-71ae-456a-9053-683be52add2b,1.7773412012825743e+18
f5aeacca-71ae-456a-9053-683be52add2b,1.7773412013159173e+18
f5aeacca-71ae-456a-9053-683be52add2b,1.7773412013492603e+18
f5aeacca-71ae-456a-9053-683be52add2b,1.7773412013826022e+18
f5aeacca-71ae-456a-9053-683be52add2b,1.7773412014159452e+18
f5aeacca-71ae-456a-9053-683be52add2b,1.7773412014492884e+18
f5aeacca-71ae-456a-9053-683be52add2b,1.7773412014826304e+18
f5aeacca-71ae-456a-9053-683be52add2b,1.7773412015159734e+18
f5aeacca-71ae-456a-9053-683be52add2b,1.7773412015493164e+18
f5aeacca-71ae-456a-9053-683be52add2b,1.7773412015826583e+18
f5aeacca-71ae-456a-9053-683be52add2b,1.7773412016160013e+18
f5aeacca-71ae-456a-9053-683be52add2b,1.7773412016493443e+18
f5aeacca-71ae-456a-9053-683be52add2b,1.7773412016826865e+18
f5aeacca-71ae-456a-9053-683be52add2b,1.7773412017160294e+18
f5aeacca-71ae-456a-9053-683be52add2b,1.7773412017493724e+18
f5aeacca-71ae-456a-9053-683be52add2b,1.7773412017827144e+18
f5aeacca-71ae-456a-9053-683be52add2b,1.7773412018160573e+18
f5aeacca-71ae-456a-9053-683be52add2b,1.7773412018494003e+18
f5aeacca-71ae-456a-9053-683be52add2b,1.7773412018827423e+18
f5aeacca-71ae-456a-9053-683be52add2b,1.7773412019160852e+18
f5aeacca-71ae-456a-9053-683be52add2b,1.7773412019494275e+18
f5aeacca-71ae-456a-9053-683be52add2b,1.7773412019827704e+18
f5aeacca-71ae-456a-9053-683be52add2b,1.7773412020161134e+18
f5aeacca-71ae-456a-9053-683be52add2b,1.7773412020494554e+18
f5aeacca-71ae-456a-9053-683be52add2b,1.7773412020827983e+18
f5aeacca-71ae-456a-9053-683be52add2b,1.7773412021161413e+18
f5aeacca-71ae-456a-9053-683be52add2b,1.7773412021494833e+18
f5aeacca-71ae-456a-9053-683be52add2b,1.7773412021828262e+18
f5aeacca-71ae-456a-9053-683be52add2b,1.7773412022161692e+18
f5aeacca-71ae-456a-9053-683be52add2b,1.7773412022495114e+18
f5aeacca-71ae-456a-9053-683be52add2b,1.7773412022828544e+18
f5aeacca-71ae-456a-9053-683be52add2b,1.7773412023161974e+18
f5aeacca-71ae-456a-9053-683be52add2b,1.7773412023495393e+18
f5aeacca-71ae-456a-9053-683be52add2b,1.7773412023828823e+18
f5aeacca-71ae-456a-9053-683be52add2b,1.7773412024162253e+18
f5aeacca-71ae-456a-9053-683be52add2b,1.7773412024495672e+18
f5aeacca-71ae-456a-9053-683be52add2b,1.7773412024829105e+18
f5aeacca-71ae-456a-9053-683be52add2b,1.7773412025162534e+18
f5aeacca-71ae-456a-9053-683be52add2b,1.7773412025495954e+18
f5aeacca-71ae-456a-9053-683be52add2b,1.7773412025829384e+18
f5aeacca-71ae-456a-9053-683be52add2b,1.7773412026162813e+18
f5aeacca-71ae-456a-9053-683be52add2b,1.7773412026496233e+18
f5aeacca-71ae-456a-9053-683be52add2b,1.7773412026829663e+18
f5aeacca-71ae-456a-9053-683be52add2b,1.7773412027163092e+18
f5aeacca-71ae-456a-9053-683be52add2b,1.7773412027496515e+18
f5aeacca-71ae-456a-9053-683be52add2b,1.7773412027829944e+18
f5aeacca-71ae-456a-9053-683be52add2b,1.7773412028163374e+18
f5aeacca-71ae-456a-9053-683be52add2b,1.7773412028496794e+18
f5aeacca-71ae-456a-9053-683be52add2b,1.7773412028830223e+18
f5aeacca-71ae-456a-9053-683be52add2b,1.7773412029163653e+18
f5aeacca-71ae-456a-9053-683be52add2b,1.7773412029497073e+18
f5aeacca-71ae-456a-9053-683be52add2b,1.7773412029830502e+18
f5aeacca-71ae-456a-9053-683be52add2b,1.7773412030163932e+18
f5aeacca-71ae-456a-9053-683be52add2b,1.7773412030497354e+18
f5aeacca-71ae-456a-9053-683be52add2b,1.7773412030830784e+18
f5aeacca-71ae-456a-9053-683be52add2b,1.7773412031164214e+18
f5aeacca-71ae-456a-9053-683be52add2b,1.7773412031497633e+18
f5aeacca-71ae-456a-9053-683be52add2b,1.7773412031831063e+18
f5aeacca-71ae-456a-9053-683be52add2b,1.7773412032164493e+18
f5aeacca-71ae-456a-9053-683be52add2b,1.7773412032497912e+18
f5aeacca-71ae-456a-9053-683be52add2b,1.7773412032831345e+18
f5aeacca-71ae-456a-9053-683be52add2b,1.7773412033164774e+18
f5aeacca-71ae-456a-9053-683be52add2b,1.7773412033498194e+18
f5aeacca-71ae-456a-9053-683be52add2b,1.7773412033831624e+18
f5aeacca-71ae-456a-9053-683be52add2b,1.7773412034165043e+18
f5aeacca-71ae-456a-9053-683be52add2b,1.7773412034498473e+18
f5aeacca-71ae-456a-9053-683be52add2b,1.7773412034831903e+18
f5aeacca-71ae-456a-9053-683be52add2b,1.7773412035165332e+18
f5aeacca-71ae-456a-9053-683be52add2b,1.7773412035498755e+18
f5aeacca-71ae-456a-9053-683be52add2b,1.7773412035832184e+18
f5aeacca-71ae-456a-9053-683be52add2b,1.7773412036165604e+18
f5aeacca-71ae-456a-9053-683be52add2b,1.7773412036499034e+18
f5aeacca-71ae-456a-9053-683be52add2b,1.7773412036832463e+18
f5aeacca-71ae-456a-9053-683be52add2b,1.7773412037165883e+18
f5aeacca-71ae-456a-9053-683be52add2b,1.7773412037499313e+18
f5aeacca-71ae-456a-9053-683be52add2b,1.7773412037832742e+18
f5aeacca-71ae-456a-9053-683be52add2b,1.7773412038166164e+18
f5aeacca-71ae-456a-9053-683be52add2b,1.7773412038499594e+18
f5aeacca-71ae-456a-9053-683be52add2b,1.7773412038833024e+18
f5aeacca-71ae-456a-9053-683be52add2b,1.7773412039166444e+18
f5aeacca-71ae-456a-9053-683be52add2b,1.7773412039499873e+18
f5aeacca-71ae-456a-9053-683be52add2b,1.7773412039833303e+18
f5aeacca-71ae-456a-9053-683be52add2b,1.7773412040166723e+18
f5aeacca-71ae-456a-9053-683be52add2b,1.7773412040500152e+18
f5aeacca-71ae-456a-9053-683be52add2b,1.7773412040833585e+18
f5aeacca-71ae-456a-9053-683be52add2b,1.7773412041167004e+18
f5aeacca-71ae-456a-9053-683be52add2b,1.7773412041500434e+18
f5aeacca-71ae-456a-9053-683be52add2b,1.7773412041833864e+18
f5aeacca-71ae-456a-9053-683be52add2b,1.7773412042167283e+18
f5aeacca-71ae-456a-9053-683be52add2b,1.7773412042500713e+18
f5aeacca-71ae-456a-9053-683be52add2b,1.7773412042834143e+18
f5aeacca-71ae-456a-9053-683be52add2b,1.7773412043167562e+18
f5aeacca-71ae-456a-9053-683be52add2b,1.7773412043500995e+18
f5aeacca-71ae-456a-9053-683be52add2b,1.7773412043834424e+18
f5aeacca-71ae-456a-9053-683be52add2b,1.7773412044167844e+18
f5aeacca-71ae-456a-9053-683be52add2b,1.7773412044501274e+18
f5aeacca-71ae-456a-9053-683be52add2b,1.7773412044834703e+18
f5aeacca-71ae-456a-9053-683be52add2b,1.7773412045168123e+18
f5aeacca-71ae-456a-9053-683be52add2b,1.7773412045501553e+18
f5aeacca-71ae-456a-9053-683be52add2b,1.7773412045834982e+18
f5aeacca-71ae-456a-9053-683be52add2b,1.7773412046168404e+18
f5aeacca-71ae-456a-9053-683be52add2b,1.7773412046501834e+18
f5aeacca-71ae-456a-9053-683be52add2b,1.7773412046835264e+18
f5aeacca-71ae-456a-9053-683be52add2b,1.7773412047168684e+18
f5aeacca-71ae-456a-9053-683be52add2b,1.7773412047502113e+18
f5aeacca-71ae-456a-9053-683be52add2b,1.7773412047835543e+18
f5aeacca-71ae-456a-9053-683be52add2b,1.7773412048168963e+18
f5aeacca-71ae-456a-9053-683be52add2b,1.7773412048502392e+18
f5aeacca-71ae-456a-9053-683be52add2b,1.7773412048835825e+18
f5aeacca-71ae-456a-9053-683be52add2b,1.7773412049169244e+18
f5aeacca-71ae-456a-9053-683be52add2b,1.7773412049502674e+18
f5aeacca-71ae-456a-9053-683be52add2b,1.7773412049836104e+18
f5aeacca-71ae-456a-9053-683be52add2b,1.7773412050169523e+18
f5aeacca-71ae-456a-9053-683be52add2b,1.7773412050502953e+18
f5aeacca-71ae-456a-9053-683be52add2b,1.7773412050836372e+18
f5aeacca-71ae-456a-9053-683be52add2b,1.7773412051169802e+18
f5aeacca-71ae-456a-9053-683be52add2b,1.7773412051503235e+18
f5aeacca-71ae-456a-9053-683be52add2b,1.7773412051836654e+18
f5aeacca-71ae-456a-9053-683be52add2b,1.7773412052170084e+18
f5aeacca-71ae-456a-9053-683be52add2b,1.7773412052503514e+18
f5aeacca-71ae-456a-9053-683be52add2b,1.7773412052836933e+18
f5aeacca-71ae-456a-9053-683be52add2b,1.7773412053170363e+18
f5aeacca-71ae-456a-9053-683be52add2b,1.7773412053503793e+18
f5aeacca-71ae-456a-9053-683be52add2b,1.7773412053837212e+18
f5aeacca-71ae-456a-9053-683be52add2b,1.7773412054170644e+18
f5aeacca-71ae-456a-9053-683be52add2b,1.7773412054504074e+18
f5aeacca-71ae-456a-9053-683be52add2b,1.7773412054837494e+18
f5aeacca-71ae-456a-9053-683be52add2b,1.7773412055170924e+18
f5aeacca-71ae-456a-9053-683be52add2b,1.7773412055504353e+18
f5aeacca-71ae-456a-9053-683be52add2b,1.7773412055837773e+18
f5aeacca-71ae-456a-9053-683be52add2b,1.7773412056171203e+18
f5aeacca-71ae-456a-9053-683be52add2b,1.7773412056504632e+18
f5aeacca-71ae-456a-9053-683be52add2b,1.7773412056838054e+18
f5aeacca-71ae-456a-9053-683be52add2b,1.7773412057171484e+18
f5aeacca-71ae-456a-9053-683be52add2b,1.7773412057504914e+18
f5aeacca-71ae-456a-9053-683be52add2b,1.7773412057838333e+18
f5aeacca-71ae-456a-9053-683be52add2b,1.7773412058171763e+18
f5aeacca-71ae-456a-9053-683be52add2b,1.7773412058505193e+18
f5aeacca-71ae-456a-9053-683be52add2b,1.7773412058838612e+18
f5aeacca-71ae-456a-9053-683be52add2b,1.7773412059172042e+18
f5aeacca-71ae-456a-9053-683be52add2b,1.7773412059505475e+18
f5aeacca-71ae-456a-9053-683be52add2b,1.7773412059838894e+18
f5aeacca-71ae-456a-9053-683be52add2b,1.7773412060172324e+18
f5aeacca-71ae-456a-9053-683be52add2b,1.7773412060505754e+18
f5aeacca-71ae-456a-9053-683be52add2b,1.7773412060839173e+18
f5aeacca-71ae-456a-9053-683be52add2b,1.7773412061172603e+18
f5aeacca-71ae-456a-9053-683be52add2b,1.7773412061506033e+18
f5aeacca-71ae-456a-9053-683be52add2b,1.7773412061839452e+18
f5aeacca-71ae-456a-9053-683be52add2b,1.7773412062172884e+18
f5aeacca-71ae-456a-9053-683be52add2b,1.7773412062506314e+18
f5aeacca-71ae-456a-9053-683be52add2b,1.7773412062839734e+18
f5aeacca-71ae-456a-9053-683be52add2b,1.7773412063173164e+18
f5aeacca-71ae-456a-9053-683be52add2b,1.7773412063506593e+18
f5aeacca-71ae-456a-9053-683be52add2b,1.7773412063840013e+18
f5aeacca-71ae-456a-9053-683be52add2b,1.7773412064173443e+18
f5aeacca-71ae-456a-9053-683be52add2b,1.7773412064506872e+18
f5aeacca-71ae-456a-9053-683be52add2b,1.7773412064840294e+18
f5aeacca-71ae-456a-9053-683be52add2b,1.7773412065173724e+18
f5aeacca-71ae-456a-9053-683be52add2b,1.7773412065507154e+18
f5aeacca-71ae-456a-9053-683be52add2b,1.7773412065840573e+18
f5aeacca-71ae-456a-9053-683be52add2b,1.7773412066174003e+18
f5aeacca-71ae-456a-9053-683be52add2b,1.7773412066507433e+18
f5aeacca-71ae-456a-9053-683be52add2b,1.7773412066840852e+18
f5aeacca-71ae-456a-9053-683be52add2b,1.7773412067174282e+18
f5aeacca-71ae-456a-9053-683be52add2b,1.7773412067507704e+18
f5aeacca-71ae-456a-9053-683be52add2b,1.7773412067841134e+18
f5aeacca-71ae-456a-9053-683be52add2b,1.7773412068174564e+18
f5aeacca-71ae-456a-9053-683be52add2b,1.7773412068507994e+18
f5aeacca-71ae-456a-9053-683be52add2b,1.7773412068841413e+18
f5aeacca-71ae-456a-9053-683be52add2b,1.7773412069174843e+18
f5aeacca-71ae-456a-9053-683be52add2b,1.7773412069508262e+18
f5aeacca-71ae-456a-9053-683be52add2b,1.7773412069841692e+18
f5aeacca-71ae-456a-9053-683be52add2b,1.7773412070175124e+18
f5aeacca-71ae-456a-9053-683be52add2b,1.7773412070508544e+18
f5aeacca-71ae-456a-9053-683be52add2b,1.7773412070841974e+18
f5aeacca-71ae-456a-9053-683be52add2b,1.7773412071175404e+18
f5aeacca-71ae-456a-9053-683be52add2b,1.7773412071508823e+18
f5aeacca-71ae-456a-9053-683be52add2b,1.7773412071842253e+18
f5aeacca-71ae-456a-9053-683be52add2b,1.7773412072175683e+18
f5aeacca-71ae-456a-9053-683be52add2b,1.7773412072509105e+18
f5aeacca-71ae-456a-9053-683be52add2b,1.7773412072842534e+18
f5aeacca-71ae-456a-9053-683be52add2b,1.7773412073175964e+18
f5aeacca-71ae-456a-9053-683be52add2b,1.7773412073509384e+18
f5aeacca-71ae-456a-9053-683be52add2b,1.7773412073842813e+18
f5aeacca-71ae-456a-9053-683be52add2b,1.7773412074176243e+18
f5aeacca-71ae-456a-9053-683be52add2b,1.7773412074509663e+18
f5aeacca-71ae-456a-9053-683be52add2b,1.7773412074843092e+18
f5aeacca-71ae-456a-9053-683be52add2b,1.7773412075176522e+18
f5aeacca-71ae-456a-9053-683be52add2b,1.7773412075509944e+18
f5aeacca-71ae-456a-9053-683be52add2b,1.7773412075843374e+18
f5aeacca-71ae-456a-9053-683be52add2b,1.7773412076176804e+18
f5aeacca-71ae-456a-9053-683be52add2b,1.7773412076510223e+18
f5aeacca-71ae-456a-9053-683be52add2b,1.7773412076843653e+18
f5aeacca-71ae-456a-9053-683be52add2b,1.7773412077177083e+18
f5aeacca-71ae-456a-9053-683be52add2b,1.7773412077510502e+18
f5aeacca-71ae-456a-9053-683be52add2b,1.7773412077843932e+18
f5aeacca-71ae-456a-9053-683be52add2b,1.7773412078177364e+18
f5aeacca-71ae-456a-9053-683be52add2b,1.7773412078510784e+18
f5aeacca-71ae-456a-9053-683be52add2b,1.7773412078844214e+18
f5aeacca-71ae-456a-9053-683be52add2b,1.7773412079177644e+18
f5aeacca-71ae-456a-9053-683be52add2b,1.7773412079511063e+18
f5aeacca-71ae-456a-9053-683be52add2b,1.7773412079844493e+18
f5aeacca-71ae-456a-9053-683be52add2b,1.7773412080177923e+18
f5aeacca-71ae-456a-9053-683be52add2b,1.7773412080511345e+18
f5aeacca-71ae-456a-9053-683be52add2b,1.7773412080844774e+18
f5aeacca-71ae-456a-9053-683be52add2b,1.7773412081178204e+18
f5aeacca-71ae-456a-9053-683be52add2b,1.7773412081511624e+18
f5aeacca-71ae-456a-9053-683be52add2b,1.7773412081845053e+18
f5aeacca-71ae-456a-9053-683be52add2b,1.7773412082178473e+18
f5aeacca-71ae-456a-9053-683be52add2b,1.7773412082511903e+18
f5aeacca-71ae-456a-9053-683be52add2b,1.7773412082845332e+18
f5aeacca-71ae-456a-9053-683be52add2b,1.7773412083178762e+18
f5aeacca-71ae-456a-9053-683be52add2b,1.7773412083512184e+18
f5aeacca-71ae-456a-9053-683be52add2b,1.7773412083845614e+18
f5aeacca-71ae-456a-9053-683be52add2b,1.7773412084179034e+18
f5aeacca-71ae-456a-9053-683be52add2b,1.7773412084512463e+18
f5aeacca-71ae-456a-9053-683be52add2b,1.7773412084845893e+18
f5aeacca-71ae-456a-9053-683be52add2b,1.7773412085179313e+18
f5aeacca-71ae-456a-9053-683be52add2b,1.7773412085512742e+18
f5aeacca-71ae-456a-9053-683be52add2b,1.7773412085846172e+18
f5aeacca-71ae-456a-9053-683be52add2b,1.7773412086179594e+18
f5aeacca-71ae-456a-9053-683be52add2b,1.7773412086513024e+18
f5aeacca-71ae-456a-9053-683be52add2b,1.7773412086846454e+18
f5aeacca-71ae-456a-9053-683be52add2b,1.7773412087179873e+18
f5aeacca-71ae-456a-9053-683be52add2b,1.7773412087513303e+18
f5aeacca-71ae-456a-9053-683be52add2b,1.7773412087846733e+18
f5aeacca-71ae-456a-9053-683be52add2b,1.7773412088180152e+18
f5aeacca-71ae-456a-9053-683be52add2b,1.7773412088513585e+18
f5aeacca-71ae-456a-9053-683be52add2b,1.7773412088847014e+18
f5aeacca-71ae-456a-9053-683be52add2b,1.7773412089180434e+18
f5aeacca-71ae-456a-9053-683be52add2b,1.7773412089513864e+18
f5aeacca-71ae-456a-9053-683be52add2b,1.7773412089847293e+18
f5aeacca-71ae-456a-9053-683be52add2b,1.7773412090180713e+18
f5aeacca-71ae-456a-9053-683be52add2b,1.7773412090514143e+18
f5aeacca-71ae-456a-9053-683be52add2b,1.7773412090847572e+18
f5aeacca-71ae-456a-9053-683be52add2b,1.7773412091180995e+18
f5aeacca-71ae-456a-9053-683be52add2b,1.7773412091514424e+18
f5aeacca-71ae-456a-9053-683be52add2b,1.7773412091847854e+18
f5aeacca-71ae-456a-9053-683be52add2b,1.7773412092181274e+18
f5aeacca-71ae-456a-9053-683be52add2b,1.7773412092514703e+18
f5aeacca-71ae-456a-9053-683be52add2b,1.7773412092848133e+18
f5aeacca-71ae-456a-9053-683be52add2b,1.7773412093181553e+18
f5aeacca-71ae-456a-9053-683be52add2b,1.7773412093514982e+18
f5aeacca-71ae-456a-9053-683be52add2b,1.7773412093848412e+18
f5aeacca-71ae-456a-9053-683be52add2b,1.7773412094181834e+18
f5aeacca-71ae-456a-9053-683be52add2b,1.7773412094515264e+18
f5aeacca-71ae-456a-9053-683be52add2b,1.7773412094848694e+18
f5aeacca-71ae-456a-9053-683be52add2b,1.7773412095182113e+18
f5aeacca-71ae-456a-9053-683be52add2b,1.7773412095515543e+18
f5aeacca-71ae-456a-9053-683be52add2b,1.7773412095848973e+18
f5aeacca-71ae-456a-9053-683be52add2b,1.7773412096182392e+18
f5aeacca-71ae-456a-9053-683be52add2b,1.7773412096515825e+18
f5aeacca-71ae-456a-9053-683be52add2b,1.7773412096849254e+18
f5aeacca-71ae-456a-9053-683be52add2b,1.7773412097182674e+18
f5aeacca-71ae-456a-9053-683be52add2b,1.7773412097516104e+18
f5aeacca-71ae-456a-9053-683be52add2b,1.7773412097849533e+18
f5aeacca-71ae-456a-9053-683be52add2b,1.7773412098182953e+18
f5aeacca-71ae-456a-9053-683be52add2b,1.7773412098516383e+18
f5aeacca-71ae-456a-9053-683be52add2b,1.7773412098849812e+18
f5aeacca-71ae-456a-9053-683be52add2b,1.7773412099183235e+18
f5aeacca-71ae-456a-9053-683be52add2b,1.7773412099516664e+18
f5aeacca-71ae-456a-9053-683be52add2b,1.7773412099850094e+18
f5aeacca-71ae-456a-9053-683be52add2b,1.7773412100183514e+18
f5aeacca-71ae-456a-9053-683be52add2b,1.7773412100516943e+18
f5aeacca-71ae-456a-9053-683be52add2b,1.7773412100850363e+18
f5aeacca-71ae-456a-9053-683be52add2b,1.7773412101183793e+18
f5aeacca-71ae-456a-9053-683be52add2b,1.7773412101517222e+18
f5aeacca-71ae-456a-9053-683be52add2b,1.7773412101850652e+18
f5aeacca-71ae-456a-9053-683be52add2b,1.7773412102184074e+18
f5aeacca-71ae-456a-9053-683be52add2b,1.7773412102517504e+18
f5aeacca-71ae-456a-9053-683be52add2b,1.7773412102850924e+18
f5aeacca-71ae-456a-9053-683be52add2b,1.7773412103184353e+18
f5aeacca-71ae-456a-9053-683be52add2b,1.7773412103517783e+18
f5aeacca-71ae-456a-9053-683be52add2b,1.7773412103851203e+18
f5aeacca-71ae-456a-9053-683be52add2b,1.7773412104184632e+18
f5aeacca-71ae-456a-9053-683be52add2b,1.7773412104518065e+18
f5aeacca-71ae-456a-9053-683be52add2b,1.7773412104851484e+18
f5aeacca-71ae-456a-9053-683be52add2b,1.7773412105184914e+18
f5aeacca-71ae-456a-9053-683be52add2b,1.7773412105518344e+18
f5aeacca-71ae-456a-9053-683be52add2b,1.7773412105851763e+18
f5aeacca-71ae-456a-9053-683be52add2b,1.7773412106185193e+18
f5aeacca-71ae-456a-9053-683be52add2b,1.7773412106518623e+18
f5aeacca-71ae-456a-9053-683be52add2b,1.7773412106852042e+18
f5aeacca-71ae-456a-9053-683be52add2b,1.7773412107185475e+18
f5aeacca-71ae-456a-9053-683be52add2b,1.7773412107518904e+18
f5aeacca-71ae-456a-9053-683be52add2b,1.7773412107852324e+18
f5aeacca-71ae-456a-9053-683be52add2b,1.7773412108185754e+18
f5aeacca-71ae-456a-9053-683be52add2b,1.7773412108519183e+18
f5aeacca-71ae-456a-9053-683be52add2b,1.7773412108852603e+18
f5aeacca-71ae-456a-9053-683be52add2b,1.7773412109186033e+18
f5aeacca-71ae-456a-9053-683be52add2b,1.7773412109519462e+18
f5aeacca-71ae-456a-9053-683be52add2b,1.7773412109852884e+18
f5aeacca-71ae-456a-9053-683be52add2b,1.7773412110186314e+18
f5aeacca-71ae-456a-9053-683be52add2b,1.7773412110519744e+18
f5aeacca-71ae-456a-9053-683be52add2b,1.7773412110853164e+18
f5aeacca-71ae-456a-9053-683be52add2b,1.7773412111186593e+18
f5aeacca-71ae-456a-9053-683be52add2b,1.7773412111520023e+18
f5aeacca-71ae-456a-9053-683be52add2b,1.7773412111853443e+18
f5aeacca-71ae-456a-9053-683be52add2b,1.7773412112186872e+18
f5aeacca-71ae-456a-9053-683be52add2b,1.7773412112520305e+18
f5aeacca-71ae-456a-9053-683be52add2b,1.7773412112853724e+18
f5aeacca-71ae-456a-9053-683be52add2b,1.7773412113187154e+18
f5aeacca-71ae-456a-9053-683be52add2b,1.7773412113520584e+18
f5aeacca-71ae-456a-9053-683be52add2b,1.7773412113854003e+18
f5aeacca-71ae-456a-9053-683be52add2b,1.7773412114187433e+18
f5aeacca-71ae-456a-9053-683be52add2b,1.7773412114520863e+18
f5aeacca-71ae-456a-9053-683be52add2b,1.7773412114854282e+18
f5aeacca-71ae-456a-9053-683be52add2b,1.7773412115187715e+18
f5aeacca-71ae-456a-9053-683be52add2b,1.7773412115521134e+18
f5aeacca-71ae-456a-9053-683be52add2b,1.7773412115854564e+18
f5aeacca-71ae-456a-9053-683be52add2b,1.7773412116187994e+18
f5aeacca-71ae-456a-9053-683be52add2b,1.7773412116521423e+18
f5aeacca-71ae-456a-9053-683be52add2b,1.7773412116854843e+18
f5aeacca-71ae-456a-9053-683be52add2b,1.7773412117188273e+18
f5aeacca-71ae-456a-9053-683be52add2b,1.7773412117521692e+18
f5aeacca-71ae-456a-9053-683be52add2b,1.7773412117855124e+18
f5aeacca-71ae-456a-9053-683be52add2b,1.7773412118188554e+18
f5aeacca-71ae-456a-9053-683be52add2b,1.7773412118521974e+18
f5aeacca-71ae-456a-9053-683be52add2b,1.7773412118855404e+18
f5aeacca-71ae-456a-9053-683be52add2b,1.7773412119188833e+18
f5aeacca-71ae-456a-9053-683be52add2b,1.7773412119522253e+18
f5aeacca-71ae-456a-9053-683be52add2b,1.7773412119855683e+18
f5aeacca-71ae-456a-9053-683be52add2b,1.7773412120189112e+18
f5aeacca-71ae-456a-9053-683be52add2b,1.7773412120522534e+18
f5aeacca-71ae-456a-9053-683be52add2b,1.7773412120855964e+18
f5aeacca-71ae-456a-9053-683be52add2b,1.7773412121189394e+18
f5aeacca-71ae-456a-9053-683be52add2b,1.7773412121522813e+18
f5aeacca-71ae-456a-9053-683be52add2b,1.7773412121856243e+18
f5aeacca-71ae-456a-9053-683be52add2b,1.7773412122189673e+18
f5aeacca-71ae-456a-9053-683be52add2b,1.7773412122523092e+18
f5aeacca-71ae-456a-9053-683be52add2b,1.7773412122856522e+18
f5aeacca-71ae-456a-9053-683be52add2b,1.7773412123189955e+18
f5aeacca-71ae-456a-9053-683be52add2b,1.7773412123523374e+18
f5aeacca-71ae-456a-9053-683be52add2b,1.7773412123856804e+18
f5aeacca-71ae-456a-9053-683be52add2b,1.7773412124190234e+18
f5aeacca-71ae-456a-9053-683be52add2b,1.7773412124523653e+18
f5aeacca-71ae-456a-9053-683be52add2b,1.7773412124857083e+18
f5aeacca-71ae-456a-9053-683be52add2b,1.7773412125190513e+18
f5aeacca-71ae-456a-9053-683be52add2b,1.7773412125523932e+18
f5aeacca-71ae-456a-9053-683be52add2b,1.7773412125857364e+18
f5aeacca-71ae-456a-9053-683be52add2b,1.7773412126190794e+18
f5aeacca-71ae-456a-9053-683be52add2b,1.7773412126524214e+18
f5aeacca-71ae-456a-9053-683be52add2b,1.7773412126857644e+18
f5aeacca-71ae-456a-9053-683be52add2b,1.7773412127191073e+18
f5aeacca-71ae-456a-9053-683be52add2b,1.7773412127524493e+18
f5aeacca-71ae-456a-9053-683be52add2b,1.7773412127857923e+18
f5aeacca-71ae-456a-9053-683be52add2b,1.7773412128191352e+18
f5aeacca-71ae-456a-9053-683be52add2b,1.7773412128524774e+18
f5aeacca-71ae-456a-9053-683be52add2b,1.7773412128858204e+18
f5aeacca-71ae-456a-9053-683be52add2b,1.7773412129191634e+18
f5aeacca-71ae-456a-9053-683be52add2b,1.7773412129525053e+18
f5aeacca-71ae-456a-9053-683be52add2b,1.7773412129858483e+18
f5aeacca-71ae-456a-9053-683be52add2b,1.7773412130191913e+18
f5aeacca-71ae-456a-9053-683be52add2b,1.7773412130525332e+18
f5aeacca-71ae-456a-9053-683be52add2b,1.7773412130858762e+18
f5aeacca-71ae-456a-9053-683be52add2b,1.7773412131192195e+18
f5aeacca-71ae-456a-9053-683be52add2b,1.7773412131525614e+18
f5aeacca-71ae-456a-9053-683be52add2b,1.7773412131859044e+18
f5aeacca-71ae-456a-9053-683be52add2b,1.7773412132192474e+18
f5aeacca-71ae-456a-9053-683be52add2b,1.7773412132525893e+18
f5aeacca-71ae-456a-9053-683be52add2b,1.7773412132859323e+18
f5aeacca-71ae-456a-9053-683be52add2b,1.7773412133192753e+18
f5aeacca-71ae-456a-9053-683be52add2b,1.7773412133526172e+18
f5aeacca-71ae-456a-9053-683be52add2b,1.7773412133859604e+18
f5aeacca-71ae-456a-9053-683be52add2b,1.7773412134193024e+18
f5aeacca-71ae-456a-9053-683be52add2b,1.7773412134526454e+18
f5aeacca-71ae-456a-9053-683be52add2b,1.7773412134859884e+18
f5aeacca-71ae-456a-9053-683be52add2b,1.7773412135193313e+18
f5aeacca-71ae-456a-9053-683be52add2b,1.7773412135526733e+18
f5aeacca-71ae-456a-9053-683be52add2b,1.7773412135860163e+18
f5aeacca-71ae-456a-9053-683be52add2b,1.7773412136193585e+18
f5aeacca-71ae-456a-9053-683be52add2b,1.7773412136527014e+18
f5aeacca-71ae-456a-9053-683be52add2b,1.7773412136860444e+18
f5aeacca-71ae-456a-9053-683be52add2b,1.7773412137193864e+18
f5aeacca-71ae-456a-9053-683be52add2b,1.7773412137527293e+18
f5aeacca-71ae-456a-9053-683be52add2b,1.7773412137860723e+18
f5aeacca-71ae-456a-9053-683be52add2b,1.7773412138194143e+18
f5aeacca-71ae-456a-9053-683be52add2b,1.7773412138527572e+18
f5aeacca-71ae-456a-9053-683be52add2b,1.7773412138861002e+18
f5aeacca-71ae-456a-9053-683be52add2b,1.7773412139194424e+18
f5aeacca-71ae-456a-9053-683be52add2b,1.7773412139527854e+18
f5aeacca-71ae-456a-9053-683be52add2b,1.7773412139861284e+18
f5aeacca-71ae-456a-9053-683be52add2b,1.7773412140194703e+18
f5aeacca-71ae-456a-9053-683be52add2b,1.7773412140528133e+18
f5aeacca-71ae-456a-9053-683be52add2b,1.7773412140861563e+18
f5aeacca-71ae-456a-9053-683be52add2b,1.7773412141194982e+18
f5aeacca-71ae-456a-9053-683be52add2b,1.7773412141528412e+18
f5aeacca-71ae-456a-9053-683be52add2b,1.7773412141861844e+18
f5aeacca-71ae-456a-9053-683be52add2b,1.7773412142195264e+18
f5aeacca-71ae-456a-9053-683be52add2b,1.7773412142528694e+18
f5aeacca-71ae-456a-9053-683be52add2b,1.7773412142862124e+18
f5aeacca-71ae-456a-9053-683be52add2b,1.7773412143195543e+18
f5aeacca-71ae-456a-9053-683be52add2b,1.7773412143528973e+18
f5aeacca-71ae-456a-9053-683be52add2b,1.7773412143862403e+18
f5aeacca-71ae-456a-9053-683be52add2b,1.7773412144195825e+18
f5aeacca-71ae-456a-9053-683be52add2b,1.7773412144529254e+18
f5aeacca-71ae-456a-9053-683be52add2b,1.7773412144862684e+18
f5aeacca-71ae-456a-9053-683be52add2b,1.7773412145196104e+18
f5aeacca-71ae-456a-9053-683be52add2b,1.7773412145529533e+18
f5aeacca-71ae-456a-9053-683be52add2b,1.7773412145862963e+18
f5aeacca-71ae-456a-9053-683be52add2b,1.7773412146196383e+18
f5aeacca-71ae-456a-9053-683be52add2b,1.7773412146529812e+18
f5aeacca-71ae-456a-9053-683be52add2b,1.7773412146863242e+18
f5aeacca-71ae-456a-9053-683be52add2b,1.7773412147196664e+18
f5aeacca-71ae-456a-9053-683be52add2b,1.7773412147530094e+18
f5aeacca-71ae-456a-9053-683be52add2b,1.7773412147863524e+18
f5aeacca-71ae-456a-9053-683be52add2b,1.7773412148196943e+18
f5aeacca-71ae-456a-9053-683be52add2b,1.7773412148530373e+18
f5aeacca-71ae-456a-9053-683be52add2b,1.7773412148863793e+18
f5aeacca-71ae-456a-9053-683be52add2b,1.7773412149197222e+18
f5aeacca-71ae-456a-9053-683be52add2b,1.7773412149530652e+18
f5aeacca-71ae-456a-9053-683be52add2b,1.7773412149864084e+18
f5aeacca-71ae-456a-9053-683be52add2b,1.7773412150197504e+18
f5aeacca-71ae-456a-9053-683be52add2b,1.7773412150530934e+18
f5aeacca-71ae-456a-9053-683be52add2b,1.7773412150864353e+18
f5aeacca-71ae-456a-9053-683be52add2b,1.7773412151197783e+18
f5aeacca-71ae-456a-9053-683be52add2b,1.7773412151531213e+18
f5aeacca-71ae-456a-9053-683be52add2b,1.7773412151864632e+18
f5aeacca-71ae-456a-9053-683be52add2b,1.7773412152198065e+18
f5aeacca-71ae-456a-9053-683be52add2b,1.7773412152531494e+18
f5aeacca-71ae-456a-9053-683be52add2b,1.7773412152864914e+18
f5aeacca-71ae-456a-9053-683be52add2b,1.7773412153198344e+18
f5aeacca-71ae-456a-9053-683be52add2b,1.7773412153531773e+18
f5aeacca-71ae-456a-9053-683be52add2b,1.7773412153865193e+18
f5aeacca-71ae-456a-9053-683be52add2b,1.7773412154198623e+18
f5aeacca-71ae-456a-9053-683be52add2b,1.7773412154532052e+18
f5aeacca-71ae-456a-9053-683be52add2b,1.7773412154865475e+18
f5aeacca-71ae-456a-9053-683be52add2b,1.7773412155198904e+18
f5aeacca-71ae-456a-9053-683be52add2b,1.7773412155532334e+18
f5aeacca-71ae-456a-9053-683be52add2b,1.7773412155865754e+18
f5aeacca-71ae-456a-9053-683be52add2b,1.7773412156199183e+18
f5aeacca-71ae-456a-9053-683be52add2b,1.7773412156532613e+18
f5aeacca-71ae-456a-9053-683be52add2b,1.7773412156866033e+18
f5aeacca-71ae-456a-9053-683be52add2b,1.7773412157199462e+18
f5aeacca-71ae-456a-9053-683be52add2b,1.7773412157532892e+18
f5aeacca-71ae-456a-9053-683be52add2b,1.7773412157866314e+18
f5aeacca-71ae-456a-9053-683be52add2b,1.7773412158199744e+18
f5aeacca-71ae-456a-9053-683be52add2b,1.7773412158533174e+18
f5aeacca-71ae-456a-9053-683be52add2b,1.7773412158866593e+18
f5aeacca-71ae-456a-9053-683be52add2b,1.7773412159200023e+18
f5aeacca-71ae-456a-9053-683be52add2b,1.7773412159533453e+18
f5aeacca-71ae-456a-9053-683be52add2b,1.7773412159866872e+18
f5aeacca-71ae-456a-9053-683be52add2b,1.7773412160200305e+18
f5aeacca-71ae-456a-9053-683be52add2b,1.7773412160533734e+18
f5aeacca-71ae-456a-9053-683be52add2b,1.7773412160867154e+18
f5aeacca-71ae-456a-9053-683be52add2b,1.7773412161200584e+18
f5aeacca-71ae-456a-9053-683be52add2b,1.7773412161534013e+18
f5aeacca-71ae-456a-9053-683be52add2b,1.7773412161867433e+18
f5aeacca-71ae-456a-9053-683be52add2b,1.7773412162200863e+18
f5aeacca-71ae-456a-9053-683be52add2b,1.7773412162534292e+18
f5aeacca-71ae-456a-9053-683be52add2b,1.7773412162867715e+18
f5aeacca-71ae-456a-9053-683be52add2b,1.7773412163201144e+18
f5aeacca-71ae-456a-9053-683be52add2b,1.7773412163534574e+18
f5aeacca-71ae-456a-9053-683be52add2b,1.7773412163867994e+18
f5aeacca-71ae-456a-9053-683be52add2b,1.7773412164201423e+18
f5aeacca-71ae-456a-9053-683be52add2b,1.7773412164534853e+18
f5aeacca-71ae-456a-9053-683be52add2b,1.7773412164868273e+18
f5aeacca-71ae-456a-9053-683be52add2b,1.7773412165201702e+18
f5aeacca-71ae-456a-9053-683be52add2b,1.7773412165535132e+18
f5aeacca-71ae-456a-9053-683be52add2b,1.7773412165868554e+18
f5aeacca-71ae-456a-9053-683be52add2b,1.7773412166201984e+18
f5aeacca-71ae-456a-9053-683be52add2b,1.7773412166535404e+18
f5aeacca-71ae-456a-9053-683be52add2b,1.7773412166868833e+18
f5aeacca-71ae-456a-9053-683be52add2b,1.7773412167202263e+18
f5aeacca-71ae-456a-9053-683be52add2b,1.7773412167535683e+18
f5aeacca-71ae-456a-9053-683be52add2b,1.7773412167869112e+18
f5aeacca-71ae-456a-9053-683be52add2b,1.7773412168202545e+18
f5aeacca-71ae-456a-9053-683be52add2b,1.7773412168535964e+18
f5aeacca-71ae-456a-9053-683be52add2b,1.7773412168869394e+18
f5aeacca-71ae-456a-9053-683be52add2b,1.7773412169202824e+18
f5aeacca-71ae-456a-9053-683be52add2b,1.7773412169536243e+18
f5aeacca-71ae-456a-9053-683be52add2b,1.7773412169869673e+18
f5aeacca-71ae-456a-9053-683be52add2b,1.7773412170203103e+18
f5aeacca-71ae-456a-9053-683be52add2b,1.7773412170536522e+18
f5aeacca-71ae-456a-9053-683be52add2b,1.7773412170869955e+18
f5aeacca-71ae-456a-9053-683be52add2b,1.7773412171203384e+18
f5aeacca-71ae-456a-9053-683be52add2b,1.7773412171536804e+18
f5aeacca-71ae-456a-9053-683be52add2b,1.7773412171870234e+18
f5aeacca-71ae-456a-9053-683be52add2b,1.7773412172203663e+18
f5aeacca-71ae-456a-9053-683be52add2b,1.7773412172537083e+18
f5aeacca-71ae-456a-9053-683be52add2b,1.7773412172870513e+18
f5aeacca-71ae-456a-9053-683be52add2b,1.7773412173203942e+18
f5aeacca-71ae-456a-9053-683be52add2b,1.7773412173537364e+18
f5aeacca-71ae-456a-9053-683be52add2b,1.7773412173870794e+18
f5aeacca-71ae-456a-9053-683be52add2b,1.7773412174204224e+18
f5aeacca-71ae-456a-9053-683be52add2b,1.7773412174537644e+18
f5aeacca-71ae-456a-9053-683be52add2b,1.7773412174871073e+18
f5aeacca-71ae-456a-9053-683be52add2b,1.7773412175204503e+18
f5aeacca-71ae-456a-9053-683be52add2b,1.7773412175537923e+18
f5aeacca-71ae-456a-9053-683be52add2b,1.7773412175871352e+18
f5aeacca-71ae-456a-9053-683be52add2b,1.7773412176204785e+18
f5aeacca-71ae-456a-9053-683be52add2b,1.7773412176538204e+18
f5aeacca-71ae-456a-9053-683be52add2b,1.7773412176871634e+18
f5aeacca-71ae-456a-9053-683be52add2b,1.7773412177205064e+18
f5aeacca-71ae-456a-9053-683be52add2b,1.7773412177538483e+18
f5aeacca-71ae-456a-9053-683be52add2b,1.7773412177871913e+18
f5aeacca-71ae-456a-9053-683be52add2b,1.7773412178205343e+18
f5aeacca-71ae-456a-9053-683be52add2b,1.7773412178538762e+18
f5aeacca-71ae-456a-9053-683be52add2b,1.7773412178872195e+18
f5aeacca-71ae-456a-9053-683be52add2b,1.7773412179205624e+18
f5aeacca-71ae-456a-9053-683be52add2b,1.7773412179539044e+18
f5aeacca-71ae-456a-9053-683be52add2b,1.7773412179872474e+18
f5aeacca-71ae-456a-9053-683be52add2b,1.7773412180205903e+18
f5aeacca-71ae-456a-9053-683be52add2b,1.7773412180539323e+18
f5aeacca-71ae-456a-9053-683be52add2b,1.7773412180872753e+18
f5aeacca-71ae-456a-9053-683be52add2b,1.7773412181206182e+18
f5aeacca-71ae-456a-9053-683be52add2b,1.7773412181539604e+18
f5aeacca-71ae-456a-9053-683be52add2b,1.7773412181873034e+18
f5aeacca-71ae-456a-9053-683be52add2b,1.7773412182206454e+18
f5aeacca-71ae-456a-9053-683be52add2b,1.7773412182539884e+18
f5aeacca-71ae-456a-9053-683be52add2b,1.7773412182873313e+18
f5aeacca-71ae-456a-9053-683be52add2b,1.7773412183206743e+18
f5aeacca-71ae-456a-9053-683be52add2b,1.7773412183540163e+18
f5aeacca-71ae-456a-9053-683be52add2b,1.7773412183873592e+18
f5aeacca-71ae-456a-9053-683be52add2b,1.7773412184207014e+18
f5aeacca-71ae-456a-9053-683be52add2b,1.7773412184540444e+18
f5aeacca-71ae-456a-9053-683be52add2b,1.7773412184873874e+18
f5aeacca-71ae-456a-9053-683be52add2b,1.7773412185207293e+18
f5aeacca-71ae-456a-9053-683be52add2b,1.7773412185540723e+18
f5aeacca-71ae-456a-9053-683be52add2b,1.7773412185874153e+18
f5aeacca-71ae-456a-9053-683be52add2b,1.7773412186207572e+18
f5aeacca-71ae-456a-9053-683be52add2b,1.7773412186541002e+18
f5aeacca-71ae-456a-9053-683be52add2b,1.7773412186874435e+18
f5aeacca-71ae-456a-9053-683be52add2b,1.7773412187207854e+18
f5aeacca-71ae-456a-9053-683be52add2b,1.7773412187541284e+18
f5aeacca-71ae-456a-9053-683be52add2b,1.7773412187874714e+18
f5aeacca-71ae-456a-9053-683be52add2b,1.7773412188208133e+18
f5aeacca-71ae-456a-9053-683be52add2b,1.7773412188541563e+18
f5aeacca-71ae-456a-9053-683be52add2b,1.7773412188874993e+18
f5aeacca-71ae-456a-9053-683be52add2b,1.7773412189208412e+18
f5aeacca-71ae-456a-9053-683be52add2b,1.7773412189541844e+18
f5aeacca-71ae-456a-9053-683be52add2b,1.7773412189875274e+18
f5aeacca-71ae-456a-9053-683be52add2b,1.7773412190208694e+18
f5aeacca-71ae-456a-9053-683be52add2b,1.7773412190542124e+18
f5aeacca-71ae-456a-9053-683be52add2b,1.7773412190875553e+18
f5aeacca-71ae-456a-9053-683be52add2b,1.7773412191208973e+18
f5aeacca-71ae-456a-9053-683be52add2b,1.7773412191542403e+18
f5aeacca-71ae-456a-9053-683be52add2b,1.7773412191875832e+18
f5aeacca-71ae-456a-9053-683be52add2b,1.7773412192209254e+18
f5aeacca-71ae-456a-9053-683be52add2b,1.7773412192542684e+18
f5aeacca-71ae-456a-9053-683be52add2b,1.7773412192876114e+18
f5aeacca-71ae-456a-9053-683be52add2b,1.7773412193209533e+18
f5aeacca-71ae-456a-9053-683be52add2b,1.7773412193542963e+18
f5aeacca-71ae-456a-9053-683be52add2b,1.7773412193876393e+18
f5aeacca-71ae-456a-9053-683be52add2b,1.7773412194209812e+18
f5aeacca-71ae-456a-9053-683be52add2b,1.7773412194543242e+18
f5aeacca-71ae-456a-9053-683be52add2b,1.7773412194876675e+18
f5aeacca-71ae-456a-9053-683be52add2b,1.7773412195210094e+18
f5aeacca-71ae-456a-9053-683be52add2b,1.7773412195543524e+18
f5aeacca-71ae-456a-9053-683be52add2b,1.7773412195876954e+18
f5aeacca-71ae-456a-9053-683be52add2b,1.7773412196210373e+18
f5aeacca-71ae-456a-9053-683be52add2b,1.7773412196543803e+18
f5aeacca-71ae-456a-9053-683be52add2b,1.7773412196877233e+18
f5aeacca-71ae-456a-9053-683be52add2b,1.7773412197210652e+18
f5aeacca-71ae-456a-9053-683be52add2b,1.7773412197544084e+18
f5aeacca-71ae-456a-9053-683be52add2b,1.7773412197877514e+18
f5aeacca-71ae-456a-9053-683be52add2b,1.7773412198210934e+18
f5aeacca-71ae-456a-9053-683be52add2b,1.7773412198544364e+18
f5aeacca-71ae-456a-9053-683be52add2b,1.7773412198877783e+18
f5aeacca-71ae-456a-9053-683be52add2b,1.7773412199211213e+18
f5aeacca-71ae-456a-9053-683be52add2b,1.7773412199544643e+18
f5aeacca-71ae-456a-9053-683be52add2b,1.7773412199878065e+18
f5aeacca-71ae-456a-9053-683be52add2b,1.7773412200211494e+18
f5aeacca-71ae-456a-9053-683be52add2b,1.7773412200544924e+18
f5aeacca-71ae-456a-9053-683be52add2b,1.7773412200878344e+18
f5aeacca-71ae-456a-9053-683be52add2b,1.7773412201211773e+18
f5aeacca-71ae-456a-9053-683be52add2b,1.7773412201545203e+18
f5aeacca-71ae-456a-9053-683be52add2b,1.7773412201878623e+18
f5aeacca-71ae-456a-9053-683be52add2b,1.7773412202212052e+18
f5aeacca-71ae-456a-9053-683be52add2b,1.7773412202545482e+18
f5aeacca-71ae-456a-9053-683be52add2b,1.7773412202878904e+18
f5aeacca-71ae-456a-9053-683be52add2b,1.7773412203212334e+18
f5aeacca-71ae-456a-9053-683be52add2b,1.7773412203545764e+18
f5aeacca-71ae-456a-9053-683be52add2b,1.7773412203879183e+18
f5aeacca-71ae-456a-9053-683be52add2b,1.7773412204212613e+18
f5aeacca-71ae-456a-9053-683be52add2b,1.7773412204546043e+18
f5aeacca-71ae-456a-9053-683be52add2b,1.7773412204879462e+18
f5aeacca-71ae-456a-9053-683be52add2b,1.7773412205212892e+18
f5aeacca-71ae-456a-9053-683be52add2b,1.7773412205546324e+18
f5aeacca-71ae-456a-9053-683be52add2b,1.7773412205879744e+18
f5aeacca-71ae-456a-9053-683be52add2b,1.7773412206213174e+18
f5aeacca-71ae-456a-9053-683be52add2b,1.7773412206546604e+18
f5aeacca-71ae-456a-9053-683be52add2b,1.7773412206880023e+18
f5aeacca-71ae-456a-9053-683be52add2b,1.7773412207213453e+18
f5aeacca-71ae-456a-9053-683be52add2b,1.7773412207546883e+18
f5aeacca-71ae-456a-9053-683be52add2b,1.7773412207880305e+18
f5aeacca-71ae-456a-9053-683be52add2b,1.7773412208213734e+18
f5aeacca-71ae-456a-9053-683be52add2b,1.7773412208547164e+18
f5aeacca-71ae-456a-9053-683be52add2b,1.7773412208880584e+18
f5aeacca-71ae-456a-9053-683be52add2b,1.7773412209214013e+18
f5aeacca-71ae-456a-9053-683be52add2b,1.7773412209547443e+18
f5aeacca-71ae-456a-9053-683be52add2b,1.7773412209880863e+18
f5aeacca-71ae-456a-9053-683be52add2b,1.7773412210214292e+18
f5aeacca-71ae-456a-9053-683be52add2b,1.7773412210547722e+18
f5aeacca-71ae-456a-9053-683be52add2b,1.7773412210881144e+18
f5aeacca-71ae-456a-9053-683be52add2b,1.7773412211214574e+18
f5aeacca-71ae-456a-9053-683be52add2b,1.7773412211548004e+18
f5aeacca-71ae-456a-9053-683be52add2b,1.7773412211881423e+18
f5aeacca-71ae-456a-9053-683be52add2b,1.7773412212214853e+18
f5aeacca-71ae-456a-9053-683be52add2b,1.7773412212548283e+18
f5aeacca-71ae-456a-9053-683be52add2b,1.7773412212881702e+18
f5aeacca-71ae-456a-9053-683be52add2b,1.7773412213215132e+18
f5aeacca-71ae-456a-9053-683be52add2b,1.7773412213548564e+18
f5aeacca-71ae-456a-9053-683be52add2b,1.7773412213881984e+18
f5aeacca-71ae-456a-9053-683be52add2b,1.7773412214215414e+18
f5aeacca-71ae-456a-9053-683be52add2b,1.7773412214548844e+18
f5aeacca-71ae-456a-9053-683be52add2b,1.7773412214882263e+18
f5aeacca-71ae-456a-9053-683be52add2b,1.7773412215215693e+18
f5aeacca-71ae-456a-9053-683be52add2b,1.7773412215549112e+18
f5aeacca-71ae-456a-9053-683be52add2b,1.7773412215882545e+18
f5aeacca-71ae-456a-9053-683be52add2b,1.7773412216215974e+18
f5aeacca-71ae-456a-9053-683be52add2b,1.7773412216549404e+18
f5aeacca-71ae-456a-9053-683be52add2b,1.7773412216882824e+18
f5aeacca-71ae-456a-9053-683be52add2b,1.7773412217216253e+18
f5aeacca-71ae-456a-9053-683be52add2b,1.7773412217549673e+18
f5aeacca-71ae-456a-9053-683be52add2b,1.7773412217883103e+18
f5aeacca-71ae-456a-9053-683be52add2b,1.7773412218216532e+18
f5aeacca-71ae-456a-9053-683be52add2b,1.7773412218549955e+18
f5aeacca-71ae-456a-9053-683be52add2b,1.7773412218883384e+18
f5aeacca-71ae-456a-9053-683be52add2b,1.7773412219216814e+18
f5aeacca-71ae-456a-9053-683be52add2b,1.7773412219550234e+18
f5aeacca-71ae-456a-9053-683be52add2b,1.7773412219883663e+18
f5aeacca-71ae-456a-9053-683be52add2b,1.7773412220217093e+18
f5aeacca-71ae-456a-9053-683be52add2b,1.7773412220550513e+18
f5aeacca-71ae-456a-9053-683be52add2b,1.7773412220883942e+18
f5aeacca-71ae-456a-9053-683be52add2b,1.7773412221217372e+18
f5aeacca-71ae-456a-9053-683be52add2b,1.7773412221550794e+18
f5aeacca-71ae-456a-9053-683be52add2b,1.7773412221884224e+18
f5aeacca-71ae-456a-9053-683be52add2b,1.7773412222217654e+18
f5aeacca-71ae-456a-9053-683be52add2b,1.7773412222551073e+18
f5aeacca-71ae-456a-9053-683be52add2b,1.7773412222884503e+18
f5aeacca-71ae-456a-9053-683be52add2b,1.7773412223217933e+18
f5aeacca-71ae-456a-9053-683be52add2b,1.7773412223551352e+18
f5aeacca-71ae-456a-9053-683be52add2b,1.7773412223884785e+18
f5aeacca-71ae-456a-9053-683be52add2b,1.7773412224218214e+18
f5aeacca-71ae-456a-9053-683be52add2b,1.7773412224551634e+18
f5aeacca-71ae-456a-9053-683be52add2b,1.7773412224885064e+18
f5aeacca-71ae-456a-9053-683be52add2b,1.7773412225218493e+18
f5aeacca-71ae-456a-9053-683be52add2b,1.7773412225551913e+18
f5aeacca-71ae-456a-9053-683be52add2b,1.7773412225885343e+18
f5aeacca-71ae-456a-9053-683be52add2b,1.7773412226218772e+18
f5aeacca-71ae-456a-9053-683be52add2b,1.7773412226552195e+18
f5aeacca-71ae-456a-9053-683be52add2b,1.7773412226885624e+18
f5aeacca-71ae-456a-9053-683be52add2b,1.7773412227219054e+18
f5aeacca-71ae-456a-9053-683be52add2b,1.7773412227552474e+18
f5aeacca-71ae-456a-9053-683be52add2b,1.7773412227885903e+18
f5aeacca-71ae-456a-9053-683be52add2b,1.7773412228219333e+18
f5aeacca-71ae-456a-9053-683be52add2b,1.7773412228552753e+18
f5aeacca-71ae-456a-9053-683be52add2b,1.7773412228886182e+18
f5aeacca-71ae-456a-9053-683be52add2b,1.7773412229219612e+18
f5aeacca-71ae-456a-9053-683be52add2b,1.7773412229553034e+18
f5aeacca-71ae-456a-9053-683be52add2b,1.7773412229886464e+18
f5aeacca-71ae-456a-9053-683be52add2b,1.7773412230219894e+18
f5aeacca-71ae-456a-9053-683be52add2b,1.7773412230553313e+18
f5aeacca-71ae-456a-9053-683be52add2b,1.7773412230886743e+18
f5aeacca-71ae-456a-9053-683be52add2b,1.7773412231220173e+18
f5aeacca-71ae-456a-9053-683be52add2b,1.7773412231553592e+18
f5aeacca-71ae-456a-9053-683be52add2b,1.7773412231887025e+18
f5aeacca-71ae-456a-9053-683be52add2b,1.7773412232220444e+18
f5aeacca-71ae-456a-9053-683be52add2b,1.7773412232553874e+18
f5aeacca-71ae-456a-9053-683be52add2b,1.7773412232887304e+18
f5aeacca-71ae-456a-9053-683be52add2b,1.7773412233220723e+18
f5aeacca-71ae-456a-9053-683be52add2b,1.7773412233554153e+18
f5aeacca-71ae-456a-9053-683be52add2b,1.7773412233887583e+18
f5aeacca-71ae-456a-9053-683be52add2b,1.7773412234221002e+18
f5aeacca-71ae-456a-9053-683be52add2b,1.7773412234554435e+18
f5aeacca-71ae-456a-9053-683be52add2b,1.7773412234887864e+18
f5aeacca-71ae-456a-9053-683be52add2b,1.7773412235221284e+18
f5aeacca-71ae-456a-9053-683be52add2b,1.7773412235554714e+18
f5aeacca-71ae-456a-9053-683be52add2b,1.7773412235888143e+18
f5aeacca-71ae-456a-9053-683be52add2b,1.7773412236221563e+18
f5aeacca-71ae-456a-9053-683be52add2b,1.7773412236554993e+18
f5aeacca-71ae-456a-9053-683be52add2b,1.7773412236888422e+18
f5aeacca-71ae-456a-9053-683be52add2b,1.7773412237221844e+18
f5aeacca-71ae-456a-9053-683be52add2b,1.7773412237555274e+18
f5aeacca-71ae-456a-9053-683be52add2b,1.7773412237888704e+18
f5aeacca-71ae-456a-9053-683be52add2b,1.7773412238222124e+18
f5aeacca-71ae-456a-9053-683be52add2b,1.7773412238555553e+18
f5aeacca-71ae-456a-9053-683be52add2b,1.7773412238888983e+18
f5aeacca-71ae-456a-9053-683be52add2b,1.7773412239222403e+18
f5aeacca-71ae-456a-9053-683be52add2b,1.7773412239555832e+18
f5aeacca-71ae-456a-9053-683be52add2b,1.7773412239889265e+18
f5aeacca-71ae-456a-9053-683be52add2b,1.7773412240222684e+18
f5aeacca-71ae-456a-9053-683be52add2b,1.7773412240556114e+18
f5aeacca-71ae-456a-9053-683be52add2b,1.7773412240889544e+18
f5aeacca-71ae-456a-9053-683be52add2b,1.7773412241222963e+18
f5aeacca-71ae-456a-9053-683be52add2b,1.7773412241556393e+18
f5aeacca-71ae-456a-9053-683be52add2b,1.7773412241889823e+18
f5aeacca-71ae-456a-9053-683be52add2b,1.7773412242223242e+18
f5aeacca-71ae-456a-9053-683be52add2b,1.7773412242556675e+18
f5aeacca-71ae-456a-9053-683be52add2b,1.7773412242890104e+18
f5aeacca-71ae-456a-9053-683be52add2b,1.7773412243223524e+18
f5aeacca-71ae-456a-9053-683be52add2b,1.7773412243556954e+18
f5aeacca-71ae-456a-9053-683be52add2b,1.7773412243890383e+18
f5aeacca-71ae-456a-9053-683be52add2b,1.7773412244223803e+18
f5aeacca-71ae-456a-9053-683be52add2b,1.7773412244557233e+18
f5aeacca-71ae-456a-9053-683be52add2b,1.7773412244890662e+18
f5aeacca-71ae-456a-9053-683be52add2b,1.7773412245224084e+18
f5aeacca-71ae-456a-9053-683be52add2b,1.7773412245557514e+18
f5aeacca-71ae-456a-9053-683be52add2b,1.7773412245890944e+18
f5aeacca-71ae-456a-9053-683be52add2b,1.7773412246224364e+18
f5aeacca-71ae-456a-9053-683be52add2b,1.7773412246557793e+18
f5aeacca-71ae-456a-9053-683be52add2b,1.7773412246891223e+18
f5aeacca-71ae-456a-9053-683be52add2b,1.7773412247224643e+18
f5aeacca-71ae-456a-9053-683be52add2b,1.7773412247558072e+18
f5aeacca-71ae-456a-9053-683be52add2b,1.7773412247891505e+18
f5aeacca-71ae-456a-9053-683be52add2b,1.7773412248224924e+18
f5aeacca-71ae-456a-9053-683be52add2b,1.7773412248558354e+18
f5aeacca-71ae-456a-9053-683be52add2b,1.7773412248891773e+18
f5aeacca-71ae-456a-9053-683be52add2b,1.7773412249225203e+18
f5aeacca-71ae-456a-9053-683be52add2b,1.7773412249558633e+18
f5aeacca-71ae-456a-9053-683be52add2b,1.7773412249892063e+18
f5aeacca-71ae-456a-9053-683be52add2b,1.7773412250225482e+18
f5aeacca-71ae-456a-9053-683be52add2b,1.7773412250558915e+18
f5aeacca-71ae-456a-9053-683be52add2b,1.7773412250892334e+18
f5aeacca-71ae-456a-9053-683be52add2b,1.7773412251225764e+18
f5aeacca-71ae-456a-9053-683be52add2b,1.7773412251559194e+18
f5aeacca-71ae-456a-9053-683be52add2b,1.7773412251892613e+18
f5aeacca-71ae-456a-9053-683be52add2b,1.7773412252226043e+18
f5aeacca-71ae-456a-9053-683be52add2b,1.7773412252559473e+18
f5aeacca-71ae-456a-9053-683be52add2b,1.7773412252892892e+18
f5aeacca-71ae-456a-9053-683be52add2b,1.7773412253226324e+18
f5aeacca-71ae-456a-9053-683be52add2b,1.7773412253559754e+18
f5aeacca-71ae-456a-9053-683be52add2b,1.7773412253893174e+18
f5aeacca-71ae-456a-9053-683be52add2b,1.7773412254226604e+18
f5aeacca-71ae-456a-9053-683be52add2b,1.7773412254560033e+18
f5aeacca-71ae-456a-9053-683be52add2b,1.7773412254893453e+18
f5aeacca-71ae-456a-9053-683be52add2b,1.7773412255226883e+18
f5aeacca-71ae-456a-9053-683be52add2b,1.7773412255560312e+18
f5aeacca-71ae-456a-9053-683be52add2b,1.7773412255893734e+18
f5aeacca-71ae-456a-9053-683be52add2b,1.7773412256227164e+18
f5aeacca-71ae-456a-9053-683be52add2b,1.7773412256560594e+18
f5aeacca-71ae-456a-9053-683be52add2b,1.7773412256894013e+18
f5aeacca-71ae-456a-9053-683be52add2b,1.7773412257227443e+18
f5aeacca-71ae-456a-9053-683be52add2b,1.7773412257560873e+18
f5aeacca-71ae-456a-9053-683be52add2b,1.7773412257894292e+18
f5aeacca-71ae-456a-9053-683be52add2b,1.7773412258227722e+18
f5aeacca-71ae-456a-9053-683be52add2b,1.7773412258561155e+18
f5aeacca-71ae-456a-9053-683be52add2b,1.7773412258894574e+18
f5aeacca-71ae-456a-9053-683be52add2b,1.7773412259228004e+18
f5aeacca-71ae-456a-9053-683be52add2b,1.7773412259561434e+18
f5aeacca-71ae-456a-9053-683be52add2b,1.7773412259894853e+18
f5aeacca-71ae-456a-9053-683be52add2b,1.7773412260228283e+18
f5aeacca-71ae-456a-9053-683be52add2b,1.7773412260561713e+18
f5aeacca-71ae-456a-9053-683be52add2b,1.7773412260895132e+18
f5aeacca-71ae-456a-9053-683be52add2b,1.7773412261228564e+18
f5aeacca-71ae-456a-9053-683be52add2b,1.7773412261561994e+18
f5aeacca-71ae-456a-9053-683be52add2b,1.7773412261895414e+18
f5aeacca-71ae-456a-9053-683be52add2b,1.7773412262228844e+18
f5aeacca-71ae-456a-9053-683be52add2b,1.7773412262562273e+18
f5aeacca-71ae-456a-9053-683be52add2b,1.7773412262895693e+18
f5aeacca-71ae-456a-9053-683be52add2b,1.7773412263229123e+18
f5aeacca-71ae-456a-9053-683be52add2b,1.7773412263562552e+18
f5aeacca-71ae-456a-9053-683be52add2b,1.7773412263895974e+18
f5aeacca-71ae-456a-9053-683be52add2b,1.7773412264229404e+18
f5aeacca-71ae-456a-9053-683be52add2b,1.7773412264562834e+18
f5aeacca-71ae-456a-9053-683be52add2b,1.7773412264896253e+18
f5aeacca-71ae-456a-9053-683be52add2b,1.7773412265229683e+18
f5aeacca-71ae-456a-9053-683be52add2b,1.7773412265563103e+18
f5aeacca-71ae-456a-9053-683be52add2b,1.7773412265896532e+18
f5aeacca-71ae-456a-9053-683be52add2b,1.7773412266229962e+18
f5aeacca-71ae-456a-9053-683be52add2b,1.7773412266563384e+18
f5aeacca-71ae-456a-9053-683be52add2b,1.7773412266896814e+18
f5aeacca-71ae-456a-9053-683be52add2b,1.7773412267230244e+18
f5aeacca-71ae-456a-9053-683be52add2b,1.7773412267563663e+18
f5aeacca-71ae-456a-9053-683be52add2b,1.7773412267897093e+18
f5aeacca-71ae-456a-9053-683be52add2b,1.7773412268230523e+18
f5aeacca-71ae-456a-9053-683be52add2b,1.7773412268563942e+18
f5aeacca-71ae-456a-9053-683be52add2b,1.7773412268897372e+18
f5aeacca-71ae-456a-9053-683be52add2b,1.7773412269230804e+18
f5aeacca-71ae-456a-9053-683be52add2b,1.7773412269564224e+18
f5aeacca-71ae-456a-9053-683be52add2b,1.7773412269897654e+18
f5aeacca-71ae-456a-9053-683be52add2b,1.7773412270231084e+18
f5aeacca-71ae-456a-9053-683be52add2b,1.7773412270564503e+18
f5aeacca-71ae-456a-9053-683be52add2b,1.7773412270897933e+18
f5aeacca-71ae-456a-9053-683be52add2b,1.7773412271231363e+18
f5aeacca-71ae-456a-9053-683be52add2b,1.7773412271564785e+18
f5aeacca-71ae-456a-9053-683be52add2b,1.7773412271898214e+18
f5aeacca-71ae-456a-9053-683be52add2b,1.7773412272231644e+18
f5aeacca-71ae-456a-9053-683be52add2b,1.7773412272565064e+18
f5aeacca-71ae-456a-9053-683be52add2b,1.7773412272898493e+18
f5aeacca-71ae-456a-9053-683be52add2b,1.7773412273231923e+18
f5aeacca-71ae-456a-9053-683be52add2b,1.7773412273565343e+18
f5aeacca-71ae-456a-9053-683be52add2b,1.7773412273898772e+18
f5aeacca-71ae-456a-9053-683be52add2b,1.7773412274232202e+18
f5aeacca-71ae-456a-9053-683be52add2b,1.7773412274565624e+18
f5aeacca-71ae-456a-9053-683be52add2b,1.7773412274899054e+18
f5aeacca-71ae-456a-9053-683be52add2b,1.7773412275232484e+18
f5aeacca-71ae-456a-9053-683be52add2b,1.7773412275565903e+18
f5aeacca-71ae-456a-9053-683be52add2b,1.7773412275899333e+18
f5aeacca-71ae-456a-9053-683be52add2b,1.7773412276232763e+18
f5aeacca-71ae-456a-9053-683be52add2b,1.7773412276566182e+18
f5aeacca-71ae-456a-9053-683be52add2b,1.7773412276899612e+18
f5aeacca-71ae-456a-9053-683be52add2b,1.7773412277233044e+18
f5aeacca-71ae-456a-9053-683be52add2b,1.7773412277566464e+18
f5aeacca-71ae-456a-9053-683be52add2b,1.7773412277899894e+18
f5aeacca-71ae-456a-9053-683be52add2b,1.7773412278233324e+18
f5aeacca-71ae-456a-9053-683be52add2b,1.7773412278566743e+18
f5aeacca-71ae-456a-9053-683be52add2b,1.7773412278900173e+18
f5aeacca-71ae-456a-9053-683be52add2b,1.7773412279233603e+18
f5aeacca-71ae-456a-9053-683be52add2b,1.7773412279567025e+18
f5aeacca-71ae-456a-9053-683be52add2b,1.7773412279900454e+18
f5aeacca-71ae-456a-9053-683be52add2b,1.7773412280233884e+18
f5aeacca-71ae-456a-9053-683be52add2b,1.7773412280567304e+18
f5aeacca-71ae-456a-9053-683be52add2b,1.7773412280900733e+18
f5aeacca-71ae-456a-9053-683be52add2b,1.7773412281234163e+18
f5aeacca-71ae-456a-9053-683be52add2b,1.7773412281567583e+18
f5aeacca-71ae-456a-9053-683be52add2b,1.7773412281901012e+18
f5aeacca-71ae-456a-9053-683be52add2b,1.7773412282234435e+18
f5aeacca-71ae-456a-9053-683be52add2b,1.7773412282567864e+18
f5aeacca-71ae-456a-9053-683be52add2b,1.7773412282901294e+18
f5aeacca-71ae-456a-9053-683be52add2b,1.7773412283234714e+18
f5aeacca-71ae-456a-9053-683be52add2b,1.7773412283568143e+18
f5aeacca-71ae-456a-9053-683be52add2b,1.7773412283901573e+18
f5aeacca-71ae-456a-9053-683be52add2b,1.7773412284234993e+18
f5aeacca-71ae-456a-9053-683be52add2b,1.7773412284568422e+18
f5aeacca-71ae-456a-9053-683be52add2b,1.7773412284901852e+18
f5aeacca-71ae-456a-9053-683be52add2b,1.7773412285235274e+18
f5aeacca-71ae-456a-9053-683be52add2b,1.7773412285568704e+18
f5aeacca-71ae-456a-9053-683be52add2b,1.7773412285902134e+18
f5aeacca-71ae-456a-9053-683be52add2b,1.7773412286235553e+18
f5aeacca-71ae-456a-9053-683be52add2b,1.7773412286568983e+18
f5aeacca-71ae-456a-9053-683be52add2b,1.7773412286902413e+18
f5aeacca-71ae-456a-9053-683be52add2b,1.7773412287235832e+18
f5aeacca-71ae-456a-9053-683be52add2b,1.7773412287569265e+18
f5aeacca-71ae-456a-9053-683be52add2b,1.7773412287902694e+18
f5aeacca-71ae-456a-9053-683be52add2b,1.7773412288236114e+18
f5aeacca-71ae-456a-9053-683be52add2b,1.7773412288569544e+18
f5aeacca-71ae-456a-9053-683be52add2b,1.7773412288902973e+18
f5aeacca-71ae-456a-9053-683be52add2b,1.7773412289236393e+18
f5aeacca-71ae-456a-9053-683be52add2b,1.7773412289569823e+18
f5aeacca-71ae-456a-9053-683be52add2b,1.7773412289903252e+18
f5aeacca-71ae-456a-9053-683be52add2b,1.7773412290236675e+18
f5aeacca-71ae-456a-9053-683be52add2b,1.7773412290570104e+18
f5aeacca-71ae-456a-9053-683be52add2b,1.7773412290903534e+18
f5aeacca-71ae-456a-9053-683be52add2b,1.7773412291236954e+18
f5aeacca-71ae-456a-9053-683be52add2b,1.7773412291570383e+18
f5aeacca-71ae-456a-9053-683be52add2b,1.7773412291903813e+18
f5aeacca-71ae-456a-9053-683be52add2b,1.7773412292237233e+18
f5aeacca-71ae-456a-9053-683be52add2b,1.7773412292570662e+18
f5aeacca-71ae-456a-9053-683be52add2b,1.7773412292904092e+18
f5aeacca-71ae-456a-9053-683be52add2b,1.7773412293237514e+18
f5aeacca-71ae-456a-9053-683be52add2b,1.7773412293570944e+18
f5aeacca-71ae-456a-9053-683be52add2b,1.7773412293904374e+18
f5aeacca-71ae-456a-9053-683be52add2b,1.7773412294237793e+18
f5aeacca-71ae-456a-9053-683be52add2b,1.7773412294571223e+18
f5aeacca-71ae-456a-9053-683be52add2b,1.7773412294904653e+18
f5aeacca-71ae-456a-9053-683be52add2b,1.7773412295238072e+18
f5aeacca-71ae-456a-9053-683be52add2b,1.7773412295571505e+18
f5aeacca-71ae-456a-9053-683be52add2b,1.7773412295904934e+18
f5aeacca-71ae-456a-9053-683be52add2b,1.7773412296238354e+18
f5aeacca-71ae-456a-9053-683be52add2b,1.7773412296571784e+18
f5aeacca-71ae-456a-9053-683be52add2b,1.7773412296905213e+18
f5aeacca-71ae-456a-9053-683be52add2b,1.7773412297238633e+18
f5aeacca-71ae-456a-9053-683be52add2b,1.7773412297572063e+18
f5aeacca-71ae-456a-9053-683be52add2b,1.7773412297905492e+18
f5aeacca-71ae-456a-9053-683be52add2b,1.7773412298238915e+18
f5aeacca-71ae-456a-9053-683be52add2b,1.7773412298572344e+18
f5aeacca-71ae-456a-9053-683be52add2b,1.7773412298905764e+18
f5aeacca-71ae-456a-9053-683be52add2b,1.7773412299239194e+18
f5aeacca-71ae-456a-9053-683be52add2b,1.7773412299572623e+18
f5aeacca-71ae-456a-9053-683be52add2b,1.7773412299906043e+18
f5aeacca-71ae-456a-9053-683be52add2b,1.7773412300239473e+18
f5aeacca-71ae-456a-9053-683be52add2b,1.7773412300572902e+18
f5aeacca-71ae-456a-9053-683be52add2b,1.7773412300906324e+18
f5aeacca-71ae-456a-9053-683be52add2b,1.7773412301239754e+18
f5aeacca-71ae-456a-9053-683be52add2b,1.7773412301573184e+18
f5aeacca-71ae-456a-9053-683be52add2b,1.7773412301906604e+18
f5aeacca-71ae-456a-9053-683be52add2b,1.7773412302240033e+18
f5aeacca-71ae-456a-9053-683be52add2b,1.7773412302573463e+18
f5aeacca-71ae-456a-9053-683be52add2b,1.7773412302906883e+18
f5aeacca-71ae-456a-9053-683be52add2b,1.7773412303240312e+18
f5aeacca-71ae-456a-9053-683be52add2b,1.7773412303573745e+18
f5aeacca-71ae-456a-9053-683be52add2b,1.7773412303907164e+18
f5aeacca-71ae-456a-9053-683be52add2b,1.7773412304240594e+18
f5aeacca-71ae-456a-9053-683be52add2b,1.7773412304574024e+18
f5aeacca-71ae-456a-9053-683be52add2b,1.7773412304907443e+18
f5aeacca-71ae-456a-9053-683be52add2b,1.7773412305240873e+18
f5aeacca-71ae-456a-9053-683be52add2b,1.7773412305574303e+18
f5aeacca-71ae-456a-9053-683be52add2b,1.7773412305907722e+18
f5aeacca-71ae-456a-9053-683be52add2b,1.7773412306241155e+18
f5aeacca-71ae-456a-9053-683be52add2b,1.7773412306574584e+18
f5aeacca-71ae-456a-9053-683be52add2b,1.7773412306908004e+18
f5aeacca-71ae-456a-9053-683be52add2b,1.7773412307241434e+18
f5aeacca-71ae-456a-9053-683be52add2b,1.7773412307574863e+18
f5aeacca-71ae-456a-9053-683be52add2b,1.7773412307908283e+18
f5aeacca-71ae-456a-9053-683be52add2b,1.7773412308241713e+18
f5aeacca-71ae-456a-9053-683be52add2b,1.7773412308575142e+18
f5aeacca-71ae-456a-9053-683be52add2b,1.7773412308908564e+18
f5aeacca-71ae-456a-9053-683be52add2b,1.7773412309241994e+18
f5aeacca-71ae-456a-9053-683be52add2b,1.7773412309575424e+18
f5aeacca-71ae-456a-9053-683be52add2b,1.7773412309908844e+18
f5aeacca-71ae-456a-9053-683be52add2b,1.7773412310242273e+18
f5aeacca-71ae-456a-9053-683be52add2b,1.7773412310575703e+18
f5aeacca-71ae-456a-9053-683be52add2b,1.7773412310909123e+18
f5aeacca-71ae-456a-9053-683be52add2b,1.7773412311242552e+18
f5aeacca-71ae-456a-9053-683be52add2b,1.7773412311575985e+18
f5aeacca-71ae-456a-9053-683be52add2b,1.7773412311909404e+18
f5aeacca-71ae-456a-9053-683be52add2b,1.7773412312242834e+18
f5aeacca-71ae-456a-9053-683be52add2b,1.7773412312576264e+18
f5aeacca-71ae-456a-9053-683be52add2b,1.7773412312909683e+18
f5aeacca-71ae-456a-9053-683be52add2b,1.7773412313243113e+18
f5aeacca-71ae-456a-9053-683be52add2b,1.7773412313576532e+18
f5aeacca-71ae-456a-9053-683be52add2b,1.7773412313909962e+18
f5aeacca-71ae-456a-9053-683be52add2b,1.7773412314243395e+18
f5aeacca-71ae-456a-9053-683be52add2b,1.7773412314576814e+18
f5aeacca-71ae-456a-9053-683be52add2b,1.7773412314910244e+18
f5aeacca-71ae-456a-9053-683be52add2b,1.7773412315243674e+18
f5aeacca-71ae-456a-9053-683be52add2b,1.7773412315577093e+18
f5aeacca-71ae-456a-9053-683be52add2b,1.7773412315910523e+18
f5aeacca-71ae-456a-9053-683be52add2b,1.7773412316243953e+18
f5aeacca-71ae-456a-9053-683be52add2b,1.7773412316577372e+18
f5aeacca-71ae-456a-9053-683be52add2b,1.7773412316910804e+18
f5aeacca-71ae-456a-9053-683be52add2b,1.7773412317244234e+18
f5aeacca-71ae-456a-9053-683be52add2b,1.7773412317577654e+18
f5aeacca-71ae-456a-9053-683be52add2b,1.7773412317911084e+18
f5aeacca-71ae-456a-9053-683be52add2b,1.7773412318244513e+18
f5aeacca-71ae-456a-9053-683be52add2b,1.7773412318577933e+18
f5aeacca-71ae-456a-9053-683be52add2b,1.7773412318911363e+18
f5aeacca-71ae-456a-9053-683be52add2b,1.7773412319244792e+18
f5aeacca-71ae-456a-9053-683be52add2b,1.7773412319578214e+18
f5aeacca-71ae-456a-9053-683be52add2b,1.7773412319911644e+18
f5aeacca-71ae-456a-9053-683be52add2b,1.7773412320245074e+18
f5aeacca-71ae-456a-9053-683be52add2b,1.7773412320578493e+18
f5aeacca-71ae-456a-9053-683be52add2b,1.7773412320911923e+18
f5aeacca-71ae-456a-9053-683be52add2b,1.7773412321245353e+18
f5aeacca-71ae-456a-9053-683be52add2b,1.7773412321578772e+18
f5aeacca-71ae-456a-9053-683be52add2b,1.7773412321912202e+18
f5aeacca-71ae-456a-9053-683be52add2b,1.7773412322245635e+18
f5aeacca-71ae-456a-9053-683be52add2b,1.7773412322579054e+18
f5aeacca-71ae-456a-9053-683be52add2b,1.7773412322912484e+18
f5aeacca-71ae-456a-9053-683be52add2b,1.7773412323245914e+18
f5aeacca-71ae-456a-9053-683be52add2b,1.7773412323579333e+18
f5aeacca-71ae-456a-9053-683be52add2b,1.7773412323912763e+18
f5aeacca-71ae-456a-9053-683be52add2b,1.7773412324246193e+18
f5aeacca-71ae-456a-9053-683be52add2b,1.7773412324579612e+18
f5aeacca-71ae-456a-9053-683be52add2b,1.7773412324913044e+18
f5aeacca-71ae-456a-9053-683be52add2b,1.7773412325246474e+18
f5aeacca-71ae-456a-9053-683be52add2b,1.7773412325579894e+18
f5aeacca-71ae-456a-9053-683be52add2b,1.7773412325913324e+18
f5aeacca-71ae-456a-9053-683be52add2b,1.7773412326246753e+18
f5aeacca-71ae-456a-9053-683be52add2b,1.7773412326580173e+18
f5aeacca-71ae-456a-9053-683be52add2b,1.7773412326913603e+18
f5aeacca-71ae-456a-9053-683be52add2b,1.7773412327247032e+18
f5aeacca-71ae-456a-9053-683be52add2b,1.7773412327580454e+18
f5aeacca-71ae-456a-9053-683be52add2b,1.7773412327913884e+18
f5aeacca-71ae-456a-9053-683be52add2b,1.7773412328247314e+18
f5aeacca-71ae-456a-9053-683be52add2b,1.7773412328580733e+18
f5aeacca-71ae-456a-9053-683be52add2b,1.7773412328914163e+18
f5aeacca-71ae-456a-9053-683be52add2b,1.7773412329247593e+18
f5aeacca-71ae-456a-9053-683be52add2b,1.7773412329581012e+18
f5aeacca-71ae-456a-9053-683be52add2b,1.7773412329914442e+18
f5aeacca-71ae-456a-9053-683be52add2b,1.7773412330247875e+18
f5aeacca-71ae-456a-9053-683be52add2b,1.7773412330581294e+18
f5aeacca-71ae-456a-9053-683be52add2b,1.7773412330914724e+18
f5aeacca-71ae-456a-9053-683be52add2b,1.7773412331248154e+18
f5aeacca-71ae-456a-9053-683be52add2b,1.7773412331581573e+18
f5aeacca-71ae-456a-9053-683be52add2b,1.7773412331915003e+18
f5aeacca-71ae-456a-9053-683be52add2b,1.7773412332248422e+18
f5aeacca-71ae-456a-9053-683be52add2b,1.7773412332581852e+18
f5aeacca-71ae-456a-9053-683be52add2b,1.7773412332915284e+18
f5aeacca-71ae-456a-9053-683be52add2b,1.7773412333248704e+18
f5aeacca-71ae-456a-9053-683be52add2b,1.7773412333582134e+18
f5aeacca-71ae-456a-9053-683be52add2b,1.7773412333915564e+18
f5aeacca-71ae-456a-9053-683be52add2b,1.7773412334248983e+18
f5aeacca-71ae-456a-9053-683be52add2b,1.7773412334582413e+18
f5aeacca-71ae-456a-9053-683be52add2b,1.7773412334915843e+18
f5aeacca-71ae-456a-9053-683be52add2b,1.7773412335249265e+18
f5aeacca-71ae-456a-9053-683be52add2b,1.7773412335582694e+18
f5aeacca-71ae-456a-9053-683be52add2b,1.7773412335916124e+18
f5aeacca-71ae-456a-9053-683be52add2b,1.7773412336249544e+18
f5aeacca-71ae-456a-9053-683be52add2b,1.7773412336582973e+18
f5aeacca-71ae-456a-9053-683be52add2b,1.7773412336916403e+18
f5aeacca-71ae-456a-9053-683be52add2b,1.7773412337249823e+18
f5aeacca-71ae-456a-9053-683be52add2b,1.7773412337583252e+18
f5aeacca-71ae-456a-9053-683be52add2b,1.7773412337916682e+18
f5aeacca-71ae-456a-9053-683be52add2b,1.7773412338250104e+18
f5aeacca-71ae-456a-9053-683be52add2b,1.7773412338583534e+18
f5aeacca-71ae-456a-9053-683be52add2b,1.7773412338916964e+18
f5aeacca-71ae-456a-9053-683be52add2b,1.7773412339250383e+18
f5aeacca-71ae-456a-9053-683be52add2b,1.7773412339583813e+18
f5aeacca-71ae-456a-9053-683be52add2b,1.7773412339917243e+18
f5aeacca-71ae-456a-9053-683be52add2b,1.7773412340250662e+18
f5aeacca-71ae-456a-9053-683be52add2b,1.7773412340584092e+18
f5aeacca-71ae-456a-9053-683be52add2b,1.7773412340917524e+18
f5aeacca-71ae-456a-9053-683be52add2b,1.7773412341250944e+18
f5aeacca-71ae-456a-9053-683be52add2b,1.7773412341584374e+18
f5aeacca-71ae-456a-9053-683be52add2b,1.7773412341917804e+18
f5aeacca-71ae-456a-9053-683be52add2b,1.7773412342251223e+18
f5aeacca-71ae-456a-9053-683be52add2b,1.7773412342584653e+18
f5aeacca-71ae-456a-9053-683be52add2b,1.7773412342918083e+18
f5aeacca-71ae-456a-9053-683be52add2b,1.7773412343251505e+18
f5aeacca-71ae-456a-9053-683be52add2b,1.7773412343584934e+18
f5aeacca-71ae-456a-9053-683be52add2b,1.7773412343918364e+18
f5aeacca-71ae-456a-9053-683be52add2b,1.7773412344251784e+18
f5aeacca-71ae-456a-9053-683be52add2b,1.7773412344585213e+18
f5aeacca-71ae-456a-9053-683be52add2b,1.7773412344918643e+18
f5aeacca-71ae-456a-9053-683be52add2b,1.7773412345252063e+18
f5aeacca-71ae-456a-9053-683be52add2b,1.7773412345585492e+18
f5aeacca-71ae-456a-9053-683be52add2b,1.7773412345918922e+18
f5aeacca-71ae-456a-9053-683be52add2b,1.7773412346252344e+18
f5aeacca-71ae-456a-9053-683be52add2b,1.7773412346585774e+18
f5aeacca-71ae-456a-9053-683be52add2b,1.7773412346919194e+18
f5aeacca-71ae-456a-9053-683be52add2b,1.7773412347252623e+18
f5aeacca-71ae-456a-9053-683be52add2b,1.7773412347586053e+18
f5aeacca-71ae-456a-9053-683be52add2b,1.7773412347919473e+18
f5aeacca-71ae-456a-9053-683be52add2b,1.7773412348252902e+18
f5aeacca-71ae-456a-9053-683be52add2b,1.7773412348586332e+18
f5aeacca-71ae-456a-9053-683be52add2b,1.7773412348919754e+18
f5aeacca-71ae-456a-9053-683be52add2b,1.7773412349253184e+18
f5aeacca-71ae-456a-9053-683be52add2b,1.7773412349586614e+18
f5aeacca-71ae-456a-9053-683be52add2b,1.7773412349920033e+18
f5aeacca-71ae-456a-9053-683be52add2b,1.7773412350253463e+18
f5aeacca-71ae-456a-9053-683be52add2b,1.7773412350586893e+18
f5aeacca-71ae-456a-9053-683be52add2b,1.7773412350920312e+18
f5aeacca-71ae-456a-9053-683be52add2b,1.7773412351253745e+18
f5aeacca-71ae-456a-9053-683be52add2b,1.7773412351587174e+18
f5aeacca-71ae-456a-9053-683be52add2b,1.7773412351920594e+18
f5aeacca-71ae-456a-9053-683be52add2b,1.7773412352254024e+18
f5aeacca-71ae-456a-9053-683be52add2b,1.7773412352587453e+18
f5aeacca-71ae-456a-9053-683be52add2b,1.7773412352920873e+18
f5aeacca-71ae-456a-9053-683be52add2b,1.7773412353254303e+18
f5aeacca-71ae-456a-9053-683be52add2b,1.7773412353587732e+18
f5aeacca-71ae-456a-9053-683be52add2b,1.7773412353921155e+18
f5aeacca-71ae-456a-9053-683be52add2b,1.7773412354254584e+18
f5aeacca-71ae-456a-9053-683be52add2b,1.7773412354588014e+18
f5aeacca-71ae-456a-9053-683be52add2b,1.7773412354921434e+18
f5aeacca-71ae-456a-9053-683be52add2b,1.7773412355254863e+18
f5aeacca-71ae-456a-9053-683be52add2b,1.7773412355588293e+18
f5aeacca-71ae-456a-9053-683be52add2b,1.7773412355921713e+18
f5aeacca-71ae-456a-9053-683be52add2b,1.7773412356255142e+18
f5aeacca-71ae-456a-9053-683be52add2b,1.7773412356588572e+18
f5aeacca-71ae-456a-9053-683be52add2b,1.7773412356921994e+18
f5aeacca-71ae-456a-9053-683be52add2b,1.7773412357255424e+18
f5aeacca-71ae-456a-9053-683be52add2b,1.7773412357588854e+18
f5aeacca-71ae-456a-9053-683be52add2b,1.7773412357922273e+18
f5aeacca-71ae-456a-9053-683be52add2b,1.7773412358255703e+18
f5aeacca-71ae-456a-9053-683be52add2b,1.7773412358589133e+18
f5aeacca-71ae-456a-9053-683be52add2b,1.7773412358922552e+18
f5aeacca-71ae-456a-9053-683be52add2b,1.7773412359255985e+18
f5aeacca-71ae-456a-9053-683be52add2b,1.7773412359589414e+18
f5aeacca-71ae-456a-9053-683be52add2b,1.7773412359922834e+18
f5aeacca-71ae-456a-9053-683be52add2b,1.7773412360256264e+18
f5aeacca-71ae-456a-9053-683be52add2b,1.7773412360589693e+18
f5aeacca-71ae-456a-9053-683be52add2b,1.7773412360923113e+18
f5aeacca-71ae-456a-9053-683be52add2b,1.7773412361256543e+18
f5aeacca-71ae-456a-9053-683be52add2b,1.7773412361589972e+18
f5aeacca-71ae-456a-9053-683be52add2b,1.7773412361923395e+18
f5aeacca-71ae-456a-9053-683be52add2b,1.7773412362256824e+18
f5aeacca-71ae-456a-9053-683be52add2b,1.7773412362590254e+18
f5aeacca-71ae-456a-9053-683be52add2b,1.7773412362923674e+18
f5aeacca-71ae-456a-9053-683be52add2b,1.7773412363257103e+18
f5aeacca-71ae-456a-9053-683be52add2b,1.7773412363590533e+18
f5aeacca-71ae-456a-9053-683be52add2b,1.7773412363923953e+18
f5aeacca-71ae-456a-9053-683be52add2b,1.7773412364257382e+18
f5aeacca-71ae-456a-9053-683be52add2b,1.7773412364590812e+18
f5aeacca-71ae-456a-9053-683be52add2b,1.7773412364924234e+18
f5aeacca-71ae-456a-9053-683be52add2b,1.7773412365257664e+18
f5aeacca-71ae-456a-9053-683be52add2b,1.7773412365591084e+18
f5aeacca-71ae-456a-9053-683be52add2b,1.7773412365924513e+18
f5aeacca-71ae-456a-9053-683be52add2b,1.7773412366257943e+18
f5aeacca-71ae-456a-9053-683be52add2b,1.7773412366591363e+18
f5aeacca-71ae-456a-9053-683be52add2b,1.7773412366924792e+18
f5aeacca-71ae-456a-9053-683be52add2b,1.7773412367258225e+18
f5aeacca-71ae-456a-9053-683be52add2b,1.7773412367591644e+18
f5aeacca-71ae-456a-9053-683be52add2b,1.7773412367925074e+18
f5aeacca-71ae-456a-9053-683be52add2b,1.7773412368258504e+18
f5aeacca-71ae-456a-9053-683be52add2b,1.7773412368591923e+18
f5aeacca-71ae-456a-9053-683be52add2b,1.7773412368925353e+18
f5aeacca-71ae-456a-9053-683be52add2b,1.7773412369258783e+18
f5aeacca-71ae-456a-9053-683be52add2b,1.7773412369592202e+18
f5aeacca-71ae-456a-9053-683be52add2b,1.7773412369925635e+18
f5aeacca-71ae-456a-9053-683be52add2b,1.7773412370259064e+18
f5aeacca-71ae-456a-9053-683be52add2b,1.7773412370592484e+18
f5aeacca-71ae-456a-9053-683be52add2b,1.7773412370925914e+18
f5aeacca-71ae-456a-9053-683be52add2b,1.7773412371259343e+18
f5aeacca-71ae-456a-9053-683be52add2b,1.7773412371592763e+18
f5aeacca-71ae-456a-9053-683be52add2b,1.7773412371926193e+18
f5aeacca-71ae-456a-9053-683be52add2b,1.7773412372259622e+18
f5aeacca-71ae-456a-9053-683be52add2b,1.7773412372593044e+18
f5aeacca-71ae-456a-9053-683be52add2b,1.7773412372926474e+18
f5aeacca-71ae-456a-9053-683be52add2b,1.7773412373259904e+18
f5aeacca-71ae-456a-9053-683be52add2b,1.7773412373593324e+18
f5aeacca-71ae-456a-9053-683be52add2b,1.7773412373926753e+18
f5aeacca-71ae-456a-9053-683be52add2b,1.7773412374260183e+18
f5aeacca-71ae-456a-9053-683be52add2b,1.7773412374593603e+18
f5aeacca-71ae-456a-9053-683be52add2b,1.7773412374927032e+18
f5aeacca-71ae-456a-9053-683be52add2b,1.7773412375260465e+18
f5aeacca-71ae-456a-9053-683be52add2b,1.7773412375593884e+18
f5aeacca-71ae-456a-9053-683be52add2b,1.7773412375927314e+18
f5aeacca-71ae-456a-9053-683be52add2b,1.7773412376260744e+18
f5aeacca-71ae-456a-9053-683be52add2b,1.7773412376594163e+18
f5aeacca-71ae-456a-9053-683be52add2b,1.7773412376927593e+18
f5aeacca-71ae-456a-9053-683be52add2b,1.7773412377261023e+18
f5aeacca-71ae-456a-9053-683be52add2b,1.7773412377594442e+18
f5aeacca-71ae-456a-9053-683be52add2b,1.7773412377927875e+18
f5aeacca-71ae-456a-9053-683be52add2b,1.7773412378261304e+18
f5aeacca-71ae-456a-9053-683be52add2b,1.7773412378594724e+18
f5aeacca-71ae-456a-9053-683be52add2b,1.7773412378928154e+18
f5aeacca-71ae-456a-9053-683be52add2b,1.7773412379261583e+18
f5aeacca-71ae-456a-9053-683be52add2b,1.7773412379595003e+18
f5aeacca-71ae-456a-9053-683be52add2b,1.7773412379928433e+18
f5aeacca-71ae-456a-9053-683be52add2b,1.7773412380261852e+18
f5aeacca-71ae-456a-9053-683be52add2b,1.7773412380595284e+18
f5aeacca-71ae-456a-9053-683be52add2b,1.7773412380928714e+18
f5aeacca-71ae-456a-9053-683be52add2b,1.7773412381262134e+18
f5aeacca-71ae-456a-9053-683be52add2b,1.7773412381595564e+18
f5aeacca-71ae-456a-9053-683be52add2b,1.7773412381928993e+18
f5aeacca-71ae-456a-9053-683be52add2b,1.7773412382262413e+18
f5aeacca-71ae-456a-9053-683be52add2b,1.7773412382595843e+18
f5aeacca-71ae-456a-9053-683be52add2b,1.7773412382929272e+18
f5aeacca-71ae-456a-9053-683be52add2b,1.7773412383262694e+18
f5aeacca-71ae-456a-9053-683be52add2b,1.7773412383596124e+18
f5aeacca-71ae-456a-9053-683be52add2b,1.7773412383929554e+18
f5aeacca-71ae-456a-9053-683be52add2b,1.7773412384262973e+18
f5aeacca-71ae-456a-9053-683be52add2b,1.7773412384596403e+18
f5aeacca-71ae-456a-9053-683be52add2b,1.7773412384929833e+18
f5aeacca-71ae-456a-9053-683be52add2b,1.7773412385263252e+18
f5aeacca-71ae-456a-9053-683be52add2b,1.7773412385596682e+18
f5aeacca-71ae-456a-9053-683be52add2b,1.7773412385930115e+18
f5aeacca-71ae-456a-9053-683be52add2b,1.7773412386263534e+18
f5aeacca-71ae-456a-9053-683be52add2b,1.7773412386596964e+18
f5aeacca-71ae-456a-9053-683be52add2b,1.7773412386930394e+18
f5aeacca-71ae-456a-9053-683be52add2b,1.7773412387263813e+18
f5aeacca-71ae-456a-9053-683be52add2b,1.7773412387597243e+18
f5aeacca-71ae-456a-9053-683be52add2b,1.7773412387930673e+18
f5aeacca-71ae-456a-9053-683be52add2b,1.7773412388264092e+18
f5aeacca-71ae-456a-9053-683be52add2b,1.7773412388597524e+18
f5aeacca-71ae-456a-9053-683be52add2b,1.7773412388930954e+18
f5aeacca-71ae-456a-9053-683be52add2b,1.7773412389264374e+18
f5aeacca-71ae-456a-9053-683be52add2b,1.7773412389597804e+18
f5aeacca-71ae-456a-9053-683be52add2b,1.7773412389931233e+18
f5aeacca-71ae-456a-9053-683be52add2b,1.7773412390264653e+18
f5aeacca-71ae-456a-9053-683be52add2b,1.7773412390598083e+18
f5aeacca-71ae-456a-9053-683be52add2b,1.7773412390931512e+18
f5aeacca-71ae-456a-9053-683be52add2b,1.7773412391264934e+18
f5aeacca-71ae-456a-9053-683be52add2b,1.7773412391598364e+18
f5aeacca-71ae-456a-9053-683be52add2b,1.7773412391931794e+18
f5aeacca-71ae-456a-9053-683be52add2b,1.7773412392265213e+18
f5aeacca-71ae-456a-9053-683be52add2b,1.7773412392598643e+18
f5aeacca-71ae-456a-9053-683be52add2b,1.7773412392932073e+18
f5aeacca-71ae-456a-9053-683be52add2b,1.7773412393265492e+18
f5aeacca-71ae-456a-9053-683be52add2b,1.7773412393598922e+18
f5aeacca-71ae-456a-9053-683be52add2b,1.7773412393932355e+18
f5aeacca-71ae-456a-9053-683be52add2b,1.7773412394265774e+18
f5aeacca-71ae-456a-9053-683be52add2b,1.7773412394599204e+18
f5aeacca-71ae-456a-9053-683be52add2b,1.7773412394932634e+18
f5aeacca-71ae-456a-9053-683be52add2b,1.7773412395266053e+18
f5aeacca-71ae-456a-9053-683be52add2b,1.7773412395599483e+18
f5aeacca-71ae-456a-9053-683be52add2b,1.7773412395932913e+18
f5aeacca-71ae-456a-9053-683be52add2b,1.7773412396266332e+18
f5aeacca-71ae-456a-9053-683be52add2b,1.7773412396599764e+18
f5aeacca-71ae-456a-9053-683be52add2b,1.7773412396933194e+18
f5aeacca-71ae-456a-9053-683be52add2b,1.7773412397266614e+18
f5aeacca-71ae-456a-9053-683be52add2b,1.7773412397600044e+18
f5aeacca-71ae-456a-9053-683be52add2b,1.7773412397933463e+18
f5aeacca-71ae-456a-9053-683be52add2b,1.7773412398266893e+18
f5aeacca-71ae-456a-9053-683be52add2b,1.7773412398600323e+18
f5aeacca-71ae-456a-9053-683be52add2b,1.7773412398933745e+18
f5aeacca-71ae-456a-9053-683be52add2b,1.7773412399267174e+18
f5aeacca-71ae-456a-9053-683be52add2b,1.7773412399600604e+18
f5aeacca-71ae-456a-9053-683be52add2b,1.7773412399934024e+18
f5aeacca-71ae-456a-9053-683be52add2b,1.7773412400267453e+18
f5aeacca-71ae-456a-9053-683be52add2b,1.7773412400600883e+18
f5aeacca-71ae-456a-9053-683be52add2b,1.7773412400934303e+18
f5aeacca-71ae-456a-9053-683be52add2b,1.7773412401267732e+18
f5aeacca-71ae-456a-9053-683be52add2b,1.7773412401601162e+18
f5aeacca-71ae-456a-9053-683be52add2b,1.7773412401934584e+18
f5aeacca-71ae-456a-9053-683be52add2b,1.7773412402268014e+18
f5aeacca-71ae-456a-9053-683be52add2b,1.7773412402601444e+18
f5aeacca-71ae-456a-9053-683be52add2b,1.7773412402934863e+18
f5aeacca-71ae-456a-9053-683be52add2b,1.7773412403268293e+18
f5aeacca-71ae-456a-9053-683be52add2b,1.7773412403601723e+18
f5aeacca-71ae-456a-9053-683be52add2b,1.7773412403935142e+18
f5aeacca-71ae-456a-9053-683be52add2b,1.7773412404268572e+18
f5aeacca-71ae-456a-9053-683be52add2b,1.7773412404602004e+18
f5aeacca-71ae-456a-9053-683be52add2b,1.7773412404935424e+18
f5aeacca-71ae-456a-9053-683be52add2b,1.7773412405268854e+18
f5aeacca-71ae-456a-9053-683be52add2b,1.7773412405602284e+18
f5aeacca-71ae-456a-9053-683be52add2b,1.7773412405935703e+18
f5aeacca-71ae-456a-9053-683be52add2b,1.7773412406269133e+18
f5aeacca-71ae-456a-9053-683be52add2b,1.7773412406602563e+18
f5aeacca-71ae-456a-9053-683be52add2b,1.7773412406935985e+18
f5aeacca-71ae-456a-9053-683be52add2b,1.7773412407269414e+18
f5aeacca-71ae-456a-9053-683be52add2b,1.7773412407602844e+18
f5aeacca-71ae-456a-9053-683be52add2b,1.7773412407936264e+18
f5aeacca-71ae-456a-9053-683be52add2b,1.7773412408269693e+18
f5aeacca-71ae-456a-9053-683be52add2b,1.7773412408603123e+18
f5aeacca-71ae-456a-9053-683be52add2b,1.7773412408936543e+18
f5aeacca-71ae-456a-9053-683be52add2b,1.7773412409269972e+18
f5aeacca-71ae-456a-9053-683be52add2b,1.7773412409603402e+18
f5aeacca-71ae-456a-9053-683be52add2b,1.7773412409936824e+18
f5aeacca-71ae-456a-9053-683be52add2b,1.7773412410270254e+18
f5aeacca-71ae-456a-9053-683be52add2b,1.7773412410603684e+18
f5aeacca-71ae-456a-9053-683be52add2b,1.7773412410937103e+18
f5aeacca-71ae-456a-9053-683be52add2b,1.7773412411270533e+18
f5aeacca-71ae-456a-9053-683be52add2b,1.7773412411603963e+18
f5aeacca-71ae-456a-9053-683be52add2b,1.7773412411937382e+18
f5aeacca-71ae-456a-9053-683be52add2b,1.7773412412270812e+18
f5aeacca-71ae-456a-9053-683be52add2b,1.7773412412604244e+18
f5aeacca-71ae-456a-9053-683be52add2b,1.7773412412937664e+18
f5aeacca-71ae-456a-9053-683be52add2b,1.7773412413271094e+18
f5aeacca-71ae-456a-9053-683be52add2b,1.7773412413604513e+18
f5aeacca-71ae-456a-9053-683be52add2b,1.7773412413937943e+18
f5aeacca-71ae-456a-9053-683be52add2b,1.7773412414271373e+18
f5aeacca-71ae-456a-9053-683be52add2b,1.7773412414604792e+18
f5aeacca-71ae-456a-9053-683be52add2b,1.7773412414938225e+18
f5aeacca-71ae-456a-9053-683be52add2b,1.7773412415271654e+18
f5aeacca-71ae-456a-9053-683be52add2b,1.7773412415605074e+18
f5aeacca-71ae-456a-9053-683be52add2b,1.7773412415938504e+18
f5aeacca-71ae-456a-9053-683be52add2b,1.7773412416271933e+18
f5aeacca-71ae-456a-9053-683be52add2b,1.7773412416605353e+18
f5aeacca-71ae-456a-9053-683be52add2b,1.7773412416938783e+18
f5aeacca-71ae-456a-9053-683be52add2b,1.7773412417272212e+18
f5aeacca-71ae-456a-9053-683be52add2b,1.7773412417605635e+18
f5aeacca-71ae-456a-9053-683be52add2b,1.7773412417939064e+18
f5aeacca-71ae-456a-9053-683be52add2b,1.7773412418272494e+18
f5aeacca-71ae-456a-9053-683be52add2b,1.7773412418605914e+18
f5aeacca-71ae-456a-9053-683be52add2b,1.7773412418939343e+18
f5aeacca-71ae-456a-9053-683be52add2b,1.7773412419272773e+18
f5aeacca-71ae-456a-9053-683be52add2b,1.7773412419606193e+18
f5aeacca-71ae-456a-9053-683be52add2b,1.7773412419939622e+18
f5aeacca-71ae-456a-9053-683be52add2b,1.7773412420273052e+18
f5aeacca-71ae-456a-9053-683be52add2b,1.7773412420606474e+18
f5aeacca-71ae-456a-9053-683be52add2b,1.7773412420939904e+18
f5aeacca-71ae-456a-9053-683be52add2b,1.7773412421273334e+18
f5aeacca-71ae-456a-9053-683be52add2b,1.7773412421606753e+18
f5aeacca-71ae-456a-9053-683be52add2b,1.7773412421940183e+18
f5aeacca-71ae-456a-9053-683be52add2b,1.7773412422273613e+18
f5aeacca-71ae-456a-9053-683be52add2b,1.7773412422607032e+18
f5aeacca-71ae-456a-9053-683be52add2b,1.7773412422940465e+18
f5aeacca-71ae-456a-9053-683be52add2b,1.7773412423273894e+18
f5aeacca-71ae-456a-9053-683be52add2b,1.7773412423607314e+18
f5aeacca-71ae-456a-9053-683be52add2b,1.7773412423940744e+18
f5aeacca-71ae-456a-9053-683be52add2b,1.7773412424274173e+18
f5aeacca-71ae-456a-9053-683be52add2b,1.7773412424607593e+18
f5aeacca-71ae-456a-9053-683be52add2b,1.7773412424941023e+18
f5aeacca-71ae-456a-9053-683be52add2b,1.7773412425274452e+18
f5aeacca-71ae-456a-9053-683be52add2b,1.7773412425607875e+18
f5aeacca-71ae-456a-9053-683be52add2b,1.7773412425941304e+18
f5aeacca-71ae-456a-9053-683be52add2b,1.7773412426274734e+18
f5aeacca-71ae-456a-9053-683be52add2b,1.7773412426608154e+18
f5aeacca-71ae-456a-9053-683be52add2b,1.7773412426941583e+18
f5aeacca-71ae-456a-9053-683be52add2b,1.7773412427275013e+18
f5aeacca-71ae-456a-9053-683be52add2b,1.7773412427608433e+18
f5aeacca-71ae-456a-9053-683be52add2b,1.7773412427941862e+18
f5aeacca-71ae-456a-9053-683be52add2b,1.7773412428275284e+18
f5aeacca-71ae-456a-9053-683be52add2b,1.7773412428608714e+18
f5aeacca-71ae-456a-9053-683be52add2b,1.7773412428942144e+18
f5aeacca-71ae-456a-9053-683be52add2b,1.7773412429275564e+18
f5aeacca-71ae-456a-9053-683be52add2b,1.7773412429608993e+18
f5aeacca-71ae-456a-9053-683be52add2b,1.7773412429942423e+18
f5aeacca-71ae-456a-9053-683be52add2b,1.7773412430275843e+18
f5aeacca-71ae-456a-9053-683be52add2b,1.7773412430609272e+18
f5aeacca-71ae-456a-9053-683be52add2b,1.7773412430942705e+18
f5aeacca-71ae-456a-9053-683be52add2b,1.7773412431276124e+18
f5aeacca-71ae-456a-9053-683be52add2b,1.7773412431609554e+18
f5aeacca-71ae-456a-9053-683be52add2b,1.7773412431942984e+18
f5aeacca-71ae-456a-9053-683be52add2b,1.7773412432276403e+18
f5aeacca-71ae-456a-9053-683be52add2b,1.7773412432609833e+18
f5aeacca-71ae-456a-9053-683be52add2b,1.7773412432943263e+18
f5aeacca-71ae-456a-9053-683be52add2b,1.7773412433276682e+18
f5aeacca-71ae-456a-9053-683be52add2b,1.7773412433610115e+18
f5aeacca-71ae-456a-9053-683be52add2b,1.7773412433943544e+18
f5aeacca-71ae-456a-9053-683be52add2b,1.7773412434276964e+18
f5aeacca-71ae-456a-9053-683be52add2b,1.7773412434610394e+18
f5aeacca-71ae-456a-9053-683be52add2b,1.7773412434943823e+18
f5aeacca-71ae-456a-9053-683be52add2b,1.7773412435277243e+18
f5aeacca-71ae-456a-9053-683be52add2b,1.7773412435610673e+18
f5aeacca-71ae-456a-9053-683be52add2b,1.7773412435944102e+18
f5aeacca-71ae-456a-9053-683be52add2b,1.7773412436277524e+18
f5aeacca-71ae-456a-9053-683be52add2b,1.7773412436610954e+18
f5aeacca-71ae-456a-9053-683be52add2b,1.7773412436944384e+18
f5aeacca-71ae-456a-9053-683be52add2b,1.7773412437277804e+18
f5aeacca-71ae-456a-9053-683be52add2b,1.7773412437611233e+18
f5aeacca-71ae-456a-9053-683be52add2b,1.7773412437944663e+18
f5aeacca-71ae-456a-9053-683be52add2b,1.7773412438278083e+18
f5aeacca-71ae-456a-9053-683be52add2b,1.7773412438611512e+18
f5aeacca-71ae-456a-9053-683be52add2b,1.7773412438944945e+18
f5aeacca-71ae-456a-9053-683be52add2b,1.7773412439278364e+18
f5aeacca-71ae-456a-9053-683be52add2b,1.7773412439611794e+18
f5aeacca-71ae-456a-9053-683be52add2b,1.7773412439945224e+18
f5aeacca-71ae-456a-9053-683be52add2b,1.7773412440278643e+18
f5aeacca-71ae-456a-9053-683be52add2b,1.7773412440612073e+18
f5aeacca-71ae-456a-9053-683be52add2b,1.7773412440945503e+18
f5aeacca-71ae-456a-9053-683be52add2b,1.7773412441278922e+18
f5aeacca-71ae-456a-9053-683be52add2b,1.7773412441612355e+18
f5aeacca-71ae-456a-9053-683be52add2b,1.7773412441945784e+18
f5aeacca-71ae-456a-9053-683be52add2b,1.7773412442279204e+18
f5aeacca-71ae-456a-9053-683be52add2b,1.7773412442612634e+18
f5aeacca-71ae-456a-9053-683be52add2b,1.7773412442946063e+18
f5aeacca-71ae-456a-9053-683be52add2b,1.7773412443279483e+18
f5aeacca-71ae-456a-9053-683be52add2b,1.7773412443612913e+18
f5aeacca-71ae-456a-9053-683be52add2b,1.7773412443946342e+18
f5aeacca-71ae-456a-9053-683be52add2b,1.7773412444279764e+18
f5aeacca-71ae-456a-9053-683be52add2b,1.7773412444613194e+18
f5aeacca-71ae-456a-9053-683be52add2b,1.7773412444946624e+18
f5aeacca-71ae-456a-9053-683be52add2b,1.7773412445280044e+18
f5aeacca-71ae-456a-9053-683be52add2b,1.7773412445613473e+18
f5aeacca-71ae-456a-9053-683be52add2b,1.7773412445946903e+18
f5aeacca-71ae-456a-9053-683be52add2b,1.7773412446280323e+18
f5aeacca-71ae-456a-9053-683be52add2b,1.7773412446613752e+18
f5aeacca-71ae-456a-9053-683be52add2b,1.7773412446947174e+18
f5aeacca-71ae-456a-9053-683be52add2b,1.7773412447280604e+18
f5aeacca-71ae-456a-9053-683be52add2b,1.7773412447614034e+18
f5aeacca-71ae-456a-9053-683be52add2b,1.7773412447947453e+18
f5aeacca-71ae-456a-9053-683be52add2b,1.7773412448280883e+18
f5aeacca-71ae-456a-9053-683be52add2b,1.7773412448614313e+18
f5aeacca-71ae-456a-9053-683be52add2b,1.7773412448947732e+18
f5aeacca-71ae-456a-9053-683be52add2b,1.7773412449281162e+18
f5aeacca-71ae-456a-9053-683be52add2b,1.7773412449614595e+18
f5aeacca-71ae-456a-9053-683be52add2b,1.7773412449948014e+18
f5aeacca-71ae-456a-9053-683be52add2b,1.7773412450281444e+18
f5aeacca-71ae-456a-9053-683be52add2b,1.7773412450614874e+18
f5aeacca-71ae-456a-9053-683be52add2b,1.7773412450948293e+18
f5aeacca-71ae-456a-9053-683be52add2b,1.7773412451281723e+18
f5aeacca-71ae-456a-9053-683be52add2b,1.7773412451615153e+18
f5aeacca-71ae-456a-9053-683be52add2b,1.7773412451948572e+18
f5aeacca-71ae-456a-9053-683be52add2b,1.7773412452282004e+18
f5aeacca-71ae-456a-9053-683be52add2b,1.7773412452615434e+18
f5aeacca-71ae-456a-9053-683be52add2b,1.7773412452948854e+18
f5aeacca-71ae-456a-9053-683be52add2b,1.7773412453282284e+18
f5aeacca-71ae-456a-9053-683be52add2b,1.7773412453615713e+18
f5aeacca-71ae-456a-9053-683be52add2b,1.7773412453949133e+18
f5aeacca-71ae-456a-9053-683be52add2b,1.7773412454282563e+18
f5aeacca-71ae-456a-9053-683be52add2b,1.7773412454615992e+18
f5aeacca-71ae-456a-9053-683be52add2b,1.7773412454949414e+18
f5aeacca-71ae-456a-9053-683be52add2b,1.7773412455282844e+18
f5aeacca-71ae-456a-9053-683be52add2b,1.7773412455616274e+18
f5aeacca-71ae-456a-9053-683be52add2b,1.7773412455949693e+18
f5aeacca-71ae-456a-9053-683be52add2b,1.7773412456283123e+18
f5aeacca-71ae-456a-9053-683be52add2b,1.7773412456616553e+18
f5aeacca-71ae-456a-9053-683be52add2b,1.7773412456949972e+18
f5aeacca-71ae-456a-9053-683be52add2b,1.7773412457283402e+18
f5aeacca-71ae-456a-9053-683be52add2b,1.7773412457616835e+18
f5aeacca-71ae-456a-9053-683be52add2b,1.7773412457950254e+18
f5aeacca-71ae-456a-9053-683be52add2b,1.7773412458283684e+18
f5aeacca-71ae-456a-9053-683be52add2b,1.7773412458617114e+18
f5aeacca-71ae-456a-9053-683be52add2b,1.7773412458950533e+18
f5aeacca-71ae-456a-9053-683be52add2b,1.7773412459283963e+18
f5aeacca-71ae-456a-9053-683be52add2b,1.7773412459617382e+18
f5aeacca-71ae-456a-9053-683be52add2b,1.7773412459950812e+18
f5aeacca-71ae-456a-9053-683be52add2b,1.7773412460284244e+18
f5aeacca-71ae-456a-9053-683be52add2b,1.7773412460617674e+18
f5aeacca-71ae-456a-9053-683be52add2b,1.7773412460951094e+18
f5aeacca-71ae-456a-9053-683be52add2b,1.7773412461284524e+18
f5aeacca-71ae-456a-9053-683be52add2b,1.7773412461617943e+18
f5aeacca-71ae-456a-9053-683be52add2b,1.7773412461951373e+18
f5aeacca-71ae-456a-9053-683be52add2b,1.7773412462284803e+18
f5aeacca-71ae-456a-9053-683be52add2b,1.7773412462618225e+18
f5aeacca-71ae-456a-9053-683be52add2b,1.7773412462951654e+18
f5aeacca-71ae-456a-9053-683be52add2b,1.7773412463285084e+18
f5aeacca-71ae-456a-9053-683be52add2b,1.7773412463618504e+18
f5aeacca-71ae-456a-9053-683be52add2b,1.7773412463951933e+18
f5aeacca-71ae-456a-9053-683be52add2b,1.7773412464285363e+18
f5aeacca-71ae-456a-9053-683be52add2b,1.7773412464618783e+18
f5aeacca-71ae-456a-9053-683be52add2b,1.7773412464952212e+18
f5aeacca-71ae-456a-9053-683be52add2b,1.7773412465285642e+18
f5aeacca-71ae-456a-9053-683be52add2b,1.7773412465619064e+18
f5aeacca-71ae-456a-9053-683be52add2b,1.7773412465952494e+18
f5aeacca-71ae-456a-9053-683be52add2b,1.7773412466285924e+18
f5aeacca-71ae-456a-9053-683be52add2b,1.7773412466619343e+18
f5aeacca-71ae-456a-9053-683be52add2b,1.7773412466952773e+18
f5aeacca-71ae-456a-9053-683be52add2b,1.7773412467286203e+18
