recording id,timestamp [ns]
08d815c7-b66b-4e0f-86eb-cdf22f889a32,1.7773445256286612e+18
08d815c7-b66b-4e0f-86eb-cdf22f889a32,1.7773445256619945e+18
08d815c7-b66b-4e0f-86eb-cdf22f889a32,1.7773445256953277e+18
08d815c7-b66b-4e0f-86eb-cdf22f889a32,1.777344525728661e+18
08d815c7-b66b-4e0f-86eb-cdf22f889a32,1.7773445257619942e+18
08d815c7-b66b-4e0f-86eb-cdf22f889a32,1.7773445257953275e+18
08d815c7-b66b-4e0f-86eb-cdf22f889a32,1.7773445258286607e+18
08d815c7-b66b-4e0f-86eb-cdf22f889a32,1.777344525861994e+18
08d815c7-b66b-4e0f-86eb-cdf22f889a32,1.7773445258953272e+18
08d815c7-b66b-4e0f-86eb-cdf22f889a32,1.7773445259286605e+18
08d815c7-b66b-4e0f-86eb-cdf22f889a32,1.7773445259619937e+18
08d815c7-b66b-4e0f-86eb-cdf22f889a32,1.777344525995327e+18
08d815c7-b66b-4e0f-86eb-cdf22f889a32,1.7773445260286602e+18
08d815c7-b66b-4e0f-86eb-cdf22f889a32,1.7773445260619935e+18
08d815c7-b66b-4e0f-86eb-cdf22f889a32,1.7773445260953267e+18
08d815c7-b66b-4e0f-86eb-cdf22f889a32,1.7773445261160428e+18
08d815c7-b66b-4e0f-86eb-cdf22f889a32,1.7773445261294147e+18
08d815c7-b66b-4e0f-86eb-cdf22f889a32,1.7773445261627566e+18
08d815c7-b66b-4e0f-86eb-cdf22f889a32,1.7773445261960986e+18
08d815c7-b66b-4e0f-86eb-cdf22f889a32,1.7773445262294418e+18
08d815c7-b66b-4e0f-86eb-cdf22f889a32,1.7773445262627837e+18
08d815c7-b66b-4e0f-86eb-cdf22f889a32,1.7773445262961267e+18
08d815c7-b66b-4e0f-86eb-cdf22f889a32,1.7773445263294687e+18
08d815c7-b66b-4e0f-86eb-cdf22f889a32,1.7773445263628116e+18
08d815c7-b66b-4e0f-86eb-cdf22f889a32,1.7773445263961536e+18
08d815c7-b66b-4e0f-86eb-cdf22f889a32,1.7773445264294966e+18
08d815c7-b66b-4e0f-86eb-cdf22f889a32,1.7773445264628388e+18
08d815c7-b66b-4e0f-86eb-cdf22f889a32,1.7773445264961818e+18
08d815c7-b66b-4e0f-86eb-cdf22f889a32,1.7773445265295237e+18
08d815c7-b66b-4e0f-86eb-cdf22f889a32,1.7773445265628657e+18
08d815c7-b66b-4e0f-86eb-cdf22f889a32,1.7773445265962086e+18
08d815c7-b66b-4e0f-86eb-cdf22f889a32,1.7773445266295506e+18
08d815c7-b66b-4e0f-86eb-cdf22f889a32,1.7773445266628936e+18
08d815c7-b66b-4e0f-86eb-cdf22f889a32,1.7773445266962358e+18
08d815c7-b66b-4e0f-86eb-cdf22f889a32,1.7773445267295788e+18
08d815c7-b66b-4e0f-86eb-cdf22f889a32,1.7773445267629207e+18
08d815c7-b66b-4e0f-86eb-cdf22f889a32,1.7773445267962637e+18
08d815c7-b66b-4e0f-86eb-cdf22f889a32,1.7773445268296056e+18
08d815c7-b66b-4e0f-86eb-cdf22f889a32,1.7773445268629476e+18
08d815c7-b66b-4e0f-86eb-cdf22f889a32,1.7773445268962906e+18
08d815c7-b66b-4e0f-86eb-cdf22f889a32,1.7773445269296328e+18
08d815c7-b66b-4e0f-86eb-cdf22f889a32,1.7773445269629757e+18
08d815c7-b66b-4e0f-86eb-cdf22f889a32,1.7773445269963177e+18
08d815c7-b66b-4e0f-86eb-cdf22f889a32,1.7773445270296607e+18
08d815c7-b66b-4e0f-86eb-cdf22f889a32,1.7773445270630026e+18
08d815c7-b66b-4e0f-86eb-cdf22f889a32,1.7773445270963456e+18
08d815c7-b66b-4e0f-86eb-cdf22f889a32,1.7773445271296876e+18
08d815c7-b66b-4e0f-86eb-cdf22f889a32,1.7773445271630298e+18
08d815c7-b66b-4e0f-86eb-cdf22f889a32,1.7773445271963727e+18
08d815c7-b66b-4e0f-86eb-cdf22f889a32,1.7773445272297147e+18
08d815c7-b66b-4e0f-86eb-cdf22f889a32,1.7773445272630577e+18
08d815c7-b66b-4e0f-86eb-cdf22f889a32,1.7773445272963996e+18
08d815c7-b66b-4e0f-86eb-cdf22f889a32,1.7773445273297426e+18
08d815c7-b66b-4e0f-86eb-cdf22f889a32,1.7773445273630848e+18
08d815c7-b66b-4e0f-86eb-cdf22f889a32,1.7773445273964278e+18
08d815c7-b66b-4e0f-86eb-cdf22f889a32,1.7773445274297697e+18
08d815c7-b66b-4e0f-86eb-cdf22f889a32,1.7773445274631117e+18
08d815c7-b66b-4e0f-86eb-cdf22f889a32,1.7773445274964547e+18
08d815c7-b66b-4e0f-86eb-cdf22f889a32,1.7773445275297966e+18
08d815c7-b66b-4e0f-86eb-cdf22f889a32,1.7773445275631396e+18
08d815c7-b66b-4e0f-86eb-cdf22f889a32,1.7773445275964818e+18
08d815c7-b66b-4e0f-86eb-cdf22f889a32,1.7773445276298248e+18
08d815c7-b66b-4e0f-86eb-cdf22f889a32,1.7773445276631667e+18
08d815c7-b66b-4e0f-86eb-cdf22f889a32,1.7773445276965097e+18
08d815c7-b66b-4e0f-86eb-cdf22f889a32,1.7773445277298516e+18
08d815c7-b66b-4e0f-86eb-cdf22f889a32,1.7773445277631946e+18
08d815c7-b66b-4e0f-86eb-cdf22f889a32,1.7773445277965366e+18
08d815c7-b66b-4e0f-86eb-cdf22f889a32,1.7773445278298788e+18
08d815c7-b66b-4e0f-86eb-cdf22f889a32,1.7773445278632218e+18
08d815c7-b66b-4e0f-86eb-cdf22f889a32,1.7773445278965637e+18
08d815c7-b66b-4e0f-86eb-cdf22f889a32,1.7773445279299067e+18
08d815c7-b66b-4e0f-86eb-cdf22f889a32,1.7773445279632486e+18
08d815c7-b66b-4e0f-86eb-cdf22f889a32,1.7773445279965916e+18
08d815c7-b66b-4e0f-86eb-cdf22f889a32,1.7773445280299336e+18
08d815c7-b66b-4e0f-86eb-cdf22f889a32,1.7773445280632768e+18
08d815c7-b66b-4e0f-86eb-cdf22f889a32,1.7773445280966188e+18
08d815c7-b66b-4e0f-86eb-cdf22f889a32,1.7773445281299607e+18
08d815c7-b66b-4e0f-86eb-cdf22f889a32,1.7773445281633037e+18
08d815c7-b66b-4e0f-86eb-cdf22f889a32,1.7773445281966456e+18
08d815c7-b66b-4e0f-86eb-cdf22f889a32,1.7773445282299886e+18
08d815c7-b66b-4e0f-86eb-cdf22f889a32,1.7773445282633306e+18
08d815c7-b66b-4e0f-86eb-cdf22f889a32,1.7773445282966738e+18
08d815c7-b66b-4e0f-86eb-cdf22f889a32,1.7773445283300157e+18
08d815c7-b66b-4e0f-86eb-cdf22f889a32,1.7773445283633587e+18
08d815c7-b66b-4e0f-86eb-cdf22f889a32,1.7773445283967007e+18
08d815c7-b66b-4e0f-86eb-cdf22f889a32,1.7773445284300426e+18
08d815c7-b66b-4e0f-86eb-cdf22f889a32,1.7773445284633856e+18
08d815c7-b66b-4e0f-86eb-cdf22f889a32,1.7773445284967276e+18
08d815c7-b66b-4e0f-86eb-cdf22f889a32,1.7773445285300708e+18
08d815c7-b66b-4e0f-86eb-cdf22f889a32,1.7773445285634127e+18
08d815c7-b66b-4e0f-86eb-cdf22f889a32,1.7773445285967557e+18
08d815c7-b66b-4e0f-86eb-cdf22f889a32,1.7773445286300977e+18
08d815c7-b66b-4e0f-86eb-cdf22f889a32,1.7773445286634406e+18
08d815c7-b66b-4e0f-86eb-cdf22f889a32,1.7773445286967826e+18
08d815c7-b66b-4e0f-86eb-cdf22f889a32,1.7773445287301248e+18
08d815c7-b66b-4e0f-86eb-cdf22f889a32,1.7773445287634678e+18
08d815c7-b66b-4e0f-86eb-cdf22f889a32,1.7773445287968097e+18
08d815c7-b66b-4e0f-86eb-cdf22f889a32,1.7773445288301527e+18
08d815c7-b66b-4e0f-86eb-cdf22f889a32,1.7773445288634947e+18
08d815c7-b66b-4e0f-86eb-cdf22f889a32,1.7773445288968376e+18
08d815c7-b66b-4e0f-86eb-cdf22f889a32,1.7773445289301796e+18
08d815c7-b66b-4e0f-86eb-cdf22f889a32,1.7773445289635226e+18
08d815c7-b66b-4e0f-86eb-cdf22f889a32,1.7773445289968648e+18
08d815c7-b66b-4e0f-86eb-cdf22f889a32,1.7773445290302077e+18
08d815c7-b66b-4e0f-86eb-cdf22f889a32,1.7773445290635497e+18
08d815c7-b66b-4e0f-86eb-cdf22f889a32,1.7773445290968916e+18
08d815c7-b66b-4e0f-86eb-cdf22f889a32,1.7773445291302346e+18
08d815c7-b66b-4e0f-86eb-cdf22f889a32,1.7773445291635766e+18
08d815c7-b66b-4e0f-86eb-cdf22f889a32,1.7773445291969196e+18
08d815c7-b66b-4e0f-86eb-cdf22f889a32,1.7773445292302618e+18
08d815c7-b66b-4e0f-86eb-cdf22f889a32,1.7773445292636047e+18
08d815c7-b66b-4e0f-86eb-cdf22f889a32,1.7773445292969467e+18
08d815c7-b66b-4e0f-86eb-cdf22f889a32,1.7773445293302886e+18
08d815c7-b66b-4e0f-86eb-cdf22f889a32,1.7773445293636316e+18
08d815c7-b66b-4e0f-86eb-cdf22f889a32,1.7773445293969736e+18
08d815c7-b66b-4e0f-86eb-cdf22f889a32,1.7773445294303168e+18
08d815c7-b66b-4e0f-86eb-cdf22f889a32,1.7773445294636588e+18
08d815c7-b66b-4e0f-86eb-cdf22f889a32,1.7773445294970017e+18
08d815c7-b66b-4e0f-86eb-cdf22f889a32,1.7773445295303437e+18
08d815c7-b66b-4e0f-86eb-cdf22f889a32,1.7773445295636867e+18
08d815c7-b66b-4e0f-86eb-cdf22f889a32,1.7773445295970286e+18
08d815c7-b66b-4e0f-86eb-cdf22f889a32,1.7773445296303716e+18
08d815c7-b66b-4e0f-86eb-cdf22f889a32,1.7773445296637138e+18
08d815c7-b66b-4e0f-86eb-cdf22f889a32,1.7773445296970557e+18
08d815c7-b66b-4e0f-86eb-cdf22f889a32,1.7773445297303987e+18
08d815c7-b66b-4e0f-86eb-cdf22f889a32,1.7773445297637407e+18
08d815c7-b66b-4e0f-86eb-cdf22f889a32,1.7773445297970836e+18
08d815c7-b66b-4e0f-86eb-cdf22f889a32,1.7773445298304256e+18
08d815c7-b66b-4e0f-86eb-cdf22f889a32,1.7773445298637686e+18
08d815c7-b66b-4e0f-86eb-cdf22f889a32,1.7773445298971108e+18
08d815c7-b66b-4e0f-86eb-cdf22f889a32,1.7773445299304538e+18
08d815c7-b66b-4e0f-86eb-cdf22f889a32,1.7773445299637957e+18
08d815c7-b66b-4e0f-86eb-cdf22f889a32,1.7773445299971377e+18
08d815c7-b66b-4e0f-86eb-cdf22f889a32,1.7773445300304806e+18
08d815c7-b66b-4e0f-86eb-cdf22f889a32,1.7773445300638226e+18
08d815c7-b66b-4e0f-86eb-cdf22f889a32,1.7773445300971656e+18
08d815c7-b66b-4e0f-86eb-cdf22f889a32,1.7773445301305078e+18
08d815c7-b66b-4e0f-86eb-cdf22f889a32,1.7773445301638508e+18
08d815c7-b66b-4e0f-86eb-cdf22f889a32,1.7773445301971927e+18
08d815c7-b66b-4e0f-86eb-cdf22f889a32,1.7773445302305357e+18
08d815c7-b66b-4e0f-86eb-cdf22f889a32,1.7773445302638776e+18
08d815c7-b66b-4e0f-86eb-cdf22f889a32,1.7773445302972196e+18
08d815c7-b66b-4e0f-86eb-cdf22f889a32,1.7773445303305626e+18
08d815c7-b66b-4e0f-86eb-cdf22f889a32,1.7773445303639048e+18
08d815c7-b66b-4e0f-86eb-cdf22f889a32,1.7773445303972477e+18
08d815c7-b66b-4e0f-86eb-cdf22f889a32,1.7773445304305897e+18
08d815c7-b66b-4e0f-86eb-cdf22f889a32,1.7773445304639327e+18
08d815c7-b66b-4e0f-86eb-cdf22f889a32,1.7773445304972746e+18
08d815c7-b66b-4e0f-86eb-cdf22f889a32,1.7773445305306176e+18
08d815c7-b66b-4e0f-86eb-cdf22f889a32,1.7773445305639596e+18
08d815c7-b66b-4e0f-86eb-cdf22f889a32,1.7773445305973018e+18
08d815c7-b66b-4e0f-86eb-cdf22f889a32,1.7773445306306447e+18
08d815c7-b66b-4e0f-86eb-cdf22f889a32,1.7773445306639867e+18
08d815c7-b66b-4e0f-86eb-cdf22f889a32,1.7773445306973297e+18
08d815c7-b66b-4e0f-86eb-cdf22f889a32,1.7773445307306716e+18
08d815c7-b66b-4e0f-86eb-cdf22f889a32,1.7773445307640146e+18
08d815c7-b66b-4e0f-86eb-cdf22f889a32,1.7773445307973568e+18
08d815c7-b66b-4e0f-86eb-cdf22f889a32,1.7773445308306998e+18
08d815c7-b66b-4e0f-86eb-cdf22f889a32,1.7773445308640417e+18
08d815c7-b66b-4e0f-86eb-cdf22f889a32,1.7773445308973837e+18
08d815c7-b66b-4e0f-86eb-cdf22f889a32,1.7773445309307267e+18
08d815c7-b66b-4e0f-86eb-cdf22f889a32,1.7773445309640686e+18
08d815c7-b66b-4e0f-86eb-cdf22f889a32,1.7773445309974116e+18
08d815c7-b66b-4e0f-86eb-cdf22f889a32,1.7773445310307538e+18
08d815c7-b66b-4e0f-86eb-cdf22f889a32,1.7773445310640968e+18
08d815c7-b66b-4e0f-86eb-cdf22f889a32,1.7773445310974387e+18
08d815c7-b66b-4e0f-86eb-cdf22f889a32,1.7773445311307817e+18
08d815c7-b66b-4e0f-86eb-cdf22f889a32,1.7773445311641236e+18
08d815c7-b66b-4e0f-86eb-cdf22f889a32,1.7773445311974656e+18
08d815c7-b66b-4e0f-86eb-cdf22f889a32,1.7773445312308086e+18
08d815c7-b66b-4e0f-86eb-cdf22f889a32,1.7773445312641508e+18
08d815c7-b66b-4e0f-86eb-cdf22f889a32,1.7773445312974938e+18
08d815c7-b66b-4e0f-86eb-cdf22f889a32,1.7773445313308357e+18
08d815c7-b66b-4e0f-86eb-cdf22f889a32,1.7773445313641787e+18
08d815c7-b66b-4e0f-86eb-cdf22f889a32,1.7773445313975206e+18
08d815c7-b66b-4e0f-86eb-cdf22f889a32,1.7773445314308636e+18
08d815c7-b66b-4e0f-86eb-cdf22f889a32,1.7773445314642056e+18
08d815c7-b66b-4e0f-86eb-cdf22f889a32,1.7773445314975488e+18
08d815c7-b66b-4e0f-86eb-cdf22f889a32,1.7773445315308908e+18
08d815c7-b66b-4e0f-86eb-cdf22f889a32,1.7773445315642327e+18
08d815c7-b66b-4e0f-86eb-cdf22f889a32,1.7773445315975757e+18
08d815c7-b66b-4e0f-86eb-cdf22f889a32,1.7773445316309176e+18
08d815c7-b66b-4e0f-86eb-cdf22f889a32,1.7773445316642606e+18
08d815c7-b66b-4e0f-86eb-cdf22f889a32,1.7773445316976026e+18
08d815c7-b66b-4e0f-86eb-cdf22f889a32,1.7773445317309458e+18
08d815c7-b66b-4e0f-86eb-cdf22f889a32,1.7773445317642877e+18
08d815c7-b66b-4e0f-86eb-cdf22f889a32,1.7773445317976307e+18
08d815c7-b66b-4e0f-86eb-cdf22f889a32,1.7773445318309727e+18
08d815c7-b66b-4e0f-86eb-cdf22f889a32,1.7773445318643146e+18
08d815c7-b66b-4e0f-86eb-cdf22f889a32,1.7773445318976576e+18
08d815c7-b66b-4e0f-86eb-cdf22f889a32,1.7773445319309996e+18
08d815c7-b66b-4e0f-86eb-cdf22f889a32,1.7773445319643428e+18
08d815c7-b66b-4e0f-86eb-cdf22f889a32,1.7773445319976847e+18
08d815c7-b66b-4e0f-86eb-cdf22f889a32,1.7773445320310277e+18
08d815c7-b66b-4e0f-86eb-cdf22f889a32,1.7773445320643697e+18
08d815c7-b66b-4e0f-86eb-cdf22f889a32,1.7773445320977126e+18
08d815c7-b66b-4e0f-86eb-cdf22f889a32,1.7773445321310546e+18
08d815c7-b66b-4e0f-86eb-cdf22f889a32,1.7773445321643968e+18
08d815c7-b66b-4e0f-86eb-cdf22f889a32,1.7773445321977398e+18
08d815c7-b66b-4e0f-86eb-cdf22f889a32,1.7773445322310817e+18
08d815c7-b66b-4e0f-86eb-cdf22f889a32,1.7773445322644247e+18
08d815c7-b66b-4e0f-86eb-cdf22f889a32,1.7773445322977667e+18
08d815c7-b66b-4e0f-86eb-cdf22f889a32,1.7773445323311096e+18
08d815c7-b66b-4e0f-86eb-cdf22f889a32,1.7773445323644516e+18
08d815c7-b66b-4e0f-86eb-cdf22f889a32,1.7773445323977946e+18
08d815c7-b66b-4e0f-86eb-cdf22f889a32,1.7773445324311368e+18
08d815c7-b66b-4e0f-86eb-cdf22f889a32,1.7773445324644787e+18
08d815c7-b66b-4e0f-86eb-cdf22f889a32,1.7773445324978217e+18
08d815c7-b66b-4e0f-86eb-cdf22f889a32,1.7773445325311636e+18
08d815c7-b66b-4e0f-86eb-cdf22f889a32,1.7773445325645066e+18
08d815c7-b66b-4e0f-86eb-cdf22f889a32,1.7773445325978486e+18
08d815c7-b66b-4e0f-86eb-cdf22f889a32,1.7773445326311916e+18
08d815c7-b66b-4e0f-86eb-cdf22f889a32,1.7773445326645338e+18
08d815c7-b66b-4e0f-86eb-cdf22f889a32,1.7773445326978767e+18
08d815c7-b66b-4e0f-86eb-cdf22f889a32,1.7773445327312187e+18
08d815c7-b66b-4e0f-86eb-cdf22f889a32,1.7773445327645617e+18
08d815c7-b66b-4e0f-86eb-cdf22f889a32,1.7773445327979036e+18
08d815c7-b66b-4e0f-86eb-cdf22f889a32,1.7773445328312456e+18
08d815c7-b66b-4e0f-86eb-cdf22f889a32,1.7773445328645888e+18
08d815c7-b66b-4e0f-86eb-cdf22f889a32,1.7773445328979308e+18
08d815c7-b66b-4e0f-86eb-cdf22f889a32,1.7773445329312737e+18
08d815c7-b66b-4e0f-86eb-cdf22f889a32,1.7773445329646157e+18
08d815c7-b66b-4e0f-86eb-cdf22f889a32,1.7773445329979587e+18
08d815c7-b66b-4e0f-86eb-cdf22f889a32,1.7773445330313006e+18
08d815c7-b66b-4e0f-86eb-cdf22f889a32,1.7773445330646426e+18
08d815c7-b66b-4e0f-86eb-cdf22f889a32,1.7773445330979858e+18
08d815c7-b66b-4e0f-86eb-cdf22f889a32,1.7773445331313277e+18
08d815c7-b66b-4e0f-86eb-cdf22f889a32,1.7773445331646707e+18
08d815c7-b66b-4e0f-86eb-cdf22f889a32,1.7773445331980127e+18
08d815c7-b66b-4e0f-86eb-cdf22f889a32,1.7773445332313556e+18
08d815c7-b66b-4e0f-86eb-cdf22f889a32,1.7773445332646976e+18
08d815c7-b66b-4e0f-86eb-cdf22f889a32,1.7773445332980406e+18
08d815c7-b66b-4e0f-86eb-cdf22f889a32,1.7773445333313828e+18
08d815c7-b66b-4e0f-86eb-cdf22f889a32,1.7773445333647258e+18
08d815c7-b66b-4e0f-86eb-cdf22f889a32,1.7773445333980677e+18
08d815c7-b66b-4e0f-86eb-cdf22f889a32,1.7773445334314097e+18
08d815c7-b66b-4e0f-86eb-cdf22f889a32,1.7773445334647526e+18
08d815c7-b66b-4e0f-86eb-cdf22f889a32,1.7773445334980946e+18
08d815c7-b66b-4e0f-86eb-cdf22f889a32,1.7773445335314376e+18
08d815c7-b66b-4e0f-86eb-cdf22f889a32,1.7773445335647798e+18
08d815c7-b66b-4e0f-86eb-cdf22f889a32,1.7773445335981228e+18
08d815c7-b66b-4e0f-86eb-cdf22f889a32,1.7773445336314647e+18
08d815c7-b66b-4e0f-86eb-cdf22f889a32,1.7773445336648077e+18
08d815c7-b66b-4e0f-86eb-cdf22f889a32,1.7773445336981496e+18
08d815c7-b66b-4e0f-86eb-cdf22f889a32,1.7773445337314916e+18
08d815c7-b66b-4e0f-86eb-cdf22f889a32,1.7773445337648346e+18
08d815c7-b66b-4e0f-86eb-cdf22f889a32,1.7773445337981768e+18
08d815c7-b66b-4e0f-86eb-cdf22f889a32,1.7773445338315197e+18
08d815c7-b66b-4e0f-86eb-cdf22f889a32,1.7773445338648617e+18
08d815c7-b66b-4e0f-86eb-cdf22f889a32,1.7773445338982047e+18
08d815c7-b66b-4e0f-86eb-cdf22f889a32,1.7773445339315466e+18
08d815c7-b66b-4e0f-86eb-cdf22f889a32,1.7773445339648896e+18
08d815c7-b66b-4e0f-86eb-cdf22f889a32,1.7773445339982316e+18
08d815c7-b66b-4e0f-86eb-cdf22f889a32,1.7773445340315738e+18
08d815c7-b66b-4e0f-86eb-cdf22f889a32,1.7773445340649167e+18
08d815c7-b66b-4e0f-86eb-cdf22f889a32,1.7773445340982587e+18
08d815c7-b66b-4e0f-86eb-cdf22f889a32,1.7773445341316017e+18
08d815c7-b66b-4e0f-86eb-cdf22f889a32,1.7773445341649436e+18
08d815c7-b66b-4e0f-86eb-cdf22f889a32,1.7773445341982866e+18
08d815c7-b66b-4e0f-86eb-cdf22f889a32,1.7773445342316288e+18
08d815c7-b66b-4e0f-86eb-cdf22f889a32,1.7773445342649718e+18
08d815c7-b66b-4e0f-86eb-cdf22f889a32,1.7773445342983137e+18
08d815c7-b66b-4e0f-86eb-cdf22f889a32,1.7773445343316557e+18
08d815c7-b66b-4e0f-86eb-cdf22f889a32,1.7773445343649987e+18
08d815c7-b66b-4e0f-86eb-cdf22f889a32,1.7773445343983406e+18
08d815c7-b66b-4e0f-86eb-cdf22f889a32,1.7773445344316836e+18
08d815c7-b66b-4e0f-86eb-cdf22f889a32,1.7773445344650258e+18
08d815c7-b66b-4e0f-86eb-cdf22f889a32,1.7773445344983688e+18
08d815c7-b66b-4e0f-86eb-cdf22f889a32,1.7773445345317107e+18
08d815c7-b66b-4e0f-86eb-cdf22f889a32,1.7773445345650537e+18
08d815c7-b66b-4e0f-86eb-cdf22f889a32,1.7773445345983956e+18
08d815c7-b66b-4e0f-86eb-cdf22f889a32,1.7773445346317386e+18
08d815c7-b66b-4e0f-86eb-cdf22f889a32,1.7773445346650806e+18
08d815c7-b66b-4e0f-86eb-cdf22f889a32,1.7773445346984228e+18
08d815c7-b66b-4e0f-86eb-cdf22f889a32,1.7773445347317658e+18
08d815c7-b66b-4e0f-86eb-cdf22f889a32,1.7773445347651077e+18
08d815c7-b66b-4e0f-86eb-cdf22f889a32,1.7773445347984507e+18
08d815c7-b66b-4e0f-86eb-cdf22f889a32,1.7773445348317926e+18
08d815c7-b66b-4e0f-86eb-cdf22f889a32,1.7773445348651356e+18
08d815c7-b66b-4e0f-86eb-cdf22f889a32,1.7773445348984776e+18
08d815c7-b66b-4e0f-86eb-cdf22f889a32,1.7773445349318198e+18
08d815c7-b66b-4e0f-86eb-cdf22f889a32,1.7773445349651628e+18
08d815c7-b66b-4e0f-86eb-cdf22f889a32,1.7773445349985047e+18
08d815c7-b66b-4e0f-86eb-cdf22f889a32,1.7773445350318477e+18
08d815c7-b66b-4e0f-86eb-cdf22f889a32,1.7773445350651896e+18
08d815c7-b66b-4e0f-86eb-cdf22f889a32,1.7773445350985326e+18
08d815c7-b66b-4e0f-86eb-cdf22f889a32,1.7773445351318746e+18
08d815c7-b66b-4e0f-86eb-cdf22f889a32,1.7773445351652178e+18
08d815c7-b66b-4e0f-86eb-cdf22f889a32,1.7773445351985597e+18
08d815c7-b66b-4e0f-86eb-cdf22f889a32,1.7773445352319027e+18
08d815c7-b66b-4e0f-86eb-cdf22f889a32,1.7773445352652447e+18
08d815c7-b66b-4e0f-86eb-cdf22f889a32,1.7773445352985866e+18
08d815c7-b66b-4e0f-86eb-cdf22f889a32,1.7773445353319296e+18
08d815c7-b66b-4e0f-86eb-cdf22f889a32,1.7773445353652716e+18
08d815c7-b66b-4e0f-86eb-cdf22f889a32,1.7773445353986148e+18
08d815c7-b66b-4e0f-86eb-cdf22f889a32,1.7773445354319567e+18
08d815c7-b66b-4e0f-86eb-cdf22f889a32,1.7773445354652997e+18
08d815c7-b66b-4e0f-86eb-cdf22f889a32,1.7773445354986417e+18
08d815c7-b66b-4e0f-86eb-cdf22f889a32,1.7773445355319846e+18
08d815c7-b66b-4e0f-86eb-cdf22f889a32,1.7773445355653266e+18
08d815c7-b66b-4e0f-86eb-cdf22f889a32,1.7773445355986688e+18
08d815c7-b66b-4e0f-86eb-cdf22f889a32,1.7773445356320118e+18
08d815c7-b66b-4e0f-86eb-cdf22f889a32,1.7773445356653537e+18
08d815c7-b66b-4e0f-86eb-cdf22f889a32,1.7773445356986967e+18
08d815c7-b66b-4e0f-86eb-cdf22f889a32,1.7773445357320387e+18
08d815c7-b66b-4e0f-86eb-cdf22f889a32,1.7773445357653816e+18
08d815c7-b66b-4e0f-86eb-cdf22f889a32,1.7773445357987236e+18
08d815c7-b66b-4e0f-86eb-cdf22f889a32,1.7773445358320666e+18
08d815c7-b66b-4e0f-86eb-cdf22f889a32,1.7773445358654088e+18
08d815c7-b66b-4e0f-86eb-cdf22f889a32,1.7773445358987507e+18
08d815c7-b66b-4e0f-86eb-cdf22f889a32,1.7773445359320937e+18
08d815c7-b66b-4e0f-86eb-cdf22f889a32,1.7773445359654356e+18
08d815c7-b66b-4e0f-86eb-cdf22f889a32,1.7773445359987786e+18
08d815c7-b66b-4e0f-86eb-cdf22f889a32,1.7773445360321206e+18
08d815c7-b66b-4e0f-86eb-cdf22f889a32,1.7773445360654636e+18
08d815c7-b66b-4e0f-86eb-cdf22f889a32,1.7773445360988058e+18
08d815c7-b66b-4e0f-86eb-cdf22f889a32,1.7773445361321487e+18
08d815c7-b66b-4e0f-86eb-cdf22f889a32,1.7773445361654907e+18
08d815c7-b66b-4e0f-86eb-cdf22f889a32,1.7773445361988326e+18
08d815c7-b66b-4e0f-86eb-cdf22f889a32,1.7773445362321756e+18
08d815c7-b66b-4e0f-86eb-cdf22f889a32,1.7773445362655176e+18
08d815c7-b66b-4e0f-86eb-cdf22f889a32,1.7773445362988608e+18
08d815c7-b66b-4e0f-86eb-cdf22f889a32,1.7773445363322028e+18
08d815c7-b66b-4e0f-86eb-cdf22f889a32,1.7773445363655457e+18
08d815c7-b66b-4e0f-86eb-cdf22f889a32,1.7773445363988877e+18
08d815c7-b66b-4e0f-86eb-cdf22f889a32,1.7773445364322307e+18
08d815c7-b66b-4e0f-86eb-cdf22f889a32,1.7773445364655726e+18
08d815c7-b66b-4e0f-86eb-cdf22f889a32,1.7773445364989156e+18
08d815c7-b66b-4e0f-86eb-cdf22f889a32,1.7773445365322578e+18
08d815c7-b66b-4e0f-86eb-cdf22f889a32,1.7773445365655997e+18
08d815c7-b66b-4e0f-86eb-cdf22f889a32,1.7773445365989427e+18
08d815c7-b66b-4e0f-86eb-cdf22f889a32,1.7773445366322847e+18
08d815c7-b66b-4e0f-86eb-cdf22f889a32,1.7773445366656276e+18
08d815c7-b66b-4e0f-86eb-cdf22f889a32,1.7773445366989696e+18
08d815c7-b66b-4e0f-86eb-cdf22f889a32,1.7773445367323126e+18
08d815c7-b66b-4e0f-86eb-cdf22f889a32,1.7773445367656548e+18
08d815c7-b66b-4e0f-86eb-cdf22f889a32,1.7773445367989967e+18
08d815c7-b66b-4e0f-86eb-cdf22f889a32,1.7773445368323397e+18
08d815c7-b66b-4e0f-86eb-cdf22f889a32,1.7773445368656817e+18
08d815c7-b66b-4e0f-86eb-cdf22f889a32,1.7773445368990246e+18
08d815c7-b66b-4e0f-86eb-cdf22f889a32,1.7773445369323666e+18
08d815c7-b66b-4e0f-86eb-cdf22f889a32,1.7773445369657096e+18
08d815c7-b66b-4e0f-86eb-cdf22f889a32,1.7773445369990518e+18
08d815c7-b66b-4e0f-86eb-cdf22f889a32,1.7773445370323948e+18
08d815c7-b66b-4e0f-86eb-cdf22f889a32,1.7773445370657367e+18
08d815c7-b66b-4e0f-86eb-cdf22f889a32,1.7773445370990797e+18
08d815c7-b66b-4e0f-86eb-cdf22f889a32,1.7773445371324216e+18
08d815c7-b66b-4e0f-86eb-cdf22f889a32,1.7773445371657636e+18
08d815c7-b66b-4e0f-86eb-cdf22f889a32,1.7773445371991066e+18
08d815c7-b66b-4e0f-86eb-cdf22f889a32,1.7773445372324488e+18
08d815c7-b66b-4e0f-86eb-cdf22f889a32,1.7773445372657917e+18
08d815c7-b66b-4e0f-86eb-cdf22f889a32,1.7773445372991337e+18
08d815c7-b66b-4e0f-86eb-cdf22f889a32,1.7773445373324767e+18
08d815c7-b66b-4e0f-86eb-cdf22f889a32,1.7773445373658186e+18
08d815c7-b66b-4e0f-86eb-cdf22f889a32,1.7773445373991616e+18
08d815c7-b66b-4e0f-86eb-cdf22f889a32,1.7773445374325036e+18
08d815c7-b66b-4e0f-86eb-cdf22f889a32,1.7773445374658458e+18
08d815c7-b66b-4e0f-86eb-cdf22f889a32,1.7773445374991887e+18
08d815c7-b66b-4e0f-86eb-cdf22f889a32,1.7773445375325307e+18
08d815c7-b66b-4e0f-86eb-cdf22f889a32,1.7773445375658737e+18
08d815c7-b66b-4e0f-86eb-cdf22f889a32,1.7773445375992156e+18
08d815c7-b66b-4e0f-86eb-cdf22f889a32,1.7773445376325586e+18
08d815c7-b66b-4e0f-86eb-cdf22f889a32,1.7773445376659008e+18
08d815c7-b66b-4e0f-86eb-cdf22f889a32,1.7773445376992438e+18
08d815c7-b66b-4e0f-86eb-cdf22f889a32,1.7773445377325857e+18
08d815c7-b66b-4e0f-86eb-cdf22f889a32,1.7773445377659277e+18
08d815c7-b66b-4e0f-86eb-cdf22f889a32,1.7773445377992707e+18
08d815c7-b66b-4e0f-86eb-cdf22f889a32,1.7773445378326126e+18
08d815c7-b66b-4e0f-86eb-cdf22f889a32,1.7773445378659556e+18
08d815c7-b66b-4e0f-86eb-cdf22f889a32,1.7773445378992978e+18
08d815c7-b66b-4e0f-86eb-cdf22f889a32,1.7773445379326408e+18
08d815c7-b66b-4e0f-86eb-cdf22f889a32,1.7773445379659827e+18
08d815c7-b66b-4e0f-86eb-cdf22f889a32,1.7773445379993257e+18
08d815c7-b66b-4e0f-86eb-cdf22f889a32,1.7773445380326676e+18
08d815c7-b66b-4e0f-86eb-cdf22f889a32,1.7773445380660096e+18
08d815c7-b66b-4e0f-86eb-cdf22f889a32,1.7773445380993526e+18
08d815c7-b66b-4e0f-86eb-cdf22f889a32,1.7773445381326948e+18
08d815c7-b66b-4e0f-86eb-cdf22f889a32,1.7773445381660378e+18
08d815c7-b66b-4e0f-86eb-cdf22f889a32,1.7773445381993797e+18
08d815c7-b66b-4e0f-86eb-cdf22f889a32,1.7773445382327227e+18
08d815c7-b66b-4e0f-86eb-cdf22f889a32,1.7773445382660646e+18
08d815c7-b66b-4e0f-86eb-cdf22f889a32,1.7773445382994076e+18
08d815c7-b66b-4e0f-86eb-cdf22f889a32,1.7773445383327496e+18
08d815c7-b66b-4e0f-86eb-cdf22f889a32,1.7773445383660928e+18
08d815c7-b66b-4e0f-86eb-cdf22f889a32,1.7773445383994348e+18
08d815c7-b66b-4e0f-86eb-cdf22f889a32,1.7773445384327767e+18
08d815c7-b66b-4e0f-86eb-cdf22f889a32,1.7773445384661197e+18
08d815c7-b66b-4e0f-86eb-cdf22f889a32,1.7773445384994616e+18
08d815c7-b66b-4e0f-86eb-cdf22f889a32,1.7773445385328046e+18
08d815c7-b66b-4e0f-86eb-cdf22f889a32,1.7773445385661466e+18
08d815c7-b66b-4e0f-86eb-cdf22f889a32,1.7773445385994898e+18
08d815c7-b66b-4e0f-86eb-cdf22f889a32,1.7773445386328317e+18
08d815c7-b66b-4e0f-86eb-cdf22f889a32,1.7773445386661737e+18
08d815c7-b66b-4e0f-86eb-cdf22f889a32,1.7773445386995167e+18
08d815c7-b66b-4e0f-86eb-cdf22f889a32,1.7773445387328586e+18
08d815c7-b66b-4e0f-86eb-cdf22f889a32,1.7773445387662016e+18
08d815c7-b66b-4e0f-86eb-cdf22f889a32,1.7773445387995436e+18
08d815c7-b66b-4e0f-86eb-cdf22f889a32,1.7773445388328868e+18
08d815c7-b66b-4e0f-86eb-cdf22f889a32,1.7773445388662287e+18
08d815c7-b66b-4e0f-86eb-cdf22f889a32,1.7773445388995717e+18
08d815c7-b66b-4e0f-86eb-cdf22f889a32,1.7773445389329137e+18
08d815c7-b66b-4e0f-86eb-cdf22f889a32,1.7773445389662566e+18
08d815c7-b66b-4e0f-86eb-cdf22f889a32,1.7773445389995986e+18
08d815c7-b66b-4e0f-86eb-cdf22f889a32,1.7773445390329408e+18
08d815c7-b66b-4e0f-86eb-cdf22f889a32,1.7773445390662838e+18
08d815c7-b66b-4e0f-86eb-cdf22f889a32,1.7773445390996257e+18
08d815c7-b66b-4e0f-86eb-cdf22f889a32,1.7773445391329687e+18
08d815c7-b66b-4e0f-86eb-cdf22f889a32,1.7773445391663107e+18
08d815c7-b66b-4e0f-86eb-cdf22f889a32,1.7773445391996536e+18
08d815c7-b66b-4e0f-86eb-cdf22f889a32,1.7773445392329956e+18
08d815c7-b66b-4e0f-86eb-cdf22f889a32,1.7773445392663386e+18
08d815c7-b66b-4e0f-86eb-cdf22f889a32,1.7773445392996808e+18
08d815c7-b66b-4e0f-86eb-cdf22f889a32,1.7773445393330227e+18
08d815c7-b66b-4e0f-86eb-cdf22f889a32,1.7773445393663657e+18
08d815c7-b66b-4e0f-86eb-cdf22f889a32,1.7773445393997076e+18
08d815c7-b66b-4e0f-86eb-cdf22f889a32,1.7773445394330506e+18
08d815c7-b66b-4e0f-86eb-cdf22f889a32,1.7773445394663926e+18
08d815c7-b66b-4e0f-86eb-cdf22f889a32,1.7773445394997356e+18
08d815c7-b66b-4e0f-86eb-cdf22f889a32,1.7773445395330778e+18
08d815c7-b66b-4e0f-86eb-cdf22f889a32,1.7773445395664207e+18
08d815c7-b66b-4e0f-86eb-cdf22f889a32,1.7773445395997627e+18
08d815c7-b66b-4e0f-86eb-cdf22f889a32,1.7773445396331046e+18
08d815c7-b66b-4e0f-86eb-cdf22f889a32,1.7773445396664476e+18
08d815c7-b66b-4e0f-86eb-cdf22f889a32,1.7773445396997896e+18
08d815c7-b66b-4e0f-86eb-cdf22f889a32,1.7773445397331328e+18
08d815c7-b66b-4e0f-86eb-cdf22f889a32,1.7773445397664748e+18
08d815c7-b66b-4e0f-86eb-cdf22f889a32,1.7773445397998177e+18
08d815c7-b66b-4e0f-86eb-cdf22f889a32,1.7773445398331597e+18
08d815c7-b66b-4e0f-86eb-cdf22f889a32,1.7773445398665027e+18
08d815c7-b66b-4e0f-86eb-cdf22f889a32,1.7773445398998446e+18
08d815c7-b66b-4e0f-86eb-cdf22f889a32,1.7773445399331866e+18
08d815c7-b66b-4e0f-86eb-cdf22f889a32,1.7773445399665298e+18
08d815c7-b66b-4e0f-86eb-cdf22f889a32,1.7773445399998717e+18
08d815c7-b66b-4e0f-86eb-cdf22f889a32,1.7773445400332147e+18
08d815c7-b66b-4e0f-86eb-cdf22f889a32,1.7773445400665567e+18
08d815c7-b66b-4e0f-86eb-cdf22f889a32,1.7773445400998996e+18
08d815c7-b66b-4e0f-86eb-cdf22f889a32,1.7773445401332416e+18
08d815c7-b66b-4e0f-86eb-cdf22f889a32,1.7773445401665846e+18
08d815c7-b66b-4e0f-86eb-cdf22f889a32,1.7773445401999268e+18
08d815c7-b66b-4e0f-86eb-cdf22f889a32,1.7773445402332687e+18
08d815c7-b66b-4e0f-86eb-cdf22f889a32,1.7773445402666117e+18
08d815c7-b66b-4e0f-86eb-cdf22f889a32,1.7773445402999537e+18
08d815c7-b66b-4e0f-86eb-cdf22f889a32,1.7773445403332966e+18
08d815c7-b66b-4e0f-86eb-cdf22f889a32,1.7773445403666386e+18
08d815c7-b66b-4e0f-86eb-cdf22f889a32,1.7773445403999816e+18
08d815c7-b66b-4e0f-86eb-cdf22f889a32,1.7773445404333238e+18
08d815c7-b66b-4e0f-86eb-cdf22f889a32,1.7773445404666668e+18
08d815c7-b66b-4e0f-86eb-cdf22f889a32,1.7773445405000087e+18
08d815c7-b66b-4e0f-86eb-cdf22f889a32,1.7773445405333507e+18
08d815c7-b66b-4e0f-86eb-cdf22f889a32,1.7773445405666936e+18
08d815c7-b66b-4e0f-86eb-cdf22f889a32,1.7773445406000356e+18
08d815c7-b66b-4e0f-86eb-cdf22f889a32,1.7773445406333786e+18
08d815c7-b66b-4e0f-86eb-cdf22f889a32,1.7773445406667208e+18
08d815c7-b66b-4e0f-86eb-cdf22f889a32,1.7773445407000637e+18
08d815c7-b66b-4e0f-86eb-cdf22f889a32,1.7773445407334057e+18
08d815c7-b66b-4e0f-86eb-cdf22f889a32,1.7773445407667487e+18
08d815c7-b66b-4e0f-86eb-cdf22f889a32,1.7773445408000906e+18
08d815c7-b66b-4e0f-86eb-cdf22f889a32,1.7773445408334336e+18
08d815c7-b66b-4e0f-86eb-cdf22f889a32,1.7773445408667756e+18
08d815c7-b66b-4e0f-86eb-cdf22f889a32,1.7773445409001178e+18
08d815c7-b66b-4e0f-86eb-cdf22f889a32,1.7773445409334607e+18
08d815c7-b66b-4e0f-86eb-cdf22f889a32,1.7773445409668027e+18
08d815c7-b66b-4e0f-86eb-cdf22f889a32,1.7773445410001457e+18
08d815c7-b66b-4e0f-86eb-cdf22f889a32,1.7773445410334876e+18
08d815c7-b66b-4e0f-86eb-cdf22f889a32,1.7773445410668306e+18
08d815c7-b66b-4e0f-86eb-cdf22f889a32,1.7773445411001728e+18
08d815c7-b66b-4e0f-86eb-cdf22f889a32,1.7773445411335158e+18
08d815c7-b66b-4e0f-86eb-cdf22f889a32,1.7773445411668577e+18
08d815c7-b66b-4e0f-86eb-cdf22f889a32,1.7773445412001997e+18
08d815c7-b66b-4e0f-86eb-cdf22f889a32,1.7773445412335427e+18
08d815c7-b66b-4e0f-86eb-cdf22f889a32,1.7773445412668846e+18
08d815c7-b66b-4e0f-86eb-cdf22f889a32,1.7773445413002276e+18
08d815c7-b66b-4e0f-86eb-cdf22f889a32,1.7773445413335698e+18
08d815c7-b66b-4e0f-86eb-cdf22f889a32,1.7773445413669128e+18
08d815c7-b66b-4e0f-86eb-cdf22f889a32,1.7773445414002547e+18
08d815c7-b66b-4e0f-86eb-cdf22f889a32,1.7773445414335977e+18
08d815c7-b66b-4e0f-86eb-cdf22f889a32,1.7773445414669396e+18
08d815c7-b66b-4e0f-86eb-cdf22f889a32,1.7773445415002816e+18
08d815c7-b66b-4e0f-86eb-cdf22f889a32,1.7773445415336246e+18
08d815c7-b66b-4e0f-86eb-cdf22f889a32,1.7773445415669668e+18
08d815c7-b66b-4e0f-86eb-cdf22f889a32,1.7773445416003098e+18
08d815c7-b66b-4e0f-86eb-cdf22f889a32,1.7773445416336517e+18
08d815c7-b66b-4e0f-86eb-cdf22f889a32,1.7773445416669947e+18
08d815c7-b66b-4e0f-86eb-cdf22f889a32,1.7773445417003366e+18
08d815c7-b66b-4e0f-86eb-cdf22f889a32,1.7773445417336796e+18
08d815c7-b66b-4e0f-86eb-cdf22f889a32,1.7773445417670216e+18
08d815c7-b66b-4e0f-86eb-cdf22f889a32,1.7773445418003638e+18
08d815c7-b66b-4e0f-86eb-cdf22f889a32,1.7773445418337068e+18
08d815c7-b66b-4e0f-86eb-cdf22f889a32,1.7773445418670487e+18
08d815c7-b66b-4e0f-86eb-cdf22f889a32,1.7773445419003917e+18
08d815c7-b66b-4e0f-86eb-cdf22f889a32,1.7773445419337336e+18
08d815c7-b66b-4e0f-86eb-cdf22f889a32,1.7773445419670766e+18
08d815c7-b66b-4e0f-86eb-cdf22f889a32,1.7773445420004186e+18
08d815c7-b66b-4e0f-86eb-cdf22f889a32,1.7773445420337618e+18
08d815c7-b66b-4e0f-86eb-cdf22f889a32,1.7773445420671037e+18
08d815c7-b66b-4e0f-86eb-cdf22f889a32,1.7773445421004467e+18
08d815c7-b66b-4e0f-86eb-cdf22f889a32,1.7773445421337887e+18
08d815c7-b66b-4e0f-86eb-cdf22f889a32,1.7773445421671306e+18
08d815c7-b66b-4e0f-86eb-cdf22f889a32,1.7773445422004736e+18
08d815c7-b66b-4e0f-86eb-cdf22f889a32,1.7773445422338156e+18
08d815c7-b66b-4e0f-86eb-cdf22f889a32,1.7773445422671588e+18
08d815c7-b66b-4e0f-86eb-cdf22f889a32,1.7773445423005007e+18
08d815c7-b66b-4e0f-86eb-cdf22f889a32,1.7773445423338437e+18
08d815c7-b66b-4e0f-86eb-cdf22f889a32,1.7773445423671857e+18
08d815c7-b66b-4e0f-86eb-cdf22f889a32,1.7773445424005286e+18
08d815c7-b66b-4e0f-86eb-cdf22f889a32,1.7773445424338706e+18
08d815c7-b66b-4e0f-86eb-cdf22f889a32,1.7773445424672128e+18
08d815c7-b66b-4e0f-86eb-cdf22f889a32,1.7773445425005558e+18
08d815c7-b66b-4e0f-86eb-cdf22f889a32,1.7773445425338977e+18
08d815c7-b66b-4e0f-86eb-cdf22f889a32,1.7773445425672407e+18
08d815c7-b66b-4e0f-86eb-cdf22f889a32,1.7773445426005827e+18
08d815c7-b66b-4e0f-86eb-cdf22f889a32,1.7773445426339256e+18
08d815c7-b66b-4e0f-86eb-cdf22f889a32,1.7773445426672676e+18
08d815c7-b66b-4e0f-86eb-cdf22f889a32,1.7773445427006106e+18
08d815c7-b66b-4e0f-86eb-cdf22f889a32,1.7773445427339528e+18
08d815c7-b66b-4e0f-86eb-cdf22f889a32,1.7773445427672947e+18
08d815c7-b66b-4e0f-86eb-cdf22f889a32,1.7773445428006377e+18
08d815c7-b66b-4e0f-86eb-cdf22f889a32,1.7773445428339796e+18
08d815c7-b66b-4e0f-86eb-cdf22f889a32,1.7773445428673226e+18
08d815c7-b66b-4e0f-86eb-cdf22f889a32,1.7773445429006646e+18
08d815c7-b66b-4e0f-86eb-cdf22f889a32,1.7773445429340076e+18
08d815c7-b66b-4e0f-86eb-cdf22f889a32,1.7773445429673498e+18
08d815c7-b66b-4e0f-86eb-cdf22f889a32,1.7773445430006927e+18
08d815c7-b66b-4e0f-86eb-cdf22f889a32,1.7773445430340347e+18
08d815c7-b66b-4e0f-86eb-cdf22f889a32,1.7773445430673766e+18
08d815c7-b66b-4e0f-86eb-cdf22f889a32,1.7773445431007196e+18
08d815c7-b66b-4e0f-86eb-cdf22f889a32,1.7773445431340616e+18
08d815c7-b66b-4e0f-86eb-cdf22f889a32,1.7773445431674048e+18
08d815c7-b66b-4e0f-86eb-cdf22f889a32,1.7773445432007468e+18
08d815c7-b66b-4e0f-86eb-cdf22f889a32,1.7773445432340897e+18
08d815c7-b66b-4e0f-86eb-cdf22f889a32,1.7773445432674317e+18
08d815c7-b66b-4e0f-86eb-cdf22f889a32,1.7773445433007747e+18
08d815c7-b66b-4e0f-86eb-cdf22f889a32,1.7773445433341166e+18
08d815c7-b66b-4e0f-86eb-cdf22f889a32,1.7773445433674596e+18
08d815c7-b66b-4e0f-86eb-cdf22f889a32,1.7773445434008018e+18
08d815c7-b66b-4e0f-86eb-cdf22f889a32,1.7773445434341437e+18
08d815c7-b66b-4e0f-86eb-cdf22f889a32,1.7773445434674867e+18
08d815c7-b66b-4e0f-86eb-cdf22f889a32,1.7773445435008287e+18
08d815c7-b66b-4e0f-86eb-cdf22f889a32,1.7773445435341716e+18
08d815c7-b66b-4e0f-86eb-cdf22f889a32,1.7773445435675136e+18
08d815c7-b66b-4e0f-86eb-cdf22f889a32,1.7773445436008566e+18
08d815c7-b66b-4e0f-86eb-cdf22f889a32,1.7773445436341988e+18
08d815c7-b66b-4e0f-86eb-cdf22f889a32,1.7773445436675418e+18
08d815c7-b66b-4e0f-86eb-cdf22f889a32,1.7773445437008837e+18
08d815c7-b66b-4e0f-86eb-cdf22f889a32,1.7773445437342257e+18
08d815c7-b66b-4e0f-86eb-cdf22f889a32,1.7773445437675686e+18
08d815c7-b66b-4e0f-86eb-cdf22f889a32,1.7773445438009106e+18
08d815c7-b66b-4e0f-86eb-cdf22f889a32,1.7773445438342536e+18
08d815c7-b66b-4e0f-86eb-cdf22f889a32,1.7773445438675958e+18
08d815c7-b66b-4e0f-86eb-cdf22f889a32,1.7773445439009388e+18
08d815c7-b66b-4e0f-86eb-cdf22f889a32,1.7773445439342807e+18
08d815c7-b66b-4e0f-86eb-cdf22f889a32,1.7773445439676237e+18
08d815c7-b66b-4e0f-86eb-cdf22f889a32,1.7773445440009656e+18
08d815c7-b66b-4e0f-86eb-cdf22f889a32,1.7773445440343076e+18
08d815c7-b66b-4e0f-86eb-cdf22f889a32,1.7773445440676506e+18
08d815c7-b66b-4e0f-86eb-cdf22f889a32,1.7773445441009928e+18
08d815c7-b66b-4e0f-86eb-cdf22f889a32,1.7773445441343357e+18
08d815c7-b66b-4e0f-86eb-cdf22f889a32,1.7773445441676777e+18
08d815c7-b66b-4e0f-86eb-cdf22f889a32,1.7773445442010207e+18
08d815c7-b66b-4e0f-86eb-cdf22f889a32,1.7773445442343626e+18
08d815c7-b66b-4e0f-86eb-cdf22f889a32,1.7773445442677056e+18
08d815c7-b66b-4e0f-86eb-cdf22f889a32,1.7773445443010476e+18
08d815c7-b66b-4e0f-86eb-cdf22f889a32,1.7773445443343898e+18
08d815c7-b66b-4e0f-86eb-cdf22f889a32,1.7773445443677327e+18
08d815c7-b66b-4e0f-86eb-cdf22f889a32,1.7773445444010747e+18
08d815c7-b66b-4e0f-86eb-cdf22f889a32,1.7773445444344177e+18
08d815c7-b66b-4e0f-86eb-cdf22f889a32,1.7773445444677596e+18
08d815c7-b66b-4e0f-86eb-cdf22f889a32,1.7773445445011026e+18
08d815c7-b66b-4e0f-86eb-cdf22f889a32,1.7773445445344448e+18
08d815c7-b66b-4e0f-86eb-cdf22f889a32,1.7773445445677878e+18
08d815c7-b66b-4e0f-86eb-cdf22f889a32,1.7773445446011297e+18
08d815c7-b66b-4e0f-86eb-cdf22f889a32,1.7773445446344727e+18
08d815c7-b66b-4e0f-86eb-cdf22f889a32,1.7773445446678147e+18
08d815c7-b66b-4e0f-86eb-cdf22f889a32,1.7773445447011566e+18
08d815c7-b66b-4e0f-86eb-cdf22f889a32,1.7773445447344996e+18
08d815c7-b66b-4e0f-86eb-cdf22f889a32,1.7773445447678418e+18
08d815c7-b66b-4e0f-86eb-cdf22f889a32,1.7773445448011848e+18
08d815c7-b66b-4e0f-86eb-cdf22f889a32,1.7773445448345267e+18
08d815c7-b66b-4e0f-86eb-cdf22f889a32,1.7773445448678697e+18
08d815c7-b66b-4e0f-86eb-cdf22f889a32,1.7773445449012116e+18
08d815c7-b66b-4e0f-86eb-cdf22f889a32,1.7773445449345536e+18
08d815c7-b66b-4e0f-86eb-cdf22f889a32,1.7773445449678966e+18
08d815c7-b66b-4e0f-86eb-cdf22f889a32,1.7773445450012388e+18
08d815c7-b66b-4e0f-86eb-cdf22f889a32,1.7773445450345818e+18
08d815c7-b66b-4e0f-86eb-cdf22f889a32,1.7773445450679237e+18
08d815c7-b66b-4e0f-86eb-cdf22f889a32,1.7773445451012667e+18
08d815c7-b66b-4e0f-86eb-cdf22f889a32,1.7773445451346086e+18
08d815c7-b66b-4e0f-86eb-cdf22f889a32,1.7773445451679516e+18
08d815c7-b66b-4e0f-86eb-cdf22f889a32,1.7773445452012936e+18
08d815c7-b66b-4e0f-86eb-cdf22f889a32,1.7773445452346368e+18
08d815c7-b66b-4e0f-86eb-cdf22f889a32,1.7773445452679788e+18
08d815c7-b66b-4e0f-86eb-cdf22f889a32,1.7773445453013207e+18
08d815c7-b66b-4e0f-86eb-cdf22f889a32,1.7773445453346637e+18
08d815c7-b66b-4e0f-86eb-cdf22f889a32,1.7773445453680056e+18
08d815c7-b66b-4e0f-86eb-cdf22f889a32,1.7773445454013486e+18
08d815c7-b66b-4e0f-86eb-cdf22f889a32,1.7773445454346906e+18
08d815c7-b66b-4e0f-86eb-cdf22f889a32,1.7773445454680338e+18
08d815c7-b66b-4e0f-86eb-cdf22f889a32,1.7773445455013757e+18
08d815c7-b66b-4e0f-86eb-cdf22f889a32,1.7773445455347187e+18
08d815c7-b66b-4e0f-86eb-cdf22f889a32,1.7773445455680607e+18
08d815c7-b66b-4e0f-86eb-cdf22f889a32,1.7773445456014026e+18
08d815c7-b66b-4e0f-86eb-cdf22f889a32,1.7773445456347456e+18
08d815c7-b66b-4e0f-86eb-cdf22f889a32,1.7773445456680876e+18
08d815c7-b66b-4e0f-86eb-cdf22f889a32,1.7773445457014308e+18
08d815c7-b66b-4e0f-86eb-cdf22f889a32,1.7773445457347727e+18
08d815c7-b66b-4e0f-86eb-cdf22f889a32,1.7773445457681157e+18
08d815c7-b66b-4e0f-86eb-cdf22f889a32,1.7773445458014577e+18
08d815c7-b66b-4e0f-86eb-cdf22f889a32,1.7773445458348006e+18
08d815c7-b66b-4e0f-86eb-cdf22f889a32,1.7773445458681426e+18
08d815c7-b66b-4e0f-86eb-cdf22f889a32,1.7773445459014848e+18
08d815c7-b66b-4e0f-86eb-cdf22f889a32,1.7773445459348278e+18
08d815c7-b66b-4e0f-86eb-cdf22f889a32,1.7773445459681697e+18
08d815c7-b66b-4e0f-86eb-cdf22f889a32,1.7773445460015127e+18
08d815c7-b66b-4e0f-86eb-cdf22f889a32,1.7773445460348547e+18
08d815c7-b66b-4e0f-86eb-cdf22f889a32,1.7773445460681976e+18
08d815c7-b66b-4e0f-86eb-cdf22f889a32,1.7773445461015396e+18
08d815c7-b66b-4e0f-86eb-cdf22f889a32,1.7773445461348826e+18
08d815c7-b66b-4e0f-86eb-cdf22f889a32,1.7773445461682248e+18
08d815c7-b66b-4e0f-86eb-cdf22f889a32,1.7773445462015667e+18
08d815c7-b66b-4e0f-86eb-cdf22f889a32,1.7773445462349097e+18
08d815c7-b66b-4e0f-86eb-cdf22f889a32,1.7773445462682516e+18
08d815c7-b66b-4e0f-86eb-cdf22f889a32,1.7773445463015946e+18
08d815c7-b66b-4e0f-86eb-cdf22f889a32,1.7773445463349366e+18
08d815c7-b66b-4e0f-86eb-cdf22f889a32,1.7773445463682796e+18
08d815c7-b66b-4e0f-86eb-cdf22f889a32,1.7773445464016218e+18
08d815c7-b66b-4e0f-86eb-cdf22f889a32,1.7773445464349647e+18
08d815c7-b66b-4e0f-86eb-cdf22f889a32,1.7773445464683067e+18
08d815c7-b66b-4e0f-86eb-cdf22f889a32,1.7773445465016497e+18
08d815c7-b66b-4e0f-86eb-cdf22f889a32,1.7773445465349916e+18
08d815c7-b66b-4e0f-86eb-cdf22f889a32,1.7773445465683336e+18
08d815c7-b66b-4e0f-86eb-cdf22f889a32,1.7773445466016768e+18
08d815c7-b66b-4e0f-86eb-cdf22f889a32,1.7773445466350188e+18
08d815c7-b66b-4e0f-86eb-cdf22f889a32,1.7773445466683617e+18
08d815c7-b66b-4e0f-86eb-cdf22f889a32,1.7773445467017037e+18
08d815c7-b66b-4e0f-86eb-cdf22f889a32,1.7773445467350467e+18
08d815c7-b66b-4e0f-86eb-cdf22f889a32,1.7773445467683886e+18
08d815c7-b66b-4e0f-86eb-cdf22f889a32,1.7773445468017306e+18
08d815c7-b66b-4e0f-86eb-cdf22f889a32,1.7773445468350738e+18
08d815c7-b66b-4e0f-86eb-cdf22f889a32,1.7773445468684157e+18
08d815c7-b66b-4e0f-86eb-cdf22f889a32,1.7773445469017587e+18
08d815c7-b66b-4e0f-86eb-cdf22f889a32,1.7773445469351007e+18
08d815c7-b66b-4e0f-86eb-cdf22f889a32,1.7773445469684436e+18
08d815c7-b66b-4e0f-86eb-cdf22f889a32,1.7773445470017856e+18
08d815c7-b66b-4e0f-86eb-cdf22f889a32,1.7773445470351286e+18
08d815c7-b66b-4e0f-86eb-cdf22f889a32,1.7773445470684708e+18
08d815c7-b66b-4e0f-86eb-cdf22f889a32,1.7773445471018138e+18
08d815c7-b66b-4e0f-86eb-cdf22f889a32,1.7773445471351557e+18
08d815c7-b66b-4e0f-86eb-cdf22f889a32,1.7773445471684977e+18
08d815c7-b66b-4e0f-86eb-cdf22f889a32,1.7773445472018406e+18
08d815c7-b66b-4e0f-86eb-cdf22f889a32,1.7773445472351826e+18
08d815c7-b66b-4e0f-86eb-cdf22f889a32,1.7773445472685256e+18
08d815c7-b66b-4e0f-86eb-cdf22f889a32,1.7773445473018678e+18
08d815c7-b66b-4e0f-86eb-cdf22f889a32,1.7773445473352108e+18
08d815c7-b66b-4e0f-86eb-cdf22f889a32,1.7773445473685527e+18
08d815c7-b66b-4e0f-86eb-cdf22f889a32,1.7773445474018957e+18
08d815c7-b66b-4e0f-86eb-cdf22f889a32,1.7773445474352376e+18
08d815c7-b66b-4e0f-86eb-cdf22f889a32,1.7773445474685796e+18
08d815c7-b66b-4e0f-86eb-cdf22f889a32,1.7773445475019226e+18
08d815c7-b66b-4e0f-86eb-cdf22f889a32,1.7773445475352648e+18
08d815c7-b66b-4e0f-86eb-cdf22f889a32,1.7773445475686077e+18
08d815c7-b66b-4e0f-86eb-cdf22f889a32,1.7773445476019497e+18
08d815c7-b66b-4e0f-86eb-cdf22f889a32,1.7773445476352927e+18
08d815c7-b66b-4e0f-86eb-cdf22f889a32,1.7773445476686346e+18
08d815c7-b66b-4e0f-86eb-cdf22f889a32,1.7773445477019776e+18
08d815c7-b66b-4e0f-86eb-cdf22f889a32,1.7773445477353196e+18
08d815c7-b66b-4e0f-86eb-cdf22f889a32,1.7773445477686618e+18
08d815c7-b66b-4e0f-86eb-cdf22f889a32,1.7773445478020047e+18
08d815c7-b66b-4e0f-86eb-cdf22f889a32,1.7773445478353467e+18
08d815c7-b66b-4e0f-86eb-cdf22f889a32,1.7773445478686897e+18
08d815c7-b66b-4e0f-86eb-cdf22f889a32,1.7773445479020316e+18
08d815c7-b66b-4e0f-86eb-cdf22f889a32,1.7773445479353746e+18
08d815c7-b66b-4e0f-86eb-cdf22f889a32,1.7773445479687168e+18
08d815c7-b66b-4e0f-86eb-cdf22f889a32,1.7773445480020598e+18
08d815c7-b66b-4e0f-86eb-cdf22f889a32,1.7773445480354017e+18
08d815c7-b66b-4e0f-86eb-cdf22f889a32,1.7773445480687437e+18
08d815c7-b66b-4e0f-86eb-cdf22f889a32,1.7773445481020867e+18
08d815c7-b66b-4e0f-86eb-cdf22f889a32,1.7773445481354286e+18
08d815c7-b66b-4e0f-86eb-cdf22f889a32,1.7773445481687716e+18
08d815c7-b66b-4e0f-86eb-cdf22f889a32,1.7773445482021138e+18
08d815c7-b66b-4e0f-86eb-cdf22f889a32,1.7773445482354568e+18
08d815c7-b66b-4e0f-86eb-cdf22f889a32,1.7773445482687987e+18
08d815c7-b66b-4e0f-86eb-cdf22f889a32,1.7773445483021417e+18
08d815c7-b66b-4e0f-86eb-cdf22f889a32,1.7773445483354836e+18
08d815c7-b66b-4e0f-86eb-cdf22f889a32,1.7773445483688266e+18
08d815c7-b66b-4e0f-86eb-cdf22f889a32,1.7773445484021686e+18
08d815c7-b66b-4e0f-86eb-cdf22f889a32,1.7773445484355108e+18
08d815c7-b66b-4e0f-86eb-cdf22f889a32,1.7773445484688538e+18
08d815c7-b66b-4e0f-86eb-cdf22f889a32,1.7773445485021957e+18
08d815c7-b66b-4e0f-86eb-cdf22f889a32,1.7773445485355387e+18
08d815c7-b66b-4e0f-86eb-cdf22f889a32,1.7773445485688806e+18
08d815c7-b66b-4e0f-86eb-cdf22f889a32,1.7773445486022236e+18
08d815c7-b66b-4e0f-86eb-cdf22f889a32,1.7773445486355656e+18
08d815c7-b66b-4e0f-86eb-cdf22f889a32,1.7773445486689078e+18
08d815c7-b66b-4e0f-86eb-cdf22f889a32,1.7773445487022508e+18
08d815c7-b66b-4e0f-86eb-cdf22f889a32,1.7773445487355927e+18
08d815c7-b66b-4e0f-86eb-cdf22f889a32,1.7773445487689357e+18
08d815c7-b66b-4e0f-86eb-cdf22f889a32,1.7773445488022776e+18
08d815c7-b66b-4e0f-86eb-cdf22f889a32,1.7773445488356206e+18
08d815c7-b66b-4e0f-86eb-cdf22f889a32,1.7773445488689626e+18
08d815c7-b66b-4e0f-86eb-cdf22f889a32,1.7773445489023058e+18
08d815c7-b66b-4e0f-86eb-cdf22f889a32,1.7773445489356477e+18
08d815c7-b66b-4e0f-86eb-cdf22f889a32,1.7773445489689907e+18
08d815c7-b66b-4e0f-86eb-cdf22f889a32,1.7773445490023327e+18
08d815c7-b66b-4e0f-86eb-cdf22f889a32,1.7773445490356746e+18
08d815c7-b66b-4e0f-86eb-cdf22f889a32,1.7773445490690176e+18
08d815c7-b66b-4e0f-86eb-cdf22f889a32,1.7773445491023596e+18
08d815c7-b66b-4e0f-86eb-cdf22f889a32,1.7773445491357028e+18
08d815c7-b66b-4e0f-86eb-cdf22f889a32,1.7773445491690447e+18
08d815c7-b66b-4e0f-86eb-cdf22f889a32,1.7773445492023877e+18
08d815c7-b66b-4e0f-86eb-cdf22f889a32,1.7773445492357297e+18
08d815c7-b66b-4e0f-86eb-cdf22f889a32,1.7773445492690726e+18
08d815c7-b66b-4e0f-86eb-cdf22f889a32,1.7773445493024146e+18
08d815c7-b66b-4e0f-86eb-cdf22f889a32,1.7773445493357568e+18
08d815c7-b66b-4e0f-86eb-cdf22f889a32,1.7773445493690998e+18
08d815c7-b66b-4e0f-86eb-cdf22f889a32,1.7773445494024417e+18
08d815c7-b66b-4e0f-86eb-cdf22f889a32,1.7773445494357847e+18
08d815c7-b66b-4e0f-86eb-cdf22f889a32,1.7773445494691267e+18
08d815c7-b66b-4e0f-86eb-cdf22f889a32,1.7773445495024696e+18
08d815c7-b66b-4e0f-86eb-cdf22f889a32,1.7773445495358116e+18
08d815c7-b66b-4e0f-86eb-cdf22f889a32,1.7773445495691546e+18
08d815c7-b66b-4e0f-86eb-cdf22f889a32,1.7773445496024968e+18
08d815c7-b66b-4e0f-86eb-cdf22f889a32,1.7773445496358387e+18
08d815c7-b66b-4e0f-86eb-cdf22f889a32,1.7773445496691817e+18
08d815c7-b66b-4e0f-86eb-cdf22f889a32,1.7773445497025236e+18
08d815c7-b66b-4e0f-86eb-cdf22f889a32,1.7773445497358666e+18
08d815c7-b66b-4e0f-86eb-cdf22f889a32,1.7773445497692086e+18
08d815c7-b66b-4e0f-86eb-cdf22f889a32,1.7773445498025516e+18
08d815c7-b66b-4e0f-86eb-cdf22f889a32,1.7773445498358938e+18
08d815c7-b66b-4e0f-86eb-cdf22f889a32,1.7773445498692367e+18
08d815c7-b66b-4e0f-86eb-cdf22f889a32,1.7773445499025787e+18
08d815c7-b66b-4e0f-86eb-cdf22f889a32,1.7773445499359206e+18
08d815c7-b66b-4e0f-86eb-cdf22f889a32,1.7773445499692636e+18
08d815c7-b66b-4e0f-86eb-cdf22f889a32,1.7773445500026056e+18
08d815c7-b66b-4e0f-86eb-cdf22f889a32,1.7773445500359488e+18
08d815c7-b66b-4e0f-86eb-cdf22f889a32,1.7773445500692908e+18
08d815c7-b66b-4e0f-86eb-cdf22f889a32,1.7773445501026337e+18
08d815c7-b66b-4e0f-86eb-cdf22f889a32,1.7773445501359757e+18
08d815c7-b66b-4e0f-86eb-cdf22f889a32,1.7773445501693187e+18
08d815c7-b66b-4e0f-86eb-cdf22f889a32,1.7773445502026606e+18
08d815c7-b66b-4e0f-86eb-cdf22f889a32,1.7773445502360026e+18
08d815c7-b66b-4e0f-86eb-cdf22f889a32,1.7773445502693458e+18
08d815c7-b66b-4e0f-86eb-cdf22f889a32,1.7773445503026877e+18
08d815c7-b66b-4e0f-86eb-cdf22f889a32,1.7773445503360307e+18
08d815c7-b66b-4e0f-86eb-cdf22f889a32,1.7773445503693727e+18
08d815c7-b66b-4e0f-86eb-cdf22f889a32,1.7773445504027156e+18
08d815c7-b66b-4e0f-86eb-cdf22f889a32,1.7773445504360576e+18
08d815c7-b66b-4e0f-86eb-cdf22f889a32,1.7773445504694006e+18
08d815c7-b66b-4e0f-86eb-cdf22f889a32,1.7773445505027428e+18
08d815c7-b66b-4e0f-86eb-cdf22f889a32,1.7773445505360847e+18
08d815c7-b66b-4e0f-86eb-cdf22f889a32,1.7773445505694277e+18
08d815c7-b66b-4e0f-86eb-cdf22f889a32,1.7773445506027697e+18
08d815c7-b66b-4e0f-86eb-cdf22f889a32,1.7773445506361126e+18
08d815c7-b66b-4e0f-86eb-cdf22f889a32,1.7773445506694546e+18
08d815c7-b66b-4e0f-86eb-cdf22f889a32,1.7773445507027976e+18
08d815c7-b66b-4e0f-86eb-cdf22f889a32,1.7773445507361398e+18
08d815c7-b66b-4e0f-86eb-cdf22f889a32,1.7773445507694828e+18
08d815c7-b66b-4e0f-86eb-cdf22f889a32,1.7773445508028247e+18
08d815c7-b66b-4e0f-86eb-cdf22f889a32,1.7773445508361677e+18
08d815c7-b66b-4e0f-86eb-cdf22f889a32,1.7773445508695096e+18
08d815c7-b66b-4e0f-86eb-cdf22f889a32,1.7773445509028516e+18
08d815c7-b66b-4e0f-86eb-cdf22f889a32,1.7773445509361946e+18
08d815c7-b66b-4e0f-86eb-cdf22f889a32,1.7773445509695368e+18
08d815c7-b66b-4e0f-86eb-cdf22f889a32,1.7773445510028797e+18
08d815c7-b66b-4e0f-86eb-cdf22f889a32,1.7773445510362217e+18
08d815c7-b66b-4e0f-86eb-cdf22f889a32,1.7773445510695647e+18
08d815c7-b66b-4e0f-86eb-cdf22f889a32,1.7773445511029066e+18
08d815c7-b66b-4e0f-86eb-cdf22f889a32,1.7773445511362496e+18
08d815c7-b66b-4e0f-86eb-cdf22f889a32,1.7773445511695916e+18
08d815c7-b66b-4e0f-86eb-cdf22f889a32,1.7773445512029338e+18
08d815c7-b66b-4e0f-86eb-cdf22f889a32,1.7773445512362767e+18
08d815c7-b66b-4e0f-86eb-cdf22f889a32,1.7773445512696187e+18
08d815c7-b66b-4e0f-86eb-cdf22f889a32,1.7773445513029617e+18
08d815c7-b66b-4e0f-86eb-cdf22f889a32,1.7773445513363036e+18
08d815c7-b66b-4e0f-86eb-cdf22f889a32,1.7773445513696466e+18
08d815c7-b66b-4e0f-86eb-cdf22f889a32,1.7773445514029888e+18
08d815c7-b66b-4e0f-86eb-cdf22f889a32,1.7773445514363318e+18
08d815c7-b66b-4e0f-86eb-cdf22f889a32,1.7773445514696737e+18
08d815c7-b66b-4e0f-86eb-cdf22f889a32,1.7773445515030157e+18
08d815c7-b66b-4e0f-86eb-cdf22f889a32,1.7773445515363587e+18
08d815c7-b66b-4e0f-86eb-cdf22f889a32,1.7773445515697006e+18
08d815c7-b66b-4e0f-86eb-cdf22f889a32,1.7773445516030436e+18
08d815c7-b66b-4e0f-86eb-cdf22f889a32,1.7773445516363858e+18
08d815c7-b66b-4e0f-86eb-cdf22f889a32,1.7773445516697288e+18
08d815c7-b66b-4e0f-86eb-cdf22f889a32,1.7773445517030707e+18
08d815c7-b66b-4e0f-86eb-cdf22f889a32,1.7773445517364137e+18
08d815c7-b66b-4e0f-86eb-cdf22f889a32,1.7773445517697556e+18
08d815c7-b66b-4e0f-86eb-cdf22f889a32,1.7773445518030976e+18
08d815c7-b66b-4e0f-86eb-cdf22f889a32,1.7773445518364406e+18
08d815c7-b66b-4e0f-86eb-cdf22f889a32,1.7773445518697828e+18
08d815c7-b66b-4e0f-86eb-cdf22f889a32,1.7773445519031258e+18
08d815c7-b66b-4e0f-86eb-cdf22f889a32,1.7773445519364677e+18
08d815c7-b66b-4e0f-86eb-cdf22f889a32,1.7773445519698107e+18
08d815c7-b66b-4e0f-86eb-cdf22f889a32,1.7773445520031526e+18
08d815c7-b66b-4e0f-86eb-cdf22f889a32,1.7773445520364956e+18
08d815c7-b66b-4e0f-86eb-cdf22f889a32,1.7773445520698376e+18
08d815c7-b66b-4e0f-86eb-cdf22f889a32,1.7773445521031808e+18
08d815c7-b66b-4e0f-86eb-cdf22f889a32,1.7773445521365228e+18
08d815c7-b66b-4e0f-86eb-cdf22f889a32,1.7773445521698647e+18
08d815c7-b66b-4e0f-86eb-cdf22f889a32,1.7773445522032077e+18
08d815c7-b66b-4e0f-86eb-cdf22f889a32,1.7773445522365496e+18
08d815c7-b66b-4e0f-86eb-cdf22f889a32,1.7773445522698926e+18
08d815c7-b66b-4e0f-86eb-cdf22f889a32,1.7773445523032346e+18
08d815c7-b66b-4e0f-86eb-cdf22f889a32,1.7773445523365778e+18
08d815c7-b66b-4e0f-86eb-cdf22f889a32,1.7773445523699197e+18
08d815c7-b66b-4e0f-86eb-cdf22f889a32,1.7773445524032617e+18
08d815c7-b66b-4e0f-86eb-cdf22f889a32,1.7773445524366047e+18
08d815c7-b66b-4e0f-86eb-cdf22f889a32,1.7773445524699466e+18
08d815c7-b66b-4e0f-86eb-cdf22f889a32,1.7773445525032896e+18
08d815c7-b66b-4e0f-86eb-cdf22f889a32,1.7773445525366316e+18
08d815c7-b66b-4e0f-86eb-cdf22f889a32,1.7773445525699748e+18
08d815c7-b66b-4e0f-86eb-cdf22f889a32,1.7773445526033167e+18
08d815c7-b66b-4e0f-86eb-cdf22f889a32,1.7773445526366597e+18
08d815c7-b66b-4e0f-86eb-cdf22f889a32,1.7773445526700017e+18
08d815c7-b66b-4e0f-86eb-cdf22f889a32,1.7773445527033446e+18
08d815c7-b66b-4e0f-86eb-cdf22f889a32,1.7773445527366866e+18
08d815c7-b66b-4e0f-86eb-cdf22f889a32,1.7773445527700288e+18
08d815c7-b66b-4e0f-86eb-cdf22f889a32,1.7773445528033718e+18
08d815c7-b66b-4e0f-86eb-cdf22f889a32,1.7773445528367137e+18
08d815c7-b66b-4e0f-86eb-cdf22f889a32,1.7773445528700567e+18
08d815c7-b66b-4e0f-86eb-cdf22f889a32,1.7773445529033987e+18
08d815c7-b66b-4e0f-86eb-cdf22f889a32,1.7773445529367416e+18
08d815c7-b66b-4e0f-86eb-cdf22f889a32,1.7773445529700836e+18
08d815c7-b66b-4e0f-86eb-cdf22f889a32,1.7773445530034266e+18
08d815c7-b66b-4e0f-86eb-cdf22f889a32,1.7773445530367688e+18
08d815c7-b66b-4e0f-86eb-cdf22f889a32,1.7773445530701107e+18
08d815c7-b66b-4e0f-86eb-cdf22f889a32,1.7773445531034537e+18
08d815c7-b66b-4e0f-86eb-cdf22f889a32,1.7773445531367956e+18
08d815c7-b66b-4e0f-86eb-cdf22f889a32,1.7773445531701386e+18
08d815c7-b66b-4e0f-86eb-cdf22f889a32,1.7773445532034806e+18
08d815c7-b66b-4e0f-86eb-cdf22f889a32,1.7773445532368236e+18
08d815c7-b66b-4e0f-86eb-cdf22f889a32,1.7773445532701658e+18
08d815c7-b66b-4e0f-86eb-cdf22f889a32,1.7773445533035087e+18
08d815c7-b66b-4e0f-86eb-cdf22f889a32,1.7773445533368507e+18
08d815c7-b66b-4e0f-86eb-cdf22f889a32,1.7773445533701926e+18
08d815c7-b66b-4e0f-86eb-cdf22f889a32,1.7773445534035356e+18
08d815c7-b66b-4e0f-86eb-cdf22f889a32,1.7773445534368776e+18
08d815c7-b66b-4e0f-86eb-cdf22f889a32,1.7773445534702208e+18
08d815c7-b66b-4e0f-86eb-cdf22f889a32,1.7773445535035628e+18
08d815c7-b66b-4e0f-86eb-cdf22f889a32,1.7773445535369057e+18
08d815c7-b66b-4e0f-86eb-cdf22f889a32,1.7773445535702477e+18
08d815c7-b66b-4e0f-86eb-cdf22f889a32,1.7773445536035907e+18
08d815c7-b66b-4e0f-86eb-cdf22f889a32,1.7773445536369326e+18
08d815c7-b66b-4e0f-86eb-cdf22f889a32,1.7773445536702746e+18
08d815c7-b66b-4e0f-86eb-cdf22f889a32,1.7773445537036178e+18
08d815c7-b66b-4e0f-86eb-cdf22f889a32,1.7773445537369597e+18
08d815c7-b66b-4e0f-86eb-cdf22f889a32,1.7773445537703027e+18
08d815c7-b66b-4e0f-86eb-cdf22f889a32,1.7773445538036447e+18
08d815c7-b66b-4e0f-86eb-cdf22f889a32,1.7773445538369876e+18
08d815c7-b66b-4e0f-86eb-cdf22f889a32,1.7773445538703296e+18
08d815c7-b66b-4e0f-86eb-cdf22f889a32,1.7773445539036726e+18
08d815c7-b66b-4e0f-86eb-cdf22f889a32,1.7773445539370148e+18
08d815c7-b66b-4e0f-86eb-cdf22f889a32,1.7773445539703578e+18
08d815c7-b66b-4e0f-86eb-cdf22f889a32,1.7773445540036997e+18
08d815c7-b66b-4e0f-86eb-cdf22f889a32,1.7773445540370417e+18
08d815c7-b66b-4e0f-86eb-cdf22f889a32,1.7773445540703846e+18
08d815c7-b66b-4e0f-86eb-cdf22f889a32,1.7773445541037266e+18
08d815c7-b66b-4e0f-86eb-cdf22f889a32,1.7773445541370696e+18
08d815c7-b66b-4e0f-86eb-cdf22f889a32,1.7773445541704118e+18
08d815c7-b66b-4e0f-86eb-cdf22f889a32,1.7773445542037548e+18
08d815c7-b66b-4e0f-86eb-cdf22f889a32,1.7773445542370967e+18
08d815c7-b66b-4e0f-86eb-cdf22f889a32,1.7773445542704387e+18
08d815c7-b66b-4e0f-86eb-cdf22f889a32,1.7773445543037816e+18
08d815c7-b66b-4e0f-86eb-cdf22f889a32,1.7773445543371236e+18
08d815c7-b66b-4e0f-86eb-cdf22f889a32,1.7773445543704666e+18
08d815c7-b66b-4e0f-86eb-cdf22f889a32,1.7773445544038088e+18
08d815c7-b66b-4e0f-86eb-cdf22f889a32,1.7773445544371517e+18
08d815c7-b66b-4e0f-86eb-cdf22f889a32,1.7773445544704937e+18
08d815c7-b66b-4e0f-86eb-cdf22f889a32,1.7773445545038367e+18
08d815c7-b66b-4e0f-86eb-cdf22f889a32,1.7773445545371786e+18
08d815c7-b66b-4e0f-86eb-cdf22f889a32,1.7773445545705216e+18
08d815c7-b66b-4e0f-86eb-cdf22f889a32,1.7773445546038636e+18
08d815c7-b66b-4e0f-86eb-cdf22f889a32,1.7773445546372058e+18
08d815c7-b66b-4e0f-86eb-cdf22f889a32,1.7773445546705487e+18
08d815c7-b66b-4e0f-86eb-cdf22f889a32,1.7773445547038907e+18
08d815c7-b66b-4e0f-86eb-cdf22f889a32,1.7773445547372337e+18
08d815c7-b66b-4e0f-86eb-cdf22f889a32,1.7773445547705756e+18
08d815c7-b66b-4e0f-86eb-cdf22f889a32,1.7773445548039186e+18
08d815c7-b66b-4e0f-86eb-cdf22f889a32,1.7773445548372608e+18
08d815c7-b66b-4e0f-86eb-cdf22f889a32,1.7773445548706038e+18
08d815c7-b66b-4e0f-86eb-cdf22f889a32,1.7773445549039457e+18
08d815c7-b66b-4e0f-86eb-cdf22f889a32,1.7773445549372877e+18
08d815c7-b66b-4e0f-86eb-cdf22f889a32,1.7773445549706307e+18
08d815c7-b66b-4e0f-86eb-cdf22f889a32,1.7773445550039726e+18
08d815c7-b66b-4e0f-86eb-cdf22f889a32,1.7773445550373156e+18
08d815c7-b66b-4e0f-86eb-cdf22f889a32,1.7773445550706578e+18
08d815c7-b66b-4e0f-86eb-cdf22f889a32,1.7773445551040008e+18
08d815c7-b66b-4e0f-86eb-cdf22f889a32,1.7773445551373427e+18
08d815c7-b66b-4e0f-86eb-cdf22f889a32,1.7773445551706857e+18
08d815c7-b66b-4e0f-86eb-cdf22f889a32,1.7773445552040276e+18
08d815c7-b66b-4e0f-86eb-cdf22f889a32,1.7773445552373696e+18
08d815c7-b66b-4e0f-86eb-cdf22f889a32,1.7773445552707126e+18
08d815c7-b66b-4e0f-86eb-cdf22f889a32,1.7773445553040548e+18
08d815c7-b66b-4e0f-86eb-cdf22f889a32,1.7773445553373978e+18
08d815c7-b66b-4e0f-86eb-cdf22f889a32,1.7773445553707397e+18
08d815c7-b66b-4e0f-86eb-cdf22f889a32,1.7773445554040827e+18
08d815c7-b66b-4e0f-86eb-cdf22f889a32,1.7773445554374246e+18
08d815c7-b66b-4e0f-86eb-cdf22f889a32,1.7773445554707676e+18
08d815c7-b66b-4e0f-86eb-cdf22f889a32,1.7773445555041096e+18
08d815c7-b66b-4e0f-86eb-cdf22f889a32,1.7773445555374518e+18
08d815c7-b66b-4e0f-86eb-cdf22f889a32,1.7773445555707948e+18
08d815c7-b66b-4e0f-86eb-cdf22f889a32,1.7773445556041367e+18
08d815c7-b66b-4e0f-86eb-cdf22f889a32,1.7773445556374797e+18
08d815c7-b66b-4e0f-86eb-cdf22f889a32,1.7773445556708216e+18
08d815c7-b66b-4e0f-86eb-cdf22f889a32,1.7773445557041646e+18
08d815c7-b66b-4e0f-86eb-cdf22f889a32,1.7773445557375066e+18
08d815c7-b66b-4e0f-86eb-cdf22f889a32,1.7773445557708498e+18
08d815c7-b66b-4e0f-86eb-cdf22f889a32,1.7773445558041917e+18
08d815c7-b66b-4e0f-86eb-cdf22f889a32,1.7773445558375347e+18
08d815c7-b66b-4e0f-86eb-cdf22f889a32,1.7773445558708767e+18
08d815c7-b66b-4e0f-86eb-cdf22f889a32,1.7773445559042186e+18
08d815c7-b66b-4e0f-86eb-cdf22f889a32,1.7773445559375616e+18
08d815c7-b66b-4e0f-86eb-cdf22f889a32,1.7773445559709036e+18
08d815c7-b66b-4e0f-86eb-cdf22f889a32,1.7773445560042468e+18
08d815c7-b66b-4e0f-86eb-cdf22f889a32,1.7773445560375887e+18
08d815c7-b66b-4e0f-86eb-cdf22f889a32,1.7773445560709317e+18
08d815c7-b66b-4e0f-86eb-cdf22f889a32,1.7773445561042737e+18
08d815c7-b66b-4e0f-86eb-cdf22f889a32,1.7773445561376156e+18
08d815c7-b66b-4e0f-86eb-cdf22f889a32,1.7773445561709586e+18
08d815c7-b66b-4e0f-86eb-cdf22f889a32,1.7773445562043008e+18
08d815c7-b66b-4e0f-86eb-cdf22f889a32,1.7773445562376438e+18
08d815c7-b66b-4e0f-86eb-cdf22f889a32,1.7773445562709857e+18
08d815c7-b66b-4e0f-86eb-cdf22f889a32,1.7773445563043287e+18
08d815c7-b66b-4e0f-86eb-cdf22f889a32,1.7773445563376707e+18
08d815c7-b66b-4e0f-86eb-cdf22f889a32,1.7773445563710136e+18
08d815c7-b66b-4e0f-86eb-cdf22f889a32,1.7773445564043556e+18
08d815c7-b66b-4e0f-86eb-cdf22f889a32,1.7773445564376986e+18
08d815c7-b66b-4e0f-86eb-cdf22f889a32,1.7773445564710408e+18
08d815c7-b66b-4e0f-86eb-cdf22f889a32,1.7773445565043827e+18
08d815c7-b66b-4e0f-86eb-cdf22f889a32,1.7773445565377257e+18
08d815c7-b66b-4e0f-86eb-cdf22f889a32,1.7773445565710676e+18
08d815c7-b66b-4e0f-86eb-cdf22f889a32,1.7773445566044106e+18
08d815c7-b66b-4e0f-86eb-cdf22f889a32,1.7773445566377526e+18
08d815c7-b66b-4e0f-86eb-cdf22f889a32,1.7773445566710956e+18
08d815c7-b66b-4e0f-86eb-cdf22f889a32,1.7773445567044378e+18
08d815c7-b66b-4e0f-86eb-cdf22f889a32,1.7773445567377807e+18
08d815c7-b66b-4e0f-86eb-cdf22f889a32,1.7773445567711227e+18
08d815c7-b66b-4e0f-86eb-cdf22f889a32,1.7773445568044646e+18
08d815c7-b66b-4e0f-86eb-cdf22f889a32,1.7773445568378076e+18
08d815c7-b66b-4e0f-86eb-cdf22f889a32,1.7773445568711496e+18
08d815c7-b66b-4e0f-86eb-cdf22f889a32,1.7773445569044928e+18
08d815c7-b66b-4e0f-86eb-cdf22f889a32,1.7773445569378348e+18
08d815c7-b66b-4e0f-86eb-cdf22f889a32,1.7773445569711777e+18
08d815c7-b66b-4e0f-86eb-cdf22f889a32,1.7773445570045197e+18
08d815c7-b66b-4e0f-86eb-cdf22f889a32,1.7773445570378627e+18
08d815c7-b66b-4e0f-86eb-cdf22f889a32,1.7773445570712046e+18
08d815c7-b66b-4e0f-86eb-cdf22f889a32,1.7773445571045466e+18
08d815c7-b66b-4e0f-86eb-cdf22f889a32,1.7773445571378898e+18
08d815c7-b66b-4e0f-86eb-cdf22f889a32,1.7773445571712317e+18
08d815c7-b66b-4e0f-86eb-cdf22f889a32,1.7773445572045747e+18
08d815c7-b66b-4e0f-86eb-cdf22f889a32,1.7773445572379167e+18
08d815c7-b66b-4e0f-86eb-cdf22f889a32,1.7773445572712596e+18
08d815c7-b66b-4e0f-86eb-cdf22f889a32,1.7773445573046016e+18
08d815c7-b66b-4e0f-86eb-cdf22f889a32,1.7773445573379446e+18
08d815c7-b66b-4e0f-86eb-cdf22f889a32,1.7773445573712868e+18
08d815c7-b66b-4e0f-86eb-cdf22f889a32,1.7773445574046287e+18
08d815c7-b66b-4e0f-86eb-cdf22f889a32,1.7773445574379717e+18
08d815c7-b66b-4e0f-86eb-cdf22f889a32,1.7773445574713137e+18
08d815c7-b66b-4e0f-86eb-cdf22f889a32,1.7773445575046566e+18
08d815c7-b66b-4e0f-86eb-cdf22f889a32,1.7773445575379986e+18
08d815c7-b66b-4e0f-86eb-cdf22f889a32,1.7773445575713416e+18
08d815c7-b66b-4e0f-86eb-cdf22f889a32,1.7773445576046838e+18
08d815c7-b66b-4e0f-86eb-cdf22f889a32,1.7773445576380268e+18
08d815c7-b66b-4e0f-86eb-cdf22f889a32,1.7773445576713687e+18
08d815c7-b66b-4e0f-86eb-cdf22f889a32,1.7773445577047117e+18
08d815c7-b66b-4e0f-86eb-cdf22f889a32,1.7773445577380536e+18
08d815c7-b66b-4e0f-86eb-cdf22f889a32,1.7773445577713956e+18
08d815c7-b66b-4e0f-86eb-cdf22f889a32,1.7773445578047386e+18
08d815c7-b66b-4e0f-86eb-cdf22f889a32,1.7773445578380808e+18
08d815c7-b66b-4e0f-86eb-cdf22f889a32,1.7773445578714237e+18
08d815c7-b66b-4e0f-86eb-cdf22f889a32,1.7773445579047657e+18
08d815c7-b66b-4e0f-86eb-cdf22f889a32,1.7773445579381087e+18
08d815c7-b66b-4e0f-86eb-cdf22f889a32,1.7773445579714506e+18
08d815c7-b66b-4e0f-86eb-cdf22f889a32,1.7773445580047936e+18
08d815c7-b66b-4e0f-86eb-cdf22f889a32,1.7773445580381356e+18
08d815c7-b66b-4e0f-86eb-cdf22f889a32,1.7773445580714778e+18
08d815c7-b66b-4e0f-86eb-cdf22f889a32,1.7773445581048207e+18
08d815c7-b66b-4e0f-86eb-cdf22f889a32,1.7773445581381627e+18
08d815c7-b66b-4e0f-86eb-cdf22f889a32,1.7773445581715057e+18
08d815c7-b66b-4e0f-86eb-cdf22f889a32,1.7773445582048476e+18
08d815c7-b66b-4e0f-86eb-cdf22f889a32,1.7773445582381906e+18
08d815c7-b66b-4e0f-86eb-cdf22f889a32,1.7773445582715328e+18
08d815c7-b66b-4e0f-86eb-cdf22f889a32,1.7773445583048758e+18
08d815c7-b66b-4e0f-86eb-cdf22f889a32,1.7773445583382177e+18
08d815c7-b66b-4e0f-86eb-cdf22f889a32,1.7773445583715597e+18
08d815c7-b66b-4e0f-86eb-cdf22f889a32,1.7773445584049027e+18
08d815c7-b66b-4e0f-86eb-cdf22f889a32,1.7773445584382446e+18
08d815c7-b66b-4e0f-86eb-cdf22f889a32,1.7773445584715876e+18
08d815c7-b66b-4e0f-86eb-cdf22f889a32,1.7773445585049298e+18
08d815c7-b66b-4e0f-86eb-cdf22f889a32,1.7773445585382728e+18
08d815c7-b66b-4e0f-86eb-cdf22f889a32,1.7773445585716147e+18
08d815c7-b66b-4e0f-86eb-cdf22f889a32,1.7773445586049577e+18
08d815c7-b66b-4e0f-86eb-cdf22f889a32,1.7773445586382996e+18
08d815c7-b66b-4e0f-86eb-cdf22f889a32,1.7773445586716416e+18
08d815c7-b66b-4e0f-86eb-cdf22f889a32,1.7773445587049846e+18
08d815c7-b66b-4e0f-86eb-cdf22f889a32,1.7773445587383268e+18
08d815c7-b66b-4e0f-86eb-cdf22f889a32,1.7773445587716698e+18
08d815c7-b66b-4e0f-86eb-cdf22f889a32,1.7773445588050117e+18
08d815c7-b66b-4e0f-86eb-cdf22f889a32,1.7773445588383547e+18
08d815c7-b66b-4e0f-86eb-cdf22f889a32,1.7773445588716966e+18
08d815c7-b66b-4e0f-86eb-cdf22f889a32,1.7773445589050396e+18
08d815c7-b66b-4e0f-86eb-cdf22f889a32,1.7773445589383816e+18
08d815c7-b66b-4e0f-86eb-cdf22f889a32,1.7773445589717248e+18
08d815c7-b66b-4e0f-86eb-cdf22f889a32,1.7773445590050668e+18
08d815c7-b66b-4e0f-86eb-cdf22f889a32,1.7773445590384087e+18
08d815c7-b66b-4e0f-86eb-cdf22f889a32,1.7773445590717517e+18
08d815c7-b66b-4e0f-86eb-cdf22f889a32,1.7773445591050936e+18
08d815c7-b66b-4e0f-86eb-cdf22f889a32,1.7773445591384366e+18
08d815c7-b66b-4e0f-86eb-cdf22f889a32,1.7773445591717786e+18
08d815c7-b66b-4e0f-86eb-cdf22f889a32,1.7773445592051218e+18
08d815c7-b66b-4e0f-86eb-cdf22f889a32,1.7773445592384637e+18
08d815c7-b66b-4e0f-86eb-cdf22f889a32,1.7773445592718067e+18
08d815c7-b66b-4e0f-86eb-cdf22f889a32,1.7773445593051487e+18
08d815c7-b66b-4e0f-86eb-cdf22f889a32,1.7773445593384906e+18
08d815c7-b66b-4e0f-86eb-cdf22f889a32,1.7773445593718336e+18
08d815c7-b66b-4e0f-86eb-cdf22f889a32,1.7773445594051756e+18
08d815c7-b66b-4e0f-86eb-cdf22f889a32,1.7773445594385188e+18
08d815c7-b66b-4e0f-86eb-cdf22f889a32,1.7773445594718607e+18
08d815c7-b66b-4e0f-86eb-cdf22f889a32,1.7773445595052037e+18
08d815c7-b66b-4e0f-86eb-cdf22f889a32,1.7773445595385457e+18
08d815c7-b66b-4e0f-86eb-cdf22f889a32,1.7773445595718886e+18
08d815c7-b66b-4e0f-86eb-cdf22f889a32,1.7773445596052306e+18
08d815c7-b66b-4e0f-86eb-cdf22f889a32,1.7773445596385728e+18
08d815c7-b66b-4e0f-86eb-cdf22f889a32,1.7773445596719158e+18
08d815c7-b66b-4e0f-86eb-cdf22f889a32,1.7773445597052577e+18
08d815c7-b66b-4e0f-86eb-cdf22f889a32,1.7773445597386007e+18
08d815c7-b66b-4e0f-86eb-cdf22f889a32,1.7773445597719427e+18
08d815c7-b66b-4e0f-86eb-cdf22f889a32,1.7773445598052856e+18
08d815c7-b66b-4e0f-86eb-cdf22f889a32,1.7773445598386276e+18
08d815c7-b66b-4e0f-86eb-cdf22f889a32,1.7773445598719706e+18
08d815c7-b66b-4e0f-86eb-cdf22f889a32,1.7773445599053128e+18
08d815c7-b66b-4e0f-86eb-cdf22f889a32,1.7773445599386547e+18
08d815c7-b66b-4e0f-86eb-cdf22f889a32,1.7773445599719977e+18
08d815c7-b66b-4e0f-86eb-cdf22f889a32,1.7773445600053396e+18
08d815c7-b66b-4e0f-86eb-cdf22f889a32,1.7773445600386826e+18
08d815c7-b66b-4e0f-86eb-cdf22f889a32,1.7773445600720246e+18
08d815c7-b66b-4e0f-86eb-cdf22f889a32,1.7773445601053676e+18
08d815c7-b66b-4e0f-86eb-cdf22f889a32,1.7773445601387098e+18
08d815c7-b66b-4e0f-86eb-cdf22f889a32,1.7773445601720527e+18
08d815c7-b66b-4e0f-86eb-cdf22f889a32,1.7773445602053947e+18
08d815c7-b66b-4e0f-86eb-cdf22f889a32,1.7773445602387366e+18
08d815c7-b66b-4e0f-86eb-cdf22f889a32,1.7773445602720796e+18
08d815c7-b66b-4e0f-86eb-cdf22f889a32,1.7773445603054216e+18
08d815c7-b66b-4e0f-86eb-cdf22f889a32,1.7773445603387648e+18
08d815c7-b66b-4e0f-86eb-cdf22f889a32,1.7773445603721068e+18
08d815c7-b66b-4e0f-86eb-cdf22f889a32,1.7773445604054497e+18
08d815c7-b66b-4e0f-86eb-cdf22f889a32,1.7773445604387917e+18
08d815c7-b66b-4e0f-86eb-cdf22f889a32,1.7773445604721347e+18
08d815c7-b66b-4e0f-86eb-cdf22f889a32,1.7773445605054766e+18
08d815c7-b66b-4e0f-86eb-cdf22f889a32,1.7773445605388186e+18
08d815c7-b66b-4e0f-86eb-cdf22f889a32,1.7773445605721618e+18
08d815c7-b66b-4e0f-86eb-cdf22f889a32,1.7773445606055037e+18
08d815c7-b66b-4e0f-86eb-cdf22f889a32,1.7773445606388467e+18
08d815c7-b66b-4e0f-86eb-cdf22f889a32,1.7773445606721887e+18
08d815c7-b66b-4e0f-86eb-cdf22f889a32,1.7773445607055316e+18
08d815c7-b66b-4e0f-86eb-cdf22f889a32,1.7773445607388736e+18
08d815c7-b66b-4e0f-86eb-cdf22f889a32,1.7773445607722166e+18
08d815c7-b66b-4e0f-86eb-cdf22f889a32,1.7773445608055588e+18
08d815c7-b66b-4e0f-86eb-cdf22f889a32,1.7773445608389018e+18
08d815c7-b66b-4e0f-86eb-cdf22f889a32,1.7773445608722437e+18
08d815c7-b66b-4e0f-86eb-cdf22f889a32,1.7773445609055857e+18
08d815c7-b66b-4e0f-86eb-cdf22f889a32,1.7773445609389286e+18
08d815c7-b66b-4e0f-86eb-cdf22f889a32,1.7773445609722706e+18
08d815c7-b66b-4e0f-86eb-cdf22f889a32,1.7773445610056136e+18
08d815c7-b66b-4e0f-86eb-cdf22f889a32,1.7773445610389558e+18
08d815c7-b66b-4e0f-86eb-cdf22f889a32,1.7773445610722988e+18
08d815c7-b66b-4e0f-86eb-cdf22f889a32,1.7773445611056407e+18
08d815c7-b66b-4e0f-86eb-cdf22f889a32,1.7773445611389837e+18
08d815c7-b66b-4e0f-86eb-cdf22f889a32,1.7773445611723256e+18
08d815c7-b66b-4e0f-86eb-cdf22f889a32,1.7773445612056676e+18
08d815c7-b66b-4e0f-86eb-cdf22f889a32,1.7773445612390106e+18
08d815c7-b66b-4e0f-86eb-cdf22f889a32,1.7773445612723528e+18
08d815c7-b66b-4e0f-86eb-cdf22f889a32,1.7773445613056957e+18
08d815c7-b66b-4e0f-86eb-cdf22f889a32,1.7773445613390377e+18
08d815c7-b66b-4e0f-86eb-cdf22f889a32,1.7773445613723807e+18
08d815c7-b66b-4e0f-86eb-cdf22f889a32,1.7773445614057226e+18
08d815c7-b66b-4e0f-86eb-cdf22f889a32,1.7773445614390656e+18
08d815c7-b66b-4e0f-86eb-cdf22f889a32,1.7773445614724076e+18
08d815c7-b66b-4e0f-86eb-cdf22f889a32,1.7773445615057498e+18
08d815c7-b66b-4e0f-86eb-cdf22f889a32,1.7773445615390927e+18
08d815c7-b66b-4e0f-86eb-cdf22f889a32,1.7773445615724347e+18
08d815c7-b66b-4e0f-86eb-cdf22f889a32,1.7773445616057777e+18
08d815c7-b66b-4e0f-86eb-cdf22f889a32,1.7773445616391196e+18
08d815c7-b66b-4e0f-86eb-cdf22f889a32,1.7773445616724626e+18
08d815c7-b66b-4e0f-86eb-cdf22f889a32,1.7773445617058048e+18
08d815c7-b66b-4e0f-86eb-cdf22f889a32,1.7773445617391478e+18
08d815c7-b66b-4e0f-86eb-cdf22f889a32,1.7773445617724897e+18
08d815c7-b66b-4e0f-86eb-cdf22f889a32,1.7773445618058317e+18
08d815c7-b66b-4e0f-86eb-cdf22f889a32,1.7773445618391747e+18
08d815c7-b66b-4e0f-86eb-cdf22f889a32,1.7773445618725166e+18
08d815c7-b66b-4e0f-86eb-cdf22f889a32,1.7773445619058596e+18
08d815c7-b66b-4e0f-86eb-cdf22f889a32,1.7773445619392018e+18
08d815c7-b66b-4e0f-86eb-cdf22f889a32,1.7773445619725448e+18
08d815c7-b66b-4e0f-86eb-cdf22f889a32,1.7773445620058867e+18
08d815c7-b66b-4e0f-86eb-cdf22f889a32,1.7773445620392297e+18
08d815c7-b66b-4e0f-86eb-cdf22f889a32,1.7773445620725716e+18
08d815c7-b66b-4e0f-86eb-cdf22f889a32,1.7773445621059146e+18
08d815c7-b66b-4e0f-86eb-cdf22f889a32,1.7773445621392566e+18
08d815c7-b66b-4e0f-86eb-cdf22f889a32,1.7773445621725988e+18
08d815c7-b66b-4e0f-86eb-cdf22f889a32,1.7773445622059418e+18
08d815c7-b66b-4e0f-86eb-cdf22f889a32,1.7773445622392837e+18
08d815c7-b66b-4e0f-86eb-cdf22f889a32,1.7773445622726267e+18
08d815c7-b66b-4e0f-86eb-cdf22f889a32,1.7773445623059686e+18
08d815c7-b66b-4e0f-86eb-cdf22f889a32,1.7773445623393116e+18
08d815c7-b66b-4e0f-86eb-cdf22f889a32,1.7773445623726536e+18
08d815c7-b66b-4e0f-86eb-cdf22f889a32,1.7773445624059958e+18
08d815c7-b66b-4e0f-86eb-cdf22f889a32,1.7773445624393388e+18
08d815c7-b66b-4e0f-86eb-cdf22f889a32,1.7773445624726807e+18
08d815c7-b66b-4e0f-86eb-cdf22f889a32,1.7773445625060237e+18
08d815c7-b66b-4e0f-86eb-cdf22f889a32,1.7773445625393656e+18
08d815c7-b66b-4e0f-86eb-cdf22f889a32,1.7773445625727086e+18
08d815c7-b66b-4e0f-86eb-cdf22f889a32,1.7773445626060506e+18
08d815c7-b66b-4e0f-86eb-cdf22f889a32,1.7773445626393938e+18
08d815c7-b66b-4e0f-86eb-cdf22f889a32,1.7773445626727357e+18
08d815c7-b66b-4e0f-86eb-cdf22f889a32,1.7773445627060787e+18
08d815c7-b66b-4e0f-86eb-cdf22f889a32,1.7773445627394207e+18
08d815c7-b66b-4e0f-86eb-cdf22f889a32,1.7773445627727626e+18
08d815c7-b66b-4e0f-86eb-cdf22f889a32,1.7773445628061056e+18
08d815c7-b66b-4e0f-86eb-cdf22f889a32,1.7773445628394476e+18
08d815c7-b66b-4e0f-86eb-cdf22f889a32,1.7773445628727908e+18
08d815c7-b66b-4e0f-86eb-cdf22f889a32,1.7773445629061327e+18
08d815c7-b66b-4e0f-86eb-cdf22f889a32,1.7773445629394757e+18
08d815c7-b66b-4e0f-86eb-cdf22f889a32,1.7773445629728177e+18
08d815c7-b66b-4e0f-86eb-cdf22f889a32,1.7773445630061606e+18
08d815c7-b66b-4e0f-86eb-cdf22f889a32,1.7773445630395026e+18
08d815c7-b66b-4e0f-86eb-cdf22f889a32,1.7773445630728448e+18
08d815c7-b66b-4e0f-86eb-cdf22f889a32,1.7773445631061878e+18
08d815c7-b66b-4e0f-86eb-cdf22f889a32,1.7773445631395297e+18
08d815c7-b66b-4e0f-86eb-cdf22f889a32,1.7773445631728727e+18
08d815c7-b66b-4e0f-86eb-cdf22f889a32,1.7773445632062147e+18
08d815c7-b66b-4e0f-86eb-cdf22f889a32,1.7773445632395576e+18
08d815c7-b66b-4e0f-86eb-cdf22f889a32,1.7773445632728996e+18
08d815c7-b66b-4e0f-86eb-cdf22f889a32,1.7773445633062426e+18
08d815c7-b66b-4e0f-86eb-cdf22f889a32,1.7773445633395848e+18
08d815c7-b66b-4e0f-86eb-cdf22f889a32,1.7773445633729267e+18
08d815c7-b66b-4e0f-86eb-cdf22f889a32,1.7773445634062697e+18
08d815c7-b66b-4e0f-86eb-cdf22f889a32,1.7773445634396116e+18
08d815c7-b66b-4e0f-86eb-cdf22f889a32,1.7773445634729546e+18
08d815c7-b66b-4e0f-86eb-cdf22f889a32,1.7773445635062966e+18
08d815c7-b66b-4e0f-86eb-cdf22f889a32,1.7773445635396396e+18
08d815c7-b66b-4e0f-86eb-cdf22f889a32,1.7773445635729818e+18
08d815c7-b66b-4e0f-86eb-cdf22f889a32,1.7773445636063247e+18
08d815c7-b66b-4e0f-86eb-cdf22f889a32,1.7773445636396667e+18
08d815c7-b66b-4e0f-86eb-cdf22f889a32,1.7773445636730086e+18
08d815c7-b66b-4e0f-86eb-cdf22f889a32,1.7773445637063516e+18
08d815c7-b66b-4e0f-86eb-cdf22f889a32,1.7773445637396936e+18
08d815c7-b66b-4e0f-86eb-cdf22f889a32,1.7773445637730368e+18
08d815c7-b66b-4e0f-86eb-cdf22f889a32,1.7773445638063788e+18
08d815c7-b66b-4e0f-86eb-cdf22f889a32,1.7773445638397217e+18
08d815c7-b66b-4e0f-86eb-cdf22f889a32,1.7773445638730637e+18
08d815c7-b66b-4e0f-86eb-cdf22f889a32,1.7773445639064067e+18
08d815c7-b66b-4e0f-86eb-cdf22f889a32,1.7773445639397486e+18
08d815c7-b66b-4e0f-86eb-cdf22f889a32,1.7773445639730916e+18
08d815c7-b66b-4e0f-86eb-cdf22f889a32,1.7773445640064338e+18
08d815c7-b66b-4e0f-86eb-cdf22f889a32,1.7773445640397757e+18
08d815c7-b66b-4e0f-86eb-cdf22f889a32,1.7773445640731187e+18
08d815c7-b66b-4e0f-86eb-cdf22f889a32,1.7773445641064607e+18
08d815c7-b66b-4e0f-86eb-cdf22f889a32,1.7773445641398036e+18
08d815c7-b66b-4e0f-86eb-cdf22f889a32,1.7773445641731456e+18
08d815c7-b66b-4e0f-86eb-cdf22f889a32,1.7773445642064886e+18
08d815c7-b66b-4e0f-86eb-cdf22f889a32,1.7773445642398308e+18
08d815c7-b66b-4e0f-86eb-cdf22f889a32,1.7773445642731727e+18
08d815c7-b66b-4e0f-86eb-cdf22f889a32,1.7773445643065157e+18
08d815c7-b66b-4e0f-86eb-cdf22f889a32,1.7773445643398577e+18
08d815c7-b66b-4e0f-86eb-cdf22f889a32,1.7773445643732006e+18
08d815c7-b66b-4e0f-86eb-cdf22f889a32,1.7773445644065426e+18
08d815c7-b66b-4e0f-86eb-cdf22f889a32,1.7773445644398856e+18
08d815c7-b66b-4e0f-86eb-cdf22f889a32,1.7773445644732278e+18
08d815c7-b66b-4e0f-86eb-cdf22f889a32,1.7773445645065708e+18
08d815c7-b66b-4e0f-86eb-cdf22f889a32,1.7773445645399127e+18
08d815c7-b66b-4e0f-86eb-cdf22f889a32,1.7773445645732557e+18
08d815c7-b66b-4e0f-86eb-cdf22f889a32,1.7773445646065976e+18
08d815c7-b66b-4e0f-86eb-cdf22f889a32,1.7773445646399396e+18
08d815c7-b66b-4e0f-86eb-cdf22f889a32,1.7773445646732826e+18
08d815c7-b66b-4e0f-86eb-cdf22f889a32,1.7773445647066248e+18
08d815c7-b66b-4e0f-86eb-cdf22f889a32,1.7773445647399677e+18
08d815c7-b66b-4e0f-86eb-cdf22f889a32,1.7773445647733097e+18
08d815c7-b66b-4e0f-86eb-cdf22f889a32,1.7773445648066527e+18
08d815c7-b66b-4e0f-86eb-cdf22f889a32,1.7773445648399946e+18
08d815c7-b66b-4e0f-86eb-cdf22f889a32,1.7773445648733376e+18
08d815c7-b66b-4e0f-86eb-cdf22f889a32,1.7773445649066796e+18
08d815c7-b66b-4e0f-86eb-cdf22f889a32,1.7773445649400218e+18
08d815c7-b66b-4e0f-86eb-cdf22f889a32,1.7773445649733647e+18
08d815c7-b66b-4e0f-86eb-cdf22f889a32,1.7773445650067067e+18
08d815c7-b66b-4e0f-86eb-cdf22f889a32,1.7773445650400497e+18
08d815c7-b66b-4e0f-86eb-cdf22f889a32,1.7773445650733916e+18
08d815c7-b66b-4e0f-86eb-cdf22f889a32,1.7773445651067346e+18
08d815c7-b66b-4e0f-86eb-cdf22f889a32,1.7773445651400768e+18
08d815c7-b66b-4e0f-86eb-cdf22f889a32,1.7773445651734198e+18
08d815c7-b66b-4e0f-86eb-cdf22f889a32,1.7773445652067617e+18
08d815c7-b66b-4e0f-86eb-cdf22f889a32,1.7773445652401037e+18
08d815c7-b66b-4e0f-86eb-cdf22f889a32,1.7773445652734467e+18
08d815c7-b66b-4e0f-86eb-cdf22f889a32,1.7773445653067886e+18
08d815c7-b66b-4e0f-86eb-cdf22f889a32,1.7773445653401316e+18
08d815c7-b66b-4e0f-86eb-cdf22f889a32,1.7773445653734738e+18
08d815c7-b66b-4e0f-86eb-cdf22f889a32,1.7773445654068168e+18
08d815c7-b66b-4e0f-86eb-cdf22f889a32,1.7773445654401587e+18
08d815c7-b66b-4e0f-86eb-cdf22f889a32,1.7773445654735017e+18
08d815c7-b66b-4e0f-86eb-cdf22f889a32,1.7773445655068436e+18
08d815c7-b66b-4e0f-86eb-cdf22f889a32,1.7773445655401856e+18
08d815c7-b66b-4e0f-86eb-cdf22f889a32,1.7773445655735286e+18
08d815c7-b66b-4e0f-86eb-cdf22f889a32,1.7773445656068708e+18
08d815c7-b66b-4e0f-86eb-cdf22f889a32,1.7773445656402138e+18
08d815c7-b66b-4e0f-86eb-cdf22f889a32,1.7773445656735557e+18
08d815c7-b66b-4e0f-86eb-cdf22f889a32,1.7773445657068987e+18
08d815c7-b66b-4e0f-86eb-cdf22f889a32,1.7773445657402406e+18
08d815c7-b66b-4e0f-86eb-cdf22f889a32,1.7773445657735836e+18
08d815c7-b66b-4e0f-86eb-cdf22f889a32,1.7773445658069256e+18
08d815c7-b66b-4e0f-86eb-cdf22f889a32,1.7773445658402688e+18
08d815c7-b66b-4e0f-86eb-cdf22f889a32,1.7773445658736108e+18
08d815c7-b66b-4e0f-86eb-cdf22f889a32,1.7773445659069527e+18
08d815c7-b66b-4e0f-86eb-cdf22f889a32,1.7773445659402957e+18
08d815c7-b66b-4e0f-86eb-cdf22f889a32,1.7773445659736376e+18
08d815c7-b66b-4e0f-86eb-cdf22f889a32,1.7773445660069806e+18
08d815c7-b66b-4e0f-86eb-cdf22f889a32,1.7773445660403226e+18
08d815c7-b66b-4e0f-86eb-cdf22f889a32,1.7773445660736658e+18
08d815c7-b66b-4e0f-86eb-cdf22f889a32,1.7773445661070077e+18
08d815c7-b66b-4e0f-86eb-cdf22f889a32,1.7773445661403497e+18
08d815c7-b66b-4e0f-86eb-cdf22f889a32,1.7773445661736927e+18
08d815c7-b66b-4e0f-86eb-cdf22f889a32,1.7773445662070346e+18
08d815c7-b66b-4e0f-86eb-cdf22f889a32,1.7773445662403776e+18
08d815c7-b66b-4e0f-86eb-cdf22f889a32,1.7773445662737196e+18
08d815c7-b66b-4e0f-86eb-cdf22f889a32,1.7773445663070628e+18
08d815c7-b66b-4e0f-86eb-cdf22f889a32,1.7773445663404047e+18
08d815c7-b66b-4e0f-86eb-cdf22f889a32,1.7773445663737477e+18
08d815c7-b66b-4e0f-86eb-cdf22f889a32,1.7773445664070897e+18
08d815c7-b66b-4e0f-86eb-cdf22f889a32,1.7773445664404326e+18
08d815c7-b66b-4e0f-86eb-cdf22f889a32,1.7773445664737746e+18
08d815c7-b66b-4e0f-86eb-cdf22f889a32,1.7773445665071168e+18
08d815c7-b66b-4e0f-86eb-cdf22f889a32,1.7773445665404598e+18
08d815c7-b66b-4e0f-86eb-cdf22f889a32,1.7773445665738017e+18
08d815c7-b66b-4e0f-86eb-cdf22f889a32,1.7773445666071447e+18
08d815c7-b66b-4e0f-86eb-cdf22f889a32,1.7773445666404867e+18
08d815c7-b66b-4e0f-86eb-cdf22f889a32,1.7773445666738296e+18
08d815c7-b66b-4e0f-86eb-cdf22f889a32,1.7773445667071716e+18
08d815c7-b66b-4e0f-86eb-cdf22f889a32,1.7773445667405146e+18
08d815c7-b66b-4e0f-86eb-cdf22f889a32,1.7773445667738568e+18
08d815c7-b66b-4e0f-86eb-cdf22f889a32,1.7773445668071987e+18
08d815c7-b66b-4e0f-86eb-cdf22f889a32,1.7773445668405417e+18
08d815c7-b66b-4e0f-86eb-cdf22f889a32,1.7773445668738836e+18
08d815c7-b66b-4e0f-86eb-cdf22f889a32,1.7773445669072266e+18
08d815c7-b66b-4e0f-86eb-cdf22f889a32,1.7773445669405686e+18
08d815c7-b66b-4e0f-86eb-cdf22f889a32,1.7773445669739116e+18
08d815c7-b66b-4e0f-86eb-cdf22f889a32,1.7773445670072538e+18
08d815c7-b66b-4e0f-86eb-cdf22f889a32,1.7773445670405967e+18
08d815c7-b66b-4e0f-86eb-cdf22f889a32,1.7773445670739387e+18
08d815c7-b66b-4e0f-86eb-cdf22f889a32,1.7773445671072806e+18
08d815c7-b66b-4e0f-86eb-cdf22f889a32,1.7773445671406236e+18
08d815c7-b66b-4e0f-86eb-cdf22f889a32,1.7773445671739656e+18
08d815c7-b66b-4e0f-86eb-cdf22f889a32,1.7773445672073088e+18
08d815c7-b66b-4e0f-86eb-cdf22f889a32,1.7773445672406508e+18
08d815c7-b66b-4e0f-86eb-cdf22f889a32,1.7773445672739937e+18
08d815c7-b66b-4e0f-86eb-cdf22f889a32,1.7773445673073357e+18
08d815c7-b66b-4e0f-86eb-cdf22f889a32,1.7773445673406787e+18
08d815c7-b66b-4e0f-86eb-cdf22f889a32,1.7773445673740206e+18
08d815c7-b66b-4e0f-86eb-cdf22f889a32,1.7773445674073626e+18
08d815c7-b66b-4e0f-86eb-cdf22f889a32,1.7773445674407058e+18
08d815c7-b66b-4e0f-86eb-cdf22f889a32,1.7773445674740477e+18
08d815c7-b66b-4e0f-86eb-cdf22f889a32,1.7773445675073907e+18
08d815c7-b66b-4e0f-86eb-cdf22f889a32,1.7773445675407327e+18
08d815c7-b66b-4e0f-86eb-cdf22f889a32,1.7773445675740756e+18
08d815c7-b66b-4e0f-86eb-cdf22f889a32,1.7773445676074176e+18
08d815c7-b66b-4e0f-86eb-cdf22f889a32,1.7773445676407606e+18
08d815c7-b66b-4e0f-86eb-cdf22f889a32,1.7773445676741028e+18
08d815c7-b66b-4e0f-86eb-cdf22f889a32,1.7773445677074458e+18
08d815c7-b66b-4e0f-86eb-cdf22f889a32,1.7773445677407877e+18
08d815c7-b66b-4e0f-86eb-cdf22f889a32,1.7773445677741297e+18
08d815c7-b66b-4e0f-86eb-cdf22f889a32,1.7773445678074726e+18
08d815c7-b66b-4e0f-86eb-cdf22f889a32,1.7773445678408146e+18
08d815c7-b66b-4e0f-86eb-cdf22f889a32,1.7773445678741576e+18
08d815c7-b66b-4e0f-86eb-cdf22f889a32,1.7773445679074998e+18
08d815c7-b66b-4e0f-86eb-cdf22f889a32,1.7773445679408428e+18
08d815c7-b66b-4e0f-86eb-cdf22f889a32,1.7773445679741847e+18
08d815c7-b66b-4e0f-86eb-cdf22f889a32,1.7773445680075267e+18
08d815c7-b66b-4e0f-86eb-cdf22f889a32,1.7773445680408696e+18
08d815c7-b66b-4e0f-86eb-cdf22f889a32,1.7773445680742116e+18
08d815c7-b66b-4e0f-86eb-cdf22f889a32,1.7773445681075546e+18
08d815c7-b66b-4e0f-86eb-cdf22f889a32,1.7773445681408968e+18
08d815c7-b66b-4e0f-86eb-cdf22f889a32,1.7773445681742397e+18
08d815c7-b66b-4e0f-86eb-cdf22f889a32,1.7773445682075817e+18
08d815c7-b66b-4e0f-86eb-cdf22f889a32,1.7773445682409247e+18
08d815c7-b66b-4e0f-86eb-cdf22f889a32,1.7773445682742666e+18
08d815c7-b66b-4e0f-86eb-cdf22f889a32,1.7773445683076096e+18
08d815c7-b66b-4e0f-86eb-cdf22f889a32,1.7773445683409516e+18
08d815c7-b66b-4e0f-86eb-cdf22f889a32,1.7773445683742938e+18
08d815c7-b66b-4e0f-86eb-cdf22f889a32,1.7773445684076367e+18
08d815c7-b66b-4e0f-86eb-cdf22f889a32,1.7773445684409787e+18
08d815c7-b66b-4e0f-86eb-cdf22f889a32,1.7773445684743217e+18
08d815c7-b66b-4e0f-86eb-cdf22f889a32,1.7773445685076636e+18
08d815c7-b66b-4e0f-86eb-cdf22f889a32,1.7773445685410066e+18
08d815c7-b66b-4e0f-86eb-cdf22f889a32,1.7773445685743488e+18
08d815c7-b66b-4e0f-86eb-cdf22f889a32,1.7773445686076918e+18
08d815c7-b66b-4e0f-86eb-cdf22f889a32,1.7773445686410337e+18
08d815c7-b66b-4e0f-86eb-cdf22f889a32,1.7773445686743757e+18
08d815c7-b66b-4e0f-86eb-cdf22f889a32,1.7773445687077187e+18
08d815c7-b66b-4e0f-86eb-cdf22f889a32,1.7773445687410606e+18
08d815c7-b66b-4e0f-86eb-cdf22f889a32,1.7773445687744036e+18
08d815c7-b66b-4e0f-86eb-cdf22f889a32,1.7773445688077458e+18
08d815c7-b66b-4e0f-86eb-cdf22f889a32,1.7773445688410888e+18
08d815c7-b66b-4e0f-86eb-cdf22f889a32,1.7773445688744307e+18
08d815c7-b66b-4e0f-86eb-cdf22f889a32,1.7773445689077737e+18
08d815c7-b66b-4e0f-86eb-cdf22f889a32,1.7773445689411156e+18
08d815c7-b66b-4e0f-86eb-cdf22f889a32,1.7773445689744576e+18
08d815c7-b66b-4e0f-86eb-cdf22f889a32,1.7773445690078006e+18
08d815c7-b66b-4e0f-86eb-cdf22f889a32,1.7773445690411428e+18
08d815c7-b66b-4e0f-86eb-cdf22f889a32,1.7773445690744858e+18
08d815c7-b66b-4e0f-86eb-cdf22f889a32,1.7773445691078277e+18
08d815c7-b66b-4e0f-86eb-cdf22f889a32,1.7773445691411707e+18
08d815c7-b66b-4e0f-86eb-cdf22f889a32,1.7773445691745126e+18
08d815c7-b66b-4e0f-86eb-cdf22f889a32,1.7773445692078556e+18
08d815c7-b66b-4e0f-86eb-cdf22f889a32,1.7773445692411976e+18
08d815c7-b66b-4e0f-86eb-cdf22f889a32,1.7773445692745398e+18
08d815c7-b66b-4e0f-86eb-cdf22f889a32,1.7773445693078828e+18
08d815c7-b66b-4e0f-86eb-cdf22f889a32,1.7773445693412247e+18
08d815c7-b66b-4e0f-86eb-cdf22f889a32,1.7773445693745677e+18
08d815c7-b66b-4e0f-86eb-cdf22f889a32,1.7773445694079096e+18
08d815c7-b66b-4e0f-86eb-cdf22f889a32,1.7773445694412526e+18
08d815c7-b66b-4e0f-86eb-cdf22f889a32,1.7773445694745946e+18
08d815c7-b66b-4e0f-86eb-cdf22f889a32,1.7773445695079378e+18
08d815c7-b66b-4e0f-86eb-cdf22f889a32,1.7773445695412797e+18
08d815c7-b66b-4e0f-86eb-cdf22f889a32,1.7773445695746217e+18
08d815c7-b66b-4e0f-86eb-cdf22f889a32,1.7773445696079647e+18
08d815c7-b66b-4e0f-86eb-cdf22f889a32,1.7773445696413066e+18
08d815c7-b66b-4e0f-86eb-cdf22f889a32,1.7773445696746496e+18
08d815c7-b66b-4e0f-86eb-cdf22f889a32,1.7773445697079916e+18
08d815c7-b66b-4e0f-86eb-cdf22f889a32,1.7773445697413348e+18
08d815c7-b66b-4e0f-86eb-cdf22f889a32,1.7773445697746767e+18
08d815c7-b66b-4e0f-86eb-cdf22f889a32,1.7773445698080197e+18
08d815c7-b66b-4e0f-86eb-cdf22f889a32,1.7773445698413617e+18
08d815c7-b66b-4e0f-86eb-cdf22f889a32,1.7773445698747036e+18
08d815c7-b66b-4e0f-86eb-cdf22f889a32,1.7773445699080466e+18
08d815c7-b66b-4e0f-86eb-cdf22f889a32,1.7773445699413888e+18
08d815c7-b66b-4e0f-86eb-cdf22f889a32,1.7773445699747318e+18
08d815c7-b66b-4e0f-86eb-cdf22f889a32,1.7773445700080737e+18
08d815c7-b66b-4e0f-86eb-cdf22f889a32,1.7773445700414167e+18
08d815c7-b66b-4e0f-86eb-cdf22f889a32,1.7773445700747587e+18
08d815c7-b66b-4e0f-86eb-cdf22f889a32,1.7773445701081016e+18
08d815c7-b66b-4e0f-86eb-cdf22f889a32,1.7773445701414436e+18
08d815c7-b66b-4e0f-86eb-cdf22f889a32,1.7773445701747866e+18
08d815c7-b66b-4e0f-86eb-cdf22f889a32,1.7773445702081288e+18
08d815c7-b66b-4e0f-86eb-cdf22f889a32,1.7773445702414707e+18
08d815c7-b66b-4e0f-86eb-cdf22f889a32,1.7773445702748137e+18
08d815c7-b66b-4e0f-86eb-cdf22f889a32,1.7773445703081556e+18
08d815c7-b66b-4e0f-86eb-cdf22f889a32,1.7773445703414986e+18
08d815c7-b66b-4e0f-86eb-cdf22f889a32,1.7773445703748406e+18
08d815c7-b66b-4e0f-86eb-cdf22f889a32,1.7773445704081836e+18
08d815c7-b66b-4e0f-86eb-cdf22f889a32,1.7773445704415258e+18
08d815c7-b66b-4e0f-86eb-cdf22f889a32,1.7773445704748687e+18
08d815c7-b66b-4e0f-86eb-cdf22f889a32,1.7773445705082107e+18
08d815c7-b66b-4e0f-86eb-cdf22f889a32,1.7773445705415526e+18
08d815c7-b66b-4e0f-86eb-cdf22f889a32,1.7773445705748956e+18
08d815c7-b66b-4e0f-86eb-cdf22f889a32,1.7773445706082376e+18
08d815c7-b66b-4e0f-86eb-cdf22f889a32,1.7773445706415808e+18
08d815c7-b66b-4e0f-86eb-cdf22f889a32,1.7773445706749228e+18
08d815c7-b66b-4e0f-86eb-cdf22f889a32,1.7773445707082657e+18
08d815c7-b66b-4e0f-86eb-cdf22f889a32,1.7773445707416077e+18
08d815c7-b66b-4e0f-86eb-cdf22f889a32,1.7773445707749507e+18
08d815c7-b66b-4e0f-86eb-cdf22f889a32,1.7773445708082926e+18
08d815c7-b66b-4e0f-86eb-cdf22f889a32,1.7773445708416346e+18
08d815c7-b66b-4e0f-86eb-cdf22f889a32,1.7773445708749778e+18
08d815c7-b66b-4e0f-86eb-cdf22f889a32,1.7773445709083197e+18
08d815c7-b66b-4e0f-86eb-cdf22f889a32,1.7773445709416627e+18
08d815c7-b66b-4e0f-86eb-cdf22f889a32,1.7773445709750047e+18
08d815c7-b66b-4e0f-86eb-cdf22f889a32,1.7773445710083476e+18
08d815c7-b66b-4e0f-86eb-cdf22f889a32,1.7773445710416896e+18
08d815c7-b66b-4e0f-86eb-cdf22f889a32,1.7773445710750326e+18
08d815c7-b66b-4e0f-86eb-cdf22f889a32,1.7773445711083748e+18
08d815c7-b66b-4e0f-86eb-cdf22f889a32,1.7773445711417167e+18
08d815c7-b66b-4e0f-86eb-cdf22f889a32,1.7773445711750597e+18
08d815c7-b66b-4e0f-86eb-cdf22f889a32,1.7773445712084017e+18
08d815c7-b66b-4e0f-86eb-cdf22f889a32,1.7773445712417446e+18
08d815c7-b66b-4e0f-86eb-cdf22f889a32,1.7773445712750866e+18
08d815c7-b66b-4e0f-86eb-cdf22f889a32,1.7773445713084296e+18
08d815c7-b66b-4e0f-86eb-cdf22f889a32,1.7773445713417718e+18
08d815c7-b66b-4e0f-86eb-cdf22f889a32,1.7773445713751148e+18
08d815c7-b66b-4e0f-86eb-cdf22f889a32,1.7773445714084567e+18
08d815c7-b66b-4e0f-86eb-cdf22f889a32,1.7773445714417997e+18
08d815c7-b66b-4e0f-86eb-cdf22f889a32,1.7773445714751416e+18
08d815c7-b66b-4e0f-86eb-cdf22f889a32,1.7773445715084836e+18
08d815c7-b66b-4e0f-86eb-cdf22f889a32,1.7773445715418266e+18
08d815c7-b66b-4e0f-86eb-cdf22f889a32,1.7773445715751688e+18
08d815c7-b66b-4e0f-86eb-cdf22f889a32,1.7773445716085117e+18
08d815c7-b66b-4e0f-86eb-cdf22f889a32,1.7773445716418537e+18
08d815c7-b66b-4e0f-86eb-cdf22f889a32,1.7773445716751967e+18
08d815c7-b66b-4e0f-86eb-cdf22f889a32,1.7773445717085386e+18
08d815c7-b66b-4e0f-86eb-cdf22f889a32,1.7773445717418806e+18
08d815c7-b66b-4e0f-86eb-cdf22f889a32,1.7773445717752236e+18
08d815c7-b66b-4e0f-86eb-cdf22f889a32,1.7773445718085658e+18
08d815c7-b66b-4e0f-86eb-cdf22f889a32,1.7773445718419087e+18
08d815c7-b66b-4e0f-86eb-cdf22f889a32,1.7773445718752507e+18
08d815c7-b66b-4e0f-86eb-cdf22f889a32,1.7773445719085937e+18
08d815c7-b66b-4e0f-86eb-cdf22f889a32,1.7773445719419356e+18
08d815c7-b66b-4e0f-86eb-cdf22f889a32,1.7773445719752786e+18
08d815c7-b66b-4e0f-86eb-cdf22f889a32,1.7773445720086208e+18
08d815c7-b66b-4e0f-86eb-cdf22f889a32,1.7773445720419638e+18
08d815c7-b66b-4e0f-86eb-cdf22f889a32,1.7773445720753057e+18
08d815c7-b66b-4e0f-86eb-cdf22f889a32,1.7773445721086477e+18
08d815c7-b66b-4e0f-86eb-cdf22f889a32,1.7773445721419907e+18
08d815c7-b66b-4e0f-86eb-cdf22f889a32,1.7773445721753326e+18
08d815c7-b66b-4e0f-86eb-cdf22f889a32,1.7773445722086756e+18
08d815c7-b66b-4e0f-86eb-cdf22f889a32,1.7773445722420178e+18
08d815c7-b66b-4e0f-86eb-cdf22f889a32,1.7773445722753608e+18
08d815c7-b66b-4e0f-86eb-cdf22f889a32,1.7773445723087027e+18
08d815c7-b66b-4e0f-86eb-cdf22f889a32,1.7773445723420457e+18
08d815c7-b66b-4e0f-86eb-cdf22f889a32,1.7773445723753876e+18
08d815c7-b66b-4e0f-86eb-cdf22f889a32,1.7773445724087296e+18
08d815c7-b66b-4e0f-86eb-cdf22f889a32,1.7773445724420726e+18
08d815c7-b66b-4e0f-86eb-cdf22f889a32,1.7773445724754148e+18
08d815c7-b66b-4e0f-86eb-cdf22f889a32,1.7773445725087578e+18
08d815c7-b66b-4e0f-86eb-cdf22f889a32,1.7773445725420997e+18
08d815c7-b66b-4e0f-86eb-cdf22f889a32,1.7773445725754427e+18
08d815c7-b66b-4e0f-86eb-cdf22f889a32,1.7773445726087846e+18
08d815c7-b66b-4e0f-86eb-cdf22f889a32,1.7773445726421276e+18
08d815c7-b66b-4e0f-86eb-cdf22f889a32,1.7773445726754696e+18
08d815c7-b66b-4e0f-86eb-cdf22f889a32,1.7773445727088118e+18
08d815c7-b66b-4e0f-86eb-cdf22f889a32,1.7773445727421548e+18
08d815c7-b66b-4e0f-86eb-cdf22f889a32,1.7773445727754967e+18
08d815c7-b66b-4e0f-86eb-cdf22f889a32,1.7773445728088397e+18
08d815c7-b66b-4e0f-86eb-cdf22f889a32,1.7773445728421816e+18
08d815c7-b66b-4e0f-86eb-cdf22f889a32,1.7773445728755246e+18
08d815c7-b66b-4e0f-86eb-cdf22f889a32,1.7773445729088666e+18
08d815c7-b66b-4e0f-86eb-cdf22f889a32,1.7773445729422098e+18
08d815c7-b66b-4e0f-86eb-cdf22f889a32,1.7773445729755517e+18
08d815c7-b66b-4e0f-86eb-cdf22f889a32,1.7773445730088937e+18
08d815c7-b66b-4e0f-86eb-cdf22f889a32,1.7773445730422367e+18
08d815c7-b66b-4e0f-86eb-cdf22f889a32,1.7773445730755786e+18
08d815c7-b66b-4e0f-86eb-cdf22f889a32,1.7773445731089216e+18
08d815c7-b66b-4e0f-86eb-cdf22f889a32,1.7773445731422636e+18
08d815c7-b66b-4e0f-86eb-cdf22f889a32,1.7773445731756068e+18
08d815c7-b66b-4e0f-86eb-cdf22f889a32,1.7773445732089487e+18
08d815c7-b66b-4e0f-86eb-cdf22f889a32,1.7773445732422917e+18
08d815c7-b66b-4e0f-86eb-cdf22f889a32,1.7773445732756337e+18
08d815c7-b66b-4e0f-86eb-cdf22f889a32,1.7773445733089766e+18
08d815c7-b66b-4e0f-86eb-cdf22f889a32,1.7773445733423186e+18
08d815c7-b66b-4e0f-86eb-cdf22f889a32,1.7773445733756608e+18
08d815c7-b66b-4e0f-86eb-cdf22f889a32,1.7773445734090038e+18
08d815c7-b66b-4e0f-86eb-cdf22f889a32,1.7773445734423457e+18
08d815c7-b66b-4e0f-86eb-cdf22f889a32,1.7773445734756887e+18
08d815c7-b66b-4e0f-86eb-cdf22f889a32,1.7773445735090307e+18
08d815c7-b66b-4e0f-86eb-cdf22f889a32,1.7773445735423736e+18
08d815c7-b66b-4e0f-86eb-cdf22f889a32,1.7773445735757156e+18
08d815c7-b66b-4e0f-86eb-cdf22f889a32,1.7773445736090586e+18
08d815c7-b66b-4e0f-86eb-cdf22f889a32,1.7773445736424008e+18
08d815c7-b66b-4e0f-86eb-cdf22f889a32,1.7773445736757427e+18
08d815c7-b66b-4e0f-86eb-cdf22f889a32,1.7773445737090857e+18
08d815c7-b66b-4e0f-86eb-cdf22f889a32,1.7773445737424276e+18
08d815c7-b66b-4e0f-86eb-cdf22f889a32,1.7773445737757706e+18
08d815c7-b66b-4e0f-86eb-cdf22f889a32,1.7773445738091126e+18
08d815c7-b66b-4e0f-86eb-cdf22f889a32,1.7773445738424556e+18
08d815c7-b66b-4e0f-86eb-cdf22f889a32,1.7773445738757978e+18
08d815c7-b66b-4e0f-86eb-cdf22f889a32,1.7773445739091407e+18
08d815c7-b66b-4e0f-86eb-cdf22f889a32,1.7773445739424827e+18
08d815c7-b66b-4e0f-86eb-cdf22f889a32,1.7773445739758257e+18
08d815c7-b66b-4e0f-86eb-cdf22f889a32,1.7773445740091676e+18
08d815c7-b66b-4e0f-86eb-cdf22f889a32,1.7773445740425096e+18
08d815c7-b66b-4e0f-86eb-cdf22f889a32,1.7773445740758528e+18
08d815c7-b66b-4e0f-86eb-cdf22f889a32,1.7773445741091948e+18
08d815c7-b66b-4e0f-86eb-cdf22f889a32,1.7773445741425377e+18
08d815c7-b66b-4e0f-86eb-cdf22f889a32,1.7773445741758797e+18
08d815c7-b66b-4e0f-86eb-cdf22f889a32,1.7773445742092227e+18
08d815c7-b66b-4e0f-86eb-cdf22f889a32,1.7773445742425646e+18
08d815c7-b66b-4e0f-86eb-cdf22f889a32,1.7773445742759066e+18
08d815c7-b66b-4e0f-86eb-cdf22f889a32,1.7773445743092498e+18
08d815c7-b66b-4e0f-86eb-cdf22f889a32,1.7773445743425917e+18
08d815c7-b66b-4e0f-86eb-cdf22f889a32,1.7773445743759347e+18
08d815c7-b66b-4e0f-86eb-cdf22f889a32,1.7773445744092767e+18
08d815c7-b66b-4e0f-86eb-cdf22f889a32,1.7773445744426196e+18
08d815c7-b66b-4e0f-86eb-cdf22f889a32,1.7773445744759616e+18
08d815c7-b66b-4e0f-86eb-cdf22f889a32,1.7773445745093046e+18
08d815c7-b66b-4e0f-86eb-cdf22f889a32,1.7773445745426468e+18
08d815c7-b66b-4e0f-86eb-cdf22f889a32,1.7773445745759898e+18
08d815c7-b66b-4e0f-86eb-cdf22f889a32,1.7773445746093317e+18
08d815c7-b66b-4e0f-86eb-cdf22f889a32,1.7773445746426737e+18
08d815c7-b66b-4e0f-86eb-cdf22f889a32,1.7773445746760166e+18
08d815c7-b66b-4e0f-86eb-cdf22f889a32,1.7773445747093586e+18
08d815c7-b66b-4e0f-86eb-cdf22f889a32,1.7773445747427016e+18
08d815c7-b66b-4e0f-86eb-cdf22f889a32,1.7773445747760438e+18
08d815c7-b66b-4e0f-86eb-cdf22f889a32,1.7773445748093868e+18
08d815c7-b66b-4e0f-86eb-cdf22f889a32,1.7773445748427287e+18
08d815c7-b66b-4e0f-86eb-cdf22f889a32,1.7773445748760717e+18
08d815c7-b66b-4e0f-86eb-cdf22f889a32,1.7773445749094136e+18
08d815c7-b66b-4e0f-86eb-cdf22f889a32,1.7773445749427556e+18
08d815c7-b66b-4e0f-86eb-cdf22f889a32,1.7773445749760986e+18
08d815c7-b66b-4e0f-86eb-cdf22f889a32,1.7773445750094408e+18
08d815c7-b66b-4e0f-86eb-cdf22f889a32,1.7773445750427837e+18
08d815c7-b66b-4e0f-86eb-cdf22f889a32,1.7773445750761257e+18
08d815c7-b66b-4e0f-86eb-cdf22f889a32,1.7773445751094687e+18
08d815c7-b66b-4e0f-86eb-cdf22f889a32,1.7773445751428106e+18
08d815c7-b66b-4e0f-86eb-cdf22f889a32,1.7773445751761536e+18
08d815c7-b66b-4e0f-86eb-cdf22f889a32,1.7773445752094956e+18
08d815c7-b66b-4e0f-86eb-cdf22f889a32,1.7773445752428378e+18
08d815c7-b66b-4e0f-86eb-cdf22f889a32,1.7773445752761807e+18
08d815c7-b66b-4e0f-86eb-cdf22f889a32,1.7773445753095227e+18
08d815c7-b66b-4e0f-86eb-cdf22f889a32,1.7773445753428657e+18
08d815c7-b66b-4e0f-86eb-cdf22f889a32,1.7773445753762076e+18
08d815c7-b66b-4e0f-86eb-cdf22f889a32,1.7773445754095506e+18
08d815c7-b66b-4e0f-86eb-cdf22f889a32,1.7773445754428928e+18
08d815c7-b66b-4e0f-86eb-cdf22f889a32,1.7773445754762358e+18
08d815c7-b66b-4e0f-86eb-cdf22f889a32,1.7773445755095777e+18
08d815c7-b66b-4e0f-86eb-cdf22f889a32,1.7773445755429197e+18
08d815c7-b66b-4e0f-86eb-cdf22f889a32,1.7773445755762627e+18
08d815c7-b66b-4e0f-86eb-cdf22f889a32,1.7773445756096046e+18
08d815c7-b66b-4e0f-86eb-cdf22f889a32,1.7773445756429476e+18
08d815c7-b66b-4e0f-86eb-cdf22f889a32,1.7773445756762898e+18
08d815c7-b66b-4e0f-86eb-cdf22f889a32,1.7773445757096328e+18
08d815c7-b66b-4e0f-86eb-cdf22f889a32,1.7773445757429747e+18
08d815c7-b66b-4e0f-86eb-cdf22f889a32,1.7773445757763177e+18
08d815c7-b66b-4e0f-86eb-cdf22f889a32,1.7773445758096596e+18
08d815c7-b66b-4e0f-86eb-cdf22f889a32,1.7773445758430026e+18
08d815c7-b66b-4e0f-86eb-cdf22f889a32,1.7773445758763446e+18
08d815c7-b66b-4e0f-86eb-cdf22f889a32,1.7773445759096868e+18
08d815c7-b66b-4e0f-86eb-cdf22f889a32,1.7773445759430298e+18
08d815c7-b66b-4e0f-86eb-cdf22f889a32,1.7773445759763717e+18
08d815c7-b66b-4e0f-86eb-cdf22f889a32,1.7773445760097147e+18
08d815c7-b66b-4e0f-86eb-cdf22f889a32,1.7773445760430566e+18
08d815c7-b66b-4e0f-86eb-cdf22f889a32,1.7773445760763996e+18
08d815c7-b66b-4e0f-86eb-cdf22f889a32,1.7773445761097416e+18
08d815c7-b66b-4e0f-86eb-cdf22f889a32,1.7773445761430838e+18
08d815c7-b66b-4e0f-86eb-cdf22f889a32,1.7773445761764268e+18
08d815c7-b66b-4e0f-86eb-cdf22f889a32,1.7773445762097687e+18
08d815c7-b66b-4e0f-86eb-cdf22f889a32,1.7773445762431117e+18
08d815c7-b66b-4e0f-86eb-cdf22f889a32,1.7773445762764536e+18
08d815c7-b66b-4e0f-86eb-cdf22f889a32,1.7773445763097966e+18
08d815c7-b66b-4e0f-86eb-cdf22f889a32,1.7773445763431386e+18
08d815c7-b66b-4e0f-86eb-cdf22f889a32,1.7773445763764818e+18
08d815c7-b66b-4e0f-86eb-cdf22f889a32,1.7773445764098237e+18
08d815c7-b66b-4e0f-86eb-cdf22f889a32,1.7773445764431667e+18
08d815c7-b66b-4e0f-86eb-cdf22f889a32,1.7773445764765087e+18
08d815c7-b66b-4e0f-86eb-cdf22f889a32,1.7773445765098506e+18
08d815c7-b66b-4e0f-86eb-cdf22f889a32,1.7773445765431936e+18
08d815c7-b66b-4e0f-86eb-cdf22f889a32,1.7773445765765356e+18
08d815c7-b66b-4e0f-86eb-cdf22f889a32,1.7773445766098788e+18
08d815c7-b66b-4e0f-86eb-cdf22f889a32,1.7773445766432207e+18
08d815c7-b66b-4e0f-86eb-cdf22f889a32,1.7773445766765637e+18
08d815c7-b66b-4e0f-86eb-cdf22f889a32,1.7773445767099057e+18
08d815c7-b66b-4e0f-86eb-cdf22f889a32,1.7773445767432486e+18
08d815c7-b66b-4e0f-86eb-cdf22f889a32,1.7773445767765906e+18
08d815c7-b66b-4e0f-86eb-cdf22f889a32,1.7773445768099328e+18
08d815c7-b66b-4e0f-86eb-cdf22f889a32,1.7773445768432758e+18
08d815c7-b66b-4e0f-86eb-cdf22f889a32,1.7773445768766177e+18
08d815c7-b66b-4e0f-86eb-cdf22f889a32,1.7773445769099607e+18
08d815c7-b66b-4e0f-86eb-cdf22f889a32,1.7773445769433027e+18
08d815c7-b66b-4e0f-86eb-cdf22f889a32,1.7773445769766456e+18
08d815c7-b66b-4e0f-86eb-cdf22f889a32,1.7773445770099876e+18
08d815c7-b66b-4e0f-86eb-cdf22f889a32,1.7773445770433306e+18
08d815c7-b66b-4e0f-86eb-cdf22f889a32,1.7773445770766728e+18
08d815c7-b66b-4e0f-86eb-cdf22f889a32,1.7773445771100147e+18
08d815c7-b66b-4e0f-86eb-cdf22f889a32,1.7773445771433577e+18
08d815c7-b66b-4e0f-86eb-cdf22f889a32,1.7773445771766996e+18
08d815c7-b66b-4e0f-86eb-cdf22f889a32,1.7773445772100426e+18
08d815c7-b66b-4e0f-86eb-cdf22f889a32,1.7773445772433846e+18
08d815c7-b66b-4e0f-86eb-cdf22f889a32,1.7773445772767276e+18
08d815c7-b66b-4e0f-86eb-cdf22f889a32,1.7773445773100698e+18
08d815c7-b66b-4e0f-86eb-cdf22f889a32,1.7773445773434127e+18
08d815c7-b66b-4e0f-86eb-cdf22f889a32,1.7773445773767547e+18
08d815c7-b66b-4e0f-86eb-cdf22f889a32,1.7773445774100966e+18
08d815c7-b66b-4e0f-86eb-cdf22f889a32,1.7773445774434396e+18
08d815c7-b66b-4e0f-86eb-cdf22f889a32,1.7773445774767816e+18
08d815c7-b66b-4e0f-86eb-cdf22f889a32,1.7773445775101248e+18
08d815c7-b66b-4e0f-86eb-cdf22f889a32,1.7773445775434668e+18
08d815c7-b66b-4e0f-86eb-cdf22f889a32,1.7773445775768097e+18
08d815c7-b66b-4e0f-86eb-cdf22f889a32,1.7773445776101517e+18
08d815c7-b66b-4e0f-86eb-cdf22f889a32,1.7773445776434947e+18
08d815c7-b66b-4e0f-86eb-cdf22f889a32,1.7773445776768366e+18
08d815c7-b66b-4e0f-86eb-cdf22f889a32,1.7773445777101796e+18
08d815c7-b66b-4e0f-86eb-cdf22f889a32,1.7773445777435218e+18
08d815c7-b66b-4e0f-86eb-cdf22f889a32,1.7773445777768637e+18
08d815c7-b66b-4e0f-86eb-cdf22f889a32,1.7773445778102067e+18
08d815c7-b66b-4e0f-86eb-cdf22f889a32,1.7773445778435487e+18
08d815c7-b66b-4e0f-86eb-cdf22f889a32,1.7773445778768916e+18
08d815c7-b66b-4e0f-86eb-cdf22f889a32,1.7773445779102336e+18
08d815c7-b66b-4e0f-86eb-cdf22f889a32,1.7773445779435766e+18
08d815c7-b66b-4e0f-86eb-cdf22f889a32,1.7773445779769188e+18
08d815c7-b66b-4e0f-86eb-cdf22f889a32,1.7773445780102607e+18
08d815c7-b66b-4e0f-86eb-cdf22f889a32,1.7773445780436037e+18
08d815c7-b66b-4e0f-86eb-cdf22f889a32,1.7773445780769457e+18
08d815c7-b66b-4e0f-86eb-cdf22f889a32,1.7773445781102886e+18
08d815c7-b66b-4e0f-86eb-cdf22f889a32,1.7773445781436306e+18
08d815c7-b66b-4e0f-86eb-cdf22f889a32,1.7773445781769736e+18
08d815c7-b66b-4e0f-86eb-cdf22f889a32,1.7773445782103158e+18
08d815c7-b66b-4e0f-86eb-cdf22f889a32,1.7773445782436588e+18
08d815c7-b66b-4e0f-86eb-cdf22f889a32,1.7773445782770007e+18
08d815c7-b66b-4e0f-86eb-cdf22f889a32,1.7773445783103437e+18
08d815c7-b66b-4e0f-86eb-cdf22f889a32,1.7773445783436856e+18
08d815c7-b66b-4e0f-86eb-cdf22f889a32,1.7773445783770276e+18
08d815c7-b66b-4e0f-86eb-cdf22f889a32,1.7773445784103706e+18
08d815c7-b66b-4e0f-86eb-cdf22f889a32,1.7773445784437128e+18
08d815c7-b66b-4e0f-86eb-cdf22f889a32,1.7773445784770557e+18
08d815c7-b66b-4e0f-86eb-cdf22f889a32,1.7773445785103977e+18
08d815c7-b66b-4e0f-86eb-cdf22f889a32,1.7773445785437407e+18
08d815c7-b66b-4e0f-86eb-cdf22f889a32,1.7773445785770826e+18
08d815c7-b66b-4e0f-86eb-cdf22f889a32,1.7773445786104256e+18
08d815c7-b66b-4e0f-86eb-cdf22f889a32,1.7773445786437676e+18
08d815c7-b66b-4e0f-86eb-cdf22f889a32,1.7773445786771098e+18
08d815c7-b66b-4e0f-86eb-cdf22f889a32,1.7773445787104527e+18
08d815c7-b66b-4e0f-86eb-cdf22f889a32,1.7773445787437947e+18
08d815c7-b66b-4e0f-86eb-cdf22f889a32,1.7773445787771377e+18
08d815c7-b66b-4e0f-86eb-cdf22f889a32,1.7773445788104796e+18
08d815c7-b66b-4e0f-86eb-cdf22f889a32,1.7773445788438226e+18
08d815c7-b66b-4e0f-86eb-cdf22f889a32,1.7773445788771648e+18
08d815c7-b66b-4e0f-86eb-cdf22f889a32,1.7773445789105078e+18
08d815c7-b66b-4e0f-86eb-cdf22f889a32,1.7773445789438497e+18
08d815c7-b66b-4e0f-86eb-cdf22f889a32,1.7773445789771917e+18
08d815c7-b66b-4e0f-86eb-cdf22f889a32,1.7773445790105347e+18
08d815c7-b66b-4e0f-86eb-cdf22f889a32,1.7773445790438766e+18
08d815c7-b66b-4e0f-86eb-cdf22f889a32,1.7773445790772196e+18
08d815c7-b66b-4e0f-86eb-cdf22f889a32,1.7773445791105618e+18
08d815c7-b66b-4e0f-86eb-cdf22f889a32,1.7773445791439048e+18
08d815c7-b66b-4e0f-86eb-cdf22f889a32,1.7773445791772467e+18
08d815c7-b66b-4e0f-86eb-cdf22f889a32,1.7773445792105897e+18
08d815c7-b66b-4e0f-86eb-cdf22f889a32,1.7773445792439316e+18
08d815c7-b66b-4e0f-86eb-cdf22f889a32,1.7773445792772736e+18
08d815c7-b66b-4e0f-86eb-cdf22f889a32,1.7773445793106166e+18
08d815c7-b66b-4e0f-86eb-cdf22f889a32,1.7773445793439588e+18
08d815c7-b66b-4e0f-86eb-cdf22f889a32,1.7773445793773018e+18
08d815c7-b66b-4e0f-86eb-cdf22f889a32,1.7773445794106437e+18
08d815c7-b66b-4e0f-86eb-cdf22f889a32,1.7773445794439867e+18
08d815c7-b66b-4e0f-86eb-cdf22f889a32,1.7773445794773286e+18
08d815c7-b66b-4e0f-86eb-cdf22f889a32,1.7773445795106716e+18
08d815c7-b66b-4e0f-86eb-cdf22f889a32,1.7773445795440136e+18
08d815c7-b66b-4e0f-86eb-cdf22f889a32,1.7773445795773558e+18
08d815c7-b66b-4e0f-86eb-cdf22f889a32,1.7773445796106988e+18
08d815c7-b66b-4e0f-86eb-cdf22f889a32,1.7773445796440407e+18
08d815c7-b66b-4e0f-86eb-cdf22f889a32,1.7773445796773837e+18
08d815c7-b66b-4e0f-86eb-cdf22f889a32,1.7773445797107256e+18
08d815c7-b66b-4e0f-86eb-cdf22f889a32,1.7773445797440686e+18
08d815c7-b66b-4e0f-86eb-cdf22f889a32,1.7773445797774106e+18
08d815c7-b66b-4e0f-86eb-cdf22f889a32,1.7773445798107538e+18
08d815c7-b66b-4e0f-86eb-cdf22f889a32,1.7773445798440957e+18
08d815c7-b66b-4e0f-86eb-cdf22f889a32,1.7773445798774377e+18
08d815c7-b66b-4e0f-86eb-cdf22f889a32,1.7773445799107807e+18
08d815c7-b66b-4e0f-86eb-cdf22f889a32,1.7773445799441226e+18
08d815c7-b66b-4e0f-86eb-cdf22f889a32,1.7773445799774656e+18
08d815c7-b66b-4e0f-86eb-cdf22f889a32,1.7773445800108076e+18
08d815c7-b66b-4e0f-86eb-cdf22f889a32,1.7773445800441508e+18
08d815c7-b66b-4e0f-86eb-cdf22f889a32,1.7773445800774927e+18
08d815c7-b66b-4e0f-86eb-cdf22f889a32,1.7773445801108357e+18
08d815c7-b66b-4e0f-86eb-cdf22f889a32,1.7773445801441777e+18
08d815c7-b66b-4e0f-86eb-cdf22f889a32,1.7773445801775206e+18
08d815c7-b66b-4e0f-86eb-cdf22f889a32,1.7773445802108626e+18
08d815c7-b66b-4e0f-86eb-cdf22f889a32,1.7773445802442048e+18
08d815c7-b66b-4e0f-86eb-cdf22f889a32,1.7773445802775478e+18
08d815c7-b66b-4e0f-86eb-cdf22f889a32,1.7773445803108897e+18
08d815c7-b66b-4e0f-86eb-cdf22f889a32,1.7773445803442327e+18
08d815c7-b66b-4e0f-86eb-cdf22f889a32,1.7773445803775747e+18
08d815c7-b66b-4e0f-86eb-cdf22f889a32,1.7773445804109176e+18
08d815c7-b66b-4e0f-86eb-cdf22f889a32,1.7773445804442596e+18
08d815c7-b66b-4e0f-86eb-cdf22f889a32,1.7773445804776026e+18
08d815c7-b66b-4e0f-86eb-cdf22f889a32,1.7773445805109448e+18
08d815c7-b66b-4e0f-86eb-cdf22f889a32,1.7773445805442867e+18
08d815c7-b66b-4e0f-86eb-cdf22f889a32,1.7773445805776297e+18
08d815c7-b66b-4e0f-86eb-cdf22f889a32,1.7773445806109716e+18
08d815c7-b66b-4e0f-86eb-cdf22f889a32,1.7773445806443146e+18
08d815c7-b66b-4e0f-86eb-cdf22f889a32,1.7773445806776566e+18
08d815c7-b66b-4e0f-86eb-cdf22f889a32,1.7773445807109996e+18
08d815c7-b66b-4e0f-86eb-cdf22f889a32,1.7773445807443418e+18
08d815c7-b66b-4e0f-86eb-cdf22f889a32,1.7773445807776847e+18
08d815c7-b66b-4e0f-86eb-cdf22f889a32,1.7773445808110267e+18
08d815c7-b66b-4e0f-86eb-cdf22f889a32,1.7773445808443686e+18
08d815c7-b66b-4e0f-86eb-cdf22f889a32,1.7773445808777116e+18
08d815c7-b66b-4e0f-86eb-cdf22f889a32,1.7773445809110536e+18
08d815c7-b66b-4e0f-86eb-cdf22f889a32,1.7773445809443968e+18
08d815c7-b66b-4e0f-86eb-cdf22f889a32,1.7773445809777388e+18
08d815c7-b66b-4e0f-86eb-cdf22f889a32,1.7773445810110817e+18
08d815c7-b66b-4e0f-86eb-cdf22f889a32,1.7773445810444237e+18
08d815c7-b66b-4e0f-86eb-cdf22f889a32,1.7773445810777667e+18
08d815c7-b66b-4e0f-86eb-cdf22f889a32,1.7773445811111086e+18
08d815c7-b66b-4e0f-86eb-cdf22f889a32,1.7773445811444506e+18
08d815c7-b66b-4e0f-86eb-cdf22f889a32,1.7773445811777938e+18
08d815c7-b66b-4e0f-86eb-cdf22f889a32,1.7773445812111357e+18
08d815c7-b66b-4e0f-86eb-cdf22f889a32,1.7773445812444787e+18
08d815c7-b66b-4e0f-86eb-cdf22f889a32,1.7773445812778207e+18
08d815c7-b66b-4e0f-86eb-cdf22f889a32,1.7773445813111636e+18
08d815c7-b66b-4e0f-86eb-cdf22f889a32,1.7773445813445056e+18
08d815c7-b66b-4e0f-86eb-cdf22f889a32,1.7773445813778486e+18
08d815c7-b66b-4e0f-86eb-cdf22f889a32,1.7773445814111908e+18
08d815c7-b66b-4e0f-86eb-cdf22f889a32,1.7773445814445338e+18
08d815c7-b66b-4e0f-86eb-cdf22f889a32,1.7773445814778757e+18
08d815c7-b66b-4e0f-86eb-cdf22f889a32,1.7773445815112177e+18
08d815c7-b66b-4e0f-86eb-cdf22f889a32,1.7773445815445606e+18
08d815c7-b66b-4e0f-86eb-cdf22f889a32,1.7773445815779026e+18
08d815c7-b66b-4e0f-86eb-cdf22f889a32,1.7773445816112456e+18
08d815c7-b66b-4e0f-86eb-cdf22f889a32,1.7773445816445878e+18
08d815c7-b66b-4e0f-86eb-cdf22f889a32,1.7773445816779308e+18
08d815c7-b66b-4e0f-86eb-cdf22f889a32,1.7773445817112727e+18
08d815c7-b66b-4e0f-86eb-cdf22f889a32,1.7773445817446147e+18
08d815c7-b66b-4e0f-86eb-cdf22f889a32,1.7773445817779576e+18
08d815c7-b66b-4e0f-86eb-cdf22f889a32,1.7773445818112996e+18
08d815c7-b66b-4e0f-86eb-cdf22f889a32,1.7773445818446426e+18
08d815c7-b66b-4e0f-86eb-cdf22f889a32,1.7773445818779848e+18
08d815c7-b66b-4e0f-86eb-cdf22f889a32,1.7773445819113277e+18
08d815c7-b66b-4e0f-86eb-cdf22f889a32,1.7773445819446697e+18
08d815c7-b66b-4e0f-86eb-cdf22f889a32,1.7773445819780127e+18
08d815c7-b66b-4e0f-86eb-cdf22f889a32,1.7773445820113546e+18
08d815c7-b66b-4e0f-86eb-cdf22f889a32,1.7773445820446976e+18
08d815c7-b66b-4e0f-86eb-cdf22f889a32,1.7773445820780396e+18
08d815c7-b66b-4e0f-86eb-cdf22f889a32,1.7773445821113818e+18
08d815c7-b66b-4e0f-86eb-cdf22f889a32,1.7773445821447247e+18
08d815c7-b66b-4e0f-86eb-cdf22f889a32,1.7773445821780667e+18
08d815c7-b66b-4e0f-86eb-cdf22f889a32,1.7773445822114097e+18
08d815c7-b66b-4e0f-86eb-cdf22f889a32,1.7773445822447516e+18
08d815c7-b66b-4e0f-86eb-cdf22f889a32,1.7773445822780946e+18
08d815c7-b66b-4e0f-86eb-cdf22f889a32,1.7773445823114368e+18
08d815c7-b66b-4e0f-86eb-cdf22f889a32,1.7773445823447798e+18
08d815c7-b66b-4e0f-86eb-cdf22f889a32,1.7773445823781217e+18
08d815c7-b66b-4e0f-86eb-cdf22f889a32,1.7773445824114637e+18
08d815c7-b66b-4e0f-86eb-cdf22f889a32,1.7773445824448067e+18
08d815c7-b66b-4e0f-86eb-cdf22f889a32,1.7773445824781486e+18
08d815c7-b66b-4e0f-86eb-cdf22f889a32,1.7773445825114916e+18
08d815c7-b66b-4e0f-86eb-cdf22f889a32,1.7773445825448338e+18
08d815c7-b66b-4e0f-86eb-cdf22f889a32,1.7773445825781768e+18
08d815c7-b66b-4e0f-86eb-cdf22f889a32,1.7773445826115187e+18
08d815c7-b66b-4e0f-86eb-cdf22f889a32,1.7773445826448617e+18
08d815c7-b66b-4e0f-86eb-cdf22f889a32,1.7773445826782036e+18
08d815c7-b66b-4e0f-86eb-cdf22f889a32,1.7773445827115456e+18
08d815c7-b66b-4e0f-86eb-cdf22f889a32,1.7773445827448886e+18
08d815c7-b66b-4e0f-86eb-cdf22f889a32,1.7773445827782308e+18
08d815c7-b66b-4e0f-86eb-cdf22f889a32,1.7773445828115738e+18
08d815c7-b66b-4e0f-86eb-cdf22f889a32,1.7773445828449157e+18
08d815c7-b66b-4e0f-86eb-cdf22f889a32,1.7773445828782587e+18
08d815c7-b66b-4e0f-86eb-cdf22f889a32,1.7773445829116006e+18
08d815c7-b66b-4e0f-86eb-cdf22f889a32,1.7773445829449436e+18
08d815c7-b66b-4e0f-86eb-cdf22f889a32,1.7773445829782856e+18
08d815c7-b66b-4e0f-86eb-cdf22f889a32,1.7773445830116278e+18
08d815c7-b66b-4e0f-86eb-cdf22f889a32,1.7773445830449708e+18
08d815c7-b66b-4e0f-86eb-cdf22f889a32,1.7773445830783127e+18
08d815c7-b66b-4e0f-86eb-cdf22f889a32,1.7773445831116557e+18
08d815c7-b66b-4e0f-86eb-cdf22f889a32,1.7773445831449976e+18
08d815c7-b66b-4e0f-86eb-cdf22f889a32,1.7773445831783406e+18
08d815c7-b66b-4e0f-86eb-cdf22f889a32,1.7773445832116826e+18
08d815c7-b66b-4e0f-86eb-cdf22f889a32,1.7773445832450258e+18
08d815c7-b66b-4e0f-86eb-cdf22f889a32,1.7773445832783677e+18
08d815c7-b66b-4e0f-86eb-cdf22f889a32,1.7773445833117107e+18
08d815c7-b66b-4e0f-86eb-cdf22f889a32,1.7773445833450527e+18
08d815c7-b66b-4e0f-86eb-cdf22f889a32,1.7773445833783946e+18
08d815c7-b66b-4e0f-86eb-cdf22f889a32,1.7773445834117376e+18
08d815c7-b66b-4e0f-86eb-cdf22f889a32,1.7773445834450796e+18
08d815c7-b66b-4e0f-86eb-cdf22f889a32,1.7773445834784228e+18
08d815c7-b66b-4e0f-86eb-cdf22f889a32,1.7773445835117647e+18
08d815c7-b66b-4e0f-86eb-cdf22f889a32,1.7773445835451077e+18
08d815c7-b66b-4e0f-86eb-cdf22f889a32,1.7773445835784497e+18
08d815c7-b66b-4e0f-86eb-cdf22f889a32,1.7773445836117916e+18
08d815c7-b66b-4e0f-86eb-cdf22f889a32,1.7773445836451346e+18
08d815c7-b66b-4e0f-86eb-cdf22f889a32,1.7773445836784768e+18
08d815c7-b66b-4e0f-86eb-cdf22f889a32,1.7773445837118198e+18
08d815c7-b66b-4e0f-86eb-cdf22f889a32,1.7773445837451617e+18
08d815c7-b66b-4e0f-86eb-cdf22f889a32,1.7773445837785047e+18
08d815c7-b66b-4e0f-86eb-cdf22f889a32,1.7773445838118467e+18
08d815c7-b66b-4e0f-86eb-cdf22f889a32,1.7773445838451896e+18
08d815c7-b66b-4e0f-86eb-cdf22f889a32,1.7773445838785316e+18
08d815c7-b66b-4e0f-86eb-cdf22f889a32,1.7773445839118746e+18
08d815c7-b66b-4e0f-86eb-cdf22f889a32,1.7773445839452168e+18
08d815c7-b66b-4e0f-86eb-cdf22f889a32,1.7773445839785587e+18
08d815c7-b66b-4e0f-86eb-cdf22f889a32,1.7773445840119017e+18
08d815c7-b66b-4e0f-86eb-cdf22f889a32,1.7773445840452436e+18
08d815c7-b66b-4e0f-86eb-cdf22f889a32,1.7773445840785866e+18
08d815c7-b66b-4e0f-86eb-cdf22f889a32,1.7773445841119286e+18
08d815c7-b66b-4e0f-86eb-cdf22f889a32,1.7773445841452716e+18
08d815c7-b66b-4e0f-86eb-cdf22f889a32,1.7773445841786138e+18
08d815c7-b66b-4e0f-86eb-cdf22f889a32,1.7773445842119567e+18
08d815c7-b66b-4e0f-86eb-cdf22f889a32,1.7773445842452987e+18
08d815c7-b66b-4e0f-86eb-cdf22f889a32,1.7773445842786406e+18
08d815c7-b66b-4e0f-86eb-cdf22f889a32,1.7773445843119836e+18
08d815c7-b66b-4e0f-86eb-cdf22f889a32,1.7773445843453256e+18
08d815c7-b66b-4e0f-86eb-cdf22f889a32,1.7773445843786688e+18
08d815c7-b66b-4e0f-86eb-cdf22f889a32,1.7773445844120108e+18
08d815c7-b66b-4e0f-86eb-cdf22f889a32,1.7773445844453537e+18
08d815c7-b66b-4e0f-86eb-cdf22f889a32,1.7773445844786957e+18
08d815c7-b66b-4e0f-86eb-cdf22f889a32,1.7773445845120387e+18
08d815c7-b66b-4e0f-86eb-cdf22f889a32,1.7773445845453806e+18
08d815c7-b66b-4e0f-86eb-cdf22f889a32,1.7773445845787226e+18
08d815c7-b66b-4e0f-86eb-cdf22f889a32,1.7773445846120658e+18
08d815c7-b66b-4e0f-86eb-cdf22f889a32,1.7773445846454077e+18
08d815c7-b66b-4e0f-86eb-cdf22f889a32,1.7773445846787507e+18
08d815c7-b66b-4e0f-86eb-cdf22f889a32,1.7773445847120927e+18
08d815c7-b66b-4e0f-86eb-cdf22f889a32,1.7773445847454356e+18
08d815c7-b66b-4e0f-86eb-cdf22f889a32,1.7773445847787776e+18
08d815c7-b66b-4e0f-86eb-cdf22f889a32,1.7773445848121206e+18
08d815c7-b66b-4e0f-86eb-cdf22f889a32,1.7773445848454628e+18
08d815c7-b66b-4e0f-86eb-cdf22f889a32,1.7773445848788047e+18
08d815c7-b66b-4e0f-86eb-cdf22f889a32,1.7773445849121477e+18
08d815c7-b66b-4e0f-86eb-cdf22f889a32,1.7773445849454897e+18
08d815c7-b66b-4e0f-86eb-cdf22f889a32,1.7773445849788326e+18
08d815c7-b66b-4e0f-86eb-cdf22f889a32,1.7773445850121746e+18
08d815c7-b66b-4e0f-86eb-cdf22f889a32,1.7773445850455176e+18
08d815c7-b66b-4e0f-86eb-cdf22f889a32,1.7773445850788598e+18
08d815c7-b66b-4e0f-86eb-cdf22f889a32,1.7773445851122028e+18
08d815c7-b66b-4e0f-86eb-cdf22f889a32,1.7773445851455447e+18
08d815c7-b66b-4e0f-86eb-cdf22f889a32,1.7773445851788877e+18
08d815c7-b66b-4e0f-86eb-cdf22f889a32,1.7773445852122296e+18
08d815c7-b66b-4e0f-86eb-cdf22f889a32,1.7773445852455716e+18
08d815c7-b66b-4e0f-86eb-cdf22f889a32,1.7773445852789146e+18
08d815c7-b66b-4e0f-86eb-cdf22f889a32,1.7773445853122568e+18
08d815c7-b66b-4e0f-86eb-cdf22f889a32,1.7773445853455997e+18
08d815c7-b66b-4e0f-86eb-cdf22f889a32,1.7773445853789417e+18
08d815c7-b66b-4e0f-86eb-cdf22f889a32,1.7773445854122847e+18
08d815c7-b66b-4e0f-86eb-cdf22f889a32,1.7773445854456266e+18
08d815c7-b66b-4e0f-86eb-cdf22f889a32,1.7773445854789686e+18
08d815c7-b66b-4e0f-86eb-cdf22f889a32,1.7773445855123116e+18
08d815c7-b66b-4e0f-86eb-cdf22f889a32,1.7773445855456538e+18
08d815c7-b66b-4e0f-86eb-cdf22f889a32,1.7773445855789967e+18
08d815c7-b66b-4e0f-86eb-cdf22f889a32,1.7773445856123387e+18
08d815c7-b66b-4e0f-86eb-cdf22f889a32,1.7773445856456817e+18
08d815c7-b66b-4e0f-86eb-cdf22f889a32,1.7773445856790236e+18
08d815c7-b66b-4e0f-86eb-cdf22f889a32,1.7773445857123666e+18
08d815c7-b66b-4e0f-86eb-cdf22f889a32,1.7773445857457088e+18
08d815c7-b66b-4e0f-86eb-cdf22f889a32,1.7773445857790518e+18
08d815c7-b66b-4e0f-86eb-cdf22f889a32,1.7773445858123937e+18
08d815c7-b66b-4e0f-86eb-cdf22f889a32,1.7773445858457357e+18
08d815c7-b66b-4e0f-86eb-cdf22f889a32,1.7773445858790787e+18
08d815c7-b66b-4e0f-86eb-cdf22f889a32,1.7773445859124206e+18
08d815c7-b66b-4e0f-86eb-cdf22f889a32,1.7773445859457636e+18
08d815c7-b66b-4e0f-86eb-cdf22f889a32,1.7773445859791058e+18
08d815c7-b66b-4e0f-86eb-cdf22f889a32,1.7773445860124488e+18
08d815c7-b66b-4e0f-86eb-cdf22f889a32,1.7773445860457907e+18
08d815c7-b66b-4e0f-86eb-cdf22f889a32,1.7773445860791337e+18
08d815c7-b66b-4e0f-86eb-cdf22f889a32,1.7773445861124756e+18
08d815c7-b66b-4e0f-86eb-cdf22f889a32,1.7773445861458176e+18
08d815c7-b66b-4e0f-86eb-cdf22f889a32,1.7773445861791606e+18
08d815c7-b66b-4e0f-86eb-cdf22f889a32,1.7773445862125028e+18
08d815c7-b66b-4e0f-86eb-cdf22f889a32,1.7773445862458458e+18
08d815c7-b66b-4e0f-86eb-cdf22f889a32,1.7773445862791877e+18
08d815c7-b66b-4e0f-86eb-cdf22f889a32,1.7773445863125307e+18
08d815c7-b66b-4e0f-86eb-cdf22f889a32,1.7773445863458726e+18
08d815c7-b66b-4e0f-86eb-cdf22f889a32,1.7773445863792156e+18
08d815c7-b66b-4e0f-86eb-cdf22f889a32,1.7773445864125576e+18
08d815c7-b66b-4e0f-86eb-cdf22f889a32,1.7773445864458998e+18
08d815c7-b66b-4e0f-86eb-cdf22f889a32,1.7773445864792428e+18
08d815c7-b66b-4e0f-86eb-cdf22f889a32,1.7773445865125847e+18
08d815c7-b66b-4e0f-86eb-cdf22f889a32,1.7773445865459277e+18
08d815c7-b66b-4e0f-86eb-cdf22f889a32,1.7773445865792696e+18
08d815c7-b66b-4e0f-86eb-cdf22f889a32,1.7773445866126126e+18
08d815c7-b66b-4e0f-86eb-cdf22f889a32,1.7773445866459546e+18
08d815c7-b66b-4e0f-86eb-cdf22f889a32,1.7773445866792978e+18
08d815c7-b66b-4e0f-86eb-cdf22f889a32,1.7773445867126397e+18
08d815c7-b66b-4e0f-86eb-cdf22f889a32,1.7773445867459817e+18
08d815c7-b66b-4e0f-86eb-cdf22f889a32,1.7773445867793247e+18
08d815c7-b66b-4e0f-86eb-cdf22f889a32,1.7773445868126666e+18
08d815c7-b66b-4e0f-86eb-cdf22f889a32,1.7773445868460096e+18
08d815c7-b66b-4e0f-86eb-cdf22f889a32,1.7773445868793516e+18
08d815c7-b66b-4e0f-86eb-cdf22f889a32,1.7773445869126948e+18
08d815c7-b66b-4e0f-86eb-cdf22f889a32,1.7773445869460367e+18
08d815c7-b66b-4e0f-86eb-cdf22f889a32,1.7773445869793797e+18
08d815c7-b66b-4e0f-86eb-cdf22f889a32,1.7773445870127217e+18
08d815c7-b66b-4e0f-86eb-cdf22f889a32,1.7773445870460646e+18
08d815c7-b66b-4e0f-86eb-cdf22f889a32,1.7773445870794066e+18
08d815c7-b66b-4e0f-86eb-cdf22f889a32,1.7773445871127488e+18
08d815c7-b66b-4e0f-86eb-cdf22f889a32,1.7773445871460918e+18
08d815c7-b66b-4e0f-86eb-cdf22f889a32,1.7773445871794337e+18
08d815c7-b66b-4e0f-86eb-cdf22f889a32,1.7773445872127767e+18
08d815c7-b66b-4e0f-86eb-cdf22f889a32,1.7773445872461187e+18
08d815c7-b66b-4e0f-86eb-cdf22f889a32,1.7773445872794616e+18
08d815c7-b66b-4e0f-86eb-cdf22f889a32,1.7773445873128036e+18
08d815c7-b66b-4e0f-86eb-cdf22f889a32,1.7773445873461458e+18
08d815c7-b66b-4e0f-86eb-cdf22f889a32,1.7773445873794888e+18
08d815c7-b66b-4e0f-86eb-cdf22f889a32,1.7773445874128307e+18
08d815c7-b66b-4e0f-86eb-cdf22f889a32,1.7773445874461737e+18
08d815c7-b66b-4e0f-86eb-cdf22f889a32,1.7773445874795156e+18
08d815c7-b66b-4e0f-86eb-cdf22f889a32,1.7773445875128586e+18
08d815c7-b66b-4e0f-86eb-cdf22f889a32,1.7773445875462006e+18
08d815c7-b66b-4e0f-86eb-cdf22f889a32,1.7773445875795436e+18
08d815c7-b66b-4e0f-86eb-cdf22f889a32,1.7773445876128858e+18
08d815c7-b66b-4e0f-86eb-cdf22f889a32,1.7773445876462287e+18
08d815c7-b66b-4e0f-86eb-cdf22f889a32,1.7773445876795707e+18
08d815c7-b66b-4e0f-86eb-cdf22f889a32,1.7773445877129126e+18
08d815c7-b66b-4e0f-86eb-cdf22f889a32,1.7773445877462556e+18
08d815c7-b66b-4e0f-86eb-cdf22f889a32,1.7773445877795976e+18
08d815c7-b66b-4e0f-86eb-cdf22f889a32,1.7773445878129408e+18
08d815c7-b66b-4e0f-86eb-cdf22f889a32,1.7773445878462828e+18
08d815c7-b66b-4e0f-86eb-cdf22f889a32,1.7773445878796257e+18
08d815c7-b66b-4e0f-86eb-cdf22f889a32,1.7773445879129677e+18
08d815c7-b66b-4e0f-86eb-cdf22f889a32,1.7773445879463107e+18
08d815c7-b66b-4e0f-86eb-cdf22f889a32,1.7773445879796526e+18
08d815c7-b66b-4e0f-86eb-cdf22f889a32,1.7773445880129946e+18
08d815c7-b66b-4e0f-86eb-cdf22f889a32,1.7773445880463378e+18
08d815c7-b66b-4e0f-86eb-cdf22f889a32,1.7773445880796797e+18
08d815c7-b66b-4e0f-86eb-cdf22f889a32,1.7773445881130227e+18
08d815c7-b66b-4e0f-86eb-cdf22f889a32,1.7773445881463647e+18
08d815c7-b66b-4e0f-86eb-cdf22f889a32,1.7773445881797076e+18
08d815c7-b66b-4e0f-86eb-cdf22f889a32,1.7773445882130496e+18
08d815c7-b66b-4e0f-86eb-cdf22f889a32,1.7773445882463926e+18
08d815c7-b66b-4e0f-86eb-cdf22f889a32,1.7773445882797348e+18
08d815c7-b66b-4e0f-86eb-cdf22f889a32,1.7773445883130767e+18
08d815c7-b66b-4e0f-86eb-cdf22f889a32,1.7773445883464197e+18
08d815c7-b66b-4e0f-86eb-cdf22f889a32,1.7773445883797617e+18
08d815c7-b66b-4e0f-86eb-cdf22f889a32,1.7773445884131046e+18
08d815c7-b66b-4e0f-86eb-cdf22f889a32,1.7773445884464466e+18
08d815c7-b66b-4e0f-86eb-cdf22f889a32,1.7773445884797896e+18
08d815c7-b66b-4e0f-86eb-cdf22f889a32,1.7773445885131318e+18
08d815c7-b66b-4e0f-86eb-cdf22f889a32,1.7773445885464748e+18
08d815c7-b66b-4e0f-86eb-cdf22f889a32,1.7773445885798167e+18
08d815c7-b66b-4e0f-86eb-cdf22f889a32,1.7773445886131597e+18
08d815c7-b66b-4e0f-86eb-cdf22f889a32,1.7773445886465016e+18
08d815c7-b66b-4e0f-86eb-cdf22f889a32,1.7773445886798436e+18
08d815c7-b66b-4e0f-86eb-cdf22f889a32,1.7773445887131866e+18
08d815c7-b66b-4e0f-86eb-cdf22f889a32,1.7773445887465288e+18
08d815c7-b66b-4e0f-86eb-cdf22f889a32,1.7773445887798717e+18
08d815c7-b66b-4e0f-86eb-cdf22f889a32,1.7773445888132137e+18
08d815c7-b66b-4e0f-86eb-cdf22f889a32,1.7773445888465567e+18
08d815c7-b66b-4e0f-86eb-cdf22f889a32,1.7773445888798986e+18
08d815c7-b66b-4e0f-86eb-cdf22f889a32,1.7773445889132416e+18
08d815c7-b66b-4e0f-86eb-cdf22f889a32,1.7773445889465836e+18
08d815c7-b66b-4e0f-86eb-cdf22f889a32,1.7773445889799258e+18
08d815c7-b66b-4e0f-86eb-cdf22f889a32,1.7773445890132687e+18
08d815c7-b66b-4e0f-86eb-cdf22f889a32,1.7773445890466107e+18
08d815c7-b66b-4e0f-86eb-cdf22f889a32,1.7773445890799537e+18
08d815c7-b66b-4e0f-86eb-cdf22f889a32,1.7773445891132956e+18
08d815c7-b66b-4e0f-86eb-cdf22f889a32,1.7773445891466386e+18
08d815c7-b66b-4e0f-86eb-cdf22f889a32,1.7773445891799808e+18
08d815c7-b66b-4e0f-86eb-cdf22f889a32,1.7773445892133238e+18
08d815c7-b66b-4e0f-86eb-cdf22f889a32,1.7773445892466657e+18
08d815c7-b66b-4e0f-86eb-cdf22f889a32,1.7773445892800077e+18
08d815c7-b66b-4e0f-86eb-cdf22f889a32,1.7773445893133507e+18
08d815c7-b66b-4e0f-86eb-cdf22f889a32,1.7773445893466926e+18
08d815c7-b66b-4e0f-86eb-cdf22f889a32,1.7773445893800356e+18
08d815c7-b66b-4e0f-86eb-cdf22f889a32,1.7773445894133778e+18
08d815c7-b66b-4e0f-86eb-cdf22f889a32,1.7773445894467208e+18
08d815c7-b66b-4e0f-86eb-cdf22f889a32,1.7773445894800627e+18
08d815c7-b66b-4e0f-86eb-cdf22f889a32,1.7773445895134057e+18
08d815c7-b66b-4e0f-86eb-cdf22f889a32,1.7773445895467476e+18
08d815c7-b66b-4e0f-86eb-cdf22f889a32,1.7773445895800896e+18
08d815c7-b66b-4e0f-86eb-cdf22f889a32,1.7773445896134326e+18
08d815c7-b66b-4e0f-86eb-cdf22f889a32,1.7773445896467748e+18
08d815c7-b66b-4e0f-86eb-cdf22f889a32,1.7773445896801178e+18
08d815c7-b66b-4e0f-86eb-cdf22f889a32,1.7773445897134597e+18
08d815c7-b66b-4e0f-86eb-cdf22f889a32,1.7773445897468027e+18
08d815c7-b66b-4e0f-86eb-cdf22f889a32,1.7773445897801446e+18
08d815c7-b66b-4e0f-86eb-cdf22f889a32,1.7773445898134876e+18
08d815c7-b66b-4e0f-86eb-cdf22f889a32,1.7773445898468296e+18
08d815c7-b66b-4e0f-86eb-cdf22f889a32,1.7773445898801718e+18
08d815c7-b66b-4e0f-86eb-cdf22f889a32,1.7773445899135148e+18
08d815c7-b66b-4e0f-86eb-cdf22f889a32,1.7773445899468567e+18
08d815c7-b66b-4e0f-86eb-cdf22f889a32,1.7773445899801997e+18
08d815c7-b66b-4e0f-86eb-cdf22f889a32,1.7773445900135416e+18
08d815c7-b66b-4e0f-86eb-cdf22f889a32,1.7773445900468846e+18
08d815c7-b66b-4e0f-86eb-cdf22f889a32,1.7773445900802266e+18
08d815c7-b66b-4e0f-86eb-cdf22f889a32,1.7773445901135698e+18
08d815c7-b66b-4e0f-86eb-cdf22f889a32,1.7773445901469117e+18
08d815c7-b66b-4e0f-86eb-cdf22f889a32,1.7773445901802547e+18
08d815c7-b66b-4e0f-86eb-cdf22f889a32,1.7773445902135967e+18
08d815c7-b66b-4e0f-86eb-cdf22f889a32,1.7773445902469386e+18
08d815c7-b66b-4e0f-86eb-cdf22f889a32,1.7773445902802816e+18
08d815c7-b66b-4e0f-86eb-cdf22f889a32,1.7773445903136236e+18
08d815c7-b66b-4e0f-86eb-cdf22f889a32,1.7773445903469668e+18
08d815c7-b66b-4e0f-86eb-cdf22f889a32,1.7773445903803087e+18
08d815c7-b66b-4e0f-86eb-cdf22f889a32,1.7773445904136517e+18
08d815c7-b66b-4e0f-86eb-cdf22f889a32,1.7773445904469937e+18
08d815c7-b66b-4e0f-86eb-cdf22f889a32,1.7773445904803366e+18
08d815c7-b66b-4e0f-86eb-cdf22f889a32,1.7773445905136786e+18
08d815c7-b66b-4e0f-86eb-cdf22f889a32,1.7773445905470208e+18
08d815c7-b66b-4e0f-86eb-cdf22f889a32,1.7773445905803638e+18
08d815c7-b66b-4e0f-86eb-cdf22f889a32,1.7773445906137057e+18
08d815c7-b66b-4e0f-86eb-cdf22f889a32,1.7773445906470487e+18
08d815c7-b66b-4e0f-86eb-cdf22f889a32,1.7773445906803907e+18
08d815c7-b66b-4e0f-86eb-cdf22f889a32,1.7773445907137336e+18
08d815c7-b66b-4e0f-86eb-cdf22f889a32,1.7773445907470756e+18
08d815c7-b66b-4e0f-86eb-cdf22f889a32,1.7773445907804186e+18
08d815c7-b66b-4e0f-86eb-cdf22f889a32,1.7773445908137608e+18
08d815c7-b66b-4e0f-86eb-cdf22f889a32,1.7773445908471027e+18
08d815c7-b66b-4e0f-86eb-cdf22f889a32,1.7773445908804457e+18
08d815c7-b66b-4e0f-86eb-cdf22f889a32,1.7773445909137876e+18
08d815c7-b66b-4e0f-86eb-cdf22f889a32,1.7773445909471306e+18
08d815c7-b66b-4e0f-86eb-cdf22f889a32,1.7773445909804726e+18
08d815c7-b66b-4e0f-86eb-cdf22f889a32,1.7773445910138156e+18
08d815c7-b66b-4e0f-86eb-cdf22f889a32,1.7773445910471578e+18
08d815c7-b66b-4e0f-86eb-cdf22f889a32,1.7773445910805007e+18
08d815c7-b66b-4e0f-86eb-cdf22f889a32,1.7773445911138427e+18
08d815c7-b66b-4e0f-86eb-cdf22f889a32,1.7773445911471846e+18
08d815c7-b66b-4e0f-86eb-cdf22f889a32,1.7773445911805276e+18
08d815c7-b66b-4e0f-86eb-cdf22f889a32,1.7773445912138696e+18
08d815c7-b66b-4e0f-86eb-cdf22f889a32,1.7773445912472128e+18
08d815c7-b66b-4e0f-86eb-cdf22f889a32,1.7773445912805548e+18
08d815c7-b66b-4e0f-86eb-cdf22f889a32,1.7773445913138977e+18
08d815c7-b66b-4e0f-86eb-cdf22f889a32,1.7773445913472397e+18
08d815c7-b66b-4e0f-86eb-cdf22f889a32,1.7773445913805827e+18
08d815c7-b66b-4e0f-86eb-cdf22f889a32,1.7773445914139246e+18
08d815c7-b66b-4e0f-86eb-cdf22f889a32,1.7773445914472676e+18
08d815c7-b66b-4e0f-86eb-cdf22f889a32,1.7773445914806098e+18
08d815c7-b66b-4e0f-86eb-cdf22f889a32,1.7773445915139517e+18
08d815c7-b66b-4e0f-86eb-cdf22f889a32,1.7773445915472947e+18
08d815c7-b66b-4e0f-86eb-cdf22f889a32,1.7773445915806367e+18
08d815c7-b66b-4e0f-86eb-cdf22f889a32,1.7773445916139796e+18
08d815c7-b66b-4e0f-86eb-cdf22f889a32,1.7773445916473216e+18
08d815c7-b66b-4e0f-86eb-cdf22f889a32,1.7773445916806646e+18
08d815c7-b66b-4e0f-86eb-cdf22f889a32,1.7773445917140068e+18
08d815c7-b66b-4e0f-86eb-cdf22f889a32,1.7773445917473487e+18
08d815c7-b66b-4e0f-86eb-cdf22f889a32,1.7773445917806917e+18
08d815c7-b66b-4e0f-86eb-cdf22f889a32,1.7773445918140337e+18
08d815c7-b66b-4e0f-86eb-cdf22f889a32,1.7773445918473766e+18
08d815c7-b66b-4e0f-86eb-cdf22f889a32,1.7773445918807186e+18
08d815c7-b66b-4e0f-86eb-cdf22f889a32,1.7773445919140616e+18
08d815c7-b66b-4e0f-86eb-cdf22f889a32,1.7773445919474038e+18
08d815c7-b66b-4e0f-86eb-cdf22f889a32,1.7773445919807468e+18
08d815c7-b66b-4e0f-86eb-cdf22f889a32,1.7773445920140887e+18
08d815c7-b66b-4e0f-86eb-cdf22f889a32,1.7773445920474317e+18
08d815c7-b66b-4e0f-86eb-cdf22f889a32,1.7773445920807736e+18
08d815c7-b66b-4e0f-86eb-cdf22f889a32,1.7773445921141156e+18
08d815c7-b66b-4e0f-86eb-cdf22f889a32,1.7773445921474586e+18
08d815c7-b66b-4e0f-86eb-cdf22f889a32,1.7773445921808008e+18
08d815c7-b66b-4e0f-86eb-cdf22f889a32,1.7773445922141437e+18
08d815c7-b66b-4e0f-86eb-cdf22f889a32,1.7773445922474857e+18
08d815c7-b66b-4e0f-86eb-cdf22f889a32,1.7773445922808287e+18
08d815c7-b66b-4e0f-86eb-cdf22f889a32,1.7773445923141706e+18
08d815c7-b66b-4e0f-86eb-cdf22f889a32,1.7773445923475136e+18
08d815c7-b66b-4e0f-86eb-cdf22f889a32,1.7773445923808556e+18
08d815c7-b66b-4e0f-86eb-cdf22f889a32,1.7773445924141978e+18
08d815c7-b66b-4e0f-86eb-cdf22f889a32,1.7773445924475407e+18
08d815c7-b66b-4e0f-86eb-cdf22f889a32,1.7773445924808827e+18
08d815c7-b66b-4e0f-86eb-cdf22f889a32,1.7773445925142257e+18
08d815c7-b66b-4e0f-86eb-cdf22f889a32,1.7773445925475676e+18
08d815c7-b66b-4e0f-86eb-cdf22f889a32,1.7773445925809106e+18
08d815c7-b66b-4e0f-86eb-cdf22f889a32,1.7773445926142528e+18
08d815c7-b66b-4e0f-86eb-cdf22f889a32,1.7773445926475958e+18
08d815c7-b66b-4e0f-86eb-cdf22f889a32,1.7773445926809377e+18
08d815c7-b66b-4e0f-86eb-cdf22f889a32,1.7773445927142797e+18
08d815c7-b66b-4e0f-86eb-cdf22f889a32,1.7773445927476227e+18
08d815c7-b66b-4e0f-86eb-cdf22f889a32,1.7773445927809646e+18
08d815c7-b66b-4e0f-86eb-cdf22f889a32,1.7773445928143076e+18
08d815c7-b66b-4e0f-86eb-cdf22f889a32,1.7773445928476498e+18
08d815c7-b66b-4e0f-86eb-cdf22f889a32,1.7773445928809928e+18
08d815c7-b66b-4e0f-86eb-cdf22f889a32,1.7773445929143347e+18
08d815c7-b66b-4e0f-86eb-cdf22f889a32,1.7773445929476777e+18
08d815c7-b66b-4e0f-86eb-cdf22f889a32,1.7773445929810196e+18
08d815c7-b66b-4e0f-86eb-cdf22f889a32,1.7773445930143616e+18
08d815c7-b66b-4e0f-86eb-cdf22f889a32,1.7773445930477046e+18
08d815c7-b66b-4e0f-86eb-cdf22f889a32,1.7773445930810468e+18
08d815c7-b66b-4e0f-86eb-cdf22f889a32,1.7773445931143898e+18
08d815c7-b66b-4e0f-86eb-cdf22f889a32,1.7773445931477317e+18
08d815c7-b66b-4e0f-86eb-cdf22f889a32,1.7773445931810747e+18
08d815c7-b66b-4e0f-86eb-cdf22f889a32,1.7773445932144166e+18
08d815c7-b66b-4e0f-86eb-cdf22f889a32,1.7773445932477596e+18
08d815c7-b66b-4e0f-86eb-cdf22f889a32,1.7773445932811016e+18
08d815c7-b66b-4e0f-86eb-cdf22f889a32,1.7773445933144448e+18
08d815c7-b66b-4e0f-86eb-cdf22f889a32,1.7773445933477868e+18
08d815c7-b66b-4e0f-86eb-cdf22f889a32,1.7773445933811287e+18
08d815c7-b66b-4e0f-86eb-cdf22f889a32,1.7773445934144717e+18
08d815c7-b66b-4e0f-86eb-cdf22f889a32,1.7773445934478136e+18
08d815c7-b66b-4e0f-86eb-cdf22f889a32,1.7773445934811566e+18
08d815c7-b66b-4e0f-86eb-cdf22f889a32,1.7773445935144986e+18
08d815c7-b66b-4e0f-86eb-cdf22f889a32,1.7773445935478418e+18
08d815c7-b66b-4e0f-86eb-cdf22f889a32,1.7773445935811837e+18
08d815c7-b66b-4e0f-86eb-cdf22f889a32,1.7773445936145257e+18
08d815c7-b66b-4e0f-86eb-cdf22f889a32,1.7773445936478687e+18
08d815c7-b66b-4e0f-86eb-cdf22f889a32,1.7773445936812106e+18
08d815c7-b66b-4e0f-86eb-cdf22f889a32,1.7773445937145536e+18
08d815c7-b66b-4e0f-86eb-cdf22f889a32,1.7773445937478956e+18
08d815c7-b66b-4e0f-86eb-cdf22f889a32,1.7773445937812388e+18
08d815c7-b66b-4e0f-86eb-cdf22f889a32,1.7773445938145807e+18
08d815c7-b66b-4e0f-86eb-cdf22f889a32,1.7773445938479237e+18
08d815c7-b66b-4e0f-86eb-cdf22f889a32,1.7773445938812657e+18
08d815c7-b66b-4e0f-86eb-cdf22f889a32,1.7773445939146086e+18
08d815c7-b66b-4e0f-86eb-cdf22f889a32,1.7773445939479506e+18
08d815c7-b66b-4e0f-86eb-cdf22f889a32,1.7773445939812928e+18
08d815c7-b66b-4e0f-86eb-cdf22f889a32,1.7773445940146358e+18
08d815c7-b66b-4e0f-86eb-cdf22f889a32,1.7773445940479777e+18
08d815c7-b66b-4e0f-86eb-cdf22f889a32,1.7773445940813207e+18
08d815c7-b66b-4e0f-86eb-cdf22f889a32,1.7773445941146627e+18
08d815c7-b66b-4e0f-86eb-cdf22f889a32,1.7773445941480056e+18
08d815c7-b66b-4e0f-86eb-cdf22f889a32,1.7773445941813476e+18
08d815c7-b66b-4e0f-86eb-cdf22f889a32,1.7773445942146906e+18
08d815c7-b66b-4e0f-86eb-cdf22f889a32,1.7773445942480328e+18
08d815c7-b66b-4e0f-86eb-cdf22f889a32,1.7773445942813747e+18
08d815c7-b66b-4e0f-86eb-cdf22f889a32,1.7773445943147177e+18
08d815c7-b66b-4e0f-86eb-cdf22f889a32,1.7773445943480596e+18
08d815c7-b66b-4e0f-86eb-cdf22f889a32,1.7773445943814026e+18
08d815c7-b66b-4e0f-86eb-cdf22f889a32,1.7773445944147446e+18
08d815c7-b66b-4e0f-86eb-cdf22f889a32,1.7773445944480876e+18
08d815c7-b66b-4e0f-86eb-cdf22f889a32,1.7773445944814298e+18
08d815c7-b66b-4e0f-86eb-cdf22f889a32,1.7773445945147727e+18
08d815c7-b66b-4e0f-86eb-cdf22f889a32,1.7773445945481147e+18
08d815c7-b66b-4e0f-86eb-cdf22f889a32,1.7773445945814566e+18
08d815c7-b66b-4e0f-86eb-cdf22f889a32,1.7773445946147996e+18
08d815c7-b66b-4e0f-86eb-cdf22f889a32,1.7773445946481416e+18
08d815c7-b66b-4e0f-86eb-cdf22f889a32,1.7773445946814848e+18
08d815c7-b66b-4e0f-86eb-cdf22f889a32,1.7773445947148268e+18
08d815c7-b66b-4e0f-86eb-cdf22f889a32,1.7773445947481697e+18
08d815c7-b66b-4e0f-86eb-cdf22f889a32,1.7773445947815117e+18
08d815c7-b66b-4e0f-86eb-cdf22f889a32,1.7773445948148547e+18
08d815c7-b66b-4e0f-86eb-cdf22f889a32,1.7773445948481966e+18
08d815c7-b66b-4e0f-86eb-cdf22f889a32,1.7773445948815386e+18
08d815c7-b66b-4e0f-86eb-cdf22f889a32,1.7773445949148818e+18
08d815c7-b66b-4e0f-86eb-cdf22f889a32,1.7773445949482237e+18
08d815c7-b66b-4e0f-86eb-cdf22f889a32,1.7773445949815667e+18
08d815c7-b66b-4e0f-86eb-cdf22f889a32,1.7773445950149087e+18
08d815c7-b66b-4e0f-86eb-cdf22f889a32,1.7773445950482516e+18
08d815c7-b66b-4e0f-86eb-cdf22f889a32,1.7773445950815936e+18
08d815c7-b66b-4e0f-86eb-cdf22f889a32,1.7773445951149366e+18
08d815c7-b66b-4e0f-86eb-cdf22f889a32,1.7773445951482788e+18
08d815c7-b66b-4e0f-86eb-cdf22f889a32,1.7773445951816218e+18
08d815c7-b66b-4e0f-86eb-cdf22f889a32,1.7773445952149637e+18
08d815c7-b66b-4e0f-86eb-cdf22f889a32,1.7773445952483057e+18
08d815c7-b66b-4e0f-86eb-cdf22f889a32,1.7773445952816486e+18
08d815c7-b66b-4e0f-86eb-cdf22f889a32,1.7773445953149906e+18
08d815c7-b66b-4e0f-86eb-cdf22f889a32,1.7773445953483336e+18
08d815c7-b66b-4e0f-86eb-cdf22f889a32,1.7773445953816758e+18
08d815c7-b66b-4e0f-86eb-cdf22f889a32,1.7773445954150188e+18
08d815c7-b66b-4e0f-86eb-cdf22f889a32,1.7773445954483607e+18
08d815c7-b66b-4e0f-86eb-cdf22f889a32,1.7773445954817027e+18
08d815c7-b66b-4e0f-86eb-cdf22f889a32,1.7773445955150456e+18
08d815c7-b66b-4e0f-86eb-cdf22f889a32,1.7773445955483876e+18
08d815c7-b66b-4e0f-86eb-cdf22f889a32,1.7773445955817306e+18
08d815c7-b66b-4e0f-86eb-cdf22f889a32,1.7773445956150728e+18
08d815c7-b66b-4e0f-86eb-cdf22f889a32,1.7773445956484157e+18
08d815c7-b66b-4e0f-86eb-cdf22f889a32,1.7773445956817577e+18
08d815c7-b66b-4e0f-86eb-cdf22f889a32,1.7773445957151007e+18
08d815c7-b66b-4e0f-86eb-cdf22f889a32,1.7773445957484426e+18
08d815c7-b66b-4e0f-86eb-cdf22f889a32,1.7773445957817856e+18
08d815c7-b66b-4e0f-86eb-cdf22f889a32,1.7773445958151276e+18
08d815c7-b66b-4e0f-86eb-cdf22f889a32,1.7773445958484698e+18
08d815c7-b66b-4e0f-86eb-cdf22f889a32,1.7773445958818127e+18
08d815c7-b66b-4e0f-86eb-cdf22f889a32,1.7773445959151547e+18
08d815c7-b66b-4e0f-86eb-cdf22f889a32,1.7773445959484977e+18
08d815c7-b66b-4e0f-86eb-cdf22f889a32,1.7773445959818396e+18
08d815c7-b66b-4e0f-86eb-cdf22f889a32,1.7773445960151826e+18
08d815c7-b66b-4e0f-86eb-cdf22f889a32,1.7773445960485248e+18
08d815c7-b66b-4e0f-86eb-cdf22f889a32,1.7773445960818678e+18
08d815c7-b66b-4e0f-86eb-cdf22f889a32,1.7773445961152097e+18
08d815c7-b66b-4e0f-86eb-cdf22f889a32,1.7773445961485517e+18
08d815c7-b66b-4e0f-86eb-cdf22f889a32,1.7773445961818947e+18
08d815c7-b66b-4e0f-86eb-cdf22f889a32,1.7773445962152366e+18
08d815c7-b66b-4e0f-86eb-cdf22f889a32,1.7773445962485796e+18
08d815c7-b66b-4e0f-86eb-cdf22f889a32,1.7773445962819218e+18
08d815c7-b66b-4e0f-86eb-cdf22f889a32,1.7773445963152648e+18
08d815c7-b66b-4e0f-86eb-cdf22f889a32,1.7773445963486067e+18
08d815c7-b66b-4e0f-86eb-cdf22f889a32,1.7773445963819497e+18
08d815c7-b66b-4e0f-86eb-cdf22f889a32,1.7773445964152916e+18
08d815c7-b66b-4e0f-86eb-cdf22f889a32,1.7773445964486336e+18
08d815c7-b66b-4e0f-86eb-cdf22f889a32,1.7773445964819766e+18
08d815c7-b66b-4e0f-86eb-cdf22f889a32,1.7773445965153188e+18
08d815c7-b66b-4e0f-86eb-cdf22f889a32,1.7773445965486618e+18
08d815c7-b66b-4e0f-86eb-cdf22f889a32,1.7773445965820037e+18
08d815c7-b66b-4e0f-86eb-cdf22f889a32,1.7773445966153467e+18
08d815c7-b66b-4e0f-86eb-cdf22f889a32,1.7773445966486886e+18
08d815c7-b66b-4e0f-86eb-cdf22f889a32,1.7773445966820316e+18
08d815c7-b66b-4e0f-86eb-cdf22f889a32,1.7773445967153736e+18
08d815c7-b66b-4e0f-86eb-cdf22f889a32,1.7773445967487158e+18
08d815c7-b66b-4e0f-86eb-cdf22f889a32,1.7773445967820588e+18
08d815c7-b66b-4e0f-86eb-cdf22f889a32,1.7773445968154007e+18
08d815c7-b66b-4e0f-86eb-cdf22f889a32,1.7773445968487437e+18
08d815c7-b66b-4e0f-86eb-cdf22f889a32,1.7773445968820856e+18
08d815c7-b66b-4e0f-86eb-cdf22f889a32,1.7773445969154286e+18
08d815c7-b66b-4e0f-86eb-cdf22f889a32,1.7773445969487706e+18
08d815c7-b66b-4e0f-86eb-cdf22f889a32,1.7773445969821138e+18
08d815c7-b66b-4e0f-86eb-cdf22f889a32,1.7773445970154557e+18
08d815c7-b66b-4e0f-86eb-cdf22f889a32,1.7773445970487987e+18
08d815c7-b66b-4e0f-86eb-cdf22f889a32,1.7773445970821407e+18
08d815c7-b66b-4e0f-86eb-cdf22f889a32,1.7773445971154826e+18
08d815c7-b66b-4e0f-86eb-cdf22f889a32,1.7773445971488256e+18
08d815c7-b66b-4e0f-86eb-cdf22f889a32,1.7773445971821676e+18
08d815c7-b66b-4e0f-86eb-cdf22f889a32,1.7773445972155108e+18
08d815c7-b66b-4e0f-86eb-cdf22f889a32,1.7773445972488527e+18
08d815c7-b66b-4e0f-86eb-cdf22f889a32,1.7773445972821957e+18
08d815c7-b66b-4e0f-86eb-cdf22f889a32,1.7773445973155377e+18
08d815c7-b66b-4e0f-86eb-cdf22f889a32,1.7773445973488796e+18
08d815c7-b66b-4e0f-86eb-cdf22f889a32,1.7773445973822226e+18
08d815c7-b66b-4e0f-86eb-cdf22f889a32,1.7773445974155648e+18
08d815c7-b66b-4e0f-86eb-cdf22f889a32,1.7773445974489078e+18
08d815c7-b66b-4e0f-86eb-cdf22f889a32,1.7773445974822497e+18
08d815c7-b66b-4e0f-86eb-cdf22f889a32,1.7773445975155927e+18
08d815c7-b66b-4e0f-86eb-cdf22f889a32,1.7773445975489347e+18
08d815c7-b66b-4e0f-86eb-cdf22f889a32,1.7773445975822776e+18
08d815c7-b66b-4e0f-86eb-cdf22f889a32,1.7773445976156196e+18
08d815c7-b66b-4e0f-86eb-cdf22f889a32,1.7773445976489626e+18
08d815c7-b66b-4e0f-86eb-cdf22f889a32,1.7773445976823048e+18
08d815c7-b66b-4e0f-86eb-cdf22f889a32,1.7773445977156467e+18
08d815c7-b66b-4e0f-86eb-cdf22f889a32,1.7773445977489897e+18
08d815c7-b66b-4e0f-86eb-cdf22f889a32,1.7773445977823316e+18
08d815c7-b66b-4e0f-86eb-cdf22f889a32,1.7773445978156746e+18
08d815c7-b66b-4e0f-86eb-cdf22f889a32,1.7773445978490166e+18
08d815c7-b66b-4e0f-86eb-cdf22f889a32,1.7773445978823596e+18
08d815c7-b66b-4e0f-86eb-cdf22f889a32,1.7773445979157018e+18
08d815c7-b66b-4e0f-86eb-cdf22f889a32,1.7773445979490447e+18
08d815c7-b66b-4e0f-86eb-cdf22f889a32,1.7773445979823867e+18
08d815c7-b66b-4e0f-86eb-cdf22f889a32,1.7773445980157286e+18
08d815c7-b66b-4e0f-86eb-cdf22f889a32,1.7773445980490716e+18
08d815c7-b66b-4e0f-86eb-cdf22f889a32,1.7773445980824136e+18
08d815c7-b66b-4e0f-86eb-cdf22f889a32,1.7773445981157568e+18
08d815c7-b66b-4e0f-86eb-cdf22f889a32,1.7773445981490988e+18
08d815c7-b66b-4e0f-86eb-cdf22f889a32,1.7773445981824417e+18
08d815c7-b66b-4e0f-86eb-cdf22f889a32,1.7773445982157837e+18
08d815c7-b66b-4e0f-86eb-cdf22f889a32,1.7773445982491267e+18
08d815c7-b66b-4e0f-86eb-cdf22f889a32,1.7773445982824686e+18
08d815c7-b66b-4e0f-86eb-cdf22f889a32,1.7773445983158106e+18
08d815c7-b66b-4e0f-86eb-cdf22f889a32,1.7773445983491538e+18
08d815c7-b66b-4e0f-86eb-cdf22f889a32,1.7773445983824957e+18
08d815c7-b66b-4e0f-86eb-cdf22f889a32,1.7773445984158387e+18
08d815c7-b66b-4e0f-86eb-cdf22f889a32,1.7773445984491807e+18
08d815c7-b66b-4e0f-86eb-cdf22f889a32,1.7773445984825236e+18
08d815c7-b66b-4e0f-86eb-cdf22f889a32,1.7773445985158656e+18
08d815c7-b66b-4e0f-86eb-cdf22f889a32,1.7773445985492086e+18
08d815c7-b66b-4e0f-86eb-cdf22f889a32,1.7773445985825508e+18
08d815c7-b66b-4e0f-86eb-cdf22f889a32,1.7773445986158927e+18
08d815c7-b66b-4e0f-86eb-cdf22f889a32,1.7773445986492357e+18
08d815c7-b66b-4e0f-86eb-cdf22f889a32,1.7773445986825777e+18
08d815c7-b66b-4e0f-86eb-cdf22f889a32,1.7773445987159206e+18
08d815c7-b66b-4e0f-86eb-cdf22f889a32,1.7773445987492626e+18
08d815c7-b66b-4e0f-86eb-cdf22f889a32,1.7773445987826056e+18
08d815c7-b66b-4e0f-86eb-cdf22f889a32,1.7773445988159478e+18
08d815c7-b66b-4e0f-86eb-cdf22f889a32,1.7773445988492908e+18
08d815c7-b66b-4e0f-86eb-cdf22f889a32,1.7773445988826327e+18
08d815c7-b66b-4e0f-86eb-cdf22f889a32,1.7773445989159747e+18
08d815c7-b66b-4e0f-86eb-cdf22f889a32,1.7773445989493176e+18
08d815c7-b66b-4e0f-86eb-cdf22f889a32,1.7773445989826596e+18
08d815c7-b66b-4e0f-86eb-cdf22f889a32,1.7773445990160026e+18
08d815c7-b66b-4e0f-86eb-cdf22f889a32,1.7773445990493448e+18
08d815c7-b66b-4e0f-86eb-cdf22f889a32,1.7773445990826877e+18
08d815c7-b66b-4e0f-86eb-cdf22f889a32,1.7773445991160297e+18
08d815c7-b66b-4e0f-86eb-cdf22f889a32,1.7773445991493727e+18
08d815c7-b66b-4e0f-86eb-cdf22f889a32,1.7773445991827146e+18
08d815c7-b66b-4e0f-86eb-cdf22f889a32,1.7773445992160566e+18
08d815c7-b66b-4e0f-86eb-cdf22f889a32,1.7773445992493996e+18
08d815c7-b66b-4e0f-86eb-cdf22f889a32,1.7773445992827418e+18
08d815c7-b66b-4e0f-86eb-cdf22f889a32,1.7773445993160847e+18
08d815c7-b66b-4e0f-86eb-cdf22f889a32,1.7773445993494267e+18
08d815c7-b66b-4e0f-86eb-cdf22f889a32,1.7773445993827697e+18
08d815c7-b66b-4e0f-86eb-cdf22f889a32,1.7773445994161116e+18
08d815c7-b66b-4e0f-86eb-cdf22f889a32,1.7773445994494546e+18
08d815c7-b66b-4e0f-86eb-cdf22f889a32,1.7773445994827968e+18
08d815c7-b66b-4e0f-86eb-cdf22f889a32,1.7773445995161398e+18
08d815c7-b66b-4e0f-86eb-cdf22f889a32,1.7773445995494817e+18
08d815c7-b66b-4e0f-86eb-cdf22f889a32,1.7773445995828237e+18
08d815c7-b66b-4e0f-86eb-cdf22f889a32,1.7773445996161667e+18
08d815c7-b66b-4e0f-86eb-cdf22f889a32,1.7773445996495086e+18
08d815c7-b66b-4e0f-86eb-cdf22f889a32,1.7773445996828516e+18
08d815c7-b66b-4e0f-86eb-cdf22f889a32,1.7773445997161938e+18
08d815c7-b66b-4e0f-86eb-cdf22f889a32,1.7773445997495368e+18
08d815c7-b66b-4e0f-86eb-cdf22f889a32,1.7773445997828787e+18
08d815c7-b66b-4e0f-86eb-cdf22f889a32,1.7773445998162217e+18
08d815c7-b66b-4e0f-86eb-cdf22f889a32,1.7773445998495636e+18
08d815c7-b66b-4e0f-86eb-cdf22f889a32,1.7773445998829056e+18
08d815c7-b66b-4e0f-86eb-cdf22f889a32,1.7773445999162486e+18
08d815c7-b66b-4e0f-86eb-cdf22f889a32,1.7773445999495908e+18
08d815c7-b66b-4e0f-86eb-cdf22f889a32,1.7773445999829338e+18
08d815c7-b66b-4e0f-86eb-cdf22f889a32,1.7773446000162757e+18
08d815c7-b66b-4e0f-86eb-cdf22f889a32,1.7773446000496187e+18
08d815c7-b66b-4e0f-86eb-cdf22f889a32,1.7773446000829606e+18
08d815c7-b66b-4e0f-86eb-cdf22f889a32,1.7773446001163036e+18
08d815c7-b66b-4e0f-86eb-cdf22f889a32,1.7773446001496456e+18
08d815c7-b66b-4e0f-86eb-cdf22f889a32,1.7773446001829878e+18
08d815c7-b66b-4e0f-86eb-cdf22f889a32,1.7773446002163308e+18
08d815c7-b66b-4e0f-86eb-cdf22f889a32,1.7773446002496727e+18
08d815c7-b66b-4e0f-86eb-cdf22f889a32,1.7773446002830157e+18
08d815c7-b66b-4e0f-86eb-cdf22f889a32,1.7773446003163576e+18
08d815c7-b66b-4e0f-86eb-cdf22f889a32,1.7773446003497006e+18
08d815c7-b66b-4e0f-86eb-cdf22f889a32,1.7773446003830426e+18
08d815c7-b66b-4e0f-86eb-cdf22f889a32,1.7773446004163858e+18
08d815c7-b66b-4e0f-86eb-cdf22f889a32,1.7773446004497277e+18
08d815c7-b66b-4e0f-86eb-cdf22f889a32,1.7773446004830697e+18
08d815c7-b66b-4e0f-86eb-cdf22f889a32,1.7773446005164127e+18
08d815c7-b66b-4e0f-86eb-cdf22f889a32,1.7773446005497546e+18
08d815c7-b66b-4e0f-86eb-cdf22f889a32,1.7773446005830976e+18
08d815c7-b66b-4e0f-86eb-cdf22f889a32,1.7773446006164396e+18
08d815c7-b66b-4e0f-86eb-cdf22f889a32,1.7773446006497828e+18
08d815c7-b66b-4e0f-86eb-cdf22f889a32,1.7773446006831247e+18
08d815c7-b66b-4e0f-86eb-cdf22f889a32,1.7773446007164677e+18
08d815c7-b66b-4e0f-86eb-cdf22f889a32,1.7773446007498097e+18
08d815c7-b66b-4e0f-86eb-cdf22f889a32,1.7773446007831526e+18
08d815c7-b66b-4e0f-86eb-cdf22f889a32,1.7773446008164946e+18
08d815c7-b66b-4e0f-86eb-cdf22f889a32,1.7773446008498368e+18
08d815c7-b66b-4e0f-86eb-cdf22f889a32,1.7773446008831798e+18
08d815c7-b66b-4e0f-86eb-cdf22f889a32,1.7773446009165217e+18
08d815c7-b66b-4e0f-86eb-cdf22f889a32,1.7773446009498647e+18
08d815c7-b66b-4e0f-86eb-cdf22f889a32,1.7773446009832067e+18
08d815c7-b66b-4e0f-86eb-cdf22f889a32,1.7773446010165496e+18
08d815c7-b66b-4e0f-86eb-cdf22f889a32,1.7773446010498916e+18
08d815c7-b66b-4e0f-86eb-cdf22f889a32,1.7773446010832338e+18
08d815c7-b66b-4e0f-86eb-cdf22f889a32,1.7773446011165768e+18
08d815c7-b66b-4e0f-86eb-cdf22f889a32,1.7773446011499187e+18
08d815c7-b66b-4e0f-86eb-cdf22f889a32,1.7773446011832617e+18
08d815c7-b66b-4e0f-86eb-cdf22f889a32,1.7773446012166036e+18
08d815c7-b66b-4e0f-86eb-cdf22f889a32,1.7773446012499466e+18
08d815c7-b66b-4e0f-86eb-cdf22f889a32,1.7773446012832886e+18
08d815c7-b66b-4e0f-86eb-cdf22f889a32,1.7773446013166316e+18
08d815c7-b66b-4e0f-86eb-cdf22f889a32,1.7773446013499738e+18
08d815c7-b66b-4e0f-86eb-cdf22f889a32,1.7773446013833167e+18
08d815c7-b66b-4e0f-86eb-cdf22f889a32,1.7773446014166587e+18
08d815c7-b66b-4e0f-86eb-cdf22f889a32,1.7773446014500006e+18
08d815c7-b66b-4e0f-86eb-cdf22f889a32,1.7773446014833436e+18
08d815c7-b66b-4e0f-86eb-cdf22f889a32,1.7773446015166856e+18
08d815c7-b66b-4e0f-86eb-cdf22f889a32,1.7773446015500288e+18
08d815c7-b66b-4e0f-86eb-cdf22f889a32,1.7773446015833708e+18
08d815c7-b66b-4e0f-86eb-cdf22f889a32,1.7773446016167137e+18
08d815c7-b66b-4e0f-86eb-cdf22f889a32,1.7773446016500557e+18
08d815c7-b66b-4e0f-86eb-cdf22f889a32,1.7773446016833987e+18
08d815c7-b66b-4e0f-86eb-cdf22f889a32,1.7773446017167406e+18
08d815c7-b66b-4e0f-86eb-cdf22f889a32,1.7773446017500826e+18
08d815c7-b66b-4e0f-86eb-cdf22f889a32,1.7773446017834258e+18
08d815c7-b66b-4e0f-86eb-cdf22f889a32,1.7773446018167677e+18
08d815c7-b66b-4e0f-86eb-cdf22f889a32,1.7773446018501107e+18
08d815c7-b66b-4e0f-86eb-cdf22f889a32,1.7773446018834527e+18
08d815c7-b66b-4e0f-86eb-cdf22f889a32,1.7773446019167956e+18
08d815c7-b66b-4e0f-86eb-cdf22f889a32,1.7773446019501376e+18
08d815c7-b66b-4e0f-86eb-cdf22f889a32,1.7773446019834806e+18
08d815c7-b66b-4e0f-86eb-cdf22f889a32,1.7773446020168228e+18
08d815c7-b66b-4e0f-86eb-cdf22f889a32,1.7773446020501647e+18
08d815c7-b66b-4e0f-86eb-cdf22f889a32,1.7773446020835077e+18
08d815c7-b66b-4e0f-86eb-cdf22f889a32,1.7773446021168497e+18
08d815c7-b66b-4e0f-86eb-cdf22f889a32,1.7773446021501926e+18
08d815c7-b66b-4e0f-86eb-cdf22f889a32,1.7773446021835346e+18
08d815c7-b66b-4e0f-86eb-cdf22f889a32,1.7773446022168776e+18
08d815c7-b66b-4e0f-86eb-cdf22f889a32,1.7773446022502198e+18
08d815c7-b66b-4e0f-86eb-cdf22f889a32,1.7773446022835628e+18
08d815c7-b66b-4e0f-86eb-cdf22f889a32,1.7773446023169047e+18
08d815c7-b66b-4e0f-86eb-cdf22f889a32,1.7773446023502467e+18
08d815c7-b66b-4e0f-86eb-cdf22f889a32,1.7773446023835896e+18
08d815c7-b66b-4e0f-86eb-cdf22f889a32,1.7773446024169316e+18
08d815c7-b66b-4e0f-86eb-cdf22f889a32,1.7773446024502746e+18
08d815c7-b66b-4e0f-86eb-cdf22f889a32,1.7773446024836168e+18
08d815c7-b66b-4e0f-86eb-cdf22f889a32,1.7773446025169597e+18
08d815c7-b66b-4e0f-86eb-cdf22f889a32,1.7773446025503017e+18
08d815c7-b66b-4e0f-86eb-cdf22f889a32,1.7773446025836447e+18
08d815c7-b66b-4e0f-86eb-cdf22f889a32,1.7773446026169866e+18
08d815c7-b66b-4e0f-86eb-cdf22f889a32,1.7773446026503296e+18
08d815c7-b66b-4e0f-86eb-cdf22f889a32,1.7773446026836716e+18
08d815c7-b66b-4e0f-86eb-cdf22f889a32,1.7773446027170138e+18
08d815c7-b66b-4e0f-86eb-cdf22f889a32,1.7773446027503567e+18
08d815c7-b66b-4e0f-86eb-cdf22f889a32,1.7773446027836987e+18
08d815c7-b66b-4e0f-86eb-cdf22f889a32,1.7773446028170417e+18
08d815c7-b66b-4e0f-86eb-cdf22f889a32,1.7773446028503836e+18
08d815c7-b66b-4e0f-86eb-cdf22f889a32,1.7773446028837266e+18
08d815c7-b66b-4e0f-86eb-cdf22f889a32,1.7773446029170688e+18
08d815c7-b66b-4e0f-86eb-cdf22f889a32,1.7773446029504108e+18
08d815c7-b66b-4e0f-86eb-cdf22f889a32,1.7773446029837537e+18
08d815c7-b66b-4e0f-86eb-cdf22f889a32,1.7773446030170957e+18
08d815c7-b66b-4e0f-86eb-cdf22f889a32,1.7773446030504387e+18
08d815c7-b66b-4e0f-86eb-cdf22f889a32,1.7773446030837806e+18
08d815c7-b66b-4e0f-86eb-cdf22f889a32,1.7773446031171236e+18
08d815c7-b66b-4e0f-86eb-cdf22f889a32,1.7773446031504658e+18
08d815c7-b66b-4e0f-86eb-cdf22f889a32,1.7773446031838088e+18
08d815c7-b66b-4e0f-86eb-cdf22f889a32,1.7773446032171507e+18
08d815c7-b66b-4e0f-86eb-cdf22f889a32,1.7773446032504937e+18
08d815c7-b66b-4e0f-86eb-cdf22f889a32,1.7773446032838356e+18
08d815c7-b66b-4e0f-86eb-cdf22f889a32,1.7773446033171776e+18
08d815c7-b66b-4e0f-86eb-cdf22f889a32,1.7773446033505206e+18
08d815c7-b66b-4e0f-86eb-cdf22f889a32,1.7773446033838628e+18
08d815c7-b66b-4e0f-86eb-cdf22f889a32,1.7773446034172058e+18
08d815c7-b66b-4e0f-86eb-cdf22f889a32,1.7773446034505477e+18
08d815c7-b66b-4e0f-86eb-cdf22f889a32,1.7773446034838907e+18
08d815c7-b66b-4e0f-86eb-cdf22f889a32,1.7773446035172326e+18
08d815c7-b66b-4e0f-86eb-cdf22f889a32,1.7773446035505756e+18
08d815c7-b66b-4e0f-86eb-cdf22f889a32,1.7773446035839176e+18
08d815c7-b66b-4e0f-86eb-cdf22f889a32,1.7773446036172598e+18
08d815c7-b66b-4e0f-86eb-cdf22f889a32,1.7773446036506028e+18
08d815c7-b66b-4e0f-86eb-cdf22f889a32,1.7773446036839447e+18
08d815c7-b66b-4e0f-86eb-cdf22f889a32,1.7773446037172877e+18
08d815c7-b66b-4e0f-86eb-cdf22f889a32,1.7773446037506296e+18
08d815c7-b66b-4e0f-86eb-cdf22f889a32,1.7773446037839726e+18
08d815c7-b66b-4e0f-86eb-cdf22f889a32,1.7773446038173146e+18
08d815c7-b66b-4e0f-86eb-cdf22f889a32,1.7773446038506578e+18
08d815c7-b66b-4e0f-86eb-cdf22f889a32,1.7773446038839997e+18
08d815c7-b66b-4e0f-86eb-cdf22f889a32,1.7773446039173417e+18
08d815c7-b66b-4e0f-86eb-cdf22f889a32,1.7773446039506847e+18
08d815c7-b66b-4e0f-86eb-cdf22f889a32,1.7773446039840266e+18
08d815c7-b66b-4e0f-86eb-cdf22f889a32,1.7773446040173696e+18
08d815c7-b66b-4e0f-86eb-cdf22f889a32,1.7773446040507116e+18
08d815c7-b66b-4e0f-86eb-cdf22f889a32,1.7773446040840548e+18
08d815c7-b66b-4e0f-86eb-cdf22f889a32,1.7773446041173967e+18
08d815c7-b66b-4e0f-86eb-cdf22f889a32,1.7773446041507397e+18
08d815c7-b66b-4e0f-86eb-cdf22f889a32,1.7773446041840817e+18
08d815c7-b66b-4e0f-86eb-cdf22f889a32,1.7773446042174246e+18
08d815c7-b66b-4e0f-86eb-cdf22f889a32,1.7773446042507666e+18
08d815c7-b66b-4e0f-86eb-cdf22f889a32,1.7773446042841088e+18
08d815c7-b66b-4e0f-86eb-cdf22f889a32,1.7773446043174518e+18
08d815c7-b66b-4e0f-86eb-cdf22f889a32,1.7773446043507937e+18
08d815c7-b66b-4e0f-86eb-cdf22f889a32,1.7773446043841367e+18
08d815c7-b66b-4e0f-86eb-cdf22f889a32,1.7773446044174787e+18
08d815c7-b66b-4e0f-86eb-cdf22f889a32,1.7773446044508216e+18
08d815c7-b66b-4e0f-86eb-cdf22f889a32,1.7773446044841636e+18
08d815c7-b66b-4e0f-86eb-cdf22f889a32,1.7773446045175066e+18
08d815c7-b66b-4e0f-86eb-cdf22f889a32,1.7773446045508488e+18
08d815c7-b66b-4e0f-86eb-cdf22f889a32,1.7773446045841907e+18
08d815c7-b66b-4e0f-86eb-cdf22f889a32,1.7773446046175337e+18
08d815c7-b66b-4e0f-86eb-cdf22f889a32,1.7773446046508756e+18
08d815c7-b66b-4e0f-86eb-cdf22f889a32,1.7773446046842186e+18
08d815c7-b66b-4e0f-86eb-cdf22f889a32,1.7773446047175606e+18
08d815c7-b66b-4e0f-86eb-cdf22f889a32,1.7773446047509036e+18
08d815c7-b66b-4e0f-86eb-cdf22f889a32,1.7773446047842458e+18
08d815c7-b66b-4e0f-86eb-cdf22f889a32,1.7773446048175887e+18
08d815c7-b66b-4e0f-86eb-cdf22f889a32,1.7773446048509307e+18
08d815c7-b66b-4e0f-86eb-cdf22f889a32,1.7773446048842726e+18
08d815c7-b66b-4e0f-86eb-cdf22f889a32,1.7773446049176156e+18
08d815c7-b66b-4e0f-86eb-cdf22f889a32,1.7773446049509576e+18
08d815c7-b66b-4e0f-86eb-cdf22f889a32,1.7773446049843008e+18
08d815c7-b66b-4e0f-86eb-cdf22f889a32,1.7773446050176428e+18
08d815c7-b66b-4e0f-86eb-cdf22f889a32,1.7773446050509857e+18
08d815c7-b66b-4e0f-86eb-cdf22f889a32,1.7773446050843277e+18
08d815c7-b66b-4e0f-86eb-cdf22f889a32,1.7773446051176707e+18
08d815c7-b66b-4e0f-86eb-cdf22f889a32,1.7773446051510126e+18
08d815c7-b66b-4e0f-86eb-cdf22f889a32,1.7773446051843556e+18
08d815c7-b66b-4e0f-86eb-cdf22f889a32,1.7773446052176978e+18
08d815c7-b66b-4e0f-86eb-cdf22f889a32,1.7773446052510397e+18
08d815c7-b66b-4e0f-86eb-cdf22f889a32,1.7773446052843827e+18
08d815c7-b66b-4e0f-86eb-cdf22f889a32,1.7773446053177247e+18
08d815c7-b66b-4e0f-86eb-cdf22f889a32,1.7773446053510676e+18
08d815c7-b66b-4e0f-86eb-cdf22f889a32,1.7773446053844096e+18
08d815c7-b66b-4e0f-86eb-cdf22f889a32,1.7773446054177526e+18
08d815c7-b66b-4e0f-86eb-cdf22f889a32,1.7773446054510948e+18
08d815c7-b66b-4e0f-86eb-cdf22f889a32,1.7773446054844367e+18
08d815c7-b66b-4e0f-86eb-cdf22f889a32,1.7773446055177797e+18
08d815c7-b66b-4e0f-86eb-cdf22f889a32,1.7773446055511217e+18
08d815c7-b66b-4e0f-86eb-cdf22f889a32,1.7773446055844646e+18
08d815c7-b66b-4e0f-86eb-cdf22f889a32,1.7773446056178066e+18
08d815c7-b66b-4e0f-86eb-cdf22f889a32,1.7773446056511496e+18
08d815c7-b66b-4e0f-86eb-cdf22f889a32,1.7773446056844918e+18
08d815c7-b66b-4e0f-86eb-cdf22f889a32,1.7773446057178348e+18
08d815c7-b66b-4e0f-86eb-cdf22f889a32,1.7773446057511767e+18
08d815c7-b66b-4e0f-86eb-cdf22f889a32,1.7773446057845197e+18
08d815c7-b66b-4e0f-86eb-cdf22f889a32,1.7773446058178616e+18
08d815c7-b66b-4e0f-86eb-cdf22f889a32,1.7773446058512036e+18
08d815c7-b66b-4e0f-86eb-cdf22f889a32,1.7773446058845466e+18
08d815c7-b66b-4e0f-86eb-cdf22f889a32,1.7773446059178888e+18
08d815c7-b66b-4e0f-86eb-cdf22f889a32,1.7773446059512317e+18
08d815c7-b66b-4e0f-86eb-cdf22f889a32,1.7773446059845737e+18
08d815c7-b66b-4e0f-86eb-cdf22f889a32,1.7773446060179167e+18
08d815c7-b66b-4e0f-86eb-cdf22f889a32,1.7773446060512586e+18
08d815c7-b66b-4e0f-86eb-cdf22f889a32,1.7773446060846016e+18
08d815c7-b66b-4e0f-86eb-cdf22f889a32,1.7773446061179436e+18
08d815c7-b66b-4e0f-86eb-cdf22f889a32,1.7773446061512858e+18
08d815c7-b66b-4e0f-86eb-cdf22f889a32,1.7773446061846287e+18
08d815c7-b66b-4e0f-86eb-cdf22f889a32,1.7773446062179707e+18
08d815c7-b66b-4e0f-86eb-cdf22f889a32,1.7773446062513137e+18
08d815c7-b66b-4e0f-86eb-cdf22f889a32,1.7773446062846556e+18
08d815c7-b66b-4e0f-86eb-cdf22f889a32,1.7773446063179986e+18
08d815c7-b66b-4e0f-86eb-cdf22f889a32,1.7773446063513408e+18
08d815c7-b66b-4e0f-86eb-cdf22f889a32,1.7773446063846838e+18
08d815c7-b66b-4e0f-86eb-cdf22f889a32,1.7773446064180257e+18
08d815c7-b66b-4e0f-86eb-cdf22f889a32,1.7773446064513677e+18
08d815c7-b66b-4e0f-86eb-cdf22f889a32,1.7773446064847107e+18
08d815c7-b66b-4e0f-86eb-cdf22f889a32,1.7773446065180526e+18
08d815c7-b66b-4e0f-86eb-cdf22f889a32,1.7773446065513956e+18
08d815c7-b66b-4e0f-86eb-cdf22f889a32,1.7773446065847378e+18
08d815c7-b66b-4e0f-86eb-cdf22f889a32,1.7773446066180808e+18
08d815c7-b66b-4e0f-86eb-cdf22f889a32,1.7773446066514227e+18
08d815c7-b66b-4e0f-86eb-cdf22f889a32,1.7773446066847657e+18
08d815c7-b66b-4e0f-86eb-cdf22f889a32,1.7773446067181076e+18
08d815c7-b66b-4e0f-86eb-cdf22f889a32,1.7773446067514496e+18
08d815c7-b66b-4e0f-86eb-cdf22f889a32,1.7773446067847926e+18
08d815c7-b66b-4e0f-86eb-cdf22f889a32,1.7773446068181348e+18
08d815c7-b66b-4e0f-86eb-cdf22f889a32,1.7773446068514778e+18
08d815c7-b66b-4e0f-86eb-cdf22f889a32,1.7773446068848197e+18
08d815c7-b66b-4e0f-86eb-cdf22f889a32,1.7773446069181627e+18
08d815c7-b66b-4e0f-86eb-cdf22f889a32,1.7773446069515046e+18
08d815c7-b66b-4e0f-86eb-cdf22f889a32,1.7773446069848476e+18
08d815c7-b66b-4e0f-86eb-cdf22f889a32,1.7773446070181896e+18
08d815c7-b66b-4e0f-86eb-cdf22f889a32,1.7773446070515328e+18
08d815c7-b66b-4e0f-86eb-cdf22f889a32,1.7773446070848748e+18
08d815c7-b66b-4e0f-86eb-cdf22f889a32,1.7773446071182167e+18
08d815c7-b66b-4e0f-86eb-cdf22f889a32,1.7773446071515597e+18
08d815c7-b66b-4e0f-86eb-cdf22f889a32,1.7773446071849016e+18
08d815c7-b66b-4e0f-86eb-cdf22f889a32,1.7773446072182446e+18
08d815c7-b66b-4e0f-86eb-cdf22f889a32,1.7773446072515866e+18
08d815c7-b66b-4e0f-86eb-cdf22f889a32,1.7773446072849298e+18
08d815c7-b66b-4e0f-86eb-cdf22f889a32,1.7773446073182717e+18
08d815c7-b66b-4e0f-86eb-cdf22f889a32,1.7773446073516137e+18
08d815c7-b66b-4e0f-86eb-cdf22f889a32,1.7773446073849567e+18
08d815c7-b66b-4e0f-86eb-cdf22f889a32,1.7773446074182986e+18
08d815c7-b66b-4e0f-86eb-cdf22f889a32,1.7773446074516416e+18
08d815c7-b66b-4e0f-86eb-cdf22f889a32,1.7773446074849836e+18
08d815c7-b66b-4e0f-86eb-cdf22f889a32,1.7773446075183268e+18
08d815c7-b66b-4e0f-86eb-cdf22f889a32,1.7773446075516687e+18
08d815c7-b66b-4e0f-86eb-cdf22f889a32,1.7773446075850117e+18
08d815c7-b66b-4e0f-86eb-cdf22f889a32,1.7773446076183537e+18
08d815c7-b66b-4e0f-86eb-cdf22f889a32,1.7773446076516966e+18
08d815c7-b66b-4e0f-86eb-cdf22f889a32,1.7773446076850386e+18
08d815c7-b66b-4e0f-86eb-cdf22f889a32,1.7773446077183808e+18
08d815c7-b66b-4e0f-86eb-cdf22f889a32,1.7773446077517238e+18
08d815c7-b66b-4e0f-86eb-cdf22f889a32,1.7773446077850657e+18
08d815c7-b66b-4e0f-86eb-cdf22f889a32,1.7773446078184087e+18
08d815c7-b66b-4e0f-86eb-cdf22f889a32,1.7773446078517507e+18
08d815c7-b66b-4e0f-86eb-cdf22f889a32,1.7773446078850936e+18
08d815c7-b66b-4e0f-86eb-cdf22f889a32,1.7773446079184356e+18
08d815c7-b66b-4e0f-86eb-cdf22f889a32,1.7773446079517786e+18
08d815c7-b66b-4e0f-86eb-cdf22f889a32,1.7773446079851208e+18
08d815c7-b66b-4e0f-86eb-cdf22f889a32,1.7773446080184627e+18
08d815c7-b66b-4e0f-86eb-cdf22f889a32,1.7773446080518057e+18
08d815c7-b66b-4e0f-86eb-cdf22f889a32,1.7773446080851476e+18
08d815c7-b66b-4e0f-86eb-cdf22f889a32,1.7773446081184906e+18
08d815c7-b66b-4e0f-86eb-cdf22f889a32,1.7773446081518326e+18
08d815c7-b66b-4e0f-86eb-cdf22f889a32,1.7773446081851756e+18
08d815c7-b66b-4e0f-86eb-cdf22f889a32,1.7773446082185178e+18
08d815c7-b66b-4e0f-86eb-cdf22f889a32,1.7773446082518607e+18
08d815c7-b66b-4e0f-86eb-cdf22f889a32,1.7773446082852027e+18
08d815c7-b66b-4e0f-86eb-cdf22f889a32,1.7773446083185446e+18
08d815c7-b66b-4e0f-86eb-cdf22f889a32,1.7773446083518876e+18
08d815c7-b66b-4e0f-86eb-cdf22f889a32,1.7773446083852296e+18
08d815c7-b66b-4e0f-86eb-cdf22f889a32,1.7773446084185728e+18
08d815c7-b66b-4e0f-86eb-cdf22f889a32,1.7773446084519148e+18
08d815c7-b66b-4e0f-86eb-cdf22f889a32,1.7773446084852577e+18
08d815c7-b66b-4e0f-86eb-cdf22f889a32,1.7773446085185997e+18
08d815c7-b66b-4e0f-86eb-cdf22f889a32,1.7773446085519427e+18
08d815c7-b66b-4e0f-86eb-cdf22f889a32,1.7773446085852846e+18
08d815c7-b66b-4e0f-86eb-cdf22f889a32,1.7773446086186266e+18
08d815c7-b66b-4e0f-86eb-cdf22f889a32,1.7773446086519698e+18
08d815c7-b66b-4e0f-86eb-cdf22f889a32,1.7773446086853117e+18
08d815c7-b66b-4e0f-86eb-cdf22f889a32,1.7773446087186547e+18
08d815c7-b66b-4e0f-86eb-cdf22f889a32,1.7773446087519967e+18
08d815c7-b66b-4e0f-86eb-cdf22f889a32,1.7773446087853396e+18
08d815c7-b66b-4e0f-86eb-cdf22f889a32,1.7773446088186816e+18
08d815c7-b66b-4e0f-86eb-cdf22f889a32,1.7773446088520246e+18
08d815c7-b66b-4e0f-86eb-cdf22f889a32,1.7773446088853668e+18
08d815c7-b66b-4e0f-86eb-cdf22f889a32,1.7773446089187087e+18
08d815c7-b66b-4e0f-86eb-cdf22f889a32,1.7773446089520517e+18
08d815c7-b66b-4e0f-86eb-cdf22f889a32,1.7773446089853937e+18
08d815c7-b66b-4e0f-86eb-cdf22f889a32,1.7773446090187366e+18
08d815c7-b66b-4e0f-86eb-cdf22f889a32,1.7773446090520786e+18
08d815c7-b66b-4e0f-86eb-cdf22f889a32,1.7773446090854216e+18
08d815c7-b66b-4e0f-86eb-cdf22f889a32,1.7773446091187638e+18
08d815c7-b66b-4e0f-86eb-cdf22f889a32,1.7773446091521068e+18
08d815c7-b66b-4e0f-86eb-cdf22f889a32,1.7773446091854487e+18
08d815c7-b66b-4e0f-86eb-cdf22f889a32,1.7773446092187907e+18
08d815c7-b66b-4e0f-86eb-cdf22f889a32,1.7773446092521336e+18
08d815c7-b66b-4e0f-86eb-cdf22f889a32,1.7773446092854756e+18
08d815c7-b66b-4e0f-86eb-cdf22f889a32,1.7773446093188186e+18
08d815c7-b66b-4e0f-86eb-cdf22f889a32,1.7773446093521608e+18
08d815c7-b66b-4e0f-86eb-cdf22f889a32,1.7773446093855037e+18
08d815c7-b66b-4e0f-86eb-cdf22f889a32,1.7773446094188457e+18
08d815c7-b66b-4e0f-86eb-cdf22f889a32,1.7773446094521887e+18
08d815c7-b66b-4e0f-86eb-cdf22f889a32,1.7773446094855306e+18
08d815c7-b66b-4e0f-86eb-cdf22f889a32,1.7773446095188736e+18
08d815c7-b66b-4e0f-86eb-cdf22f889a32,1.7773446095522156e+18
08d815c7-b66b-4e0f-86eb-cdf22f889a32,1.7773446095855578e+18
08d815c7-b66b-4e0f-86eb-cdf22f889a32,1.7773446096189007e+18
08d815c7-b66b-4e0f-86eb-cdf22f889a32,1.7773446096522427e+18
08d815c7-b66b-4e0f-86eb-cdf22f889a32,1.7773446096855857e+18
08d815c7-b66b-4e0f-86eb-cdf22f889a32,1.7773446097189276e+18
08d815c7-b66b-4e0f-86eb-cdf22f889a32,1.7773446097522706e+18
08d815c7-b66b-4e0f-86eb-cdf22f889a32,1.7773446097856128e+18
08d815c7-b66b-4e0f-86eb-cdf22f889a32,1.7773446098189558e+18
08d815c7-b66b-4e0f-86eb-cdf22f889a32,1.7773446098522977e+18
08d815c7-b66b-4e0f-86eb-cdf22f889a32,1.7773446098856397e+18
08d815c7-b66b-4e0f-86eb-cdf22f889a32,1.7773446099189827e+18
08d815c7-b66b-4e0f-86eb-cdf22f889a32,1.7773446099523246e+18
08d815c7-b66b-4e0f-86eb-cdf22f889a32,1.7773446099856676e+18
08d815c7-b66b-4e0f-86eb-cdf22f889a32,1.7773446100190098e+18
08d815c7-b66b-4e0f-86eb-cdf22f889a32,1.7773446100523528e+18
08d815c7-b66b-4e0f-86eb-cdf22f889a32,1.7773446100856947e+18
08d815c7-b66b-4e0f-86eb-cdf22f889a32,1.7773446101190377e+18
08d815c7-b66b-4e0f-86eb-cdf22f889a32,1.7773446101523796e+18
08d815c7-b66b-4e0f-86eb-cdf22f889a32,1.7773446101857216e+18
08d815c7-b66b-4e0f-86eb-cdf22f889a32,1.7773446102190646e+18
08d815c7-b66b-4e0f-86eb-cdf22f889a32,1.7773446102524068e+18
08d815c7-b66b-4e0f-86eb-cdf22f889a32,1.7773446102857498e+18
08d815c7-b66b-4e0f-86eb-cdf22f889a32,1.7773446103190917e+18
08d815c7-b66b-4e0f-86eb-cdf22f889a32,1.7773446103524347e+18
08d815c7-b66b-4e0f-86eb-cdf22f889a32,1.7773446103857766e+18
08d815c7-b66b-4e0f-86eb-cdf22f889a32,1.7773446104191196e+18
08d815c7-b66b-4e0f-86eb-cdf22f889a32,1.7773446104524616e+18
08d815c7-b66b-4e0f-86eb-cdf22f889a32,1.7773446104858038e+18
08d815c7-b66b-4e0f-86eb-cdf22f889a32,1.7773446105191468e+18
08d815c7-b66b-4e0f-86eb-cdf22f889a32,1.7773446105524887e+18
08d815c7-b66b-4e0f-86eb-cdf22f889a32,1.7773446105858317e+18
08d815c7-b66b-4e0f-86eb-cdf22f889a32,1.7773446106191736e+18
08d815c7-b66b-4e0f-86eb-cdf22f889a32,1.7773446106525166e+18
08d815c7-b66b-4e0f-86eb-cdf22f889a32,1.7773446106858586e+18
08d815c7-b66b-4e0f-86eb-cdf22f889a32,1.7773446107192018e+18
08d815c7-b66b-4e0f-86eb-cdf22f889a32,1.7773446107525437e+18
08d815c7-b66b-4e0f-86eb-cdf22f889a32,1.7773446107858867e+18
08d815c7-b66b-4e0f-86eb-cdf22f889a32,1.7773446108192287e+18
08d815c7-b66b-4e0f-86eb-cdf22f889a32,1.7773446108525706e+18
08d815c7-b66b-4e0f-86eb-cdf22f889a32,1.7773446108859136e+18
08d815c7-b66b-4e0f-86eb-cdf22f889a32,1.7773446109192556e+18
08d815c7-b66b-4e0f-86eb-cdf22f889a32,1.7773446109525988e+18
08d815c7-b66b-4e0f-86eb-cdf22f889a32,1.7773446109859407e+18
08d815c7-b66b-4e0f-86eb-cdf22f889a32,1.7773446110192837e+18
08d815c7-b66b-4e0f-86eb-cdf22f889a32,1.7773446110526257e+18
08d815c7-b66b-4e0f-86eb-cdf22f889a32,1.7773446110859676e+18
08d815c7-b66b-4e0f-86eb-cdf22f889a32,1.7773446111193106e+18
08d815c7-b66b-4e0f-86eb-cdf22f889a32,1.7773446111526528e+18
08d815c7-b66b-4e0f-86eb-cdf22f889a32,1.7773446111859958e+18
08d815c7-b66b-4e0f-86eb-cdf22f889a32,1.7773446112193377e+18
08d815c7-b66b-4e0f-86eb-cdf22f889a32,1.7773446112526807e+18
08d815c7-b66b-4e0f-86eb-cdf22f889a32,1.7773446112860227e+18
08d815c7-b66b-4e0f-86eb-cdf22f889a32,1.7773446113193656e+18
08d815c7-b66b-4e0f-86eb-cdf22f889a32,1.7773446113527076e+18
08d815c7-b66b-4e0f-86eb-cdf22f889a32,1.7773446113860506e+18
08d815c7-b66b-4e0f-86eb-cdf22f889a32,1.7773446114193928e+18
08d815c7-b66b-4e0f-86eb-cdf22f889a32,1.7773446114527347e+18
08d815c7-b66b-4e0f-86eb-cdf22f889a32,1.7773446114860777e+18
08d815c7-b66b-4e0f-86eb-cdf22f889a32,1.7773446115194196e+18
08d815c7-b66b-4e0f-86eb-cdf22f889a32,1.7773446115527626e+18
08d815c7-b66b-4e0f-86eb-cdf22f889a32,1.7773446115861046e+18
08d815c7-b66b-4e0f-86eb-cdf22f889a32,1.7773446116194476e+18
08d815c7-b66b-4e0f-86eb-cdf22f889a32,1.7773446116527898e+18
08d815c7-b66b-4e0f-86eb-cdf22f889a32,1.7773446116861327e+18
08d815c7-b66b-4e0f-86eb-cdf22f889a32,1.7773446117194747e+18
08d815c7-b66b-4e0f-86eb-cdf22f889a32,1.7773446117528166e+18
08d815c7-b66b-4e0f-86eb-cdf22f889a32,1.7773446117861596e+18
08d815c7-b66b-4e0f-86eb-cdf22f889a32,1.7773446118195016e+18
08d815c7-b66b-4e0f-86eb-cdf22f889a32,1.7773446118528448e+18
08d815c7-b66b-4e0f-86eb-cdf22f889a32,1.7773446118861868e+18
08d815c7-b66b-4e0f-86eb-cdf22f889a32,1.7773446119195297e+18
08d815c7-b66b-4e0f-86eb-cdf22f889a32,1.7773446119528717e+18
08d815c7-b66b-4e0f-86eb-cdf22f889a32,1.7773446119862147e+18
08d815c7-b66b-4e0f-86eb-cdf22f889a32,1.7773446120195566e+18
08d815c7-b66b-4e0f-86eb-cdf22f889a32,1.7773446120528986e+18
08d815c7-b66b-4e0f-86eb-cdf22f889a32,1.7773446120862418e+18
08d815c7-b66b-4e0f-86eb-cdf22f889a32,1.7773446121195837e+18
08d815c7-b66b-4e0f-86eb-cdf22f889a32,1.7773446121529267e+18
08d815c7-b66b-4e0f-86eb-cdf22f889a32,1.7773446121862687e+18
08d815c7-b66b-4e0f-86eb-cdf22f889a32,1.7773446122196116e+18
08d815c7-b66b-4e0f-86eb-cdf22f889a32,1.7773446122529536e+18
08d815c7-b66b-4e0f-86eb-cdf22f889a32,1.7773446122862966e+18
08d815c7-b66b-4e0f-86eb-cdf22f889a32,1.7773446123196388e+18
08d815c7-b66b-4e0f-86eb-cdf22f889a32,1.7773446123529807e+18
08d815c7-b66b-4e0f-86eb-cdf22f889a32,1.7773446123863237e+18
08d815c7-b66b-4e0f-86eb-cdf22f889a32,1.7773446124196657e+18
08d815c7-b66b-4e0f-86eb-cdf22f889a32,1.7773446124530086e+18
08d815c7-b66b-4e0f-86eb-cdf22f889a32,1.7773446124863506e+18
08d815c7-b66b-4e0f-86eb-cdf22f889a32,1.7773446125196936e+18
08d815c7-b66b-4e0f-86eb-cdf22f889a32,1.7773446125530358e+18
08d815c7-b66b-4e0f-86eb-cdf22f889a32,1.7773446125863788e+18
08d815c7-b66b-4e0f-86eb-cdf22f889a32,1.7773446126197207e+18
08d815c7-b66b-4e0f-86eb-cdf22f889a32,1.7773446126530637e+18
08d815c7-b66b-4e0f-86eb-cdf22f889a32,1.7773446126864056e+18
08d815c7-b66b-4e0f-86eb-cdf22f889a32,1.7773446127197476e+18
08d815c7-b66b-4e0f-86eb-cdf22f889a32,1.7773446127530906e+18
08d815c7-b66b-4e0f-86eb-cdf22f889a32,1.7773446127864328e+18
08d815c7-b66b-4e0f-86eb-cdf22f889a32,1.7773446128197757e+18
08d815c7-b66b-4e0f-86eb-cdf22f889a32,1.7773446128531177e+18
08d815c7-b66b-4e0f-86eb-cdf22f889a32,1.7773446128864607e+18
08d815c7-b66b-4e0f-86eb-cdf22f889a32,1.7773446129198026e+18
08d815c7-b66b-4e0f-86eb-cdf22f889a32,1.7773446129531446e+18
08d815c7-b66b-4e0f-86eb-cdf22f889a32,1.7773446129864876e+18
08d815c7-b66b-4e0f-86eb-cdf22f889a32,1.7773446130198298e+18
08d815c7-b66b-4e0f-86eb-cdf22f889a32,1.7773446130531727e+18
08d815c7-b66b-4e0f-86eb-cdf22f889a32,1.7773446130865147e+18
08d815c7-b66b-4e0f-86eb-cdf22f889a32,1.7773446131198577e+18
08d815c7-b66b-4e0f-86eb-cdf22f889a32,1.7773446131531996e+18
08d815c7-b66b-4e0f-86eb-cdf22f889a32,1.7773446131865426e+18
08d815c7-b66b-4e0f-86eb-cdf22f889a32,1.7773446132198848e+18
08d815c7-b66b-4e0f-86eb-cdf22f889a32,1.7773446132532278e+18
08d815c7-b66b-4e0f-86eb-cdf22f889a32,1.7773446132865697e+18
08d815c7-b66b-4e0f-86eb-cdf22f889a32,1.7773446133199117e+18
08d815c7-b66b-4e0f-86eb-cdf22f889a32,1.7773446133532547e+18
08d815c7-b66b-4e0f-86eb-cdf22f889a32,1.7773446133865966e+18
08d815c7-b66b-4e0f-86eb-cdf22f889a32,1.7773446134199396e+18
08d815c7-b66b-4e0f-86eb-cdf22f889a32,1.7773446134532818e+18
08d815c7-b66b-4e0f-86eb-cdf22f889a32,1.7773446134866248e+18
08d815c7-b66b-4e0f-86eb-cdf22f889a32,1.7773446135199667e+18
08d815c7-b66b-4e0f-86eb-cdf22f889a32,1.7773446135533097e+18
08d815c7-b66b-4e0f-86eb-cdf22f889a32,1.7773446135866516e+18
08d815c7-b66b-4e0f-86eb-cdf22f889a32,1.7773446136199936e+18
08d815c7-b66b-4e0f-86eb-cdf22f889a32,1.7773446136533366e+18
08d815c7-b66b-4e0f-86eb-cdf22f889a32,1.7773446136866788e+18
08d815c7-b66b-4e0f-86eb-cdf22f889a32,1.7773446137200218e+18
08d815c7-b66b-4e0f-86eb-cdf22f889a32,1.7773446137533637e+18
08d815c7-b66b-4e0f-86eb-cdf22f889a32,1.7773446137867067e+18
08d815c7-b66b-4e0f-86eb-cdf22f889a32,1.7773446138200486e+18
08d815c7-b66b-4e0f-86eb-cdf22f889a32,1.7773446138533916e+18
08d815c7-b66b-4e0f-86eb-cdf22f889a32,1.7773446138867336e+18
08d815c7-b66b-4e0f-86eb-cdf22f889a32,1.7773446139200758e+18
08d815c7-b66b-4e0f-86eb-cdf22f889a32,1.7773446139534188e+18
08d815c7-b66b-4e0f-86eb-cdf22f889a32,1.7773446139867607e+18
08d815c7-b66b-4e0f-86eb-cdf22f889a32,1.7773446140201037e+18
08d815c7-b66b-4e0f-86eb-cdf22f889a32,1.7773446140534456e+18
08d815c7-b66b-4e0f-86eb-cdf22f889a32,1.7773446140867886e+18
08d815c7-b66b-4e0f-86eb-cdf22f889a32,1.7773446141201306e+18
08d815c7-b66b-4e0f-86eb-cdf22f889a32,1.7773446141534738e+18
08d815c7-b66b-4e0f-86eb-cdf22f889a32,1.7773446141868157e+18
08d815c7-b66b-4e0f-86eb-cdf22f889a32,1.7773446142201577e+18
08d815c7-b66b-4e0f-86eb-cdf22f889a32,1.7773446142535007e+18
08d815c7-b66b-4e0f-86eb-cdf22f889a32,1.7773446142868426e+18
08d815c7-b66b-4e0f-86eb-cdf22f889a32,1.7773446143201856e+18
08d815c7-b66b-4e0f-86eb-cdf22f889a32,1.7773446143535276e+18
08d815c7-b66b-4e0f-86eb-cdf22f889a32,1.7773446143868708e+18
08d815c7-b66b-4e0f-86eb-cdf22f889a32,1.7773446144202127e+18
08d815c7-b66b-4e0f-86eb-cdf22f889a32,1.7773446144535557e+18
08d815c7-b66b-4e0f-86eb-cdf22f889a32,1.7773446144868977e+18
08d815c7-b66b-4e0f-86eb-cdf22f889a32,1.7773446145202406e+18
08d815c7-b66b-4e0f-86eb-cdf22f889a32,1.7773446145535826e+18
08d815c7-b66b-4e0f-86eb-cdf22f889a32,1.7773446145869248e+18
08d815c7-b66b-4e0f-86eb-cdf22f889a32,1.7773446146202678e+18
08d815c7-b66b-4e0f-86eb-cdf22f889a32,1.7773446146536097e+18
08d815c7-b66b-4e0f-86eb-cdf22f889a32,1.7773446146869527e+18
08d815c7-b66b-4e0f-86eb-cdf22f889a32,1.7773446147202947e+18
08d815c7-b66b-4e0f-86eb-cdf22f889a32,1.7773446147536376e+18
08d815c7-b66b-4e0f-86eb-cdf22f889a32,1.7773446147869796e+18
08d815c7-b66b-4e0f-86eb-cdf22f889a32,1.7773446148203218e+18
08d815c7-b66b-4e0f-86eb-cdf22f889a32,1.7773446148536648e+18
08d815c7-b66b-4e0f-86eb-cdf22f889a32,1.7773446148870067e+18
08d815c7-b66b-4e0f-86eb-cdf22f889a32,1.7773446149203497e+18
08d815c7-b66b-4e0f-86eb-cdf22f889a32,1.7773446149536916e+18
08d815c7-b66b-4e0f-86eb-cdf22f889a32,1.7773446149870346e+18
08d815c7-b66b-4e0f-86eb-cdf22f889a32,1.7773446150203766e+18
08d815c7-b66b-4e0f-86eb-cdf22f889a32,1.7773446150537196e+18
08d815c7-b66b-4e0f-86eb-cdf22f889a32,1.7773446150870618e+18
08d815c7-b66b-4e0f-86eb-cdf22f889a32,1.7773446151204047e+18
08d815c7-b66b-4e0f-86eb-cdf22f889a32,1.7773446151537467e+18
08d815c7-b66b-4e0f-86eb-cdf22f889a32,1.7773446151870886e+18
08d815c7-b66b-4e0f-86eb-cdf22f889a32,1.7773446152204316e+18
08d815c7-b66b-4e0f-86eb-cdf22f889a32,1.7773446152537736e+18
08d815c7-b66b-4e0f-86eb-cdf22f889a32,1.7773446152871168e+18
08d815c7-b66b-4e0f-86eb-cdf22f889a32,1.7773446153204588e+18
08d815c7-b66b-4e0f-86eb-cdf22f889a32,1.7773446153538017e+18
08d815c7-b66b-4e0f-86eb-cdf22f889a32,1.7773446153871437e+18
08d815c7-b66b-4e0f-86eb-cdf22f889a32,1.7773446154204867e+18
08d815c7-b66b-4e0f-86eb-cdf22f889a32,1.7773446154538286e+18
08d815c7-b66b-4e0f-86eb-cdf22f889a32,1.7773446154871706e+18
08d815c7-b66b-4e0f-86eb-cdf22f889a32,1.7773446155205138e+18
08d815c7-b66b-4e0f-86eb-cdf22f889a32,1.7773446155538557e+18
08d815c7-b66b-4e0f-86eb-cdf22f889a32,1.7773446155871987e+18
08d815c7-b66b-4e0f-86eb-cdf22f889a32,1.7773446156205407e+18
08d815c7-b66b-4e0f-86eb-cdf22f889a32,1.7773446156538836e+18
08d815c7-b66b-4e0f-86eb-cdf22f889a32,1.7773446156872256e+18
08d815c7-b66b-4e0f-86eb-cdf22f889a32,1.7773446157205686e+18
08d815c7-b66b-4e0f-86eb-cdf22f889a32,1.7773446157539108e+18
08d815c7-b66b-4e0f-86eb-cdf22f889a32,1.7773446157872527e+18
08d815c7-b66b-4e0f-86eb-cdf22f889a32,1.7773446158205957e+18
08d815c7-b66b-4e0f-86eb-cdf22f889a32,1.7773446158539377e+18
08d815c7-b66b-4e0f-86eb-cdf22f889a32,1.7773446158872806e+18
08d815c7-b66b-4e0f-86eb-cdf22f889a32,1.7773446159206226e+18
08d815c7-b66b-4e0f-86eb-cdf22f889a32,1.7773446159539656e+18
08d815c7-b66b-4e0f-86eb-cdf22f889a32,1.7773446159873078e+18
08d815c7-b66b-4e0f-86eb-cdf22f889a32,1.7773446160206508e+18
08d815c7-b66b-4e0f-86eb-cdf22f889a32,1.7773446160539927e+18
08d815c7-b66b-4e0f-86eb-cdf22f889a32,1.7773446160873347e+18
08d815c7-b66b-4e0f-86eb-cdf22f889a32,1.7773446161206776e+18
08d815c7-b66b-4e0f-86eb-cdf22f889a32,1.7773446161596326e+18
08d815c7-b66b-4e0f-86eb-cdf22f889a32,1.7773446161929756e+18
08d815c7-b66b-4e0f-86eb-cdf22f889a32,1.7773446162263186e+18
08d815c7-b66b-4e0f-86eb-cdf22f889a32,1.7773446162596616e+18
08d815c7-b66b-4e0f-86eb-cdf22f889a32,1.7773446162930048e+18
08d815c7-b66b-4e0f-86eb-cdf22f889a32,1.7773446163263478e+18
08d815c7-b66b-4e0f-86eb-cdf22f889a32,1.7773446163596908e+18
08d815c7-b66b-4e0f-86eb-cdf22f889a32,1.7773446163930337e+18
08d815c7-b66b-4e0f-86eb-cdf22f889a32,1.7773446164263767e+18
08d815c7-b66b-4e0f-86eb-cdf22f889a32,1.7773446164597197e+18
08d815c7-b66b-4e0f-86eb-cdf22f889a32,1.7773446164930627e+18
08d815c7-b66b-4e0f-86eb-cdf22f889a32,1.7773446165264056e+18
08d815c7-b66b-4e0f-86eb-cdf22f889a32,1.7773446165597486e+18
08d815c7-b66b-4e0f-86eb-cdf22f889a32,1.7773446165930916e+18
08d815c7-b66b-4e0f-86eb-cdf22f889a32,1.7773446166264346e+18
08d815c7-b66b-4e0f-86eb-cdf22f889a32,1.7773446166597786e+18
08d815c7-b66b-4e0f-86eb-cdf22f889a32,1.7773446166931208e+18
08d815c7-b66b-4e0f-86eb-cdf22f889a32,1.7773446167264648e+18
08d815c7-b66b-4e0f-86eb-cdf22f889a32,1.7773446167598077e+18
08d815c7-b66b-4e0f-86eb-cdf22f889a32,1.7773446167931507e+18
08d815c7-b66b-4e0f-86eb-cdf22f889a32,1.7773446168264937e+18
08d815c7-b66b-4e0f-86eb-cdf22f889a32,1.7773446168598367e+18
08d815c7-b66b-4e0f-86eb-cdf22f889a32,1.7773446168931796e+18
08d815c7-b66b-4e0f-86eb-cdf22f889a32,1.7773446169265226e+18
08d815c7-b66b-4e0f-86eb-cdf22f889a32,1.7773446169598656e+18
08d815c7-b66b-4e0f-86eb-cdf22f889a32,1.7773446169932086e+18
08d815c7-b66b-4e0f-86eb-cdf22f889a32,1.7773446170265516e+18
08d815c7-b66b-4e0f-86eb-cdf22f889a32,1.7773446170598948e+18
08d815c7-b66b-4e0f-86eb-cdf22f889a32,1.7773446170932378e+18
08d815c7-b66b-4e0f-86eb-cdf22f889a32,1.7773446171265807e+18
08d815c7-b66b-4e0f-86eb-cdf22f889a32,1.7773446171599237e+18
08d815c7-b66b-4e0f-86eb-cdf22f889a32,1.7773446171932667e+18
08d815c7-b66b-4e0f-86eb-cdf22f889a32,1.7773446172266097e+18
08d815c7-b66b-4e0f-86eb-cdf22f889a32,1.7773446172599526e+18
08d815c7-b66b-4e0f-86eb-cdf22f889a32,1.7773446172932956e+18
08d815c7-b66b-4e0f-86eb-cdf22f889a32,1.7773446173266386e+18
08d815c7-b66b-4e0f-86eb-cdf22f889a32,1.7773446173599816e+18
08d815c7-b66b-4e0f-86eb-cdf22f889a32,1.7773446173933248e+18
08d815c7-b66b-4e0f-86eb-cdf22f889a32,1.7773446174266678e+18
08d815c7-b66b-4e0f-86eb-cdf22f889a32,1.7773446174600118e+18
08d815c7-b66b-4e0f-86eb-cdf22f889a32,1.7773446174933537e+18
08d815c7-b66b-4e0f-86eb-cdf22f889a32,1.7773446175266977e+18
08d815c7-b66b-4e0f-86eb-cdf22f889a32,1.7773446175600407e+18
08d815c7-b66b-4e0f-86eb-cdf22f889a32,1.7773446175933837e+18
08d815c7-b66b-4e0f-86eb-cdf22f889a32,1.7773446176267267e+18
08d815c7-b66b-4e0f-86eb-cdf22f889a32,1.7773446176600696e+18
08d815c7-b66b-4e0f-86eb-cdf22f889a32,1.7773446176934126e+18
08d815c7-b66b-4e0f-86eb-cdf22f889a32,1.7773446177267556e+18
08d815c7-b66b-4e0f-86eb-cdf22f889a32,1.7773446177600986e+18
08d815c7-b66b-4e0f-86eb-cdf22f889a32,1.7773446177934418e+18
08d815c7-b66b-4e0f-86eb-cdf22f889a32,1.7773446178267848e+18
08d815c7-b66b-4e0f-86eb-cdf22f889a32,1.7773446178601277e+18
08d815c7-b66b-4e0f-86eb-cdf22f889a32,1.7773446178934707e+18
08d815c7-b66b-4e0f-86eb-cdf22f889a32,1.7773446179268137e+18
08d815c7-b66b-4e0f-86eb-cdf22f889a32,1.7773446179601567e+18
08d815c7-b66b-4e0f-86eb-cdf22f889a32,1.7773446179934996e+18
08d815c7-b66b-4e0f-86eb-cdf22f889a32,1.7773446180268426e+18
08d815c7-b66b-4e0f-86eb-cdf22f889a32,1.7773446180601856e+18
08d815c7-b66b-4e0f-86eb-cdf22f889a32,1.7773446180935286e+18
08d815c7-b66b-4e0f-86eb-cdf22f889a32,1.7773446181268716e+18
08d815c7-b66b-4e0f-86eb-cdf22f889a32,1.7773446181602148e+18
08d815c7-b66b-4e0f-86eb-cdf22f889a32,1.7773446181935578e+18
08d815c7-b66b-4e0f-86eb-cdf22f889a32,1.7773446182269007e+18
08d815c7-b66b-4e0f-86eb-cdf22f889a32,1.7773446182602437e+18
08d815c7-b66b-4e0f-86eb-cdf22f889a32,1.7773446182935877e+18
08d815c7-b66b-4e0f-86eb-cdf22f889a32,1.7773446183269307e+18
08d815c7-b66b-4e0f-86eb-cdf22f889a32,1.7773446183602737e+18
08d815c7-b66b-4e0f-86eb-cdf22f889a32,1.7773446183936166e+18
08d815c7-b66b-4e0f-86eb-cdf22f889a32,1.7773446184269596e+18
08d815c7-b66b-4e0f-86eb-cdf22f889a32,1.7773446184603026e+18
08d815c7-b66b-4e0f-86eb-cdf22f889a32,1.7773446184936456e+18
08d815c7-b66b-4e0f-86eb-cdf22f889a32,1.7773446185269888e+18
08d815c7-b66b-4e0f-86eb-cdf22f889a32,1.7773446185603318e+18
08d815c7-b66b-4e0f-86eb-cdf22f889a32,1.7773446185936748e+18
08d815c7-b66b-4e0f-86eb-cdf22f889a32,1.7773446186270177e+18
08d815c7-b66b-4e0f-86eb-cdf22f889a32,1.7773446186603607e+18
08d815c7-b66b-4e0f-86eb-cdf22f889a32,1.7773446186937037e+18
08d815c7-b66b-4e0f-86eb-cdf22f889a32,1.7773446187270467e+18
08d815c7-b66b-4e0f-86eb-cdf22f889a32,1.7773446187603896e+18
08d815c7-b66b-4e0f-86eb-cdf22f889a32,1.7773446187937326e+18
08d815c7-b66b-4e0f-86eb-cdf22f889a32,1.7773446188270756e+18
08d815c7-b66b-4e0f-86eb-cdf22f889a32,1.7773446188604186e+18
08d815c7-b66b-4e0f-86eb-cdf22f889a32,1.7773446188937618e+18
08d815c7-b66b-4e0f-86eb-cdf22f889a32,1.7773446189271048e+18
08d815c7-b66b-4e0f-86eb-cdf22f889a32,1.7773446189604477e+18
08d815c7-b66b-4e0f-86eb-cdf22f889a32,1.7773446189937907e+18
08d815c7-b66b-4e0f-86eb-cdf22f889a32,1.7773446190271337e+18
08d815c7-b66b-4e0f-86eb-cdf22f889a32,1.7773446190604777e+18
08d815c7-b66b-4e0f-86eb-cdf22f889a32,1.7773446190938207e+18
08d815c7-b66b-4e0f-86eb-cdf22f889a32,1.7773446191271636e+18
08d815c7-b66b-4e0f-86eb-cdf22f889a32,1.7773446191605066e+18
08d815c7-b66b-4e0f-86eb-cdf22f889a32,1.7773446191938496e+18
08d815c7-b66b-4e0f-86eb-cdf22f889a32,1.7773446192271926e+18
08d815c7-b66b-4e0f-86eb-cdf22f889a32,1.7773446192605356e+18
08d815c7-b66b-4e0f-86eb-cdf22f889a32,1.7773446192938788e+18
08d815c7-b66b-4e0f-86eb-cdf22f889a32,1.7773446193272218e+18
08d815c7-b66b-4e0f-86eb-cdf22f889a32,1.7773446193605647e+18
08d815c7-b66b-4e0f-86eb-cdf22f889a32,1.7773446193939077e+18
08d815c7-b66b-4e0f-86eb-cdf22f889a32,1.7773446194272507e+18
08d815c7-b66b-4e0f-86eb-cdf22f889a32,1.7773446194605937e+18
08d815c7-b66b-4e0f-86eb-cdf22f889a32,1.7773446194939366e+18
08d815c7-b66b-4e0f-86eb-cdf22f889a32,1.7773446195272796e+18
08d815c7-b66b-4e0f-86eb-cdf22f889a32,1.7773446195606226e+18
08d815c7-b66b-4e0f-86eb-cdf22f889a32,1.7773446195939656e+18
08d815c7-b66b-4e0f-86eb-cdf22f889a32,1.7773446196273088e+18
08d815c7-b66b-4e0f-86eb-cdf22f889a32,1.7773446196606518e+18
08d815c7-b66b-4e0f-86eb-cdf22f889a32,1.7773446196939948e+18
08d815c7-b66b-4e0f-86eb-cdf22f889a32,1.7773446197273377e+18
08d815c7-b66b-4e0f-86eb-cdf22f889a32,1.7773446197606807e+18
08d815c7-b66b-4e0f-86eb-cdf22f889a32,1.7773446197940237e+18
08d815c7-b66b-4e0f-86eb-cdf22f889a32,1.7773446198273667e+18
08d815c7-b66b-4e0f-86eb-cdf22f889a32,1.7773446198607107e+18
08d815c7-b66b-4e0f-86eb-cdf22f889a32,1.7773446198940536e+18
08d815c7-b66b-4e0f-86eb-cdf22f889a32,1.7773446199273966e+18
08d815c7-b66b-4e0f-86eb-cdf22f889a32,1.7773446199607396e+18
08d815c7-b66b-4e0f-86eb-cdf22f889a32,1.7773446199940826e+18
08d815c7-b66b-4e0f-86eb-cdf22f889a32,1.7773446200274258e+18
08d815c7-b66b-4e0f-86eb-cdf22f889a32,1.7773446200607688e+18
08d815c7-b66b-4e0f-86eb-cdf22f889a32,1.7773446200941117e+18
08d815c7-b66b-4e0f-86eb-cdf22f889a32,1.7773446201274547e+18
08d815c7-b66b-4e0f-86eb-cdf22f889a32,1.7773446201607977e+18
08d815c7-b66b-4e0f-86eb-cdf22f889a32,1.7773446201941407e+18
08d815c7-b66b-4e0f-86eb-cdf22f889a32,1.7773446202274836e+18
08d815c7-b66b-4e0f-86eb-cdf22f889a32,1.7773446202608266e+18
08d815c7-b66b-4e0f-86eb-cdf22f889a32,1.7773446202941696e+18
08d815c7-b66b-4e0f-86eb-cdf22f889a32,1.7773446203275126e+18
08d815c7-b66b-4e0f-86eb-cdf22f889a32,1.7773446203608556e+18
08d815c7-b66b-4e0f-86eb-cdf22f889a32,1.7773446203941988e+18
08d815c7-b66b-4e0f-86eb-cdf22f889a32,1.7773446204275418e+18
08d815c7-b66b-4e0f-86eb-cdf22f889a32,1.7773446204608847e+18
08d815c7-b66b-4e0f-86eb-cdf22f889a32,1.7773446204942277e+18
08d815c7-b66b-4e0f-86eb-cdf22f889a32,1.7773446205275707e+18
08d815c7-b66b-4e0f-86eb-cdf22f889a32,1.7773446205609137e+18
08d815c7-b66b-4e0f-86eb-cdf22f889a32,1.7773446205942566e+18
08d815c7-b66b-4e0f-86eb-cdf22f889a32,1.7773446206275996e+18
08d815c7-b66b-4e0f-86eb-cdf22f889a32,1.7773446206609436e+18
08d815c7-b66b-4e0f-86eb-cdf22f889a32,1.7773446206942866e+18
08d815c7-b66b-4e0f-86eb-cdf22f889a32,1.7773446207276296e+18
08d815c7-b66b-4e0f-86eb-cdf22f889a32,1.7773446207609728e+18
08d815c7-b66b-4e0f-86eb-cdf22f889a32,1.7773446207943158e+18
08d815c7-b66b-4e0f-86eb-cdf22f889a32,1.7773446208276588e+18
08d815c7-b66b-4e0f-86eb-cdf22f889a32,1.7773446208610017e+18
08d815c7-b66b-4e0f-86eb-cdf22f889a32,1.7773446208943447e+18
08d815c7-b66b-4e0f-86eb-cdf22f889a32,1.7773446209276877e+18
08d815c7-b66b-4e0f-86eb-cdf22f889a32,1.7773446209610307e+18
08d815c7-b66b-4e0f-86eb-cdf22f889a32,1.7773446209943736e+18
08d815c7-b66b-4e0f-86eb-cdf22f889a32,1.7773446210277166e+18
08d815c7-b66b-4e0f-86eb-cdf22f889a32,1.7773446210610596e+18
08d815c7-b66b-4e0f-86eb-cdf22f889a32,1.7773446210944026e+18
08d815c7-b66b-4e0f-86eb-cdf22f889a32,1.7773446211277458e+18
08d815c7-b66b-4e0f-86eb-cdf22f889a32,1.7773446211610888e+18
08d815c7-b66b-4e0f-86eb-cdf22f889a32,1.7773446211944317e+18
08d815c7-b66b-4e0f-86eb-cdf22f889a32,1.7773446212277747e+18
08d815c7-b66b-4e0f-86eb-cdf22f889a32,1.7773446212611177e+18
08d815c7-b66b-4e0f-86eb-cdf22f889a32,1.7773446212944607e+18
08d815c7-b66b-4e0f-86eb-cdf22f889a32,1.7773446213278036e+18
08d815c7-b66b-4e0f-86eb-cdf22f889a32,1.7773446213611466e+18
08d815c7-b66b-4e0f-86eb-cdf22f889a32,1.7773446213944896e+18
08d815c7-b66b-4e0f-86eb-cdf22f889a32,1.7773446214278326e+18
08d815c7-b66b-4e0f-86eb-cdf22f889a32,1.7773446214611766e+18
08d815c7-b66b-4e0f-86eb-cdf22f889a32,1.7773446214945196e+18
08d815c7-b66b-4e0f-86eb-cdf22f889a32,1.7773446215278628e+18
08d815c7-b66b-4e0f-86eb-cdf22f889a32,1.7773446215612058e+18
08d815c7-b66b-4e0f-86eb-cdf22f889a32,1.7773446215945487e+18
08d815c7-b66b-4e0f-86eb-cdf22f889a32,1.7773446216278917e+18
08d815c7-b66b-4e0f-86eb-cdf22f889a32,1.7773446216612347e+18
08d815c7-b66b-4e0f-86eb-cdf22f889a32,1.7773446216945777e+18
08d815c7-b66b-4e0f-86eb-cdf22f889a32,1.7773446217279206e+18
08d815c7-b66b-4e0f-86eb-cdf22f889a32,1.7773446217612636e+18
08d815c7-b66b-4e0f-86eb-cdf22f889a32,1.7773446217946066e+18
08d815c7-b66b-4e0f-86eb-cdf22f889a32,1.7773446218279496e+18
08d815c7-b66b-4e0f-86eb-cdf22f889a32,1.7773446218612928e+18
08d815c7-b66b-4e0f-86eb-cdf22f889a32,1.7773446218946358e+18
08d815c7-b66b-4e0f-86eb-cdf22f889a32,1.7773446219279788e+18
08d815c7-b66b-4e0f-86eb-cdf22f889a32,1.7773446219613217e+18
08d815c7-b66b-4e0f-86eb-cdf22f889a32,1.7773446219946647e+18
08d815c7-b66b-4e0f-86eb-cdf22f889a32,1.7773446220280077e+18
08d815c7-b66b-4e0f-86eb-cdf22f889a32,1.7773446220613507e+18
08d815c7-b66b-4e0f-86eb-cdf22f889a32,1.7773446220946936e+18
08d815c7-b66b-4e0f-86eb-cdf22f889a32,1.7773446221280366e+18
08d815c7-b66b-4e0f-86eb-cdf22f889a32,1.7773446221613796e+18
08d815c7-b66b-4e0f-86eb-cdf22f889a32,1.7773446221947226e+18
08d815c7-b66b-4e0f-86eb-cdf22f889a32,1.7773446222280666e+18
08d815c7-b66b-4e0f-86eb-cdf22f889a32,1.7773446222614098e+18
08d815c7-b66b-4e0f-86eb-cdf22f889a32,1.7773446222947528e+18
08d815c7-b66b-4e0f-86eb-cdf22f889a32,1.7773446223280957e+18
08d815c7-b66b-4e0f-86eb-cdf22f889a32,1.7773446223614387e+18
08d815c7-b66b-4e0f-86eb-cdf22f889a32,1.7773446223947817e+18
08d815c7-b66b-4e0f-86eb-cdf22f889a32,1.7773446224281247e+18
08d815c7-b66b-4e0f-86eb-cdf22f889a32,1.7773446224614676e+18
08d815c7-b66b-4e0f-86eb-cdf22f889a32,1.7773446224948106e+18
08d815c7-b66b-4e0f-86eb-cdf22f889a32,1.7773446225281536e+18
08d815c7-b66b-4e0f-86eb-cdf22f889a32,1.7773446225614966e+18
08d815c7-b66b-4e0f-86eb-cdf22f889a32,1.7773446225948396e+18
08d815c7-b66b-4e0f-86eb-cdf22f889a32,1.7773446226281828e+18
08d815c7-b66b-4e0f-86eb-cdf22f889a32,1.7773446226615258e+18
08d815c7-b66b-4e0f-86eb-cdf22f889a32,1.7773446226948687e+18
08d815c7-b66b-4e0f-86eb-cdf22f889a32,1.7773446227282117e+18
08d815c7-b66b-4e0f-86eb-cdf22f889a32,1.7773446227615547e+18
08d815c7-b66b-4e0f-86eb-cdf22f889a32,1.7773446227948977e+18
08d815c7-b66b-4e0f-86eb-cdf22f889a32,1.7773446228282406e+18
08d815c7-b66b-4e0f-86eb-cdf22f889a32,1.7773446228615836e+18
08d815c7-b66b-4e0f-86eb-cdf22f889a32,1.7773446228949266e+18
08d815c7-b66b-4e0f-86eb-cdf22f889a32,1.7773446229282696e+18
08d815c7-b66b-4e0f-86eb-cdf22f889a32,1.7773446229616128e+18
08d815c7-b66b-4e0f-86eb-cdf22f889a32,1.7773446229949558e+18
08d815c7-b66b-4e0f-86eb-cdf22f889a32,1.7773446230282998e+18
08d815c7-b66b-4e0f-86eb-cdf22f889a32,1.7773446230616428e+18
08d815c7-b66b-4e0f-86eb-cdf22f889a32,1.7773446230949857e+18
08d815c7-b66b-4e0f-86eb-cdf22f889a32,1.7773446231283287e+18
08d815c7-b66b-4e0f-86eb-cdf22f889a32,1.7773446231616717e+18
08d815c7-b66b-4e0f-86eb-cdf22f889a32,1.7773446231950147e+18
08d815c7-b66b-4e0f-86eb-cdf22f889a32,1.7773446232283576e+18
08d815c7-b66b-4e0f-86eb-cdf22f889a32,1.7773446232617006e+18
08d815c7-b66b-4e0f-86eb-cdf22f889a32,1.7773446232950436e+18
08d815c7-b66b-4e0f-86eb-cdf22f889a32,1.7773446233283866e+18
08d815c7-b66b-4e0f-86eb-cdf22f889a32,1.7773446233617298e+18
08d815c7-b66b-4e0f-86eb-cdf22f889a32,1.7773446233950728e+18
08d815c7-b66b-4e0f-86eb-cdf22f889a32,1.7773446234284157e+18
08d815c7-b66b-4e0f-86eb-cdf22f889a32,1.7773446234617587e+18
08d815c7-b66b-4e0f-86eb-cdf22f889a32,1.7773446234951017e+18
08d815c7-b66b-4e0f-86eb-cdf22f889a32,1.7773446235284447e+18
08d815c7-b66b-4e0f-86eb-cdf22f889a32,1.7773446235617876e+18
08d815c7-b66b-4e0f-86eb-cdf22f889a32,1.7773446235951306e+18
08d815c7-b66b-4e0f-86eb-cdf22f889a32,1.7773446236284736e+18
08d815c7-b66b-4e0f-86eb-cdf22f889a32,1.7773446236618166e+18
08d815c7-b66b-4e0f-86eb-cdf22f889a32,1.7773446236951596e+18
08d815c7-b66b-4e0f-86eb-cdf22f889a32,1.7773446237285028e+18
08d815c7-b66b-4e0f-86eb-cdf22f889a32,1.7773446237618458e+18
08d815c7-b66b-4e0f-86eb-cdf22f889a32,1.7773446237951887e+18
08d815c7-b66b-4e0f-86eb-cdf22f889a32,1.7773446238285327e+18
08d815c7-b66b-4e0f-86eb-cdf22f889a32,1.7773446238618757e+18
08d815c7-b66b-4e0f-86eb-cdf22f889a32,1.7773446238952187e+18
08d815c7-b66b-4e0f-86eb-cdf22f889a32,1.7773446239285617e+18
08d815c7-b66b-4e0f-86eb-cdf22f889a32,1.7773446239619046e+18
08d815c7-b66b-4e0f-86eb-cdf22f889a32,1.7773446239952476e+18
08d815c7-b66b-4e0f-86eb-cdf22f889a32,1.7773446240285906e+18
08d815c7-b66b-4e0f-86eb-cdf22f889a32,1.7773446240619336e+18
08d815c7-b66b-4e0f-86eb-cdf22f889a32,1.7773446240952768e+18
08d815c7-b66b-4e0f-86eb-cdf22f889a32,1.7773446241286198e+18
08d815c7-b66b-4e0f-86eb-cdf22f889a32,1.7773446241619628e+18
08d815c7-b66b-4e0f-86eb-cdf22f889a32,1.7773446241953057e+18
08d815c7-b66b-4e0f-86eb-cdf22f889a32,1.7773446242286487e+18
08d815c7-b66b-4e0f-86eb-cdf22f889a32,1.7773446242619917e+18
08d815c7-b66b-4e0f-86eb-cdf22f889a32,1.7773446242953347e+18
08d815c7-b66b-4e0f-86eb-cdf22f889a32,1.7773446243286776e+18
08d815c7-b66b-4e0f-86eb-cdf22f889a32,1.7773446243620206e+18
08d815c7-b66b-4e0f-86eb-cdf22f889a32,1.7773446243953636e+18
08d815c7-b66b-4e0f-86eb-cdf22f889a32,1.7773446244287066e+18
08d815c7-b66b-4e0f-86eb-cdf22f889a32,1.7773446244620498e+18
08d815c7-b66b-4e0f-86eb-cdf22f889a32,1.7773446244953928e+18
08d815c7-b66b-4e0f-86eb-cdf22f889a32,1.7773446245287357e+18
08d815c7-b66b-4e0f-86eb-cdf22f889a32,1.7773446245620787e+18
08d815c7-b66b-4e0f-86eb-cdf22f889a32,1.7773446245954227e+18
08d815c7-b66b-4e0f-86eb-cdf22f889a32,1.7773446246287657e+18
08d815c7-b66b-4e0f-86eb-cdf22f889a32,1.7773446246621087e+18
08d815c7-b66b-4e0f-86eb-cdf22f889a32,1.7773446246954516e+18
08d815c7-b66b-4e0f-86eb-cdf22f889a32,1.7773446247287946e+18
08d815c7-b66b-4e0f-86eb-cdf22f889a32,1.7773446247621376e+18
08d815c7-b66b-4e0f-86eb-cdf22f889a32,1.7773446247954806e+18
08d815c7-b66b-4e0f-86eb-cdf22f889a32,1.7773446248288236e+18
08d815c7-b66b-4e0f-86eb-cdf22f889a32,1.7773446248621668e+18
08d815c7-b66b-4e0f-86eb-cdf22f889a32,1.7773446248955098e+18
08d815c7-b66b-4e0f-86eb-cdf22f889a32,1.7773446249288527e+18
08d815c7-b66b-4e0f-86eb-cdf22f889a32,1.7773446249621957e+18
08d815c7-b66b-4e0f-86eb-cdf22f889a32,1.7773446249955387e+18
08d815c7-b66b-4e0f-86eb-cdf22f889a32,1.7773446250288817e+18
08d815c7-b66b-4e0f-86eb-cdf22f889a32,1.7773446250622246e+18
08d815c7-b66b-4e0f-86eb-cdf22f889a32,1.7773446250955676e+18
08d815c7-b66b-4e0f-86eb-cdf22f889a32,1.7773446251289106e+18
08d815c7-b66b-4e0f-86eb-cdf22f889a32,1.7773446251622536e+18
08d815c7-b66b-4e0f-86eb-cdf22f889a32,1.7773446251955968e+18
08d815c7-b66b-4e0f-86eb-cdf22f889a32,1.7773446252289398e+18
08d815c7-b66b-4e0f-86eb-cdf22f889a32,1.7773446252622828e+18
08d815c7-b66b-4e0f-86eb-cdf22f889a32,1.7773446252956257e+18
08d815c7-b66b-4e0f-86eb-cdf22f889a32,1.7773446253289687e+18
08d815c7-b66b-4e0f-86eb-cdf22f889a32,1.7773446253623117e+18
08d815c7-b66b-4e0f-86eb-cdf22f889a32,1.7773446253956557e+18
08d815c7-b66b-4e0f-86eb-cdf22f889a32,1.7773446254289987e+18
08d815c7-b66b-4e0f-86eb-cdf22f889a32,1.7773446254623416e+18
08d815c7-b66b-4e0f-86eb-cdf22f889a32,1.7773446254956846e+18
08d815c7-b66b-4e0f-86eb-cdf22f889a32,1.7773446255290276e+18
08d815c7-b66b-4e0f-86eb-cdf22f889a32,1.7773446255623706e+18
08d815c7-b66b-4e0f-86eb-cdf22f889a32,1.7773446255957138e+18
08d815c7-b66b-4e0f-86eb-cdf22f889a32,1.7773446256290568e+18
08d815c7-b66b-4e0f-86eb-cdf22f889a32,1.7773446256623997e+18
08d815c7-b66b-4e0f-86eb-cdf22f889a32,1.7773446256957427e+18
08d815c7-b66b-4e0f-86eb-cdf22f889a32,1.7773446257290857e+18
08d815c7-b66b-4e0f-86eb-cdf22f889a32,1.7773446257624287e+18
08d815c7-b66b-4e0f-86eb-cdf22f889a32,1.7773446257957716e+18
08d815c7-b66b-4e0f-86eb-cdf22f889a32,1.7773446258291146e+18
08d815c7-b66b-4e0f-86eb-cdf22f889a32,1.7773446258624576e+18
08d815c7-b66b-4e0f-86eb-cdf22f889a32,1.7773446258958006e+18
08d815c7-b66b-4e0f-86eb-cdf22f889a32,1.7773446259291436e+18
08d815c7-b66b-4e0f-86eb-cdf22f889a32,1.7773446259624868e+18
08d815c7-b66b-4e0f-86eb-cdf22f889a32,1.7773446259958298e+18
08d815c7-b66b-4e0f-86eb-cdf22f889a32,1.7773446260291727e+18
08d815c7-b66b-4e0f-86eb-cdf22f889a32,1.7773446260625157e+18
08d815c7-b66b-4e0f-86eb-cdf22f889a32,1.7773446260958587e+18
08d815c7-b66b-4e0f-86eb-cdf22f889a32,1.7773446261292017e+18
08d815c7-b66b-4e0f-86eb-cdf22f889a32,1.7773446261625446e+18
08d815c7-b66b-4e0f-86eb-cdf22f889a32,1.7773446261958886e+18
08d815c7-b66b-4e0f-86eb-cdf22f889a32,1.7773446262292316e+18
08d815c7-b66b-4e0f-86eb-cdf22f889a32,1.7773446262625746e+18
08d815c7-b66b-4e0f-86eb-cdf22f889a32,1.7773446262959176e+18
08d815c7-b66b-4e0f-86eb-cdf22f889a32,1.7773446263292608e+18
08d815c7-b66b-4e0f-86eb-cdf22f889a32,1.7773446263626038e+18
08d815c7-b66b-4e0f-86eb-cdf22f889a32,1.7773446263959468e+18
08d815c7-b66b-4e0f-86eb-cdf22f889a32,1.7773446264292897e+18
08d815c7-b66b-4e0f-86eb-cdf22f889a32,1.7773446264626327e+18
08d815c7-b66b-4e0f-86eb-cdf22f889a32,1.7773446264959757e+18
08d815c7-b66b-4e0f-86eb-cdf22f889a32,1.7773446265293187e+18
08d815c7-b66b-4e0f-86eb-cdf22f889a32,1.7773446265626616e+18
08d815c7-b66b-4e0f-86eb-cdf22f889a32,1.7773446265960046e+18
08d815c7-b66b-4e0f-86eb-cdf22f889a32,1.7773446266293476e+18
08d815c7-b66b-4e0f-86eb-cdf22f889a32,1.7773446266626906e+18
08d815c7-b66b-4e0f-86eb-cdf22f889a32,1.7773446266960338e+18
08d815c7-b66b-4e0f-86eb-cdf22f889a32,1.7773446267293768e+18
08d815c7-b66b-4e0f-86eb-cdf22f889a32,1.7773446267627197e+18
08d815c7-b66b-4e0f-86eb-cdf22f889a32,1.7773446267960627e+18
08d815c7-b66b-4e0f-86eb-cdf22f889a32,1.7773446268294057e+18
08d815c7-b66b-4e0f-86eb-cdf22f889a32,1.7773446268627487e+18
08d815c7-b66b-4e0f-86eb-cdf22f889a32,1.7773446268960916e+18
08d815c7-b66b-4e0f-86eb-cdf22f889a32,1.7773446269294346e+18
08d815c7-b66b-4e0f-86eb-cdf22f889a32,1.7773446269627776e+18
08d815c7-b66b-4e0f-86eb-cdf22f889a32,1.7773446269961216e+18
08d815c7-b66b-4e0f-86eb-cdf22f889a32,1.7773446270294646e+18
08d815c7-b66b-4e0f-86eb-cdf22f889a32,1.7773446270628076e+18
08d815c7-b66b-4e0f-86eb-cdf22f889a32,1.7773446270961508e+18
08d815c7-b66b-4e0f-86eb-cdf22f889a32,1.7773446271294938e+18
08d815c7-b66b-4e0f-86eb-cdf22f889a32,1.7773446271628367e+18
08d815c7-b66b-4e0f-86eb-cdf22f889a32,1.7773446271961797e+18
08d815c7-b66b-4e0f-86eb-cdf22f889a32,1.7773446272295227e+18
08d815c7-b66b-4e0f-86eb-cdf22f889a32,1.7773446272628657e+18
08d815c7-b66b-4e0f-86eb-cdf22f889a32,1.7773446272962086e+18
08d815c7-b66b-4e0f-86eb-cdf22f889a32,1.7773446273295516e+18
08d815c7-b66b-4e0f-86eb-cdf22f889a32,1.7773446273628946e+18
08d815c7-b66b-4e0f-86eb-cdf22f889a32,1.7773446273962376e+18
08d815c7-b66b-4e0f-86eb-cdf22f889a32,1.7773446274295808e+18
08d815c7-b66b-4e0f-86eb-cdf22f889a32,1.7773446274629238e+18
08d815c7-b66b-4e0f-86eb-cdf22f889a32,1.7773446274962668e+18
08d815c7-b66b-4e0f-86eb-cdf22f889a32,1.7773446275296097e+18
08d815c7-b66b-4e0f-86eb-cdf22f889a32,1.7773446275629527e+18
08d815c7-b66b-4e0f-86eb-cdf22f889a32,1.7773446275962957e+18
08d815c7-b66b-4e0f-86eb-cdf22f889a32,1.7773446276296387e+18
08d815c7-b66b-4e0f-86eb-cdf22f889a32,1.7773446276629816e+18
08d815c7-b66b-4e0f-86eb-cdf22f889a32,1.7773446276963246e+18
08d815c7-b66b-4e0f-86eb-cdf22f889a32,1.7773446277296676e+18
08d815c7-b66b-4e0f-86eb-cdf22f889a32,1.7773446277630106e+18
08d815c7-b66b-4e0f-86eb-cdf22f889a32,1.7773446277963546e+18
08d815c7-b66b-4e0f-86eb-cdf22f889a32,1.7773446278296978e+18
08d815c7-b66b-4e0f-86eb-cdf22f889a32,1.7773446278630408e+18
08d815c7-b66b-4e0f-86eb-cdf22f889a32,1.7773446278963837e+18
08d815c7-b66b-4e0f-86eb-cdf22f889a32,1.7773446279297267e+18
08d815c7-b66b-4e0f-86eb-cdf22f889a32,1.7773446279630697e+18
08d815c7-b66b-4e0f-86eb-cdf22f889a32,1.7773446279964127e+18
08d815c7-b66b-4e0f-86eb-cdf22f889a32,1.7773446280297556e+18
08d815c7-b66b-4e0f-86eb-cdf22f889a32,1.7773446280630986e+18
08d815c7-b66b-4e0f-86eb-cdf22f889a32,1.7773446280964416e+18
08d815c7-b66b-4e0f-86eb-cdf22f889a32,1.7773446281297846e+18
08d815c7-b66b-4e0f-86eb-cdf22f889a32,1.7773446281631276e+18
08d815c7-b66b-4e0f-86eb-cdf22f889a32,1.7773446281964708e+18
08d815c7-b66b-4e0f-86eb-cdf22f889a32,1.7773446282298138e+18
08d815c7-b66b-4e0f-86eb-cdf22f889a32,1.7773446282631567e+18
08d815c7-b66b-4e0f-86eb-cdf22f889a32,1.7773446282964997e+18
08d815c7-b66b-4e0f-86eb-cdf22f889a32,1.7773446283298427e+18
08d815c7-b66b-4e0f-86eb-cdf22f889a32,1.7773446283631857e+18
08d815c7-b66b-4e0f-86eb-cdf22f889a32,1.7773446283965286e+18
08d815c7-b66b-4e0f-86eb-cdf22f889a32,1.7773446284298716e+18
08d815c7-b66b-4e0f-86eb-cdf22f889a32,1.7773446284632146e+18
08d815c7-b66b-4e0f-86eb-cdf22f889a32,1.7773446284965576e+18
08d815c7-b66b-4e0f-86eb-cdf22f889a32,1.7773446285299016e+18
08d815c7-b66b-4e0f-86eb-cdf22f889a32,1.7773446285632438e+18
08d815c7-b66b-4e0f-86eb-cdf22f889a32,1.7773446285965878e+18
08d815c7-b66b-4e0f-86eb-cdf22f889a32,1.7773446286299308e+18
08d815c7-b66b-4e0f-86eb-cdf22f889a32,1.7773446286632737e+18
08d815c7-b66b-4e0f-86eb-cdf22f889a32,1.7773446286966167e+18
08d815c7-b66b-4e0f-86eb-cdf22f889a32,1.7773446287299597e+18
08d815c7-b66b-4e0f-86eb-cdf22f889a32,1.7773446287633027e+18
08d815c7-b66b-4e0f-86eb-cdf22f889a32,1.7773446287966456e+18
08d815c7-b66b-4e0f-86eb-cdf22f889a32,1.7773446288299886e+18
08d815c7-b66b-4e0f-86eb-cdf22f889a32,1.7773446288633316e+18
08d815c7-b66b-4e0f-86eb-cdf22f889a32,1.7773446288966746e+18
08d815c7-b66b-4e0f-86eb-cdf22f889a32,1.7773446289300178e+18
08d815c7-b66b-4e0f-86eb-cdf22f889a32,1.7773446289633608e+18
08d815c7-b66b-4e0f-86eb-cdf22f889a32,1.7773446289967037e+18
08d815c7-b66b-4e0f-86eb-cdf22f889a32,1.7773446290300467e+18
08d815c7-b66b-4e0f-86eb-cdf22f889a32,1.7773446290633897e+18
08d815c7-b66b-4e0f-86eb-cdf22f889a32,1.7773446290967327e+18
08d815c7-b66b-4e0f-86eb-cdf22f889a32,1.7773446291300756e+18
08d815c7-b66b-4e0f-86eb-cdf22f889a32,1.7773446291634186e+18
08d815c7-b66b-4e0f-86eb-cdf22f889a32,1.7773446291967616e+18
08d815c7-b66b-4e0f-86eb-cdf22f889a32,1.7773446292301046e+18
08d815c7-b66b-4e0f-86eb-cdf22f889a32,1.7773446292634476e+18
08d815c7-b66b-4e0f-86eb-cdf22f889a32,1.7773446292967908e+18
08d815c7-b66b-4e0f-86eb-cdf22f889a32,1.7773446293301348e+18
08d815c7-b66b-4e0f-86eb-cdf22f889a32,1.7773446293634767e+18
08d815c7-b66b-4e0f-86eb-cdf22f889a32,1.7773446293968207e+18
08d815c7-b66b-4e0f-86eb-cdf22f889a32,1.7773446294301637e+18
08d815c7-b66b-4e0f-86eb-cdf22f889a32,1.7773446294635067e+18
08d815c7-b66b-4e0f-86eb-cdf22f889a32,1.7773446294968497e+18
08d815c7-b66b-4e0f-86eb-cdf22f889a32,1.7773446295301926e+18
08d815c7-b66b-4e0f-86eb-cdf22f889a32,1.7773446295635356e+18
08d815c7-b66b-4e0f-86eb-cdf22f889a32,1.7773446295968786e+18
08d815c7-b66b-4e0f-86eb-cdf22f889a32,1.7773446296302216e+18
08d815c7-b66b-4e0f-86eb-cdf22f889a32,1.7773446296635648e+18
08d815c7-b66b-4e0f-86eb-cdf22f889a32,1.7773446296969078e+18
08d815c7-b66b-4e0f-86eb-cdf22f889a32,1.7773446297302508e+18
08d815c7-b66b-4e0f-86eb-cdf22f889a32,1.7773446297635937e+18
08d815c7-b66b-4e0f-86eb-cdf22f889a32,1.7773446297969367e+18
08d815c7-b66b-4e0f-86eb-cdf22f889a32,1.7773446298302797e+18
08d815c7-b66b-4e0f-86eb-cdf22f889a32,1.7773446298636227e+18
08d815c7-b66b-4e0f-86eb-cdf22f889a32,1.7773446298969656e+18
08d815c7-b66b-4e0f-86eb-cdf22f889a32,1.7773446299303086e+18
08d815c7-b66b-4e0f-86eb-cdf22f889a32,1.7773446299636516e+18
08d815c7-b66b-4e0f-86eb-cdf22f889a32,1.7773446299969946e+18
08d815c7-b66b-4e0f-86eb-cdf22f889a32,1.7773446300303378e+18
08d815c7-b66b-4e0f-86eb-cdf22f889a32,1.7773446300636808e+18
08d815c7-b66b-4e0f-86eb-cdf22f889a32,1.7773446300970237e+18
08d815c7-b66b-4e0f-86eb-cdf22f889a32,1.7773446301303677e+18
08d815c7-b66b-4e0f-86eb-cdf22f889a32,1.7773446301637097e+18
08d815c7-b66b-4e0f-86eb-cdf22f889a32,1.7773446301970537e+18
08d815c7-b66b-4e0f-86eb-cdf22f889a32,1.7773446302303967e+18
08d815c7-b66b-4e0f-86eb-cdf22f889a32,1.7773446302637396e+18
08d815c7-b66b-4e0f-86eb-cdf22f889a32,1.7773446302970826e+18
08d815c7-b66b-4e0f-86eb-cdf22f889a32,1.7773446303304256e+18
08d815c7-b66b-4e0f-86eb-cdf22f889a32,1.7773446303637686e+18
08d815c7-b66b-4e0f-86eb-cdf22f889a32,1.7773446303971116e+18
08d815c7-b66b-4e0f-86eb-cdf22f889a32,1.7773446304304548e+18
08d815c7-b66b-4e0f-86eb-cdf22f889a32,1.7773446304637978e+18
08d815c7-b66b-4e0f-86eb-cdf22f889a32,1.7773446304971407e+18
08d815c7-b66b-4e0f-86eb-cdf22f889a32,1.7773446305304837e+18
08d815c7-b66b-4e0f-86eb-cdf22f889a32,1.7773446305638267e+18
08d815c7-b66b-4e0f-86eb-cdf22f889a32,1.7773446305971697e+18
08d815c7-b66b-4e0f-86eb-cdf22f889a32,1.7773446306305126e+18
08d815c7-b66b-4e0f-86eb-cdf22f889a32,1.7773446306638556e+18
08d815c7-b66b-4e0f-86eb-cdf22f889a32,1.7773446306971986e+18
08d815c7-b66b-4e0f-86eb-cdf22f889a32,1.7773446307305416e+18
08d815c7-b66b-4e0f-86eb-cdf22f889a32,1.7773446307638848e+18
08d815c7-b66b-4e0f-86eb-cdf22f889a32,1.7773446307972278e+18
08d815c7-b66b-4e0f-86eb-cdf22f889a32,1.7773446308305708e+18
08d815c7-b66b-4e0f-86eb-cdf22f889a32,1.7773446308639137e+18
08d815c7-b66b-4e0f-86eb-cdf22f889a32,1.7773446308972567e+18
08d815c7-b66b-4e0f-86eb-cdf22f889a32,1.7773446309305997e+18
08d815c7-b66b-4e0f-86eb-cdf22f889a32,1.7773446309639427e+18
08d815c7-b66b-4e0f-86eb-cdf22f889a32,1.7773446309972867e+18
08d815c7-b66b-4e0f-86eb-cdf22f889a32,1.7773446310306296e+18
08d815c7-b66b-4e0f-86eb-cdf22f889a32,1.7773446310639726e+18
08d815c7-b66b-4e0f-86eb-cdf22f889a32,1.7773446310973156e+18
08d815c7-b66b-4e0f-86eb-cdf22f889a32,1.7773446311306586e+18
08d815c7-b66b-4e0f-86eb-cdf22f889a32,1.7773446311640018e+18
08d815c7-b66b-4e0f-86eb-cdf22f889a32,1.7773446311973448e+18
08d815c7-b66b-4e0f-86eb-cdf22f889a32,1.7773446312306877e+18
08d815c7-b66b-4e0f-86eb-cdf22f889a32,1.7773446312640307e+18
08d815c7-b66b-4e0f-86eb-cdf22f889a32,1.7773446312973737e+18
08d815c7-b66b-4e0f-86eb-cdf22f889a32,1.7773446313307167e+18
08d815c7-b66b-4e0f-86eb-cdf22f889a32,1.7773446313640596e+18
08d815c7-b66b-4e0f-86eb-cdf22f889a32,1.7773446313974026e+18
08d815c7-b66b-4e0f-86eb-cdf22f889a32,1.7773446314307456e+18
08d815c7-b66b-4e0f-86eb-cdf22f889a32,1.7773446314640886e+18
08d815c7-b66b-4e0f-86eb-cdf22f889a32,1.7773446314974316e+18
08d815c7-b66b-4e0f-86eb-cdf22f889a32,1.7773446315307748e+18
08d815c7-b66b-4e0f-86eb-cdf22f889a32,1.7773446315641178e+18
08d815c7-b66b-4e0f-86eb-cdf22f889a32,1.7773446315974607e+18
08d815c7-b66b-4e0f-86eb-cdf22f889a32,1.7773446316308037e+18
08d815c7-b66b-4e0f-86eb-cdf22f889a32,1.7773446316641467e+18
08d815c7-b66b-4e0f-86eb-cdf22f889a32,1.7773446316974897e+18
08d815c7-b66b-4e0f-86eb-cdf22f889a32,1.7773446317308337e+18
08d815c7-b66b-4e0f-86eb-cdf22f889a32,1.7773446317641766e+18
08d815c7-b66b-4e0f-86eb-cdf22f889a32,1.7773446317975196e+18
08d815c7-b66b-4e0f-86eb-cdf22f889a32,1.7773446318308626e+18
08d815c7-b66b-4e0f-86eb-cdf22f889a32,1.7773446318642056e+18
08d815c7-b66b-4e0f-86eb-cdf22f889a32,1.7773446318975488e+18
08d815c7-b66b-4e0f-86eb-cdf22f889a32,1.7773446319308918e+18
08d815c7-b66b-4e0f-86eb-cdf22f889a32,1.7773446319642348e+18
08d815c7-b66b-4e0f-86eb-cdf22f889a32,1.7773446319975777e+18
08d815c7-b66b-4e0f-86eb-cdf22f889a32,1.7773446320309207e+18
08d815c7-b66b-4e0f-86eb-cdf22f889a32,1.7773446320642637e+18
08d815c7-b66b-4e0f-86eb-cdf22f889a32,1.7773446320976067e+18
08d815c7-b66b-4e0f-86eb-cdf22f889a32,1.7773446321309496e+18
08d815c7-b66b-4e0f-86eb-cdf22f889a32,1.7773446321642926e+18
08d815c7-b66b-4e0f-86eb-cdf22f889a32,1.7773446321976356e+18
08d815c7-b66b-4e0f-86eb-cdf22f889a32,1.7773446322309786e+18
08d815c7-b66b-4e0f-86eb-cdf22f889a32,1.7773446322643218e+18
08d815c7-b66b-4e0f-86eb-cdf22f889a32,1.7773446322976648e+18
08d815c7-b66b-4e0f-86eb-cdf22f889a32,1.7773446323310077e+18
08d815c7-b66b-4e0f-86eb-cdf22f889a32,1.7773446323643507e+18
08d815c7-b66b-4e0f-86eb-cdf22f889a32,1.7773446323976937e+18
08d815c7-b66b-4e0f-86eb-cdf22f889a32,1.7773446324310367e+18
08d815c7-b66b-4e0f-86eb-cdf22f889a32,1.7773446324643796e+18
08d815c7-b66b-4e0f-86eb-cdf22f889a32,1.7773446324977226e+18
08d815c7-b66b-4e0f-86eb-cdf22f889a32,1.7773446325310666e+18
08d815c7-b66b-4e0f-86eb-cdf22f889a32,1.7773446325644096e+18
08d815c7-b66b-4e0f-86eb-cdf22f889a32,1.7773446325977526e+18
08d815c7-b66b-4e0f-86eb-cdf22f889a32,1.7773446326310956e+18
08d815c7-b66b-4e0f-86eb-cdf22f889a32,1.7773446326644388e+18
08d815c7-b66b-4e0f-86eb-cdf22f889a32,1.7773446326977818e+18
08d815c7-b66b-4e0f-86eb-cdf22f889a32,1.7773446327311247e+18
08d815c7-b66b-4e0f-86eb-cdf22f889a32,1.7773446327644677e+18
08d815c7-b66b-4e0f-86eb-cdf22f889a32,1.7773446327978107e+18
08d815c7-b66b-4e0f-86eb-cdf22f889a32,1.7773446328311537e+18
08d815c7-b66b-4e0f-86eb-cdf22f889a32,1.7773446328644966e+18
08d815c7-b66b-4e0f-86eb-cdf22f889a32,1.7773446328978396e+18
08d815c7-b66b-4e0f-86eb-cdf22f889a32,1.7773446329311826e+18
08d815c7-b66b-4e0f-86eb-cdf22f889a32,1.7773446329645256e+18
08d815c7-b66b-4e0f-86eb-cdf22f889a32,1.7773446329978688e+18
08d815c7-b66b-4e0f-86eb-cdf22f889a32,1.7773446330312118e+18
08d815c7-b66b-4e0f-86eb-cdf22f889a32,1.7773446330645548e+18
08d815c7-b66b-4e0f-86eb-cdf22f889a32,1.7773446330978977e+18
08d815c7-b66b-4e0f-86eb-cdf22f889a32,1.7773446331312407e+18
08d815c7-b66b-4e0f-86eb-cdf22f889a32,1.7773446331645837e+18
08d815c7-b66b-4e0f-86eb-cdf22f889a32,1.7773446331979267e+18
08d815c7-b66b-4e0f-86eb-cdf22f889a32,1.7773446332312696e+18
08d815c7-b66b-4e0f-86eb-cdf22f889a32,1.7773446332646126e+18
08d815c7-b66b-4e0f-86eb-cdf22f889a32,1.7773446332979556e+18
08d815c7-b66b-4e0f-86eb-cdf22f889a32,1.7773446333312996e+18
08d815c7-b66b-4e0f-86eb-cdf22f889a32,1.7773446333646426e+18
08d815c7-b66b-4e0f-86eb-cdf22f889a32,1.7773446333979858e+18
08d815c7-b66b-4e0f-86eb-cdf22f889a32,1.7773446334313288e+18
08d815c7-b66b-4e0f-86eb-cdf22f889a32,1.7773446334646717e+18
08d815c7-b66b-4e0f-86eb-cdf22f889a32,1.7773446334980147e+18
08d815c7-b66b-4e0f-86eb-cdf22f889a32,1.7773446335313577e+18
08d815c7-b66b-4e0f-86eb-cdf22f889a32,1.7773446335647007e+18
08d815c7-b66b-4e0f-86eb-cdf22f889a32,1.7773446335980436e+18
08d815c7-b66b-4e0f-86eb-cdf22f889a32,1.7773446336313866e+18
08d815c7-b66b-4e0f-86eb-cdf22f889a32,1.7773446336647296e+18
08d815c7-b66b-4e0f-86eb-cdf22f889a32,1.7773446336980726e+18
08d815c7-b66b-4e0f-86eb-cdf22f889a32,1.7773446337314156e+18
08d815c7-b66b-4e0f-86eb-cdf22f889a32,1.7773446337647588e+18
08d815c7-b66b-4e0f-86eb-cdf22f889a32,1.7773446337981018e+18
08d815c7-b66b-4e0f-86eb-cdf22f889a32,1.7773446338314447e+18
08d815c7-b66b-4e0f-86eb-cdf22f889a32,1.7773446338647877e+18
08d815c7-b66b-4e0f-86eb-cdf22f889a32,1.7773446338981307e+18
08d815c7-b66b-4e0f-86eb-cdf22f889a32,1.7773446339314737e+18
08d815c7-b66b-4e0f-86eb-cdf22f889a32,1.7773446339648166e+18
08d815c7-b66b-4e0f-86eb-cdf22f889a32,1.7773446339981596e+18
08d815c7-b66b-4e0f-86eb-cdf22f889a32,1.7773446340315026e+18
08d815c7-b66b-4e0f-86eb-cdf22f889a32,1.7773446340648456e+18
08d815c7-b66b-4e0f-86eb-cdf22f889a32,1.7773446340981888e+18
08d815c7-b66b-4e0f-86eb-cdf22f889a32,1.7773446341315328e+18
08d815c7-b66b-4e0f-86eb-cdf22f889a32,1.7773446341648758e+18
08d815c7-b66b-4e0f-86eb-cdf22f889a32,1.7773446341982188e+18
08d815c7-b66b-4e0f-86eb-cdf22f889a32,1.7773446342315617e+18
08d815c7-b66b-4e0f-86eb-cdf22f889a32,1.7773446342649047e+18
08d815c7-b66b-4e0f-86eb-cdf22f889a32,1.7773446342982477e+18
08d815c7-b66b-4e0f-86eb-cdf22f889a32,1.7773446343315907e+18
08d815c7-b66b-4e0f-86eb-cdf22f889a32,1.7773446343649336e+18
08d815c7-b66b-4e0f-86eb-cdf22f889a32,1.7773446343982766e+18
08d815c7-b66b-4e0f-86eb-cdf22f889a32,1.7773446344316196e+18
08d815c7-b66b-4e0f-86eb-cdf22f889a32,1.7773446344649626e+18
08d815c7-b66b-4e0f-86eb-cdf22f889a32,1.7773446344983058e+18
08d815c7-b66b-4e0f-86eb-cdf22f889a32,1.7773446345316488e+18
08d815c7-b66b-4e0f-86eb-cdf22f889a32,1.7773446345649917e+18
08d815c7-b66b-4e0f-86eb-cdf22f889a32,1.7773446345983347e+18
08d815c7-b66b-4e0f-86eb-cdf22f889a32,1.7773446346316777e+18
08d815c7-b66b-4e0f-86eb-cdf22f889a32,1.7773446346650207e+18
08d815c7-b66b-4e0f-86eb-cdf22f889a32,1.7773446346983636e+18
08d815c7-b66b-4e0f-86eb-cdf22f889a32,1.7773446347317066e+18
08d815c7-b66b-4e0f-86eb-cdf22f889a32,1.7773446347650496e+18
08d815c7-b66b-4e0f-86eb-cdf22f889a32,1.7773446347983926e+18
08d815c7-b66b-4e0f-86eb-cdf22f889a32,1.7773446348317356e+18
08d815c7-b66b-4e0f-86eb-cdf22f889a32,1.7773446348650788e+18
08d815c7-b66b-4e0f-86eb-cdf22f889a32,1.7773446348984218e+18
08d815c7-b66b-4e0f-86eb-cdf22f889a32,1.7773446349317658e+18
08d815c7-b66b-4e0f-86eb-cdf22f889a32,1.7773446349651087e+18
08d815c7-b66b-4e0f-86eb-cdf22f889a32,1.7773446349984517e+18
08d815c7-b66b-4e0f-86eb-cdf22f889a32,1.7773446350317947e+18
08d815c7-b66b-4e0f-86eb-cdf22f889a32,1.7773446350651377e+18
08d815c7-b66b-4e0f-86eb-cdf22f889a32,1.7773446350984806e+18
08d815c7-b66b-4e0f-86eb-cdf22f889a32,1.7773446351318236e+18
08d815c7-b66b-4e0f-86eb-cdf22f889a32,1.7773446351651666e+18
08d815c7-b66b-4e0f-86eb-cdf22f889a32,1.7773446351985096e+18
08d815c7-b66b-4e0f-86eb-cdf22f889a32,1.7773446352318528e+18
08d815c7-b66b-4e0f-86eb-cdf22f889a32,1.7773446352651958e+18
08d815c7-b66b-4e0f-86eb-cdf22f889a32,1.7773446352985388e+18
08d815c7-b66b-4e0f-86eb-cdf22f889a32,1.7773446353318817e+18
08d815c7-b66b-4e0f-86eb-cdf22f889a32,1.7773446353652247e+18
08d815c7-b66b-4e0f-86eb-cdf22f889a32,1.7773446353985677e+18
08d815c7-b66b-4e0f-86eb-cdf22f889a32,1.7773446354319107e+18
08d815c7-b66b-4e0f-86eb-cdf22f889a32,1.7773446354652536e+18
08d815c7-b66b-4e0f-86eb-cdf22f889a32,1.7773446354985966e+18
08d815c7-b66b-4e0f-86eb-cdf22f889a32,1.7773446355319396e+18
08d815c7-b66b-4e0f-86eb-cdf22f889a32,1.7773446355652826e+18
08d815c7-b66b-4e0f-86eb-cdf22f889a32,1.7773446355986258e+18
08d815c7-b66b-4e0f-86eb-cdf22f889a32,1.7773446356319688e+18
08d815c7-b66b-4e0f-86eb-cdf22f889a32,1.7773446356653117e+18
08d815c7-b66b-4e0f-86eb-cdf22f889a32,1.7773446356986557e+18
08d815c7-b66b-4e0f-86eb-cdf22f889a32,1.7773446357319987e+18
08d815c7-b66b-4e0f-86eb-cdf22f889a32,1.7773446357653417e+18
08d815c7-b66b-4e0f-86eb-cdf22f889a32,1.7773446357986847e+18
08d815c7-b66b-4e0f-86eb-cdf22f889a32,1.7773446358320276e+18
08d815c7-b66b-4e0f-86eb-cdf22f889a32,1.7773446358653706e+18
08d815c7-b66b-4e0f-86eb-cdf22f889a32,1.7773446358987136e+18
08d815c7-b66b-4e0f-86eb-cdf22f889a32,1.7773446359320566e+18
08d815c7-b66b-4e0f-86eb-cdf22f889a32,1.7773446359653996e+18
08d815c7-b66b-4e0f-86eb-cdf22f889a32,1.7773446359987428e+18
08d815c7-b66b-4e0f-86eb-cdf22f889a32,1.7773446360320858e+18
08d815c7-b66b-4e0f-86eb-cdf22f889a32,1.7773446360654287e+18
08d815c7-b66b-4e0f-86eb-cdf22f889a32,1.7773446360987717e+18
08d815c7-b66b-4e0f-86eb-cdf22f889a32,1.7773446361321147e+18
08d815c7-b66b-4e0f-86eb-cdf22f889a32,1.7773446361654577e+18
08d815c7-b66b-4e0f-86eb-cdf22f889a32,1.7773446361988006e+18
08d815c7-b66b-4e0f-86eb-cdf22f889a32,1.7773446362321436e+18
08d815c7-b66b-4e0f-86eb-cdf22f889a32,1.7773446362654866e+18
08d815c7-b66b-4e0f-86eb-cdf22f889a32,1.7773446362988296e+18
08d815c7-b66b-4e0f-86eb-cdf22f889a32,1.7773446363321728e+18
08d815c7-b66b-4e0f-86eb-cdf22f889a32,1.7773446363655158e+18
08d815c7-b66b-4e0f-86eb-cdf22f889a32,1.7773446363988588e+18
08d815c7-b66b-4e0f-86eb-cdf22f889a32,1.7773446364322017e+18
08d815c7-b66b-4e0f-86eb-cdf22f889a32,1.7773446364655447e+18
08d815c7-b66b-4e0f-86eb-cdf22f889a32,1.7773446364988887e+18
08d815c7-b66b-4e0f-86eb-cdf22f889a32,1.7773446365322317e+18
08d815c7-b66b-4e0f-86eb-cdf22f889a32,1.7773446365655747e+18
08d815c7-b66b-4e0f-86eb-cdf22f889a32,1.7773446365989176e+18
08d815c7-b66b-4e0f-86eb-cdf22f889a32,1.7773446366322606e+18
08d815c7-b66b-4e0f-86eb-cdf22f889a32,1.7773446366656036e+18
08d815c7-b66b-4e0f-86eb-cdf22f889a32,1.7773446366989466e+18
08d815c7-b66b-4e0f-86eb-cdf22f889a32,1.7773446367322898e+18
08d815c7-b66b-4e0f-86eb-cdf22f889a32,1.7773446367656328e+18
08d815c7-b66b-4e0f-86eb-cdf22f889a32,1.7773446367989757e+18
08d815c7-b66b-4e0f-86eb-cdf22f889a32,1.7773446368323187e+18
08d815c7-b66b-4e0f-86eb-cdf22f889a32,1.7773446368656617e+18
08d815c7-b66b-4e0f-86eb-cdf22f889a32,1.7773446368990047e+18
08d815c7-b66b-4e0f-86eb-cdf22f889a32,1.7773446369323476e+18
08d815c7-b66b-4e0f-86eb-cdf22f889a32,1.7773446369656906e+18
08d815c7-b66b-4e0f-86eb-cdf22f889a32,1.7773446369990336e+18
08d815c7-b66b-4e0f-86eb-cdf22f889a32,1.7773446370323766e+18
08d815c7-b66b-4e0f-86eb-cdf22f889a32,1.7773446370657196e+18
08d815c7-b66b-4e0f-86eb-cdf22f889a32,1.7773446370990628e+18
08d815c7-b66b-4e0f-86eb-cdf22f889a32,1.7773446371324058e+18
08d815c7-b66b-4e0f-86eb-cdf22f889a32,1.7773446371657487e+18
08d815c7-b66b-4e0f-86eb-cdf22f889a32,1.7773446371990917e+18
08d815c7-b66b-4e0f-86eb-cdf22f889a32,1.7773446372324347e+18
08d815c7-b66b-4e0f-86eb-cdf22f889a32,1.7773446372657787e+18
08d815c7-b66b-4e0f-86eb-cdf22f889a32,1.7773446372991217e+18
08d815c7-b66b-4e0f-86eb-cdf22f889a32,1.7773446373324646e+18
08d815c7-b66b-4e0f-86eb-cdf22f889a32,1.7773446373658076e+18
08d815c7-b66b-4e0f-86eb-cdf22f889a32,1.7773446373991506e+18
08d815c7-b66b-4e0f-86eb-cdf22f889a32,1.7773446374324936e+18
08d815c7-b66b-4e0f-86eb-cdf22f889a32,1.7773446374658368e+18
08d815c7-b66b-4e0f-86eb-cdf22f889a32,1.7773446374991798e+18
08d815c7-b66b-4e0f-86eb-cdf22f889a32,1.7773446375325228e+18
08d815c7-b66b-4e0f-86eb-cdf22f889a32,1.7773446375658657e+18
08d815c7-b66b-4e0f-86eb-cdf22f889a32,1.7773446375992087e+18
08d815c7-b66b-4e0f-86eb-cdf22f889a32,1.7773446376325517e+18
08d815c7-b66b-4e0f-86eb-cdf22f889a32,1.7773446376658947e+18
08d815c7-b66b-4e0f-86eb-cdf22f889a32,1.7773446376992376e+18
08d815c7-b66b-4e0f-86eb-cdf22f889a32,1.7773446377325806e+18
08d815c7-b66b-4e0f-86eb-cdf22f889a32,1.7773446377659236e+18
08d815c7-b66b-4e0f-86eb-cdf22f889a32,1.7773446377992666e+18
08d815c7-b66b-4e0f-86eb-cdf22f889a32,1.7773446378326098e+18
08d815c7-b66b-4e0f-86eb-cdf22f889a32,1.7773446378659528e+18
08d815c7-b66b-4e0f-86eb-cdf22f889a32,1.7773446378992957e+18
08d815c7-b66b-4e0f-86eb-cdf22f889a32,1.7773446379326387e+18
08d815c7-b66b-4e0f-86eb-cdf22f889a32,1.7773446379659817e+18
08d815c7-b66b-4e0f-86eb-cdf22f889a32,1.7773446379993247e+18
08d815c7-b66b-4e0f-86eb-cdf22f889a32,1.7773446380326676e+18
08d815c7-b66b-4e0f-86eb-cdf22f889a32,1.7773446380660116e+18
08d815c7-b66b-4e0f-86eb-cdf22f889a32,1.7773446380993546e+18
08d815c7-b66b-4e0f-86eb-cdf22f889a32,1.7773446381326976e+18
08d815c7-b66b-4e0f-86eb-cdf22f889a32,1.7773446381660406e+18
08d815c7-b66b-4e0f-86eb-cdf22f889a32,1.7773446381993836e+18
08d815c7-b66b-4e0f-86eb-cdf22f889a32,1.7773446382327268e+18
08d815c7-b66b-4e0f-86eb-cdf22f889a32,1.7773446382660698e+18
08d815c7-b66b-4e0f-86eb-cdf22f889a32,1.7773446382994127e+18
08d815c7-b66b-4e0f-86eb-cdf22f889a32,1.7773446383327557e+18
08d815c7-b66b-4e0f-86eb-cdf22f889a32,1.7773446383660987e+18
08d815c7-b66b-4e0f-86eb-cdf22f889a32,1.7773446383994417e+18
08d815c7-b66b-4e0f-86eb-cdf22f889a32,1.7773446384327846e+18
08d815c7-b66b-4e0f-86eb-cdf22f889a32,1.7773446384661276e+18
08d815c7-b66b-4e0f-86eb-cdf22f889a32,1.7773446384994706e+18
08d815c7-b66b-4e0f-86eb-cdf22f889a32,1.7773446385328136e+18
08d815c7-b66b-4e0f-86eb-cdf22f889a32,1.7773446385661568e+18
08d815c7-b66b-4e0f-86eb-cdf22f889a32,1.7773446385994998e+18
08d815c7-b66b-4e0f-86eb-cdf22f889a32,1.7773446386328428e+18
08d815c7-b66b-4e0f-86eb-cdf22f889a32,1.7773446386661857e+18
08d815c7-b66b-4e0f-86eb-cdf22f889a32,1.7773446386995287e+18
08d815c7-b66b-4e0f-86eb-cdf22f889a32,1.7773446387328717e+18
08d815c7-b66b-4e0f-86eb-cdf22f889a32,1.7773446387662147e+18
08d815c7-b66b-4e0f-86eb-cdf22f889a32,1.7773446387995576e+18
08d815c7-b66b-4e0f-86eb-cdf22f889a32,1.7773446388329006e+18
08d815c7-b66b-4e0f-86eb-cdf22f889a32,1.7773446388662446e+18
08d815c7-b66b-4e0f-86eb-cdf22f889a32,1.7773446388995876e+18
08d815c7-b66b-4e0f-86eb-cdf22f889a32,1.7773446389329306e+18
08d815c7-b66b-4e0f-86eb-cdf22f889a32,1.7773446389662738e+18
08d815c7-b66b-4e0f-86eb-cdf22f889a32,1.7773446389996168e+18
08d815c7-b66b-4e0f-86eb-cdf22f889a32,1.7773446390329597e+18
08d815c7-b66b-4e0f-86eb-cdf22f889a32,1.7773446390663027e+18
08d815c7-b66b-4e0f-86eb-cdf22f889a32,1.7773446390996457e+18
08d815c7-b66b-4e0f-86eb-cdf22f889a32,1.7773446391329887e+18
08d815c7-b66b-4e0f-86eb-cdf22f889a32,1.7773446391663316e+18
08d815c7-b66b-4e0f-86eb-cdf22f889a32,1.7773446391996746e+18
08d815c7-b66b-4e0f-86eb-cdf22f889a32,1.7773446392330176e+18
08d815c7-b66b-4e0f-86eb-cdf22f889a32,1.7773446392663606e+18
08d815c7-b66b-4e0f-86eb-cdf22f889a32,1.7773446392997036e+18
08d815c7-b66b-4e0f-86eb-cdf22f889a32,1.7773446393330468e+18
08d815c7-b66b-4e0f-86eb-cdf22f889a32,1.7773446393663898e+18
08d815c7-b66b-4e0f-86eb-cdf22f889a32,1.7773446393997327e+18
08d815c7-b66b-4e0f-86eb-cdf22f889a32,1.7773446394330757e+18
08d815c7-b66b-4e0f-86eb-cdf22f889a32,1.7773446394664187e+18
08d815c7-b66b-4e0f-86eb-cdf22f889a32,1.7773446394997617e+18
08d815c7-b66b-4e0f-86eb-cdf22f889a32,1.7773446395331046e+18
08d815c7-b66b-4e0f-86eb-cdf22f889a32,1.7773446395664476e+18
08d815c7-b66b-4e0f-86eb-cdf22f889a32,1.7773446395997906e+18
08d815c7-b66b-4e0f-86eb-cdf22f889a32,1.7773446396331336e+18
08d815c7-b66b-4e0f-86eb-cdf22f889a32,1.7773446396664776e+18
08d815c7-b66b-4e0f-86eb-cdf22f889a32,1.7773446396998208e+18
08d815c7-b66b-4e0f-86eb-cdf22f889a32,1.7773446397331638e+18
08d815c7-b66b-4e0f-86eb-cdf22f889a32,1.7773446397665068e+18
08d815c7-b66b-4e0f-86eb-cdf22f889a32,1.7773446397998497e+18
08d815c7-b66b-4e0f-86eb-cdf22f889a32,1.7773446398331927e+18
08d815c7-b66b-4e0f-86eb-cdf22f889a32,1.7773446398665357e+18
08d815c7-b66b-4e0f-86eb-cdf22f889a32,1.7773446398998787e+18
08d815c7-b66b-4e0f-86eb-cdf22f889a32,1.7773446399332216e+18
08d815c7-b66b-4e0f-86eb-cdf22f889a32,1.7773446399665646e+18
08d815c7-b66b-4e0f-86eb-cdf22f889a32,1.7773446399999076e+18
08d815c7-b66b-4e0f-86eb-cdf22f889a32,1.7773446400332506e+18
08d815c7-b66b-4e0f-86eb-cdf22f889a32,1.7773446400665938e+18
08d815c7-b66b-4e0f-86eb-cdf22f889a32,1.7773446400999368e+18
08d815c7-b66b-4e0f-86eb-cdf22f889a32,1.7773446401332797e+18
08d815c7-b66b-4e0f-86eb-cdf22f889a32,1.7773446401666227e+18
08d815c7-b66b-4e0f-86eb-cdf22f889a32,1.7773446401999657e+18
08d815c7-b66b-4e0f-86eb-cdf22f889a32,1.7773446402333087e+18
08d815c7-b66b-4e0f-86eb-cdf22f889a32,1.7773446402666516e+18
08d815c7-b66b-4e0f-86eb-cdf22f889a32,1.7773446402999946e+18
08d815c7-b66b-4e0f-86eb-cdf22f889a32,1.7773446403333376e+18
08d815c7-b66b-4e0f-86eb-cdf22f889a32,1.7773446403666806e+18
08d815c7-b66b-4e0f-86eb-cdf22f889a32,1.7773446404000236e+18
08d815c7-b66b-4e0f-86eb-cdf22f889a32,1.7773446404333668e+18
08d815c7-b66b-4e0f-86eb-cdf22f889a32,1.7773446404667108e+18
08d815c7-b66b-4e0f-86eb-cdf22f889a32,1.7773446405000538e+18
08d815c7-b66b-4e0f-86eb-cdf22f889a32,1.7773446405333967e+18
08d815c7-b66b-4e0f-86eb-cdf22f889a32,1.7773446405667397e+18
08d815c7-b66b-4e0f-86eb-cdf22f889a32,1.7773446406000827e+18
08d815c7-b66b-4e0f-86eb-cdf22f889a32,1.7773446406334257e+18
08d815c7-b66b-4e0f-86eb-cdf22f889a32,1.7773446406667686e+18
08d815c7-b66b-4e0f-86eb-cdf22f889a32,1.7773446407001116e+18
08d815c7-b66b-4e0f-86eb-cdf22f889a32,1.7773446407334546e+18
08d815c7-b66b-4e0f-86eb-cdf22f889a32,1.7773446407667976e+18
08d815c7-b66b-4e0f-86eb-cdf22f889a32,1.7773446408001408e+18
08d815c7-b66b-4e0f-86eb-cdf22f889a32,1.7773446408334838e+18
08d815c7-b66b-4e0f-86eb-cdf22f889a32,1.7773446408668268e+18
08d815c7-b66b-4e0f-86eb-cdf22f889a32,1.7773446409001697e+18
08d815c7-b66b-4e0f-86eb-cdf22f889a32,1.7773446409335127e+18
08d815c7-b66b-4e0f-86eb-cdf22f889a32,1.7773446409668557e+18
08d815c7-b66b-4e0f-86eb-cdf22f889a32,1.7773446410001987e+18
08d815c7-b66b-4e0f-86eb-cdf22f889a32,1.7773446410335416e+18
08d815c7-b66b-4e0f-86eb-cdf22f889a32,1.7773446410668846e+18
08d815c7-b66b-4e0f-86eb-cdf22f889a32,1.7773446411002276e+18
08d815c7-b66b-4e0f-86eb-cdf22f889a32,1.7773446411335706e+18
08d815c7-b66b-4e0f-86eb-cdf22f889a32,1.7773446411669138e+18
08d815c7-b66b-4e0f-86eb-cdf22f889a32,1.7773446412002578e+18
08d815c7-b66b-4e0f-86eb-cdf22f889a32,1.7773446412335997e+18
08d815c7-b66b-4e0f-86eb-cdf22f889a32,1.7773446412669437e+18
08d815c7-b66b-4e0f-86eb-cdf22f889a32,1.7773446413002867e+18
08d815c7-b66b-4e0f-86eb-cdf22f889a32,1.7773446413336297e+18
08d815c7-b66b-4e0f-86eb-cdf22f889a32,1.7773446413669727e+18
08d815c7-b66b-4e0f-86eb-cdf22f889a32,1.7773446414003156e+18
08d815c7-b66b-4e0f-86eb-cdf22f889a32,1.7773446414336586e+18
08d815c7-b66b-4e0f-86eb-cdf22f889a32,1.7773446414670016e+18
08d815c7-b66b-4e0f-86eb-cdf22f889a32,1.7773446415003446e+18
08d815c7-b66b-4e0f-86eb-cdf22f889a32,1.7773446415336876e+18
08d815c7-b66b-4e0f-86eb-cdf22f889a32,1.7773446415670308e+18
08d815c7-b66b-4e0f-86eb-cdf22f889a32,1.7773446416003738e+18
08d815c7-b66b-4e0f-86eb-cdf22f889a32,1.7773446416337167e+18
08d815c7-b66b-4e0f-86eb-cdf22f889a32,1.7773446416670597e+18
08d815c7-b66b-4e0f-86eb-cdf22f889a32,1.7773446417004027e+18
08d815c7-b66b-4e0f-86eb-cdf22f889a32,1.7773446417337457e+18
08d815c7-b66b-4e0f-86eb-cdf22f889a32,1.7773446417670886e+18
08d815c7-b66b-4e0f-86eb-cdf22f889a32,1.7773446418004316e+18
08d815c7-b66b-4e0f-86eb-cdf22f889a32,1.7773446418337746e+18
08d815c7-b66b-4e0f-86eb-cdf22f889a32,1.7773446418671176e+18
08d815c7-b66b-4e0f-86eb-cdf22f889a32,1.7773446419004608e+18
08d815c7-b66b-4e0f-86eb-cdf22f889a32,1.7773446419338038e+18
08d815c7-b66b-4e0f-86eb-cdf22f889a32,1.7773446419671468e+18
08d815c7-b66b-4e0f-86eb-cdf22f889a32,1.7773446420004908e+18
08d815c7-b66b-4e0f-86eb-cdf22f889a32,1.7773446420338327e+18
08d815c7-b66b-4e0f-86eb-cdf22f889a32,1.7773446420671767e+18
08d815c7-b66b-4e0f-86eb-cdf22f889a32,1.7773446421005197e+18
08d815c7-b66b-4e0f-86eb-cdf22f889a32,1.7773446421338627e+18
08d815c7-b66b-4e0f-86eb-cdf22f889a32,1.7773446421672056e+18
08d815c7-b66b-4e0f-86eb-cdf22f889a32,1.7773446422005486e+18
08d815c7-b66b-4e0f-86eb-cdf22f889a32,1.7773446422338916e+18
08d815c7-b66b-4e0f-86eb-cdf22f889a32,1.7773446422672346e+18
08d815c7-b66b-4e0f-86eb-cdf22f889a32,1.7773446423005778e+18
08d815c7-b66b-4e0f-86eb-cdf22f889a32,1.7773446423339208e+18
08d815c7-b66b-4e0f-86eb-cdf22f889a32,1.7773446423672637e+18
08d815c7-b66b-4e0f-86eb-cdf22f889a32,1.7773446424006067e+18
08d815c7-b66b-4e0f-86eb-cdf22f889a32,1.7773446424339497e+18
08d815c7-b66b-4e0f-86eb-cdf22f889a32,1.7773446424672927e+18
08d815c7-b66b-4e0f-86eb-cdf22f889a32,1.7773446425006356e+18
08d815c7-b66b-4e0f-86eb-cdf22f889a32,1.7773446425339786e+18
08d815c7-b66b-4e0f-86eb-cdf22f889a32,1.7773446425673216e+18
08d815c7-b66b-4e0f-86eb-cdf22f889a32,1.7773446426006646e+18
08d815c7-b66b-4e0f-86eb-cdf22f889a32,1.7773446426340076e+18
08d815c7-b66b-4e0f-86eb-cdf22f889a32,1.7773446426673508e+18
08d815c7-b66b-4e0f-86eb-cdf22f889a32,1.7773446427006938e+18
08d815c7-b66b-4e0f-86eb-cdf22f889a32,1.7773446427340367e+18
08d815c7-b66b-4e0f-86eb-cdf22f889a32,1.7773446427673797e+18
08d815c7-b66b-4e0f-86eb-cdf22f889a32,1.7773446428007237e+18
08d815c7-b66b-4e0f-86eb-cdf22f889a32,1.7773446428340657e+18
08d815c7-b66b-4e0f-86eb-cdf22f889a32,1.7773446428674097e+18
08d815c7-b66b-4e0f-86eb-cdf22f889a32,1.7773446429007526e+18
08d815c7-b66b-4e0f-86eb-cdf22f889a32,1.7773446429340956e+18
08d815c7-b66b-4e0f-86eb-cdf22f889a32,1.7773446429674386e+18
08d815c7-b66b-4e0f-86eb-cdf22f889a32,1.7773446430007816e+18
08d815c7-b66b-4e0f-86eb-cdf22f889a32,1.7773446430341248e+18
08d815c7-b66b-4e0f-86eb-cdf22f889a32,1.7773446430674678e+18
08d815c7-b66b-4e0f-86eb-cdf22f889a32,1.7773446431008108e+18
08d815c7-b66b-4e0f-86eb-cdf22f889a32,1.7773446431341537e+18
08d815c7-b66b-4e0f-86eb-cdf22f889a32,1.7773446431674967e+18
08d815c7-b66b-4e0f-86eb-cdf22f889a32,1.7773446432008397e+18
08d815c7-b66b-4e0f-86eb-cdf22f889a32,1.7773446432341827e+18
08d815c7-b66b-4e0f-86eb-cdf22f889a32,1.7773446432675256e+18
08d815c7-b66b-4e0f-86eb-cdf22f889a32,1.7773446433008686e+18
08d815c7-b66b-4e0f-86eb-cdf22f889a32,1.7773446433342116e+18
08d815c7-b66b-4e0f-86eb-cdf22f889a32,1.7773446433675546e+18
08d815c7-b66b-4e0f-86eb-cdf22f889a32,1.7773446434008978e+18
08d815c7-b66b-4e0f-86eb-cdf22f889a32,1.7773446434342408e+18
08d815c7-b66b-4e0f-86eb-cdf22f889a32,1.7773446434675837e+18
08d815c7-b66b-4e0f-86eb-cdf22f889a32,1.7773446435009267e+18
08d815c7-b66b-4e0f-86eb-cdf22f889a32,1.7773446435342697e+18
08d815c7-b66b-4e0f-86eb-cdf22f889a32,1.7773446435676127e+18
08d815c7-b66b-4e0f-86eb-cdf22f889a32,1.7773446436009556e+18
08d815c7-b66b-4e0f-86eb-cdf22f889a32,1.7773446436342986e+18
08d815c7-b66b-4e0f-86eb-cdf22f889a32,1.7773446436676426e+18
08d815c7-b66b-4e0f-86eb-cdf22f889a32,1.7773446437009856e+18
08d815c7-b66b-4e0f-86eb-cdf22f889a32,1.7773446437343286e+18
08d815c7-b66b-4e0f-86eb-cdf22f889a32,1.7773446437676716e+18
08d815c7-b66b-4e0f-86eb-cdf22f889a32,1.7773446438010148e+18
08d815c7-b66b-4e0f-86eb-cdf22f889a32,1.7773446438343578e+18
08d815c7-b66b-4e0f-86eb-cdf22f889a32,1.7773446438677007e+18
08d815c7-b66b-4e0f-86eb-cdf22f889a32,1.7773446439010437e+18
08d815c7-b66b-4e0f-86eb-cdf22f889a32,1.7773446439343867e+18
08d815c7-b66b-4e0f-86eb-cdf22f889a32,1.7773446439677297e+18
08d815c7-b66b-4e0f-86eb-cdf22f889a32,1.7773446440010726e+18
08d815c7-b66b-4e0f-86eb-cdf22f889a32,1.7773446440344156e+18
08d815c7-b66b-4e0f-86eb-cdf22f889a32,1.7773446440677586e+18
08d815c7-b66b-4e0f-86eb-cdf22f889a32,1.7773446441011016e+18
08d815c7-b66b-4e0f-86eb-cdf22f889a32,1.7773446441344448e+18
08d815c7-b66b-4e0f-86eb-cdf22f889a32,1.7773446441677878e+18
08d815c7-b66b-4e0f-86eb-cdf22f889a32,1.7773446442011308e+18
08d815c7-b66b-4e0f-86eb-cdf22f889a32,1.7773446442344737e+18
08d815c7-b66b-4e0f-86eb-cdf22f889a32,1.7773446442678167e+18
08d815c7-b66b-4e0f-86eb-cdf22f889a32,1.7773446443011597e+18
08d815c7-b66b-4e0f-86eb-cdf22f889a32,1.7773446443345027e+18
08d815c7-b66b-4e0f-86eb-cdf22f889a32,1.7773446443678456e+18
08d815c7-b66b-4e0f-86eb-cdf22f889a32,1.7773446444011896e+18
08d815c7-b66b-4e0f-86eb-cdf22f889a32,1.7773446444345326e+18
08d815c7-b66b-4e0f-86eb-cdf22f889a32,1.7773446444678756e+18
08d815c7-b66b-4e0f-86eb-cdf22f889a32,1.7773446445012186e+18
08d815c7-b66b-4e0f-86eb-cdf22f889a32,1.7773446445345618e+18
08d815c7-b66b-4e0f-86eb-cdf22f889a32,1.7773446445679048e+18
08d815c7-b66b-4e0f-86eb-cdf22f889a32,1.7773446446012477e+18
08d815c7-b66b-4e0f-86eb-cdf22f889a32,1.7773446446345907e+18
08d815c7-b66b-4e0f-86eb-cdf22f889a32,1.7773446446679337e+18
08d815c7-b66b-4e0f-86eb-cdf22f889a32,1.7773446447012767e+18
08d815c7-b66b-4e0f-86eb-cdf22f889a32,1.7773446447346196e+18
08d815c7-b66b-4e0f-86eb-cdf22f889a32,1.7773446447679626e+18
08d815c7-b66b-4e0f-86eb-cdf22f889a32,1.7773446448013056e+18
08d815c7-b66b-4e0f-86eb-cdf22f889a32,1.7773446448346486e+18
08d815c7-b66b-4e0f-86eb-cdf22f889a32,1.7773446448679916e+18
08d815c7-b66b-4e0f-86eb-cdf22f889a32,1.7773446449013348e+18
08d815c7-b66b-4e0f-86eb-cdf22f889a32,1.7773446449346778e+18
08d815c7-b66b-4e0f-86eb-cdf22f889a32,1.7773446449680207e+18
08d815c7-b66b-4e0f-86eb-cdf22f889a32,1.7773446450013637e+18
08d815c7-b66b-4e0f-86eb-cdf22f889a32,1.7773446450347067e+18
08d815c7-b66b-4e0f-86eb-cdf22f889a32,1.7773446450680497e+18
08d815c7-b66b-4e0f-86eb-cdf22f889a32,1.7773446451013926e+18
08d815c7-b66b-4e0f-86eb-cdf22f889a32,1.7773446451347356e+18
08d815c7-b66b-4e0f-86eb-cdf22f889a32,1.7773446451680786e+18
08d815c7-b66b-4e0f-86eb-cdf22f889a32,1.7773446452014226e+18
08d815c7-b66b-4e0f-86eb-cdf22f889a32,1.7773446452347656e+18
08d815c7-b66b-4e0f-86eb-cdf22f889a32,1.7773446452681088e+18
08d815c7-b66b-4e0f-86eb-cdf22f889a32,1.7773446453014518e+18
08d815c7-b66b-4e0f-86eb-cdf22f889a32,1.7773446453347948e+18
08d815c7-b66b-4e0f-86eb-cdf22f889a32,1.7773446453681377e+18
08d815c7-b66b-4e0f-86eb-cdf22f889a32,1.7773446454014807e+18
08d815c7-b66b-4e0f-86eb-cdf22f889a32,1.7773446454348237e+18
08d815c7-b66b-4e0f-86eb-cdf22f889a32,1.7773446454681667e+18
08d815c7-b66b-4e0f-86eb-cdf22f889a32,1.7773446455015096e+18
08d815c7-b66b-4e0f-86eb-cdf22f889a32,1.7773446455348526e+18
08d815c7-b66b-4e0f-86eb-cdf22f889a32,1.7773446455681956e+18
08d815c7-b66b-4e0f-86eb-cdf22f889a32,1.7773446456015386e+18
08d815c7-b66b-4e0f-86eb-cdf22f889a32,1.7773446456348818e+18
08d815c7-b66b-4e0f-86eb-cdf22f889a32,1.7773446456682248e+18
08d815c7-b66b-4e0f-86eb-cdf22f889a32,1.7773446457015677e+18
08d815c7-b66b-4e0f-86eb-cdf22f889a32,1.7773446457349107e+18
08d815c7-b66b-4e0f-86eb-cdf22f889a32,1.7773446457682537e+18
08d815c7-b66b-4e0f-86eb-cdf22f889a32,1.7773446458015967e+18
08d815c7-b66b-4e0f-86eb-cdf22f889a32,1.7773446458349396e+18
08d815c7-b66b-4e0f-86eb-cdf22f889a32,1.7773446458682826e+18
08d815c7-b66b-4e0f-86eb-cdf22f889a32,1.7773446459016256e+18
08d815c7-b66b-4e0f-86eb-cdf22f889a32,1.7773446459349686e+18
08d815c7-b66b-4e0f-86eb-cdf22f889a32,1.7773446459683116e+18
08d815c7-b66b-4e0f-86eb-cdf22f889a32,1.7773446460016556e+18
08d815c7-b66b-4e0f-86eb-cdf22f889a32,1.7773446460349988e+18
08d815c7-b66b-4e0f-86eb-cdf22f889a32,1.7773446460683418e+18
08d815c7-b66b-4e0f-86eb-cdf22f889a32,1.7773446461016847e+18
08d815c7-b66b-4e0f-86eb-cdf22f889a32,1.7773446461350277e+18
08d815c7-b66b-4e0f-86eb-cdf22f889a32,1.7773446461683707e+18
08d815c7-b66b-4e0f-86eb-cdf22f889a32,1.7773446462017137e+18
08d815c7-b66b-4e0f-86eb-cdf22f889a32,1.7773446462350566e+18
08d815c7-b66b-4e0f-86eb-cdf22f889a32,1.7773446462683996e+18
08d815c7-b66b-4e0f-86eb-cdf22f889a32,1.7773446463017426e+18
08d815c7-b66b-4e0f-86eb-cdf22f889a32,1.7773446463350856e+18
08d815c7-b66b-4e0f-86eb-cdf22f889a32,1.7773446463684288e+18
08d815c7-b66b-4e0f-86eb-cdf22f889a32,1.7773446464017718e+18
08d815c7-b66b-4e0f-86eb-cdf22f889a32,1.7773446464351148e+18
08d815c7-b66b-4e0f-86eb-cdf22f889a32,1.7773446464684577e+18
08d815c7-b66b-4e0f-86eb-cdf22f889a32,1.7773446465018007e+18
08d815c7-b66b-4e0f-86eb-cdf22f889a32,1.7773446465351437e+18
08d815c7-b66b-4e0f-86eb-cdf22f889a32,1.7773446465684867e+18
08d815c7-b66b-4e0f-86eb-cdf22f889a32,1.7773446466018296e+18
08d815c7-b66b-4e0f-86eb-cdf22f889a32,1.7773446466351726e+18
08d815c7-b66b-4e0f-86eb-cdf22f889a32,1.7773446466685156e+18
08d815c7-b66b-4e0f-86eb-cdf22f889a32,1.7773446467018586e+18
08d815c7-b66b-4e0f-86eb-cdf22f889a32,1.7773446467352018e+18
08d815c7-b66b-4e0f-86eb-cdf22f889a32,1.7773446467685448e+18
08d815c7-b66b-4e0f-86eb-cdf22f889a32,1.7773446468018888e+18
08d815c7-b66b-4e0f-86eb-cdf22f889a32,1.7773446468352317e+18
08d815c7-b66b-4e0f-86eb-cdf22f889a32,1.7773446468685747e+18
08d815c7-b66b-4e0f-86eb-cdf22f889a32,1.7773446469019177e+18
08d815c7-b66b-4e0f-86eb-cdf22f889a32,1.7773446469352607e+18
08d815c7-b66b-4e0f-86eb-cdf22f889a32,1.7773446469686036e+18
08d815c7-b66b-4e0f-86eb-cdf22f889a32,1.7773446470019466e+18
08d815c7-b66b-4e0f-86eb-cdf22f889a32,1.7773446470352896e+18
08d815c7-b66b-4e0f-86eb-cdf22f889a32,1.7773446470686326e+18
08d815c7-b66b-4e0f-86eb-cdf22f889a32,1.7773446471019756e+18
08d815c7-b66b-4e0f-86eb-cdf22f889a32,1.7773446471353188e+18
08d815c7-b66b-4e0f-86eb-cdf22f889a32,1.7773446471686618e+18
08d815c7-b66b-4e0f-86eb-cdf22f889a32,1.7773446472020047e+18
08d815c7-b66b-4e0f-86eb-cdf22f889a32,1.7773446472353477e+18
08d815c7-b66b-4e0f-86eb-cdf22f889a32,1.7773446472686907e+18
08d815c7-b66b-4e0f-86eb-cdf22f889a32,1.7773446473020337e+18
08d815c7-b66b-4e0f-86eb-cdf22f889a32,1.7773446473353766e+18
08d815c7-b66b-4e0f-86eb-cdf22f889a32,1.7773446473687196e+18
08d815c7-b66b-4e0f-86eb-cdf22f889a32,1.7773446474020626e+18
08d815c7-b66b-4e0f-86eb-cdf22f889a32,1.7773446474354056e+18
08d815c7-b66b-4e0f-86eb-cdf22f889a32,1.7773446474687488e+18
08d815c7-b66b-4e0f-86eb-cdf22f889a32,1.7773446475020918e+18
08d815c7-b66b-4e0f-86eb-cdf22f889a32,1.7773446475354348e+18
08d815c7-b66b-4e0f-86eb-cdf22f889a32,1.7773446475687777e+18
08d815c7-b66b-4e0f-86eb-cdf22f889a32,1.7773446476021217e+18
08d815c7-b66b-4e0f-86eb-cdf22f889a32,1.7773446476354647e+18
08d815c7-b66b-4e0f-86eb-cdf22f889a32,1.7773446476688077e+18
08d815c7-b66b-4e0f-86eb-cdf22f889a32,1.7773446477021507e+18
08d815c7-b66b-4e0f-86eb-cdf22f889a32,1.7773446477354936e+18
08d815c7-b66b-4e0f-86eb-cdf22f889a32,1.7773446477688366e+18
08d815c7-b66b-4e0f-86eb-cdf22f889a32,1.7773446478021796e+18
08d815c7-b66b-4e0f-86eb-cdf22f889a32,1.7773446478355226e+18
08d815c7-b66b-4e0f-86eb-cdf22f889a32,1.7773446478688658e+18
08d815c7-b66b-4e0f-86eb-cdf22f889a32,1.7773446479022088e+18
08d815c7-b66b-4e0f-86eb-cdf22f889a32,1.7773446479355517e+18
08d815c7-b66b-4e0f-86eb-cdf22f889a32,1.7773446479688947e+18
08d815c7-b66b-4e0f-86eb-cdf22f889a32,1.7773446480022377e+18
08d815c7-b66b-4e0f-86eb-cdf22f889a32,1.7773446480355807e+18
08d815c7-b66b-4e0f-86eb-cdf22f889a32,1.7773446480689236e+18
08d815c7-b66b-4e0f-86eb-cdf22f889a32,1.7773446481022666e+18
08d815c7-b66b-4e0f-86eb-cdf22f889a32,1.7773446481356096e+18
08d815c7-b66b-4e0f-86eb-cdf22f889a32,1.7773446481689526e+18
08d815c7-b66b-4e0f-86eb-cdf22f889a32,1.7773446482022956e+18
08d815c7-b66b-4e0f-86eb-cdf22f889a32,1.7773446482356388e+18
08d815c7-b66b-4e0f-86eb-cdf22f889a32,1.7773446482689818e+18
08d815c7-b66b-4e0f-86eb-cdf22f889a32,1.7773446483023247e+18
08d815c7-b66b-4e0f-86eb-cdf22f889a32,1.7773446483356677e+18
08d815c7-b66b-4e0f-86eb-cdf22f889a32,1.7773446483690117e+18
08d815c7-b66b-4e0f-86eb-cdf22f889a32,1.7773446484023547e+18
08d815c7-b66b-4e0f-86eb-cdf22f889a32,1.7773446484356977e+18
08d815c7-b66b-4e0f-86eb-cdf22f889a32,1.7773446484690406e+18
08d815c7-b66b-4e0f-86eb-cdf22f889a32,1.7773446485023836e+18
08d815c7-b66b-4e0f-86eb-cdf22f889a32,1.7773446485357266e+18
08d815c7-b66b-4e0f-86eb-cdf22f889a32,1.7773446485690696e+18
08d815c7-b66b-4e0f-86eb-cdf22f889a32,1.7773446486024128e+18
08d815c7-b66b-4e0f-86eb-cdf22f889a32,1.7773446486357558e+18
08d815c7-b66b-4e0f-86eb-cdf22f889a32,1.7773446486690988e+18
08d815c7-b66b-4e0f-86eb-cdf22f889a32,1.7773446487024417e+18
08d815c7-b66b-4e0f-86eb-cdf22f889a32,1.7773446487357847e+18
08d815c7-b66b-4e0f-86eb-cdf22f889a32,1.7773446487691277e+18
08d815c7-b66b-4e0f-86eb-cdf22f889a32,1.7773446488024707e+18
08d815c7-b66b-4e0f-86eb-cdf22f889a32,1.7773446488358136e+18
08d815c7-b66b-4e0f-86eb-cdf22f889a32,1.7773446488691566e+18
08d815c7-b66b-4e0f-86eb-cdf22f889a32,1.7773446489024996e+18
08d815c7-b66b-4e0f-86eb-cdf22f889a32,1.7773446489358426e+18
08d815c7-b66b-4e0f-86eb-cdf22f889a32,1.7773446489691858e+18
08d815c7-b66b-4e0f-86eb-cdf22f889a32,1.7773446490025288e+18
08d815c7-b66b-4e0f-86eb-cdf22f889a32,1.7773446490358717e+18
08d815c7-b66b-4e0f-86eb-cdf22f889a32,1.7773446490692147e+18
08d815c7-b66b-4e0f-86eb-cdf22f889a32,1.7773446491025577e+18
08d815c7-b66b-4e0f-86eb-cdf22f889a32,1.7773446491359007e+18
08d815c7-b66b-4e0f-86eb-cdf22f889a32,1.7773446491692447e+18
08d815c7-b66b-4e0f-86eb-cdf22f889a32,1.7773446492025876e+18
08d815c7-b66b-4e0f-86eb-cdf22f889a32,1.7773446492359306e+18
08d815c7-b66b-4e0f-86eb-cdf22f889a32,1.7773446492692736e+18
08d815c7-b66b-4e0f-86eb-cdf22f889a32,1.7773446493026166e+18
08d815c7-b66b-4e0f-86eb-cdf22f889a32,1.7773446493359596e+18
08d815c7-b66b-4e0f-86eb-cdf22f889a32,1.7773446493693028e+18
08d815c7-b66b-4e0f-86eb-cdf22f889a32,1.7773446494026458e+18
08d815c7-b66b-4e0f-86eb-cdf22f889a32,1.7773446494359887e+18
08d815c7-b66b-4e0f-86eb-cdf22f889a32,1.7773446494693317e+18
08d815c7-b66b-4e0f-86eb-cdf22f889a32,1.7773446495026747e+18
08d815c7-b66b-4e0f-86eb-cdf22f889a32,1.7773446495360177e+18
08d815c7-b66b-4e0f-86eb-cdf22f889a32,1.7773446495693606e+18
08d815c7-b66b-4e0f-86eb-cdf22f889a32,1.7773446496027036e+18
08d815c7-b66b-4e0f-86eb-cdf22f889a32,1.7773446496360466e+18
08d815c7-b66b-4e0f-86eb-cdf22f889a32,1.7773446496693896e+18
08d815c7-b66b-4e0f-86eb-cdf22f889a32,1.7773446497027328e+18
08d815c7-b66b-4e0f-86eb-cdf22f889a32,1.7773446497360758e+18
08d815c7-b66b-4e0f-86eb-cdf22f889a32,1.7773446497694188e+18
08d815c7-b66b-4e0f-86eb-cdf22f889a32,1.7773446498027617e+18
08d815c7-b66b-4e0f-86eb-cdf22f889a32,1.7773446498361047e+18
08d815c7-b66b-4e0f-86eb-cdf22f889a32,1.7773446498694477e+18
08d815c7-b66b-4e0f-86eb-cdf22f889a32,1.7773446499027907e+18
08d815c7-b66b-4e0f-86eb-cdf22f889a32,1.7773446499361336e+18
08d815c7-b66b-4e0f-86eb-cdf22f889a32,1.7773446499694776e+18
08d815c7-b66b-4e0f-86eb-cdf22f889a32,1.7773446500028206e+18
08d815c7-b66b-4e0f-86eb-cdf22f889a32,1.7773446500361636e+18
08d815c7-b66b-4e0f-86eb-cdf22f889a32,1.7773446500695066e+18
08d815c7-b66b-4e0f-86eb-cdf22f889a32,1.7773446501028498e+18
08d815c7-b66b-4e0f-86eb-cdf22f889a32,1.7773446501361928e+18
08d815c7-b66b-4e0f-86eb-cdf22f889a32,1.7773446501695357e+18
08d815c7-b66b-4e0f-86eb-cdf22f889a32,1.7773446502028787e+18
08d815c7-b66b-4e0f-86eb-cdf22f889a32,1.7773446502362217e+18
08d815c7-b66b-4e0f-86eb-cdf22f889a32,1.7773446502695647e+18
08d815c7-b66b-4e0f-86eb-cdf22f889a32,1.7773446503029076e+18
08d815c7-b66b-4e0f-86eb-cdf22f889a32,1.7773446503362506e+18
08d815c7-b66b-4e0f-86eb-cdf22f889a32,1.7773446503695936e+18
08d815c7-b66b-4e0f-86eb-cdf22f889a32,1.7773446504029366e+18
08d815c7-b66b-4e0f-86eb-cdf22f889a32,1.7773446504362796e+18
08d815c7-b66b-4e0f-86eb-cdf22f889a32,1.7773446504696228e+18
08d815c7-b66b-4e0f-86eb-cdf22f889a32,1.7773446505029658e+18
08d815c7-b66b-4e0f-86eb-cdf22f889a32,1.7773446505363087e+18
08d815c7-b66b-4e0f-86eb-cdf22f889a32,1.7773446505696517e+18
08d815c7-b66b-4e0f-86eb-cdf22f889a32,1.7773446506029947e+18
08d815c7-b66b-4e0f-86eb-cdf22f889a32,1.7773446506363377e+18
08d815c7-b66b-4e0f-86eb-cdf22f889a32,1.7773446506696806e+18
08d815c7-b66b-4e0f-86eb-cdf22f889a32,1.7773446507030236e+18
08d815c7-b66b-4e0f-86eb-cdf22f889a32,1.7773446507363676e+18
08d815c7-b66b-4e0f-86eb-cdf22f889a32,1.7773446507697106e+18
08d815c7-b66b-4e0f-86eb-cdf22f889a32,1.7773446508030536e+18
08d815c7-b66b-4e0f-86eb-cdf22f889a32,1.7773446508363968e+18
08d815c7-b66b-4e0f-86eb-cdf22f889a32,1.7773446508697398e+18
08d815c7-b66b-4e0f-86eb-cdf22f889a32,1.7773446509030828e+18
08d815c7-b66b-4e0f-86eb-cdf22f889a32,1.7773446509364257e+18
08d815c7-b66b-4e0f-86eb-cdf22f889a32,1.7773446509697687e+18
08d815c7-b66b-4e0f-86eb-cdf22f889a32,1.7773446510031117e+18
08d815c7-b66b-4e0f-86eb-cdf22f889a32,1.7773446510364547e+18
08d815c7-b66b-4e0f-86eb-cdf22f889a32,1.7773446510697976e+18
08d815c7-b66b-4e0f-86eb-cdf22f889a32,1.7773446511031406e+18
08d815c7-b66b-4e0f-86eb-cdf22f889a32,1.7773446511364836e+18
08d815c7-b66b-4e0f-86eb-cdf22f889a32,1.7773446511698266e+18
08d815c7-b66b-4e0f-86eb-cdf22f889a32,1.7773446512031698e+18
08d815c7-b66b-4e0f-86eb-cdf22f889a32,1.7773446512365128e+18
08d815c7-b66b-4e0f-86eb-cdf22f889a32,1.7773446512698557e+18
08d815c7-b66b-4e0f-86eb-cdf22f889a32,1.7773446513031987e+18
08d815c7-b66b-4e0f-86eb-cdf22f889a32,1.7773446513365417e+18
08d815c7-b66b-4e0f-86eb-cdf22f889a32,1.7773446513698847e+18
08d815c7-b66b-4e0f-86eb-cdf22f889a32,1.7773446514032276e+18
08d815c7-b66b-4e0f-86eb-cdf22f889a32,1.7773446514365706e+18
08d815c7-b66b-4e0f-86eb-cdf22f889a32,1.7773446514699136e+18
08d815c7-b66b-4e0f-86eb-cdf22f889a32,1.7773446515032566e+18
08d815c7-b66b-4e0f-86eb-cdf22f889a32,1.7773446515366006e+18
08d815c7-b66b-4e0f-86eb-cdf22f889a32,1.7773446515699436e+18
08d815c7-b66b-4e0f-86eb-cdf22f889a32,1.7773446516032868e+18
08d815c7-b66b-4e0f-86eb-cdf22f889a32,1.7773446516366298e+18
08d815c7-b66b-4e0f-86eb-cdf22f889a32,1.7773446516699727e+18
08d815c7-b66b-4e0f-86eb-cdf22f889a32,1.7773446517033157e+18
08d815c7-b66b-4e0f-86eb-cdf22f889a32,1.7773446517366587e+18
08d815c7-b66b-4e0f-86eb-cdf22f889a32,1.7773446517700017e+18
08d815c7-b66b-4e0f-86eb-cdf22f889a32,1.7773446518033446e+18
08d815c7-b66b-4e0f-86eb-cdf22f889a32,1.7773446518366876e+18
08d815c7-b66b-4e0f-86eb-cdf22f889a32,1.7773446518700306e+18
08d815c7-b66b-4e0f-86eb-cdf22f889a32,1.7773446519033736e+18
08d815c7-b66b-4e0f-86eb-cdf22f889a32,1.7773446519367168e+18
08d815c7-b66b-4e0f-86eb-cdf22f889a32,1.7773446519700598e+18
08d815c7-b66b-4e0f-86eb-cdf22f889a32,1.7773446520034028e+18
08d815c7-b66b-4e0f-86eb-cdf22f889a32,1.7773446520367457e+18
08d815c7-b66b-4e0f-86eb-cdf22f889a32,1.7773446520700887e+18
08d815c7-b66b-4e0f-86eb-cdf22f889a32,1.7773446521034317e+18
08d815c7-b66b-4e0f-86eb-cdf22f889a32,1.7773446521367747e+18
08d815c7-b66b-4e0f-86eb-cdf22f889a32,1.7773446521701176e+18
08d815c7-b66b-4e0f-86eb-cdf22f889a32,1.7773446522034606e+18
08d815c7-b66b-4e0f-86eb-cdf22f889a32,1.7773446522368036e+18
08d815c7-b66b-4e0f-86eb-cdf22f889a32,1.7773446522701466e+18
08d815c7-b66b-4e0f-86eb-cdf22f889a32,1.7773446523034898e+18
08d815c7-b66b-4e0f-86eb-cdf22f889a32,1.7773446523368338e+18
08d815c7-b66b-4e0f-86eb-cdf22f889a32,1.7773446523701768e+18
08d815c7-b66b-4e0f-86eb-cdf22f889a32,1.7773446524035197e+18
08d815c7-b66b-4e0f-86eb-cdf22f889a32,1.7773446524368627e+18
08d815c7-b66b-4e0f-86eb-cdf22f889a32,1.7773446524702057e+18
08d815c7-b66b-4e0f-86eb-cdf22f889a32,1.7773446525035487e+18
08d815c7-b66b-4e0f-86eb-cdf22f889a32,1.7773446525368916e+18
08d815c7-b66b-4e0f-86eb-cdf22f889a32,1.7773446525702346e+18
08d815c7-b66b-4e0f-86eb-cdf22f889a32,1.7773446526035776e+18
08d815c7-b66b-4e0f-86eb-cdf22f889a32,1.7773446526369206e+18
08d815c7-b66b-4e0f-86eb-cdf22f889a32,1.7773446526702636e+18
08d815c7-b66b-4e0f-86eb-cdf22f889a32,1.7773446527036068e+18
08d815c7-b66b-4e0f-86eb-cdf22f889a32,1.7773446527369498e+18
08d815c7-b66b-4e0f-86eb-cdf22f889a32,1.7773446527702927e+18
08d815c7-b66b-4e0f-86eb-cdf22f889a32,1.7773446528036357e+18
08d815c7-b66b-4e0f-86eb-cdf22f889a32,1.7773446528369787e+18
08d815c7-b66b-4e0f-86eb-cdf22f889a32,1.7773446528703217e+18
08d815c7-b66b-4e0f-86eb-cdf22f889a32,1.7773446529036646e+18
08d815c7-b66b-4e0f-86eb-cdf22f889a32,1.7773446529370076e+18
08d815c7-b66b-4e0f-86eb-cdf22f889a32,1.7773446529703506e+18
08d815c7-b66b-4e0f-86eb-cdf22f889a32,1.7773446530036936e+18
08d815c7-b66b-4e0f-86eb-cdf22f889a32,1.7773446530370368e+18
08d815c7-b66b-4e0f-86eb-cdf22f889a32,1.7773446530703798e+18
08d815c7-b66b-4e0f-86eb-cdf22f889a32,1.7773446531037228e+18
08d815c7-b66b-4e0f-86eb-cdf22f889a32,1.7773446531370668e+18
08d815c7-b66b-4e0f-86eb-cdf22f889a32,1.7773446531704097e+18
08d815c7-b66b-4e0f-86eb-cdf22f889a32,1.7773446532037527e+18
08d815c7-b66b-4e0f-86eb-cdf22f889a32,1.7773446532370957e+18
08d815c7-b66b-4e0f-86eb-cdf22f889a32,1.7773446532704387e+18
08d815c7-b66b-4e0f-86eb-cdf22f889a32,1.7773446533037816e+18
08d815c7-b66b-4e0f-86eb-cdf22f889a32,1.7773446533371246e+18
08d815c7-b66b-4e0f-86eb-cdf22f889a32,1.7773446533704676e+18
08d815c7-b66b-4e0f-86eb-cdf22f889a32,1.7773446534038106e+18
08d815c7-b66b-4e0f-86eb-cdf22f889a32,1.7773446534371538e+18
08d815c7-b66b-4e0f-86eb-cdf22f889a32,1.7773446534704968e+18
08d815c7-b66b-4e0f-86eb-cdf22f889a32,1.7773446535038397e+18
08d815c7-b66b-4e0f-86eb-cdf22f889a32,1.7773446535371827e+18
08d815c7-b66b-4e0f-86eb-cdf22f889a32,1.7773446535705257e+18
08d815c7-b66b-4e0f-86eb-cdf22f889a32,1.7773446536038687e+18
08d815c7-b66b-4e0f-86eb-cdf22f889a32,1.7773446536372116e+18
08d815c7-b66b-4e0f-86eb-cdf22f889a32,1.7773446536705546e+18
08d815c7-b66b-4e0f-86eb-cdf22f889a32,1.7773446537038976e+18
08d815c7-b66b-4e0f-86eb-cdf22f889a32,1.7773446537372406e+18
08d815c7-b66b-4e0f-86eb-cdf22f889a32,1.7773446537705836e+18
08d815c7-b66b-4e0f-86eb-cdf22f889a32,1.7773446538039268e+18
08d815c7-b66b-4e0f-86eb-cdf22f889a32,1.7773446538372698e+18
08d815c7-b66b-4e0f-86eb-cdf22f889a32,1.7773446538706127e+18
08d815c7-b66b-4e0f-86eb-cdf22f889a32,1.7773446539039557e+18
08d815c7-b66b-4e0f-86eb-cdf22f889a32,1.7773446539372997e+18
08d815c7-b66b-4e0f-86eb-cdf22f889a32,1.7773446539706427e+18
08d815c7-b66b-4e0f-86eb-cdf22f889a32,1.7773446540039857e+18
08d815c7-b66b-4e0f-86eb-cdf22f889a32,1.7773446540373286e+18
08d815c7-b66b-4e0f-86eb-cdf22f889a32,1.7773446540706716e+18
08d815c7-b66b-4e0f-86eb-cdf22f889a32,1.7773446541040146e+18
08d815c7-b66b-4e0f-86eb-cdf22f889a32,1.7773446541373576e+18
08d815c7-b66b-4e0f-86eb-cdf22f889a32,1.7773446541707008e+18
08d815c7-b66b-4e0f-86eb-cdf22f889a32,1.7773446542040438e+18
08d815c7-b66b-4e0f-86eb-cdf22f889a32,1.7773446542373868e+18
08d815c7-b66b-4e0f-86eb-cdf22f889a32,1.7773446542707297e+18
08d815c7-b66b-4e0f-86eb-cdf22f889a32,1.7773446543040727e+18
08d815c7-b66b-4e0f-86eb-cdf22f889a32,1.7773446543374157e+18
08d815c7-b66b-4e0f-86eb-cdf22f889a32,1.7773446543707587e+18
08d815c7-b66b-4e0f-86eb-cdf22f889a32,1.7773446544041016e+18
08d815c7-b66b-4e0f-86eb-cdf22f889a32,1.7773446544374446e+18
08d815c7-b66b-4e0f-86eb-cdf22f889a32,1.7773446544707876e+18
08d815c7-b66b-4e0f-86eb-cdf22f889a32,1.7773446545041306e+18
08d815c7-b66b-4e0f-86eb-cdf22f889a32,1.7773446545374738e+18
08d815c7-b66b-4e0f-86eb-cdf22f889a32,1.7773446545708168e+18
08d815c7-b66b-4e0f-86eb-cdf22f889a32,1.7773446546041597e+18
08d815c7-b66b-4e0f-86eb-cdf22f889a32,1.7773446546375027e+18
08d815c7-b66b-4e0f-86eb-cdf22f889a32,1.7773446546708467e+18
08d815c7-b66b-4e0f-86eb-cdf22f889a32,1.7773446547041887e+18
08d815c7-b66b-4e0f-86eb-cdf22f889a32,1.7773446547375327e+18
08d815c7-b66b-4e0f-86eb-cdf22f889a32,1.7773446547708756e+18
08d815c7-b66b-4e0f-86eb-cdf22f889a32,1.7773446548042186e+18
08d815c7-b66b-4e0f-86eb-cdf22f889a32,1.7773446548375616e+18
08d815c7-b66b-4e0f-86eb-cdf22f889a32,1.7773446548709046e+18
08d815c7-b66b-4e0f-86eb-cdf22f889a32,1.7773446549042476e+18
08d815c7-b66b-4e0f-86eb-cdf22f889a32,1.7773446549375908e+18
08d815c7-b66b-4e0f-86eb-cdf22f889a32,1.7773446549709338e+18
08d815c7-b66b-4e0f-86eb-cdf22f889a32,1.7773446550042767e+18
08d815c7-b66b-4e0f-86eb-cdf22f889a32,1.7773446550376197e+18
08d815c7-b66b-4e0f-86eb-cdf22f889a32,1.7773446550709627e+18
08d815c7-b66b-4e0f-86eb-cdf22f889a32,1.7773446551043057e+18
08d815c7-b66b-4e0f-86eb-cdf22f889a32,1.7773446551376486e+18
08d815c7-b66b-4e0f-86eb-cdf22f889a32,1.7773446551709916e+18
08d815c7-b66b-4e0f-86eb-cdf22f889a32,1.7773446552043346e+18
08d815c7-b66b-4e0f-86eb-cdf22f889a32,1.7773446552376776e+18
08d815c7-b66b-4e0f-86eb-cdf22f889a32,1.7773446552710208e+18
08d815c7-b66b-4e0f-86eb-cdf22f889a32,1.7773446553043638e+18
08d815c7-b66b-4e0f-86eb-cdf22f889a32,1.7773446553377068e+18
08d815c7-b66b-4e0f-86eb-cdf22f889a32,1.7773446553710497e+18
08d815c7-b66b-4e0f-86eb-cdf22f889a32,1.7773446554043927e+18
08d815c7-b66b-4e0f-86eb-cdf22f889a32,1.7773446554377357e+18
08d815c7-b66b-4e0f-86eb-cdf22f889a32,1.7773446554710797e+18
08d815c7-b66b-4e0f-86eb-cdf22f889a32,1.7773446555044216e+18
08d815c7-b66b-4e0f-86eb-cdf22f889a32,1.7773446555377656e+18
08d815c7-b66b-4e0f-86eb-cdf22f889a32,1.7773446555711086e+18
08d815c7-b66b-4e0f-86eb-cdf22f889a32,1.7773446556044516e+18
08d815c7-b66b-4e0f-86eb-cdf22f889a32,1.7773446556377946e+18
08d815c7-b66b-4e0f-86eb-cdf22f889a32,1.7773446556711378e+18
08d815c7-b66b-4e0f-86eb-cdf22f889a32,1.7773446557044808e+18
08d815c7-b66b-4e0f-86eb-cdf22f889a32,1.7773446557378237e+18
08d815c7-b66b-4e0f-86eb-cdf22f889a32,1.7773446557711667e+18
08d815c7-b66b-4e0f-86eb-cdf22f889a32,1.7773446558045097e+18
08d815c7-b66b-4e0f-86eb-cdf22f889a32,1.7773446558378527e+18
08d815c7-b66b-4e0f-86eb-cdf22f889a32,1.7773446558711956e+18
08d815c7-b66b-4e0f-86eb-cdf22f889a32,1.7773446559045386e+18
08d815c7-b66b-4e0f-86eb-cdf22f889a32,1.7773446559378816e+18
08d815c7-b66b-4e0f-86eb-cdf22f889a32,1.7773446559712246e+18
08d815c7-b66b-4e0f-86eb-cdf22f889a32,1.7773446560045676e+18
08d815c7-b66b-4e0f-86eb-cdf22f889a32,1.7773446560379108e+18
08d815c7-b66b-4e0f-86eb-cdf22f889a32,1.7773446560712538e+18
08d815c7-b66b-4e0f-86eb-cdf22f889a32,1.7773446561045967e+18
08d815c7-b66b-4e0f-86eb-cdf22f889a32,1.7773446561379397e+18
08d815c7-b66b-4e0f-86eb-cdf22f889a32,1.7773446561712827e+18
08d815c7-b66b-4e0f-86eb-cdf22f889a32,1.7773446562046257e+18
08d815c7-b66b-4e0f-86eb-cdf22f889a32,1.7773446562379686e+18
08d815c7-b66b-4e0f-86eb-cdf22f889a32,1.7773446562713116e+18
08d815c7-b66b-4e0f-86eb-cdf22f889a32,1.7773446563046546e+18
08d815c7-b66b-4e0f-86eb-cdf22f889a32,1.7773446563379986e+18
08d815c7-b66b-4e0f-86eb-cdf22f889a32,1.7773446563713416e+18
08d815c7-b66b-4e0f-86eb-cdf22f889a32,1.7773446564046848e+18
08d815c7-b66b-4e0f-86eb-cdf22f889a32,1.7773446564380278e+18
08d815c7-b66b-4e0f-86eb-cdf22f889a32,1.7773446564713708e+18
08d815c7-b66b-4e0f-86eb-cdf22f889a32,1.7773446565047137e+18
08d815c7-b66b-4e0f-86eb-cdf22f889a32,1.7773446565380567e+18
08d815c7-b66b-4e0f-86eb-cdf22f889a32,1.7773446565713997e+18
08d815c7-b66b-4e0f-86eb-cdf22f889a32,1.7773446566047427e+18
08d815c7-b66b-4e0f-86eb-cdf22f889a32,1.7773446566380856e+18
08d815c7-b66b-4e0f-86eb-cdf22f889a32,1.7773446566714286e+18
08d815c7-b66b-4e0f-86eb-cdf22f889a32,1.7773446567047716e+18
08d815c7-b66b-4e0f-86eb-cdf22f889a32,1.7773446567381146e+18
08d815c7-b66b-4e0f-86eb-cdf22f889a32,1.7773446567714578e+18
08d815c7-b66b-4e0f-86eb-cdf22f889a32,1.7773446568048008e+18
08d815c7-b66b-4e0f-86eb-cdf22f889a32,1.7773446568381437e+18
08d815c7-b66b-4e0f-86eb-cdf22f889a32,1.7773446568714867e+18
08d815c7-b66b-4e0f-86eb-cdf22f889a32,1.7773446569048297e+18
08d815c7-b66b-4e0f-86eb-cdf22f889a32,1.7773446569381727e+18
08d815c7-b66b-4e0f-86eb-cdf22f889a32,1.7773446569715156e+18
08d815c7-b66b-4e0f-86eb-cdf22f889a32,1.7773446570048586e+18
08d815c7-b66b-4e0f-86eb-cdf22f889a32,1.7773446570382016e+18
08d815c7-b66b-4e0f-86eb-cdf22f889a32,1.7773446570715456e+18
08d815c7-b66b-4e0f-86eb-cdf22f889a32,1.7773446571048876e+18
08d815c7-b66b-4e0f-86eb-cdf22f889a32,1.7773446571382316e+18
08d815c7-b66b-4e0f-86eb-cdf22f889a32,1.7773446571715748e+18
08d815c7-b66b-4e0f-86eb-cdf22f889a32,1.7773446572049178e+18
08d815c7-b66b-4e0f-86eb-cdf22f889a32,1.7773446572382607e+18
08d815c7-b66b-4e0f-86eb-cdf22f889a32,1.7773446572716037e+18
08d815c7-b66b-4e0f-86eb-cdf22f889a32,1.7773446573049467e+18
08d815c7-b66b-4e0f-86eb-cdf22f889a32,1.7773446573382897e+18
08d815c7-b66b-4e0f-86eb-cdf22f889a32,1.7773446573716326e+18
08d815c7-b66b-4e0f-86eb-cdf22f889a32,1.7773446574049756e+18
08d815c7-b66b-4e0f-86eb-cdf22f889a32,1.7773446574383186e+18
08d815c7-b66b-4e0f-86eb-cdf22f889a32,1.7773446574716616e+18
08d815c7-b66b-4e0f-86eb-cdf22f889a32,1.7773446575050048e+18
08d815c7-b66b-4e0f-86eb-cdf22f889a32,1.7773446575383478e+18
08d815c7-b66b-4e0f-86eb-cdf22f889a32,1.7773446575716908e+18
08d815c7-b66b-4e0f-86eb-cdf22f889a32,1.7773446576050337e+18
08d815c7-b66b-4e0f-86eb-cdf22f889a32,1.7773446576383767e+18
08d815c7-b66b-4e0f-86eb-cdf22f889a32,1.7773446576717197e+18
08d815c7-b66b-4e0f-86eb-cdf22f889a32,1.7773446577050627e+18
08d815c7-b66b-4e0f-86eb-cdf22f889a32,1.7773446577384056e+18
08d815c7-b66b-4e0f-86eb-cdf22f889a32,1.7773446577717486e+18
08d815c7-b66b-4e0f-86eb-cdf22f889a32,1.7773446578050916e+18
08d815c7-b66b-4e0f-86eb-cdf22f889a32,1.7773446578384346e+18
08d815c7-b66b-4e0f-86eb-cdf22f889a32,1.7773446578717786e+18
08d815c7-b66b-4e0f-86eb-cdf22f889a32,1.7773446579051218e+18
08d815c7-b66b-4e0f-86eb-cdf22f889a32,1.7773446579384648e+18
08d815c7-b66b-4e0f-86eb-cdf22f889a32,1.7773446579718077e+18
08d815c7-b66b-4e0f-86eb-cdf22f889a32,1.7773446580051507e+18
08d815c7-b66b-4e0f-86eb-cdf22f889a32,1.7773446580384937e+18
08d815c7-b66b-4e0f-86eb-cdf22f889a32,1.7773446580718367e+18
08d815c7-b66b-4e0f-86eb-cdf22f889a32,1.7773446581051796e+18
08d815c7-b66b-4e0f-86eb-cdf22f889a32,1.7773446581385226e+18
08d815c7-b66b-4e0f-86eb-cdf22f889a32,1.7773446581718656e+18
08d815c7-b66b-4e0f-86eb-cdf22f889a32,1.7773446582052086e+18
08d815c7-b66b-4e0f-86eb-cdf22f889a32,1.7773446582385516e+18
08d815c7-b66b-4e0f-86eb-cdf22f889a32,1.7773446582718948e+18
08d815c7-b66b-4e0f-86eb-cdf22f889a32,1.7773446583052378e+18
08d815c7-b66b-4e0f-86eb-cdf22f889a32,1.7773446583385807e+18
08d815c7-b66b-4e0f-86eb-cdf22f889a32,1.7773446583719237e+18
08d815c7-b66b-4e0f-86eb-cdf22f889a32,1.7773446584052667e+18
08d815c7-b66b-4e0f-86eb-cdf22f889a32,1.7773446584386097e+18
08d815c7-b66b-4e0f-86eb-cdf22f889a32,1.7773446584719526e+18
08d815c7-b66b-4e0f-86eb-cdf22f889a32,1.7773446585052956e+18
08d815c7-b66b-4e0f-86eb-cdf22f889a32,1.7773446585386386e+18
08d815c7-b66b-4e0f-86eb-cdf22f889a32,1.7773446585719816e+18
08d815c7-b66b-4e0f-86eb-cdf22f889a32,1.7773446586053248e+18
08d815c7-b66b-4e0f-86eb-cdf22f889a32,1.7773446586386678e+18
08d815c7-b66b-4e0f-86eb-cdf22f889a32,1.7773446586720118e+18
08d815c7-b66b-4e0f-86eb-cdf22f889a32,1.7773446587053548e+18
08d815c7-b66b-4e0f-86eb-cdf22f889a32,1.7773446587386977e+18
08d815c7-b66b-4e0f-86eb-cdf22f889a32,1.7773446587720407e+18
08d815c7-b66b-4e0f-86eb-cdf22f889a32,1.7773446588053837e+18
08d815c7-b66b-4e0f-86eb-cdf22f889a32,1.7773446588387267e+18
08d815c7-b66b-4e0f-86eb-cdf22f889a32,1.7773446588720696e+18
08d815c7-b66b-4e0f-86eb-cdf22f889a32,1.7773446589054126e+18
08d815c7-b66b-4e0f-86eb-cdf22f889a32,1.7773446589387556e+18
08d815c7-b66b-4e0f-86eb-cdf22f889a32,1.7773446589720986e+18
08d815c7-b66b-4e0f-86eb-cdf22f889a32,1.7773446590054418e+18
08d815c7-b66b-4e0f-86eb-cdf22f889a32,1.7773446590387848e+18
08d815c7-b66b-4e0f-86eb-cdf22f889a32,1.7773446590721277e+18
08d815c7-b66b-4e0f-86eb-cdf22f889a32,1.7773446591054707e+18
08d815c7-b66b-4e0f-86eb-cdf22f889a32,1.7773446591388137e+18
08d815c7-b66b-4e0f-86eb-cdf22f889a32,1.7773446591721567e+18
08d815c7-b66b-4e0f-86eb-cdf22f889a32,1.7773446592054996e+18
08d815c7-b66b-4e0f-86eb-cdf22f889a32,1.7773446592388426e+18
08d815c7-b66b-4e0f-86eb-cdf22f889a32,1.7773446592721856e+18
08d815c7-b66b-4e0f-86eb-cdf22f889a32,1.7773446593055286e+18
08d815c7-b66b-4e0f-86eb-cdf22f889a32,1.7773446593388716e+18
08d815c7-b66b-4e0f-86eb-cdf22f889a32,1.7773446593722148e+18
08d815c7-b66b-4e0f-86eb-cdf22f889a32,1.7773446594055578e+18
08d815c7-b66b-4e0f-86eb-cdf22f889a32,1.7773446594389007e+18
08d815c7-b66b-4e0f-86eb-cdf22f889a32,1.7773446594722447e+18
08d815c7-b66b-4e0f-86eb-cdf22f889a32,1.7773446595055877e+18
08d815c7-b66b-4e0f-86eb-cdf22f889a32,1.7773446595389307e+18
08d815c7-b66b-4e0f-86eb-cdf22f889a32,1.7773446595722737e+18
08d815c7-b66b-4e0f-86eb-cdf22f889a32,1.7773446596056166e+18
08d815c7-b66b-4e0f-86eb-cdf22f889a32,1.7773446596389596e+18
08d815c7-b66b-4e0f-86eb-cdf22f889a32,1.7773446596723026e+18
08d815c7-b66b-4e0f-86eb-cdf22f889a32,1.7773446597056456e+18
08d815c7-b66b-4e0f-86eb-cdf22f889a32,1.7773446597389888e+18
08d815c7-b66b-4e0f-86eb-cdf22f889a32,1.7773446597723318e+18
08d815c7-b66b-4e0f-86eb-cdf22f889a32,1.7773446598056748e+18
08d815c7-b66b-4e0f-86eb-cdf22f889a32,1.7773446598390177e+18
08d815c7-b66b-4e0f-86eb-cdf22f889a32,1.7773446598723607e+18
08d815c7-b66b-4e0f-86eb-cdf22f889a32,1.7773446599057037e+18
08d815c7-b66b-4e0f-86eb-cdf22f889a32,1.7773446599390467e+18
08d815c7-b66b-4e0f-86eb-cdf22f889a32,1.7773446599723896e+18
08d815c7-b66b-4e0f-86eb-cdf22f889a32,1.7773446600057326e+18
08d815c7-b66b-4e0f-86eb-cdf22f889a32,1.7773446600390756e+18
08d815c7-b66b-4e0f-86eb-cdf22f889a32,1.7773446600724186e+18
08d815c7-b66b-4e0f-86eb-cdf22f889a32,1.7773446601057618e+18
08d815c7-b66b-4e0f-86eb-cdf22f889a32,1.7773446601391048e+18
08d815c7-b66b-4e0f-86eb-cdf22f889a32,1.7773446601724477e+18
08d815c7-b66b-4e0f-86eb-cdf22f889a32,1.7773446602057907e+18
08d815c7-b66b-4e0f-86eb-cdf22f889a32,1.7773446602391337e+18
08d815c7-b66b-4e0f-86eb-cdf22f889a32,1.7773446602724777e+18
08d815c7-b66b-4e0f-86eb-cdf22f889a32,1.7773446603058207e+18
08d815c7-b66b-4e0f-86eb-cdf22f889a32,1.7773446603391636e+18
08d815c7-b66b-4e0f-86eb-cdf22f889a32,1.7773446603725066e+18
08d815c7-b66b-4e0f-86eb-cdf22f889a32,1.7773446604058496e+18
08d815c7-b66b-4e0f-86eb-cdf22f889a32,1.7773446604391926e+18
08d815c7-b66b-4e0f-86eb-cdf22f889a32,1.7773446604725356e+18
08d815c7-b66b-4e0f-86eb-cdf22f889a32,1.7773446605058788e+18
08d815c7-b66b-4e0f-86eb-cdf22f889a32,1.7773446605392218e+18
08d815c7-b66b-4e0f-86eb-cdf22f889a32,1.7773446605725647e+18
08d815c7-b66b-4e0f-86eb-cdf22f889a32,1.7773446606059077e+18
08d815c7-b66b-4e0f-86eb-cdf22f889a32,1.7773446606392507e+18
08d815c7-b66b-4e0f-86eb-cdf22f889a32,1.7773446606725937e+18
08d815c7-b66b-4e0f-86eb-cdf22f889a32,1.7773446607059366e+18
08d815c7-b66b-4e0f-86eb-cdf22f889a32,1.7773446607392796e+18
08d815c7-b66b-4e0f-86eb-cdf22f889a32,1.7773446607726226e+18
08d815c7-b66b-4e0f-86eb-cdf22f889a32,1.7773446608059656e+18
08d815c7-b66b-4e0f-86eb-cdf22f889a32,1.7773446608393088e+18
08d815c7-b66b-4e0f-86eb-cdf22f889a32,1.7773446608726518e+18
08d815c7-b66b-4e0f-86eb-cdf22f889a32,1.7773446609059948e+18
08d815c7-b66b-4e0f-86eb-cdf22f889a32,1.7773446609393377e+18
08d815c7-b66b-4e0f-86eb-cdf22f889a32,1.7773446609726807e+18
08d815c7-b66b-4e0f-86eb-cdf22f889a32,1.7773446610060237e+18
08d815c7-b66b-4e0f-86eb-cdf22f889a32,1.7773446610393667e+18
08d815c7-b66b-4e0f-86eb-cdf22f889a32,1.7773446610727107e+18
08d815c7-b66b-4e0f-86eb-cdf22f889a32,1.7773446611060536e+18
08d815c7-b66b-4e0f-86eb-cdf22f889a32,1.7773446611393966e+18
08d815c7-b66b-4e0f-86eb-cdf22f889a32,1.7773446611727396e+18
08d815c7-b66b-4e0f-86eb-cdf22f889a32,1.7773446612060826e+18
08d815c7-b66b-4e0f-86eb-cdf22f889a32,1.7773446612394258e+18
08d815c7-b66b-4e0f-86eb-cdf22f889a32,1.7773446612727688e+18
08d815c7-b66b-4e0f-86eb-cdf22f889a32,1.7773446613061117e+18
08d815c7-b66b-4e0f-86eb-cdf22f889a32,1.7773446613394547e+18
08d815c7-b66b-4e0f-86eb-cdf22f889a32,1.7773446613727977e+18
08d815c7-b66b-4e0f-86eb-cdf22f889a32,1.7773446614061407e+18
08d815c7-b66b-4e0f-86eb-cdf22f889a32,1.7773446614394836e+18
08d815c7-b66b-4e0f-86eb-cdf22f889a32,1.7773446614728266e+18
08d815c7-b66b-4e0f-86eb-cdf22f889a32,1.7773446615061696e+18
08d815c7-b66b-4e0f-86eb-cdf22f889a32,1.7773446615395126e+18
08d815c7-b66b-4e0f-86eb-cdf22f889a32,1.7773446615728556e+18
08d815c7-b66b-4e0f-86eb-cdf22f889a32,1.7773446616061988e+18
08d815c7-b66b-4e0f-86eb-cdf22f889a32,1.7773446616395418e+18
08d815c7-b66b-4e0f-86eb-cdf22f889a32,1.7773446616728847e+18
08d815c7-b66b-4e0f-86eb-cdf22f889a32,1.7773446617062277e+18
08d815c7-b66b-4e0f-86eb-cdf22f889a32,1.7773446617395707e+18
08d815c7-b66b-4e0f-86eb-cdf22f889a32,1.7773446617729137e+18
08d815c7-b66b-4e0f-86eb-cdf22f889a32,1.7773446618062566e+18
08d815c7-b66b-4e0f-86eb-cdf22f889a32,1.7773446618396006e+18
08d815c7-b66b-4e0f-86eb-cdf22f889a32,1.7773446618729436e+18
08d815c7-b66b-4e0f-86eb-cdf22f889a32,1.7773446619062866e+18
08d815c7-b66b-4e0f-86eb-cdf22f889a32,1.7773446619396296e+18
08d815c7-b66b-4e0f-86eb-cdf22f889a32,1.7773446619729728e+18
08d815c7-b66b-4e0f-86eb-cdf22f889a32,1.7773446620063158e+18
08d815c7-b66b-4e0f-86eb-cdf22f889a32,1.7773446620396588e+18
08d815c7-b66b-4e0f-86eb-cdf22f889a32,1.7773446620730017e+18
08d815c7-b66b-4e0f-86eb-cdf22f889a32,1.7773446621063447e+18
08d815c7-b66b-4e0f-86eb-cdf22f889a32,1.7773446621396877e+18
08d815c7-b66b-4e0f-86eb-cdf22f889a32,1.7773446621730307e+18
08d815c7-b66b-4e0f-86eb-cdf22f889a32,1.7773446622063736e+18
08d815c7-b66b-4e0f-86eb-cdf22f889a32,1.7773446622397166e+18
08d815c7-b66b-4e0f-86eb-cdf22f889a32,1.7773446622730596e+18
08d815c7-b66b-4e0f-86eb-cdf22f889a32,1.7773446623064026e+18
08d815c7-b66b-4e0f-86eb-cdf22f889a32,1.7773446623397458e+18
08d815c7-b66b-4e0f-86eb-cdf22f889a32,1.7773446623730888e+18
08d815c7-b66b-4e0f-86eb-cdf22f889a32,1.7773446624064317e+18
08d815c7-b66b-4e0f-86eb-cdf22f889a32,1.7773446624397747e+18
08d815c7-b66b-4e0f-86eb-cdf22f889a32,1.7773446624731177e+18
08d815c7-b66b-4e0f-86eb-cdf22f889a32,1.7773446625064607e+18
08d815c7-b66b-4e0f-86eb-cdf22f889a32,1.7773446625398036e+18
08d815c7-b66b-4e0f-86eb-cdf22f889a32,1.7773446625731466e+18
08d815c7-b66b-4e0f-86eb-cdf22f889a32,1.7773446626064896e+18
08d815c7-b66b-4e0f-86eb-cdf22f889a32,1.7773446626398336e+18
08d815c7-b66b-4e0f-86eb-cdf22f889a32,1.7773446626731766e+18
08d815c7-b66b-4e0f-86eb-cdf22f889a32,1.7773446627065196e+18
08d815c7-b66b-4e0f-86eb-cdf22f889a32,1.7773446627398628e+18
08d815c7-b66b-4e0f-86eb-cdf22f889a32,1.7773446627732058e+18
08d815c7-b66b-4e0f-86eb-cdf22f889a32,1.7773446628065487e+18
08d815c7-b66b-4e0f-86eb-cdf22f889a32,1.7773446628398917e+18
08d815c7-b66b-4e0f-86eb-cdf22f889a32,1.7773446628732347e+18
08d815c7-b66b-4e0f-86eb-cdf22f889a32,1.7773446629065777e+18
08d815c7-b66b-4e0f-86eb-cdf22f889a32,1.7773446629399206e+18
08d815c7-b66b-4e0f-86eb-cdf22f889a32,1.7773446629732636e+18
08d815c7-b66b-4e0f-86eb-cdf22f889a32,1.7773446630066066e+18
08d815c7-b66b-4e0f-86eb-cdf22f889a32,1.7773446630399496e+18
08d815c7-b66b-4e0f-86eb-cdf22f889a32,1.7773446630732928e+18
08d815c7-b66b-4e0f-86eb-cdf22f889a32,1.7773446631066358e+18
08d815c7-b66b-4e0f-86eb-cdf22f889a32,1.7773446631399788e+18
08d815c7-b66b-4e0f-86eb-cdf22f889a32,1.7773446631733217e+18
08d815c7-b66b-4e0f-86eb-cdf22f889a32,1.7773446632066647e+18
08d815c7-b66b-4e0f-86eb-cdf22f889a32,1.7773446632400077e+18
08d815c7-b66b-4e0f-86eb-cdf22f889a32,1.7773446632733507e+18
08d815c7-b66b-4e0f-86eb-cdf22f889a32,1.7773446633066936e+18
08d815c7-b66b-4e0f-86eb-cdf22f889a32,1.7773446633400366e+18
08d815c7-b66b-4e0f-86eb-cdf22f889a32,1.7773446633733796e+18
08d815c7-b66b-4e0f-86eb-cdf22f889a32,1.7773446634067236e+18
08d815c7-b66b-4e0f-86eb-cdf22f889a32,1.7773446634400666e+18
08d815c7-b66b-4e0f-86eb-cdf22f889a32,1.7773446634734098e+18
08d815c7-b66b-4e0f-86eb-cdf22f889a32,1.7773446635067528e+18
08d815c7-b66b-4e0f-86eb-cdf22f889a32,1.7773446635400957e+18
08d815c7-b66b-4e0f-86eb-cdf22f889a32,1.7773446635734387e+18
08d815c7-b66b-4e0f-86eb-cdf22f889a32,1.7773446636067817e+18
08d815c7-b66b-4e0f-86eb-cdf22f889a32,1.7773446636401247e+18
08d815c7-b66b-4e0f-86eb-cdf22f889a32,1.7773446636734676e+18
08d815c7-b66b-4e0f-86eb-cdf22f889a32,1.7773446637068106e+18
08d815c7-b66b-4e0f-86eb-cdf22f889a32,1.7773446637401536e+18
08d815c7-b66b-4e0f-86eb-cdf22f889a32,1.7773446637734966e+18
08d815c7-b66b-4e0f-86eb-cdf22f889a32,1.7773446638068396e+18
08d815c7-b66b-4e0f-86eb-cdf22f889a32,1.7773446638401828e+18
08d815c7-b66b-4e0f-86eb-cdf22f889a32,1.7773446638735258e+18
08d815c7-b66b-4e0f-86eb-cdf22f889a32,1.7773446639068687e+18
08d815c7-b66b-4e0f-86eb-cdf22f889a32,1.7773446639402117e+18
08d815c7-b66b-4e0f-86eb-cdf22f889a32,1.7773446639735547e+18
08d815c7-b66b-4e0f-86eb-cdf22f889a32,1.7773446640068977e+18
08d815c7-b66b-4e0f-86eb-cdf22f889a32,1.7773446640402406e+18
08d815c7-b66b-4e0f-86eb-cdf22f889a32,1.7773446640735836e+18
08d815c7-b66b-4e0f-86eb-cdf22f889a32,1.7773446641069266e+18
08d815c7-b66b-4e0f-86eb-cdf22f889a32,1.7773446641402696e+18
08d815c7-b66b-4e0f-86eb-cdf22f889a32,1.7773446641736128e+18
08d815c7-b66b-4e0f-86eb-cdf22f889a32,1.7773446642069568e+18
08d815c7-b66b-4e0f-86eb-cdf22f889a32,1.7773446642402998e+18
08d815c7-b66b-4e0f-86eb-cdf22f889a32,1.7773446642736428e+18
08d815c7-b66b-4e0f-86eb-cdf22f889a32,1.7773446643069857e+18
08d815c7-b66b-4e0f-86eb-cdf22f889a32,1.7773446643403287e+18
08d815c7-b66b-4e0f-86eb-cdf22f889a32,1.7773446643736717e+18
08d815c7-b66b-4e0f-86eb-cdf22f889a32,1.7773446644070147e+18
08d815c7-b66b-4e0f-86eb-cdf22f889a32,1.7773446644403576e+18
08d815c7-b66b-4e0f-86eb-cdf22f889a32,1.7773446644737006e+18
08d815c7-b66b-4e0f-86eb-cdf22f889a32,1.7773446645070436e+18
08d815c7-b66b-4e0f-86eb-cdf22f889a32,1.7773446645403866e+18
08d815c7-b66b-4e0f-86eb-cdf22f889a32,1.7773446645737298e+18
08d815c7-b66b-4e0f-86eb-cdf22f889a32,1.7773446646070728e+18
08d815c7-b66b-4e0f-86eb-cdf22f889a32,1.7773446646404157e+18
08d815c7-b66b-4e0f-86eb-cdf22f889a32,1.7773446646737587e+18
08d815c7-b66b-4e0f-86eb-cdf22f889a32,1.7773446647071017e+18
08d815c7-b66b-4e0f-86eb-cdf22f889a32,1.7773446647404447e+18
08d815c7-b66b-4e0f-86eb-cdf22f889a32,1.7773446647737876e+18
08d815c7-b66b-4e0f-86eb-cdf22f889a32,1.7773446648071306e+18
08d815c7-b66b-4e0f-86eb-cdf22f889a32,1.7773446648404736e+18
08d815c7-b66b-4e0f-86eb-cdf22f889a32,1.7773446648738166e+18
08d815c7-b66b-4e0f-86eb-cdf22f889a32,1.7773446649071596e+18
08d815c7-b66b-4e0f-86eb-cdf22f889a32,1.7773446649405028e+18
08d815c7-b66b-4e0f-86eb-cdf22f889a32,1.7773446649738458e+18
08d815c7-b66b-4e0f-86eb-cdf22f889a32,1.7773446650071898e+18
08d815c7-b66b-4e0f-86eb-cdf22f889a32,1.7773446650405327e+18
08d815c7-b66b-4e0f-86eb-cdf22f889a32,1.7773446650738757e+18
08d815c7-b66b-4e0f-86eb-cdf22f889a32,1.7773446651072187e+18
08d815c7-b66b-4e0f-86eb-cdf22f889a32,1.7773446651405617e+18
08d815c7-b66b-4e0f-86eb-cdf22f889a32,1.7773446651739046e+18
08d815c7-b66b-4e0f-86eb-cdf22f889a32,1.7773446652072476e+18
08d815c7-b66b-4e0f-86eb-cdf22f889a32,1.7773446652405906e+18
08d815c7-b66b-4e0f-86eb-cdf22f889a32,1.7773446652739336e+18
08d815c7-b66b-4e0f-86eb-cdf22f889a32,1.7773446653072768e+18
08d815c7-b66b-4e0f-86eb-cdf22f889a32,1.7773446653406198e+18
08d815c7-b66b-4e0f-86eb-cdf22f889a32,1.7773446653739628e+18
08d815c7-b66b-4e0f-86eb-cdf22f889a32,1.7773446654073057e+18
08d815c7-b66b-4e0f-86eb-cdf22f889a32,1.7773446654406487e+18
08d815c7-b66b-4e0f-86eb-cdf22f889a32,1.7773446654739917e+18
08d815c7-b66b-4e0f-86eb-cdf22f889a32,1.7773446655073347e+18
08d815c7-b66b-4e0f-86eb-cdf22f889a32,1.7773446655406776e+18
08d815c7-b66b-4e0f-86eb-cdf22f889a32,1.7773446655740206e+18
08d815c7-b66b-4e0f-86eb-cdf22f889a32,1.7773446656073636e+18
08d815c7-b66b-4e0f-86eb-cdf22f889a32,1.7773446656407066e+18
08d815c7-b66b-4e0f-86eb-cdf22f889a32,1.7773446656740498e+18
08d815c7-b66b-4e0f-86eb-cdf22f889a32,1.7773446657073928e+18
08d815c7-b66b-4e0f-86eb-cdf22f889a32,1.7773446657407357e+18
08d815c7-b66b-4e0f-86eb-cdf22f889a32,1.7773446657740787e+18
08d815c7-b66b-4e0f-86eb-cdf22f889a32,1.7773446658074227e+18
08d815c7-b66b-4e0f-86eb-cdf22f889a32,1.7773446658407657e+18
08d815c7-b66b-4e0f-86eb-cdf22f889a32,1.7773446658741087e+18
08d815c7-b66b-4e0f-86eb-cdf22f889a32,1.7773446659074516e+18
08d815c7-b66b-4e0f-86eb-cdf22f889a32,1.7773446659407946e+18
08d815c7-b66b-4e0f-86eb-cdf22f889a32,1.7773446659741376e+18
08d815c7-b66b-4e0f-86eb-cdf22f889a32,1.7773446660074806e+18
08d815c7-b66b-4e0f-86eb-cdf22f889a32,1.7773446660408236e+18
08d815c7-b66b-4e0f-86eb-cdf22f889a32,1.7773446660741668e+18
08d815c7-b66b-4e0f-86eb-cdf22f889a32,1.7773446661075098e+18
08d815c7-b66b-4e0f-86eb-cdf22f889a32,1.7773446661408527e+18
08d815c7-b66b-4e0f-86eb-cdf22f889a32,1.7773446661741957e+18
08d815c7-b66b-4e0f-86eb-cdf22f889a32,1.7773446662075387e+18
08d815c7-b66b-4e0f-86eb-cdf22f889a32,1.7773446662408817e+18
08d815c7-b66b-4e0f-86eb-cdf22f889a32,1.7773446662742246e+18
08d815c7-b66b-4e0f-86eb-cdf22f889a32,1.7773446663075676e+18
08d815c7-b66b-4e0f-86eb-cdf22f889a32,1.7773446663409106e+18
08d815c7-b66b-4e0f-86eb-cdf22f889a32,1.7773446663742536e+18
08d815c7-b66b-4e0f-86eb-cdf22f889a32,1.7773446664075968e+18
08d815c7-b66b-4e0f-86eb-cdf22f889a32,1.7773446664409398e+18
08d815c7-b66b-4e0f-86eb-cdf22f889a32,1.7773446664742828e+18
08d815c7-b66b-4e0f-86eb-cdf22f889a32,1.7773446665076257e+18
08d815c7-b66b-4e0f-86eb-cdf22f889a32,1.7773446665409687e+18
08d815c7-b66b-4e0f-86eb-cdf22f889a32,1.7773446665743117e+18
08d815c7-b66b-4e0f-86eb-cdf22f889a32,1.7773446666076557e+18
08d815c7-b66b-4e0f-86eb-cdf22f889a32,1.7773446666409987e+18
08d815c7-b66b-4e0f-86eb-cdf22f889a32,1.7773446666743416e+18
08d815c7-b66b-4e0f-86eb-cdf22f889a32,1.7773446667076846e+18
08d815c7-b66b-4e0f-86eb-cdf22f889a32,1.7773446667410276e+18
08d815c7-b66b-4e0f-86eb-cdf22f889a32,1.7773446667743706e+18
08d815c7-b66b-4e0f-86eb-cdf22f889a32,1.7773446668077138e+18
08d815c7-b66b-4e0f-86eb-cdf22f889a32,1.7773446668410568e+18
08d815c7-b66b-4e0f-86eb-cdf22f889a32,1.7773446668743997e+18
08d815c7-b66b-4e0f-86eb-cdf22f889a32,1.7773446669077427e+18
08d815c7-b66b-4e0f-86eb-cdf22f889a32,1.7773446669410857e+18
08d815c7-b66b-4e0f-86eb-cdf22f889a32,1.7773446669744287e+18
08d815c7-b66b-4e0f-86eb-cdf22f889a32,1.7773446670077716e+18
08d815c7-b66b-4e0f-86eb-cdf22f889a32,1.7773446670411146e+18
08d815c7-b66b-4e0f-86eb-cdf22f889a32,1.7773446670744576e+18
08d815c7-b66b-4e0f-86eb-cdf22f889a32,1.7773446671078006e+18
08d815c7-b66b-4e0f-86eb-cdf22f889a32,1.7773446671411436e+18
08d815c7-b66b-4e0f-86eb-cdf22f889a32,1.7773446671744868e+18
08d815c7-b66b-4e0f-86eb-cdf22f889a32,1.7773446672078298e+18
08d815c7-b66b-4e0f-86eb-cdf22f889a32,1.7773446672411727e+18
08d815c7-b66b-4e0f-86eb-cdf22f889a32,1.7773446672745157e+18
08d815c7-b66b-4e0f-86eb-cdf22f889a32,1.7773446673078587e+18
08d815c7-b66b-4e0f-86eb-cdf22f889a32,1.7773446673412017e+18
08d815c7-b66b-4e0f-86eb-cdf22f889a32,1.7773446673745446e+18
08d815c7-b66b-4e0f-86eb-cdf22f889a32,1.7773446674078886e+18
08d815c7-b66b-4e0f-86eb-cdf22f889a32,1.7773446674412316e+18
08d815c7-b66b-4e0f-86eb-cdf22f889a32,1.7773446674745746e+18
08d815c7-b66b-4e0f-86eb-cdf22f889a32,1.7773446675079176e+18
08d815c7-b66b-4e0f-86eb-cdf22f889a32,1.7773446675412608e+18
08d815c7-b66b-4e0f-86eb-cdf22f889a32,1.7773446675746038e+18
08d815c7-b66b-4e0f-86eb-cdf22f889a32,1.7773446676079468e+18
08d815c7-b66b-4e0f-86eb-cdf22f889a32,1.7773446676412897e+18
08d815c7-b66b-4e0f-86eb-cdf22f889a32,1.7773446676746327e+18
08d815c7-b66b-4e0f-86eb-cdf22f889a32,1.7773446677079757e+18
08d815c7-b66b-4e0f-86eb-cdf22f889a32,1.7773446677413187e+18
08d815c7-b66b-4e0f-86eb-cdf22f889a32,1.7773446677746616e+18
08d815c7-b66b-4e0f-86eb-cdf22f889a32,1.7773446678080046e+18
08d815c7-b66b-4e0f-86eb-cdf22f889a32,1.7773446678413476e+18
08d815c7-b66b-4e0f-86eb-cdf22f889a32,1.7773446678746906e+18
08d815c7-b66b-4e0f-86eb-cdf22f889a32,1.7773446679080338e+18
08d815c7-b66b-4e0f-86eb-cdf22f889a32,1.7773446679413768e+18
08d815c7-b66b-4e0f-86eb-cdf22f889a32,1.7773446679747197e+18
08d815c7-b66b-4e0f-86eb-cdf22f889a32,1.7773446680080627e+18
08d815c7-b66b-4e0f-86eb-cdf22f889a32,1.7773446680414057e+18
08d815c7-b66b-4e0f-86eb-cdf22f889a32,1.7773446680747487e+18
08d815c7-b66b-4e0f-86eb-cdf22f889a32,1.7773446681080916e+18
08d815c7-b66b-4e0f-86eb-cdf22f889a32,1.7773446681414356e+18
08d815c7-b66b-4e0f-86eb-cdf22f889a32,1.7773446681747776e+18
08d815c7-b66b-4e0f-86eb-cdf22f889a32,1.7773446682081216e+18
08d815c7-b66b-4e0f-86eb-cdf22f889a32,1.7773446682414646e+18
08d815c7-b66b-4e0f-86eb-cdf22f889a32,1.7773446682748076e+18
08d815c7-b66b-4e0f-86eb-cdf22f889a32,1.7773446683081508e+18
08d815c7-b66b-4e0f-86eb-cdf22f889a32,1.7773446683414938e+18
08d815c7-b66b-4e0f-86eb-cdf22f889a32,1.7773446683748367e+18
08d815c7-b66b-4e0f-86eb-cdf22f889a32,1.7773446684081797e+18
08d815c7-b66b-4e0f-86eb-cdf22f889a32,1.7773446684415227e+18
08d815c7-b66b-4e0f-86eb-cdf22f889a32,1.7773446684748657e+18
08d815c7-b66b-4e0f-86eb-cdf22f889a32,1.7773446685082086e+18
08d815c7-b66b-4e0f-86eb-cdf22f889a32,1.7773446685415516e+18
08d815c7-b66b-4e0f-86eb-cdf22f889a32,1.7773446685748946e+18
08d815c7-b66b-4e0f-86eb-cdf22f889a32,1.7773446686082376e+18
08d815c7-b66b-4e0f-86eb-cdf22f889a32,1.7773446686415808e+18
08d815c7-b66b-4e0f-86eb-cdf22f889a32,1.7773446686749238e+18
08d815c7-b66b-4e0f-86eb-cdf22f889a32,1.7773446687082668e+18
08d815c7-b66b-4e0f-86eb-cdf22f889a32,1.7773446687416097e+18
08d815c7-b66b-4e0f-86eb-cdf22f889a32,1.7773446687749527e+18
08d815c7-b66b-4e0f-86eb-cdf22f889a32,1.7773446688082957e+18
08d815c7-b66b-4e0f-86eb-cdf22f889a32,1.7773446688416387e+18
08d815c7-b66b-4e0f-86eb-cdf22f889a32,1.7773446688749816e+18
08d815c7-b66b-4e0f-86eb-cdf22f889a32,1.7773446689083246e+18
08d815c7-b66b-4e0f-86eb-cdf22f889a32,1.7773446689416676e+18
08d815c7-b66b-4e0f-86eb-cdf22f889a32,1.7773446689750106e+18
08d815c7-b66b-4e0f-86eb-cdf22f889a32,1.7773446690083546e+18
08d815c7-b66b-4e0f-86eb-cdf22f889a32,1.7773446690416978e+18
08d815c7-b66b-4e0f-86eb-cdf22f889a32,1.7773446690750408e+18
08d815c7-b66b-4e0f-86eb-cdf22f889a32,1.7773446691083837e+18
08d815c7-b66b-4e0f-86eb-cdf22f889a32,1.7773446691417267e+18
08d815c7-b66b-4e0f-86eb-cdf22f889a32,1.7773446691750697e+18
08d815c7-b66b-4e0f-86eb-cdf22f889a32,1.7773446692084127e+18
08d815c7-b66b-4e0f-86eb-cdf22f889a32,1.7773446692417556e+18
08d815c7-b66b-4e0f-86eb-cdf22f889a32,1.7773446692750986e+18
08d815c7-b66b-4e0f-86eb-cdf22f889a32,1.7773446693084416e+18
08d815c7-b66b-4e0f-86eb-cdf22f889a32,1.7773446693417846e+18
08d815c7-b66b-4e0f-86eb-cdf22f889a32,1.7773446693751276e+18
08d815c7-b66b-4e0f-86eb-cdf22f889a32,1.7773446694084708e+18
08d815c7-b66b-4e0f-86eb-cdf22f889a32,1.7773446694418138e+18
08d815c7-b66b-4e0f-86eb-cdf22f889a32,1.7773446694751567e+18
08d815c7-b66b-4e0f-86eb-cdf22f889a32,1.7773446695084997e+18
08d815c7-b66b-4e0f-86eb-cdf22f889a32,1.7773446695418427e+18
08d815c7-b66b-4e0f-86eb-cdf22f889a32,1.7773446695751857e+18
08d815c7-b66b-4e0f-86eb-cdf22f889a32,1.7773446696085286e+18
08d815c7-b66b-4e0f-86eb-cdf22f889a32,1.7773446696418716e+18
08d815c7-b66b-4e0f-86eb-cdf22f889a32,1.7773446696752146e+18
08d815c7-b66b-4e0f-86eb-cdf22f889a32,1.7773446697085576e+18
08d815c7-b66b-4e0f-86eb-cdf22f889a32,1.7773446697419016e+18
08d815c7-b66b-4e0f-86eb-cdf22f889a32,1.7773446697752438e+18
08d815c7-b66b-4e0f-86eb-cdf22f889a32,1.7773446698085878e+18
08d815c7-b66b-4e0f-86eb-cdf22f889a32,1.7773446698419308e+18
08d815c7-b66b-4e0f-86eb-cdf22f889a32,1.7773446698752737e+18
08d815c7-b66b-4e0f-86eb-cdf22f889a32,1.7773446699086167e+18
08d815c7-b66b-4e0f-86eb-cdf22f889a32,1.7773446699419597e+18
08d815c7-b66b-4e0f-86eb-cdf22f889a32,1.7773446699753027e+18
08d815c7-b66b-4e0f-86eb-cdf22f889a32,1.7773446700086456e+18
08d815c7-b66b-4e0f-86eb-cdf22f889a32,1.7773446700419886e+18
08d815c7-b66b-4e0f-86eb-cdf22f889a32,1.7773446700753316e+18
08d815c7-b66b-4e0f-86eb-cdf22f889a32,1.7773446701086746e+18
08d815c7-b66b-4e0f-86eb-cdf22f889a32,1.7773446701420178e+18
08d815c7-b66b-4e0f-86eb-cdf22f889a32,1.7773446701753608e+18
08d815c7-b66b-4e0f-86eb-cdf22f889a32,1.7773446702087037e+18
08d815c7-b66b-4e0f-86eb-cdf22f889a32,1.7773446702420467e+18
08d815c7-b66b-4e0f-86eb-cdf22f889a32,1.7773446702753897e+18
08d815c7-b66b-4e0f-86eb-cdf22f889a32,1.7773446703087327e+18
08d815c7-b66b-4e0f-86eb-cdf22f889a32,1.7773446703420756e+18
08d815c7-b66b-4e0f-86eb-cdf22f889a32,1.7773446703754186e+18
08d815c7-b66b-4e0f-86eb-cdf22f889a32,1.7773446704087616e+18
08d815c7-b66b-4e0f-86eb-cdf22f889a32,1.7773446704421046e+18
08d815c7-b66b-4e0f-86eb-cdf22f889a32,1.7773446704754476e+18
08d815c7-b66b-4e0f-86eb-cdf22f889a32,1.7773446705087908e+18
08d815c7-b66b-4e0f-86eb-cdf22f889a32,1.7773446705421348e+18
08d815c7-b66b-4e0f-86eb-cdf22f889a32,1.7773446705754767e+18
08d815c7-b66b-4e0f-86eb-cdf22f889a32,1.7773446706088207e+18
08d815c7-b66b-4e0f-86eb-cdf22f889a32,1.7773446706421637e+18
08d815c7-b66b-4e0f-86eb-cdf22f889a32,1.7773446706755067e+18
08d815c7-b66b-4e0f-86eb-cdf22f889a32,1.7773446707088497e+18
08d815c7-b66b-4e0f-86eb-cdf22f889a32,1.7773446707421926e+18
08d815c7-b66b-4e0f-86eb-cdf22f889a32,1.7773446707755356e+18
08d815c7-b66b-4e0f-86eb-cdf22f889a32,1.7773446708088786e+18
08d815c7-b66b-4e0f-86eb-cdf22f889a32,1.7773446708422216e+18
08d815c7-b66b-4e0f-86eb-cdf22f889a32,1.7773446708755648e+18
08d815c7-b66b-4e0f-86eb-cdf22f889a32,1.7773446709089078e+18
08d815c7-b66b-4e0f-86eb-cdf22f889a32,1.7773446709422508e+18
08d815c7-b66b-4e0f-86eb-cdf22f889a32,1.7773446709755937e+18
08d815c7-b66b-4e0f-86eb-cdf22f889a32,1.7773446710089367e+18
08d815c7-b66b-4e0f-86eb-cdf22f889a32,1.7773446710422797e+18
08d815c7-b66b-4e0f-86eb-cdf22f889a32,1.7773446710756227e+18
08d815c7-b66b-4e0f-86eb-cdf22f889a32,1.7773446711089656e+18
08d815c7-b66b-4e0f-86eb-cdf22f889a32,1.7773446711423086e+18
08d815c7-b66b-4e0f-86eb-cdf22f889a32,1.7773446711756516e+18
08d815c7-b66b-4e0f-86eb-cdf22f889a32,1.7773446712089946e+18
08d815c7-b66b-4e0f-86eb-cdf22f889a32,1.7773446712423378e+18
08d815c7-b66b-4e0f-86eb-cdf22f889a32,1.7773446712756808e+18
08d815c7-b66b-4e0f-86eb-cdf22f889a32,1.7773446713090237e+18
08d815c7-b66b-4e0f-86eb-cdf22f889a32,1.7773446713423677e+18
08d815c7-b66b-4e0f-86eb-cdf22f889a32,1.7773446713757107e+18
08d815c7-b66b-4e0f-86eb-cdf22f889a32,1.7773446714090537e+18
08d815c7-b66b-4e0f-86eb-cdf22f889a32,1.7773446714423967e+18
08d815c7-b66b-4e0f-86eb-cdf22f889a32,1.7773446714757396e+18
08d815c7-b66b-4e0f-86eb-cdf22f889a32,1.7773446715090826e+18
08d815c7-b66b-4e0f-86eb-cdf22f889a32,1.7773446715424256e+18
08d815c7-b66b-4e0f-86eb-cdf22f889a32,1.7773446715757686e+18
08d815c7-b66b-4e0f-86eb-cdf22f889a32,1.7773446716091116e+18
08d815c7-b66b-4e0f-86eb-cdf22f889a32,1.7773446716424548e+18
08d815c7-b66b-4e0f-86eb-cdf22f889a32,1.7773446716757978e+18
08d815c7-b66b-4e0f-86eb-cdf22f889a32,1.7773446717091407e+18
08d815c7-b66b-4e0f-86eb-cdf22f889a32,1.7773446717424837e+18
08d815c7-b66b-4e0f-86eb-cdf22f889a32,1.7773446717758267e+18
08d815c7-b66b-4e0f-86eb-cdf22f889a32,1.7773446718091697e+18
08d815c7-b66b-4e0f-86eb-cdf22f889a32,1.7773446718425126e+18
08d815c7-b66b-4e0f-86eb-cdf22f889a32,1.7773446718758556e+18
08d815c7-b66b-4e0f-86eb-cdf22f889a32,1.7773446719091986e+18
08d815c7-b66b-4e0f-86eb-cdf22f889a32,1.7773446719425416e+18
08d815c7-b66b-4e0f-86eb-cdf22f889a32,1.7773446719758848e+18
08d815c7-b66b-4e0f-86eb-cdf22f889a32,1.7773446720092278e+18
08d815c7-b66b-4e0f-86eb-cdf22f889a32,1.7773446720425708e+18
08d815c7-b66b-4e0f-86eb-cdf22f889a32,1.7773446720759137e+18
08d815c7-b66b-4e0f-86eb-cdf22f889a32,1.7773446721092567e+18
08d815c7-b66b-4e0f-86eb-cdf22f889a32,1.7773446721426007e+18
08d815c7-b66b-4e0f-86eb-cdf22f889a32,1.7773446721759437e+18
08d815c7-b66b-4e0f-86eb-cdf22f889a32,1.7773446722092867e+18
08d815c7-b66b-4e0f-86eb-cdf22f889a32,1.7773446722426296e+18
08d815c7-b66b-4e0f-86eb-cdf22f889a32,1.7773446722759726e+18
08d815c7-b66b-4e0f-86eb-cdf22f889a32,1.7773446723093156e+18
08d815c7-b66b-4e0f-86eb-cdf22f889a32,1.7773446723426586e+18
08d815c7-b66b-4e0f-86eb-cdf22f889a32,1.7773446723760018e+18
08d815c7-b66b-4e0f-86eb-cdf22f889a32,1.7773446724093448e+18
08d815c7-b66b-4e0f-86eb-cdf22f889a32,1.7773446724426877e+18
08d815c7-b66b-4e0f-86eb-cdf22f889a32,1.7773446724760307e+18
08d815c7-b66b-4e0f-86eb-cdf22f889a32,1.7773446725093737e+18
08d815c7-b66b-4e0f-86eb-cdf22f889a32,1.7773446725427167e+18
08d815c7-b66b-4e0f-86eb-cdf22f889a32,1.7773446725760596e+18
08d815c7-b66b-4e0f-86eb-cdf22f889a32,1.7773446726094026e+18
08d815c7-b66b-4e0f-86eb-cdf22f889a32,1.7773446726427456e+18
08d815c7-b66b-4e0f-86eb-cdf22f889a32,1.7773446726760886e+18
08d815c7-b66b-4e0f-86eb-cdf22f889a32,1.7773446727094316e+18
08d815c7-b66b-4e0f-86eb-cdf22f889a32,1.7773446727427748e+18
08d815c7-b66b-4e0f-86eb-cdf22f889a32,1.7773446727761178e+18
08d815c7-b66b-4e0f-86eb-cdf22f889a32,1.7773446728094607e+18
08d815c7-b66b-4e0f-86eb-cdf22f889a32,1.7773446728428037e+18
08d815c7-b66b-4e0f-86eb-cdf22f889a32,1.7773446728761467e+18
08d815c7-b66b-4e0f-86eb-cdf22f889a32,1.7773446729094897e+18
08d815c7-b66b-4e0f-86eb-cdf22f889a32,1.7773446729428337e+18
08d815c7-b66b-4e0f-86eb-cdf22f889a32,1.7773446729761766e+18
08d815c7-b66b-4e0f-86eb-cdf22f889a32,1.7773446730095196e+18
08d815c7-b66b-4e0f-86eb-cdf22f889a32,1.7773446730428626e+18
08d815c7-b66b-4e0f-86eb-cdf22f889a32,1.7773446730762056e+18
08d815c7-b66b-4e0f-86eb-cdf22f889a32,1.7773446731095488e+18
08d815c7-b66b-4e0f-86eb-cdf22f889a32,1.7773446731428918e+18
08d815c7-b66b-4e0f-86eb-cdf22f889a32,1.7773446731762348e+18
08d815c7-b66b-4e0f-86eb-cdf22f889a32,1.7773446732095777e+18
08d815c7-b66b-4e0f-86eb-cdf22f889a32,1.7773446732429207e+18
08d815c7-b66b-4e0f-86eb-cdf22f889a32,1.7773446732762637e+18
08d815c7-b66b-4e0f-86eb-cdf22f889a32,1.7773446733096067e+18
08d815c7-b66b-4e0f-86eb-cdf22f889a32,1.7773446733429496e+18
08d815c7-b66b-4e0f-86eb-cdf22f889a32,1.7773446733762926e+18
08d815c7-b66b-4e0f-86eb-cdf22f889a32,1.7773446734096356e+18
08d815c7-b66b-4e0f-86eb-cdf22f889a32,1.7773446734429786e+18
08d815c7-b66b-4e0f-86eb-cdf22f889a32,1.7773446734763218e+18
08d815c7-b66b-4e0f-86eb-cdf22f889a32,1.7773446735096648e+18
08d815c7-b66b-4e0f-86eb-cdf22f889a32,1.7773446735430077e+18
08d815c7-b66b-4e0f-86eb-cdf22f889a32,1.7773446735763507e+18
08d815c7-b66b-4e0f-86eb-cdf22f889a32,1.7773446736096937e+18
08d815c7-b66b-4e0f-86eb-cdf22f889a32,1.7773446736430367e+18
08d815c7-b66b-4e0f-86eb-cdf22f889a32,1.7773446736763796e+18
08d815c7-b66b-4e0f-86eb-cdf22f889a32,1.7773446737097226e+18
08d815c7-b66b-4e0f-86eb-cdf22f889a32,1.7773446737430666e+18
08d815c7-b66b-4e0f-86eb-cdf22f889a32,1.7773446737764096e+18
08d815c7-b66b-4e0f-86eb-cdf22f889a32,1.7773446738097526e+18
08d815c7-b66b-4e0f-86eb-cdf22f889a32,1.7773446738430956e+18
08d815c7-b66b-4e0f-86eb-cdf22f889a32,1.7773446738764388e+18
08d815c7-b66b-4e0f-86eb-cdf22f889a32,1.7773446739097818e+18
08d815c7-b66b-4e0f-86eb-cdf22f889a32,1.7773446739431247e+18
08d815c7-b66b-4e0f-86eb-cdf22f889a32,1.7773446739764677e+18
08d815c7-b66b-4e0f-86eb-cdf22f889a32,1.7773446740098107e+18
08d815c7-b66b-4e0f-86eb-cdf22f889a32,1.7773446740431537e+18
08d815c7-b66b-4e0f-86eb-cdf22f889a32,1.7773446740764966e+18
08d815c7-b66b-4e0f-86eb-cdf22f889a32,1.7773446741098396e+18
08d815c7-b66b-4e0f-86eb-cdf22f889a32,1.7773446741431826e+18
08d815c7-b66b-4e0f-86eb-cdf22f889a32,1.7773446741765256e+18
08d815c7-b66b-4e0f-86eb-cdf22f889a32,1.7773446742098688e+18
08d815c7-b66b-4e0f-86eb-cdf22f889a32,1.7773446742432118e+18
08d815c7-b66b-4e0f-86eb-cdf22f889a32,1.7773446742765548e+18
08d815c7-b66b-4e0f-86eb-cdf22f889a32,1.7773446743098977e+18
08d815c7-b66b-4e0f-86eb-cdf22f889a32,1.7773446743432407e+18
08d815c7-b66b-4e0f-86eb-cdf22f889a32,1.7773446743765837e+18
08d815c7-b66b-4e0f-86eb-cdf22f889a32,1.7773446744099267e+18
08d815c7-b66b-4e0f-86eb-cdf22f889a32,1.7773446744432696e+18
08d815c7-b66b-4e0f-86eb-cdf22f889a32,1.7773446744766126e+18
08d815c7-b66b-4e0f-86eb-cdf22f889a32,1.7773446745099556e+18
08d815c7-b66b-4e0f-86eb-cdf22f889a32,1.7773446745432996e+18
08d815c7-b66b-4e0f-86eb-cdf22f889a32,1.7773446745766426e+18
08d815c7-b66b-4e0f-86eb-cdf22f889a32,1.7773446746099858e+18
08d815c7-b66b-4e0f-86eb-cdf22f889a32,1.7773446746433288e+18
08d815c7-b66b-4e0f-86eb-cdf22f889a32,1.7773446746766717e+18
08d815c7-b66b-4e0f-86eb-cdf22f889a32,1.7773446747100147e+18
08d815c7-b66b-4e0f-86eb-cdf22f889a32,1.7773446747433577e+18
08d815c7-b66b-4e0f-86eb-cdf22f889a32,1.7773446747767007e+18
08d815c7-b66b-4e0f-86eb-cdf22f889a32,1.7773446748100436e+18
08d815c7-b66b-4e0f-86eb-cdf22f889a32,1.7773446748433866e+18
08d815c7-b66b-4e0f-86eb-cdf22f889a32,1.7773446748767296e+18
08d815c7-b66b-4e0f-86eb-cdf22f889a32,1.7773446749100726e+18
08d815c7-b66b-4e0f-86eb-cdf22f889a32,1.7773446749434156e+18
08d815c7-b66b-4e0f-86eb-cdf22f889a32,1.7773446749767588e+18
08d815c7-b66b-4e0f-86eb-cdf22f889a32,1.7773446750101018e+18
08d815c7-b66b-4e0f-86eb-cdf22f889a32,1.7773446750434447e+18
08d815c7-b66b-4e0f-86eb-cdf22f889a32,1.7773446750767877e+18
08d815c7-b66b-4e0f-86eb-cdf22f889a32,1.7773446751101307e+18
08d815c7-b66b-4e0f-86eb-cdf22f889a32,1.7773446751434737e+18
08d815c7-b66b-4e0f-86eb-cdf22f889a32,1.7773446751768166e+18
08d815c7-b66b-4e0f-86eb-cdf22f889a32,1.7773446752101596e+18
08d815c7-b66b-4e0f-86eb-cdf22f889a32,1.7773446752435026e+18
08d815c7-b66b-4e0f-86eb-cdf22f889a32,1.7773446752768456e+18
08d815c7-b66b-4e0f-86eb-cdf22f889a32,1.7773446753101896e+18
08d815c7-b66b-4e0f-86eb-cdf22f889a32,1.7773446753435328e+18
08d815c7-b66b-4e0f-86eb-cdf22f889a32,1.7773446753768758e+18
08d815c7-b66b-4e0f-86eb-cdf22f889a32,1.7773446754102188e+18
08d815c7-b66b-4e0f-86eb-cdf22f889a32,1.7773446754435617e+18
08d815c7-b66b-4e0f-86eb-cdf22f889a32,1.7773446754769047e+18
08d815c7-b66b-4e0f-86eb-cdf22f889a32,1.7773446755102477e+18
08d815c7-b66b-4e0f-86eb-cdf22f889a32,1.7773446755435907e+18
08d815c7-b66b-4e0f-86eb-cdf22f889a32,1.7773446755769336e+18
08d815c7-b66b-4e0f-86eb-cdf22f889a32,1.7773446756102766e+18
08d815c7-b66b-4e0f-86eb-cdf22f889a32,1.7773446756436196e+18
08d815c7-b66b-4e0f-86eb-cdf22f889a32,1.7773446756769626e+18
08d815c7-b66b-4e0f-86eb-cdf22f889a32,1.7773446757103058e+18
08d815c7-b66b-4e0f-86eb-cdf22f889a32,1.7773446757436488e+18
08d815c7-b66b-4e0f-86eb-cdf22f889a32,1.7773446757769917e+18
08d815c7-b66b-4e0f-86eb-cdf22f889a32,1.7773446758103347e+18
08d815c7-b66b-4e0f-86eb-cdf22f889a32,1.7773446758436777e+18
08d815c7-b66b-4e0f-86eb-cdf22f889a32,1.7773446758770207e+18
08d815c7-b66b-4e0f-86eb-cdf22f889a32,1.7773446759103636e+18
08d815c7-b66b-4e0f-86eb-cdf22f889a32,1.7773446759437066e+18
08d815c7-b66b-4e0f-86eb-cdf22f889a32,1.7773446759770496e+18
08d815c7-b66b-4e0f-86eb-cdf22f889a32,1.7773446760103926e+18
08d815c7-b66b-4e0f-86eb-cdf22f889a32,1.7773446760437356e+18
08d815c7-b66b-4e0f-86eb-cdf22f889a32,1.7773446760770788e+18
08d815c7-b66b-4e0f-86eb-cdf22f889a32,1.7773446761104228e+18
08d815c7-b66b-4e0f-86eb-cdf22f889a32,1.7773446761437658e+18
08d815c7-b66b-4e0f-86eb-cdf22f889a32,1.7773446761771087e+18
08d815c7-b66b-4e0f-86eb-cdf22f889a32,1.7773446762104517e+18
08d815c7-b66b-4e0f-86eb-cdf22f889a32,1.7773446762437947e+18
08d815c7-b66b-4e0f-86eb-cdf22f889a32,1.7773446762771377e+18
08d815c7-b66b-4e0f-86eb-cdf22f889a32,1.7773446763104806e+18
08d815c7-b66b-4e0f-86eb-cdf22f889a32,1.7773446763438236e+18
08d815c7-b66b-4e0f-86eb-cdf22f889a32,1.7773446763771666e+18
08d815c7-b66b-4e0f-86eb-cdf22f889a32,1.7773446764105096e+18
08d815c7-b66b-4e0f-86eb-cdf22f889a32,1.7773446764438528e+18
08d815c7-b66b-4e0f-86eb-cdf22f889a32,1.7773446764771958e+18
08d815c7-b66b-4e0f-86eb-cdf22f889a32,1.7773446765105388e+18
08d815c7-b66b-4e0f-86eb-cdf22f889a32,1.7773446765438817e+18
08d815c7-b66b-4e0f-86eb-cdf22f889a32,1.7773446765772247e+18
08d815c7-b66b-4e0f-86eb-cdf22f889a32,1.7773446766105677e+18
08d815c7-b66b-4e0f-86eb-cdf22f889a32,1.7773446766439107e+18
08d815c7-b66b-4e0f-86eb-cdf22f889a32,1.7773446766772536e+18
08d815c7-b66b-4e0f-86eb-cdf22f889a32,1.7773446767105966e+18
08d815c7-b66b-4e0f-86eb-cdf22f889a32,1.7773446767439396e+18
08d815c7-b66b-4e0f-86eb-cdf22f889a32,1.7773446767772826e+18
08d815c7-b66b-4e0f-86eb-cdf22f889a32,1.7773446768106258e+18
08d815c7-b66b-4e0f-86eb-cdf22f889a32,1.7773446768439688e+18
08d815c7-b66b-4e0f-86eb-cdf22f889a32,1.7773446768773128e+18
08d815c7-b66b-4e0f-86eb-cdf22f889a32,1.7773446769106557e+18
08d815c7-b66b-4e0f-86eb-cdf22f889a32,1.7773446769439987e+18
08d815c7-b66b-4e0f-86eb-cdf22f889a32,1.7773446769773417e+18
08d815c7-b66b-4e0f-86eb-cdf22f889a32,1.7773446770106847e+18
08d815c7-b66b-4e0f-86eb-cdf22f889a32,1.7773446770440276e+18
08d815c7-b66b-4e0f-86eb-cdf22f889a32,1.7773446770773706e+18
08d815c7-b66b-4e0f-86eb-cdf22f889a32,1.7773446771107136e+18
08d815c7-b66b-4e0f-86eb-cdf22f889a32,1.7773446771440566e+18
08d815c7-b66b-4e0f-86eb-cdf22f889a32,1.7773446771773996e+18
08d815c7-b66b-4e0f-86eb-cdf22f889a32,1.7773446772107428e+18
08d815c7-b66b-4e0f-86eb-cdf22f889a32,1.7773446772440858e+18
08d815c7-b66b-4e0f-86eb-cdf22f889a32,1.7773446772774287e+18
08d815c7-b66b-4e0f-86eb-cdf22f889a32,1.7773446773107717e+18
08d815c7-b66b-4e0f-86eb-cdf22f889a32,1.7773446773441147e+18
08d815c7-b66b-4e0f-86eb-cdf22f889a32,1.7773446773774577e+18
08d815c7-b66b-4e0f-86eb-cdf22f889a32,1.7773446774108006e+18
08d815c7-b66b-4e0f-86eb-cdf22f889a32,1.7773446774441436e+18
08d815c7-b66b-4e0f-86eb-cdf22f889a32,1.7773446774774866e+18
08d815c7-b66b-4e0f-86eb-cdf22f889a32,1.7773446775108296e+18
08d815c7-b66b-4e0f-86eb-cdf22f889a32,1.7773446775441728e+18
08d815c7-b66b-4e0f-86eb-cdf22f889a32,1.7773446775775158e+18
08d815c7-b66b-4e0f-86eb-cdf22f889a32,1.7773446776108588e+18
08d815c7-b66b-4e0f-86eb-cdf22f889a32,1.7773446776442017e+18
08d815c7-b66b-4e0f-86eb-cdf22f889a32,1.7773446776775457e+18
08d815c7-b66b-4e0f-86eb-cdf22f889a32,1.7773446777108887e+18
08d815c7-b66b-4e0f-86eb-cdf22f889a32,1.7773446777442317e+18
08d815c7-b66b-4e0f-86eb-cdf22f889a32,1.7773446777775747e+18
08d815c7-b66b-4e0f-86eb-cdf22f889a32,1.7773446778109176e+18
08d815c7-b66b-4e0f-86eb-cdf22f889a32,1.7773446778442606e+18
08d815c7-b66b-4e0f-86eb-cdf22f889a32,1.7773446778776036e+18
08d815c7-b66b-4e0f-86eb-cdf22f889a32,1.7773446779109466e+18
08d815c7-b66b-4e0f-86eb-cdf22f889a32,1.7773446779442898e+18
08d815c7-b66b-4e0f-86eb-cdf22f889a32,1.7773446779776328e+18
08d815c7-b66b-4e0f-86eb-cdf22f889a32,1.7773446780109757e+18
08d815c7-b66b-4e0f-86eb-cdf22f889a32,1.7773446780443187e+18
08d815c7-b66b-4e0f-86eb-cdf22f889a32,1.7773446780776617e+18
08d815c7-b66b-4e0f-86eb-cdf22f889a32,1.7773446781110047e+18
08d815c7-b66b-4e0f-86eb-cdf22f889a32,1.7773446781443476e+18
08d815c7-b66b-4e0f-86eb-cdf22f889a32,1.7773446781776906e+18
08d815c7-b66b-4e0f-86eb-cdf22f889a32,1.7773446782110336e+18
08d815c7-b66b-4e0f-86eb-cdf22f889a32,1.7773446782443766e+18
08d815c7-b66b-4e0f-86eb-cdf22f889a32,1.7773446782777196e+18
08d815c7-b66b-4e0f-86eb-cdf22f889a32,1.7773446783110628e+18
08d815c7-b66b-4e0f-86eb-cdf22f889a32,1.7773446783444058e+18
08d815c7-b66b-4e0f-86eb-cdf22f889a32,1.7773446783777487e+18
08d815c7-b66b-4e0f-86eb-cdf22f889a32,1.7773446784110917e+18
08d815c7-b66b-4e0f-86eb-cdf22f889a32,1.7773446784444347e+18
08d815c7-b66b-4e0f-86eb-cdf22f889a32,1.7773446784777787e+18
08d815c7-b66b-4e0f-86eb-cdf22f889a32,1.7773446785111217e+18
08d815c7-b66b-4e0f-86eb-cdf22f889a32,1.7773446785444646e+18
08d815c7-b66b-4e0f-86eb-cdf22f889a32,1.7773446785778076e+18
08d815c7-b66b-4e0f-86eb-cdf22f889a32,1.7773446786111506e+18
08d815c7-b66b-4e0f-86eb-cdf22f889a32,1.7773446786444936e+18
08d815c7-b66b-4e0f-86eb-cdf22f889a32,1.7773446786778368e+18
08d815c7-b66b-4e0f-86eb-cdf22f889a32,1.7773446787111798e+18
08d815c7-b66b-4e0f-86eb-cdf22f889a32,1.7773446787445228e+18
08d815c7-b66b-4e0f-86eb-cdf22f889a32,1.7773446787778657e+18
08d815c7-b66b-4e0f-86eb-cdf22f889a32,1.7773446788112087e+18
08d815c7-b66b-4e0f-86eb-cdf22f889a32,1.7773446788445517e+18
08d815c7-b66b-4e0f-86eb-cdf22f889a32,1.7773446788778947e+18
08d815c7-b66b-4e0f-86eb-cdf22f889a32,1.7773446789112376e+18
08d815c7-b66b-4e0f-86eb-cdf22f889a32,1.7773446789445806e+18
08d815c7-b66b-4e0f-86eb-cdf22f889a32,1.7773446789779236e+18
08d815c7-b66b-4e0f-86eb-cdf22f889a32,1.7773446790112666e+18
08d815c7-b66b-4e0f-86eb-cdf22f889a32,1.7773446790446098e+18
08d815c7-b66b-4e0f-86eb-cdf22f889a32,1.7773446790779528e+18
08d815c7-b66b-4e0f-86eb-cdf22f889a32,1.7773446791112957e+18
08d815c7-b66b-4e0f-86eb-cdf22f889a32,1.7773446791446387e+18
08d815c7-b66b-4e0f-86eb-cdf22f889a32,1.7773446791779817e+18
08d815c7-b66b-4e0f-86eb-cdf22f889a32,1.7773446792113247e+18
08d815c7-b66b-4e0f-86eb-cdf22f889a32,1.7773446792446676e+18
08d815c7-b66b-4e0f-86eb-cdf22f889a32,1.7773446792780116e+18
08d815c7-b66b-4e0f-86eb-cdf22f889a32,1.7773446793113546e+18
08d815c7-b66b-4e0f-86eb-cdf22f889a32,1.7773446793446976e+18
08d815c7-b66b-4e0f-86eb-cdf22f889a32,1.7773446793780406e+18
08d815c7-b66b-4e0f-86eb-cdf22f889a32,1.7773446794113836e+18
08d815c7-b66b-4e0f-86eb-cdf22f889a32,1.7773446794447268e+18
08d815c7-b66b-4e0f-86eb-cdf22f889a32,1.7773446794780698e+18
08d815c7-b66b-4e0f-86eb-cdf22f889a32,1.7773446795114127e+18
08d815c7-b66b-4e0f-86eb-cdf22f889a32,1.7773446795447557e+18
08d815c7-b66b-4e0f-86eb-cdf22f889a32,1.7773446795780987e+18
08d815c7-b66b-4e0f-86eb-cdf22f889a32,1.7773446796114417e+18
08d815c7-b66b-4e0f-86eb-cdf22f889a32,1.7773446796447846e+18
08d815c7-b66b-4e0f-86eb-cdf22f889a32,1.7773446796781276e+18
08d815c7-b66b-4e0f-86eb-cdf22f889a32,1.7773446797114706e+18
08d815c7-b66b-4e0f-86eb-cdf22f889a32,1.7773446797448136e+18
08d815c7-b66b-4e0f-86eb-cdf22f889a32,1.7773446797781568e+18
08d815c7-b66b-4e0f-86eb-cdf22f889a32,1.7773446798114998e+18
08d815c7-b66b-4e0f-86eb-cdf22f889a32,1.7773446798448428e+18
08d815c7-b66b-4e0f-86eb-cdf22f889a32,1.7773446798781857e+18
08d815c7-b66b-4e0f-86eb-cdf22f889a32,1.7773446799115287e+18
08d815c7-b66b-4e0f-86eb-cdf22f889a32,1.7773446799448717e+18
08d815c7-b66b-4e0f-86eb-cdf22f889a32,1.7773446799782147e+18
08d815c7-b66b-4e0f-86eb-cdf22f889a32,1.7773446800115576e+18
08d815c7-b66b-4e0f-86eb-cdf22f889a32,1.7773446800449006e+18
08d815c7-b66b-4e0f-86eb-cdf22f889a32,1.7773446800782446e+18
08d815c7-b66b-4e0f-86eb-cdf22f889a32,1.7773446801115876e+18
08d815c7-b66b-4e0f-86eb-cdf22f889a32,1.7773446801449306e+18
08d815c7-b66b-4e0f-86eb-cdf22f889a32,1.7773446801782738e+18
08d815c7-b66b-4e0f-86eb-cdf22f889a32,1.7773446802116168e+18
08d815c7-b66b-4e0f-86eb-cdf22f889a32,1.7773446802449597e+18
08d815c7-b66b-4e0f-86eb-cdf22f889a32,1.7773446802783027e+18
08d815c7-b66b-4e0f-86eb-cdf22f889a32,1.7773446803116457e+18
08d815c7-b66b-4e0f-86eb-cdf22f889a32,1.7773446803449887e+18
08d815c7-b66b-4e0f-86eb-cdf22f889a32,1.7773446803783316e+18
08d815c7-b66b-4e0f-86eb-cdf22f889a32,1.7773446804116746e+18
08d815c7-b66b-4e0f-86eb-cdf22f889a32,1.7773446804450176e+18
08d815c7-b66b-4e0f-86eb-cdf22f889a32,1.7773446804783606e+18
08d815c7-b66b-4e0f-86eb-cdf22f889a32,1.7773446805117036e+18
08d815c7-b66b-4e0f-86eb-cdf22f889a32,1.7773446805450468e+18
08d815c7-b66b-4e0f-86eb-cdf22f889a32,1.7773446805783898e+18
08d815c7-b66b-4e0f-86eb-cdf22f889a32,1.7773446806117327e+18
08d815c7-b66b-4e0f-86eb-cdf22f889a32,1.7773446806450757e+18
08d815c7-b66b-4e0f-86eb-cdf22f889a32,1.7773446806784187e+18
08d815c7-b66b-4e0f-86eb-cdf22f889a32,1.7773446807117617e+18
08d815c7-b66b-4e0f-86eb-cdf22f889a32,1.7773446807451046e+18
08d815c7-b66b-4e0f-86eb-cdf22f889a32,1.7773446807784476e+18
08d815c7-b66b-4e0f-86eb-cdf22f889a32,1.7773446808117916e+18
08d815c7-b66b-4e0f-86eb-cdf22f889a32,1.7773446808451336e+18
08d815c7-b66b-4e0f-86eb-cdf22f889a32,1.7773446808784776e+18
08d815c7-b66b-4e0f-86eb-cdf22f889a32,1.7773446809118208e+18
08d815c7-b66b-4e0f-86eb-cdf22f889a32,1.7773446809451638e+18
08d815c7-b66b-4e0f-86eb-cdf22f889a32,1.7773446809785068e+18
08d815c7-b66b-4e0f-86eb-cdf22f889a32,1.7773446810118497e+18
08d815c7-b66b-4e0f-86eb-cdf22f889a32,1.7773446810451927e+18
08d815c7-b66b-4e0f-86eb-cdf22f889a32,1.7773446810785357e+18
08d815c7-b66b-4e0f-86eb-cdf22f889a32,1.7773446811118787e+18
08d815c7-b66b-4e0f-86eb-cdf22f889a32,1.7773446811452216e+18
08d815c7-b66b-4e0f-86eb-cdf22f889a32,1.7773446811785646e+18
08d815c7-b66b-4e0f-86eb-cdf22f889a32,1.7773446812119076e+18
08d815c7-b66b-4e0f-86eb-cdf22f889a32,1.7773446812452506e+18
08d815c7-b66b-4e0f-86eb-cdf22f889a32,1.7773446812785938e+18
08d815c7-b66b-4e0f-86eb-cdf22f889a32,1.7773446813119368e+18
08d815c7-b66b-4e0f-86eb-cdf22f889a32,1.7773446813452797e+18
08d815c7-b66b-4e0f-86eb-cdf22f889a32,1.7773446813786227e+18
08d815c7-b66b-4e0f-86eb-cdf22f889a32,1.7773446814119657e+18
08d815c7-b66b-4e0f-86eb-cdf22f889a32,1.7773446814453087e+18
08d815c7-b66b-4e0f-86eb-cdf22f889a32,1.7773446814786516e+18
08d815c7-b66b-4e0f-86eb-cdf22f889a32,1.7773446815119946e+18
08d815c7-b66b-4e0f-86eb-cdf22f889a32,1.7773446815453376e+18
08d815c7-b66b-4e0f-86eb-cdf22f889a32,1.7773446815786806e+18
08d815c7-b66b-4e0f-86eb-cdf22f889a32,1.7773446816120236e+18
08d815c7-b66b-4e0f-86eb-cdf22f889a32,1.7773446816453668e+18
08d815c7-b66b-4e0f-86eb-cdf22f889a32,1.7773446816787108e+18
08d815c7-b66b-4e0f-86eb-cdf22f889a32,1.7773446817120538e+18
08d815c7-b66b-4e0f-86eb-cdf22f889a32,1.7773446817453967e+18
08d815c7-b66b-4e0f-86eb-cdf22f889a32,1.7773446817787397e+18
08d815c7-b66b-4e0f-86eb-cdf22f889a32,1.7773446818120827e+18
08d815c7-b66b-4e0f-86eb-cdf22f889a32,1.7773446818454257e+18
08d815c7-b66b-4e0f-86eb-cdf22f889a32,1.7773446818787686e+18
08d815c7-b66b-4e0f-86eb-cdf22f889a32,1.7773446819121116e+18
08d815c7-b66b-4e0f-86eb-cdf22f889a32,1.7773446819454546e+18
08d815c7-b66b-4e0f-86eb-cdf22f889a32,1.7773446819787976e+18
08d815c7-b66b-4e0f-86eb-cdf22f889a32,1.7773446820121408e+18
08d815c7-b66b-4e0f-86eb-cdf22f889a32,1.7773446820454838e+18
08d815c7-b66b-4e0f-86eb-cdf22f889a32,1.7773446820788268e+18
08d815c7-b66b-4e0f-86eb-cdf22f889a32,1.7773446821121697e+18
08d815c7-b66b-4e0f-86eb-cdf22f889a32,1.7773446821455127e+18
08d815c7-b66b-4e0f-86eb-cdf22f889a32,1.7773446821788557e+18
08d815c7-b66b-4e0f-86eb-cdf22f889a32,1.7773446822121987e+18
08d815c7-b66b-4e0f-86eb-cdf22f889a32,1.7773446822455416e+18
08d815c7-b66b-4e0f-86eb-cdf22f889a32,1.7773446822788846e+18
08d815c7-b66b-4e0f-86eb-cdf22f889a32,1.7773446823122276e+18
08d815c7-b66b-4e0f-86eb-cdf22f889a32,1.7773446823455706e+18
08d815c7-b66b-4e0f-86eb-cdf22f889a32,1.7773446823789138e+18
08d815c7-b66b-4e0f-86eb-cdf22f889a32,1.7773446824122578e+18
08d815c7-b66b-4e0f-86eb-cdf22f889a32,1.7773446824455997e+18
08d815c7-b66b-4e0f-86eb-cdf22f889a32,1.7773446824789437e+18
08d815c7-b66b-4e0f-86eb-cdf22f889a32,1.7773446825122867e+18
08d815c7-b66b-4e0f-86eb-cdf22f889a32,1.7773446825456297e+18
08d815c7-b66b-4e0f-86eb-cdf22f889a32,1.7773446825789727e+18
08d815c7-b66b-4e0f-86eb-cdf22f889a32,1.7773446826123156e+18
08d815c7-b66b-4e0f-86eb-cdf22f889a32,1.7773446826456586e+18
08d815c7-b66b-4e0f-86eb-cdf22f889a32,1.7773446826790016e+18
08d815c7-b66b-4e0f-86eb-cdf22f889a32,1.7773446827123446e+18
08d815c7-b66b-4e0f-86eb-cdf22f889a32,1.7773446827456876e+18
08d815c7-b66b-4e0f-86eb-cdf22f889a32,1.7773446827790308e+18
08d815c7-b66b-4e0f-86eb-cdf22f889a32,1.7773446828123738e+18
08d815c7-b66b-4e0f-86eb-cdf22f889a32,1.7773446828457167e+18
08d815c7-b66b-4e0f-86eb-cdf22f889a32,1.7773446828790597e+18
08d815c7-b66b-4e0f-86eb-cdf22f889a32,1.7773446829124027e+18
08d815c7-b66b-4e0f-86eb-cdf22f889a32,1.7773446829457457e+18
08d815c7-b66b-4e0f-86eb-cdf22f889a32,1.7773446829790886e+18
08d815c7-b66b-4e0f-86eb-cdf22f889a32,1.7773446830124316e+18
08d815c7-b66b-4e0f-86eb-cdf22f889a32,1.7773446830457746e+18
08d815c7-b66b-4e0f-86eb-cdf22f889a32,1.7773446830791176e+18
08d815c7-b66b-4e0f-86eb-cdf22f889a32,1.7773446831124608e+18
08d815c7-b66b-4e0f-86eb-cdf22f889a32,1.7773446831458038e+18
08d815c7-b66b-4e0f-86eb-cdf22f889a32,1.7773446831791468e+18
08d815c7-b66b-4e0f-86eb-cdf22f889a32,1.7773446832124908e+18
08d815c7-b66b-4e0f-86eb-cdf22f889a32,1.7773446832458327e+18
08d815c7-b66b-4e0f-86eb-cdf22f889a32,1.7773446832791767e+18
08d815c7-b66b-4e0f-86eb-cdf22f889a32,1.7773446833125197e+18
08d815c7-b66b-4e0f-86eb-cdf22f889a32,1.7773446833458627e+18
08d815c7-b66b-4e0f-86eb-cdf22f889a32,1.7773446833792056e+18
08d815c7-b66b-4e0f-86eb-cdf22f889a32,1.7773446834125486e+18
08d815c7-b66b-4e0f-86eb-cdf22f889a32,1.7773446834458916e+18
08d815c7-b66b-4e0f-86eb-cdf22f889a32,1.7773446834792346e+18
08d815c7-b66b-4e0f-86eb-cdf22f889a32,1.7773446835125778e+18
08d815c7-b66b-4e0f-86eb-cdf22f889a32,1.7773446835459208e+18
08d815c7-b66b-4e0f-86eb-cdf22f889a32,1.7773446835792637e+18
08d815c7-b66b-4e0f-86eb-cdf22f889a32,1.7773446836126067e+18
08d815c7-b66b-4e0f-86eb-cdf22f889a32,1.7773446836459497e+18
08d815c7-b66b-4e0f-86eb-cdf22f889a32,1.7773446836792927e+18
08d815c7-b66b-4e0f-86eb-cdf22f889a32,1.7773446837126356e+18
08d815c7-b66b-4e0f-86eb-cdf22f889a32,1.7773446837459786e+18
08d815c7-b66b-4e0f-86eb-cdf22f889a32,1.7773446837793216e+18
08d815c7-b66b-4e0f-86eb-cdf22f889a32,1.7773446838126646e+18
08d815c7-b66b-4e0f-86eb-cdf22f889a32,1.7773446838460076e+18
08d815c7-b66b-4e0f-86eb-cdf22f889a32,1.7773446838793508e+18
08d815c7-b66b-4e0f-86eb-cdf22f889a32,1.7773446839126938e+18
08d815c7-b66b-4e0f-86eb-cdf22f889a32,1.7773446839460367e+18
08d815c7-b66b-4e0f-86eb-cdf22f889a32,1.7773446839793797e+18
08d815c7-b66b-4e0f-86eb-cdf22f889a32,1.7773446840127237e+18
08d815c7-b66b-4e0f-86eb-cdf22f889a32,1.7773446840460667e+18
08d815c7-b66b-4e0f-86eb-cdf22f889a32,1.7773446840794097e+18
08d815c7-b66b-4e0f-86eb-cdf22f889a32,1.7773446841127526e+18
08d815c7-b66b-4e0f-86eb-cdf22f889a32,1.7773446841460956e+18
08d815c7-b66b-4e0f-86eb-cdf22f889a32,1.7773446841794386e+18
08d815c7-b66b-4e0f-86eb-cdf22f889a32,1.7773446842127816e+18
08d815c7-b66b-4e0f-86eb-cdf22f889a32,1.7773446842461248e+18
08d815c7-b66b-4e0f-86eb-cdf22f889a32,1.7773446842794678e+18
08d815c7-b66b-4e0f-86eb-cdf22f889a32,1.7773446843128108e+18
08d815c7-b66b-4e0f-86eb-cdf22f889a32,1.7773446843461537e+18
08d815c7-b66b-4e0f-86eb-cdf22f889a32,1.7773446843794967e+18
08d815c7-b66b-4e0f-86eb-cdf22f889a32,1.7773446844128397e+18
08d815c7-b66b-4e0f-86eb-cdf22f889a32,1.7773446844461827e+18
08d815c7-b66b-4e0f-86eb-cdf22f889a32,1.7773446844795256e+18
08d815c7-b66b-4e0f-86eb-cdf22f889a32,1.7773446845128686e+18
08d815c7-b66b-4e0f-86eb-cdf22f889a32,1.7773446845462116e+18
08d815c7-b66b-4e0f-86eb-cdf22f889a32,1.7773446845795546e+18
08d815c7-b66b-4e0f-86eb-cdf22f889a32,1.7773446846128978e+18
08d815c7-b66b-4e0f-86eb-cdf22f889a32,1.7773446846462408e+18
08d815c7-b66b-4e0f-86eb-cdf22f889a32,1.7773446846795837e+18
08d815c7-b66b-4e0f-86eb-cdf22f889a32,1.7773446847129267e+18
08d815c7-b66b-4e0f-86eb-cdf22f889a32,1.7773446847462697e+18
08d815c7-b66b-4e0f-86eb-cdf22f889a32,1.7773446847796127e+18
08d815c7-b66b-4e0f-86eb-cdf22f889a32,1.7773446848129567e+18
08d815c7-b66b-4e0f-86eb-cdf22f889a32,1.7773446848462996e+18
08d815c7-b66b-4e0f-86eb-cdf22f889a32,1.7773446848796426e+18
08d815c7-b66b-4e0f-86eb-cdf22f889a32,1.7773446849129856e+18
08d815c7-b66b-4e0f-86eb-cdf22f889a32,1.7773446849463286e+18
08d815c7-b66b-4e0f-86eb-cdf22f889a32,1.7773446849796716e+18
08d815c7-b66b-4e0f-86eb-cdf22f889a32,1.7773446850130148e+18
08d815c7-b66b-4e0f-86eb-cdf22f889a32,1.7773446850463578e+18
08d815c7-b66b-4e0f-86eb-cdf22f889a32,1.7773446850797007e+18
08d815c7-b66b-4e0f-86eb-cdf22f889a32,1.7773446851130437e+18
08d815c7-b66b-4e0f-86eb-cdf22f889a32,1.7773446851463867e+18
08d815c7-b66b-4e0f-86eb-cdf22f889a32,1.7773446851797297e+18
08d815c7-b66b-4e0f-86eb-cdf22f889a32,1.7773446852130726e+18
08d815c7-b66b-4e0f-86eb-cdf22f889a32,1.7773446852464156e+18
08d815c7-b66b-4e0f-86eb-cdf22f889a32,1.7773446852797586e+18
08d815c7-b66b-4e0f-86eb-cdf22f889a32,1.7773446853131016e+18
08d815c7-b66b-4e0f-86eb-cdf22f889a32,1.7773446853464448e+18
08d815c7-b66b-4e0f-86eb-cdf22f889a32,1.7773446853797878e+18
08d815c7-b66b-4e0f-86eb-cdf22f889a32,1.7773446854131308e+18
08d815c7-b66b-4e0f-86eb-cdf22f889a32,1.7773446854464737e+18
08d815c7-b66b-4e0f-86eb-cdf22f889a32,1.7773446854798167e+18
08d815c7-b66b-4e0f-86eb-cdf22f889a32,1.7773446855131597e+18
08d815c7-b66b-4e0f-86eb-cdf22f889a32,1.7773446855465027e+18
08d815c7-b66b-4e0f-86eb-cdf22f889a32,1.7773446855798456e+18
08d815c7-b66b-4e0f-86eb-cdf22f889a32,1.7773446856131886e+18
08d815c7-b66b-4e0f-86eb-cdf22f889a32,1.7773446856465326e+18
08d815c7-b66b-4e0f-86eb-cdf22f889a32,1.7773446856798756e+18
08d815c7-b66b-4e0f-86eb-cdf22f889a32,1.7773446857132186e+18
08d815c7-b66b-4e0f-86eb-cdf22f889a32,1.7773446857465618e+18
08d815c7-b66b-4e0f-86eb-cdf22f889a32,1.7773446857799048e+18
08d815c7-b66b-4e0f-86eb-cdf22f889a32,1.7773446858132477e+18
08d815c7-b66b-4e0f-86eb-cdf22f889a32,1.7773446858465907e+18
08d815c7-b66b-4e0f-86eb-cdf22f889a32,1.7773446858799337e+18
08d815c7-b66b-4e0f-86eb-cdf22f889a32,1.7773446859132767e+18
08d815c7-b66b-4e0f-86eb-cdf22f889a32,1.7773446859466196e+18
08d815c7-b66b-4e0f-86eb-cdf22f889a32,1.7773446859799626e+18
08d815c7-b66b-4e0f-86eb-cdf22f889a32,1.7773446860133056e+18
08d815c7-b66b-4e0f-86eb-cdf22f889a32,1.7773446860466486e+18
08d815c7-b66b-4e0f-86eb-cdf22f889a32,1.7773446860799916e+18
08d815c7-b66b-4e0f-86eb-cdf22f889a32,1.7773446861133348e+18
08d815c7-b66b-4e0f-86eb-cdf22f889a32,1.7773446861466778e+18
08d815c7-b66b-4e0f-86eb-cdf22f889a32,1.7773446861800207e+18
08d815c7-b66b-4e0f-86eb-cdf22f889a32,1.7773446862133637e+18
08d815c7-b66b-4e0f-86eb-cdf22f889a32,1.7773446862467067e+18
08d815c7-b66b-4e0f-86eb-cdf22f889a32,1.7773446862800497e+18
08d815c7-b66b-4e0f-86eb-cdf22f889a32,1.7773446863133926e+18
08d815c7-b66b-4e0f-86eb-cdf22f889a32,1.7773446863467356e+18
08d815c7-b66b-4e0f-86eb-cdf22f889a32,1.7773446863800786e+18
08d815c7-b66b-4e0f-86eb-cdf22f889a32,1.7773446864134226e+18
08d815c7-b66b-4e0f-86eb-cdf22f889a32,1.7773446864467656e+18
08d815c7-b66b-4e0f-86eb-cdf22f889a32,1.7773446864801088e+18
08d815c7-b66b-4e0f-86eb-cdf22f889a32,1.7773446865134518e+18
08d815c7-b66b-4e0f-86eb-cdf22f889a32,1.7773446865467948e+18
08d815c7-b66b-4e0f-86eb-cdf22f889a32,1.7773446865801377e+18
08d815c7-b66b-4e0f-86eb-cdf22f889a32,1.7773446866134807e+18
08d815c7-b66b-4e0f-86eb-cdf22f889a32,1.7773446866468237e+18
08d815c7-b66b-4e0f-86eb-cdf22f889a32,1.7773446866801667e+18
08d815c7-b66b-4e0f-86eb-cdf22f889a32,1.7773446867135096e+18
08d815c7-b66b-4e0f-86eb-cdf22f889a32,1.7773446867468526e+18
08d815c7-b66b-4e0f-86eb-cdf22f889a32,1.7773446867801956e+18
08d815c7-b66b-4e0f-86eb-cdf22f889a32,1.7773446868135386e+18
08d815c7-b66b-4e0f-86eb-cdf22f889a32,1.7773446868468818e+18
08d815c7-b66b-4e0f-86eb-cdf22f889a32,1.7773446868802248e+18
08d815c7-b66b-4e0f-86eb-cdf22f889a32,1.7773446869135677e+18
08d815c7-b66b-4e0f-86eb-cdf22f889a32,1.7773446869469107e+18
08d815c7-b66b-4e0f-86eb-cdf22f889a32,1.7773446869802537e+18
