recording id,timestamp [ns]
8425b25b-a8f9-4eed-b0dc-49ee4613066e,1.7773445221164475e+18
8425b25b-a8f9-4eed-b0dc-49ee4613066e,1.7773445221497905e+18
8425b25b-a8f9-4eed-b0dc-49ee4613066e,1.7773445221831324e+18
8425b25b-a8f9-4eed-b0dc-49ee4613066e,1.7773445222164754e+18
8425b25b-a8f9-4eed-b0dc-49ee4613066e,1.7773445222498173e+18
8425b25b-a8f9-4eed-b0dc-49ee4613066e,1.7773445222831596e+18
8425b25b-a8f9-4eed-b0dc-49ee4613066e,1.7773445223165025e+18
8425b25b-a8f9-4eed-b0dc-49ee4613066e,1.7773445223498445e+18
8425b25b-a8f9-4eed-b0dc-49ee4613066e,1.7773445223831875e+18
8425b25b-a8f9-4eed-b0dc-49ee4613066e,1.7773445224165294e+18
8425b25b-a8f9-4eed-b0dc-49ee4613066e,1.7773445224498724e+18
8425b25b-a8f9-4eed-b0dc-49ee4613066e,1.7773445224832143e+18
8425b25b-a8f9-4eed-b0dc-49ee4613066e,1.7773445225165576e+18
8425b25b-a8f9-4eed-b0dc-49ee4613066e,1.7773445225498995e+18
8425b25b-a8f9-4eed-b0dc-49ee4613066e,1.7773445225832415e+18
8425b25b-a8f9-4eed-b0dc-49ee4613066e,1.7773445226165844e+18
8425b25b-a8f9-4eed-b0dc-49ee4613066e,1.7773445226499264e+18
8425b25b-a8f9-4eed-b0dc-49ee4613066e,1.7773445226832694e+18
8425b25b-a8f9-4eed-b0dc-49ee4613066e,1.7773445227166113e+18
8425b25b-a8f9-4eed-b0dc-49ee4613066e,1.7773445227499546e+18
8425b25b-a8f9-4eed-b0dc-49ee4613066e,1.7773445227832965e+18
8425b25b-a8f9-4eed-b0dc-49ee4613066e,1.7773445228166395e+18
8425b25b-a8f9-4eed-b0dc-49ee4613066e,1.7773445228499814e+18
8425b25b-a8f9-4eed-b0dc-49ee4613066e,1.7773445228833234e+18
8425b25b-a8f9-4eed-b0dc-49ee4613066e,1.7773445229166664e+18
8425b25b-a8f9-4eed-b0dc-49ee4613066e,1.7773445229500083e+18
8425b25b-a8f9-4eed-b0dc-49ee4613066e,1.7773445229833516e+18
8425b25b-a8f9-4eed-b0dc-49ee4613066e,1.7773445230166935e+18
8425b25b-a8f9-4eed-b0dc-49ee4613066e,1.7773445230500365e+18
8425b25b-a8f9-4eed-b0dc-49ee4613066e,1.7773445230833784e+18
8425b25b-a8f9-4eed-b0dc-49ee4613066e,1.7773445231167214e+18
8425b25b-a8f9-4eed-b0dc-49ee4613066e,1.7773445231500634e+18
8425b25b-a8f9-4eed-b0dc-49ee4613066e,1.7773445231834063e+18
8425b25b-a8f9-4eed-b0dc-49ee4613066e,1.7773445232167485e+18
8425b25b-a8f9-4eed-b0dc-49ee4613066e,1.7773445232500905e+18
8425b25b-a8f9-4eed-b0dc-49ee4613066e,1.7773445232834335e+18
8425b25b-a8f9-4eed-b0dc-49ee4613066e,1.7773445233167754e+18
8425b25b-a8f9-4eed-b0dc-49ee4613066e,1.7773445233501184e+18
8425b25b-a8f9-4eed-b0dc-49ee4613066e,1.7773445233834604e+18
8425b25b-a8f9-4eed-b0dc-49ee4613066e,1.7773445234168033e+18
8425b25b-a8f9-4eed-b0dc-49ee4613066e,1.7773445234501455e+18
8425b25b-a8f9-4eed-b0dc-49ee4613066e,1.7773445234834885e+18
8425b25b-a8f9-4eed-b0dc-49ee4613066e,1.7773445235168305e+18
8425b25b-a8f9-4eed-b0dc-49ee4613066e,1.7773445235501724e+18
8425b25b-a8f9-4eed-b0dc-49ee4613066e,1.7773445235835154e+18
8425b25b-a8f9-4eed-b0dc-49ee4613066e,1.7773445236168573e+18
8425b25b-a8f9-4eed-b0dc-49ee4613066e,1.7773445236502006e+18
8425b25b-a8f9-4eed-b0dc-49ee4613066e,1.7773445236835425e+18
8425b25b-a8f9-4eed-b0dc-49ee4613066e,1.7773445237168855e+18
8425b25b-a8f9-4eed-b0dc-49ee4613066e,1.7773445237502275e+18
8425b25b-a8f9-4eed-b0dc-49ee4613066e,1.7773445237835704e+18
8425b25b-a8f9-4eed-b0dc-49ee4613066e,1.7773445238169124e+18
8425b25b-a8f9-4eed-b0dc-49ee4613066e,1.7773445238502543e+18
8425b25b-a8f9-4eed-b0dc-49ee4613066e,1.7773445238835976e+18
8425b25b-a8f9-4eed-b0dc-49ee4613066e,1.7773445239169395e+18
8425b25b-a8f9-4eed-b0dc-49ee4613066e,1.7773445239502825e+18
8425b25b-a8f9-4eed-b0dc-49ee4613066e,1.7773445239836244e+18
8425b25b-a8f9-4eed-b0dc-49ee4613066e,1.7773445240169674e+18
8425b25b-a8f9-4eed-b0dc-49ee4613066e,1.7773445240503094e+18
8425b25b-a8f9-4eed-b0dc-49ee4613066e,1.7773445240836524e+18
8425b25b-a8f9-4eed-b0dc-49ee4613066e,1.7773445241169946e+18
8425b25b-a8f9-4eed-b0dc-49ee4613066e,1.7773445241503365e+18
8425b25b-a8f9-4eed-b0dc-49ee4613066e,1.7773445241836795e+18
8425b25b-a8f9-4eed-b0dc-49ee4613066e,1.7773445242170214e+18
8425b25b-a8f9-4eed-b0dc-49ee4613066e,1.7773445242503644e+18
8425b25b-a8f9-4eed-b0dc-49ee4613066e,1.7773445242837064e+18
8425b25b-a8f9-4eed-b0dc-49ee4613066e,1.7773445243170493e+18
8425b25b-a8f9-4eed-b0dc-49ee4613066e,1.7773445243503916e+18
8425b25b-a8f9-4eed-b0dc-49ee4613066e,1.7773445243837345e+18
8425b25b-a8f9-4eed-b0dc-49ee4613066e,1.7773445244170765e+18
8425b25b-a8f9-4eed-b0dc-49ee4613066e,1.7773445244504184e+18
8425b25b-a8f9-4eed-b0dc-49ee4613066e,1.7773445244837614e+18
8425b25b-a8f9-4eed-b0dc-49ee4613066e,1.7773445245171034e+18
8425b25b-a8f9-4eed-b0dc-49ee4613066e,1.7773445245504463e+18
8425b25b-a8f9-4eed-b0dc-49ee4613066e,1.7773445245837885e+18
8425b25b-a8f9-4eed-b0dc-49ee4613066e,1.7773445246171315e+18
8425b25b-a8f9-4eed-b0dc-49ee4613066e,1.7773445246504735e+18
8425b25b-a8f9-4eed-b0dc-49ee4613066e,1.7773445246838164e+18
8425b25b-a8f9-4eed-b0dc-49ee4613066e,1.7773445247171584e+18
8425b25b-a8f9-4eed-b0dc-49ee4613066e,1.7773445247505004e+18
8425b25b-a8f9-4eed-b0dc-49ee4613066e,1.7773445247838433e+18
8425b25b-a8f9-4eed-b0dc-49ee4613066e,1.7773445248171855e+18
8425b25b-a8f9-4eed-b0dc-49ee4613066e,1.7773445248505285e+18
8425b25b-a8f9-4eed-b0dc-49ee4613066e,1.7773445248838705e+18
8425b25b-a8f9-4eed-b0dc-49ee4613066e,1.7773445249172134e+18
8425b25b-a8f9-4eed-b0dc-49ee4613066e,1.7773445249505554e+18
8425b25b-a8f9-4eed-b0dc-49ee4613066e,1.7773445249838984e+18
8425b25b-a8f9-4eed-b0dc-49ee4613066e,1.7773445250172406e+18
8425b25b-a8f9-4eed-b0dc-49ee4613066e,1.7773445250505836e+18
8425b25b-a8f9-4eed-b0dc-49ee4613066e,1.7773445250839255e+18
8425b25b-a8f9-4eed-b0dc-49ee4613066e,1.7773445251172675e+18
8425b25b-a8f9-4eed-b0dc-49ee4613066e,1.7773445251506104e+18
8425b25b-a8f9-4eed-b0dc-49ee4613066e,1.7773445251839524e+18
8425b25b-a8f9-4eed-b0dc-49ee4613066e,1.7773445252172954e+18
8425b25b-a8f9-4eed-b0dc-49ee4613066e,1.7773445252506376e+18
8425b25b-a8f9-4eed-b0dc-49ee4613066e,1.7773445252839805e+18
8425b25b-a8f9-4eed-b0dc-49ee4613066e,1.7773445253173225e+18
8425b25b-a8f9-4eed-b0dc-49ee4613066e,1.7773445253506655e+18
8425b25b-a8f9-4eed-b0dc-49ee4613066e,1.7773445253840074e+18
8425b25b-a8f9-4eed-b0dc-49ee4613066e,1.7773445254173494e+18
8425b25b-a8f9-4eed-b0dc-49ee4613066e,1.7773445254506924e+18
8425b25b-a8f9-4eed-b0dc-49ee4613066e,1.7773445254840346e+18
8425b25b-a8f9-4eed-b0dc-49ee4613066e,1.7773445255173775e+18
8425b25b-a8f9-4eed-b0dc-49ee4613066e,1.7773445255507195e+18
8425b25b-a8f9-4eed-b0dc-49ee4613066e,1.7773445255840625e+18
8425b25b-a8f9-4eed-b0dc-49ee4613066e,1.7773445256174044e+18
8425b25b-a8f9-4eed-b0dc-49ee4613066e,1.7773445256507474e+18
8425b25b-a8f9-4eed-b0dc-49ee4613066e,1.7773445256840893e+18
8425b25b-a8f9-4eed-b0dc-49ee4613066e,1.7773445257174316e+18
8425b25b-a8f9-4eed-b0dc-49ee4613066e,1.7773445257507745e+18
8425b25b-a8f9-4eed-b0dc-49ee4613066e,1.7773445257841165e+18
8425b25b-a8f9-4eed-b0dc-49ee4613066e,1.7773445258174595e+18
8425b25b-a8f9-4eed-b0dc-49ee4613066e,1.7773445258508014e+18
8425b25b-a8f9-4eed-b0dc-49ee4613066e,1.7773445258841444e+18
8425b25b-a8f9-4eed-b0dc-49ee4613066e,1.7773445259174863e+18
8425b25b-a8f9-4eed-b0dc-49ee4613066e,1.7773445259508296e+18
8425b25b-a8f9-4eed-b0dc-49ee4613066e,1.7773445259841715e+18
8425b25b-a8f9-4eed-b0dc-49ee4613066e,1.7773445260175135e+18
8425b25b-a8f9-4eed-b0dc-49ee4613066e,1.7773445260508564e+18
8425b25b-a8f9-4eed-b0dc-49ee4613066e,1.7773445260841984e+18
8425b25b-a8f9-4eed-b0dc-49ee4613066e,1.7773445261175414e+18
8425b25b-a8f9-4eed-b0dc-49ee4613066e,1.7773445261508833e+18
8425b25b-a8f9-4eed-b0dc-49ee4613066e,1.7773445261842266e+18
8425b25b-a8f9-4eed-b0dc-49ee4613066e,1.7773445262175685e+18
8425b25b-a8f9-4eed-b0dc-49ee4613066e,1.7773445262509115e+18
8425b25b-a8f9-4eed-b0dc-49ee4613066e,1.7773445262842534e+18
8425b25b-a8f9-4eed-b0dc-49ee4613066e,1.7773445263175954e+18
8425b25b-a8f9-4eed-b0dc-49ee4613066e,1.7773445263509384e+18
8425b25b-a8f9-4eed-b0dc-49ee4613066e,1.7773445263842806e+18
8425b25b-a8f9-4eed-b0dc-49ee4613066e,1.7773445264176236e+18
8425b25b-a8f9-4eed-b0dc-49ee4613066e,1.7773445264509655e+18
8425b25b-a8f9-4eed-b0dc-49ee4613066e,1.7773445264843085e+18
8425b25b-a8f9-4eed-b0dc-49ee4613066e,1.7773445265176504e+18
8425b25b-a8f9-4eed-b0dc-49ee4613066e,1.7773445265509934e+18
8425b25b-a8f9-4eed-b0dc-49ee4613066e,1.7773445265843354e+18
8425b25b-a8f9-4eed-b0dc-49ee4613066e,1.7773445266176776e+18
8425b25b-a8f9-4eed-b0dc-49ee4613066e,1.7773445266510205e+18
8425b25b-a8f9-4eed-b0dc-49ee4613066e,1.7773445266843625e+18
8425b25b-a8f9-4eed-b0dc-49ee4613066e,1.7773445267177055e+18
8425b25b-a8f9-4eed-b0dc-49ee4613066e,1.7773445267510474e+18
8425b25b-a8f9-4eed-b0dc-49ee4613066e,1.7773445267843904e+18
8425b25b-a8f9-4eed-b0dc-49ee4613066e,1.7773445268177324e+18
8425b25b-a8f9-4eed-b0dc-49ee4613066e,1.7773445268510753e+18
8425b25b-a8f9-4eed-b0dc-49ee4613066e,1.7773445268844175e+18
8425b25b-a8f9-4eed-b0dc-49ee4613066e,1.7773445269177605e+18
8425b25b-a8f9-4eed-b0dc-49ee4613066e,1.7773445269511025e+18
8425b25b-a8f9-4eed-b0dc-49ee4613066e,1.7773445269844444e+18
8425b25b-a8f9-4eed-b0dc-49ee4613066e,1.7773445270177874e+18
8425b25b-a8f9-4eed-b0dc-49ee4613066e,1.7773445270511293e+18
8425b25b-a8f9-4eed-b0dc-49ee4613066e,1.7773445270844723e+18
8425b25b-a8f9-4eed-b0dc-49ee4613066e,1.7773445271178145e+18
8425b25b-a8f9-4eed-b0dc-49ee4613066e,1.7773445271511575e+18
8425b25b-a8f9-4eed-b0dc-49ee4613066e,1.7773445271844995e+18
8425b25b-a8f9-4eed-b0dc-49ee4613066e,1.7773445272178424e+18
8425b25b-a8f9-4eed-b0dc-49ee4613066e,1.7773445272511844e+18
8425b25b-a8f9-4eed-b0dc-49ee4613066e,1.7773445272845263e+18
8425b25b-a8f9-4eed-b0dc-49ee4613066e,1.7773445273178696e+18
8425b25b-a8f9-4eed-b0dc-49ee4613066e,1.7773445273512115e+18
8425b25b-a8f9-4eed-b0dc-49ee4613066e,1.7773445273845545e+18
8425b25b-a8f9-4eed-b0dc-49ee4613066e,1.7773445274178964e+18
8425b25b-a8f9-4eed-b0dc-49ee4613066e,1.7773445274512394e+18
8425b25b-a8f9-4eed-b0dc-49ee4613066e,1.7773445274845814e+18
8425b25b-a8f9-4eed-b0dc-49ee4613066e,1.7773445275179244e+18
8425b25b-a8f9-4eed-b0dc-49ee4613066e,1.7773445275512666e+18
8425b25b-a8f9-4eed-b0dc-49ee4613066e,1.7773445275846085e+18
8425b25b-a8f9-4eed-b0dc-49ee4613066e,1.7773445276179515e+18
8425b25b-a8f9-4eed-b0dc-49ee4613066e,1.7773445276512934e+18
8425b25b-a8f9-4eed-b0dc-49ee4613066e,1.7773445276846364e+18
8425b25b-a8f9-4eed-b0dc-49ee4613066e,1.7773445277179784e+18
8425b25b-a8f9-4eed-b0dc-49ee4613066e,1.7773445277513213e+18
8425b25b-a8f9-4eed-b0dc-49ee4613066e,1.7773445277846636e+18
8425b25b-a8f9-4eed-b0dc-49ee4613066e,1.7773445278180065e+18
8425b25b-a8f9-4eed-b0dc-49ee4613066e,1.7773445278513485e+18
8425b25b-a8f9-4eed-b0dc-49ee4613066e,1.7773445278846904e+18
8425b25b-a8f9-4eed-b0dc-49ee4613066e,1.7773445279180334e+18
8425b25b-a8f9-4eed-b0dc-49ee4613066e,1.7773445279513754e+18
8425b25b-a8f9-4eed-b0dc-49ee4613066e,1.7773445279847183e+18
8425b25b-a8f9-4eed-b0dc-49ee4613066e,1.7773445280180605e+18
8425b25b-a8f9-4eed-b0dc-49ee4613066e,1.7773445280514035e+18
8425b25b-a8f9-4eed-b0dc-49ee4613066e,1.7773445280847455e+18
8425b25b-a8f9-4eed-b0dc-49ee4613066e,1.7773445281180884e+18
8425b25b-a8f9-4eed-b0dc-49ee4613066e,1.7773445281514304e+18
8425b25b-a8f9-4eed-b0dc-49ee4613066e,1.7773445281847724e+18
8425b25b-a8f9-4eed-b0dc-49ee4613066e,1.7773445282181153e+18
8425b25b-a8f9-4eed-b0dc-49ee4613066e,1.7773445282514575e+18
8425b25b-a8f9-4eed-b0dc-49ee4613066e,1.7773445282848005e+18
8425b25b-a8f9-4eed-b0dc-49ee4613066e,1.7773445283181425e+18
8425b25b-a8f9-4eed-b0dc-49ee4613066e,1.7773445283514854e+18
8425b25b-a8f9-4eed-b0dc-49ee4613066e,1.7773445283848274e+18
8425b25b-a8f9-4eed-b0dc-49ee4613066e,1.7773445284181704e+18
8425b25b-a8f9-4eed-b0dc-49ee4613066e,1.7773445284515123e+18
8425b25b-a8f9-4eed-b0dc-49ee4613066e,1.7773445284848545e+18
8425b25b-a8f9-4eed-b0dc-49ee4613066e,1.7773445285181975e+18
8425b25b-a8f9-4eed-b0dc-49ee4613066e,1.7773445285515395e+18
8425b25b-a8f9-4eed-b0dc-49ee4613066e,1.7773445285848824e+18
8425b25b-a8f9-4eed-b0dc-49ee4613066e,1.7773445286182244e+18
8425b25b-a8f9-4eed-b0dc-49ee4613066e,1.7773445286515674e+18
8425b25b-a8f9-4eed-b0dc-49ee4613066e,1.7773445286849096e+18
8425b25b-a8f9-4eed-b0dc-49ee4613066e,1.7773445287182525e+18
8425b25b-a8f9-4eed-b0dc-49ee4613066e,1.7773445287515945e+18
8425b25b-a8f9-4eed-b0dc-49ee4613066e,1.7773445287849375e+18
8425b25b-a8f9-4eed-b0dc-49ee4613066e,1.7773445288182794e+18
8425b25b-a8f9-4eed-b0dc-49ee4613066e,1.7773445288516214e+18
8425b25b-a8f9-4eed-b0dc-49ee4613066e,1.7773445288849644e+18
8425b25b-a8f9-4eed-b0dc-49ee4613066e,1.7773445289183066e+18
8425b25b-a8f9-4eed-b0dc-49ee4613066e,1.7773445289516495e+18
8425b25b-a8f9-4eed-b0dc-49ee4613066e,1.7773445289849915e+18
8425b25b-a8f9-4eed-b0dc-49ee4613066e,1.7773445290183345e+18
8425b25b-a8f9-4eed-b0dc-49ee4613066e,1.7773445290516764e+18
8425b25b-a8f9-4eed-b0dc-49ee4613066e,1.7773445290850194e+18
8425b25b-a8f9-4eed-b0dc-49ee4613066e,1.7773445291183613e+18
8425b25b-a8f9-4eed-b0dc-49ee4613066e,1.7773445291517036e+18
8425b25b-a8f9-4eed-b0dc-49ee4613066e,1.7773445291850465e+18
8425b25b-a8f9-4eed-b0dc-49ee4613066e,1.7773445292183885e+18
8425b25b-a8f9-4eed-b0dc-49ee4613066e,1.7773445292517315e+18
8425b25b-a8f9-4eed-b0dc-49ee4613066e,1.7773445292850734e+18
8425b25b-a8f9-4eed-b0dc-49ee4613066e,1.7773445293184164e+18
8425b25b-a8f9-4eed-b0dc-49ee4613066e,1.7773445293517583e+18
8425b25b-a8f9-4eed-b0dc-49ee4613066e,1.7773445293851016e+18
8425b25b-a8f9-4eed-b0dc-49ee4613066e,1.7773445294184435e+18
8425b25b-a8f9-4eed-b0dc-49ee4613066e,1.7773445294517855e+18
8425b25b-a8f9-4eed-b0dc-49ee4613066e,1.7773445294851284e+18
8425b25b-a8f9-4eed-b0dc-49ee4613066e,1.7773445295184704e+18
8425b25b-a8f9-4eed-b0dc-49ee4613066e,1.7773445295518134e+18
8425b25b-a8f9-4eed-b0dc-49ee4613066e,1.7773445295851553e+18
8425b25b-a8f9-4eed-b0dc-49ee4613066e,1.7773445296184986e+18
8425b25b-a8f9-4eed-b0dc-49ee4613066e,1.7773445296518405e+18
8425b25b-a8f9-4eed-b0dc-49ee4613066e,1.7773445296851835e+18
8425b25b-a8f9-4eed-b0dc-49ee4613066e,1.7773445297185254e+18
8425b25b-a8f9-4eed-b0dc-49ee4613066e,1.7773445297518674e+18
8425b25b-a8f9-4eed-b0dc-49ee4613066e,1.7773445297852104e+18
8425b25b-a8f9-4eed-b0dc-49ee4613066e,1.7773445298185523e+18
8425b25b-a8f9-4eed-b0dc-49ee4613066e,1.7773445298518956e+18
8425b25b-a8f9-4eed-b0dc-49ee4613066e,1.7773445298852375e+18
8425b25b-a8f9-4eed-b0dc-49ee4613066e,1.7773445299185805e+18
8425b25b-a8f9-4eed-b0dc-49ee4613066e,1.7773445299519224e+18
8425b25b-a8f9-4eed-b0dc-49ee4613066e,1.7773445299852654e+18
8425b25b-a8f9-4eed-b0dc-49ee4613066e,1.7773445300186074e+18
8425b25b-a8f9-4eed-b0dc-49ee4613066e,1.7773445300519496e+18
8425b25b-a8f9-4eed-b0dc-49ee4613066e,1.7773445300852925e+18
8425b25b-a8f9-4eed-b0dc-49ee4613066e,1.7773445301186345e+18
8425b25b-a8f9-4eed-b0dc-49ee4613066e,1.7773445301519775e+18
8425b25b-a8f9-4eed-b0dc-49ee4613066e,1.7773445301853194e+18
8425b25b-a8f9-4eed-b0dc-49ee4613066e,1.7773445302186624e+18
8425b25b-a8f9-4eed-b0dc-49ee4613066e,1.7773445302520044e+18
8425b25b-a8f9-4eed-b0dc-49ee4613066e,1.7773445302853473e+18
8425b25b-a8f9-4eed-b0dc-49ee4613066e,1.7773445303186895e+18
8425b25b-a8f9-4eed-b0dc-49ee4613066e,1.7773445303520325e+18
8425b25b-a8f9-4eed-b0dc-49ee4613066e,1.7773445303853745e+18
8425b25b-a8f9-4eed-b0dc-49ee4613066e,1.7773445304187164e+18
8425b25b-a8f9-4eed-b0dc-49ee4613066e,1.7773445304520594e+18
8425b25b-a8f9-4eed-b0dc-49ee4613066e,1.7773445304854013e+18
8425b25b-a8f9-4eed-b0dc-49ee4613066e,1.7773445305187446e+18
8425b25b-a8f9-4eed-b0dc-49ee4613066e,1.7773445305520865e+18
8425b25b-a8f9-4eed-b0dc-49ee4613066e,1.7773445305854295e+18
8425b25b-a8f9-4eed-b0dc-49ee4613066e,1.7773445306187715e+18
8425b25b-a8f9-4eed-b0dc-49ee4613066e,1.7773445306521144e+18
8425b25b-a8f9-4eed-b0dc-49ee4613066e,1.7773445306854564e+18
8425b25b-a8f9-4eed-b0dc-49ee4613066e,1.7773445307187983e+18
8425b25b-a8f9-4eed-b0dc-49ee4613066e,1.7773445307521416e+18
8425b25b-a8f9-4eed-b0dc-49ee4613066e,1.7773445307854835e+18
8425b25b-a8f9-4eed-b0dc-49ee4613066e,1.7773445308188265e+18
8425b25b-a8f9-4eed-b0dc-49ee4613066e,1.7773445308521684e+18
8425b25b-a8f9-4eed-b0dc-49ee4613066e,1.7773445308855114e+18
8425b25b-a8f9-4eed-b0dc-49ee4613066e,1.7773445309188534e+18
8425b25b-a8f9-4eed-b0dc-49ee4613066e,1.7773445309521964e+18
8425b25b-a8f9-4eed-b0dc-49ee4613066e,1.7773445309855386e+18
8425b25b-a8f9-4eed-b0dc-49ee4613066e,1.7773445310188805e+18
8425b25b-a8f9-4eed-b0dc-49ee4613066e,1.7773445310522235e+18
8425b25b-a8f9-4eed-b0dc-49ee4613066e,1.7773445310855654e+18
8425b25b-a8f9-4eed-b0dc-49ee4613066e,1.7773445311189084e+18
8425b25b-a8f9-4eed-b0dc-49ee4613066e,1.7773445311522504e+18
8425b25b-a8f9-4eed-b0dc-49ee4613066e,1.7773445311855933e+18
8425b25b-a8f9-4eed-b0dc-49ee4613066e,1.7773445312189356e+18
8425b25b-a8f9-4eed-b0dc-49ee4613066e,1.7773445312522785e+18
8425b25b-a8f9-4eed-b0dc-49ee4613066e,1.7773445312856205e+18
8425b25b-a8f9-4eed-b0dc-49ee4613066e,1.7773445313189635e+18
8425b25b-a8f9-4eed-b0dc-49ee4613066e,1.7773445313523054e+18
8425b25b-a8f9-4eed-b0dc-49ee4613066e,1.7773445313856474e+18
8425b25b-a8f9-4eed-b0dc-49ee4613066e,1.7773445314189903e+18
8425b25b-a8f9-4eed-b0dc-49ee4613066e,1.7773445314523325e+18
8425b25b-a8f9-4eed-b0dc-49ee4613066e,1.7773445314856755e+18
8425b25b-a8f9-4eed-b0dc-49ee4613066e,1.7773445315190175e+18
8425b25b-a8f9-4eed-b0dc-49ee4613066e,1.7773445315523604e+18
8425b25b-a8f9-4eed-b0dc-49ee4613066e,1.7773445315857024e+18
8425b25b-a8f9-4eed-b0dc-49ee4613066e,1.7773445316190454e+18
8425b25b-a8f9-4eed-b0dc-49ee4613066e,1.7773445316523873e+18
8425b25b-a8f9-4eed-b0dc-49ee4613066e,1.7773445316857295e+18
8425b25b-a8f9-4eed-b0dc-49ee4613066e,1.7773445317190725e+18
8425b25b-a8f9-4eed-b0dc-49ee4613066e,1.7773445317524145e+18
8425b25b-a8f9-4eed-b0dc-49ee4613066e,1.7773445317857574e+18
8425b25b-a8f9-4eed-b0dc-49ee4613066e,1.7773445318190994e+18
8425b25b-a8f9-4eed-b0dc-49ee4613066e,1.7773445318524424e+18
8425b25b-a8f9-4eed-b0dc-49ee4613066e,1.7773445318857846e+18
8425b25b-a8f9-4eed-b0dc-49ee4613066e,1.7773445319191276e+18
8425b25b-a8f9-4eed-b0dc-49ee4613066e,1.7773445319524695e+18
8425b25b-a8f9-4eed-b0dc-49ee4613066e,1.7773445319858115e+18
8425b25b-a8f9-4eed-b0dc-49ee4613066e,1.7773445320191544e+18
8425b25b-a8f9-4eed-b0dc-49ee4613066e,1.7773445320524964e+18
8425b25b-a8f9-4eed-b0dc-49ee4613066e,1.7773445320858394e+18
8425b25b-a8f9-4eed-b0dc-49ee4613066e,1.7773445321191816e+18
8425b25b-a8f9-4eed-b0dc-49ee4613066e,1.7773445321525245e+18
8425b25b-a8f9-4eed-b0dc-49ee4613066e,1.7773445321858665e+18
8425b25b-a8f9-4eed-b0dc-49ee4613066e,1.7773445322192095e+18
8425b25b-a8f9-4eed-b0dc-49ee4613066e,1.7773445322525514e+18
8425b25b-a8f9-4eed-b0dc-49ee4613066e,1.7773445322858934e+18
8425b25b-a8f9-4eed-b0dc-49ee4613066e,1.7773445323192364e+18
8425b25b-a8f9-4eed-b0dc-49ee4613066e,1.7773445323525786e+18
8425b25b-a8f9-4eed-b0dc-49ee4613066e,1.7773445323859215e+18
8425b25b-a8f9-4eed-b0dc-49ee4613066e,1.7773445324192635e+18
8425b25b-a8f9-4eed-b0dc-49ee4613066e,1.7773445324526065e+18
8425b25b-a8f9-4eed-b0dc-49ee4613066e,1.7773445324859484e+18
8425b25b-a8f9-4eed-b0dc-49ee4613066e,1.7773445325192914e+18
8425b25b-a8f9-4eed-b0dc-49ee4613066e,1.7773445325526333e+18
8425b25b-a8f9-4eed-b0dc-49ee4613066e,1.7773445325859756e+18
8425b25b-a8f9-4eed-b0dc-49ee4613066e,1.7773445326193185e+18
8425b25b-a8f9-4eed-b0dc-49ee4613066e,1.7773445326526605e+18
8425b25b-a8f9-4eed-b0dc-49ee4613066e,1.7773445326860035e+18
8425b25b-a8f9-4eed-b0dc-49ee4613066e,1.7773445327193454e+18
8425b25b-a8f9-4eed-b0dc-49ee4613066e,1.7773445327526884e+18
8425b25b-a8f9-4eed-b0dc-49ee4613066e,1.7773445327860303e+18
8425b25b-a8f9-4eed-b0dc-49ee4613066e,1.7773445328193736e+18
8425b25b-a8f9-4eed-b0dc-49ee4613066e,1.7773445328527155e+18
8425b25b-a8f9-4eed-b0dc-49ee4613066e,1.7773445328860575e+18
8425b25b-a8f9-4eed-b0dc-49ee4613066e,1.7773445329194004e+18
8425b25b-a8f9-4eed-b0dc-49ee4613066e,1.7773445329527424e+18
8425b25b-a8f9-4eed-b0dc-49ee4613066e,1.7773445329860854e+18
8425b25b-a8f9-4eed-b0dc-49ee4613066e,1.7773445330194273e+18
8425b25b-a8f9-4eed-b0dc-49ee4613066e,1.7773445330527706e+18
8425b25b-a8f9-4eed-b0dc-49ee4613066e,1.7773445330861125e+18
8425b25b-a8f9-4eed-b0dc-49ee4613066e,1.7773445331194555e+18
8425b25b-a8f9-4eed-b0dc-49ee4613066e,1.7773445331527974e+18
8425b25b-a8f9-4eed-b0dc-49ee4613066e,1.7773445331861404e+18
8425b25b-a8f9-4eed-b0dc-49ee4613066e,1.7773445332194824e+18
8425b25b-a8f9-4eed-b0dc-49ee4613066e,1.7773445332528246e+18
8425b25b-a8f9-4eed-b0dc-49ee4613066e,1.7773445332861676e+18
8425b25b-a8f9-4eed-b0dc-49ee4613066e,1.7773445333195095e+18
8425b25b-a8f9-4eed-b0dc-49ee4613066e,1.7773445333528525e+18
8425b25b-a8f9-4eed-b0dc-49ee4613066e,1.7773445333861944e+18
8425b25b-a8f9-4eed-b0dc-49ee4613066e,1.7773445334195374e+18
8425b25b-a8f9-4eed-b0dc-49ee4613066e,1.7773445334528794e+18
8425b25b-a8f9-4eed-b0dc-49ee4613066e,1.7773445334862223e+18
8425b25b-a8f9-4eed-b0dc-49ee4613066e,1.7773445335195645e+18
8425b25b-a8f9-4eed-b0dc-49ee4613066e,1.7773445335529065e+18
8425b25b-a8f9-4eed-b0dc-49ee4613066e,1.7773445335862495e+18
8425b25b-a8f9-4eed-b0dc-49ee4613066e,1.7773445336195914e+18
8425b25b-a8f9-4eed-b0dc-49ee4613066e,1.7773445336529344e+18
8425b25b-a8f9-4eed-b0dc-49ee4613066e,1.7773445336862764e+18
8425b25b-a8f9-4eed-b0dc-49ee4613066e,1.7773445337196193e+18
8425b25b-a8f9-4eed-b0dc-49ee4613066e,1.7773445337529615e+18
8425b25b-a8f9-4eed-b0dc-49ee4613066e,1.7773445337863045e+18
8425b25b-a8f9-4eed-b0dc-49ee4613066e,1.7773445338196465e+18
8425b25b-a8f9-4eed-b0dc-49ee4613066e,1.7773445338529884e+18
8425b25b-a8f9-4eed-b0dc-49ee4613066e,1.7773445338863314e+18
8425b25b-a8f9-4eed-b0dc-49ee4613066e,1.7773445339196733e+18
8425b25b-a8f9-4eed-b0dc-49ee4613066e,1.7773445339530163e+18
8425b25b-a8f9-4eed-b0dc-49ee4613066e,1.7773445339863585e+18
8425b25b-a8f9-4eed-b0dc-49ee4613066e,1.7773445340197015e+18
8425b25b-a8f9-4eed-b0dc-49ee4613066e,1.7773445340530435e+18
8425b25b-a8f9-4eed-b0dc-49ee4613066e,1.7773445340863864e+18
8425b25b-a8f9-4eed-b0dc-49ee4613066e,1.7773445341197284e+18
8425b25b-a8f9-4eed-b0dc-49ee4613066e,1.7773445341530703e+18
8425b25b-a8f9-4eed-b0dc-49ee4613066e,1.7773445341864136e+18
8425b25b-a8f9-4eed-b0dc-49ee4613066e,1.7773445342197555e+18
8425b25b-a8f9-4eed-b0dc-49ee4613066e,1.7773445342530985e+18
8425b25b-a8f9-4eed-b0dc-49ee4613066e,1.7773445342864404e+18
8425b25b-a8f9-4eed-b0dc-49ee4613066e,1.7773445343197834e+18
8425b25b-a8f9-4eed-b0dc-49ee4613066e,1.7773445343531254e+18
8425b25b-a8f9-4eed-b0dc-49ee4613066e,1.7773445343864684e+18
8425b25b-a8f9-4eed-b0dc-49ee4613066e,1.7773445344198106e+18
8425b25b-a8f9-4eed-b0dc-49ee4613066e,1.7773445344531525e+18
8425b25b-a8f9-4eed-b0dc-49ee4613066e,1.7773445344864955e+18
8425b25b-a8f9-4eed-b0dc-49ee4613066e,1.7773445345198374e+18
8425b25b-a8f9-4eed-b0dc-49ee4613066e,1.7773445345531804e+18
8425b25b-a8f9-4eed-b0dc-49ee4613066e,1.7773445345865224e+18
8425b25b-a8f9-4eed-b0dc-49ee4613066e,1.7773445346198653e+18
8425b25b-a8f9-4eed-b0dc-49ee4613066e,1.7773445346532076e+18
8425b25b-a8f9-4eed-b0dc-49ee4613066e,1.7773445346865505e+18
8425b25b-a8f9-4eed-b0dc-49ee4613066e,1.7773445347198925e+18
8425b25b-a8f9-4eed-b0dc-49ee4613066e,1.7773445347532344e+18
8425b25b-a8f9-4eed-b0dc-49ee4613066e,1.7773445347865774e+18
8425b25b-a8f9-4eed-b0dc-49ee4613066e,1.7773445348199194e+18
8425b25b-a8f9-4eed-b0dc-49ee4613066e,1.7773445348532623e+18
8425b25b-a8f9-4eed-b0dc-49ee4613066e,1.7773445348866045e+18
8425b25b-a8f9-4eed-b0dc-49ee4613066e,1.7773445349199475e+18
8425b25b-a8f9-4eed-b0dc-49ee4613066e,1.7773445349532895e+18
8425b25b-a8f9-4eed-b0dc-49ee4613066e,1.7773445349866324e+18
8425b25b-a8f9-4eed-b0dc-49ee4613066e,1.7773445350199744e+18
8425b25b-a8f9-4eed-b0dc-49ee4613066e,1.7773445350533174e+18
8425b25b-a8f9-4eed-b0dc-49ee4613066e,1.7773445350866593e+18
8425b25b-a8f9-4eed-b0dc-49ee4613066e,1.7773445351200015e+18
8425b25b-a8f9-4eed-b0dc-49ee4613066e,1.7773445351533445e+18
8425b25b-a8f9-4eed-b0dc-49ee4613066e,1.7773445351866865e+18
8425b25b-a8f9-4eed-b0dc-49ee4613066e,1.7773445352200294e+18
8425b25b-a8f9-4eed-b0dc-49ee4613066e,1.7773445352533714e+18
8425b25b-a8f9-4eed-b0dc-49ee4613066e,1.7773445352867144e+18
8425b25b-a8f9-4eed-b0dc-49ee4613066e,1.7773445353200563e+18
8425b25b-a8f9-4eed-b0dc-49ee4613066e,1.7773445353533996e+18
8425b25b-a8f9-4eed-b0dc-49ee4613066e,1.7773445353867415e+18
8425b25b-a8f9-4eed-b0dc-49ee4613066e,1.7773445354200835e+18
8425b25b-a8f9-4eed-b0dc-49ee4613066e,1.7773445354534264e+18
8425b25b-a8f9-4eed-b0dc-49ee4613066e,1.7773445354867684e+18
8425b25b-a8f9-4eed-b0dc-49ee4613066e,1.7773445355201114e+18
8425b25b-a8f9-4eed-b0dc-49ee4613066e,1.7773445355534536e+18
8425b25b-a8f9-4eed-b0dc-49ee4613066e,1.7773445355867965e+18
8425b25b-a8f9-4eed-b0dc-49ee4613066e,1.7773445356201385e+18
8425b25b-a8f9-4eed-b0dc-49ee4613066e,1.7773445356534815e+18
8425b25b-a8f9-4eed-b0dc-49ee4613066e,1.7773445356868234e+18
8425b25b-a8f9-4eed-b0dc-49ee4613066e,1.7773445357201654e+18
8425b25b-a8f9-4eed-b0dc-49ee4613066e,1.7773445357535084e+18
8425b25b-a8f9-4eed-b0dc-49ee4613066e,1.7773445357868506e+18
8425b25b-a8f9-4eed-b0dc-49ee4613066e,1.7773445358201935e+18
8425b25b-a8f9-4eed-b0dc-49ee4613066e,1.7773445358535355e+18
8425b25b-a8f9-4eed-b0dc-49ee4613066e,1.7773445358868785e+18
8425b25b-a8f9-4eed-b0dc-49ee4613066e,1.7773445359202204e+18
8425b25b-a8f9-4eed-b0dc-49ee4613066e,1.7773445359535634e+18
8425b25b-a8f9-4eed-b0dc-49ee4613066e,1.7773445359869053e+18
8425b25b-a8f9-4eed-b0dc-49ee4613066e,1.7773445360202476e+18
8425b25b-a8f9-4eed-b0dc-49ee4613066e,1.7773445360535905e+18
8425b25b-a8f9-4eed-b0dc-49ee4613066e,1.7773445360869325e+18
8425b25b-a8f9-4eed-b0dc-49ee4613066e,1.7773445361202755e+18
8425b25b-a8f9-4eed-b0dc-49ee4613066e,1.7773445361536174e+18
8425b25b-a8f9-4eed-b0dc-49ee4613066e,1.7773445361869604e+18
8425b25b-a8f9-4eed-b0dc-49ee4613066e,1.7773445362203023e+18
8425b25b-a8f9-4eed-b0dc-49ee4613066e,1.7773445362536456e+18
8425b25b-a8f9-4eed-b0dc-49ee4613066e,1.7773445362869875e+18
8425b25b-a8f9-4eed-b0dc-49ee4613066e,1.7773445363203295e+18
8425b25b-a8f9-4eed-b0dc-49ee4613066e,1.7773445363536724e+18
8425b25b-a8f9-4eed-b0dc-49ee4613066e,1.7773445363870144e+18
8425b25b-a8f9-4eed-b0dc-49ee4613066e,1.7773445364203574e+18
8425b25b-a8f9-4eed-b0dc-49ee4613066e,1.7773445364536993e+18
8425b25b-a8f9-4eed-b0dc-49ee4613066e,1.7773445364870426e+18
8425b25b-a8f9-4eed-b0dc-49ee4613066e,1.7773445365203845e+18
8425b25b-a8f9-4eed-b0dc-49ee4613066e,1.7773445365537275e+18
8425b25b-a8f9-4eed-b0dc-49ee4613066e,1.7773445365870694e+18
8425b25b-a8f9-4eed-b0dc-49ee4613066e,1.7773445366204114e+18
8425b25b-a8f9-4eed-b0dc-49ee4613066e,1.7773445366537544e+18
8425b25b-a8f9-4eed-b0dc-49ee4613066e,1.7773445366870963e+18
8425b25b-a8f9-4eed-b0dc-49ee4613066e,1.7773445367204396e+18
8425b25b-a8f9-4eed-b0dc-49ee4613066e,1.7773445367537815e+18
8425b25b-a8f9-4eed-b0dc-49ee4613066e,1.7773445367871245e+18
8425b25b-a8f9-4eed-b0dc-49ee4613066e,1.7773445368204664e+18
8425b25b-a8f9-4eed-b0dc-49ee4613066e,1.7773445368538094e+18
8425b25b-a8f9-4eed-b0dc-49ee4613066e,1.7773445368871514e+18
8425b25b-a8f9-4eed-b0dc-49ee4613066e,1.7773445369204943e+18
8425b25b-a8f9-4eed-b0dc-49ee4613066e,1.7773445369538365e+18
8425b25b-a8f9-4eed-b0dc-49ee4613066e,1.7773445369871785e+18
8425b25b-a8f9-4eed-b0dc-49ee4613066e,1.7773445370205215e+18
8425b25b-a8f9-4eed-b0dc-49ee4613066e,1.7773445370538634e+18
8425b25b-a8f9-4eed-b0dc-49ee4613066e,1.7773445370872064e+18
8425b25b-a8f9-4eed-b0dc-49ee4613066e,1.7773445371205484e+18
8425b25b-a8f9-4eed-b0dc-49ee4613066e,1.7773445371538913e+18
8425b25b-a8f9-4eed-b0dc-49ee4613066e,1.7773445371872335e+18
8425b25b-a8f9-4eed-b0dc-49ee4613066e,1.7773445372205765e+18
8425b25b-a8f9-4eed-b0dc-49ee4613066e,1.7773445372539185e+18
8425b25b-a8f9-4eed-b0dc-49ee4613066e,1.7773445372872604e+18
8425b25b-a8f9-4eed-b0dc-49ee4613066e,1.7773445373206034e+18
8425b25b-a8f9-4eed-b0dc-49ee4613066e,1.7773445373539453e+18
8425b25b-a8f9-4eed-b0dc-49ee4613066e,1.7773445373872886e+18
8425b25b-a8f9-4eed-b0dc-49ee4613066e,1.7773445374206305e+18
8425b25b-a8f9-4eed-b0dc-49ee4613066e,1.7773445374539735e+18
8425b25b-a8f9-4eed-b0dc-49ee4613066e,1.7773445374873155e+18
8425b25b-a8f9-4eed-b0dc-49ee4613066e,1.7773445375206584e+18
8425b25b-a8f9-4eed-b0dc-49ee4613066e,1.7773445375540004e+18
8425b25b-a8f9-4eed-b0dc-49ee4613066e,1.7773445375873423e+18
8425b25b-a8f9-4eed-b0dc-49ee4613066e,1.7773445376206856e+18
8425b25b-a8f9-4eed-b0dc-49ee4613066e,1.7773445376540275e+18
8425b25b-a8f9-4eed-b0dc-49ee4613066e,1.7773445376873705e+18
8425b25b-a8f9-4eed-b0dc-49ee4613066e,1.7773445377207124e+18
8425b25b-a8f9-4eed-b0dc-49ee4613066e,1.7773445377540554e+18
8425b25b-a8f9-4eed-b0dc-49ee4613066e,1.7773445377873974e+18
8425b25b-a8f9-4eed-b0dc-49ee4613066e,1.7773445378207404e+18
8425b25b-a8f9-4eed-b0dc-49ee4613066e,1.7773445378540826e+18
8425b25b-a8f9-4eed-b0dc-49ee4613066e,1.7773445378874245e+18
8425b25b-a8f9-4eed-b0dc-49ee4613066e,1.7773445379207675e+18
8425b25b-a8f9-4eed-b0dc-49ee4613066e,1.7773445379541094e+18
8425b25b-a8f9-4eed-b0dc-49ee4613066e,1.7773445379874524e+18
8425b25b-a8f9-4eed-b0dc-49ee4613066e,1.7773445380207944e+18
8425b25b-a8f9-4eed-b0dc-49ee4613066e,1.7773445380541373e+18
8425b25b-a8f9-4eed-b0dc-49ee4613066e,1.7773445380874796e+18
8425b25b-a8f9-4eed-b0dc-49ee4613066e,1.7773445381208225e+18
8425b25b-a8f9-4eed-b0dc-49ee4613066e,1.7773445381541645e+18
8425b25b-a8f9-4eed-b0dc-49ee4613066e,1.7773445381875064e+18
8425b25b-a8f9-4eed-b0dc-49ee4613066e,1.7773445382208494e+18
8425b25b-a8f9-4eed-b0dc-49ee4613066e,1.7773445382541914e+18
8425b25b-a8f9-4eed-b0dc-49ee4613066e,1.7773445382875343e+18
8425b25b-a8f9-4eed-b0dc-49ee4613066e,1.7773445383208765e+18
8425b25b-a8f9-4eed-b0dc-49ee4613066e,1.7773445383542195e+18
8425b25b-a8f9-4eed-b0dc-49ee4613066e,1.7773445383875615e+18
8425b25b-a8f9-4eed-b0dc-49ee4613066e,1.7773445384209044e+18
8425b25b-a8f9-4eed-b0dc-49ee4613066e,1.7773445384542464e+18
8425b25b-a8f9-4eed-b0dc-49ee4613066e,1.7773445384875884e+18
8425b25b-a8f9-4eed-b0dc-49ee4613066e,1.7773445385209313e+18
8425b25b-a8f9-4eed-b0dc-49ee4613066e,1.7773445385542735e+18
8425b25b-a8f9-4eed-b0dc-49ee4613066e,1.7773445385876165e+18
8425b25b-a8f9-4eed-b0dc-49ee4613066e,1.7773445386209585e+18
8425b25b-a8f9-4eed-b0dc-49ee4613066e,1.7773445386543014e+18
8425b25b-a8f9-4eed-b0dc-49ee4613066e,1.7773445386876434e+18
8425b25b-a8f9-4eed-b0dc-49ee4613066e,1.7773445387209864e+18
8425b25b-a8f9-4eed-b0dc-49ee4613066e,1.7773445387543286e+18
8425b25b-a8f9-4eed-b0dc-49ee4613066e,1.7773445387876716e+18
8425b25b-a8f9-4eed-b0dc-49ee4613066e,1.7773445388210135e+18
8425b25b-a8f9-4eed-b0dc-49ee4613066e,1.7773445388543555e+18
8425b25b-a8f9-4eed-b0dc-49ee4613066e,1.7773445388876984e+18
8425b25b-a8f9-4eed-b0dc-49ee4613066e,1.7773445389210404e+18
8425b25b-a8f9-4eed-b0dc-49ee4613066e,1.7773445389543834e+18
8425b25b-a8f9-4eed-b0dc-49ee4613066e,1.7773445389877256e+18
8425b25b-a8f9-4eed-b0dc-49ee4613066e,1.7773445390210685e+18
8425b25b-a8f9-4eed-b0dc-49ee4613066e,1.7773445390544105e+18
8425b25b-a8f9-4eed-b0dc-49ee4613066e,1.7773445390877535e+18
8425b25b-a8f9-4eed-b0dc-49ee4613066e,1.7773445391210954e+18
8425b25b-a8f9-4eed-b0dc-49ee4613066e,1.7773445391544374e+18
8425b25b-a8f9-4eed-b0dc-49ee4613066e,1.7773445391877804e+18
8425b25b-a8f9-4eed-b0dc-49ee4613066e,1.7773445392211226e+18
8425b25b-a8f9-4eed-b0dc-49ee4613066e,1.7773445392544655e+18
8425b25b-a8f9-4eed-b0dc-49ee4613066e,1.7773445392878075e+18
8425b25b-a8f9-4eed-b0dc-49ee4613066e,1.7773445393211505e+18
8425b25b-a8f9-4eed-b0dc-49ee4613066e,1.7773445393544924e+18
8425b25b-a8f9-4eed-b0dc-49ee4613066e,1.7773445393878354e+18
8425b25b-a8f9-4eed-b0dc-49ee4613066e,1.7773445394211773e+18
8425b25b-a8f9-4eed-b0dc-49ee4613066e,1.7773445394545196e+18
8425b25b-a8f9-4eed-b0dc-49ee4613066e,1.7773445394878625e+18
8425b25b-a8f9-4eed-b0dc-49ee4613066e,1.7773445395212045e+18
8425b25b-a8f9-4eed-b0dc-49ee4613066e,1.7773445395545475e+18
8425b25b-a8f9-4eed-b0dc-49ee4613066e,1.7773445395878894e+18
8425b25b-a8f9-4eed-b0dc-49ee4613066e,1.7773445396212324e+18
8425b25b-a8f9-4eed-b0dc-49ee4613066e,1.7773445396545743e+18
8425b25b-a8f9-4eed-b0dc-49ee4613066e,1.7773445396879176e+18
8425b25b-a8f9-4eed-b0dc-49ee4613066e,1.7773445397212595e+18
8425b25b-a8f9-4eed-b0dc-49ee4613066e,1.7773445397546015e+18
8425b25b-a8f9-4eed-b0dc-49ee4613066e,1.7773445397879444e+18
8425b25b-a8f9-4eed-b0dc-49ee4613066e,1.7773445398212864e+18
8425b25b-a8f9-4eed-b0dc-49ee4613066e,1.7773445398546294e+18
8425b25b-a8f9-4eed-b0dc-49ee4613066e,1.7773445398879713e+18
8425b25b-a8f9-4eed-b0dc-49ee4613066e,1.7773445399213146e+18
8425b25b-a8f9-4eed-b0dc-49ee4613066e,1.7773445399546565e+18
8425b25b-a8f9-4eed-b0dc-49ee4613066e,1.7773445399879995e+18
8425b25b-a8f9-4eed-b0dc-49ee4613066e,1.7773445400213414e+18
8425b25b-a8f9-4eed-b0dc-49ee4613066e,1.7773445400546834e+18
8425b25b-a8f9-4eed-b0dc-49ee4613066e,1.7773445400880264e+18
8425b25b-a8f9-4eed-b0dc-49ee4613066e,1.7773445401213686e+18
8425b25b-a8f9-4eed-b0dc-49ee4613066e,1.7773445401547116e+18
8425b25b-a8f9-4eed-b0dc-49ee4613066e,1.7773445401880535e+18
8425b25b-a8f9-4eed-b0dc-49ee4613066e,1.7773445402213965e+18
8425b25b-a8f9-4eed-b0dc-49ee4613066e,1.7773445402547384e+18
8425b25b-a8f9-4eed-b0dc-49ee4613066e,1.7773445402880814e+18
8425b25b-a8f9-4eed-b0dc-49ee4613066e,1.7773445403214234e+18
8425b25b-a8f9-4eed-b0dc-49ee4613066e,1.7773445403547656e+18
8425b25b-a8f9-4eed-b0dc-49ee4613066e,1.7773445403881085e+18
8425b25b-a8f9-4eed-b0dc-49ee4613066e,1.7773445404214505e+18
8425b25b-a8f9-4eed-b0dc-49ee4613066e,1.7773445404547935e+18
8425b25b-a8f9-4eed-b0dc-49ee4613066e,1.7773445404881354e+18
8425b25b-a8f9-4eed-b0dc-49ee4613066e,1.7773445405214784e+18
8425b25b-a8f9-4eed-b0dc-49ee4613066e,1.7773445405548204e+18
8425b25b-a8f9-4eed-b0dc-49ee4613066e,1.7773445405881633e+18
8425b25b-a8f9-4eed-b0dc-49ee4613066e,1.7773445406215055e+18
8425b25b-a8f9-4eed-b0dc-49ee4613066e,1.7773445406548485e+18
8425b25b-a8f9-4eed-b0dc-49ee4613066e,1.7773445406881905e+18
8425b25b-a8f9-4eed-b0dc-49ee4613066e,1.7773445407215324e+18
8425b25b-a8f9-4eed-b0dc-49ee4613066e,1.7773445407548754e+18
8425b25b-a8f9-4eed-b0dc-49ee4613066e,1.7773445407882173e+18
8425b25b-a8f9-4eed-b0dc-49ee4613066e,1.7773445408215603e+18
8425b25b-a8f9-4eed-b0dc-49ee4613066e,1.7773445408549025e+18
8425b25b-a8f9-4eed-b0dc-49ee4613066e,1.7773445408882455e+18
8425b25b-a8f9-4eed-b0dc-49ee4613066e,1.7773445409215875e+18
8425b25b-a8f9-4eed-b0dc-49ee4613066e,1.7773445409549304e+18
8425b25b-a8f9-4eed-b0dc-49ee4613066e,1.7773445409882724e+18
8425b25b-a8f9-4eed-b0dc-49ee4613066e,1.7773445410216143e+18
8425b25b-a8f9-4eed-b0dc-49ee4613066e,1.7773445410549576e+18
8425b25b-a8f9-4eed-b0dc-49ee4613066e,1.7773445410882995e+18
8425b25b-a8f9-4eed-b0dc-49ee4613066e,1.7773445411216425e+18
8425b25b-a8f9-4eed-b0dc-49ee4613066e,1.7773445411549844e+18
8425b25b-a8f9-4eed-b0dc-49ee4613066e,1.7773445411883274e+18
8425b25b-a8f9-4eed-b0dc-49ee4613066e,1.7773445412216694e+18
8425b25b-a8f9-4eed-b0dc-49ee4613066e,1.7773445412550124e+18
8425b25b-a8f9-4eed-b0dc-49ee4613066e,1.7773445412883546e+18
8425b25b-a8f9-4eed-b0dc-49ee4613066e,1.7773445413216965e+18
8425b25b-a8f9-4eed-b0dc-49ee4613066e,1.7773445413550395e+18
8425b25b-a8f9-4eed-b0dc-49ee4613066e,1.7773445413883814e+18
8425b25b-a8f9-4eed-b0dc-49ee4613066e,1.7773445414217244e+18
8425b25b-a8f9-4eed-b0dc-49ee4613066e,1.7773445414550664e+18
8425b25b-a8f9-4eed-b0dc-49ee4613066e,1.7773445414884093e+18
8425b25b-a8f9-4eed-b0dc-49ee4613066e,1.7773445415217516e+18
8425b25b-a8f9-4eed-b0dc-49ee4613066e,1.7773445415550945e+18
8425b25b-a8f9-4eed-b0dc-49ee4613066e,1.7773445415884365e+18
8425b25b-a8f9-4eed-b0dc-49ee4613066e,1.7773445416217784e+18
8425b25b-a8f9-4eed-b0dc-49ee4613066e,1.7773445416551214e+18
8425b25b-a8f9-4eed-b0dc-49ee4613066e,1.7773445416884634e+18
8425b25b-a8f9-4eed-b0dc-49ee4613066e,1.7773445417218063e+18
8425b25b-a8f9-4eed-b0dc-49ee4613066e,1.7773445417551485e+18
8425b25b-a8f9-4eed-b0dc-49ee4613066e,1.7773445417884915e+18
8425b25b-a8f9-4eed-b0dc-49ee4613066e,1.7773445418218335e+18
8425b25b-a8f9-4eed-b0dc-49ee4613066e,1.7773445418551764e+18
8425b25b-a8f9-4eed-b0dc-49ee4613066e,1.7773445418885184e+18
8425b25b-a8f9-4eed-b0dc-49ee4613066e,1.7773445419218604e+18
8425b25b-a8f9-4eed-b0dc-49ee4613066e,1.7773445419552033e+18
8425b25b-a8f9-4eed-b0dc-49ee4613066e,1.7773445419885455e+18
8425b25b-a8f9-4eed-b0dc-49ee4613066e,1.7773445420218885e+18
8425b25b-a8f9-4eed-b0dc-49ee4613066e,1.7773445420552305e+18
8425b25b-a8f9-4eed-b0dc-49ee4613066e,1.7773445420885734e+18
8425b25b-a8f9-4eed-b0dc-49ee4613066e,1.7773445421219154e+18
8425b25b-a8f9-4eed-b0dc-49ee4613066e,1.7773445421552584e+18
8425b25b-a8f9-4eed-b0dc-49ee4613066e,1.7773445421886003e+18
8425b25b-a8f9-4eed-b0dc-49ee4613066e,1.7773445422219425e+18
8425b25b-a8f9-4eed-b0dc-49ee4613066e,1.7773445422552855e+18
8425b25b-a8f9-4eed-b0dc-49ee4613066e,1.7773445422886275e+18
8425b25b-a8f9-4eed-b0dc-49ee4613066e,1.7773445423219704e+18
8425b25b-a8f9-4eed-b0dc-49ee4613066e,1.7773445423553124e+18
8425b25b-a8f9-4eed-b0dc-49ee4613066e,1.7773445423886554e+18
8425b25b-a8f9-4eed-b0dc-49ee4613066e,1.7773445424219976e+18
8425b25b-a8f9-4eed-b0dc-49ee4613066e,1.7773445424553405e+18
8425b25b-a8f9-4eed-b0dc-49ee4613066e,1.7773445424886825e+18
8425b25b-a8f9-4eed-b0dc-49ee4613066e,1.7773445425220255e+18
8425b25b-a8f9-4eed-b0dc-49ee4613066e,1.7773445425553674e+18
8425b25b-a8f9-4eed-b0dc-49ee4613066e,1.7773445425887094e+18
8425b25b-a8f9-4eed-b0dc-49ee4613066e,1.7773445426220524e+18
8425b25b-a8f9-4eed-b0dc-49ee4613066e,1.7773445426553946e+18
8425b25b-a8f9-4eed-b0dc-49ee4613066e,1.7773445426887375e+18
8425b25b-a8f9-4eed-b0dc-49ee4613066e,1.7773445427220795e+18
8425b25b-a8f9-4eed-b0dc-49ee4613066e,1.7773445427554225e+18
8425b25b-a8f9-4eed-b0dc-49ee4613066e,1.7773445427887644e+18
8425b25b-a8f9-4eed-b0dc-49ee4613066e,1.7773445428221074e+18
8425b25b-a8f9-4eed-b0dc-49ee4613066e,1.7773445428554493e+18
8425b25b-a8f9-4eed-b0dc-49ee4613066e,1.7773445428887916e+18
8425b25b-a8f9-4eed-b0dc-49ee4613066e,1.7773445429221345e+18
8425b25b-a8f9-4eed-b0dc-49ee4613066e,1.7773445429554765e+18
8425b25b-a8f9-4eed-b0dc-49ee4613066e,1.7773445429888195e+18
8425b25b-a8f9-4eed-b0dc-49ee4613066e,1.7773445430221614e+18
8425b25b-a8f9-4eed-b0dc-49ee4613066e,1.7773445430555044e+18
8425b25b-a8f9-4eed-b0dc-49ee4613066e,1.7773445430888463e+18
8425b25b-a8f9-4eed-b0dc-49ee4613066e,1.7773445431221896e+18
8425b25b-a8f9-4eed-b0dc-49ee4613066e,1.7773445431555315e+18
8425b25b-a8f9-4eed-b0dc-49ee4613066e,1.7773445431888735e+18
8425b25b-a8f9-4eed-b0dc-49ee4613066e,1.7773445432222164e+18
8425b25b-a8f9-4eed-b0dc-49ee4613066e,1.7773445432555584e+18
8425b25b-a8f9-4eed-b0dc-49ee4613066e,1.7773445432889014e+18
8425b25b-a8f9-4eed-b0dc-49ee4613066e,1.7773445433222433e+18
8425b25b-a8f9-4eed-b0dc-49ee4613066e,1.7773445433555866e+18
8425b25b-a8f9-4eed-b0dc-49ee4613066e,1.7773445433889285e+18
8425b25b-a8f9-4eed-b0dc-49ee4613066e,1.7773445434222715e+18
8425b25b-a8f9-4eed-b0dc-49ee4613066e,1.7773445434556134e+18
8425b25b-a8f9-4eed-b0dc-49ee4613066e,1.7773445434889554e+18
8425b25b-a8f9-4eed-b0dc-49ee4613066e,1.7773445435222984e+18
8425b25b-a8f9-4eed-b0dc-49ee4613066e,1.7773445435556403e+18
8425b25b-a8f9-4eed-b0dc-49ee4613066e,1.7773445435889836e+18
8425b25b-a8f9-4eed-b0dc-49ee4613066e,1.7773445436223255e+18
8425b25b-a8f9-4eed-b0dc-49ee4613066e,1.7773445436556685e+18
8425b25b-a8f9-4eed-b0dc-49ee4613066e,1.7773445436890104e+18
8425b25b-a8f9-4eed-b0dc-49ee4613066e,1.7773445437223534e+18
8425b25b-a8f9-4eed-b0dc-49ee4613066e,1.7773445437556954e+18
8425b25b-a8f9-4eed-b0dc-49ee4613066e,1.7773445437890376e+18
8425b25b-a8f9-4eed-b0dc-49ee4613066e,1.7773445438223805e+18
8425b25b-a8f9-4eed-b0dc-49ee4613066e,1.7773445438557225e+18
8425b25b-a8f9-4eed-b0dc-49ee4613066e,1.7773445438890655e+18
8425b25b-a8f9-4eed-b0dc-49ee4613066e,1.7773445439224074e+18
8425b25b-a8f9-4eed-b0dc-49ee4613066e,1.7773445439557504e+18
8425b25b-a8f9-4eed-b0dc-49ee4613066e,1.7773445439890924e+18
8425b25b-a8f9-4eed-b0dc-49ee4613066e,1.7773445440224353e+18
8425b25b-a8f9-4eed-b0dc-49ee4613066e,1.7773445440557775e+18
8425b25b-a8f9-4eed-b0dc-49ee4613066e,1.7773445440891195e+18
8425b25b-a8f9-4eed-b0dc-49ee4613066e,1.7773445441224625e+18
8425b25b-a8f9-4eed-b0dc-49ee4613066e,1.7773445441558044e+18
8425b25b-a8f9-4eed-b0dc-49ee4613066e,1.7773445441891474e+18
8425b25b-a8f9-4eed-b0dc-49ee4613066e,1.7773445442224893e+18
8425b25b-a8f9-4eed-b0dc-49ee4613066e,1.7773445442558326e+18
8425b25b-a8f9-4eed-b0dc-49ee4613066e,1.7773445442891745e+18
8425b25b-a8f9-4eed-b0dc-49ee4613066e,1.7773445443225175e+18
8425b25b-a8f9-4eed-b0dc-49ee4613066e,1.7773445443558595e+18
8425b25b-a8f9-4eed-b0dc-49ee4613066e,1.7773445443892024e+18
8425b25b-a8f9-4eed-b0dc-49ee4613066e,1.7773445444225444e+18
8425b25b-a8f9-4eed-b0dc-49ee4613066e,1.7773445444558863e+18
8425b25b-a8f9-4eed-b0dc-49ee4613066e,1.7773445444892296e+18
8425b25b-a8f9-4eed-b0dc-49ee4613066e,1.7773445445225715e+18
8425b25b-a8f9-4eed-b0dc-49ee4613066e,1.7773445445559145e+18
8425b25b-a8f9-4eed-b0dc-49ee4613066e,1.7773445445892564e+18
8425b25b-a8f9-4eed-b0dc-49ee4613066e,1.7773445446225994e+18
8425b25b-a8f9-4eed-b0dc-49ee4613066e,1.7773445446559414e+18
8425b25b-a8f9-4eed-b0dc-49ee4613066e,1.7773445446892844e+18
8425b25b-a8f9-4eed-b0dc-49ee4613066e,1.7773445447226266e+18
8425b25b-a8f9-4eed-b0dc-49ee4613066e,1.7773445447559685e+18
8425b25b-a8f9-4eed-b0dc-49ee4613066e,1.7773445447893115e+18
8425b25b-a8f9-4eed-b0dc-49ee4613066e,1.7773445448226534e+18
8425b25b-a8f9-4eed-b0dc-49ee4613066e,1.7773445448559964e+18
8425b25b-a8f9-4eed-b0dc-49ee4613066e,1.7773445448893384e+18
8425b25b-a8f9-4eed-b0dc-49ee4613066e,1.7773445449226813e+18
8425b25b-a8f9-4eed-b0dc-49ee4613066e,1.7773445449560236e+18
8425b25b-a8f9-4eed-b0dc-49ee4613066e,1.7773445449893665e+18
8425b25b-a8f9-4eed-b0dc-49ee4613066e,1.7773445450227085e+18
8425b25b-a8f9-4eed-b0dc-49ee4613066e,1.7773445450560504e+18
8425b25b-a8f9-4eed-b0dc-49ee4613066e,1.7773445450893934e+18
8425b25b-a8f9-4eed-b0dc-49ee4613066e,1.7773445451227354e+18
8425b25b-a8f9-4eed-b0dc-49ee4613066e,1.7773445451560783e+18
8425b25b-a8f9-4eed-b0dc-49ee4613066e,1.7773445451894205e+18
8425b25b-a8f9-4eed-b0dc-49ee4613066e,1.7773445452227635e+18
8425b25b-a8f9-4eed-b0dc-49ee4613066e,1.7773445452561055e+18
8425b25b-a8f9-4eed-b0dc-49ee4613066e,1.7773445452894484e+18
8425b25b-a8f9-4eed-b0dc-49ee4613066e,1.7773445453227904e+18
8425b25b-a8f9-4eed-b0dc-49ee4613066e,1.7773445453561324e+18
8425b25b-a8f9-4eed-b0dc-49ee4613066e,1.7773445453894753e+18
8425b25b-a8f9-4eed-b0dc-49ee4613066e,1.7773445454228175e+18
8425b25b-a8f9-4eed-b0dc-49ee4613066e,1.7773445454561605e+18
8425b25b-a8f9-4eed-b0dc-49ee4613066e,1.7773445454895025e+18
8425b25b-a8f9-4eed-b0dc-49ee4613066e,1.7773445455228454e+18
8425b25b-a8f9-4eed-b0dc-49ee4613066e,1.7773445455561874e+18
8425b25b-a8f9-4eed-b0dc-49ee4613066e,1.7773445455895304e+18
8425b25b-a8f9-4eed-b0dc-49ee4613066e,1.7773445456228726e+18
8425b25b-a8f9-4eed-b0dc-49ee4613066e,1.7773445456562156e+18
8425b25b-a8f9-4eed-b0dc-49ee4613066e,1.7773445456895575e+18
8425b25b-a8f9-4eed-b0dc-49ee4613066e,1.7773445457228995e+18
8425b25b-a8f9-4eed-b0dc-49ee4613066e,1.7773445457562424e+18
8425b25b-a8f9-4eed-b0dc-49ee4613066e,1.7773445457895844e+18
8425b25b-a8f9-4eed-b0dc-49ee4613066e,1.7773445458229274e+18
8425b25b-a8f9-4eed-b0dc-49ee4613066e,1.7773445458562696e+18
8425b25b-a8f9-4eed-b0dc-49ee4613066e,1.7773445458896125e+18
8425b25b-a8f9-4eed-b0dc-49ee4613066e,1.7773445459229545e+18
8425b25b-a8f9-4eed-b0dc-49ee4613066e,1.7773445459562975e+18
8425b25b-a8f9-4eed-b0dc-49ee4613066e,1.7773445459896394e+18
8425b25b-a8f9-4eed-b0dc-49ee4613066e,1.7773445460229814e+18
8425b25b-a8f9-4eed-b0dc-49ee4613066e,1.7773445460563244e+18
8425b25b-a8f9-4eed-b0dc-49ee4613066e,1.7773445460896666e+18
8425b25b-a8f9-4eed-b0dc-49ee4613066e,1.7773445461230095e+18
8425b25b-a8f9-4eed-b0dc-49ee4613066e,1.7773445461563515e+18
8425b25b-a8f9-4eed-b0dc-49ee4613066e,1.7773445461896945e+18
8425b25b-a8f9-4eed-b0dc-49ee4613066e,1.7773445462230364e+18
8425b25b-a8f9-4eed-b0dc-49ee4613066e,1.7773445462563794e+18
8425b25b-a8f9-4eed-b0dc-49ee4613066e,1.7773445462897213e+18
8425b25b-a8f9-4eed-b0dc-49ee4613066e,1.7773445463230636e+18
8425b25b-a8f9-4eed-b0dc-49ee4613066e,1.7773445463564065e+18
8425b25b-a8f9-4eed-b0dc-49ee4613066e,1.7773445463897485e+18
8425b25b-a8f9-4eed-b0dc-49ee4613066e,1.7773445464230915e+18
8425b25b-a8f9-4eed-b0dc-49ee4613066e,1.7773445464564334e+18
8425b25b-a8f9-4eed-b0dc-49ee4613066e,1.7773445464897764e+18
8425b25b-a8f9-4eed-b0dc-49ee4613066e,1.7773445465231183e+18
8425b25b-a8f9-4eed-b0dc-49ee4613066e,1.7773445465564616e+18
8425b25b-a8f9-4eed-b0dc-49ee4613066e,1.7773445465898035e+18
8425b25b-a8f9-4eed-b0dc-49ee4613066e,1.7773445466231455e+18
8425b25b-a8f9-4eed-b0dc-49ee4613066e,1.7773445466564884e+18
8425b25b-a8f9-4eed-b0dc-49ee4613066e,1.7773445466898304e+18
8425b25b-a8f9-4eed-b0dc-49ee4613066e,1.7773445467231734e+18
8425b25b-a8f9-4eed-b0dc-49ee4613066e,1.7773445467565153e+18
8425b25b-a8f9-4eed-b0dc-49ee4613066e,1.7773445467898586e+18
8425b25b-a8f9-4eed-b0dc-49ee4613066e,1.7773445468232005e+18
8425b25b-a8f9-4eed-b0dc-49ee4613066e,1.7773445468565435e+18
8425b25b-a8f9-4eed-b0dc-49ee4613066e,1.7773445468898854e+18
8425b25b-a8f9-4eed-b0dc-49ee4613066e,1.7773445469232284e+18
8425b25b-a8f9-4eed-b0dc-49ee4613066e,1.7773445469565704e+18
8425b25b-a8f9-4eed-b0dc-49ee4613066e,1.7773445469899126e+18
8425b25b-a8f9-4eed-b0dc-49ee4613066e,1.7773445470232556e+18
8425b25b-a8f9-4eed-b0dc-49ee4613066e,1.7773445470565975e+18
8425b25b-a8f9-4eed-b0dc-49ee4613066e,1.7773445470899405e+18
8425b25b-a8f9-4eed-b0dc-49ee4613066e,1.7773445471232824e+18
8425b25b-a8f9-4eed-b0dc-49ee4613066e,1.7773445471566254e+18
8425b25b-a8f9-4eed-b0dc-49ee4613066e,1.7773445471899674e+18
8425b25b-a8f9-4eed-b0dc-49ee4613066e,1.7773445472233103e+18
8425b25b-a8f9-4eed-b0dc-49ee4613066e,1.7773445472566525e+18
8425b25b-a8f9-4eed-b0dc-49ee4613066e,1.7773445472899945e+18
8425b25b-a8f9-4eed-b0dc-49ee4613066e,1.7773445473233375e+18
8425b25b-a8f9-4eed-b0dc-49ee4613066e,1.7773445473566794e+18
8425b25b-a8f9-4eed-b0dc-49ee4613066e,1.7773445473900224e+18
8425b25b-a8f9-4eed-b0dc-49ee4613066e,1.7773445474233644e+18
8425b25b-a8f9-4eed-b0dc-49ee4613066e,1.7773445474567073e+18
8425b25b-a8f9-4eed-b0dc-49ee4613066e,1.7773445474900495e+18
8425b25b-a8f9-4eed-b0dc-49ee4613066e,1.7773445475233925e+18
8425b25b-a8f9-4eed-b0dc-49ee4613066e,1.7773445475567345e+18
8425b25b-a8f9-4eed-b0dc-49ee4613066e,1.7773445475900764e+18
8425b25b-a8f9-4eed-b0dc-49ee4613066e,1.7773445476234194e+18
8425b25b-a8f9-4eed-b0dc-49ee4613066e,1.7773445476567613e+18
8425b25b-a8f9-4eed-b0dc-49ee4613066e,1.7773445476901043e+18
8425b25b-a8f9-4eed-b0dc-49ee4613066e,1.7773445477234465e+18
8425b25b-a8f9-4eed-b0dc-49ee4613066e,1.7773445477567895e+18
8425b25b-a8f9-4eed-b0dc-49ee4613066e,1.7773445477901315e+18
8425b25b-a8f9-4eed-b0dc-49ee4613066e,1.7773445478234744e+18
8425b25b-a8f9-4eed-b0dc-49ee4613066e,1.7773445478568164e+18
8425b25b-a8f9-4eed-b0dc-49ee4613066e,1.7773445478901583e+18
8425b25b-a8f9-4eed-b0dc-49ee4613066e,1.7773445479235016e+18
8425b25b-a8f9-4eed-b0dc-49ee4613066e,1.7773445479568435e+18
8425b25b-a8f9-4eed-b0dc-49ee4613066e,1.7773445479901865e+18
8425b25b-a8f9-4eed-b0dc-49ee4613066e,1.7773445480235284e+18
8425b25b-a8f9-4eed-b0dc-49ee4613066e,1.7773445480568714e+18
8425b25b-a8f9-4eed-b0dc-49ee4613066e,1.7773445480902134e+18
8425b25b-a8f9-4eed-b0dc-49ee4613066e,1.7773445481235564e+18
8425b25b-a8f9-4eed-b0dc-49ee4613066e,1.7773445481568986e+18
8425b25b-a8f9-4eed-b0dc-49ee4613066e,1.7773445481902405e+18
8425b25b-a8f9-4eed-b0dc-49ee4613066e,1.7773445482235835e+18
8425b25b-a8f9-4eed-b0dc-49ee4613066e,1.7773445482569254e+18
8425b25b-a8f9-4eed-b0dc-49ee4613066e,1.7773445482902684e+18
8425b25b-a8f9-4eed-b0dc-49ee4613066e,1.7773445483236104e+18
8425b25b-a8f9-4eed-b0dc-49ee4613066e,1.7773445483569533e+18
8425b25b-a8f9-4eed-b0dc-49ee4613066e,1.7773445483902956e+18
8425b25b-a8f9-4eed-b0dc-49ee4613066e,1.7773445484236385e+18
8425b25b-a8f9-4eed-b0dc-49ee4613066e,1.7773445484569805e+18
8425b25b-a8f9-4eed-b0dc-49ee4613066e,1.7773445484903224e+18
8425b25b-a8f9-4eed-b0dc-49ee4613066e,1.7773445485236654e+18
8425b25b-a8f9-4eed-b0dc-49ee4613066e,1.7773445485570074e+18
8425b25b-a8f9-4eed-b0dc-49ee4613066e,1.7773445485903503e+18
8425b25b-a8f9-4eed-b0dc-49ee4613066e,1.7773445486236925e+18
8425b25b-a8f9-4eed-b0dc-49ee4613066e,1.7773445486570355e+18
8425b25b-a8f9-4eed-b0dc-49ee4613066e,1.7773445486903775e+18
8425b25b-a8f9-4eed-b0dc-49ee4613066e,1.7773445487237204e+18
8425b25b-a8f9-4eed-b0dc-49ee4613066e,1.7773445487570624e+18
8425b25b-a8f9-4eed-b0dc-49ee4613066e,1.7773445487904054e+18
8425b25b-a8f9-4eed-b0dc-49ee4613066e,1.7773445488237473e+18
8425b25b-a8f9-4eed-b0dc-49ee4613066e,1.7773445488570895e+18
8425b25b-a8f9-4eed-b0dc-49ee4613066e,1.7773445488904325e+18
8425b25b-a8f9-4eed-b0dc-49ee4613066e,1.7773445489237745e+18
8425b25b-a8f9-4eed-b0dc-49ee4613066e,1.7773445489571174e+18
8425b25b-a8f9-4eed-b0dc-49ee4613066e,1.7773445489904594e+18
8425b25b-a8f9-4eed-b0dc-49ee4613066e,1.7773445490238024e+18
8425b25b-a8f9-4eed-b0dc-49ee4613066e,1.7773445490571443e+18
8425b25b-a8f9-4eed-b0dc-49ee4613066e,1.7773445490904876e+18
8425b25b-a8f9-4eed-b0dc-49ee4613066e,1.7773445491238295e+18
8425b25b-a8f9-4eed-b0dc-49ee4613066e,1.7773445491571715e+18
8425b25b-a8f9-4eed-b0dc-49ee4613066e,1.7773445491905144e+18
8425b25b-a8f9-4eed-b0dc-49ee4613066e,1.7773445492238564e+18
8425b25b-a8f9-4eed-b0dc-49ee4613066e,1.7773445492571994e+18
8425b25b-a8f9-4eed-b0dc-49ee4613066e,1.7773445492905416e+18
8425b25b-a8f9-4eed-b0dc-49ee4613066e,1.7773445493238845e+18
8425b25b-a8f9-4eed-b0dc-49ee4613066e,1.7773445493572265e+18
8425b25b-a8f9-4eed-b0dc-49ee4613066e,1.7773445493905695e+18
8425b25b-a8f9-4eed-b0dc-49ee4613066e,1.7773445494239114e+18
8425b25b-a8f9-4eed-b0dc-49ee4613066e,1.7773445494572534e+18
8425b25b-a8f9-4eed-b0dc-49ee4613066e,1.7773445494905964e+18
8425b25b-a8f9-4eed-b0dc-49ee4613066e,1.7773445495239386e+18
8425b25b-a8f9-4eed-b0dc-49ee4613066e,1.7773445495572815e+18
8425b25b-a8f9-4eed-b0dc-49ee4613066e,1.7773445495906235e+18
8425b25b-a8f9-4eed-b0dc-49ee4613066e,1.7773445496239665e+18
8425b25b-a8f9-4eed-b0dc-49ee4613066e,1.7773445496573084e+18
8425b25b-a8f9-4eed-b0dc-49ee4613066e,1.7773445496906514e+18
8425b25b-a8f9-4eed-b0dc-49ee4613066e,1.7773445497239933e+18
8425b25b-a8f9-4eed-b0dc-49ee4613066e,1.7773445497573356e+18
8425b25b-a8f9-4eed-b0dc-49ee4613066e,1.7773445497906785e+18
8425b25b-a8f9-4eed-b0dc-49ee4613066e,1.7773445498240205e+18
8425b25b-a8f9-4eed-b0dc-49ee4613066e,1.7773445498573635e+18
8425b25b-a8f9-4eed-b0dc-49ee4613066e,1.7773445498907054e+18
8425b25b-a8f9-4eed-b0dc-49ee4613066e,1.7773445499240484e+18
8425b25b-a8f9-4eed-b0dc-49ee4613066e,1.7773445499573903e+18
8425b25b-a8f9-4eed-b0dc-49ee4613066e,1.7773445499907336e+18
8425b25b-a8f9-4eed-b0dc-49ee4613066e,1.7773445500240755e+18
8425b25b-a8f9-4eed-b0dc-49ee4613066e,1.7773445500574175e+18
8425b25b-a8f9-4eed-b0dc-49ee4613066e,1.7773445500907604e+18
8425b25b-a8f9-4eed-b0dc-49ee4613066e,1.7773445501241024e+18
8425b25b-a8f9-4eed-b0dc-49ee4613066e,1.7773445501574454e+18
8425b25b-a8f9-4eed-b0dc-49ee4613066e,1.7773445501907873e+18
8425b25b-a8f9-4eed-b0dc-49ee4613066e,1.7773445502241306e+18
8425b25b-a8f9-4eed-b0dc-49ee4613066e,1.7773445502574725e+18
8425b25b-a8f9-4eed-b0dc-49ee4613066e,1.7773445502908155e+18
8425b25b-a8f9-4eed-b0dc-49ee4613066e,1.7773445503241574e+18
8425b25b-a8f9-4eed-b0dc-49ee4613066e,1.7773445503574994e+18
8425b25b-a8f9-4eed-b0dc-49ee4613066e,1.7773445503908424e+18
8425b25b-a8f9-4eed-b0dc-49ee4613066e,1.7773445504241843e+18
8425b25b-a8f9-4eed-b0dc-49ee4613066e,1.7773445504575276e+18
8425b25b-a8f9-4eed-b0dc-49ee4613066e,1.7773445504908695e+18
8425b25b-a8f9-4eed-b0dc-49ee4613066e,1.7773445505242125e+18
8425b25b-a8f9-4eed-b0dc-49ee4613066e,1.7773445505575544e+18
8425b25b-a8f9-4eed-b0dc-49ee4613066e,1.7773445505908974e+18
8425b25b-a8f9-4eed-b0dc-49ee4613066e,1.7773445506242394e+18
8425b25b-a8f9-4eed-b0dc-49ee4613066e,1.7773445506575823e+18
8425b25b-a8f9-4eed-b0dc-49ee4613066e,1.7773445506909245e+18
8425b25b-a8f9-4eed-b0dc-49ee4613066e,1.7773445507242665e+18
8425b25b-a8f9-4eed-b0dc-49ee4613066e,1.7773445507576095e+18
8425b25b-a8f9-4eed-b0dc-49ee4613066e,1.7773445507909514e+18
8425b25b-a8f9-4eed-b0dc-49ee4613066e,1.7773445508242944e+18
8425b25b-a8f9-4eed-b0dc-49ee4613066e,1.7773445508576364e+18
8425b25b-a8f9-4eed-b0dc-49ee4613066e,1.7773445508909793e+18
8425b25b-a8f9-4eed-b0dc-49ee4613066e,1.7773445509243215e+18
8425b25b-a8f9-4eed-b0dc-49ee4613066e,1.7773445509576645e+18
8425b25b-a8f9-4eed-b0dc-49ee4613066e,1.7773445509910065e+18
8425b25b-a8f9-4eed-b0dc-49ee4613066e,1.7773445510243484e+18
8425b25b-a8f9-4eed-b0dc-49ee4613066e,1.7773445510576914e+18
8425b25b-a8f9-4eed-b0dc-49ee4613066e,1.7773445510910333e+18
8425b25b-a8f9-4eed-b0dc-49ee4613066e,1.7773445511243766e+18
8425b25b-a8f9-4eed-b0dc-49ee4613066e,1.7773445511577185e+18
8425b25b-a8f9-4eed-b0dc-49ee4613066e,1.7773445511910615e+18
8425b25b-a8f9-4eed-b0dc-49ee4613066e,1.7773445512244035e+18
8425b25b-a8f9-4eed-b0dc-49ee4613066e,1.7773445512577464e+18
8425b25b-a8f9-4eed-b0dc-49ee4613066e,1.7773445512910884e+18
8425b25b-a8f9-4eed-b0dc-49ee4613066e,1.7773445513244303e+18
8425b25b-a8f9-4eed-b0dc-49ee4613066e,1.7773445513577736e+18
8425b25b-a8f9-4eed-b0dc-49ee4613066e,1.7773445513911155e+18
8425b25b-a8f9-4eed-b0dc-49ee4613066e,1.7773445514244585e+18
8425b25b-a8f9-4eed-b0dc-49ee4613066e,1.7773445514578004e+18
8425b25b-a8f9-4eed-b0dc-49ee4613066e,1.7773445514911434e+18
8425b25b-a8f9-4eed-b0dc-49ee4613066e,1.7773445515244854e+18
8425b25b-a8f9-4eed-b0dc-49ee4613066e,1.7773445515578284e+18
8425b25b-a8f9-4eed-b0dc-49ee4613066e,1.7773445515911706e+18
8425b25b-a8f9-4eed-b0dc-49ee4613066e,1.7773445516245125e+18
8425b25b-a8f9-4eed-b0dc-49ee4613066e,1.7773445516578555e+18
8425b25b-a8f9-4eed-b0dc-49ee4613066e,1.7773445516911974e+18
8425b25b-a8f9-4eed-b0dc-49ee4613066e,1.7773445517245404e+18
8425b25b-a8f9-4eed-b0dc-49ee4613066e,1.7773445517578824e+18
8425b25b-a8f9-4eed-b0dc-49ee4613066e,1.7773445517912253e+18
8425b25b-a8f9-4eed-b0dc-49ee4613066e,1.7773445518245676e+18
8425b25b-a8f9-4eed-b0dc-49ee4613066e,1.7773445518579105e+18
8425b25b-a8f9-4eed-b0dc-49ee4613066e,1.7773445518912525e+18
8425b25b-a8f9-4eed-b0dc-49ee4613066e,1.7773445519245944e+18
8425b25b-a8f9-4eed-b0dc-49ee4613066e,1.7773445519579374e+18
8425b25b-a8f9-4eed-b0dc-49ee4613066e,1.7773445519912794e+18
8425b25b-a8f9-4eed-b0dc-49ee4613066e,1.7773445520246223e+18
8425b25b-a8f9-4eed-b0dc-49ee4613066e,1.7773445520579645e+18
8425b25b-a8f9-4eed-b0dc-49ee4613066e,1.7773445520913075e+18
8425b25b-a8f9-4eed-b0dc-49ee4613066e,1.7773445521246495e+18
8425b25b-a8f9-4eed-b0dc-49ee4613066e,1.7773445521579924e+18
8425b25b-a8f9-4eed-b0dc-49ee4613066e,1.7773445521913344e+18
8425b25b-a8f9-4eed-b0dc-49ee4613066e,1.7773445522246764e+18
8425b25b-a8f9-4eed-b0dc-49ee4613066e,1.7773445522580193e+18
8425b25b-a8f9-4eed-b0dc-49ee4613066e,1.7773445522913615e+18
8425b25b-a8f9-4eed-b0dc-49ee4613066e,1.7773445523247045e+18
8425b25b-a8f9-4eed-b0dc-49ee4613066e,1.7773445523580465e+18
8425b25b-a8f9-4eed-b0dc-49ee4613066e,1.7773445523913894e+18
8425b25b-a8f9-4eed-b0dc-49ee4613066e,1.7773445524247314e+18
8425b25b-a8f9-4eed-b0dc-49ee4613066e,1.7773445524580744e+18
8425b25b-a8f9-4eed-b0dc-49ee4613066e,1.7773445524914166e+18
8425b25b-a8f9-4eed-b0dc-49ee4613066e,1.7773445525247596e+18
8425b25b-a8f9-4eed-b0dc-49ee4613066e,1.7773445525581015e+18
8425b25b-a8f9-4eed-b0dc-49ee4613066e,1.7773445525914435e+18
8425b25b-a8f9-4eed-b0dc-49ee4613066e,1.7773445526247864e+18
8425b25b-a8f9-4eed-b0dc-49ee4613066e,1.7773445526581284e+18
8425b25b-a8f9-4eed-b0dc-49ee4613066e,1.7773445526914714e+18
8425b25b-a8f9-4eed-b0dc-49ee4613066e,1.7773445527248136e+18
8425b25b-a8f9-4eed-b0dc-49ee4613066e,1.7773445527581565e+18
8425b25b-a8f9-4eed-b0dc-49ee4613066e,1.7773445527914985e+18
8425b25b-a8f9-4eed-b0dc-49ee4613066e,1.7773445528248415e+18
8425b25b-a8f9-4eed-b0dc-49ee4613066e,1.7773445528581834e+18
8425b25b-a8f9-4eed-b0dc-49ee4613066e,1.7773445528915254e+18
8425b25b-a8f9-4eed-b0dc-49ee4613066e,1.7773445529248684e+18
8425b25b-a8f9-4eed-b0dc-49ee4613066e,1.7773445529582106e+18
8425b25b-a8f9-4eed-b0dc-49ee4613066e,1.7773445529915535e+18
8425b25b-a8f9-4eed-b0dc-49ee4613066e,1.7773445530248955e+18
8425b25b-a8f9-4eed-b0dc-49ee4613066e,1.7773445530582385e+18
8425b25b-a8f9-4eed-b0dc-49ee4613066e,1.7773445530915804e+18
8425b25b-a8f9-4eed-b0dc-49ee4613066e,1.7773445531249234e+18
8425b25b-a8f9-4eed-b0dc-49ee4613066e,1.7773445531582653e+18
8425b25b-a8f9-4eed-b0dc-49ee4613066e,1.7773445531916076e+18
8425b25b-a8f9-4eed-b0dc-49ee4613066e,1.7773445532249505e+18
8425b25b-a8f9-4eed-b0dc-49ee4613066e,1.7773445532582925e+18
8425b25b-a8f9-4eed-b0dc-49ee4613066e,1.7773445532916355e+18
8425b25b-a8f9-4eed-b0dc-49ee4613066e,1.7773445533249774e+18
8425b25b-a8f9-4eed-b0dc-49ee4613066e,1.7773445533583204e+18
8425b25b-a8f9-4eed-b0dc-49ee4613066e,1.7773445533916623e+18
8425b25b-a8f9-4eed-b0dc-49ee4613066e,1.7773445534250056e+18
8425b25b-a8f9-4eed-b0dc-49ee4613066e,1.7773445534583475e+18
8425b25b-a8f9-4eed-b0dc-49ee4613066e,1.7773445534916895e+18
8425b25b-a8f9-4eed-b0dc-49ee4613066e,1.7773445535250324e+18
8425b25b-a8f9-4eed-b0dc-49ee4613066e,1.7773445535583744e+18
8425b25b-a8f9-4eed-b0dc-49ee4613066e,1.7773445535917174e+18
8425b25b-a8f9-4eed-b0dc-49ee4613066e,1.7773445536250593e+18
8425b25b-a8f9-4eed-b0dc-49ee4613066e,1.7773445536584026e+18
8425b25b-a8f9-4eed-b0dc-49ee4613066e,1.7773445536917445e+18
8425b25b-a8f9-4eed-b0dc-49ee4613066e,1.7773445537250875e+18
8425b25b-a8f9-4eed-b0dc-49ee4613066e,1.7773445537584294e+18
8425b25b-a8f9-4eed-b0dc-49ee4613066e,1.7773445537917714e+18
8425b25b-a8f9-4eed-b0dc-49ee4613066e,1.7773445538251144e+18
8425b25b-a8f9-4eed-b0dc-49ee4613066e,1.7773445538584566e+18
8425b25b-a8f9-4eed-b0dc-49ee4613066e,1.7773445538917996e+18
8425b25b-a8f9-4eed-b0dc-49ee4613066e,1.7773445539251415e+18
8425b25b-a8f9-4eed-b0dc-49ee4613066e,1.7773445539584845e+18
8425b25b-a8f9-4eed-b0dc-49ee4613066e,1.7773445539918264e+18
8425b25b-a8f9-4eed-b0dc-49ee4613066e,1.7773445540251694e+18
8425b25b-a8f9-4eed-b0dc-49ee4613066e,1.7773445540585114e+18
8425b25b-a8f9-4eed-b0dc-49ee4613066e,1.7773445540918536e+18
8425b25b-a8f9-4eed-b0dc-49ee4613066e,1.7773445541251965e+18
8425b25b-a8f9-4eed-b0dc-49ee4613066e,1.7773445541585385e+18
8425b25b-a8f9-4eed-b0dc-49ee4613066e,1.7773445541918815e+18
8425b25b-a8f9-4eed-b0dc-49ee4613066e,1.7773445542252234e+18
8425b25b-a8f9-4eed-b0dc-49ee4613066e,1.7773445542585664e+18
8425b25b-a8f9-4eed-b0dc-49ee4613066e,1.7773445542919084e+18
8425b25b-a8f9-4eed-b0dc-49ee4613066e,1.7773445543252513e+18
8425b25b-a8f9-4eed-b0dc-49ee4613066e,1.7773445543585935e+18
8425b25b-a8f9-4eed-b0dc-49ee4613066e,1.7773445543919365e+18
8425b25b-a8f9-4eed-b0dc-49ee4613066e,1.7773445544252785e+18
8425b25b-a8f9-4eed-b0dc-49ee4613066e,1.7773445544586204e+18
8425b25b-a8f9-4eed-b0dc-49ee4613066e,1.7773445544919634e+18
8425b25b-a8f9-4eed-b0dc-49ee4613066e,1.7773445545253053e+18
8425b25b-a8f9-4eed-b0dc-49ee4613066e,1.7773445545586483e+18
8425b25b-a8f9-4eed-b0dc-49ee4613066e,1.7773445545919905e+18
8425b25b-a8f9-4eed-b0dc-49ee4613066e,1.7773445546253335e+18
8425b25b-a8f9-4eed-b0dc-49ee4613066e,1.7773445546586755e+18
8425b25b-a8f9-4eed-b0dc-49ee4613066e,1.7773445546920184e+18
8425b25b-a8f9-4eed-b0dc-49ee4613066e,1.7773445547253604e+18
8425b25b-a8f9-4eed-b0dc-49ee4613066e,1.7773445547587023e+18
8425b25b-a8f9-4eed-b0dc-49ee4613066e,1.7773445547920456e+18
8425b25b-a8f9-4eed-b0dc-49ee4613066e,1.7773445548253875e+18
8425b25b-a8f9-4eed-b0dc-49ee4613066e,1.7773445548587305e+18
8425b25b-a8f9-4eed-b0dc-49ee4613066e,1.7773445548920724e+18
8425b25b-a8f9-4eed-b0dc-49ee4613066e,1.7773445549254154e+18
8425b25b-a8f9-4eed-b0dc-49ee4613066e,1.7773445549587574e+18
8425b25b-a8f9-4eed-b0dc-49ee4613066e,1.7773445549921004e+18
8425b25b-a8f9-4eed-b0dc-49ee4613066e,1.7773445550254426e+18
8425b25b-a8f9-4eed-b0dc-49ee4613066e,1.7773445550587845e+18
8425b25b-a8f9-4eed-b0dc-49ee4613066e,1.7773445550921275e+18
8425b25b-a8f9-4eed-b0dc-49ee4613066e,1.7773445551254694e+18
8425b25b-a8f9-4eed-b0dc-49ee4613066e,1.7773445551588124e+18
8425b25b-a8f9-4eed-b0dc-49ee4613066e,1.7773445551921544e+18
8425b25b-a8f9-4eed-b0dc-49ee4613066e,1.7773445552254973e+18
8425b25b-a8f9-4eed-b0dc-49ee4613066e,1.7773445552588396e+18
8425b25b-a8f9-4eed-b0dc-49ee4613066e,1.7773445552921825e+18
8425b25b-a8f9-4eed-b0dc-49ee4613066e,1.7773445553255245e+18
8425b25b-a8f9-4eed-b0dc-49ee4613066e,1.7773445553588664e+18
8425b25b-a8f9-4eed-b0dc-49ee4613066e,1.7773445553922094e+18
8425b25b-a8f9-4eed-b0dc-49ee4613066e,1.7773445554255514e+18
8425b25b-a8f9-4eed-b0dc-49ee4613066e,1.7773445554588943e+18
8425b25b-a8f9-4eed-b0dc-49ee4613066e,1.7773445554922365e+18
8425b25b-a8f9-4eed-b0dc-49ee4613066e,1.7773445555255795e+18
8425b25b-a8f9-4eed-b0dc-49ee4613066e,1.7773445555589215e+18
8425b25b-a8f9-4eed-b0dc-49ee4613066e,1.7773445555922644e+18
8425b25b-a8f9-4eed-b0dc-49ee4613066e,1.7773445556256064e+18
8425b25b-a8f9-4eed-b0dc-49ee4613066e,1.7773445556589484e+18
8425b25b-a8f9-4eed-b0dc-49ee4613066e,1.7773445556922913e+18
8425b25b-a8f9-4eed-b0dc-49ee4613066e,1.7773445557256335e+18
8425b25b-a8f9-4eed-b0dc-49ee4613066e,1.7773445557589765e+18
8425b25b-a8f9-4eed-b0dc-49ee4613066e,1.7773445557923185e+18
8425b25b-a8f9-4eed-b0dc-49ee4613066e,1.7773445558256614e+18
8425b25b-a8f9-4eed-b0dc-49ee4613066e,1.7773445558590034e+18
8425b25b-a8f9-4eed-b0dc-49ee4613066e,1.7773445558923464e+18
8425b25b-a8f9-4eed-b0dc-49ee4613066e,1.7773445559256883e+18
8425b25b-a8f9-4eed-b0dc-49ee4613066e,1.7773445559590305e+18
8425b25b-a8f9-4eed-b0dc-49ee4613066e,1.7773445559923735e+18
8425b25b-a8f9-4eed-b0dc-49ee4613066e,1.7773445560257155e+18
8425b25b-a8f9-4eed-b0dc-49ee4613066e,1.7773445560590584e+18
8425b25b-a8f9-4eed-b0dc-49ee4613066e,1.7773445560924004e+18
8425b25b-a8f9-4eed-b0dc-49ee4613066e,1.7773445561257434e+18
8425b25b-a8f9-4eed-b0dc-49ee4613066e,1.7773445561590856e+18
8425b25b-a8f9-4eed-b0dc-49ee4613066e,1.7773445561924285e+18
8425b25b-a8f9-4eed-b0dc-49ee4613066e,1.7773445562257705e+18
8425b25b-a8f9-4eed-b0dc-49ee4613066e,1.7773445562591135e+18
8425b25b-a8f9-4eed-b0dc-49ee4613066e,1.7773445562924554e+18
8425b25b-a8f9-4eed-b0dc-49ee4613066e,1.7773445563257974e+18
8425b25b-a8f9-4eed-b0dc-49ee4613066e,1.7773445563591404e+18
8425b25b-a8f9-4eed-b0dc-49ee4613066e,1.7773445563924826e+18
8425b25b-a8f9-4eed-b0dc-49ee4613066e,1.7773445564258255e+18
8425b25b-a8f9-4eed-b0dc-49ee4613066e,1.7773445564591675e+18
8425b25b-a8f9-4eed-b0dc-49ee4613066e,1.7773445564925105e+18
8425b25b-a8f9-4eed-b0dc-49ee4613066e,1.7773445565258524e+18
8425b25b-a8f9-4eed-b0dc-49ee4613066e,1.7773445565591954e+18
8425b25b-a8f9-4eed-b0dc-49ee4613066e,1.7773445565925373e+18
8425b25b-a8f9-4eed-b0dc-49ee4613066e,1.7773445566258796e+18
8425b25b-a8f9-4eed-b0dc-49ee4613066e,1.7773445566592225e+18
8425b25b-a8f9-4eed-b0dc-49ee4613066e,1.7773445566925645e+18
8425b25b-a8f9-4eed-b0dc-49ee4613066e,1.7773445567259075e+18
8425b25b-a8f9-4eed-b0dc-49ee4613066e,1.7773445567592494e+18
8425b25b-a8f9-4eed-b0dc-49ee4613066e,1.7773445567925924e+18
8425b25b-a8f9-4eed-b0dc-49ee4613066e,1.7773445568259343e+18
8425b25b-a8f9-4eed-b0dc-49ee4613066e,1.7773445568592776e+18
8425b25b-a8f9-4eed-b0dc-49ee4613066e,1.7773445568926195e+18
8425b25b-a8f9-4eed-b0dc-49ee4613066e,1.7773445569259615e+18
8425b25b-a8f9-4eed-b0dc-49ee4613066e,1.7773445569593044e+18
8425b25b-a8f9-4eed-b0dc-49ee4613066e,1.7773445569926464e+18
8425b25b-a8f9-4eed-b0dc-49ee4613066e,1.7773445570259894e+18
8425b25b-a8f9-4eed-b0dc-49ee4613066e,1.7773445570593313e+18
8425b25b-a8f9-4eed-b0dc-49ee4613066e,1.7773445570926746e+18
8425b25b-a8f9-4eed-b0dc-49ee4613066e,1.7773445571260165e+18
8425b25b-a8f9-4eed-b0dc-49ee4613066e,1.7773445571593595e+18
8425b25b-a8f9-4eed-b0dc-49ee4613066e,1.7773445571927014e+18
8425b25b-a8f9-4eed-b0dc-49ee4613066e,1.7773445572260434e+18
8425b25b-a8f9-4eed-b0dc-49ee4613066e,1.7773445572593864e+18
8425b25b-a8f9-4eed-b0dc-49ee4613066e,1.7773445572927283e+18
8425b25b-a8f9-4eed-b0dc-49ee4613066e,1.7773445573260716e+18
8425b25b-a8f9-4eed-b0dc-49ee4613066e,1.7773445573594135e+18
8425b25b-a8f9-4eed-b0dc-49ee4613066e,1.7773445573927565e+18
8425b25b-a8f9-4eed-b0dc-49ee4613066e,1.7773445574260984e+18
8425b25b-a8f9-4eed-b0dc-49ee4613066e,1.7773445574594414e+18
8425b25b-a8f9-4eed-b0dc-49ee4613066e,1.7773445574927834e+18
8425b25b-a8f9-4eed-b0dc-49ee4613066e,1.7773445575261256e+18
8425b25b-a8f9-4eed-b0dc-49ee4613066e,1.7773445575594685e+18
8425b25b-a8f9-4eed-b0dc-49ee4613066e,1.7773445575928105e+18
8425b25b-a8f9-4eed-b0dc-49ee4613066e,1.7773445576261535e+18
8425b25b-a8f9-4eed-b0dc-49ee4613066e,1.7773445576594954e+18
8425b25b-a8f9-4eed-b0dc-49ee4613066e,1.7773445576928384e+18
8425b25b-a8f9-4eed-b0dc-49ee4613066e,1.7773445577261804e+18
8425b25b-a8f9-4eed-b0dc-49ee4613066e,1.7773445577595233e+18
8425b25b-a8f9-4eed-b0dc-49ee4613066e,1.7773445577928655e+18
8425b25b-a8f9-4eed-b0dc-49ee4613066e,1.7773445578262075e+18
8425b25b-a8f9-4eed-b0dc-49ee4613066e,1.7773445578595505e+18
8425b25b-a8f9-4eed-b0dc-49ee4613066e,1.7773445578928924e+18
8425b25b-a8f9-4eed-b0dc-49ee4613066e,1.7773445579262354e+18
8425b25b-a8f9-4eed-b0dc-49ee4613066e,1.7773445579595773e+18
8425b25b-a8f9-4eed-b0dc-49ee4613066e,1.7773445579929206e+18
8425b25b-a8f9-4eed-b0dc-49ee4613066e,1.7773445580262625e+18
8425b25b-a8f9-4eed-b0dc-49ee4613066e,1.7773445580596055e+18
8425b25b-a8f9-4eed-b0dc-49ee4613066e,1.7773445580929475e+18
8425b25b-a8f9-4eed-b0dc-49ee4613066e,1.7773445581262904e+18
8425b25b-a8f9-4eed-b0dc-49ee4613066e,1.7773445581596324e+18
8425b25b-a8f9-4eed-b0dc-49ee4613066e,1.7773445581929743e+18
8425b25b-a8f9-4eed-b0dc-49ee4613066e,1.7773445582263176e+18
8425b25b-a8f9-4eed-b0dc-49ee4613066e,1.7773445582596595e+18
8425b25b-a8f9-4eed-b0dc-49ee4613066e,1.7773445582930025e+18
8425b25b-a8f9-4eed-b0dc-49ee4613066e,1.7773445583263444e+18
8425b25b-a8f9-4eed-b0dc-49ee4613066e,1.7773445583596874e+18
8425b25b-a8f9-4eed-b0dc-49ee4613066e,1.7773445583930294e+18
8425b25b-a8f9-4eed-b0dc-49ee4613066e,1.7773445584263724e+18
8425b25b-a8f9-4eed-b0dc-49ee4613066e,1.7773445584597146e+18
8425b25b-a8f9-4eed-b0dc-49ee4613066e,1.7773445584930565e+18
8425b25b-a8f9-4eed-b0dc-49ee4613066e,1.7773445585263995e+18
8425b25b-a8f9-4eed-b0dc-49ee4613066e,1.7773445585597414e+18
8425b25b-a8f9-4eed-b0dc-49ee4613066e,1.7773445585930844e+18
8425b25b-a8f9-4eed-b0dc-49ee4613066e,1.7773445586264264e+18
8425b25b-a8f9-4eed-b0dc-49ee4613066e,1.7773445586597693e+18
8425b25b-a8f9-4eed-b0dc-49ee4613066e,1.7773445586931116e+18
8425b25b-a8f9-4eed-b0dc-49ee4613066e,1.7773445587264545e+18
8425b25b-a8f9-4eed-b0dc-49ee4613066e,1.7773445587597965e+18
8425b25b-a8f9-4eed-b0dc-49ee4613066e,1.7773445587931384e+18
8425b25b-a8f9-4eed-b0dc-49ee4613066e,1.7773445588264814e+18
8425b25b-a8f9-4eed-b0dc-49ee4613066e,1.7773445588598234e+18
8425b25b-a8f9-4eed-b0dc-49ee4613066e,1.7773445588931663e+18
8425b25b-a8f9-4eed-b0dc-49ee4613066e,1.7773445589265085e+18
8425b25b-a8f9-4eed-b0dc-49ee4613066e,1.7773445589598515e+18
8425b25b-a8f9-4eed-b0dc-49ee4613066e,1.7773445589931935e+18
8425b25b-a8f9-4eed-b0dc-49ee4613066e,1.7773445590265364e+18
8425b25b-a8f9-4eed-b0dc-49ee4613066e,1.7773445590598784e+18
8425b25b-a8f9-4eed-b0dc-49ee4613066e,1.7773445590932204e+18
8425b25b-a8f9-4eed-b0dc-49ee4613066e,1.7773445591265633e+18
8425b25b-a8f9-4eed-b0dc-49ee4613066e,1.7773445591599055e+18
8425b25b-a8f9-4eed-b0dc-49ee4613066e,1.7773445591932485e+18
8425b25b-a8f9-4eed-b0dc-49ee4613066e,1.7773445592265905e+18
8425b25b-a8f9-4eed-b0dc-49ee4613066e,1.7773445592599334e+18
8425b25b-a8f9-4eed-b0dc-49ee4613066e,1.7773445592932754e+18
8425b25b-a8f9-4eed-b0dc-49ee4613066e,1.7773445593266184e+18
8425b25b-a8f9-4eed-b0dc-49ee4613066e,1.7773445593599606e+18
8425b25b-a8f9-4eed-b0dc-49ee4613066e,1.7773445593933025e+18
8425b25b-a8f9-4eed-b0dc-49ee4613066e,1.7773445594266455e+18
8425b25b-a8f9-4eed-b0dc-49ee4613066e,1.7773445594599875e+18
8425b25b-a8f9-4eed-b0dc-49ee4613066e,1.7773445594933304e+18
8425b25b-a8f9-4eed-b0dc-49ee4613066e,1.7773445595266724e+18
8425b25b-a8f9-4eed-b0dc-49ee4613066e,1.7773445595600154e+18
8425b25b-a8f9-4eed-b0dc-49ee4613066e,1.7773445595933576e+18
8425b25b-a8f9-4eed-b0dc-49ee4613066e,1.7773445596267005e+18
8425b25b-a8f9-4eed-b0dc-49ee4613066e,1.7773445596600425e+18
8425b25b-a8f9-4eed-b0dc-49ee4613066e,1.7773445596933844e+18
8425b25b-a8f9-4eed-b0dc-49ee4613066e,1.7773445597267274e+18
8425b25b-a8f9-4eed-b0dc-49ee4613066e,1.7773445597600694e+18
8425b25b-a8f9-4eed-b0dc-49ee4613066e,1.7773445597934124e+18
8425b25b-a8f9-4eed-b0dc-49ee4613066e,1.7773445598267546e+18
8425b25b-a8f9-4eed-b0dc-49ee4613066e,1.7773445598600975e+18
8425b25b-a8f9-4eed-b0dc-49ee4613066e,1.7773445598934395e+18
8425b25b-a8f9-4eed-b0dc-49ee4613066e,1.7773445599267825e+18
8425b25b-a8f9-4eed-b0dc-49ee4613066e,1.7773445599601244e+18
8425b25b-a8f9-4eed-b0dc-49ee4613066e,1.7773445599934674e+18
8425b25b-a8f9-4eed-b0dc-49ee4613066e,1.7773445600268093e+18
8425b25b-a8f9-4eed-b0dc-49ee4613066e,1.7773445600601516e+18
8425b25b-a8f9-4eed-b0dc-49ee4613066e,1.7773445600934945e+18
8425b25b-a8f9-4eed-b0dc-49ee4613066e,1.7773445601268365e+18
8425b25b-a8f9-4eed-b0dc-49ee4613066e,1.7773445601601795e+18
8425b25b-a8f9-4eed-b0dc-49ee4613066e,1.7773445601935214e+18
8425b25b-a8f9-4eed-b0dc-49ee4613066e,1.7773445602268644e+18
8425b25b-a8f9-4eed-b0dc-49ee4613066e,1.7773445602602063e+18
8425b25b-a8f9-4eed-b0dc-49ee4613066e,1.7773445602935496e+18
8425b25b-a8f9-4eed-b0dc-49ee4613066e,1.7773445603268915e+18
8425b25b-a8f9-4eed-b0dc-49ee4613066e,1.7773445603602335e+18
8425b25b-a8f9-4eed-b0dc-49ee4613066e,1.7773445603935764e+18
8425b25b-a8f9-4eed-b0dc-49ee4613066e,1.7773445604269184e+18
8425b25b-a8f9-4eed-b0dc-49ee4613066e,1.7773445604602614e+18
8425b25b-a8f9-4eed-b0dc-49ee4613066e,1.7773445604936033e+18
8425b25b-a8f9-4eed-b0dc-49ee4613066e,1.7773445605269466e+18
8425b25b-a8f9-4eed-b0dc-49ee4613066e,1.7773445605602885e+18
8425b25b-a8f9-4eed-b0dc-49ee4613066e,1.7773445605936315e+18
8425b25b-a8f9-4eed-b0dc-49ee4613066e,1.7773445606269734e+18
8425b25b-a8f9-4eed-b0dc-49ee4613066e,1.7773445606603154e+18
8425b25b-a8f9-4eed-b0dc-49ee4613066e,1.7773445606936584e+18
8425b25b-a8f9-4eed-b0dc-49ee4613066e,1.7773445607270006e+18
8425b25b-a8f9-4eed-b0dc-49ee4613066e,1.7773445607603436e+18
8425b25b-a8f9-4eed-b0dc-49ee4613066e,1.7773445607936855e+18
8425b25b-a8f9-4eed-b0dc-49ee4613066e,1.7773445608270285e+18
8425b25b-a8f9-4eed-b0dc-49ee4613066e,1.7773445608603704e+18
8425b25b-a8f9-4eed-b0dc-49ee4613066e,1.7773445608937134e+18
8425b25b-a8f9-4eed-b0dc-49ee4613066e,1.7773445609270554e+18
8425b25b-a8f9-4eed-b0dc-49ee4613066e,1.7773445609603976e+18
8425b25b-a8f9-4eed-b0dc-49ee4613066e,1.7773445609937405e+18
8425b25b-a8f9-4eed-b0dc-49ee4613066e,1.7773445610270825e+18
8425b25b-a8f9-4eed-b0dc-49ee4613066e,1.7773445610604255e+18
8425b25b-a8f9-4eed-b0dc-49ee4613066e,1.7773445610937674e+18
8425b25b-a8f9-4eed-b0dc-49ee4613066e,1.7773445611271104e+18
8425b25b-a8f9-4eed-b0dc-49ee4613066e,1.7773445611604524e+18
8425b25b-a8f9-4eed-b0dc-49ee4613066e,1.7773445611937953e+18
8425b25b-a8f9-4eed-b0dc-49ee4613066e,1.7773445612271375e+18
8425b25b-a8f9-4eed-b0dc-49ee4613066e,1.7773445612604805e+18
8425b25b-a8f9-4eed-b0dc-49ee4613066e,1.7773445612938225e+18
8425b25b-a8f9-4eed-b0dc-49ee4613066e,1.7773445613271644e+18
8425b25b-a8f9-4eed-b0dc-49ee4613066e,1.7773445613605074e+18
8425b25b-a8f9-4eed-b0dc-49ee4613066e,1.7773445613938493e+18
8425b25b-a8f9-4eed-b0dc-49ee4613066e,1.7773445614271923e+18
8425b25b-a8f9-4eed-b0dc-49ee4613066e,1.7773445614605345e+18
8425b25b-a8f9-4eed-b0dc-49ee4613066e,1.7773445614938775e+18
8425b25b-a8f9-4eed-b0dc-49ee4613066e,1.7773445615272195e+18
8425b25b-a8f9-4eed-b0dc-49ee4613066e,1.7773445615605624e+18
8425b25b-a8f9-4eed-b0dc-49ee4613066e,1.7773445615939044e+18
8425b25b-a8f9-4eed-b0dc-49ee4613066e,1.7773445616272463e+18
8425b25b-a8f9-4eed-b0dc-49ee4613066e,1.7773445616605896e+18
8425b25b-a8f9-4eed-b0dc-49ee4613066e,1.7773445616939315e+18
8425b25b-a8f9-4eed-b0dc-49ee4613066e,1.7773445617272745e+18
8425b25b-a8f9-4eed-b0dc-49ee4613066e,1.7773445617606164e+18
8425b25b-a8f9-4eed-b0dc-49ee4613066e,1.7773445617939594e+18
8425b25b-a8f9-4eed-b0dc-49ee4613066e,1.7773445618273014e+18
8425b25b-a8f9-4eed-b0dc-49ee4613066e,1.7773445618606444e+18
8425b25b-a8f9-4eed-b0dc-49ee4613066e,1.7773445618939866e+18
8425b25b-a8f9-4eed-b0dc-49ee4613066e,1.7773445619273285e+18
8425b25b-a8f9-4eed-b0dc-49ee4613066e,1.7773445619606715e+18
8425b25b-a8f9-4eed-b0dc-49ee4613066e,1.7773445619940134e+18
8425b25b-a8f9-4eed-b0dc-49ee4613066e,1.7773445620273564e+18
8425b25b-a8f9-4eed-b0dc-49ee4613066e,1.7773445620606984e+18
8425b25b-a8f9-4eed-b0dc-49ee4613066e,1.7773445620940413e+18
8425b25b-a8f9-4eed-b0dc-49ee4613066e,1.7773445621273836e+18
8425b25b-a8f9-4eed-b0dc-49ee4613066e,1.7773445621607265e+18
8425b25b-a8f9-4eed-b0dc-49ee4613066e,1.7773445621940685e+18
8425b25b-a8f9-4eed-b0dc-49ee4613066e,1.7773445622274104e+18
8425b25b-a8f9-4eed-b0dc-49ee4613066e,1.7773445622607534e+18
8425b25b-a8f9-4eed-b0dc-49ee4613066e,1.7773445622940954e+18
8425b25b-a8f9-4eed-b0dc-49ee4613066e,1.7773445623274383e+18
8425b25b-a8f9-4eed-b0dc-49ee4613066e,1.7773445623607805e+18
8425b25b-a8f9-4eed-b0dc-49ee4613066e,1.7773445623941235e+18
8425b25b-a8f9-4eed-b0dc-49ee4613066e,1.7773445624274655e+18
8425b25b-a8f9-4eed-b0dc-49ee4613066e,1.7773445624608084e+18
8425b25b-a8f9-4eed-b0dc-49ee4613066e,1.7773445624941504e+18
8425b25b-a8f9-4eed-b0dc-49ee4613066e,1.7773445625274934e+18
8425b25b-a8f9-4eed-b0dc-49ee4613066e,1.7773445625608353e+18
8425b25b-a8f9-4eed-b0dc-49ee4613066e,1.7773445625941775e+18
8425b25b-a8f9-4eed-b0dc-49ee4613066e,1.7773445626275205e+18
8425b25b-a8f9-4eed-b0dc-49ee4613066e,1.7773445626608625e+18
8425b25b-a8f9-4eed-b0dc-49ee4613066e,1.7773445626942054e+18
8425b25b-a8f9-4eed-b0dc-49ee4613066e,1.7773445627275474e+18
8425b25b-a8f9-4eed-b0dc-49ee4613066e,1.7773445627608904e+18
8425b25b-a8f9-4eed-b0dc-49ee4613066e,1.7773445627942323e+18
8425b25b-a8f9-4eed-b0dc-49ee4613066e,1.7773445628275756e+18
8425b25b-a8f9-4eed-b0dc-49ee4613066e,1.7773445628609175e+18
8425b25b-a8f9-4eed-b0dc-49ee4613066e,1.7773445628942595e+18
8425b25b-a8f9-4eed-b0dc-49ee4613066e,1.7773445629276024e+18
8425b25b-a8f9-4eed-b0dc-49ee4613066e,1.7773445629609444e+18
8425b25b-a8f9-4eed-b0dc-49ee4613066e,1.7773445629942874e+18
8425b25b-a8f9-4eed-b0dc-49ee4613066e,1.7773445630276296e+18
8425b25b-a8f9-4eed-b0dc-49ee4613066e,1.7773445630609725e+18
8425b25b-a8f9-4eed-b0dc-49ee4613066e,1.7773445630943145e+18
8425b25b-a8f9-4eed-b0dc-49ee4613066e,1.7773445631276575e+18
8425b25b-a8f9-4eed-b0dc-49ee4613066e,1.7773445631609994e+18
8425b25b-a8f9-4eed-b0dc-49ee4613066e,1.7773445631943414e+18
8425b25b-a8f9-4eed-b0dc-49ee4613066e,1.7773445632276844e+18
8425b25b-a8f9-4eed-b0dc-49ee4613066e,1.7773445632610266e+18
8425b25b-a8f9-4eed-b0dc-49ee4613066e,1.7773445632943695e+18
8425b25b-a8f9-4eed-b0dc-49ee4613066e,1.7773445633277115e+18
8425b25b-a8f9-4eed-b0dc-49ee4613066e,1.7773445633610545e+18
8425b25b-a8f9-4eed-b0dc-49ee4613066e,1.7773445633943964e+18
8425b25b-a8f9-4eed-b0dc-49ee4613066e,1.7773445634277394e+18
8425b25b-a8f9-4eed-b0dc-49ee4613066e,1.7773445634610813e+18
8425b25b-a8f9-4eed-b0dc-49ee4613066e,1.7773445634944236e+18
8425b25b-a8f9-4eed-b0dc-49ee4613066e,1.7773445635277665e+18
8425b25b-a8f9-4eed-b0dc-49ee4613066e,1.7773445635611085e+18
8425b25b-a8f9-4eed-b0dc-49ee4613066e,1.7773445635944515e+18
8425b25b-a8f9-4eed-b0dc-49ee4613066e,1.7773445636277934e+18
8425b25b-a8f9-4eed-b0dc-49ee4613066e,1.7773445636611364e+18
8425b25b-a8f9-4eed-b0dc-49ee4613066e,1.7773445636944783e+18
8425b25b-a8f9-4eed-b0dc-49ee4613066e,1.7773445637278216e+18
8425b25b-a8f9-4eed-b0dc-49ee4613066e,1.7773445637611635e+18
8425b25b-a8f9-4eed-b0dc-49ee4613066e,1.7773445637945055e+18
8425b25b-a8f9-4eed-b0dc-49ee4613066e,1.7773445638278484e+18
8425b25b-a8f9-4eed-b0dc-49ee4613066e,1.7773445638611904e+18
8425b25b-a8f9-4eed-b0dc-49ee4613066e,1.7773445638945334e+18
8425b25b-a8f9-4eed-b0dc-49ee4613066e,1.7773445639278753e+18
8425b25b-a8f9-4eed-b0dc-49ee4613066e,1.7773445639612186e+18
8425b25b-a8f9-4eed-b0dc-49ee4613066e,1.7773445639945605e+18
8425b25b-a8f9-4eed-b0dc-49ee4613066e,1.7773445640279035e+18
8425b25b-a8f9-4eed-b0dc-49ee4613066e,1.7773445640612454e+18
8425b25b-a8f9-4eed-b0dc-49ee4613066e,1.7773445640945874e+18
8425b25b-a8f9-4eed-b0dc-49ee4613066e,1.7773445641279304e+18
8425b25b-a8f9-4eed-b0dc-49ee4613066e,1.7773445641612723e+18
8425b25b-a8f9-4eed-b0dc-49ee4613066e,1.7773445641946156e+18
8425b25b-a8f9-4eed-b0dc-49ee4613066e,1.7773445642279575e+18
8425b25b-a8f9-4eed-b0dc-49ee4613066e,1.7773445642613005e+18
8425b25b-a8f9-4eed-b0dc-49ee4613066e,1.7773445642946424e+18
8425b25b-a8f9-4eed-b0dc-49ee4613066e,1.7773445643279854e+18
8425b25b-a8f9-4eed-b0dc-49ee4613066e,1.7773445643613274e+18
8425b25b-a8f9-4eed-b0dc-49ee4613066e,1.7773445643946703e+18
8425b25b-a8f9-4eed-b0dc-49ee4613066e,1.7773445644280125e+18
8425b25b-a8f9-4eed-b0dc-49ee4613066e,1.7773445644613545e+18
8425b25b-a8f9-4eed-b0dc-49ee4613066e,1.7773445644946975e+18
8425b25b-a8f9-4eed-b0dc-49ee4613066e,1.7773445645280394e+18
8425b25b-a8f9-4eed-b0dc-49ee4613066e,1.7773445645613824e+18
8425b25b-a8f9-4eed-b0dc-49ee4613066e,1.7773445645947244e+18
8425b25b-a8f9-4eed-b0dc-49ee4613066e,1.7773445646280673e+18
8425b25b-a8f9-4eed-b0dc-49ee4613066e,1.7773445646614095e+18
8425b25b-a8f9-4eed-b0dc-49ee4613066e,1.7773445646947525e+18
8425b25b-a8f9-4eed-b0dc-49ee4613066e,1.7773445647280945e+18
8425b25b-a8f9-4eed-b0dc-49ee4613066e,1.7773445647614364e+18
8425b25b-a8f9-4eed-b0dc-49ee4613066e,1.7773445647947794e+18
8425b25b-a8f9-4eed-b0dc-49ee4613066e,1.7773445648281213e+18
8425b25b-a8f9-4eed-b0dc-49ee4613066e,1.7773445648614646e+18
8425b25b-a8f9-4eed-b0dc-49ee4613066e,1.7773445648948065e+18
8425b25b-a8f9-4eed-b0dc-49ee4613066e,1.7773445649281495e+18
8425b25b-a8f9-4eed-b0dc-49ee4613066e,1.7773445649614915e+18
8425b25b-a8f9-4eed-b0dc-49ee4613066e,1.7773445649948344e+18
8425b25b-a8f9-4eed-b0dc-49ee4613066e,1.7773445650281764e+18
8425b25b-a8f9-4eed-b0dc-49ee4613066e,1.7773445650615183e+18
8425b25b-a8f9-4eed-b0dc-49ee4613066e,1.7773445650948616e+18
8425b25b-a8f9-4eed-b0dc-49ee4613066e,1.7773445651282035e+18
8425b25b-a8f9-4eed-b0dc-49ee4613066e,1.7773445651615465e+18
8425b25b-a8f9-4eed-b0dc-49ee4613066e,1.7773445651948884e+18
8425b25b-a8f9-4eed-b0dc-49ee4613066e,1.7773445652282314e+18
8425b25b-a8f9-4eed-b0dc-49ee4613066e,1.7773445652615734e+18
8425b25b-a8f9-4eed-b0dc-49ee4613066e,1.7773445652949164e+18
8425b25b-a8f9-4eed-b0dc-49ee4613066e,1.7773445653282586e+18
8425b25b-a8f9-4eed-b0dc-49ee4613066e,1.7773445653616005e+18
8425b25b-a8f9-4eed-b0dc-49ee4613066e,1.7773445653949435e+18
8425b25b-a8f9-4eed-b0dc-49ee4613066e,1.7773445654282854e+18
8425b25b-a8f9-4eed-b0dc-49ee4613066e,1.7773445654616284e+18
8425b25b-a8f9-4eed-b0dc-49ee4613066e,1.7773445654949704e+18
8425b25b-a8f9-4eed-b0dc-49ee4613066e,1.7773445655283133e+18
8425b25b-a8f9-4eed-b0dc-49ee4613066e,1.7773445655616556e+18
8425b25b-a8f9-4eed-b0dc-49ee4613066e,1.7773445655949985e+18
8425b25b-a8f9-4eed-b0dc-49ee4613066e,1.7773445656283405e+18
8425b25b-a8f9-4eed-b0dc-49ee4613066e,1.7773445656616824e+18
8425b25b-a8f9-4eed-b0dc-49ee4613066e,1.7773445656950254e+18
8425b25b-a8f9-4eed-b0dc-49ee4613066e,1.7773445657283674e+18
8425b25b-a8f9-4eed-b0dc-49ee4613066e,1.7773445657617103e+18
8425b25b-a8f9-4eed-b0dc-49ee4613066e,1.7773445657950525e+18
8425b25b-a8f9-4eed-b0dc-49ee4613066e,1.7773445658283955e+18
8425b25b-a8f9-4eed-b0dc-49ee4613066e,1.7773445658617375e+18
8425b25b-a8f9-4eed-b0dc-49ee4613066e,1.7773445658950804e+18
8425b25b-a8f9-4eed-b0dc-49ee4613066e,1.7773445659284224e+18
8425b25b-a8f9-4eed-b0dc-49ee4613066e,1.7773445659617644e+18
8425b25b-a8f9-4eed-b0dc-49ee4613066e,1.7773445659951073e+18
8425b25b-a8f9-4eed-b0dc-49ee4613066e,1.7773445660284495e+18
8425b25b-a8f9-4eed-b0dc-49ee4613066e,1.7773445660617925e+18
8425b25b-a8f9-4eed-b0dc-49ee4613066e,1.7773445660951345e+18
8425b25b-a8f9-4eed-b0dc-49ee4613066e,1.7773445661284774e+18
8425b25b-a8f9-4eed-b0dc-49ee4613066e,1.7773445661618194e+18
8425b25b-a8f9-4eed-b0dc-49ee4613066e,1.7773445661951624e+18
8425b25b-a8f9-4eed-b0dc-49ee4613066e,1.7773445662285046e+18
8425b25b-a8f9-4eed-b0dc-49ee4613066e,1.7773445662618476e+18
8425b25b-a8f9-4eed-b0dc-49ee4613066e,1.7773445662951895e+18
8425b25b-a8f9-4eed-b0dc-49ee4613066e,1.7773445663285315e+18
8425b25b-a8f9-4eed-b0dc-49ee4613066e,1.7773445663618744e+18
8425b25b-a8f9-4eed-b0dc-49ee4613066e,1.7773445663952164e+18
8425b25b-a8f9-4eed-b0dc-49ee4613066e,1.7773445664285594e+18
8425b25b-a8f9-4eed-b0dc-49ee4613066e,1.7773445664619016e+18
8425b25b-a8f9-4eed-b0dc-49ee4613066e,1.7773445664952445e+18
8425b25b-a8f9-4eed-b0dc-49ee4613066e,1.7773445665285865e+18
8425b25b-a8f9-4eed-b0dc-49ee4613066e,1.7773445665619295e+18
8425b25b-a8f9-4eed-b0dc-49ee4613066e,1.7773445665952714e+18
8425b25b-a8f9-4eed-b0dc-49ee4613066e,1.7773445666286134e+18
8425b25b-a8f9-4eed-b0dc-49ee4613066e,1.7773445666619564e+18
8425b25b-a8f9-4eed-b0dc-49ee4613066e,1.7773445666952986e+18
8425b25b-a8f9-4eed-b0dc-49ee4613066e,1.7773445667286415e+18
8425b25b-a8f9-4eed-b0dc-49ee4613066e,1.7773445667619835e+18
8425b25b-a8f9-4eed-b0dc-49ee4613066e,1.7773445667953265e+18
8425b25b-a8f9-4eed-b0dc-49ee4613066e,1.7773445668286684e+18
8425b25b-a8f9-4eed-b0dc-49ee4613066e,1.7773445668620114e+18
8425b25b-a8f9-4eed-b0dc-49ee4613066e,1.7773445668953533e+18
8425b25b-a8f9-4eed-b0dc-49ee4613066e,1.7773445669286956e+18
8425b25b-a8f9-4eed-b0dc-49ee4613066e,1.7773445669620385e+18
8425b25b-a8f9-4eed-b0dc-49ee4613066e,1.7773445669953805e+18
8425b25b-a8f9-4eed-b0dc-49ee4613066e,1.7773445670287235e+18
8425b25b-a8f9-4eed-b0dc-49ee4613066e,1.7773445670620654e+18
8425b25b-a8f9-4eed-b0dc-49ee4613066e,1.7773445670954084e+18
8425b25b-a8f9-4eed-b0dc-49ee4613066e,1.7773445671287503e+18
8425b25b-a8f9-4eed-b0dc-49ee4613066e,1.7773445671620936e+18
8425b25b-a8f9-4eed-b0dc-49ee4613066e,1.7773445671954355e+18
8425b25b-a8f9-4eed-b0dc-49ee4613066e,1.7773445672287775e+18
8425b25b-a8f9-4eed-b0dc-49ee4613066e,1.7773445672621204e+18
8425b25b-a8f9-4eed-b0dc-49ee4613066e,1.7773445672954624e+18
8425b25b-a8f9-4eed-b0dc-49ee4613066e,1.7773445673288054e+18
8425b25b-a8f9-4eed-b0dc-49ee4613066e,1.7773445673621473e+18
8425b25b-a8f9-4eed-b0dc-49ee4613066e,1.7773445673954906e+18
8425b25b-a8f9-4eed-b0dc-49ee4613066e,1.7773445674288325e+18
8425b25b-a8f9-4eed-b0dc-49ee4613066e,1.7773445674621755e+18
8425b25b-a8f9-4eed-b0dc-49ee4613066e,1.7773445674955174e+18
8425b25b-a8f9-4eed-b0dc-49ee4613066e,1.7773445675288594e+18
8425b25b-a8f9-4eed-b0dc-49ee4613066e,1.7773445675622024e+18
8425b25b-a8f9-4eed-b0dc-49ee4613066e,1.7773445675955446e+18
8425b25b-a8f9-4eed-b0dc-49ee4613066e,1.7773445676288876e+18
8425b25b-a8f9-4eed-b0dc-49ee4613066e,1.7773445676622295e+18
8425b25b-a8f9-4eed-b0dc-49ee4613066e,1.7773445676955725e+18
8425b25b-a8f9-4eed-b0dc-49ee4613066e,1.7773445677289144e+18
8425b25b-a8f9-4eed-b0dc-49ee4613066e,1.7773445677622574e+18
8425b25b-a8f9-4eed-b0dc-49ee4613066e,1.7773445677955994e+18
8425b25b-a8f9-4eed-b0dc-49ee4613066e,1.7773445678289416e+18
8425b25b-a8f9-4eed-b0dc-49ee4613066e,1.7773445678622845e+18
8425b25b-a8f9-4eed-b0dc-49ee4613066e,1.7773445678956265e+18
8425b25b-a8f9-4eed-b0dc-49ee4613066e,1.7773445679289695e+18
8425b25b-a8f9-4eed-b0dc-49ee4613066e,1.7773445679623114e+18
8425b25b-a8f9-4eed-b0dc-49ee4613066e,1.7773445679956544e+18
8425b25b-a8f9-4eed-b0dc-49ee4613066e,1.7773445680289964e+18
8425b25b-a8f9-4eed-b0dc-49ee4613066e,1.7773445680623393e+18
8425b25b-a8f9-4eed-b0dc-49ee4613066e,1.7773445680956815e+18
8425b25b-a8f9-4eed-b0dc-49ee4613066e,1.7773445681290245e+18
8425b25b-a8f9-4eed-b0dc-49ee4613066e,1.7773445681623665e+18
8425b25b-a8f9-4eed-b0dc-49ee4613066e,1.7773445681957084e+18
8425b25b-a8f9-4eed-b0dc-49ee4613066e,1.7773445682290514e+18
8425b25b-a8f9-4eed-b0dc-49ee4613066e,1.7773445682623933e+18
8425b25b-a8f9-4eed-b0dc-49ee4613066e,1.7773445682957363e+18
8425b25b-a8f9-4eed-b0dc-49ee4613066e,1.7773445683290785e+18
8425b25b-a8f9-4eed-b0dc-49ee4613066e,1.7773445683624215e+18
8425b25b-a8f9-4eed-b0dc-49ee4613066e,1.7773445683957635e+18
8425b25b-a8f9-4eed-b0dc-49ee4613066e,1.7773445684291064e+18
8425b25b-a8f9-4eed-b0dc-49ee4613066e,1.7773445684624484e+18
8425b25b-a8f9-4eed-b0dc-49ee4613066e,1.7773445684957903e+18
8425b25b-a8f9-4eed-b0dc-49ee4613066e,1.7773445685291336e+18
8425b25b-a8f9-4eed-b0dc-49ee4613066e,1.7773445685624755e+18
8425b25b-a8f9-4eed-b0dc-49ee4613066e,1.7773445685958185e+18
8425b25b-a8f9-4eed-b0dc-49ee4613066e,1.7773445686291604e+18
8425b25b-a8f9-4eed-b0dc-49ee4613066e,1.7773445686625034e+18
8425b25b-a8f9-4eed-b0dc-49ee4613066e,1.7773445686958454e+18
8425b25b-a8f9-4eed-b0dc-49ee4613066e,1.7773445687291884e+18
8425b25b-a8f9-4eed-b0dc-49ee4613066e,1.7773445687625306e+18
8425b25b-a8f9-4eed-b0dc-49ee4613066e,1.7773445687958725e+18
8425b25b-a8f9-4eed-b0dc-49ee4613066e,1.7773445688292155e+18
8425b25b-a8f9-4eed-b0dc-49ee4613066e,1.7773445688625574e+18
8425b25b-a8f9-4eed-b0dc-49ee4613066e,1.7773445688959004e+18
8425b25b-a8f9-4eed-b0dc-49ee4613066e,1.7773445689292424e+18
8425b25b-a8f9-4eed-b0dc-49ee4613066e,1.7773445689625853e+18
8425b25b-a8f9-4eed-b0dc-49ee4613066e,1.7773445689959276e+18
8425b25b-a8f9-4eed-b0dc-49ee4613066e,1.7773445690292705e+18
8425b25b-a8f9-4eed-b0dc-49ee4613066e,1.7773445690626125e+18
8425b25b-a8f9-4eed-b0dc-49ee4613066e,1.7773445690959544e+18
8425b25b-a8f9-4eed-b0dc-49ee4613066e,1.7773445691292974e+18
8425b25b-a8f9-4eed-b0dc-49ee4613066e,1.7773445691626394e+18
8425b25b-a8f9-4eed-b0dc-49ee4613066e,1.7773445691959823e+18
8425b25b-a8f9-4eed-b0dc-49ee4613066e,1.7773445692293245e+18
8425b25b-a8f9-4eed-b0dc-49ee4613066e,1.7773445692626675e+18
8425b25b-a8f9-4eed-b0dc-49ee4613066e,1.7773445692960095e+18
8425b25b-a8f9-4eed-b0dc-49ee4613066e,1.7773445693293524e+18
8425b25b-a8f9-4eed-b0dc-49ee4613066e,1.7773445693626944e+18
8425b25b-a8f9-4eed-b0dc-49ee4613066e,1.7773445693960364e+18
8425b25b-a8f9-4eed-b0dc-49ee4613066e,1.7773445694293793e+18
8425b25b-a8f9-4eed-b0dc-49ee4613066e,1.7773445694627215e+18
8425b25b-a8f9-4eed-b0dc-49ee4613066e,1.7773445694960645e+18
8425b25b-a8f9-4eed-b0dc-49ee4613066e,1.7773445695294065e+18
8425b25b-a8f9-4eed-b0dc-49ee4613066e,1.7773445695627494e+18
8425b25b-a8f9-4eed-b0dc-49ee4613066e,1.7773445695960914e+18
8425b25b-a8f9-4eed-b0dc-49ee4613066e,1.7773445696294344e+18
8425b25b-a8f9-4eed-b0dc-49ee4613066e,1.7773445696627763e+18
8425b25b-a8f9-4eed-b0dc-49ee4613066e,1.7773445696961185e+18
8425b25b-a8f9-4eed-b0dc-49ee4613066e,1.7773445697294615e+18
8425b25b-a8f9-4eed-b0dc-49ee4613066e,1.7773445697628035e+18
8425b25b-a8f9-4eed-b0dc-49ee4613066e,1.7773445697961464e+18
8425b25b-a8f9-4eed-b0dc-49ee4613066e,1.7773445698294884e+18
8425b25b-a8f9-4eed-b0dc-49ee4613066e,1.7773445698628314e+18
8425b25b-a8f9-4eed-b0dc-49ee4613066e,1.7773445698961736e+18
8425b25b-a8f9-4eed-b0dc-49ee4613066e,1.7773445699295165e+18
8425b25b-a8f9-4eed-b0dc-49ee4613066e,1.7773445699628585e+18
8425b25b-a8f9-4eed-b0dc-49ee4613066e,1.7773445699962015e+18
8425b25b-a8f9-4eed-b0dc-49ee4613066e,1.7773445700295434e+18
8425b25b-a8f9-4eed-b0dc-49ee4613066e,1.7773445700628854e+18
8425b25b-a8f9-4eed-b0dc-49ee4613066e,1.7773445700962284e+18
8425b25b-a8f9-4eed-b0dc-49ee4613066e,1.7773445701295706e+18
8425b25b-a8f9-4eed-b0dc-49ee4613066e,1.7773445701629135e+18
8425b25b-a8f9-4eed-b0dc-49ee4613066e,1.7773445701962555e+18
8425b25b-a8f9-4eed-b0dc-49ee4613066e,1.7773445702295985e+18
8425b25b-a8f9-4eed-b0dc-49ee4613066e,1.7773445702629404e+18
8425b25b-a8f9-4eed-b0dc-49ee4613066e,1.7773445702962834e+18
8425b25b-a8f9-4eed-b0dc-49ee4613066e,1.7773445703296253e+18
8425b25b-a8f9-4eed-b0dc-49ee4613066e,1.7773445703629676e+18
8425b25b-a8f9-4eed-b0dc-49ee4613066e,1.7773445703963105e+18
8425b25b-a8f9-4eed-b0dc-49ee4613066e,1.7773445704296525e+18
8425b25b-a8f9-4eed-b0dc-49ee4613066e,1.7773445704629955e+18
8425b25b-a8f9-4eed-b0dc-49ee4613066e,1.7773445704963374e+18
8425b25b-a8f9-4eed-b0dc-49ee4613066e,1.7773445705296804e+18
8425b25b-a8f9-4eed-b0dc-49ee4613066e,1.7773445705630223e+18
8425b25b-a8f9-4eed-b0dc-49ee4613066e,1.7773445705963656e+18
8425b25b-a8f9-4eed-b0dc-49ee4613066e,1.7773445706297075e+18
8425b25b-a8f9-4eed-b0dc-49ee4613066e,1.7773445706630495e+18
8425b25b-a8f9-4eed-b0dc-49ee4613066e,1.7773445706963924e+18
8425b25b-a8f9-4eed-b0dc-49ee4613066e,1.7773445707297344e+18
8425b25b-a8f9-4eed-b0dc-49ee4613066e,1.7773445707630774e+18
8425b25b-a8f9-4eed-b0dc-49ee4613066e,1.7773445707964193e+18
8425b25b-a8f9-4eed-b0dc-49ee4613066e,1.7773445708297626e+18
8425b25b-a8f9-4eed-b0dc-49ee4613066e,1.7773445708631045e+18
8425b25b-a8f9-4eed-b0dc-49ee4613066e,1.7773445708964475e+18
8425b25b-a8f9-4eed-b0dc-49ee4613066e,1.7773445709297894e+18
8425b25b-a8f9-4eed-b0dc-49ee4613066e,1.7773445709631314e+18
8425b25b-a8f9-4eed-b0dc-49ee4613066e,1.7773445709964744e+18
8425b25b-a8f9-4eed-b0dc-49ee4613066e,1.7773445710298163e+18
8425b25b-a8f9-4eed-b0dc-49ee4613066e,1.7773445710631596e+18
8425b25b-a8f9-4eed-b0dc-49ee4613066e,1.7773445710965015e+18
8425b25b-a8f9-4eed-b0dc-49ee4613066e,1.7773445711298445e+18
8425b25b-a8f9-4eed-b0dc-49ee4613066e,1.7773445711631864e+18
8425b25b-a8f9-4eed-b0dc-49ee4613066e,1.7773445711965294e+18
8425b25b-a8f9-4eed-b0dc-49ee4613066e,1.7773445712298714e+18
8425b25b-a8f9-4eed-b0dc-49ee4613066e,1.7773445712632136e+18
8425b25b-a8f9-4eed-b0dc-49ee4613066e,1.7773445712965565e+18
8425b25b-a8f9-4eed-b0dc-49ee4613066e,1.7773445713298985e+18
8425b25b-a8f9-4eed-b0dc-49ee4613066e,1.7773445713632415e+18
8425b25b-a8f9-4eed-b0dc-49ee4613066e,1.7773445713965834e+18
8425b25b-a8f9-4eed-b0dc-49ee4613066e,1.7773445714299264e+18
8425b25b-a8f9-4eed-b0dc-49ee4613066e,1.7773445714632684e+18
8425b25b-a8f9-4eed-b0dc-49ee4613066e,1.7773445714966113e+18
8425b25b-a8f9-4eed-b0dc-49ee4613066e,1.7773445715299535e+18
8425b25b-a8f9-4eed-b0dc-49ee4613066e,1.7773445715632955e+18
8425b25b-a8f9-4eed-b0dc-49ee4613066e,1.7773445715966385e+18
8425b25b-a8f9-4eed-b0dc-49ee4613066e,1.7773445716299804e+18
8425b25b-a8f9-4eed-b0dc-49ee4613066e,1.7773445716633234e+18
8425b25b-a8f9-4eed-b0dc-49ee4613066e,1.7773445716966653e+18
8425b25b-a8f9-4eed-b0dc-49ee4613066e,1.7773445717300086e+18
8425b25b-a8f9-4eed-b0dc-49ee4613066e,1.7773445717633505e+18
8425b25b-a8f9-4eed-b0dc-49ee4613066e,1.7773445717966935e+18
8425b25b-a8f9-4eed-b0dc-49ee4613066e,1.7773445718300355e+18
8425b25b-a8f9-4eed-b0dc-49ee4613066e,1.7773445718633784e+18
8425b25b-a8f9-4eed-b0dc-49ee4613066e,1.7773445718967204e+18
8425b25b-a8f9-4eed-b0dc-49ee4613066e,1.7773445719300623e+18
8425b25b-a8f9-4eed-b0dc-49ee4613066e,1.7773445719634056e+18
8425b25b-a8f9-4eed-b0dc-49ee4613066e,1.7773445719967475e+18
8425b25b-a8f9-4eed-b0dc-49ee4613066e,1.7773445720300905e+18
8425b25b-a8f9-4eed-b0dc-49ee4613066e,1.7773445720634324e+18
8425b25b-a8f9-4eed-b0dc-49ee4613066e,1.7773445720967754e+18
8425b25b-a8f9-4eed-b0dc-49ee4613066e,1.7773445721301174e+18
8425b25b-a8f9-4eed-b0dc-49ee4613066e,1.7773445721634604e+18
8425b25b-a8f9-4eed-b0dc-49ee4613066e,1.7773445721968026e+18
8425b25b-a8f9-4eed-b0dc-49ee4613066e,1.7773445722301445e+18
8425b25b-a8f9-4eed-b0dc-49ee4613066e,1.7773445722634875e+18
8425b25b-a8f9-4eed-b0dc-49ee4613066e,1.7773445722968294e+18
8425b25b-a8f9-4eed-b0dc-49ee4613066e,1.7773445723301724e+18
8425b25b-a8f9-4eed-b0dc-49ee4613066e,1.7773445723635144e+18
8425b25b-a8f9-4eed-b0dc-49ee4613066e,1.7773445723968573e+18
8425b25b-a8f9-4eed-b0dc-49ee4613066e,1.7773445724301996e+18
8425b25b-a8f9-4eed-b0dc-49ee4613066e,1.7773445724635425e+18
8425b25b-a8f9-4eed-b0dc-49ee4613066e,1.7773445724968845e+18
8425b25b-a8f9-4eed-b0dc-49ee4613066e,1.7773445725302264e+18
8425b25b-a8f9-4eed-b0dc-49ee4613066e,1.7773445725635694e+18
8425b25b-a8f9-4eed-b0dc-49ee4613066e,1.7773445725969114e+18
8425b25b-a8f9-4eed-b0dc-49ee4613066e,1.7773445726302543e+18
8425b25b-a8f9-4eed-b0dc-49ee4613066e,1.7773445726635965e+18
8425b25b-a8f9-4eed-b0dc-49ee4613066e,1.7773445726969395e+18
8425b25b-a8f9-4eed-b0dc-49ee4613066e,1.7773445727302815e+18
8425b25b-a8f9-4eed-b0dc-49ee4613066e,1.7773445727636244e+18
8425b25b-a8f9-4eed-b0dc-49ee4613066e,1.7773445727969664e+18
8425b25b-a8f9-4eed-b0dc-49ee4613066e,1.7773445728303084e+18
8425b25b-a8f9-4eed-b0dc-49ee4613066e,1.7773445728636513e+18
8425b25b-a8f9-4eed-b0dc-49ee4613066e,1.7773445728969935e+18
8425b25b-a8f9-4eed-b0dc-49ee4613066e,1.7773445729303365e+18
8425b25b-a8f9-4eed-b0dc-49ee4613066e,1.7773445729636785e+18
8425b25b-a8f9-4eed-b0dc-49ee4613066e,1.7773445729970214e+18
8425b25b-a8f9-4eed-b0dc-49ee4613066e,1.7773445730303634e+18
8425b25b-a8f9-4eed-b0dc-49ee4613066e,1.7773445730637064e+18
8425b25b-a8f9-4eed-b0dc-49ee4613066e,1.7773445730970486e+18
8425b25b-a8f9-4eed-b0dc-49ee4613066e,1.7773445731303905e+18
8425b25b-a8f9-4eed-b0dc-49ee4613066e,1.7773445731637335e+18
8425b25b-a8f9-4eed-b0dc-49ee4613066e,1.7773445731970755e+18
8425b25b-a8f9-4eed-b0dc-49ee4613066e,1.7773445732304184e+18
8425b25b-a8f9-4eed-b0dc-49ee4613066e,1.7773445732637604e+18
8425b25b-a8f9-4eed-b0dc-49ee4613066e,1.7773445732971034e+18
8425b25b-a8f9-4eed-b0dc-49ee4613066e,1.7773445733304456e+18
8425b25b-a8f9-4eed-b0dc-49ee4613066e,1.7773445733637885e+18
8425b25b-a8f9-4eed-b0dc-49ee4613066e,1.7773445733971305e+18
8425b25b-a8f9-4eed-b0dc-49ee4613066e,1.7773445734304724e+18
8425b25b-a8f9-4eed-b0dc-49ee4613066e,1.7773445734638154e+18
8425b25b-a8f9-4eed-b0dc-49ee4613066e,1.7773445734971574e+18
8425b25b-a8f9-4eed-b0dc-49ee4613066e,1.7773445735305004e+18
8425b25b-a8f9-4eed-b0dc-49ee4613066e,1.7773445735638426e+18
8425b25b-a8f9-4eed-b0dc-49ee4613066e,1.7773445735971855e+18
8425b25b-a8f9-4eed-b0dc-49ee4613066e,1.7773445736305275e+18
8425b25b-a8f9-4eed-b0dc-49ee4613066e,1.7773445736638705e+18
8425b25b-a8f9-4eed-b0dc-49ee4613066e,1.7773445736972124e+18
8425b25b-a8f9-4eed-b0dc-49ee4613066e,1.7773445737305554e+18
8425b25b-a8f9-4eed-b0dc-49ee4613066e,1.7773445737638973e+18
8425b25b-a8f9-4eed-b0dc-49ee4613066e,1.7773445737972396e+18
8425b25b-a8f9-4eed-b0dc-49ee4613066e,1.7773445738305825e+18
8425b25b-a8f9-4eed-b0dc-49ee4613066e,1.7773445738639245e+18
8425b25b-a8f9-4eed-b0dc-49ee4613066e,1.7773445738972675e+18
8425b25b-a8f9-4eed-b0dc-49ee4613066e,1.7773445739306094e+18
8425b25b-a8f9-4eed-b0dc-49ee4613066e,1.7773445739639524e+18
8425b25b-a8f9-4eed-b0dc-49ee4613066e,1.7773445739972943e+18
8425b25b-a8f9-4eed-b0dc-49ee4613066e,1.7773445740306376e+18
8425b25b-a8f9-4eed-b0dc-49ee4613066e,1.7773445740639795e+18
8425b25b-a8f9-4eed-b0dc-49ee4613066e,1.7773445740973215e+18
8425b25b-a8f9-4eed-b0dc-49ee4613066e,1.7773445741306644e+18
8425b25b-a8f9-4eed-b0dc-49ee4613066e,1.7773445741640064e+18
8425b25b-a8f9-4eed-b0dc-49ee4613066e,1.7773445741973494e+18
8425b25b-a8f9-4eed-b0dc-49ee4613066e,1.7773445742306913e+18
8425b25b-a8f9-4eed-b0dc-49ee4613066e,1.7773445742640346e+18
8425b25b-a8f9-4eed-b0dc-49ee4613066e,1.7773445742973765e+18
8425b25b-a8f9-4eed-b0dc-49ee4613066e,1.7773445743307195e+18
8425b25b-a8f9-4eed-b0dc-49ee4613066e,1.7773445743640614e+18
8425b25b-a8f9-4eed-b0dc-49ee4613066e,1.7773445743974034e+18
8425b25b-a8f9-4eed-b0dc-49ee4613066e,1.7773445744307464e+18
8425b25b-a8f9-4eed-b0dc-49ee4613066e,1.7773445744640886e+18
8425b25b-a8f9-4eed-b0dc-49ee4613066e,1.7773445744974316e+18
8425b25b-a8f9-4eed-b0dc-49ee4613066e,1.7773445745307735e+18
8425b25b-a8f9-4eed-b0dc-49ee4613066e,1.7773445745641165e+18
8425b25b-a8f9-4eed-b0dc-49ee4613066e,1.7773445745974584e+18
8425b25b-a8f9-4eed-b0dc-49ee4613066e,1.7773445746308014e+18
8425b25b-a8f9-4eed-b0dc-49ee4613066e,1.7773445746641434e+18
8425b25b-a8f9-4eed-b0dc-49ee4613066e,1.7773445746974856e+18
8425b25b-a8f9-4eed-b0dc-49ee4613066e,1.7773445747308285e+18
8425b25b-a8f9-4eed-b0dc-49ee4613066e,1.7773445747641705e+18
8425b25b-a8f9-4eed-b0dc-49ee4613066e,1.7773445747975135e+18
8425b25b-a8f9-4eed-b0dc-49ee4613066e,1.7773445748308554e+18
8425b25b-a8f9-4eed-b0dc-49ee4613066e,1.7773445748641984e+18
8425b25b-a8f9-4eed-b0dc-49ee4613066e,1.7773445748975404e+18
8425b25b-a8f9-4eed-b0dc-49ee4613066e,1.7773445749308833e+18
8425b25b-a8f9-4eed-b0dc-49ee4613066e,1.7773445749642255e+18
8425b25b-a8f9-4eed-b0dc-49ee4613066e,1.7773445749975675e+18
8425b25b-a8f9-4eed-b0dc-49ee4613066e,1.7773445750309105e+18
8425b25b-a8f9-4eed-b0dc-49ee4613066e,1.7773445750642524e+18
8425b25b-a8f9-4eed-b0dc-49ee4613066e,1.7773445750975954e+18
8425b25b-a8f9-4eed-b0dc-49ee4613066e,1.7773445751309373e+18
8425b25b-a8f9-4eed-b0dc-49ee4613066e,1.7773445751642803e+18
8425b25b-a8f9-4eed-b0dc-49ee4613066e,1.7773445751976225e+18
8425b25b-a8f9-4eed-b0dc-49ee4613066e,1.7773445752309655e+18
8425b25b-a8f9-4eed-b0dc-49ee4613066e,1.7773445752643075e+18
8425b25b-a8f9-4eed-b0dc-49ee4613066e,1.7773445752976494e+18
8425b25b-a8f9-4eed-b0dc-49ee4613066e,1.7773445753309924e+18
8425b25b-a8f9-4eed-b0dc-49ee4613066e,1.7773445753643343e+18
8425b25b-a8f9-4eed-b0dc-49ee4613066e,1.7773445753976776e+18
8425b25b-a8f9-4eed-b0dc-49ee4613066e,1.7773445754310195e+18
8425b25b-a8f9-4eed-b0dc-49ee4613066e,1.7773445754643625e+18
8425b25b-a8f9-4eed-b0dc-49ee4613066e,1.7773445754977044e+18
8425b25b-a8f9-4eed-b0dc-49ee4613066e,1.7773445755310474e+18
8425b25b-a8f9-4eed-b0dc-49ee4613066e,1.7773445755643894e+18
8425b25b-a8f9-4eed-b0dc-49ee4613066e,1.7773445755977324e+18
8425b25b-a8f9-4eed-b0dc-49ee4613066e,1.7773445756310746e+18
8425b25b-a8f9-4eed-b0dc-49ee4613066e,1.7773445756644165e+18
8425b25b-a8f9-4eed-b0dc-49ee4613066e,1.7773445756977595e+18
8425b25b-a8f9-4eed-b0dc-49ee4613066e,1.7773445757311014e+18
8425b25b-a8f9-4eed-b0dc-49ee4613066e,1.7773445757644444e+18
8425b25b-a8f9-4eed-b0dc-49ee4613066e,1.7773445757977864e+18
8425b25b-a8f9-4eed-b0dc-49ee4613066e,1.7773445758311293e+18
8425b25b-a8f9-4eed-b0dc-49ee4613066e,1.7773445758644716e+18
8425b25b-a8f9-4eed-b0dc-49ee4613066e,1.7773445758978145e+18
8425b25b-a8f9-4eed-b0dc-49ee4613066e,1.7773445759311565e+18
8425b25b-a8f9-4eed-b0dc-49ee4613066e,1.7773445759644984e+18
8425b25b-a8f9-4eed-b0dc-49ee4613066e,1.7773445759978414e+18
8425b25b-a8f9-4eed-b0dc-49ee4613066e,1.7773445760311834e+18
8425b25b-a8f9-4eed-b0dc-49ee4613066e,1.7773445760645263e+18
8425b25b-a8f9-4eed-b0dc-49ee4613066e,1.7773445760978685e+18
8425b25b-a8f9-4eed-b0dc-49ee4613066e,1.7773445761312115e+18
8425b25b-a8f9-4eed-b0dc-49ee4613066e,1.7773445761645535e+18
8425b25b-a8f9-4eed-b0dc-49ee4613066e,1.7773445761978964e+18
8425b25b-a8f9-4eed-b0dc-49ee4613066e,1.7773445762312384e+18
8425b25b-a8f9-4eed-b0dc-49ee4613066e,1.7773445762645804e+18
8425b25b-a8f9-4eed-b0dc-49ee4613066e,1.7773445762979233e+18
8425b25b-a8f9-4eed-b0dc-49ee4613066e,1.7773445763312655e+18
8425b25b-a8f9-4eed-b0dc-49ee4613066e,1.7773445763646085e+18
8425b25b-a8f9-4eed-b0dc-49ee4613066e,1.7773445763979505e+18
8425b25b-a8f9-4eed-b0dc-49ee4613066e,1.7773445764312934e+18
8425b25b-a8f9-4eed-b0dc-49ee4613066e,1.7773445764646354e+18
8425b25b-a8f9-4eed-b0dc-49ee4613066e,1.7773445764979784e+18
8425b25b-a8f9-4eed-b0dc-49ee4613066e,1.7773445765313203e+18
8425b25b-a8f9-4eed-b0dc-49ee4613066e,1.7773445765646625e+18
8425b25b-a8f9-4eed-b0dc-49ee4613066e,1.7773445765980055e+18
8425b25b-a8f9-4eed-b0dc-49ee4613066e,1.7773445766313475e+18
8425b25b-a8f9-4eed-b0dc-49ee4613066e,1.7773445766646904e+18
8425b25b-a8f9-4eed-b0dc-49ee4613066e,1.7773445766980324e+18
8425b25b-a8f9-4eed-b0dc-49ee4613066e,1.7773445767313754e+18
8425b25b-a8f9-4eed-b0dc-49ee4613066e,1.7773445767647176e+18
8425b25b-a8f9-4eed-b0dc-49ee4613066e,1.7773445767980605e+18
8425b25b-a8f9-4eed-b0dc-49ee4613066e,1.7773445768314025e+18
8425b25b-a8f9-4eed-b0dc-49ee4613066e,1.7773445768647455e+18
8425b25b-a8f9-4eed-b0dc-49ee4613066e,1.7773445768980874e+18
8425b25b-a8f9-4eed-b0dc-49ee4613066e,1.7773445769314294e+18
8425b25b-a8f9-4eed-b0dc-49ee4613066e,1.7773445769647724e+18
8425b25b-a8f9-4eed-b0dc-49ee4613066e,1.7773445769981146e+18
8425b25b-a8f9-4eed-b0dc-49ee4613066e,1.7773445770314575e+18
8425b25b-a8f9-4eed-b0dc-49ee4613066e,1.7773445770647995e+18
8425b25b-a8f9-4eed-b0dc-49ee4613066e,1.7773445770981425e+18
8425b25b-a8f9-4eed-b0dc-49ee4613066e,1.7773445771314844e+18
8425b25b-a8f9-4eed-b0dc-49ee4613066e,1.7773445771648274e+18
8425b25b-a8f9-4eed-b0dc-49ee4613066e,1.7773445771981693e+18
8425b25b-a8f9-4eed-b0dc-49ee4613066e,1.7773445772315116e+18
8425b25b-a8f9-4eed-b0dc-49ee4613066e,1.7773445772648545e+18
8425b25b-a8f9-4eed-b0dc-49ee4613066e,1.7773445772981965e+18
8425b25b-a8f9-4eed-b0dc-49ee4613066e,1.7773445773315395e+18
8425b25b-a8f9-4eed-b0dc-49ee4613066e,1.7773445773648814e+18
8425b25b-a8f9-4eed-b0dc-49ee4613066e,1.7773445773982244e+18
8425b25b-a8f9-4eed-b0dc-49ee4613066e,1.7773445774315663e+18
8425b25b-a8f9-4eed-b0dc-49ee4613066e,1.7773445774649096e+18
8425b25b-a8f9-4eed-b0dc-49ee4613066e,1.7773445774982515e+18
8425b25b-a8f9-4eed-b0dc-49ee4613066e,1.7773445775315935e+18
8425b25b-a8f9-4eed-b0dc-49ee4613066e,1.7773445775649364e+18
8425b25b-a8f9-4eed-b0dc-49ee4613066e,1.7773445775982784e+18
8425b25b-a8f9-4eed-b0dc-49ee4613066e,1.7773445776316214e+18
8425b25b-a8f9-4eed-b0dc-49ee4613066e,1.7773445776649633e+18
8425b25b-a8f9-4eed-b0dc-49ee4613066e,1.7773445776983066e+18
8425b25b-a8f9-4eed-b0dc-49ee4613066e,1.7773445777316485e+18
8425b25b-a8f9-4eed-b0dc-49ee4613066e,1.7773445777649915e+18
8425b25b-a8f9-4eed-b0dc-49ee4613066e,1.7773445777983334e+18
8425b25b-a8f9-4eed-b0dc-49ee4613066e,1.7773445778316754e+18
8425b25b-a8f9-4eed-b0dc-49ee4613066e,1.7773445778650184e+18
8425b25b-a8f9-4eed-b0dc-49ee4613066e,1.7773445778983603e+18
8425b25b-a8f9-4eed-b0dc-49ee4613066e,1.7773445779317036e+18
8425b25b-a8f9-4eed-b0dc-49ee4613066e,1.7773445779650455e+18
8425b25b-a8f9-4eed-b0dc-49ee4613066e,1.7773445779983885e+18
8425b25b-a8f9-4eed-b0dc-49ee4613066e,1.7773445780317304e+18
8425b25b-a8f9-4eed-b0dc-49ee4613066e,1.7773445780650734e+18
8425b25b-a8f9-4eed-b0dc-49ee4613066e,1.7773445780984154e+18
8425b25b-a8f9-4eed-b0dc-49ee4613066e,1.7773445781317583e+18
8425b25b-a8f9-4eed-b0dc-49ee4613066e,1.7773445781651005e+18
8425b25b-a8f9-4eed-b0dc-49ee4613066e,1.7773445781984425e+18
8425b25b-a8f9-4eed-b0dc-49ee4613066e,1.7773445782317855e+18
8425b25b-a8f9-4eed-b0dc-49ee4613066e,1.7773445782651274e+18
8425b25b-a8f9-4eed-b0dc-49ee4613066e,1.7773445782984704e+18
8425b25b-a8f9-4eed-b0dc-49ee4613066e,1.7773445783318124e+18
8425b25b-a8f9-4eed-b0dc-49ee4613066e,1.7773445783651553e+18
8425b25b-a8f9-4eed-b0dc-49ee4613066e,1.7773445783984975e+18
8425b25b-a8f9-4eed-b0dc-49ee4613066e,1.7773445784318405e+18
8425b25b-a8f9-4eed-b0dc-49ee4613066e,1.7773445784651825e+18
8425b25b-a8f9-4eed-b0dc-49ee4613066e,1.7773445784985244e+18
8425b25b-a8f9-4eed-b0dc-49ee4613066e,1.7773445785318674e+18
8425b25b-a8f9-4eed-b0dc-49ee4613066e,1.7773445785652093e+18
8425b25b-a8f9-4eed-b0dc-49ee4613066e,1.7773445785985526e+18
8425b25b-a8f9-4eed-b0dc-49ee4613066e,1.7773445786318945e+18
8425b25b-a8f9-4eed-b0dc-49ee4613066e,1.7773445786652375e+18
8425b25b-a8f9-4eed-b0dc-49ee4613066e,1.7773445786985795e+18
8425b25b-a8f9-4eed-b0dc-49ee4613066e,1.7773445787319224e+18
8425b25b-a8f9-4eed-b0dc-49ee4613066e,1.7773445787652644e+18
8425b25b-a8f9-4eed-b0dc-49ee4613066e,1.7773445787986063e+18
8425b25b-a8f9-4eed-b0dc-49ee4613066e,1.7773445788319496e+18
8425b25b-a8f9-4eed-b0dc-49ee4613066e,1.7773445788652915e+18
8425b25b-a8f9-4eed-b0dc-49ee4613066e,1.7773445788986345e+18
8425b25b-a8f9-4eed-b0dc-49ee4613066e,1.7773445789319764e+18
8425b25b-a8f9-4eed-b0dc-49ee4613066e,1.7773445789653194e+18
8425b25b-a8f9-4eed-b0dc-49ee4613066e,1.7773445789986614e+18
8425b25b-a8f9-4eed-b0dc-49ee4613066e,1.7773445790320044e+18
8425b25b-a8f9-4eed-b0dc-49ee4613066e,1.7773445790653466e+18
8425b25b-a8f9-4eed-b0dc-49ee4613066e,1.7773445790986885e+18
8425b25b-a8f9-4eed-b0dc-49ee4613066e,1.7773445791320315e+18
8425b25b-a8f9-4eed-b0dc-49ee4613066e,1.7773445791653734e+18
8425b25b-a8f9-4eed-b0dc-49ee4613066e,1.7773445791987164e+18
8425b25b-a8f9-4eed-b0dc-49ee4613066e,1.7773445792320584e+18
8425b25b-a8f9-4eed-b0dc-49ee4613066e,1.7773445792654013e+18
8425b25b-a8f9-4eed-b0dc-49ee4613066e,1.7773445792987436e+18
8425b25b-a8f9-4eed-b0dc-49ee4613066e,1.7773445793320865e+18
8425b25b-a8f9-4eed-b0dc-49ee4613066e,1.7773445793654285e+18
8425b25b-a8f9-4eed-b0dc-49ee4613066e,1.7773445793987704e+18
8425b25b-a8f9-4eed-b0dc-49ee4613066e,1.7773445794321134e+18
8425b25b-a8f9-4eed-b0dc-49ee4613066e,1.7773445794654554e+18
8425b25b-a8f9-4eed-b0dc-49ee4613066e,1.7773445794987983e+18
8425b25b-a8f9-4eed-b0dc-49ee4613066e,1.7773445795321405e+18
8425b25b-a8f9-4eed-b0dc-49ee4613066e,1.7773445795654835e+18
8425b25b-a8f9-4eed-b0dc-49ee4613066e,1.7773445795988255e+18
8425b25b-a8f9-4eed-b0dc-49ee4613066e,1.7773445796321684e+18
8425b25b-a8f9-4eed-b0dc-49ee4613066e,1.7773445796655104e+18
8425b25b-a8f9-4eed-b0dc-49ee4613066e,1.7773445796988524e+18
8425b25b-a8f9-4eed-b0dc-49ee4613066e,1.7773445797321953e+18
8425b25b-a8f9-4eed-b0dc-49ee4613066e,1.7773445797655375e+18
8425b25b-a8f9-4eed-b0dc-49ee4613066e,1.7773445797988805e+18
8425b25b-a8f9-4eed-b0dc-49ee4613066e,1.7773445798322225e+18
8425b25b-a8f9-4eed-b0dc-49ee4613066e,1.7773445798655654e+18
8425b25b-a8f9-4eed-b0dc-49ee4613066e,1.7773445798989074e+18
8425b25b-a8f9-4eed-b0dc-49ee4613066e,1.7773445799322504e+18
8425b25b-a8f9-4eed-b0dc-49ee4613066e,1.7773445799655926e+18
8425b25b-a8f9-4eed-b0dc-49ee4613066e,1.7773445799989356e+18
8425b25b-a8f9-4eed-b0dc-49ee4613066e,1.7773445800322775e+18
8425b25b-a8f9-4eed-b0dc-49ee4613066e,1.7773445800656195e+18
8425b25b-a8f9-4eed-b0dc-49ee4613066e,1.7773445800989624e+18
8425b25b-a8f9-4eed-b0dc-49ee4613066e,1.7773445801323044e+18
8425b25b-a8f9-4eed-b0dc-49ee4613066e,1.7773445801656474e+18
8425b25b-a8f9-4eed-b0dc-49ee4613066e,1.7773445801989896e+18
8425b25b-a8f9-4eed-b0dc-49ee4613066e,1.7773445802323325e+18
8425b25b-a8f9-4eed-b0dc-49ee4613066e,1.7773445802656745e+18
8425b25b-a8f9-4eed-b0dc-49ee4613066e,1.7773445802990175e+18
8425b25b-a8f9-4eed-b0dc-49ee4613066e,1.7773445803323594e+18
8425b25b-a8f9-4eed-b0dc-49ee4613066e,1.7773445803657014e+18
8425b25b-a8f9-4eed-b0dc-49ee4613066e,1.7773445803990444e+18
8425b25b-a8f9-4eed-b0dc-49ee4613066e,1.7773445804323866e+18
8425b25b-a8f9-4eed-b0dc-49ee4613066e,1.7773445804657295e+18
8425b25b-a8f9-4eed-b0dc-49ee4613066e,1.7773445804990715e+18
8425b25b-a8f9-4eed-b0dc-49ee4613066e,1.7773445805324145e+18
8425b25b-a8f9-4eed-b0dc-49ee4613066e,1.7773445805657564e+18
8425b25b-a8f9-4eed-b0dc-49ee4613066e,1.7773445805990994e+18
8425b25b-a8f9-4eed-b0dc-49ee4613066e,1.7773445806324413e+18
8425b25b-a8f9-4eed-b0dc-49ee4613066e,1.7773445806657836e+18
8425b25b-a8f9-4eed-b0dc-49ee4613066e,1.7773445806991265e+18
8425b25b-a8f9-4eed-b0dc-49ee4613066e,1.7773445807324685e+18
8425b25b-a8f9-4eed-b0dc-49ee4613066e,1.7773445807658115e+18
8425b25b-a8f9-4eed-b0dc-49ee4613066e,1.7773445807991534e+18
8425b25b-a8f9-4eed-b0dc-49ee4613066e,1.7773445808324964e+18
8425b25b-a8f9-4eed-b0dc-49ee4613066e,1.7773445808658383e+18
8425b25b-a8f9-4eed-b0dc-49ee4613066e,1.7773445808991816e+18
8425b25b-a8f9-4eed-b0dc-49ee4613066e,1.7773445809325235e+18
8425b25b-a8f9-4eed-b0dc-49ee4613066e,1.7773445809658655e+18
8425b25b-a8f9-4eed-b0dc-49ee4613066e,1.7773445809992084e+18
8425b25b-a8f9-4eed-b0dc-49ee4613066e,1.7773445810325504e+18
8425b25b-a8f9-4eed-b0dc-49ee4613066e,1.7773445810658934e+18
8425b25b-a8f9-4eed-b0dc-49ee4613066e,1.7773445810992353e+18
8425b25b-a8f9-4eed-b0dc-49ee4613066e,1.7773445811325786e+18
8425b25b-a8f9-4eed-b0dc-49ee4613066e,1.7773445811659205e+18
8425b25b-a8f9-4eed-b0dc-49ee4613066e,1.7773445811992635e+18
8425b25b-a8f9-4eed-b0dc-49ee4613066e,1.7773445812326054e+18
8425b25b-a8f9-4eed-b0dc-49ee4613066e,1.7773445812659474e+18
8425b25b-a8f9-4eed-b0dc-49ee4613066e,1.7773445812992904e+18
8425b25b-a8f9-4eed-b0dc-49ee4613066e,1.7773445813326326e+18
8425b25b-a8f9-4eed-b0dc-49ee4613066e,1.7773445813659756e+18
8425b25b-a8f9-4eed-b0dc-49ee4613066e,1.7773445813993175e+18
8425b25b-a8f9-4eed-b0dc-49ee4613066e,1.7773445814326605e+18
8425b25b-a8f9-4eed-b0dc-49ee4613066e,1.7773445814660024e+18
8425b25b-a8f9-4eed-b0dc-49ee4613066e,1.7773445814993454e+18
8425b25b-a8f9-4eed-b0dc-49ee4613066e,1.7773445815326874e+18
8425b25b-a8f9-4eed-b0dc-49ee4613066e,1.7773445815660296e+18
8425b25b-a8f9-4eed-b0dc-49ee4613066e,1.7773445815993725e+18
8425b25b-a8f9-4eed-b0dc-49ee4613066e,1.7773445816327145e+18
8425b25b-a8f9-4eed-b0dc-49ee4613066e,1.7773445816660575e+18
8425b25b-a8f9-4eed-b0dc-49ee4613066e,1.7773445816993994e+18
8425b25b-a8f9-4eed-b0dc-49ee4613066e,1.7773445817327424e+18
8425b25b-a8f9-4eed-b0dc-49ee4613066e,1.7773445817660844e+18
8425b25b-a8f9-4eed-b0dc-49ee4613066e,1.7773445817994273e+18
8425b25b-a8f9-4eed-b0dc-49ee4613066e,1.7773445818327695e+18
8425b25b-a8f9-4eed-b0dc-49ee4613066e,1.7773445818661125e+18
8425b25b-a8f9-4eed-b0dc-49ee4613066e,1.7773445818994545e+18
8425b25b-a8f9-4eed-b0dc-49ee4613066e,1.7773445819327964e+18
8425b25b-a8f9-4eed-b0dc-49ee4613066e,1.7773445819661394e+18
8425b25b-a8f9-4eed-b0dc-49ee4613066e,1.7773445819994813e+18
8425b25b-a8f9-4eed-b0dc-49ee4613066e,1.7773445820328243e+18
8425b25b-a8f9-4eed-b0dc-49ee4613066e,1.7773445820661665e+18
8425b25b-a8f9-4eed-b0dc-49ee4613066e,1.7773445820995095e+18
8425b25b-a8f9-4eed-b0dc-49ee4613066e,1.7773445821328515e+18
8425b25b-a8f9-4eed-b0dc-49ee4613066e,1.7773445821661944e+18
8425b25b-a8f9-4eed-b0dc-49ee4613066e,1.7773445821995364e+18
8425b25b-a8f9-4eed-b0dc-49ee4613066e,1.7773445822328783e+18
8425b25b-a8f9-4eed-b0dc-49ee4613066e,1.7773445822662216e+18
8425b25b-a8f9-4eed-b0dc-49ee4613066e,1.7773445822995635e+18
8425b25b-a8f9-4eed-b0dc-49ee4613066e,1.7773445823329065e+18
8425b25b-a8f9-4eed-b0dc-49ee4613066e,1.7773445823662484e+18
8425b25b-a8f9-4eed-b0dc-49ee4613066e,1.7773445823995914e+18
8425b25b-a8f9-4eed-b0dc-49ee4613066e,1.7773445824329334e+18
8425b25b-a8f9-4eed-b0dc-49ee4613066e,1.7773445824662764e+18
8425b25b-a8f9-4eed-b0dc-49ee4613066e,1.7773445824996186e+18
8425b25b-a8f9-4eed-b0dc-49ee4613066e,1.7773445825329605e+18
8425b25b-a8f9-4eed-b0dc-49ee4613066e,1.7773445825663035e+18
8425b25b-a8f9-4eed-b0dc-49ee4613066e,1.7773445825996454e+18
8425b25b-a8f9-4eed-b0dc-49ee4613066e,1.7773445826329884e+18
8425b25b-a8f9-4eed-b0dc-49ee4613066e,1.7773445826663304e+18
8425b25b-a8f9-4eed-b0dc-49ee4613066e,1.7773445826996733e+18
8425b25b-a8f9-4eed-b0dc-49ee4613066e,1.7773445827330156e+18
8425b25b-a8f9-4eed-b0dc-49ee4613066e,1.7773445827663585e+18
8425b25b-a8f9-4eed-b0dc-49ee4613066e,1.7773445827997005e+18
8425b25b-a8f9-4eed-b0dc-49ee4613066e,1.7773445828330424e+18
8425b25b-a8f9-4eed-b0dc-49ee4613066e,1.7773445828663854e+18
8425b25b-a8f9-4eed-b0dc-49ee4613066e,1.7773445828997274e+18
8425b25b-a8f9-4eed-b0dc-49ee4613066e,1.7773445829330703e+18
8425b25b-a8f9-4eed-b0dc-49ee4613066e,1.7773445829664125e+18
8425b25b-a8f9-4eed-b0dc-49ee4613066e,1.7773445829997555e+18
8425b25b-a8f9-4eed-b0dc-49ee4613066e,1.7773445830330975e+18
8425b25b-a8f9-4eed-b0dc-49ee4613066e,1.7773445830664404e+18
8425b25b-a8f9-4eed-b0dc-49ee4613066e,1.7773445830997824e+18
8425b25b-a8f9-4eed-b0dc-49ee4613066e,1.7773445831331244e+18
8425b25b-a8f9-4eed-b0dc-49ee4613066e,1.7773445831664673e+18
8425b25b-a8f9-4eed-b0dc-49ee4613066e,1.7773445831998095e+18
8425b25b-a8f9-4eed-b0dc-49ee4613066e,1.7773445832331525e+18
8425b25b-a8f9-4eed-b0dc-49ee4613066e,1.7773445832664945e+18
8425b25b-a8f9-4eed-b0dc-49ee4613066e,1.7773445832998374e+18
8425b25b-a8f9-4eed-b0dc-49ee4613066e,1.7773445833331794e+18
8425b25b-a8f9-4eed-b0dc-49ee4613066e,1.7773445833665224e+18
8425b25b-a8f9-4eed-b0dc-49ee4613066e,1.7773445833998643e+18
8425b25b-a8f9-4eed-b0dc-49ee4613066e,1.7773445834332065e+18
8425b25b-a8f9-4eed-b0dc-49ee4613066e,1.7773445834665495e+18
8425b25b-a8f9-4eed-b0dc-49ee4613066e,1.7773445834998915e+18
8425b25b-a8f9-4eed-b0dc-49ee4613066e,1.7773445835332344e+18
8425b25b-a8f9-4eed-b0dc-49ee4613066e,1.7773445835665764e+18
8425b25b-a8f9-4eed-b0dc-49ee4613066e,1.7773445835999194e+18
8425b25b-a8f9-4eed-b0dc-49ee4613066e,1.7773445836332616e+18
8425b25b-a8f9-4eed-b0dc-49ee4613066e,1.7773445836666045e+18
8425b25b-a8f9-4eed-b0dc-49ee4613066e,1.7773445836999465e+18
8425b25b-a8f9-4eed-b0dc-49ee4613066e,1.7773445837332895e+18
8425b25b-a8f9-4eed-b0dc-49ee4613066e,1.7773445837666314e+18
8425b25b-a8f9-4eed-b0dc-49ee4613066e,1.7773445837999734e+18
8425b25b-a8f9-4eed-b0dc-49ee4613066e,1.7773445838333164e+18
8425b25b-a8f9-4eed-b0dc-49ee4613066e,1.7773445838666586e+18
8425b25b-a8f9-4eed-b0dc-49ee4613066e,1.7773445839000015e+18
8425b25b-a8f9-4eed-b0dc-49ee4613066e,1.7773445839333435e+18
8425b25b-a8f9-4eed-b0dc-49ee4613066e,1.7773445839666865e+18
8425b25b-a8f9-4eed-b0dc-49ee4613066e,1.7773445840000284e+18
8425b25b-a8f9-4eed-b0dc-49ee4613066e,1.7773445840333714e+18
8425b25b-a8f9-4eed-b0dc-49ee4613066e,1.7773445840667133e+18
8425b25b-a8f9-4eed-b0dc-49ee4613066e,1.7773445841000556e+18
8425b25b-a8f9-4eed-b0dc-49ee4613066e,1.7773445841333985e+18
8425b25b-a8f9-4eed-b0dc-49ee4613066e,1.7773445841667405e+18
8425b25b-a8f9-4eed-b0dc-49ee4613066e,1.7773445842000835e+18
8425b25b-a8f9-4eed-b0dc-49ee4613066e,1.7773445842334254e+18
8425b25b-a8f9-4eed-b0dc-49ee4613066e,1.7773445842667684e+18
8425b25b-a8f9-4eed-b0dc-49ee4613066e,1.7773445843001103e+18
8425b25b-a8f9-4eed-b0dc-49ee4613066e,1.7773445843334536e+18
8425b25b-a8f9-4eed-b0dc-49ee4613066e,1.7773445843667955e+18
8425b25b-a8f9-4eed-b0dc-49ee4613066e,1.7773445844001375e+18
8425b25b-a8f9-4eed-b0dc-49ee4613066e,1.7773445844334804e+18
8425b25b-a8f9-4eed-b0dc-49ee4613066e,1.7773445844668224e+18
8425b25b-a8f9-4eed-b0dc-49ee4613066e,1.7773445845001654e+18
8425b25b-a8f9-4eed-b0dc-49ee4613066e,1.7773445845335073e+18
8425b25b-a8f9-4eed-b0dc-49ee4613066e,1.7773445845668506e+18
8425b25b-a8f9-4eed-b0dc-49ee4613066e,1.7773445846001925e+18
8425b25b-a8f9-4eed-b0dc-49ee4613066e,1.7773445846335355e+18
8425b25b-a8f9-4eed-b0dc-49ee4613066e,1.7773445846668774e+18
8425b25b-a8f9-4eed-b0dc-49ee4613066e,1.7773445847002194e+18
8425b25b-a8f9-4eed-b0dc-49ee4613066e,1.7773445847335624e+18
8425b25b-a8f9-4eed-b0dc-49ee4613066e,1.7773445847669043e+18
8425b25b-a8f9-4eed-b0dc-49ee4613066e,1.7773445848002476e+18
8425b25b-a8f9-4eed-b0dc-49ee4613066e,1.7773445848335895e+18
8425b25b-a8f9-4eed-b0dc-49ee4613066e,1.7773445848669325e+18
8425b25b-a8f9-4eed-b0dc-49ee4613066e,1.7773445849002744e+18
8425b25b-a8f9-4eed-b0dc-49ee4613066e,1.7773445849336174e+18
8425b25b-a8f9-4eed-b0dc-49ee4613066e,1.7773445849669594e+18
8425b25b-a8f9-4eed-b0dc-49ee4613066e,1.7773445850003016e+18
8425b25b-a8f9-4eed-b0dc-49ee4613066e,1.7773445850336445e+18
8425b25b-a8f9-4eed-b0dc-49ee4613066e,1.7773445850669865e+18
8425b25b-a8f9-4eed-b0dc-49ee4613066e,1.7773445851003295e+18
8425b25b-a8f9-4eed-b0dc-49ee4613066e,1.7773445851336714e+18
8425b25b-a8f9-4eed-b0dc-49ee4613066e,1.7773445851670144e+18
8425b25b-a8f9-4eed-b0dc-49ee4613066e,1.7773445852003564e+18
8425b25b-a8f9-4eed-b0dc-49ee4613066e,1.7773445852336993e+18
8425b25b-a8f9-4eed-b0dc-49ee4613066e,1.7773445852670415e+18
8425b25b-a8f9-4eed-b0dc-49ee4613066e,1.7773445853003835e+18
8425b25b-a8f9-4eed-b0dc-49ee4613066e,1.7773445853337265e+18
8425b25b-a8f9-4eed-b0dc-49ee4613066e,1.7773445853670684e+18
8425b25b-a8f9-4eed-b0dc-49ee4613066e,1.7773445854004114e+18
8425b25b-a8f9-4eed-b0dc-49ee4613066e,1.7773445854337533e+18
8425b25b-a8f9-4eed-b0dc-49ee4613066e,1.7773445854670966e+18
8425b25b-a8f9-4eed-b0dc-49ee4613066e,1.7773445855004385e+18
8425b25b-a8f9-4eed-b0dc-49ee4613066e,1.7773445855337815e+18
8425b25b-a8f9-4eed-b0dc-49ee4613066e,1.7773445855671235e+18
8425b25b-a8f9-4eed-b0dc-49ee4613066e,1.7773445856004664e+18
8425b25b-a8f9-4eed-b0dc-49ee4613066e,1.7773445856338084e+18
8425b25b-a8f9-4eed-b0dc-49ee4613066e,1.7773445856671503e+18
8425b25b-a8f9-4eed-b0dc-49ee4613066e,1.7773445857004936e+18
8425b25b-a8f9-4eed-b0dc-49ee4613066e,1.7773445857338355e+18
8425b25b-a8f9-4eed-b0dc-49ee4613066e,1.7773445857671785e+18
8425b25b-a8f9-4eed-b0dc-49ee4613066e,1.7773445858005204e+18
8425b25b-a8f9-4eed-b0dc-49ee4613066e,1.7773445858338634e+18
8425b25b-a8f9-4eed-b0dc-49ee4613066e,1.7773445858672054e+18
8425b25b-a8f9-4eed-b0dc-49ee4613066e,1.7773445859005484e+18
8425b25b-a8f9-4eed-b0dc-49ee4613066e,1.7773445859338906e+18
8425b25b-a8f9-4eed-b0dc-49ee4613066e,1.7773445859672325e+18
8425b25b-a8f9-4eed-b0dc-49ee4613066e,1.7773445860005755e+18
8425b25b-a8f9-4eed-b0dc-49ee4613066e,1.7773445860339174e+18
8425b25b-a8f9-4eed-b0dc-49ee4613066e,1.7773445860672604e+18
8425b25b-a8f9-4eed-b0dc-49ee4613066e,1.7773445861006024e+18
8425b25b-a8f9-4eed-b0dc-49ee4613066e,1.7773445861339453e+18
8425b25b-a8f9-4eed-b0dc-49ee4613066e,1.7773445861672876e+18
8425b25b-a8f9-4eed-b0dc-49ee4613066e,1.7773445862006305e+18
8425b25b-a8f9-4eed-b0dc-49ee4613066e,1.7773445862339725e+18
8425b25b-a8f9-4eed-b0dc-49ee4613066e,1.7773445862673144e+18
8425b25b-a8f9-4eed-b0dc-49ee4613066e,1.7773445863006574e+18
8425b25b-a8f9-4eed-b0dc-49ee4613066e,1.7773445863339994e+18
8425b25b-a8f9-4eed-b0dc-49ee4613066e,1.7773445863673423e+18
8425b25b-a8f9-4eed-b0dc-49ee4613066e,1.7773445864006845e+18
8425b25b-a8f9-4eed-b0dc-49ee4613066e,1.7773445864340275e+18
8425b25b-a8f9-4eed-b0dc-49ee4613066e,1.7773445864673695e+18
8425b25b-a8f9-4eed-b0dc-49ee4613066e,1.7773445865007124e+18
8425b25b-a8f9-4eed-b0dc-49ee4613066e,1.7773445865340544e+18
8425b25b-a8f9-4eed-b0dc-49ee4613066e,1.7773445865673964e+18
8425b25b-a8f9-4eed-b0dc-49ee4613066e,1.7773445866007393e+18
8425b25b-a8f9-4eed-b0dc-49ee4613066e,1.7773445866340815e+18
8425b25b-a8f9-4eed-b0dc-49ee4613066e,1.7773445866674245e+18
8425b25b-a8f9-4eed-b0dc-49ee4613066e,1.7773445867007665e+18
8425b25b-a8f9-4eed-b0dc-49ee4613066e,1.7773445867341094e+18
8425b25b-a8f9-4eed-b0dc-49ee4613066e,1.7773445867674514e+18
8425b25b-a8f9-4eed-b0dc-49ee4613066e,1.7773445868007944e+18
8425b25b-a8f9-4eed-b0dc-49ee4613066e,1.7773445868341366e+18
8425b25b-a8f9-4eed-b0dc-49ee4613066e,1.7773445868674785e+18
8425b25b-a8f9-4eed-b0dc-49ee4613066e,1.7773445869008215e+18
8425b25b-a8f9-4eed-b0dc-49ee4613066e,1.7773445869341635e+18
8425b25b-a8f9-4eed-b0dc-49ee4613066e,1.7773445869675064e+18
8425b25b-a8f9-4eed-b0dc-49ee4613066e,1.7773445870008484e+18
8425b25b-a8f9-4eed-b0dc-49ee4613066e,1.7773445870341914e+18
8425b25b-a8f9-4eed-b0dc-49ee4613066e,1.7773445870675336e+18
8425b25b-a8f9-4eed-b0dc-49ee4613066e,1.7773445871008765e+18
8425b25b-a8f9-4eed-b0dc-49ee4613066e,1.7773445871342185e+18
8425b25b-a8f9-4eed-b0dc-49ee4613066e,1.7773445871675604e+18
8425b25b-a8f9-4eed-b0dc-49ee4613066e,1.7773445872009034e+18
8425b25b-a8f9-4eed-b0dc-49ee4613066e,1.7773445872342454e+18
8425b25b-a8f9-4eed-b0dc-49ee4613066e,1.7773445872675884e+18
8425b25b-a8f9-4eed-b0dc-49ee4613066e,1.7773445873009306e+18
8425b25b-a8f9-4eed-b0dc-49ee4613066e,1.7773445873342735e+18
8425b25b-a8f9-4eed-b0dc-49ee4613066e,1.7773445873676155e+18
8425b25b-a8f9-4eed-b0dc-49ee4613066e,1.7773445874009585e+18
8425b25b-a8f9-4eed-b0dc-49ee4613066e,1.7773445874343004e+18
8425b25b-a8f9-4eed-b0dc-49ee4613066e,1.7773445874676434e+18
8425b25b-a8f9-4eed-b0dc-49ee4613066e,1.7773445875009853e+18
8425b25b-a8f9-4eed-b0dc-49ee4613066e,1.7773445875343276e+18
8425b25b-a8f9-4eed-b0dc-49ee4613066e,1.7773445875676705e+18
8425b25b-a8f9-4eed-b0dc-49ee4613066e,1.7773445876010125e+18
8425b25b-a8f9-4eed-b0dc-49ee4613066e,1.7773445876343555e+18
8425b25b-a8f9-4eed-b0dc-49ee4613066e,1.7773445876676974e+18
8425b25b-a8f9-4eed-b0dc-49ee4613066e,1.7773445877010404e+18
8425b25b-a8f9-4eed-b0dc-49ee4613066e,1.7773445877343823e+18
8425b25b-a8f9-4eed-b0dc-49ee4613066e,1.7773445877677256e+18
8425b25b-a8f9-4eed-b0dc-49ee4613066e,1.7773445878010675e+18
8425b25b-a8f9-4eed-b0dc-49ee4613066e,1.7773445878344095e+18
8425b25b-a8f9-4eed-b0dc-49ee4613066e,1.7773445878677524e+18
8425b25b-a8f9-4eed-b0dc-49ee4613066e,1.7773445879010944e+18
8425b25b-a8f9-4eed-b0dc-49ee4613066e,1.7773445879344374e+18
8425b25b-a8f9-4eed-b0dc-49ee4613066e,1.7773445879677793e+18
8425b25b-a8f9-4eed-b0dc-49ee4613066e,1.7773445880011226e+18
8425b25b-a8f9-4eed-b0dc-49ee4613066e,1.7773445880344645e+18
8425b25b-a8f9-4eed-b0dc-49ee4613066e,1.7773445880678075e+18
8425b25b-a8f9-4eed-b0dc-49ee4613066e,1.7773445881011494e+18
8425b25b-a8f9-4eed-b0dc-49ee4613066e,1.7773445881344914e+18
8425b25b-a8f9-4eed-b0dc-49ee4613066e,1.7773445881678344e+18
8425b25b-a8f9-4eed-b0dc-49ee4613066e,1.7773445882011766e+18
8425b25b-a8f9-4eed-b0dc-49ee4613066e,1.7773445882345196e+18
8425b25b-a8f9-4eed-b0dc-49ee4613066e,1.7773445882678615e+18
8425b25b-a8f9-4eed-b0dc-49ee4613066e,1.7773445883012045e+18
8425b25b-a8f9-4eed-b0dc-49ee4613066e,1.7773445883345464e+18
8425b25b-a8f9-4eed-b0dc-49ee4613066e,1.7773445883678894e+18
8425b25b-a8f9-4eed-b0dc-49ee4613066e,1.7773445884012314e+18
8425b25b-a8f9-4eed-b0dc-49ee4613066e,1.7773445884345736e+18
8425b25b-a8f9-4eed-b0dc-49ee4613066e,1.7773445884679165e+18
8425b25b-a8f9-4eed-b0dc-49ee4613066e,1.7773445885012585e+18
8425b25b-a8f9-4eed-b0dc-49ee4613066e,1.7773445885346015e+18
8425b25b-a8f9-4eed-b0dc-49ee4613066e,1.7773445885679434e+18
8425b25b-a8f9-4eed-b0dc-49ee4613066e,1.7773445886012864e+18
8425b25b-a8f9-4eed-b0dc-49ee4613066e,1.7773445886346284e+18
8425b25b-a8f9-4eed-b0dc-49ee4613066e,1.7773445886679713e+18
8425b25b-a8f9-4eed-b0dc-49ee4613066e,1.7773445887013135e+18
8425b25b-a8f9-4eed-b0dc-49ee4613066e,1.7773445887346555e+18
8425b25b-a8f9-4eed-b0dc-49ee4613066e,1.7773445887679985e+18
8425b25b-a8f9-4eed-b0dc-49ee4613066e,1.7773445888013404e+18
8425b25b-a8f9-4eed-b0dc-49ee4613066e,1.7773445888346834e+18
8425b25b-a8f9-4eed-b0dc-49ee4613066e,1.7773445888680253e+18
8425b25b-a8f9-4eed-b0dc-49ee4613066e,1.7773445889013683e+18
8425b25b-a8f9-4eed-b0dc-49ee4613066e,1.7773445889347105e+18
8425b25b-a8f9-4eed-b0dc-49ee4613066e,1.7773445889680535e+18
8425b25b-a8f9-4eed-b0dc-49ee4613066e,1.7773445890013955e+18
8425b25b-a8f9-4eed-b0dc-49ee4613066e,1.7773445890347374e+18
8425b25b-a8f9-4eed-b0dc-49ee4613066e,1.7773445890680804e+18
8425b25b-a8f9-4eed-b0dc-49ee4613066e,1.7773445891014223e+18
8425b25b-a8f9-4eed-b0dc-49ee4613066e,1.7773445891347656e+18
8425b25b-a8f9-4eed-b0dc-49ee4613066e,1.7773445891681075e+18
8425b25b-a8f9-4eed-b0dc-49ee4613066e,1.7773445892014505e+18
8425b25b-a8f9-4eed-b0dc-49ee4613066e,1.7773445892347924e+18
8425b25b-a8f9-4eed-b0dc-49ee4613066e,1.7773445892681354e+18
8425b25b-a8f9-4eed-b0dc-49ee4613066e,1.7773445893014774e+18
8425b25b-a8f9-4eed-b0dc-49ee4613066e,1.7773445893348204e+18
8425b25b-a8f9-4eed-b0dc-49ee4613066e,1.7773445893681626e+18
8425b25b-a8f9-4eed-b0dc-49ee4613066e,1.7773445894015045e+18
8425b25b-a8f9-4eed-b0dc-49ee4613066e,1.7773445894348475e+18
8425b25b-a8f9-4eed-b0dc-49ee4613066e,1.7773445894681894e+18
8425b25b-a8f9-4eed-b0dc-49ee4613066e,1.7773445895015324e+18
8425b25b-a8f9-4eed-b0dc-49ee4613066e,1.7773445895348744e+18
8425b25b-a8f9-4eed-b0dc-49ee4613066e,1.7773445895682173e+18
8425b25b-a8f9-4eed-b0dc-49ee4613066e,1.7773445896015596e+18
8425b25b-a8f9-4eed-b0dc-49ee4613066e,1.7773445896349025e+18
8425b25b-a8f9-4eed-b0dc-49ee4613066e,1.7773445896682445e+18
8425b25b-a8f9-4eed-b0dc-49ee4613066e,1.7773445897015864e+18
8425b25b-a8f9-4eed-b0dc-49ee4613066e,1.7773445897349294e+18
8425b25b-a8f9-4eed-b0dc-49ee4613066e,1.7773445897682714e+18
8425b25b-a8f9-4eed-b0dc-49ee4613066e,1.7773445898016143e+18
8425b25b-a8f9-4eed-b0dc-49ee4613066e,1.7773445898349565e+18
8425b25b-a8f9-4eed-b0dc-49ee4613066e,1.7773445898682995e+18
8425b25b-a8f9-4eed-b0dc-49ee4613066e,1.7773445899016415e+18
8425b25b-a8f9-4eed-b0dc-49ee4613066e,1.7773445899349844e+18
8425b25b-a8f9-4eed-b0dc-49ee4613066e,1.7773445899683264e+18
8425b25b-a8f9-4eed-b0dc-49ee4613066e,1.7773445900016684e+18
8425b25b-a8f9-4eed-b0dc-49ee4613066e,1.7773445900350113e+18
8425b25b-a8f9-4eed-b0dc-49ee4613066e,1.7773445900683535e+18
8425b25b-a8f9-4eed-b0dc-49ee4613066e,1.7773445901016965e+18
8425b25b-a8f9-4eed-b0dc-49ee4613066e,1.7773445901350385e+18
8425b25b-a8f9-4eed-b0dc-49ee4613066e,1.7773445901683814e+18
8425b25b-a8f9-4eed-b0dc-49ee4613066e,1.7773445902017234e+18
8425b25b-a8f9-4eed-b0dc-49ee4613066e,1.7773445902350664e+18
8425b25b-a8f9-4eed-b0dc-49ee4613066e,1.7773445902684083e+18
8425b25b-a8f9-4eed-b0dc-49ee4613066e,1.7773445903017505e+18
8425b25b-a8f9-4eed-b0dc-49ee4613066e,1.7773445903350935e+18
8425b25b-a8f9-4eed-b0dc-49ee4613066e,1.7773445903684355e+18
8425b25b-a8f9-4eed-b0dc-49ee4613066e,1.7773445904017784e+18
8425b25b-a8f9-4eed-b0dc-49ee4613066e,1.7773445904351204e+18
8425b25b-a8f9-4eed-b0dc-49ee4613066e,1.7773445904684634e+18
8425b25b-a8f9-4eed-b0dc-49ee4613066e,1.7773445905018056e+18
8425b25b-a8f9-4eed-b0dc-49ee4613066e,1.7773445905351485e+18
8425b25b-a8f9-4eed-b0dc-49ee4613066e,1.7773445905684905e+18
8425b25b-a8f9-4eed-b0dc-49ee4613066e,1.7773445906018324e+18
8425b25b-a8f9-4eed-b0dc-49ee4613066e,1.7773445906351754e+18
8425b25b-a8f9-4eed-b0dc-49ee4613066e,1.7773445906685174e+18
8425b25b-a8f9-4eed-b0dc-49ee4613066e,1.7773445907018604e+18
8425b25b-a8f9-4eed-b0dc-49ee4613066e,1.7773445907352026e+18
8425b25b-a8f9-4eed-b0dc-49ee4613066e,1.7773445907685455e+18
8425b25b-a8f9-4eed-b0dc-49ee4613066e,1.7773445908018875e+18
8425b25b-a8f9-4eed-b0dc-49ee4613066e,1.7773445908352305e+18
8425b25b-a8f9-4eed-b0dc-49ee4613066e,1.7773445908685724e+18
8425b25b-a8f9-4eed-b0dc-49ee4613066e,1.7773445909019144e+18
8425b25b-a8f9-4eed-b0dc-49ee4613066e,1.7773445909352573e+18
8425b25b-a8f9-4eed-b0dc-49ee4613066e,1.7773445909685996e+18
8425b25b-a8f9-4eed-b0dc-49ee4613066e,1.7773445910019425e+18
8425b25b-a8f9-4eed-b0dc-49ee4613066e,1.7773445910352845e+18
8425b25b-a8f9-4eed-b0dc-49ee4613066e,1.7773445910686275e+18
8425b25b-a8f9-4eed-b0dc-49ee4613066e,1.7773445911019694e+18
8425b25b-a8f9-4eed-b0dc-49ee4613066e,1.7773445911353124e+18
8425b25b-a8f9-4eed-b0dc-49ee4613066e,1.7773445911686543e+18
8425b25b-a8f9-4eed-b0dc-49ee4613066e,1.7773445912019976e+18
8425b25b-a8f9-4eed-b0dc-49ee4613066e,1.7773445912353395e+18
8425b25b-a8f9-4eed-b0dc-49ee4613066e,1.7773445912686815e+18
8425b25b-a8f9-4eed-b0dc-49ee4613066e,1.7773445913020244e+18
8425b25b-a8f9-4eed-b0dc-49ee4613066e,1.7773445913353664e+18
8425b25b-a8f9-4eed-b0dc-49ee4613066e,1.7773445913687094e+18
8425b25b-a8f9-4eed-b0dc-49ee4613066e,1.7773445914020513e+18
8425b25b-a8f9-4eed-b0dc-49ee4613066e,1.7773445914353946e+18
8425b25b-a8f9-4eed-b0dc-49ee4613066e,1.7773445914687365e+18
8425b25b-a8f9-4eed-b0dc-49ee4613066e,1.7773445915020795e+18
8425b25b-a8f9-4eed-b0dc-49ee4613066e,1.7773445915354214e+18
8425b25b-a8f9-4eed-b0dc-49ee4613066e,1.7773445915687634e+18
8425b25b-a8f9-4eed-b0dc-49ee4613066e,1.7773445916021064e+18
8425b25b-a8f9-4eed-b0dc-49ee4613066e,1.7773445916354483e+18
8425b25b-a8f9-4eed-b0dc-49ee4613066e,1.7773445916687916e+18
8425b25b-a8f9-4eed-b0dc-49ee4613066e,1.7773445917021335e+18
8425b25b-a8f9-4eed-b0dc-49ee4613066e,1.7773445917354765e+18
8425b25b-a8f9-4eed-b0dc-49ee4613066e,1.7773445917688184e+18
8425b25b-a8f9-4eed-b0dc-49ee4613066e,1.7773445918021614e+18
8425b25b-a8f9-4eed-b0dc-49ee4613066e,1.7773445918355034e+18
8425b25b-a8f9-4eed-b0dc-49ee4613066e,1.7773445918688456e+18
8425b25b-a8f9-4eed-b0dc-49ee4613066e,1.7773445919021885e+18
8425b25b-a8f9-4eed-b0dc-49ee4613066e,1.7773445919355305e+18
8425b25b-a8f9-4eed-b0dc-49ee4613066e,1.7773445919688735e+18
8425b25b-a8f9-4eed-b0dc-49ee4613066e,1.7773445920022154e+18
8425b25b-a8f9-4eed-b0dc-49ee4613066e,1.7773445920355584e+18
8425b25b-a8f9-4eed-b0dc-49ee4613066e,1.7773445920689004e+18
8425b25b-a8f9-4eed-b0dc-49ee4613066e,1.7773445921022433e+18
8425b25b-a8f9-4eed-b0dc-49ee4613066e,1.7773445921355855e+18
8425b25b-a8f9-4eed-b0dc-49ee4613066e,1.7773445921689275e+18
8425b25b-a8f9-4eed-b0dc-49ee4613066e,1.7773445922022705e+18
8425b25b-a8f9-4eed-b0dc-49ee4613066e,1.7773445922356124e+18
8425b25b-a8f9-4eed-b0dc-49ee4613066e,1.7773445922689554e+18
8425b25b-a8f9-4eed-b0dc-49ee4613066e,1.7773445923022973e+18
8425b25b-a8f9-4eed-b0dc-49ee4613066e,1.7773445923356406e+18
8425b25b-a8f9-4eed-b0dc-49ee4613066e,1.7773445923689825e+18
8425b25b-a8f9-4eed-b0dc-49ee4613066e,1.7773445924023255e+18
8425b25b-a8f9-4eed-b0dc-49ee4613066e,1.7773445924356675e+18
8425b25b-a8f9-4eed-b0dc-49ee4613066e,1.7773445924690104e+18
8425b25b-a8f9-4eed-b0dc-49ee4613066e,1.7773445925023524e+18
8425b25b-a8f9-4eed-b0dc-49ee4613066e,1.7773445925356943e+18
8425b25b-a8f9-4eed-b0dc-49ee4613066e,1.7773445925690376e+18
8425b25b-a8f9-4eed-b0dc-49ee4613066e,1.7773445926023795e+18
8425b25b-a8f9-4eed-b0dc-49ee4613066e,1.7773445926357225e+18
8425b25b-a8f9-4eed-b0dc-49ee4613066e,1.7773445926690644e+18
8425b25b-a8f9-4eed-b0dc-49ee4613066e,1.7773445927024074e+18
8425b25b-a8f9-4eed-b0dc-49ee4613066e,1.7773445927357494e+18
8425b25b-a8f9-4eed-b0dc-49ee4613066e,1.7773445927690924e+18
8425b25b-a8f9-4eed-b0dc-49ee4613066e,1.7773445928024346e+18
8425b25b-a8f9-4eed-b0dc-49ee4613066e,1.7773445928357765e+18
8425b25b-a8f9-4eed-b0dc-49ee4613066e,1.7773445928691195e+18
8425b25b-a8f9-4eed-b0dc-49ee4613066e,1.7773445929024614e+18
8425b25b-a8f9-4eed-b0dc-49ee4613066e,1.7773445929358044e+18
8425b25b-a8f9-4eed-b0dc-49ee4613066e,1.7773445929691464e+18
8425b25b-a8f9-4eed-b0dc-49ee4613066e,1.7773445930024893e+18
8425b25b-a8f9-4eed-b0dc-49ee4613066e,1.7773445930358316e+18
8425b25b-a8f9-4eed-b0dc-49ee4613066e,1.7773445930691745e+18
8425b25b-a8f9-4eed-b0dc-49ee4613066e,1.7773445931025165e+18
8425b25b-a8f9-4eed-b0dc-49ee4613066e,1.7773445931358584e+18
8425b25b-a8f9-4eed-b0dc-49ee4613066e,1.7773445931692014e+18
8425b25b-a8f9-4eed-b0dc-49ee4613066e,1.7773445932025434e+18
8425b25b-a8f9-4eed-b0dc-49ee4613066e,1.7773445932358863e+18
8425b25b-a8f9-4eed-b0dc-49ee4613066e,1.7773445932692285e+18
8425b25b-a8f9-4eed-b0dc-49ee4613066e,1.7773445933025715e+18
8425b25b-a8f9-4eed-b0dc-49ee4613066e,1.7773445933359135e+18
8425b25b-a8f9-4eed-b0dc-49ee4613066e,1.7773445933692564e+18
8425b25b-a8f9-4eed-b0dc-49ee4613066e,1.7773445934025984e+18
8425b25b-a8f9-4eed-b0dc-49ee4613066e,1.7773445934359404e+18
8425b25b-a8f9-4eed-b0dc-49ee4613066e,1.7773445934692833e+18
8425b25b-a8f9-4eed-b0dc-49ee4613066e,1.7773445935026255e+18
8425b25b-a8f9-4eed-b0dc-49ee4613066e,1.7773445935359685e+18
8425b25b-a8f9-4eed-b0dc-49ee4613066e,1.7773445935693105e+18
8425b25b-a8f9-4eed-b0dc-49ee4613066e,1.7773445936026534e+18
8425b25b-a8f9-4eed-b0dc-49ee4613066e,1.7773445936359954e+18
8425b25b-a8f9-4eed-b0dc-49ee4613066e,1.7773445936693384e+18
8425b25b-a8f9-4eed-b0dc-49ee4613066e,1.7773445937026806e+18
8425b25b-a8f9-4eed-b0dc-49ee4613066e,1.7773445937360236e+18
8425b25b-a8f9-4eed-b0dc-49ee4613066e,1.7773445937693655e+18
8425b25b-a8f9-4eed-b0dc-49ee4613066e,1.7773445938027075e+18
8425b25b-a8f9-4eed-b0dc-49ee4613066e,1.7773445938360504e+18
8425b25b-a8f9-4eed-b0dc-49ee4613066e,1.7773445938693924e+18
8425b25b-a8f9-4eed-b0dc-49ee4613066e,1.7773445939027354e+18
8425b25b-a8f9-4eed-b0dc-49ee4613066e,1.7773445939360776e+18
8425b25b-a8f9-4eed-b0dc-49ee4613066e,1.7773445939694205e+18
8425b25b-a8f9-4eed-b0dc-49ee4613066e,1.7773445940027625e+18
8425b25b-a8f9-4eed-b0dc-49ee4613066e,1.7773445940361055e+18
8425b25b-a8f9-4eed-b0dc-49ee4613066e,1.7773445940694474e+18
8425b25b-a8f9-4eed-b0dc-49ee4613066e,1.7773445941027894e+18
8425b25b-a8f9-4eed-b0dc-49ee4613066e,1.7773445941361324e+18
8425b25b-a8f9-4eed-b0dc-49ee4613066e,1.7773445941694746e+18
8425b25b-a8f9-4eed-b0dc-49ee4613066e,1.7773445942028175e+18
8425b25b-a8f9-4eed-b0dc-49ee4613066e,1.7773445942361595e+18
8425b25b-a8f9-4eed-b0dc-49ee4613066e,1.7773445942695025e+18
8425b25b-a8f9-4eed-b0dc-49ee4613066e,1.7773445943028444e+18
8425b25b-a8f9-4eed-b0dc-49ee4613066e,1.7773445943361874e+18
8425b25b-a8f9-4eed-b0dc-49ee4613066e,1.7773445943695293e+18
8425b25b-a8f9-4eed-b0dc-49ee4613066e,1.7773445944028716e+18
8425b25b-a8f9-4eed-b0dc-49ee4613066e,1.7773445944362145e+18
8425b25b-a8f9-4eed-b0dc-49ee4613066e,1.7773445944695565e+18
8425b25b-a8f9-4eed-b0dc-49ee4613066e,1.7773445945028995e+18
8425b25b-a8f9-4eed-b0dc-49ee4613066e,1.7773445945362414e+18
8425b25b-a8f9-4eed-b0dc-49ee4613066e,1.7773445945695844e+18
8425b25b-a8f9-4eed-b0dc-49ee4613066e,1.7773445946029263e+18
8425b25b-a8f9-4eed-b0dc-49ee4613066e,1.7773445946362696e+18
8425b25b-a8f9-4eed-b0dc-49ee4613066e,1.7773445946696115e+18
8425b25b-a8f9-4eed-b0dc-49ee4613066e,1.7773445947029535e+18
8425b25b-a8f9-4eed-b0dc-49ee4613066e,1.7773445947362964e+18
8425b25b-a8f9-4eed-b0dc-49ee4613066e,1.7773445947696384e+18
8425b25b-a8f9-4eed-b0dc-49ee4613066e,1.7773445948029814e+18
8425b25b-a8f9-4eed-b0dc-49ee4613066e,1.7773445948363233e+18
8425b25b-a8f9-4eed-b0dc-49ee4613066e,1.7773445948696666e+18
8425b25b-a8f9-4eed-b0dc-49ee4613066e,1.7773445949030085e+18
8425b25b-a8f9-4eed-b0dc-49ee4613066e,1.7773445949363515e+18
8425b25b-a8f9-4eed-b0dc-49ee4613066e,1.7773445949696934e+18
8425b25b-a8f9-4eed-b0dc-49ee4613066e,1.7773445950030354e+18
8425b25b-a8f9-4eed-b0dc-49ee4613066e,1.7773445950363784e+18
8425b25b-a8f9-4eed-b0dc-49ee4613066e,1.7773445950697206e+18
8425b25b-a8f9-4eed-b0dc-49ee4613066e,1.7773445951030636e+18
8425b25b-a8f9-4eed-b0dc-49ee4613066e,1.7773445951364055e+18
8425b25b-a8f9-4eed-b0dc-49ee4613066e,1.7773445951697485e+18
8425b25b-a8f9-4eed-b0dc-49ee4613066e,1.7773445952030904e+18
8425b25b-a8f9-4eed-b0dc-49ee4613066e,1.7773445952364334e+18
8425b25b-a8f9-4eed-b0dc-49ee4613066e,1.7773445952697754e+18
8425b25b-a8f9-4eed-b0dc-49ee4613066e,1.7773445953031176e+18
8425b25b-a8f9-4eed-b0dc-49ee4613066e,1.7773445953364605e+18
8425b25b-a8f9-4eed-b0dc-49ee4613066e,1.7773445953698025e+18
8425b25b-a8f9-4eed-b0dc-49ee4613066e,1.7773445954031455e+18
8425b25b-a8f9-4eed-b0dc-49ee4613066e,1.7773445954364874e+18
8425b25b-a8f9-4eed-b0dc-49ee4613066e,1.7773445954698304e+18
8425b25b-a8f9-4eed-b0dc-49ee4613066e,1.7773445955031724e+18
8425b25b-a8f9-4eed-b0dc-49ee4613066e,1.7773445955365153e+18
8425b25b-a8f9-4eed-b0dc-49ee4613066e,1.7773445955698575e+18
8425b25b-a8f9-4eed-b0dc-49ee4613066e,1.7773445956032005e+18
8425b25b-a8f9-4eed-b0dc-49ee4613066e,1.7773445956365425e+18
8425b25b-a8f9-4eed-b0dc-49ee4613066e,1.7773445956698844e+18
8425b25b-a8f9-4eed-b0dc-49ee4613066e,1.7773445957032274e+18
8425b25b-a8f9-4eed-b0dc-49ee4613066e,1.7773445957365693e+18
8425b25b-a8f9-4eed-b0dc-49ee4613066e,1.7773445957699123e+18
8425b25b-a8f9-4eed-b0dc-49ee4613066e,1.7773445958032545e+18
8425b25b-a8f9-4eed-b0dc-49ee4613066e,1.7773445958365975e+18
8425b25b-a8f9-4eed-b0dc-49ee4613066e,1.7773445958699395e+18
8425b25b-a8f9-4eed-b0dc-49ee4613066e,1.7773445959032824e+18
8425b25b-a8f9-4eed-b0dc-49ee4613066e,1.7773445959366244e+18
8425b25b-a8f9-4eed-b0dc-49ee4613066e,1.7773445959699663e+18
8425b25b-a8f9-4eed-b0dc-49ee4613066e,1.7773445960033096e+18
8425b25b-a8f9-4eed-b0dc-49ee4613066e,1.7773445960366515e+18
8425b25b-a8f9-4eed-b0dc-49ee4613066e,1.7773445960699945e+18
8425b25b-a8f9-4eed-b0dc-49ee4613066e,1.7773445961033364e+18
8425b25b-a8f9-4eed-b0dc-49ee4613066e,1.7773445961366794e+18
8425b25b-a8f9-4eed-b0dc-49ee4613066e,1.7773445961700214e+18
8425b25b-a8f9-4eed-b0dc-49ee4613066e,1.7773445962033644e+18
8425b25b-a8f9-4eed-b0dc-49ee4613066e,1.7773445962367066e+18
8425b25b-a8f9-4eed-b0dc-49ee4613066e,1.7773445962700485e+18
8425b25b-a8f9-4eed-b0dc-49ee4613066e,1.7773445963033915e+18
8425b25b-a8f9-4eed-b0dc-49ee4613066e,1.7773445963367334e+18
8425b25b-a8f9-4eed-b0dc-49ee4613066e,1.7773445963700764e+18
8425b25b-a8f9-4eed-b0dc-49ee4613066e,1.7773445964034184e+18
8425b25b-a8f9-4eed-b0dc-49ee4613066e,1.7773445964367613e+18
8425b25b-a8f9-4eed-b0dc-49ee4613066e,1.7773445964701036e+18
8425b25b-a8f9-4eed-b0dc-49ee4613066e,1.7773445965034465e+18
8425b25b-a8f9-4eed-b0dc-49ee4613066e,1.7773445965367885e+18
8425b25b-a8f9-4eed-b0dc-49ee4613066e,1.7773445965701304e+18
8425b25b-a8f9-4eed-b0dc-49ee4613066e,1.7773445966034734e+18
8425b25b-a8f9-4eed-b0dc-49ee4613066e,1.7773445966368154e+18
8425b25b-a8f9-4eed-b0dc-49ee4613066e,1.7773445966701583e+18
8425b25b-a8f9-4eed-b0dc-49ee4613066e,1.7773445967035005e+18
8425b25b-a8f9-4eed-b0dc-49ee4613066e,1.7773445967368435e+18
8425b25b-a8f9-4eed-b0dc-49ee4613066e,1.7773445967701855e+18
8425b25b-a8f9-4eed-b0dc-49ee4613066e,1.7773445968035284e+18
8425b25b-a8f9-4eed-b0dc-49ee4613066e,1.7773445968368704e+18
8425b25b-a8f9-4eed-b0dc-49ee4613066e,1.7773445968702124e+18
8425b25b-a8f9-4eed-b0dc-49ee4613066e,1.7773445969035553e+18
8425b25b-a8f9-4eed-b0dc-49ee4613066e,1.7773445969368975e+18
8425b25b-a8f9-4eed-b0dc-49ee4613066e,1.7773445969702405e+18
8425b25b-a8f9-4eed-b0dc-49ee4613066e,1.7773445970035825e+18
8425b25b-a8f9-4eed-b0dc-49ee4613066e,1.7773445970369254e+18
8425b25b-a8f9-4eed-b0dc-49ee4613066e,1.7773445970702674e+18
8425b25b-a8f9-4eed-b0dc-49ee4613066e,1.7773445971036104e+18
8425b25b-a8f9-4eed-b0dc-49ee4613066e,1.7773445971369523e+18
8425b25b-a8f9-4eed-b0dc-49ee4613066e,1.7773445971702945e+18
8425b25b-a8f9-4eed-b0dc-49ee4613066e,1.7773445972036375e+18
8425b25b-a8f9-4eed-b0dc-49ee4613066e,1.7773445972369795e+18
8425b25b-a8f9-4eed-b0dc-49ee4613066e,1.7773445972703224e+18
8425b25b-a8f9-4eed-b0dc-49ee4613066e,1.7773445973036644e+18
8425b25b-a8f9-4eed-b0dc-49ee4613066e,1.7773445973370074e+18
8425b25b-a8f9-4eed-b0dc-49ee4613066e,1.7773445973703496e+18
8425b25b-a8f9-4eed-b0dc-49ee4613066e,1.7773445974036925e+18
8425b25b-a8f9-4eed-b0dc-49ee4613066e,1.7773445974370345e+18
8425b25b-a8f9-4eed-b0dc-49ee4613066e,1.7773445974703775e+18
8425b25b-a8f9-4eed-b0dc-49ee4613066e,1.7773445975037194e+18
8425b25b-a8f9-4eed-b0dc-49ee4613066e,1.7773445975370614e+18
8425b25b-a8f9-4eed-b0dc-49ee4613066e,1.7773445975704044e+18
8425b25b-a8f9-4eed-b0dc-49ee4613066e,1.7773445976037466e+18
8425b25b-a8f9-4eed-b0dc-49ee4613066e,1.7773445976370895e+18
8425b25b-a8f9-4eed-b0dc-49ee4613066e,1.7773445976704315e+18
8425b25b-a8f9-4eed-b0dc-49ee4613066e,1.7773445977037745e+18
8425b25b-a8f9-4eed-b0dc-49ee4613066e,1.7773445977371164e+18
8425b25b-a8f9-4eed-b0dc-49ee4613066e,1.7773445977704594e+18
8425b25b-a8f9-4eed-b0dc-49ee4613066e,1.7773445978038013e+18
8425b25b-a8f9-4eed-b0dc-49ee4613066e,1.7773445978371436e+18
8425b25b-a8f9-4eed-b0dc-49ee4613066e,1.7773445978704865e+18
8425b25b-a8f9-4eed-b0dc-49ee4613066e,1.7773445979038285e+18
8425b25b-a8f9-4eed-b0dc-49ee4613066e,1.7773445979371715e+18
8425b25b-a8f9-4eed-b0dc-49ee4613066e,1.7773445979705134e+18
8425b25b-a8f9-4eed-b0dc-49ee4613066e,1.7773445980038564e+18
8425b25b-a8f9-4eed-b0dc-49ee4613066e,1.7773445980371983e+18
8425b25b-a8f9-4eed-b0dc-49ee4613066e,1.7773445980705416e+18
8425b25b-a8f9-4eed-b0dc-49ee4613066e,1.7773445981038835e+18
8425b25b-a8f9-4eed-b0dc-49ee4613066e,1.7773445981372255e+18
8425b25b-a8f9-4eed-b0dc-49ee4613066e,1.7773445981705684e+18
8425b25b-a8f9-4eed-b0dc-49ee4613066e,1.7773445982039104e+18
8425b25b-a8f9-4eed-b0dc-49ee4613066e,1.7773445982372534e+18
8425b25b-a8f9-4eed-b0dc-49ee4613066e,1.7773445982705953e+18
8425b25b-a8f9-4eed-b0dc-49ee4613066e,1.7773445983039386e+18
8425b25b-a8f9-4eed-b0dc-49ee4613066e,1.7773445983372805e+18
8425b25b-a8f9-4eed-b0dc-49ee4613066e,1.7773445983706235e+18
8425b25b-a8f9-4eed-b0dc-49ee4613066e,1.7773445984039654e+18
8425b25b-a8f9-4eed-b0dc-49ee4613066e,1.7773445984373074e+18
8425b25b-a8f9-4eed-b0dc-49ee4613066e,1.7773445984706504e+18
8425b25b-a8f9-4eed-b0dc-49ee4613066e,1.7773445985039923e+18
8425b25b-a8f9-4eed-b0dc-49ee4613066e,1.7773445985373356e+18
8425b25b-a8f9-4eed-b0dc-49ee4613066e,1.7773445985706775e+18
8425b25b-a8f9-4eed-b0dc-49ee4613066e,1.7773445986040205e+18
8425b25b-a8f9-4eed-b0dc-49ee4613066e,1.7773445986373624e+18
8425b25b-a8f9-4eed-b0dc-49ee4613066e,1.7773445986707054e+18
8425b25b-a8f9-4eed-b0dc-49ee4613066e,1.7773445987040474e+18
8425b25b-a8f9-4eed-b0dc-49ee4613066e,1.7773445987373896e+18
8425b25b-a8f9-4eed-b0dc-49ee4613066e,1.7773445987707325e+18
8425b25b-a8f9-4eed-b0dc-49ee4613066e,1.7773445988040745e+18
8425b25b-a8f9-4eed-b0dc-49ee4613066e,1.7773445988374175e+18
8425b25b-a8f9-4eed-b0dc-49ee4613066e,1.7773445988707594e+18
8425b25b-a8f9-4eed-b0dc-49ee4613066e,1.7773445989041024e+18
8425b25b-a8f9-4eed-b0dc-49ee4613066e,1.7773445989374444e+18
8425b25b-a8f9-4eed-b0dc-49ee4613066e,1.7773445989707873e+18
8425b25b-a8f9-4eed-b0dc-49ee4613066e,1.7773445990041295e+18
8425b25b-a8f9-4eed-b0dc-49ee4613066e,1.7773445990374715e+18
8425b25b-a8f9-4eed-b0dc-49ee4613066e,1.7773445990708145e+18
8425b25b-a8f9-4eed-b0dc-49ee4613066e,1.7773445991041564e+18
8425b25b-a8f9-4eed-b0dc-49ee4613066e,1.7773445991374994e+18
8425b25b-a8f9-4eed-b0dc-49ee4613066e,1.7773445991708413e+18
8425b25b-a8f9-4eed-b0dc-49ee4613066e,1.7773445992041846e+18
8425b25b-a8f9-4eed-b0dc-49ee4613066e,1.7773445992375265e+18
8425b25b-a8f9-4eed-b0dc-49ee4613066e,1.7773445992708695e+18
8425b25b-a8f9-4eed-b0dc-49ee4613066e,1.7773445993042115e+18
8425b25b-a8f9-4eed-b0dc-49ee4613066e,1.7773445993375544e+18
8425b25b-a8f9-4eed-b0dc-49ee4613066e,1.7773445993708964e+18
8425b25b-a8f9-4eed-b0dc-49ee4613066e,1.7773445994042383e+18
8425b25b-a8f9-4eed-b0dc-49ee4613066e,1.7773445994375816e+18
8425b25b-a8f9-4eed-b0dc-49ee4613066e,1.7773445994709235e+18
8425b25b-a8f9-4eed-b0dc-49ee4613066e,1.7773445995042665e+18
8425b25b-a8f9-4eed-b0dc-49ee4613066e,1.7773445995376084e+18
8425b25b-a8f9-4eed-b0dc-49ee4613066e,1.7773445995709514e+18
8425b25b-a8f9-4eed-b0dc-49ee4613066e,1.7773445996042934e+18
8425b25b-a8f9-4eed-b0dc-49ee4613066e,1.7773445996376364e+18
8425b25b-a8f9-4eed-b0dc-49ee4613066e,1.7773445996709786e+18
8425b25b-a8f9-4eed-b0dc-49ee4613066e,1.7773445997043205e+18
8425b25b-a8f9-4eed-b0dc-49ee4613066e,1.7773445997376635e+18
8425b25b-a8f9-4eed-b0dc-49ee4613066e,1.7773445997710054e+18
8425b25b-a8f9-4eed-b0dc-49ee4613066e,1.7773445998043484e+18
8425b25b-a8f9-4eed-b0dc-49ee4613066e,1.7773445998376904e+18
8425b25b-a8f9-4eed-b0dc-49ee4613066e,1.7773445998710333e+18
8425b25b-a8f9-4eed-b0dc-49ee4613066e,1.7773445999043756e+18
8425b25b-a8f9-4eed-b0dc-49ee4613066e,1.7773445999377185e+18
8425b25b-a8f9-4eed-b0dc-49ee4613066e,1.7773445999710605e+18
8425b25b-a8f9-4eed-b0dc-49ee4613066e,1.7773446000044024e+18
8425b25b-a8f9-4eed-b0dc-49ee4613066e,1.7773446000377454e+18
8425b25b-a8f9-4eed-b0dc-49ee4613066e,1.7773446000710874e+18
8425b25b-a8f9-4eed-b0dc-49ee4613066e,1.7773446001044303e+18
8425b25b-a8f9-4eed-b0dc-49ee4613066e,1.7773446001377725e+18
8425b25b-a8f9-4eed-b0dc-49ee4613066e,1.7773446001711155e+18
8425b25b-a8f9-4eed-b0dc-49ee4613066e,1.7773446002044575e+18
8425b25b-a8f9-4eed-b0dc-49ee4613066e,1.7773446002378004e+18
8425b25b-a8f9-4eed-b0dc-49ee4613066e,1.7773446002711424e+18
8425b25b-a8f9-4eed-b0dc-49ee4613066e,1.7773446003044844e+18
8425b25b-a8f9-4eed-b0dc-49ee4613066e,1.7773446003378273e+18
8425b25b-a8f9-4eed-b0dc-49ee4613066e,1.7773446003711695e+18
8425b25b-a8f9-4eed-b0dc-49ee4613066e,1.7773446004045125e+18
8425b25b-a8f9-4eed-b0dc-49ee4613066e,1.7773446004378545e+18
8425b25b-a8f9-4eed-b0dc-49ee4613066e,1.7773446004711974e+18
8425b25b-a8f9-4eed-b0dc-49ee4613066e,1.7773446005045394e+18
8425b25b-a8f9-4eed-b0dc-49ee4613066e,1.7773446005378824e+18
8425b25b-a8f9-4eed-b0dc-49ee4613066e,1.7773446005712246e+18
8425b25b-a8f9-4eed-b0dc-49ee4613066e,1.7773446006045665e+18
8425b25b-a8f9-4eed-b0dc-49ee4613066e,1.7773446006379095e+18
8425b25b-a8f9-4eed-b0dc-49ee4613066e,1.7773446006712515e+18
8425b25b-a8f9-4eed-b0dc-49ee4613066e,1.7773446007045944e+18
8425b25b-a8f9-4eed-b0dc-49ee4613066e,1.7773446007379364e+18
8425b25b-a8f9-4eed-b0dc-49ee4613066e,1.7773446007712794e+18
8425b25b-a8f9-4eed-b0dc-49ee4613066e,1.7773446008046216e+18
8425b25b-a8f9-4eed-b0dc-49ee4613066e,1.7773446008379645e+18
8425b25b-a8f9-4eed-b0dc-49ee4613066e,1.7773446008713065e+18
8425b25b-a8f9-4eed-b0dc-49ee4613066e,1.7773446009046484e+18
8425b25b-a8f9-4eed-b0dc-49ee4613066e,1.7773446009379914e+18
8425b25b-a8f9-4eed-b0dc-49ee4613066e,1.7773446009713334e+18
8425b25b-a8f9-4eed-b0dc-49ee4613066e,1.7773446010046764e+18
8425b25b-a8f9-4eed-b0dc-49ee4613066e,1.7773446010380186e+18
8425b25b-a8f9-4eed-b0dc-49ee4613066e,1.7773446010713615e+18
8425b25b-a8f9-4eed-b0dc-49ee4613066e,1.7773446011047035e+18
8425b25b-a8f9-4eed-b0dc-49ee4613066e,1.7773446011380465e+18
8425b25b-a8f9-4eed-b0dc-49ee4613066e,1.7773446011713884e+18
8425b25b-a8f9-4eed-b0dc-49ee4613066e,1.7773446012047314e+18
8425b25b-a8f9-4eed-b0dc-49ee4613066e,1.7773446012380733e+18
8425b25b-a8f9-4eed-b0dc-49ee4613066e,1.7773446012714156e+18
8425b25b-a8f9-4eed-b0dc-49ee4613066e,1.7773446013047585e+18
8425b25b-a8f9-4eed-b0dc-49ee4613066e,1.7773446013381005e+18
8425b25b-a8f9-4eed-b0dc-49ee4613066e,1.7773446013714435e+18
8425b25b-a8f9-4eed-b0dc-49ee4613066e,1.7773446014047854e+18
8425b25b-a8f9-4eed-b0dc-49ee4613066e,1.7773446014381284e+18
8425b25b-a8f9-4eed-b0dc-49ee4613066e,1.7773446014714703e+18
8425b25b-a8f9-4eed-b0dc-49ee4613066e,1.7773446015048136e+18
8425b25b-a8f9-4eed-b0dc-49ee4613066e,1.7773446015381555e+18
8425b25b-a8f9-4eed-b0dc-49ee4613066e,1.7773446015714975e+18
8425b25b-a8f9-4eed-b0dc-49ee4613066e,1.7773446016048404e+18
8425b25b-a8f9-4eed-b0dc-49ee4613066e,1.7773446016381824e+18
8425b25b-a8f9-4eed-b0dc-49ee4613066e,1.7773446016715254e+18
8425b25b-a8f9-4eed-b0dc-49ee4613066e,1.7773446017048673e+18
8425b25b-a8f9-4eed-b0dc-49ee4613066e,1.7773446017382106e+18
8425b25b-a8f9-4eed-b0dc-49ee4613066e,1.7773446017715525e+18
8425b25b-a8f9-4eed-b0dc-49ee4613066e,1.7773446018048955e+18
8425b25b-a8f9-4eed-b0dc-49ee4613066e,1.7773446018382374e+18
8425b25b-a8f9-4eed-b0dc-49ee4613066e,1.7773446018715794e+18
8425b25b-a8f9-4eed-b0dc-49ee4613066e,1.7773446019049224e+18
8425b25b-a8f9-4eed-b0dc-49ee4613066e,1.7773446019382646e+18
8425b25b-a8f9-4eed-b0dc-49ee4613066e,1.7773446019716076e+18
8425b25b-a8f9-4eed-b0dc-49ee4613066e,1.7773446020049495e+18
8425b25b-a8f9-4eed-b0dc-49ee4613066e,1.7773446020382925e+18
8425b25b-a8f9-4eed-b0dc-49ee4613066e,1.7773446020716344e+18
8425b25b-a8f9-4eed-b0dc-49ee4613066e,1.7773446021049774e+18
8425b25b-a8f9-4eed-b0dc-49ee4613066e,1.7773446021383194e+18
8425b25b-a8f9-4eed-b0dc-49ee4613066e,1.7773446021716616e+18
8425b25b-a8f9-4eed-b0dc-49ee4613066e,1.7773446022050045e+18
8425b25b-a8f9-4eed-b0dc-49ee4613066e,1.7773446022383465e+18
8425b25b-a8f9-4eed-b0dc-49ee4613066e,1.7773446022716895e+18
8425b25b-a8f9-4eed-b0dc-49ee4613066e,1.7773446023050314e+18
8425b25b-a8f9-4eed-b0dc-49ee4613066e,1.7773446023383744e+18
8425b25b-a8f9-4eed-b0dc-49ee4613066e,1.7773446023717164e+18
8425b25b-a8f9-4eed-b0dc-49ee4613066e,1.7773446024050593e+18
8425b25b-a8f9-4eed-b0dc-49ee4613066e,1.7773446024384015e+18
8425b25b-a8f9-4eed-b0dc-49ee4613066e,1.7773446024717435e+18
8425b25b-a8f9-4eed-b0dc-49ee4613066e,1.7773446025050865e+18
8425b25b-a8f9-4eed-b0dc-49ee4613066e,1.7773446025384284e+18
8425b25b-a8f9-4eed-b0dc-49ee4613066e,1.7773446025717714e+18
8425b25b-a8f9-4eed-b0dc-49ee4613066e,1.7773446026051133e+18
8425b25b-a8f9-4eed-b0dc-49ee4613066e,1.7773446026384563e+18
8425b25b-a8f9-4eed-b0dc-49ee4613066e,1.7773446026717985e+18
8425b25b-a8f9-4eed-b0dc-49ee4613066e,1.7773446027051415e+18
8425b25b-a8f9-4eed-b0dc-49ee4613066e,1.7773446027384835e+18
8425b25b-a8f9-4eed-b0dc-49ee4613066e,1.7773446027718254e+18
8425b25b-a8f9-4eed-b0dc-49ee4613066e,1.7773446028051684e+18
8425b25b-a8f9-4eed-b0dc-49ee4613066e,1.7773446028385103e+18
8425b25b-a8f9-4eed-b0dc-49ee4613066e,1.7773446028718536e+18
8425b25b-a8f9-4eed-b0dc-49ee4613066e,1.7773446029051955e+18
8425b25b-a8f9-4eed-b0dc-49ee4613066e,1.7773446029385385e+18
8425b25b-a8f9-4eed-b0dc-49ee4613066e,1.7773446029718804e+18
8425b25b-a8f9-4eed-b0dc-49ee4613066e,1.7773446030052234e+18
8425b25b-a8f9-4eed-b0dc-49ee4613066e,1.7773446030385654e+18
8425b25b-a8f9-4eed-b0dc-49ee4613066e,1.7773446030719084e+18
8425b25b-a8f9-4eed-b0dc-49ee4613066e,1.7773446031052506e+18
8425b25b-a8f9-4eed-b0dc-49ee4613066e,1.7773446031385925e+18
8425b25b-a8f9-4eed-b0dc-49ee4613066e,1.7773446031719355e+18
8425b25b-a8f9-4eed-b0dc-49ee4613066e,1.7773446032052774e+18
8425b25b-a8f9-4eed-b0dc-49ee4613066e,1.7773446032386204e+18
8425b25b-a8f9-4eed-b0dc-49ee4613066e,1.7773446032719624e+18
8425b25b-a8f9-4eed-b0dc-49ee4613066e,1.7773446033053053e+18
8425b25b-a8f9-4eed-b0dc-49ee4613066e,1.7773446033386476e+18
8425b25b-a8f9-4eed-b0dc-49ee4613066e,1.7773446033719905e+18
8425b25b-a8f9-4eed-b0dc-49ee4613066e,1.7773446034053325e+18
8425b25b-a8f9-4eed-b0dc-49ee4613066e,1.7773446034386744e+18
8425b25b-a8f9-4eed-b0dc-49ee4613066e,1.7773446034720174e+18
8425b25b-a8f9-4eed-b0dc-49ee4613066e,1.7773446035053594e+18
8425b25b-a8f9-4eed-b0dc-49ee4613066e,1.7773446035387023e+18
8425b25b-a8f9-4eed-b0dc-49ee4613066e,1.7773446035720445e+18
8425b25b-a8f9-4eed-b0dc-49ee4613066e,1.7773446036053875e+18
8425b25b-a8f9-4eed-b0dc-49ee4613066e,1.7773446036387295e+18
8425b25b-a8f9-4eed-b0dc-49ee4613066e,1.7773446036720724e+18
8425b25b-a8f9-4eed-b0dc-49ee4613066e,1.7773446037054144e+18
8425b25b-a8f9-4eed-b0dc-49ee4613066e,1.7773446037387564e+18
8425b25b-a8f9-4eed-b0dc-49ee4613066e,1.7773446037720993e+18
8425b25b-a8f9-4eed-b0dc-49ee4613066e,1.7773446038054415e+18
8425b25b-a8f9-4eed-b0dc-49ee4613066e,1.7773446038387845e+18
8425b25b-a8f9-4eed-b0dc-49ee4613066e,1.7773446038721265e+18
8425b25b-a8f9-4eed-b0dc-49ee4613066e,1.7773446039054694e+18
8425b25b-a8f9-4eed-b0dc-49ee4613066e,1.7773446039388114e+18
8425b25b-a8f9-4eed-b0dc-49ee4613066e,1.7773446039721544e+18
8425b25b-a8f9-4eed-b0dc-49ee4613066e,1.7773446040054963e+18
8425b25b-a8f9-4eed-b0dc-49ee4613066e,1.7773446040388385e+18
8425b25b-a8f9-4eed-b0dc-49ee4613066e,1.7773446040721815e+18
8425b25b-a8f9-4eed-b0dc-49ee4613066e,1.7773446041055235e+18
8425b25b-a8f9-4eed-b0dc-49ee4613066e,1.7773446041388664e+18
8425b25b-a8f9-4eed-b0dc-49ee4613066e,1.7773446041722084e+18
8425b25b-a8f9-4eed-b0dc-49ee4613066e,1.7773446042055514e+18
8425b25b-a8f9-4eed-b0dc-49ee4613066e,1.7773446042388936e+18
8425b25b-a8f9-4eed-b0dc-49ee4613066e,1.7773446042722365e+18
8425b25b-a8f9-4eed-b0dc-49ee4613066e,1.7773446043055785e+18
8425b25b-a8f9-4eed-b0dc-49ee4613066e,1.7773446043389204e+18
8425b25b-a8f9-4eed-b0dc-49ee4613066e,1.7773446043722634e+18
8425b25b-a8f9-4eed-b0dc-49ee4613066e,1.7773446044056054e+18
8425b25b-a8f9-4eed-b0dc-49ee4613066e,1.7773446044389484e+18
8425b25b-a8f9-4eed-b0dc-49ee4613066e,1.7773446044722906e+18
8425b25b-a8f9-4eed-b0dc-49ee4613066e,1.7773446045056335e+18
8425b25b-a8f9-4eed-b0dc-49ee4613066e,1.7773446045389755e+18
8425b25b-a8f9-4eed-b0dc-49ee4613066e,1.7773446045723185e+18
8425b25b-a8f9-4eed-b0dc-49ee4613066e,1.7773446046056604e+18
8425b25b-a8f9-4eed-b0dc-49ee4613066e,1.7773446046390024e+18
8425b25b-a8f9-4eed-b0dc-49ee4613066e,1.7773446046723453e+18
8425b25b-a8f9-4eed-b0dc-49ee4613066e,1.7773446047056876e+18
8425b25b-a8f9-4eed-b0dc-49ee4613066e,1.7773446047390305e+18
8425b25b-a8f9-4eed-b0dc-49ee4613066e,1.7773446047723725e+18
8425b25b-a8f9-4eed-b0dc-49ee4613066e,1.7773446048057155e+18
8425b25b-a8f9-4eed-b0dc-49ee4613066e,1.7773446048390574e+18
8425b25b-a8f9-4eed-b0dc-49ee4613066e,1.7773446048724004e+18
8425b25b-a8f9-4eed-b0dc-49ee4613066e,1.7773446049057423e+18
8425b25b-a8f9-4eed-b0dc-49ee4613066e,1.7773446049390856e+18
8425b25b-a8f9-4eed-b0dc-49ee4613066e,1.7773446049724275e+18
8425b25b-a8f9-4eed-b0dc-49ee4613066e,1.7773446050057695e+18
8425b25b-a8f9-4eed-b0dc-49ee4613066e,1.7773446050391124e+18
8425b25b-a8f9-4eed-b0dc-49ee4613066e,1.7773446050724544e+18
8425b25b-a8f9-4eed-b0dc-49ee4613066e,1.7773446051057974e+18
8425b25b-a8f9-4eed-b0dc-49ee4613066e,1.7773446051391393e+18
8425b25b-a8f9-4eed-b0dc-49ee4613066e,1.7773446051724826e+18
8425b25b-a8f9-4eed-b0dc-49ee4613066e,1.7773446052058245e+18
8425b25b-a8f9-4eed-b0dc-49ee4613066e,1.7773446052391675e+18
8425b25b-a8f9-4eed-b0dc-49ee4613066e,1.7773446052725094e+18
8425b25b-a8f9-4eed-b0dc-49ee4613066e,1.7773446053058514e+18
8425b25b-a8f9-4eed-b0dc-49ee4613066e,1.7773446053391944e+18
8425b25b-a8f9-4eed-b0dc-49ee4613066e,1.7773446053725363e+18
8425b25b-a8f9-4eed-b0dc-49ee4613066e,1.7773446054058796e+18
8425b25b-a8f9-4eed-b0dc-49ee4613066e,1.7773446054392215e+18
8425b25b-a8f9-4eed-b0dc-49ee4613066e,1.7773446054725645e+18
8425b25b-a8f9-4eed-b0dc-49ee4613066e,1.7773446055059064e+18
8425b25b-a8f9-4eed-b0dc-49ee4613066e,1.7773446055392494e+18
8425b25b-a8f9-4eed-b0dc-49ee4613066e,1.7773446055725914e+18
8425b25b-a8f9-4eed-b0dc-49ee4613066e,1.7773446056059336e+18
8425b25b-a8f9-4eed-b0dc-49ee4613066e,1.7773446056392765e+18
8425b25b-a8f9-4eed-b0dc-49ee4613066e,1.7773446056726185e+18
8425b25b-a8f9-4eed-b0dc-49ee4613066e,1.7773446057059615e+18
8425b25b-a8f9-4eed-b0dc-49ee4613066e,1.7773446057393034e+18
8425b25b-a8f9-4eed-b0dc-49ee4613066e,1.7773446057726464e+18
8425b25b-a8f9-4eed-b0dc-49ee4613066e,1.7773446058059884e+18
8425b25b-a8f9-4eed-b0dc-49ee4613066e,1.7773446058393313e+18
8425b25b-a8f9-4eed-b0dc-49ee4613066e,1.7773446058726735e+18
8425b25b-a8f9-4eed-b0dc-49ee4613066e,1.7773446059060155e+18
8425b25b-a8f9-4eed-b0dc-49ee4613066e,1.7773446059393585e+18
8425b25b-a8f9-4eed-b0dc-49ee4613066e,1.7773446059727004e+18
8425b25b-a8f9-4eed-b0dc-49ee4613066e,1.7773446060060434e+18
8425b25b-a8f9-4eed-b0dc-49ee4613066e,1.7773446060393853e+18
8425b25b-a8f9-4eed-b0dc-49ee4613066e,1.7773446060727286e+18
8425b25b-a8f9-4eed-b0dc-49ee4613066e,1.7773446061060705e+18
8425b25b-a8f9-4eed-b0dc-49ee4613066e,1.7773446061394135e+18
8425b25b-a8f9-4eed-b0dc-49ee4613066e,1.7773446061727555e+18
8425b25b-a8f9-4eed-b0dc-49ee4613066e,1.7773446062060974e+18
8425b25b-a8f9-4eed-b0dc-49ee4613066e,1.7773446062394404e+18
8425b25b-a8f9-4eed-b0dc-49ee4613066e,1.7773446062727823e+18
8425b25b-a8f9-4eed-b0dc-49ee4613066e,1.7773446063061256e+18
8425b25b-a8f9-4eed-b0dc-49ee4613066e,1.7773446063394675e+18
8425b25b-a8f9-4eed-b0dc-49ee4613066e,1.7773446063728105e+18
8425b25b-a8f9-4eed-b0dc-49ee4613066e,1.7773446064061524e+18
8425b25b-a8f9-4eed-b0dc-49ee4613066e,1.7773446064394954e+18
8425b25b-a8f9-4eed-b0dc-49ee4613066e,1.7773446064728374e+18
8425b25b-a8f9-4eed-b0dc-49ee4613066e,1.7773446065061793e+18
8425b25b-a8f9-4eed-b0dc-49ee4613066e,1.7773446065395226e+18
8425b25b-a8f9-4eed-b0dc-49ee4613066e,1.7773446065728645e+18
8425b25b-a8f9-4eed-b0dc-49ee4613066e,1.7773446066062075e+18
8425b25b-a8f9-4eed-b0dc-49ee4613066e,1.7773446066395494e+18
8425b25b-a8f9-4eed-b0dc-49ee4613066e,1.7773446066728924e+18
8425b25b-a8f9-4eed-b0dc-49ee4613066e,1.7773446067062344e+18
8425b25b-a8f9-4eed-b0dc-49ee4613066e,1.7773446067395773e+18
8425b25b-a8f9-4eed-b0dc-49ee4613066e,1.7773446067729196e+18
8425b25b-a8f9-4eed-b0dc-49ee4613066e,1.7773446068062625e+18
8425b25b-a8f9-4eed-b0dc-49ee4613066e,1.7773446068396045e+18
8425b25b-a8f9-4eed-b0dc-49ee4613066e,1.7773446068729464e+18
8425b25b-a8f9-4eed-b0dc-49ee4613066e,1.7773446069062894e+18
8425b25b-a8f9-4eed-b0dc-49ee4613066e,1.7773446069396314e+18
8425b25b-a8f9-4eed-b0dc-49ee4613066e,1.7773446069729743e+18
8425b25b-a8f9-4eed-b0dc-49ee4613066e,1.7773446070063165e+18
8425b25b-a8f9-4eed-b0dc-49ee4613066e,1.7773446070396595e+18
8425b25b-a8f9-4eed-b0dc-49ee4613066e,1.7773446070730015e+18
8425b25b-a8f9-4eed-b0dc-49ee4613066e,1.7773446071063444e+18
8425b25b-a8f9-4eed-b0dc-49ee4613066e,1.7773446071396864e+18
8425b25b-a8f9-4eed-b0dc-49ee4613066e,1.7773446071730284e+18
8425b25b-a8f9-4eed-b0dc-49ee4613066e,1.7773446072063713e+18
8425b25b-a8f9-4eed-b0dc-49ee4613066e,1.7773446072397135e+18
8425b25b-a8f9-4eed-b0dc-49ee4613066e,1.7773446072730565e+18
8425b25b-a8f9-4eed-b0dc-49ee4613066e,1.7773446073063985e+18
8425b25b-a8f9-4eed-b0dc-49ee4613066e,1.7773446073397414e+18
8425b25b-a8f9-4eed-b0dc-49ee4613066e,1.7773446073730834e+18
8425b25b-a8f9-4eed-b0dc-49ee4613066e,1.7773446074064264e+18
8425b25b-a8f9-4eed-b0dc-49ee4613066e,1.7773446074397686e+18
8425b25b-a8f9-4eed-b0dc-49ee4613066e,1.7773446074731105e+18
8425b25b-a8f9-4eed-b0dc-49ee4613066e,1.7773446075064535e+18
8425b25b-a8f9-4eed-b0dc-49ee4613066e,1.7773446075397955e+18
8425b25b-a8f9-4eed-b0dc-49ee4613066e,1.7773446075731384e+18
8425b25b-a8f9-4eed-b0dc-49ee4613066e,1.7773446076064804e+18
8425b25b-a8f9-4eed-b0dc-49ee4613066e,1.7773446076398234e+18
8425b25b-a8f9-4eed-b0dc-49ee4613066e,1.7773446076731656e+18
8425b25b-a8f9-4eed-b0dc-49ee4613066e,1.7773446077065085e+18
8425b25b-a8f9-4eed-b0dc-49ee4613066e,1.7773446077398505e+18
8425b25b-a8f9-4eed-b0dc-49ee4613066e,1.7773446077731924e+18
8425b25b-a8f9-4eed-b0dc-49ee4613066e,1.7773446078065354e+18
8425b25b-a8f9-4eed-b0dc-49ee4613066e,1.7773446078398774e+18
8425b25b-a8f9-4eed-b0dc-49ee4613066e,1.7773446078732204e+18
8425b25b-a8f9-4eed-b0dc-49ee4613066e,1.7773446079065626e+18
8425b25b-a8f9-4eed-b0dc-49ee4613066e,1.7773446079399055e+18
8425b25b-a8f9-4eed-b0dc-49ee4613066e,1.7773446079732475e+18
8425b25b-a8f9-4eed-b0dc-49ee4613066e,1.7773446080065905e+18
8425b25b-a8f9-4eed-b0dc-49ee4613066e,1.7773446080399324e+18
8425b25b-a8f9-4eed-b0dc-49ee4613066e,1.7773446080732754e+18
8425b25b-a8f9-4eed-b0dc-49ee4613066e,1.7773446081066173e+18
8425b25b-a8f9-4eed-b0dc-49ee4613066e,1.7773446081399596e+18
8425b25b-a8f9-4eed-b0dc-49ee4613066e,1.7773446081733025e+18
8425b25b-a8f9-4eed-b0dc-49ee4613066e,1.7773446082066445e+18
8425b25b-a8f9-4eed-b0dc-49ee4613066e,1.7773446082399875e+18
8425b25b-a8f9-4eed-b0dc-49ee4613066e,1.7773446082733294e+18
8425b25b-a8f9-4eed-b0dc-49ee4613066e,1.7773446083066724e+18
8425b25b-a8f9-4eed-b0dc-49ee4613066e,1.7773446083400143e+18
8425b25b-a8f9-4eed-b0dc-49ee4613066e,1.7773446083733576e+18
8425b25b-a8f9-4eed-b0dc-49ee4613066e,1.7773446084066995e+18
8425b25b-a8f9-4eed-b0dc-49ee4613066e,1.7773446084400415e+18
8425b25b-a8f9-4eed-b0dc-49ee4613066e,1.7773446084733844e+18
8425b25b-a8f9-4eed-b0dc-49ee4613066e,1.7773446085067264e+18
8425b25b-a8f9-4eed-b0dc-49ee4613066e,1.7773446085400694e+18
8425b25b-a8f9-4eed-b0dc-49ee4613066e,1.7773446085734113e+18
8425b25b-a8f9-4eed-b0dc-49ee4613066e,1.7773446086067546e+18
8425b25b-a8f9-4eed-b0dc-49ee4613066e,1.7773446086400965e+18
8425b25b-a8f9-4eed-b0dc-49ee4613066e,1.7773446086734395e+18
8425b25b-a8f9-4eed-b0dc-49ee4613066e,1.7773446087067814e+18
8425b25b-a8f9-4eed-b0dc-49ee4613066e,1.7773446087401234e+18
8425b25b-a8f9-4eed-b0dc-49ee4613066e,1.7773446087734664e+18
8425b25b-a8f9-4eed-b0dc-49ee4613066e,1.7773446088068086e+18
8425b25b-a8f9-4eed-b0dc-49ee4613066e,1.7773446088401516e+18
8425b25b-a8f9-4eed-b0dc-49ee4613066e,1.7773446088734935e+18
8425b25b-a8f9-4eed-b0dc-49ee4613066e,1.7773446089068365e+18
8425b25b-a8f9-4eed-b0dc-49ee4613066e,1.7773446089401784e+18
8425b25b-a8f9-4eed-b0dc-49ee4613066e,1.7773446089735214e+18
8425b25b-a8f9-4eed-b0dc-49ee4613066e,1.7773446090068634e+18
8425b25b-a8f9-4eed-b0dc-49ee4613066e,1.7773446090402056e+18
8425b25b-a8f9-4eed-b0dc-49ee4613066e,1.7773446090735485e+18
8425b25b-a8f9-4eed-b0dc-49ee4613066e,1.7773446091068905e+18
8425b25b-a8f9-4eed-b0dc-49ee4613066e,1.7773446091402335e+18
8425b25b-a8f9-4eed-b0dc-49ee4613066e,1.7773446091735754e+18
8425b25b-a8f9-4eed-b0dc-49ee4613066e,1.7773446092069184e+18
8425b25b-a8f9-4eed-b0dc-49ee4613066e,1.7773446092402604e+18
8425b25b-a8f9-4eed-b0dc-49ee4613066e,1.7773446092736033e+18
8425b25b-a8f9-4eed-b0dc-49ee4613066e,1.7773446093069455e+18
8425b25b-a8f9-4eed-b0dc-49ee4613066e,1.7773446093402885e+18
8425b25b-a8f9-4eed-b0dc-49ee4613066e,1.7773446093736305e+18
8425b25b-a8f9-4eed-b0dc-49ee4613066e,1.7773446094069724e+18
8425b25b-a8f9-4eed-b0dc-49ee4613066e,1.7773446094403154e+18
8425b25b-a8f9-4eed-b0dc-49ee4613066e,1.7773446094736573e+18
8425b25b-a8f9-4eed-b0dc-49ee4613066e,1.7773446095070003e+18
8425b25b-a8f9-4eed-b0dc-49ee4613066e,1.7773446095403425e+18
8425b25b-a8f9-4eed-b0dc-49ee4613066e,1.7773446095736855e+18
8425b25b-a8f9-4eed-b0dc-49ee4613066e,1.7773446096070275e+18
8425b25b-a8f9-4eed-b0dc-49ee4613066e,1.7773446096403704e+18
8425b25b-a8f9-4eed-b0dc-49ee4613066e,1.7773446096737124e+18
8425b25b-a8f9-4eed-b0dc-49ee4613066e,1.7773446097070543e+18
8425b25b-a8f9-4eed-b0dc-49ee4613066e,1.7773446097403976e+18
8425b25b-a8f9-4eed-b0dc-49ee4613066e,1.7773446097737395e+18
8425b25b-a8f9-4eed-b0dc-49ee4613066e,1.7773446098070825e+18
8425b25b-a8f9-4eed-b0dc-49ee4613066e,1.7773446098404244e+18
8425b25b-a8f9-4eed-b0dc-49ee4613066e,1.7773446098737674e+18
8425b25b-a8f9-4eed-b0dc-49ee4613066e,1.7773446099071094e+18
8425b25b-a8f9-4eed-b0dc-49ee4613066e,1.7773446099404524e+18
8425b25b-a8f9-4eed-b0dc-49ee4613066e,1.7773446099737946e+18
8425b25b-a8f9-4eed-b0dc-49ee4613066e,1.7773446100071365e+18
8425b25b-a8f9-4eed-b0dc-49ee4613066e,1.7773446100404795e+18
8425b25b-a8f9-4eed-b0dc-49ee4613066e,1.7773446100738214e+18
8425b25b-a8f9-4eed-b0dc-49ee4613066e,1.7773446101071644e+18
8425b25b-a8f9-4eed-b0dc-49ee4613066e,1.7773446101405064e+18
8425b25b-a8f9-4eed-b0dc-49ee4613066e,1.7773446101738493e+18
8425b25b-a8f9-4eed-b0dc-49ee4613066e,1.7773446102071916e+18
8425b25b-a8f9-4eed-b0dc-49ee4613066e,1.7773446102405345e+18
8425b25b-a8f9-4eed-b0dc-49ee4613066e,1.7773446102738765e+18
8425b25b-a8f9-4eed-b0dc-49ee4613066e,1.7773446103072184e+18
8425b25b-a8f9-4eed-b0dc-49ee4613066e,1.7773446103405614e+18
8425b25b-a8f9-4eed-b0dc-49ee4613066e,1.7773446103739034e+18
8425b25b-a8f9-4eed-b0dc-49ee4613066e,1.7773446104072463e+18
8425b25b-a8f9-4eed-b0dc-49ee4613066e,1.7773446104405885e+18
8425b25b-a8f9-4eed-b0dc-49ee4613066e,1.7773446104739315e+18
8425b25b-a8f9-4eed-b0dc-49ee4613066e,1.7773446105072735e+18
8425b25b-a8f9-4eed-b0dc-49ee4613066e,1.7773446105406164e+18
8425b25b-a8f9-4eed-b0dc-49ee4613066e,1.7773446105739584e+18
8425b25b-a8f9-4eed-b0dc-49ee4613066e,1.7773446106073004e+18
8425b25b-a8f9-4eed-b0dc-49ee4613066e,1.7773446106406433e+18
8425b25b-a8f9-4eed-b0dc-49ee4613066e,1.7773446106739855e+18
8425b25b-a8f9-4eed-b0dc-49ee4613066e,1.7773446107073285e+18
8425b25b-a8f9-4eed-b0dc-49ee4613066e,1.7773446107406705e+18
8425b25b-a8f9-4eed-b0dc-49ee4613066e,1.7773446107740134e+18
8425b25b-a8f9-4eed-b0dc-49ee4613066e,1.7773446108073554e+18
8425b25b-a8f9-4eed-b0dc-49ee4613066e,1.7773446108406984e+18
8425b25b-a8f9-4eed-b0dc-49ee4613066e,1.7773446108740403e+18
8425b25b-a8f9-4eed-b0dc-49ee4613066e,1.7773446109073825e+18
8425b25b-a8f9-4eed-b0dc-49ee4613066e,1.7773446109407255e+18
8425b25b-a8f9-4eed-b0dc-49ee4613066e,1.7773446109740675e+18
8425b25b-a8f9-4eed-b0dc-49ee4613066e,1.7773446110074104e+18
8425b25b-a8f9-4eed-b0dc-49ee4613066e,1.7773446110407524e+18
8425b25b-a8f9-4eed-b0dc-49ee4613066e,1.7773446110740954e+18
8425b25b-a8f9-4eed-b0dc-49ee4613066e,1.7773446111074376e+18
8425b25b-a8f9-4eed-b0dc-49ee4613066e,1.7773446111407805e+18
8425b25b-a8f9-4eed-b0dc-49ee4613066e,1.7773446111741225e+18
8425b25b-a8f9-4eed-b0dc-49ee4613066e,1.7773446112074655e+18
8425b25b-a8f9-4eed-b0dc-49ee4613066e,1.7773446112408074e+18
8425b25b-a8f9-4eed-b0dc-49ee4613066e,1.7773446112741494e+18
8425b25b-a8f9-4eed-b0dc-49ee4613066e,1.7773446113074924e+18
8425b25b-a8f9-4eed-b0dc-49ee4613066e,1.7773446113408346e+18
8425b25b-a8f9-4eed-b0dc-49ee4613066e,1.7773446113741775e+18
8425b25b-a8f9-4eed-b0dc-49ee4613066e,1.7773446114075195e+18
8425b25b-a8f9-4eed-b0dc-49ee4613066e,1.7773446114408625e+18
8425b25b-a8f9-4eed-b0dc-49ee4613066e,1.7773446114742044e+18
8425b25b-a8f9-4eed-b0dc-49ee4613066e,1.7773446115075474e+18
8425b25b-a8f9-4eed-b0dc-49ee4613066e,1.7773446115408893e+18
8425b25b-a8f9-4eed-b0dc-49ee4613066e,1.7773446115742316e+18
8425b25b-a8f9-4eed-b0dc-49ee4613066e,1.7773446116075745e+18
8425b25b-a8f9-4eed-b0dc-49ee4613066e,1.7773446116409165e+18
8425b25b-a8f9-4eed-b0dc-49ee4613066e,1.7773446116742595e+18
8425b25b-a8f9-4eed-b0dc-49ee4613066e,1.7773446117076014e+18
8425b25b-a8f9-4eed-b0dc-49ee4613066e,1.7773446117409444e+18
8425b25b-a8f9-4eed-b0dc-49ee4613066e,1.7773446117742863e+18
8425b25b-a8f9-4eed-b0dc-49ee4613066e,1.7773446118076296e+18
8425b25b-a8f9-4eed-b0dc-49ee4613066e,1.7773446118409715e+18
8425b25b-a8f9-4eed-b0dc-49ee4613066e,1.7773446118743135e+18
8425b25b-a8f9-4eed-b0dc-49ee4613066e,1.7773446119076564e+18
8425b25b-a8f9-4eed-b0dc-49ee4613066e,1.7773446119409984e+18
8425b25b-a8f9-4eed-b0dc-49ee4613066e,1.7773446119764895e+18
8425b25b-a8f9-4eed-b0dc-49ee4613066e,1.7773446120098314e+18
8425b25b-a8f9-4eed-b0dc-49ee4613066e,1.7773446120431744e+18
8425b25b-a8f9-4eed-b0dc-49ee4613066e,1.7773446120765174e+18
8425b25b-a8f9-4eed-b0dc-49ee4613066e,1.7773446121098593e+18
8425b25b-a8f9-4eed-b0dc-49ee4613066e,1.7773446121432026e+18
8425b25b-a8f9-4eed-b0dc-49ee4613066e,1.7773446121765455e+18
8425b25b-a8f9-4eed-b0dc-49ee4613066e,1.7773446122098875e+18
8425b25b-a8f9-4eed-b0dc-49ee4613066e,1.7773446122432305e+18
8425b25b-a8f9-4eed-b0dc-49ee4613066e,1.7773446122765734e+18
8425b25b-a8f9-4eed-b0dc-49ee4613066e,1.7773446123099154e+18
8425b25b-a8f9-4eed-b0dc-49ee4613066e,1.7773446123432584e+18
8425b25b-a8f9-4eed-b0dc-49ee4613066e,1.7773446123766006e+18
8425b25b-a8f9-4eed-b0dc-49ee4613066e,1.7773446124099436e+18
8425b25b-a8f9-4eed-b0dc-49ee4613066e,1.7773446124432865e+18
8425b25b-a8f9-4eed-b0dc-49ee4613066e,1.7773446124766285e+18
8425b25b-a8f9-4eed-b0dc-49ee4613066e,1.7773446125099715e+18
8425b25b-a8f9-4eed-b0dc-49ee4613066e,1.7773446125433144e+18
8425b25b-a8f9-4eed-b0dc-49ee4613066e,1.7773446125766564e+18
8425b25b-a8f9-4eed-b0dc-49ee4613066e,1.7773446126099994e+18
8425b25b-a8f9-4eed-b0dc-49ee4613066e,1.7773446126433423e+18
8425b25b-a8f9-4eed-b0dc-49ee4613066e,1.7773446126766845e+18
8425b25b-a8f9-4eed-b0dc-49ee4613066e,1.7773446127100275e+18
8425b25b-a8f9-4eed-b0dc-49ee4613066e,1.7773446127433705e+18
8425b25b-a8f9-4eed-b0dc-49ee4613066e,1.7773446127767124e+18
8425b25b-a8f9-4eed-b0dc-49ee4613066e,1.7773446128100554e+18
8425b25b-a8f9-4eed-b0dc-49ee4613066e,1.7773446128433984e+18
8425b25b-a8f9-4eed-b0dc-49ee4613066e,1.7773446128767404e+18
8425b25b-a8f9-4eed-b0dc-49ee4613066e,1.7773446129100833e+18
8425b25b-a8f9-4eed-b0dc-49ee4613066e,1.7773446129434266e+18
8425b25b-a8f9-4eed-b0dc-49ee4613066e,1.7773446129767685e+18
8425b25b-a8f9-4eed-b0dc-49ee4613066e,1.7773446130101115e+18
8425b25b-a8f9-4eed-b0dc-49ee4613066e,1.7773446130434545e+18
8425b25b-a8f9-4eed-b0dc-49ee4613066e,1.7773446130767964e+18
8425b25b-a8f9-4eed-b0dc-49ee4613066e,1.7773446131101394e+18
8425b25b-a8f9-4eed-b0dc-49ee4613066e,1.7773446131434824e+18
8425b25b-a8f9-4eed-b0dc-49ee4613066e,1.7773446131768243e+18
8425b25b-a8f9-4eed-b0dc-49ee4613066e,1.7773446132101676e+18
8425b25b-a8f9-4eed-b0dc-49ee4613066e,1.7773446132435105e+18
8425b25b-a8f9-4eed-b0dc-49ee4613066e,1.7773446132768525e+18
8425b25b-a8f9-4eed-b0dc-49ee4613066e,1.7773446133101955e+18
8425b25b-a8f9-4eed-b0dc-49ee4613066e,1.7773446133435384e+18
8425b25b-a8f9-4eed-b0dc-49ee4613066e,1.7773446133768804e+18
8425b25b-a8f9-4eed-b0dc-49ee4613066e,1.7773446134102234e+18
8425b25b-a8f9-4eed-b0dc-49ee4613066e,1.7773446134435663e+18
8425b25b-a8f9-4eed-b0dc-49ee4613066e,1.7773446134769085e+18
8425b25b-a8f9-4eed-b0dc-49ee4613066e,1.7773446135102515e+18
8425b25b-a8f9-4eed-b0dc-49ee4613066e,1.7773446135435945e+18
8425b25b-a8f9-4eed-b0dc-49ee4613066e,1.7773446135769364e+18
8425b25b-a8f9-4eed-b0dc-49ee4613066e,1.7773446136102794e+18
8425b25b-a8f9-4eed-b0dc-49ee4613066e,1.7773446136436224e+18
8425b25b-a8f9-4eed-b0dc-49ee4613066e,1.7773446136769644e+18
8425b25b-a8f9-4eed-b0dc-49ee4613066e,1.7773446137103073e+18
8425b25b-a8f9-4eed-b0dc-49ee4613066e,1.7773446137436506e+18
8425b25b-a8f9-4eed-b0dc-49ee4613066e,1.7773446137769925e+18
8425b25b-a8f9-4eed-b0dc-49ee4613066e,1.7773446138103355e+18
8425b25b-a8f9-4eed-b0dc-49ee4613066e,1.7773446138436774e+18
8425b25b-a8f9-4eed-b0dc-49ee4613066e,1.7773446138770204e+18
8425b25b-a8f9-4eed-b0dc-49ee4613066e,1.7773446139103634e+18
8425b25b-a8f9-4eed-b0dc-49ee4613066e,1.7773446139437053e+18
8425b25b-a8f9-4eed-b0dc-49ee4613066e,1.7773446139770486e+18
8425b25b-a8f9-4eed-b0dc-49ee4613066e,1.7773446140103916e+18
8425b25b-a8f9-4eed-b0dc-49ee4613066e,1.7773446140437335e+18
8425b25b-a8f9-4eed-b0dc-49ee4613066e,1.7773446140770765e+18
8425b25b-a8f9-4eed-b0dc-49ee4613066e,1.7773446141104195e+18
8425b25b-a8f9-4eed-b0dc-49ee4613066e,1.7773446141437614e+18
8425b25b-a8f9-4eed-b0dc-49ee4613066e,1.7773446141771044e+18
8425b25b-a8f9-4eed-b0dc-49ee4613066e,1.7773446142104474e+18
8425b25b-a8f9-4eed-b0dc-49ee4613066e,1.7773446142437896e+18
8425b25b-a8f9-4eed-b0dc-49ee4613066e,1.7773446142771325e+18
8425b25b-a8f9-4eed-b0dc-49ee4613066e,1.7773446143104755e+18
8425b25b-a8f9-4eed-b0dc-49ee4613066e,1.7773446143438175e+18
8425b25b-a8f9-4eed-b0dc-49ee4613066e,1.7773446143771604e+18
8425b25b-a8f9-4eed-b0dc-49ee4613066e,1.7773446144105034e+18
8425b25b-a8f9-4eed-b0dc-49ee4613066e,1.7773446144438454e+18
8425b25b-a8f9-4eed-b0dc-49ee4613066e,1.7773446144771884e+18
8425b25b-a8f9-4eed-b0dc-49ee4613066e,1.7773446145105313e+18
8425b25b-a8f9-4eed-b0dc-49ee4613066e,1.7773446145438735e+18
8425b25b-a8f9-4eed-b0dc-49ee4613066e,1.7773446145772165e+18
8425b25b-a8f9-4eed-b0dc-49ee4613066e,1.7773446146105595e+18
8425b25b-a8f9-4eed-b0dc-49ee4613066e,1.7773446146439014e+18
8425b25b-a8f9-4eed-b0dc-49ee4613066e,1.7773446146772444e+18
8425b25b-a8f9-4eed-b0dc-49ee4613066e,1.7773446147105874e+18
8425b25b-a8f9-4eed-b0dc-49ee4613066e,1.7773446147439293e+18
8425b25b-a8f9-4eed-b0dc-49ee4613066e,1.7773446147772723e+18
8425b25b-a8f9-4eed-b0dc-49ee4613066e,1.7773446148106156e+18
8425b25b-a8f9-4eed-b0dc-49ee4613066e,1.7773446148439575e+18
8425b25b-a8f9-4eed-b0dc-49ee4613066e,1.7773446148773005e+18
8425b25b-a8f9-4eed-b0dc-49ee4613066e,1.7773446149106435e+18
8425b25b-a8f9-4eed-b0dc-49ee4613066e,1.7773446149439854e+18
8425b25b-a8f9-4eed-b0dc-49ee4613066e,1.7773446149773284e+18
8425b25b-a8f9-4eed-b0dc-49ee4613066e,1.7773446150106714e+18
8425b25b-a8f9-4eed-b0dc-49ee4613066e,1.7773446150440136e+18
8425b25b-a8f9-4eed-b0dc-49ee4613066e,1.7773446150773565e+18
8425b25b-a8f9-4eed-b0dc-49ee4613066e,1.7773446151106995e+18
8425b25b-a8f9-4eed-b0dc-49ee4613066e,1.7773446151440415e+18
8425b25b-a8f9-4eed-b0dc-49ee4613066e,1.7773446151773844e+18
8425b25b-a8f9-4eed-b0dc-49ee4613066e,1.7773446152107274e+18
8425b25b-a8f9-4eed-b0dc-49ee4613066e,1.7773446152440694e+18
8425b25b-a8f9-4eed-b0dc-49ee4613066e,1.7773446152774124e+18
8425b25b-a8f9-4eed-b0dc-49ee4613066e,1.7773446153107553e+18
8425b25b-a8f9-4eed-b0dc-49ee4613066e,1.7773446153440975e+18
8425b25b-a8f9-4eed-b0dc-49ee4613066e,1.7773446153774405e+18
8425b25b-a8f9-4eed-b0dc-49ee4613066e,1.7773446154107835e+18
8425b25b-a8f9-4eed-b0dc-49ee4613066e,1.7773446154441254e+18
8425b25b-a8f9-4eed-b0dc-49ee4613066e,1.7773446154774684e+18
8425b25b-a8f9-4eed-b0dc-49ee4613066e,1.7773446155108114e+18
8425b25b-a8f9-4eed-b0dc-49ee4613066e,1.7773446155441533e+18
8425b25b-a8f9-4eed-b0dc-49ee4613066e,1.7773446155774966e+18
8425b25b-a8f9-4eed-b0dc-49ee4613066e,1.7773446156108396e+18
8425b25b-a8f9-4eed-b0dc-49ee4613066e,1.7773446156441815e+18
8425b25b-a8f9-4eed-b0dc-49ee4613066e,1.7773446156775245e+18
8425b25b-a8f9-4eed-b0dc-49ee4613066e,1.7773446157108664e+18
8425b25b-a8f9-4eed-b0dc-49ee4613066e,1.7773446157442094e+18
8425b25b-a8f9-4eed-b0dc-49ee4613066e,1.7773446157775524e+18
8425b25b-a8f9-4eed-b0dc-49ee4613066e,1.7773446158108943e+18
8425b25b-a8f9-4eed-b0dc-49ee4613066e,1.7773446158442376e+18
8425b25b-a8f9-4eed-b0dc-49ee4613066e,1.7773446158775805e+18
8425b25b-a8f9-4eed-b0dc-49ee4613066e,1.7773446159109225e+18
8425b25b-a8f9-4eed-b0dc-49ee4613066e,1.7773446159442655e+18
8425b25b-a8f9-4eed-b0dc-49ee4613066e,1.7773446159776084e+18
8425b25b-a8f9-4eed-b0dc-49ee4613066e,1.7773446160109504e+18
8425b25b-a8f9-4eed-b0dc-49ee4613066e,1.7773446160442934e+18
8425b25b-a8f9-4eed-b0dc-49ee4613066e,1.7773446160776364e+18
8425b25b-a8f9-4eed-b0dc-49ee4613066e,1.7773446161109786e+18
8425b25b-a8f9-4eed-b0dc-49ee4613066e,1.7773446161443215e+18
8425b25b-a8f9-4eed-b0dc-49ee4613066e,1.7773446161776645e+18
8425b25b-a8f9-4eed-b0dc-49ee4613066e,1.7773446162110065e+18
8425b25b-a8f9-4eed-b0dc-49ee4613066e,1.7773446162443494e+18
8425b25b-a8f9-4eed-b0dc-49ee4613066e,1.7773446162776924e+18
8425b25b-a8f9-4eed-b0dc-49ee4613066e,1.7773446163110344e+18
8425b25b-a8f9-4eed-b0dc-49ee4613066e,1.7773446163443773e+18
8425b25b-a8f9-4eed-b0dc-49ee4613066e,1.7773446163777203e+18
8425b25b-a8f9-4eed-b0dc-49ee4613066e,1.7773446164110625e+18
8425b25b-a8f9-4eed-b0dc-49ee4613066e,1.7773446164444055e+18
8425b25b-a8f9-4eed-b0dc-49ee4613066e,1.7773446164777485e+18
8425b25b-a8f9-4eed-b0dc-49ee4613066e,1.7773446165110904e+18
8425b25b-a8f9-4eed-b0dc-49ee4613066e,1.7773446165444334e+18
8425b25b-a8f9-4eed-b0dc-49ee4613066e,1.7773446165777764e+18
8425b25b-a8f9-4eed-b0dc-49ee4613066e,1.7773446166111183e+18
8425b25b-a8f9-4eed-b0dc-49ee4613066e,1.7773446166444616e+18
8425b25b-a8f9-4eed-b0dc-49ee4613066e,1.7773446166778045e+18
8425b25b-a8f9-4eed-b0dc-49ee4613066e,1.7773446167111465e+18
8425b25b-a8f9-4eed-b0dc-49ee4613066e,1.7773446167444895e+18
8425b25b-a8f9-4eed-b0dc-49ee4613066e,1.7773446167778324e+18
8425b25b-a8f9-4eed-b0dc-49ee4613066e,1.7773446168111744e+18
8425b25b-a8f9-4eed-b0dc-49ee4613066e,1.7773446168445174e+18
8425b25b-a8f9-4eed-b0dc-49ee4613066e,1.7773446168778604e+18
8425b25b-a8f9-4eed-b0dc-49ee4613066e,1.7773446169112026e+18
8425b25b-a8f9-4eed-b0dc-49ee4613066e,1.7773446169445455e+18
8425b25b-a8f9-4eed-b0dc-49ee4613066e,1.7773446169778885e+18
8425b25b-a8f9-4eed-b0dc-49ee4613066e,1.7773446170112305e+18
8425b25b-a8f9-4eed-b0dc-49ee4613066e,1.7773446170445734e+18
8425b25b-a8f9-4eed-b0dc-49ee4613066e,1.7773446170779164e+18
8425b25b-a8f9-4eed-b0dc-49ee4613066e,1.7773446171112584e+18
8425b25b-a8f9-4eed-b0dc-49ee4613066e,1.7773446171446013e+18
8425b25b-a8f9-4eed-b0dc-49ee4613066e,1.7773446171779436e+18
8425b25b-a8f9-4eed-b0dc-49ee4613066e,1.7773446172112865e+18
8425b25b-a8f9-4eed-b0dc-49ee4613066e,1.7773446172446295e+18
8425b25b-a8f9-4eed-b0dc-49ee4613066e,1.7773446172779715e+18
8425b25b-a8f9-4eed-b0dc-49ee4613066e,1.7773446173113144e+18
8425b25b-a8f9-4eed-b0dc-49ee4613066e,1.7773446173446574e+18
8425b25b-a8f9-4eed-b0dc-49ee4613066e,1.7773446173779994e+18
8425b25b-a8f9-4eed-b0dc-49ee4613066e,1.7773446174113423e+18
8425b25b-a8f9-4eed-b0dc-49ee4613066e,1.7773446174446856e+18
8425b25b-a8f9-4eed-b0dc-49ee4613066e,1.7773446174780275e+18
8425b25b-a8f9-4eed-b0dc-49ee4613066e,1.7773446175113705e+18
8425b25b-a8f9-4eed-b0dc-49ee4613066e,1.7773446175447135e+18
8425b25b-a8f9-4eed-b0dc-49ee4613066e,1.7773446175780554e+18
8425b25b-a8f9-4eed-b0dc-49ee4613066e,1.7773446176113984e+18
8425b25b-a8f9-4eed-b0dc-49ee4613066e,1.7773446176447414e+18
8425b25b-a8f9-4eed-b0dc-49ee4613066e,1.7773446176780833e+18
8425b25b-a8f9-4eed-b0dc-49ee4613066e,1.7773446177114266e+18
8425b25b-a8f9-4eed-b0dc-49ee4613066e,1.7773446177447695e+18
8425b25b-a8f9-4eed-b0dc-49ee4613066e,1.7773446177781115e+18
8425b25b-a8f9-4eed-b0dc-49ee4613066e,1.7773446178114545e+18
8425b25b-a8f9-4eed-b0dc-49ee4613066e,1.7773446178447974e+18
8425b25b-a8f9-4eed-b0dc-49ee4613066e,1.7773446178781394e+18
8425b25b-a8f9-4eed-b0dc-49ee4613066e,1.7773446179114824e+18
8425b25b-a8f9-4eed-b0dc-49ee4613066e,1.7773446179448253e+18
8425b25b-a8f9-4eed-b0dc-49ee4613066e,1.7773446179781676e+18
8425b25b-a8f9-4eed-b0dc-49ee4613066e,1.7773446180115105e+18
8425b25b-a8f9-4eed-b0dc-49ee4613066e,1.7773446180448535e+18
8425b25b-a8f9-4eed-b0dc-49ee4613066e,1.7773446180781955e+18
8425b25b-a8f9-4eed-b0dc-49ee4613066e,1.7773446181115384e+18
8425b25b-a8f9-4eed-b0dc-49ee4613066e,1.7773446181448814e+18
8425b25b-a8f9-4eed-b0dc-49ee4613066e,1.7773446181782234e+18
8425b25b-a8f9-4eed-b0dc-49ee4613066e,1.7773446182115663e+18
8425b25b-a8f9-4eed-b0dc-49ee4613066e,1.7773446182449096e+18
8425b25b-a8f9-4eed-b0dc-49ee4613066e,1.7773446182782515e+18
8425b25b-a8f9-4eed-b0dc-49ee4613066e,1.7773446183115945e+18
8425b25b-a8f9-4eed-b0dc-49ee4613066e,1.7773446183449375e+18
8425b25b-a8f9-4eed-b0dc-49ee4613066e,1.7773446183782794e+18
8425b25b-a8f9-4eed-b0dc-49ee4613066e,1.7773446184116224e+18
8425b25b-a8f9-4eed-b0dc-49ee4613066e,1.7773446184449654e+18
8425b25b-a8f9-4eed-b0dc-49ee4613066e,1.7773446184783073e+18
8425b25b-a8f9-4eed-b0dc-49ee4613066e,1.7773446185116506e+18
8425b25b-a8f9-4eed-b0dc-49ee4613066e,1.7773446185449935e+18
8425b25b-a8f9-4eed-b0dc-49ee4613066e,1.7773446185783355e+18
8425b25b-a8f9-4eed-b0dc-49ee4613066e,1.7773446186116785e+18
8425b25b-a8f9-4eed-b0dc-49ee4613066e,1.7773446186450214e+18
8425b25b-a8f9-4eed-b0dc-49ee4613066e,1.7773446186783634e+18
8425b25b-a8f9-4eed-b0dc-49ee4613066e,1.7773446187117064e+18
8425b25b-a8f9-4eed-b0dc-49ee4613066e,1.7773446187450493e+18
8425b25b-a8f9-4eed-b0dc-49ee4613066e,1.7773446187783916e+18
8425b25b-a8f9-4eed-b0dc-49ee4613066e,1.7773446188117345e+18
8425b25b-a8f9-4eed-b0dc-49ee4613066e,1.7773446188450775e+18
8425b25b-a8f9-4eed-b0dc-49ee4613066e,1.7773446188784195e+18
8425b25b-a8f9-4eed-b0dc-49ee4613066e,1.7773446189117624e+18
8425b25b-a8f9-4eed-b0dc-49ee4613066e,1.7773446189451054e+18
8425b25b-a8f9-4eed-b0dc-49ee4613066e,1.7773446189784474e+18
8425b25b-a8f9-4eed-b0dc-49ee4613066e,1.7773446190117903e+18
8425b25b-a8f9-4eed-b0dc-49ee4613066e,1.7773446190451325e+18
8425b25b-a8f9-4eed-b0dc-49ee4613066e,1.7773446190784755e+18
8425b25b-a8f9-4eed-b0dc-49ee4613066e,1.7773446191118185e+18
8425b25b-a8f9-4eed-b0dc-49ee4613066e,1.7773446191451604e+18
8425b25b-a8f9-4eed-b0dc-49ee4613066e,1.7773446191785034e+18
8425b25b-a8f9-4eed-b0dc-49ee4613066e,1.7773446192118464e+18
8425b25b-a8f9-4eed-b0dc-49ee4613066e,1.7773446192451884e+18
8425b25b-a8f9-4eed-b0dc-49ee4613066e,1.7773446192785313e+18
8425b25b-a8f9-4eed-b0dc-49ee4613066e,1.7773446193118746e+18
8425b25b-a8f9-4eed-b0dc-49ee4613066e,1.7773446193452165e+18
8425b25b-a8f9-4eed-b0dc-49ee4613066e,1.7773446193785595e+18
8425b25b-a8f9-4eed-b0dc-49ee4613066e,1.7773446194119025e+18
8425b25b-a8f9-4eed-b0dc-49ee4613066e,1.7773446194452444e+18
8425b25b-a8f9-4eed-b0dc-49ee4613066e,1.7773446194785874e+18
8425b25b-a8f9-4eed-b0dc-49ee4613066e,1.7773446195119304e+18
8425b25b-a8f9-4eed-b0dc-49ee4613066e,1.7773446195452723e+18
8425b25b-a8f9-4eed-b0dc-49ee4613066e,1.7773446195786156e+18
8425b25b-a8f9-4eed-b0dc-49ee4613066e,1.7773446196119585e+18
8425b25b-a8f9-4eed-b0dc-49ee4613066e,1.7773446196453005e+18
8425b25b-a8f9-4eed-b0dc-49ee4613066e,1.7773446196786435e+18
8425b25b-a8f9-4eed-b0dc-49ee4613066e,1.7773446197119864e+18
8425b25b-a8f9-4eed-b0dc-49ee4613066e,1.7773446197453284e+18
8425b25b-a8f9-4eed-b0dc-49ee4613066e,1.7773446197786714e+18
8425b25b-a8f9-4eed-b0dc-49ee4613066e,1.7773446198120143e+18
8425b25b-a8f9-4eed-b0dc-49ee4613066e,1.7773446198453565e+18
8425b25b-a8f9-4eed-b0dc-49ee4613066e,1.7773446198786995e+18
8425b25b-a8f9-4eed-b0dc-49ee4613066e,1.7773446199120425e+18
8425b25b-a8f9-4eed-b0dc-49ee4613066e,1.7773446199453844e+18
8425b25b-a8f9-4eed-b0dc-49ee4613066e,1.7773446199787274e+18
8425b25b-a8f9-4eed-b0dc-49ee4613066e,1.7773446200120704e+18
8425b25b-a8f9-4eed-b0dc-49ee4613066e,1.7773446200454124e+18
8425b25b-a8f9-4eed-b0dc-49ee4613066e,1.7773446200787553e+18
8425b25b-a8f9-4eed-b0dc-49ee4613066e,1.7773446201120986e+18
8425b25b-a8f9-4eed-b0dc-49ee4613066e,1.7773446201454405e+18
8425b25b-a8f9-4eed-b0dc-49ee4613066e,1.7773446201787835e+18
8425b25b-a8f9-4eed-b0dc-49ee4613066e,1.7773446202121265e+18
8425b25b-a8f9-4eed-b0dc-49ee4613066e,1.7773446202454684e+18
8425b25b-a8f9-4eed-b0dc-49ee4613066e,1.7773446202788114e+18
8425b25b-a8f9-4eed-b0dc-49ee4613066e,1.7773446203121544e+18
8425b25b-a8f9-4eed-b0dc-49ee4613066e,1.7773446203454966e+18
8425b25b-a8f9-4eed-b0dc-49ee4613066e,1.7773446203788396e+18
8425b25b-a8f9-4eed-b0dc-49ee4613066e,1.7773446204121825e+18
8425b25b-a8f9-4eed-b0dc-49ee4613066e,1.7773446204455245e+18
8425b25b-a8f9-4eed-b0dc-49ee4613066e,1.7773446204788675e+18
8425b25b-a8f9-4eed-b0dc-49ee4613066e,1.7773446205122094e+18
8425b25b-a8f9-4eed-b0dc-49ee4613066e,1.7773446205455524e+18
8425b25b-a8f9-4eed-b0dc-49ee4613066e,1.7773446205788954e+18
8425b25b-a8f9-4eed-b0dc-49ee4613066e,1.7773446206122376e+18
8425b25b-a8f9-4eed-b0dc-49ee4613066e,1.7773446206455805e+18
8425b25b-a8f9-4eed-b0dc-49ee4613066e,1.7773446206789235e+18
8425b25b-a8f9-4eed-b0dc-49ee4613066e,1.7773446207122655e+18
8425b25b-a8f9-4eed-b0dc-49ee4613066e,1.7773446207456084e+18
8425b25b-a8f9-4eed-b0dc-49ee4613066e,1.7773446207789514e+18
8425b25b-a8f9-4eed-b0dc-49ee4613066e,1.7773446208122934e+18
8425b25b-a8f9-4eed-b0dc-49ee4613066e,1.7773446208456364e+18
8425b25b-a8f9-4eed-b0dc-49ee4613066e,1.7773446208789793e+18
8425b25b-a8f9-4eed-b0dc-49ee4613066e,1.7773446209123215e+18
8425b25b-a8f9-4eed-b0dc-49ee4613066e,1.7773446209456645e+18
8425b25b-a8f9-4eed-b0dc-49ee4613066e,1.7773446209790075e+18
8425b25b-a8f9-4eed-b0dc-49ee4613066e,1.7773446210123494e+18
8425b25b-a8f9-4eed-b0dc-49ee4613066e,1.7773446210456924e+18
8425b25b-a8f9-4eed-b0dc-49ee4613066e,1.7773446210790354e+18
8425b25b-a8f9-4eed-b0dc-49ee4613066e,1.7773446211123773e+18
8425b25b-a8f9-4eed-b0dc-49ee4613066e,1.7773446211457203e+18
8425b25b-a8f9-4eed-b0dc-49ee4613066e,1.7773446211790636e+18
8425b25b-a8f9-4eed-b0dc-49ee4613066e,1.7773446212124055e+18
8425b25b-a8f9-4eed-b0dc-49ee4613066e,1.7773446212457485e+18
8425b25b-a8f9-4eed-b0dc-49ee4613066e,1.7773446212790915e+18
8425b25b-a8f9-4eed-b0dc-49ee4613066e,1.7773446213124334e+18
8425b25b-a8f9-4eed-b0dc-49ee4613066e,1.7773446213457764e+18
8425b25b-a8f9-4eed-b0dc-49ee4613066e,1.7773446213791194e+18
8425b25b-a8f9-4eed-b0dc-49ee4613066e,1.7773446214124616e+18
8425b25b-a8f9-4eed-b0dc-49ee4613066e,1.7773446214458045e+18
8425b25b-a8f9-4eed-b0dc-49ee4613066e,1.7773446214791475e+18
8425b25b-a8f9-4eed-b0dc-49ee4613066e,1.7773446215124895e+18
8425b25b-a8f9-4eed-b0dc-49ee4613066e,1.7773446215458324e+18
8425b25b-a8f9-4eed-b0dc-49ee4613066e,1.7773446215791754e+18
8425b25b-a8f9-4eed-b0dc-49ee4613066e,1.7773446216125174e+18
8425b25b-a8f9-4eed-b0dc-49ee4613066e,1.7773446216458604e+18
8425b25b-a8f9-4eed-b0dc-49ee4613066e,1.7773446216792033e+18
8425b25b-a8f9-4eed-b0dc-49ee4613066e,1.7773446217125455e+18
8425b25b-a8f9-4eed-b0dc-49ee4613066e,1.7773446217458885e+18
8425b25b-a8f9-4eed-b0dc-49ee4613066e,1.7773446217792315e+18
8425b25b-a8f9-4eed-b0dc-49ee4613066e,1.7773446218125734e+18
8425b25b-a8f9-4eed-b0dc-49ee4613066e,1.7773446218459164e+18
8425b25b-a8f9-4eed-b0dc-49ee4613066e,1.7773446218792594e+18
8425b25b-a8f9-4eed-b0dc-49ee4613066e,1.7773446219126013e+18
8425b25b-a8f9-4eed-b0dc-49ee4613066e,1.7773446219459446e+18
8425b25b-a8f9-4eed-b0dc-49ee4613066e,1.7773446219792876e+18
8425b25b-a8f9-4eed-b0dc-49ee4613066e,1.7773446220126295e+18
8425b25b-a8f9-4eed-b0dc-49ee4613066e,1.7773446220459725e+18
8425b25b-a8f9-4eed-b0dc-49ee4613066e,1.7773446220793155e+18
8425b25b-a8f9-4eed-b0dc-49ee4613066e,1.7773446221126574e+18
8425b25b-a8f9-4eed-b0dc-49ee4613066e,1.7773446221460004e+18
8425b25b-a8f9-4eed-b0dc-49ee4613066e,1.7773446221793434e+18
8425b25b-a8f9-4eed-b0dc-49ee4613066e,1.7773446222126856e+18
8425b25b-a8f9-4eed-b0dc-49ee4613066e,1.7773446222460285e+18
8425b25b-a8f9-4eed-b0dc-49ee4613066e,1.7773446222793705e+18
8425b25b-a8f9-4eed-b0dc-49ee4613066e,1.7773446223127135e+18
8425b25b-a8f9-4eed-b0dc-49ee4613066e,1.7773446223460564e+18
8425b25b-a8f9-4eed-b0dc-49ee4613066e,1.7773446223793984e+18
8425b25b-a8f9-4eed-b0dc-49ee4613066e,1.7773446224127414e+18
8425b25b-a8f9-4eed-b0dc-49ee4613066e,1.7773446224460844e+18
8425b25b-a8f9-4eed-b0dc-49ee4613066e,1.7773446224794266e+18
8425b25b-a8f9-4eed-b0dc-49ee4613066e,1.7773446225127695e+18
8425b25b-a8f9-4eed-b0dc-49ee4613066e,1.7773446225461125e+18
8425b25b-a8f9-4eed-b0dc-49ee4613066e,1.7773446225794545e+18
8425b25b-a8f9-4eed-b0dc-49ee4613066e,1.7773446226127974e+18
8425b25b-a8f9-4eed-b0dc-49ee4613066e,1.7773446226461404e+18
8425b25b-a8f9-4eed-b0dc-49ee4613066e,1.7773446226794824e+18
8425b25b-a8f9-4eed-b0dc-49ee4613066e,1.7773446227128253e+18
8425b25b-a8f9-4eed-b0dc-49ee4613066e,1.7773446227461683e+18
8425b25b-a8f9-4eed-b0dc-49ee4613066e,1.7773446227795105e+18
8425b25b-a8f9-4eed-b0dc-49ee4613066e,1.7773446228128535e+18
8425b25b-a8f9-4eed-b0dc-49ee4613066e,1.7773446228461965e+18
8425b25b-a8f9-4eed-b0dc-49ee4613066e,1.7773446228795384e+18
8425b25b-a8f9-4eed-b0dc-49ee4613066e,1.7773446229128814e+18
8425b25b-a8f9-4eed-b0dc-49ee4613066e,1.7773446229462244e+18
8425b25b-a8f9-4eed-b0dc-49ee4613066e,1.7773446229795663e+18
8425b25b-a8f9-4eed-b0dc-49ee4613066e,1.7773446230129096e+18
8425b25b-a8f9-4eed-b0dc-49ee4613066e,1.7773446230462525e+18
8425b25b-a8f9-4eed-b0dc-49ee4613066e,1.7773446230795945e+18
8425b25b-a8f9-4eed-b0dc-49ee4613066e,1.7773446231129375e+18
8425b25b-a8f9-4eed-b0dc-49ee4613066e,1.7773446231462804e+18
8425b25b-a8f9-4eed-b0dc-49ee4613066e,1.7773446231796224e+18
8425b25b-a8f9-4eed-b0dc-49ee4613066e,1.7773446232129654e+18
8425b25b-a8f9-4eed-b0dc-49ee4613066e,1.7773446232463084e+18
8425b25b-a8f9-4eed-b0dc-49ee4613066e,1.7773446232796506e+18
8425b25b-a8f9-4eed-b0dc-49ee4613066e,1.7773446233129935e+18
8425b25b-a8f9-4eed-b0dc-49ee4613066e,1.7773446233463365e+18
8425b25b-a8f9-4eed-b0dc-49ee4613066e,1.7773446233796785e+18
8425b25b-a8f9-4eed-b0dc-49ee4613066e,1.7773446234130214e+18
8425b25b-a8f9-4eed-b0dc-49ee4613066e,1.7773446234463644e+18
8425b25b-a8f9-4eed-b0dc-49ee4613066e,1.7773446234797064e+18
8425b25b-a8f9-4eed-b0dc-49ee4613066e,1.7773446235130493e+18
8425b25b-a8f9-4eed-b0dc-49ee4613066e,1.7773446235463926e+18
8425b25b-a8f9-4eed-b0dc-49ee4613066e,1.7773446235797345e+18
8425b25b-a8f9-4eed-b0dc-49ee4613066e,1.7773446236130775e+18
8425b25b-a8f9-4eed-b0dc-49ee4613066e,1.7773446236464205e+18
8425b25b-a8f9-4eed-b0dc-49ee4613066e,1.7773446236797624e+18
8425b25b-a8f9-4eed-b0dc-49ee4613066e,1.7773446237131054e+18
8425b25b-a8f9-4eed-b0dc-49ee4613066e,1.7773446237464484e+18
8425b25b-a8f9-4eed-b0dc-49ee4613066e,1.7773446237797903e+18
8425b25b-a8f9-4eed-b0dc-49ee4613066e,1.7773446238131336e+18
8425b25b-a8f9-4eed-b0dc-49ee4613066e,1.7773446238464755e+18
8425b25b-a8f9-4eed-b0dc-49ee4613066e,1.7773446238798185e+18
8425b25b-a8f9-4eed-b0dc-49ee4613066e,1.7773446239131615e+18
8425b25b-a8f9-4eed-b0dc-49ee4613066e,1.7773446239465034e+18
8425b25b-a8f9-4eed-b0dc-49ee4613066e,1.7773446239798464e+18
8425b25b-a8f9-4eed-b0dc-49ee4613066e,1.7773446240131894e+18
8425b25b-a8f9-4eed-b0dc-49ee4613066e,1.7773446240465313e+18
8425b25b-a8f9-4eed-b0dc-49ee4613066e,1.7773446240798746e+18
8425b25b-a8f9-4eed-b0dc-49ee4613066e,1.7773446241132175e+18
8425b25b-a8f9-4eed-b0dc-49ee4613066e,1.7773446241465595e+18
8425b25b-a8f9-4eed-b0dc-49ee4613066e,1.7773446241799025e+18
8425b25b-a8f9-4eed-b0dc-49ee4613066e,1.7773446242132454e+18
8425b25b-a8f9-4eed-b0dc-49ee4613066e,1.7773446242465874e+18
8425b25b-a8f9-4eed-b0dc-49ee4613066e,1.7773446242799304e+18
8425b25b-a8f9-4eed-b0dc-49ee4613066e,1.7773446243132733e+18
8425b25b-a8f9-4eed-b0dc-49ee4613066e,1.7773446243466156e+18
8425b25b-a8f9-4eed-b0dc-49ee4613066e,1.7773446243799585e+18
8425b25b-a8f9-4eed-b0dc-49ee4613066e,1.7773446244133015e+18
8425b25b-a8f9-4eed-b0dc-49ee4613066e,1.7773446244466435e+18
8425b25b-a8f9-4eed-b0dc-49ee4613066e,1.7773446244799864e+18
8425b25b-a8f9-4eed-b0dc-49ee4613066e,1.7773446245133294e+18
8425b25b-a8f9-4eed-b0dc-49ee4613066e,1.7773446245466714e+18
8425b25b-a8f9-4eed-b0dc-49ee4613066e,1.7773446245800143e+18
8425b25b-a8f9-4eed-b0dc-49ee4613066e,1.7773446246133576e+18
8425b25b-a8f9-4eed-b0dc-49ee4613066e,1.7773446246466995e+18
8425b25b-a8f9-4eed-b0dc-49ee4613066e,1.7773446246800425e+18
8425b25b-a8f9-4eed-b0dc-49ee4613066e,1.7773446247133855e+18
8425b25b-a8f9-4eed-b0dc-49ee4613066e,1.7773446247467274e+18
8425b25b-a8f9-4eed-b0dc-49ee4613066e,1.7773446247800704e+18
8425b25b-a8f9-4eed-b0dc-49ee4613066e,1.7773446248134134e+18
8425b25b-a8f9-4eed-b0dc-49ee4613066e,1.7773446248467553e+18
8425b25b-a8f9-4eed-b0dc-49ee4613066e,1.7773446248800986e+18
8425b25b-a8f9-4eed-b0dc-49ee4613066e,1.7773446249134415e+18
8425b25b-a8f9-4eed-b0dc-49ee4613066e,1.7773446249467835e+18
8425b25b-a8f9-4eed-b0dc-49ee4613066e,1.7773446249801265e+18
8425b25b-a8f9-4eed-b0dc-49ee4613066e,1.7773446250134694e+18
8425b25b-a8f9-4eed-b0dc-49ee4613066e,1.7773446250468114e+18
8425b25b-a8f9-4eed-b0dc-49ee4613066e,1.7773446250801544e+18
8425b25b-a8f9-4eed-b0dc-49ee4613066e,1.7773446251134973e+18
8425b25b-a8f9-4eed-b0dc-49ee4613066e,1.7773446251468396e+18
8425b25b-a8f9-4eed-b0dc-49ee4613066e,1.7773446251801825e+18
8425b25b-a8f9-4eed-b0dc-49ee4613066e,1.7773446252135255e+18
8425b25b-a8f9-4eed-b0dc-49ee4613066e,1.7773446252468675e+18
8425b25b-a8f9-4eed-b0dc-49ee4613066e,1.7773446252802104e+18
8425b25b-a8f9-4eed-b0dc-49ee4613066e,1.7773446253135534e+18
8425b25b-a8f9-4eed-b0dc-49ee4613066e,1.7773446253468954e+18
8425b25b-a8f9-4eed-b0dc-49ee4613066e,1.7773446253802383e+18
8425b25b-a8f9-4eed-b0dc-49ee4613066e,1.7773446254135805e+18
8425b25b-a8f9-4eed-b0dc-49ee4613066e,1.7773446254469235e+18
8425b25b-a8f9-4eed-b0dc-49ee4613066e,1.7773446254802665e+18
8425b25b-a8f9-4eed-b0dc-49ee4613066e,1.7773446255136084e+18
8425b25b-a8f9-4eed-b0dc-49ee4613066e,1.7773446255469514e+18
8425b25b-a8f9-4eed-b0dc-49ee4613066e,1.7773446255802944e+18
8425b25b-a8f9-4eed-b0dc-49ee4613066e,1.7773446256136364e+18
8425b25b-a8f9-4eed-b0dc-49ee4613066e,1.7773446256469793e+18
8425b25b-a8f9-4eed-b0dc-49ee4613066e,1.7773446256803226e+18
8425b25b-a8f9-4eed-b0dc-49ee4613066e,1.7773446257136645e+18
8425b25b-a8f9-4eed-b0dc-49ee4613066e,1.7773446257470075e+18
8425b25b-a8f9-4eed-b0dc-49ee4613066e,1.7773446257803505e+18
8425b25b-a8f9-4eed-b0dc-49ee4613066e,1.7773446258136924e+18
8425b25b-a8f9-4eed-b0dc-49ee4613066e,1.7773446258470354e+18
8425b25b-a8f9-4eed-b0dc-49ee4613066e,1.7773446258803784e+18
8425b25b-a8f9-4eed-b0dc-49ee4613066e,1.7773446259137203e+18
8425b25b-a8f9-4eed-b0dc-49ee4613066e,1.7773446259470636e+18
8425b25b-a8f9-4eed-b0dc-49ee4613066e,1.7773446259804065e+18
8425b25b-a8f9-4eed-b0dc-49ee4613066e,1.7773446260137485e+18
8425b25b-a8f9-4eed-b0dc-49ee4613066e,1.7773446260470915e+18
8425b25b-a8f9-4eed-b0dc-49ee4613066e,1.7773446260804344e+18
8425b25b-a8f9-4eed-b0dc-49ee4613066e,1.7773446261137764e+18
8425b25b-a8f9-4eed-b0dc-49ee4613066e,1.7773446261471194e+18
8425b25b-a8f9-4eed-b0dc-49ee4613066e,1.7773446261804623e+18
8425b25b-a8f9-4eed-b0dc-49ee4613066e,1.7773446262138045e+18
8425b25b-a8f9-4eed-b0dc-49ee4613066e,1.7773446262471475e+18
8425b25b-a8f9-4eed-b0dc-49ee4613066e,1.7773446262804905e+18
8425b25b-a8f9-4eed-b0dc-49ee4613066e,1.7773446263138324e+18
8425b25b-a8f9-4eed-b0dc-49ee4613066e,1.7773446263471754e+18
8425b25b-a8f9-4eed-b0dc-49ee4613066e,1.7773446263805184e+18
8425b25b-a8f9-4eed-b0dc-49ee4613066e,1.7773446264138604e+18
8425b25b-a8f9-4eed-b0dc-49ee4613066e,1.7773446264472033e+18
8425b25b-a8f9-4eed-b0dc-49ee4613066e,1.7773446264805466e+18
8425b25b-a8f9-4eed-b0dc-49ee4613066e,1.7773446265138885e+18
8425b25b-a8f9-4eed-b0dc-49ee4613066e,1.7773446265472315e+18
8425b25b-a8f9-4eed-b0dc-49ee4613066e,1.7773446265805745e+18
8425b25b-a8f9-4eed-b0dc-49ee4613066e,1.7773446266139164e+18
8425b25b-a8f9-4eed-b0dc-49ee4613066e,1.7773446266472594e+18
8425b25b-a8f9-4eed-b0dc-49ee4613066e,1.7773446266806024e+18
8425b25b-a8f9-4eed-b0dc-49ee4613066e,1.7773446267139446e+18
8425b25b-a8f9-4eed-b0dc-49ee4613066e,1.7773446267472876e+18
8425b25b-a8f9-4eed-b0dc-49ee4613066e,1.7773446267806305e+18
8425b25b-a8f9-4eed-b0dc-49ee4613066e,1.7773446268139725e+18
8425b25b-a8f9-4eed-b0dc-49ee4613066e,1.7773446268473155e+18
8425b25b-a8f9-4eed-b0dc-49ee4613066e,1.7773446268806584e+18
8425b25b-a8f9-4eed-b0dc-49ee4613066e,1.7773446269140004e+18
8425b25b-a8f9-4eed-b0dc-49ee4613066e,1.7773446269473434e+18
8425b25b-a8f9-4eed-b0dc-49ee4613066e,1.7773446269806863e+18
8425b25b-a8f9-4eed-b0dc-49ee4613066e,1.7773446270140285e+18
8425b25b-a8f9-4eed-b0dc-49ee4613066e,1.7773446270473715e+18
8425b25b-a8f9-4eed-b0dc-49ee4613066e,1.7773446270807145e+18
8425b25b-a8f9-4eed-b0dc-49ee4613066e,1.7773446271140564e+18
8425b25b-a8f9-4eed-b0dc-49ee4613066e,1.7773446271473994e+18
8425b25b-a8f9-4eed-b0dc-49ee4613066e,1.7773446271807414e+18
8425b25b-a8f9-4eed-b0dc-49ee4613066e,1.7773446272140844e+18
8425b25b-a8f9-4eed-b0dc-49ee4613066e,1.7773446272474273e+18
8425b25b-a8f9-4eed-b0dc-49ee4613066e,1.7773446272807695e+18
8425b25b-a8f9-4eed-b0dc-49ee4613066e,1.7773446273141125e+18
8425b25b-a8f9-4eed-b0dc-49ee4613066e,1.7773446273474555e+18
8425b25b-a8f9-4eed-b0dc-49ee4613066e,1.7773446273807974e+18
8425b25b-a8f9-4eed-b0dc-49ee4613066e,1.7773446274141404e+18
8425b25b-a8f9-4eed-b0dc-49ee4613066e,1.7773446274474834e+18
8425b25b-a8f9-4eed-b0dc-49ee4613066e,1.7773446274808253e+18
8425b25b-a8f9-4eed-b0dc-49ee4613066e,1.7773446275141683e+18
8425b25b-a8f9-4eed-b0dc-49ee4613066e,1.7773446275475116e+18
8425b25b-a8f9-4eed-b0dc-49ee4613066e,1.7773446275808535e+18
8425b25b-a8f9-4eed-b0dc-49ee4613066e,1.7773446276141965e+18
8425b25b-a8f9-4eed-b0dc-49ee4613066e,1.7773446276475395e+18
8425b25b-a8f9-4eed-b0dc-49ee4613066e,1.7773446276808814e+18
8425b25b-a8f9-4eed-b0dc-49ee4613066e,1.7773446277142244e+18
8425b25b-a8f9-4eed-b0dc-49ee4613066e,1.7773446277475674e+18
8425b25b-a8f9-4eed-b0dc-49ee4613066e,1.7773446277809096e+18
8425b25b-a8f9-4eed-b0dc-49ee4613066e,1.7773446278142525e+18
8425b25b-a8f9-4eed-b0dc-49ee4613066e,1.7773446278475955e+18
8425b25b-a8f9-4eed-b0dc-49ee4613066e,1.7773446278809375e+18
8425b25b-a8f9-4eed-b0dc-49ee4613066e,1.7773446279142804e+18
8425b25b-a8f9-4eed-b0dc-49ee4613066e,1.7773446279476234e+18
8425b25b-a8f9-4eed-b0dc-49ee4613066e,1.7773446279809654e+18
8425b25b-a8f9-4eed-b0dc-49ee4613066e,1.7773446280143084e+18
8425b25b-a8f9-4eed-b0dc-49ee4613066e,1.7773446280476513e+18
8425b25b-a8f9-4eed-b0dc-49ee4613066e,1.7773446280809935e+18
8425b25b-a8f9-4eed-b0dc-49ee4613066e,1.7773446281143365e+18
8425b25b-a8f9-4eed-b0dc-49ee4613066e,1.7773446281476795e+18
8425b25b-a8f9-4eed-b0dc-49ee4613066e,1.7773446281810214e+18
8425b25b-a8f9-4eed-b0dc-49ee4613066e,1.7773446282143644e+18
8425b25b-a8f9-4eed-b0dc-49ee4613066e,1.7773446282477074e+18
8425b25b-a8f9-4eed-b0dc-49ee4613066e,1.7773446282810493e+18
8425b25b-a8f9-4eed-b0dc-49ee4613066e,1.7773446283143926e+18
8425b25b-a8f9-4eed-b0dc-49ee4613066e,1.7773446283477356e+18
8425b25b-a8f9-4eed-b0dc-49ee4613066e,1.7773446283810775e+18
8425b25b-a8f9-4eed-b0dc-49ee4613066e,1.7773446284144205e+18
8425b25b-a8f9-4eed-b0dc-49ee4613066e,1.7773446284477635e+18
8425b25b-a8f9-4eed-b0dc-49ee4613066e,1.7773446284811054e+18
8425b25b-a8f9-4eed-b0dc-49ee4613066e,1.7773446285144484e+18
8425b25b-a8f9-4eed-b0dc-49ee4613066e,1.7773446285477914e+18
8425b25b-a8f9-4eed-b0dc-49ee4613066e,1.7773446285811336e+18
8425b25b-a8f9-4eed-b0dc-49ee4613066e,1.7773446286144765e+18
8425b25b-a8f9-4eed-b0dc-49ee4613066e,1.7773446286478185e+18
8425b25b-a8f9-4eed-b0dc-49ee4613066e,1.7773446286811615e+18
8425b25b-a8f9-4eed-b0dc-49ee4613066e,1.7773446287145044e+18
8425b25b-a8f9-4eed-b0dc-49ee4613066e,1.7773446287478464e+18
8425b25b-a8f9-4eed-b0dc-49ee4613066e,1.7773446287811894e+18
8425b25b-a8f9-4eed-b0dc-49ee4613066e,1.7773446288145324e+18
8425b25b-a8f9-4eed-b0dc-49ee4613066e,1.7773446288478746e+18
8425b25b-a8f9-4eed-b0dc-49ee4613066e,1.7773446288812175e+18
8425b25b-a8f9-4eed-b0dc-49ee4613066e,1.7773446289145605e+18
8425b25b-a8f9-4eed-b0dc-49ee4613066e,1.7773446289479025e+18
8425b25b-a8f9-4eed-b0dc-49ee4613066e,1.7773446289812454e+18
8425b25b-a8f9-4eed-b0dc-49ee4613066e,1.7773446290145884e+18
8425b25b-a8f9-4eed-b0dc-49ee4613066e,1.7773446290479304e+18
8425b25b-a8f9-4eed-b0dc-49ee4613066e,1.7773446290812733e+18
8425b25b-a8f9-4eed-b0dc-49ee4613066e,1.7773446291146163e+18
8425b25b-a8f9-4eed-b0dc-49ee4613066e,1.7773446291479585e+18
8425b25b-a8f9-4eed-b0dc-49ee4613066e,1.7773446291813015e+18
8425b25b-a8f9-4eed-b0dc-49ee4613066e,1.7773446292146445e+18
8425b25b-a8f9-4eed-b0dc-49ee4613066e,1.7773446292479864e+18
8425b25b-a8f9-4eed-b0dc-49ee4613066e,1.7773446292813294e+18
8425b25b-a8f9-4eed-b0dc-49ee4613066e,1.7773446293146724e+18
8425b25b-a8f9-4eed-b0dc-49ee4613066e,1.7773446293480143e+18
8425b25b-a8f9-4eed-b0dc-49ee4613066e,1.7773446293813576e+18
8425b25b-a8f9-4eed-b0dc-49ee4613066e,1.7773446294147005e+18
8425b25b-a8f9-4eed-b0dc-49ee4613066e,1.7773446294480425e+18
8425b25b-a8f9-4eed-b0dc-49ee4613066e,1.7773446294813855e+18
8425b25b-a8f9-4eed-b0dc-49ee4613066e,1.7773446295147284e+18
8425b25b-a8f9-4eed-b0dc-49ee4613066e,1.7773446295480704e+18
8425b25b-a8f9-4eed-b0dc-49ee4613066e,1.7773446295814134e+18
8425b25b-a8f9-4eed-b0dc-49ee4613066e,1.7773446296147564e+18
8425b25b-a8f9-4eed-b0dc-49ee4613066e,1.7773446296480986e+18
8425b25b-a8f9-4eed-b0dc-49ee4613066e,1.7773446296814415e+18
8425b25b-a8f9-4eed-b0dc-49ee4613066e,1.7773446297147845e+18
8425b25b-a8f9-4eed-b0dc-49ee4613066e,1.7773446297481265e+18
8425b25b-a8f9-4eed-b0dc-49ee4613066e,1.7773446297814694e+18
8425b25b-a8f9-4eed-b0dc-49ee4613066e,1.7773446298148124e+18
8425b25b-a8f9-4eed-b0dc-49ee4613066e,1.7773446298481544e+18
8425b25b-a8f9-4eed-b0dc-49ee4613066e,1.7773446298814973e+18
8425b25b-a8f9-4eed-b0dc-49ee4613066e,1.7773446299148406e+18
8425b25b-a8f9-4eed-b0dc-49ee4613066e,1.7773446299481825e+18
8425b25b-a8f9-4eed-b0dc-49ee4613066e,1.7773446299815255e+18
8425b25b-a8f9-4eed-b0dc-49ee4613066e,1.7773446300148685e+18
8425b25b-a8f9-4eed-b0dc-49ee4613066e,1.7773446300482104e+18
8425b25b-a8f9-4eed-b0dc-49ee4613066e,1.7773446300815534e+18
8425b25b-a8f9-4eed-b0dc-49ee4613066e,1.7773446301148964e+18
8425b25b-a8f9-4eed-b0dc-49ee4613066e,1.7773446301482383e+18
8425b25b-a8f9-4eed-b0dc-49ee4613066e,1.7773446301815816e+18
8425b25b-a8f9-4eed-b0dc-49ee4613066e,1.7773446302149245e+18
8425b25b-a8f9-4eed-b0dc-49ee4613066e,1.7773446302482665e+18
8425b25b-a8f9-4eed-b0dc-49ee4613066e,1.7773446302816095e+18
8425b25b-a8f9-4eed-b0dc-49ee4613066e,1.7773446303149524e+18
8425b25b-a8f9-4eed-b0dc-49ee4613066e,1.7773446303482944e+18
8425b25b-a8f9-4eed-b0dc-49ee4613066e,1.7773446303816374e+18
8425b25b-a8f9-4eed-b0dc-49ee4613066e,1.7773446304149804e+18
8425b25b-a8f9-4eed-b0dc-49ee4613066e,1.7773446304483226e+18
8425b25b-a8f9-4eed-b0dc-49ee4613066e,1.7773446304816655e+18
8425b25b-a8f9-4eed-b0dc-49ee4613066e,1.7773446305150075e+18
8425b25b-a8f9-4eed-b0dc-49ee4613066e,1.7773446305483505e+18
8425b25b-a8f9-4eed-b0dc-49ee4613066e,1.7773446305816934e+18
8425b25b-a8f9-4eed-b0dc-49ee4613066e,1.7773446306150354e+18
8425b25b-a8f9-4eed-b0dc-49ee4613066e,1.7773446306483784e+18
8425b25b-a8f9-4eed-b0dc-49ee4613066e,1.7773446306817213e+18
8425b25b-a8f9-4eed-b0dc-49ee4613066e,1.7773446307150636e+18
8425b25b-a8f9-4eed-b0dc-49ee4613066e,1.7773446307484065e+18
8425b25b-a8f9-4eed-b0dc-49ee4613066e,1.7773446307817495e+18
8425b25b-a8f9-4eed-b0dc-49ee4613066e,1.7773446308150915e+18
8425b25b-a8f9-4eed-b0dc-49ee4613066e,1.7773446308484344e+18
8425b25b-a8f9-4eed-b0dc-49ee4613066e,1.7773446308817774e+18
8425b25b-a8f9-4eed-b0dc-49ee4613066e,1.7773446309151194e+18
8425b25b-a8f9-4eed-b0dc-49ee4613066e,1.7773446309484623e+18
8425b25b-a8f9-4eed-b0dc-49ee4613066e,1.7773446309818056e+18
8425b25b-a8f9-4eed-b0dc-49ee4613066e,1.7773446310151475e+18
8425b25b-a8f9-4eed-b0dc-49ee4613066e,1.7773446310484905e+18
8425b25b-a8f9-4eed-b0dc-49ee4613066e,1.7773446310818335e+18
8425b25b-a8f9-4eed-b0dc-49ee4613066e,1.7773446311151754e+18
8425b25b-a8f9-4eed-b0dc-49ee4613066e,1.7773446311485184e+18
8425b25b-a8f9-4eed-b0dc-49ee4613066e,1.7773446311818614e+18
8425b25b-a8f9-4eed-b0dc-49ee4613066e,1.7773446312152033e+18
8425b25b-a8f9-4eed-b0dc-49ee4613066e,1.7773446312485466e+18
8425b25b-a8f9-4eed-b0dc-49ee4613066e,1.7773446312818895e+18
8425b25b-a8f9-4eed-b0dc-49ee4613066e,1.7773446313152315e+18
8425b25b-a8f9-4eed-b0dc-49ee4613066e,1.7773446313485745e+18
8425b25b-a8f9-4eed-b0dc-49ee4613066e,1.7773446313819174e+18
8425b25b-a8f9-4eed-b0dc-49ee4613066e,1.7773446314152594e+18
8425b25b-a8f9-4eed-b0dc-49ee4613066e,1.7773446314486024e+18
8425b25b-a8f9-4eed-b0dc-49ee4613066e,1.7773446314819453e+18
8425b25b-a8f9-4eed-b0dc-49ee4613066e,1.7773446315152876e+18
8425b25b-a8f9-4eed-b0dc-49ee4613066e,1.7773446315486305e+18
8425b25b-a8f9-4eed-b0dc-49ee4613066e,1.7773446315819735e+18
8425b25b-a8f9-4eed-b0dc-49ee4613066e,1.7773446316153155e+18
8425b25b-a8f9-4eed-b0dc-49ee4613066e,1.7773446316486584e+18
8425b25b-a8f9-4eed-b0dc-49ee4613066e,1.7773446316820014e+18
8425b25b-a8f9-4eed-b0dc-49ee4613066e,1.7773446317153434e+18
8425b25b-a8f9-4eed-b0dc-49ee4613066e,1.7773446317486863e+18
8425b25b-a8f9-4eed-b0dc-49ee4613066e,1.7773446317820296e+18
8425b25b-a8f9-4eed-b0dc-49ee4613066e,1.7773446318153715e+18
8425b25b-a8f9-4eed-b0dc-49ee4613066e,1.7773446318487145e+18
8425b25b-a8f9-4eed-b0dc-49ee4613066e,1.7773446318820575e+18
8425b25b-a8f9-4eed-b0dc-49ee4613066e,1.7773446319153994e+18
8425b25b-a8f9-4eed-b0dc-49ee4613066e,1.7773446319487424e+18
8425b25b-a8f9-4eed-b0dc-49ee4613066e,1.7773446319820844e+18
8425b25b-a8f9-4eed-b0dc-49ee4613066e,1.7773446320154273e+18
8425b25b-a8f9-4eed-b0dc-49ee4613066e,1.7773446320487706e+18
8425b25b-a8f9-4eed-b0dc-49ee4613066e,1.7773446320821125e+18
8425b25b-a8f9-4eed-b0dc-49ee4613066e,1.7773446321154555e+18
8425b25b-a8f9-4eed-b0dc-49ee4613066e,1.7773446321487985e+18
8425b25b-a8f9-4eed-b0dc-49ee4613066e,1.7773446321821404e+18
8425b25b-a8f9-4eed-b0dc-49ee4613066e,1.7773446322154834e+18
8425b25b-a8f9-4eed-b0dc-49ee4613066e,1.7773446322488264e+18
8425b25b-a8f9-4eed-b0dc-49ee4613066e,1.7773446322821683e+18
8425b25b-a8f9-4eed-b0dc-49ee4613066e,1.7773446323155116e+18
8425b25b-a8f9-4eed-b0dc-49ee4613066e,1.7773446323488545e+18
8425b25b-a8f9-4eed-b0dc-49ee4613066e,1.7773446323821965e+18
8425b25b-a8f9-4eed-b0dc-49ee4613066e,1.7773446324155395e+18
8425b25b-a8f9-4eed-b0dc-49ee4613066e,1.7773446324488824e+18
8425b25b-a8f9-4eed-b0dc-49ee4613066e,1.7773446324822244e+18
8425b25b-a8f9-4eed-b0dc-49ee4613066e,1.7773446325155674e+18
8425b25b-a8f9-4eed-b0dc-49ee4613066e,1.7773446325489103e+18
8425b25b-a8f9-4eed-b0dc-49ee4613066e,1.7773446325822525e+18
8425b25b-a8f9-4eed-b0dc-49ee4613066e,1.7773446326155955e+18
8425b25b-a8f9-4eed-b0dc-49ee4613066e,1.7773446326489385e+18
8425b25b-a8f9-4eed-b0dc-49ee4613066e,1.7773446326822804e+18
8425b25b-a8f9-4eed-b0dc-49ee4613066e,1.7773446327156234e+18
8425b25b-a8f9-4eed-b0dc-49ee4613066e,1.7773446327489664e+18
8425b25b-a8f9-4eed-b0dc-49ee4613066e,1.7773446327823084e+18
8425b25b-a8f9-4eed-b0dc-49ee4613066e,1.7773446328156513e+18
8425b25b-a8f9-4eed-b0dc-49ee4613066e,1.7773446328489946e+18
8425b25b-a8f9-4eed-b0dc-49ee4613066e,1.7773446328823365e+18
8425b25b-a8f9-4eed-b0dc-49ee4613066e,1.7773446329156795e+18
8425b25b-a8f9-4eed-b0dc-49ee4613066e,1.7773446329490225e+18
8425b25b-a8f9-4eed-b0dc-49ee4613066e,1.7773446329823644e+18
8425b25b-a8f9-4eed-b0dc-49ee4613066e,1.7773446330157074e+18
8425b25b-a8f9-4eed-b0dc-49ee4613066e,1.7773446330490504e+18
8425b25b-a8f9-4eed-b0dc-49ee4613066e,1.7773446330823926e+18
8425b25b-a8f9-4eed-b0dc-49ee4613066e,1.7773446331157356e+18
8425b25b-a8f9-4eed-b0dc-49ee4613066e,1.7773446331490785e+18
8425b25b-a8f9-4eed-b0dc-49ee4613066e,1.7773446331824205e+18
8425b25b-a8f9-4eed-b0dc-49ee4613066e,1.7773446332157635e+18
8425b25b-a8f9-4eed-b0dc-49ee4613066e,1.7773446332491064e+18
8425b25b-a8f9-4eed-b0dc-49ee4613066e,1.7773446332824484e+18
8425b25b-a8f9-4eed-b0dc-49ee4613066e,1.7773446333157914e+18
8425b25b-a8f9-4eed-b0dc-49ee4613066e,1.7773446333491343e+18
8425b25b-a8f9-4eed-b0dc-49ee4613066e,1.7773446333824765e+18
8425b25b-a8f9-4eed-b0dc-49ee4613066e,1.7773446334158195e+18
8425b25b-a8f9-4eed-b0dc-49ee4613066e,1.7773446334491625e+18
8425b25b-a8f9-4eed-b0dc-49ee4613066e,1.7773446334825044e+18
8425b25b-a8f9-4eed-b0dc-49ee4613066e,1.7773446335158474e+18
8425b25b-a8f9-4eed-b0dc-49ee4613066e,1.7773446335491904e+18
8425b25b-a8f9-4eed-b0dc-49ee4613066e,1.7773446335825324e+18
8425b25b-a8f9-4eed-b0dc-49ee4613066e,1.7773446336158753e+18
8425b25b-a8f9-4eed-b0dc-49ee4613066e,1.7773446336492186e+18
8425b25b-a8f9-4eed-b0dc-49ee4613066e,1.7773446336825605e+18
8425b25b-a8f9-4eed-b0dc-49ee4613066e,1.7773446337159035e+18
8425b25b-a8f9-4eed-b0dc-49ee4613066e,1.7773446337492465e+18
8425b25b-a8f9-4eed-b0dc-49ee4613066e,1.7773446337825884e+18
8425b25b-a8f9-4eed-b0dc-49ee4613066e,1.7773446338159314e+18
8425b25b-a8f9-4eed-b0dc-49ee4613066e,1.7773446338492733e+18
8425b25b-a8f9-4eed-b0dc-49ee4613066e,1.7773446338826163e+18
8425b25b-a8f9-4eed-b0dc-49ee4613066e,1.7773446339159596e+18
8425b25b-a8f9-4eed-b0dc-49ee4613066e,1.7773446339493015e+18
8425b25b-a8f9-4eed-b0dc-49ee4613066e,1.7773446339826445e+18
8425b25b-a8f9-4eed-b0dc-49ee4613066e,1.7773446340159875e+18
8425b25b-a8f9-4eed-b0dc-49ee4613066e,1.7773446340493294e+18
8425b25b-a8f9-4eed-b0dc-49ee4613066e,1.7773446340826724e+18
8425b25b-a8f9-4eed-b0dc-49ee4613066e,1.7773446341160154e+18
8425b25b-a8f9-4eed-b0dc-49ee4613066e,1.7773446341493576e+18
8425b25b-a8f9-4eed-b0dc-49ee4613066e,1.7773446341827005e+18
8425b25b-a8f9-4eed-b0dc-49ee4613066e,1.7773446342160435e+18
8425b25b-a8f9-4eed-b0dc-49ee4613066e,1.7773446342493855e+18
8425b25b-a8f9-4eed-b0dc-49ee4613066e,1.7773446342827284e+18
8425b25b-a8f9-4eed-b0dc-49ee4613066e,1.7773446343160714e+18
8425b25b-a8f9-4eed-b0dc-49ee4613066e,1.7773446343494134e+18
8425b25b-a8f9-4eed-b0dc-49ee4613066e,1.7773446343827564e+18
8425b25b-a8f9-4eed-b0dc-49ee4613066e,1.7773446344160993e+18
8425b25b-a8f9-4eed-b0dc-49ee4613066e,1.7773446344494415e+18
8425b25b-a8f9-4eed-b0dc-49ee4613066e,1.7773446344827845e+18
8425b25b-a8f9-4eed-b0dc-49ee4613066e,1.7773446345161275e+18
8425b25b-a8f9-4eed-b0dc-49ee4613066e,1.7773446345494694e+18
8425b25b-a8f9-4eed-b0dc-49ee4613066e,1.7773446345828124e+18
8425b25b-a8f9-4eed-b0dc-49ee4613066e,1.7773446346161554e+18
8425b25b-a8f9-4eed-b0dc-49ee4613066e,1.7773446346494973e+18
8425b25b-a8f9-4eed-b0dc-49ee4613066e,1.7773446346828406e+18
8425b25b-a8f9-4eed-b0dc-49ee4613066e,1.7773446347161836e+18
8425b25b-a8f9-4eed-b0dc-49ee4613066e,1.7773446347495255e+18
8425b25b-a8f9-4eed-b0dc-49ee4613066e,1.7773446347828685e+18
8425b25b-a8f9-4eed-b0dc-49ee4613066e,1.7773446348162115e+18
8425b25b-a8f9-4eed-b0dc-49ee4613066e,1.7773446348495534e+18
8425b25b-a8f9-4eed-b0dc-49ee4613066e,1.7773446348828964e+18
8425b25b-a8f9-4eed-b0dc-49ee4613066e,1.7773446349162394e+18
8425b25b-a8f9-4eed-b0dc-49ee4613066e,1.7773446349495816e+18
8425b25b-a8f9-4eed-b0dc-49ee4613066e,1.7773446349829245e+18
8425b25b-a8f9-4eed-b0dc-49ee4613066e,1.7773446350162675e+18
8425b25b-a8f9-4eed-b0dc-49ee4613066e,1.7773446350496095e+18
8425b25b-a8f9-4eed-b0dc-49ee4613066e,1.7773446350829524e+18
8425b25b-a8f9-4eed-b0dc-49ee4613066e,1.7773446351162954e+18
8425b25b-a8f9-4eed-b0dc-49ee4613066e,1.7773446351496374e+18
8425b25b-a8f9-4eed-b0dc-49ee4613066e,1.7773446351829804e+18
8425b25b-a8f9-4eed-b0dc-49ee4613066e,1.7773446352163233e+18
8425b25b-a8f9-4eed-b0dc-49ee4613066e,1.7773446352496655e+18
8425b25b-a8f9-4eed-b0dc-49ee4613066e,1.7773446352830085e+18
8425b25b-a8f9-4eed-b0dc-49ee4613066e,1.7773446353163505e+18
8425b25b-a8f9-4eed-b0dc-49ee4613066e,1.7773446353496934e+18
8425b25b-a8f9-4eed-b0dc-49ee4613066e,1.7773446353830364e+18
8425b25b-a8f9-4eed-b0dc-49ee4613066e,1.7773446354163784e+18
8425b25b-a8f9-4eed-b0dc-49ee4613066e,1.7773446354497213e+18
8425b25b-a8f9-4eed-b0dc-49ee4613066e,1.7773446354830643e+18
8425b25b-a8f9-4eed-b0dc-49ee4613066e,1.7773446355164065e+18
8425b25b-a8f9-4eed-b0dc-49ee4613066e,1.7773446355497495e+18
8425b25b-a8f9-4eed-b0dc-49ee4613066e,1.7773446355830925e+18
8425b25b-a8f9-4eed-b0dc-49ee4613066e,1.7773446356164344e+18
8425b25b-a8f9-4eed-b0dc-49ee4613066e,1.7773446356497774e+18
8425b25b-a8f9-4eed-b0dc-49ee4613066e,1.7773446356831204e+18
8425b25b-a8f9-4eed-b0dc-49ee4613066e,1.7773446357164623e+18
8425b25b-a8f9-4eed-b0dc-49ee4613066e,1.7773446357498056e+18
8425b25b-a8f9-4eed-b0dc-49ee4613066e,1.7773446357831485e+18
8425b25b-a8f9-4eed-b0dc-49ee4613066e,1.7773446358164905e+18
8425b25b-a8f9-4eed-b0dc-49ee4613066e,1.7773446358498335e+18
8425b25b-a8f9-4eed-b0dc-49ee4613066e,1.7773446358831764e+18
8425b25b-a8f9-4eed-b0dc-49ee4613066e,1.7773446359165184e+18
8425b25b-a8f9-4eed-b0dc-49ee4613066e,1.7773446359498614e+18
8425b25b-a8f9-4eed-b0dc-49ee4613066e,1.7773446359832044e+18
8425b25b-a8f9-4eed-b0dc-49ee4613066e,1.7773446360165466e+18
8425b25b-a8f9-4eed-b0dc-49ee4613066e,1.7773446360498895e+18
8425b25b-a8f9-4eed-b0dc-49ee4613066e,1.7773446360832325e+18
8425b25b-a8f9-4eed-b0dc-49ee4613066e,1.7773446361165745e+18
8425b25b-a8f9-4eed-b0dc-49ee4613066e,1.7773446361499174e+18
8425b25b-a8f9-4eed-b0dc-49ee4613066e,1.7773446361832604e+18
8425b25b-a8f9-4eed-b0dc-49ee4613066e,1.7773446362166024e+18
8425b25b-a8f9-4eed-b0dc-49ee4613066e,1.7773446362499453e+18
8425b25b-a8f9-4eed-b0dc-49ee4613066e,1.7773446362832886e+18
8425b25b-a8f9-4eed-b0dc-49ee4613066e,1.7773446363166305e+18
8425b25b-a8f9-4eed-b0dc-49ee4613066e,1.7773446363499735e+18
8425b25b-a8f9-4eed-b0dc-49ee4613066e,1.7773446363833165e+18
8425b25b-a8f9-4eed-b0dc-49ee4613066e,1.7773446364166584e+18
8425b25b-a8f9-4eed-b0dc-49ee4613066e,1.7773446364500014e+18
8425b25b-a8f9-4eed-b0dc-49ee4613066e,1.7773446364833444e+18
8425b25b-a8f9-4eed-b0dc-49ee4613066e,1.7773446365166863e+18
8425b25b-a8f9-4eed-b0dc-49ee4613066e,1.7773446365500296e+18
8425b25b-a8f9-4eed-b0dc-49ee4613066e,1.7773446365833725e+18
8425b25b-a8f9-4eed-b0dc-49ee4613066e,1.7773446366167145e+18
8425b25b-a8f9-4eed-b0dc-49ee4613066e,1.7773446366500575e+18
8425b25b-a8f9-4eed-b0dc-49ee4613066e,1.7773446366834004e+18
8425b25b-a8f9-4eed-b0dc-49ee4613066e,1.7773446367167424e+18
8425b25b-a8f9-4eed-b0dc-49ee4613066e,1.7773446367500854e+18
8425b25b-a8f9-4eed-b0dc-49ee4613066e,1.7773446367834284e+18
8425b25b-a8f9-4eed-b0dc-49ee4613066e,1.7773446368167706e+18
8425b25b-a8f9-4eed-b0dc-49ee4613066e,1.7773446368501135e+18
8425b25b-a8f9-4eed-b0dc-49ee4613066e,1.7773446368834565e+18
8425b25b-a8f9-4eed-b0dc-49ee4613066e,1.7773446369167985e+18
8425b25b-a8f9-4eed-b0dc-49ee4613066e,1.7773446369501414e+18
8425b25b-a8f9-4eed-b0dc-49ee4613066e,1.7773446369834834e+18
8425b25b-a8f9-4eed-b0dc-49ee4613066e,1.7773446370168264e+18
8425b25b-a8f9-4eed-b0dc-49ee4613066e,1.7773446370501693e+18
8425b25b-a8f9-4eed-b0dc-49ee4613066e,1.7773446370835116e+18
8425b25b-a8f9-4eed-b0dc-49ee4613066e,1.7773446371168545e+18
8425b25b-a8f9-4eed-b0dc-49ee4613066e,1.7773446371501975e+18
8425b25b-a8f9-4eed-b0dc-49ee4613066e,1.7773446371835395e+18
8425b25b-a8f9-4eed-b0dc-49ee4613066e,1.7773446372168824e+18
8425b25b-a8f9-4eed-b0dc-49ee4613066e,1.7773446372502254e+18
8425b25b-a8f9-4eed-b0dc-49ee4613066e,1.7773446372835674e+18
8425b25b-a8f9-4eed-b0dc-49ee4613066e,1.7773446373169103e+18
8425b25b-a8f9-4eed-b0dc-49ee4613066e,1.7773446373502536e+18
8425b25b-a8f9-4eed-b0dc-49ee4613066e,1.7773446373835955e+18
8425b25b-a8f9-4eed-b0dc-49ee4613066e,1.7773446374169385e+18
8425b25b-a8f9-4eed-b0dc-49ee4613066e,1.7773446374502815e+18
8425b25b-a8f9-4eed-b0dc-49ee4613066e,1.7773446374836234e+18
8425b25b-a8f9-4eed-b0dc-49ee4613066e,1.7773446375169664e+18
8425b25b-a8f9-4eed-b0dc-49ee4613066e,1.7773446375503094e+18
8425b25b-a8f9-4eed-b0dc-49ee4613066e,1.7773446375836513e+18
8425b25b-a8f9-4eed-b0dc-49ee4613066e,1.7773446376169946e+18
8425b25b-a8f9-4eed-b0dc-49ee4613066e,1.7773446376503375e+18
8425b25b-a8f9-4eed-b0dc-49ee4613066e,1.7773446376836795e+18
8425b25b-a8f9-4eed-b0dc-49ee4613066e,1.7773446377170225e+18
8425b25b-a8f9-4eed-b0dc-49ee4613066e,1.7773446377503654e+18
8425b25b-a8f9-4eed-b0dc-49ee4613066e,1.7773446377837074e+18
8425b25b-a8f9-4eed-b0dc-49ee4613066e,1.7773446378170504e+18
8425b25b-a8f9-4eed-b0dc-49ee4613066e,1.7773446378503933e+18
8425b25b-a8f9-4eed-b0dc-49ee4613066e,1.7773446378837356e+18
8425b25b-a8f9-4eed-b0dc-49ee4613066e,1.7773446379170785e+18
8425b25b-a8f9-4eed-b0dc-49ee4613066e,1.7773446379504215e+18
8425b25b-a8f9-4eed-b0dc-49ee4613066e,1.7773446379837635e+18
8425b25b-a8f9-4eed-b0dc-49ee4613066e,1.7773446380171064e+18
8425b25b-a8f9-4eed-b0dc-49ee4613066e,1.7773446380504494e+18
8425b25b-a8f9-4eed-b0dc-49ee4613066e,1.7773446380837914e+18
8425b25b-a8f9-4eed-b0dc-49ee4613066e,1.7773446381171343e+18
8425b25b-a8f9-4eed-b0dc-49ee4613066e,1.7773446381504776e+18
8425b25b-a8f9-4eed-b0dc-49ee4613066e,1.7773446381838195e+18
8425b25b-a8f9-4eed-b0dc-49ee4613066e,1.7773446382171625e+18
8425b25b-a8f9-4eed-b0dc-49ee4613066e,1.7773446382505055e+18
8425b25b-a8f9-4eed-b0dc-49ee4613066e,1.7773446382838474e+18
8425b25b-a8f9-4eed-b0dc-49ee4613066e,1.7773446383171904e+18
8425b25b-a8f9-4eed-b0dc-49ee4613066e,1.7773446383505334e+18
8425b25b-a8f9-4eed-b0dc-49ee4613066e,1.7773446383838753e+18
8425b25b-a8f9-4eed-b0dc-49ee4613066e,1.7773446384172186e+18
8425b25b-a8f9-4eed-b0dc-49ee4613066e,1.7773446384505615e+18
8425b25b-a8f9-4eed-b0dc-49ee4613066e,1.7773446384839035e+18
8425b25b-a8f9-4eed-b0dc-49ee4613066e,1.7773446385172465e+18
8425b25b-a8f9-4eed-b0dc-49ee4613066e,1.7773446385505894e+18
8425b25b-a8f9-4eed-b0dc-49ee4613066e,1.7773446385839314e+18
8425b25b-a8f9-4eed-b0dc-49ee4613066e,1.7773446386172744e+18
8425b25b-a8f9-4eed-b0dc-49ee4613066e,1.7773446386506163e+18
8425b25b-a8f9-4eed-b0dc-49ee4613066e,1.7773446386839596e+18
8425b25b-a8f9-4eed-b0dc-49ee4613066e,1.7773446387173025e+18
8425b25b-a8f9-4eed-b0dc-49ee4613066e,1.7773446387506445e+18
8425b25b-a8f9-4eed-b0dc-49ee4613066e,1.7773446387839875e+18
8425b25b-a8f9-4eed-b0dc-49ee4613066e,1.7773446388173304e+18
8425b25b-a8f9-4eed-b0dc-49ee4613066e,1.7773446388506724e+18
8425b25b-a8f9-4eed-b0dc-49ee4613066e,1.7773446388840154e+18
8425b25b-a8f9-4eed-b0dc-49ee4613066e,1.7773446389173583e+18
8425b25b-a8f9-4eed-b0dc-49ee4613066e,1.7773446389507005e+18
8425b25b-a8f9-4eed-b0dc-49ee4613066e,1.7773446389840435e+18
8425b25b-a8f9-4eed-b0dc-49ee4613066e,1.7773446390173865e+18
8425b25b-a8f9-4eed-b0dc-49ee4613066e,1.7773446390507284e+18
8425b25b-a8f9-4eed-b0dc-49ee4613066e,1.7773446390840714e+18
8425b25b-a8f9-4eed-b0dc-49ee4613066e,1.7773446391174144e+18
8425b25b-a8f9-4eed-b0dc-49ee4613066e,1.7773446391507564e+18
8425b25b-a8f9-4eed-b0dc-49ee4613066e,1.7773446391840993e+18
8425b25b-a8f9-4eed-b0dc-49ee4613066e,1.7773446392174426e+18
8425b25b-a8f9-4eed-b0dc-49ee4613066e,1.7773446392507845e+18
8425b25b-a8f9-4eed-b0dc-49ee4613066e,1.7773446392841275e+18
8425b25b-a8f9-4eed-b0dc-49ee4613066e,1.7773446393174705e+18
8425b25b-a8f9-4eed-b0dc-49ee4613066e,1.7773446393508124e+18
8425b25b-a8f9-4eed-b0dc-49ee4613066e,1.7773446393841554e+18
8425b25b-a8f9-4eed-b0dc-49ee4613066e,1.7773446394174984e+18
8425b25b-a8f9-4eed-b0dc-49ee4613066e,1.7773446394508406e+18
8425b25b-a8f9-4eed-b0dc-49ee4613066e,1.7773446394841836e+18
8425b25b-a8f9-4eed-b0dc-49ee4613066e,1.7773446395175265e+18
8425b25b-a8f9-4eed-b0dc-49ee4613066e,1.7773446395508685e+18
8425b25b-a8f9-4eed-b0dc-49ee4613066e,1.7773446395842115e+18
8425b25b-a8f9-4eed-b0dc-49ee4613066e,1.7773446396175544e+18
8425b25b-a8f9-4eed-b0dc-49ee4613066e,1.7773446396508964e+18
8425b25b-a8f9-4eed-b0dc-49ee4613066e,1.7773446396842394e+18
8425b25b-a8f9-4eed-b0dc-49ee4613066e,1.7773446397175823e+18
8425b25b-a8f9-4eed-b0dc-49ee4613066e,1.7773446397509245e+18
8425b25b-a8f9-4eed-b0dc-49ee4613066e,1.7773446397842675e+18
8425b25b-a8f9-4eed-b0dc-49ee4613066e,1.7773446398176105e+18
8425b25b-a8f9-4eed-b0dc-49ee4613066e,1.7773446398509524e+18
8425b25b-a8f9-4eed-b0dc-49ee4613066e,1.7773446398842954e+18
8425b25b-a8f9-4eed-b0dc-49ee4613066e,1.7773446399176384e+18
8425b25b-a8f9-4eed-b0dc-49ee4613066e,1.7773446399509804e+18
8425b25b-a8f9-4eed-b0dc-49ee4613066e,1.7773446399843233e+18
8425b25b-a8f9-4eed-b0dc-49ee4613066e,1.7773446400176666e+18
8425b25b-a8f9-4eed-b0dc-49ee4613066e,1.7773446400510085e+18
8425b25b-a8f9-4eed-b0dc-49ee4613066e,1.7773446400843515e+18
8425b25b-a8f9-4eed-b0dc-49ee4613066e,1.7773446401176934e+18
8425b25b-a8f9-4eed-b0dc-49ee4613066e,1.7773446401510364e+18
8425b25b-a8f9-4eed-b0dc-49ee4613066e,1.7773446401843794e+18
8425b25b-a8f9-4eed-b0dc-49ee4613066e,1.7773446402177213e+18
8425b25b-a8f9-4eed-b0dc-49ee4613066e,1.7773446402510643e+18
8425b25b-a8f9-4eed-b0dc-49ee4613066e,1.7773446402844076e+18
8425b25b-a8f9-4eed-b0dc-49ee4613066e,1.7773446403177495e+18
8425b25b-a8f9-4eed-b0dc-49ee4613066e,1.7773446403510925e+18
8425b25b-a8f9-4eed-b0dc-49ee4613066e,1.7773446403844355e+18
8425b25b-a8f9-4eed-b0dc-49ee4613066e,1.7773446404177774e+18
8425b25b-a8f9-4eed-b0dc-49ee4613066e,1.7773446404511204e+18
8425b25b-a8f9-4eed-b0dc-49ee4613066e,1.7773446404844634e+18
8425b25b-a8f9-4eed-b0dc-49ee4613066e,1.7773446405178056e+18
8425b25b-a8f9-4eed-b0dc-49ee4613066e,1.7773446405511485e+18
8425b25b-a8f9-4eed-b0dc-49ee4613066e,1.7773446405844915e+18
8425b25b-a8f9-4eed-b0dc-49ee4613066e,1.7773446406178335e+18
8425b25b-a8f9-4eed-b0dc-49ee4613066e,1.7773446406511764e+18
8425b25b-a8f9-4eed-b0dc-49ee4613066e,1.7773446406845194e+18
8425b25b-a8f9-4eed-b0dc-49ee4613066e,1.7773446407178614e+18
8425b25b-a8f9-4eed-b0dc-49ee4613066e,1.7773446407512044e+18
8425b25b-a8f9-4eed-b0dc-49ee4613066e,1.7773446407845473e+18
8425b25b-a8f9-4eed-b0dc-49ee4613066e,1.7773446408178895e+18
8425b25b-a8f9-4eed-b0dc-49ee4613066e,1.7773446408512325e+18
8425b25b-a8f9-4eed-b0dc-49ee4613066e,1.7773446408845755e+18
8425b25b-a8f9-4eed-b0dc-49ee4613066e,1.7773446409179174e+18
8425b25b-a8f9-4eed-b0dc-49ee4613066e,1.7773446409512604e+18
8425b25b-a8f9-4eed-b0dc-49ee4613066e,1.7773446409846034e+18
8425b25b-a8f9-4eed-b0dc-49ee4613066e,1.7773446410179453e+18
8425b25b-a8f9-4eed-b0dc-49ee4613066e,1.7773446410512886e+18
8425b25b-a8f9-4eed-b0dc-49ee4613066e,1.7773446410846316e+18
8425b25b-a8f9-4eed-b0dc-49ee4613066e,1.7773446411179735e+18
8425b25b-a8f9-4eed-b0dc-49ee4613066e,1.7773446411513165e+18
8425b25b-a8f9-4eed-b0dc-49ee4613066e,1.7773446411846595e+18
8425b25b-a8f9-4eed-b0dc-49ee4613066e,1.7773446412180014e+18
8425b25b-a8f9-4eed-b0dc-49ee4613066e,1.7773446412513444e+18
8425b25b-a8f9-4eed-b0dc-49ee4613066e,1.7773446412846874e+18
8425b25b-a8f9-4eed-b0dc-49ee4613066e,1.7773446413180296e+18
8425b25b-a8f9-4eed-b0dc-49ee4613066e,1.7773446413513725e+18
8425b25b-a8f9-4eed-b0dc-49ee4613066e,1.7773446413847155e+18
8425b25b-a8f9-4eed-b0dc-49ee4613066e,1.7773446414180575e+18
8425b25b-a8f9-4eed-b0dc-49ee4613066e,1.7773446414514004e+18
8425b25b-a8f9-4eed-b0dc-49ee4613066e,1.7773446414847434e+18
8425b25b-a8f9-4eed-b0dc-49ee4613066e,1.7773446415180854e+18
8425b25b-a8f9-4eed-b0dc-49ee4613066e,1.7773446415514284e+18
8425b25b-a8f9-4eed-b0dc-49ee4613066e,1.7773446415847713e+18
8425b25b-a8f9-4eed-b0dc-49ee4613066e,1.7773446416181135e+18
8425b25b-a8f9-4eed-b0dc-49ee4613066e,1.7773446416514565e+18
8425b25b-a8f9-4eed-b0dc-49ee4613066e,1.7773446416847995e+18
8425b25b-a8f9-4eed-b0dc-49ee4613066e,1.7773446417181414e+18
8425b25b-a8f9-4eed-b0dc-49ee4613066e,1.7773446417514844e+18
8425b25b-a8f9-4eed-b0dc-49ee4613066e,1.7773446417848274e+18
8425b25b-a8f9-4eed-b0dc-49ee4613066e,1.7773446418181693e+18
8425b25b-a8f9-4eed-b0dc-49ee4613066e,1.7773446418515123e+18
8425b25b-a8f9-4eed-b0dc-49ee4613066e,1.7773446418848556e+18
8425b25b-a8f9-4eed-b0dc-49ee4613066e,1.7773446419181975e+18
8425b25b-a8f9-4eed-b0dc-49ee4613066e,1.7773446419515405e+18
8425b25b-a8f9-4eed-b0dc-49ee4613066e,1.7773446419848824e+18
8425b25b-a8f9-4eed-b0dc-49ee4613066e,1.7773446420182254e+18
8425b25b-a8f9-4eed-b0dc-49ee4613066e,1.7773446420515684e+18
8425b25b-a8f9-4eed-b0dc-49ee4613066e,1.7773446420849103e+18
8425b25b-a8f9-4eed-b0dc-49ee4613066e,1.7773446421182536e+18
8425b25b-a8f9-4eed-b0dc-49ee4613066e,1.7773446421515965e+18
8425b25b-a8f9-4eed-b0dc-49ee4613066e,1.7773446421849385e+18
8425b25b-a8f9-4eed-b0dc-49ee4613066e,1.7773446422182815e+18
8425b25b-a8f9-4eed-b0dc-49ee4613066e,1.7773446422516244e+18
8425b25b-a8f9-4eed-b0dc-49ee4613066e,1.7773446422849664e+18
8425b25b-a8f9-4eed-b0dc-49ee4613066e,1.7773446423183094e+18
8425b25b-a8f9-4eed-b0dc-49ee4613066e,1.7773446423516524e+18
8425b25b-a8f9-4eed-b0dc-49ee4613066e,1.7773446423849946e+18
8425b25b-a8f9-4eed-b0dc-49ee4613066e,1.7773446424183375e+18
8425b25b-a8f9-4eed-b0dc-49ee4613066e,1.7773446424516805e+18
8425b25b-a8f9-4eed-b0dc-49ee4613066e,1.7773446424850225e+18
8425b25b-a8f9-4eed-b0dc-49ee4613066e,1.7773446425183654e+18
8425b25b-a8f9-4eed-b0dc-49ee4613066e,1.7773446425517084e+18
8425b25b-a8f9-4eed-b0dc-49ee4613066e,1.7773446425850504e+18
8425b25b-a8f9-4eed-b0dc-49ee4613066e,1.7773446426183933e+18
8425b25b-a8f9-4eed-b0dc-49ee4613066e,1.7773446426517366e+18
8425b25b-a8f9-4eed-b0dc-49ee4613066e,1.7773446426850785e+18
8425b25b-a8f9-4eed-b0dc-49ee4613066e,1.7773446427184215e+18
8425b25b-a8f9-4eed-b0dc-49ee4613066e,1.7773446427517645e+18
8425b25b-a8f9-4eed-b0dc-49ee4613066e,1.7773446427851064e+18
8425b25b-a8f9-4eed-b0dc-49ee4613066e,1.7773446428184494e+18
8425b25b-a8f9-4eed-b0dc-49ee4613066e,1.7773446428517924e+18
8425b25b-a8f9-4eed-b0dc-49ee4613066e,1.7773446428851343e+18
8425b25b-a8f9-4eed-b0dc-49ee4613066e,1.7773446429184776e+18
8425b25b-a8f9-4eed-b0dc-49ee4613066e,1.7773446429518205e+18
8425b25b-a8f9-4eed-b0dc-49ee4613066e,1.7773446429851625e+18
8425b25b-a8f9-4eed-b0dc-49ee4613066e,1.7773446430185055e+18
8425b25b-a8f9-4eed-b0dc-49ee4613066e,1.7773446430518484e+18
8425b25b-a8f9-4eed-b0dc-49ee4613066e,1.7773446430851904e+18
8425b25b-a8f9-4eed-b0dc-49ee4613066e,1.7773446431185334e+18
8425b25b-a8f9-4eed-b0dc-49ee4613066e,1.7773446431518764e+18
8425b25b-a8f9-4eed-b0dc-49ee4613066e,1.7773446431852186e+18
8425b25b-a8f9-4eed-b0dc-49ee4613066e,1.7773446432185615e+18
8425b25b-a8f9-4eed-b0dc-49ee4613066e,1.7773446432519045e+18
8425b25b-a8f9-4eed-b0dc-49ee4613066e,1.7773446432852465e+18
8425b25b-a8f9-4eed-b0dc-49ee4613066e,1.7773446433185894e+18
8425b25b-a8f9-4eed-b0dc-49ee4613066e,1.7773446433519324e+18
8425b25b-a8f9-4eed-b0dc-49ee4613066e,1.7773446433852744e+18
8425b25b-a8f9-4eed-b0dc-49ee4613066e,1.7773446434186173e+18
8425b25b-a8f9-4eed-b0dc-49ee4613066e,1.7773446434519596e+18
8425b25b-a8f9-4eed-b0dc-49ee4613066e,1.7773446434853025e+18
8425b25b-a8f9-4eed-b0dc-49ee4613066e,1.7773446435186455e+18
8425b25b-a8f9-4eed-b0dc-49ee4613066e,1.7773446435519875e+18
8425b25b-a8f9-4eed-b0dc-49ee4613066e,1.7773446435853304e+18
8425b25b-a8f9-4eed-b0dc-49ee4613066e,1.7773446436186734e+18
8425b25b-a8f9-4eed-b0dc-49ee4613066e,1.7773446436520154e+18
8425b25b-a8f9-4eed-b0dc-49ee4613066e,1.7773446436853583e+18
8425b25b-a8f9-4eed-b0dc-49ee4613066e,1.7773446437187016e+18
8425b25b-a8f9-4eed-b0dc-49ee4613066e,1.7773446437520435e+18
8425b25b-a8f9-4eed-b0dc-49ee4613066e,1.7773446437853865e+18
8425b25b-a8f9-4eed-b0dc-49ee4613066e,1.7773446438187295e+18
8425b25b-a8f9-4eed-b0dc-49ee4613066e,1.7773446438520714e+18
8425b25b-a8f9-4eed-b0dc-49ee4613066e,1.7773446438854144e+18
8425b25b-a8f9-4eed-b0dc-49ee4613066e,1.7773446439187574e+18
8425b25b-a8f9-4eed-b0dc-49ee4613066e,1.7773446439520993e+18
8425b25b-a8f9-4eed-b0dc-49ee4613066e,1.7773446439854426e+18
8425b25b-a8f9-4eed-b0dc-49ee4613066e,1.7773446440187855e+18
8425b25b-a8f9-4eed-b0dc-49ee4613066e,1.7773446440521275e+18
8425b25b-a8f9-4eed-b0dc-49ee4613066e,1.7773446440854705e+18
8425b25b-a8f9-4eed-b0dc-49ee4613066e,1.7773446441188134e+18
8425b25b-a8f9-4eed-b0dc-49ee4613066e,1.7773446441521554e+18
8425b25b-a8f9-4eed-b0dc-49ee4613066e,1.7773446441854984e+18
8425b25b-a8f9-4eed-b0dc-49ee4613066e,1.7773446442188413e+18
8425b25b-a8f9-4eed-b0dc-49ee4613066e,1.7773446442521836e+18
8425b25b-a8f9-4eed-b0dc-49ee4613066e,1.7773446442855265e+18
8425b25b-a8f9-4eed-b0dc-49ee4613066e,1.7773446443188695e+18
8425b25b-a8f9-4eed-b0dc-49ee4613066e,1.7773446443522115e+18
8425b25b-a8f9-4eed-b0dc-49ee4613066e,1.7773446443855544e+18
8425b25b-a8f9-4eed-b0dc-49ee4613066e,1.7773446444188974e+18
8425b25b-a8f9-4eed-b0dc-49ee4613066e,1.7773446444522394e+18
8425b25b-a8f9-4eed-b0dc-49ee4613066e,1.7773446444855823e+18
8425b25b-a8f9-4eed-b0dc-49ee4613066e,1.7773446445189256e+18
8425b25b-a8f9-4eed-b0dc-49ee4613066e,1.7773446445522675e+18
8425b25b-a8f9-4eed-b0dc-49ee4613066e,1.7773446445856105e+18
8425b25b-a8f9-4eed-b0dc-49ee4613066e,1.7773446446189535e+18
8425b25b-a8f9-4eed-b0dc-49ee4613066e,1.7773446446522954e+18
8425b25b-a8f9-4eed-b0dc-49ee4613066e,1.7773446446856384e+18
8425b25b-a8f9-4eed-b0dc-49ee4613066e,1.7773446447189814e+18
8425b25b-a8f9-4eed-b0dc-49ee4613066e,1.7773446447523233e+18
8425b25b-a8f9-4eed-b0dc-49ee4613066e,1.7773446447856666e+18
8425b25b-a8f9-4eed-b0dc-49ee4613066e,1.7773446448190095e+18
8425b25b-a8f9-4eed-b0dc-49ee4613066e,1.7773446448523515e+18
8425b25b-a8f9-4eed-b0dc-49ee4613066e,1.7773446448856945e+18
8425b25b-a8f9-4eed-b0dc-49ee4613066e,1.7773446449190374e+18
8425b25b-a8f9-4eed-b0dc-49ee4613066e,1.7773446449523794e+18
8425b25b-a8f9-4eed-b0dc-49ee4613066e,1.7773446449857224e+18
8425b25b-a8f9-4eed-b0dc-49ee4613066e,1.7773446450190653e+18
8425b25b-a8f9-4eed-b0dc-49ee4613066e,1.7773446450524076e+18
8425b25b-a8f9-4eed-b0dc-49ee4613066e,1.7773446450857505e+18
8425b25b-a8f9-4eed-b0dc-49ee4613066e,1.7773446451190935e+18
8425b25b-a8f9-4eed-b0dc-49ee4613066e,1.7773446451524355e+18
8425b25b-a8f9-4eed-b0dc-49ee4613066e,1.7773446451857784e+18
8425b25b-a8f9-4eed-b0dc-49ee4613066e,1.7773446452191214e+18
8425b25b-a8f9-4eed-b0dc-49ee4613066e,1.7773446452524634e+18
8425b25b-a8f9-4eed-b0dc-49ee4613066e,1.7773446452858063e+18
8425b25b-a8f9-4eed-b0dc-49ee4613066e,1.7773446453191485e+18
8425b25b-a8f9-4eed-b0dc-49ee4613066e,1.7773446453524915e+18
8425b25b-a8f9-4eed-b0dc-49ee4613066e,1.7773446453858345e+18
8425b25b-a8f9-4eed-b0dc-49ee4613066e,1.7773446454191764e+18
8425b25b-a8f9-4eed-b0dc-49ee4613066e,1.7773446454525194e+18
8425b25b-a8f9-4eed-b0dc-49ee4613066e,1.7773446454858624e+18
8425b25b-a8f9-4eed-b0dc-49ee4613066e,1.7773446455192044e+18
8425b25b-a8f9-4eed-b0dc-49ee4613066e,1.7773446455525473e+18
8425b25b-a8f9-4eed-b0dc-49ee4613066e,1.7773446455858906e+18
8425b25b-a8f9-4eed-b0dc-49ee4613066e,1.7773446456192325e+18
8425b25b-a8f9-4eed-b0dc-49ee4613066e,1.7773446456525755e+18
8425b25b-a8f9-4eed-b0dc-49ee4613066e,1.7773446456859185e+18
8425b25b-a8f9-4eed-b0dc-49ee4613066e,1.7773446457192604e+18
8425b25b-a8f9-4eed-b0dc-49ee4613066e,1.7773446457526034e+18
8425b25b-a8f9-4eed-b0dc-49ee4613066e,1.7773446457859464e+18
8425b25b-a8f9-4eed-b0dc-49ee4613066e,1.7773446458192886e+18
8425b25b-a8f9-4eed-b0dc-49ee4613066e,1.7773446458526316e+18
8425b25b-a8f9-4eed-b0dc-49ee4613066e,1.7773446458859745e+18
8425b25b-a8f9-4eed-b0dc-49ee4613066e,1.7773446459193165e+18
8425b25b-a8f9-4eed-b0dc-49ee4613066e,1.7773446459526595e+18
8425b25b-a8f9-4eed-b0dc-49ee4613066e,1.7773446459860024e+18
8425b25b-a8f9-4eed-b0dc-49ee4613066e,1.7773446460193444e+18
8425b25b-a8f9-4eed-b0dc-49ee4613066e,1.7773446460526874e+18
8425b25b-a8f9-4eed-b0dc-49ee4613066e,1.7773446460860303e+18
8425b25b-a8f9-4eed-b0dc-49ee4613066e,1.7773446461193725e+18
8425b25b-a8f9-4eed-b0dc-49ee4613066e,1.7773446461527155e+18
8425b25b-a8f9-4eed-b0dc-49ee4613066e,1.7773446461860585e+18
8425b25b-a8f9-4eed-b0dc-49ee4613066e,1.7773446462194004e+18
8425b25b-a8f9-4eed-b0dc-49ee4613066e,1.7773446462527434e+18
8425b25b-a8f9-4eed-b0dc-49ee4613066e,1.7773446462860864e+18
8425b25b-a8f9-4eed-b0dc-49ee4613066e,1.7773446463194284e+18
8425b25b-a8f9-4eed-b0dc-49ee4613066e,1.7773446463527713e+18
8425b25b-a8f9-4eed-b0dc-49ee4613066e,1.7773446463861146e+18
8425b25b-a8f9-4eed-b0dc-49ee4613066e,1.7773446464194565e+18
8425b25b-a8f9-4eed-b0dc-49ee4613066e,1.7773446464527995e+18
8425b25b-a8f9-4eed-b0dc-49ee4613066e,1.7773446464861425e+18
8425b25b-a8f9-4eed-b0dc-49ee4613066e,1.7773446465194844e+18
8425b25b-a8f9-4eed-b0dc-49ee4613066e,1.7773446465528274e+18
8425b25b-a8f9-4eed-b0dc-49ee4613066e,1.7773446465861704e+18
8425b25b-a8f9-4eed-b0dc-49ee4613066e,1.7773446466195123e+18
8425b25b-a8f9-4eed-b0dc-49ee4613066e,1.7773446466528556e+18
8425b25b-a8f9-4eed-b0dc-49ee4613066e,1.7773446466861985e+18
8425b25b-a8f9-4eed-b0dc-49ee4613066e,1.7773446467195405e+18
8425b25b-a8f9-4eed-b0dc-49ee4613066e,1.7773446467528835e+18
8425b25b-a8f9-4eed-b0dc-49ee4613066e,1.7773446467862254e+18
8425b25b-a8f9-4eed-b0dc-49ee4613066e,1.7773446468195684e+18
8425b25b-a8f9-4eed-b0dc-49ee4613066e,1.7773446468529114e+18
8425b25b-a8f9-4eed-b0dc-49ee4613066e,1.7773446468862536e+18
8425b25b-a8f9-4eed-b0dc-49ee4613066e,1.7773446469195965e+18
8425b25b-a8f9-4eed-b0dc-49ee4613066e,1.7773446469529395e+18
8425b25b-a8f9-4eed-b0dc-49ee4613066e,1.7773446469862815e+18
8425b25b-a8f9-4eed-b0dc-49ee4613066e,1.7773446470196244e+18
8425b25b-a8f9-4eed-b0dc-49ee4613066e,1.7773446470529674e+18
8425b25b-a8f9-4eed-b0dc-49ee4613066e,1.7773446470863094e+18
8425b25b-a8f9-4eed-b0dc-49ee4613066e,1.7773446471196524e+18
8425b25b-a8f9-4eed-b0dc-49ee4613066e,1.7773446471529953e+18
8425b25b-a8f9-4eed-b0dc-49ee4613066e,1.7773446471863375e+18
8425b25b-a8f9-4eed-b0dc-49ee4613066e,1.7773446472196805e+18
8425b25b-a8f9-4eed-b0dc-49ee4613066e,1.7773446472530235e+18
8425b25b-a8f9-4eed-b0dc-49ee4613066e,1.7773446472863654e+18
8425b25b-a8f9-4eed-b0dc-49ee4613066e,1.7773446473197084e+18
8425b25b-a8f9-4eed-b0dc-49ee4613066e,1.7773446473530514e+18
8425b25b-a8f9-4eed-b0dc-49ee4613066e,1.7773446473863933e+18
8425b25b-a8f9-4eed-b0dc-49ee4613066e,1.7773446474197366e+18
8425b25b-a8f9-4eed-b0dc-49ee4613066e,1.7773446474530796e+18
8425b25b-a8f9-4eed-b0dc-49ee4613066e,1.7773446474864215e+18
8425b25b-a8f9-4eed-b0dc-49ee4613066e,1.7773446475197645e+18
8425b25b-a8f9-4eed-b0dc-49ee4613066e,1.7773446475531075e+18
8425b25b-a8f9-4eed-b0dc-49ee4613066e,1.7773446475864494e+18
8425b25b-a8f9-4eed-b0dc-49ee4613066e,1.7773446476197924e+18
8425b25b-a8f9-4eed-b0dc-49ee4613066e,1.7773446476531354e+18
8425b25b-a8f9-4eed-b0dc-49ee4613066e,1.7773446476864776e+18
8425b25b-a8f9-4eed-b0dc-49ee4613066e,1.7773446477198205e+18
8425b25b-a8f9-4eed-b0dc-49ee4613066e,1.7773446477531635e+18
8425b25b-a8f9-4eed-b0dc-49ee4613066e,1.7773446477865055e+18
8425b25b-a8f9-4eed-b0dc-49ee4613066e,1.7773446478198484e+18
8425b25b-a8f9-4eed-b0dc-49ee4613066e,1.7773446478531914e+18
8425b25b-a8f9-4eed-b0dc-49ee4613066e,1.7773446478865334e+18
8425b25b-a8f9-4eed-b0dc-49ee4613066e,1.7773446479198764e+18
8425b25b-a8f9-4eed-b0dc-49ee4613066e,1.7773446479532193e+18
8425b25b-a8f9-4eed-b0dc-49ee4613066e,1.7773446479865615e+18
8425b25b-a8f9-4eed-b0dc-49ee4613066e,1.7773446480199045e+18
8425b25b-a8f9-4eed-b0dc-49ee4613066e,1.7773446480532475e+18
8425b25b-a8f9-4eed-b0dc-49ee4613066e,1.7773446480865894e+18
8425b25b-a8f9-4eed-b0dc-49ee4613066e,1.7773446481199324e+18
8425b25b-a8f9-4eed-b0dc-49ee4613066e,1.7773446481532754e+18
8425b25b-a8f9-4eed-b0dc-49ee4613066e,1.7773446481866173e+18
8425b25b-a8f9-4eed-b0dc-49ee4613066e,1.7773446482199603e+18
8425b25b-a8f9-4eed-b0dc-49ee4613066e,1.7773446482533036e+18
8425b25b-a8f9-4eed-b0dc-49ee4613066e,1.7773446482866455e+18
8425b25b-a8f9-4eed-b0dc-49ee4613066e,1.7773446483199885e+18
8425b25b-a8f9-4eed-b0dc-49ee4613066e,1.7773446483533315e+18
8425b25b-a8f9-4eed-b0dc-49ee4613066e,1.7773446483866734e+18
8425b25b-a8f9-4eed-b0dc-49ee4613066e,1.7773446484200164e+18
8425b25b-a8f9-4eed-b0dc-49ee4613066e,1.7773446484533594e+18
8425b25b-a8f9-4eed-b0dc-49ee4613066e,1.7773446484867016e+18
8425b25b-a8f9-4eed-b0dc-49ee4613066e,1.7773446485200445e+18
8425b25b-a8f9-4eed-b0dc-49ee4613066e,1.7773446485533865e+18
8425b25b-a8f9-4eed-b0dc-49ee4613066e,1.7773446485867295e+18
8425b25b-a8f9-4eed-b0dc-49ee4613066e,1.7773446486200724e+18
8425b25b-a8f9-4eed-b0dc-49ee4613066e,1.7773446486534144e+18
8425b25b-a8f9-4eed-b0dc-49ee4613066e,1.7773446486867574e+18
8425b25b-a8f9-4eed-b0dc-49ee4613066e,1.7773446487201004e+18
8425b25b-a8f9-4eed-b0dc-49ee4613066e,1.7773446487534426e+18
8425b25b-a8f9-4eed-b0dc-49ee4613066e,1.7773446487867855e+18
8425b25b-a8f9-4eed-b0dc-49ee4613066e,1.7773446488201285e+18
8425b25b-a8f9-4eed-b0dc-49ee4613066e,1.7773446488534705e+18
8425b25b-a8f9-4eed-b0dc-49ee4613066e,1.7773446488868134e+18
8425b25b-a8f9-4eed-b0dc-49ee4613066e,1.7773446489201564e+18
8425b25b-a8f9-4eed-b0dc-49ee4613066e,1.7773446489534984e+18
8425b25b-a8f9-4eed-b0dc-49ee4613066e,1.7773446489868413e+18
8425b25b-a8f9-4eed-b0dc-49ee4613066e,1.7773446490201846e+18
8425b25b-a8f9-4eed-b0dc-49ee4613066e,1.7773446490535265e+18
8425b25b-a8f9-4eed-b0dc-49ee4613066e,1.7773446490868695e+18
8425b25b-a8f9-4eed-b0dc-49ee4613066e,1.7773446491202125e+18
8425b25b-a8f9-4eed-b0dc-49ee4613066e,1.7773446491535544e+18
8425b25b-a8f9-4eed-b0dc-49ee4613066e,1.7773446491868974e+18
8425b25b-a8f9-4eed-b0dc-49ee4613066e,1.7773446492202404e+18
8425b25b-a8f9-4eed-b0dc-49ee4613066e,1.7773446492535823e+18
8425b25b-a8f9-4eed-b0dc-49ee4613066e,1.7773446492869256e+18
8425b25b-a8f9-4eed-b0dc-49ee4613066e,1.7773446493202685e+18
8425b25b-a8f9-4eed-b0dc-49ee4613066e,1.7773446493536105e+18
8425b25b-a8f9-4eed-b0dc-49ee4613066e,1.7773446493869535e+18
8425b25b-a8f9-4eed-b0dc-49ee4613066e,1.7773446494202964e+18
8425b25b-a8f9-4eed-b0dc-49ee4613066e,1.7773446494536384e+18
8425b25b-a8f9-4eed-b0dc-49ee4613066e,1.7773446494869814e+18
8425b25b-a8f9-4eed-b0dc-49ee4613066e,1.7773446495203244e+18
8425b25b-a8f9-4eed-b0dc-49ee4613066e,1.7773446495536666e+18
8425b25b-a8f9-4eed-b0dc-49ee4613066e,1.7773446495870095e+18
8425b25b-a8f9-4eed-b0dc-49ee4613066e,1.7773446496203525e+18
8425b25b-a8f9-4eed-b0dc-49ee4613066e,1.7773446496536945e+18
8425b25b-a8f9-4eed-b0dc-49ee4613066e,1.7773446496870374e+18
8425b25b-a8f9-4eed-b0dc-49ee4613066e,1.7773446497203804e+18
8425b25b-a8f9-4eed-b0dc-49ee4613066e,1.7773446497537224e+18
8425b25b-a8f9-4eed-b0dc-49ee4613066e,1.7773446497870653e+18
8425b25b-a8f9-4eed-b0dc-49ee4613066e,1.7773446498204083e+18
8425b25b-a8f9-4eed-b0dc-49ee4613066e,1.7773446498537505e+18
8425b25b-a8f9-4eed-b0dc-49ee4613066e,1.7773446498870935e+18
8425b25b-a8f9-4eed-b0dc-49ee4613066e,1.7773446499204365e+18
8425b25b-a8f9-4eed-b0dc-49ee4613066e,1.7773446499537784e+18
8425b25b-a8f9-4eed-b0dc-49ee4613066e,1.7773446499871214e+18
8425b25b-a8f9-4eed-b0dc-49ee4613066e,1.7773446500204644e+18
8425b25b-a8f9-4eed-b0dc-49ee4613066e,1.7773446500538063e+18
8425b25b-a8f9-4eed-b0dc-49ee4613066e,1.7773446500871496e+18
8425b25b-a8f9-4eed-b0dc-49ee4613066e,1.7773446501204915e+18
8425b25b-a8f9-4eed-b0dc-49ee4613066e,1.7773446501538345e+18
8425b25b-a8f9-4eed-b0dc-49ee4613066e,1.7773446501871775e+18
8425b25b-a8f9-4eed-b0dc-49ee4613066e,1.7773446502205194e+18
8425b25b-a8f9-4eed-b0dc-49ee4613066e,1.7773446502538624e+18
8425b25b-a8f9-4eed-b0dc-49ee4613066e,1.7773446502872054e+18
8425b25b-a8f9-4eed-b0dc-49ee4613066e,1.7773446503205473e+18
8425b25b-a8f9-4eed-b0dc-49ee4613066e,1.7773446503538906e+18
8425b25b-a8f9-4eed-b0dc-49ee4613066e,1.7773446503872335e+18
8425b25b-a8f9-4eed-b0dc-49ee4613066e,1.7773446504205755e+18
8425b25b-a8f9-4eed-b0dc-49ee4613066e,1.7773446504539185e+18
8425b25b-a8f9-4eed-b0dc-49ee4613066e,1.7773446504872614e+18
8425b25b-a8f9-4eed-b0dc-49ee4613066e,1.7773446505206034e+18
8425b25b-a8f9-4eed-b0dc-49ee4613066e,1.7773446505539464e+18
8425b25b-a8f9-4eed-b0dc-49ee4613066e,1.7773446505872893e+18
8425b25b-a8f9-4eed-b0dc-49ee4613066e,1.7773446506206316e+18
8425b25b-a8f9-4eed-b0dc-49ee4613066e,1.7773446506539745e+18
8425b25b-a8f9-4eed-b0dc-49ee4613066e,1.7773446506873175e+18
8425b25b-a8f9-4eed-b0dc-49ee4613066e,1.7773446507206595e+18
8425b25b-a8f9-4eed-b0dc-49ee4613066e,1.7773446507540024e+18
8425b25b-a8f9-4eed-b0dc-49ee4613066e,1.7773446507873454e+18
8425b25b-a8f9-4eed-b0dc-49ee4613066e,1.7773446508206874e+18
8425b25b-a8f9-4eed-b0dc-49ee4613066e,1.7773446508540303e+18
8425b25b-a8f9-4eed-b0dc-49ee4613066e,1.7773446508873736e+18
8425b25b-a8f9-4eed-b0dc-49ee4613066e,1.7773446509207155e+18
8425b25b-a8f9-4eed-b0dc-49ee4613066e,1.7773446509540585e+18
8425b25b-a8f9-4eed-b0dc-49ee4613066e,1.7773446509874015e+18
8425b25b-a8f9-4eed-b0dc-49ee4613066e,1.7773446510207434e+18
8425b25b-a8f9-4eed-b0dc-49ee4613066e,1.7773446510540864e+18
8425b25b-a8f9-4eed-b0dc-49ee4613066e,1.7773446510874294e+18
8425b25b-a8f9-4eed-b0dc-49ee4613066e,1.7773446511207713e+18
8425b25b-a8f9-4eed-b0dc-49ee4613066e,1.7773446511541146e+18
8425b25b-a8f9-4eed-b0dc-49ee4613066e,1.7773446511874575e+18
8425b25b-a8f9-4eed-b0dc-49ee4613066e,1.7773446512207995e+18
8425b25b-a8f9-4eed-b0dc-49ee4613066e,1.7773446512541425e+18
8425b25b-a8f9-4eed-b0dc-49ee4613066e,1.7773446512874854e+18
8425b25b-a8f9-4eed-b0dc-49ee4613066e,1.7773446513208274e+18
8425b25b-a8f9-4eed-b0dc-49ee4613066e,1.7773446513541704e+18
8425b25b-a8f9-4eed-b0dc-49ee4613066e,1.7773446513875133e+18
8425b25b-a8f9-4eed-b0dc-49ee4613066e,1.7773446514208556e+18
8425b25b-a8f9-4eed-b0dc-49ee4613066e,1.7773446514541985e+18
8425b25b-a8f9-4eed-b0dc-49ee4613066e,1.7773446514875415e+18
8425b25b-a8f9-4eed-b0dc-49ee4613066e,1.7773446515208835e+18
8425b25b-a8f9-4eed-b0dc-49ee4613066e,1.7773446515542264e+18
8425b25b-a8f9-4eed-b0dc-49ee4613066e,1.7773446515875684e+18
8425b25b-a8f9-4eed-b0dc-49ee4613066e,1.7773446516209114e+18
8425b25b-a8f9-4eed-b0dc-49ee4613066e,1.7773446516542543e+18
8425b25b-a8f9-4eed-b0dc-49ee4613066e,1.7773446516875965e+18
8425b25b-a8f9-4eed-b0dc-49ee4613066e,1.7773446517209395e+18
8425b25b-a8f9-4eed-b0dc-49ee4613066e,1.7773446517542825e+18
8425b25b-a8f9-4eed-b0dc-49ee4613066e,1.7773446517876244e+18
8425b25b-a8f9-4eed-b0dc-49ee4613066e,1.7773446518209674e+18
8425b25b-a8f9-4eed-b0dc-49ee4613066e,1.7773446518543104e+18
8425b25b-a8f9-4eed-b0dc-49ee4613066e,1.7773446518876524e+18
8425b25b-a8f9-4eed-b0dc-49ee4613066e,1.7773446519209953e+18
8425b25b-a8f9-4eed-b0dc-49ee4613066e,1.7773446519543386e+18
8425b25b-a8f9-4eed-b0dc-49ee4613066e,1.7773446519876805e+18
8425b25b-a8f9-4eed-b0dc-49ee4613066e,1.7773446520210235e+18
8425b25b-a8f9-4eed-b0dc-49ee4613066e,1.7773446520543665e+18
8425b25b-a8f9-4eed-b0dc-49ee4613066e,1.7773446520877084e+18
8425b25b-a8f9-4eed-b0dc-49ee4613066e,1.7773446521210514e+18
8425b25b-a8f9-4eed-b0dc-49ee4613066e,1.7773446521543944e+18
8425b25b-a8f9-4eed-b0dc-49ee4613066e,1.7773446521877366e+18
8425b25b-a8f9-4eed-b0dc-49ee4613066e,1.7773446522210796e+18
8425b25b-a8f9-4eed-b0dc-49ee4613066e,1.7773446522544225e+18
8425b25b-a8f9-4eed-b0dc-49ee4613066e,1.7773446522877645e+18
8425b25b-a8f9-4eed-b0dc-49ee4613066e,1.7773446523211075e+18
8425b25b-a8f9-4eed-b0dc-49ee4613066e,1.7773446523544504e+18
8425b25b-a8f9-4eed-b0dc-49ee4613066e,1.7773446523877924e+18
8425b25b-a8f9-4eed-b0dc-49ee4613066e,1.7773446524211354e+18
8425b25b-a8f9-4eed-b0dc-49ee4613066e,1.7773446524544783e+18
8425b25b-a8f9-4eed-b0dc-49ee4613066e,1.7773446524878205e+18
8425b25b-a8f9-4eed-b0dc-49ee4613066e,1.7773446525211635e+18
8425b25b-a8f9-4eed-b0dc-49ee4613066e,1.7773446525545065e+18
8425b25b-a8f9-4eed-b0dc-49ee4613066e,1.7773446525878484e+18
8425b25b-a8f9-4eed-b0dc-49ee4613066e,1.7773446526211914e+18
8425b25b-a8f9-4eed-b0dc-49ee4613066e,1.7773446526545344e+18
8425b25b-a8f9-4eed-b0dc-49ee4613066e,1.7773446526878764e+18
8425b25b-a8f9-4eed-b0dc-49ee4613066e,1.7773446527212193e+18
8425b25b-a8f9-4eed-b0dc-49ee4613066e,1.7773446527545626e+18
8425b25b-a8f9-4eed-b0dc-49ee4613066e,1.7773446527879045e+18
8425b25b-a8f9-4eed-b0dc-49ee4613066e,1.7773446528212475e+18
8425b25b-a8f9-4eed-b0dc-49ee4613066e,1.7773446528545905e+18
8425b25b-a8f9-4eed-b0dc-49ee4613066e,1.7773446528879324e+18
8425b25b-a8f9-4eed-b0dc-49ee4613066e,1.7773446529212754e+18
8425b25b-a8f9-4eed-b0dc-49ee4613066e,1.7773446529546184e+18
8425b25b-a8f9-4eed-b0dc-49ee4613066e,1.7773446529879603e+18
8425b25b-a8f9-4eed-b0dc-49ee4613066e,1.7773446530213036e+18
8425b25b-a8f9-4eed-b0dc-49ee4613066e,1.7773446530546465e+18
8425b25b-a8f9-4eed-b0dc-49ee4613066e,1.7773446530879885e+18
8425b25b-a8f9-4eed-b0dc-49ee4613066e,1.7773446531213315e+18
8425b25b-a8f9-4eed-b0dc-49ee4613066e,1.7773446531546744e+18
8425b25b-a8f9-4eed-b0dc-49ee4613066e,1.7773446531880164e+18
8425b25b-a8f9-4eed-b0dc-49ee4613066e,1.7773446532213594e+18
8425b25b-a8f9-4eed-b0dc-49ee4613066e,1.7773446532547023e+18
8425b25b-a8f9-4eed-b0dc-49ee4613066e,1.7773446532880445e+18
8425b25b-a8f9-4eed-b0dc-49ee4613066e,1.7773446533213875e+18
8425b25b-a8f9-4eed-b0dc-49ee4613066e,1.7773446533547305e+18
8425b25b-a8f9-4eed-b0dc-49ee4613066e,1.7773446533880724e+18
8425b25b-a8f9-4eed-b0dc-49ee4613066e,1.7773446534214154e+18
8425b25b-a8f9-4eed-b0dc-49ee4613066e,1.7773446534547574e+18
8425b25b-a8f9-4eed-b0dc-49ee4613066e,1.7773446534881004e+18
8425b25b-a8f9-4eed-b0dc-49ee4613066e,1.7773446535214433e+18
8425b25b-a8f9-4eed-b0dc-49ee4613066e,1.7773446535547855e+18
8425b25b-a8f9-4eed-b0dc-49ee4613066e,1.7773446535881285e+18
8425b25b-a8f9-4eed-b0dc-49ee4613066e,1.7773446536214715e+18
8425b25b-a8f9-4eed-b0dc-49ee4613066e,1.7773446536548134e+18
8425b25b-a8f9-4eed-b0dc-49ee4613066e,1.7773446536881564e+18
8425b25b-a8f9-4eed-b0dc-49ee4613066e,1.7773446537214994e+18
8425b25b-a8f9-4eed-b0dc-49ee4613066e,1.7773446537548413e+18
8425b25b-a8f9-4eed-b0dc-49ee4613066e,1.7773446537881846e+18
8425b25b-a8f9-4eed-b0dc-49ee4613066e,1.7773446538215276e+18
8425b25b-a8f9-4eed-b0dc-49ee4613066e,1.7773446538548695e+18
8425b25b-a8f9-4eed-b0dc-49ee4613066e,1.7773446538882125e+18
8425b25b-a8f9-4eed-b0dc-49ee4613066e,1.7773446539215555e+18
8425b25b-a8f9-4eed-b0dc-49ee4613066e,1.7773446539548974e+18
8425b25b-a8f9-4eed-b0dc-49ee4613066e,1.7773446539882404e+18
8425b25b-a8f9-4eed-b0dc-49ee4613066e,1.7773446540215834e+18
8425b25b-a8f9-4eed-b0dc-49ee4613066e,1.7773446540549256e+18
8425b25b-a8f9-4eed-b0dc-49ee4613066e,1.7773446540882685e+18
8425b25b-a8f9-4eed-b0dc-49ee4613066e,1.7773446541216115e+18
8425b25b-a8f9-4eed-b0dc-49ee4613066e,1.7773446541549535e+18
8425b25b-a8f9-4eed-b0dc-49ee4613066e,1.7773446541882964e+18
8425b25b-a8f9-4eed-b0dc-49ee4613066e,1.7773446542216394e+18
8425b25b-a8f9-4eed-b0dc-49ee4613066e,1.7773446542549814e+18
8425b25b-a8f9-4eed-b0dc-49ee4613066e,1.7773446542883244e+18
8425b25b-a8f9-4eed-b0dc-49ee4613066e,1.7773446543216673e+18
8425b25b-a8f9-4eed-b0dc-49ee4613066e,1.7773446543550095e+18
8425b25b-a8f9-4eed-b0dc-49ee4613066e,1.7773446543883525e+18
8425b25b-a8f9-4eed-b0dc-49ee4613066e,1.7773446544216955e+18
8425b25b-a8f9-4eed-b0dc-49ee4613066e,1.7773446544550374e+18
8425b25b-a8f9-4eed-b0dc-49ee4613066e,1.7773446544883804e+18
8425b25b-a8f9-4eed-b0dc-49ee4613066e,1.7773446545217234e+18
8425b25b-a8f9-4eed-b0dc-49ee4613066e,1.7773446545550653e+18
8425b25b-a8f9-4eed-b0dc-49ee4613066e,1.7773446545884083e+18
8425b25b-a8f9-4eed-b0dc-49ee4613066e,1.7773446546217516e+18
8425b25b-a8f9-4eed-b0dc-49ee4613066e,1.7773446546550935e+18
8425b25b-a8f9-4eed-b0dc-49ee4613066e,1.7773446546884365e+18
8425b25b-a8f9-4eed-b0dc-49ee4613066e,1.7773446547217795e+18
8425b25b-a8f9-4eed-b0dc-49ee4613066e,1.7773446547551214e+18
8425b25b-a8f9-4eed-b0dc-49ee4613066e,1.7773446547884644e+18
8425b25b-a8f9-4eed-b0dc-49ee4613066e,1.7773446548218074e+18
8425b25b-a8f9-4eed-b0dc-49ee4613066e,1.7773446548551496e+18
8425b25b-a8f9-4eed-b0dc-49ee4613066e,1.7773446548884925e+18
8425b25b-a8f9-4eed-b0dc-49ee4613066e,1.7773446549218345e+18
8425b25b-a8f9-4eed-b0dc-49ee4613066e,1.7773446549551775e+18
8425b25b-a8f9-4eed-b0dc-49ee4613066e,1.7773446549885204e+18
8425b25b-a8f9-4eed-b0dc-49ee4613066e,1.7773446550218624e+18
8425b25b-a8f9-4eed-b0dc-49ee4613066e,1.7773446550552054e+18
8425b25b-a8f9-4eed-b0dc-49ee4613066e,1.7773446550885484e+18
8425b25b-a8f9-4eed-b0dc-49ee4613066e,1.7773446551218906e+18
8425b25b-a8f9-4eed-b0dc-49ee4613066e,1.7773446551552335e+18
8425b25b-a8f9-4eed-b0dc-49ee4613066e,1.7773446551885765e+18
8425b25b-a8f9-4eed-b0dc-49ee4613066e,1.7773446552219185e+18
8425b25b-a8f9-4eed-b0dc-49ee4613066e,1.7773446552552614e+18
8425b25b-a8f9-4eed-b0dc-49ee4613066e,1.7773446552886044e+18
8425b25b-a8f9-4eed-b0dc-49ee4613066e,1.7773446553219464e+18
8425b25b-a8f9-4eed-b0dc-49ee4613066e,1.7773446553552893e+18
8425b25b-a8f9-4eed-b0dc-49ee4613066e,1.7773446553886326e+18
8425b25b-a8f9-4eed-b0dc-49ee4613066e,1.7773446554219745e+18
8425b25b-a8f9-4eed-b0dc-49ee4613066e,1.7773446554553175e+18
8425b25b-a8f9-4eed-b0dc-49ee4613066e,1.7773446554886605e+18
8425b25b-a8f9-4eed-b0dc-49ee4613066e,1.7773446555220024e+18
8425b25b-a8f9-4eed-b0dc-49ee4613066e,1.7773446555553454e+18
8425b25b-a8f9-4eed-b0dc-49ee4613066e,1.7773446555886884e+18
8425b25b-a8f9-4eed-b0dc-49ee4613066e,1.7773446556220303e+18
8425b25b-a8f9-4eed-b0dc-49ee4613066e,1.7773446556553736e+18
8425b25b-a8f9-4eed-b0dc-49ee4613066e,1.7773446556887165e+18
8425b25b-a8f9-4eed-b0dc-49ee4613066e,1.7773446557220585e+18
8425b25b-a8f9-4eed-b0dc-49ee4613066e,1.7773446557554015e+18
8425b25b-a8f9-4eed-b0dc-49ee4613066e,1.7773446557887444e+18
8425b25b-a8f9-4eed-b0dc-49ee4613066e,1.7773446558220864e+18
8425b25b-a8f9-4eed-b0dc-49ee4613066e,1.7773446558554294e+18
8425b25b-a8f9-4eed-b0dc-49ee4613066e,1.7773446558887724e+18
8425b25b-a8f9-4eed-b0dc-49ee4613066e,1.7773446559221146e+18
8425b25b-a8f9-4eed-b0dc-49ee4613066e,1.7773446559554575e+18
8425b25b-a8f9-4eed-b0dc-49ee4613066e,1.7773446559888005e+18
8425b25b-a8f9-4eed-b0dc-49ee4613066e,1.7773446560221425e+18
8425b25b-a8f9-4eed-b0dc-49ee4613066e,1.7773446560554854e+18
8425b25b-a8f9-4eed-b0dc-49ee4613066e,1.7773446560888284e+18
8425b25b-a8f9-4eed-b0dc-49ee4613066e,1.7773446561221704e+18
8425b25b-a8f9-4eed-b0dc-49ee4613066e,1.7773446561555133e+18
8425b25b-a8f9-4eed-b0dc-49ee4613066e,1.7773446561888563e+18
8425b25b-a8f9-4eed-b0dc-49ee4613066e,1.7773446562221985e+18
8425b25b-a8f9-4eed-b0dc-49ee4613066e,1.7773446562555415e+18
8425b25b-a8f9-4eed-b0dc-49ee4613066e,1.7773446562888845e+18
8425b25b-a8f9-4eed-b0dc-49ee4613066e,1.7773446563222264e+18
8425b25b-a8f9-4eed-b0dc-49ee4613066e,1.7773446563555694e+18
8425b25b-a8f9-4eed-b0dc-49ee4613066e,1.7773446563889124e+18
8425b25b-a8f9-4eed-b0dc-49ee4613066e,1.7773446564222543e+18
8425b25b-a8f9-4eed-b0dc-49ee4613066e,1.7773446564555976e+18
8425b25b-a8f9-4eed-b0dc-49ee4613066e,1.7773446564889405e+18
8425b25b-a8f9-4eed-b0dc-49ee4613066e,1.7773446565222825e+18
8425b25b-a8f9-4eed-b0dc-49ee4613066e,1.7773446565556255e+18
8425b25b-a8f9-4eed-b0dc-49ee4613066e,1.7773446565889684e+18
8425b25b-a8f9-4eed-b0dc-49ee4613066e,1.7773446566223104e+18
8425b25b-a8f9-4eed-b0dc-49ee4613066e,1.7773446566556534e+18
8425b25b-a8f9-4eed-b0dc-49ee4613066e,1.7773446566889964e+18
8425b25b-a8f9-4eed-b0dc-49ee4613066e,1.7773446567223386e+18
8425b25b-a8f9-4eed-b0dc-49ee4613066e,1.7773446567556815e+18
8425b25b-a8f9-4eed-b0dc-49ee4613066e,1.7773446567890235e+18
8425b25b-a8f9-4eed-b0dc-49ee4613066e,1.7773446568223665e+18
8425b25b-a8f9-4eed-b0dc-49ee4613066e,1.7773446568557094e+18
8425b25b-a8f9-4eed-b0dc-49ee4613066e,1.7773446568890514e+18
8425b25b-a8f9-4eed-b0dc-49ee4613066e,1.7773446569223944e+18
8425b25b-a8f9-4eed-b0dc-49ee4613066e,1.7773446569557373e+18
8425b25b-a8f9-4eed-b0dc-49ee4613066e,1.7773446569890796e+18
8425b25b-a8f9-4eed-b0dc-49ee4613066e,1.7773446570224225e+18
8425b25b-a8f9-4eed-b0dc-49ee4613066e,1.7773446570557655e+18
8425b25b-a8f9-4eed-b0dc-49ee4613066e,1.7773446570891075e+18
8425b25b-a8f9-4eed-b0dc-49ee4613066e,1.7773446571224504e+18
8425b25b-a8f9-4eed-b0dc-49ee4613066e,1.7773446571557934e+18
8425b25b-a8f9-4eed-b0dc-49ee4613066e,1.7773446571891354e+18
8425b25b-a8f9-4eed-b0dc-49ee4613066e,1.7773446572224783e+18
8425b25b-a8f9-4eed-b0dc-49ee4613066e,1.7773446572558216e+18
8425b25b-a8f9-4eed-b0dc-49ee4613066e,1.7773446572891635e+18
8425b25b-a8f9-4eed-b0dc-49ee4613066e,1.7773446573225065e+18
8425b25b-a8f9-4eed-b0dc-49ee4613066e,1.7773446573558495e+18
8425b25b-a8f9-4eed-b0dc-49ee4613066e,1.7773446573891914e+18
8425b25b-a8f9-4eed-b0dc-49ee4613066e,1.7773446574225344e+18
8425b25b-a8f9-4eed-b0dc-49ee4613066e,1.7773446574558774e+18
8425b25b-a8f9-4eed-b0dc-49ee4613066e,1.7773446574892193e+18
8425b25b-a8f9-4eed-b0dc-49ee4613066e,1.7773446575225626e+18
8425b25b-a8f9-4eed-b0dc-49ee4613066e,1.7773446575559055e+18
8425b25b-a8f9-4eed-b0dc-49ee4613066e,1.7773446575892475e+18
8425b25b-a8f9-4eed-b0dc-49ee4613066e,1.7773446576225905e+18
8425b25b-a8f9-4eed-b0dc-49ee4613066e,1.7773446576559334e+18
8425b25b-a8f9-4eed-b0dc-49ee4613066e,1.7773446576892754e+18
8425b25b-a8f9-4eed-b0dc-49ee4613066e,1.7773446577226184e+18
8425b25b-a8f9-4eed-b0dc-49ee4613066e,1.7773446577559613e+18
8425b25b-a8f9-4eed-b0dc-49ee4613066e,1.7773446577893036e+18
8425b25b-a8f9-4eed-b0dc-49ee4613066e,1.7773446578226465e+18
8425b25b-a8f9-4eed-b0dc-49ee4613066e,1.7773446578559895e+18
8425b25b-a8f9-4eed-b0dc-49ee4613066e,1.7773446578893315e+18
8425b25b-a8f9-4eed-b0dc-49ee4613066e,1.7773446579226744e+18
8425b25b-a8f9-4eed-b0dc-49ee4613066e,1.7773446579560174e+18
8425b25b-a8f9-4eed-b0dc-49ee4613066e,1.7773446579893594e+18
8425b25b-a8f9-4eed-b0dc-49ee4613066e,1.7773446580227023e+18
8425b25b-a8f9-4eed-b0dc-49ee4613066e,1.7773446580560456e+18
8425b25b-a8f9-4eed-b0dc-49ee4613066e,1.7773446580893875e+18
8425b25b-a8f9-4eed-b0dc-49ee4613066e,1.7773446581227305e+18
8425b25b-a8f9-4eed-b0dc-49ee4613066e,1.7773446581560735e+18
8425b25b-a8f9-4eed-b0dc-49ee4613066e,1.7773446581894154e+18
8425b25b-a8f9-4eed-b0dc-49ee4613066e,1.7773446582227584e+18
8425b25b-a8f9-4eed-b0dc-49ee4613066e,1.7773446582561004e+18
8425b25b-a8f9-4eed-b0dc-49ee4613066e,1.7773446582894433e+18
8425b25b-a8f9-4eed-b0dc-49ee4613066e,1.7773446583227866e+18
8425b25b-a8f9-4eed-b0dc-49ee4613066e,1.7773446583561285e+18
8425b25b-a8f9-4eed-b0dc-49ee4613066e,1.7773446583894715e+18
8425b25b-a8f9-4eed-b0dc-49ee4613066e,1.7773446584228145e+18
8425b25b-a8f9-4eed-b0dc-49ee4613066e,1.7773446584561564e+18
8425b25b-a8f9-4eed-b0dc-49ee4613066e,1.7773446584894994e+18
8425b25b-a8f9-4eed-b0dc-49ee4613066e,1.7773446585228424e+18
8425b25b-a8f9-4eed-b0dc-49ee4613066e,1.7773446585561846e+18
8425b25b-a8f9-4eed-b0dc-49ee4613066e,1.7773446585895276e+18
8425b25b-a8f9-4eed-b0dc-49ee4613066e,1.7773446586228705e+18
8425b25b-a8f9-4eed-b0dc-49ee4613066e,1.7773446586562125e+18
8425b25b-a8f9-4eed-b0dc-49ee4613066e,1.7773446586895555e+18
8425b25b-a8f9-4eed-b0dc-49ee4613066e,1.7773446587228984e+18
8425b25b-a8f9-4eed-b0dc-49ee4613066e,1.7773446587562404e+18
8425b25b-a8f9-4eed-b0dc-49ee4613066e,1.7773446587895834e+18
8425b25b-a8f9-4eed-b0dc-49ee4613066e,1.7773446588229263e+18
8425b25b-a8f9-4eed-b0dc-49ee4613066e,1.7773446588562685e+18
8425b25b-a8f9-4eed-b0dc-49ee4613066e,1.7773446588896115e+18
8425b25b-a8f9-4eed-b0dc-49ee4613066e,1.7773446589229545e+18
8425b25b-a8f9-4eed-b0dc-49ee4613066e,1.7773446589562964e+18
8425b25b-a8f9-4eed-b0dc-49ee4613066e,1.7773446589896394e+18
8425b25b-a8f9-4eed-b0dc-49ee4613066e,1.7773446590229824e+18
8425b25b-a8f9-4eed-b0dc-49ee4613066e,1.7773446590563244e+18
8425b25b-a8f9-4eed-b0dc-49ee4613066e,1.7773446590896673e+18
8425b25b-a8f9-4eed-b0dc-49ee4613066e,1.7773446591230106e+18
8425b25b-a8f9-4eed-b0dc-49ee4613066e,1.7773446591563525e+18
8425b25b-a8f9-4eed-b0dc-49ee4613066e,1.7773446591896955e+18
8425b25b-a8f9-4eed-b0dc-49ee4613066e,1.7773446592230385e+18
8425b25b-a8f9-4eed-b0dc-49ee4613066e,1.7773446592563804e+18
8425b25b-a8f9-4eed-b0dc-49ee4613066e,1.7773446592897234e+18
8425b25b-a8f9-4eed-b0dc-49ee4613066e,1.7773446593230664e+18
8425b25b-a8f9-4eed-b0dc-49ee4613066e,1.7773446593564083e+18
8425b25b-a8f9-4eed-b0dc-49ee4613066e,1.7773446593897516e+18
8425b25b-a8f9-4eed-b0dc-49ee4613066e,1.7773446594230945e+18
8425b25b-a8f9-4eed-b0dc-49ee4613066e,1.7773446594564365e+18
8425b25b-a8f9-4eed-b0dc-49ee4613066e,1.7773446594897795e+18
8425b25b-a8f9-4eed-b0dc-49ee4613066e,1.7773446595231224e+18
8425b25b-a8f9-4eed-b0dc-49ee4613066e,1.7773446595564644e+18
8425b25b-a8f9-4eed-b0dc-49ee4613066e,1.7773446595898074e+18
8425b25b-a8f9-4eed-b0dc-49ee4613066e,1.7773446596231503e+18
8425b25b-a8f9-4eed-b0dc-49ee4613066e,1.7773446596564925e+18
8425b25b-a8f9-4eed-b0dc-49ee4613066e,1.7773446596898355e+18
8425b25b-a8f9-4eed-b0dc-49ee4613066e,1.7773446597231785e+18
8425b25b-a8f9-4eed-b0dc-49ee4613066e,1.7773446597565204e+18
8425b25b-a8f9-4eed-b0dc-49ee4613066e,1.7773446597898634e+18
8425b25b-a8f9-4eed-b0dc-49ee4613066e,1.7773446598232064e+18
8425b25b-a8f9-4eed-b0dc-49ee4613066e,1.7773446598565484e+18
8425b25b-a8f9-4eed-b0dc-49ee4613066e,1.7773446598898913e+18
8425b25b-a8f9-4eed-b0dc-49ee4613066e,1.7773446599232346e+18
8425b25b-a8f9-4eed-b0dc-49ee4613066e,1.7773446599565765e+18
8425b25b-a8f9-4eed-b0dc-49ee4613066e,1.7773446599899195e+18
8425b25b-a8f9-4eed-b0dc-49ee4613066e,1.7773446600232625e+18
8425b25b-a8f9-4eed-b0dc-49ee4613066e,1.7773446600566044e+18
8425b25b-a8f9-4eed-b0dc-49ee4613066e,1.7773446600899474e+18
8425b25b-a8f9-4eed-b0dc-49ee4613066e,1.7773446601232893e+18
8425b25b-a8f9-4eed-b0dc-49ee4613066e,1.7773446601566326e+18
8425b25b-a8f9-4eed-b0dc-49ee4613066e,1.7773446601899756e+18
8425b25b-a8f9-4eed-b0dc-49ee4613066e,1.7773446602233175e+18
8425b25b-a8f9-4eed-b0dc-49ee4613066e,1.7773446602566605e+18
8425b25b-a8f9-4eed-b0dc-49ee4613066e,1.7773446602900035e+18
8425b25b-a8f9-4eed-b0dc-49ee4613066e,1.7773446603233454e+18
8425b25b-a8f9-4eed-b0dc-49ee4613066e,1.7773446603566884e+18
8425b25b-a8f9-4eed-b0dc-49ee4613066e,1.7773446603900314e+18
8425b25b-a8f9-4eed-b0dc-49ee4613066e,1.7773446604233736e+18
8425b25b-a8f9-4eed-b0dc-49ee4613066e,1.7773446604567165e+18
8425b25b-a8f9-4eed-b0dc-49ee4613066e,1.7773446604900595e+18
8425b25b-a8f9-4eed-b0dc-49ee4613066e,1.7773446605234015e+18
8425b25b-a8f9-4eed-b0dc-49ee4613066e,1.7773446605567444e+18
8425b25b-a8f9-4eed-b0dc-49ee4613066e,1.7773446605900874e+18
8425b25b-a8f9-4eed-b0dc-49ee4613066e,1.7773446606234294e+18
8425b25b-a8f9-4eed-b0dc-49ee4613066e,1.7773446606567724e+18
8425b25b-a8f9-4eed-b0dc-49ee4613066e,1.7773446606901153e+18
8425b25b-a8f9-4eed-b0dc-49ee4613066e,1.7773446607234575e+18
8425b25b-a8f9-4eed-b0dc-49ee4613066e,1.7773446607568005e+18
8425b25b-a8f9-4eed-b0dc-49ee4613066e,1.7773446607901435e+18
8425b25b-a8f9-4eed-b0dc-49ee4613066e,1.7773446608234854e+18
8425b25b-a8f9-4eed-b0dc-49ee4613066e,1.7773446608568284e+18
8425b25b-a8f9-4eed-b0dc-49ee4613066e,1.7773446608901714e+18
8425b25b-a8f9-4eed-b0dc-49ee4613066e,1.7773446609235133e+18
8425b25b-a8f9-4eed-b0dc-49ee4613066e,1.7773446609568563e+18
8425b25b-a8f9-4eed-b0dc-49ee4613066e,1.7773446609901996e+18
8425b25b-a8f9-4eed-b0dc-49ee4613066e,1.7773446610235415e+18
8425b25b-a8f9-4eed-b0dc-49ee4613066e,1.7773446610568845e+18
8425b25b-a8f9-4eed-b0dc-49ee4613066e,1.7773446610902275e+18
8425b25b-a8f9-4eed-b0dc-49ee4613066e,1.7773446611235694e+18
8425b25b-a8f9-4eed-b0dc-49ee4613066e,1.7773446611569124e+18
8425b25b-a8f9-4eed-b0dc-49ee4613066e,1.7773446611902554e+18
8425b25b-a8f9-4eed-b0dc-49ee4613066e,1.7773446612235976e+18
8425b25b-a8f9-4eed-b0dc-49ee4613066e,1.7773446612569405e+18
8425b25b-a8f9-4eed-b0dc-49ee4613066e,1.7773446612902835e+18
8425b25b-a8f9-4eed-b0dc-49ee4613066e,1.7773446613236255e+18
8425b25b-a8f9-4eed-b0dc-49ee4613066e,1.7773446613569684e+18
8425b25b-a8f9-4eed-b0dc-49ee4613066e,1.7773446613903114e+18
8425b25b-a8f9-4eed-b0dc-49ee4613066e,1.7773446614236534e+18
8425b25b-a8f9-4eed-b0dc-49ee4613066e,1.7773446614569964e+18
8425b25b-a8f9-4eed-b0dc-49ee4613066e,1.7773446614903393e+18
8425b25b-a8f9-4eed-b0dc-49ee4613066e,1.7773446615236815e+18
8425b25b-a8f9-4eed-b0dc-49ee4613066e,1.7773446615570245e+18
8425b25b-a8f9-4eed-b0dc-49ee4613066e,1.7773446615903665e+18
8425b25b-a8f9-4eed-b0dc-49ee4613066e,1.7773446616237094e+18
8425b25b-a8f9-4eed-b0dc-49ee4613066e,1.7773446616570524e+18
8425b25b-a8f9-4eed-b0dc-49ee4613066e,1.7773446616903944e+18
8425b25b-a8f9-4eed-b0dc-49ee4613066e,1.7773446617237373e+18
8425b25b-a8f9-4eed-b0dc-49ee4613066e,1.7773446617570806e+18
8425b25b-a8f9-4eed-b0dc-49ee4613066e,1.7773446617904225e+18
8425b25b-a8f9-4eed-b0dc-49ee4613066e,1.7773446618237655e+18
8425b25b-a8f9-4eed-b0dc-49ee4613066e,1.7773446618571085e+18
8425b25b-a8f9-4eed-b0dc-49ee4613066e,1.7773446618904504e+18
8425b25b-a8f9-4eed-b0dc-49ee4613066e,1.7773446619237934e+18
8425b25b-a8f9-4eed-b0dc-49ee4613066e,1.7773446619571364e+18
8425b25b-a8f9-4eed-b0dc-49ee4613066e,1.7773446619904783e+18
8425b25b-a8f9-4eed-b0dc-49ee4613066e,1.7773446620238216e+18
8425b25b-a8f9-4eed-b0dc-49ee4613066e,1.7773446620571645e+18
8425b25b-a8f9-4eed-b0dc-49ee4613066e,1.7773446620905065e+18
8425b25b-a8f9-4eed-b0dc-49ee4613066e,1.7773446621238495e+18
8425b25b-a8f9-4eed-b0dc-49ee4613066e,1.7773446621571924e+18
8425b25b-a8f9-4eed-b0dc-49ee4613066e,1.7773446621905344e+18
8425b25b-a8f9-4eed-b0dc-49ee4613066e,1.7773446622238774e+18
8425b25b-a8f9-4eed-b0dc-49ee4613066e,1.7773446622572204e+18
8425b25b-a8f9-4eed-b0dc-49ee4613066e,1.7773446622905626e+18
8425b25b-a8f9-4eed-b0dc-49ee4613066e,1.7773446623239055e+18
8425b25b-a8f9-4eed-b0dc-49ee4613066e,1.7773446623572485e+18
8425b25b-a8f9-4eed-b0dc-49ee4613066e,1.7773446623905905e+18
8425b25b-a8f9-4eed-b0dc-49ee4613066e,1.7773446624239334e+18
8425b25b-a8f9-4eed-b0dc-49ee4613066e,1.7773446624572764e+18
8425b25b-a8f9-4eed-b0dc-49ee4613066e,1.7773446624906184e+18
8425b25b-a8f9-4eed-b0dc-49ee4613066e,1.7773446625239613e+18
8425b25b-a8f9-4eed-b0dc-49ee4613066e,1.7773446625573043e+18
8425b25b-a8f9-4eed-b0dc-49ee4613066e,1.7773446625906465e+18
8425b25b-a8f9-4eed-b0dc-49ee4613066e,1.7773446626239895e+18
8425b25b-a8f9-4eed-b0dc-49ee4613066e,1.7773446626573325e+18
8425b25b-a8f9-4eed-b0dc-49ee4613066e,1.7773446626906744e+18
8425b25b-a8f9-4eed-b0dc-49ee4613066e,1.7773446627240174e+18
8425b25b-a8f9-4eed-b0dc-49ee4613066e,1.7773446627573604e+18
8425b25b-a8f9-4eed-b0dc-49ee4613066e,1.7773446627907023e+18
8425b25b-a8f9-4eed-b0dc-49ee4613066e,1.7773446628240456e+18
8425b25b-a8f9-4eed-b0dc-49ee4613066e,1.7773446628573885e+18
8425b25b-a8f9-4eed-b0dc-49ee4613066e,1.7773446628907305e+18
8425b25b-a8f9-4eed-b0dc-49ee4613066e,1.7773446629240735e+18
8425b25b-a8f9-4eed-b0dc-49ee4613066e,1.7773446629574164e+18
8425b25b-a8f9-4eed-b0dc-49ee4613066e,1.7773446629907584e+18
8425b25b-a8f9-4eed-b0dc-49ee4613066e,1.7773446630241014e+18
8425b25b-a8f9-4eed-b0dc-49ee4613066e,1.7773446630574444e+18
8425b25b-a8f9-4eed-b0dc-49ee4613066e,1.7773446630907866e+18
8425b25b-a8f9-4eed-b0dc-49ee4613066e,1.7773446631241295e+18
8425b25b-a8f9-4eed-b0dc-49ee4613066e,1.7773446631574715e+18
8425b25b-a8f9-4eed-b0dc-49ee4613066e,1.7773446631908145e+18
8425b25b-a8f9-4eed-b0dc-49ee4613066e,1.7773446632241574e+18
8425b25b-a8f9-4eed-b0dc-49ee4613066e,1.7773446632574994e+18
8425b25b-a8f9-4eed-b0dc-49ee4613066e,1.7773446632908424e+18
8425b25b-a8f9-4eed-b0dc-49ee4613066e,1.7773446633241853e+18
8425b25b-a8f9-4eed-b0dc-49ee4613066e,1.7773446633575276e+18
8425b25b-a8f9-4eed-b0dc-49ee4613066e,1.7773446633908705e+18
8425b25b-a8f9-4eed-b0dc-49ee4613066e,1.7773446634242135e+18
8425b25b-a8f9-4eed-b0dc-49ee4613066e,1.7773446634575555e+18
8425b25b-a8f9-4eed-b0dc-49ee4613066e,1.7773446634908984e+18
8425b25b-a8f9-4eed-b0dc-49ee4613066e,1.7773446635242414e+18
8425b25b-a8f9-4eed-b0dc-49ee4613066e,1.7773446635575834e+18
8425b25b-a8f9-4eed-b0dc-49ee4613066e,1.7773446635909263e+18
8425b25b-a8f9-4eed-b0dc-49ee4613066e,1.7773446636242696e+18
8425b25b-a8f9-4eed-b0dc-49ee4613066e,1.7773446636576115e+18
8425b25b-a8f9-4eed-b0dc-49ee4613066e,1.7773446636909545e+18
8425b25b-a8f9-4eed-b0dc-49ee4613066e,1.7773446637242975e+18
8425b25b-a8f9-4eed-b0dc-49ee4613066e,1.7773446637576394e+18
8425b25b-a8f9-4eed-b0dc-49ee4613066e,1.7773446637909824e+18
8425b25b-a8f9-4eed-b0dc-49ee4613066e,1.7773446638243254e+18
8425b25b-a8f9-4eed-b0dc-49ee4613066e,1.7773446638576673e+18
8425b25b-a8f9-4eed-b0dc-49ee4613066e,1.7773446638910106e+18
8425b25b-a8f9-4eed-b0dc-49ee4613066e,1.7773446639243535e+18
8425b25b-a8f9-4eed-b0dc-49ee4613066e,1.7773446639576955e+18
8425b25b-a8f9-4eed-b0dc-49ee4613066e,1.7773446639910385e+18
8425b25b-a8f9-4eed-b0dc-49ee4613066e,1.7773446640243814e+18
8425b25b-a8f9-4eed-b0dc-49ee4613066e,1.7773446640577234e+18
8425b25b-a8f9-4eed-b0dc-49ee4613066e,1.7773446640910664e+18
8425b25b-a8f9-4eed-b0dc-49ee4613066e,1.7773446641244093e+18
8425b25b-a8f9-4eed-b0dc-49ee4613066e,1.7773446641577516e+18
8425b25b-a8f9-4eed-b0dc-49ee4613066e,1.7773446641910945e+18
8425b25b-a8f9-4eed-b0dc-49ee4613066e,1.7773446642244375e+18
8425b25b-a8f9-4eed-b0dc-49ee4613066e,1.7773446642577795e+18
8425b25b-a8f9-4eed-b0dc-49ee4613066e,1.7773446642911224e+18
8425b25b-a8f9-4eed-b0dc-49ee4613066e,1.7773446643244654e+18
8425b25b-a8f9-4eed-b0dc-49ee4613066e,1.7773446643578074e+18
8425b25b-a8f9-4eed-b0dc-49ee4613066e,1.7773446643911503e+18
8425b25b-a8f9-4eed-b0dc-49ee4613066e,1.7773446644244936e+18
8425b25b-a8f9-4eed-b0dc-49ee4613066e,1.7773446644578355e+18
8425b25b-a8f9-4eed-b0dc-49ee4613066e,1.7773446644911785e+18
8425b25b-a8f9-4eed-b0dc-49ee4613066e,1.7773446645245215e+18
8425b25b-a8f9-4eed-b0dc-49ee4613066e,1.7773446645578634e+18
8425b25b-a8f9-4eed-b0dc-49ee4613066e,1.7773446645912064e+18
8425b25b-a8f9-4eed-b0dc-49ee4613066e,1.7773446646245494e+18
8425b25b-a8f9-4eed-b0dc-49ee4613066e,1.7773446646578913e+18
8425b25b-a8f9-4eed-b0dc-49ee4613066e,1.7773446646912346e+18
8425b25b-a8f9-4eed-b0dc-49ee4613066e,1.7773446647245775e+18
8425b25b-a8f9-4eed-b0dc-49ee4613066e,1.7773446647579195e+18
8425b25b-a8f9-4eed-b0dc-49ee4613066e,1.7773446647912625e+18
8425b25b-a8f9-4eed-b0dc-49ee4613066e,1.7773446648246054e+18
8425b25b-a8f9-4eed-b0dc-49ee4613066e,1.7773446648579474e+18
8425b25b-a8f9-4eed-b0dc-49ee4613066e,1.7773446648912904e+18
8425b25b-a8f9-4eed-b0dc-49ee4613066e,1.7773446649246326e+18
8425b25b-a8f9-4eed-b0dc-49ee4613066e,1.7773446649579756e+18
8425b25b-a8f9-4eed-b0dc-49ee4613066e,1.7773446649913185e+18
8425b25b-a8f9-4eed-b0dc-49ee4613066e,1.7773446650246605e+18
8425b25b-a8f9-4eed-b0dc-49ee4613066e,1.7773446650580035e+18
8425b25b-a8f9-4eed-b0dc-49ee4613066e,1.7773446650913464e+18
8425b25b-a8f9-4eed-b0dc-49ee4613066e,1.7773446651246884e+18
8425b25b-a8f9-4eed-b0dc-49ee4613066e,1.7773446651580314e+18
8425b25b-a8f9-4eed-b0dc-49ee4613066e,1.7773446651913743e+18
8425b25b-a8f9-4eed-b0dc-49ee4613066e,1.7773446652247165e+18
8425b25b-a8f9-4eed-b0dc-49ee4613066e,1.7773446652580595e+18
8425b25b-a8f9-4eed-b0dc-49ee4613066e,1.7773446652914025e+18
8425b25b-a8f9-4eed-b0dc-49ee4613066e,1.7773446653247444e+18
8425b25b-a8f9-4eed-b0dc-49ee4613066e,1.7773446653580874e+18
8425b25b-a8f9-4eed-b0dc-49ee4613066e,1.7773446653914304e+18
8425b25b-a8f9-4eed-b0dc-49ee4613066e,1.7773446654247724e+18
8425b25b-a8f9-4eed-b0dc-49ee4613066e,1.7773446654581153e+18
8425b25b-a8f9-4eed-b0dc-49ee4613066e,1.7773446654914586e+18
8425b25b-a8f9-4eed-b0dc-49ee4613066e,1.7773446655248005e+18
8425b25b-a8f9-4eed-b0dc-49ee4613066e,1.7773446655581435e+18
8425b25b-a8f9-4eed-b0dc-49ee4613066e,1.7773446655914865e+18
8425b25b-a8f9-4eed-b0dc-49ee4613066e,1.7773446656248284e+18
8425b25b-a8f9-4eed-b0dc-49ee4613066e,1.7773446656581714e+18
8425b25b-a8f9-4eed-b0dc-49ee4613066e,1.7773446656915144e+18
8425b25b-a8f9-4eed-b0dc-49ee4613066e,1.7773446657248563e+18
8425b25b-a8f9-4eed-b0dc-49ee4613066e,1.7773446657581996e+18
8425b25b-a8f9-4eed-b0dc-49ee4613066e,1.7773446657915425e+18
8425b25b-a8f9-4eed-b0dc-49ee4613066e,1.7773446658248845e+18
8425b25b-a8f9-4eed-b0dc-49ee4613066e,1.7773446658582275e+18
8425b25b-a8f9-4eed-b0dc-49ee4613066e,1.7773446658915704e+18
8425b25b-a8f9-4eed-b0dc-49ee4613066e,1.7773446659249124e+18
8425b25b-a8f9-4eed-b0dc-49ee4613066e,1.7773446659582554e+18
8425b25b-a8f9-4eed-b0dc-49ee4613066e,1.7773446659915983e+18
8425b25b-a8f9-4eed-b0dc-49ee4613066e,1.7773446660249405e+18
8425b25b-a8f9-4eed-b0dc-49ee4613066e,1.7773446660582835e+18
8425b25b-a8f9-4eed-b0dc-49ee4613066e,1.7773446660916265e+18
8425b25b-a8f9-4eed-b0dc-49ee4613066e,1.7773446661249684e+18
8425b25b-a8f9-4eed-b0dc-49ee4613066e,1.7773446661583114e+18
8425b25b-a8f9-4eed-b0dc-49ee4613066e,1.7773446661916544e+18
8425b25b-a8f9-4eed-b0dc-49ee4613066e,1.7773446662249964e+18
8425b25b-a8f9-4eed-b0dc-49ee4613066e,1.7773446662583393e+18
8425b25b-a8f9-4eed-b0dc-49ee4613066e,1.7773446662916826e+18
8425b25b-a8f9-4eed-b0dc-49ee4613066e,1.7773446663250245e+18
8425b25b-a8f9-4eed-b0dc-49ee4613066e,1.7773446663583675e+18
8425b25b-a8f9-4eed-b0dc-49ee4613066e,1.7773446663917094e+18
8425b25b-a8f9-4eed-b0dc-49ee4613066e,1.7773446664250524e+18
8425b25b-a8f9-4eed-b0dc-49ee4613066e,1.7773446664583954e+18
8425b25b-a8f9-4eed-b0dc-49ee4613066e,1.7773446664917373e+18
8425b25b-a8f9-4eed-b0dc-49ee4613066e,1.7773446665250806e+18
8425b25b-a8f9-4eed-b0dc-49ee4613066e,1.7773446665584236e+18
8425b25b-a8f9-4eed-b0dc-49ee4613066e,1.7773446665917655e+18
8425b25b-a8f9-4eed-b0dc-49ee4613066e,1.7773446666251085e+18
8425b25b-a8f9-4eed-b0dc-49ee4613066e,1.7773446666584515e+18
8425b25b-a8f9-4eed-b0dc-49ee4613066e,1.7773446666917934e+18
8425b25b-a8f9-4eed-b0dc-49ee4613066e,1.7773446667251364e+18
8425b25b-a8f9-4eed-b0dc-49ee4613066e,1.7773446667584794e+18
8425b25b-a8f9-4eed-b0dc-49ee4613066e,1.7773446667918216e+18
8425b25b-a8f9-4eed-b0dc-49ee4613066e,1.7773446668251645e+18
8425b25b-a8f9-4eed-b0dc-49ee4613066e,1.7773446668585075e+18
8425b25b-a8f9-4eed-b0dc-49ee4613066e,1.7773446668918495e+18
8425b25b-a8f9-4eed-b0dc-49ee4613066e,1.7773446669251924e+18
8425b25b-a8f9-4eed-b0dc-49ee4613066e,1.7773446669585354e+18
8425b25b-a8f9-4eed-b0dc-49ee4613066e,1.7773446669918774e+18
8425b25b-a8f9-4eed-b0dc-49ee4613066e,1.7773446670252204e+18
8425b25b-a8f9-4eed-b0dc-49ee4613066e,1.7773446670585633e+18
8425b25b-a8f9-4eed-b0dc-49ee4613066e,1.7773446670919055e+18
8425b25b-a8f9-4eed-b0dc-49ee4613066e,1.7773446671252485e+18
8425b25b-a8f9-4eed-b0dc-49ee4613066e,1.7773446671585915e+18
8425b25b-a8f9-4eed-b0dc-49ee4613066e,1.7773446671919334e+18
8425b25b-a8f9-4eed-b0dc-49ee4613066e,1.7773446672252764e+18
8425b25b-a8f9-4eed-b0dc-49ee4613066e,1.7773446672586194e+18
8425b25b-a8f9-4eed-b0dc-49ee4613066e,1.7773446672919613e+18
8425b25b-a8f9-4eed-b0dc-49ee4613066e,1.7773446673253043e+18
8425b25b-a8f9-4eed-b0dc-49ee4613066e,1.7773446673586476e+18
8425b25b-a8f9-4eed-b0dc-49ee4613066e,1.7773446673919895e+18
8425b25b-a8f9-4eed-b0dc-49ee4613066e,1.7773446674253325e+18
8425b25b-a8f9-4eed-b0dc-49ee4613066e,1.7773446674586755e+18
8425b25b-a8f9-4eed-b0dc-49ee4613066e,1.7773446674920174e+18
8425b25b-a8f9-4eed-b0dc-49ee4613066e,1.7773446675253604e+18
8425b25b-a8f9-4eed-b0dc-49ee4613066e,1.7773446675587034e+18
8425b25b-a8f9-4eed-b0dc-49ee4613066e,1.7773446675920456e+18
8425b25b-a8f9-4eed-b0dc-49ee4613066e,1.7773446676253885e+18
8425b25b-a8f9-4eed-b0dc-49ee4613066e,1.7773446676587315e+18
8425b25b-a8f9-4eed-b0dc-49ee4613066e,1.7773446676920735e+18
8425b25b-a8f9-4eed-b0dc-49ee4613066e,1.7773446677254164e+18
8425b25b-a8f9-4eed-b0dc-49ee4613066e,1.7773446677587594e+18
8425b25b-a8f9-4eed-b0dc-49ee4613066e,1.7773446677921014e+18
8425b25b-a8f9-4eed-b0dc-49ee4613066e,1.7773446678254444e+18
8425b25b-a8f9-4eed-b0dc-49ee4613066e,1.7773446678587873e+18
8425b25b-a8f9-4eed-b0dc-49ee4613066e,1.7773446678921295e+18
8425b25b-a8f9-4eed-b0dc-49ee4613066e,1.7773446679254725e+18
8425b25b-a8f9-4eed-b0dc-49ee4613066e,1.7773446679588155e+18
8425b25b-a8f9-4eed-b0dc-49ee4613066e,1.7773446679921574e+18
8425b25b-a8f9-4eed-b0dc-49ee4613066e,1.7773446680255004e+18
8425b25b-a8f9-4eed-b0dc-49ee4613066e,1.7773446680588434e+18
8425b25b-a8f9-4eed-b0dc-49ee4613066e,1.7773446680921853e+18
8425b25b-a8f9-4eed-b0dc-49ee4613066e,1.7773446681255286e+18
8425b25b-a8f9-4eed-b0dc-49ee4613066e,1.7773446681588716e+18
8425b25b-a8f9-4eed-b0dc-49ee4613066e,1.7773446681922135e+18
8425b25b-a8f9-4eed-b0dc-49ee4613066e,1.7773446682255565e+18
8425b25b-a8f9-4eed-b0dc-49ee4613066e,1.7773446682588984e+18
8425b25b-a8f9-4eed-b0dc-49ee4613066e,1.7773446682922414e+18
8425b25b-a8f9-4eed-b0dc-49ee4613066e,1.7773446683255844e+18
8425b25b-a8f9-4eed-b0dc-49ee4613066e,1.7773446683589263e+18
8425b25b-a8f9-4eed-b0dc-49ee4613066e,1.7773446683922696e+18
8425b25b-a8f9-4eed-b0dc-49ee4613066e,1.7773446684256125e+18
8425b25b-a8f9-4eed-b0dc-49ee4613066e,1.7773446684589545e+18
8425b25b-a8f9-4eed-b0dc-49ee4613066e,1.7773446684922975e+18
8425b25b-a8f9-4eed-b0dc-49ee4613066e,1.7773446685256404e+18
8425b25b-a8f9-4eed-b0dc-49ee4613066e,1.7773446685589824e+18
8425b25b-a8f9-4eed-b0dc-49ee4613066e,1.7773446685923254e+18
8425b25b-a8f9-4eed-b0dc-49ee4613066e,1.7773446686256684e+18
8425b25b-a8f9-4eed-b0dc-49ee4613066e,1.7773446686590106e+18
8425b25b-a8f9-4eed-b0dc-49ee4613066e,1.7773446686923535e+18
8425b25b-a8f9-4eed-b0dc-49ee4613066e,1.7773446687256965e+18
8425b25b-a8f9-4eed-b0dc-49ee4613066e,1.7773446687590385e+18
8425b25b-a8f9-4eed-b0dc-49ee4613066e,1.7773446687923814e+18
8425b25b-a8f9-4eed-b0dc-49ee4613066e,1.7773446688257244e+18
8425b25b-a8f9-4eed-b0dc-49ee4613066e,1.7773446688590664e+18
8425b25b-a8f9-4eed-b0dc-49ee4613066e,1.7773446688924093e+18
8425b25b-a8f9-4eed-b0dc-49ee4613066e,1.7773446689257523e+18
8425b25b-a8f9-4eed-b0dc-49ee4613066e,1.7773446689590945e+18
8425b25b-a8f9-4eed-b0dc-49ee4613066e,1.7773446689924375e+18
8425b25b-a8f9-4eed-b0dc-49ee4613066e,1.7773446690257805e+18
8425b25b-a8f9-4eed-b0dc-49ee4613066e,1.7773446690591224e+18
8425b25b-a8f9-4eed-b0dc-49ee4613066e,1.7773446690924654e+18
8425b25b-a8f9-4eed-b0dc-49ee4613066e,1.7773446691258084e+18
8425b25b-a8f9-4eed-b0dc-49ee4613066e,1.7773446691591503e+18
8425b25b-a8f9-4eed-b0dc-49ee4613066e,1.7773446691924936e+18
8425b25b-a8f9-4eed-b0dc-49ee4613066e,1.7773446692258365e+18
8425b25b-a8f9-4eed-b0dc-49ee4613066e,1.7773446692591785e+18
8425b25b-a8f9-4eed-b0dc-49ee4613066e,1.7773446692925215e+18
8425b25b-a8f9-4eed-b0dc-49ee4613066e,1.7773446693258644e+18
8425b25b-a8f9-4eed-b0dc-49ee4613066e,1.7773446693592064e+18
8425b25b-a8f9-4eed-b0dc-49ee4613066e,1.7773446693925494e+18
8425b25b-a8f9-4eed-b0dc-49ee4613066e,1.7773446694258924e+18
8425b25b-a8f9-4eed-b0dc-49ee4613066e,1.7773446694592346e+18
8425b25b-a8f9-4eed-b0dc-49ee4613066e,1.7773446694925775e+18
8425b25b-a8f9-4eed-b0dc-49ee4613066e,1.7773446695259205e+18
8425b25b-a8f9-4eed-b0dc-49ee4613066e,1.7773446695592625e+18
8425b25b-a8f9-4eed-b0dc-49ee4613066e,1.7773446695926054e+18
8425b25b-a8f9-4eed-b0dc-49ee4613066e,1.7773446696259484e+18
8425b25b-a8f9-4eed-b0dc-49ee4613066e,1.7773446696592904e+18
8425b25b-a8f9-4eed-b0dc-49ee4613066e,1.7773446696926333e+18
8425b25b-a8f9-4eed-b0dc-49ee4613066e,1.7773446697259756e+18
8425b25b-a8f9-4eed-b0dc-49ee4613066e,1.7773446697593185e+18
8425b25b-a8f9-4eed-b0dc-49ee4613066e,1.7773446697926615e+18
8425b25b-a8f9-4eed-b0dc-49ee4613066e,1.7773446698260035e+18
8425b25b-a8f9-4eed-b0dc-49ee4613066e,1.7773446698593464e+18
8425b25b-a8f9-4eed-b0dc-49ee4613066e,1.7773446698926894e+18
8425b25b-a8f9-4eed-b0dc-49ee4613066e,1.7773446699260314e+18
8425b25b-a8f9-4eed-b0dc-49ee4613066e,1.7773446699593743e+18
8425b25b-a8f9-4eed-b0dc-49ee4613066e,1.7773446699927176e+18
8425b25b-a8f9-4eed-b0dc-49ee4613066e,1.7773446700260595e+18
8425b25b-a8f9-4eed-b0dc-49ee4613066e,1.7773446700594025e+18
8425b25b-a8f9-4eed-b0dc-49ee4613066e,1.7773446700927455e+18
8425b25b-a8f9-4eed-b0dc-49ee4613066e,1.7773446701260874e+18
8425b25b-a8f9-4eed-b0dc-49ee4613066e,1.7773446701594304e+18
8425b25b-a8f9-4eed-b0dc-49ee4613066e,1.7773446701927734e+18
8425b25b-a8f9-4eed-b0dc-49ee4613066e,1.7773446702261153e+18
8425b25b-a8f9-4eed-b0dc-49ee4613066e,1.7773446702594586e+18
8425b25b-a8f9-4eed-b0dc-49ee4613066e,1.7773446702928015e+18
8425b25b-a8f9-4eed-b0dc-49ee4613066e,1.7773446703261435e+18
8425b25b-a8f9-4eed-b0dc-49ee4613066e,1.7773446703594865e+18
8425b25b-a8f9-4eed-b0dc-49ee4613066e,1.7773446703928294e+18
8425b25b-a8f9-4eed-b0dc-49ee4613066e,1.7773446704261714e+18
8425b25b-a8f9-4eed-b0dc-49ee4613066e,1.7773446704595144e+18
8425b25b-a8f9-4eed-b0dc-49ee4613066e,1.7773446704928573e+18
8425b25b-a8f9-4eed-b0dc-49ee4613066e,1.7773446705261996e+18
8425b25b-a8f9-4eed-b0dc-49ee4613066e,1.7773446705595425e+18
8425b25b-a8f9-4eed-b0dc-49ee4613066e,1.7773446705928855e+18
8425b25b-a8f9-4eed-b0dc-49ee4613066e,1.7773446706262275e+18
8425b25b-a8f9-4eed-b0dc-49ee4613066e,1.7773446706595704e+18
8425b25b-a8f9-4eed-b0dc-49ee4613066e,1.7773446706929134e+18
8425b25b-a8f9-4eed-b0dc-49ee4613066e,1.7773446707262554e+18
8425b25b-a8f9-4eed-b0dc-49ee4613066e,1.7773446707595983e+18
8425b25b-a8f9-4eed-b0dc-49ee4613066e,1.7773446707929416e+18
8425b25b-a8f9-4eed-b0dc-49ee4613066e,1.7773446708262835e+18
8425b25b-a8f9-4eed-b0dc-49ee4613066e,1.7773446708596265e+18
8425b25b-a8f9-4eed-b0dc-49ee4613066e,1.7773446708929695e+18
8425b25b-a8f9-4eed-b0dc-49ee4613066e,1.7773446709263114e+18
8425b25b-a8f9-4eed-b0dc-49ee4613066e,1.7773446709596544e+18
8425b25b-a8f9-4eed-b0dc-49ee4613066e,1.7773446709929974e+18
8425b25b-a8f9-4eed-b0dc-49ee4613066e,1.7773446710263393e+18
8425b25b-a8f9-4eed-b0dc-49ee4613066e,1.7773446710596826e+18
8425b25b-a8f9-4eed-b0dc-49ee4613066e,1.7773446710930255e+18
8425b25b-a8f9-4eed-b0dc-49ee4613066e,1.7773446711263675e+18
8425b25b-a8f9-4eed-b0dc-49ee4613066e,1.7773446711597105e+18
8425b25b-a8f9-4eed-b0dc-49ee4613066e,1.7773446711930534e+18
8425b25b-a8f9-4eed-b0dc-49ee4613066e,1.7773446712263954e+18
8425b25b-a8f9-4eed-b0dc-49ee4613066e,1.7773446712597384e+18
8425b25b-a8f9-4eed-b0dc-49ee4613066e,1.7773446712930813e+18
8425b25b-a8f9-4eed-b0dc-49ee4613066e,1.7773446713264236e+18
8425b25b-a8f9-4eed-b0dc-49ee4613066e,1.7773446713597665e+18
8425b25b-a8f9-4eed-b0dc-49ee4613066e,1.7773446713931095e+18
8425b25b-a8f9-4eed-b0dc-49ee4613066e,1.7773446714264515e+18
8425b25b-a8f9-4eed-b0dc-49ee4613066e,1.7773446714597944e+18
8425b25b-a8f9-4eed-b0dc-49ee4613066e,1.7773446714931374e+18
8425b25b-a8f9-4eed-b0dc-49ee4613066e,1.7773446715264794e+18
8425b25b-a8f9-4eed-b0dc-49ee4613066e,1.7773446715598223e+18
8425b25b-a8f9-4eed-b0dc-49ee4613066e,1.7773446715931645e+18
8425b25b-a8f9-4eed-b0dc-49ee4613066e,1.7773446716265075e+18
8425b25b-a8f9-4eed-b0dc-49ee4613066e,1.7773446716598505e+18
8425b25b-a8f9-4eed-b0dc-49ee4613066e,1.7773446716931924e+18
8425b25b-a8f9-4eed-b0dc-49ee4613066e,1.7773446717265354e+18
8425b25b-a8f9-4eed-b0dc-49ee4613066e,1.7773446717598784e+18
8425b25b-a8f9-4eed-b0dc-49ee4613066e,1.7773446717932204e+18
8425b25b-a8f9-4eed-b0dc-49ee4613066e,1.7773446718265633e+18
8425b25b-a8f9-4eed-b0dc-49ee4613066e,1.7773446718599066e+18
8425b25b-a8f9-4eed-b0dc-49ee4613066e,1.7773446718932485e+18
8425b25b-a8f9-4eed-b0dc-49ee4613066e,1.7773446719265915e+18
8425b25b-a8f9-4eed-b0dc-49ee4613066e,1.7773446719599345e+18
8425b25b-a8f9-4eed-b0dc-49ee4613066e,1.7773446719932764e+18
8425b25b-a8f9-4eed-b0dc-49ee4613066e,1.7773446720266194e+18
8425b25b-a8f9-4eed-b0dc-49ee4613066e,1.7773446720599624e+18
8425b25b-a8f9-4eed-b0dc-49ee4613066e,1.7773446720933043e+18
8425b25b-a8f9-4eed-b0dc-49ee4613066e,1.7773446721266476e+18
8425b25b-a8f9-4eed-b0dc-49ee4613066e,1.7773446721599905e+18
8425b25b-a8f9-4eed-b0dc-49ee4613066e,1.7773446721933325e+18
8425b25b-a8f9-4eed-b0dc-49ee4613066e,1.7773446722266755e+18
8425b25b-a8f9-4eed-b0dc-49ee4613066e,1.7773446722600184e+18
8425b25b-a8f9-4eed-b0dc-49ee4613066e,1.7773446722933604e+18
8425b25b-a8f9-4eed-b0dc-49ee4613066e,1.7773446723267034e+18
8425b25b-a8f9-4eed-b0dc-49ee4613066e,1.7773446723600463e+18
8425b25b-a8f9-4eed-b0dc-49ee4613066e,1.7773446723933885e+18
8425b25b-a8f9-4eed-b0dc-49ee4613066e,1.7773446724267315e+18
8425b25b-a8f9-4eed-b0dc-49ee4613066e,1.7773446724600745e+18
8425b25b-a8f9-4eed-b0dc-49ee4613066e,1.7773446724934164e+18
8425b25b-a8f9-4eed-b0dc-49ee4613066e,1.7773446725267594e+18
8425b25b-a8f9-4eed-b0dc-49ee4613066e,1.7773446725601024e+18
8425b25b-a8f9-4eed-b0dc-49ee4613066e,1.7773446725934444e+18
8425b25b-a8f9-4eed-b0dc-49ee4613066e,1.7773446726267873e+18
8425b25b-a8f9-4eed-b0dc-49ee4613066e,1.7773446726601306e+18
8425b25b-a8f9-4eed-b0dc-49ee4613066e,1.7773446726934725e+18
8425b25b-a8f9-4eed-b0dc-49ee4613066e,1.7773446727268155e+18
8425b25b-a8f9-4eed-b0dc-49ee4613066e,1.7773446727601585e+18
8425b25b-a8f9-4eed-b0dc-49ee4613066e,1.7773446727935004e+18
8425b25b-a8f9-4eed-b0dc-49ee4613066e,1.7773446728268434e+18
8425b25b-a8f9-4eed-b0dc-49ee4613066e,1.7773446728601864e+18
8425b25b-a8f9-4eed-b0dc-49ee4613066e,1.7773446728935286e+18
8425b25b-a8f9-4eed-b0dc-49ee4613066e,1.7773446729268716e+18
8425b25b-a8f9-4eed-b0dc-49ee4613066e,1.7773446729602145e+18
8425b25b-a8f9-4eed-b0dc-49ee4613066e,1.7773446729935565e+18
8425b25b-a8f9-4eed-b0dc-49ee4613066e,1.7773446730268995e+18
8425b25b-a8f9-4eed-b0dc-49ee4613066e,1.7773446730602414e+18
8425b25b-a8f9-4eed-b0dc-49ee4613066e,1.7773446730935844e+18
8425b25b-a8f9-4eed-b0dc-49ee4613066e,1.7773446731269274e+18
8425b25b-a8f9-4eed-b0dc-49ee4613066e,1.7773446731602696e+18
8425b25b-a8f9-4eed-b0dc-49ee4613066e,1.7773446731936125e+18
8425b25b-a8f9-4eed-b0dc-49ee4613066e,1.7773446732269555e+18
8425b25b-a8f9-4eed-b0dc-49ee4613066e,1.7773446732602975e+18
8425b25b-a8f9-4eed-b0dc-49ee4613066e,1.7773446732936404e+18
8425b25b-a8f9-4eed-b0dc-49ee4613066e,1.7773446733269834e+18
8425b25b-a8f9-4eed-b0dc-49ee4613066e,1.7773446733603254e+18
8425b25b-a8f9-4eed-b0dc-49ee4613066e,1.7773446733936684e+18
8425b25b-a8f9-4eed-b0dc-49ee4613066e,1.7773446734270113e+18
8425b25b-a8f9-4eed-b0dc-49ee4613066e,1.7773446734603535e+18
8425b25b-a8f9-4eed-b0dc-49ee4613066e,1.7773446734936965e+18
8425b25b-a8f9-4eed-b0dc-49ee4613066e,1.7773446735270395e+18
8425b25b-a8f9-4eed-b0dc-49ee4613066e,1.7773446735603814e+18
8425b25b-a8f9-4eed-b0dc-49ee4613066e,1.7773446735937244e+18
8425b25b-a8f9-4eed-b0dc-49ee4613066e,1.7773446736270674e+18
8425b25b-a8f9-4eed-b0dc-49ee4613066e,1.7773446736604093e+18
8425b25b-a8f9-4eed-b0dc-49ee4613066e,1.7773446736937523e+18
8425b25b-a8f9-4eed-b0dc-49ee4613066e,1.7773446737270956e+18
8425b25b-a8f9-4eed-b0dc-49ee4613066e,1.7773446737604375e+18
8425b25b-a8f9-4eed-b0dc-49ee4613066e,1.7773446737937805e+18
8425b25b-a8f9-4eed-b0dc-49ee4613066e,1.7773446738271235e+18
8425b25b-a8f9-4eed-b0dc-49ee4613066e,1.7773446738604654e+18
8425b25b-a8f9-4eed-b0dc-49ee4613066e,1.7773446738938084e+18
8425b25b-a8f9-4eed-b0dc-49ee4613066e,1.7773446739271514e+18
8425b25b-a8f9-4eed-b0dc-49ee4613066e,1.7773446739604936e+18
8425b25b-a8f9-4eed-b0dc-49ee4613066e,1.7773446739938365e+18
8425b25b-a8f9-4eed-b0dc-49ee4613066e,1.7773446740271795e+18
8425b25b-a8f9-4eed-b0dc-49ee4613066e,1.7773446740605215e+18
8425b25b-a8f9-4eed-b0dc-49ee4613066e,1.7773446740938644e+18
8425b25b-a8f9-4eed-b0dc-49ee4613066e,1.7773446741272074e+18
8425b25b-a8f9-4eed-b0dc-49ee4613066e,1.7773446741605494e+18
8425b25b-a8f9-4eed-b0dc-49ee4613066e,1.7773446741938924e+18
8425b25b-a8f9-4eed-b0dc-49ee4613066e,1.7773446742272353e+18
8425b25b-a8f9-4eed-b0dc-49ee4613066e,1.7773446742605775e+18
8425b25b-a8f9-4eed-b0dc-49ee4613066e,1.7773446742939205e+18
8425b25b-a8f9-4eed-b0dc-49ee4613066e,1.7773446743272635e+18
8425b25b-a8f9-4eed-b0dc-49ee4613066e,1.7773446743606054e+18
8425b25b-a8f9-4eed-b0dc-49ee4613066e,1.7773446743939484e+18
8425b25b-a8f9-4eed-b0dc-49ee4613066e,1.7773446744272914e+18
8425b25b-a8f9-4eed-b0dc-49ee4613066e,1.7773446744606333e+18
8425b25b-a8f9-4eed-b0dc-49ee4613066e,1.7773446744939766e+18
8425b25b-a8f9-4eed-b0dc-49ee4613066e,1.7773446745273196e+18
8425b25b-a8f9-4eed-b0dc-49ee4613066e,1.7773446745606615e+18
8425b25b-a8f9-4eed-b0dc-49ee4613066e,1.7773446745940045e+18
8425b25b-a8f9-4eed-b0dc-49ee4613066e,1.7773446746273475e+18
8425b25b-a8f9-4eed-b0dc-49ee4613066e,1.7773446746606894e+18
8425b25b-a8f9-4eed-b0dc-49ee4613066e,1.7773446746940324e+18
8425b25b-a8f9-4eed-b0dc-49ee4613066e,1.7773446747273743e+18
8425b25b-a8f9-4eed-b0dc-49ee4613066e,1.7773446747607176e+18
8425b25b-a8f9-4eed-b0dc-49ee4613066e,1.7773446747940605e+18
8425b25b-a8f9-4eed-b0dc-49ee4613066e,1.7773446748274025e+18
8425b25b-a8f9-4eed-b0dc-49ee4613066e,1.7773446748607455e+18
8425b25b-a8f9-4eed-b0dc-49ee4613066e,1.7773446748940884e+18
8425b25b-a8f9-4eed-b0dc-49ee4613066e,1.7773446749274304e+18
8425b25b-a8f9-4eed-b0dc-49ee4613066e,1.7773446749607734e+18
8425b25b-a8f9-4eed-b0dc-49ee4613066e,1.7773446749941164e+18
8425b25b-a8f9-4eed-b0dc-49ee4613066e,1.7773446750274586e+18
8425b25b-a8f9-4eed-b0dc-49ee4613066e,1.7773446750608015e+18
8425b25b-a8f9-4eed-b0dc-49ee4613066e,1.7773446750941445e+18
8425b25b-a8f9-4eed-b0dc-49ee4613066e,1.7773446751274865e+18
8425b25b-a8f9-4eed-b0dc-49ee4613066e,1.7773446751608294e+18
8425b25b-a8f9-4eed-b0dc-49ee4613066e,1.7773446751941724e+18
8425b25b-a8f9-4eed-b0dc-49ee4613066e,1.7773446752275144e+18
8425b25b-a8f9-4eed-b0dc-49ee4613066e,1.7773446752608573e+18
8425b25b-a8f9-4eed-b0dc-49ee4613066e,1.7773446752942003e+18
8425b25b-a8f9-4eed-b0dc-49ee4613066e,1.7773446753275425e+18
8425b25b-a8f9-4eed-b0dc-49ee4613066e,1.7773446753608855e+18
8425b25b-a8f9-4eed-b0dc-49ee4613066e,1.7773446753942285e+18
8425b25b-a8f9-4eed-b0dc-49ee4613066e,1.7773446754275704e+18
8425b25b-a8f9-4eed-b0dc-49ee4613066e,1.7773446754609134e+18
8425b25b-a8f9-4eed-b0dc-49ee4613066e,1.7773446754942564e+18
8425b25b-a8f9-4eed-b0dc-49ee4613066e,1.7773446755275983e+18
8425b25b-a8f9-4eed-b0dc-49ee4613066e,1.7773446755609416e+18
8425b25b-a8f9-4eed-b0dc-49ee4613066e,1.7773446755942845e+18
8425b25b-a8f9-4eed-b0dc-49ee4613066e,1.7773446756276265e+18
8425b25b-a8f9-4eed-b0dc-49ee4613066e,1.7773446756609695e+18
8425b25b-a8f9-4eed-b0dc-49ee4613066e,1.7773446756943124e+18
8425b25b-a8f9-4eed-b0dc-49ee4613066e,1.7773446757276544e+18
8425b25b-a8f9-4eed-b0dc-49ee4613066e,1.7773446757609974e+18
8425b25b-a8f9-4eed-b0dc-49ee4613066e,1.7773446757943404e+18
8425b25b-a8f9-4eed-b0dc-49ee4613066e,1.7773446758276826e+18
8425b25b-a8f9-4eed-b0dc-49ee4613066e,1.7773446758610255e+18
8425b25b-a8f9-4eed-b0dc-49ee4613066e,1.7773446758943685e+18
8425b25b-a8f9-4eed-b0dc-49ee4613066e,1.7773446759277105e+18
8425b25b-a8f9-4eed-b0dc-49ee4613066e,1.7773446759610534e+18
8425b25b-a8f9-4eed-b0dc-49ee4613066e,1.7773446759943964e+18
8425b25b-a8f9-4eed-b0dc-49ee4613066e,1.7773446760277384e+18
8425b25b-a8f9-4eed-b0dc-49ee4613066e,1.7773446760610813e+18
8425b25b-a8f9-4eed-b0dc-49ee4613066e,1.7773446760944246e+18
8425b25b-a8f9-4eed-b0dc-49ee4613066e,1.7773446761277665e+18
8425b25b-a8f9-4eed-b0dc-49ee4613066e,1.7773446761611095e+18
8425b25b-a8f9-4eed-b0dc-49ee4613066e,1.7773446761944525e+18
8425b25b-a8f9-4eed-b0dc-49ee4613066e,1.7773446762277944e+18
8425b25b-a8f9-4eed-b0dc-49ee4613066e,1.7773446762611374e+18
8425b25b-a8f9-4eed-b0dc-49ee4613066e,1.7773446762944804e+18
8425b25b-a8f9-4eed-b0dc-49ee4613066e,1.7773446763278223e+18
8425b25b-a8f9-4eed-b0dc-49ee4613066e,1.7773446763611656e+18
8425b25b-a8f9-4eed-b0dc-49ee4613066e,1.7773446763945075e+18
8425b25b-a8f9-4eed-b0dc-49ee4613066e,1.7773446764278505e+18
8425b25b-a8f9-4eed-b0dc-49ee4613066e,1.7773446764611935e+18
8425b25b-a8f9-4eed-b0dc-49ee4613066e,1.7773446764945354e+18
8425b25b-a8f9-4eed-b0dc-49ee4613066e,1.7773446765278784e+18
8425b25b-a8f9-4eed-b0dc-49ee4613066e,1.7773446765612214e+18
8425b25b-a8f9-4eed-b0dc-49ee4613066e,1.7773446765945633e+18
8425b25b-a8f9-4eed-b0dc-49ee4613066e,1.7773446766279066e+18
8425b25b-a8f9-4eed-b0dc-49ee4613066e,1.7773446766612495e+18
8425b25b-a8f9-4eed-b0dc-49ee4613066e,1.7773446766945915e+18
8425b25b-a8f9-4eed-b0dc-49ee4613066e,1.7773446767279345e+18
8425b25b-a8f9-4eed-b0dc-49ee4613066e,1.7773446767612774e+18
8425b25b-a8f9-4eed-b0dc-49ee4613066e,1.7773446767946194e+18
8425b25b-a8f9-4eed-b0dc-49ee4613066e,1.7773446768279624e+18
8425b25b-a8f9-4eed-b0dc-49ee4613066e,1.7773446768613053e+18
8425b25b-a8f9-4eed-b0dc-49ee4613066e,1.7773446768946476e+18
8425b25b-a8f9-4eed-b0dc-49ee4613066e,1.7773446769279905e+18
8425b25b-a8f9-4eed-b0dc-49ee4613066e,1.7773446769613335e+18
8425b25b-a8f9-4eed-b0dc-49ee4613066e,1.7773446769946755e+18
8425b25b-a8f9-4eed-b0dc-49ee4613066e,1.7773446770280184e+18
8425b25b-a8f9-4eed-b0dc-49ee4613066e,1.7773446770613614e+18
8425b25b-a8f9-4eed-b0dc-49ee4613066e,1.7773446770947034e+18
8425b25b-a8f9-4eed-b0dc-49ee4613066e,1.7773446771280463e+18
8425b25b-a8f9-4eed-b0dc-49ee4613066e,1.7773446771613896e+18
8425b25b-a8f9-4eed-b0dc-49ee4613066e,1.7773446771947315e+18
8425b25b-a8f9-4eed-b0dc-49ee4613066e,1.7773446772280745e+18
8425b25b-a8f9-4eed-b0dc-49ee4613066e,1.7773446772614175e+18
8425b25b-a8f9-4eed-b0dc-49ee4613066e,1.7773446772947594e+18
8425b25b-a8f9-4eed-b0dc-49ee4613066e,1.7773446773281024e+18
8425b25b-a8f9-4eed-b0dc-49ee4613066e,1.7773446773614454e+18
8425b25b-a8f9-4eed-b0dc-49ee4613066e,1.7773446773947873e+18
8425b25b-a8f9-4eed-b0dc-49ee4613066e,1.7773446774281306e+18
8425b25b-a8f9-4eed-b0dc-49ee4613066e,1.7773446774614735e+18
8425b25b-a8f9-4eed-b0dc-49ee4613066e,1.7773446774948155e+18
8425b25b-a8f9-4eed-b0dc-49ee4613066e,1.7773446775281585e+18
8425b25b-a8f9-4eed-b0dc-49ee4613066e,1.7773446775615014e+18
8425b25b-a8f9-4eed-b0dc-49ee4613066e,1.7773446775948434e+18
8425b25b-a8f9-4eed-b0dc-49ee4613066e,1.7773446776281864e+18
8425b25b-a8f9-4eed-b0dc-49ee4613066e,1.7773446776615293e+18
8425b25b-a8f9-4eed-b0dc-49ee4613066e,1.7773446776948716e+18
8425b25b-a8f9-4eed-b0dc-49ee4613066e,1.7773446777282145e+18
8425b25b-a8f9-4eed-b0dc-49ee4613066e,1.7773446777615575e+18
8425b25b-a8f9-4eed-b0dc-49ee4613066e,1.7773446777948995e+18
8425b25b-a8f9-4eed-b0dc-49ee4613066e,1.7773446778282424e+18
8425b25b-a8f9-4eed-b0dc-49ee4613066e,1.7773446778615844e+18
8425b25b-a8f9-4eed-b0dc-49ee4613066e,1.7773446778949274e+18
8425b25b-a8f9-4eed-b0dc-49ee4613066e,1.7773446779282703e+18
8425b25b-a8f9-4eed-b0dc-49ee4613066e,1.7773446779616125e+18
8425b25b-a8f9-4eed-b0dc-49ee4613066e,1.7773446779949555e+18
8425b25b-a8f9-4eed-b0dc-49ee4613066e,1.7773446780282985e+18
8425b25b-a8f9-4eed-b0dc-49ee4613066e,1.7773446780616404e+18
8425b25b-a8f9-4eed-b0dc-49ee4613066e,1.7773446780949834e+18
8425b25b-a8f9-4eed-b0dc-49ee4613066e,1.7773446781283264e+18
8425b25b-a8f9-4eed-b0dc-49ee4613066e,1.7773446781616684e+18
8425b25b-a8f9-4eed-b0dc-49ee4613066e,1.7773446781950113e+18
8425b25b-a8f9-4eed-b0dc-49ee4613066e,1.7773446782283546e+18
8425b25b-a8f9-4eed-b0dc-49ee4613066e,1.7773446782616965e+18
8425b25b-a8f9-4eed-b0dc-49ee4613066e,1.7773446782950395e+18
8425b25b-a8f9-4eed-b0dc-49ee4613066e,1.7773446783283825e+18
8425b25b-a8f9-4eed-b0dc-49ee4613066e,1.7773446783617244e+18
8425b25b-a8f9-4eed-b0dc-49ee4613066e,1.7773446783950674e+18
8425b25b-a8f9-4eed-b0dc-49ee4613066e,1.7773446784284104e+18
8425b25b-a8f9-4eed-b0dc-49ee4613066e,1.7773446784617523e+18
8425b25b-a8f9-4eed-b0dc-49ee4613066e,1.7773446784950956e+18
8425b25b-a8f9-4eed-b0dc-49ee4613066e,1.7773446785284385e+18
8425b25b-a8f9-4eed-b0dc-49ee4613066e,1.7773446785617805e+18
8425b25b-a8f9-4eed-b0dc-49ee4613066e,1.7773446785951235e+18
8425b25b-a8f9-4eed-b0dc-49ee4613066e,1.7773446786284664e+18
8425b25b-a8f9-4eed-b0dc-49ee4613066e,1.7773446786618084e+18
8425b25b-a8f9-4eed-b0dc-49ee4613066e,1.7773446786951514e+18
8425b25b-a8f9-4eed-b0dc-49ee4613066e,1.7773446787284943e+18
8425b25b-a8f9-4eed-b0dc-49ee4613066e,1.7773446787618365e+18
8425b25b-a8f9-4eed-b0dc-49ee4613066e,1.7773446787951795e+18
8425b25b-a8f9-4eed-b0dc-49ee4613066e,1.7773446788285225e+18
8425b25b-a8f9-4eed-b0dc-49ee4613066e,1.7773446788618644e+18
8425b25b-a8f9-4eed-b0dc-49ee4613066e,1.7773446788952074e+18
8425b25b-a8f9-4eed-b0dc-49ee4613066e,1.7773446789285504e+18
8425b25b-a8f9-4eed-b0dc-49ee4613066e,1.7773446789618924e+18
8425b25b-a8f9-4eed-b0dc-49ee4613066e,1.7773446789952353e+18
8425b25b-a8f9-4eed-b0dc-49ee4613066e,1.7773446790285786e+18
8425b25b-a8f9-4eed-b0dc-49ee4613066e,1.7773446790619205e+18
8425b25b-a8f9-4eed-b0dc-49ee4613066e,1.7773446790952635e+18
8425b25b-a8f9-4eed-b0dc-49ee4613066e,1.7773446791286065e+18
8425b25b-a8f9-4eed-b0dc-49ee4613066e,1.7773446791619484e+18
8425b25b-a8f9-4eed-b0dc-49ee4613066e,1.7773446791952914e+18
8425b25b-a8f9-4eed-b0dc-49ee4613066e,1.7773446792286344e+18
8425b25b-a8f9-4eed-b0dc-49ee4613066e,1.7773446792619766e+18
8425b25b-a8f9-4eed-b0dc-49ee4613066e,1.7773446792953196e+18
8425b25b-a8f9-4eed-b0dc-49ee4613066e,1.7773446793286625e+18
8425b25b-a8f9-4eed-b0dc-49ee4613066e,1.7773446793620045e+18
8425b25b-a8f9-4eed-b0dc-49ee4613066e,1.7773446793953475e+18
8425b25b-a8f9-4eed-b0dc-49ee4613066e,1.7773446794286904e+18
8425b25b-a8f9-4eed-b0dc-49ee4613066e,1.7773446794620324e+18
8425b25b-a8f9-4eed-b0dc-49ee4613066e,1.7773446794953754e+18
8425b25b-a8f9-4eed-b0dc-49ee4613066e,1.7773446795287183e+18
8425b25b-a8f9-4eed-b0dc-49ee4613066e,1.7773446795620605e+18
8425b25b-a8f9-4eed-b0dc-49ee4613066e,1.7773446795954035e+18
8425b25b-a8f9-4eed-b0dc-49ee4613066e,1.7773446796287465e+18
8425b25b-a8f9-4eed-b0dc-49ee4613066e,1.7773446796620884e+18
8425b25b-a8f9-4eed-b0dc-49ee4613066e,1.7773446796954314e+18
8425b25b-a8f9-4eed-b0dc-49ee4613066e,1.7773446797287734e+18
8425b25b-a8f9-4eed-b0dc-49ee4613066e,1.7773446797621164e+18
8425b25b-a8f9-4eed-b0dc-49ee4613066e,1.7773446797954593e+18
8425b25b-a8f9-4eed-b0dc-49ee4613066e,1.7773446798288015e+18
8425b25b-a8f9-4eed-b0dc-49ee4613066e,1.7773446798621445e+18
8425b25b-a8f9-4eed-b0dc-49ee4613066e,1.7773446798954875e+18
8425b25b-a8f9-4eed-b0dc-49ee4613066e,1.7773446799288294e+18
8425b25b-a8f9-4eed-b0dc-49ee4613066e,1.7773446799621724e+18
8425b25b-a8f9-4eed-b0dc-49ee4613066e,1.7773446799955154e+18
8425b25b-a8f9-4eed-b0dc-49ee4613066e,1.7773446800288573e+18
8425b25b-a8f9-4eed-b0dc-49ee4613066e,1.7773446800622003e+18
8425b25b-a8f9-4eed-b0dc-49ee4613066e,1.7773446800955436e+18
8425b25b-a8f9-4eed-b0dc-49ee4613066e,1.7773446801288855e+18
8425b25b-a8f9-4eed-b0dc-49ee4613066e,1.7773446801622285e+18
8425b25b-a8f9-4eed-b0dc-49ee4613066e,1.7773446801955715e+18
8425b25b-a8f9-4eed-b0dc-49ee4613066e,1.7773446802289134e+18
8425b25b-a8f9-4eed-b0dc-49ee4613066e,1.7773446802622564e+18
8425b25b-a8f9-4eed-b0dc-49ee4613066e,1.7773446802955994e+18
8425b25b-a8f9-4eed-b0dc-49ee4613066e,1.7773446803289416e+18
8425b25b-a8f9-4eed-b0dc-49ee4613066e,1.7773446803622845e+18
8425b25b-a8f9-4eed-b0dc-49ee4613066e,1.7773446803956275e+18
8425b25b-a8f9-4eed-b0dc-49ee4613066e,1.7773446804289695e+18
8425b25b-a8f9-4eed-b0dc-49ee4613066e,1.7773446804623124e+18
8425b25b-a8f9-4eed-b0dc-49ee4613066e,1.7773446804956554e+18
8425b25b-a8f9-4eed-b0dc-49ee4613066e,1.7773446805289974e+18
8425b25b-a8f9-4eed-b0dc-49ee4613066e,1.7773446805623404e+18
8425b25b-a8f9-4eed-b0dc-49ee4613066e,1.7773446805956833e+18
8425b25b-a8f9-4eed-b0dc-49ee4613066e,1.7773446806290255e+18
8425b25b-a8f9-4eed-b0dc-49ee4613066e,1.7773446806623685e+18
8425b25b-a8f9-4eed-b0dc-49ee4613066e,1.7773446806957115e+18
8425b25b-a8f9-4eed-b0dc-49ee4613066e,1.7773446807290534e+18
8425b25b-a8f9-4eed-b0dc-49ee4613066e,1.7773446807623964e+18
8425b25b-a8f9-4eed-b0dc-49ee4613066e,1.7773446807957394e+18
8425b25b-a8f9-4eed-b0dc-49ee4613066e,1.7773446808290813e+18
8425b25b-a8f9-4eed-b0dc-49ee4613066e,1.7773446808624246e+18
8425b25b-a8f9-4eed-b0dc-49ee4613066e,1.7773446808957676e+18
8425b25b-a8f9-4eed-b0dc-49ee4613066e,1.7773446809291095e+18
8425b25b-a8f9-4eed-b0dc-49ee4613066e,1.7773446809624525e+18
8425b25b-a8f9-4eed-b0dc-49ee4613066e,1.7773446809957955e+18
8425b25b-a8f9-4eed-b0dc-49ee4613066e,1.7773446810291374e+18
8425b25b-a8f9-4eed-b0dc-49ee4613066e,1.7773446810624804e+18
8425b25b-a8f9-4eed-b0dc-49ee4613066e,1.7773446810958234e+18
8425b25b-a8f9-4eed-b0dc-49ee4613066e,1.7773446811291656e+18
8425b25b-a8f9-4eed-b0dc-49ee4613066e,1.7773446811625085e+18
8425b25b-a8f9-4eed-b0dc-49ee4613066e,1.7773446811958505e+18
8425b25b-a8f9-4eed-b0dc-49ee4613066e,1.7773446812291935e+18
8425b25b-a8f9-4eed-b0dc-49ee4613066e,1.7773446812625364e+18
8425b25b-a8f9-4eed-b0dc-49ee4613066e,1.7773446812958784e+18
8425b25b-a8f9-4eed-b0dc-49ee4613066e,1.7773446813292214e+18
8425b25b-a8f9-4eed-b0dc-49ee4613066e,1.7773446813625644e+18
8425b25b-a8f9-4eed-b0dc-49ee4613066e,1.7773446813959066e+18
8425b25b-a8f9-4eed-b0dc-49ee4613066e,1.7773446814292495e+18
8425b25b-a8f9-4eed-b0dc-49ee4613066e,1.7773446814625925e+18
8425b25b-a8f9-4eed-b0dc-49ee4613066e,1.7773446814959345e+18
8425b25b-a8f9-4eed-b0dc-49ee4613066e,1.7773446815292774e+18
8425b25b-a8f9-4eed-b0dc-49ee4613066e,1.7773446815626204e+18
8425b25b-a8f9-4eed-b0dc-49ee4613066e,1.7773446815959624e+18
8425b25b-a8f9-4eed-b0dc-49ee4613066e,1.7773446816293053e+18
8425b25b-a8f9-4eed-b0dc-49ee4613066e,1.7773446816626483e+18
8425b25b-a8f9-4eed-b0dc-49ee4613066e,1.7773446816959905e+18
8425b25b-a8f9-4eed-b0dc-49ee4613066e,1.7773446817293335e+18
8425b25b-a8f9-4eed-b0dc-49ee4613066e,1.7773446817626765e+18
8425b25b-a8f9-4eed-b0dc-49ee4613066e,1.7773446817960184e+18
8425b25b-a8f9-4eed-b0dc-49ee4613066e,1.7773446818293614e+18
8425b25b-a8f9-4eed-b0dc-49ee4613066e,1.7773446818627044e+18
8425b25b-a8f9-4eed-b0dc-49ee4613066e,1.7773446818960463e+18
8425b25b-a8f9-4eed-b0dc-49ee4613066e,1.7773446819293896e+18
8425b25b-a8f9-4eed-b0dc-49ee4613066e,1.7773446819627325e+18
8425b25b-a8f9-4eed-b0dc-49ee4613066e,1.7773446819960745e+18
8425b25b-a8f9-4eed-b0dc-49ee4613066e,1.7773446820294175e+18
8425b25b-a8f9-4eed-b0dc-49ee4613066e,1.7773446820627604e+18
8425b25b-a8f9-4eed-b0dc-49ee4613066e,1.7773446820961024e+18
8425b25b-a8f9-4eed-b0dc-49ee4613066e,1.7773446821294454e+18
8425b25b-a8f9-4eed-b0dc-49ee4613066e,1.7773446821627884e+18
8425b25b-a8f9-4eed-b0dc-49ee4613066e,1.7773446821961306e+18
8425b25b-a8f9-4eed-b0dc-49ee4613066e,1.7773446822294735e+18
8425b25b-a8f9-4eed-b0dc-49ee4613066e,1.7773446822628165e+18
8425b25b-a8f9-4eed-b0dc-49ee4613066e,1.7773446822961585e+18
8425b25b-a8f9-4eed-b0dc-49ee4613066e,1.7773446823295014e+18
8425b25b-a8f9-4eed-b0dc-49ee4613066e,1.7773446823628444e+18
8425b25b-a8f9-4eed-b0dc-49ee4613066e,1.7773446823961864e+18
8425b25b-a8f9-4eed-b0dc-49ee4613066e,1.7773446824295293e+18
8425b25b-a8f9-4eed-b0dc-49ee4613066e,1.7773446824628726e+18
8425b25b-a8f9-4eed-b0dc-49ee4613066e,1.7773446824962145e+18
8425b25b-a8f9-4eed-b0dc-49ee4613066e,1.7773446825295575e+18
8425b25b-a8f9-4eed-b0dc-49ee4613066e,1.7773446825629005e+18
8425b25b-a8f9-4eed-b0dc-49ee4613066e,1.7773446825962424e+18
8425b25b-a8f9-4eed-b0dc-49ee4613066e,1.7773446826295854e+18
8425b25b-a8f9-4eed-b0dc-49ee4613066e,1.7773446826629284e+18
8425b25b-a8f9-4eed-b0dc-49ee4613066e,1.7773446826962703e+18
8425b25b-a8f9-4eed-b0dc-49ee4613066e,1.7773446827296136e+18
8425b25b-a8f9-4eed-b0dc-49ee4613066e,1.7773446827629565e+18
8425b25b-a8f9-4eed-b0dc-49ee4613066e,1.7773446827962985e+18
8425b25b-a8f9-4eed-b0dc-49ee4613066e,1.7773446828296415e+18
8425b25b-a8f9-4eed-b0dc-49ee4613066e,1.7773446828629844e+18
8425b25b-a8f9-4eed-b0dc-49ee4613066e,1.7773446828963264e+18
8425b25b-a8f9-4eed-b0dc-49ee4613066e,1.7773446829296694e+18
8425b25b-a8f9-4eed-b0dc-49ee4613066e,1.7773446829630124e+18
8425b25b-a8f9-4eed-b0dc-49ee4613066e,1.7773446829963546e+18
8425b25b-a8f9-4eed-b0dc-49ee4613066e,1.7773446830296975e+18
8425b25b-a8f9-4eed-b0dc-49ee4613066e,1.7773446830630395e+18
8425b25b-a8f9-4eed-b0dc-49ee4613066e,1.7773446830963825e+18
8425b25b-a8f9-4eed-b0dc-49ee4613066e,1.7773446831297254e+18
8425b25b-a8f9-4eed-b0dc-49ee4613066e,1.7773446831630674e+18
8425b25b-a8f9-4eed-b0dc-49ee4613066e,1.7773446831964104e+18
8425b25b-a8f9-4eed-b0dc-49ee4613066e,1.7773446832297533e+18
8425b25b-a8f9-4eed-b0dc-49ee4613066e,1.7773446832630956e+18
8425b25b-a8f9-4eed-b0dc-49ee4613066e,1.7773446832964385e+18
8425b25b-a8f9-4eed-b0dc-49ee4613066e,1.7773446833297815e+18
8425b25b-a8f9-4eed-b0dc-49ee4613066e,1.7773446833631235e+18
8425b25b-a8f9-4eed-b0dc-49ee4613066e,1.7773446833964664e+18
8425b25b-a8f9-4eed-b0dc-49ee4613066e,1.7773446834298094e+18
8425b25b-a8f9-4eed-b0dc-49ee4613066e,1.7773446834631514e+18
8425b25b-a8f9-4eed-b0dc-49ee4613066e,1.7773446834964943e+18
8425b25b-a8f9-4eed-b0dc-49ee4613066e,1.7773446835298376e+18
8425b25b-a8f9-4eed-b0dc-49ee4613066e,1.7773446835631795e+18
8425b25b-a8f9-4eed-b0dc-49ee4613066e,1.7773446835965225e+18
8425b25b-a8f9-4eed-b0dc-49ee4613066e,1.7773446836298655e+18
8425b25b-a8f9-4eed-b0dc-49ee4613066e,1.7773446836632074e+18
8425b25b-a8f9-4eed-b0dc-49ee4613066e,1.7773446836965504e+18
8425b25b-a8f9-4eed-b0dc-49ee4613066e,1.7773446837298934e+18
8425b25b-a8f9-4eed-b0dc-49ee4613066e,1.7773446837632353e+18
8425b25b-a8f9-4eed-b0dc-49ee4613066e,1.7773446837965786e+18
8425b25b-a8f9-4eed-b0dc-49ee4613066e,1.7773446838299215e+18
8425b25b-a8f9-4eed-b0dc-49ee4613066e,1.7773446838632635e+18
8425b25b-a8f9-4eed-b0dc-49ee4613066e,1.7773446838966065e+18
8425b25b-a8f9-4eed-b0dc-49ee4613066e,1.7773446839299494e+18
8425b25b-a8f9-4eed-b0dc-49ee4613066e,1.7773446839632914e+18
8425b25b-a8f9-4eed-b0dc-49ee4613066e,1.7773446839966344e+18
8425b25b-a8f9-4eed-b0dc-49ee4613066e,1.7773446840299773e+18
8425b25b-a8f9-4eed-b0dc-49ee4613066e,1.7773446840633196e+18
8425b25b-a8f9-4eed-b0dc-49ee4613066e,1.7773446840966625e+18
8425b25b-a8f9-4eed-b0dc-49ee4613066e,1.7773446841300055e+18
8425b25b-a8f9-4eed-b0dc-49ee4613066e,1.7773446841633475e+18
8425b25b-a8f9-4eed-b0dc-49ee4613066e,1.7773446841966904e+18
8425b25b-a8f9-4eed-b0dc-49ee4613066e,1.7773446842300334e+18
8425b25b-a8f9-4eed-b0dc-49ee4613066e,1.7773446842633754e+18
8425b25b-a8f9-4eed-b0dc-49ee4613066e,1.7773446842967183e+18
8425b25b-a8f9-4eed-b0dc-49ee4613066e,1.7773446843300616e+18
8425b25b-a8f9-4eed-b0dc-49ee4613066e,1.7773446843634035e+18
8425b25b-a8f9-4eed-b0dc-49ee4613066e,1.7773446843967465e+18
8425b25b-a8f9-4eed-b0dc-49ee4613066e,1.7773446844300895e+18
8425b25b-a8f9-4eed-b0dc-49ee4613066e,1.7773446844634314e+18
8425b25b-a8f9-4eed-b0dc-49ee4613066e,1.7773446844967744e+18
8425b25b-a8f9-4eed-b0dc-49ee4613066e,1.7773446845301164e+18
8425b25b-a8f9-4eed-b0dc-49ee4613066e,1.7773446845634593e+18
8425b25b-a8f9-4eed-b0dc-49ee4613066e,1.7773446845968026e+18
8425b25b-a8f9-4eed-b0dc-49ee4613066e,1.7773446846301445e+18
8425b25b-a8f9-4eed-b0dc-49ee4613066e,1.7773446846634875e+18
8425b25b-a8f9-4eed-b0dc-49ee4613066e,1.7773446846968305e+18
8425b25b-a8f9-4eed-b0dc-49ee4613066e,1.7773446847301724e+18
8425b25b-a8f9-4eed-b0dc-49ee4613066e,1.7773446847635154e+18
8425b25b-a8f9-4eed-b0dc-49ee4613066e,1.7773446847968584e+18
8425b25b-a8f9-4eed-b0dc-49ee4613066e,1.7773446848302003e+18
8425b25b-a8f9-4eed-b0dc-49ee4613066e,1.7773446848635436e+18
8425b25b-a8f9-4eed-b0dc-49ee4613066e,1.7773446848968865e+18
8425b25b-a8f9-4eed-b0dc-49ee4613066e,1.7773446849302285e+18
8425b25b-a8f9-4eed-b0dc-49ee4613066e,1.7773446849635715e+18
8425b25b-a8f9-4eed-b0dc-49ee4613066e,1.7773446849969144e+18
8425b25b-a8f9-4eed-b0dc-49ee4613066e,1.7773446850302564e+18
8425b25b-a8f9-4eed-b0dc-49ee4613066e,1.7773446850635994e+18
8425b25b-a8f9-4eed-b0dc-49ee4613066e,1.7773446850969423e+18
8425b25b-a8f9-4eed-b0dc-49ee4613066e,1.7773446851302845e+18
8425b25b-a8f9-4eed-b0dc-49ee4613066e,1.7773446851636275e+18
8425b25b-a8f9-4eed-b0dc-49ee4613066e,1.7773446851969705e+18
8425b25b-a8f9-4eed-b0dc-49ee4613066e,1.7773446852303124e+18
8425b25b-a8f9-4eed-b0dc-49ee4613066e,1.7773446852636554e+18
8425b25b-a8f9-4eed-b0dc-49ee4613066e,1.7773446852969984e+18
8425b25b-a8f9-4eed-b0dc-49ee4613066e,1.7773446853303404e+18
8425b25b-a8f9-4eed-b0dc-49ee4613066e,1.7773446853636833e+18
8425b25b-a8f9-4eed-b0dc-49ee4613066e,1.7773446853970266e+18
8425b25b-a8f9-4eed-b0dc-49ee4613066e,1.7773446854303685e+18
8425b25b-a8f9-4eed-b0dc-49ee4613066e,1.7773446854637115e+18
8425b25b-a8f9-4eed-b0dc-49ee4613066e,1.7773446854970545e+18
8425b25b-a8f9-4eed-b0dc-49ee4613066e,1.7773446855303964e+18
8425b25b-a8f9-4eed-b0dc-49ee4613066e,1.7773446855637394e+18
8425b25b-a8f9-4eed-b0dc-49ee4613066e,1.7773446855970824e+18
8425b25b-a8f9-4eed-b0dc-49ee4613066e,1.7773446856304246e+18
8425b25b-a8f9-4eed-b0dc-49ee4613066e,1.7773446856637676e+18
8425b25b-a8f9-4eed-b0dc-49ee4613066e,1.7773446856971105e+18
8425b25b-a8f9-4eed-b0dc-49ee4613066e,1.7773446857304525e+18
8425b25b-a8f9-4eed-b0dc-49ee4613066e,1.7773446857637955e+18
8425b25b-a8f9-4eed-b0dc-49ee4613066e,1.7773446857971384e+18
8425b25b-a8f9-4eed-b0dc-49ee4613066e,1.7773446858304804e+18
8425b25b-a8f9-4eed-b0dc-49ee4613066e,1.7773446858638234e+18
8425b25b-a8f9-4eed-b0dc-49ee4613066e,1.7773446858971663e+18
8425b25b-a8f9-4eed-b0dc-49ee4613066e,1.7773446859305085e+18
8425b25b-a8f9-4eed-b0dc-49ee4613066e,1.7773446859638515e+18
8425b25b-a8f9-4eed-b0dc-49ee4613066e,1.7773446859971945e+18
8425b25b-a8f9-4eed-b0dc-49ee4613066e,1.7773446860305364e+18
8425b25b-a8f9-4eed-b0dc-49ee4613066e,1.7773446860638794e+18
8425b25b-a8f9-4eed-b0dc-49ee4613066e,1.7773446860972224e+18
8425b25b-a8f9-4eed-b0dc-49ee4613066e,1.7773446861305644e+18
8425b25b-a8f9-4eed-b0dc-49ee4613066e,1.7773446861639073e+18
8425b25b-a8f9-4eed-b0dc-49ee4613066e,1.7773446861972506e+18
8425b25b-a8f9-4eed-b0dc-49ee4613066e,1.7773446862305925e+18
8425b25b-a8f9-4eed-b0dc-49ee4613066e,1.7773446862639355e+18
8425b25b-a8f9-4eed-b0dc-49ee4613066e,1.7773446862972774e+18
8425b25b-a8f9-4eed-b0dc-49ee4613066e,1.7773446863306204e+18
8425b25b-a8f9-4eed-b0dc-49ee4613066e,1.7773446863639634e+18
8425b25b-a8f9-4eed-b0dc-49ee4613066e,1.7773446863973053e+18
8425b25b-a8f9-4eed-b0dc-49ee4613066e,1.7773446864306483e+18
8425b25b-a8f9-4eed-b0dc-49ee4613066e,1.7773446864639916e+18
8425b25b-a8f9-4eed-b0dc-49ee4613066e,1.7773446864973335e+18
8425b25b-a8f9-4eed-b0dc-49ee4613066e,1.7773446865306765e+18
8425b25b-a8f9-4eed-b0dc-49ee4613066e,1.7773446865640195e+18
8425b25b-a8f9-4eed-b0dc-49ee4613066e,1.7773446865973614e+18
8425b25b-a8f9-4eed-b0dc-49ee4613066e,1.7773446866307044e+18
8425b25b-a8f9-4eed-b0dc-49ee4613066e,1.7773446866640474e+18
8425b25b-a8f9-4eed-b0dc-49ee4613066e,1.7773446866973896e+18
8425b25b-a8f9-4eed-b0dc-49ee4613066e,1.7773446867307325e+18
8425b25b-a8f9-4eed-b0dc-49ee4613066e,1.7773446867640755e+18
8425b25b-a8f9-4eed-b0dc-49ee4613066e,1.7773446867974175e+18
8425b25b-a8f9-4eed-b0dc-49ee4613066e,1.7773446868307604e+18
8425b25b-a8f9-4eed-b0dc-49ee4613066e,1.7773446868641034e+18
8425b25b-a8f9-4eed-b0dc-49ee4613066e,1.7773446868974454e+18
8425b25b-a8f9-4eed-b0dc-49ee4613066e,1.7773446869307884e+18
8425b25b-a8f9-4eed-b0dc-49ee4613066e,1.7773446869641313e+18
8425b25b-a8f9-4eed-b0dc-49ee4613066e,1.7773446869974735e+18
8425b25b-a8f9-4eed-b0dc-49ee4613066e,1.7773446870308165e+18
8425b25b-a8f9-4eed-b0dc-49ee4613066e,1.7773446870641595e+18
8425b25b-a8f9-4eed-b0dc-49ee4613066e,1.7773446870975014e+18
8425b25b-a8f9-4eed-b0dc-49ee4613066e,1.7773446871308444e+18
8425b25b-a8f9-4eed-b0dc-49ee4613066e,1.7773446871641874e+18
8425b25b-a8f9-4eed-b0dc-49ee4613066e,1.7773446871975293e+18
8425b25b-a8f9-4eed-b0dc-49ee4613066e,1.7773446872308726e+18
8425b25b-a8f9-4eed-b0dc-49ee4613066e,1.7773446872642156e+18
8425b25b-a8f9-4eed-b0dc-49ee4613066e,1.7773446872975575e+18
8425b25b-a8f9-4eed-b0dc-49ee4613066e,1.7773446873309005e+18
8425b25b-a8f9-4eed-b0dc-49ee4613066e,1.7773446873642435e+18
8425b25b-a8f9-4eed-b0dc-49ee4613066e,1.7773446873975854e+18
8425b25b-a8f9-4eed-b0dc-49ee4613066e,1.7773446874309284e+18
8425b25b-a8f9-4eed-b0dc-49ee4613066e,1.7773446874642714e+18
8425b25b-a8f9-4eed-b0dc-49ee4613066e,1.7773446874976136e+18
8425b25b-a8f9-4eed-b0dc-49ee4613066e,1.7773446875309565e+18
8425b25b-a8f9-4eed-b0dc-49ee4613066e,1.7773446875642995e+18
8425b25b-a8f9-4eed-b0dc-49ee4613066e,1.7773446875976415e+18
8425b25b-a8f9-4eed-b0dc-49ee4613066e,1.7773446876309844e+18
8425b25b-a8f9-4eed-b0dc-49ee4613066e,1.7773446876643274e+18
8425b25b-a8f9-4eed-b0dc-49ee4613066e,1.7773446876976694e+18
8425b25b-a8f9-4eed-b0dc-49ee4613066e,1.7773446877310124e+18
8425b25b-a8f9-4eed-b0dc-49ee4613066e,1.7773446877643553e+18
8425b25b-a8f9-4eed-b0dc-49ee4613066e,1.7773446877976975e+18
8425b25b-a8f9-4eed-b0dc-49ee4613066e,1.7773446878310405e+18
8425b25b-a8f9-4eed-b0dc-49ee4613066e,1.7773446878643825e+18
8425b25b-a8f9-4eed-b0dc-49ee4613066e,1.7773446878977254e+18
8425b25b-a8f9-4eed-b0dc-49ee4613066e,1.7773446879310684e+18
8425b25b-a8f9-4eed-b0dc-49ee4613066e,1.7773446879644104e+18
8425b25b-a8f9-4eed-b0dc-49ee4613066e,1.7773446879977533e+18
8425b25b-a8f9-4eed-b0dc-49ee4613066e,1.7773446880310963e+18
8425b25b-a8f9-4eed-b0dc-49ee4613066e,1.7773446880644385e+18
8425b25b-a8f9-4eed-b0dc-49ee4613066e,1.7773446880977815e+18
8425b25b-a8f9-4eed-b0dc-49ee4613066e,1.7773446881311245e+18
8425b25b-a8f9-4eed-b0dc-49ee4613066e,1.7773446881644664e+18
8425b25b-a8f9-4eed-b0dc-49ee4613066e,1.7773446881978094e+18
8425b25b-a8f9-4eed-b0dc-49ee4613066e,1.7773446882311524e+18
8425b25b-a8f9-4eed-b0dc-49ee4613066e,1.7773446882644943e+18
8425b25b-a8f9-4eed-b0dc-49ee4613066e,1.7773446882978376e+18
8425b25b-a8f9-4eed-b0dc-49ee4613066e,1.7773446883311805e+18
8425b25b-a8f9-4eed-b0dc-49ee4613066e,1.7773446883645225e+18
8425b25b-a8f9-4eed-b0dc-49ee4613066e,1.7773446883978655e+18
8425b25b-a8f9-4eed-b0dc-49ee4613066e,1.7773446884312084e+18
8425b25b-a8f9-4eed-b0dc-49ee4613066e,1.7773446884645504e+18
8425b25b-a8f9-4eed-b0dc-49ee4613066e,1.7773446884978934e+18
8425b25b-a8f9-4eed-b0dc-49ee4613066e,1.7773446885312364e+18
8425b25b-a8f9-4eed-b0dc-49ee4613066e,1.7773446885645786e+18
8425b25b-a8f9-4eed-b0dc-49ee4613066e,1.7773446885979215e+18
8425b25b-a8f9-4eed-b0dc-49ee4613066e,1.7773446886312645e+18
8425b25b-a8f9-4eed-b0dc-49ee4613066e,1.7773446886646065e+18
8425b25b-a8f9-4eed-b0dc-49ee4613066e,1.7773446886979494e+18
8425b25b-a8f9-4eed-b0dc-49ee4613066e,1.7773446887312924e+18
8425b25b-a8f9-4eed-b0dc-49ee4613066e,1.7773446887646344e+18
8425b25b-a8f9-4eed-b0dc-49ee4613066e,1.7773446887979773e+18
8425b25b-a8f9-4eed-b0dc-49ee4613066e,1.7773446888313206e+18
8425b25b-a8f9-4eed-b0dc-49ee4613066e,1.7773446888646625e+18
8425b25b-a8f9-4eed-b0dc-49ee4613066e,1.7773446888980055e+18
8425b25b-a8f9-4eed-b0dc-49ee4613066e,1.7773446889313485e+18
8425b25b-a8f9-4eed-b0dc-49ee4613066e,1.7773446889646904e+18
8425b25b-a8f9-4eed-b0dc-49ee4613066e,1.7773446889980334e+18
8425b25b-a8f9-4eed-b0dc-49ee4613066e,1.7773446890313764e+18
8425b25b-a8f9-4eed-b0dc-49ee4613066e,1.7773446890647183e+18
8425b25b-a8f9-4eed-b0dc-49ee4613066e,1.7773446890980616e+18
8425b25b-a8f9-4eed-b0dc-49ee4613066e,1.7773446891314045e+18
8425b25b-a8f9-4eed-b0dc-49ee4613066e,1.7773446891647465e+18
8425b25b-a8f9-4eed-b0dc-49ee4613066e,1.7773446891980895e+18
8425b25b-a8f9-4eed-b0dc-49ee4613066e,1.7773446892314324e+18
8425b25b-a8f9-4eed-b0dc-49ee4613066e,1.7773446892647744e+18
8425b25b-a8f9-4eed-b0dc-49ee4613066e,1.7773446892981174e+18
8425b25b-a8f9-4eed-b0dc-49ee4613066e,1.7773446893314593e+18
8425b25b-a8f9-4eed-b0dc-49ee4613066e,1.7773446893648026e+18
8425b25b-a8f9-4eed-b0dc-49ee4613066e,1.7773446893981455e+18
8425b25b-a8f9-4eed-b0dc-49ee4613066e,1.7773446894314875e+18
8425b25b-a8f9-4eed-b0dc-49ee4613066e,1.7773446894648305e+18
8425b25b-a8f9-4eed-b0dc-49ee4613066e,1.7773446894981734e+18
8425b25b-a8f9-4eed-b0dc-49ee4613066e,1.7773446895315154e+18
8425b25b-a8f9-4eed-b0dc-49ee4613066e,1.7773446895648584e+18
8425b25b-a8f9-4eed-b0dc-49ee4613066e,1.7773446895982013e+18
8425b25b-a8f9-4eed-b0dc-49ee4613066e,1.7773446896315436e+18
8425b25b-a8f9-4eed-b0dc-49ee4613066e,1.7773446896648865e+18
8425b25b-a8f9-4eed-b0dc-49ee4613066e,1.7773446896982295e+18
8425b25b-a8f9-4eed-b0dc-49ee4613066e,1.7773446897315715e+18
8425b25b-a8f9-4eed-b0dc-49ee4613066e,1.7773446897649144e+18
8425b25b-a8f9-4eed-b0dc-49ee4613066e,1.7773446897982574e+18
8425b25b-a8f9-4eed-b0dc-49ee4613066e,1.7773446898315994e+18
8425b25b-a8f9-4eed-b0dc-49ee4613066e,1.7773446898649423e+18
8425b25b-a8f9-4eed-b0dc-49ee4613066e,1.7773446898982856e+18
8425b25b-a8f9-4eed-b0dc-49ee4613066e,1.7773446899316275e+18
8425b25b-a8f9-4eed-b0dc-49ee4613066e,1.7773446899649705e+18
8425b25b-a8f9-4eed-b0dc-49ee4613066e,1.7773446899983135e+18
8425b25b-a8f9-4eed-b0dc-49ee4613066e,1.7773446900316554e+18
8425b25b-a8f9-4eed-b0dc-49ee4613066e,1.7773446900649984e+18
8425b25b-a8f9-4eed-b0dc-49ee4613066e,1.7773446900983414e+18
8425b25b-a8f9-4eed-b0dc-49ee4613066e,1.7773446901316833e+18
8425b25b-a8f9-4eed-b0dc-49ee4613066e,1.7773446901650266e+18
8425b25b-a8f9-4eed-b0dc-49ee4613066e,1.7773446901983695e+18
8425b25b-a8f9-4eed-b0dc-49ee4613066e,1.7773446902317115e+18
8425b25b-a8f9-4eed-b0dc-49ee4613066e,1.7773446902650545e+18
8425b25b-a8f9-4eed-b0dc-49ee4613066e,1.7773446902983974e+18
8425b25b-a8f9-4eed-b0dc-49ee4613066e,1.7773446903317394e+18
8425b25b-a8f9-4eed-b0dc-49ee4613066e,1.7773446903650824e+18
8425b25b-a8f9-4eed-b0dc-49ee4613066e,1.7773446903984253e+18
8425b25b-a8f9-4eed-b0dc-49ee4613066e,1.7773446904317676e+18
8425b25b-a8f9-4eed-b0dc-49ee4613066e,1.7773446904651105e+18
8425b25b-a8f9-4eed-b0dc-49ee4613066e,1.7773446904984535e+18
8425b25b-a8f9-4eed-b0dc-49ee4613066e,1.7773446905317955e+18
8425b25b-a8f9-4eed-b0dc-49ee4613066e,1.7773446905651384e+18
8425b25b-a8f9-4eed-b0dc-49ee4613066e,1.7773446905984814e+18
8425b25b-a8f9-4eed-b0dc-49ee4613066e,1.7773446906318234e+18
8425b25b-a8f9-4eed-b0dc-49ee4613066e,1.7773446906651663e+18
8425b25b-a8f9-4eed-b0dc-49ee4613066e,1.7773446906985096e+18
8425b25b-a8f9-4eed-b0dc-49ee4613066e,1.7773446907318515e+18
8425b25b-a8f9-4eed-b0dc-49ee4613066e,1.7773446907651945e+18
8425b25b-a8f9-4eed-b0dc-49ee4613066e,1.7773446907985375e+18
8425b25b-a8f9-4eed-b0dc-49ee4613066e,1.7773446908318794e+18
8425b25b-a8f9-4eed-b0dc-49ee4613066e,1.7773446908652224e+18
8425b25b-a8f9-4eed-b0dc-49ee4613066e,1.7773446908985654e+18
8425b25b-a8f9-4eed-b0dc-49ee4613066e,1.7773446909319073e+18
8425b25b-a8f9-4eed-b0dc-49ee4613066e,1.7773446909652506e+18
8425b25b-a8f9-4eed-b0dc-49ee4613066e,1.7773446909985935e+18
8425b25b-a8f9-4eed-b0dc-49ee4613066e,1.7773446910319355e+18
8425b25b-a8f9-4eed-b0dc-49ee4613066e,1.7773446910652785e+18
8425b25b-a8f9-4eed-b0dc-49ee4613066e,1.7773446910986214e+18
8425b25b-a8f9-4eed-b0dc-49ee4613066e,1.7773446911319634e+18
8425b25b-a8f9-4eed-b0dc-49ee4613066e,1.7773446911653064e+18
8425b25b-a8f9-4eed-b0dc-49ee4613066e,1.7773446911986483e+18
8425b25b-a8f9-4eed-b0dc-49ee4613066e,1.7773446912319916e+18
8425b25b-a8f9-4eed-b0dc-49ee4613066e,1.7773446912653345e+18
8425b25b-a8f9-4eed-b0dc-49ee4613066e,1.7773446912986765e+18
8425b25b-a8f9-4eed-b0dc-49ee4613066e,1.7773446913320195e+18
8425b25b-a8f9-4eed-b0dc-49ee4613066e,1.7773446913653624e+18
8425b25b-a8f9-4eed-b0dc-49ee4613066e,1.7773446913987044e+18
8425b25b-a8f9-4eed-b0dc-49ee4613066e,1.7773446914320474e+18
8425b25b-a8f9-4eed-b0dc-49ee4613066e,1.7773446914653903e+18
8425b25b-a8f9-4eed-b0dc-49ee4613066e,1.7773446914987325e+18
8425b25b-a8f9-4eed-b0dc-49ee4613066e,1.7773446915320755e+18
8425b25b-a8f9-4eed-b0dc-49ee4613066e,1.7773446915654185e+18
8425b25b-a8f9-4eed-b0dc-49ee4613066e,1.7773446915987604e+18
8425b25b-a8f9-4eed-b0dc-49ee4613066e,1.7773446916321034e+18
8425b25b-a8f9-4eed-b0dc-49ee4613066e,1.7773446916654464e+18
8425b25b-a8f9-4eed-b0dc-49ee4613066e,1.7773446916987884e+18
8425b25b-a8f9-4eed-b0dc-49ee4613066e,1.7773446917321313e+18
8425b25b-a8f9-4eed-b0dc-49ee4613066e,1.7773446917654746e+18
8425b25b-a8f9-4eed-b0dc-49ee4613066e,1.7773446917988165e+18
8425b25b-a8f9-4eed-b0dc-49ee4613066e,1.7773446918321595e+18
8425b25b-a8f9-4eed-b0dc-49ee4613066e,1.7773446918655025e+18
8425b25b-a8f9-4eed-b0dc-49ee4613066e,1.7773446918988444e+18
8425b25b-a8f9-4eed-b0dc-49ee4613066e,1.7773446919321874e+18
8425b25b-a8f9-4eed-b0dc-49ee4613066e,1.7773446919655304e+18
8425b25b-a8f9-4eed-b0dc-49ee4613066e,1.7773446919988726e+18
8425b25b-a8f9-4eed-b0dc-49ee4613066e,1.7773446920322156e+18
8425b25b-a8f9-4eed-b0dc-49ee4613066e,1.7773446920655585e+18
8425b25b-a8f9-4eed-b0dc-49ee4613066e,1.7773446920989005e+18
8425b25b-a8f9-4eed-b0dc-49ee4613066e,1.7773446921322435e+18
8425b25b-a8f9-4eed-b0dc-49ee4613066e,1.7773446921655864e+18
8425b25b-a8f9-4eed-b0dc-49ee4613066e,1.7773446921989284e+18
8425b25b-a8f9-4eed-b0dc-49ee4613066e,1.7773446922322714e+18
8425b25b-a8f9-4eed-b0dc-49ee4613066e,1.7773446922656143e+18
8425b25b-a8f9-4eed-b0dc-49ee4613066e,1.7773446922989565e+18
8425b25b-a8f9-4eed-b0dc-49ee4613066e,1.7773446923322995e+18
8425b25b-a8f9-4eed-b0dc-49ee4613066e,1.7773446923656425e+18
8425b25b-a8f9-4eed-b0dc-49ee4613066e,1.7773446923989844e+18
8425b25b-a8f9-4eed-b0dc-49ee4613066e,1.7773446924323274e+18
8425b25b-a8f9-4eed-b0dc-49ee4613066e,1.7773446924656704e+18
8425b25b-a8f9-4eed-b0dc-49ee4613066e,1.7773446924990124e+18
8425b25b-a8f9-4eed-b0dc-49ee4613066e,1.7773446925323553e+18
8425b25b-a8f9-4eed-b0dc-49ee4613066e,1.7773446925656986e+18
8425b25b-a8f9-4eed-b0dc-49ee4613066e,1.7773446925990405e+18
8425b25b-a8f9-4eed-b0dc-49ee4613066e,1.7773446926323835e+18
8425b25b-a8f9-4eed-b0dc-49ee4613066e,1.7773446926657254e+18
8425b25b-a8f9-4eed-b0dc-49ee4613066e,1.7773446926990684e+18
8425b25b-a8f9-4eed-b0dc-49ee4613066e,1.7773446927324114e+18
8425b25b-a8f9-4eed-b0dc-49ee4613066e,1.7773446927657533e+18
8425b25b-a8f9-4eed-b0dc-49ee4613066e,1.7773446927990963e+18
8425b25b-a8f9-4eed-b0dc-49ee4613066e,1.7773446928324396e+18
8425b25b-a8f9-4eed-b0dc-49ee4613066e,1.7773446928657815e+18
8425b25b-a8f9-4eed-b0dc-49ee4613066e,1.7773446928991245e+18
8425b25b-a8f9-4eed-b0dc-49ee4613066e,1.7773446929324675e+18
8425b25b-a8f9-4eed-b0dc-49ee4613066e,1.7773446929658094e+18
8425b25b-a8f9-4eed-b0dc-49ee4613066e,1.7773446929991524e+18
8425b25b-a8f9-4eed-b0dc-49ee4613066e,1.7773446930324954e+18
8425b25b-a8f9-4eed-b0dc-49ee4613066e,1.7773446930658376e+18
8425b25b-a8f9-4eed-b0dc-49ee4613066e,1.7773446930991805e+18
8425b25b-a8f9-4eed-b0dc-49ee4613066e,1.7773446931325235e+18
8425b25b-a8f9-4eed-b0dc-49ee4613066e,1.7773446931658655e+18
8425b25b-a8f9-4eed-b0dc-49ee4613066e,1.7773446931992084e+18
8425b25b-a8f9-4eed-b0dc-49ee4613066e,1.7773446932325514e+18
8425b25b-a8f9-4eed-b0dc-49ee4613066e,1.7773446932658934e+18
8425b25b-a8f9-4eed-b0dc-49ee4613066e,1.7773446932992364e+18
8425b25b-a8f9-4eed-b0dc-49ee4613066e,1.7773446933325793e+18
8425b25b-a8f9-4eed-b0dc-49ee4613066e,1.7773446933659215e+18
8425b25b-a8f9-4eed-b0dc-49ee4613066e,1.7773446933992645e+18
8425b25b-a8f9-4eed-b0dc-49ee4613066e,1.7773446934326075e+18
8425b25b-a8f9-4eed-b0dc-49ee4613066e,1.7773446934659494e+18
8425b25b-a8f9-4eed-b0dc-49ee4613066e,1.7773446934992924e+18
8425b25b-a8f9-4eed-b0dc-49ee4613066e,1.7773446935326354e+18
8425b25b-a8f9-4eed-b0dc-49ee4613066e,1.7773446935659773e+18
8425b25b-a8f9-4eed-b0dc-49ee4613066e,1.7773446935993206e+18
8425b25b-a8f9-4eed-b0dc-49ee4613066e,1.7773446936326636e+18
8425b25b-a8f9-4eed-b0dc-49ee4613066e,1.7773446936660055e+18
8425b25b-a8f9-4eed-b0dc-49ee4613066e,1.7773446936993485e+18
8425b25b-a8f9-4eed-b0dc-49ee4613066e,1.7773446937326915e+18
8425b25b-a8f9-4eed-b0dc-49ee4613066e,1.7773446937660334e+18
8425b25b-a8f9-4eed-b0dc-49ee4613066e,1.7773446937993764e+18
8425b25b-a8f9-4eed-b0dc-49ee4613066e,1.7773446938327194e+18
8425b25b-a8f9-4eed-b0dc-49ee4613066e,1.7773446938660616e+18
8425b25b-a8f9-4eed-b0dc-49ee4613066e,1.7773446938994045e+18
8425b25b-a8f9-4eed-b0dc-49ee4613066e,1.7773446939327475e+18
8425b25b-a8f9-4eed-b0dc-49ee4613066e,1.7773446939660895e+18
8425b25b-a8f9-4eed-b0dc-49ee4613066e,1.7773446939994324e+18
8425b25b-a8f9-4eed-b0dc-49ee4613066e,1.7773446940327754e+18
8425b25b-a8f9-4eed-b0dc-49ee4613066e,1.7773446940661174e+18
8425b25b-a8f9-4eed-b0dc-49ee4613066e,1.7773446940994604e+18
8425b25b-a8f9-4eed-b0dc-49ee4613066e,1.7773446941328033e+18
8425b25b-a8f9-4eed-b0dc-49ee4613066e,1.7773446941661455e+18
8425b25b-a8f9-4eed-b0dc-49ee4613066e,1.7773446941994885e+18
8425b25b-a8f9-4eed-b0dc-49ee4613066e,1.7773446942328315e+18
8425b25b-a8f9-4eed-b0dc-49ee4613066e,1.7773446942661734e+18
8425b25b-a8f9-4eed-b0dc-49ee4613066e,1.7773446942995164e+18
8425b25b-a8f9-4eed-b0dc-49ee4613066e,1.7773446943328594e+18
8425b25b-a8f9-4eed-b0dc-49ee4613066e,1.7773446943662013e+18
8425b25b-a8f9-4eed-b0dc-49ee4613066e,1.7773446943995443e+18
8425b25b-a8f9-4eed-b0dc-49ee4613066e,1.7773446944328876e+18
8425b25b-a8f9-4eed-b0dc-49ee4613066e,1.7773446944662295e+18
8425b25b-a8f9-4eed-b0dc-49ee4613066e,1.7773446944995725e+18
8425b25b-a8f9-4eed-b0dc-49ee4613066e,1.7773446945329144e+18
8425b25b-a8f9-4eed-b0dc-49ee4613066e,1.7773446945662574e+18
8425b25b-a8f9-4eed-b0dc-49ee4613066e,1.7773446945996004e+18
8425b25b-a8f9-4eed-b0dc-49ee4613066e,1.7773446946329423e+18
8425b25b-a8f9-4eed-b0dc-49ee4613066e,1.7773446946662856e+18
8425b25b-a8f9-4eed-b0dc-49ee4613066e,1.7773446946996285e+18
8425b25b-a8f9-4eed-b0dc-49ee4613066e,1.7773446947329705e+18
8425b25b-a8f9-4eed-b0dc-49ee4613066e,1.7773446947663135e+18
8425b25b-a8f9-4eed-b0dc-49ee4613066e,1.7773446947996564e+18
8425b25b-a8f9-4eed-b0dc-49ee4613066e,1.7773446948329984e+18
8425b25b-a8f9-4eed-b0dc-49ee4613066e,1.7773446948663414e+18
8425b25b-a8f9-4eed-b0dc-49ee4613066e,1.7773446948996844e+18
8425b25b-a8f9-4eed-b0dc-49ee4613066e,1.7773446949330266e+18
8425b25b-a8f9-4eed-b0dc-49ee4613066e,1.7773446949663695e+18
8425b25b-a8f9-4eed-b0dc-49ee4613066e,1.7773446949997125e+18
8425b25b-a8f9-4eed-b0dc-49ee4613066e,1.7773446950330545e+18
8425b25b-a8f9-4eed-b0dc-49ee4613066e,1.7773446950663974e+18
8425b25b-a8f9-4eed-b0dc-49ee4613066e,1.7773446950997404e+18
8425b25b-a8f9-4eed-b0dc-49ee4613066e,1.7773446951330824e+18
8425b25b-a8f9-4eed-b0dc-49ee4613066e,1.7773446951664253e+18
8425b25b-a8f9-4eed-b0dc-49ee4613066e,1.7773446951997686e+18
8425b25b-a8f9-4eed-b0dc-49ee4613066e,1.7773446952331105e+18
8425b25b-a8f9-4eed-b0dc-49ee4613066e,1.7773446952664535e+18
8425b25b-a8f9-4eed-b0dc-49ee4613066e,1.7773446952997965e+18
8425b25b-a8f9-4eed-b0dc-49ee4613066e,1.7773446953331384e+18
8425b25b-a8f9-4eed-b0dc-49ee4613066e,1.7773446953664814e+18
8425b25b-a8f9-4eed-b0dc-49ee4613066e,1.7773446953998244e+18
8425b25b-a8f9-4eed-b0dc-49ee4613066e,1.7773446954331663e+18
8425b25b-a8f9-4eed-b0dc-49ee4613066e,1.7773446954665096e+18
8425b25b-a8f9-4eed-b0dc-49ee4613066e,1.7773446954998525e+18
8425b25b-a8f9-4eed-b0dc-49ee4613066e,1.7773446955331945e+18
8425b25b-a8f9-4eed-b0dc-49ee4613066e,1.7773446955665375e+18
8425b25b-a8f9-4eed-b0dc-49ee4613066e,1.7773446955998804e+18
8425b25b-a8f9-4eed-b0dc-49ee4613066e,1.7773446956332224e+18
8425b25b-a8f9-4eed-b0dc-49ee4613066e,1.7773446956665654e+18
8425b25b-a8f9-4eed-b0dc-49ee4613066e,1.7773446956999084e+18
8425b25b-a8f9-4eed-b0dc-49ee4613066e,1.7773446957332506e+18
8425b25b-a8f9-4eed-b0dc-49ee4613066e,1.7773446957665935e+18
8425b25b-a8f9-4eed-b0dc-49ee4613066e,1.7773446957999365e+18
8425b25b-a8f9-4eed-b0dc-49ee4613066e,1.7773446958332785e+18
8425b25b-a8f9-4eed-b0dc-49ee4613066e,1.7773446958666214e+18
8425b25b-a8f9-4eed-b0dc-49ee4613066e,1.7773446958999644e+18
8425b25b-a8f9-4eed-b0dc-49ee4613066e,1.7773446959333064e+18
8425b25b-a8f9-4eed-b0dc-49ee4613066e,1.7773446959666493e+18
8425b25b-a8f9-4eed-b0dc-49ee4613066e,1.7773446959999916e+18
8425b25b-a8f9-4eed-b0dc-49ee4613066e,1.7773446960333345e+18
8425b25b-a8f9-4eed-b0dc-49ee4613066e,1.7773446960666775e+18
8425b25b-a8f9-4eed-b0dc-49ee4613066e,1.7773446961000195e+18
8425b25b-a8f9-4eed-b0dc-49ee4613066e,1.7773446961333624e+18
8425b25b-a8f9-4eed-b0dc-49ee4613066e,1.7773446961667054e+18
8425b25b-a8f9-4eed-b0dc-49ee4613066e,1.7773446962000474e+18
8425b25b-a8f9-4eed-b0dc-49ee4613066e,1.7773446962333903e+18
8425b25b-a8f9-4eed-b0dc-49ee4613066e,1.7773446962667336e+18
8425b25b-a8f9-4eed-b0dc-49ee4613066e,1.7773446963000755e+18
8425b25b-a8f9-4eed-b0dc-49ee4613066e,1.7773446963334185e+18
8425b25b-a8f9-4eed-b0dc-49ee4613066e,1.7773446963667615e+18
8425b25b-a8f9-4eed-b0dc-49ee4613066e,1.7773446964001034e+18
8425b25b-a8f9-4eed-b0dc-49ee4613066e,1.7773446964334464e+18
8425b25b-a8f9-4eed-b0dc-49ee4613066e,1.7773446964667894e+18
8425b25b-a8f9-4eed-b0dc-49ee4613066e,1.7773446965001313e+18
8425b25b-a8f9-4eed-b0dc-49ee4613066e,1.7773446965334746e+18
8425b25b-a8f9-4eed-b0dc-49ee4613066e,1.7773446965668175e+18
8425b25b-a8f9-4eed-b0dc-49ee4613066e,1.7773446966001595e+18
8425b25b-a8f9-4eed-b0dc-49ee4613066e,1.7773446966335025e+18
8425b25b-a8f9-4eed-b0dc-49ee4613066e,1.7773446966668454e+18
8425b25b-a8f9-4eed-b0dc-49ee4613066e,1.7773446967001874e+18
8425b25b-a8f9-4eed-b0dc-49ee4613066e,1.7773446967335304e+18
8425b25b-a8f9-4eed-b0dc-49ee4613066e,1.7773446967668733e+18
8425b25b-a8f9-4eed-b0dc-49ee4613066e,1.7773446968002156e+18
8425b25b-a8f9-4eed-b0dc-49ee4613066e,1.7773446968335585e+18
8425b25b-a8f9-4eed-b0dc-49ee4613066e,1.7773446968669015e+18
8425b25b-a8f9-4eed-b0dc-49ee4613066e,1.7773446969002435e+18
8425b25b-a8f9-4eed-b0dc-49ee4613066e,1.7773446969335864e+18
8425b25b-a8f9-4eed-b0dc-49ee4613066e,1.7773446969669294e+18
8425b25b-a8f9-4eed-b0dc-49ee4613066e,1.7773446970002714e+18
8425b25b-a8f9-4eed-b0dc-49ee4613066e,1.7773446970336143e+18
8425b25b-a8f9-4eed-b0dc-49ee4613066e,1.7773446970669576e+18
8425b25b-a8f9-4eed-b0dc-49ee4613066e,1.7773446971002995e+18
8425b25b-a8f9-4eed-b0dc-49ee4613066e,1.7773446971336425e+18
8425b25b-a8f9-4eed-b0dc-49ee4613066e,1.7773446971669855e+18
8425b25b-a8f9-4eed-b0dc-49ee4613066e,1.7773446972003274e+18
8425b25b-a8f9-4eed-b0dc-49ee4613066e,1.7773446972336704e+18
8425b25b-a8f9-4eed-b0dc-49ee4613066e,1.7773446972670134e+18
8425b25b-a8f9-4eed-b0dc-49ee4613066e,1.7773446973003553e+18
8425b25b-a8f9-4eed-b0dc-49ee4613066e,1.7773446973336986e+18
8425b25b-a8f9-4eed-b0dc-49ee4613066e,1.7773446973670415e+18
8425b25b-a8f9-4eed-b0dc-49ee4613066e,1.7773446974003835e+18
