recording id,timestamp [ns]
2ca60e8e-201b-49a1-b377-8c58744591b1,1.7773407829106614e+18
2ca60e8e-201b-49a1-b377-8c58744591b1,1.7773407829439946e+18
2ca60e8e-201b-49a1-b377-8c58744591b1,1.7773407829773279e+18
2ca60e8e-201b-49a1-b377-8c58744591b1,1.777340783010661e+18
2ca60e8e-201b-49a1-b377-8c58744591b1,1.7773407830439944e+18
2ca60e8e-201b-49a1-b377-8c58744591b1,1.7773407830773276e+18
2ca60e8e-201b-49a1-b377-8c58744591b1,1.7773407831106609e+18
2ca60e8e-201b-49a1-b377-8c58744591b1,1.7773407831231378e+18
2ca60e8e-201b-49a1-b377-8c58744591b1,1.7773407831368008e+18
2ca60e8e-201b-49a1-b377-8c58744591b1,1.7773407831701427e+18
2ca60e8e-201b-49a1-b377-8c58744591b1,1.7773407832034847e+18
2ca60e8e-201b-49a1-b377-8c58744591b1,1.7773407832368276e+18
2ca60e8e-201b-49a1-b377-8c58744591b1,1.7773407832701696e+18
2ca60e8e-201b-49a1-b377-8c58744591b1,1.7773407833035128e+18
2ca60e8e-201b-49a1-b377-8c58744591b1,1.7773407833368548e+18
2ca60e8e-201b-49a1-b377-8c58744591b1,1.7773407833701978e+18
2ca60e8e-201b-49a1-b377-8c58744591b1,1.7773407834035397e+18
2ca60e8e-201b-49a1-b377-8c58744591b1,1.7773407834368827e+18
2ca60e8e-201b-49a1-b377-8c58744591b1,1.7773407834702246e+18
2ca60e8e-201b-49a1-b377-8c58744591b1,1.7773407835035676e+18
2ca60e8e-201b-49a1-b377-8c58744591b1,1.7773407835369098e+18
2ca60e8e-201b-49a1-b377-8c58744591b1,1.7773407835702518e+18
2ca60e8e-201b-49a1-b377-8c58744591b1,1.7773407836035948e+18
2ca60e8e-201b-49a1-b377-8c58744591b1,1.7773407836369367e+18
2ca60e8e-201b-49a1-b377-8c58744591b1,1.7773407836702797e+18
2ca60e8e-201b-49a1-b377-8c58744591b1,1.7773407837036216e+18
2ca60e8e-201b-49a1-b377-8c58744591b1,1.7773407837369646e+18
2ca60e8e-201b-49a1-b377-8c58744591b1,1.7773407837703068e+18
2ca60e8e-201b-49a1-b377-8c58744591b1,1.7773407838036498e+18
2ca60e8e-201b-49a1-b377-8c58744591b1,1.7773407838369917e+18
2ca60e8e-201b-49a1-b377-8c58744591b1,1.7773407838703337e+18
2ca60e8e-201b-49a1-b377-8c58744591b1,1.7773407839036767e+18
2ca60e8e-201b-49a1-b377-8c58744591b1,1.7773407839370186e+18
2ca60e8e-201b-49a1-b377-8c58744591b1,1.7773407839703616e+18
2ca60e8e-201b-49a1-b377-8c58744591b1,1.7773407840037038e+18
2ca60e8e-201b-49a1-b377-8c58744591b1,1.7773407840370468e+18
2ca60e8e-201b-49a1-b377-8c58744591b1,1.7773407840703887e+18
2ca60e8e-201b-49a1-b377-8c58744591b1,1.7773407841037317e+18
2ca60e8e-201b-49a1-b377-8c58744591b1,1.7773407841370737e+18
2ca60e8e-201b-49a1-b377-8c58744591b1,1.7773407841704156e+18
2ca60e8e-201b-49a1-b377-8c58744591b1,1.7773407842037586e+18
2ca60e8e-201b-49a1-b377-8c58744591b1,1.7773407842371008e+18
2ca60e8e-201b-49a1-b377-8c58744591b1,1.7773407842704438e+18
2ca60e8e-201b-49a1-b377-8c58744591b1,1.7773407843037857e+18
2ca60e8e-201b-49a1-b377-8c58744591b1,1.7773407843371287e+18
2ca60e8e-201b-49a1-b377-8c58744591b1,1.7773407843704707e+18
2ca60e8e-201b-49a1-b377-8c58744591b1,1.7773407844038136e+18
2ca60e8e-201b-49a1-b377-8c58744591b1,1.7773407844371558e+18
2ca60e8e-201b-49a1-b377-8c58744591b1,1.7773407844704978e+18
2ca60e8e-201b-49a1-b377-8c58744591b1,1.7773407845038408e+18
2ca60e8e-201b-49a1-b377-8c58744591b1,1.7773407845371827e+18
2ca60e8e-201b-49a1-b377-8c58744591b1,1.7773407845705257e+18
2ca60e8e-201b-49a1-b377-8c58744591b1,1.7773407846038676e+18
2ca60e8e-201b-49a1-b377-8c58744591b1,1.7773407846372106e+18
2ca60e8e-201b-49a1-b377-8c58744591b1,1.7773407846705528e+18
2ca60e8e-201b-49a1-b377-8c58744591b1,1.7773407847038958e+18
2ca60e8e-201b-49a1-b377-8c58744591b1,1.7773407847372378e+18
2ca60e8e-201b-49a1-b377-8c58744591b1,1.7773407847705797e+18
2ca60e8e-201b-49a1-b377-8c58744591b1,1.7773407848039227e+18
2ca60e8e-201b-49a1-b377-8c58744591b1,1.7773407848372646e+18
2ca60e8e-201b-49a1-b377-8c58744591b1,1.7773407848706076e+18
2ca60e8e-201b-49a1-b377-8c58744591b1,1.7773407849039498e+18
2ca60e8e-201b-49a1-b377-8c58744591b1,1.7773407849372928e+18
2ca60e8e-201b-49a1-b377-8c58744591b1,1.7773407849706348e+18
2ca60e8e-201b-49a1-b377-8c58744591b1,1.7773407850039777e+18
2ca60e8e-201b-49a1-b377-8c58744591b1,1.7773407850373197e+18
2ca60e8e-201b-49a1-b377-8c58744591b1,1.7773407850706616e+18
2ca60e8e-201b-49a1-b377-8c58744591b1,1.7773407851040046e+18
2ca60e8e-201b-49a1-b377-8c58744591b1,1.7773407851373468e+18
2ca60e8e-201b-49a1-b377-8c58744591b1,1.7773407851706898e+18
2ca60e8e-201b-49a1-b377-8c58744591b1,1.7773407852040317e+18
2ca60e8e-201b-49a1-b377-8c58744591b1,1.7773407852373747e+18
2ca60e8e-201b-49a1-b377-8c58744591b1,1.7773407852707167e+18
2ca60e8e-201b-49a1-b377-8c58744591b1,1.7773407853040596e+18
2ca60e8e-201b-49a1-b377-8c58744591b1,1.7773407853374016e+18
2ca60e8e-201b-49a1-b377-8c58744591b1,1.7773407853707438e+18
2ca60e8e-201b-49a1-b377-8c58744591b1,1.7773407854040868e+18
2ca60e8e-201b-49a1-b377-8c58744591b1,1.7773407854374287e+18
2ca60e8e-201b-49a1-b377-8c58744591b1,1.7773407854707717e+18
2ca60e8e-201b-49a1-b377-8c58744591b1,1.7773407855041137e+18
2ca60e8e-201b-49a1-b377-8c58744591b1,1.7773407855374566e+18
2ca60e8e-201b-49a1-b377-8c58744591b1,1.7773407855707986e+18
2ca60e8e-201b-49a1-b377-8c58744591b1,1.7773407856041418e+18
2ca60e8e-201b-49a1-b377-8c58744591b1,1.7773407856374838e+18
2ca60e8e-201b-49a1-b377-8c58744591b1,1.7773407856708268e+18
2ca60e8e-201b-49a1-b377-8c58744591b1,1.7773407857041687e+18
2ca60e8e-201b-49a1-b377-8c58744591b1,1.7773407857375107e+18
2ca60e8e-201b-49a1-b377-8c58744591b1,1.7773407857708536e+18
2ca60e8e-201b-49a1-b377-8c58744591b1,1.7773407858041958e+18
2ca60e8e-201b-49a1-b377-8c58744591b1,1.7773407858375388e+18
2ca60e8e-201b-49a1-b377-8c58744591b1,1.7773407858708808e+18
2ca60e8e-201b-49a1-b377-8c58744591b1,1.7773407859042237e+18
2ca60e8e-201b-49a1-b377-8c58744591b1,1.7773407859375657e+18
2ca60e8e-201b-49a1-b377-8c58744591b1,1.7773407859709087e+18
2ca60e8e-201b-49a1-b377-8c58744591b1,1.7773407860042506e+18
2ca60e8e-201b-49a1-b377-8c58744591b1,1.7773407860375928e+18
2ca60e8e-201b-49a1-b377-8c58744591b1,1.7773407860709358e+18
2ca60e8e-201b-49a1-b377-8c58744591b1,1.7773407861042778e+18
2ca60e8e-201b-49a1-b377-8c58744591b1,1.7773407861376207e+18
2ca60e8e-201b-49a1-b377-8c58744591b1,1.7773407861709627e+18
2ca60e8e-201b-49a1-b377-8c58744591b1,1.7773407862043057e+18
2ca60e8e-201b-49a1-b377-8c58744591b1,1.7773407862376476e+18
2ca60e8e-201b-49a1-b377-8c58744591b1,1.7773407862709906e+18
2ca60e8e-201b-49a1-b377-8c58744591b1,1.7773407863043328e+18
2ca60e8e-201b-49a1-b377-8c58744591b1,1.7773407863376748e+18
2ca60e8e-201b-49a1-b377-8c58744591b1,1.7773407863710177e+18
2ca60e8e-201b-49a1-b377-8c58744591b1,1.7773407864043597e+18
2ca60e8e-201b-49a1-b377-8c58744591b1,1.7773407864377027e+18
2ca60e8e-201b-49a1-b377-8c58744591b1,1.7773407864710446e+18
2ca60e8e-201b-49a1-b377-8c58744591b1,1.7773407865043878e+18
2ca60e8e-201b-49a1-b377-8c58744591b1,1.7773407865377298e+18
2ca60e8e-201b-49a1-b377-8c58744591b1,1.7773407865710728e+18
2ca60e8e-201b-49a1-b377-8c58744591b1,1.7773407866044147e+18
2ca60e8e-201b-49a1-b377-8c58744591b1,1.7773407866377567e+18
2ca60e8e-201b-49a1-b377-8c58744591b1,1.7773407866710996e+18
2ca60e8e-201b-49a1-b377-8c58744591b1,1.7773407867044416e+18
2ca60e8e-201b-49a1-b377-8c58744591b1,1.7773407867377848e+18
2ca60e8e-201b-49a1-b377-8c58744591b1,1.7773407867711268e+18
2ca60e8e-201b-49a1-b377-8c58744591b1,1.7773407868044698e+18
2ca60e8e-201b-49a1-b377-8c58744591b1,1.7773407868378117e+18
2ca60e8e-201b-49a1-b377-8c58744591b1,1.7773407868711547e+18
2ca60e8e-201b-49a1-b377-8c58744591b1,1.7773407869044966e+18
2ca60e8e-201b-49a1-b377-8c58744591b1,1.7773407869378386e+18
2ca60e8e-201b-49a1-b377-8c58744591b1,1.7773407869711818e+18
2ca60e8e-201b-49a1-b377-8c58744591b1,1.7773407870045238e+18
2ca60e8e-201b-49a1-b377-8c58744591b1,1.7773407870378668e+18
2ca60e8e-201b-49a1-b377-8c58744591b1,1.7773407870712087e+18
2ca60e8e-201b-49a1-b377-8c58744591b1,1.7773407871045517e+18
2ca60e8e-201b-49a1-b377-8c58744591b1,1.7773407871378936e+18
2ca60e8e-201b-49a1-b377-8c58744591b1,1.7773407871712366e+18
2ca60e8e-201b-49a1-b377-8c58744591b1,1.7773407872045788e+18
2ca60e8e-201b-49a1-b377-8c58744591b1,1.7773407872379208e+18
2ca60e8e-201b-49a1-b377-8c58744591b1,1.7773407872712637e+18
2ca60e8e-201b-49a1-b377-8c58744591b1,1.7773407873046057e+18
2ca60e8e-201b-49a1-b377-8c58744591b1,1.7773407873379487e+18
2ca60e8e-201b-49a1-b377-8c58744591b1,1.7773407873712906e+18
2ca60e8e-201b-49a1-b377-8c58744591b1,1.7773407874046336e+18
2ca60e8e-201b-49a1-b377-8c58744591b1,1.7773407874379758e+18
2ca60e8e-201b-49a1-b377-8c58744591b1,1.7773407874713188e+18
2ca60e8e-201b-49a1-b377-8c58744591b1,1.7773407875046607e+18
2ca60e8e-201b-49a1-b377-8c58744591b1,1.7773407875380037e+18
2ca60e8e-201b-49a1-b377-8c58744591b1,1.7773407875713457e+18
2ca60e8e-201b-49a1-b377-8c58744591b1,1.7773407876046876e+18
2ca60e8e-201b-49a1-b377-8c58744591b1,1.7773407876380306e+18
2ca60e8e-201b-49a1-b377-8c58744591b1,1.7773407876713728e+18
2ca60e8e-201b-49a1-b377-8c58744591b1,1.7773407877047158e+18
2ca60e8e-201b-49a1-b377-8c58744591b1,1.7773407877380577e+18
2ca60e8e-201b-49a1-b377-8c58744591b1,1.7773407877714007e+18
2ca60e8e-201b-49a1-b377-8c58744591b1,1.7773407878047427e+18
2ca60e8e-201b-49a1-b377-8c58744591b1,1.7773407878380856e+18
2ca60e8e-201b-49a1-b377-8c58744591b1,1.7773407878714278e+18
2ca60e8e-201b-49a1-b377-8c58744591b1,1.7773407879047698e+18
2ca60e8e-201b-49a1-b377-8c58744591b1,1.7773407879381128e+18
2ca60e8e-201b-49a1-b377-8c58744591b1,1.7773407879714547e+18
2ca60e8e-201b-49a1-b377-8c58744591b1,1.7773407880047977e+18
2ca60e8e-201b-49a1-b377-8c58744591b1,1.7773407880381396e+18
2ca60e8e-201b-49a1-b377-8c58744591b1,1.7773407880714826e+18
2ca60e8e-201b-49a1-b377-8c58744591b1,1.7773407881048248e+18
2ca60e8e-201b-49a1-b377-8c58744591b1,1.7773407881381678e+18
2ca60e8e-201b-49a1-b377-8c58744591b1,1.7773407881715098e+18
2ca60e8e-201b-49a1-b377-8c58744591b1,1.7773407882048517e+18
2ca60e8e-201b-49a1-b377-8c58744591b1,1.7773407882381947e+18
2ca60e8e-201b-49a1-b377-8c58744591b1,1.7773407882715366e+18
2ca60e8e-201b-49a1-b377-8c58744591b1,1.7773407883048796e+18
2ca60e8e-201b-49a1-b377-8c58744591b1,1.7773407883382218e+18
2ca60e8e-201b-49a1-b377-8c58744591b1,1.7773407883715648e+18
2ca60e8e-201b-49a1-b377-8c58744591b1,1.7773407884049068e+18
2ca60e8e-201b-49a1-b377-8c58744591b1,1.7773407884382497e+18
2ca60e8e-201b-49a1-b377-8c58744591b1,1.7773407884715917e+18
2ca60e8e-201b-49a1-b377-8c58744591b1,1.7773407885049336e+18
2ca60e8e-201b-49a1-b377-8c58744591b1,1.7773407885382766e+18
2ca60e8e-201b-49a1-b377-8c58744591b1,1.7773407885716188e+18
2ca60e8e-201b-49a1-b377-8c58744591b1,1.7773407886049618e+18
2ca60e8e-201b-49a1-b377-8c58744591b1,1.7773407886383037e+18
2ca60e8e-201b-49a1-b377-8c58744591b1,1.7773407886716467e+18
2ca60e8e-201b-49a1-b377-8c58744591b1,1.7773407887049887e+18
2ca60e8e-201b-49a1-b377-8c58744591b1,1.7773407887383316e+18
2ca60e8e-201b-49a1-b377-8c58744591b1,1.7773407887716736e+18
2ca60e8e-201b-49a1-b377-8c58744591b1,1.7773407888050168e+18
2ca60e8e-201b-49a1-b377-8c58744591b1,1.7773407888383588e+18
2ca60e8e-201b-49a1-b377-8c58744591b1,1.7773407888717007e+18
2ca60e8e-201b-49a1-b377-8c58744591b1,1.7773407889050437e+18
2ca60e8e-201b-49a1-b377-8c58744591b1,1.7773407889383857e+18
2ca60e8e-201b-49a1-b377-8c58744591b1,1.7773407889717286e+18
2ca60e8e-201b-49a1-b377-8c58744591b1,1.7773407890050706e+18
2ca60e8e-201b-49a1-b377-8c58744591b1,1.7773407890384138e+18
2ca60e8e-201b-49a1-b377-8c58744591b1,1.7773407890717558e+18
2ca60e8e-201b-49a1-b377-8c58744591b1,1.7773407891050988e+18
2ca60e8e-201b-49a1-b377-8c58744591b1,1.7773407891384407e+18
2ca60e8e-201b-49a1-b377-8c58744591b1,1.7773407891717827e+18
2ca60e8e-201b-49a1-b377-8c58744591b1,1.7773407892051256e+18
2ca60e8e-201b-49a1-b377-8c58744591b1,1.7773407892384678e+18
2ca60e8e-201b-49a1-b377-8c58744591b1,1.7773407892718108e+18
2ca60e8e-201b-49a1-b377-8c58744591b1,1.7773407893051528e+18
2ca60e8e-201b-49a1-b377-8c58744591b1,1.7773407893384957e+18
2ca60e8e-201b-49a1-b377-8c58744591b1,1.7773407893718377e+18
2ca60e8e-201b-49a1-b377-8c58744591b1,1.7773407894051807e+18
2ca60e8e-201b-49a1-b377-8c58744591b1,1.7773407894385226e+18
2ca60e8e-201b-49a1-b377-8c58744591b1,1.7773407894718648e+18
2ca60e8e-201b-49a1-b377-8c58744591b1,1.7773407895052078e+18
2ca60e8e-201b-49a1-b377-8c58744591b1,1.7773407895385498e+18
2ca60e8e-201b-49a1-b377-8c58744591b1,1.7773407895718927e+18
2ca60e8e-201b-49a1-b377-8c58744591b1,1.7773407896052347e+18
2ca60e8e-201b-49a1-b377-8c58744591b1,1.7773407896385777e+18
2ca60e8e-201b-49a1-b377-8c58744591b1,1.7773407896719196e+18
2ca60e8e-201b-49a1-b377-8c58744591b1,1.7773407897052626e+18
2ca60e8e-201b-49a1-b377-8c58744591b1,1.7773407897386048e+18
2ca60e8e-201b-49a1-b377-8c58744591b1,1.7773407897719468e+18
2ca60e8e-201b-49a1-b377-8c58744591b1,1.7773407898052897e+18
2ca60e8e-201b-49a1-b377-8c58744591b1,1.7773407898386317e+18
2ca60e8e-201b-49a1-b377-8c58744591b1,1.7773407898719747e+18
2ca60e8e-201b-49a1-b377-8c58744591b1,1.7773407899053166e+18
2ca60e8e-201b-49a1-b377-8c58744591b1,1.7773407899386598e+18
2ca60e8e-201b-49a1-b377-8c58744591b1,1.7773407899720018e+18
2ca60e8e-201b-49a1-b377-8c58744591b1,1.7773407900053448e+18
2ca60e8e-201b-49a1-b377-8c58744591b1,1.7773407900386867e+18
2ca60e8e-201b-49a1-b377-8c58744591b1,1.7773407900720297e+18
2ca60e8e-201b-49a1-b377-8c58744591b1,1.7773407901053716e+18
2ca60e8e-201b-49a1-b377-8c58744591b1,1.7773407901387136e+18
2ca60e8e-201b-49a1-b377-8c58744591b1,1.7773407901720568e+18
2ca60e8e-201b-49a1-b377-8c58744591b1,1.7773407902053988e+18
2ca60e8e-201b-49a1-b377-8c58744591b1,1.7773407902387418e+18
2ca60e8e-201b-49a1-b377-8c58744591b1,1.7773407902720837e+18
2ca60e8e-201b-49a1-b377-8c58744591b1,1.7773407903054267e+18
2ca60e8e-201b-49a1-b377-8c58744591b1,1.7773407903387686e+18
2ca60e8e-201b-49a1-b377-8c58744591b1,1.7773407903721116e+18
2ca60e8e-201b-49a1-b377-8c58744591b1,1.7773407904054538e+18
2ca60e8e-201b-49a1-b377-8c58744591b1,1.7773407904387958e+18
2ca60e8e-201b-49a1-b377-8c58744591b1,1.7773407904721388e+18
2ca60e8e-201b-49a1-b377-8c58744591b1,1.7773407905054807e+18
2ca60e8e-201b-49a1-b377-8c58744591b1,1.7773407905388237e+18
2ca60e8e-201b-49a1-b377-8c58744591b1,1.7773407905721656e+18
2ca60e8e-201b-49a1-b377-8c58744591b1,1.7773407906055086e+18
2ca60e8e-201b-49a1-b377-8c58744591b1,1.7773407906388508e+18
2ca60e8e-201b-49a1-b377-8c58744591b1,1.7773407906721938e+18
2ca60e8e-201b-49a1-b377-8c58744591b1,1.7773407907055357e+18
2ca60e8e-201b-49a1-b377-8c58744591b1,1.7773407907388777e+18
2ca60e8e-201b-49a1-b377-8c58744591b1,1.7773407907722207e+18
2ca60e8e-201b-49a1-b377-8c58744591b1,1.7773407908055626e+18
2ca60e8e-201b-49a1-b377-8c58744591b1,1.7773407908389056e+18
2ca60e8e-201b-49a1-b377-8c58744591b1,1.7773407908722478e+18
2ca60e8e-201b-49a1-b377-8c58744591b1,1.7773407909055908e+18
2ca60e8e-201b-49a1-b377-8c58744591b1,1.7773407909389327e+18
2ca60e8e-201b-49a1-b377-8c58744591b1,1.7773407909722757e+18
2ca60e8e-201b-49a1-b377-8c58744591b1,1.7773407910056177e+18
2ca60e8e-201b-49a1-b377-8c58744591b1,1.7773407910389596e+18
2ca60e8e-201b-49a1-b377-8c58744591b1,1.7773407910723026e+18
2ca60e8e-201b-49a1-b377-8c58744591b1,1.7773407911056448e+18
2ca60e8e-201b-49a1-b377-8c58744591b1,1.7773407911389878e+18
2ca60e8e-201b-49a1-b377-8c58744591b1,1.7773407911723297e+18
2ca60e8e-201b-49a1-b377-8c58744591b1,1.7773407912056727e+18
2ca60e8e-201b-49a1-b377-8c58744591b1,1.7773407912390147e+18
2ca60e8e-201b-49a1-b377-8c58744591b1,1.7773407912723576e+18
2ca60e8e-201b-49a1-b377-8c58744591b1,1.7773407913056998e+18
2ca60e8e-201b-49a1-b377-8c58744591b1,1.7773407913390418e+18
2ca60e8e-201b-49a1-b377-8c58744591b1,1.7773407913723848e+18
2ca60e8e-201b-49a1-b377-8c58744591b1,1.7773407914057267e+18
2ca60e8e-201b-49a1-b377-8c58744591b1,1.7773407914390697e+18
2ca60e8e-201b-49a1-b377-8c58744591b1,1.7773407914724116e+18
2ca60e8e-201b-49a1-b377-8c58744591b1,1.7773407915057546e+18
2ca60e8e-201b-49a1-b377-8c58744591b1,1.7773407915390968e+18
2ca60e8e-201b-49a1-b377-8c58744591b1,1.7773407915724398e+18
2ca60e8e-201b-49a1-b377-8c58744591b1,1.7773407916057818e+18
2ca60e8e-201b-49a1-b377-8c58744591b1,1.7773407916391247e+18
2ca60e8e-201b-49a1-b377-8c58744591b1,1.7773407916724667e+18
2ca60e8e-201b-49a1-b377-8c58744591b1,1.7773407917058086e+18
2ca60e8e-201b-49a1-b377-8c58744591b1,1.7773407917391516e+18
2ca60e8e-201b-49a1-b377-8c58744591b1,1.7773407917724938e+18
2ca60e8e-201b-49a1-b377-8c58744591b1,1.7773407918058368e+18
2ca60e8e-201b-49a1-b377-8c58744591b1,1.7773407918391788e+18
2ca60e8e-201b-49a1-b377-8c58744591b1,1.7773407918725217e+18
2ca60e8e-201b-49a1-b377-8c58744591b1,1.7773407919058637e+18
2ca60e8e-201b-49a1-b377-8c58744591b1,1.7773407919392067e+18
2ca60e8e-201b-49a1-b377-8c58744591b1,1.7773407919725486e+18
2ca60e8e-201b-49a1-b377-8c58744591b1,1.7773407920058908e+18
2ca60e8e-201b-49a1-b377-8c58744591b1,1.7773407920392338e+18
2ca60e8e-201b-49a1-b377-8c58744591b1,1.7773407920725757e+18
2ca60e8e-201b-49a1-b377-8c58744591b1,1.7773407921059187e+18
2ca60e8e-201b-49a1-b377-8c58744591b1,1.7773407921392607e+18
2ca60e8e-201b-49a1-b377-8c58744591b1,1.7773407921726036e+18
2ca60e8e-201b-49a1-b377-8c58744591b1,1.7773407922059456e+18
2ca60e8e-201b-49a1-b377-8c58744591b1,1.7773407922392888e+18
2ca60e8e-201b-49a1-b377-8c58744591b1,1.7773407922726308e+18
2ca60e8e-201b-49a1-b377-8c58744591b1,1.7773407923059727e+18
2ca60e8e-201b-49a1-b377-8c58744591b1,1.7773407923393157e+18
2ca60e8e-201b-49a1-b377-8c58744591b1,1.7773407923726577e+18
2ca60e8e-201b-49a1-b377-8c58744591b1,1.7773407924060006e+18
2ca60e8e-201b-49a1-b377-8c58744591b1,1.7773407924393426e+18
2ca60e8e-201b-49a1-b377-8c58744591b1,1.7773407924726858e+18
2ca60e8e-201b-49a1-b377-8c58744591b1,1.7773407925060278e+18
2ca60e8e-201b-49a1-b377-8c58744591b1,1.7773407925393708e+18
2ca60e8e-201b-49a1-b377-8c58744591b1,1.7773407925727127e+18
2ca60e8e-201b-49a1-b377-8c58744591b1,1.7773407926060547e+18
2ca60e8e-201b-49a1-b377-8c58744591b1,1.7773407926393976e+18
2ca60e8e-201b-49a1-b377-8c58744591b1,1.7773407926727398e+18
2ca60e8e-201b-49a1-b377-8c58744591b1,1.7773407927060828e+18
2ca60e8e-201b-49a1-b377-8c58744591b1,1.7773407927394248e+18
2ca60e8e-201b-49a1-b377-8c58744591b1,1.7773407927727677e+18
2ca60e8e-201b-49a1-b377-8c58744591b1,1.7773407928061097e+18
2ca60e8e-201b-49a1-b377-8c58744591b1,1.7773407928394527e+18
2ca60e8e-201b-49a1-b377-8c58744591b1,1.7773407928727946e+18
2ca60e8e-201b-49a1-b377-8c58744591b1,1.7773407929061368e+18
2ca60e8e-201b-49a1-b377-8c58744591b1,1.7773407929394798e+18
2ca60e8e-201b-49a1-b377-8c58744591b1,1.7773407929728218e+18
2ca60e8e-201b-49a1-b377-8c58744591b1,1.7773407930061647e+18
2ca60e8e-201b-49a1-b377-8c58744591b1,1.7773407930395067e+18
2ca60e8e-201b-49a1-b377-8c58744591b1,1.7773407930728497e+18
2ca60e8e-201b-49a1-b377-8c58744591b1,1.7773407931061916e+18
2ca60e8e-201b-49a1-b377-8c58744591b1,1.7773407931395346e+18
2ca60e8e-201b-49a1-b377-8c58744591b1,1.7773407931728768e+18
2ca60e8e-201b-49a1-b377-8c58744591b1,1.7773407932062188e+18
2ca60e8e-201b-49a1-b377-8c58744591b1,1.7773407932395617e+18
2ca60e8e-201b-49a1-b377-8c58744591b1,1.7773407932729037e+18
2ca60e8e-201b-49a1-b377-8c58744591b1,1.7773407933062467e+18
2ca60e8e-201b-49a1-b377-8c58744591b1,1.7773407933395886e+18
2ca60e8e-201b-49a1-b377-8c58744591b1,1.7773407933729318e+18
2ca60e8e-201b-49a1-b377-8c58744591b1,1.7773407934062738e+18
2ca60e8e-201b-49a1-b377-8c58744591b1,1.7773407934396168e+18
2ca60e8e-201b-49a1-b377-8c58744591b1,1.7773407934729587e+18
2ca60e8e-201b-49a1-b377-8c58744591b1,1.7773407935063017e+18
2ca60e8e-201b-49a1-b377-8c58744591b1,1.7773407935396436e+18
2ca60e8e-201b-49a1-b377-8c58744591b1,1.7773407935729856e+18
2ca60e8e-201b-49a1-b377-8c58744591b1,1.7773407936063288e+18
2ca60e8e-201b-49a1-b377-8c58744591b1,1.7773407936396708e+18
2ca60e8e-201b-49a1-b377-8c58744591b1,1.7773407936730138e+18
2ca60e8e-201b-49a1-b377-8c58744591b1,1.7773407937063557e+18
2ca60e8e-201b-49a1-b377-8c58744591b1,1.7773407937396987e+18
2ca60e8e-201b-49a1-b377-8c58744591b1,1.7773407937730406e+18
2ca60e8e-201b-49a1-b377-8c58744591b1,1.7773407938063836e+18
2ca60e8e-201b-49a1-b377-8c58744591b1,1.7773407938397258e+18
2ca60e8e-201b-49a1-b377-8c58744591b1,1.7773407938730678e+18
2ca60e8e-201b-49a1-b377-8c58744591b1,1.7773407939064108e+18
2ca60e8e-201b-49a1-b377-8c58744591b1,1.7773407939397527e+18
2ca60e8e-201b-49a1-b377-8c58744591b1,1.7773407939730957e+18
2ca60e8e-201b-49a1-b377-8c58744591b1,1.7773407940064376e+18
2ca60e8e-201b-49a1-b377-8c58744591b1,1.7773407940397806e+18
2ca60e8e-201b-49a1-b377-8c58744591b1,1.7773407940731228e+18
2ca60e8e-201b-49a1-b377-8c58744591b1,1.7773407941064658e+18
2ca60e8e-201b-49a1-b377-8c58744591b1,1.7773407941398077e+18
2ca60e8e-201b-49a1-b377-8c58744591b1,1.7773407941731497e+18
2ca60e8e-201b-49a1-b377-8c58744591b1,1.7773407942064927e+18
2ca60e8e-201b-49a1-b377-8c58744591b1,1.7773407942398346e+18
2ca60e8e-201b-49a1-b377-8c58744591b1,1.7773407942731776e+18
2ca60e8e-201b-49a1-b377-8c58744591b1,1.7773407943065198e+18
2ca60e8e-201b-49a1-b377-8c58744591b1,1.7773407943398628e+18
2ca60e8e-201b-49a1-b377-8c58744591b1,1.7773407943732047e+18
2ca60e8e-201b-49a1-b377-8c58744591b1,1.7773407944065477e+18
2ca60e8e-201b-49a1-b377-8c58744591b1,1.7773407944398897e+18
2ca60e8e-201b-49a1-b377-8c58744591b1,1.7773407944732316e+18
2ca60e8e-201b-49a1-b377-8c58744591b1,1.7773407945065746e+18
2ca60e8e-201b-49a1-b377-8c58744591b1,1.7773407945399168e+18
2ca60e8e-201b-49a1-b377-8c58744591b1,1.7773407945732598e+18
2ca60e8e-201b-49a1-b377-8c58744591b1,1.7773407946066017e+18
2ca60e8e-201b-49a1-b377-8c58744591b1,1.7773407946399447e+18
2ca60e8e-201b-49a1-b377-8c58744591b1,1.7773407946732867e+18
2ca60e8e-201b-49a1-b377-8c58744591b1,1.7773407947066296e+18
2ca60e8e-201b-49a1-b377-8c58744591b1,1.7773407947399718e+18
2ca60e8e-201b-49a1-b377-8c58744591b1,1.7773407947733138e+18
2ca60e8e-201b-49a1-b377-8c58744591b1,1.7773407948066568e+18
2ca60e8e-201b-49a1-b377-8c58744591b1,1.7773407948399987e+18
2ca60e8e-201b-49a1-b377-8c58744591b1,1.7773407948733417e+18
2ca60e8e-201b-49a1-b377-8c58744591b1,1.7773407949066836e+18
2ca60e8e-201b-49a1-b377-8c58744591b1,1.7773407949400266e+18
2ca60e8e-201b-49a1-b377-8c58744591b1,1.7773407949733688e+18
2ca60e8e-201b-49a1-b377-8c58744591b1,1.7773407950067118e+18
2ca60e8e-201b-49a1-b377-8c58744591b1,1.7773407950400538e+18
2ca60e8e-201b-49a1-b377-8c58744591b1,1.7773407950733957e+18
2ca60e8e-201b-49a1-b377-8c58744591b1,1.7773407951067387e+18
2ca60e8e-201b-49a1-b377-8c58744591b1,1.7773407951400806e+18
2ca60e8e-201b-49a1-b377-8c58744591b1,1.7773407951734236e+18
2ca60e8e-201b-49a1-b377-8c58744591b1,1.7773407952067658e+18
2ca60e8e-201b-49a1-b377-8c58744591b1,1.7773407952401088e+18
2ca60e8e-201b-49a1-b377-8c58744591b1,1.7773407952734508e+18
2ca60e8e-201b-49a1-b377-8c58744591b1,1.7773407953067937e+18
2ca60e8e-201b-49a1-b377-8c58744591b1,1.7773407953401357e+18
2ca60e8e-201b-49a1-b377-8c58744591b1,1.7773407953734776e+18
2ca60e8e-201b-49a1-b377-8c58744591b1,1.7773407954068206e+18
2ca60e8e-201b-49a1-b377-8c58744591b1,1.7773407954401628e+18
2ca60e8e-201b-49a1-b377-8c58744591b1,1.7773407954735058e+18
2ca60e8e-201b-49a1-b377-8c58744591b1,1.7773407955068477e+18
2ca60e8e-201b-49a1-b377-8c58744591b1,1.7773407955401907e+18
2ca60e8e-201b-49a1-b377-8c58744591b1,1.7773407955735327e+18
2ca60e8e-201b-49a1-b377-8c58744591b1,1.7773407956068756e+18
2ca60e8e-201b-49a1-b377-8c58744591b1,1.7773407956402176e+18
2ca60e8e-201b-49a1-b377-8c58744591b1,1.7773407956735608e+18
2ca60e8e-201b-49a1-b377-8c58744591b1,1.7773407957069028e+18
2ca60e8e-201b-49a1-b377-8c58744591b1,1.7773407957402447e+18
2ca60e8e-201b-49a1-b377-8c58744591b1,1.7773407957735877e+18
2ca60e8e-201b-49a1-b377-8c58744591b1,1.7773407958069297e+18
2ca60e8e-201b-49a1-b377-8c58744591b1,1.7773407958402726e+18
2ca60e8e-201b-49a1-b377-8c58744591b1,1.7773407958736146e+18
2ca60e8e-201b-49a1-b377-8c58744591b1,1.7773407959069578e+18
2ca60e8e-201b-49a1-b377-8c58744591b1,1.7773407959402998e+18
2ca60e8e-201b-49a1-b377-8c58744591b1,1.7773407959736428e+18
2ca60e8e-201b-49a1-b377-8c58744591b1,1.7773407960069847e+18
2ca60e8e-201b-49a1-b377-8c58744591b1,1.7773407960403267e+18
2ca60e8e-201b-49a1-b377-8c58744591b1,1.7773407960736696e+18
2ca60e8e-201b-49a1-b377-8c58744591b1,1.7773407961070118e+18
2ca60e8e-201b-49a1-b377-8c58744591b1,1.7773407961403548e+18
2ca60e8e-201b-49a1-b377-8c58744591b1,1.7773407961736968e+18
2ca60e8e-201b-49a1-b377-8c58744591b1,1.7773407962070397e+18
2ca60e8e-201b-49a1-b377-8c58744591b1,1.7773407962403817e+18
2ca60e8e-201b-49a1-b377-8c58744591b1,1.7773407962737247e+18
2ca60e8e-201b-49a1-b377-8c58744591b1,1.7773407963070666e+18
2ca60e8e-201b-49a1-b377-8c58744591b1,1.7773407963404088e+18
2ca60e8e-201b-49a1-b377-8c58744591b1,1.7773407963737518e+18
2ca60e8e-201b-49a1-b377-8c58744591b1,1.7773407964070938e+18
2ca60e8e-201b-49a1-b377-8c58744591b1,1.7773407964404367e+18
2ca60e8e-201b-49a1-b377-8c58744591b1,1.7773407964737787e+18
2ca60e8e-201b-49a1-b377-8c58744591b1,1.7773407965071217e+18
2ca60e8e-201b-49a1-b377-8c58744591b1,1.7773407965404636e+18
2ca60e8e-201b-49a1-b377-8c58744591b1,1.7773407965738066e+18
2ca60e8e-201b-49a1-b377-8c58744591b1,1.7773407966071488e+18
2ca60e8e-201b-49a1-b377-8c58744591b1,1.7773407966404908e+18
2ca60e8e-201b-49a1-b377-8c58744591b1,1.7773407966738337e+18
2ca60e8e-201b-49a1-b377-8c58744591b1,1.7773407967071757e+18
2ca60e8e-201b-49a1-b377-8c58744591b1,1.7773407967405187e+18
2ca60e8e-201b-49a1-b377-8c58744591b1,1.7773407967738606e+18
2ca60e8e-201b-49a1-b377-8c58744591b1,1.7773407968072038e+18
2ca60e8e-201b-49a1-b377-8c58744591b1,1.7773407968405458e+18
2ca60e8e-201b-49a1-b377-8c58744591b1,1.7773407968738888e+18
2ca60e8e-201b-49a1-b377-8c58744591b1,1.7773407969072307e+18
2ca60e8e-201b-49a1-b377-8c58744591b1,1.7773407969405727e+18
2ca60e8e-201b-49a1-b377-8c58744591b1,1.7773407969739156e+18
2ca60e8e-201b-49a1-b377-8c58744591b1,1.7773407970072576e+18
2ca60e8e-201b-49a1-b377-8c58744591b1,1.7773407970406008e+18
2ca60e8e-201b-49a1-b377-8c58744591b1,1.7773407970739428e+18
2ca60e8e-201b-49a1-b377-8c58744591b1,1.7773407971072858e+18
2ca60e8e-201b-49a1-b377-8c58744591b1,1.7773407971406277e+18
2ca60e8e-201b-49a1-b377-8c58744591b1,1.7773407971739707e+18
2ca60e8e-201b-49a1-b377-8c58744591b1,1.7773407972073126e+18
2ca60e8e-201b-49a1-b377-8c58744591b1,1.7773407972406546e+18
2ca60e8e-201b-49a1-b377-8c58744591b1,1.7773407972739978e+18
2ca60e8e-201b-49a1-b377-8c58744591b1,1.7773407973073398e+18
2ca60e8e-201b-49a1-b377-8c58744591b1,1.7773407973406828e+18
2ca60e8e-201b-49a1-b377-8c58744591b1,1.7773407973740247e+18
2ca60e8e-201b-49a1-b377-8c58744591b1,1.7773407974073677e+18
2ca60e8e-201b-49a1-b377-8c58744591b1,1.7773407974407096e+18
2ca60e8e-201b-49a1-b377-8c58744591b1,1.7773407974740526e+18
2ca60e8e-201b-49a1-b377-8c58744591b1,1.7773407975073948e+18
2ca60e8e-201b-49a1-b377-8c58744591b1,1.7773407975407378e+18
2ca60e8e-201b-49a1-b377-8c58744591b1,1.7773407975740797e+18
2ca60e8e-201b-49a1-b377-8c58744591b1,1.7773407976074217e+18
2ca60e8e-201b-49a1-b377-8c58744591b1,1.7773407976407647e+18
2ca60e8e-201b-49a1-b377-8c58744591b1,1.7773407976741066e+18
2ca60e8e-201b-49a1-b377-8c58744591b1,1.7773407977074496e+18
2ca60e8e-201b-49a1-b377-8c58744591b1,1.7773407977407918e+18
2ca60e8e-201b-49a1-b377-8c58744591b1,1.7773407977741348e+18
2ca60e8e-201b-49a1-b377-8c58744591b1,1.7773407978074767e+18
2ca60e8e-201b-49a1-b377-8c58744591b1,1.7773407978408197e+18
2ca60e8e-201b-49a1-b377-8c58744591b1,1.7773407978741617e+18
2ca60e8e-201b-49a1-b377-8c58744591b1,1.7773407979075036e+18
2ca60e8e-201b-49a1-b377-8c58744591b1,1.7773407979408466e+18
2ca60e8e-201b-49a1-b377-8c58744591b1,1.7773407979741888e+18
2ca60e8e-201b-49a1-b377-8c58744591b1,1.7773407980075318e+18
2ca60e8e-201b-49a1-b377-8c58744591b1,1.7773407980408737e+18
2ca60e8e-201b-49a1-b377-8c58744591b1,1.7773407980742167e+18
2ca60e8e-201b-49a1-b377-8c58744591b1,1.7773407981075587e+18
2ca60e8e-201b-49a1-b377-8c58744591b1,1.7773407981409016e+18
2ca60e8e-201b-49a1-b377-8c58744591b1,1.7773407981742438e+18
2ca60e8e-201b-49a1-b377-8c58744591b1,1.7773407982075858e+18
2ca60e8e-201b-49a1-b377-8c58744591b1,1.7773407982409288e+18
2ca60e8e-201b-49a1-b377-8c58744591b1,1.7773407982742707e+18
2ca60e8e-201b-49a1-b377-8c58744591b1,1.7773407983076137e+18
2ca60e8e-201b-49a1-b377-8c58744591b1,1.7773407983409556e+18
2ca60e8e-201b-49a1-b377-8c58744591b1,1.7773407983742986e+18
2ca60e8e-201b-49a1-b377-8c58744591b1,1.7773407984076408e+18
2ca60e8e-201b-49a1-b377-8c58744591b1,1.7773407984409838e+18
2ca60e8e-201b-49a1-b377-8c58744591b1,1.7773407984743258e+18
2ca60e8e-201b-49a1-b377-8c58744591b1,1.7773407985076677e+18
2ca60e8e-201b-49a1-b377-8c58744591b1,1.7773407985410107e+18
2ca60e8e-201b-49a1-b377-8c58744591b1,1.7773407985743526e+18
2ca60e8e-201b-49a1-b377-8c58744591b1,1.7773407986076956e+18
2ca60e8e-201b-49a1-b377-8c58744591b1,1.7773407986410378e+18
2ca60e8e-201b-49a1-b377-8c58744591b1,1.7773407986743808e+18
2ca60e8e-201b-49a1-b377-8c58744591b1,1.7773407987077228e+18
2ca60e8e-201b-49a1-b377-8c58744591b1,1.7773407987410657e+18
2ca60e8e-201b-49a1-b377-8c58744591b1,1.7773407987744077e+18
2ca60e8e-201b-49a1-b377-8c58744591b1,1.7773407988077496e+18
2ca60e8e-201b-49a1-b377-8c58744591b1,1.7773407988410926e+18
2ca60e8e-201b-49a1-b377-8c58744591b1,1.7773407988744348e+18
2ca60e8e-201b-49a1-b377-8c58744591b1,1.7773407989077778e+18
2ca60e8e-201b-49a1-b377-8c58744591b1,1.7773407989411197e+18
2ca60e8e-201b-49a1-b377-8c58744591b1,1.7773407989744627e+18
2ca60e8e-201b-49a1-b377-8c58744591b1,1.7773407990078047e+18
2ca60e8e-201b-49a1-b377-8c58744591b1,1.7773407990411476e+18
2ca60e8e-201b-49a1-b377-8c58744591b1,1.7773407990744896e+18
2ca60e8e-201b-49a1-b377-8c58744591b1,1.7773407991078318e+18
2ca60e8e-201b-49a1-b377-8c58744591b1,1.7773407991411748e+18
2ca60e8e-201b-49a1-b377-8c58744591b1,1.7773407991745167e+18
2ca60e8e-201b-49a1-b377-8c58744591b1,1.7773407992078597e+18
2ca60e8e-201b-49a1-b377-8c58744591b1,1.7773407992412017e+18
2ca60e8e-201b-49a1-b377-8c58744591b1,1.7773407992745446e+18
2ca60e8e-201b-49a1-b377-8c58744591b1,1.7773407993078866e+18
2ca60e8e-201b-49a1-b377-8c58744591b1,1.7773407993412298e+18
2ca60e8e-201b-49a1-b377-8c58744591b1,1.7773407993745718e+18
2ca60e8e-201b-49a1-b377-8c58744591b1,1.7773407994079148e+18
2ca60e8e-201b-49a1-b377-8c58744591b1,1.7773407994412567e+18
2ca60e8e-201b-49a1-b377-8c58744591b1,1.7773407994745987e+18
2ca60e8e-201b-49a1-b377-8c58744591b1,1.7773407995079416e+18
2ca60e8e-201b-49a1-b377-8c58744591b1,1.7773407995412838e+18
2ca60e8e-201b-49a1-b377-8c58744591b1,1.7773407995746268e+18
2ca60e8e-201b-49a1-b377-8c58744591b1,1.7773407996079688e+18
2ca60e8e-201b-49a1-b377-8c58744591b1,1.7773407996413117e+18
2ca60e8e-201b-49a1-b377-8c58744591b1,1.7773407996746537e+18
2ca60e8e-201b-49a1-b377-8c58744591b1,1.7773407997079967e+18
2ca60e8e-201b-49a1-b377-8c58744591b1,1.7773407997413386e+18
2ca60e8e-201b-49a1-b377-8c58744591b1,1.7773407997746808e+18
2ca60e8e-201b-49a1-b377-8c58744591b1,1.7773407998080238e+18
2ca60e8e-201b-49a1-b377-8c58744591b1,1.7773407998413658e+18
2ca60e8e-201b-49a1-b377-8c58744591b1,1.7773407998747087e+18
2ca60e8e-201b-49a1-b377-8c58744591b1,1.7773407999080507e+18
2ca60e8e-201b-49a1-b377-8c58744591b1,1.7773407999413937e+18
2ca60e8e-201b-49a1-b377-8c58744591b1,1.7773407999747356e+18
2ca60e8e-201b-49a1-b377-8c58744591b1,1.7773408000080786e+18
2ca60e8e-201b-49a1-b377-8c58744591b1,1.7773408000414208e+18
2ca60e8e-201b-49a1-b377-8c58744591b1,1.7773408000747628e+18
2ca60e8e-201b-49a1-b377-8c58744591b1,1.7773408001081057e+18
2ca60e8e-201b-49a1-b377-8c58744591b1,1.7773408001414477e+18
2ca60e8e-201b-49a1-b377-8c58744591b1,1.7773408001747907e+18
2ca60e8e-201b-49a1-b377-8c58744591b1,1.7773408002081326e+18
2ca60e8e-201b-49a1-b377-8c58744591b1,1.7773408002414758e+18
2ca60e8e-201b-49a1-b377-8c58744591b1,1.7773408002748178e+18
2ca60e8e-201b-49a1-b377-8c58744591b1,1.7773408003081608e+18
2ca60e8e-201b-49a1-b377-8c58744591b1,1.7773408003415027e+18
2ca60e8e-201b-49a1-b377-8c58744591b1,1.7773408003748447e+18
2ca60e8e-201b-49a1-b377-8c58744591b1,1.7773408004081876e+18
2ca60e8e-201b-49a1-b377-8c58744591b1,1.7773408004415296e+18
2ca60e8e-201b-49a1-b377-8c58744591b1,1.7773408004748728e+18
2ca60e8e-201b-49a1-b377-8c58744591b1,1.7773408005082148e+18
2ca60e8e-201b-49a1-b377-8c58744591b1,1.7773408005415578e+18
2ca60e8e-201b-49a1-b377-8c58744591b1,1.7773408005748997e+18
2ca60e8e-201b-49a1-b377-8c58744591b1,1.7773408006082427e+18
2ca60e8e-201b-49a1-b377-8c58744591b1,1.7773408006415846e+18
2ca60e8e-201b-49a1-b377-8c58744591b1,1.7773408006749266e+18
2ca60e8e-201b-49a1-b377-8c58744591b1,1.7773408007082698e+18
2ca60e8e-201b-49a1-b377-8c58744591b1,1.7773408007416118e+18
2ca60e8e-201b-49a1-b377-8c58744591b1,1.7773408007749548e+18
2ca60e8e-201b-49a1-b377-8c58744591b1,1.7773408008082967e+18
2ca60e8e-201b-49a1-b377-8c58744591b1,1.7773408008416397e+18
2ca60e8e-201b-49a1-b377-8c58744591b1,1.7773408008749816e+18
2ca60e8e-201b-49a1-b377-8c58744591b1,1.7773408009083246e+18
2ca60e8e-201b-49a1-b377-8c58744591b1,1.7773408009416668e+18
2ca60e8e-201b-49a1-b377-8c58744591b1,1.7773408009750098e+18
2ca60e8e-201b-49a1-b377-8c58744591b1,1.7773408010083517e+18
2ca60e8e-201b-49a1-b377-8c58744591b1,1.7773408010416937e+18
2ca60e8e-201b-49a1-b377-8c58744591b1,1.7773408010750367e+18
2ca60e8e-201b-49a1-b377-8c58744591b1,1.7773408011083786e+18
2ca60e8e-201b-49a1-b377-8c58744591b1,1.7773408011417216e+18
2ca60e8e-201b-49a1-b377-8c58744591b1,1.7773408011750638e+18
2ca60e8e-201b-49a1-b377-8c58744591b1,1.7773408012084068e+18
2ca60e8e-201b-49a1-b377-8c58744591b1,1.7773408012417487e+18
2ca60e8e-201b-49a1-b377-8c58744591b1,1.7773408012750917e+18
2ca60e8e-201b-49a1-b377-8c58744591b1,1.7773408013084337e+18
2ca60e8e-201b-49a1-b377-8c58744591b1,1.7773408013417756e+18
2ca60e8e-201b-49a1-b377-8c58744591b1,1.7773408013751186e+18
2ca60e8e-201b-49a1-b377-8c58744591b1,1.7773408014084608e+18
2ca60e8e-201b-49a1-b377-8c58744591b1,1.7773408014418038e+18
2ca60e8e-201b-49a1-b377-8c58744591b1,1.7773408014751457e+18
2ca60e8e-201b-49a1-b377-8c58744591b1,1.7773408015084887e+18
2ca60e8e-201b-49a1-b377-8c58744591b1,1.7773408015418307e+18
2ca60e8e-201b-49a1-b377-8c58744591b1,1.7773408015751736e+18
2ca60e8e-201b-49a1-b377-8c58744591b1,1.7773408016085158e+18
2ca60e8e-201b-49a1-b377-8c58744591b1,1.7773408016418578e+18
2ca60e8e-201b-49a1-b377-8c58744591b1,1.7773408016752008e+18
2ca60e8e-201b-49a1-b377-8c58744591b1,1.7773408017085427e+18
2ca60e8e-201b-49a1-b377-8c58744591b1,1.7773408017418857e+18
2ca60e8e-201b-49a1-b377-8c58744591b1,1.7773408017752276e+18
2ca60e8e-201b-49a1-b377-8c58744591b1,1.7773408018085706e+18
2ca60e8e-201b-49a1-b377-8c58744591b1,1.7773408018419128e+18
2ca60e8e-201b-49a1-b377-8c58744591b1,1.7773408018752558e+18
2ca60e8e-201b-49a1-b377-8c58744591b1,1.7773408019085978e+18
2ca60e8e-201b-49a1-b377-8c58744591b1,1.7773408019419397e+18
2ca60e8e-201b-49a1-b377-8c58744591b1,1.7773408019752827e+18
2ca60e8e-201b-49a1-b377-8c58744591b1,1.7773408020086246e+18
2ca60e8e-201b-49a1-b377-8c58744591b1,1.7773408020419676e+18
2ca60e8e-201b-49a1-b377-8c58744591b1,1.7773408020753098e+18
2ca60e8e-201b-49a1-b377-8c58744591b1,1.7773408021086528e+18
2ca60e8e-201b-49a1-b377-8c58744591b1,1.7773408021419948e+18
2ca60e8e-201b-49a1-b377-8c58744591b1,1.7773408021753377e+18
2ca60e8e-201b-49a1-b377-8c58744591b1,1.7773408022086797e+18
2ca60e8e-201b-49a1-b377-8c58744591b1,1.7773408022420216e+18
2ca60e8e-201b-49a1-b377-8c58744591b1,1.7773408022753646e+18
2ca60e8e-201b-49a1-b377-8c58744591b1,1.7773408023087068e+18
2ca60e8e-201b-49a1-b377-8c58744591b1,1.7773408023420498e+18
2ca60e8e-201b-49a1-b377-8c58744591b1,1.7773408023753917e+18
2ca60e8e-201b-49a1-b377-8c58744591b1,1.7773408024087347e+18
2ca60e8e-201b-49a1-b377-8c58744591b1,1.7773408024420767e+18
2ca60e8e-201b-49a1-b377-8c58744591b1,1.7773408024754196e+18
2ca60e8e-201b-49a1-b377-8c58744591b1,1.7773408025087616e+18
2ca60e8e-201b-49a1-b377-8c58744591b1,1.7773408025421038e+18
2ca60e8e-201b-49a1-b377-8c58744591b1,1.7773408025754468e+18
2ca60e8e-201b-49a1-b377-8c58744591b1,1.7773408026087887e+18
2ca60e8e-201b-49a1-b377-8c58744591b1,1.7773408026421317e+18
2ca60e8e-201b-49a1-b377-8c58744591b1,1.7773408026754737e+18
2ca60e8e-201b-49a1-b377-8c58744591b1,1.7773408027088166e+18
2ca60e8e-201b-49a1-b377-8c58744591b1,1.7773408027421586e+18
2ca60e8e-201b-49a1-b377-8c58744591b1,1.7773408027755018e+18
2ca60e8e-201b-49a1-b377-8c58744591b1,1.7773408028088438e+18
2ca60e8e-201b-49a1-b377-8c58744591b1,1.7773408028421868e+18
2ca60e8e-201b-49a1-b377-8c58744591b1,1.7773408028755287e+18
2ca60e8e-201b-49a1-b377-8c58744591b1,1.7773408029088707e+18
2ca60e8e-201b-49a1-b377-8c58744591b1,1.7773408029422136e+18
2ca60e8e-201b-49a1-b377-8c58744591b1,1.7773408029755558e+18
2ca60e8e-201b-49a1-b377-8c58744591b1,1.7773408030088988e+18
2ca60e8e-201b-49a1-b377-8c58744591b1,1.7773408030422408e+18
2ca60e8e-201b-49a1-b377-8c58744591b1,1.7773408030755837e+18
2ca60e8e-201b-49a1-b377-8c58744591b1,1.7773408031089257e+18
2ca60e8e-201b-49a1-b377-8c58744591b1,1.7773408031422687e+18
2ca60e8e-201b-49a1-b377-8c58744591b1,1.7773408031756106e+18
2ca60e8e-201b-49a1-b377-8c58744591b1,1.7773408032089528e+18
2ca60e8e-201b-49a1-b377-8c58744591b1,1.7773408032422958e+18
2ca60e8e-201b-49a1-b377-8c58744591b1,1.7773408032756378e+18
2ca60e8e-201b-49a1-b377-8c58744591b1,1.7773408033089807e+18
2ca60e8e-201b-49a1-b377-8c58744591b1,1.7773408033423227e+18
2ca60e8e-201b-49a1-b377-8c58744591b1,1.7773408033756657e+18
2ca60e8e-201b-49a1-b377-8c58744591b1,1.7773408034090076e+18
2ca60e8e-201b-49a1-b377-8c58744591b1,1.7773408034423506e+18
2ca60e8e-201b-49a1-b377-8c58744591b1,1.7773408034756928e+18
2ca60e8e-201b-49a1-b377-8c58744591b1,1.7773408035090348e+18
2ca60e8e-201b-49a1-b377-8c58744591b1,1.7773408035423777e+18
2ca60e8e-201b-49a1-b377-8c58744591b1,1.7773408035757197e+18
2ca60e8e-201b-49a1-b377-8c58744591b1,1.7773408036090627e+18
2ca60e8e-201b-49a1-b377-8c58744591b1,1.7773408036424046e+18
2ca60e8e-201b-49a1-b377-8c58744591b1,1.7773408036757478e+18
2ca60e8e-201b-49a1-b377-8c58744591b1,1.7773408037090898e+18
2ca60e8e-201b-49a1-b377-8c58744591b1,1.7773408037424328e+18
2ca60e8e-201b-49a1-b377-8c58744591b1,1.7773408037757747e+18
2ca60e8e-201b-49a1-b377-8c58744591b1,1.7773408038091167e+18
2ca60e8e-201b-49a1-b377-8c58744591b1,1.7773408038424596e+18
2ca60e8e-201b-49a1-b377-8c58744591b1,1.7773408038758016e+18
2ca60e8e-201b-49a1-b377-8c58744591b1,1.7773408039091448e+18
2ca60e8e-201b-49a1-b377-8c58744591b1,1.7773408039424868e+18
2ca60e8e-201b-49a1-b377-8c58744591b1,1.7773408039758298e+18
2ca60e8e-201b-49a1-b377-8c58744591b1,1.7773408040091717e+18
2ca60e8e-201b-49a1-b377-8c58744591b1,1.7773408040425147e+18
2ca60e8e-201b-49a1-b377-8c58744591b1,1.7773408040758566e+18
2ca60e8e-201b-49a1-b377-8c58744591b1,1.7773408041091986e+18
2ca60e8e-201b-49a1-b377-8c58744591b1,1.7773408041425418e+18
2ca60e8e-201b-49a1-b377-8c58744591b1,1.7773408041758838e+18
2ca60e8e-201b-49a1-b377-8c58744591b1,1.7773408042092268e+18
2ca60e8e-201b-49a1-b377-8c58744591b1,1.7773408042425687e+18
2ca60e8e-201b-49a1-b377-8c58744591b1,1.7773408042759117e+18
2ca60e8e-201b-49a1-b377-8c58744591b1,1.7773408043092536e+18
2ca60e8e-201b-49a1-b377-8c58744591b1,1.7773408043425966e+18
2ca60e8e-201b-49a1-b377-8c58744591b1,1.7773408043759388e+18
2ca60e8e-201b-49a1-b377-8c58744591b1,1.7773408044092818e+18
2ca60e8e-201b-49a1-b377-8c58744591b1,1.7773408044426237e+18
2ca60e8e-201b-49a1-b377-8c58744591b1,1.7773408044759657e+18
2ca60e8e-201b-49a1-b377-8c58744591b1,1.7773408045093087e+18
2ca60e8e-201b-49a1-b377-8c58744591b1,1.7773408045426506e+18
2ca60e8e-201b-49a1-b377-8c58744591b1,1.7773408045759936e+18
2ca60e8e-201b-49a1-b377-8c58744591b1,1.7773408046093358e+18
2ca60e8e-201b-49a1-b377-8c58744591b1,1.7773408046426788e+18
2ca60e8e-201b-49a1-b377-8c58744591b1,1.7773408046760207e+18
2ca60e8e-201b-49a1-b377-8c58744591b1,1.7773408047093637e+18
2ca60e8e-201b-49a1-b377-8c58744591b1,1.7773408047427057e+18
2ca60e8e-201b-49a1-b377-8c58744591b1,1.7773408047760476e+18
2ca60e8e-201b-49a1-b377-8c58744591b1,1.7773408048093906e+18
2ca60e8e-201b-49a1-b377-8c58744591b1,1.7773408048427328e+18
2ca60e8e-201b-49a1-b377-8c58744591b1,1.7773408048760758e+18
2ca60e8e-201b-49a1-b377-8c58744591b1,1.7773408049094177e+18
2ca60e8e-201b-49a1-b377-8c58744591b1,1.7773408049427607e+18
2ca60e8e-201b-49a1-b377-8c58744591b1,1.7773408049761027e+18
2ca60e8e-201b-49a1-b377-8c58744591b1,1.7773408050094456e+18
2ca60e8e-201b-49a1-b377-8c58744591b1,1.7773408050427878e+18
2ca60e8e-201b-49a1-b377-8c58744591b1,1.7773408050761298e+18
2ca60e8e-201b-49a1-b377-8c58744591b1,1.7773408051094728e+18
2ca60e8e-201b-49a1-b377-8c58744591b1,1.7773408051428147e+18
2ca60e8e-201b-49a1-b377-8c58744591b1,1.7773408051761577e+18
2ca60e8e-201b-49a1-b377-8c58744591b1,1.7773408052094996e+18
2ca60e8e-201b-49a1-b377-8c58744591b1,1.7773408052428426e+18
2ca60e8e-201b-49a1-b377-8c58744591b1,1.7773408052761848e+18
2ca60e8e-201b-49a1-b377-8c58744591b1,1.7773408053095278e+18
2ca60e8e-201b-49a1-b377-8c58744591b1,1.7773408053428698e+18
2ca60e8e-201b-49a1-b377-8c58744591b1,1.7773408053762117e+18
2ca60e8e-201b-49a1-b377-8c58744591b1,1.7773408054095547e+18
2ca60e8e-201b-49a1-b377-8c58744591b1,1.7773408054428966e+18
2ca60e8e-201b-49a1-b377-8c58744591b1,1.7773408054762396e+18
2ca60e8e-201b-49a1-b377-8c58744591b1,1.7773408055095818e+18
2ca60e8e-201b-49a1-b377-8c58744591b1,1.7773408055429248e+18
2ca60e8e-201b-49a1-b377-8c58744591b1,1.7773408055762668e+18
2ca60e8e-201b-49a1-b377-8c58744591b1,1.7773408056096097e+18
2ca60e8e-201b-49a1-b377-8c58744591b1,1.7773408056429517e+18
2ca60e8e-201b-49a1-b377-8c58744591b1,1.7773408056762947e+18
2ca60e8e-201b-49a1-b377-8c58744591b1,1.7773408057096366e+18
2ca60e8e-201b-49a1-b377-8c58744591b1,1.7773408057429788e+18
2ca60e8e-201b-49a1-b377-8c58744591b1,1.7773408057763218e+18
2ca60e8e-201b-49a1-b377-8c58744591b1,1.7773408058096637e+18
2ca60e8e-201b-49a1-b377-8c58744591b1,1.7773408058430067e+18
2ca60e8e-201b-49a1-b377-8c58744591b1,1.7773408058763487e+18
2ca60e8e-201b-49a1-b377-8c58744591b1,1.7773408059096916e+18
2ca60e8e-201b-49a1-b377-8c58744591b1,1.7773408059430336e+18
2ca60e8e-201b-49a1-b377-8c58744591b1,1.7773408059763768e+18
2ca60e8e-201b-49a1-b377-8c58744591b1,1.7773408060097188e+18
2ca60e8e-201b-49a1-b377-8c58744591b1,1.7773408060430607e+18
2ca60e8e-201b-49a1-b377-8c58744591b1,1.7773408060764037e+18
2ca60e8e-201b-49a1-b377-8c58744591b1,1.7773408061097457e+18
2ca60e8e-201b-49a1-b377-8c58744591b1,1.7773408061430886e+18
2ca60e8e-201b-49a1-b377-8c58744591b1,1.7773408061764306e+18
2ca60e8e-201b-49a1-b377-8c58744591b1,1.7773408062097738e+18
2ca60e8e-201b-49a1-b377-8c58744591b1,1.7773408062431158e+18
2ca60e8e-201b-49a1-b377-8c58744591b1,1.7773408062764588e+18
2ca60e8e-201b-49a1-b377-8c58744591b1,1.7773408063098007e+18
2ca60e8e-201b-49a1-b377-8c58744591b1,1.7773408063431427e+18
2ca60e8e-201b-49a1-b377-8c58744591b1,1.7773408063764856e+18
2ca60e8e-201b-49a1-b377-8c58744591b1,1.7773408064098278e+18
2ca60e8e-201b-49a1-b377-8c58744591b1,1.7773408064431708e+18
2ca60e8e-201b-49a1-b377-8c58744591b1,1.7773408064765128e+18
2ca60e8e-201b-49a1-b377-8c58744591b1,1.7773408065098557e+18
2ca60e8e-201b-49a1-b377-8c58744591b1,1.7773408065431977e+18
2ca60e8e-201b-49a1-b377-8c58744591b1,1.7773408065765407e+18
2ca60e8e-201b-49a1-b377-8c58744591b1,1.7773408066098826e+18
2ca60e8e-201b-49a1-b377-8c58744591b1,1.7773408066432248e+18
2ca60e8e-201b-49a1-b377-8c58744591b1,1.7773408066765678e+18
2ca60e8e-201b-49a1-b377-8c58744591b1,1.7773408067099098e+18
2ca60e8e-201b-49a1-b377-8c58744591b1,1.7773408067432527e+18
2ca60e8e-201b-49a1-b377-8c58744591b1,1.7773408067765947e+18
2ca60e8e-201b-49a1-b377-8c58744591b1,1.7773408068099377e+18
2ca60e8e-201b-49a1-b377-8c58744591b1,1.7773408068432796e+18
2ca60e8e-201b-49a1-b377-8c58744591b1,1.7773408068766226e+18
2ca60e8e-201b-49a1-b377-8c58744591b1,1.7773408069099648e+18
2ca60e8e-201b-49a1-b377-8c58744591b1,1.7773408069433068e+18
2ca60e8e-201b-49a1-b377-8c58744591b1,1.7773408069766497e+18
2ca60e8e-201b-49a1-b377-8c58744591b1,1.7773408070099917e+18
2ca60e8e-201b-49a1-b377-8c58744591b1,1.7773408070433347e+18
2ca60e8e-201b-49a1-b377-8c58744591b1,1.7773408070766766e+18
2ca60e8e-201b-49a1-b377-8c58744591b1,1.7773408071100198e+18
2ca60e8e-201b-49a1-b377-8c58744591b1,1.7773408071433618e+18
2ca60e8e-201b-49a1-b377-8c58744591b1,1.7773408071767048e+18
2ca60e8e-201b-49a1-b377-8c58744591b1,1.7773408072100467e+18
2ca60e8e-201b-49a1-b377-8c58744591b1,1.7773408072433887e+18
2ca60e8e-201b-49a1-b377-8c58744591b1,1.7773408072767316e+18
2ca60e8e-201b-49a1-b377-8c58744591b1,1.7773408073100736e+18
2ca60e8e-201b-49a1-b377-8c58744591b1,1.7773408073434168e+18
2ca60e8e-201b-49a1-b377-8c58744591b1,1.7773408073767588e+18
2ca60e8e-201b-49a1-b377-8c58744591b1,1.7773408074101018e+18
2ca60e8e-201b-49a1-b377-8c58744591b1,1.7773408074434437e+18
2ca60e8e-201b-49a1-b377-8c58744591b1,1.7773408074767867e+18
2ca60e8e-201b-49a1-b377-8c58744591b1,1.7773408075101286e+18
2ca60e8e-201b-49a1-b377-8c58744591b1,1.7773408075434716e+18
2ca60e8e-201b-49a1-b377-8c58744591b1,1.7773408075768138e+18
2ca60e8e-201b-49a1-b377-8c58744591b1,1.7773408076101558e+18
2ca60e8e-201b-49a1-b377-8c58744591b1,1.7773408076434988e+18
2ca60e8e-201b-49a1-b377-8c58744591b1,1.7773408076768407e+18
2ca60e8e-201b-49a1-b377-8c58744591b1,1.7773408077101837e+18
2ca60e8e-201b-49a1-b377-8c58744591b1,1.7773408077435256e+18
2ca60e8e-201b-49a1-b377-8c58744591b1,1.7773408077768686e+18
2ca60e8e-201b-49a1-b377-8c58744591b1,1.7773408078102108e+18
2ca60e8e-201b-49a1-b377-8c58744591b1,1.7773408078435538e+18
2ca60e8e-201b-49a1-b377-8c58744591b1,1.7773408078768957e+18
2ca60e8e-201b-49a1-b377-8c58744591b1,1.7773408079102377e+18
2ca60e8e-201b-49a1-b377-8c58744591b1,1.7773408079435807e+18
2ca60e8e-201b-49a1-b377-8c58744591b1,1.7773408079769226e+18
2ca60e8e-201b-49a1-b377-8c58744591b1,1.7773408080102656e+18
2ca60e8e-201b-49a1-b377-8c58744591b1,1.7773408080436078e+18
2ca60e8e-201b-49a1-b377-8c58744591b1,1.7773408080769508e+18
2ca60e8e-201b-49a1-b377-8c58744591b1,1.7773408081102927e+18
2ca60e8e-201b-49a1-b377-8c58744591b1,1.7773408081436357e+18
2ca60e8e-201b-49a1-b377-8c58744591b1,1.7773408081769777e+18
2ca60e8e-201b-49a1-b377-8c58744591b1,1.7773408082103196e+18
2ca60e8e-201b-49a1-b377-8c58744591b1,1.7773408082436626e+18
2ca60e8e-201b-49a1-b377-8c58744591b1,1.7773408082770048e+18
2ca60e8e-201b-49a1-b377-8c58744591b1,1.7773408083103478e+18
2ca60e8e-201b-49a1-b377-8c58744591b1,1.7773408083436897e+18
2ca60e8e-201b-49a1-b377-8c58744591b1,1.7773408083770327e+18
2ca60e8e-201b-49a1-b377-8c58744591b1,1.7773408084103747e+18
2ca60e8e-201b-49a1-b377-8c58744591b1,1.7773408084437176e+18
2ca60e8e-201b-49a1-b377-8c58744591b1,1.7773408084770598e+18
2ca60e8e-201b-49a1-b377-8c58744591b1,1.7773408085104018e+18
2ca60e8e-201b-49a1-b377-8c58744591b1,1.7773408085437448e+18
2ca60e8e-201b-49a1-b377-8c58744591b1,1.7773408085770867e+18
2ca60e8e-201b-49a1-b377-8c58744591b1,1.7773408086104297e+18
2ca60e8e-201b-49a1-b377-8c58744591b1,1.7773408086437716e+18
2ca60e8e-201b-49a1-b377-8c58744591b1,1.7773408086771146e+18
2ca60e8e-201b-49a1-b377-8c58744591b1,1.7773408087104568e+18
2ca60e8e-201b-49a1-b377-8c58744591b1,1.7773408087437998e+18
2ca60e8e-201b-49a1-b377-8c58744591b1,1.7773408087771418e+18
2ca60e8e-201b-49a1-b377-8c58744591b1,1.7773408088104837e+18
2ca60e8e-201b-49a1-b377-8c58744591b1,1.7773408088438267e+18
2ca60e8e-201b-49a1-b377-8c58744591b1,1.7773408088771686e+18
2ca60e8e-201b-49a1-b377-8c58744591b1,1.7773408089105116e+18
2ca60e8e-201b-49a1-b377-8c58744591b1,1.7773408089438538e+18
2ca60e8e-201b-49a1-b377-8c58744591b1,1.7773408089771968e+18
2ca60e8e-201b-49a1-b377-8c58744591b1,1.7773408090105388e+18
2ca60e8e-201b-49a1-b377-8c58744591b1,1.7773408090438817e+18
2ca60e8e-201b-49a1-b377-8c58744591b1,1.7773408090772237e+18
2ca60e8e-201b-49a1-b377-8c58744591b1,1.7773408091105656e+18
2ca60e8e-201b-49a1-b377-8c58744591b1,1.7773408091439086e+18
2ca60e8e-201b-49a1-b377-8c58744591b1,1.7773408091772508e+18
2ca60e8e-201b-49a1-b377-8c58744591b1,1.7773408092105938e+18
2ca60e8e-201b-49a1-b377-8c58744591b1,1.7773408092439357e+18
2ca60e8e-201b-49a1-b377-8c58744591b1,1.7773408092772787e+18
2ca60e8e-201b-49a1-b377-8c58744591b1,1.7773408093106207e+18
2ca60e8e-201b-49a1-b377-8c58744591b1,1.7773408093439636e+18
2ca60e8e-201b-49a1-b377-8c58744591b1,1.7773408093773056e+18
2ca60e8e-201b-49a1-b377-8c58744591b1,1.7773408094106488e+18
2ca60e8e-201b-49a1-b377-8c58744591b1,1.7773408094439908e+18
2ca60e8e-201b-49a1-b377-8c58744591b1,1.7773408094773327e+18
2ca60e8e-201b-49a1-b377-8c58744591b1,1.7773408095106757e+18
2ca60e8e-201b-49a1-b377-8c58744591b1,1.7773408095440177e+18
2ca60e8e-201b-49a1-b377-8c58744591b1,1.7773408095773606e+18
2ca60e8e-201b-49a1-b377-8c58744591b1,1.7773408096107026e+18
2ca60e8e-201b-49a1-b377-8c58744591b1,1.7773408096440458e+18
2ca60e8e-201b-49a1-b377-8c58744591b1,1.7773408096773878e+18
2ca60e8e-201b-49a1-b377-8c58744591b1,1.7773408097107308e+18
2ca60e8e-201b-49a1-b377-8c58744591b1,1.7773408097440727e+18
2ca60e8e-201b-49a1-b377-8c58744591b1,1.7773408097774147e+18
2ca60e8e-201b-49a1-b377-8c58744591b1,1.7773408098107576e+18
2ca60e8e-201b-49a1-b377-8c58744591b1,1.7773408098440998e+18
2ca60e8e-201b-49a1-b377-8c58744591b1,1.7773408098774428e+18
2ca60e8e-201b-49a1-b377-8c58744591b1,1.7773408099107848e+18
2ca60e8e-201b-49a1-b377-8c58744591b1,1.7773408099441277e+18
2ca60e8e-201b-49a1-b377-8c58744591b1,1.7773408099774697e+18
2ca60e8e-201b-49a1-b377-8c58744591b1,1.7773408100108127e+18
2ca60e8e-201b-49a1-b377-8c58744591b1,1.7773408100441546e+18
2ca60e8e-201b-49a1-b377-8c58744591b1,1.7773408100774968e+18
2ca60e8e-201b-49a1-b377-8c58744591b1,1.7773408101108398e+18
2ca60e8e-201b-49a1-b377-8c58744591b1,1.7773408101441818e+18
2ca60e8e-201b-49a1-b377-8c58744591b1,1.7773408101775247e+18
2ca60e8e-201b-49a1-b377-8c58744591b1,1.7773408102108667e+18
2ca60e8e-201b-49a1-b377-8c58744591b1,1.7773408102442097e+18
2ca60e8e-201b-49a1-b377-8c58744591b1,1.7773408102775516e+18
2ca60e8e-201b-49a1-b377-8c58744591b1,1.7773408103108946e+18
2ca60e8e-201b-49a1-b377-8c58744591b1,1.7773408103442368e+18
2ca60e8e-201b-49a1-b377-8c58744591b1,1.7773408103775788e+18
2ca60e8e-201b-49a1-b377-8c58744591b1,1.7773408104109217e+18
2ca60e8e-201b-49a1-b377-8c58744591b1,1.7773408104442637e+18
2ca60e8e-201b-49a1-b377-8c58744591b1,1.7773408104776067e+18
2ca60e8e-201b-49a1-b377-8c58744591b1,1.7773408105109486e+18
2ca60e8e-201b-49a1-b377-8c58744591b1,1.7773408105442918e+18
2ca60e8e-201b-49a1-b377-8c58744591b1,1.7773408105776338e+18
2ca60e8e-201b-49a1-b377-8c58744591b1,1.7773408106109768e+18
2ca60e8e-201b-49a1-b377-8c58744591b1,1.7773408106443187e+18
2ca60e8e-201b-49a1-b377-8c58744591b1,1.7773408106776607e+18
2ca60e8e-201b-49a1-b377-8c58744591b1,1.7773408107110036e+18
2ca60e8e-201b-49a1-b377-8c58744591b1,1.7773408107443456e+18
2ca60e8e-201b-49a1-b377-8c58744591b1,1.7773408107776888e+18
2ca60e8e-201b-49a1-b377-8c58744591b1,1.7773408108110308e+18
2ca60e8e-201b-49a1-b377-8c58744591b1,1.7773408108443738e+18
2ca60e8e-201b-49a1-b377-8c58744591b1,1.7773408108777157e+18
2ca60e8e-201b-49a1-b377-8c58744591b1,1.7773408109110587e+18
2ca60e8e-201b-49a1-b377-8c58744591b1,1.7773408109444006e+18
2ca60e8e-201b-49a1-b377-8c58744591b1,1.7773408109777436e+18
2ca60e8e-201b-49a1-b377-8c58744591b1,1.7773408110110858e+18
2ca60e8e-201b-49a1-b377-8c58744591b1,1.7773408110444278e+18
2ca60e8e-201b-49a1-b377-8c58744591b1,1.7773408110777708e+18
2ca60e8e-201b-49a1-b377-8c58744591b1,1.7773408111111127e+18
2ca60e8e-201b-49a1-b377-8c58744591b1,1.7773408111444557e+18
2ca60e8e-201b-49a1-b377-8c58744591b1,1.7773408111777976e+18
2ca60e8e-201b-49a1-b377-8c58744591b1,1.7773408112111406e+18
2ca60e8e-201b-49a1-b377-8c58744591b1,1.7773408112444828e+18
2ca60e8e-201b-49a1-b377-8c58744591b1,1.7773408112778258e+18
2ca60e8e-201b-49a1-b377-8c58744591b1,1.7773408113111677e+18
2ca60e8e-201b-49a1-b377-8c58744591b1,1.7773408113445097e+18
2ca60e8e-201b-49a1-b377-8c58744591b1,1.7773408113778527e+18
2ca60e8e-201b-49a1-b377-8c58744591b1,1.7773408114111946e+18
2ca60e8e-201b-49a1-b377-8c58744591b1,1.7773408114445376e+18
2ca60e8e-201b-49a1-b377-8c58744591b1,1.7773408114778798e+18
2ca60e8e-201b-49a1-b377-8c58744591b1,1.7773408115112228e+18
2ca60e8e-201b-49a1-b377-8c58744591b1,1.7773408115445647e+18
2ca60e8e-201b-49a1-b377-8c58744591b1,1.7773408115779077e+18
2ca60e8e-201b-49a1-b377-8c58744591b1,1.7773408116112497e+18
2ca60e8e-201b-49a1-b377-8c58744591b1,1.7773408116445916e+18
2ca60e8e-201b-49a1-b377-8c58744591b1,1.7773408116779346e+18
2ca60e8e-201b-49a1-b377-8c58744591b1,1.7773408117112768e+18
2ca60e8e-201b-49a1-b377-8c58744591b1,1.7773408117446198e+18
2ca60e8e-201b-49a1-b377-8c58744591b1,1.7773408117779617e+18
2ca60e8e-201b-49a1-b377-8c58744591b1,1.7773408118113047e+18
2ca60e8e-201b-49a1-b377-8c58744591b1,1.7773408118446467e+18
2ca60e8e-201b-49a1-b377-8c58744591b1,1.7773408118779896e+18
2ca60e8e-201b-49a1-b377-8c58744591b1,1.7773408119113318e+18
2ca60e8e-201b-49a1-b377-8c58744591b1,1.7773408119446738e+18
2ca60e8e-201b-49a1-b377-8c58744591b1,1.7773408119780168e+18
2ca60e8e-201b-49a1-b377-8c58744591b1,1.7773408120113587e+18
2ca60e8e-201b-49a1-b377-8c58744591b1,1.7773408120447017e+18
2ca60e8e-201b-49a1-b377-8c58744591b1,1.7773408120780436e+18
2ca60e8e-201b-49a1-b377-8c58744591b1,1.7773408121113866e+18
2ca60e8e-201b-49a1-b377-8c58744591b1,1.7773408121447288e+18
2ca60e8e-201b-49a1-b377-8c58744591b1,1.7773408121780718e+18
2ca60e8e-201b-49a1-b377-8c58744591b1,1.7773408122114138e+18
2ca60e8e-201b-49a1-b377-8c58744591b1,1.7773408122447557e+18
2ca60e8e-201b-49a1-b377-8c58744591b1,1.7773408122780987e+18
2ca60e8e-201b-49a1-b377-8c58744591b1,1.7773408123114406e+18
2ca60e8e-201b-49a1-b377-8c58744591b1,1.7773408123447836e+18
2ca60e8e-201b-49a1-b377-8c58744591b1,1.7773408123781258e+18
2ca60e8e-201b-49a1-b377-8c58744591b1,1.7773408124114688e+18
2ca60e8e-201b-49a1-b377-8c58744591b1,1.7773408124448108e+18
2ca60e8e-201b-49a1-b377-8c58744591b1,1.7773408124781537e+18
2ca60e8e-201b-49a1-b377-8c58744591b1,1.7773408125114957e+18
2ca60e8e-201b-49a1-b377-8c58744591b1,1.7773408125448376e+18
2ca60e8e-201b-49a1-b377-8c58744591b1,1.7773408125781806e+18
2ca60e8e-201b-49a1-b377-8c58744591b1,1.7773408126115228e+18
2ca60e8e-201b-49a1-b377-8c58744591b1,1.7773408126448658e+18
2ca60e8e-201b-49a1-b377-8c58744591b1,1.7773408126782077e+18
2ca60e8e-201b-49a1-b377-8c58744591b1,1.7773408127115507e+18
2ca60e8e-201b-49a1-b377-8c58744591b1,1.7773408127448927e+18
2ca60e8e-201b-49a1-b377-8c58744591b1,1.7773408127782356e+18
2ca60e8e-201b-49a1-b377-8c58744591b1,1.7773408128115776e+18
2ca60e8e-201b-49a1-b377-8c58744591b1,1.7773408128449208e+18
2ca60e8e-201b-49a1-b377-8c58744591b1,1.7773408128782628e+18
2ca60e8e-201b-49a1-b377-8c58744591b1,1.7773408129116047e+18
2ca60e8e-201b-49a1-b377-8c58744591b1,1.7773408129449477e+18
2ca60e8e-201b-49a1-b377-8c58744591b1,1.7773408129782897e+18
2ca60e8e-201b-49a1-b377-8c58744591b1,1.7773408130116326e+18
2ca60e8e-201b-49a1-b377-8c58744591b1,1.7773408130449746e+18
2ca60e8e-201b-49a1-b377-8c58744591b1,1.7773408130783178e+18
2ca60e8e-201b-49a1-b377-8c58744591b1,1.7773408131116598e+18
2ca60e8e-201b-49a1-b377-8c58744591b1,1.7773408131450028e+18
2ca60e8e-201b-49a1-b377-8c58744591b1,1.7773408131783447e+18
2ca60e8e-201b-49a1-b377-8c58744591b1,1.7773408132116867e+18
2ca60e8e-201b-49a1-b377-8c58744591b1,1.7773408132450296e+18
2ca60e8e-201b-49a1-b377-8c58744591b1,1.7773408132783718e+18
2ca60e8e-201b-49a1-b377-8c58744591b1,1.7773408133117148e+18
2ca60e8e-201b-49a1-b377-8c58744591b1,1.7773408133450568e+18
2ca60e8e-201b-49a1-b377-8c58744591b1,1.7773408133783997e+18
2ca60e8e-201b-49a1-b377-8c58744591b1,1.7773408134117417e+18
2ca60e8e-201b-49a1-b377-8c58744591b1,1.7773408134450847e+18
2ca60e8e-201b-49a1-b377-8c58744591b1,1.7773408134784266e+18
2ca60e8e-201b-49a1-b377-8c58744591b1,1.7773408135117688e+18
2ca60e8e-201b-49a1-b377-8c58744591b1,1.7773408135451118e+18
2ca60e8e-201b-49a1-b377-8c58744591b1,1.7773408135784538e+18
2ca60e8e-201b-49a1-b377-8c58744591b1,1.7773408136117967e+18
2ca60e8e-201b-49a1-b377-8c58744591b1,1.7773408136451387e+18
2ca60e8e-201b-49a1-b377-8c58744591b1,1.7773408136784817e+18
2ca60e8e-201b-49a1-b377-8c58744591b1,1.7773408137118236e+18
2ca60e8e-201b-49a1-b377-8c58744591b1,1.7773408137451666e+18
2ca60e8e-201b-49a1-b377-8c58744591b1,1.7773408137785088e+18
2ca60e8e-201b-49a1-b377-8c58744591b1,1.7773408138118508e+18
2ca60e8e-201b-49a1-b377-8c58744591b1,1.7773408138451937e+18
2ca60e8e-201b-49a1-b377-8c58744591b1,1.7773408138785357e+18
2ca60e8e-201b-49a1-b377-8c58744591b1,1.7773408139118787e+18
2ca60e8e-201b-49a1-b377-8c58744591b1,1.7773408139452206e+18
2ca60e8e-201b-49a1-b377-8c58744591b1,1.7773408139785638e+18
2ca60e8e-201b-49a1-b377-8c58744591b1,1.7773408140119058e+18
2ca60e8e-201b-49a1-b377-8c58744591b1,1.7773408140452488e+18
2ca60e8e-201b-49a1-b377-8c58744591b1,1.7773408140785907e+18
2ca60e8e-201b-49a1-b377-8c58744591b1,1.7773408141119327e+18
2ca60e8e-201b-49a1-b377-8c58744591b1,1.7773408141452756e+18
2ca60e8e-201b-49a1-b377-8c58744591b1,1.7773408141786176e+18
2ca60e8e-201b-49a1-b377-8c58744591b1,1.7773408142119608e+18
2ca60e8e-201b-49a1-b377-8c58744591b1,1.7773408142453028e+18
2ca60e8e-201b-49a1-b377-8c58744591b1,1.7773408142786458e+18
2ca60e8e-201b-49a1-b377-8c58744591b1,1.7773408143119877e+18
2ca60e8e-201b-49a1-b377-8c58744591b1,1.7773408143453307e+18
2ca60e8e-201b-49a1-b377-8c58744591b1,1.7773408143786726e+18
2ca60e8e-201b-49a1-b377-8c58744591b1,1.7773408144120146e+18
2ca60e8e-201b-49a1-b377-8c58744591b1,1.7773408144453578e+18
2ca60e8e-201b-49a1-b377-8c58744591b1,1.7773408144786998e+18
2ca60e8e-201b-49a1-b377-8c58744591b1,1.7773408145120428e+18
2ca60e8e-201b-49a1-b377-8c58744591b1,1.7773408145453847e+18
2ca60e8e-201b-49a1-b377-8c58744591b1,1.7773408145787277e+18
2ca60e8e-201b-49a1-b377-8c58744591b1,1.7773408146120696e+18
2ca60e8e-201b-49a1-b377-8c58744591b1,1.7773408146454126e+18
2ca60e8e-201b-49a1-b377-8c58744591b1,1.7773408146787548e+18
2ca60e8e-201b-49a1-b377-8c58744591b1,1.7773408147120968e+18
2ca60e8e-201b-49a1-b377-8c58744591b1,1.7773408147454397e+18
2ca60e8e-201b-49a1-b377-8c58744591b1,1.7773408147787817e+18
2ca60e8e-201b-49a1-b377-8c58744591b1,1.7773408148121247e+18
2ca60e8e-201b-49a1-b377-8c58744591b1,1.7773408148454666e+18
2ca60e8e-201b-49a1-b377-8c58744591b1,1.7773408148788096e+18
2ca60e8e-201b-49a1-b377-8c58744591b1,1.7773408149121518e+18
2ca60e8e-201b-49a1-b377-8c58744591b1,1.7773408149454948e+18
2ca60e8e-201b-49a1-b377-8c58744591b1,1.7773408149788367e+18
2ca60e8e-201b-49a1-b377-8c58744591b1,1.7773408150121797e+18
2ca60e8e-201b-49a1-b377-8c58744591b1,1.7773408150455217e+18
2ca60e8e-201b-49a1-b377-8c58744591b1,1.7773408150788636e+18
2ca60e8e-201b-49a1-b377-8c58744591b1,1.7773408151122066e+18
2ca60e8e-201b-49a1-b377-8c58744591b1,1.7773408151455488e+18
2ca60e8e-201b-49a1-b377-8c58744591b1,1.7773408151788918e+18
2ca60e8e-201b-49a1-b377-8c58744591b1,1.7773408152122337e+18
2ca60e8e-201b-49a1-b377-8c58744591b1,1.7773408152455767e+18
2ca60e8e-201b-49a1-b377-8c58744591b1,1.7773408152789187e+18
2ca60e8e-201b-49a1-b377-8c58744591b1,1.7773408153122616e+18
2ca60e8e-201b-49a1-b377-8c58744591b1,1.7773408153456038e+18
2ca60e8e-201b-49a1-b377-8c58744591b1,1.7773408153789458e+18
2ca60e8e-201b-49a1-b377-8c58744591b1,1.7773408154122888e+18
2ca60e8e-201b-49a1-b377-8c58744591b1,1.7773408154456307e+18
2ca60e8e-201b-49a1-b377-8c58744591b1,1.7773408154789737e+18
2ca60e8e-201b-49a1-b377-8c58744591b1,1.7773408155123156e+18
2ca60e8e-201b-49a1-b377-8c58744591b1,1.7773408155456586e+18
2ca60e8e-201b-49a1-b377-8c58744591b1,1.7773408155790008e+18
2ca60e8e-201b-49a1-b377-8c58744591b1,1.7773408156123438e+18
2ca60e8e-201b-49a1-b377-8c58744591b1,1.7773408156456858e+18
2ca60e8e-201b-49a1-b377-8c58744591b1,1.7773408156790277e+18
2ca60e8e-201b-49a1-b377-8c58744591b1,1.7773408157123707e+18
2ca60e8e-201b-49a1-b377-8c58744591b1,1.7773408157457126e+18
2ca60e8e-201b-49a1-b377-8c58744591b1,1.7773408157790556e+18
2ca60e8e-201b-49a1-b377-8c58744591b1,1.7773408158123978e+18
2ca60e8e-201b-49a1-b377-8c58744591b1,1.7773408158457408e+18
2ca60e8e-201b-49a1-b377-8c58744591b1,1.7773408158790828e+18
2ca60e8e-201b-49a1-b377-8c58744591b1,1.7773408159124257e+18
2ca60e8e-201b-49a1-b377-8c58744591b1,1.7773408159457677e+18
2ca60e8e-201b-49a1-b377-8c58744591b1,1.7773408159791096e+18
2ca60e8e-201b-49a1-b377-8c58744591b1,1.7773408160124526e+18
2ca60e8e-201b-49a1-b377-8c58744591b1,1.7773408160457948e+18
2ca60e8e-201b-49a1-b377-8c58744591b1,1.7773408160791378e+18
2ca60e8e-201b-49a1-b377-8c58744591b1,1.7773408161124797e+18
2ca60e8e-201b-49a1-b377-8c58744591b1,1.7773408161458227e+18
2ca60e8e-201b-49a1-b377-8c58744591b1,1.7773408161791647e+18
2ca60e8e-201b-49a1-b377-8c58744591b1,1.7773408162125076e+18
2ca60e8e-201b-49a1-b377-8c58744591b1,1.7773408162458496e+18
2ca60e8e-201b-49a1-b377-8c58744591b1,1.7773408162791918e+18
2ca60e8e-201b-49a1-b377-8c58744591b1,1.7773408163125348e+18
2ca60e8e-201b-49a1-b377-8c58744591b1,1.7773408163458767e+18
2ca60e8e-201b-49a1-b377-8c58744591b1,1.7773408163792197e+18
2ca60e8e-201b-49a1-b377-8c58744591b1,1.7773408164125617e+18
2ca60e8e-201b-49a1-b377-8c58744591b1,1.7773408164459046e+18
2ca60e8e-201b-49a1-b377-8c58744591b1,1.7773408164792466e+18
2ca60e8e-201b-49a1-b377-8c58744591b1,1.7773408165125898e+18
2ca60e8e-201b-49a1-b377-8c58744591b1,1.7773408165459318e+18
2ca60e8e-201b-49a1-b377-8c58744591b1,1.7773408165792737e+18
2ca60e8e-201b-49a1-b377-8c58744591b1,1.7773408166126167e+18
2ca60e8e-201b-49a1-b377-8c58744591b1,1.7773408166459587e+18
2ca60e8e-201b-49a1-b377-8c58744591b1,1.7773408166793016e+18
2ca60e8e-201b-49a1-b377-8c58744591b1,1.7773408167126438e+18
2ca60e8e-201b-49a1-b377-8c58744591b1,1.7773408167459868e+18
2ca60e8e-201b-49a1-b377-8c58744591b1,1.7773408167793288e+18
2ca60e8e-201b-49a1-b377-8c58744591b1,1.7773408168126717e+18
2ca60e8e-201b-49a1-b377-8c58744591b1,1.7773408168460137e+18
2ca60e8e-201b-49a1-b377-8c58744591b1,1.7773408168793567e+18
2ca60e8e-201b-49a1-b377-8c58744591b1,1.7773408169126986e+18
2ca60e8e-201b-49a1-b377-8c58744591b1,1.7773408169460408e+18
2ca60e8e-201b-49a1-b377-8c58744591b1,1.7773408169793838e+18
2ca60e8e-201b-49a1-b377-8c58744591b1,1.7773408170127258e+18
2ca60e8e-201b-49a1-b377-8c58744591b1,1.7773408170460687e+18
2ca60e8e-201b-49a1-b377-8c58744591b1,1.7773408170794107e+18
2ca60e8e-201b-49a1-b377-8c58744591b1,1.7773408171127537e+18
2ca60e8e-201b-49a1-b377-8c58744591b1,1.7773408171460956e+18
2ca60e8e-201b-49a1-b377-8c58744591b1,1.7773408171794386e+18
2ca60e8e-201b-49a1-b377-8c58744591b1,1.7773408172127808e+18
2ca60e8e-201b-49a1-b377-8c58744591b1,1.7773408172461228e+18
2ca60e8e-201b-49a1-b377-8c58744591b1,1.7773408172794657e+18
2ca60e8e-201b-49a1-b377-8c58744591b1,1.7773408173128077e+18
2ca60e8e-201b-49a1-b377-8c58744591b1,1.7773408173461507e+18
2ca60e8e-201b-49a1-b377-8c58744591b1,1.7773408173794926e+18
2ca60e8e-201b-49a1-b377-8c58744591b1,1.7773408174128358e+18
2ca60e8e-201b-49a1-b377-8c58744591b1,1.7773408174461778e+18
2ca60e8e-201b-49a1-b377-8c58744591b1,1.7773408174795208e+18
2ca60e8e-201b-49a1-b377-8c58744591b1,1.7773408175128627e+18
2ca60e8e-201b-49a1-b377-8c58744591b1,1.7773408175462047e+18
2ca60e8e-201b-49a1-b377-8c58744591b1,1.7773408175795476e+18
2ca60e8e-201b-49a1-b377-8c58744591b1,1.7773408176128896e+18
2ca60e8e-201b-49a1-b377-8c58744591b1,1.7773408176462328e+18
2ca60e8e-201b-49a1-b377-8c58744591b1,1.7773408176795748e+18
2ca60e8e-201b-49a1-b377-8c58744591b1,1.7773408177129178e+18
2ca60e8e-201b-49a1-b377-8c58744591b1,1.7773408177462597e+18
2ca60e8e-201b-49a1-b377-8c58744591b1,1.7773408177796027e+18
2ca60e8e-201b-49a1-b377-8c58744591b1,1.7773408178129446e+18
2ca60e8e-201b-49a1-b377-8c58744591b1,1.7773408178462866e+18
2ca60e8e-201b-49a1-b377-8c58744591b1,1.7773408178796298e+18
2ca60e8e-201b-49a1-b377-8c58744591b1,1.7773408179129718e+18
2ca60e8e-201b-49a1-b377-8c58744591b1,1.7773408179463148e+18
2ca60e8e-201b-49a1-b377-8c58744591b1,1.7773408179796567e+18
2ca60e8e-201b-49a1-b377-8c58744591b1,1.7773408180129997e+18
2ca60e8e-201b-49a1-b377-8c58744591b1,1.7773408180463416e+18
2ca60e8e-201b-49a1-b377-8c58744591b1,1.7773408180796846e+18
2ca60e8e-201b-49a1-b377-8c58744591b1,1.7773408181130268e+18
2ca60e8e-201b-49a1-b377-8c58744591b1,1.7773408181463688e+18
2ca60e8e-201b-49a1-b377-8c58744591b1,1.7773408181797117e+18
2ca60e8e-201b-49a1-b377-8c58744591b1,1.7773408182130537e+18
2ca60e8e-201b-49a1-b377-8c58744591b1,1.7773408182463967e+18
2ca60e8e-201b-49a1-b377-8c58744591b1,1.7773408182797386e+18
2ca60e8e-201b-49a1-b377-8c58744591b1,1.7773408183130816e+18
2ca60e8e-201b-49a1-b377-8c58744591b1,1.7773408183464238e+18
2ca60e8e-201b-49a1-b377-8c58744591b1,1.7773408183797668e+18
2ca60e8e-201b-49a1-b377-8c58744591b1,1.7773408184131087e+18
2ca60e8e-201b-49a1-b377-8c58744591b1,1.7773408184464507e+18
2ca60e8e-201b-49a1-b377-8c58744591b1,1.7773408184797937e+18
2ca60e8e-201b-49a1-b377-8c58744591b1,1.7773408185131356e+18
2ca60e8e-201b-49a1-b377-8c58744591b1,1.7773408185464786e+18
2ca60e8e-201b-49a1-b377-8c58744591b1,1.7773408185798208e+18
2ca60e8e-201b-49a1-b377-8c58744591b1,1.7773408186131638e+18
2ca60e8e-201b-49a1-b377-8c58744591b1,1.7773408186465057e+18
2ca60e8e-201b-49a1-b377-8c58744591b1,1.7773408186798487e+18
2ca60e8e-201b-49a1-b377-8c58744591b1,1.7773408187131907e+18
2ca60e8e-201b-49a1-b377-8c58744591b1,1.7773408187465336e+18
2ca60e8e-201b-49a1-b377-8c58744591b1,1.7773408187798758e+18
2ca60e8e-201b-49a1-b377-8c58744591b1,1.7773408188132178e+18
2ca60e8e-201b-49a1-b377-8c58744591b1,1.7773408188465608e+18
2ca60e8e-201b-49a1-b377-8c58744591b1,1.7773408188799027e+18
2ca60e8e-201b-49a1-b377-8c58744591b1,1.7773408189132457e+18
2ca60e8e-201b-49a1-b377-8c58744591b1,1.7773408189465876e+18
2ca60e8e-201b-49a1-b377-8c58744591b1,1.7773408189799306e+18
2ca60e8e-201b-49a1-b377-8c58744591b1,1.7773408190132728e+18
2ca60e8e-201b-49a1-b377-8c58744591b1,1.7773408190466158e+18
2ca60e8e-201b-49a1-b377-8c58744591b1,1.7773408190799578e+18
2ca60e8e-201b-49a1-b377-8c58744591b1,1.7773408191132997e+18
2ca60e8e-201b-49a1-b377-8c58744591b1,1.7773408191466427e+18
2ca60e8e-201b-49a1-b377-8c58744591b1,1.7773408191799846e+18
2ca60e8e-201b-49a1-b377-8c58744591b1,1.7773408192133276e+18
2ca60e8e-201b-49a1-b377-8c58744591b1,1.7773408192466698e+18
2ca60e8e-201b-49a1-b377-8c58744591b1,1.7773408192800128e+18
2ca60e8e-201b-49a1-b377-8c58744591b1,1.7773408193133548e+18
2ca60e8e-201b-49a1-b377-8c58744591b1,1.7773408193466977e+18
2ca60e8e-201b-49a1-b377-8c58744591b1,1.7773408193800397e+18
2ca60e8e-201b-49a1-b377-8c58744591b1,1.7773408194133816e+18
2ca60e8e-201b-49a1-b377-8c58744591b1,1.7773408194467246e+18
2ca60e8e-201b-49a1-b377-8c58744591b1,1.7773408194800668e+18
2ca60e8e-201b-49a1-b377-8c58744591b1,1.7773408195134098e+18
2ca60e8e-201b-49a1-b377-8c58744591b1,1.7773408195467517e+18
2ca60e8e-201b-49a1-b377-8c58744591b1,1.7773408195800947e+18
2ca60e8e-201b-49a1-b377-8c58744591b1,1.7773408196134367e+18
2ca60e8e-201b-49a1-b377-8c58744591b1,1.7773408196467796e+18
2ca60e8e-201b-49a1-b377-8c58744591b1,1.7773408196801216e+18
2ca60e8e-201b-49a1-b377-8c58744591b1,1.7773408197134648e+18
2ca60e8e-201b-49a1-b377-8c58744591b1,1.7773408197468068e+18
2ca60e8e-201b-49a1-b377-8c58744591b1,1.7773408197801487e+18
2ca60e8e-201b-49a1-b377-8c58744591b1,1.7773408198134917e+18
2ca60e8e-201b-49a1-b377-8c58744591b1,1.7773408198468337e+18
2ca60e8e-201b-49a1-b377-8c58744591b1,1.7773408198801766e+18
2ca60e8e-201b-49a1-b377-8c58744591b1,1.7773408199135186e+18
2ca60e8e-201b-49a1-b377-8c58744591b1,1.7773408199468618e+18
2ca60e8e-201b-49a1-b377-8c58744591b1,1.7773408199802038e+18
2ca60e8e-201b-49a1-b377-8c58744591b1,1.7773408200135468e+18
2ca60e8e-201b-49a1-b377-8c58744591b1,1.7773408200468887e+18
2ca60e8e-201b-49a1-b377-8c58744591b1,1.7773408200802307e+18
2ca60e8e-201b-49a1-b377-8c58744591b1,1.7773408201135736e+18
2ca60e8e-201b-49a1-b377-8c58744591b1,1.7773408201469158e+18
2ca60e8e-201b-49a1-b377-8c58744591b1,1.7773408201802588e+18
2ca60e8e-201b-49a1-b377-8c58744591b1,1.7773408202136008e+18
2ca60e8e-201b-49a1-b377-8c58744591b1,1.7773408202469437e+18
2ca60e8e-201b-49a1-b377-8c58744591b1,1.7773408202802857e+18
2ca60e8e-201b-49a1-b377-8c58744591b1,1.7773408203136287e+18
2ca60e8e-201b-49a1-b377-8c58744591b1,1.7773408203469706e+18
2ca60e8e-201b-49a1-b377-8c58744591b1,1.7773408203803128e+18
2ca60e8e-201b-49a1-b377-8c58744591b1,1.7773408204136558e+18
2ca60e8e-201b-49a1-b377-8c58744591b1,1.7773408204469978e+18
2ca60e8e-201b-49a1-b377-8c58744591b1,1.7773408204803407e+18
2ca60e8e-201b-49a1-b377-8c58744591b1,1.7773408205136827e+18
2ca60e8e-201b-49a1-b377-8c58744591b1,1.7773408205470257e+18
2ca60e8e-201b-49a1-b377-8c58744591b1,1.7773408205803676e+18
2ca60e8e-201b-49a1-b377-8c58744591b1,1.7773408206137106e+18
2ca60e8e-201b-49a1-b377-8c58744591b1,1.7773408206470528e+18
2ca60e8e-201b-49a1-b377-8c58744591b1,1.7773408206803948e+18
2ca60e8e-201b-49a1-b377-8c58744591b1,1.7773408207137377e+18
2ca60e8e-201b-49a1-b377-8c58744591b1,1.7773408207470797e+18
2ca60e8e-201b-49a1-b377-8c58744591b1,1.7773408207804227e+18
2ca60e8e-201b-49a1-b377-8c58744591b1,1.7773408208137646e+18
2ca60e8e-201b-49a1-b377-8c58744591b1,1.7773408208471078e+18
2ca60e8e-201b-49a1-b377-8c58744591b1,1.7773408208804498e+18
2ca60e8e-201b-49a1-b377-8c58744591b1,1.7773408209137928e+18
2ca60e8e-201b-49a1-b377-8c58744591b1,1.7773408209471347e+18
2ca60e8e-201b-49a1-b377-8c58744591b1,1.7773408209804777e+18
2ca60e8e-201b-49a1-b377-8c58744591b1,1.7773408210138196e+18
2ca60e8e-201b-49a1-b377-8c58744591b1,1.7773408210471616e+18
2ca60e8e-201b-49a1-b377-8c58744591b1,1.7773408210805048e+18
2ca60e8e-201b-49a1-b377-8c58744591b1,1.7773408211138468e+18
2ca60e8e-201b-49a1-b377-8c58744591b1,1.7773408211471898e+18
2ca60e8e-201b-49a1-b377-8c58744591b1,1.7773408211805317e+18
2ca60e8e-201b-49a1-b377-8c58744591b1,1.7773408212138747e+18
2ca60e8e-201b-49a1-b377-8c58744591b1,1.7773408212472166e+18
2ca60e8e-201b-49a1-b377-8c58744591b1,1.7773408212805596e+18
2ca60e8e-201b-49a1-b377-8c58744591b1,1.7773408213139018e+18
2ca60e8e-201b-49a1-b377-8c58744591b1,1.7773408213472438e+18
2ca60e8e-201b-49a1-b377-8c58744591b1,1.7773408213805868e+18
2ca60e8e-201b-49a1-b377-8c58744591b1,1.7773408214139287e+18
2ca60e8e-201b-49a1-b377-8c58744591b1,1.7773408214472717e+18
2ca60e8e-201b-49a1-b377-8c58744591b1,1.7773408214806136e+18
2ca60e8e-201b-49a1-b377-8c58744591b1,1.7773408215139566e+18
2ca60e8e-201b-49a1-b377-8c58744591b1,1.7773408215472988e+18
2ca60e8e-201b-49a1-b377-8c58744591b1,1.7773408215806418e+18
2ca60e8e-201b-49a1-b377-8c58744591b1,1.7773408216139837e+18
2ca60e8e-201b-49a1-b377-8c58744591b1,1.7773408216473257e+18
2ca60e8e-201b-49a1-b377-8c58744591b1,1.7773408216806687e+18
2ca60e8e-201b-49a1-b377-8c58744591b1,1.7773408217140106e+18
2ca60e8e-201b-49a1-b377-8c58744591b1,1.7773408217473536e+18
2ca60e8e-201b-49a1-b377-8c58744591b1,1.7773408217806958e+18
2ca60e8e-201b-49a1-b377-8c58744591b1,1.7773408218140388e+18
2ca60e8e-201b-49a1-b377-8c58744591b1,1.7773408218473807e+18
2ca60e8e-201b-49a1-b377-8c58744591b1,1.7773408218807237e+18
2ca60e8e-201b-49a1-b377-8c58744591b1,1.7773408219140657e+18
2ca60e8e-201b-49a1-b377-8c58744591b1,1.7773408219474076e+18
2ca60e8e-201b-49a1-b377-8c58744591b1,1.7773408219807506e+18
2ca60e8e-201b-49a1-b377-8c58744591b1,1.7773408220140928e+18
2ca60e8e-201b-49a1-b377-8c58744591b1,1.7773408220474358e+18
2ca60e8e-201b-49a1-b377-8c58744591b1,1.7773408220807777e+18
2ca60e8e-201b-49a1-b377-8c58744591b1,1.7773408221141207e+18
2ca60e8e-201b-49a1-b377-8c58744591b1,1.7773408221474627e+18
2ca60e8e-201b-49a1-b377-8c58744591b1,1.7773408221808056e+18
2ca60e8e-201b-49a1-b377-8c58744591b1,1.7773408222141478e+18
2ca60e8e-201b-49a1-b377-8c58744591b1,1.7773408222474898e+18
2ca60e8e-201b-49a1-b377-8c58744591b1,1.7773408222808328e+18
2ca60e8e-201b-49a1-b377-8c58744591b1,1.7773408223141747e+18
2ca60e8e-201b-49a1-b377-8c58744591b1,1.7773408223475177e+18
2ca60e8e-201b-49a1-b377-8c58744591b1,1.7773408223808596e+18
2ca60e8e-201b-49a1-b377-8c58744591b1,1.7773408224142026e+18
2ca60e8e-201b-49a1-b377-8c58744591b1,1.7773408224475448e+18
2ca60e8e-201b-49a1-b377-8c58744591b1,1.7773408224808878e+18
2ca60e8e-201b-49a1-b377-8c58744591b1,1.7773408225142298e+18
2ca60e8e-201b-49a1-b377-8c58744591b1,1.7773408225475717e+18
2ca60e8e-201b-49a1-b377-8c58744591b1,1.7773408225809147e+18
2ca60e8e-201b-49a1-b377-8c58744591b1,1.7773408226142566e+18
2ca60e8e-201b-49a1-b377-8c58744591b1,1.7773408226475996e+18
2ca60e8e-201b-49a1-b377-8c58744591b1,1.7773408226809418e+18
2ca60e8e-201b-49a1-b377-8c58744591b1,1.7773408227142848e+18
2ca60e8e-201b-49a1-b377-8c58744591b1,1.7773408227476268e+18
2ca60e8e-201b-49a1-b377-8c58744591b1,1.7773408227809697e+18
2ca60e8e-201b-49a1-b377-8c58744591b1,1.7773408228143117e+18
2ca60e8e-201b-49a1-b377-8c58744591b1,1.7773408228476547e+18
2ca60e8e-201b-49a1-b377-8c58744591b1,1.7773408228809966e+18
2ca60e8e-201b-49a1-b377-8c58744591b1,1.7773408229143388e+18
2ca60e8e-201b-49a1-b377-8c58744591b1,1.7773408229476818e+18
2ca60e8e-201b-49a1-b377-8c58744591b1,1.7773408229810237e+18
2ca60e8e-201b-49a1-b377-8c58744591b1,1.7773408230143667e+18
2ca60e8e-201b-49a1-b377-8c58744591b1,1.7773408230477087e+18
2ca60e8e-201b-49a1-b377-8c58744591b1,1.7773408230810516e+18
2ca60e8e-201b-49a1-b377-8c58744591b1,1.7773408231143936e+18
2ca60e8e-201b-49a1-b377-8c58744591b1,1.7773408231477368e+18
2ca60e8e-201b-49a1-b377-8c58744591b1,1.7773408231810788e+18
2ca60e8e-201b-49a1-b377-8c58744591b1,1.7773408232144207e+18
2ca60e8e-201b-49a1-b377-8c58744591b1,1.7773408232477637e+18
2ca60e8e-201b-49a1-b377-8c58744591b1,1.7773408232811057e+18
2ca60e8e-201b-49a1-b377-8c58744591b1,1.7773408233144486e+18
2ca60e8e-201b-49a1-b377-8c58744591b1,1.7773408233477906e+18
2ca60e8e-201b-49a1-b377-8c58744591b1,1.7773408233811338e+18
2ca60e8e-201b-49a1-b377-8c58744591b1,1.7773408234144758e+18
2ca60e8e-201b-49a1-b377-8c58744591b1,1.7773408234478188e+18
2ca60e8e-201b-49a1-b377-8c58744591b1,1.7773408234811607e+18
2ca60e8e-201b-49a1-b377-8c58744591b1,1.7773408235145027e+18
2ca60e8e-201b-49a1-b377-8c58744591b1,1.7773408235478456e+18
2ca60e8e-201b-49a1-b377-8c58744591b1,1.7773408235811878e+18
2ca60e8e-201b-49a1-b377-8c58744591b1,1.7773408236145308e+18
2ca60e8e-201b-49a1-b377-8c58744591b1,1.7773408236478728e+18
2ca60e8e-201b-49a1-b377-8c58744591b1,1.7773408236812157e+18
2ca60e8e-201b-49a1-b377-8c58744591b1,1.7773408237145577e+18
2ca60e8e-201b-49a1-b377-8c58744591b1,1.7773408237479007e+18
2ca60e8e-201b-49a1-b377-8c58744591b1,1.7773408237812426e+18
2ca60e8e-201b-49a1-b377-8c58744591b1,1.7773408238145848e+18
2ca60e8e-201b-49a1-b377-8c58744591b1,1.7773408238479278e+18
2ca60e8e-201b-49a1-b377-8c58744591b1,1.7773408238812698e+18
2ca60e8e-201b-49a1-b377-8c58744591b1,1.7773408239146127e+18
2ca60e8e-201b-49a1-b377-8c58744591b1,1.7773408239479547e+18
2ca60e8e-201b-49a1-b377-8c58744591b1,1.7773408239812977e+18
2ca60e8e-201b-49a1-b377-8c58744591b1,1.7773408240146396e+18
2ca60e8e-201b-49a1-b377-8c58744591b1,1.7773408240479826e+18
2ca60e8e-201b-49a1-b377-8c58744591b1,1.7773408240813248e+18
2ca60e8e-201b-49a1-b377-8c58744591b1,1.7773408241146668e+18
2ca60e8e-201b-49a1-b377-8c58744591b1,1.7773408241480097e+18
2ca60e8e-201b-49a1-b377-8c58744591b1,1.7773408241813517e+18
2ca60e8e-201b-49a1-b377-8c58744591b1,1.7773408242146947e+18
2ca60e8e-201b-49a1-b377-8c58744591b1,1.7773408242480366e+18
2ca60e8e-201b-49a1-b377-8c58744591b1,1.7773408242813798e+18
2ca60e8e-201b-49a1-b377-8c58744591b1,1.7773408243147218e+18
2ca60e8e-201b-49a1-b377-8c58744591b1,1.7773408243480648e+18
2ca60e8e-201b-49a1-b377-8c58744591b1,1.7773408243814067e+18
2ca60e8e-201b-49a1-b377-8c58744591b1,1.7773408244147487e+18
2ca60e8e-201b-49a1-b377-8c58744591b1,1.7773408244480916e+18
2ca60e8e-201b-49a1-b377-8c58744591b1,1.7773408244814336e+18
2ca60e8e-201b-49a1-b377-8c58744591b1,1.7773408245147768e+18
2ca60e8e-201b-49a1-b377-8c58744591b1,1.7773408245481188e+18
2ca60e8e-201b-49a1-b377-8c58744591b1,1.7773408245814618e+18
2ca60e8e-201b-49a1-b377-8c58744591b1,1.7773408246148037e+18
2ca60e8e-201b-49a1-b377-8c58744591b1,1.7773408246481467e+18
2ca60e8e-201b-49a1-b377-8c58744591b1,1.7773408246814886e+18
2ca60e8e-201b-49a1-b377-8c58744591b1,1.7773408247148306e+18
2ca60e8e-201b-49a1-b377-8c58744591b1,1.7773408247481738e+18
2ca60e8e-201b-49a1-b377-8c58744591b1,1.7773408247815158e+18
2ca60e8e-201b-49a1-b377-8c58744591b1,1.7773408248148588e+18
2ca60e8e-201b-49a1-b377-8c58744591b1,1.7773408248482007e+18
2ca60e8e-201b-49a1-b377-8c58744591b1,1.7773408248815437e+18
2ca60e8e-201b-49a1-b377-8c58744591b1,1.7773408249148856e+18
2ca60e8e-201b-49a1-b377-8c58744591b1,1.7773408249482286e+18
2ca60e8e-201b-49a1-b377-8c58744591b1,1.7773408249815708e+18
2ca60e8e-201b-49a1-b377-8c58744591b1,1.7773408250149138e+18
2ca60e8e-201b-49a1-b377-8c58744591b1,1.7773408250482557e+18
2ca60e8e-201b-49a1-b377-8c58744591b1,1.7773408250815977e+18
2ca60e8e-201b-49a1-b377-8c58744591b1,1.7773408251149407e+18
2ca60e8e-201b-49a1-b377-8c58744591b1,1.7773408251482826e+18
2ca60e8e-201b-49a1-b377-8c58744591b1,1.7773408251816256e+18
2ca60e8e-201b-49a1-b377-8c58744591b1,1.7773408252149678e+18
2ca60e8e-201b-49a1-b377-8c58744591b1,1.7773408252483108e+18
2ca60e8e-201b-49a1-b377-8c58744591b1,1.7773408252816527e+18
2ca60e8e-201b-49a1-b377-8c58744591b1,1.7773408253149957e+18
2ca60e8e-201b-49a1-b377-8c58744591b1,1.7773408253483377e+18
2ca60e8e-201b-49a1-b377-8c58744591b1,1.7773408253816796e+18
2ca60e8e-201b-49a1-b377-8c58744591b1,1.7773408254150226e+18
2ca60e8e-201b-49a1-b377-8c58744591b1,1.7773408254483648e+18
2ca60e8e-201b-49a1-b377-8c58744591b1,1.7773408254817078e+18
2ca60e8e-201b-49a1-b377-8c58744591b1,1.7773408255150497e+18
2ca60e8e-201b-49a1-b377-8c58744591b1,1.7773408255483927e+18
2ca60e8e-201b-49a1-b377-8c58744591b1,1.7773408255817347e+18
2ca60e8e-201b-49a1-b377-8c58744591b1,1.7773408256150776e+18
2ca60e8e-201b-49a1-b377-8c58744591b1,1.7773408256484198e+18
2ca60e8e-201b-49a1-b377-8c58744591b1,1.7773408256817618e+18
2ca60e8e-201b-49a1-b377-8c58744591b1,1.7773408257151048e+18
2ca60e8e-201b-49a1-b377-8c58744591b1,1.7773408257484467e+18
2ca60e8e-201b-49a1-b377-8c58744591b1,1.7773408257817897e+18
2ca60e8e-201b-49a1-b377-8c58744591b1,1.7773408258151316e+18
2ca60e8e-201b-49a1-b377-8c58744591b1,1.7773408258484746e+18
2ca60e8e-201b-49a1-b377-8c58744591b1,1.7773408258818168e+18
2ca60e8e-201b-49a1-b377-8c58744591b1,1.7773408259151598e+18
2ca60e8e-201b-49a1-b377-8c58744591b1,1.7773408259485018e+18
2ca60e8e-201b-49a1-b377-8c58744591b1,1.7773408259818437e+18
2ca60e8e-201b-49a1-b377-8c58744591b1,1.7773408260151867e+18
2ca60e8e-201b-49a1-b377-8c58744591b1,1.7773408260485286e+18
2ca60e8e-201b-49a1-b377-8c58744591b1,1.7773408260818716e+18
2ca60e8e-201b-49a1-b377-8c58744591b1,1.7773408261152138e+18
2ca60e8e-201b-49a1-b377-8c58744591b1,1.7773408261485568e+18
2ca60e8e-201b-49a1-b377-8c58744591b1,1.7773408261818988e+18
2ca60e8e-201b-49a1-b377-8c58744591b1,1.7773408262152417e+18
2ca60e8e-201b-49a1-b377-8c58744591b1,1.7773408262485837e+18
2ca60e8e-201b-49a1-b377-8c58744591b1,1.7773408262819256e+18
2ca60e8e-201b-49a1-b377-8c58744591b1,1.7773408263152686e+18
2ca60e8e-201b-49a1-b377-8c58744591b1,1.7773408263486108e+18
2ca60e8e-201b-49a1-b377-8c58744591b1,1.7773408263819538e+18
2ca60e8e-201b-49a1-b377-8c58744591b1,1.7773408264152957e+18
2ca60e8e-201b-49a1-b377-8c58744591b1,1.7773408264486387e+18
2ca60e8e-201b-49a1-b377-8c58744591b1,1.7773408264819807e+18
2ca60e8e-201b-49a1-b377-8c58744591b1,1.7773408265153236e+18
2ca60e8e-201b-49a1-b377-8c58744591b1,1.7773408265486656e+18
2ca60e8e-201b-49a1-b377-8c58744591b1,1.7773408265820078e+18
2ca60e8e-201b-49a1-b377-8c58744591b1,1.7773408266153508e+18
2ca60e8e-201b-49a1-b377-8c58744591b1,1.7773408266486927e+18
2ca60e8e-201b-49a1-b377-8c58744591b1,1.7773408266820357e+18
2ca60e8e-201b-49a1-b377-8c58744591b1,1.7773408267153777e+18
2ca60e8e-201b-49a1-b377-8c58744591b1,1.7773408267487206e+18
2ca60e8e-201b-49a1-b377-8c58744591b1,1.7773408267820626e+18
2ca60e8e-201b-49a1-b377-8c58744591b1,1.7773408268154058e+18
2ca60e8e-201b-49a1-b377-8c58744591b1,1.7773408268487478e+18
2ca60e8e-201b-49a1-b377-8c58744591b1,1.7773408268820908e+18
2ca60e8e-201b-49a1-b377-8c58744591b1,1.7773408269154327e+18
2ca60e8e-201b-49a1-b377-8c58744591b1,1.7773408269487747e+18
2ca60e8e-201b-49a1-b377-8c58744591b1,1.7773408269821176e+18
2ca60e8e-201b-49a1-b377-8c58744591b1,1.7773408270154598e+18
2ca60e8e-201b-49a1-b377-8c58744591b1,1.7773408270488028e+18
2ca60e8e-201b-49a1-b377-8c58744591b1,1.7773408270821448e+18
2ca60e8e-201b-49a1-b377-8c58744591b1,1.7773408271154877e+18
2ca60e8e-201b-49a1-b377-8c58744591b1,1.7773408271488297e+18
2ca60e8e-201b-49a1-b377-8c58744591b1,1.7773408271821727e+18
2ca60e8e-201b-49a1-b377-8c58744591b1,1.7773408272155146e+18
2ca60e8e-201b-49a1-b377-8c58744591b1,1.7773408272488568e+18
2ca60e8e-201b-49a1-b377-8c58744591b1,1.7773408272821998e+18
2ca60e8e-201b-49a1-b377-8c58744591b1,1.7773408273155418e+18
2ca60e8e-201b-49a1-b377-8c58744591b1,1.7773408273488847e+18
2ca60e8e-201b-49a1-b377-8c58744591b1,1.7773408273822267e+18
2ca60e8e-201b-49a1-b377-8c58744591b1,1.7773408274155697e+18
2ca60e8e-201b-49a1-b377-8c58744591b1,1.7773408274489116e+18
2ca60e8e-201b-49a1-b377-8c58744591b1,1.7773408274822546e+18
2ca60e8e-201b-49a1-b377-8c58744591b1,1.7773408275155968e+18
2ca60e8e-201b-49a1-b377-8c58744591b1,1.7773408275489388e+18
2ca60e8e-201b-49a1-b377-8c58744591b1,1.7773408275822817e+18
2ca60e8e-201b-49a1-b377-8c58744591b1,1.7773408276156237e+18
2ca60e8e-201b-49a1-b377-8c58744591b1,1.7773408276489667e+18
2ca60e8e-201b-49a1-b377-8c58744591b1,1.7773408276823086e+18
2ca60e8e-201b-49a1-b377-8c58744591b1,1.7773408277156518e+18
2ca60e8e-201b-49a1-b377-8c58744591b1,1.7773408277489938e+18
2ca60e8e-201b-49a1-b377-8c58744591b1,1.7773408277823368e+18
2ca60e8e-201b-49a1-b377-8c58744591b1,1.7773408278156787e+18
2ca60e8e-201b-49a1-b377-8c58744591b1,1.7773408278490207e+18
2ca60e8e-201b-49a1-b377-8c58744591b1,1.7773408278823636e+18
2ca60e8e-201b-49a1-b377-8c58744591b1,1.7773408279157056e+18
2ca60e8e-201b-49a1-b377-8c58744591b1,1.7773408279490488e+18
2ca60e8e-201b-49a1-b377-8c58744591b1,1.7773408279823908e+18
2ca60e8e-201b-49a1-b377-8c58744591b1,1.7773408280157338e+18
2ca60e8e-201b-49a1-b377-8c58744591b1,1.7773408280490757e+18
2ca60e8e-201b-49a1-b377-8c58744591b1,1.7773408280824187e+18
2ca60e8e-201b-49a1-b377-8c58744591b1,1.7773408281157606e+18
2ca60e8e-201b-49a1-b377-8c58744591b1,1.7773408281491026e+18
2ca60e8e-201b-49a1-b377-8c58744591b1,1.7773408281824458e+18
2ca60e8e-201b-49a1-b377-8c58744591b1,1.7773408282157878e+18
2ca60e8e-201b-49a1-b377-8c58744591b1,1.7773408282491308e+18
2ca60e8e-201b-49a1-b377-8c58744591b1,1.7773408282824727e+18
2ca60e8e-201b-49a1-b377-8c58744591b1,1.7773408283158157e+18
2ca60e8e-201b-49a1-b377-8c58744591b1,1.7773408283491576e+18
2ca60e8e-201b-49a1-b377-8c58744591b1,1.7773408283825006e+18
2ca60e8e-201b-49a1-b377-8c58744591b1,1.7773408284158428e+18
2ca60e8e-201b-49a1-b377-8c58744591b1,1.7773408284491848e+18
2ca60e8e-201b-49a1-b377-8c58744591b1,1.7773408284825277e+18
2ca60e8e-201b-49a1-b377-8c58744591b1,1.7773408285158697e+18
2ca60e8e-201b-49a1-b377-8c58744591b1,1.7773408285492127e+18
2ca60e8e-201b-49a1-b377-8c58744591b1,1.7773408285825546e+18
2ca60e8e-201b-49a1-b377-8c58744591b1,1.7773408286158976e+18
2ca60e8e-201b-49a1-b377-8c58744591b1,1.7773408286492398e+18
2ca60e8e-201b-49a1-b377-8c58744591b1,1.7773408286825828e+18
2ca60e8e-201b-49a1-b377-8c58744591b1,1.7773408287159247e+18
2ca60e8e-201b-49a1-b377-8c58744591b1,1.7773408287492677e+18
2ca60e8e-201b-49a1-b377-8c58744591b1,1.7773408287826097e+18
2ca60e8e-201b-49a1-b377-8c58744591b1,1.7773408288159516e+18
2ca60e8e-201b-49a1-b377-8c58744591b1,1.7773408288492946e+18
2ca60e8e-201b-49a1-b377-8c58744591b1,1.7773408288826368e+18
2ca60e8e-201b-49a1-b377-8c58744591b1,1.7773408289159798e+18
2ca60e8e-201b-49a1-b377-8c58744591b1,1.7773408289493217e+18
2ca60e8e-201b-49a1-b377-8c58744591b1,1.7773408289826647e+18
2ca60e8e-201b-49a1-b377-8c58744591b1,1.7773408290160067e+18
2ca60e8e-201b-49a1-b377-8c58744591b1,1.7773408290493496e+18
2ca60e8e-201b-49a1-b377-8c58744591b1,1.7773408290826918e+18
2ca60e8e-201b-49a1-b377-8c58744591b1,1.7773408291160338e+18
2ca60e8e-201b-49a1-b377-8c58744591b1,1.7773408291493768e+18
2ca60e8e-201b-49a1-b377-8c58744591b1,1.7773408291827187e+18
2ca60e8e-201b-49a1-b377-8c58744591b1,1.7773408292160617e+18
2ca60e8e-201b-49a1-b377-8c58744591b1,1.7773408292494036e+18
2ca60e8e-201b-49a1-b377-8c58744591b1,1.7773408292827466e+18
2ca60e8e-201b-49a1-b377-8c58744591b1,1.7773408293160888e+18
2ca60e8e-201b-49a1-b377-8c58744591b1,1.7773408293494318e+18
2ca60e8e-201b-49a1-b377-8c58744591b1,1.7773408293827738e+18
2ca60e8e-201b-49a1-b377-8c58744591b1,1.7773408294161157e+18
2ca60e8e-201b-49a1-b377-8c58744591b1,1.7773408294494587e+18
2ca60e8e-201b-49a1-b377-8c58744591b1,1.7773408294828006e+18
2ca60e8e-201b-49a1-b377-8c58744591b1,1.7773408295161436e+18
2ca60e8e-201b-49a1-b377-8c58744591b1,1.7773408295494858e+18
2ca60e8e-201b-49a1-b377-8c58744591b1,1.7773408295828288e+18
2ca60e8e-201b-49a1-b377-8c58744591b1,1.7773408296161708e+18
2ca60e8e-201b-49a1-b377-8c58744591b1,1.7773408296495137e+18
2ca60e8e-201b-49a1-b377-8c58744591b1,1.7773408296828557e+18
2ca60e8e-201b-49a1-b377-8c58744591b1,1.7773408297161976e+18
2ca60e8e-201b-49a1-b377-8c58744591b1,1.7773408297495406e+18
2ca60e8e-201b-49a1-b377-8c58744591b1,1.7773408297828828e+18
2ca60e8e-201b-49a1-b377-8c58744591b1,1.7773408298162258e+18
2ca60e8e-201b-49a1-b377-8c58744591b1,1.7773408298495677e+18
2ca60e8e-201b-49a1-b377-8c58744591b1,1.7773408298829107e+18
2ca60e8e-201b-49a1-b377-8c58744591b1,1.7773408299162527e+18
2ca60e8e-201b-49a1-b377-8c58744591b1,1.7773408299495956e+18
2ca60e8e-201b-49a1-b377-8c58744591b1,1.7773408299829376e+18
2ca60e8e-201b-49a1-b377-8c58744591b1,1.7773408300162798e+18
2ca60e8e-201b-49a1-b377-8c58744591b1,1.7773408300496228e+18
2ca60e8e-201b-49a1-b377-8c58744591b1,1.7773408300829647e+18
2ca60e8e-201b-49a1-b377-8c58744591b1,1.7773408301163077e+18
2ca60e8e-201b-49a1-b377-8c58744591b1,1.7773408301496497e+18
2ca60e8e-201b-49a1-b377-8c58744591b1,1.7773408301829926e+18
2ca60e8e-201b-49a1-b377-8c58744591b1,1.7773408302163346e+18
2ca60e8e-201b-49a1-b377-8c58744591b1,1.7773408302496778e+18
2ca60e8e-201b-49a1-b377-8c58744591b1,1.7773408302830198e+18
2ca60e8e-201b-49a1-b377-8c58744591b1,1.7773408303163628e+18
2ca60e8e-201b-49a1-b377-8c58744591b1,1.7773408303497047e+18
2ca60e8e-201b-49a1-b377-8c58744591b1,1.7773408303830467e+18
2ca60e8e-201b-49a1-b377-8c58744591b1,1.7773408304163896e+18
2ca60e8e-201b-49a1-b377-8c58744591b1,1.7773408304497318e+18
2ca60e8e-201b-49a1-b377-8c58744591b1,1.7773408304830748e+18
2ca60e8e-201b-49a1-b377-8c58744591b1,1.7773408305164168e+18
2ca60e8e-201b-49a1-b377-8c58744591b1,1.7773408305497597e+18
2ca60e8e-201b-49a1-b377-8c58744591b1,1.7773408305831017e+18
2ca60e8e-201b-49a1-b377-8c58744591b1,1.7773408306164447e+18
2ca60e8e-201b-49a1-b377-8c58744591b1,1.7773408306497866e+18
2ca60e8e-201b-49a1-b377-8c58744591b1,1.7773408306831288e+18
2ca60e8e-201b-49a1-b377-8c58744591b1,1.7773408307164718e+18
2ca60e8e-201b-49a1-b377-8c58744591b1,1.7773408307498138e+18
2ca60e8e-201b-49a1-b377-8c58744591b1,1.7773408307831567e+18
2ca60e8e-201b-49a1-b377-8c58744591b1,1.7773408308164987e+18
2ca60e8e-201b-49a1-b377-8c58744591b1,1.7773408308498417e+18
2ca60e8e-201b-49a1-b377-8c58744591b1,1.7773408308831836e+18
2ca60e8e-201b-49a1-b377-8c58744591b1,1.7773408309165266e+18
2ca60e8e-201b-49a1-b377-8c58744591b1,1.7773408309498688e+18
2ca60e8e-201b-49a1-b377-8c58744591b1,1.7773408309832108e+18
2ca60e8e-201b-49a1-b377-8c58744591b1,1.7773408310165537e+18
2ca60e8e-201b-49a1-b377-8c58744591b1,1.7773408310498957e+18
2ca60e8e-201b-49a1-b377-8c58744591b1,1.7773408310832387e+18
2ca60e8e-201b-49a1-b377-8c58744591b1,1.7773408311165806e+18
2ca60e8e-201b-49a1-b377-8c58744591b1,1.7773408311499238e+18
2ca60e8e-201b-49a1-b377-8c58744591b1,1.7773408311832658e+18
2ca60e8e-201b-49a1-b377-8c58744591b1,1.7773408312166088e+18
2ca60e8e-201b-49a1-b377-8c58744591b1,1.7773408312499507e+18
2ca60e8e-201b-49a1-b377-8c58744591b1,1.7773408312832927e+18
2ca60e8e-201b-49a1-b377-8c58744591b1,1.7773408313166356e+18
2ca60e8e-201b-49a1-b377-8c58744591b1,1.7773408313499776e+18
2ca60e8e-201b-49a1-b377-8c58744591b1,1.7773408313833208e+18
2ca60e8e-201b-49a1-b377-8c58744591b1,1.7773408314166628e+18
2ca60e8e-201b-49a1-b377-8c58744591b1,1.7773408314500058e+18
2ca60e8e-201b-49a1-b377-8c58744591b1,1.7773408314833477e+18
2ca60e8e-201b-49a1-b377-8c58744591b1,1.7773408315166907e+18
2ca60e8e-201b-49a1-b377-8c58744591b1,1.7773408315500326e+18
2ca60e8e-201b-49a1-b377-8c58744591b1,1.7773408315833746e+18
2ca60e8e-201b-49a1-b377-8c58744591b1,1.7773408316167178e+18
2ca60e8e-201b-49a1-b377-8c58744591b1,1.7773408316500598e+18
2ca60e8e-201b-49a1-b377-8c58744591b1,1.7773408316834028e+18
2ca60e8e-201b-49a1-b377-8c58744591b1,1.7773408317167447e+18
2ca60e8e-201b-49a1-b377-8c58744591b1,1.7773408317500877e+18
2ca60e8e-201b-49a1-b377-8c58744591b1,1.7773408317834296e+18
2ca60e8e-201b-49a1-b377-8c58744591b1,1.7773408318167726e+18
2ca60e8e-201b-49a1-b377-8c58744591b1,1.7773408318501148e+18
2ca60e8e-201b-49a1-b377-8c58744591b1,1.7773408318834568e+18
2ca60e8e-201b-49a1-b377-8c58744591b1,1.7773408319167997e+18
2ca60e8e-201b-49a1-b377-8c58744591b1,1.7773408319501417e+18
2ca60e8e-201b-49a1-b377-8c58744591b1,1.7773408319834847e+18
2ca60e8e-201b-49a1-b377-8c58744591b1,1.7773408320168266e+18
2ca60e8e-201b-49a1-b377-8c58744591b1,1.7773408320501696e+18
2ca60e8e-201b-49a1-b377-8c58744591b1,1.7773408320835118e+18
2ca60e8e-201b-49a1-b377-8c58744591b1,1.7773408321168548e+18
2ca60e8e-201b-49a1-b377-8c58744591b1,1.7773408321501967e+18
2ca60e8e-201b-49a1-b377-8c58744591b1,1.7773408321835397e+18
2ca60e8e-201b-49a1-b377-8c58744591b1,1.7773408322168817e+18
2ca60e8e-201b-49a1-b377-8c58744591b1,1.7773408322502236e+18
2ca60e8e-201b-49a1-b377-8c58744591b1,1.7773408322835666e+18
2ca60e8e-201b-49a1-b377-8c58744591b1,1.7773408323169088e+18
2ca60e8e-201b-49a1-b377-8c58744591b1,1.7773408323502518e+18
2ca60e8e-201b-49a1-b377-8c58744591b1,1.7773408323835937e+18
2ca60e8e-201b-49a1-b377-8c58744591b1,1.7773408324169367e+18
2ca60e8e-201b-49a1-b377-8c58744591b1,1.7773408324502787e+18
2ca60e8e-201b-49a1-b377-8c58744591b1,1.7773408324836216e+18
2ca60e8e-201b-49a1-b377-8c58744591b1,1.7773408325169638e+18
2ca60e8e-201b-49a1-b377-8c58744591b1,1.7773408325503058e+18
2ca60e8e-201b-49a1-b377-8c58744591b1,1.7773408325836488e+18
2ca60e8e-201b-49a1-b377-8c58744591b1,1.7773408326169907e+18
2ca60e8e-201b-49a1-b377-8c58744591b1,1.7773408326503337e+18
2ca60e8e-201b-49a1-b377-8c58744591b1,1.7773408326836756e+18
2ca60e8e-201b-49a1-b377-8c58744591b1,1.7773408327170186e+18
2ca60e8e-201b-49a1-b377-8c58744591b1,1.7773408327503608e+18
2ca60e8e-201b-49a1-b377-8c58744591b1,1.7773408327837038e+18
2ca60e8e-201b-49a1-b377-8c58744591b1,1.7773408328170458e+18
2ca60e8e-201b-49a1-b377-8c58744591b1,1.7773408328503877e+18
2ca60e8e-201b-49a1-b377-8c58744591b1,1.7773408328837307e+18
2ca60e8e-201b-49a1-b377-8c58744591b1,1.7773408329170726e+18
2ca60e8e-201b-49a1-b377-8c58744591b1,1.7773408329504156e+18
2ca60e8e-201b-49a1-b377-8c58744591b1,1.7773408329837578e+18
2ca60e8e-201b-49a1-b377-8c58744591b1,1.7773408330171008e+18
2ca60e8e-201b-49a1-b377-8c58744591b1,1.7773408330504428e+18
2ca60e8e-201b-49a1-b377-8c58744591b1,1.7773408330837857e+18
2ca60e8e-201b-49a1-b377-8c58744591b1,1.7773408331171277e+18
2ca60e8e-201b-49a1-b377-8c58744591b1,1.7773408331504696e+18
2ca60e8e-201b-49a1-b377-8c58744591b1,1.7773408331838126e+18
2ca60e8e-201b-49a1-b377-8c58744591b1,1.7773408332171548e+18
2ca60e8e-201b-49a1-b377-8c58744591b1,1.7773408332504978e+18
2ca60e8e-201b-49a1-b377-8c58744591b1,1.7773408332838397e+18
2ca60e8e-201b-49a1-b377-8c58744591b1,1.7773408333171827e+18
2ca60e8e-201b-49a1-b377-8c58744591b1,1.7773408333505247e+18
2ca60e8e-201b-49a1-b377-8c58744591b1,1.7773408333838676e+18
2ca60e8e-201b-49a1-b377-8c58744591b1,1.7773408334172096e+18
2ca60e8e-201b-49a1-b377-8c58744591b1,1.7773408334505518e+18
2ca60e8e-201b-49a1-b377-8c58744591b1,1.7773408334838948e+18
2ca60e8e-201b-49a1-b377-8c58744591b1,1.7773408335172367e+18
2ca60e8e-201b-49a1-b377-8c58744591b1,1.7773408335505797e+18
2ca60e8e-201b-49a1-b377-8c58744591b1,1.7773408335839217e+18
2ca60e8e-201b-49a1-b377-8c58744591b1,1.7773408336172646e+18
2ca60e8e-201b-49a1-b377-8c58744591b1,1.7773408336506066e+18
2ca60e8e-201b-49a1-b377-8c58744591b1,1.7773408336839498e+18
2ca60e8e-201b-49a1-b377-8c58744591b1,1.7773408337172918e+18
2ca60e8e-201b-49a1-b377-8c58744591b1,1.7773408337506337e+18
2ca60e8e-201b-49a1-b377-8c58744591b1,1.7773408337839767e+18
2ca60e8e-201b-49a1-b377-8c58744591b1,1.7773408338173187e+18
2ca60e8e-201b-49a1-b377-8c58744591b1,1.7773408338506616e+18
2ca60e8e-201b-49a1-b377-8c58744591b1,1.7773408338840038e+18
2ca60e8e-201b-49a1-b377-8c58744591b1,1.7773408339173468e+18
2ca60e8e-201b-49a1-b377-8c58744591b1,1.7773408339506888e+18
2ca60e8e-201b-49a1-b377-8c58744591b1,1.7773408339840317e+18
2ca60e8e-201b-49a1-b377-8c58744591b1,1.7773408340173737e+18
2ca60e8e-201b-49a1-b377-8c58744591b1,1.7773408340507156e+18
2ca60e8e-201b-49a1-b377-8c58744591b1,1.7773408340840586e+18
2ca60e8e-201b-49a1-b377-8c58744591b1,1.7773408341174008e+18
2ca60e8e-201b-49a1-b377-8c58744591b1,1.7773408341507438e+18
2ca60e8e-201b-49a1-b377-8c58744591b1,1.7773408341840858e+18
2ca60e8e-201b-49a1-b377-8c58744591b1,1.7773408342174287e+18
2ca60e8e-201b-49a1-b377-8c58744591b1,1.7773408342507707e+18
2ca60e8e-201b-49a1-b377-8c58744591b1,1.7773408342841137e+18
2ca60e8e-201b-49a1-b377-8c58744591b1,1.7773408343174556e+18
2ca60e8e-201b-49a1-b377-8c58744591b1,1.7773408343507986e+18
2ca60e8e-201b-49a1-b377-8c58744591b1,1.7773408343841408e+18
2ca60e8e-201b-49a1-b377-8c58744591b1,1.7773408344174828e+18
2ca60e8e-201b-49a1-b377-8c58744591b1,1.7773408344508257e+18
2ca60e8e-201b-49a1-b377-8c58744591b1,1.7773408344841677e+18
2ca60e8e-201b-49a1-b377-8c58744591b1,1.7773408345175107e+18
2ca60e8e-201b-49a1-b377-8c58744591b1,1.7773408345508526e+18
2ca60e8e-201b-49a1-b377-8c58744591b1,1.7773408345841958e+18
2ca60e8e-201b-49a1-b377-8c58744591b1,1.7773408346175378e+18
2ca60e8e-201b-49a1-b377-8c58744591b1,1.7773408346508808e+18
2ca60e8e-201b-49a1-b377-8c58744591b1,1.7773408346842227e+18
2ca60e8e-201b-49a1-b377-8c58744591b1,1.7773408347175647e+18
2ca60e8e-201b-49a1-b377-8c58744591b1,1.7773408347509076e+18
2ca60e8e-201b-49a1-b377-8c58744591b1,1.7773408347842496e+18
2ca60e8e-201b-49a1-b377-8c58744591b1,1.7773408348175928e+18
2ca60e8e-201b-49a1-b377-8c58744591b1,1.7773408348509348e+18
2ca60e8e-201b-49a1-b377-8c58744591b1,1.7773408348842778e+18
2ca60e8e-201b-49a1-b377-8c58744591b1,1.7773408349176197e+18
2ca60e8e-201b-49a1-b377-8c58744591b1,1.7773408349509627e+18
2ca60e8e-201b-49a1-b377-8c58744591b1,1.7773408349843046e+18
2ca60e8e-201b-49a1-b377-8c58744591b1,1.7773408350176466e+18
2ca60e8e-201b-49a1-b377-8c58744591b1,1.7773408350509898e+18
2ca60e8e-201b-49a1-b377-8c58744591b1,1.7773408350843318e+18
2ca60e8e-201b-49a1-b377-8c58744591b1,1.7773408351176748e+18
2ca60e8e-201b-49a1-b377-8c58744591b1,1.7773408351510167e+18
2ca60e8e-201b-49a1-b377-8c58744591b1,1.7773408351843597e+18
2ca60e8e-201b-49a1-b377-8c58744591b1,1.7773408352177016e+18
2ca60e8e-201b-49a1-b377-8c58744591b1,1.7773408352510446e+18
2ca60e8e-201b-49a1-b377-8c58744591b1,1.7773408352843868e+18
2ca60e8e-201b-49a1-b377-8c58744591b1,1.7773408353177298e+18
2ca60e8e-201b-49a1-b377-8c58744591b1,1.7773408353510717e+18
2ca60e8e-201b-49a1-b377-8c58744591b1,1.7773408353844137e+18
2ca60e8e-201b-49a1-b377-8c58744591b1,1.7773408354177567e+18
2ca60e8e-201b-49a1-b377-8c58744591b1,1.7773408354510986e+18
2ca60e8e-201b-49a1-b377-8c58744591b1,1.7773408354844416e+18
2ca60e8e-201b-49a1-b377-8c58744591b1,1.7773408355177838e+18
2ca60e8e-201b-49a1-b377-8c58744591b1,1.7773408355511268e+18
2ca60e8e-201b-49a1-b377-8c58744591b1,1.7773408355844687e+18
2ca60e8e-201b-49a1-b377-8c58744591b1,1.7773408356178117e+18
2ca60e8e-201b-49a1-b377-8c58744591b1,1.7773408356511537e+18
2ca60e8e-201b-49a1-b377-8c58744591b1,1.7773408356844956e+18
2ca60e8e-201b-49a1-b377-8c58744591b1,1.7773408357178386e+18
2ca60e8e-201b-49a1-b377-8c58744591b1,1.7773408357511808e+18
2ca60e8e-201b-49a1-b377-8c58744591b1,1.7773408357845238e+18
2ca60e8e-201b-49a1-b377-8c58744591b1,1.7773408358178657e+18
2ca60e8e-201b-49a1-b377-8c58744591b1,1.7773408358512087e+18
2ca60e8e-201b-49a1-b377-8c58744591b1,1.7773408358845507e+18
2ca60e8e-201b-49a1-b377-8c58744591b1,1.7773408359178936e+18
2ca60e8e-201b-49a1-b377-8c58744591b1,1.7773408359512358e+18
2ca60e8e-201b-49a1-b377-8c58744591b1,1.7773408359845778e+18
2ca60e8e-201b-49a1-b377-8c58744591b1,1.7773408360179208e+18
2ca60e8e-201b-49a1-b377-8c58744591b1,1.7773408360512627e+18
2ca60e8e-201b-49a1-b377-8c58744591b1,1.7773408360846057e+18
2ca60e8e-201b-49a1-b377-8c58744591b1,1.7773408361179476e+18
2ca60e8e-201b-49a1-b377-8c58744591b1,1.7773408361512906e+18
2ca60e8e-201b-49a1-b377-8c58744591b1,1.7773408361846328e+18
2ca60e8e-201b-49a1-b377-8c58744591b1,1.7773408362179758e+18
2ca60e8e-201b-49a1-b377-8c58744591b1,1.7773408362513178e+18
2ca60e8e-201b-49a1-b377-8c58744591b1,1.7773408362846597e+18
2ca60e8e-201b-49a1-b377-8c58744591b1,1.7773408363180027e+18
2ca60e8e-201b-49a1-b377-8c58744591b1,1.7773408363513446e+18
2ca60e8e-201b-49a1-b377-8c58744591b1,1.7773408363846876e+18
2ca60e8e-201b-49a1-b377-8c58744591b1,1.7773408364180298e+18
2ca60e8e-201b-49a1-b377-8c58744591b1,1.7773408364513728e+18
2ca60e8e-201b-49a1-b377-8c58744591b1,1.7773408364847148e+18
2ca60e8e-201b-49a1-b377-8c58744591b1,1.7773408365180577e+18
2ca60e8e-201b-49a1-b377-8c58744591b1,1.7773408365513997e+18
2ca60e8e-201b-49a1-b377-8c58744591b1,1.7773408365847416e+18
2ca60e8e-201b-49a1-b377-8c58744591b1,1.7773408366180846e+18
2ca60e8e-201b-49a1-b377-8c58744591b1,1.7773408366514268e+18
2ca60e8e-201b-49a1-b377-8c58744591b1,1.7773408366847698e+18
2ca60e8e-201b-49a1-b377-8c58744591b1,1.7773408367181117e+18
2ca60e8e-201b-49a1-b377-8c58744591b1,1.7773408367514547e+18
2ca60e8e-201b-49a1-b377-8c58744591b1,1.7773408367847967e+18
2ca60e8e-201b-49a1-b377-8c58744591b1,1.7773408368181396e+18
2ca60e8e-201b-49a1-b377-8c58744591b1,1.7773408368514816e+18
2ca60e8e-201b-49a1-b377-8c58744591b1,1.7773408368848248e+18
2ca60e8e-201b-49a1-b377-8c58744591b1,1.7773408369181668e+18
2ca60e8e-201b-49a1-b377-8c58744591b1,1.7773408369515087e+18
2ca60e8e-201b-49a1-b377-8c58744591b1,1.7773408369848517e+18
2ca60e8e-201b-49a1-b377-8c58744591b1,1.7773408370181937e+18
2ca60e8e-201b-49a1-b377-8c58744591b1,1.7773408370515366e+18
2ca60e8e-201b-49a1-b377-8c58744591b1,1.7773408370848786e+18
2ca60e8e-201b-49a1-b377-8c58744591b1,1.7773408371182218e+18
2ca60e8e-201b-49a1-b377-8c58744591b1,1.7773408371515638e+18
2ca60e8e-201b-49a1-b377-8c58744591b1,1.7773408371849068e+18
2ca60e8e-201b-49a1-b377-8c58744591b1,1.7773408372182487e+18
2ca60e8e-201b-49a1-b377-8c58744591b1,1.7773408372515907e+18
2ca60e8e-201b-49a1-b377-8c58744591b1,1.7773408372849336e+18
2ca60e8e-201b-49a1-b377-8c58744591b1,1.7773408373182758e+18
2ca60e8e-201b-49a1-b377-8c58744591b1,1.7773408373516188e+18
2ca60e8e-201b-49a1-b377-8c58744591b1,1.7773408373849608e+18
2ca60e8e-201b-49a1-b377-8c58744591b1,1.7773408374183037e+18
2ca60e8e-201b-49a1-b377-8c58744591b1,1.7773408374516457e+18
2ca60e8e-201b-49a1-b377-8c58744591b1,1.7773408374849887e+18
2ca60e8e-201b-49a1-b377-8c58744591b1,1.7773408375183306e+18
2ca60e8e-201b-49a1-b377-8c58744591b1,1.7773408375516728e+18
2ca60e8e-201b-49a1-b377-8c58744591b1,1.7773408375850158e+18
2ca60e8e-201b-49a1-b377-8c58744591b1,1.7773408376183578e+18
2ca60e8e-201b-49a1-b377-8c58744591b1,1.7773408376517007e+18
2ca60e8e-201b-49a1-b377-8c58744591b1,1.7773408376850427e+18
2ca60e8e-201b-49a1-b377-8c58744591b1,1.7773408377183857e+18
2ca60e8e-201b-49a1-b377-8c58744591b1,1.7773408377517276e+18
2ca60e8e-201b-49a1-b377-8c58744591b1,1.7773408377850706e+18
2ca60e8e-201b-49a1-b377-8c58744591b1,1.7773408378184128e+18
2ca60e8e-201b-49a1-b377-8c58744591b1,1.7773408378517548e+18
2ca60e8e-201b-49a1-b377-8c58744591b1,1.7773408378850977e+18
2ca60e8e-201b-49a1-b377-8c58744591b1,1.7773408379184397e+18
2ca60e8e-201b-49a1-b377-8c58744591b1,1.7773408379517827e+18
2ca60e8e-201b-49a1-b377-8c58744591b1,1.7773408379851246e+18
2ca60e8e-201b-49a1-b377-8c58744591b1,1.7773408380184678e+18
2ca60e8e-201b-49a1-b377-8c58744591b1,1.7773408380518098e+18
2ca60e8e-201b-49a1-b377-8c58744591b1,1.7773408380851528e+18
2ca60e8e-201b-49a1-b377-8c58744591b1,1.7773408381184947e+18
2ca60e8e-201b-49a1-b377-8c58744591b1,1.7773408381518367e+18
2ca60e8e-201b-49a1-b377-8c58744591b1,1.7773408381851796e+18
2ca60e8e-201b-49a1-b377-8c58744591b1,1.7773408382185216e+18
2ca60e8e-201b-49a1-b377-8c58744591b1,1.7773408382518648e+18
2ca60e8e-201b-49a1-b377-8c58744591b1,1.7773408382852068e+18
2ca60e8e-201b-49a1-b377-8c58744591b1,1.7773408383185498e+18
2ca60e8e-201b-49a1-b377-8c58744591b1,1.7773408383518917e+18
2ca60e8e-201b-49a1-b377-8c58744591b1,1.7773408383852347e+18
2ca60e8e-201b-49a1-b377-8c58744591b1,1.7773408384185766e+18
2ca60e8e-201b-49a1-b377-8c58744591b1,1.7773408384519186e+18
2ca60e8e-201b-49a1-b377-8c58744591b1,1.7773408384852618e+18
2ca60e8e-201b-49a1-b377-8c58744591b1,1.7773408385186038e+18
2ca60e8e-201b-49a1-b377-8c58744591b1,1.7773408385519468e+18
2ca60e8e-201b-49a1-b377-8c58744591b1,1.7773408385852887e+18
2ca60e8e-201b-49a1-b377-8c58744591b1,1.7773408386186317e+18
2ca60e8e-201b-49a1-b377-8c58744591b1,1.7773408386519736e+18
2ca60e8e-201b-49a1-b377-8c58744591b1,1.7773408386853166e+18
2ca60e8e-201b-49a1-b377-8c58744591b1,1.7773408387186588e+18
2ca60e8e-201b-49a1-b377-8c58744591b1,1.7773408387520018e+18
2ca60e8e-201b-49a1-b377-8c58744591b1,1.7773408387853437e+18
2ca60e8e-201b-49a1-b377-8c58744591b1,1.7773408388186857e+18
2ca60e8e-201b-49a1-b377-8c58744591b1,1.7773408388520287e+18
2ca60e8e-201b-49a1-b377-8c58744591b1,1.7773408388853706e+18
2ca60e8e-201b-49a1-b377-8c58744591b1,1.7773408389187136e+18
2ca60e8e-201b-49a1-b377-8c58744591b1,1.7773408389520558e+18
2ca60e8e-201b-49a1-b377-8c58744591b1,1.7773408389853988e+18
2ca60e8e-201b-49a1-b377-8c58744591b1,1.7773408390187407e+18
2ca60e8e-201b-49a1-b377-8c58744591b1,1.7773408390520837e+18
2ca60e8e-201b-49a1-b377-8c58744591b1,1.7773408390854257e+18
2ca60e8e-201b-49a1-b377-8c58744591b1,1.7773408391187676e+18
2ca60e8e-201b-49a1-b377-8c58744591b1,1.7773408391521106e+18
2ca60e8e-201b-49a1-b377-8c58744591b1,1.7773408391854528e+18
2ca60e8e-201b-49a1-b377-8c58744591b1,1.7773408392187958e+18
2ca60e8e-201b-49a1-b377-8c58744591b1,1.7773408392521377e+18
2ca60e8e-201b-49a1-b377-8c58744591b1,1.7773408392854807e+18
2ca60e8e-201b-49a1-b377-8c58744591b1,1.7773408393188227e+18
2ca60e8e-201b-49a1-b377-8c58744591b1,1.7773408393521656e+18
2ca60e8e-201b-49a1-b377-8c58744591b1,1.7773408393855078e+18
2ca60e8e-201b-49a1-b377-8c58744591b1,1.7773408394188498e+18
2ca60e8e-201b-49a1-b377-8c58744591b1,1.7773408394521928e+18
2ca60e8e-201b-49a1-b377-8c58744591b1,1.7773408394855347e+18
2ca60e8e-201b-49a1-b377-8c58744591b1,1.7773408395188777e+18
2ca60e8e-201b-49a1-b377-8c58744591b1,1.7773408395522196e+18
2ca60e8e-201b-49a1-b377-8c58744591b1,1.7773408395855626e+18
2ca60e8e-201b-49a1-b377-8c58744591b1,1.7773408396189048e+18
2ca60e8e-201b-49a1-b377-8c58744591b1,1.7773408396522478e+18
2ca60e8e-201b-49a1-b377-8c58744591b1,1.7773408396855898e+18
2ca60e8e-201b-49a1-b377-8c58744591b1,1.7773408397189317e+18
2ca60e8e-201b-49a1-b377-8c58744591b1,1.7773408397522747e+18
2ca60e8e-201b-49a1-b377-8c58744591b1,1.7773408397856166e+18
2ca60e8e-201b-49a1-b377-8c58744591b1,1.7773408398189596e+18
2ca60e8e-201b-49a1-b377-8c58744591b1,1.7773408398523018e+18
2ca60e8e-201b-49a1-b377-8c58744591b1,1.7773408398856448e+18
2ca60e8e-201b-49a1-b377-8c58744591b1,1.7773408399189868e+18
2ca60e8e-201b-49a1-b377-8c58744591b1,1.7773408399523297e+18
2ca60e8e-201b-49a1-b377-8c58744591b1,1.7773408399856717e+18
2ca60e8e-201b-49a1-b377-8c58744591b1,1.7773408400190136e+18
2ca60e8e-201b-49a1-b377-8c58744591b1,1.7773408400523566e+18
2ca60e8e-201b-49a1-b377-8c58744591b1,1.7773408400856988e+18
2ca60e8e-201b-49a1-b377-8c58744591b1,1.7773408401190418e+18
2ca60e8e-201b-49a1-b377-8c58744591b1,1.7773408401523837e+18
2ca60e8e-201b-49a1-b377-8c58744591b1,1.7773408401857267e+18
2ca60e8e-201b-49a1-b377-8c58744591b1,1.7773408402190687e+18
2ca60e8e-201b-49a1-b377-8c58744591b1,1.7773408402524116e+18
2ca60e8e-201b-49a1-b377-8c58744591b1,1.7773408402857536e+18
2ca60e8e-201b-49a1-b377-8c58744591b1,1.7773408403190968e+18
2ca60e8e-201b-49a1-b377-8c58744591b1,1.7773408403524388e+18
2ca60e8e-201b-49a1-b377-8c58744591b1,1.7773408403857807e+18
2ca60e8e-201b-49a1-b377-8c58744591b1,1.7773408404191237e+18
2ca60e8e-201b-49a1-b377-8c58744591b1,1.7773408404524657e+18
2ca60e8e-201b-49a1-b377-8c58744591b1,1.7773408404858086e+18
2ca60e8e-201b-49a1-b377-8c58744591b1,1.7773408405191506e+18
2ca60e8e-201b-49a1-b377-8c58744591b1,1.7773408405524938e+18
2ca60e8e-201b-49a1-b377-8c58744591b1,1.7773408405858358e+18
2ca60e8e-201b-49a1-b377-8c58744591b1,1.7773408406191788e+18
2ca60e8e-201b-49a1-b377-8c58744591b1,1.7773408406525207e+18
2ca60e8e-201b-49a1-b377-8c58744591b1,1.7773408406858627e+18
2ca60e8e-201b-49a1-b377-8c58744591b1,1.7773408407192056e+18
2ca60e8e-201b-49a1-b377-8c58744591b1,1.7773408407525478e+18
2ca60e8e-201b-49a1-b377-8c58744591b1,1.7773408407858908e+18
2ca60e8e-201b-49a1-b377-8c58744591b1,1.7773408408192328e+18
2ca60e8e-201b-49a1-b377-8c58744591b1,1.7773408408525757e+18
2ca60e8e-201b-49a1-b377-8c58744591b1,1.7773408408859177e+18
2ca60e8e-201b-49a1-b377-8c58744591b1,1.7773408409192607e+18
2ca60e8e-201b-49a1-b377-8c58744591b1,1.7773408409526026e+18
2ca60e8e-201b-49a1-b377-8c58744591b1,1.7773408409859448e+18
2ca60e8e-201b-49a1-b377-8c58744591b1,1.7773408410192878e+18
2ca60e8e-201b-49a1-b377-8c58744591b1,1.7773408410526298e+18
2ca60e8e-201b-49a1-b377-8c58744591b1,1.7773408410859727e+18
2ca60e8e-201b-49a1-b377-8c58744591b1,1.7773408411193147e+18
2ca60e8e-201b-49a1-b377-8c58744591b1,1.7773408411526577e+18
2ca60e8e-201b-49a1-b377-8c58744591b1,1.7773408411859996e+18
2ca60e8e-201b-49a1-b377-8c58744591b1,1.7773408412193426e+18
2ca60e8e-201b-49a1-b377-8c58744591b1,1.7773408412526848e+18
2ca60e8e-201b-49a1-b377-8c58744591b1,1.7773408412860268e+18
2ca60e8e-201b-49a1-b377-8c58744591b1,1.7773408413193697e+18
2ca60e8e-201b-49a1-b377-8c58744591b1,1.7773408413527117e+18
2ca60e8e-201b-49a1-b377-8c58744591b1,1.7773408413860547e+18
2ca60e8e-201b-49a1-b377-8c58744591b1,1.7773408414193966e+18
2ca60e8e-201b-49a1-b377-8c58744591b1,1.7773408414527398e+18
2ca60e8e-201b-49a1-b377-8c58744591b1,1.7773408414860818e+18
2ca60e8e-201b-49a1-b377-8c58744591b1,1.7773408415194248e+18
2ca60e8e-201b-49a1-b377-8c58744591b1,1.7773408415527667e+18
2ca60e8e-201b-49a1-b377-8c58744591b1,1.7773408415861087e+18
2ca60e8e-201b-49a1-b377-8c58744591b1,1.7773408416194516e+18
2ca60e8e-201b-49a1-b377-8c58744591b1,1.7773408416527936e+18
2ca60e8e-201b-49a1-b377-8c58744591b1,1.7773408416861368e+18
2ca60e8e-201b-49a1-b377-8c58744591b1,1.7773408417194788e+18
2ca60e8e-201b-49a1-b377-8c58744591b1,1.7773408417528218e+18
2ca60e8e-201b-49a1-b377-8c58744591b1,1.7773408417861637e+18
2ca60e8e-201b-49a1-b377-8c58744591b1,1.7773408418195067e+18
2ca60e8e-201b-49a1-b377-8c58744591b1,1.7773408418528486e+18
2ca60e8e-201b-49a1-b377-8c58744591b1,1.7773408418861906e+18
2ca60e8e-201b-49a1-b377-8c58744591b1,1.7773408419195338e+18
2ca60e8e-201b-49a1-b377-8c58744591b1,1.7773408419528758e+18
2ca60e8e-201b-49a1-b377-8c58744591b1,1.7773408419862188e+18
2ca60e8e-201b-49a1-b377-8c58744591b1,1.7773408420195607e+18
2ca60e8e-201b-49a1-b377-8c58744591b1,1.7773408420529037e+18
2ca60e8e-201b-49a1-b377-8c58744591b1,1.7773408420862456e+18
2ca60e8e-201b-49a1-b377-8c58744591b1,1.7773408421195886e+18
2ca60e8e-201b-49a1-b377-8c58744591b1,1.7773408421529308e+18
2ca60e8e-201b-49a1-b377-8c58744591b1,1.7773408421862738e+18
2ca60e8e-201b-49a1-b377-8c58744591b1,1.7773408422196157e+18
2ca60e8e-201b-49a1-b377-8c58744591b1,1.7773408422529577e+18
2ca60e8e-201b-49a1-b377-8c58744591b1,1.7773408422863007e+18
2ca60e8e-201b-49a1-b377-8c58744591b1,1.7773408423196426e+18
2ca60e8e-201b-49a1-b377-8c58744591b1,1.7773408423529856e+18
2ca60e8e-201b-49a1-b377-8c58744591b1,1.7773408423863278e+18
2ca60e8e-201b-49a1-b377-8c58744591b1,1.7773408424196708e+18
2ca60e8e-201b-49a1-b377-8c58744591b1,1.7773408424530127e+18
2ca60e8e-201b-49a1-b377-8c58744591b1,1.7773408424863557e+18
2ca60e8e-201b-49a1-b377-8c58744591b1,1.7773408425196977e+18
2ca60e8e-201b-49a1-b377-8c58744591b1,1.7773408425530396e+18
2ca60e8e-201b-49a1-b377-8c58744591b1,1.7773408425863826e+18
2ca60e8e-201b-49a1-b377-8c58744591b1,1.7773408426197248e+18
2ca60e8e-201b-49a1-b377-8c58744591b1,1.7773408426530678e+18
2ca60e8e-201b-49a1-b377-8c58744591b1,1.7773408426864097e+18
2ca60e8e-201b-49a1-b377-8c58744591b1,1.7773408427197527e+18
2ca60e8e-201b-49a1-b377-8c58744591b1,1.7773408427530947e+18
2ca60e8e-201b-49a1-b377-8c58744591b1,1.7773408427864376e+18
2ca60e8e-201b-49a1-b377-8c58744591b1,1.7773408428197798e+18
2ca60e8e-201b-49a1-b377-8c58744591b1,1.7773408428531218e+18
2ca60e8e-201b-49a1-b377-8c58744591b1,1.7773408428864648e+18
2ca60e8e-201b-49a1-b377-8c58744591b1,1.7773408429198067e+18
2ca60e8e-201b-49a1-b377-8c58744591b1,1.7773408429531497e+18
2ca60e8e-201b-49a1-b377-8c58744591b1,1.7773408429864916e+18
2ca60e8e-201b-49a1-b377-8c58744591b1,1.7773408430198346e+18
2ca60e8e-201b-49a1-b377-8c58744591b1,1.7773408430531768e+18
2ca60e8e-201b-49a1-b377-8c58744591b1,1.7773408430865198e+18
2ca60e8e-201b-49a1-b377-8c58744591b1,1.7773408431198618e+18
2ca60e8e-201b-49a1-b377-8c58744591b1,1.7773408431532037e+18
2ca60e8e-201b-49a1-b377-8c58744591b1,1.7773408431865467e+18
2ca60e8e-201b-49a1-b377-8c58744591b1,1.7773408432198886e+18
2ca60e8e-201b-49a1-b377-8c58744591b1,1.7773408432532316e+18
2ca60e8e-201b-49a1-b377-8c58744591b1,1.7773408432865738e+18
2ca60e8e-201b-49a1-b377-8c58744591b1,1.7773408433199168e+18
2ca60e8e-201b-49a1-b377-8c58744591b1,1.7773408433532588e+18
2ca60e8e-201b-49a1-b377-8c58744591b1,1.7773408433866017e+18
2ca60e8e-201b-49a1-b377-8c58744591b1,1.7773408434199437e+18
2ca60e8e-201b-49a1-b377-8c58744591b1,1.7773408434532856e+18
2ca60e8e-201b-49a1-b377-8c58744591b1,1.7773408434866286e+18
2ca60e8e-201b-49a1-b377-8c58744591b1,1.7773408435199708e+18
2ca60e8e-201b-49a1-b377-8c58744591b1,1.7773408435533138e+18
2ca60e8e-201b-49a1-b377-8c58744591b1,1.7773408435866557e+18
2ca60e8e-201b-49a1-b377-8c58744591b1,1.7773408436199987e+18
2ca60e8e-201b-49a1-b377-8c58744591b1,1.7773408436533407e+18
2ca60e8e-201b-49a1-b377-8c58744591b1,1.7773408436866836e+18
2ca60e8e-201b-49a1-b377-8c58744591b1,1.7773408437200256e+18
2ca60e8e-201b-49a1-b377-8c58744591b1,1.7773408437533678e+18
2ca60e8e-201b-49a1-b377-8c58744591b1,1.7773408437867108e+18
2ca60e8e-201b-49a1-b377-8c58744591b1,1.7773408438200527e+18
2ca60e8e-201b-49a1-b377-8c58744591b1,1.7773408438533957e+18
2ca60e8e-201b-49a1-b377-8c58744591b1,1.7773408438867377e+18
2ca60e8e-201b-49a1-b377-8c58744591b1,1.7773408439200806e+18
2ca60e8e-201b-49a1-b377-8c58744591b1,1.7773408439534226e+18
2ca60e8e-201b-49a1-b377-8c58744591b1,1.7773408439867658e+18
2ca60e8e-201b-49a1-b377-8c58744591b1,1.7773408440201078e+18
2ca60e8e-201b-49a1-b377-8c58744591b1,1.7773408440534497e+18
2ca60e8e-201b-49a1-b377-8c58744591b1,1.7773408440867927e+18
2ca60e8e-201b-49a1-b377-8c58744591b1,1.7773408441201347e+18
2ca60e8e-201b-49a1-b377-8c58744591b1,1.7773408441534776e+18
2ca60e8e-201b-49a1-b377-8c58744591b1,1.7773408441868198e+18
2ca60e8e-201b-49a1-b377-8c58744591b1,1.7773408442201628e+18
2ca60e8e-201b-49a1-b377-8c58744591b1,1.7773408442535048e+18
2ca60e8e-201b-49a1-b377-8c58744591b1,1.7773408442868477e+18
2ca60e8e-201b-49a1-b377-8c58744591b1,1.7773408443201897e+18
2ca60e8e-201b-49a1-b377-8c58744591b1,1.7773408443535327e+18
2ca60e8e-201b-49a1-b377-8c58744591b1,1.7773408443868746e+18
2ca60e8e-201b-49a1-b377-8c58744591b1,1.7773408444202168e+18
2ca60e8e-201b-49a1-b377-8c58744591b1,1.7773408444535598e+18
2ca60e8e-201b-49a1-b377-8c58744591b1,1.7773408444869018e+18
2ca60e8e-201b-49a1-b377-8c58744591b1,1.7773408445202447e+18
2ca60e8e-201b-49a1-b377-8c58744591b1,1.7773408445535867e+18
2ca60e8e-201b-49a1-b377-8c58744591b1,1.7773408445869297e+18
2ca60e8e-201b-49a1-b377-8c58744591b1,1.7773408446202716e+18
2ca60e8e-201b-49a1-b377-8c58744591b1,1.7773408446536146e+18
2ca60e8e-201b-49a1-b377-8c58744591b1,1.7773408446869568e+18
2ca60e8e-201b-49a1-b377-8c58744591b1,1.7773408447202988e+18
2ca60e8e-201b-49a1-b377-8c58744591b1,1.7773408447536417e+18
2ca60e8e-201b-49a1-b377-8c58744591b1,1.7773408447869837e+18
2ca60e8e-201b-49a1-b377-8c58744591b1,1.7773408448203267e+18
2ca60e8e-201b-49a1-b377-8c58744591b1,1.7773408448536686e+18
2ca60e8e-201b-49a1-b377-8c58744591b1,1.7773408448870118e+18
2ca60e8e-201b-49a1-b377-8c58744591b1,1.7773408449203538e+18
2ca60e8e-201b-49a1-b377-8c58744591b1,1.7773408449536968e+18
2ca60e8e-201b-49a1-b377-8c58744591b1,1.7773408449870387e+18
2ca60e8e-201b-49a1-b377-8c58744591b1,1.7773408450203807e+18
2ca60e8e-201b-49a1-b377-8c58744591b1,1.7773408450537236e+18
2ca60e8e-201b-49a1-b377-8c58744591b1,1.7773408450870656e+18
2ca60e8e-201b-49a1-b377-8c58744591b1,1.7773408451204088e+18
2ca60e8e-201b-49a1-b377-8c58744591b1,1.7773408451537508e+18
2ca60e8e-201b-49a1-b377-8c58744591b1,1.7773408451870938e+18
2ca60e8e-201b-49a1-b377-8c58744591b1,1.7773408452204357e+18
2ca60e8e-201b-49a1-b377-8c58744591b1,1.7773408452537787e+18
2ca60e8e-201b-49a1-b377-8c58744591b1,1.7773408452871206e+18
2ca60e8e-201b-49a1-b377-8c58744591b1,1.7773408453204626e+18
2ca60e8e-201b-49a1-b377-8c58744591b1,1.7773408453538058e+18
2ca60e8e-201b-49a1-b377-8c58744591b1,1.7773408453871478e+18
2ca60e8e-201b-49a1-b377-8c58744591b1,1.7773408454204908e+18
2ca60e8e-201b-49a1-b377-8c58744591b1,1.7773408454538327e+18
2ca60e8e-201b-49a1-b377-8c58744591b1,1.7773408454871757e+18
2ca60e8e-201b-49a1-b377-8c58744591b1,1.7773408455205176e+18
2ca60e8e-201b-49a1-b377-8c58744591b1,1.7773408455538606e+18
2ca60e8e-201b-49a1-b377-8c58744591b1,1.7773408455872028e+18
2ca60e8e-201b-49a1-b377-8c58744591b1,1.7773408456205448e+18
2ca60e8e-201b-49a1-b377-8c58744591b1,1.7773408456538877e+18
2ca60e8e-201b-49a1-b377-8c58744591b1,1.7773408456872297e+18
2ca60e8e-201b-49a1-b377-8c58744591b1,1.7773408457205727e+18
2ca60e8e-201b-49a1-b377-8c58744591b1,1.7773408457539146e+18
2ca60e8e-201b-49a1-b377-8c58744591b1,1.7773408457872576e+18
2ca60e8e-201b-49a1-b377-8c58744591b1,1.7773408458205998e+18
2ca60e8e-201b-49a1-b377-8c58744591b1,1.7773408458539428e+18
2ca60e8e-201b-49a1-b377-8c58744591b1,1.7773408458872847e+18
2ca60e8e-201b-49a1-b377-8c58744591b1,1.7773408459206267e+18
2ca60e8e-201b-49a1-b377-8c58744591b1,1.7773408459539697e+18
2ca60e8e-201b-49a1-b377-8c58744591b1,1.7773408459873116e+18
2ca60e8e-201b-49a1-b377-8c58744591b1,1.7773408460206546e+18
2ca60e8e-201b-49a1-b377-8c58744591b1,1.7773408460539968e+18
2ca60e8e-201b-49a1-b377-8c58744591b1,1.7773408460873398e+18
2ca60e8e-201b-49a1-b377-8c58744591b1,1.7773408461206817e+18
2ca60e8e-201b-49a1-b377-8c58744591b1,1.7773408461540247e+18
2ca60e8e-201b-49a1-b377-8c58744591b1,1.7773408461873667e+18
2ca60e8e-201b-49a1-b377-8c58744591b1,1.7773408462207096e+18
2ca60e8e-201b-49a1-b377-8c58744591b1,1.7773408462540518e+18
2ca60e8e-201b-49a1-b377-8c58744591b1,1.7773408462873938e+18
2ca60e8e-201b-49a1-b377-8c58744591b1,1.7773408463207368e+18
2ca60e8e-201b-49a1-b377-8c58744591b1,1.7773408463540787e+18
2ca60e8e-201b-49a1-b377-8c58744591b1,1.7773408463874217e+18
2ca60e8e-201b-49a1-b377-8c58744591b1,1.7773408464207636e+18
2ca60e8e-201b-49a1-b377-8c58744591b1,1.7773408464541066e+18
2ca60e8e-201b-49a1-b377-8c58744591b1,1.7773408464874488e+18
2ca60e8e-201b-49a1-b377-8c58744591b1,1.7773408465207918e+18
2ca60e8e-201b-49a1-b377-8c58744591b1,1.7773408465541338e+18
2ca60e8e-201b-49a1-b377-8c58744591b1,1.7773408465874757e+18
2ca60e8e-201b-49a1-b377-8c58744591b1,1.7773408466208187e+18
2ca60e8e-201b-49a1-b377-8c58744591b1,1.7773408466541606e+18
2ca60e8e-201b-49a1-b377-8c58744591b1,1.7773408466875036e+18
2ca60e8e-201b-49a1-b377-8c58744591b1,1.7773408467208458e+18
2ca60e8e-201b-49a1-b377-8c58744591b1,1.7773408467541888e+18
2ca60e8e-201b-49a1-b377-8c58744591b1,1.7773408467875308e+18
2ca60e8e-201b-49a1-b377-8c58744591b1,1.7773408468208737e+18
2ca60e8e-201b-49a1-b377-8c58744591b1,1.7773408468542157e+18
2ca60e8e-201b-49a1-b377-8c58744591b1,1.7773408468875576e+18
2ca60e8e-201b-49a1-b377-8c58744591b1,1.7773408469209006e+18
2ca60e8e-201b-49a1-b377-8c58744591b1,1.7773408469542428e+18
2ca60e8e-201b-49a1-b377-8c58744591b1,1.7773408469875858e+18
2ca60e8e-201b-49a1-b377-8c58744591b1,1.7773408470209277e+18
2ca60e8e-201b-49a1-b377-8c58744591b1,1.7773408470542707e+18
2ca60e8e-201b-49a1-b377-8c58744591b1,1.7773408470876127e+18
2ca60e8e-201b-49a1-b377-8c58744591b1,1.7773408471209556e+18
2ca60e8e-201b-49a1-b377-8c58744591b1,1.7773408471542976e+18
2ca60e8e-201b-49a1-b377-8c58744591b1,1.7773408471876398e+18
2ca60e8e-201b-49a1-b377-8c58744591b1,1.7773408472209828e+18
2ca60e8e-201b-49a1-b377-8c58744591b1,1.7773408472543247e+18
2ca60e8e-201b-49a1-b377-8c58744591b1,1.7773408472876677e+18
2ca60e8e-201b-49a1-b377-8c58744591b1,1.7773408473210097e+18
2ca60e8e-201b-49a1-b377-8c58744591b1,1.7773408473543526e+18
2ca60e8e-201b-49a1-b377-8c58744591b1,1.7773408473876946e+18
2ca60e8e-201b-49a1-b377-8c58744591b1,1.7773408474210378e+18
2ca60e8e-201b-49a1-b377-8c58744591b1,1.7773408474543798e+18
2ca60e8e-201b-49a1-b377-8c58744591b1,1.7773408474877217e+18
2ca60e8e-201b-49a1-b377-8c58744591b1,1.7773408475210647e+18
2ca60e8e-201b-49a1-b377-8c58744591b1,1.7773408475544067e+18
2ca60e8e-201b-49a1-b377-8c58744591b1,1.7773408475877496e+18
2ca60e8e-201b-49a1-b377-8c58744591b1,1.7773408476210918e+18
2ca60e8e-201b-49a1-b377-8c58744591b1,1.7773408476544348e+18
2ca60e8e-201b-49a1-b377-8c58744591b1,1.7773408476877768e+18
2ca60e8e-201b-49a1-b377-8c58744591b1,1.7773408477211197e+18
2ca60e8e-201b-49a1-b377-8c58744591b1,1.7773408477544617e+18
2ca60e8e-201b-49a1-b377-8c58744591b1,1.7773408477878036e+18
2ca60e8e-201b-49a1-b377-8c58744591b1,1.7773408478211466e+18
2ca60e8e-201b-49a1-b377-8c58744591b1,1.7773408478544888e+18
2ca60e8e-201b-49a1-b377-8c58744591b1,1.7773408478878318e+18
2ca60e8e-201b-49a1-b377-8c58744591b1,1.7773408479211738e+18
2ca60e8e-201b-49a1-b377-8c58744591b1,1.7773408479545167e+18
2ca60e8e-201b-49a1-b377-8c58744591b1,1.7773408479878587e+18
2ca60e8e-201b-49a1-b377-8c58744591b1,1.7773408480212017e+18
2ca60e8e-201b-49a1-b377-8c58744591b1,1.7773408480545436e+18
2ca60e8e-201b-49a1-b377-8c58744591b1,1.7773408480878866e+18
2ca60e8e-201b-49a1-b377-8c58744591b1,1.7773408481212288e+18
2ca60e8e-201b-49a1-b377-8c58744591b1,1.7773408481545708e+18
2ca60e8e-201b-49a1-b377-8c58744591b1,1.7773408481879137e+18
2ca60e8e-201b-49a1-b377-8c58744591b1,1.7773408482212557e+18
2ca60e8e-201b-49a1-b377-8c58744591b1,1.7773408482545987e+18
2ca60e8e-201b-49a1-b377-8c58744591b1,1.7773408482879406e+18
2ca60e8e-201b-49a1-b377-8c58744591b1,1.7773408483212838e+18
2ca60e8e-201b-49a1-b377-8c58744591b1,1.7773408483546258e+18
2ca60e8e-201b-49a1-b377-8c58744591b1,1.7773408483879688e+18
2ca60e8e-201b-49a1-b377-8c58744591b1,1.7773408484213107e+18
2ca60e8e-201b-49a1-b377-8c58744591b1,1.7773408484546527e+18
2ca60e8e-201b-49a1-b377-8c58744591b1,1.7773408484879956e+18
2ca60e8e-201b-49a1-b377-8c58744591b1,1.7773408485213376e+18
2ca60e8e-201b-49a1-b377-8c58744591b1,1.7773408485546808e+18
2ca60e8e-201b-49a1-b377-8c58744591b1,1.7773408485880228e+18
2ca60e8e-201b-49a1-b377-8c58744591b1,1.7773408486213658e+18
2ca60e8e-201b-49a1-b377-8c58744591b1,1.7773408486547077e+18
2ca60e8e-201b-49a1-b377-8c58744591b1,1.7773408486880507e+18
2ca60e8e-201b-49a1-b377-8c58744591b1,1.7773408487213926e+18
2ca60e8e-201b-49a1-b377-8c58744591b1,1.7773408487547346e+18
2ca60e8e-201b-49a1-b377-8c58744591b1,1.7773408487880778e+18
2ca60e8e-201b-49a1-b377-8c58744591b1,1.7773408488214198e+18
2ca60e8e-201b-49a1-b377-8c58744591b1,1.7773408488547628e+18
2ca60e8e-201b-49a1-b377-8c58744591b1,1.7773408488881047e+18
2ca60e8e-201b-49a1-b377-8c58744591b1,1.7773408489214477e+18
2ca60e8e-201b-49a1-b377-8c58744591b1,1.7773408489547896e+18
2ca60e8e-201b-49a1-b377-8c58744591b1,1.7773408489881326e+18
2ca60e8e-201b-49a1-b377-8c58744591b1,1.7773408490214748e+18
2ca60e8e-201b-49a1-b377-8c58744591b1,1.7773408490548168e+18
2ca60e8e-201b-49a1-b377-8c58744591b1,1.7773408490881597e+18
2ca60e8e-201b-49a1-b377-8c58744591b1,1.7773408491215017e+18
2ca60e8e-201b-49a1-b377-8c58744591b1,1.7773408491548447e+18
2ca60e8e-201b-49a1-b377-8c58744591b1,1.7773408491881866e+18
2ca60e8e-201b-49a1-b377-8c58744591b1,1.7773408492215296e+18
2ca60e8e-201b-49a1-b377-8c58744591b1,1.7773408492548718e+18
2ca60e8e-201b-49a1-b377-8c58744591b1,1.7773408492882148e+18
2ca60e8e-201b-49a1-b377-8c58744591b1,1.7773408493215567e+18
2ca60e8e-201b-49a1-b377-8c58744591b1,1.7773408493548987e+18
2ca60e8e-201b-49a1-b377-8c58744591b1,1.7773408493882417e+18
2ca60e8e-201b-49a1-b377-8c58744591b1,1.7773408494215836e+18
2ca60e8e-201b-49a1-b377-8c58744591b1,1.7773408494549266e+18
2ca60e8e-201b-49a1-b377-8c58744591b1,1.7773408494882688e+18
2ca60e8e-201b-49a1-b377-8c58744591b1,1.7773408495216118e+18
2ca60e8e-201b-49a1-b377-8c58744591b1,1.7773408495549537e+18
2ca60e8e-201b-49a1-b377-8c58744591b1,1.7773408495882967e+18
2ca60e8e-201b-49a1-b377-8c58744591b1,1.7773408496216387e+18
2ca60e8e-201b-49a1-b377-8c58744591b1,1.7773408496549816e+18
2ca60e8e-201b-49a1-b377-8c58744591b1,1.7773408496883238e+18
2ca60e8e-201b-49a1-b377-8c58744591b1,1.7773408497216658e+18
2ca60e8e-201b-49a1-b377-8c58744591b1,1.7773408497550088e+18
2ca60e8e-201b-49a1-b377-8c58744591b1,1.7773408497883507e+18
2ca60e8e-201b-49a1-b377-8c58744591b1,1.7773408498216937e+18
2ca60e8e-201b-49a1-b377-8c58744591b1,1.7773408498550356e+18
2ca60e8e-201b-49a1-b377-8c58744591b1,1.7773408498883786e+18
2ca60e8e-201b-49a1-b377-8c58744591b1,1.7773408499217208e+18
2ca60e8e-201b-49a1-b377-8c58744591b1,1.7773408499550638e+18
2ca60e8e-201b-49a1-b377-8c58744591b1,1.7773408499884058e+18
2ca60e8e-201b-49a1-b377-8c58744591b1,1.7773408500217477e+18
2ca60e8e-201b-49a1-b377-8c58744591b1,1.7773408500550907e+18
2ca60e8e-201b-49a1-b377-8c58744591b1,1.7773408500884326e+18
2ca60e8e-201b-49a1-b377-8c58744591b1,1.7773408501217756e+18
2ca60e8e-201b-49a1-b377-8c58744591b1,1.7773408501551178e+18
2ca60e8e-201b-49a1-b377-8c58744591b1,1.7773408501884608e+18
2ca60e8e-201b-49a1-b377-8c58744591b1,1.7773408502218028e+18
2ca60e8e-201b-49a1-b377-8c58744591b1,1.7773408502551457e+18
2ca60e8e-201b-49a1-b377-8c58744591b1,1.7773408502884877e+18
2ca60e8e-201b-49a1-b377-8c58744591b1,1.7773408503218296e+18
2ca60e8e-201b-49a1-b377-8c58744591b1,1.7773408503551726e+18
2ca60e8e-201b-49a1-b377-8c58744591b1,1.7773408503885148e+18
2ca60e8e-201b-49a1-b377-8c58744591b1,1.7773408504218578e+18
2ca60e8e-201b-49a1-b377-8c58744591b1,1.7773408504551997e+18
2ca60e8e-201b-49a1-b377-8c58744591b1,1.7773408504885427e+18
2ca60e8e-201b-49a1-b377-8c58744591b1,1.7773408505218847e+18
2ca60e8e-201b-49a1-b377-8c58744591b1,1.7773408505552276e+18
2ca60e8e-201b-49a1-b377-8c58744591b1,1.7773408505885696e+18
2ca60e8e-201b-49a1-b377-8c58744591b1,1.7773408506219118e+18
2ca60e8e-201b-49a1-b377-8c58744591b1,1.7773408506552548e+18
2ca60e8e-201b-49a1-b377-8c58744591b1,1.7773408506885967e+18
2ca60e8e-201b-49a1-b377-8c58744591b1,1.7773408507219397e+18
2ca60e8e-201b-49a1-b377-8c58744591b1,1.7773408507552817e+18
2ca60e8e-201b-49a1-b377-8c58744591b1,1.7773408507886246e+18
2ca60e8e-201b-49a1-b377-8c58744591b1,1.7773408508219666e+18
2ca60e8e-201b-49a1-b377-8c58744591b1,1.7773408508553098e+18
2ca60e8e-201b-49a1-b377-8c58744591b1,1.7773408508886518e+18
2ca60e8e-201b-49a1-b377-8c58744591b1,1.7773408509219948e+18
2ca60e8e-201b-49a1-b377-8c58744591b1,1.7773408509553367e+18
2ca60e8e-201b-49a1-b377-8c58744591b1,1.7773408509886787e+18
2ca60e8e-201b-49a1-b377-8c58744591b1,1.7773408510220216e+18
2ca60e8e-201b-49a1-b377-8c58744591b1,1.7773408510553638e+18
2ca60e8e-201b-49a1-b377-8c58744591b1,1.7773408510887068e+18
2ca60e8e-201b-49a1-b377-8c58744591b1,1.7773408511220488e+18
2ca60e8e-201b-49a1-b377-8c58744591b1,1.7773408511553917e+18
2ca60e8e-201b-49a1-b377-8c58744591b1,1.7773408511887337e+18
2ca60e8e-201b-49a1-b377-8c58744591b1,1.7773408512220767e+18
2ca60e8e-201b-49a1-b377-8c58744591b1,1.7773408512554186e+18
2ca60e8e-201b-49a1-b377-8c58744591b1,1.7773408512887608e+18
2ca60e8e-201b-49a1-b377-8c58744591b1,1.7773408513221038e+18
2ca60e8e-201b-49a1-b377-8c58744591b1,1.7773408513554458e+18
2ca60e8e-201b-49a1-b377-8c58744591b1,1.7773408513887887e+18
2ca60e8e-201b-49a1-b377-8c58744591b1,1.7773408514221307e+18
2ca60e8e-201b-49a1-b377-8c58744591b1,1.7773408514554737e+18
2ca60e8e-201b-49a1-b377-8c58744591b1,1.7773408514888156e+18
2ca60e8e-201b-49a1-b377-8c58744591b1,1.7773408515221586e+18
2ca60e8e-201b-49a1-b377-8c58744591b1,1.7773408515555008e+18
2ca60e8e-201b-49a1-b377-8c58744591b1,1.7773408515888428e+18
2ca60e8e-201b-49a1-b377-8c58744591b1,1.7773408516221857e+18
2ca60e8e-201b-49a1-b377-8c58744591b1,1.7773408516555277e+18
2ca60e8e-201b-49a1-b377-8c58744591b1,1.7773408516888707e+18
2ca60e8e-201b-49a1-b377-8c58744591b1,1.7773408517222126e+18
2ca60e8e-201b-49a1-b377-8c58744591b1,1.7773408517555558e+18
2ca60e8e-201b-49a1-b377-8c58744591b1,1.7773408517888978e+18
2ca60e8e-201b-49a1-b377-8c58744591b1,1.7773408518222408e+18
2ca60e8e-201b-49a1-b377-8c58744591b1,1.7773408518555827e+18
2ca60e8e-201b-49a1-b377-8c58744591b1,1.7773408518889247e+18
2ca60e8e-201b-49a1-b377-8c58744591b1,1.7773408519222676e+18
2ca60e8e-201b-49a1-b377-8c58744591b1,1.7773408519556096e+18
2ca60e8e-201b-49a1-b377-8c58744591b1,1.7773408519889528e+18
2ca60e8e-201b-49a1-b377-8c58744591b1,1.7773408520222948e+18
2ca60e8e-201b-49a1-b377-8c58744591b1,1.7773408520556378e+18
2ca60e8e-201b-49a1-b377-8c58744591b1,1.7773408520889797e+18
2ca60e8e-201b-49a1-b377-8c58744591b1,1.7773408521223227e+18
2ca60e8e-201b-49a1-b377-8c58744591b1,1.7773408521556646e+18
2ca60e8e-201b-49a1-b377-8c58744591b1,1.7773408521890076e+18
2ca60e8e-201b-49a1-b377-8c58744591b1,1.7773408522223498e+18
2ca60e8e-201b-49a1-b377-8c58744591b1,1.7773408522556918e+18
2ca60e8e-201b-49a1-b377-8c58744591b1,1.7773408522890348e+18
2ca60e8e-201b-49a1-b377-8c58744591b1,1.7773408523223767e+18
2ca60e8e-201b-49a1-b377-8c58744591b1,1.7773408523557197e+18
2ca60e8e-201b-49a1-b377-8c58744591b1,1.7773408523890616e+18
2ca60e8e-201b-49a1-b377-8c58744591b1,1.7773408524224046e+18
2ca60e8e-201b-49a1-b377-8c58744591b1,1.7773408524557468e+18
2ca60e8e-201b-49a1-b377-8c58744591b1,1.7773408524890898e+18
2ca60e8e-201b-49a1-b377-8c58744591b1,1.7773408525224317e+18
2ca60e8e-201b-49a1-b377-8c58744591b1,1.7773408525557737e+18
2ca60e8e-201b-49a1-b377-8c58744591b1,1.7773408525891167e+18
2ca60e8e-201b-49a1-b377-8c58744591b1,1.7773408526224586e+18
2ca60e8e-201b-49a1-b377-8c58744591b1,1.7773408526558016e+18
2ca60e8e-201b-49a1-b377-8c58744591b1,1.7773408526891438e+18
2ca60e8e-201b-49a1-b377-8c58744591b1,1.7773408527224868e+18
2ca60e8e-201b-49a1-b377-8c58744591b1,1.7773408527558287e+18
2ca60e8e-201b-49a1-b377-8c58744591b1,1.7773408527891717e+18
2ca60e8e-201b-49a1-b377-8c58744591b1,1.7773408528225137e+18
2ca60e8e-201b-49a1-b377-8c58744591b1,1.7773408528558556e+18
2ca60e8e-201b-49a1-b377-8c58744591b1,1.7773408528891986e+18
2ca60e8e-201b-49a1-b377-8c58744591b1,1.7773408529225408e+18
2ca60e8e-201b-49a1-b377-8c58744591b1,1.7773408529558838e+18
2ca60e8e-201b-49a1-b377-8c58744591b1,1.7773408529892257e+18
2ca60e8e-201b-49a1-b377-8c58744591b1,1.7773408530225687e+18
2ca60e8e-201b-49a1-b377-8c58744591b1,1.7773408530559107e+18
2ca60e8e-201b-49a1-b377-8c58744591b1,1.7773408530892536e+18
2ca60e8e-201b-49a1-b377-8c58744591b1,1.7773408531225958e+18
2ca60e8e-201b-49a1-b377-8c58744591b1,1.7773408531559378e+18
2ca60e8e-201b-49a1-b377-8c58744591b1,1.7773408531892808e+18
2ca60e8e-201b-49a1-b377-8c58744591b1,1.7773408532226227e+18
2ca60e8e-201b-49a1-b377-8c58744591b1,1.7773408532559657e+18
2ca60e8e-201b-49a1-b377-8c58744591b1,1.7773408532893076e+18
2ca60e8e-201b-49a1-b377-8c58744591b1,1.7773408533226506e+18
2ca60e8e-201b-49a1-b377-8c58744591b1,1.7773408533559928e+18
2ca60e8e-201b-49a1-b377-8c58744591b1,1.7773408533893358e+18
2ca60e8e-201b-49a1-b377-8c58744591b1,1.7773408534226778e+18
2ca60e8e-201b-49a1-b377-8c58744591b1,1.7773408534560197e+18
2ca60e8e-201b-49a1-b377-8c58744591b1,1.7773408534893627e+18
2ca60e8e-201b-49a1-b377-8c58744591b1,1.7773408535227046e+18
2ca60e8e-201b-49a1-b377-8c58744591b1,1.7773408535560476e+18
2ca60e8e-201b-49a1-b377-8c58744591b1,1.7773408535893898e+18
2ca60e8e-201b-49a1-b377-8c58744591b1,1.7773408536227328e+18
2ca60e8e-201b-49a1-b377-8c58744591b1,1.7773408536560748e+18
2ca60e8e-201b-49a1-b377-8c58744591b1,1.7773408536894177e+18
2ca60e8e-201b-49a1-b377-8c58744591b1,1.7773408537227597e+18
2ca60e8e-201b-49a1-b377-8c58744591b1,1.7773408537561016e+18
2ca60e8e-201b-49a1-b377-8c58744591b1,1.7773408537894446e+18
2ca60e8e-201b-49a1-b377-8c58744591b1,1.7773408538227868e+18
2ca60e8e-201b-49a1-b377-8c58744591b1,1.7773408538561298e+18
2ca60e8e-201b-49a1-b377-8c58744591b1,1.7773408538894717e+18
2ca60e8e-201b-49a1-b377-8c58744591b1,1.7773408539228147e+18
2ca60e8e-201b-49a1-b377-8c58744591b1,1.7773408539561567e+18
2ca60e8e-201b-49a1-b377-8c58744591b1,1.7773408539894996e+18
2ca60e8e-201b-49a1-b377-8c58744591b1,1.7773408540228416e+18
2ca60e8e-201b-49a1-b377-8c58744591b1,1.7773408540561838e+18
2ca60e8e-201b-49a1-b377-8c58744591b1,1.7773408540895268e+18
2ca60e8e-201b-49a1-b377-8c58744591b1,1.7773408541228687e+18
2ca60e8e-201b-49a1-b377-8c58744591b1,1.7773408541562117e+18
2ca60e8e-201b-49a1-b377-8c58744591b1,1.7773408541895537e+18
2ca60e8e-201b-49a1-b377-8c58744591b1,1.7773408542228966e+18
2ca60e8e-201b-49a1-b377-8c58744591b1,1.7773408542562386e+18
2ca60e8e-201b-49a1-b377-8c58744591b1,1.7773408542895818e+18
2ca60e8e-201b-49a1-b377-8c58744591b1,1.7773408543229238e+18
2ca60e8e-201b-49a1-b377-8c58744591b1,1.7773408543562668e+18
2ca60e8e-201b-49a1-b377-8c58744591b1,1.7773408543896087e+18
2ca60e8e-201b-49a1-b377-8c58744591b1,1.7773408544229507e+18
2ca60e8e-201b-49a1-b377-8c58744591b1,1.7773408544562936e+18
2ca60e8e-201b-49a1-b377-8c58744591b1,1.7773408544896358e+18
2ca60e8e-201b-49a1-b377-8c58744591b1,1.7773408545229788e+18
2ca60e8e-201b-49a1-b377-8c58744591b1,1.7773408545563208e+18
2ca60e8e-201b-49a1-b377-8c58744591b1,1.7773408545896637e+18
2ca60e8e-201b-49a1-b377-8c58744591b1,1.7773408546230057e+18
2ca60e8e-201b-49a1-b377-8c58744591b1,1.7773408546563487e+18
2ca60e8e-201b-49a1-b377-8c58744591b1,1.7773408546896906e+18
2ca60e8e-201b-49a1-b377-8c58744591b1,1.7773408547230328e+18
2ca60e8e-201b-49a1-b377-8c58744591b1,1.7773408547563758e+18
2ca60e8e-201b-49a1-b377-8c58744591b1,1.7773408547897178e+18
2ca60e8e-201b-49a1-b377-8c58744591b1,1.7773408548230607e+18
2ca60e8e-201b-49a1-b377-8c58744591b1,1.7773408548564027e+18
2ca60e8e-201b-49a1-b377-8c58744591b1,1.7773408548897457e+18
2ca60e8e-201b-49a1-b377-8c58744591b1,1.7773408549230876e+18
2ca60e8e-201b-49a1-b377-8c58744591b1,1.7773408549564306e+18
2ca60e8e-201b-49a1-b377-8c58744591b1,1.7773408549897728e+18
2ca60e8e-201b-49a1-b377-8c58744591b1,1.7773408550231148e+18
2ca60e8e-201b-49a1-b377-8c58744591b1,1.7773408550564577e+18
2ca60e8e-201b-49a1-b377-8c58744591b1,1.7773408550897997e+18
2ca60e8e-201b-49a1-b377-8c58744591b1,1.7773408551231427e+18
2ca60e8e-201b-49a1-b377-8c58744591b1,1.7773408551564846e+18
2ca60e8e-201b-49a1-b377-8c58744591b1,1.7773408551898278e+18
2ca60e8e-201b-49a1-b377-8c58744591b1,1.7773408552231698e+18
2ca60e8e-201b-49a1-b377-8c58744591b1,1.7773408552565128e+18
2ca60e8e-201b-49a1-b377-8c58744591b1,1.7773408552898547e+18
2ca60e8e-201b-49a1-b377-8c58744591b1,1.7773408553231967e+18
2ca60e8e-201b-49a1-b377-8c58744591b1,1.7773408553565396e+18
2ca60e8e-201b-49a1-b377-8c58744591b1,1.7773408553898816e+18
2ca60e8e-201b-49a1-b377-8c58744591b1,1.7773408554232248e+18
2ca60e8e-201b-49a1-b377-8c58744591b1,1.7773408554565668e+18
2ca60e8e-201b-49a1-b377-8c58744591b1,1.7773408554899098e+18
2ca60e8e-201b-49a1-b377-8c58744591b1,1.7773408555232517e+18
2ca60e8e-201b-49a1-b377-8c58744591b1,1.7773408555565947e+18
2ca60e8e-201b-49a1-b377-8c58744591b1,1.7773408555899366e+18
2ca60e8e-201b-49a1-b377-8c58744591b1,1.7773408556232786e+18
2ca60e8e-201b-49a1-b377-8c58744591b1,1.7773408556566218e+18
2ca60e8e-201b-49a1-b377-8c58744591b1,1.7773408556899638e+18
2ca60e8e-201b-49a1-b377-8c58744591b1,1.7773408557233068e+18
2ca60e8e-201b-49a1-b377-8c58744591b1,1.7773408557566487e+18
2ca60e8e-201b-49a1-b377-8c58744591b1,1.7773408557899917e+18
2ca60e8e-201b-49a1-b377-8c58744591b1,1.7773408558233336e+18
2ca60e8e-201b-49a1-b377-8c58744591b1,1.7773408558566766e+18
2ca60e8e-201b-49a1-b377-8c58744591b1,1.7773408558900188e+18
2ca60e8e-201b-49a1-b377-8c58744591b1,1.7773408559233608e+18
2ca60e8e-201b-49a1-b377-8c58744591b1,1.7773408559567037e+18
2ca60e8e-201b-49a1-b377-8c58744591b1,1.7773408559900457e+18
2ca60e8e-201b-49a1-b377-8c58744591b1,1.7773408560233887e+18
2ca60e8e-201b-49a1-b377-8c58744591b1,1.7773408560567306e+18
2ca60e8e-201b-49a1-b377-8c58744591b1,1.7773408560900736e+18
2ca60e8e-201b-49a1-b377-8c58744591b1,1.7773408561234158e+18
2ca60e8e-201b-49a1-b377-8c58744591b1,1.7773408561567588e+18
2ca60e8e-201b-49a1-b377-8c58744591b1,1.7773408561901007e+18
2ca60e8e-201b-49a1-b377-8c58744591b1,1.7773408562234437e+18
2ca60e8e-201b-49a1-b377-8c58744591b1,1.7773408562567857e+18
2ca60e8e-201b-49a1-b377-8c58744591b1,1.7773408562901276e+18
2ca60e8e-201b-49a1-b377-8c58744591b1,1.7773408563234706e+18
2ca60e8e-201b-49a1-b377-8c58744591b1,1.7773408563568128e+18
2ca60e8e-201b-49a1-b377-8c58744591b1,1.7773408563901558e+18
2ca60e8e-201b-49a1-b377-8c58744591b1,1.7773408564234977e+18
2ca60e8e-201b-49a1-b377-8c58744591b1,1.7773408564568407e+18
2ca60e8e-201b-49a1-b377-8c58744591b1,1.7773408564901827e+18
2ca60e8e-201b-49a1-b377-8c58744591b1,1.7773408565235256e+18
2ca60e8e-201b-49a1-b377-8c58744591b1,1.7773408565568678e+18
2ca60e8e-201b-49a1-b377-8c58744591b1,1.7773408565902098e+18
2ca60e8e-201b-49a1-b377-8c58744591b1,1.7773408566235528e+18
2ca60e8e-201b-49a1-b377-8c58744591b1,1.7773408566568947e+18
2ca60e8e-201b-49a1-b377-8c58744591b1,1.7773408566902377e+18
2ca60e8e-201b-49a1-b377-8c58744591b1,1.7773408567235796e+18
2ca60e8e-201b-49a1-b377-8c58744591b1,1.7773408567569226e+18
2ca60e8e-201b-49a1-b377-8c58744591b1,1.7773408567902648e+18
2ca60e8e-201b-49a1-b377-8c58744591b1,1.7773408568236078e+18
2ca60e8e-201b-49a1-b377-8c58744591b1,1.7773408568569498e+18
2ca60e8e-201b-49a1-b377-8c58744591b1,1.7773408568902917e+18
2ca60e8e-201b-49a1-b377-8c58744591b1,1.7773408569236347e+18
2ca60e8e-201b-49a1-b377-8c58744591b1,1.7773408569569766e+18
2ca60e8e-201b-49a1-b377-8c58744591b1,1.7773408569903196e+18
2ca60e8e-201b-49a1-b377-8c58744591b1,1.7773408570236618e+18
2ca60e8e-201b-49a1-b377-8c58744591b1,1.7773408570570048e+18
2ca60e8e-201b-49a1-b377-8c58744591b1,1.7773408570903468e+18
2ca60e8e-201b-49a1-b377-8c58744591b1,1.7773408571236897e+18
2ca60e8e-201b-49a1-b377-8c58744591b1,1.7773408571570317e+18
2ca60e8e-201b-49a1-b377-8c58744591b1,1.7773408571903736e+18
2ca60e8e-201b-49a1-b377-8c58744591b1,1.7773408572237166e+18
2ca60e8e-201b-49a1-b377-8c58744591b1,1.7773408572570588e+18
2ca60e8e-201b-49a1-b377-8c58744591b1,1.7773408572904018e+18
2ca60e8e-201b-49a1-b377-8c58744591b1,1.7773408573237437e+18
2ca60e8e-201b-49a1-b377-8c58744591b1,1.7773408573570867e+18
2ca60e8e-201b-49a1-b377-8c58744591b1,1.7773408573904287e+18
2ca60e8e-201b-49a1-b377-8c58744591b1,1.7773408574237716e+18
2ca60e8e-201b-49a1-b377-8c58744591b1,1.7773408574571136e+18
2ca60e8e-201b-49a1-b377-8c58744591b1,1.7773408574904558e+18
2ca60e8e-201b-49a1-b377-8c58744591b1,1.7773408575237988e+18
2ca60e8e-201b-49a1-b377-8c58744591b1,1.7773408575571407e+18
2ca60e8e-201b-49a1-b377-8c58744591b1,1.7773408575904837e+18
2ca60e8e-201b-49a1-b377-8c58744591b1,1.7773408576238257e+18
2ca60e8e-201b-49a1-b377-8c58744591b1,1.7773408576571686e+18
2ca60e8e-201b-49a1-b377-8c58744591b1,1.7773408576905106e+18
2ca60e8e-201b-49a1-b377-8c58744591b1,1.7773408577238538e+18
2ca60e8e-201b-49a1-b377-8c58744591b1,1.7773408577571958e+18
2ca60e8e-201b-49a1-b377-8c58744591b1,1.7773408577905377e+18
2ca60e8e-201b-49a1-b377-8c58744591b1,1.7773408578238807e+18
2ca60e8e-201b-49a1-b377-8c58744591b1,1.7773408578572227e+18
2ca60e8e-201b-49a1-b377-8c58744591b1,1.7773408578905656e+18
2ca60e8e-201b-49a1-b377-8c58744591b1,1.7773408579239078e+18
2ca60e8e-201b-49a1-b377-8c58744591b1,1.7773408579572508e+18
2ca60e8e-201b-49a1-b377-8c58744591b1,1.7773408579905928e+18
2ca60e8e-201b-49a1-b377-8c58744591b1,1.7773408580239357e+18
2ca60e8e-201b-49a1-b377-8c58744591b1,1.7773408580572777e+18
2ca60e8e-201b-49a1-b377-8c58744591b1,1.7773408580906207e+18
2ca60e8e-201b-49a1-b377-8c58744591b1,1.7773408581239626e+18
2ca60e8e-201b-49a1-b377-8c58744591b1,1.7773408581573048e+18
2ca60e8e-201b-49a1-b377-8c58744591b1,1.7773408581906478e+18
2ca60e8e-201b-49a1-b377-8c58744591b1,1.7773408582239898e+18
2ca60e8e-201b-49a1-b377-8c58744591b1,1.7773408582573327e+18
2ca60e8e-201b-49a1-b377-8c58744591b1,1.7773408582906747e+18
2ca60e8e-201b-49a1-b377-8c58744591b1,1.7773408583240177e+18
2ca60e8e-201b-49a1-b377-8c58744591b1,1.7773408583573596e+18
2ca60e8e-201b-49a1-b377-8c58744591b1,1.7773408583907026e+18
2ca60e8e-201b-49a1-b377-8c58744591b1,1.7773408584240448e+18
2ca60e8e-201b-49a1-b377-8c58744591b1,1.7773408584573868e+18
2ca60e8e-201b-49a1-b377-8c58744591b1,1.7773408584907297e+18
2ca60e8e-201b-49a1-b377-8c58744591b1,1.7773408585240717e+18
2ca60e8e-201b-49a1-b377-8c58744591b1,1.7773408585574147e+18
2ca60e8e-201b-49a1-b377-8c58744591b1,1.7773408585907566e+18
2ca60e8e-201b-49a1-b377-8c58744591b1,1.7773408586240998e+18
2ca60e8e-201b-49a1-b377-8c58744591b1,1.7773408586574418e+18
2ca60e8e-201b-49a1-b377-8c58744591b1,1.7773408586907848e+18
2ca60e8e-201b-49a1-b377-8c58744591b1,1.7773408587241267e+18
2ca60e8e-201b-49a1-b377-8c58744591b1,1.7773408587574687e+18
2ca60e8e-201b-49a1-b377-8c58744591b1,1.7773408587908116e+18
2ca60e8e-201b-49a1-b377-8c58744591b1,1.7773408588241536e+18
2ca60e8e-201b-49a1-b377-8c58744591b1,1.7773408588574968e+18
2ca60e8e-201b-49a1-b377-8c58744591b1,1.7773408588908388e+18
2ca60e8e-201b-49a1-b377-8c58744591b1,1.7773408589241818e+18
2ca60e8e-201b-49a1-b377-8c58744591b1,1.7773408589575237e+18
2ca60e8e-201b-49a1-b377-8c58744591b1,1.7773408589908667e+18
2ca60e8e-201b-49a1-b377-8c58744591b1,1.7773408590242086e+18
2ca60e8e-201b-49a1-b377-8c58744591b1,1.7773408590575506e+18
2ca60e8e-201b-49a1-b377-8c58744591b1,1.7773408590908938e+18
2ca60e8e-201b-49a1-b377-8c58744591b1,1.7773408591242358e+18
2ca60e8e-201b-49a1-b377-8c58744591b1,1.7773408591575788e+18
2ca60e8e-201b-49a1-b377-8c58744591b1,1.7773408591909207e+18
2ca60e8e-201b-49a1-b377-8c58744591b1,1.7773408592242637e+18
2ca60e8e-201b-49a1-b377-8c58744591b1,1.7773408592576056e+18
2ca60e8e-201b-49a1-b377-8c58744591b1,1.7773408592909486e+18
2ca60e8e-201b-49a1-b377-8c58744591b1,1.7773408593242908e+18
2ca60e8e-201b-49a1-b377-8c58744591b1,1.7773408593576328e+18
2ca60e8e-201b-49a1-b377-8c58744591b1,1.7773408593909757e+18
2ca60e8e-201b-49a1-b377-8c58744591b1,1.7773408594243177e+18
2ca60e8e-201b-49a1-b377-8c58744591b1,1.7773408594576607e+18
2ca60e8e-201b-49a1-b377-8c58744591b1,1.7773408594910026e+18
2ca60e8e-201b-49a1-b377-8c58744591b1,1.7773408595243456e+18
2ca60e8e-201b-49a1-b377-8c58744591b1,1.7773408595576878e+18
2ca60e8e-201b-49a1-b377-8c58744591b1,1.7773408595910308e+18
2ca60e8e-201b-49a1-b377-8c58744591b1,1.7773408596243727e+18
2ca60e8e-201b-49a1-b377-8c58744591b1,1.7773408596577157e+18
2ca60e8e-201b-49a1-b377-8c58744591b1,1.7773408596910577e+18
2ca60e8e-201b-49a1-b377-8c58744591b1,1.7773408597243996e+18
2ca60e8e-201b-49a1-b377-8c58744591b1,1.7773408597577426e+18
2ca60e8e-201b-49a1-b377-8c58744591b1,1.7773408597910848e+18
2ca60e8e-201b-49a1-b377-8c58744591b1,1.7773408598244278e+18
2ca60e8e-201b-49a1-b377-8c58744591b1,1.7773408598577697e+18
2ca60e8e-201b-49a1-b377-8c58744591b1,1.7773408598911127e+18
2ca60e8e-201b-49a1-b377-8c58744591b1,1.7773408599244547e+18
2ca60e8e-201b-49a1-b377-8c58744591b1,1.7773408599577976e+18
2ca60e8e-201b-49a1-b377-8c58744591b1,1.7773408599911398e+18
2ca60e8e-201b-49a1-b377-8c58744591b1,1.7773408600244818e+18
2ca60e8e-201b-49a1-b377-8c58744591b1,1.7773408600578248e+18
2ca60e8e-201b-49a1-b377-8c58744591b1,1.7773408600911667e+18
2ca60e8e-201b-49a1-b377-8c58744591b1,1.7773408601245097e+18
2ca60e8e-201b-49a1-b377-8c58744591b1,1.7773408601578516e+18
2ca60e8e-201b-49a1-b377-8c58744591b1,1.7773408601911946e+18
2ca60e8e-201b-49a1-b377-8c58744591b1,1.7773408602245368e+18
2ca60e8e-201b-49a1-b377-8c58744591b1,1.7773408602578798e+18
2ca60e8e-201b-49a1-b377-8c58744591b1,1.7773408602912218e+18
2ca60e8e-201b-49a1-b377-8c58744591b1,1.7773408603245637e+18
2ca60e8e-201b-49a1-b377-8c58744591b1,1.7773408603579067e+18
2ca60e8e-201b-49a1-b377-8c58744591b1,1.7773408603912486e+18
2ca60e8e-201b-49a1-b377-8c58744591b1,1.7773408604245916e+18
2ca60e8e-201b-49a1-b377-8c58744591b1,1.7773408604579338e+18
2ca60e8e-201b-49a1-b377-8c58744591b1,1.7773408604912768e+18
2ca60e8e-201b-49a1-b377-8c58744591b1,1.7773408605246188e+18
2ca60e8e-201b-49a1-b377-8c58744591b1,1.7773408605579617e+18
2ca60e8e-201b-49a1-b377-8c58744591b1,1.7773408605913037e+18
2ca60e8e-201b-49a1-b377-8c58744591b1,1.7773408606246456e+18
2ca60e8e-201b-49a1-b377-8c58744591b1,1.7773408606579886e+18
2ca60e8e-201b-49a1-b377-8c58744591b1,1.7773408606913308e+18
2ca60e8e-201b-49a1-b377-8c58744591b1,1.7773408607246738e+18
2ca60e8e-201b-49a1-b377-8c58744591b1,1.7773408607580157e+18
2ca60e8e-201b-49a1-b377-8c58744591b1,1.7773408607913587e+18
2ca60e8e-201b-49a1-b377-8c58744591b1,1.7773408608247007e+18
2ca60e8e-201b-49a1-b377-8c58744591b1,1.7773408608580436e+18
2ca60e8e-201b-49a1-b377-8c58744591b1,1.7773408608913856e+18
2ca60e8e-201b-49a1-b377-8c58744591b1,1.7773408609247278e+18
2ca60e8e-201b-49a1-b377-8c58744591b1,1.7773408609580708e+18
2ca60e8e-201b-49a1-b377-8c58744591b1,1.7773408609914127e+18
2ca60e8e-201b-49a1-b377-8c58744591b1,1.7773408610247557e+18
2ca60e8e-201b-49a1-b377-8c58744591b1,1.7773408610580977e+18
2ca60e8e-201b-49a1-b377-8c58744591b1,1.7773408610914406e+18
2ca60e8e-201b-49a1-b377-8c58744591b1,1.7773408611247826e+18
2ca60e8e-201b-49a1-b377-8c58744591b1,1.7773408611581258e+18
2ca60e8e-201b-49a1-b377-8c58744591b1,1.7773408611914678e+18
2ca60e8e-201b-49a1-b377-8c58744591b1,1.7773408612248097e+18
2ca60e8e-201b-49a1-b377-8c58744591b1,1.7773408612581527e+18
2ca60e8e-201b-49a1-b377-8c58744591b1,1.7773408612914947e+18
2ca60e8e-201b-49a1-b377-8c58744591b1,1.7773408613248376e+18
2ca60e8e-201b-49a1-b377-8c58744591b1,1.7773408613581798e+18
2ca60e8e-201b-49a1-b377-8c58744591b1,1.7773408613915228e+18
2ca60e8e-201b-49a1-b377-8c58744591b1,1.7773408614248648e+18
2ca60e8e-201b-49a1-b377-8c58744591b1,1.7773408614582077e+18
2ca60e8e-201b-49a1-b377-8c58744591b1,1.7773408614915497e+18
2ca60e8e-201b-49a1-b377-8c58744591b1,1.7773408615248927e+18
2ca60e8e-201b-49a1-b377-8c58744591b1,1.7773408615582346e+18
2ca60e8e-201b-49a1-b377-8c58744591b1,1.7773408615915768e+18
2ca60e8e-201b-49a1-b377-8c58744591b1,1.7773408616249198e+18
2ca60e8e-201b-49a1-b377-8c58744591b1,1.7773408616582618e+18
2ca60e8e-201b-49a1-b377-8c58744591b1,1.7773408616916047e+18
2ca60e8e-201b-49a1-b377-8c58744591b1,1.7773408617249467e+18
2ca60e8e-201b-49a1-b377-8c58744591b1,1.7773408617582897e+18
2ca60e8e-201b-49a1-b377-8c58744591b1,1.7773408617916316e+18
2ca60e8e-201b-49a1-b377-8c58744591b1,1.7773408618249746e+18
2ca60e8e-201b-49a1-b377-8c58744591b1,1.7773408618583168e+18
2ca60e8e-201b-49a1-b377-8c58744591b1,1.7773408618916588e+18
2ca60e8e-201b-49a1-b377-8c58744591b1,1.7773408619250017e+18
2ca60e8e-201b-49a1-b377-8c58744591b1,1.7773408619583437e+18
2ca60e8e-201b-49a1-b377-8c58744591b1,1.7773408619916867e+18
2ca60e8e-201b-49a1-b377-8c58744591b1,1.7773408620250286e+18
2ca60e8e-201b-49a1-b377-8c58744591b1,1.7773408620583718e+18
2ca60e8e-201b-49a1-b377-8c58744591b1,1.7773408620917138e+18
2ca60e8e-201b-49a1-b377-8c58744591b1,1.7773408621250568e+18
2ca60e8e-201b-49a1-b377-8c58744591b1,1.7773408621583987e+18
2ca60e8e-201b-49a1-b377-8c58744591b1,1.7773408621917407e+18
2ca60e8e-201b-49a1-b377-8c58744591b1,1.7773408622250836e+18
2ca60e8e-201b-49a1-b377-8c58744591b1,1.7773408622584256e+18
2ca60e8e-201b-49a1-b377-8c58744591b1,1.7773408622917688e+18
2ca60e8e-201b-49a1-b377-8c58744591b1,1.7773408623251108e+18
2ca60e8e-201b-49a1-b377-8c58744591b1,1.7773408623584538e+18
2ca60e8e-201b-49a1-b377-8c58744591b1,1.7773408623917957e+18
2ca60e8e-201b-49a1-b377-8c58744591b1,1.7773408624251387e+18
2ca60e8e-201b-49a1-b377-8c58744591b1,1.7773408624584806e+18
2ca60e8e-201b-49a1-b377-8c58744591b1,1.7773408624918226e+18
2ca60e8e-201b-49a1-b377-8c58744591b1,1.7773408625251658e+18
2ca60e8e-201b-49a1-b377-8c58744591b1,1.7773408625585078e+18
2ca60e8e-201b-49a1-b377-8c58744591b1,1.7773408625918508e+18
2ca60e8e-201b-49a1-b377-8c58744591b1,1.7773408626251927e+18
2ca60e8e-201b-49a1-b377-8c58744591b1,1.7773408626585357e+18
2ca60e8e-201b-49a1-b377-8c58744591b1,1.7773408626918776e+18
2ca60e8e-201b-49a1-b377-8c58744591b1,1.7773408627252206e+18
2ca60e8e-201b-49a1-b377-8c58744591b1,1.7773408627585628e+18
2ca60e8e-201b-49a1-b377-8c58744591b1,1.7773408627919048e+18
2ca60e8e-201b-49a1-b377-8c58744591b1,1.7773408628252477e+18
2ca60e8e-201b-49a1-b377-8c58744591b1,1.7773408628585897e+18
2ca60e8e-201b-49a1-b377-8c58744591b1,1.7773408628919327e+18
2ca60e8e-201b-49a1-b377-8c58744591b1,1.7773408629252746e+18
2ca60e8e-201b-49a1-b377-8c58744591b1,1.7773408629586176e+18
2ca60e8e-201b-49a1-b377-8c58744591b1,1.7773408629919598e+18
2ca60e8e-201b-49a1-b377-8c58744591b1,1.7773408630253028e+18
2ca60e8e-201b-49a1-b377-8c58744591b1,1.7773408630586447e+18
2ca60e8e-201b-49a1-b377-8c58744591b1,1.7773408630919867e+18
2ca60e8e-201b-49a1-b377-8c58744591b1,1.7773408631253297e+18
2ca60e8e-201b-49a1-b377-8c58744591b1,1.7773408631586716e+18
2ca60e8e-201b-49a1-b377-8c58744591b1,1.7773408631920146e+18
2ca60e8e-201b-49a1-b377-8c58744591b1,1.7773408632253568e+18
2ca60e8e-201b-49a1-b377-8c58744591b1,1.7773408632586998e+18
2ca60e8e-201b-49a1-b377-8c58744591b1,1.7773408632920417e+18
2ca60e8e-201b-49a1-b377-8c58744591b1,1.7773408633253847e+18
2ca60e8e-201b-49a1-b377-8c58744591b1,1.7773408633587267e+18
2ca60e8e-201b-49a1-b377-8c58744591b1,1.7773408633920686e+18
2ca60e8e-201b-49a1-b377-8c58744591b1,1.7773408634254118e+18
2ca60e8e-201b-49a1-b377-8c58744591b1,1.7773408634587538e+18
2ca60e8e-201b-49a1-b377-8c58744591b1,1.7773408634920968e+18
2ca60e8e-201b-49a1-b377-8c58744591b1,1.7773408635254387e+18
2ca60e8e-201b-49a1-b377-8c58744591b1,1.7773408635587817e+18
2ca60e8e-201b-49a1-b377-8c58744591b1,1.7773408635921236e+18
2ca60e8e-201b-49a1-b377-8c58744591b1,1.7773408636254666e+18
2ca60e8e-201b-49a1-b377-8c58744591b1,1.7773408636588088e+18
2ca60e8e-201b-49a1-b377-8c58744591b1,1.7773408636921518e+18
2ca60e8e-201b-49a1-b377-8c58744591b1,1.7773408637254938e+18
2ca60e8e-201b-49a1-b377-8c58744591b1,1.7773408637588357e+18
2ca60e8e-201b-49a1-b377-8c58744591b1,1.7773408637921787e+18
2ca60e8e-201b-49a1-b377-8c58744591b1,1.7773408638255206e+18
2ca60e8e-201b-49a1-b377-8c58744591b1,1.7773408638588636e+18
2ca60e8e-201b-49a1-b377-8c58744591b1,1.7773408638922058e+18
2ca60e8e-201b-49a1-b377-8c58744591b1,1.7773408639255488e+18
2ca60e8e-201b-49a1-b377-8c58744591b1,1.7773408639588908e+18
2ca60e8e-201b-49a1-b377-8c58744591b1,1.7773408639922337e+18
2ca60e8e-201b-49a1-b377-8c58744591b1,1.7773408640255757e+18
2ca60e8e-201b-49a1-b377-8c58744591b1,1.7773408640589176e+18
2ca60e8e-201b-49a1-b377-8c58744591b1,1.7773408640922606e+18
2ca60e8e-201b-49a1-b377-8c58744591b1,1.7773408641256028e+18
2ca60e8e-201b-49a1-b377-8c58744591b1,1.7773408641589458e+18
2ca60e8e-201b-49a1-b377-8c58744591b1,1.7773408641922877e+18
2ca60e8e-201b-49a1-b377-8c58744591b1,1.7773408642256307e+18
2ca60e8e-201b-49a1-b377-8c58744591b1,1.7773408642589727e+18
2ca60e8e-201b-49a1-b377-8c58744591b1,1.7773408642923156e+18
2ca60e8e-201b-49a1-b377-8c58744591b1,1.7773408643256576e+18
2ca60e8e-201b-49a1-b377-8c58744591b1,1.7773408643589998e+18
2ca60e8e-201b-49a1-b377-8c58744591b1,1.7773408643923428e+18
2ca60e8e-201b-49a1-b377-8c58744591b1,1.7773408644256847e+18
2ca60e8e-201b-49a1-b377-8c58744591b1,1.7773408644590277e+18
2ca60e8e-201b-49a1-b377-8c58744591b1,1.7773408644923697e+18
2ca60e8e-201b-49a1-b377-8c58744591b1,1.7773408645257126e+18
2ca60e8e-201b-49a1-b377-8c58744591b1,1.7773408645590546e+18
2ca60e8e-201b-49a1-b377-8c58744591b1,1.7773408645923978e+18
2ca60e8e-201b-49a1-b377-8c58744591b1,1.7773408646257398e+18
2ca60e8e-201b-49a1-b377-8c58744591b1,1.7773408646590817e+18
2ca60e8e-201b-49a1-b377-8c58744591b1,1.7773408646924247e+18
2ca60e8e-201b-49a1-b377-8c58744591b1,1.7773408647257667e+18
2ca60e8e-201b-49a1-b377-8c58744591b1,1.7773408647591096e+18
2ca60e8e-201b-49a1-b377-8c58744591b1,1.7773408647924518e+18
2ca60e8e-201b-49a1-b377-8c58744591b1,1.7773408648257948e+18
2ca60e8e-201b-49a1-b377-8c58744591b1,1.7773408648591368e+18
2ca60e8e-201b-49a1-b377-8c58744591b1,1.7773408648924797e+18
2ca60e8e-201b-49a1-b377-8c58744591b1,1.7773408649258217e+18
2ca60e8e-201b-49a1-b377-8c58744591b1,1.7773408649591636e+18
2ca60e8e-201b-49a1-b377-8c58744591b1,1.7773408649925066e+18
2ca60e8e-201b-49a1-b377-8c58744591b1,1.7773408650258488e+18
2ca60e8e-201b-49a1-b377-8c58744591b1,1.7773408650591918e+18
2ca60e8e-201b-49a1-b377-8c58744591b1,1.7773408650925338e+18
2ca60e8e-201b-49a1-b377-8c58744591b1,1.7773408651258767e+18
2ca60e8e-201b-49a1-b377-8c58744591b1,1.7773408651592187e+18
2ca60e8e-201b-49a1-b377-8c58744591b1,1.7773408651925617e+18
2ca60e8e-201b-49a1-b377-8c58744591b1,1.7773408652259036e+18
2ca60e8e-201b-49a1-b377-8c58744591b1,1.7773408652592458e+18
2ca60e8e-201b-49a1-b377-8c58744591b1,1.7773408652925888e+18
2ca60e8e-201b-49a1-b377-8c58744591b1,1.7773408653259308e+18
2ca60e8e-201b-49a1-b377-8c58744591b1,1.7773408653592737e+18
2ca60e8e-201b-49a1-b377-8c58744591b1,1.7773408653926157e+18
2ca60e8e-201b-49a1-b377-8c58744591b1,1.7773408654259587e+18
2ca60e8e-201b-49a1-b377-8c58744591b1,1.7773408654593006e+18
2ca60e8e-201b-49a1-b377-8c58744591b1,1.7773408654926438e+18
2ca60e8e-201b-49a1-b377-8c58744591b1,1.7773408655259858e+18
2ca60e8e-201b-49a1-b377-8c58744591b1,1.7773408655593288e+18
2ca60e8e-201b-49a1-b377-8c58744591b1,1.7773408655926707e+18
2ca60e8e-201b-49a1-b377-8c58744591b1,1.7773408656260127e+18
2ca60e8e-201b-49a1-b377-8c58744591b1,1.7773408656593556e+18
2ca60e8e-201b-49a1-b377-8c58744591b1,1.7773408656926976e+18
2ca60e8e-201b-49a1-b377-8c58744591b1,1.7773408657260408e+18
2ca60e8e-201b-49a1-b377-8c58744591b1,1.7773408657593828e+18
2ca60e8e-201b-49a1-b377-8c58744591b1,1.7773408657927258e+18
2ca60e8e-201b-49a1-b377-8c58744591b1,1.7773408658260677e+18
2ca60e8e-201b-49a1-b377-8c58744591b1,1.7773408658594107e+18
2ca60e8e-201b-49a1-b377-8c58744591b1,1.7773408658927526e+18
2ca60e8e-201b-49a1-b377-8c58744591b1,1.7773408659260946e+18
2ca60e8e-201b-49a1-b377-8c58744591b1,1.7773408659594378e+18
2ca60e8e-201b-49a1-b377-8c58744591b1,1.7773408659927798e+18
2ca60e8e-201b-49a1-b377-8c58744591b1,1.7773408660261228e+18
2ca60e8e-201b-49a1-b377-8c58744591b1,1.7773408660594647e+18
2ca60e8e-201b-49a1-b377-8c58744591b1,1.7773408660928077e+18
2ca60e8e-201b-49a1-b377-8c58744591b1,1.7773408661261496e+18
2ca60e8e-201b-49a1-b377-8c58744591b1,1.7773408661594926e+18
2ca60e8e-201b-49a1-b377-8c58744591b1,1.7773408661928348e+18
2ca60e8e-201b-49a1-b377-8c58744591b1,1.7773408662261768e+18
2ca60e8e-201b-49a1-b377-8c58744591b1,1.7773408662595197e+18
2ca60e8e-201b-49a1-b377-8c58744591b1,1.7773408662928617e+18
2ca60e8e-201b-49a1-b377-8c58744591b1,1.7773408663262047e+18
2ca60e8e-201b-49a1-b377-8c58744591b1,1.7773408663595466e+18
2ca60e8e-201b-49a1-b377-8c58744591b1,1.7773408663928896e+18
2ca60e8e-201b-49a1-b377-8c58744591b1,1.7773408664262318e+18
2ca60e8e-201b-49a1-b377-8c58744591b1,1.7773408664595748e+18
2ca60e8e-201b-49a1-b377-8c58744591b1,1.7773408664929167e+18
2ca60e8e-201b-49a1-b377-8c58744591b1,1.7773408665262597e+18
2ca60e8e-201b-49a1-b377-8c58744591b1,1.7773408665596017e+18
2ca60e8e-201b-49a1-b377-8c58744591b1,1.7773408665929436e+18
2ca60e8e-201b-49a1-b377-8c58744591b1,1.7773408666262866e+18
2ca60e8e-201b-49a1-b377-8c58744591b1,1.7773408666596288e+18
2ca60e8e-201b-49a1-b377-8c58744591b1,1.7773408666929718e+18
2ca60e8e-201b-49a1-b377-8c58744591b1,1.7773408667263137e+18
2ca60e8e-201b-49a1-b377-8c58744591b1,1.7773408667596567e+18
2ca60e8e-201b-49a1-b377-8c58744591b1,1.7773408667929987e+18
2ca60e8e-201b-49a1-b377-8c58744591b1,1.7773408668263416e+18
2ca60e8e-201b-49a1-b377-8c58744591b1,1.7773408668596838e+18
2ca60e8e-201b-49a1-b377-8c58744591b1,1.7773408668930258e+18
2ca60e8e-201b-49a1-b377-8c58744591b1,1.7773408669263688e+18
2ca60e8e-201b-49a1-b377-8c58744591b1,1.7773408669597107e+18
2ca60e8e-201b-49a1-b377-8c58744591b1,1.7773408669930537e+18
2ca60e8e-201b-49a1-b377-8c58744591b1,1.7773408670263956e+18
2ca60e8e-201b-49a1-b377-8c58744591b1,1.7773408670597386e+18
2ca60e8e-201b-49a1-b377-8c58744591b1,1.7773408670930808e+18
2ca60e8e-201b-49a1-b377-8c58744591b1,1.7773408671264238e+18
2ca60e8e-201b-49a1-b377-8c58744591b1,1.7773408671597658e+18
2ca60e8e-201b-49a1-b377-8c58744591b1,1.7773408671931077e+18
2ca60e8e-201b-49a1-b377-8c58744591b1,1.7773408672264507e+18
2ca60e8e-201b-49a1-b377-8c58744591b1,1.7773408672597926e+18
2ca60e8e-201b-49a1-b377-8c58744591b1,1.7773408672931356e+18
2ca60e8e-201b-49a1-b377-8c58744591b1,1.7773408673264778e+18
2ca60e8e-201b-49a1-b377-8c58744591b1,1.7773408673598208e+18
2ca60e8e-201b-49a1-b377-8c58744591b1,1.7773408673931628e+18
2ca60e8e-201b-49a1-b377-8c58744591b1,1.7773408674265057e+18
2ca60e8e-201b-49a1-b377-8c58744591b1,1.7773408674598477e+18
2ca60e8e-201b-49a1-b377-8c58744591b1,1.7773408674931896e+18
2ca60e8e-201b-49a1-b377-8c58744591b1,1.7773408675265326e+18
2ca60e8e-201b-49a1-b377-8c58744591b1,1.7773408675598748e+18
2ca60e8e-201b-49a1-b377-8c58744591b1,1.7773408675932178e+18
2ca60e8e-201b-49a1-b377-8c58744591b1,1.7773408676265597e+18
2ca60e8e-201b-49a1-b377-8c58744591b1,1.7773408676599027e+18
2ca60e8e-201b-49a1-b377-8c58744591b1,1.7773408676932447e+18
2ca60e8e-201b-49a1-b377-8c58744591b1,1.7773408677265876e+18
2ca60e8e-201b-49a1-b377-8c58744591b1,1.7773408677599296e+18
2ca60e8e-201b-49a1-b377-8c58744591b1,1.7773408677932718e+18
2ca60e8e-201b-49a1-b377-8c58744591b1,1.7773408678266148e+18
2ca60e8e-201b-49a1-b377-8c58744591b1,1.7773408678599567e+18
2ca60e8e-201b-49a1-b377-8c58744591b1,1.7773408678932997e+18
2ca60e8e-201b-49a1-b377-8c58744591b1,1.7773408679266417e+18
2ca60e8e-201b-49a1-b377-8c58744591b1,1.7773408679599846e+18
2ca60e8e-201b-49a1-b377-8c58744591b1,1.7773408679933266e+18
2ca60e8e-201b-49a1-b377-8c58744591b1,1.7773408680266698e+18
2ca60e8e-201b-49a1-b377-8c58744591b1,1.7773408680600118e+18
2ca60e8e-201b-49a1-b377-8c58744591b1,1.7773408680933548e+18
2ca60e8e-201b-49a1-b377-8c58744591b1,1.7773408681266967e+18
2ca60e8e-201b-49a1-b377-8c58744591b1,1.7773408681600387e+18
2ca60e8e-201b-49a1-b377-8c58744591b1,1.7773408681933816e+18
2ca60e8e-201b-49a1-b377-8c58744591b1,1.7773408682267238e+18
2ca60e8e-201b-49a1-b377-8c58744591b1,1.7773408682600668e+18
2ca60e8e-201b-49a1-b377-8c58744591b1,1.7773408682934088e+18
2ca60e8e-201b-49a1-b377-8c58744591b1,1.7773408683267517e+18
2ca60e8e-201b-49a1-b377-8c58744591b1,1.7773408683600937e+18
2ca60e8e-201b-49a1-b377-8c58744591b1,1.7773408683934367e+18
2ca60e8e-201b-49a1-b377-8c58744591b1,1.7773408684267786e+18
2ca60e8e-201b-49a1-b377-8c58744591b1,1.7773408684601208e+18
2ca60e8e-201b-49a1-b377-8c58744591b1,1.7773408684934638e+18
2ca60e8e-201b-49a1-b377-8c58744591b1,1.7773408685268058e+18
2ca60e8e-201b-49a1-b377-8c58744591b1,1.7773408685601487e+18
2ca60e8e-201b-49a1-b377-8c58744591b1,1.7773408685934907e+18
2ca60e8e-201b-49a1-b377-8c58744591b1,1.7773408686268337e+18
2ca60e8e-201b-49a1-b377-8c58744591b1,1.7773408686601756e+18
2ca60e8e-201b-49a1-b377-8c58744591b1,1.7773408686935186e+18
2ca60e8e-201b-49a1-b377-8c58744591b1,1.7773408687268608e+18
2ca60e8e-201b-49a1-b377-8c58744591b1,1.7773408687602028e+18
2ca60e8e-201b-49a1-b377-8c58744591b1,1.7773408687935457e+18
2ca60e8e-201b-49a1-b377-8c58744591b1,1.7773408688268877e+18
2ca60e8e-201b-49a1-b377-8c58744591b1,1.7773408688602307e+18
2ca60e8e-201b-49a1-b377-8c58744591b1,1.7773408688935726e+18
2ca60e8e-201b-49a1-b377-8c58744591b1,1.7773408689269158e+18
2ca60e8e-201b-49a1-b377-8c58744591b1,1.7773408689602578e+18
2ca60e8e-201b-49a1-b377-8c58744591b1,1.7773408689936008e+18
2ca60e8e-201b-49a1-b377-8c58744591b1,1.7773408690269427e+18
2ca60e8e-201b-49a1-b377-8c58744591b1,1.7773408690602847e+18
2ca60e8e-201b-49a1-b377-8c58744591b1,1.7773408690936276e+18
2ca60e8e-201b-49a1-b377-8c58744591b1,1.7773408691269696e+18
2ca60e8e-201b-49a1-b377-8c58744591b1,1.7773408691603128e+18
2ca60e8e-201b-49a1-b377-8c58744591b1,1.7773408691936548e+18
2ca60e8e-201b-49a1-b377-8c58744591b1,1.7773408692269978e+18
2ca60e8e-201b-49a1-b377-8c58744591b1,1.7773408692603397e+18
2ca60e8e-201b-49a1-b377-8c58744591b1,1.7773408692936827e+18
2ca60e8e-201b-49a1-b377-8c58744591b1,1.7773408693270246e+18
2ca60e8e-201b-49a1-b377-8c58744591b1,1.7773408693603666e+18
2ca60e8e-201b-49a1-b377-8c58744591b1,1.7773408693937098e+18
2ca60e8e-201b-49a1-b377-8c58744591b1,1.7773408694270518e+18
2ca60e8e-201b-49a1-b377-8c58744591b1,1.7773408694603948e+18
2ca60e8e-201b-49a1-b377-8c58744591b1,1.7773408694937367e+18
2ca60e8e-201b-49a1-b377-8c58744591b1,1.7773408695270797e+18
2ca60e8e-201b-49a1-b377-8c58744591b1,1.7773408695604216e+18
2ca60e8e-201b-49a1-b377-8c58744591b1,1.7773408695937646e+18
2ca60e8e-201b-49a1-b377-8c58744591b1,1.7773408696271068e+18
2ca60e8e-201b-49a1-b377-8c58744591b1,1.7773408696604498e+18
2ca60e8e-201b-49a1-b377-8c58744591b1,1.7773408696937917e+18
2ca60e8e-201b-49a1-b377-8c58744591b1,1.7773408697271337e+18
2ca60e8e-201b-49a1-b377-8c58744591b1,1.7773408697604767e+18
2ca60e8e-201b-49a1-b377-8c58744591b1,1.7773408697938186e+18
2ca60e8e-201b-49a1-b377-8c58744591b1,1.7773408698271616e+18
2ca60e8e-201b-49a1-b377-8c58744591b1,1.7773408698605038e+18
2ca60e8e-201b-49a1-b377-8c58744591b1,1.7773408698938468e+18
2ca60e8e-201b-49a1-b377-8c58744591b1,1.7773408699271887e+18
2ca60e8e-201b-49a1-b377-8c58744591b1,1.7773408699605317e+18
2ca60e8e-201b-49a1-b377-8c58744591b1,1.7773408699938737e+18
2ca60e8e-201b-49a1-b377-8c58744591b1,1.7773408700272156e+18
2ca60e8e-201b-49a1-b377-8c58744591b1,1.7773408700605586e+18
2ca60e8e-201b-49a1-b377-8c58744591b1,1.7773408700939008e+18
2ca60e8e-201b-49a1-b377-8c58744591b1,1.7773408701272438e+18
2ca60e8e-201b-49a1-b377-8c58744591b1,1.7773408701605857e+18
2ca60e8e-201b-49a1-b377-8c58744591b1,1.7773408701939287e+18
2ca60e8e-201b-49a1-b377-8c58744591b1,1.7773408702272707e+18
2ca60e8e-201b-49a1-b377-8c58744591b1,1.7773408702606136e+18
2ca60e8e-201b-49a1-b377-8c58744591b1,1.7773408702939558e+18
2ca60e8e-201b-49a1-b377-8c58744591b1,1.7773408703272978e+18
2ca60e8e-201b-49a1-b377-8c58744591b1,1.7773408703606408e+18
2ca60e8e-201b-49a1-b377-8c58744591b1,1.7773408703939827e+18
2ca60e8e-201b-49a1-b377-8c58744591b1,1.7773408704273257e+18
2ca60e8e-201b-49a1-b377-8c58744591b1,1.7773408704606676e+18
2ca60e8e-201b-49a1-b377-8c58744591b1,1.7773408704940106e+18
2ca60e8e-201b-49a1-b377-8c58744591b1,1.7773408705273528e+18
2ca60e8e-201b-49a1-b377-8c58744591b1,1.7773408705606958e+18
2ca60e8e-201b-49a1-b377-8c58744591b1,1.7773408705940378e+18
2ca60e8e-201b-49a1-b377-8c58744591b1,1.7773408706273797e+18
2ca60e8e-201b-49a1-b377-8c58744591b1,1.7773408706607227e+18
2ca60e8e-201b-49a1-b377-8c58744591b1,1.7773408706940646e+18
2ca60e8e-201b-49a1-b377-8c58744591b1,1.7773408707274076e+18
2ca60e8e-201b-49a1-b377-8c58744591b1,1.7773408707607498e+18
2ca60e8e-201b-49a1-b377-8c58744591b1,1.7773408707940928e+18
2ca60e8e-201b-49a1-b377-8c58744591b1,1.7773408708274348e+18
2ca60e8e-201b-49a1-b377-8c58744591b1,1.7773408708607777e+18
2ca60e8e-201b-49a1-b377-8c58744591b1,1.7773408708941197e+18
2ca60e8e-201b-49a1-b377-8c58744591b1,1.7773408709274616e+18
2ca60e8e-201b-49a1-b377-8c58744591b1,1.7773408709608046e+18
2ca60e8e-201b-49a1-b377-8c58744591b1,1.7773408709941468e+18
2ca60e8e-201b-49a1-b377-8c58744591b1,1.7773408710274898e+18
2ca60e8e-201b-49a1-b377-8c58744591b1,1.7773408710608317e+18
2ca60e8e-201b-49a1-b377-8c58744591b1,1.7773408710941747e+18
2ca60e8e-201b-49a1-b377-8c58744591b1,1.7773408711275167e+18
2ca60e8e-201b-49a1-b377-8c58744591b1,1.7773408711608596e+18
2ca60e8e-201b-49a1-b377-8c58744591b1,1.7773408711942016e+18
2ca60e8e-201b-49a1-b377-8c58744591b1,1.7773408712275438e+18
2ca60e8e-201b-49a1-b377-8c58744591b1,1.7773408712608868e+18
2ca60e8e-201b-49a1-b377-8c58744591b1,1.7773408712942287e+18
2ca60e8e-201b-49a1-b377-8c58744591b1,1.7773408713275717e+18
2ca60e8e-201b-49a1-b377-8c58744591b1,1.7773408713609137e+18
2ca60e8e-201b-49a1-b377-8c58744591b1,1.7773408713942566e+18
2ca60e8e-201b-49a1-b377-8c58744591b1,1.7773408714275986e+18
2ca60e8e-201b-49a1-b377-8c58744591b1,1.7773408714609418e+18
2ca60e8e-201b-49a1-b377-8c58744591b1,1.7773408714942838e+18
2ca60e8e-201b-49a1-b377-8c58744591b1,1.7773408715276268e+18
2ca60e8e-201b-49a1-b377-8c58744591b1,1.7773408715609687e+18
2ca60e8e-201b-49a1-b377-8c58744591b1,1.7773408715943107e+18
2ca60e8e-201b-49a1-b377-8c58744591b1,1.7773408716276536e+18
2ca60e8e-201b-49a1-b377-8c58744591b1,1.7773408716609958e+18
2ca60e8e-201b-49a1-b377-8c58744591b1,1.7773408716943388e+18
2ca60e8e-201b-49a1-b377-8c58744591b1,1.7773408717276808e+18
2ca60e8e-201b-49a1-b377-8c58744591b1,1.7773408717610237e+18
2ca60e8e-201b-49a1-b377-8c58744591b1,1.7773408717943657e+18
2ca60e8e-201b-49a1-b377-8c58744591b1,1.7773408718277087e+18
2ca60e8e-201b-49a1-b377-8c58744591b1,1.7773408718610506e+18
2ca60e8e-201b-49a1-b377-8c58744591b1,1.7773408718943928e+18
2ca60e8e-201b-49a1-b377-8c58744591b1,1.7773408719277358e+18
2ca60e8e-201b-49a1-b377-8c58744591b1,1.7773408719610778e+18
2ca60e8e-201b-49a1-b377-8c58744591b1,1.7773408719944207e+18
2ca60e8e-201b-49a1-b377-8c58744591b1,1.7773408720277627e+18
2ca60e8e-201b-49a1-b377-8c58744591b1,1.7773408720611057e+18
2ca60e8e-201b-49a1-b377-8c58744591b1,1.7773408720944476e+18
2ca60e8e-201b-49a1-b377-8c58744591b1,1.7773408721277906e+18
2ca60e8e-201b-49a1-b377-8c58744591b1,1.7773408721611328e+18
2ca60e8e-201b-49a1-b377-8c58744591b1,1.7773408721944748e+18
2ca60e8e-201b-49a1-b377-8c58744591b1,1.7773408722278177e+18
2ca60e8e-201b-49a1-b377-8c58744591b1,1.7773408722611597e+18
2ca60e8e-201b-49a1-b377-8c58744591b1,1.7773408722945027e+18
2ca60e8e-201b-49a1-b377-8c58744591b1,1.7773408723278446e+18
2ca60e8e-201b-49a1-b377-8c58744591b1,1.7773408723611878e+18
2ca60e8e-201b-49a1-b377-8c58744591b1,1.7773408723945298e+18
2ca60e8e-201b-49a1-b377-8c58744591b1,1.7773408724278728e+18
2ca60e8e-201b-49a1-b377-8c58744591b1,1.7773408724612147e+18
2ca60e8e-201b-49a1-b377-8c58744591b1,1.7773408724945567e+18
2ca60e8e-201b-49a1-b377-8c58744591b1,1.7773408725278996e+18
2ca60e8e-201b-49a1-b377-8c58744591b1,1.7773408725612416e+18
2ca60e8e-201b-49a1-b377-8c58744591b1,1.7773408725945848e+18
2ca60e8e-201b-49a1-b377-8c58744591b1,1.7773408726279268e+18
2ca60e8e-201b-49a1-b377-8c58744591b1,1.7773408726612698e+18
2ca60e8e-201b-49a1-b377-8c58744591b1,1.7773408726946117e+18
2ca60e8e-201b-49a1-b377-8c58744591b1,1.7773408727279547e+18
2ca60e8e-201b-49a1-b377-8c58744591b1,1.7773408727612966e+18
2ca60e8e-201b-49a1-b377-8c58744591b1,1.7773408727946386e+18
2ca60e8e-201b-49a1-b377-8c58744591b1,1.7773408728279818e+18
2ca60e8e-201b-49a1-b377-8c58744591b1,1.7773408728613238e+18
2ca60e8e-201b-49a1-b377-8c58744591b1,1.7773408728946668e+18
2ca60e8e-201b-49a1-b377-8c58744591b1,1.7773408729280087e+18
2ca60e8e-201b-49a1-b377-8c58744591b1,1.7773408729613517e+18
2ca60e8e-201b-49a1-b377-8c58744591b1,1.7773408729946936e+18
2ca60e8e-201b-49a1-b377-8c58744591b1,1.7773408730280366e+18
2ca60e8e-201b-49a1-b377-8c58744591b1,1.7773408730613788e+18
2ca60e8e-201b-49a1-b377-8c58744591b1,1.7773408730947208e+18
2ca60e8e-201b-49a1-b377-8c58744591b1,1.7773408731280637e+18
2ca60e8e-201b-49a1-b377-8c58744591b1,1.7773408731680266e+18
2ca60e8e-201b-49a1-b377-8c58744591b1,1.7773408732013696e+18
2ca60e8e-201b-49a1-b377-8c58744591b1,1.7773408732347128e+18
2ca60e8e-201b-49a1-b377-8c58744591b1,1.7773408732680558e+18
2ca60e8e-201b-49a1-b377-8c58744591b1,1.7773408733013988e+18
2ca60e8e-201b-49a1-b377-8c58744591b1,1.7773408733347418e+18
2ca60e8e-201b-49a1-b377-8c58744591b1,1.7773408733680847e+18
2ca60e8e-201b-49a1-b377-8c58744591b1,1.7773408734014277e+18
2ca60e8e-201b-49a1-b377-8c58744591b1,1.7773408734347707e+18
2ca60e8e-201b-49a1-b377-8c58744591b1,1.7773408734681137e+18
2ca60e8e-201b-49a1-b377-8c58744591b1,1.7773408735014566e+18
2ca60e8e-201b-49a1-b377-8c58744591b1,1.7773408735347996e+18
2ca60e8e-201b-49a1-b377-8c58744591b1,1.7773408735681426e+18
2ca60e8e-201b-49a1-b377-8c58744591b1,1.7773408736014858e+18
2ca60e8e-201b-49a1-b377-8c58744591b1,1.7773408736348288e+18
2ca60e8e-201b-49a1-b377-8c58744591b1,1.7773408736681718e+18
2ca60e8e-201b-49a1-b377-8c58744591b1,1.7773408737015148e+18
2ca60e8e-201b-49a1-b377-8c58744591b1,1.7773408737348577e+18
2ca60e8e-201b-49a1-b377-8c58744591b1,1.7773408737682007e+18
2ca60e8e-201b-49a1-b377-8c58744591b1,1.7773408738015437e+18
2ca60e8e-201b-49a1-b377-8c58744591b1,1.7773408738348867e+18
2ca60e8e-201b-49a1-b377-8c58744591b1,1.7773408738682307e+18
2ca60e8e-201b-49a1-b377-8c58744591b1,1.7773408739015736e+18
2ca60e8e-201b-49a1-b377-8c58744591b1,1.7773408739349166e+18
2ca60e8e-201b-49a1-b377-8c58744591b1,1.7773408739682598e+18
2ca60e8e-201b-49a1-b377-8c58744591b1,1.7773408740016028e+18
2ca60e8e-201b-49a1-b377-8c58744591b1,1.7773408740349458e+18
2ca60e8e-201b-49a1-b377-8c58744591b1,1.7773408740682888e+18
2ca60e8e-201b-49a1-b377-8c58744591b1,1.7773408741016317e+18
2ca60e8e-201b-49a1-b377-8c58744591b1,1.7773408741349747e+18
2ca60e8e-201b-49a1-b377-8c58744591b1,1.7773408741683177e+18
2ca60e8e-201b-49a1-b377-8c58744591b1,1.7773408742016607e+18
2ca60e8e-201b-49a1-b377-8c58744591b1,1.7773408742350036e+18
2ca60e8e-201b-49a1-b377-8c58744591b1,1.7773408742683466e+18
2ca60e8e-201b-49a1-b377-8c58744591b1,1.7773408743016896e+18
2ca60e8e-201b-49a1-b377-8c58744591b1,1.7773408743350328e+18
2ca60e8e-201b-49a1-b377-8c58744591b1,1.7773408743683758e+18
2ca60e8e-201b-49a1-b377-8c58744591b1,1.7773408744017188e+18
2ca60e8e-201b-49a1-b377-8c58744591b1,1.7773408744350618e+18
2ca60e8e-201b-49a1-b377-8c58744591b1,1.7773408744684047e+18
2ca60e8e-201b-49a1-b377-8c58744591b1,1.7773408745017477e+18
2ca60e8e-201b-49a1-b377-8c58744591b1,1.7773408745350907e+18
2ca60e8e-201b-49a1-b377-8c58744591b1,1.7773408745684337e+18
2ca60e8e-201b-49a1-b377-8c58744591b1,1.7773408746017766e+18
2ca60e8e-201b-49a1-b377-8c58744591b1,1.7773408746351196e+18
2ca60e8e-201b-49a1-b377-8c58744591b1,1.7773408746684626e+18
2ca60e8e-201b-49a1-b377-8c58744591b1,1.7773408747018066e+18
2ca60e8e-201b-49a1-b377-8c58744591b1,1.7773408747351498e+18
2ca60e8e-201b-49a1-b377-8c58744591b1,1.7773408747684928e+18
2ca60e8e-201b-49a1-b377-8c58744591b1,1.7773408748018358e+18
2ca60e8e-201b-49a1-b377-8c58744591b1,1.7773408748351788e+18
2ca60e8e-201b-49a1-b377-8c58744591b1,1.7773408748685217e+18
2ca60e8e-201b-49a1-b377-8c58744591b1,1.7773408749018647e+18
2ca60e8e-201b-49a1-b377-8c58744591b1,1.7773408749352077e+18
2ca60e8e-201b-49a1-b377-8c58744591b1,1.7773408749685507e+18
2ca60e8e-201b-49a1-b377-8c58744591b1,1.7773408750018936e+18
2ca60e8e-201b-49a1-b377-8c58744591b1,1.7773408750352366e+18
2ca60e8e-201b-49a1-b377-8c58744591b1,1.7773408750685798e+18
2ca60e8e-201b-49a1-b377-8c58744591b1,1.7773408751019228e+18
2ca60e8e-201b-49a1-b377-8c58744591b1,1.7773408751352658e+18
2ca60e8e-201b-49a1-b377-8c58744591b1,1.7773408751686088e+18
2ca60e8e-201b-49a1-b377-8c58744591b1,1.7773408752019517e+18
2ca60e8e-201b-49a1-b377-8c58744591b1,1.7773408752352947e+18
2ca60e8e-201b-49a1-b377-8c58744591b1,1.7773408752686377e+18
2ca60e8e-201b-49a1-b377-8c58744591b1,1.7773408753019807e+18
2ca60e8e-201b-49a1-b377-8c58744591b1,1.7773408753353236e+18
2ca60e8e-201b-49a1-b377-8c58744591b1,1.7773408753686666e+18
2ca60e8e-201b-49a1-b377-8c58744591b1,1.7773408754020096e+18
2ca60e8e-201b-49a1-b377-8c58744591b1,1.7773408754353528e+18
2ca60e8e-201b-49a1-b377-8c58744591b1,1.7773408754686958e+18
2ca60e8e-201b-49a1-b377-8c58744591b1,1.7773408755020388e+18
2ca60e8e-201b-49a1-b377-8c58744591b1,1.7773408755353828e+18
2ca60e8e-201b-49a1-b377-8c58744591b1,1.7773408755687258e+18
2ca60e8e-201b-49a1-b377-8c58744591b1,1.7773408756020687e+18
2ca60e8e-201b-49a1-b377-8c58744591b1,1.7773408756354117e+18
2ca60e8e-201b-49a1-b377-8c58744591b1,1.7773408756687547e+18
2ca60e8e-201b-49a1-b377-8c58744591b1,1.7773408757020977e+18
2ca60e8e-201b-49a1-b377-8c58744591b1,1.7773408757354406e+18
2ca60e8e-201b-49a1-b377-8c58744591b1,1.7773408757687836e+18
2ca60e8e-201b-49a1-b377-8c58744591b1,1.7773408758021266e+18
2ca60e8e-201b-49a1-b377-8c58744591b1,1.7773408758354698e+18
2ca60e8e-201b-49a1-b377-8c58744591b1,1.7773408758688128e+18
2ca60e8e-201b-49a1-b377-8c58744591b1,1.7773408759021558e+18
2ca60e8e-201b-49a1-b377-8c58744591b1,1.7773408759354988e+18
2ca60e8e-201b-49a1-b377-8c58744591b1,1.7773408759688417e+18
2ca60e8e-201b-49a1-b377-8c58744591b1,1.7773408760021847e+18
2ca60e8e-201b-49a1-b377-8c58744591b1,1.7773408760355277e+18
2ca60e8e-201b-49a1-b377-8c58744591b1,1.7773408760688707e+18
2ca60e8e-201b-49a1-b377-8c58744591b1,1.7773408761022136e+18
2ca60e8e-201b-49a1-b377-8c58744591b1,1.7773408761355566e+18
2ca60e8e-201b-49a1-b377-8c58744591b1,1.7773408761688998e+18
2ca60e8e-201b-49a1-b377-8c58744591b1,1.7773408762022428e+18
2ca60e8e-201b-49a1-b377-8c58744591b1,1.7773408762355858e+18
2ca60e8e-201b-49a1-b377-8c58744591b1,1.7773408762689288e+18
2ca60e8e-201b-49a1-b377-8c58744591b1,1.7773408763022717e+18
2ca60e8e-201b-49a1-b377-8c58744591b1,1.7773408763356157e+18
2ca60e8e-201b-49a1-b377-8c58744591b1,1.7773408763689587e+18
2ca60e8e-201b-49a1-b377-8c58744591b1,1.7773408764023017e+18
2ca60e8e-201b-49a1-b377-8c58744591b1,1.7773408764356447e+18
2ca60e8e-201b-49a1-b377-8c58744591b1,1.7773408764689876e+18
2ca60e8e-201b-49a1-b377-8c58744591b1,1.7773408765023306e+18
2ca60e8e-201b-49a1-b377-8c58744591b1,1.7773408765356736e+18
2ca60e8e-201b-49a1-b377-8c58744591b1,1.7773408765690168e+18
2ca60e8e-201b-49a1-b377-8c58744591b1,1.7773408766023598e+18
2ca60e8e-201b-49a1-b377-8c58744591b1,1.7773408766357028e+18
2ca60e8e-201b-49a1-b377-8c58744591b1,1.7773408766690458e+18
2ca60e8e-201b-49a1-b377-8c58744591b1,1.7773408767023887e+18
2ca60e8e-201b-49a1-b377-8c58744591b1,1.7773408767357317e+18
2ca60e8e-201b-49a1-b377-8c58744591b1,1.7773408767690747e+18
2ca60e8e-201b-49a1-b377-8c58744591b1,1.7773408768024177e+18
2ca60e8e-201b-49a1-b377-8c58744591b1,1.7773408768357606e+18
2ca60e8e-201b-49a1-b377-8c58744591b1,1.7773408768691036e+18
2ca60e8e-201b-49a1-b377-8c58744591b1,1.7773408769024466e+18
2ca60e8e-201b-49a1-b377-8c58744591b1,1.7773408769357898e+18
2ca60e8e-201b-49a1-b377-8c58744591b1,1.7773408769691328e+18
2ca60e8e-201b-49a1-b377-8c58744591b1,1.7773408770024758e+18
2ca60e8e-201b-49a1-b377-8c58744591b1,1.7773408770358188e+18
2ca60e8e-201b-49a1-b377-8c58744591b1,1.7773408770691617e+18
2ca60e8e-201b-49a1-b377-8c58744591b1,1.7773408771025047e+18
2ca60e8e-201b-49a1-b377-8c58744591b1,1.7773408771358477e+18
2ca60e8e-201b-49a1-b377-8c58744591b1,1.7773408771691907e+18
2ca60e8e-201b-49a1-b377-8c58744591b1,1.7773408772025347e+18
2ca60e8e-201b-49a1-b377-8c58744591b1,1.7773408772358776e+18
2ca60e8e-201b-49a1-b377-8c58744591b1,1.7773408772692206e+18
2ca60e8e-201b-49a1-b377-8c58744591b1,1.7773408773025638e+18
2ca60e8e-201b-49a1-b377-8c58744591b1,1.7773408773359068e+18
2ca60e8e-201b-49a1-b377-8c58744591b1,1.7773408773692498e+18
2ca60e8e-201b-49a1-b377-8c58744591b1,1.7773408774025928e+18
2ca60e8e-201b-49a1-b377-8c58744591b1,1.7773408774359357e+18
2ca60e8e-201b-49a1-b377-8c58744591b1,1.7773408774692787e+18
2ca60e8e-201b-49a1-b377-8c58744591b1,1.7773408775026217e+18
2ca60e8e-201b-49a1-b377-8c58744591b1,1.7773408775359647e+18
2ca60e8e-201b-49a1-b377-8c58744591b1,1.7773408775693076e+18
2ca60e8e-201b-49a1-b377-8c58744591b1,1.7773408776026506e+18
2ca60e8e-201b-49a1-b377-8c58744591b1,1.7773408776359936e+18
2ca60e8e-201b-49a1-b377-8c58744591b1,1.7773408776693368e+18
2ca60e8e-201b-49a1-b377-8c58744591b1,1.7773408777026798e+18
2ca60e8e-201b-49a1-b377-8c58744591b1,1.7773408777360228e+18
2ca60e8e-201b-49a1-b377-8c58744591b1,1.7773408777693658e+18
2ca60e8e-201b-49a1-b377-8c58744591b1,1.7773408778027087e+18
2ca60e8e-201b-49a1-b377-8c58744591b1,1.7773408778360517e+18
2ca60e8e-201b-49a1-b377-8c58744591b1,1.7773408778693947e+18
2ca60e8e-201b-49a1-b377-8c58744591b1,1.7773408779027377e+18
2ca60e8e-201b-49a1-b377-8c58744591b1,1.7773408779360806e+18
2ca60e8e-201b-49a1-b377-8c58744591b1,1.7773408779694236e+18
2ca60e8e-201b-49a1-b377-8c58744591b1,1.7773408780027666e+18
2ca60e8e-201b-49a1-b377-8c58744591b1,1.7773408780361098e+18
2ca60e8e-201b-49a1-b377-8c58744591b1,1.7773408780694538e+18
2ca60e8e-201b-49a1-b377-8c58744591b1,1.7773408781027968e+18
2ca60e8e-201b-49a1-b377-8c58744591b1,1.7773408781361398e+18
2ca60e8e-201b-49a1-b377-8c58744591b1,1.7773408781694828e+18
2ca60e8e-201b-49a1-b377-8c58744591b1,1.7773408782028257e+18
2ca60e8e-201b-49a1-b377-8c58744591b1,1.7773408782361687e+18
2ca60e8e-201b-49a1-b377-8c58744591b1,1.7773408782695117e+18
2ca60e8e-201b-49a1-b377-8c58744591b1,1.7773408783028547e+18
2ca60e8e-201b-49a1-b377-8c58744591b1,1.7773408783361976e+18
2ca60e8e-201b-49a1-b377-8c58744591b1,1.7773408783695406e+18
2ca60e8e-201b-49a1-b377-8c58744591b1,1.7773408784028838e+18
2ca60e8e-201b-49a1-b377-8c58744591b1,1.7773408784362268e+18
2ca60e8e-201b-49a1-b377-8c58744591b1,1.7773408784695698e+18
2ca60e8e-201b-49a1-b377-8c58744591b1,1.7773408785029128e+18
2ca60e8e-201b-49a1-b377-8c58744591b1,1.7773408785362557e+18
2ca60e8e-201b-49a1-b377-8c58744591b1,1.7773408785695987e+18
2ca60e8e-201b-49a1-b377-8c58744591b1,1.7773408786029417e+18
2ca60e8e-201b-49a1-b377-8c58744591b1,1.7773408786362847e+18
2ca60e8e-201b-49a1-b377-8c58744591b1,1.7773408786696276e+18
2ca60e8e-201b-49a1-b377-8c58744591b1,1.7773408787029706e+18
2ca60e8e-201b-49a1-b377-8c58744591b1,1.7773408787363136e+18
2ca60e8e-201b-49a1-b377-8c58744591b1,1.7773408787696568e+18
2ca60e8e-201b-49a1-b377-8c58744591b1,1.7773408788029998e+18
2ca60e8e-201b-49a1-b377-8c58744591b1,1.7773408788363428e+18
2ca60e8e-201b-49a1-b377-8c58744591b1,1.7773408788696868e+18
2ca60e8e-201b-49a1-b377-8c58744591b1,1.7773408789030298e+18
2ca60e8e-201b-49a1-b377-8c58744591b1,1.7773408789363727e+18
2ca60e8e-201b-49a1-b377-8c58744591b1,1.7773408789697157e+18
2ca60e8e-201b-49a1-b377-8c58744591b1,1.7773408790030587e+18
2ca60e8e-201b-49a1-b377-8c58744591b1,1.7773408790364017e+18
2ca60e8e-201b-49a1-b377-8c58744591b1,1.7773408790697446e+18
2ca60e8e-201b-49a1-b377-8c58744591b1,1.7773408791030876e+18
2ca60e8e-201b-49a1-b377-8c58744591b1,1.7773408791364306e+18
2ca60e8e-201b-49a1-b377-8c58744591b1,1.7773408791697738e+18
2ca60e8e-201b-49a1-b377-8c58744591b1,1.7773408792031168e+18
2ca60e8e-201b-49a1-b377-8c58744591b1,1.7773408792364598e+18
2ca60e8e-201b-49a1-b377-8c58744591b1,1.7773408792698028e+18
2ca60e8e-201b-49a1-b377-8c58744591b1,1.7773408793031457e+18
2ca60e8e-201b-49a1-b377-8c58744591b1,1.7773408793364887e+18
2ca60e8e-201b-49a1-b377-8c58744591b1,1.7773408793698317e+18
2ca60e8e-201b-49a1-b377-8c58744591b1,1.7773408794031747e+18
2ca60e8e-201b-49a1-b377-8c58744591b1,1.7773408794365176e+18
2ca60e8e-201b-49a1-b377-8c58744591b1,1.7773408794698606e+18
2ca60e8e-201b-49a1-b377-8c58744591b1,1.7773408795032038e+18
2ca60e8e-201b-49a1-b377-8c58744591b1,1.7773408795365468e+18
2ca60e8e-201b-49a1-b377-8c58744591b1,1.7773408795698898e+18
2ca60e8e-201b-49a1-b377-8c58744591b1,1.7773408796032328e+18
2ca60e8e-201b-49a1-b377-8c58744591b1,1.7773408796365757e+18
2ca60e8e-201b-49a1-b377-8c58744591b1,1.7773408796699187e+18
2ca60e8e-201b-49a1-b377-8c58744591b1,1.7773408797032627e+18
2ca60e8e-201b-49a1-b377-8c58744591b1,1.7773408797366057e+18
2ca60e8e-201b-49a1-b377-8c58744591b1,1.7773408797699487e+18
2ca60e8e-201b-49a1-b377-8c58744591b1,1.7773408798032916e+18
2ca60e8e-201b-49a1-b377-8c58744591b1,1.7773408798366346e+18
2ca60e8e-201b-49a1-b377-8c58744591b1,1.7773408798699776e+18
2ca60e8e-201b-49a1-b377-8c58744591b1,1.7773408799033208e+18
2ca60e8e-201b-49a1-b377-8c58744591b1,1.7773408799366638e+18
2ca60e8e-201b-49a1-b377-8c58744591b1,1.7773408799700068e+18
2ca60e8e-201b-49a1-b377-8c58744591b1,1.7773408800033498e+18
2ca60e8e-201b-49a1-b377-8c58744591b1,1.7773408800366927e+18
2ca60e8e-201b-49a1-b377-8c58744591b1,1.7773408800700357e+18
2ca60e8e-201b-49a1-b377-8c58744591b1,1.7773408801033787e+18
2ca60e8e-201b-49a1-b377-8c58744591b1,1.7773408801367217e+18
2ca60e8e-201b-49a1-b377-8c58744591b1,1.7773408801700646e+18
2ca60e8e-201b-49a1-b377-8c58744591b1,1.7773408802034076e+18
2ca60e8e-201b-49a1-b377-8c58744591b1,1.7773408802367506e+18
2ca60e8e-201b-49a1-b377-8c58744591b1,1.7773408802700938e+18
2ca60e8e-201b-49a1-b377-8c58744591b1,1.7773408803034368e+18
2ca60e8e-201b-49a1-b377-8c58744591b1,1.7773408803367798e+18
2ca60e8e-201b-49a1-b377-8c58744591b1,1.7773408803701228e+18
2ca60e8e-201b-49a1-b377-8c58744591b1,1.7773408804034657e+18
2ca60e8e-201b-49a1-b377-8c58744591b1,1.7773408804368087e+18
2ca60e8e-201b-49a1-b377-8c58744591b1,1.7773408804701517e+18
2ca60e8e-201b-49a1-b377-8c58744591b1,1.7773408805034947e+18
2ca60e8e-201b-49a1-b377-8c58744591b1,1.7773408805368376e+18
2ca60e8e-201b-49a1-b377-8c58744591b1,1.7773408805701816e+18
2ca60e8e-201b-49a1-b377-8c58744591b1,1.7773408806035246e+18
2ca60e8e-201b-49a1-b377-8c58744591b1,1.7773408806368678e+18
2ca60e8e-201b-49a1-b377-8c58744591b1,1.7773408806702108e+18
2ca60e8e-201b-49a1-b377-8c58744591b1,1.7773408807035538e+18
2ca60e8e-201b-49a1-b377-8c58744591b1,1.7773408807368968e+18
2ca60e8e-201b-49a1-b377-8c58744591b1,1.7773408807702397e+18
2ca60e8e-201b-49a1-b377-8c58744591b1,1.7773408808035827e+18
2ca60e8e-201b-49a1-b377-8c58744591b1,1.7773408808369257e+18
2ca60e8e-201b-49a1-b377-8c58744591b1,1.7773408808702687e+18
2ca60e8e-201b-49a1-b377-8c58744591b1,1.7773408809036116e+18
2ca60e8e-201b-49a1-b377-8c58744591b1,1.7773408809369546e+18
2ca60e8e-201b-49a1-b377-8c58744591b1,1.7773408809702976e+18
2ca60e8e-201b-49a1-b377-8c58744591b1,1.7773408810036408e+18
2ca60e8e-201b-49a1-b377-8c58744591b1,1.7773408810369838e+18
2ca60e8e-201b-49a1-b377-8c58744591b1,1.7773408810703268e+18
2ca60e8e-201b-49a1-b377-8c58744591b1,1.7773408811036698e+18
2ca60e8e-201b-49a1-b377-8c58744591b1,1.7773408811370127e+18
2ca60e8e-201b-49a1-b377-8c58744591b1,1.7773408811703557e+18
2ca60e8e-201b-49a1-b377-8c58744591b1,1.7773408812036987e+18
2ca60e8e-201b-49a1-b377-8c58744591b1,1.7773408812370417e+18
2ca60e8e-201b-49a1-b377-8c58744591b1,1.7773408812703846e+18
2ca60e8e-201b-49a1-b377-8c58744591b1,1.7773408813037276e+18
2ca60e8e-201b-49a1-b377-8c58744591b1,1.7773408813370706e+18
2ca60e8e-201b-49a1-b377-8c58744591b1,1.7773408813704138e+18
2ca60e8e-201b-49a1-b377-8c58744591b1,1.7773408814037568e+18
2ca60e8e-201b-49a1-b377-8c58744591b1,1.7773408814371008e+18
2ca60e8e-201b-49a1-b377-8c58744591b1,1.7773408814704438e+18
2ca60e8e-201b-49a1-b377-8c58744591b1,1.7773408815037868e+18
2ca60e8e-201b-49a1-b377-8c58744591b1,1.7773408815371297e+18
2ca60e8e-201b-49a1-b377-8c58744591b1,1.7773408815704727e+18
2ca60e8e-201b-49a1-b377-8c58744591b1,1.7773408816038157e+18
2ca60e8e-201b-49a1-b377-8c58744591b1,1.7773408816371587e+18
2ca60e8e-201b-49a1-b377-8c58744591b1,1.7773408816705016e+18
2ca60e8e-201b-49a1-b377-8c58744591b1,1.7773408817038446e+18
2ca60e8e-201b-49a1-b377-8c58744591b1,1.7773408817371878e+18
2ca60e8e-201b-49a1-b377-8c58744591b1,1.7773408817705308e+18
2ca60e8e-201b-49a1-b377-8c58744591b1,1.7773408818038738e+18
2ca60e8e-201b-49a1-b377-8c58744591b1,1.7773408818372168e+18
2ca60e8e-201b-49a1-b377-8c58744591b1,1.7773408818705597e+18
2ca60e8e-201b-49a1-b377-8c58744591b1,1.7773408819039027e+18
2ca60e8e-201b-49a1-b377-8c58744591b1,1.7773408819372457e+18
2ca60e8e-201b-49a1-b377-8c58744591b1,1.7773408819705887e+18
2ca60e8e-201b-49a1-b377-8c58744591b1,1.7773408820039316e+18
2ca60e8e-201b-49a1-b377-8c58744591b1,1.7773408820372746e+18
2ca60e8e-201b-49a1-b377-8c58744591b1,1.7773408820706176e+18
2ca60e8e-201b-49a1-b377-8c58744591b1,1.7773408821039608e+18
2ca60e8e-201b-49a1-b377-8c58744591b1,1.7773408821373038e+18
2ca60e8e-201b-49a1-b377-8c58744591b1,1.7773408821706468e+18
2ca60e8e-201b-49a1-b377-8c58744591b1,1.7773408822039908e+18
2ca60e8e-201b-49a1-b377-8c58744591b1,1.7773408822373338e+18
2ca60e8e-201b-49a1-b377-8c58744591b1,1.7773408822706767e+18
2ca60e8e-201b-49a1-b377-8c58744591b1,1.7773408823040197e+18
2ca60e8e-201b-49a1-b377-8c58744591b1,1.7773408823373627e+18
2ca60e8e-201b-49a1-b377-8c58744591b1,1.7773408823707057e+18
2ca60e8e-201b-49a1-b377-8c58744591b1,1.7773408824040486e+18
2ca60e8e-201b-49a1-b377-8c58744591b1,1.7773408824373916e+18
2ca60e8e-201b-49a1-b377-8c58744591b1,1.7773408824707346e+18
2ca60e8e-201b-49a1-b377-8c58744591b1,1.7773408825040778e+18
2ca60e8e-201b-49a1-b377-8c58744591b1,1.7773408825374208e+18
2ca60e8e-201b-49a1-b377-8c58744591b1,1.7773408825707638e+18
2ca60e8e-201b-49a1-b377-8c58744591b1,1.7773408826041068e+18
2ca60e8e-201b-49a1-b377-8c58744591b1,1.7773408826374497e+18
2ca60e8e-201b-49a1-b377-8c58744591b1,1.7773408826707927e+18
2ca60e8e-201b-49a1-b377-8c58744591b1,1.7773408827041357e+18
2ca60e8e-201b-49a1-b377-8c58744591b1,1.7773408827374787e+18
2ca60e8e-201b-49a1-b377-8c58744591b1,1.7773408827708216e+18
2ca60e8e-201b-49a1-b377-8c58744591b1,1.7773408828041646e+18
2ca60e8e-201b-49a1-b377-8c58744591b1,1.7773408828375078e+18
2ca60e8e-201b-49a1-b377-8c58744591b1,1.7773408828708508e+18
2ca60e8e-201b-49a1-b377-8c58744591b1,1.7773408829041938e+18
2ca60e8e-201b-49a1-b377-8c58744591b1,1.7773408829375368e+18
2ca60e8e-201b-49a1-b377-8c58744591b1,1.7773408829708797e+18
2ca60e8e-201b-49a1-b377-8c58744591b1,1.7773408830042227e+18
2ca60e8e-201b-49a1-b377-8c58744591b1,1.7773408830375667e+18
2ca60e8e-201b-49a1-b377-8c58744591b1,1.7773408830709097e+18
2ca60e8e-201b-49a1-b377-8c58744591b1,1.7773408831042527e+18
2ca60e8e-201b-49a1-b377-8c58744591b1,1.7773408831375956e+18
2ca60e8e-201b-49a1-b377-8c58744591b1,1.7773408831709386e+18
2ca60e8e-201b-49a1-b377-8c58744591b1,1.7773408832042816e+18
2ca60e8e-201b-49a1-b377-8c58744591b1,1.7773408832376248e+18
2ca60e8e-201b-49a1-b377-8c58744591b1,1.7773408832709678e+18
2ca60e8e-201b-49a1-b377-8c58744591b1,1.7773408833043108e+18
2ca60e8e-201b-49a1-b377-8c58744591b1,1.7773408833376538e+18
2ca60e8e-201b-49a1-b377-8c58744591b1,1.7773408833709967e+18
2ca60e8e-201b-49a1-b377-8c58744591b1,1.7773408834043397e+18
2ca60e8e-201b-49a1-b377-8c58744591b1,1.7773408834376827e+18
2ca60e8e-201b-49a1-b377-8c58744591b1,1.7773408834710257e+18
2ca60e8e-201b-49a1-b377-8c58744591b1,1.7773408835043686e+18
2ca60e8e-201b-49a1-b377-8c58744591b1,1.7773408835377116e+18
2ca60e8e-201b-49a1-b377-8c58744591b1,1.7773408835710546e+18
2ca60e8e-201b-49a1-b377-8c58744591b1,1.7773408836043978e+18
2ca60e8e-201b-49a1-b377-8c58744591b1,1.7773408836377408e+18
2ca60e8e-201b-49a1-b377-8c58744591b1,1.7773408836710838e+18
2ca60e8e-201b-49a1-b377-8c58744591b1,1.7773408837044268e+18
2ca60e8e-201b-49a1-b377-8c58744591b1,1.7773408837377697e+18
2ca60e8e-201b-49a1-b377-8c58744591b1,1.7773408837711127e+18
2ca60e8e-201b-49a1-b377-8c58744591b1,1.7773408838044557e+18
2ca60e8e-201b-49a1-b377-8c58744591b1,1.7773408838377987e+18
2ca60e8e-201b-49a1-b377-8c58744591b1,1.7773408838711416e+18
2ca60e8e-201b-49a1-b377-8c58744591b1,1.7773408839044856e+18
2ca60e8e-201b-49a1-b377-8c58744591b1,1.7773408839378286e+18
2ca60e8e-201b-49a1-b377-8c58744591b1,1.7773408839711718e+18
2ca60e8e-201b-49a1-b377-8c58744591b1,1.7773408840045148e+18
2ca60e8e-201b-49a1-b377-8c58744591b1,1.7773408840378578e+18
2ca60e8e-201b-49a1-b377-8c58744591b1,1.7773408840712008e+18
2ca60e8e-201b-49a1-b377-8c58744591b1,1.7773408841045437e+18
2ca60e8e-201b-49a1-b377-8c58744591b1,1.7773408841378867e+18
2ca60e8e-201b-49a1-b377-8c58744591b1,1.7773408841712297e+18
2ca60e8e-201b-49a1-b377-8c58744591b1,1.7773408842045727e+18
2ca60e8e-201b-49a1-b377-8c58744591b1,1.7773408842379156e+18
2ca60e8e-201b-49a1-b377-8c58744591b1,1.7773408842712586e+18
2ca60e8e-201b-49a1-b377-8c58744591b1,1.7773408843046016e+18
2ca60e8e-201b-49a1-b377-8c58744591b1,1.7773408843379448e+18
2ca60e8e-201b-49a1-b377-8c58744591b1,1.7773408843712878e+18
2ca60e8e-201b-49a1-b377-8c58744591b1,1.7773408844046308e+18
2ca60e8e-201b-49a1-b377-8c58744591b1,1.7773408844379738e+18
2ca60e8e-201b-49a1-b377-8c58744591b1,1.7773408844713167e+18
2ca60e8e-201b-49a1-b377-8c58744591b1,1.7773408845046597e+18
2ca60e8e-201b-49a1-b377-8c58744591b1,1.7773408845380027e+18
2ca60e8e-201b-49a1-b377-8c58744591b1,1.7773408845713457e+18
2ca60e8e-201b-49a1-b377-8c58744591b1,1.7773408846046886e+18
2ca60e8e-201b-49a1-b377-8c58744591b1,1.7773408846380316e+18
2ca60e8e-201b-49a1-b377-8c58744591b1,1.7773408846713746e+18
2ca60e8e-201b-49a1-b377-8c58744591b1,1.7773408847047178e+18
2ca60e8e-201b-49a1-b377-8c58744591b1,1.7773408847380608e+18
2ca60e8e-201b-49a1-b377-8c58744591b1,1.7773408847714048e+18
2ca60e8e-201b-49a1-b377-8c58744591b1,1.7773408848047478e+18
2ca60e8e-201b-49a1-b377-8c58744591b1,1.7773408848380908e+18
2ca60e8e-201b-49a1-b377-8c58744591b1,1.7773408848714337e+18
2ca60e8e-201b-49a1-b377-8c58744591b1,1.7773408849047767e+18
2ca60e8e-201b-49a1-b377-8c58744591b1,1.7773408849381197e+18
2ca60e8e-201b-49a1-b377-8c58744591b1,1.7773408849714627e+18
2ca60e8e-201b-49a1-b377-8c58744591b1,1.7773408850048056e+18
2ca60e8e-201b-49a1-b377-8c58744591b1,1.7773408850381486e+18
2ca60e8e-201b-49a1-b377-8c58744591b1,1.7773408850714918e+18
2ca60e8e-201b-49a1-b377-8c58744591b1,1.7773408851048348e+18
2ca60e8e-201b-49a1-b377-8c58744591b1,1.7773408851381778e+18
2ca60e8e-201b-49a1-b377-8c58744591b1,1.7773408851715208e+18
2ca60e8e-201b-49a1-b377-8c58744591b1,1.7773408852048637e+18
2ca60e8e-201b-49a1-b377-8c58744591b1,1.7773408852382067e+18
2ca60e8e-201b-49a1-b377-8c58744591b1,1.7773408852715497e+18
2ca60e8e-201b-49a1-b377-8c58744591b1,1.7773408853048927e+18
2ca60e8e-201b-49a1-b377-8c58744591b1,1.7773408853382356e+18
2ca60e8e-201b-49a1-b377-8c58744591b1,1.7773408853715786e+18
2ca60e8e-201b-49a1-b377-8c58744591b1,1.7773408854049216e+18
2ca60e8e-201b-49a1-b377-8c58744591b1,1.7773408854382648e+18
2ca60e8e-201b-49a1-b377-8c58744591b1,1.7773408854716078e+18
2ca60e8e-201b-49a1-b377-8c58744591b1,1.7773408855049508e+18
2ca60e8e-201b-49a1-b377-8c58744591b1,1.7773408855382948e+18
2ca60e8e-201b-49a1-b377-8c58744591b1,1.7773408855716378e+18
2ca60e8e-201b-49a1-b377-8c58744591b1,1.7773408856049807e+18
2ca60e8e-201b-49a1-b377-8c58744591b1,1.7773408856383237e+18
2ca60e8e-201b-49a1-b377-8c58744591b1,1.7773408856716667e+18
2ca60e8e-201b-49a1-b377-8c58744591b1,1.7773408857050097e+18
2ca60e8e-201b-49a1-b377-8c58744591b1,1.7773408857383526e+18
2ca60e8e-201b-49a1-b377-8c58744591b1,1.7773408857716956e+18
2ca60e8e-201b-49a1-b377-8c58744591b1,1.7773408858050386e+18
2ca60e8e-201b-49a1-b377-8c58744591b1,1.7773408858383818e+18
2ca60e8e-201b-49a1-b377-8c58744591b1,1.7773408858717248e+18
2ca60e8e-201b-49a1-b377-8c58744591b1,1.7773408859050678e+18
2ca60e8e-201b-49a1-b377-8c58744591b1,1.7773408859384108e+18
2ca60e8e-201b-49a1-b377-8c58744591b1,1.7773408859717537e+18
2ca60e8e-201b-49a1-b377-8c58744591b1,1.7773408860050967e+18
2ca60e8e-201b-49a1-b377-8c58744591b1,1.7773408860384397e+18
2ca60e8e-201b-49a1-b377-8c58744591b1,1.7773408860717827e+18
2ca60e8e-201b-49a1-b377-8c58744591b1,1.7773408861051256e+18
2ca60e8e-201b-49a1-b377-8c58744591b1,1.7773408861384686e+18
2ca60e8e-201b-49a1-b377-8c58744591b1,1.7773408861718118e+18
2ca60e8e-201b-49a1-b377-8c58744591b1,1.7773408862051548e+18
2ca60e8e-201b-49a1-b377-8c58744591b1,1.7773408862384978e+18
2ca60e8e-201b-49a1-b377-8c58744591b1,1.7773408862718408e+18
2ca60e8e-201b-49a1-b377-8c58744591b1,1.7773408863051837e+18
2ca60e8e-201b-49a1-b377-8c58744591b1,1.7773408863385267e+18
2ca60e8e-201b-49a1-b377-8c58744591b1,1.7773408863718697e+18
2ca60e8e-201b-49a1-b377-8c58744591b1,1.7773408864052137e+18
2ca60e8e-201b-49a1-b377-8c58744591b1,1.7773408864385567e+18
2ca60e8e-201b-49a1-b377-8c58744591b1,1.7773408864718996e+18
2ca60e8e-201b-49a1-b377-8c58744591b1,1.7773408865052426e+18
2ca60e8e-201b-49a1-b377-8c58744591b1,1.7773408865385856e+18
2ca60e8e-201b-49a1-b377-8c58744591b1,1.7773408865719288e+18
2ca60e8e-201b-49a1-b377-8c58744591b1,1.7773408866052718e+18
2ca60e8e-201b-49a1-b377-8c58744591b1,1.7773408866386148e+18
2ca60e8e-201b-49a1-b377-8c58744591b1,1.7773408866719578e+18
2ca60e8e-201b-49a1-b377-8c58744591b1,1.7773408867053007e+18
2ca60e8e-201b-49a1-b377-8c58744591b1,1.7773408867386437e+18
2ca60e8e-201b-49a1-b377-8c58744591b1,1.7773408867719867e+18
2ca60e8e-201b-49a1-b377-8c58744591b1,1.7773408868053297e+18
2ca60e8e-201b-49a1-b377-8c58744591b1,1.7773408868386726e+18
2ca60e8e-201b-49a1-b377-8c58744591b1,1.7773408868720156e+18
2ca60e8e-201b-49a1-b377-8c58744591b1,1.7773408869053586e+18
2ca60e8e-201b-49a1-b377-8c58744591b1,1.7773408869387018e+18
2ca60e8e-201b-49a1-b377-8c58744591b1,1.7773408869720448e+18
2ca60e8e-201b-49a1-b377-8c58744591b1,1.7773408870053878e+18
2ca60e8e-201b-49a1-b377-8c58744591b1,1.7773408870387308e+18
2ca60e8e-201b-49a1-b377-8c58744591b1,1.7773408870720737e+18
2ca60e8e-201b-49a1-b377-8c58744591b1,1.7773408871054167e+18
2ca60e8e-201b-49a1-b377-8c58744591b1,1.7773408871387597e+18
2ca60e8e-201b-49a1-b377-8c58744591b1,1.7773408871721027e+18
2ca60e8e-201b-49a1-b377-8c58744591b1,1.7773408872054456e+18
2ca60e8e-201b-49a1-b377-8c58744591b1,1.7773408872387886e+18
2ca60e8e-201b-49a1-b377-8c58744591b1,1.7773408872721326e+18
2ca60e8e-201b-49a1-b377-8c58744591b1,1.7773408873054758e+18
2ca60e8e-201b-49a1-b377-8c58744591b1,1.7773408873388188e+18
2ca60e8e-201b-49a1-b377-8c58744591b1,1.7773408873721618e+18
2ca60e8e-201b-49a1-b377-8c58744591b1,1.7773408874055048e+18
2ca60e8e-201b-49a1-b377-8c58744591b1,1.7773408874388477e+18
2ca60e8e-201b-49a1-b377-8c58744591b1,1.7773408874721907e+18
2ca60e8e-201b-49a1-b377-8c58744591b1,1.7773408875055337e+18
2ca60e8e-201b-49a1-b377-8c58744591b1,1.7773408875388767e+18
2ca60e8e-201b-49a1-b377-8c58744591b1,1.7773408875722196e+18
2ca60e8e-201b-49a1-b377-8c58744591b1,1.7773408876055626e+18
2ca60e8e-201b-49a1-b377-8c58744591b1,1.7773408876389056e+18
2ca60e8e-201b-49a1-b377-8c58744591b1,1.7773408876722488e+18
2ca60e8e-201b-49a1-b377-8c58744591b1,1.7773408877055918e+18
2ca60e8e-201b-49a1-b377-8c58744591b1,1.7773408877389348e+18
2ca60e8e-201b-49a1-b377-8c58744591b1,1.7773408877722778e+18
2ca60e8e-201b-49a1-b377-8c58744591b1,1.7773408878056207e+18
2ca60e8e-201b-49a1-b377-8c58744591b1,1.7773408878389637e+18
2ca60e8e-201b-49a1-b377-8c58744591b1,1.7773408878723067e+18
2ca60e8e-201b-49a1-b377-8c58744591b1,1.7773408879056497e+18
2ca60e8e-201b-49a1-b377-8c58744591b1,1.7773408879389926e+18
2ca60e8e-201b-49a1-b377-8c58744591b1,1.7773408879723356e+18
2ca60e8e-201b-49a1-b377-8c58744591b1,1.7773408880056786e+18
2ca60e8e-201b-49a1-b377-8c58744591b1,1.7773408880390218e+18
2ca60e8e-201b-49a1-b377-8c58744591b1,1.7773408880723648e+18
2ca60e8e-201b-49a1-b377-8c58744591b1,1.7773408881057088e+18
2ca60e8e-201b-49a1-b377-8c58744591b1,1.7773408881390518e+18
2ca60e8e-201b-49a1-b377-8c58744591b1,1.7773408881723948e+18
2ca60e8e-201b-49a1-b377-8c58744591b1,1.7773408882057377e+18
2ca60e8e-201b-49a1-b377-8c58744591b1,1.7773408882390807e+18
2ca60e8e-201b-49a1-b377-8c58744591b1,1.7773408882724237e+18
2ca60e8e-201b-49a1-b377-8c58744591b1,1.7773408883057667e+18
2ca60e8e-201b-49a1-b377-8c58744591b1,1.7773408883391096e+18
2ca60e8e-201b-49a1-b377-8c58744591b1,1.7773408883724526e+18
2ca60e8e-201b-49a1-b377-8c58744591b1,1.7773408884057958e+18
2ca60e8e-201b-49a1-b377-8c58744591b1,1.7773408884391388e+18
2ca60e8e-201b-49a1-b377-8c58744591b1,1.7773408884724818e+18
2ca60e8e-201b-49a1-b377-8c58744591b1,1.7773408885058248e+18
2ca60e8e-201b-49a1-b377-8c58744591b1,1.7773408885391677e+18
2ca60e8e-201b-49a1-b377-8c58744591b1,1.7773408885725107e+18
2ca60e8e-201b-49a1-b377-8c58744591b1,1.7773408886058537e+18
2ca60e8e-201b-49a1-b377-8c58744591b1,1.7773408886391967e+18
2ca60e8e-201b-49a1-b377-8c58744591b1,1.7773408886725396e+18
2ca60e8e-201b-49a1-b377-8c58744591b1,1.7773408887058826e+18
2ca60e8e-201b-49a1-b377-8c58744591b1,1.7773408887392256e+18
2ca60e8e-201b-49a1-b377-8c58744591b1,1.7773408887725688e+18
2ca60e8e-201b-49a1-b377-8c58744591b1,1.7773408888059118e+18
2ca60e8e-201b-49a1-b377-8c58744591b1,1.7773408888392548e+18
2ca60e8e-201b-49a1-b377-8c58744591b1,1.7773408888725978e+18
2ca60e8e-201b-49a1-b377-8c58744591b1,1.7773408889059418e+18
2ca60e8e-201b-49a1-b377-8c58744591b1,1.7773408889392847e+18
2ca60e8e-201b-49a1-b377-8c58744591b1,1.7773408889726277e+18
2ca60e8e-201b-49a1-b377-8c58744591b1,1.7773408890059707e+18
2ca60e8e-201b-49a1-b377-8c58744591b1,1.7773408890393137e+18
2ca60e8e-201b-49a1-b377-8c58744591b1,1.7773408890726566e+18
2ca60e8e-201b-49a1-b377-8c58744591b1,1.7773408891059996e+18
2ca60e8e-201b-49a1-b377-8c58744591b1,1.7773408891393426e+18
2ca60e8e-201b-49a1-b377-8c58744591b1,1.7773408891726858e+18
2ca60e8e-201b-49a1-b377-8c58744591b1,1.7773408892060288e+18
2ca60e8e-201b-49a1-b377-8c58744591b1,1.7773408892393718e+18
2ca60e8e-201b-49a1-b377-8c58744591b1,1.7773408892727148e+18
2ca60e8e-201b-49a1-b377-8c58744591b1,1.7773408893060577e+18
2ca60e8e-201b-49a1-b377-8c58744591b1,1.7773408893394007e+18
2ca60e8e-201b-49a1-b377-8c58744591b1,1.7773408893727437e+18
2ca60e8e-201b-49a1-b377-8c58744591b1,1.7773408894060867e+18
2ca60e8e-201b-49a1-b377-8c58744591b1,1.7773408894394296e+18
2ca60e8e-201b-49a1-b377-8c58744591b1,1.7773408894727726e+18
2ca60e8e-201b-49a1-b377-8c58744591b1,1.7773408895061158e+18
2ca60e8e-201b-49a1-b377-8c58744591b1,1.7773408895394588e+18
2ca60e8e-201b-49a1-b377-8c58744591b1,1.7773408895728018e+18
2ca60e8e-201b-49a1-b377-8c58744591b1,1.7773408896061448e+18
2ca60e8e-201b-49a1-b377-8c58744591b1,1.7773408896394877e+18
2ca60e8e-201b-49a1-b377-8c58744591b1,1.7773408896728307e+18
2ca60e8e-201b-49a1-b377-8c58744591b1,1.7773408897061737e+18
2ca60e8e-201b-49a1-b377-8c58744591b1,1.7773408897395167e+18
2ca60e8e-201b-49a1-b377-8c58744591b1,1.7773408897728607e+18
2ca60e8e-201b-49a1-b377-8c58744591b1,1.7773408898062036e+18
2ca60e8e-201b-49a1-b377-8c58744591b1,1.7773408898395466e+18
2ca60e8e-201b-49a1-b377-8c58744591b1,1.7773408898728896e+18
2ca60e8e-201b-49a1-b377-8c58744591b1,1.7773408899062328e+18
2ca60e8e-201b-49a1-b377-8c58744591b1,1.7773408899395758e+18
2ca60e8e-201b-49a1-b377-8c58744591b1,1.7773408899729188e+18
2ca60e8e-201b-49a1-b377-8c58744591b1,1.7773408900062618e+18
2ca60e8e-201b-49a1-b377-8c58744591b1,1.7773408900396047e+18
2ca60e8e-201b-49a1-b377-8c58744591b1,1.7773408900729477e+18
2ca60e8e-201b-49a1-b377-8c58744591b1,1.7773408901062907e+18
2ca60e8e-201b-49a1-b377-8c58744591b1,1.7773408901396337e+18
2ca60e8e-201b-49a1-b377-8c58744591b1,1.7773408901729766e+18
2ca60e8e-201b-49a1-b377-8c58744591b1,1.7773408902063196e+18
2ca60e8e-201b-49a1-b377-8c58744591b1,1.7773408902396626e+18
2ca60e8e-201b-49a1-b377-8c58744591b1,1.7773408902730058e+18
2ca60e8e-201b-49a1-b377-8c58744591b1,1.7773408903063488e+18
2ca60e8e-201b-49a1-b377-8c58744591b1,1.7773408903396918e+18
2ca60e8e-201b-49a1-b377-8c58744591b1,1.7773408903730348e+18
2ca60e8e-201b-49a1-b377-8c58744591b1,1.7773408904063777e+18
2ca60e8e-201b-49a1-b377-8c58744591b1,1.7773408904397207e+18
2ca60e8e-201b-49a1-b377-8c58744591b1,1.7773408904730637e+18
2ca60e8e-201b-49a1-b377-8c58744591b1,1.7773408905064067e+18
2ca60e8e-201b-49a1-b377-8c58744591b1,1.7773408905397496e+18
2ca60e8e-201b-49a1-b377-8c58744591b1,1.7773408905730926e+18
2ca60e8e-201b-49a1-b377-8c58744591b1,1.7773408906064366e+18
2ca60e8e-201b-49a1-b377-8c58744591b1,1.7773408906397798e+18
2ca60e8e-201b-49a1-b377-8c58744591b1,1.7773408906731228e+18
2ca60e8e-201b-49a1-b377-8c58744591b1,1.7773408907064658e+18
2ca60e8e-201b-49a1-b377-8c58744591b1,1.7773408907398088e+18
2ca60e8e-201b-49a1-b377-8c58744591b1,1.7773408907731517e+18
2ca60e8e-201b-49a1-b377-8c58744591b1,1.7773408908064947e+18
2ca60e8e-201b-49a1-b377-8c58744591b1,1.7773408908398377e+18
2ca60e8e-201b-49a1-b377-8c58744591b1,1.7773408908731807e+18
2ca60e8e-201b-49a1-b377-8c58744591b1,1.7773408909065236e+18
2ca60e8e-201b-49a1-b377-8c58744591b1,1.7773408909398666e+18
2ca60e8e-201b-49a1-b377-8c58744591b1,1.7773408909732096e+18
2ca60e8e-201b-49a1-b377-8c58744591b1,1.7773408910065528e+18
2ca60e8e-201b-49a1-b377-8c58744591b1,1.7773408910398958e+18
2ca60e8e-201b-49a1-b377-8c58744591b1,1.7773408910732388e+18
2ca60e8e-201b-49a1-b377-8c58744591b1,1.7773408911065818e+18
2ca60e8e-201b-49a1-b377-8c58744591b1,1.7773408911399247e+18
2ca60e8e-201b-49a1-b377-8c58744591b1,1.7773408911732677e+18
2ca60e8e-201b-49a1-b377-8c58744591b1,1.7773408912066107e+18
2ca60e8e-201b-49a1-b377-8c58744591b1,1.7773408912399537e+18
2ca60e8e-201b-49a1-b377-8c58744591b1,1.7773408912732966e+18
2ca60e8e-201b-49a1-b377-8c58744591b1,1.7773408913066396e+18
2ca60e8e-201b-49a1-b377-8c58744591b1,1.7773408913399826e+18
2ca60e8e-201b-49a1-b377-8c58744591b1,1.7773408913733258e+18
2ca60e8e-201b-49a1-b377-8c58744591b1,1.7773408914066688e+18
2ca60e8e-201b-49a1-b377-8c58744591b1,1.7773408914400128e+18
2ca60e8e-201b-49a1-b377-8c58744591b1,1.7773408914733558e+18
2ca60e8e-201b-49a1-b377-8c58744591b1,1.7773408915066988e+18
2ca60e8e-201b-49a1-b377-8c58744591b1,1.7773408915400417e+18
2ca60e8e-201b-49a1-b377-8c58744591b1,1.7773408915733847e+18
2ca60e8e-201b-49a1-b377-8c58744591b1,1.7773408916067277e+18
2ca60e8e-201b-49a1-b377-8c58744591b1,1.7773408916400707e+18
2ca60e8e-201b-49a1-b377-8c58744591b1,1.7773408916734136e+18
2ca60e8e-201b-49a1-b377-8c58744591b1,1.7773408917067566e+18
2ca60e8e-201b-49a1-b377-8c58744591b1,1.7773408917400998e+18
2ca60e8e-201b-49a1-b377-8c58744591b1,1.7773408917734428e+18
2ca60e8e-201b-49a1-b377-8c58744591b1,1.7773408918067858e+18
2ca60e8e-201b-49a1-b377-8c58744591b1,1.7773408918401288e+18
2ca60e8e-201b-49a1-b377-8c58744591b1,1.7773408918734717e+18
2ca60e8e-201b-49a1-b377-8c58744591b1,1.7773408919068147e+18
2ca60e8e-201b-49a1-b377-8c58744591b1,1.7773408919401577e+18
2ca60e8e-201b-49a1-b377-8c58744591b1,1.7773408919735007e+18
2ca60e8e-201b-49a1-b377-8c58744591b1,1.7773408920068436e+18
2ca60e8e-201b-49a1-b377-8c58744591b1,1.7773408920401866e+18
2ca60e8e-201b-49a1-b377-8c58744591b1,1.7773408920735296e+18
2ca60e8e-201b-49a1-b377-8c58744591b1,1.7773408921068728e+18
2ca60e8e-201b-49a1-b377-8c58744591b1,1.7773408921402158e+18
2ca60e8e-201b-49a1-b377-8c58744591b1,1.7773408921735588e+18
2ca60e8e-201b-49a1-b377-8c58744591b1,1.7773408922069018e+18
2ca60e8e-201b-49a1-b377-8c58744591b1,1.7773408922402458e+18
2ca60e8e-201b-49a1-b377-8c58744591b1,1.7773408922735887e+18
2ca60e8e-201b-49a1-b377-8c58744591b1,1.7773408923069317e+18
2ca60e8e-201b-49a1-b377-8c58744591b1,1.7773408923402747e+18
2ca60e8e-201b-49a1-b377-8c58744591b1,1.7773408923736177e+18
2ca60e8e-201b-49a1-b377-8c58744591b1,1.7773408924069606e+18
2ca60e8e-201b-49a1-b377-8c58744591b1,1.7773408924403036e+18
2ca60e8e-201b-49a1-b377-8c58744591b1,1.7773408924736466e+18
2ca60e8e-201b-49a1-b377-8c58744591b1,1.7773408925069898e+18
2ca60e8e-201b-49a1-b377-8c58744591b1,1.7773408925403328e+18
2ca60e8e-201b-49a1-b377-8c58744591b1,1.7773408925736758e+18
2ca60e8e-201b-49a1-b377-8c58744591b1,1.7773408926070188e+18
2ca60e8e-201b-49a1-b377-8c58744591b1,1.7773408926403617e+18
2ca60e8e-201b-49a1-b377-8c58744591b1,1.7773408926737047e+18
2ca60e8e-201b-49a1-b377-8c58744591b1,1.7773408927070477e+18
2ca60e8e-201b-49a1-b377-8c58744591b1,1.7773408927403907e+18
2ca60e8e-201b-49a1-b377-8c58744591b1,1.7773408927737336e+18
2ca60e8e-201b-49a1-b377-8c58744591b1,1.7773408928070766e+18
2ca60e8e-201b-49a1-b377-8c58744591b1,1.7773408928404198e+18
2ca60e8e-201b-49a1-b377-8c58744591b1,1.7773408928737628e+18
2ca60e8e-201b-49a1-b377-8c58744591b1,1.7773408929071058e+18
2ca60e8e-201b-49a1-b377-8c58744591b1,1.7773408929404488e+18
2ca60e8e-201b-49a1-b377-8c58744591b1,1.7773408929737917e+18
2ca60e8e-201b-49a1-b377-8c58744591b1,1.7773408930071347e+18
2ca60e8e-201b-49a1-b377-8c58744591b1,1.7773408930404777e+18
2ca60e8e-201b-49a1-b377-8c58744591b1,1.7773408930738207e+18
2ca60e8e-201b-49a1-b377-8c58744591b1,1.7773408931071647e+18
2ca60e8e-201b-49a1-b377-8c58744591b1,1.7773408931405076e+18
2ca60e8e-201b-49a1-b377-8c58744591b1,1.7773408931738506e+18
2ca60e8e-201b-49a1-b377-8c58744591b1,1.7773408932071936e+18
2ca60e8e-201b-49a1-b377-8c58744591b1,1.7773408932405368e+18
2ca60e8e-201b-49a1-b377-8c58744591b1,1.7773408932738798e+18
2ca60e8e-201b-49a1-b377-8c58744591b1,1.7773408933072228e+18
2ca60e8e-201b-49a1-b377-8c58744591b1,1.7773408933405658e+18
2ca60e8e-201b-49a1-b377-8c58744591b1,1.7773408933739087e+18
2ca60e8e-201b-49a1-b377-8c58744591b1,1.7773408934072517e+18
2ca60e8e-201b-49a1-b377-8c58744591b1,1.7773408934405947e+18
2ca60e8e-201b-49a1-b377-8c58744591b1,1.7773408934739377e+18
2ca60e8e-201b-49a1-b377-8c58744591b1,1.7773408935072806e+18
2ca60e8e-201b-49a1-b377-8c58744591b1,1.7773408935406236e+18
2ca60e8e-201b-49a1-b377-8c58744591b1,1.7773408935739666e+18
2ca60e8e-201b-49a1-b377-8c58744591b1,1.7773408936073098e+18
2ca60e8e-201b-49a1-b377-8c58744591b1,1.7773408936406528e+18
2ca60e8e-201b-49a1-b377-8c58744591b1,1.7773408936739958e+18
2ca60e8e-201b-49a1-b377-8c58744591b1,1.7773408937073388e+18
2ca60e8e-201b-49a1-b377-8c58744591b1,1.7773408937406817e+18
2ca60e8e-201b-49a1-b377-8c58744591b1,1.7773408937740247e+18
2ca60e8e-201b-49a1-b377-8c58744591b1,1.7773408938073677e+18
2ca60e8e-201b-49a1-b377-8c58744591b1,1.7773408938407107e+18
2ca60e8e-201b-49a1-b377-8c58744591b1,1.7773408938740536e+18
2ca60e8e-201b-49a1-b377-8c58744591b1,1.7773408939073966e+18
2ca60e8e-201b-49a1-b377-8c58744591b1,1.7773408939407398e+18
2ca60e8e-201b-49a1-b377-8c58744591b1,1.7773408939740838e+18
2ca60e8e-201b-49a1-b377-8c58744591b1,1.7773408940074268e+18
2ca60e8e-201b-49a1-b377-8c58744591b1,1.7773408940407698e+18
2ca60e8e-201b-49a1-b377-8c58744591b1,1.7773408940741128e+18
2ca60e8e-201b-49a1-b377-8c58744591b1,1.7773408941074557e+18
2ca60e8e-201b-49a1-b377-8c58744591b1,1.7773408941407987e+18
2ca60e8e-201b-49a1-b377-8c58744591b1,1.7773408941741417e+18
2ca60e8e-201b-49a1-b377-8c58744591b1,1.7773408942074847e+18
2ca60e8e-201b-49a1-b377-8c58744591b1,1.7773408942408276e+18
2ca60e8e-201b-49a1-b377-8c58744591b1,1.7773408942741706e+18
2ca60e8e-201b-49a1-b377-8c58744591b1,1.7773408943075136e+18
2ca60e8e-201b-49a1-b377-8c58744591b1,1.7773408943408568e+18
2ca60e8e-201b-49a1-b377-8c58744591b1,1.7773408943741998e+18
2ca60e8e-201b-49a1-b377-8c58744591b1,1.7773408944075428e+18
2ca60e8e-201b-49a1-b377-8c58744591b1,1.7773408944408858e+18
2ca60e8e-201b-49a1-b377-8c58744591b1,1.7773408944742287e+18
2ca60e8e-201b-49a1-b377-8c58744591b1,1.7773408945075717e+18
2ca60e8e-201b-49a1-b377-8c58744591b1,1.7773408945409147e+18
2ca60e8e-201b-49a1-b377-8c58744591b1,1.7773408945742577e+18
2ca60e8e-201b-49a1-b377-8c58744591b1,1.7773408946076006e+18
2ca60e8e-201b-49a1-b377-8c58744591b1,1.7773408946409436e+18
2ca60e8e-201b-49a1-b377-8c58744591b1,1.7773408946742866e+18
2ca60e8e-201b-49a1-b377-8c58744591b1,1.7773408947076298e+18
2ca60e8e-201b-49a1-b377-8c58744591b1,1.7773408947409728e+18
2ca60e8e-201b-49a1-b377-8c58744591b1,1.7773408947743168e+18
2ca60e8e-201b-49a1-b377-8c58744591b1,1.7773408948076598e+18
2ca60e8e-201b-49a1-b377-8c58744591b1,1.7773408948410028e+18
2ca60e8e-201b-49a1-b377-8c58744591b1,1.7773408948743457e+18
2ca60e8e-201b-49a1-b377-8c58744591b1,1.7773408949076887e+18
2ca60e8e-201b-49a1-b377-8c58744591b1,1.7773408949410317e+18
2ca60e8e-201b-49a1-b377-8c58744591b1,1.7773408949743747e+18
2ca60e8e-201b-49a1-b377-8c58744591b1,1.7773408950077176e+18
2ca60e8e-201b-49a1-b377-8c58744591b1,1.7773408950410606e+18
2ca60e8e-201b-49a1-b377-8c58744591b1,1.7773408950744038e+18
2ca60e8e-201b-49a1-b377-8c58744591b1,1.7773408951077468e+18
2ca60e8e-201b-49a1-b377-8c58744591b1,1.7773408951410898e+18
2ca60e8e-201b-49a1-b377-8c58744591b1,1.7773408951744328e+18
2ca60e8e-201b-49a1-b377-8c58744591b1,1.7773408952077757e+18
2ca60e8e-201b-49a1-b377-8c58744591b1,1.7773408952411187e+18
2ca60e8e-201b-49a1-b377-8c58744591b1,1.7773408952744617e+18
2ca60e8e-201b-49a1-b377-8c58744591b1,1.7773408953078047e+18
2ca60e8e-201b-49a1-b377-8c58744591b1,1.7773408953411476e+18
2ca60e8e-201b-49a1-b377-8c58744591b1,1.7773408953744906e+18
2ca60e8e-201b-49a1-b377-8c58744591b1,1.7773408954078336e+18
2ca60e8e-201b-49a1-b377-8c58744591b1,1.7773408954411768e+18
2ca60e8e-201b-49a1-b377-8c58744591b1,1.7773408954745198e+18
2ca60e8e-201b-49a1-b377-8c58744591b1,1.7773408955078628e+18
2ca60e8e-201b-49a1-b377-8c58744591b1,1.7773408955412058e+18
2ca60e8e-201b-49a1-b377-8c58744591b1,1.7773408955745487e+18
2ca60e8e-201b-49a1-b377-8c58744591b1,1.7773408956078927e+18
2ca60e8e-201b-49a1-b377-8c58744591b1,1.7773408956412357e+18
2ca60e8e-201b-49a1-b377-8c58744591b1,1.7773408956745787e+18
2ca60e8e-201b-49a1-b377-8c58744591b1,1.7773408957079217e+18
2ca60e8e-201b-49a1-b377-8c58744591b1,1.7773408957412646e+18
2ca60e8e-201b-49a1-b377-8c58744591b1,1.7773408957746076e+18
2ca60e8e-201b-49a1-b377-8c58744591b1,1.7773408958079506e+18
2ca60e8e-201b-49a1-b377-8c58744591b1,1.7773408958412938e+18
2ca60e8e-201b-49a1-b377-8c58744591b1,1.7773408958746368e+18
2ca60e8e-201b-49a1-b377-8c58744591b1,1.7773408959079798e+18
2ca60e8e-201b-49a1-b377-8c58744591b1,1.7773408959413228e+18
2ca60e8e-201b-49a1-b377-8c58744591b1,1.7773408959746657e+18
2ca60e8e-201b-49a1-b377-8c58744591b1,1.7773408960080087e+18
2ca60e8e-201b-49a1-b377-8c58744591b1,1.7773408960413517e+18
2ca60e8e-201b-49a1-b377-8c58744591b1,1.7773408960746947e+18
2ca60e8e-201b-49a1-b377-8c58744591b1,1.7773408961080376e+18
2ca60e8e-201b-49a1-b377-8c58744591b1,1.7773408961413806e+18
2ca60e8e-201b-49a1-b377-8c58744591b1,1.7773408961747238e+18
2ca60e8e-201b-49a1-b377-8c58744591b1,1.7773408962080668e+18
2ca60e8e-201b-49a1-b377-8c58744591b1,1.7773408962414098e+18
2ca60e8e-201b-49a1-b377-8c58744591b1,1.7773408962747528e+18
2ca60e8e-201b-49a1-b377-8c58744591b1,1.7773408963080957e+18
2ca60e8e-201b-49a1-b377-8c58744591b1,1.7773408963414387e+18
2ca60e8e-201b-49a1-b377-8c58744591b1,1.7773408963747817e+18
2ca60e8e-201b-49a1-b377-8c58744591b1,1.7773408964081247e+18
2ca60e8e-201b-49a1-b377-8c58744591b1,1.7773408964414676e+18
2ca60e8e-201b-49a1-b377-8c58744591b1,1.7773408964748116e+18
2ca60e8e-201b-49a1-b377-8c58744591b1,1.7773408965081546e+18
2ca60e8e-201b-49a1-b377-8c58744591b1,1.7773408965414976e+18
2ca60e8e-201b-49a1-b377-8c58744591b1,1.7773408965748408e+18
2ca60e8e-201b-49a1-b377-8c58744591b1,1.7773408966081838e+18
2ca60e8e-201b-49a1-b377-8c58744591b1,1.7773408966415268e+18
2ca60e8e-201b-49a1-b377-8c58744591b1,1.7773408966748698e+18
2ca60e8e-201b-49a1-b377-8c58744591b1,1.7773408967082127e+18
2ca60e8e-201b-49a1-b377-8c58744591b1,1.7773408967415557e+18
2ca60e8e-201b-49a1-b377-8c58744591b1,1.7773408967748987e+18
2ca60e8e-201b-49a1-b377-8c58744591b1,1.7773408968082417e+18
2ca60e8e-201b-49a1-b377-8c58744591b1,1.7773408968415846e+18
2ca60e8e-201b-49a1-b377-8c58744591b1,1.7773408968749276e+18
2ca60e8e-201b-49a1-b377-8c58744591b1,1.7773408969082706e+18
2ca60e8e-201b-49a1-b377-8c58744591b1,1.7773408969416138e+18
2ca60e8e-201b-49a1-b377-8c58744591b1,1.7773408969749568e+18
2ca60e8e-201b-49a1-b377-8c58744591b1,1.7773408970082998e+18
2ca60e8e-201b-49a1-b377-8c58744591b1,1.7773408970416428e+18
2ca60e8e-201b-49a1-b377-8c58744591b1,1.7773408970749857e+18
2ca60e8e-201b-49a1-b377-8c58744591b1,1.7773408971083287e+18
2ca60e8e-201b-49a1-b377-8c58744591b1,1.7773408971416717e+18
2ca60e8e-201b-49a1-b377-8c58744591b1,1.7773408971750147e+18
2ca60e8e-201b-49a1-b377-8c58744591b1,1.7773408972083576e+18
2ca60e8e-201b-49a1-b377-8c58744591b1,1.7773408972417006e+18
2ca60e8e-201b-49a1-b377-8c58744591b1,1.7773408972750438e+18
2ca60e8e-201b-49a1-b377-8c58744591b1,1.7773408973083878e+18
2ca60e8e-201b-49a1-b377-8c58744591b1,1.7773408973417308e+18
2ca60e8e-201b-49a1-b377-8c58744591b1,1.7773408973750738e+18
2ca60e8e-201b-49a1-b377-8c58744591b1,1.7773408974084168e+18
2ca60e8e-201b-49a1-b377-8c58744591b1,1.7773408974417597e+18
2ca60e8e-201b-49a1-b377-8c58744591b1,1.7773408974751027e+18
2ca60e8e-201b-49a1-b377-8c58744591b1,1.7773408975084457e+18
2ca60e8e-201b-49a1-b377-8c58744591b1,1.7773408975417887e+18
2ca60e8e-201b-49a1-b377-8c58744591b1,1.7773408975751316e+18
2ca60e8e-201b-49a1-b377-8c58744591b1,1.7773408976084746e+18
2ca60e8e-201b-49a1-b377-8c58744591b1,1.7773408976418176e+18
2ca60e8e-201b-49a1-b377-8c58744591b1,1.7773408976751608e+18
2ca60e8e-201b-49a1-b377-8c58744591b1,1.7773408977085038e+18
2ca60e8e-201b-49a1-b377-8c58744591b1,1.7773408977418468e+18
2ca60e8e-201b-49a1-b377-8c58744591b1,1.7773408977751898e+18
2ca60e8e-201b-49a1-b377-8c58744591b1,1.7773408978085327e+18
2ca60e8e-201b-49a1-b377-8c58744591b1,1.7773408978418757e+18
2ca60e8e-201b-49a1-b377-8c58744591b1,1.7773408978752187e+18
2ca60e8e-201b-49a1-b377-8c58744591b1,1.7773408979085617e+18
2ca60e8e-201b-49a1-b377-8c58744591b1,1.7773408979419046e+18
2ca60e8e-201b-49a1-b377-8c58744591b1,1.7773408979752476e+18
2ca60e8e-201b-49a1-b377-8c58744591b1,1.7773408980085906e+18
2ca60e8e-201b-49a1-b377-8c58744591b1,1.7773408980419338e+18
2ca60e8e-201b-49a1-b377-8c58744591b1,1.7773408980752768e+18
2ca60e8e-201b-49a1-b377-8c58744591b1,1.7773408981086208e+18
2ca60e8e-201b-49a1-b377-8c58744591b1,1.7773408981419638e+18
2ca60e8e-201b-49a1-b377-8c58744591b1,1.7773408981753068e+18
2ca60e8e-201b-49a1-b377-8c58744591b1,1.7773408982086497e+18
2ca60e8e-201b-49a1-b377-8c58744591b1,1.7773408982419927e+18
2ca60e8e-201b-49a1-b377-8c58744591b1,1.7773408982753357e+18
2ca60e8e-201b-49a1-b377-8c58744591b1,1.7773408983086787e+18
2ca60e8e-201b-49a1-b377-8c58744591b1,1.7773408983420216e+18
2ca60e8e-201b-49a1-b377-8c58744591b1,1.7773408983753646e+18
2ca60e8e-201b-49a1-b377-8c58744591b1,1.7773408984087078e+18
2ca60e8e-201b-49a1-b377-8c58744591b1,1.7773408984420508e+18
2ca60e8e-201b-49a1-b377-8c58744591b1,1.7773408984753938e+18
2ca60e8e-201b-49a1-b377-8c58744591b1,1.7773408985087368e+18
2ca60e8e-201b-49a1-b377-8c58744591b1,1.7773408985420797e+18
2ca60e8e-201b-49a1-b377-8c58744591b1,1.7773408985754227e+18
2ca60e8e-201b-49a1-b377-8c58744591b1,1.7773408986087657e+18
2ca60e8e-201b-49a1-b377-8c58744591b1,1.7773408986421087e+18
2ca60e8e-201b-49a1-b377-8c58744591b1,1.7773408986754516e+18
2ca60e8e-201b-49a1-b377-8c58744591b1,1.7773408987087946e+18
2ca60e8e-201b-49a1-b377-8c58744591b1,1.7773408987421376e+18
2ca60e8e-201b-49a1-b377-8c58744591b1,1.7773408987754808e+18
2ca60e8e-201b-49a1-b377-8c58744591b1,1.7773408988088238e+18
2ca60e8e-201b-49a1-b377-8c58744591b1,1.7773408988421668e+18
2ca60e8e-201b-49a1-b377-8c58744591b1,1.7773408988755098e+18
2ca60e8e-201b-49a1-b377-8c58744591b1,1.7773408989088527e+18
2ca60e8e-201b-49a1-b377-8c58744591b1,1.7773408989421967e+18
2ca60e8e-201b-49a1-b377-8c58744591b1,1.7773408989755397e+18
2ca60e8e-201b-49a1-b377-8c58744591b1,1.7773408990088827e+18
2ca60e8e-201b-49a1-b377-8c58744591b1,1.7773408990422257e+18
2ca60e8e-201b-49a1-b377-8c58744591b1,1.7773408990755686e+18
2ca60e8e-201b-49a1-b377-8c58744591b1,1.7773408991089116e+18
2ca60e8e-201b-49a1-b377-8c58744591b1,1.7773408991422546e+18
2ca60e8e-201b-49a1-b377-8c58744591b1,1.7773408991755978e+18
2ca60e8e-201b-49a1-b377-8c58744591b1,1.7773408992089408e+18
2ca60e8e-201b-49a1-b377-8c58744591b1,1.7773408992422838e+18
2ca60e8e-201b-49a1-b377-8c58744591b1,1.7773408992756268e+18
2ca60e8e-201b-49a1-b377-8c58744591b1,1.7773408993089697e+18
2ca60e8e-201b-49a1-b377-8c58744591b1,1.7773408993423127e+18
2ca60e8e-201b-49a1-b377-8c58744591b1,1.7773408993756557e+18
2ca60e8e-201b-49a1-b377-8c58744591b1,1.7773408994089987e+18
2ca60e8e-201b-49a1-b377-8c58744591b1,1.7773408994423416e+18
2ca60e8e-201b-49a1-b377-8c58744591b1,1.7773408994756846e+18
2ca60e8e-201b-49a1-b377-8c58744591b1,1.7773408995090278e+18
2ca60e8e-201b-49a1-b377-8c58744591b1,1.7773408995423708e+18
2ca60e8e-201b-49a1-b377-8c58744591b1,1.7773408995757138e+18
2ca60e8e-201b-49a1-b377-8c58744591b1,1.7773408996090568e+18
2ca60e8e-201b-49a1-b377-8c58744591b1,1.7773408996423997e+18
2ca60e8e-201b-49a1-b377-8c58744591b1,1.7773408996757427e+18
2ca60e8e-201b-49a1-b377-8c58744591b1,1.7773408997090857e+18
2ca60e8e-201b-49a1-b377-8c58744591b1,1.7773408997424287e+18
2ca60e8e-201b-49a1-b377-8c58744591b1,1.7773408997757716e+18
2ca60e8e-201b-49a1-b377-8c58744591b1,1.7773408998091156e+18
2ca60e8e-201b-49a1-b377-8c58744591b1,1.7773408998424586e+18
2ca60e8e-201b-49a1-b377-8c58744591b1,1.7773408998758016e+18
2ca60e8e-201b-49a1-b377-8c58744591b1,1.7773408999091448e+18
2ca60e8e-201b-49a1-b377-8c58744591b1,1.7773408999424878e+18
2ca60e8e-201b-49a1-b377-8c58744591b1,1.7773408999758308e+18
2ca60e8e-201b-49a1-b377-8c58744591b1,1.7773409000091738e+18
2ca60e8e-201b-49a1-b377-8c58744591b1,1.7773409000425167e+18
2ca60e8e-201b-49a1-b377-8c58744591b1,1.7773409000758597e+18
2ca60e8e-201b-49a1-b377-8c58744591b1,1.7773409001092027e+18
2ca60e8e-201b-49a1-b377-8c58744591b1,1.7773409001425457e+18
2ca60e8e-201b-49a1-b377-8c58744591b1,1.7773409001758886e+18
2ca60e8e-201b-49a1-b377-8c58744591b1,1.7773409002092316e+18
2ca60e8e-201b-49a1-b377-8c58744591b1,1.7773409002425746e+18
2ca60e8e-201b-49a1-b377-8c58744591b1,1.7773409002759178e+18
2ca60e8e-201b-49a1-b377-8c58744591b1,1.7773409003092608e+18
2ca60e8e-201b-49a1-b377-8c58744591b1,1.7773409003426038e+18
2ca60e8e-201b-49a1-b377-8c58744591b1,1.7773409003759468e+18
2ca60e8e-201b-49a1-b377-8c58744591b1,1.7773409004092897e+18
2ca60e8e-201b-49a1-b377-8c58744591b1,1.7773409004426327e+18
2ca60e8e-201b-49a1-b377-8c58744591b1,1.7773409004759757e+18
2ca60e8e-201b-49a1-b377-8c58744591b1,1.7773409005093187e+18
2ca60e8e-201b-49a1-b377-8c58744591b1,1.7773409005426616e+18
2ca60e8e-201b-49a1-b377-8c58744591b1,1.7773409005760046e+18
2ca60e8e-201b-49a1-b377-8c58744591b1,1.7773409006093478e+18
2ca60e8e-201b-49a1-b377-8c58744591b1,1.7773409006426918e+18
2ca60e8e-201b-49a1-b377-8c58744591b1,1.7773409006760348e+18
2ca60e8e-201b-49a1-b377-8c58744591b1,1.7773409007093778e+18
2ca60e8e-201b-49a1-b377-8c58744591b1,1.7773409007427208e+18
2ca60e8e-201b-49a1-b377-8c58744591b1,1.7773409007760637e+18
2ca60e8e-201b-49a1-b377-8c58744591b1,1.7773409008094067e+18
2ca60e8e-201b-49a1-b377-8c58744591b1,1.7773409008427497e+18
2ca60e8e-201b-49a1-b377-8c58744591b1,1.7773409008760927e+18
2ca60e8e-201b-49a1-b377-8c58744591b1,1.7773409009094356e+18
2ca60e8e-201b-49a1-b377-8c58744591b1,1.7773409009427786e+18
2ca60e8e-201b-49a1-b377-8c58744591b1,1.7773409009761216e+18
2ca60e8e-201b-49a1-b377-8c58744591b1,1.7773409010094648e+18
2ca60e8e-201b-49a1-b377-8c58744591b1,1.7773409010428078e+18
2ca60e8e-201b-49a1-b377-8c58744591b1,1.7773409010761508e+18
2ca60e8e-201b-49a1-b377-8c58744591b1,1.7773409011094938e+18
2ca60e8e-201b-49a1-b377-8c58744591b1,1.7773409011428367e+18
2ca60e8e-201b-49a1-b377-8c58744591b1,1.7773409011761797e+18
2ca60e8e-201b-49a1-b377-8c58744591b1,1.7773409012095227e+18
2ca60e8e-201b-49a1-b377-8c58744591b1,1.7773409012428657e+18
2ca60e8e-201b-49a1-b377-8c58744591b1,1.7773409012762086e+18
2ca60e8e-201b-49a1-b377-8c58744591b1,1.7773409013095516e+18
2ca60e8e-201b-49a1-b377-8c58744591b1,1.7773409013428946e+18
2ca60e8e-201b-49a1-b377-8c58744591b1,1.7773409013762378e+18
2ca60e8e-201b-49a1-b377-8c58744591b1,1.7773409014095808e+18
2ca60e8e-201b-49a1-b377-8c58744591b1,1.7773409014429248e+18
2ca60e8e-201b-49a1-b377-8c58744591b1,1.7773409014762678e+18
2ca60e8e-201b-49a1-b377-8c58744591b1,1.7773409015096108e+18
2ca60e8e-201b-49a1-b377-8c58744591b1,1.7773409015429537e+18
2ca60e8e-201b-49a1-b377-8c58744591b1,1.7773409015762967e+18
2ca60e8e-201b-49a1-b377-8c58744591b1,1.7773409016096397e+18
2ca60e8e-201b-49a1-b377-8c58744591b1,1.7773409016429827e+18
2ca60e8e-201b-49a1-b377-8c58744591b1,1.7773409016763256e+18
2ca60e8e-201b-49a1-b377-8c58744591b1,1.7773409017096686e+18
2ca60e8e-201b-49a1-b377-8c58744591b1,1.7773409017430118e+18
2ca60e8e-201b-49a1-b377-8c58744591b1,1.7773409017763548e+18
2ca60e8e-201b-49a1-b377-8c58744591b1,1.7773409018096978e+18
2ca60e8e-201b-49a1-b377-8c58744591b1,1.7773409018430408e+18
2ca60e8e-201b-49a1-b377-8c58744591b1,1.7773409018763837e+18
2ca60e8e-201b-49a1-b377-8c58744591b1,1.7773409019097267e+18
2ca60e8e-201b-49a1-b377-8c58744591b1,1.7773409019430697e+18
2ca60e8e-201b-49a1-b377-8c58744591b1,1.7773409019764127e+18
2ca60e8e-201b-49a1-b377-8c58744591b1,1.7773409020097556e+18
2ca60e8e-201b-49a1-b377-8c58744591b1,1.7773409020430986e+18
2ca60e8e-201b-49a1-b377-8c58744591b1,1.7773409020764416e+18
2ca60e8e-201b-49a1-b377-8c58744591b1,1.7773409021097848e+18
2ca60e8e-201b-49a1-b377-8c58744591b1,1.7773409021431278e+18
2ca60e8e-201b-49a1-b377-8c58744591b1,1.7773409021764708e+18
2ca60e8e-201b-49a1-b377-8c58744591b1,1.7773409022098138e+18
2ca60e8e-201b-49a1-b377-8c58744591b1,1.7773409022431567e+18
2ca60e8e-201b-49a1-b377-8c58744591b1,1.7773409022764997e+18
2ca60e8e-201b-49a1-b377-8c58744591b1,1.7773409023098437e+18
2ca60e8e-201b-49a1-b377-8c58744591b1,1.7773409023431867e+18
2ca60e8e-201b-49a1-b377-8c58744591b1,1.7773409023765297e+18
2ca60e8e-201b-49a1-b377-8c58744591b1,1.7773409024098726e+18
2ca60e8e-201b-49a1-b377-8c58744591b1,1.7773409024432156e+18
2ca60e8e-201b-49a1-b377-8c58744591b1,1.7773409024765586e+18
2ca60e8e-201b-49a1-b377-8c58744591b1,1.7773409025099018e+18
2ca60e8e-201b-49a1-b377-8c58744591b1,1.7773409025432448e+18
2ca60e8e-201b-49a1-b377-8c58744591b1,1.7773409025765878e+18
2ca60e8e-201b-49a1-b377-8c58744591b1,1.7773409026099308e+18
2ca60e8e-201b-49a1-b377-8c58744591b1,1.7773409026432737e+18
2ca60e8e-201b-49a1-b377-8c58744591b1,1.7773409026766167e+18
2ca60e8e-201b-49a1-b377-8c58744591b1,1.7773409027099597e+18
2ca60e8e-201b-49a1-b377-8c58744591b1,1.7773409027433027e+18
2ca60e8e-201b-49a1-b377-8c58744591b1,1.7773409027766456e+18
2ca60e8e-201b-49a1-b377-8c58744591b1,1.7773409028099886e+18
2ca60e8e-201b-49a1-b377-8c58744591b1,1.7773409028433318e+18
2ca60e8e-201b-49a1-b377-8c58744591b1,1.7773409028766748e+18
2ca60e8e-201b-49a1-b377-8c58744591b1,1.7773409029100178e+18
2ca60e8e-201b-49a1-b377-8c58744591b1,1.7773409029433608e+18
2ca60e8e-201b-49a1-b377-8c58744591b1,1.7773409029767037e+18
2ca60e8e-201b-49a1-b377-8c58744591b1,1.7773409030100467e+18
2ca60e8e-201b-49a1-b377-8c58744591b1,1.7773409030433897e+18
2ca60e8e-201b-49a1-b377-8c58744591b1,1.7773409030767327e+18
2ca60e8e-201b-49a1-b377-8c58744591b1,1.7773409031100756e+18
2ca60e8e-201b-49a1-b377-8c58744591b1,1.7773409031434186e+18
2ca60e8e-201b-49a1-b377-8c58744591b1,1.7773409031767626e+18
2ca60e8e-201b-49a1-b377-8c58744591b1,1.7773409032101056e+18
2ca60e8e-201b-49a1-b377-8c58744591b1,1.7773409032434488e+18
2ca60e8e-201b-49a1-b377-8c58744591b1,1.7773409032767918e+18
2ca60e8e-201b-49a1-b377-8c58744591b1,1.7773409033101348e+18
2ca60e8e-201b-49a1-b377-8c58744591b1,1.7773409033434778e+18
2ca60e8e-201b-49a1-b377-8c58744591b1,1.7773409033768207e+18
2ca60e8e-201b-49a1-b377-8c58744591b1,1.7773409034101637e+18
2ca60e8e-201b-49a1-b377-8c58744591b1,1.7773409034435067e+18
2ca60e8e-201b-49a1-b377-8c58744591b1,1.7773409034768497e+18
2ca60e8e-201b-49a1-b377-8c58744591b1,1.7773409035101926e+18
2ca60e8e-201b-49a1-b377-8c58744591b1,1.7773409035435356e+18
2ca60e8e-201b-49a1-b377-8c58744591b1,1.7773409035768786e+18
2ca60e8e-201b-49a1-b377-8c58744591b1,1.7773409036102218e+18
2ca60e8e-201b-49a1-b377-8c58744591b1,1.7773409036435648e+18
2ca60e8e-201b-49a1-b377-8c58744591b1,1.7773409036769078e+18
2ca60e8e-201b-49a1-b377-8c58744591b1,1.7773409037102508e+18
2ca60e8e-201b-49a1-b377-8c58744591b1,1.7773409037435937e+18
2ca60e8e-201b-49a1-b377-8c58744591b1,1.7773409037769367e+18
2ca60e8e-201b-49a1-b377-8c58744591b1,1.7773409038102797e+18
2ca60e8e-201b-49a1-b377-8c58744591b1,1.7773409038436227e+18
2ca60e8e-201b-49a1-b377-8c58744591b1,1.7773409038769656e+18
2ca60e8e-201b-49a1-b377-8c58744591b1,1.7773409039103086e+18
2ca60e8e-201b-49a1-b377-8c58744591b1,1.7773409039436518e+18
2ca60e8e-201b-49a1-b377-8c58744591b1,1.7773409039769958e+18
2ca60e8e-201b-49a1-b377-8c58744591b1,1.7773409040103388e+18
2ca60e8e-201b-49a1-b377-8c58744591b1,1.7773409040436818e+18
2ca60e8e-201b-49a1-b377-8c58744591b1,1.7773409040770248e+18
2ca60e8e-201b-49a1-b377-8c58744591b1,1.7773409041103677e+18
2ca60e8e-201b-49a1-b377-8c58744591b1,1.7773409041437107e+18
2ca60e8e-201b-49a1-b377-8c58744591b1,1.7773409041770537e+18
2ca60e8e-201b-49a1-b377-8c58744591b1,1.7773409042103967e+18
2ca60e8e-201b-49a1-b377-8c58744591b1,1.7773409042437396e+18
2ca60e8e-201b-49a1-b377-8c58744591b1,1.7773409042770826e+18
2ca60e8e-201b-49a1-b377-8c58744591b1,1.7773409043104256e+18
2ca60e8e-201b-49a1-b377-8c58744591b1,1.7773409043437688e+18
2ca60e8e-201b-49a1-b377-8c58744591b1,1.7773409043771118e+18
2ca60e8e-201b-49a1-b377-8c58744591b1,1.7773409044104548e+18
2ca60e8e-201b-49a1-b377-8c58744591b1,1.7773409044437978e+18
2ca60e8e-201b-49a1-b377-8c58744591b1,1.7773409044771407e+18
2ca60e8e-201b-49a1-b377-8c58744591b1,1.7773409045104837e+18
2ca60e8e-201b-49a1-b377-8c58744591b1,1.7773409045438267e+18
2ca60e8e-201b-49a1-b377-8c58744591b1,1.7773409045771697e+18
2ca60e8e-201b-49a1-b377-8c58744591b1,1.7773409046105126e+18
2ca60e8e-201b-49a1-b377-8c58744591b1,1.7773409046438556e+18
2ca60e8e-201b-49a1-b377-8c58744591b1,1.7773409046771986e+18
2ca60e8e-201b-49a1-b377-8c58744591b1,1.7773409047105418e+18
2ca60e8e-201b-49a1-b377-8c58744591b1,1.7773409047438848e+18
2ca60e8e-201b-49a1-b377-8c58744591b1,1.7773409047772278e+18
2ca60e8e-201b-49a1-b377-8c58744591b1,1.7773409048105718e+18
2ca60e8e-201b-49a1-b377-8c58744591b1,1.7773409048439148e+18
2ca60e8e-201b-49a1-b377-8c58744591b1,1.7773409048772577e+18
2ca60e8e-201b-49a1-b377-8c58744591b1,1.7773409049106007e+18
2ca60e8e-201b-49a1-b377-8c58744591b1,1.7773409049439437e+18
2ca60e8e-201b-49a1-b377-8c58744591b1,1.7773409049772867e+18
2ca60e8e-201b-49a1-b377-8c58744591b1,1.7773409050106296e+18
2ca60e8e-201b-49a1-b377-8c58744591b1,1.7773409050439726e+18
2ca60e8e-201b-49a1-b377-8c58744591b1,1.7773409050773158e+18
2ca60e8e-201b-49a1-b377-8c58744591b1,1.7773409051106588e+18
2ca60e8e-201b-49a1-b377-8c58744591b1,1.7773409051440018e+18
2ca60e8e-201b-49a1-b377-8c58744591b1,1.7773409051773448e+18
2ca60e8e-201b-49a1-b377-8c58744591b1,1.7773409052106877e+18
2ca60e8e-201b-49a1-b377-8c58744591b1,1.7773409052440307e+18
2ca60e8e-201b-49a1-b377-8c58744591b1,1.7773409052773737e+18
2ca60e8e-201b-49a1-b377-8c58744591b1,1.7773409053107167e+18
2ca60e8e-201b-49a1-b377-8c58744591b1,1.7773409053440596e+18
2ca60e8e-201b-49a1-b377-8c58744591b1,1.7773409053774026e+18
2ca60e8e-201b-49a1-b377-8c58744591b1,1.7773409054107456e+18
2ca60e8e-201b-49a1-b377-8c58744591b1,1.7773409054440888e+18
2ca60e8e-201b-49a1-b377-8c58744591b1,1.7773409054774318e+18
2ca60e8e-201b-49a1-b377-8c58744591b1,1.7773409055107748e+18
2ca60e8e-201b-49a1-b377-8c58744591b1,1.7773409055441178e+18
2ca60e8e-201b-49a1-b377-8c58744591b1,1.7773409055774607e+18
2ca60e8e-201b-49a1-b377-8c58744591b1,1.7773409056108037e+18
2ca60e8e-201b-49a1-b377-8c58744591b1,1.7773409056441467e+18
2ca60e8e-201b-49a1-b377-8c58744591b1,1.7773409056774907e+18
2ca60e8e-201b-49a1-b377-8c58744591b1,1.7773409057108337e+18
2ca60e8e-201b-49a1-b377-8c58744591b1,1.7773409057441766e+18
2ca60e8e-201b-49a1-b377-8c58744591b1,1.7773409057775196e+18
2ca60e8e-201b-49a1-b377-8c58744591b1,1.7773409058108626e+18
2ca60e8e-201b-49a1-b377-8c58744591b1,1.7773409058442058e+18
2ca60e8e-201b-49a1-b377-8c58744591b1,1.7773409058775488e+18
2ca60e8e-201b-49a1-b377-8c58744591b1,1.7773409059108918e+18
2ca60e8e-201b-49a1-b377-8c58744591b1,1.7773409059442348e+18
2ca60e8e-201b-49a1-b377-8c58744591b1,1.7773409059775777e+18
2ca60e8e-201b-49a1-b377-8c58744591b1,1.7773409060109207e+18
2ca60e8e-201b-49a1-b377-8c58744591b1,1.7773409060442637e+18
2ca60e8e-201b-49a1-b377-8c58744591b1,1.7773409060776067e+18
2ca60e8e-201b-49a1-b377-8c58744591b1,1.7773409061109496e+18
2ca60e8e-201b-49a1-b377-8c58744591b1,1.7773409061442926e+18
2ca60e8e-201b-49a1-b377-8c58744591b1,1.7773409061776358e+18
2ca60e8e-201b-49a1-b377-8c58744591b1,1.7773409062109788e+18
2ca60e8e-201b-49a1-b377-8c58744591b1,1.7773409062443218e+18
2ca60e8e-201b-49a1-b377-8c58744591b1,1.7773409062776648e+18
2ca60e8e-201b-49a1-b377-8c58744591b1,1.7773409063110077e+18
2ca60e8e-201b-49a1-b377-8c58744591b1,1.7773409063443507e+18
2ca60e8e-201b-49a1-b377-8c58744591b1,1.7773409063776937e+18
2ca60e8e-201b-49a1-b377-8c58744591b1,1.7773409064110367e+18
2ca60e8e-201b-49a1-b377-8c58744591b1,1.7773409064443796e+18
2ca60e8e-201b-49a1-b377-8c58744591b1,1.7773409064777226e+18
2ca60e8e-201b-49a1-b377-8c58744591b1,1.7773409065110666e+18
2ca60e8e-201b-49a1-b377-8c58744591b1,1.7773409065444096e+18
2ca60e8e-201b-49a1-b377-8c58744591b1,1.7773409065777528e+18
2ca60e8e-201b-49a1-b377-8c58744591b1,1.7773409066110958e+18
2ca60e8e-201b-49a1-b377-8c58744591b1,1.7773409066444388e+18
2ca60e8e-201b-49a1-b377-8c58744591b1,1.7773409066777818e+18
2ca60e8e-201b-49a1-b377-8c58744591b1,1.7773409067111247e+18
2ca60e8e-201b-49a1-b377-8c58744591b1,1.7773409067444677e+18
2ca60e8e-201b-49a1-b377-8c58744591b1,1.7773409067778107e+18
2ca60e8e-201b-49a1-b377-8c58744591b1,1.7773409068111537e+18
2ca60e8e-201b-49a1-b377-8c58744591b1,1.7773409068444966e+18
2ca60e8e-201b-49a1-b377-8c58744591b1,1.7773409068778396e+18
2ca60e8e-201b-49a1-b377-8c58744591b1,1.7773409069111826e+18
2ca60e8e-201b-49a1-b377-8c58744591b1,1.7773409069445258e+18
2ca60e8e-201b-49a1-b377-8c58744591b1,1.7773409069778688e+18
2ca60e8e-201b-49a1-b377-8c58744591b1,1.7773409070112118e+18
2ca60e8e-201b-49a1-b377-8c58744591b1,1.7773409070445548e+18
2ca60e8e-201b-49a1-b377-8c58744591b1,1.7773409070778977e+18
2ca60e8e-201b-49a1-b377-8c58744591b1,1.7773409071112407e+18
2ca60e8e-201b-49a1-b377-8c58744591b1,1.7773409071445837e+18
2ca60e8e-201b-49a1-b377-8c58744591b1,1.7773409071779267e+18
2ca60e8e-201b-49a1-b377-8c58744591b1,1.7773409072112696e+18
2ca60e8e-201b-49a1-b377-8c58744591b1,1.7773409072446126e+18
2ca60e8e-201b-49a1-b377-8c58744591b1,1.7773409072779558e+18
2ca60e8e-201b-49a1-b377-8c58744591b1,1.7773409073112998e+18
2ca60e8e-201b-49a1-b377-8c58744591b1,1.7773409073446428e+18
2ca60e8e-201b-49a1-b377-8c58744591b1,1.7773409073779858e+18
2ca60e8e-201b-49a1-b377-8c58744591b1,1.7773409074113288e+18
2ca60e8e-201b-49a1-b377-8c58744591b1,1.7773409074446717e+18
2ca60e8e-201b-49a1-b377-8c58744591b1,1.7773409074780147e+18
2ca60e8e-201b-49a1-b377-8c58744591b1,1.7773409075113577e+18
2ca60e8e-201b-49a1-b377-8c58744591b1,1.7773409075447007e+18
2ca60e8e-201b-49a1-b377-8c58744591b1,1.7773409075780436e+18
2ca60e8e-201b-49a1-b377-8c58744591b1,1.7773409076113866e+18
2ca60e8e-201b-49a1-b377-8c58744591b1,1.7773409076447296e+18
2ca60e8e-201b-49a1-b377-8c58744591b1,1.7773409076780728e+18
2ca60e8e-201b-49a1-b377-8c58744591b1,1.7773409077114158e+18
2ca60e8e-201b-49a1-b377-8c58744591b1,1.7773409077447588e+18
2ca60e8e-201b-49a1-b377-8c58744591b1,1.7773409077781018e+18
2ca60e8e-201b-49a1-b377-8c58744591b1,1.7773409078114447e+18
2ca60e8e-201b-49a1-b377-8c58744591b1,1.7773409078447877e+18
2ca60e8e-201b-49a1-b377-8c58744591b1,1.7773409078781307e+18
2ca60e8e-201b-49a1-b377-8c58744591b1,1.7773409079114737e+18
2ca60e8e-201b-49a1-b377-8c58744591b1,1.7773409079448166e+18
2ca60e8e-201b-49a1-b377-8c58744591b1,1.7773409079781596e+18
2ca60e8e-201b-49a1-b377-8c58744591b1,1.7773409080115026e+18
2ca60e8e-201b-49a1-b377-8c58744591b1,1.7773409080448458e+18
2ca60e8e-201b-49a1-b377-8c58744591b1,1.7773409080781888e+18
2ca60e8e-201b-49a1-b377-8c58744591b1,1.7773409081115318e+18
2ca60e8e-201b-49a1-b377-8c58744591b1,1.7773409081448758e+18
2ca60e8e-201b-49a1-b377-8c58744591b1,1.7773409081782188e+18
2ca60e8e-201b-49a1-b377-8c58744591b1,1.7773409082115617e+18
2ca60e8e-201b-49a1-b377-8c58744591b1,1.7773409082449047e+18
2ca60e8e-201b-49a1-b377-8c58744591b1,1.7773409082782477e+18
2ca60e8e-201b-49a1-b377-8c58744591b1,1.7773409083115907e+18
2ca60e8e-201b-49a1-b377-8c58744591b1,1.7773409083449336e+18
2ca60e8e-201b-49a1-b377-8c58744591b1,1.7773409083782766e+18
2ca60e8e-201b-49a1-b377-8c58744591b1,1.7773409084116198e+18
2ca60e8e-201b-49a1-b377-8c58744591b1,1.7773409084449628e+18
2ca60e8e-201b-49a1-b377-8c58744591b1,1.7773409084783058e+18
2ca60e8e-201b-49a1-b377-8c58744591b1,1.7773409085116488e+18
2ca60e8e-201b-49a1-b377-8c58744591b1,1.7773409085449917e+18
2ca60e8e-201b-49a1-b377-8c58744591b1,1.7773409085783347e+18
2ca60e8e-201b-49a1-b377-8c58744591b1,1.7773409086116777e+18
2ca60e8e-201b-49a1-b377-8c58744591b1,1.7773409086450207e+18
2ca60e8e-201b-49a1-b377-8c58744591b1,1.7773409086783636e+18
2ca60e8e-201b-49a1-b377-8c58744591b1,1.7773409087117066e+18
2ca60e8e-201b-49a1-b377-8c58744591b1,1.7773409087450496e+18
2ca60e8e-201b-49a1-b377-8c58744591b1,1.7773409087783928e+18
2ca60e8e-201b-49a1-b377-8c58744591b1,1.7773409088117358e+18
2ca60e8e-201b-49a1-b377-8c58744591b1,1.7773409088450788e+18
2ca60e8e-201b-49a1-b377-8c58744591b1,1.7773409088784218e+18
2ca60e8e-201b-49a1-b377-8c58744591b1,1.7773409089117647e+18
2ca60e8e-201b-49a1-b377-8c58744591b1,1.7773409089451077e+18
2ca60e8e-201b-49a1-b377-8c58744591b1,1.7773409089784507e+18
2ca60e8e-201b-49a1-b377-8c58744591b1,1.7773409090117947e+18
2ca60e8e-201b-49a1-b377-8c58744591b1,1.7773409090451377e+18
2ca60e8e-201b-49a1-b377-8c58744591b1,1.7773409090784806e+18
2ca60e8e-201b-49a1-b377-8c58744591b1,1.7773409091118236e+18
2ca60e8e-201b-49a1-b377-8c58744591b1,1.7773409091451666e+18
2ca60e8e-201b-49a1-b377-8c58744591b1,1.7773409091785098e+18
2ca60e8e-201b-49a1-b377-8c58744591b1,1.7773409092118528e+18
2ca60e8e-201b-49a1-b377-8c58744591b1,1.7773409092451958e+18
2ca60e8e-201b-49a1-b377-8c58744591b1,1.7773409092785388e+18
2ca60e8e-201b-49a1-b377-8c58744591b1,1.7773409093118817e+18
2ca60e8e-201b-49a1-b377-8c58744591b1,1.7773409093452247e+18
2ca60e8e-201b-49a1-b377-8c58744591b1,1.7773409093785677e+18
2ca60e8e-201b-49a1-b377-8c58744591b1,1.7773409094119107e+18
2ca60e8e-201b-49a1-b377-8c58744591b1,1.7773409094452536e+18
2ca60e8e-201b-49a1-b377-8c58744591b1,1.7773409094785966e+18
2ca60e8e-201b-49a1-b377-8c58744591b1,1.7773409095119398e+18
2ca60e8e-201b-49a1-b377-8c58744591b1,1.7773409095452828e+18
2ca60e8e-201b-49a1-b377-8c58744591b1,1.7773409095786258e+18
2ca60e8e-201b-49a1-b377-8c58744591b1,1.7773409096119688e+18
2ca60e8e-201b-49a1-b377-8c58744591b1,1.7773409096453117e+18
2ca60e8e-201b-49a1-b377-8c58744591b1,1.7773409096786547e+18
2ca60e8e-201b-49a1-b377-8c58744591b1,1.7773409097119977e+18
2ca60e8e-201b-49a1-b377-8c58744591b1,1.7773409097453407e+18
2ca60e8e-201b-49a1-b377-8c58744591b1,1.7773409097786836e+18
2ca60e8e-201b-49a1-b377-8c58744591b1,1.7773409098120266e+18
2ca60e8e-201b-49a1-b377-8c58744591b1,1.7773409098453706e+18
2ca60e8e-201b-49a1-b377-8c58744591b1,1.7773409098787136e+18
2ca60e8e-201b-49a1-b377-8c58744591b1,1.7773409099120568e+18
2ca60e8e-201b-49a1-b377-8c58744591b1,1.7773409099453998e+18
2ca60e8e-201b-49a1-b377-8c58744591b1,1.7773409099787428e+18
2ca60e8e-201b-49a1-b377-8c58744591b1,1.7773409100120858e+18
2ca60e8e-201b-49a1-b377-8c58744591b1,1.7773409100454287e+18
2ca60e8e-201b-49a1-b377-8c58744591b1,1.7773409100787717e+18
2ca60e8e-201b-49a1-b377-8c58744591b1,1.7773409101121147e+18
2ca60e8e-201b-49a1-b377-8c58744591b1,1.7773409101454577e+18
2ca60e8e-201b-49a1-b377-8c58744591b1,1.7773409101788006e+18
2ca60e8e-201b-49a1-b377-8c58744591b1,1.7773409102121436e+18
2ca60e8e-201b-49a1-b377-8c58744591b1,1.7773409102454866e+18
2ca60e8e-201b-49a1-b377-8c58744591b1,1.7773409102788298e+18
2ca60e8e-201b-49a1-b377-8c58744591b1,1.7773409103121728e+18
2ca60e8e-201b-49a1-b377-8c58744591b1,1.7773409103455158e+18
2ca60e8e-201b-49a1-b377-8c58744591b1,1.7773409103788588e+18
2ca60e8e-201b-49a1-b377-8c58744591b1,1.7773409104122017e+18
2ca60e8e-201b-49a1-b377-8c58744591b1,1.7773409104455447e+18
2ca60e8e-201b-49a1-b377-8c58744591b1,1.7773409104788877e+18
2ca60e8e-201b-49a1-b377-8c58744591b1,1.7773409105122307e+18
2ca60e8e-201b-49a1-b377-8c58744591b1,1.7773409105455736e+18
2ca60e8e-201b-49a1-b377-8c58744591b1,1.7773409105789166e+18
2ca60e8e-201b-49a1-b377-8c58744591b1,1.7773409106122598e+18
2ca60e8e-201b-49a1-b377-8c58744591b1,1.7773409106456038e+18
2ca60e8e-201b-49a1-b377-8c58744591b1,1.7773409106789468e+18
2ca60e8e-201b-49a1-b377-8c58744591b1,1.7773409107122898e+18
2ca60e8e-201b-49a1-b377-8c58744591b1,1.7773409107456328e+18
2ca60e8e-201b-49a1-b377-8c58744591b1,1.7773409107789757e+18
2ca60e8e-201b-49a1-b377-8c58744591b1,1.7773409108123187e+18
2ca60e8e-201b-49a1-b377-8c58744591b1,1.7773409108456617e+18
2ca60e8e-201b-49a1-b377-8c58744591b1,1.7773409108790047e+18
2ca60e8e-201b-49a1-b377-8c58744591b1,1.7773409109123476e+18
2ca60e8e-201b-49a1-b377-8c58744591b1,1.7773409109456906e+18
2ca60e8e-201b-49a1-b377-8c58744591b1,1.7773409109790336e+18
2ca60e8e-201b-49a1-b377-8c58744591b1,1.7773409110123768e+18
2ca60e8e-201b-49a1-b377-8c58744591b1,1.7773409110457198e+18
2ca60e8e-201b-49a1-b377-8c58744591b1,1.7773409110790628e+18
2ca60e8e-201b-49a1-b377-8c58744591b1,1.7773409111124058e+18
2ca60e8e-201b-49a1-b377-8c58744591b1,1.7773409111457487e+18
2ca60e8e-201b-49a1-b377-8c58744591b1,1.7773409111790917e+18
2ca60e8e-201b-49a1-b377-8c58744591b1,1.7773409112124347e+18
2ca60e8e-201b-49a1-b377-8c58744591b1,1.7773409112457777e+18
2ca60e8e-201b-49a1-b377-8c58744591b1,1.7773409112791206e+18
2ca60e8e-201b-49a1-b377-8c58744591b1,1.7773409113124636e+18
2ca60e8e-201b-49a1-b377-8c58744591b1,1.7773409113458066e+18
2ca60e8e-201b-49a1-b377-8c58744591b1,1.7773409113791498e+18
2ca60e8e-201b-49a1-b377-8c58744591b1,1.7773409114124928e+18
2ca60e8e-201b-49a1-b377-8c58744591b1,1.7773409114458358e+18
2ca60e8e-201b-49a1-b377-8c58744591b1,1.7773409114791788e+18
2ca60e8e-201b-49a1-b377-8c58744591b1,1.7773409115125228e+18
2ca60e8e-201b-49a1-b377-8c58744591b1,1.7773409115458657e+18
2ca60e8e-201b-49a1-b377-8c58744591b1,1.7773409115792087e+18
2ca60e8e-201b-49a1-b377-8c58744591b1,1.7773409116125517e+18
2ca60e8e-201b-49a1-b377-8c58744591b1,1.7773409116458947e+18
2ca60e8e-201b-49a1-b377-8c58744591b1,1.7773409116792376e+18
2ca60e8e-201b-49a1-b377-8c58744591b1,1.7773409117125806e+18
2ca60e8e-201b-49a1-b377-8c58744591b1,1.7773409117459238e+18
2ca60e8e-201b-49a1-b377-8c58744591b1,1.7773409117792668e+18
2ca60e8e-201b-49a1-b377-8c58744591b1,1.7773409118126098e+18
2ca60e8e-201b-49a1-b377-8c58744591b1,1.7773409118459528e+18
2ca60e8e-201b-49a1-b377-8c58744591b1,1.7773409118792957e+18
2ca60e8e-201b-49a1-b377-8c58744591b1,1.7773409119126387e+18
2ca60e8e-201b-49a1-b377-8c58744591b1,1.7773409119459817e+18
2ca60e8e-201b-49a1-b377-8c58744591b1,1.7773409119793247e+18
2ca60e8e-201b-49a1-b377-8c58744591b1,1.7773409120126676e+18
2ca60e8e-201b-49a1-b377-8c58744591b1,1.7773409120460106e+18
2ca60e8e-201b-49a1-b377-8c58744591b1,1.7773409120793536e+18
2ca60e8e-201b-49a1-b377-8c58744591b1,1.7773409121126968e+18
2ca60e8e-201b-49a1-b377-8c58744591b1,1.7773409121460398e+18
2ca60e8e-201b-49a1-b377-8c58744591b1,1.7773409121793828e+18
2ca60e8e-201b-49a1-b377-8c58744591b1,1.7773409122127258e+18
2ca60e8e-201b-49a1-b377-8c58744591b1,1.7773409122460687e+18
2ca60e8e-201b-49a1-b377-8c58744591b1,1.7773409122794117e+18
2ca60e8e-201b-49a1-b377-8c58744591b1,1.7773409123127547e+18
2ca60e8e-201b-49a1-b377-8c58744591b1,1.7773409123460987e+18
2ca60e8e-201b-49a1-b377-8c58744591b1,1.7773409123794417e+18
2ca60e8e-201b-49a1-b377-8c58744591b1,1.7773409124127846e+18
2ca60e8e-201b-49a1-b377-8c58744591b1,1.7773409124461276e+18
2ca60e8e-201b-49a1-b377-8c58744591b1,1.7773409124794706e+18
2ca60e8e-201b-49a1-b377-8c58744591b1,1.7773409125128138e+18
2ca60e8e-201b-49a1-b377-8c58744591b1,1.7773409125461568e+18
2ca60e8e-201b-49a1-b377-8c58744591b1,1.7773409125794998e+18
2ca60e8e-201b-49a1-b377-8c58744591b1,1.7773409126128428e+18
2ca60e8e-201b-49a1-b377-8c58744591b1,1.7773409126461857e+18
2ca60e8e-201b-49a1-b377-8c58744591b1,1.7773409126795287e+18
2ca60e8e-201b-49a1-b377-8c58744591b1,1.7773409127128717e+18
2ca60e8e-201b-49a1-b377-8c58744591b1,1.7773409127462147e+18
2ca60e8e-201b-49a1-b377-8c58744591b1,1.7773409127795576e+18
2ca60e8e-201b-49a1-b377-8c58744591b1,1.7773409128129006e+18
2ca60e8e-201b-49a1-b377-8c58744591b1,1.7773409128462438e+18
2ca60e8e-201b-49a1-b377-8c58744591b1,1.7773409128795868e+18
2ca60e8e-201b-49a1-b377-8c58744591b1,1.7773409129129298e+18
2ca60e8e-201b-49a1-b377-8c58744591b1,1.7773409129462728e+18
2ca60e8e-201b-49a1-b377-8c58744591b1,1.7773409129796157e+18
2ca60e8e-201b-49a1-b377-8c58744591b1,1.7773409130129587e+18
2ca60e8e-201b-49a1-b377-8c58744591b1,1.7773409130463017e+18
2ca60e8e-201b-49a1-b377-8c58744591b1,1.7773409130796447e+18
2ca60e8e-201b-49a1-b377-8c58744591b1,1.7773409131129876e+18
2ca60e8e-201b-49a1-b377-8c58744591b1,1.7773409131463306e+18
2ca60e8e-201b-49a1-b377-8c58744591b1,1.7773409131796746e+18
2ca60e8e-201b-49a1-b377-8c58744591b1,1.7773409132130176e+18
2ca60e8e-201b-49a1-b377-8c58744591b1,1.7773409132463608e+18
2ca60e8e-201b-49a1-b377-8c58744591b1,1.7773409132797038e+18
2ca60e8e-201b-49a1-b377-8c58744591b1,1.7773409133130468e+18
2ca60e8e-201b-49a1-b377-8c58744591b1,1.7773409133463898e+18
2ca60e8e-201b-49a1-b377-8c58744591b1,1.7773409133797327e+18
2ca60e8e-201b-49a1-b377-8c58744591b1,1.7773409134130757e+18
2ca60e8e-201b-49a1-b377-8c58744591b1,1.7773409134464187e+18
2ca60e8e-201b-49a1-b377-8c58744591b1,1.7773409134797617e+18
2ca60e8e-201b-49a1-b377-8c58744591b1,1.7773409135131046e+18
2ca60e8e-201b-49a1-b377-8c58744591b1,1.7773409135464476e+18
2ca60e8e-201b-49a1-b377-8c58744591b1,1.7773409135797906e+18
2ca60e8e-201b-49a1-b377-8c58744591b1,1.7773409136131338e+18
2ca60e8e-201b-49a1-b377-8c58744591b1,1.7773409136464768e+18
2ca60e8e-201b-49a1-b377-8c58744591b1,1.7773409136798198e+18
2ca60e8e-201b-49a1-b377-8c58744591b1,1.7773409137131628e+18
2ca60e8e-201b-49a1-b377-8c58744591b1,1.7773409137465057e+18
2ca60e8e-201b-49a1-b377-8c58744591b1,1.7773409137798487e+18
2ca60e8e-201b-49a1-b377-8c58744591b1,1.7773409138131917e+18
2ca60e8e-201b-49a1-b377-8c58744591b1,1.7773409138465347e+18
2ca60e8e-201b-49a1-b377-8c58744591b1,1.7773409138798776e+18
2ca60e8e-201b-49a1-b377-8c58744591b1,1.7773409139132206e+18
2ca60e8e-201b-49a1-b377-8c58744591b1,1.7773409139465638e+18
2ca60e8e-201b-49a1-b377-8c58744591b1,1.7773409139799068e+18
2ca60e8e-201b-49a1-b377-8c58744591b1,1.7773409140132508e+18
2ca60e8e-201b-49a1-b377-8c58744591b1,1.7773409140465938e+18
2ca60e8e-201b-49a1-b377-8c58744591b1,1.7773409140799368e+18
2ca60e8e-201b-49a1-b377-8c58744591b1,1.7773409141132797e+18
2ca60e8e-201b-49a1-b377-8c58744591b1,1.7773409141466227e+18
2ca60e8e-201b-49a1-b377-8c58744591b1,1.7773409141799657e+18
2ca60e8e-201b-49a1-b377-8c58744591b1,1.7773409142133087e+18
2ca60e8e-201b-49a1-b377-8c58744591b1,1.7773409142466516e+18
2ca60e8e-201b-49a1-b377-8c58744591b1,1.7773409142799946e+18
2ca60e8e-201b-49a1-b377-8c58744591b1,1.7773409143133376e+18
2ca60e8e-201b-49a1-b377-8c58744591b1,1.7773409143466808e+18
2ca60e8e-201b-49a1-b377-8c58744591b1,1.7773409143800238e+18
2ca60e8e-201b-49a1-b377-8c58744591b1,1.7773409144133668e+18
2ca60e8e-201b-49a1-b377-8c58744591b1,1.7773409144467098e+18
2ca60e8e-201b-49a1-b377-8c58744591b1,1.7773409144800527e+18
2ca60e8e-201b-49a1-b377-8c58744591b1,1.7773409145133957e+18
2ca60e8e-201b-49a1-b377-8c58744591b1,1.7773409145467387e+18
2ca60e8e-201b-49a1-b377-8c58744591b1,1.7773409145800817e+18
2ca60e8e-201b-49a1-b377-8c58744591b1,1.7773409146134246e+18
2ca60e8e-201b-49a1-b377-8c58744591b1,1.7773409146467676e+18
2ca60e8e-201b-49a1-b377-8c58744591b1,1.7773409146801106e+18
2ca60e8e-201b-49a1-b377-8c58744591b1,1.7773409147134538e+18
2ca60e8e-201b-49a1-b377-8c58744591b1,1.7773409147467968e+18
2ca60e8e-201b-49a1-b377-8c58744591b1,1.7773409147801398e+18
2ca60e8e-201b-49a1-b377-8c58744591b1,1.7773409148134828e+18
2ca60e8e-201b-49a1-b377-8c58744591b1,1.7773409148468257e+18
2ca60e8e-201b-49a1-b377-8c58744591b1,1.7773409148801697e+18
2ca60e8e-201b-49a1-b377-8c58744591b1,1.7773409149135127e+18
2ca60e8e-201b-49a1-b377-8c58744591b1,1.7773409149468557e+18
2ca60e8e-201b-49a1-b377-8c58744591b1,1.7773409149801987e+18
2ca60e8e-201b-49a1-b377-8c58744591b1,1.7773409150135416e+18
2ca60e8e-201b-49a1-b377-8c58744591b1,1.7773409150468846e+18
2ca60e8e-201b-49a1-b377-8c58744591b1,1.7773409150802278e+18
2ca60e8e-201b-49a1-b377-8c58744591b1,1.7773409151135708e+18
2ca60e8e-201b-49a1-b377-8c58744591b1,1.7773409151469138e+18
2ca60e8e-201b-49a1-b377-8c58744591b1,1.7773409151802568e+18
2ca60e8e-201b-49a1-b377-8c58744591b1,1.7773409152135997e+18
2ca60e8e-201b-49a1-b377-8c58744591b1,1.7773409152469427e+18
2ca60e8e-201b-49a1-b377-8c58744591b1,1.7773409152802857e+18
2ca60e8e-201b-49a1-b377-8c58744591b1,1.7773409153136287e+18
2ca60e8e-201b-49a1-b377-8c58744591b1,1.7773409153469716e+18
2ca60e8e-201b-49a1-b377-8c58744591b1,1.7773409153803146e+18
2ca60e8e-201b-49a1-b377-8c58744591b1,1.7773409154136576e+18
2ca60e8e-201b-49a1-b377-8c58744591b1,1.7773409154470008e+18
2ca60e8e-201b-49a1-b377-8c58744591b1,1.7773409154803438e+18
2ca60e8e-201b-49a1-b377-8c58744591b1,1.7773409155136868e+18
2ca60e8e-201b-49a1-b377-8c58744591b1,1.7773409155470298e+18
2ca60e8e-201b-49a1-b377-8c58744591b1,1.7773409155803727e+18
2ca60e8e-201b-49a1-b377-8c58744591b1,1.7773409156137157e+18
2ca60e8e-201b-49a1-b377-8c58744591b1,1.7773409156470587e+18
2ca60e8e-201b-49a1-b377-8c58744591b1,1.7773409156804027e+18
2ca60e8e-201b-49a1-b377-8c58744591b1,1.7773409157137457e+18
2ca60e8e-201b-49a1-b377-8c58744591b1,1.7773409157470886e+18
2ca60e8e-201b-49a1-b377-8c58744591b1,1.7773409157804316e+18
2ca60e8e-201b-49a1-b377-8c58744591b1,1.7773409158137746e+18
2ca60e8e-201b-49a1-b377-8c58744591b1,1.7773409158471178e+18
2ca60e8e-201b-49a1-b377-8c58744591b1,1.7773409158804608e+18
2ca60e8e-201b-49a1-b377-8c58744591b1,1.7773409159138038e+18
2ca60e8e-201b-49a1-b377-8c58744591b1,1.7773409159471468e+18
2ca60e8e-201b-49a1-b377-8c58744591b1,1.7773409159804897e+18
2ca60e8e-201b-49a1-b377-8c58744591b1,1.7773409160138327e+18
2ca60e8e-201b-49a1-b377-8c58744591b1,1.7773409160471757e+18
2ca60e8e-201b-49a1-b377-8c58744591b1,1.7773409160805187e+18
2ca60e8e-201b-49a1-b377-8c58744591b1,1.7773409161138616e+18
2ca60e8e-201b-49a1-b377-8c58744591b1,1.7773409161472046e+18
2ca60e8e-201b-49a1-b377-8c58744591b1,1.7773409161805478e+18
2ca60e8e-201b-49a1-b377-8c58744591b1,1.7773409162138908e+18
2ca60e8e-201b-49a1-b377-8c58744591b1,1.7773409162472338e+18
2ca60e8e-201b-49a1-b377-8c58744591b1,1.7773409162805768e+18
2ca60e8e-201b-49a1-b377-8c58744591b1,1.7773409163139197e+18
2ca60e8e-201b-49a1-b377-8c58744591b1,1.7773409163472627e+18
2ca60e8e-201b-49a1-b377-8c58744591b1,1.7773409163806057e+18
2ca60e8e-201b-49a1-b377-8c58744591b1,1.7773409164139487e+18
2ca60e8e-201b-49a1-b377-8c58744591b1,1.7773409164472916e+18
2ca60e8e-201b-49a1-b377-8c58744591b1,1.7773409164806346e+18
2ca60e8e-201b-49a1-b377-8c58744591b1,1.7773409165139786e+18
2ca60e8e-201b-49a1-b377-8c58744591b1,1.7773409165473216e+18
2ca60e8e-201b-49a1-b377-8c58744591b1,1.7773409165806648e+18
2ca60e8e-201b-49a1-b377-8c58744591b1,1.7773409166140078e+18
2ca60e8e-201b-49a1-b377-8c58744591b1,1.7773409166473508e+18
2ca60e8e-201b-49a1-b377-8c58744591b1,1.7773409166806938e+18
2ca60e8e-201b-49a1-b377-8c58744591b1,1.7773409167140367e+18
2ca60e8e-201b-49a1-b377-8c58744591b1,1.7773409167473797e+18
2ca60e8e-201b-49a1-b377-8c58744591b1,1.7773409167807227e+18
2ca60e8e-201b-49a1-b377-8c58744591b1,1.7773409168140657e+18
2ca60e8e-201b-49a1-b377-8c58744591b1,1.7773409168474086e+18
2ca60e8e-201b-49a1-b377-8c58744591b1,1.7773409168807516e+18
2ca60e8e-201b-49a1-b377-8c58744591b1,1.7773409169140946e+18
2ca60e8e-201b-49a1-b377-8c58744591b1,1.7773409169474378e+18
2ca60e8e-201b-49a1-b377-8c58744591b1,1.7773409169807808e+18
2ca60e8e-201b-49a1-b377-8c58744591b1,1.7773409170141238e+18
2ca60e8e-201b-49a1-b377-8c58744591b1,1.7773409170474668e+18
2ca60e8e-201b-49a1-b377-8c58744591b1,1.7773409170808097e+18
2ca60e8e-201b-49a1-b377-8c58744591b1,1.7773409171141527e+18
2ca60e8e-201b-49a1-b377-8c58744591b1,1.7773409171474957e+18
2ca60e8e-201b-49a1-b377-8c58744591b1,1.7773409171808387e+18
2ca60e8e-201b-49a1-b377-8c58744591b1,1.7773409172141816e+18
2ca60e8e-201b-49a1-b377-8c58744591b1,1.7773409172475246e+18
2ca60e8e-201b-49a1-b377-8c58744591b1,1.7773409172808678e+18
2ca60e8e-201b-49a1-b377-8c58744591b1,1.7773409173142108e+18
2ca60e8e-201b-49a1-b377-8c58744591b1,1.7773409173475548e+18
2ca60e8e-201b-49a1-b377-8c58744591b1,1.7773409173808978e+18
2ca60e8e-201b-49a1-b377-8c58744591b1,1.7773409174142408e+18
2ca60e8e-201b-49a1-b377-8c58744591b1,1.7773409174475837e+18
2ca60e8e-201b-49a1-b377-8c58744591b1,1.7773409174809267e+18
2ca60e8e-201b-49a1-b377-8c58744591b1,1.7773409175142697e+18
2ca60e8e-201b-49a1-b377-8c58744591b1,1.7773409175476127e+18
2ca60e8e-201b-49a1-b377-8c58744591b1,1.7773409175809556e+18
2ca60e8e-201b-49a1-b377-8c58744591b1,1.7773409176142986e+18
2ca60e8e-201b-49a1-b377-8c58744591b1,1.7773409176476416e+18
2ca60e8e-201b-49a1-b377-8c58744591b1,1.7773409176809848e+18
2ca60e8e-201b-49a1-b377-8c58744591b1,1.7773409177143278e+18
2ca60e8e-201b-49a1-b377-8c58744591b1,1.7773409177476708e+18
2ca60e8e-201b-49a1-b377-8c58744591b1,1.7773409177810138e+18
2ca60e8e-201b-49a1-b377-8c58744591b1,1.7773409178143567e+18
2ca60e8e-201b-49a1-b377-8c58744591b1,1.7773409178476997e+18
2ca60e8e-201b-49a1-b377-8c58744591b1,1.7773409178810427e+18
2ca60e8e-201b-49a1-b377-8c58744591b1,1.7773409179143857e+18
2ca60e8e-201b-49a1-b377-8c58744591b1,1.7773409179477286e+18
2ca60e8e-201b-49a1-b377-8c58744591b1,1.7773409179810716e+18
2ca60e8e-201b-49a1-b377-8c58744591b1,1.7773409180144146e+18
2ca60e8e-201b-49a1-b377-8c58744591b1,1.7773409180477578e+18
2ca60e8e-201b-49a1-b377-8c58744591b1,1.7773409180811008e+18
2ca60e8e-201b-49a1-b377-8c58744591b1,1.7773409181144438e+18
2ca60e8e-201b-49a1-b377-8c58744591b1,1.7773409181477868e+18
2ca60e8e-201b-49a1-b377-8c58744591b1,1.7773409181811297e+18
2ca60e8e-201b-49a1-b377-8c58744591b1,1.7773409182144737e+18
2ca60e8e-201b-49a1-b377-8c58744591b1,1.7773409182478167e+18
2ca60e8e-201b-49a1-b377-8c58744591b1,1.7773409182811597e+18
2ca60e8e-201b-49a1-b377-8c58744591b1,1.7773409183145027e+18
2ca60e8e-201b-49a1-b377-8c58744591b1,1.7773409183478456e+18
2ca60e8e-201b-49a1-b377-8c58744591b1,1.7773409183811886e+18
2ca60e8e-201b-49a1-b377-8c58744591b1,1.7773409184145318e+18
2ca60e8e-201b-49a1-b377-8c58744591b1,1.7773409184478748e+18
2ca60e8e-201b-49a1-b377-8c58744591b1,1.7773409184812178e+18
2ca60e8e-201b-49a1-b377-8c58744591b1,1.7773409185145608e+18
2ca60e8e-201b-49a1-b377-8c58744591b1,1.7773409185479037e+18
2ca60e8e-201b-49a1-b377-8c58744591b1,1.7773409185812467e+18
2ca60e8e-201b-49a1-b377-8c58744591b1,1.7773409186145897e+18
2ca60e8e-201b-49a1-b377-8c58744591b1,1.7773409186479327e+18
2ca60e8e-201b-49a1-b377-8c58744591b1,1.7773409186812756e+18
2ca60e8e-201b-49a1-b377-8c58744591b1,1.7773409187146186e+18
2ca60e8e-201b-49a1-b377-8c58744591b1,1.7773409187479616e+18
2ca60e8e-201b-49a1-b377-8c58744591b1,1.7773409187813048e+18
2ca60e8e-201b-49a1-b377-8c58744591b1,1.7773409188146478e+18
2ca60e8e-201b-49a1-b377-8c58744591b1,1.7773409188479908e+18
2ca60e8e-201b-49a1-b377-8c58744591b1,1.7773409188813338e+18
2ca60e8e-201b-49a1-b377-8c58744591b1,1.7773409189146767e+18
2ca60e8e-201b-49a1-b377-8c58744591b1,1.7773409189480197e+18
2ca60e8e-201b-49a1-b377-8c58744591b1,1.7773409189813627e+18
2ca60e8e-201b-49a1-b377-8c58744591b1,1.7773409190147067e+18
2ca60e8e-201b-49a1-b377-8c58744591b1,1.7773409190480497e+18
2ca60e8e-201b-49a1-b377-8c58744591b1,1.7773409190813926e+18
2ca60e8e-201b-49a1-b377-8c58744591b1,1.7773409191147356e+18
2ca60e8e-201b-49a1-b377-8c58744591b1,1.7773409191480786e+18
2ca60e8e-201b-49a1-b377-8c58744591b1,1.7773409191814218e+18
2ca60e8e-201b-49a1-b377-8c58744591b1,1.7773409192147648e+18
2ca60e8e-201b-49a1-b377-8c58744591b1,1.7773409192481078e+18
2ca60e8e-201b-49a1-b377-8c58744591b1,1.7773409192814508e+18
2ca60e8e-201b-49a1-b377-8c58744591b1,1.7773409193147937e+18
2ca60e8e-201b-49a1-b377-8c58744591b1,1.7773409193481367e+18
2ca60e8e-201b-49a1-b377-8c58744591b1,1.7773409193814797e+18
2ca60e8e-201b-49a1-b377-8c58744591b1,1.7773409194148227e+18
2ca60e8e-201b-49a1-b377-8c58744591b1,1.7773409194481656e+18
2ca60e8e-201b-49a1-b377-8c58744591b1,1.7773409194815086e+18
2ca60e8e-201b-49a1-b377-8c58744591b1,1.7773409195148518e+18
2ca60e8e-201b-49a1-b377-8c58744591b1,1.7773409195481948e+18
2ca60e8e-201b-49a1-b377-8c58744591b1,1.7773409195815378e+18
2ca60e8e-201b-49a1-b377-8c58744591b1,1.7773409196148808e+18
2ca60e8e-201b-49a1-b377-8c58744591b1,1.7773409196482237e+18
2ca60e8e-201b-49a1-b377-8c58744591b1,1.7773409196815667e+18
2ca60e8e-201b-49a1-b377-8c58744591b1,1.7773409197149097e+18
2ca60e8e-201b-49a1-b377-8c58744591b1,1.7773409197482527e+18
2ca60e8e-201b-49a1-b377-8c58744591b1,1.7773409197815956e+18
2ca60e8e-201b-49a1-b377-8c58744591b1,1.7773409198149386e+18
2ca60e8e-201b-49a1-b377-8c58744591b1,1.7773409198482826e+18
2ca60e8e-201b-49a1-b377-8c58744591b1,1.7773409198816256e+18
2ca60e8e-201b-49a1-b377-8c58744591b1,1.7773409199149688e+18
2ca60e8e-201b-49a1-b377-8c58744591b1,1.7773409199483118e+18
2ca60e8e-201b-49a1-b377-8c58744591b1,1.7773409199816548e+18
2ca60e8e-201b-49a1-b377-8c58744591b1,1.7773409200149978e+18
2ca60e8e-201b-49a1-b377-8c58744591b1,1.7773409200483407e+18
2ca60e8e-201b-49a1-b377-8c58744591b1,1.7773409200816837e+18
2ca60e8e-201b-49a1-b377-8c58744591b1,1.7773409201150267e+18
2ca60e8e-201b-49a1-b377-8c58744591b1,1.7773409201483697e+18
2ca60e8e-201b-49a1-b377-8c58744591b1,1.7773409201817126e+18
2ca60e8e-201b-49a1-b377-8c58744591b1,1.7773409202150556e+18
2ca60e8e-201b-49a1-b377-8c58744591b1,1.7773409202483986e+18
2ca60e8e-201b-49a1-b377-8c58744591b1,1.7773409202817418e+18
2ca60e8e-201b-49a1-b377-8c58744591b1,1.7773409203150848e+18
2ca60e8e-201b-49a1-b377-8c58744591b1,1.7773409203484278e+18
2ca60e8e-201b-49a1-b377-8c58744591b1,1.7773409203817708e+18
2ca60e8e-201b-49a1-b377-8c58744591b1,1.7773409204151137e+18
2ca60e8e-201b-49a1-b377-8c58744591b1,1.7773409204484567e+18
2ca60e8e-201b-49a1-b377-8c58744591b1,1.7773409204817997e+18
2ca60e8e-201b-49a1-b377-8c58744591b1,1.7773409205151427e+18
2ca60e8e-201b-49a1-b377-8c58744591b1,1.7773409205484856e+18
2ca60e8e-201b-49a1-b377-8c58744591b1,1.7773409205818286e+18
2ca60e8e-201b-49a1-b377-8c58744591b1,1.7773409206151718e+18
2ca60e8e-201b-49a1-b377-8c58744591b1,1.7773409206485148e+18
2ca60e8e-201b-49a1-b377-8c58744591b1,1.7773409206818578e+18
2ca60e8e-201b-49a1-b377-8c58744591b1,1.7773409207152018e+18
2ca60e8e-201b-49a1-b377-8c58744591b1,1.7773409207485448e+18
2ca60e8e-201b-49a1-b377-8c58744591b1,1.7773409207818877e+18
2ca60e8e-201b-49a1-b377-8c58744591b1,1.7773409208152307e+18
2ca60e8e-201b-49a1-b377-8c58744591b1,1.7773409208485737e+18
2ca60e8e-201b-49a1-b377-8c58744591b1,1.7773409208819167e+18
2ca60e8e-201b-49a1-b377-8c58744591b1,1.7773409209152596e+18
2ca60e8e-201b-49a1-b377-8c58744591b1,1.7773409209486026e+18
2ca60e8e-201b-49a1-b377-8c58744591b1,1.7773409209819456e+18
2ca60e8e-201b-49a1-b377-8c58744591b1,1.7773409210152888e+18
2ca60e8e-201b-49a1-b377-8c58744591b1,1.7773409210486318e+18
2ca60e8e-201b-49a1-b377-8c58744591b1,1.7773409210819748e+18
2ca60e8e-201b-49a1-b377-8c58744591b1,1.7773409211153178e+18
2ca60e8e-201b-49a1-b377-8c58744591b1,1.7773409211486607e+18
2ca60e8e-201b-49a1-b377-8c58744591b1,1.7773409211820037e+18
2ca60e8e-201b-49a1-b377-8c58744591b1,1.7773409212153467e+18
2ca60e8e-201b-49a1-b377-8c58744591b1,1.7773409212486897e+18
2ca60e8e-201b-49a1-b377-8c58744591b1,1.7773409212820326e+18
2ca60e8e-201b-49a1-b377-8c58744591b1,1.7773409213153756e+18
2ca60e8e-201b-49a1-b377-8c58744591b1,1.7773409213487186e+18
2ca60e8e-201b-49a1-b377-8c58744591b1,1.7773409213820618e+18
2ca60e8e-201b-49a1-b377-8c58744591b1,1.7773409214154048e+18
2ca60e8e-201b-49a1-b377-8c58744591b1,1.7773409214487478e+18
2ca60e8e-201b-49a1-b377-8c58744591b1,1.7773409214820908e+18
2ca60e8e-201b-49a1-b377-8c58744591b1,1.7773409215154337e+18
2ca60e8e-201b-49a1-b377-8c58744591b1,1.7773409215487777e+18
2ca60e8e-201b-49a1-b377-8c58744591b1,1.7773409215821207e+18
2ca60e8e-201b-49a1-b377-8c58744591b1,1.7773409216154637e+18
2ca60e8e-201b-49a1-b377-8c58744591b1,1.7773409216488067e+18
2ca60e8e-201b-49a1-b377-8c58744591b1,1.7773409216821496e+18
2ca60e8e-201b-49a1-b377-8c58744591b1,1.7773409217154926e+18
2ca60e8e-201b-49a1-b377-8c58744591b1,1.7773409217488358e+18
2ca60e8e-201b-49a1-b377-8c58744591b1,1.7773409217821788e+18
2ca60e8e-201b-49a1-b377-8c58744591b1,1.7773409218155218e+18
2ca60e8e-201b-49a1-b377-8c58744591b1,1.7773409218488648e+18
2ca60e8e-201b-49a1-b377-8c58744591b1,1.7773409218822077e+18
2ca60e8e-201b-49a1-b377-8c58744591b1,1.7773409219155507e+18
2ca60e8e-201b-49a1-b377-8c58744591b1,1.7773409219488937e+18
2ca60e8e-201b-49a1-b377-8c58744591b1,1.7773409219822367e+18
2ca60e8e-201b-49a1-b377-8c58744591b1,1.7773409220155796e+18
2ca60e8e-201b-49a1-b377-8c58744591b1,1.7773409220489226e+18
2ca60e8e-201b-49a1-b377-8c58744591b1,1.7773409220822656e+18
2ca60e8e-201b-49a1-b377-8c58744591b1,1.7773409221156088e+18
2ca60e8e-201b-49a1-b377-8c58744591b1,1.7773409221489518e+18
2ca60e8e-201b-49a1-b377-8c58744591b1,1.7773409221822948e+18
2ca60e8e-201b-49a1-b377-8c58744591b1,1.7773409222156378e+18
2ca60e8e-201b-49a1-b377-8c58744591b1,1.7773409222489807e+18
2ca60e8e-201b-49a1-b377-8c58744591b1,1.7773409222823237e+18
2ca60e8e-201b-49a1-b377-8c58744591b1,1.7773409223156667e+18
2ca60e8e-201b-49a1-b377-8c58744591b1,1.7773409223490107e+18
2ca60e8e-201b-49a1-b377-8c58744591b1,1.7773409223823537e+18
2ca60e8e-201b-49a1-b377-8c58744591b1,1.7773409224156966e+18
2ca60e8e-201b-49a1-b377-8c58744591b1,1.7773409224490396e+18
2ca60e8e-201b-49a1-b377-8c58744591b1,1.7773409224823826e+18
2ca60e8e-201b-49a1-b377-8c58744591b1,1.7773409225157258e+18
2ca60e8e-201b-49a1-b377-8c58744591b1,1.7773409225490688e+18
2ca60e8e-201b-49a1-b377-8c58744591b1,1.7773409225824118e+18
2ca60e8e-201b-49a1-b377-8c58744591b1,1.7773409226157548e+18
2ca60e8e-201b-49a1-b377-8c58744591b1,1.7773409226490977e+18
2ca60e8e-201b-49a1-b377-8c58744591b1,1.7773409226824407e+18
2ca60e8e-201b-49a1-b377-8c58744591b1,1.7773409227157837e+18
2ca60e8e-201b-49a1-b377-8c58744591b1,1.7773409227491267e+18
2ca60e8e-201b-49a1-b377-8c58744591b1,1.7773409227824696e+18
2ca60e8e-201b-49a1-b377-8c58744591b1,1.7773409228158126e+18
2ca60e8e-201b-49a1-b377-8c58744591b1,1.7773409228491558e+18
2ca60e8e-201b-49a1-b377-8c58744591b1,1.7773409228824988e+18
2ca60e8e-201b-49a1-b377-8c58744591b1,1.7773409229158418e+18
2ca60e8e-201b-49a1-b377-8c58744591b1,1.7773409229491848e+18
2ca60e8e-201b-49a1-b377-8c58744591b1,1.7773409229825277e+18
2ca60e8e-201b-49a1-b377-8c58744591b1,1.7773409230158707e+18
2ca60e8e-201b-49a1-b377-8c58744591b1,1.7773409230492137e+18
2ca60e8e-201b-49a1-b377-8c58744591b1,1.7773409230825567e+18
2ca60e8e-201b-49a1-b377-8c58744591b1,1.7773409231158996e+18
2ca60e8e-201b-49a1-b377-8c58744591b1,1.7773409231492426e+18
2ca60e8e-201b-49a1-b377-8c58744591b1,1.7773409231825856e+18
2ca60e8e-201b-49a1-b377-8c58744591b1,1.7773409232159296e+18
2ca60e8e-201b-49a1-b377-8c58744591b1,1.7773409232492728e+18
2ca60e8e-201b-49a1-b377-8c58744591b1,1.7773409232826158e+18
2ca60e8e-201b-49a1-b377-8c58744591b1,1.7773409233159588e+18
2ca60e8e-201b-49a1-b377-8c58744591b1,1.7773409233493018e+18
2ca60e8e-201b-49a1-b377-8c58744591b1,1.7773409233826447e+18
2ca60e8e-201b-49a1-b377-8c58744591b1,1.7773409234159877e+18
2ca60e8e-201b-49a1-b377-8c58744591b1,1.7773409234493307e+18
2ca60e8e-201b-49a1-b377-8c58744591b1,1.7773409234826737e+18
2ca60e8e-201b-49a1-b377-8c58744591b1,1.7773409235160166e+18
2ca60e8e-201b-49a1-b377-8c58744591b1,1.7773409235493596e+18
2ca60e8e-201b-49a1-b377-8c58744591b1,1.7773409235827026e+18
2ca60e8e-201b-49a1-b377-8c58744591b1,1.7773409236160458e+18
2ca60e8e-201b-49a1-b377-8c58744591b1,1.7773409236493888e+18
2ca60e8e-201b-49a1-b377-8c58744591b1,1.7773409236827318e+18
2ca60e8e-201b-49a1-b377-8c58744591b1,1.7773409237160748e+18
2ca60e8e-201b-49a1-b377-8c58744591b1,1.7773409237494177e+18
2ca60e8e-201b-49a1-b377-8c58744591b1,1.7773409237827607e+18
2ca60e8e-201b-49a1-b377-8c58744591b1,1.7773409238161037e+18
2ca60e8e-201b-49a1-b377-8c58744591b1,1.7773409238494467e+18
2ca60e8e-201b-49a1-b377-8c58744591b1,1.7773409238827896e+18
2ca60e8e-201b-49a1-b377-8c58744591b1,1.7773409239161326e+18
2ca60e8e-201b-49a1-b377-8c58744591b1,1.7773409239494758e+18
2ca60e8e-201b-49a1-b377-8c58744591b1,1.7773409239828188e+18
2ca60e8e-201b-49a1-b377-8c58744591b1,1.7773409240161618e+18
2ca60e8e-201b-49a1-b377-8c58744591b1,1.7773409240495058e+18
2ca60e8e-201b-49a1-b377-8c58744591b1,1.7773409240828488e+18
2ca60e8e-201b-49a1-b377-8c58744591b1,1.7773409241161917e+18
2ca60e8e-201b-49a1-b377-8c58744591b1,1.7773409241495347e+18
2ca60e8e-201b-49a1-b377-8c58744591b1,1.7773409241828777e+18
2ca60e8e-201b-49a1-b377-8c58744591b1,1.7773409242162207e+18
2ca60e8e-201b-49a1-b377-8c58744591b1,1.7773409242495636e+18
2ca60e8e-201b-49a1-b377-8c58744591b1,1.7773409242829066e+18
2ca60e8e-201b-49a1-b377-8c58744591b1,1.7773409243162496e+18
2ca60e8e-201b-49a1-b377-8c58744591b1,1.7773409243495928e+18
2ca60e8e-201b-49a1-b377-8c58744591b1,1.7773409243829358e+18
2ca60e8e-201b-49a1-b377-8c58744591b1,1.7773409244162788e+18
2ca60e8e-201b-49a1-b377-8c58744591b1,1.7773409244496218e+18
2ca60e8e-201b-49a1-b377-8c58744591b1,1.7773409244829647e+18
2ca60e8e-201b-49a1-b377-8c58744591b1,1.7773409245163077e+18
2ca60e8e-201b-49a1-b377-8c58744591b1,1.7773409245496507e+18
2ca60e8e-201b-49a1-b377-8c58744591b1,1.7773409245829937e+18
2ca60e8e-201b-49a1-b377-8c58744591b1,1.7773409246163366e+18
2ca60e8e-201b-49a1-b377-8c58744591b1,1.7773409246496796e+18
2ca60e8e-201b-49a1-b377-8c58744591b1,1.7773409246830226e+18
2ca60e8e-201b-49a1-b377-8c58744591b1,1.7773409247163658e+18
2ca60e8e-201b-49a1-b377-8c58744591b1,1.7773409247497088e+18
2ca60e8e-201b-49a1-b377-8c58744591b1,1.7773409247830518e+18
2ca60e8e-201b-49a1-b377-8c58744591b1,1.7773409248163948e+18
2ca60e8e-201b-49a1-b377-8c58744591b1,1.7773409248497377e+18
2ca60e8e-201b-49a1-b377-8c58744591b1,1.7773409248830817e+18
2ca60e8e-201b-49a1-b377-8c58744591b1,1.7773409249164247e+18
2ca60e8e-201b-49a1-b377-8c58744591b1,1.7773409249497677e+18
2ca60e8e-201b-49a1-b377-8c58744591b1,1.7773409249831107e+18
2ca60e8e-201b-49a1-b377-8c58744591b1,1.7773409250164536e+18
2ca60e8e-201b-49a1-b377-8c58744591b1,1.7773409250497966e+18
2ca60e8e-201b-49a1-b377-8c58744591b1,1.7773409250831398e+18
2ca60e8e-201b-49a1-b377-8c58744591b1,1.7773409251164828e+18
2ca60e8e-201b-49a1-b377-8c58744591b1,1.7773409251498258e+18
2ca60e8e-201b-49a1-b377-8c58744591b1,1.7773409251831688e+18
2ca60e8e-201b-49a1-b377-8c58744591b1,1.7773409252165117e+18
2ca60e8e-201b-49a1-b377-8c58744591b1,1.7773409252498547e+18
2ca60e8e-201b-49a1-b377-8c58744591b1,1.7773409252831977e+18
2ca60e8e-201b-49a1-b377-8c58744591b1,1.7773409253165407e+18
2ca60e8e-201b-49a1-b377-8c58744591b1,1.7773409253498836e+18
2ca60e8e-201b-49a1-b377-8c58744591b1,1.7773409253832266e+18
2ca60e8e-201b-49a1-b377-8c58744591b1,1.7773409254165696e+18
2ca60e8e-201b-49a1-b377-8c58744591b1,1.7773409254499128e+18
2ca60e8e-201b-49a1-b377-8c58744591b1,1.7773409254832558e+18
2ca60e8e-201b-49a1-b377-8c58744591b1,1.7773409255165988e+18
2ca60e8e-201b-49a1-b377-8c58744591b1,1.7773409255499418e+18
2ca60e8e-201b-49a1-b377-8c58744591b1,1.7773409255832847e+18
2ca60e8e-201b-49a1-b377-8c58744591b1,1.7773409256166277e+18
2ca60e8e-201b-49a1-b377-8c58744591b1,1.7773409256499707e+18
2ca60e8e-201b-49a1-b377-8c58744591b1,1.7773409256833147e+18
2ca60e8e-201b-49a1-b377-8c58744591b1,1.7773409257166577e+18
2ca60e8e-201b-49a1-b377-8c58744591b1,1.7773409257500006e+18
2ca60e8e-201b-49a1-b377-8c58744591b1,1.7773409257833436e+18
2ca60e8e-201b-49a1-b377-8c58744591b1,1.7773409258166866e+18
2ca60e8e-201b-49a1-b377-8c58744591b1,1.7773409258500298e+18
2ca60e8e-201b-49a1-b377-8c58744591b1,1.7773409258833728e+18
2ca60e8e-201b-49a1-b377-8c58744591b1,1.7773409259167158e+18
2ca60e8e-201b-49a1-b377-8c58744591b1,1.7773409259500588e+18
2ca60e8e-201b-49a1-b377-8c58744591b1,1.7773409259834017e+18
2ca60e8e-201b-49a1-b377-8c58744591b1,1.7773409260167447e+18
2ca60e8e-201b-49a1-b377-8c58744591b1,1.7773409260500877e+18
2ca60e8e-201b-49a1-b377-8c58744591b1,1.7773409260834307e+18
2ca60e8e-201b-49a1-b377-8c58744591b1,1.7773409261167736e+18
2ca60e8e-201b-49a1-b377-8c58744591b1,1.7773409261501166e+18
2ca60e8e-201b-49a1-b377-8c58744591b1,1.7773409261834598e+18
2ca60e8e-201b-49a1-b377-8c58744591b1,1.7773409262168028e+18
2ca60e8e-201b-49a1-b377-8c58744591b1,1.7773409262501458e+18
2ca60e8e-201b-49a1-b377-8c58744591b1,1.7773409262834888e+18
2ca60e8e-201b-49a1-b377-8c58744591b1,1.7773409263168317e+18
2ca60e8e-201b-49a1-b377-8c58744591b1,1.7773409263501747e+18
2ca60e8e-201b-49a1-b377-8c58744591b1,1.7773409263835177e+18
2ca60e8e-201b-49a1-b377-8c58744591b1,1.7773409264168607e+18
2ca60e8e-201b-49a1-b377-8c58744591b1,1.7773409264502036e+18
2ca60e8e-201b-49a1-b377-8c58744591b1,1.7773409264835466e+18
2ca60e8e-201b-49a1-b377-8c58744591b1,1.7773409265168896e+18
2ca60e8e-201b-49a1-b377-8c58744591b1,1.7773409265502336e+18
2ca60e8e-201b-49a1-b377-8c58744591b1,1.7773409265835768e+18
2ca60e8e-201b-49a1-b377-8c58744591b1,1.7773409266169198e+18
2ca60e8e-201b-49a1-b377-8c58744591b1,1.7773409266502628e+18
2ca60e8e-201b-49a1-b377-8c58744591b1,1.7773409266836058e+18
2ca60e8e-201b-49a1-b377-8c58744591b1,1.7773409267169487e+18
2ca60e8e-201b-49a1-b377-8c58744591b1,1.7773409267502917e+18
2ca60e8e-201b-49a1-b377-8c58744591b1,1.7773409267836347e+18
2ca60e8e-201b-49a1-b377-8c58744591b1,1.7773409268169777e+18
2ca60e8e-201b-49a1-b377-8c58744591b1,1.7773409268503206e+18
2ca60e8e-201b-49a1-b377-8c58744591b1,1.7773409268836636e+18
2ca60e8e-201b-49a1-b377-8c58744591b1,1.7773409269170066e+18
2ca60e8e-201b-49a1-b377-8c58744591b1,1.7773409269503498e+18
2ca60e8e-201b-49a1-b377-8c58744591b1,1.7773409269836928e+18
2ca60e8e-201b-49a1-b377-8c58744591b1,1.7773409270170358e+18
2ca60e8e-201b-49a1-b377-8c58744591b1,1.7773409270503788e+18
2ca60e8e-201b-49a1-b377-8c58744591b1,1.7773409270837217e+18
2ca60e8e-201b-49a1-b377-8c58744591b1,1.7773409271170647e+18
2ca60e8e-201b-49a1-b377-8c58744591b1,1.7773409271504077e+18
2ca60e8e-201b-49a1-b377-8c58744591b1,1.7773409271837507e+18
2ca60e8e-201b-49a1-b377-8c58744591b1,1.7773409272170936e+18
2ca60e8e-201b-49a1-b377-8c58744591b1,1.7773409272504366e+18
2ca60e8e-201b-49a1-b377-8c58744591b1,1.7773409272837798e+18
2ca60e8e-201b-49a1-b377-8c58744591b1,1.7773409273171228e+18
2ca60e8e-201b-49a1-b377-8c58744591b1,1.7773409273504658e+18
2ca60e8e-201b-49a1-b377-8c58744591b1,1.7773409273838088e+18
2ca60e8e-201b-49a1-b377-8c58744591b1,1.7773409274171528e+18
2ca60e8e-201b-49a1-b377-8c58744591b1,1.7773409274504957e+18
2ca60e8e-201b-49a1-b377-8c58744591b1,1.7773409274838387e+18
2ca60e8e-201b-49a1-b377-8c58744591b1,1.7773409275171817e+18
2ca60e8e-201b-49a1-b377-8c58744591b1,1.7773409275505247e+18
2ca60e8e-201b-49a1-b377-8c58744591b1,1.7773409275838676e+18
2ca60e8e-201b-49a1-b377-8c58744591b1,1.7773409276172106e+18
2ca60e8e-201b-49a1-b377-8c58744591b1,1.7773409276505536e+18
2ca60e8e-201b-49a1-b377-8c58744591b1,1.7773409276838968e+18
2ca60e8e-201b-49a1-b377-8c58744591b1,1.7773409277172398e+18
2ca60e8e-201b-49a1-b377-8c58744591b1,1.7773409277505828e+18
2ca60e8e-201b-49a1-b377-8c58744591b1,1.7773409277839258e+18
2ca60e8e-201b-49a1-b377-8c58744591b1,1.7773409278172687e+18
2ca60e8e-201b-49a1-b377-8c58744591b1,1.7773409278506117e+18
2ca60e8e-201b-49a1-b377-8c58744591b1,1.7773409278839547e+18
2ca60e8e-201b-49a1-b377-8c58744591b1,1.7773409279172977e+18
2ca60e8e-201b-49a1-b377-8c58744591b1,1.7773409279506406e+18
2ca60e8e-201b-49a1-b377-8c58744591b1,1.7773409279839836e+18
2ca60e8e-201b-49a1-b377-8c58744591b1,1.7773409280173266e+18
2ca60e8e-201b-49a1-b377-8c58744591b1,1.7773409280506698e+18
2ca60e8e-201b-49a1-b377-8c58744591b1,1.7773409280840128e+18
2ca60e8e-201b-49a1-b377-8c58744591b1,1.7773409281173558e+18
2ca60e8e-201b-49a1-b377-8c58744591b1,1.7773409281506988e+18
2ca60e8e-201b-49a1-b377-8c58744591b1,1.7773409281840417e+18
2ca60e8e-201b-49a1-b377-8c58744591b1,1.7773409282173857e+18
2ca60e8e-201b-49a1-b377-8c58744591b1,1.7773409282507287e+18
2ca60e8e-201b-49a1-b377-8c58744591b1,1.7773409282840717e+18
2ca60e8e-201b-49a1-b377-8c58744591b1,1.7773409283174147e+18
2ca60e8e-201b-49a1-b377-8c58744591b1,1.7773409283507576e+18
2ca60e8e-201b-49a1-b377-8c58744591b1,1.7773409283841006e+18
2ca60e8e-201b-49a1-b377-8c58744591b1,1.7773409284174438e+18
2ca60e8e-201b-49a1-b377-8c58744591b1,1.7773409284507868e+18
2ca60e8e-201b-49a1-b377-8c58744591b1,1.7773409284841298e+18
2ca60e8e-201b-49a1-b377-8c58744591b1,1.7773409285174728e+18
2ca60e8e-201b-49a1-b377-8c58744591b1,1.7773409285508157e+18
2ca60e8e-201b-49a1-b377-8c58744591b1,1.7773409285841587e+18
2ca60e8e-201b-49a1-b377-8c58744591b1,1.7773409286175017e+18
2ca60e8e-201b-49a1-b377-8c58744591b1,1.7773409286508447e+18
2ca60e8e-201b-49a1-b377-8c58744591b1,1.7773409286841876e+18
2ca60e8e-201b-49a1-b377-8c58744591b1,1.7773409287175306e+18
2ca60e8e-201b-49a1-b377-8c58744591b1,1.7773409287508736e+18
2ca60e8e-201b-49a1-b377-8c58744591b1,1.7773409287842168e+18
2ca60e8e-201b-49a1-b377-8c58744591b1,1.7773409288175598e+18
2ca60e8e-201b-49a1-b377-8c58744591b1,1.7773409288509028e+18
2ca60e8e-201b-49a1-b377-8c58744591b1,1.7773409288842458e+18
2ca60e8e-201b-49a1-b377-8c58744591b1,1.7773409289175887e+18
2ca60e8e-201b-49a1-b377-8c58744591b1,1.7773409289509317e+18
2ca60e8e-201b-49a1-b377-8c58744591b1,1.7773409289842747e+18
2ca60e8e-201b-49a1-b377-8c58744591b1,1.7773409290176177e+18
2ca60e8e-201b-49a1-b377-8c58744591b1,1.7773409290509617e+18
2ca60e8e-201b-49a1-b377-8c58744591b1,1.7773409290843046e+18
2ca60e8e-201b-49a1-b377-8c58744591b1,1.7773409291176476e+18
2ca60e8e-201b-49a1-b377-8c58744591b1,1.7773409291509906e+18
2ca60e8e-201b-49a1-b377-8c58744591b1,1.7773409291843338e+18
2ca60e8e-201b-49a1-b377-8c58744591b1,1.7773409292176768e+18
2ca60e8e-201b-49a1-b377-8c58744591b1,1.7773409292510198e+18
2ca60e8e-201b-49a1-b377-8c58744591b1,1.7773409292843628e+18
2ca60e8e-201b-49a1-b377-8c58744591b1,1.7773409293177057e+18
2ca60e8e-201b-49a1-b377-8c58744591b1,1.7773409293510487e+18
2ca60e8e-201b-49a1-b377-8c58744591b1,1.7773409293843917e+18
2ca60e8e-201b-49a1-b377-8c58744591b1,1.7773409294177347e+18
2ca60e8e-201b-49a1-b377-8c58744591b1,1.7773409294510776e+18
2ca60e8e-201b-49a1-b377-8c58744591b1,1.7773409294844206e+18
2ca60e8e-201b-49a1-b377-8c58744591b1,1.7773409295177638e+18
2ca60e8e-201b-49a1-b377-8c58744591b1,1.7773409295511068e+18
2ca60e8e-201b-49a1-b377-8c58744591b1,1.7773409295844498e+18
2ca60e8e-201b-49a1-b377-8c58744591b1,1.7773409296177928e+18
2ca60e8e-201b-49a1-b377-8c58744591b1,1.7773409296511357e+18
2ca60e8e-201b-49a1-b377-8c58744591b1,1.7773409296844787e+18
2ca60e8e-201b-49a1-b377-8c58744591b1,1.7773409297178217e+18
2ca60e8e-201b-49a1-b377-8c58744591b1,1.7773409297511647e+18
2ca60e8e-201b-49a1-b377-8c58744591b1,1.7773409297845076e+18
2ca60e8e-201b-49a1-b377-8c58744591b1,1.7773409298178506e+18
2ca60e8e-201b-49a1-b377-8c58744591b1,1.7773409298511936e+18
2ca60e8e-201b-49a1-b377-8c58744591b1,1.7773409298845368e+18
2ca60e8e-201b-49a1-b377-8c58744591b1,1.7773409299178808e+18
2ca60e8e-201b-49a1-b377-8c58744591b1,1.7773409299512238e+18
2ca60e8e-201b-49a1-b377-8c58744591b1,1.7773409299845668e+18
2ca60e8e-201b-49a1-b377-8c58744591b1,1.7773409300179098e+18
2ca60e8e-201b-49a1-b377-8c58744591b1,1.7773409300512527e+18
2ca60e8e-201b-49a1-b377-8c58744591b1,1.7773409300845957e+18
2ca60e8e-201b-49a1-b377-8c58744591b1,1.7773409301179387e+18
2ca60e8e-201b-49a1-b377-8c58744591b1,1.7773409301512817e+18
2ca60e8e-201b-49a1-b377-8c58744591b1,1.7773409301846246e+18
2ca60e8e-201b-49a1-b377-8c58744591b1,1.7773409302179676e+18
2ca60e8e-201b-49a1-b377-8c58744591b1,1.7773409302513106e+18
2ca60e8e-201b-49a1-b377-8c58744591b1,1.7773409302846538e+18
2ca60e8e-201b-49a1-b377-8c58744591b1,1.7773409303179968e+18
2ca60e8e-201b-49a1-b377-8c58744591b1,1.7773409303513398e+18
2ca60e8e-201b-49a1-b377-8c58744591b1,1.7773409303846828e+18
2ca60e8e-201b-49a1-b377-8c58744591b1,1.7773409304180257e+18
2ca60e8e-201b-49a1-b377-8c58744591b1,1.7773409304513687e+18
2ca60e8e-201b-49a1-b377-8c58744591b1,1.7773409304847117e+18
2ca60e8e-201b-49a1-b377-8c58744591b1,1.7773409305180547e+18
2ca60e8e-201b-49a1-b377-8c58744591b1,1.7773409305513976e+18
2ca60e8e-201b-49a1-b377-8c58744591b1,1.7773409305847406e+18
2ca60e8e-201b-49a1-b377-8c58744591b1,1.7773409306180838e+18
2ca60e8e-201b-49a1-b377-8c58744591b1,1.7773409306514268e+18
2ca60e8e-201b-49a1-b377-8c58744591b1,1.7773409306847698e+18
2ca60e8e-201b-49a1-b377-8c58744591b1,1.7773409307181128e+18
2ca60e8e-201b-49a1-b377-8c58744591b1,1.7773409307514557e+18
2ca60e8e-201b-49a1-b377-8c58744591b1,1.7773409307847997e+18
2ca60e8e-201b-49a1-b377-8c58744591b1,1.7773409308181427e+18
2ca60e8e-201b-49a1-b377-8c58744591b1,1.7773409308514857e+18
2ca60e8e-201b-49a1-b377-8c58744591b1,1.7773409308848287e+18
2ca60e8e-201b-49a1-b377-8c58744591b1,1.7773409309181716e+18
2ca60e8e-201b-49a1-b377-8c58744591b1,1.7773409309515146e+18
2ca60e8e-201b-49a1-b377-8c58744591b1,1.7773409309848576e+18
2ca60e8e-201b-49a1-b377-8c58744591b1,1.7773409310182008e+18
2ca60e8e-201b-49a1-b377-8c58744591b1,1.7773409310515438e+18
2ca60e8e-201b-49a1-b377-8c58744591b1,1.7773409310848868e+18
2ca60e8e-201b-49a1-b377-8c58744591b1,1.7773409311182298e+18
2ca60e8e-201b-49a1-b377-8c58744591b1,1.7773409311515727e+18
2ca60e8e-201b-49a1-b377-8c58744591b1,1.7773409311849157e+18
2ca60e8e-201b-49a1-b377-8c58744591b1,1.7773409312182587e+18
2ca60e8e-201b-49a1-b377-8c58744591b1,1.7773409312516017e+18
2ca60e8e-201b-49a1-b377-8c58744591b1,1.7773409312849446e+18
2ca60e8e-201b-49a1-b377-8c58744591b1,1.7773409313182876e+18
2ca60e8e-201b-49a1-b377-8c58744591b1,1.7773409313516306e+18
2ca60e8e-201b-49a1-b377-8c58744591b1,1.7773409313849738e+18
2ca60e8e-201b-49a1-b377-8c58744591b1,1.7773409314183168e+18
2ca60e8e-201b-49a1-b377-8c58744591b1,1.7773409314516598e+18
2ca60e8e-201b-49a1-b377-8c58744591b1,1.7773409314850028e+18
2ca60e8e-201b-49a1-b377-8c58744591b1,1.7773409315183457e+18
2ca60e8e-201b-49a1-b377-8c58744591b1,1.7773409315516897e+18
2ca60e8e-201b-49a1-b377-8c58744591b1,1.7773409315850327e+18
2ca60e8e-201b-49a1-b377-8c58744591b1,1.7773409316183757e+18
2ca60e8e-201b-49a1-b377-8c58744591b1,1.7773409316517187e+18
2ca60e8e-201b-49a1-b377-8c58744591b1,1.7773409316850616e+18
2ca60e8e-201b-49a1-b377-8c58744591b1,1.7773409317184046e+18
2ca60e8e-201b-49a1-b377-8c58744591b1,1.7773409317517478e+18
2ca60e8e-201b-49a1-b377-8c58744591b1,1.7773409317850908e+18
2ca60e8e-201b-49a1-b377-8c58744591b1,1.7773409318184338e+18
2ca60e8e-201b-49a1-b377-8c58744591b1,1.7773409318517768e+18
2ca60e8e-201b-49a1-b377-8c58744591b1,1.7773409318851197e+18
2ca60e8e-201b-49a1-b377-8c58744591b1,1.7773409319184627e+18
2ca60e8e-201b-49a1-b377-8c58744591b1,1.7773409319518057e+18
2ca60e8e-201b-49a1-b377-8c58744591b1,1.7773409319851487e+18
2ca60e8e-201b-49a1-b377-8c58744591b1,1.7773409320184916e+18
2ca60e8e-201b-49a1-b377-8c58744591b1,1.7773409320518346e+18
2ca60e8e-201b-49a1-b377-8c58744591b1,1.7773409320851776e+18
2ca60e8e-201b-49a1-b377-8c58744591b1,1.7773409321185208e+18
2ca60e8e-201b-49a1-b377-8c58744591b1,1.7773409321518638e+18
2ca60e8e-201b-49a1-b377-8c58744591b1,1.7773409321852068e+18
2ca60e8e-201b-49a1-b377-8c58744591b1,1.7773409322185498e+18
2ca60e8e-201b-49a1-b377-8c58744591b1,1.7773409322518927e+18
2ca60e8e-201b-49a1-b377-8c58744591b1,1.7773409322852357e+18
2ca60e8e-201b-49a1-b377-8c58744591b1,1.7773409323185787e+18
2ca60e8e-201b-49a1-b377-8c58744591b1,1.7773409323519217e+18
2ca60e8e-201b-49a1-b377-8c58744591b1,1.7773409323852657e+18
2ca60e8e-201b-49a1-b377-8c58744591b1,1.7773409324186086e+18
2ca60e8e-201b-49a1-b377-8c58744591b1,1.7773409324519516e+18
2ca60e8e-201b-49a1-b377-8c58744591b1,1.7773409324852946e+18
2ca60e8e-201b-49a1-b377-8c58744591b1,1.7773409325186378e+18
2ca60e8e-201b-49a1-b377-8c58744591b1,1.7773409325519808e+18
2ca60e8e-201b-49a1-b377-8c58744591b1,1.7773409325853238e+18
2ca60e8e-201b-49a1-b377-8c58744591b1,1.7773409326186668e+18
2ca60e8e-201b-49a1-b377-8c58744591b1,1.7773409326520097e+18
2ca60e8e-201b-49a1-b377-8c58744591b1,1.7773409326853527e+18
2ca60e8e-201b-49a1-b377-8c58744591b1,1.7773409327186957e+18
2ca60e8e-201b-49a1-b377-8c58744591b1,1.7773409327520387e+18
2ca60e8e-201b-49a1-b377-8c58744591b1,1.7773409327853816e+18
2ca60e8e-201b-49a1-b377-8c58744591b1,1.7773409328187246e+18
2ca60e8e-201b-49a1-b377-8c58744591b1,1.7773409328520678e+18
2ca60e8e-201b-49a1-b377-8c58744591b1,1.7773409328854108e+18
2ca60e8e-201b-49a1-b377-8c58744591b1,1.7773409329187538e+18
2ca60e8e-201b-49a1-b377-8c58744591b1,1.7773409329520968e+18
2ca60e8e-201b-49a1-b377-8c58744591b1,1.7773409329854397e+18
2ca60e8e-201b-49a1-b377-8c58744591b1,1.7773409330187827e+18
2ca60e8e-201b-49a1-b377-8c58744591b1,1.7773409330521257e+18
2ca60e8e-201b-49a1-b377-8c58744591b1,1.7773409330854687e+18
2ca60e8e-201b-49a1-b377-8c58744591b1,1.7773409331188116e+18
2ca60e8e-201b-49a1-b377-8c58744591b1,1.7773409331521546e+18
2ca60e8e-201b-49a1-b377-8c58744591b1,1.7773409331854976e+18
2ca60e8e-201b-49a1-b377-8c58744591b1,1.7773409332188408e+18
2ca60e8e-201b-49a1-b377-8c58744591b1,1.7773409332521848e+18
2ca60e8e-201b-49a1-b377-8c58744591b1,1.7773409332855278e+18
2ca60e8e-201b-49a1-b377-8c58744591b1,1.7773409333188708e+18
2ca60e8e-201b-49a1-b377-8c58744591b1,1.7773409333522138e+18
2ca60e8e-201b-49a1-b377-8c58744591b1,1.7773409333855567e+18
2ca60e8e-201b-49a1-b377-8c58744591b1,1.7773409334188997e+18
2ca60e8e-201b-49a1-b377-8c58744591b1,1.7773409334522427e+18
2ca60e8e-201b-49a1-b377-8c58744591b1,1.7773409334855857e+18
2ca60e8e-201b-49a1-b377-8c58744591b1,1.7773409335189286e+18
2ca60e8e-201b-49a1-b377-8c58744591b1,1.7773409335522716e+18
2ca60e8e-201b-49a1-b377-8c58744591b1,1.7773409335856146e+18
2ca60e8e-201b-49a1-b377-8c58744591b1,1.7773409336189578e+18
2ca60e8e-201b-49a1-b377-8c58744591b1,1.7773409336523008e+18
2ca60e8e-201b-49a1-b377-8c58744591b1,1.7773409336856438e+18
2ca60e8e-201b-49a1-b377-8c58744591b1,1.7773409337189868e+18
2ca60e8e-201b-49a1-b377-8c58744591b1,1.7773409337523297e+18
2ca60e8e-201b-49a1-b377-8c58744591b1,1.7773409337856727e+18
2ca60e8e-201b-49a1-b377-8c58744591b1,1.7773409338190157e+18
2ca60e8e-201b-49a1-b377-8c58744591b1,1.7773409338523587e+18
2ca60e8e-201b-49a1-b377-8c58744591b1,1.7773409338857016e+18
2ca60e8e-201b-49a1-b377-8c58744591b1,1.7773409339190446e+18
2ca60e8e-201b-49a1-b377-8c58744591b1,1.7773409339523878e+18
2ca60e8e-201b-49a1-b377-8c58744591b1,1.7773409339857308e+18
2ca60e8e-201b-49a1-b377-8c58744591b1,1.7773409340190738e+18
2ca60e8e-201b-49a1-b377-8c58744591b1,1.7773409340524168e+18
2ca60e8e-201b-49a1-b377-8c58744591b1,1.7773409340857597e+18
2ca60e8e-201b-49a1-b377-8c58744591b1,1.7773409341191037e+18
2ca60e8e-201b-49a1-b377-8c58744591b1,1.7773409341524467e+18
2ca60e8e-201b-49a1-b377-8c58744591b1,1.7773409341857897e+18
2ca60e8e-201b-49a1-b377-8c58744591b1,1.7773409342191327e+18
2ca60e8e-201b-49a1-b377-8c58744591b1,1.7773409342524756e+18
2ca60e8e-201b-49a1-b377-8c58744591b1,1.7773409342858186e+18
2ca60e8e-201b-49a1-b377-8c58744591b1,1.7773409343191616e+18
2ca60e8e-201b-49a1-b377-8c58744591b1,1.7773409343525048e+18
2ca60e8e-201b-49a1-b377-8c58744591b1,1.7773409343858478e+18
2ca60e8e-201b-49a1-b377-8c58744591b1,1.7773409344191908e+18
2ca60e8e-201b-49a1-b377-8c58744591b1,1.7773409344525338e+18
2ca60e8e-201b-49a1-b377-8c58744591b1,1.7773409344858767e+18
2ca60e8e-201b-49a1-b377-8c58744591b1,1.7773409345192197e+18
2ca60e8e-201b-49a1-b377-8c58744591b1,1.7773409345525627e+18
2ca60e8e-201b-49a1-b377-8c58744591b1,1.7773409345859057e+18
2ca60e8e-201b-49a1-b377-8c58744591b1,1.7773409346192486e+18
2ca60e8e-201b-49a1-b377-8c58744591b1,1.7773409346525916e+18
2ca60e8e-201b-49a1-b377-8c58744591b1,1.7773409346859346e+18
2ca60e8e-201b-49a1-b377-8c58744591b1,1.7773409347192778e+18
2ca60e8e-201b-49a1-b377-8c58744591b1,1.7773409347526208e+18
2ca60e8e-201b-49a1-b377-8c58744591b1,1.7773409347859638e+18
