recording id,timestamp [ns]
6c7fb8e3-f781-4e38-89cb-3552c159abcd,1.7773447711223265e+18
6c7fb8e3-f781-4e38-89cb-3552c159abcd,1.7773447711556598e+18
6c7fb8e3-f781-4e38-89cb-3552c159abcd,1.777344771188993e+18
6c7fb8e3-f781-4e38-89cb-3552c159abcd,1.7773447712223263e+18
6c7fb8e3-f781-4e38-89cb-3552c159abcd,1.7773447712556595e+18
6c7fb8e3-f781-4e38-89cb-3552c159abcd,1.7773447712889928e+18
6c7fb8e3-f781-4e38-89cb-3552c159abcd,1.7773447712906714e+18
6c7fb8e3-f781-4e38-89cb-3552c159abcd,1.7773447713037373e+18
6c7fb8e3-f781-4e38-89cb-3552c159abcd,1.7773447713370803e+18
6c7fb8e3-f781-4e38-89cb-3552c159abcd,1.7773447713704223e+18
6c7fb8e3-f781-4e38-89cb-3552c159abcd,1.7773447714037642e+18
6c7fb8e3-f781-4e38-89cb-3552c159abcd,1.7773447714371072e+18
6c7fb8e3-f781-4e38-89cb-3552c159abcd,1.7773447714704492e+18
6c7fb8e3-f781-4e38-89cb-3552c159abcd,1.777344771503792e+18
6c7fb8e3-f781-4e38-89cb-3552c159abcd,1.7773447715371343e+18
6c7fb8e3-f781-4e38-89cb-3552c159abcd,1.7773447715704773e+18
6c7fb8e3-f781-4e38-89cb-3552c159abcd,1.7773447716038193e+18
6c7fb8e3-f781-4e38-89cb-3552c159abcd,1.7773447716371622e+18
6c7fb8e3-f781-4e38-89cb-3552c159abcd,1.7773447716705042e+18
6c7fb8e3-f781-4e38-89cb-3552c159abcd,1.7773447717038461e+18
6c7fb8e3-f781-4e38-89cb-3552c159abcd,1.777344771737189e+18
6c7fb8e3-f781-4e38-89cb-3552c159abcd,1.7773447717705313e+18
6c7fb8e3-f781-4e38-89cb-3552c159abcd,1.7773447718038743e+18
6c7fb8e3-f781-4e38-89cb-3552c159abcd,1.7773447718372163e+18
6c7fb8e3-f781-4e38-89cb-3552c159abcd,1.7773447718705592e+18
6c7fb8e3-f781-4e38-89cb-3552c159abcd,1.7773447719039012e+18
6c7fb8e3-f781-4e38-89cb-3552c159abcd,1.7773447719372442e+18
6c7fb8e3-f781-4e38-89cb-3552c159abcd,1.7773447719705864e+18
6c7fb8e3-f781-4e38-89cb-3552c159abcd,1.7773447720039283e+18
6c7fb8e3-f781-4e38-89cb-3552c159abcd,1.7773447720372713e+18
6c7fb8e3-f781-4e38-89cb-3552c159abcd,1.7773447720706132e+18
6c7fb8e3-f781-4e38-89cb-3552c159abcd,1.7773447721039562e+18
6c7fb8e3-f781-4e38-89cb-3552c159abcd,1.7773447721372982e+18
6c7fb8e3-f781-4e38-89cb-3552c159abcd,1.7773447721706412e+18
6c7fb8e3-f781-4e38-89cb-3552c159abcd,1.7773447722039834e+18
6c7fb8e3-f781-4e38-89cb-3552c159abcd,1.7773447722373263e+18
6c7fb8e3-f781-4e38-89cb-3552c159abcd,1.7773447722706683e+18
6c7fb8e3-f781-4e38-89cb-3552c159abcd,1.7773447723040102e+18
6c7fb8e3-f781-4e38-89cb-3552c159abcd,1.7773447723373532e+18
6c7fb8e3-f781-4e38-89cb-3552c159abcd,1.7773447723706952e+18
6c7fb8e3-f781-4e38-89cb-3552c159abcd,1.7773447724040381e+18
6c7fb8e3-f781-4e38-89cb-3552c159abcd,1.7773447724373804e+18
6c7fb8e3-f781-4e38-89cb-3552c159abcd,1.7773447724707233e+18
6c7fb8e3-f781-4e38-89cb-3552c159abcd,1.7773447725040653e+18
6c7fb8e3-f781-4e38-89cb-3552c159abcd,1.7773447725374083e+18
6c7fb8e3-f781-4e38-89cb-3552c159abcd,1.7773447725707502e+18
6c7fb8e3-f781-4e38-89cb-3552c159abcd,1.7773447726040932e+18
6c7fb8e3-f781-4e38-89cb-3552c159abcd,1.7773447726374351e+18
6c7fb8e3-f781-4e38-89cb-3552c159abcd,1.7773447726707773e+18
6c7fb8e3-f781-4e38-89cb-3552c159abcd,1.7773447727041203e+18
6c7fb8e3-f781-4e38-89cb-3552c159abcd,1.7773447727374623e+18
6c7fb8e3-f781-4e38-89cb-3552c159abcd,1.7773447727708052e+18
6c7fb8e3-f781-4e38-89cb-3552c159abcd,1.7773447728041472e+18
6c7fb8e3-f781-4e38-89cb-3552c159abcd,1.7773447728374902e+18
6c7fb8e3-f781-4e38-89cb-3552c159abcd,1.777344772870832e+18
6c7fb8e3-f781-4e38-89cb-3552c159abcd,1.7773447729041754e+18
6c7fb8e3-f781-4e38-89cb-3552c159abcd,1.7773447729375173e+18
6c7fb8e3-f781-4e38-89cb-3552c159abcd,1.7773447729708593e+18
6c7fb8e3-f781-4e38-89cb-3552c159abcd,1.7773447730042022e+18
6c7fb8e3-f781-4e38-89cb-3552c159abcd,1.7773447730375442e+18
6c7fb8e3-f781-4e38-89cb-3552c159abcd,1.7773447730708872e+18
6c7fb8e3-f781-4e38-89cb-3552c159abcd,1.777344773104229e+18
6c7fb8e3-f781-4e38-89cb-3552c159abcd,1.7773447731375724e+18
6c7fb8e3-f781-4e38-89cb-3552c159abcd,1.7773447731709143e+18
6c7fb8e3-f781-4e38-89cb-3552c159abcd,1.7773447732042573e+18
6c7fb8e3-f781-4e38-89cb-3552c159abcd,1.7773447732375992e+18
6c7fb8e3-f781-4e38-89cb-3552c159abcd,1.7773447732709412e+18
6c7fb8e3-f781-4e38-89cb-3552c159abcd,1.7773447733042842e+18
6c7fb8e3-f781-4e38-89cb-3552c159abcd,1.7773447733376264e+18
6c7fb8e3-f781-4e38-89cb-3552c159abcd,1.7773447733709693e+18
6c7fb8e3-f781-4e38-89cb-3552c159abcd,1.7773447734043113e+18
6c7fb8e3-f781-4e38-89cb-3552c159abcd,1.7773447734376543e+18
6c7fb8e3-f781-4e38-89cb-3552c159abcd,1.7773447734709962e+18
6c7fb8e3-f781-4e38-89cb-3552c159abcd,1.7773447735043392e+18
6c7fb8e3-f781-4e38-89cb-3552c159abcd,1.7773447735376812e+18
6c7fb8e3-f781-4e38-89cb-3552c159abcd,1.7773447735710234e+18
6c7fb8e3-f781-4e38-89cb-3552c159abcd,1.7773447736043663e+18
6c7fb8e3-f781-4e38-89cb-3552c159abcd,1.7773447736377083e+18
6c7fb8e3-f781-4e38-89cb-3552c159abcd,1.7773447736710513e+18
6c7fb8e3-f781-4e38-89cb-3552c159abcd,1.7773447737043932e+18
6c7fb8e3-f781-4e38-89cb-3552c159abcd,1.7773447737377362e+18
6c7fb8e3-f781-4e38-89cb-3552c159abcd,1.7773447737710781e+18
6c7fb8e3-f781-4e38-89cb-3552c159abcd,1.777344773804421e+18
6c7fb8e3-f781-4e38-89cb-3552c159abcd,1.7773447738377633e+18
6c7fb8e3-f781-4e38-89cb-3552c159abcd,1.7773447738711053e+18
6c7fb8e3-f781-4e38-89cb-3552c159abcd,1.7773447739044483e+18
6c7fb8e3-f781-4e38-89cb-3552c159abcd,1.7773447739377902e+18
6c7fb8e3-f781-4e38-89cb-3552c159abcd,1.7773447739711332e+18
6c7fb8e3-f781-4e38-89cb-3552c159abcd,1.7773447740044751e+18
6c7fb8e3-f781-4e38-89cb-3552c159abcd,1.7773447740378184e+18
6c7fb8e3-f781-4e38-89cb-3552c159abcd,1.7773447740711603e+18
6c7fb8e3-f781-4e38-89cb-3552c159abcd,1.7773447741045033e+18
6c7fb8e3-f781-4e38-89cb-3552c159abcd,1.7773447741378452e+18
6c7fb8e3-f781-4e38-89cb-3552c159abcd,1.7773447741711872e+18
6c7fb8e3-f781-4e38-89cb-3552c159abcd,1.7773447742045302e+18
6c7fb8e3-f781-4e38-89cb-3552c159abcd,1.777344774237872e+18
6c7fb8e3-f781-4e38-89cb-3552c159abcd,1.7773447742712154e+18
6c7fb8e3-f781-4e38-89cb-3552c159abcd,1.7773447743045573e+18
6c7fb8e3-f781-4e38-89cb-3552c159abcd,1.7773447743379003e+18
6c7fb8e3-f781-4e38-89cb-3552c159abcd,1.7773447743712422e+18
6c7fb8e3-f781-4e38-89cb-3552c159abcd,1.7773447744045852e+18
6c7fb8e3-f781-4e38-89cb-3552c159abcd,1.7773447744379272e+18
6c7fb8e3-f781-4e38-89cb-3552c159abcd,1.7773447744712701e+18
6c7fb8e3-f781-4e38-89cb-3552c159abcd,1.7773447745046124e+18
6c7fb8e3-f781-4e38-89cb-3552c159abcd,1.7773447745379543e+18
6c7fb8e3-f781-4e38-89cb-3552c159abcd,1.7773447745712973e+18
6c7fb8e3-f781-4e38-89cb-3552c159abcd,1.7773447746046392e+18
6c7fb8e3-f781-4e38-89cb-3552c159abcd,1.7773447746379822e+18
6c7fb8e3-f781-4e38-89cb-3552c159abcd,1.7773447746713242e+18
6c7fb8e3-f781-4e38-89cb-3552c159abcd,1.7773447747046671e+18
6c7fb8e3-f781-4e38-89cb-3552c159abcd,1.7773447747380093e+18
6c7fb8e3-f781-4e38-89cb-3552c159abcd,1.7773447747713523e+18
6c7fb8e3-f781-4e38-89cb-3552c159abcd,1.7773447748046943e+18
6c7fb8e3-f781-4e38-89cb-3552c159abcd,1.7773447748380362e+18
6c7fb8e3-f781-4e38-89cb-3552c159abcd,1.7773447748713792e+18
6c7fb8e3-f781-4e38-89cb-3552c159abcd,1.7773447749047212e+18
6c7fb8e3-f781-4e38-89cb-3552c159abcd,1.7773447749380641e+18
6c7fb8e3-f781-4e38-89cb-3552c159abcd,1.7773447749714063e+18
6c7fb8e3-f781-4e38-89cb-3552c159abcd,1.7773447750047493e+18
6c7fb8e3-f781-4e38-89cb-3552c159abcd,1.7773447750380913e+18
6c7fb8e3-f781-4e38-89cb-3552c159abcd,1.7773447750714342e+18
6c7fb8e3-f781-4e38-89cb-3552c159abcd,1.7773447751047762e+18
6c7fb8e3-f781-4e38-89cb-3552c159abcd,1.7773447751381181e+18
6c7fb8e3-f781-4e38-89cb-3552c159abcd,1.777344775171461e+18
6c7fb8e3-f781-4e38-89cb-3552c159abcd,1.7773447752048033e+18
6c7fb8e3-f781-4e38-89cb-3552c159abcd,1.7773447752381463e+18
6c7fb8e3-f781-4e38-89cb-3552c159abcd,1.7773447752714883e+18
6c7fb8e3-f781-4e38-89cb-3552c159abcd,1.7773447753048312e+18
6c7fb8e3-f781-4e38-89cb-3552c159abcd,1.7773447753381732e+18
6c7fb8e3-f781-4e38-89cb-3552c159abcd,1.7773447753715162e+18
6c7fb8e3-f781-4e38-89cb-3552c159abcd,1.7773447754048584e+18
6c7fb8e3-f781-4e38-89cb-3552c159abcd,1.7773447754382003e+18
6c7fb8e3-f781-4e38-89cb-3552c159abcd,1.7773447754715433e+18
6c7fb8e3-f781-4e38-89cb-3552c159abcd,1.7773447755048852e+18
6c7fb8e3-f781-4e38-89cb-3552c159abcd,1.7773447755382282e+18
6c7fb8e3-f781-4e38-89cb-3552c159abcd,1.7773447755715702e+18
6c7fb8e3-f781-4e38-89cb-3552c159abcd,1.7773447756049132e+18
6c7fb8e3-f781-4e38-89cb-3552c159abcd,1.7773447756382554e+18
6c7fb8e3-f781-4e38-89cb-3552c159abcd,1.7773447756715983e+18
6c7fb8e3-f781-4e38-89cb-3552c159abcd,1.7773447757049403e+18
6c7fb8e3-f781-4e38-89cb-3552c159abcd,1.7773447757382833e+18
6c7fb8e3-f781-4e38-89cb-3552c159abcd,1.7773447757716252e+18
6c7fb8e3-f781-4e38-89cb-3552c159abcd,1.7773447758049672e+18
6c7fb8e3-f781-4e38-89cb-3552c159abcd,1.7773447758383101e+18
6c7fb8e3-f781-4e38-89cb-3552c159abcd,1.7773447758716524e+18
6c7fb8e3-f781-4e38-89cb-3552c159abcd,1.7773447759049953e+18
6c7fb8e3-f781-4e38-89cb-3552c159abcd,1.7773447759383373e+18
6c7fb8e3-f781-4e38-89cb-3552c159abcd,1.7773447759716803e+18
6c7fb8e3-f781-4e38-89cb-3552c159abcd,1.7773447760050222e+18
6c7fb8e3-f781-4e38-89cb-3552c159abcd,1.7773447760383642e+18
6c7fb8e3-f781-4e38-89cb-3552c159abcd,1.7773447760717071e+18
6c7fb8e3-f781-4e38-89cb-3552c159abcd,1.7773447761050493e+18
6c7fb8e3-f781-4e38-89cb-3552c159abcd,1.7773447761383923e+18
6c7fb8e3-f781-4e38-89cb-3552c159abcd,1.7773447761717343e+18
6c7fb8e3-f781-4e38-89cb-3552c159abcd,1.7773447762050772e+18
6c7fb8e3-f781-4e38-89cb-3552c159abcd,1.7773447762384192e+18
6c7fb8e3-f781-4e38-89cb-3552c159abcd,1.7773447762717622e+18
6c7fb8e3-f781-4e38-89cb-3552c159abcd,1.7773447763051041e+18
6c7fb8e3-f781-4e38-89cb-3552c159abcd,1.7773447763384474e+18
6c7fb8e3-f781-4e38-89cb-3552c159abcd,1.7773447763717893e+18
6c7fb8e3-f781-4e38-89cb-3552c159abcd,1.7773447764051313e+18
6c7fb8e3-f781-4e38-89cb-3552c159abcd,1.7773447764384742e+18
6c7fb8e3-f781-4e38-89cb-3552c159abcd,1.7773447764718162e+18
6c7fb8e3-f781-4e38-89cb-3552c159abcd,1.7773447765051592e+18
6c7fb8e3-f781-4e38-89cb-3552c159abcd,1.777344776538501e+18
6c7fb8e3-f781-4e38-89cb-3552c159abcd,1.7773447765718444e+18
6c7fb8e3-f781-4e38-89cb-3552c159abcd,1.7773447766051863e+18
6c7fb8e3-f781-4e38-89cb-3552c159abcd,1.7773447766385293e+18
6c7fb8e3-f781-4e38-89cb-3552c159abcd,1.7773447766718712e+18
6c7fb8e3-f781-4e38-89cb-3552c159abcd,1.7773447767052132e+18
6c7fb8e3-f781-4e38-89cb-3552c159abcd,1.7773447767385562e+18
6c7fb8e3-f781-4e38-89cb-3552c159abcd,1.7773447767718984e+18
6c7fb8e3-f781-4e38-89cb-3552c159abcd,1.7773447768052413e+18
6c7fb8e3-f781-4e38-89cb-3552c159abcd,1.7773447768385833e+18
6c7fb8e3-f781-4e38-89cb-3552c159abcd,1.7773447768719263e+18
6c7fb8e3-f781-4e38-89cb-3552c159abcd,1.7773447769052682e+18
6c7fb8e3-f781-4e38-89cb-3552c159abcd,1.7773447769386112e+18
6c7fb8e3-f781-4e38-89cb-3552c159abcd,1.7773447769719532e+18
6c7fb8e3-f781-4e38-89cb-3552c159abcd,1.7773447770052954e+18
6c7fb8e3-f781-4e38-89cb-3552c159abcd,1.7773447770386383e+18
6c7fb8e3-f781-4e38-89cb-3552c159abcd,1.7773447770719803e+18
6c7fb8e3-f781-4e38-89cb-3552c159abcd,1.7773447771053233e+18
6c7fb8e3-f781-4e38-89cb-3552c159abcd,1.7773447771386652e+18
6c7fb8e3-f781-4e38-89cb-3552c159abcd,1.7773447771720082e+18
6c7fb8e3-f781-4e38-89cb-3552c159abcd,1.7773447772053501e+18
6c7fb8e3-f781-4e38-89cb-3552c159abcd,1.777344777238693e+18
6c7fb8e3-f781-4e38-89cb-3552c159abcd,1.7773447772720353e+18
6c7fb8e3-f781-4e38-89cb-3552c159abcd,1.7773447773053773e+18
6c7fb8e3-f781-4e38-89cb-3552c159abcd,1.7773447773387203e+18
6c7fb8e3-f781-4e38-89cb-3552c159abcd,1.7773447773720622e+18
6c7fb8e3-f781-4e38-89cb-3552c159abcd,1.7773447774054052e+18
6c7fb8e3-f781-4e38-89cb-3552c159abcd,1.7773447774387471e+18
6c7fb8e3-f781-4e38-89cb-3552c159abcd,1.7773447774720904e+18
6c7fb8e3-f781-4e38-89cb-3552c159abcd,1.7773447775054323e+18
6c7fb8e3-f781-4e38-89cb-3552c159abcd,1.7773447775387753e+18
6c7fb8e3-f781-4e38-89cb-3552c159abcd,1.7773447775721172e+18
6c7fb8e3-f781-4e38-89cb-3552c159abcd,1.7773447776054602e+18
6c7fb8e3-f781-4e38-89cb-3552c159abcd,1.7773447776388022e+18
6c7fb8e3-f781-4e38-89cb-3552c159abcd,1.7773447776721441e+18
6c7fb8e3-f781-4e38-89cb-3552c159abcd,1.7773447777054874e+18
6c7fb8e3-f781-4e38-89cb-3552c159abcd,1.7773447777388293e+18
6c7fb8e3-f781-4e38-89cb-3552c159abcd,1.7773447777721723e+18
6c7fb8e3-f781-4e38-89cb-3552c159abcd,1.7773447778055142e+18
6c7fb8e3-f781-4e38-89cb-3552c159abcd,1.7773447778388572e+18
6c7fb8e3-f781-4e38-89cb-3552c159abcd,1.7773447778721992e+18
6c7fb8e3-f781-4e38-89cb-3552c159abcd,1.777344777905541e+18
6c7fb8e3-f781-4e38-89cb-3552c159abcd,1.7773447779388844e+18
6c7fb8e3-f781-4e38-89cb-3552c159abcd,1.7773447779722263e+18
6c7fb8e3-f781-4e38-89cb-3552c159abcd,1.7773447780055693e+18
6c7fb8e3-f781-4e38-89cb-3552c159abcd,1.7773447780389112e+18
6c7fb8e3-f781-4e38-89cb-3552c159abcd,1.7773447780722542e+18
6c7fb8e3-f781-4e38-89cb-3552c159abcd,1.7773447781055962e+18
6c7fb8e3-f781-4e38-89cb-3552c159abcd,1.7773447781389391e+18
6c7fb8e3-f781-4e38-89cb-3552c159abcd,1.7773447781722813e+18
6c7fb8e3-f781-4e38-89cb-3552c159abcd,1.7773447782056243e+18
6c7fb8e3-f781-4e38-89cb-3552c159abcd,1.7773447782389663e+18
6c7fb8e3-f781-4e38-89cb-3552c159abcd,1.7773447782723082e+18
6c7fb8e3-f781-4e38-89cb-3552c159abcd,1.7773447783056512e+18
6c7fb8e3-f781-4e38-89cb-3552c159abcd,1.7773447783389932e+18
6c7fb8e3-f781-4e38-89cb-3552c159abcd,1.777344778372336e+18
6c7fb8e3-f781-4e38-89cb-3552c159abcd,1.7773447784056783e+18
6c7fb8e3-f781-4e38-89cb-3552c159abcd,1.7773447784390213e+18
6c7fb8e3-f781-4e38-89cb-3552c159abcd,1.7773447784723633e+18
6c7fb8e3-f781-4e38-89cb-3552c159abcd,1.7773447785057062e+18
6c7fb8e3-f781-4e38-89cb-3552c159abcd,1.7773447785390482e+18
6c7fb8e3-f781-4e38-89cb-3552c159abcd,1.7773447785723901e+18
6c7fb8e3-f781-4e38-89cb-3552c159abcd,1.777344778605733e+18
6c7fb8e3-f781-4e38-89cb-3552c159abcd,1.7773447786390753e+18
6c7fb8e3-f781-4e38-89cb-3552c159abcd,1.7773447786724183e+18
6c7fb8e3-f781-4e38-89cb-3552c159abcd,1.7773447787057603e+18
6c7fb8e3-f781-4e38-89cb-3552c159abcd,1.7773447787391032e+18
6c7fb8e3-f781-4e38-89cb-3552c159abcd,1.7773447787724452e+18
6c7fb8e3-f781-4e38-89cb-3552c159abcd,1.7773447788057882e+18
6c7fb8e3-f781-4e38-89cb-3552c159abcd,1.7773447788391304e+18
6c7fb8e3-f781-4e38-89cb-3552c159abcd,1.7773447788724723e+18
6c7fb8e3-f781-4e38-89cb-3552c159abcd,1.7773447789058153e+18
6c7fb8e3-f781-4e38-89cb-3552c159abcd,1.7773447789391572e+18
6c7fb8e3-f781-4e38-89cb-3552c159abcd,1.7773447789725002e+18
6c7fb8e3-f781-4e38-89cb-3552c159abcd,1.7773447790058422e+18
6c7fb8e3-f781-4e38-89cb-3552c159abcd,1.7773447790391852e+18
6c7fb8e3-f781-4e38-89cb-3552c159abcd,1.7773447790725274e+18
6c7fb8e3-f781-4e38-89cb-3552c159abcd,1.7773447791058703e+18
6c7fb8e3-f781-4e38-89cb-3552c159abcd,1.7773447791392123e+18
6c7fb8e3-f781-4e38-89cb-3552c159abcd,1.7773447791725542e+18
6c7fb8e3-f781-4e38-89cb-3552c159abcd,1.7773447792058972e+18
6c7fb8e3-f781-4e38-89cb-3552c159abcd,1.7773447792392392e+18
6c7fb8e3-f781-4e38-89cb-3552c159abcd,1.7773447792725821e+18
6c7fb8e3-f781-4e38-89cb-3552c159abcd,1.7773447793059244e+18
6c7fb8e3-f781-4e38-89cb-3552c159abcd,1.7773447793392673e+18
6c7fb8e3-f781-4e38-89cb-3552c159abcd,1.7773447793726093e+18
6c7fb8e3-f781-4e38-89cb-3552c159abcd,1.7773447794059523e+18
6c7fb8e3-f781-4e38-89cb-3552c159abcd,1.7773447794392942e+18
6c7fb8e3-f781-4e38-89cb-3552c159abcd,1.7773447794726362e+18
6c7fb8e3-f781-4e38-89cb-3552c159abcd,1.7773447795059791e+18
6c7fb8e3-f781-4e38-89cb-3552c159abcd,1.7773447795393213e+18
6c7fb8e3-f781-4e38-89cb-3552c159abcd,1.7773447795726643e+18
6c7fb8e3-f781-4e38-89cb-3552c159abcd,1.7773447796060063e+18
6c7fb8e3-f781-4e38-89cb-3552c159abcd,1.7773447796393492e+18
6c7fb8e3-f781-4e38-89cb-3552c159abcd,1.7773447796726912e+18
6c7fb8e3-f781-4e38-89cb-3552c159abcd,1.7773447797060342e+18
6c7fb8e3-f781-4e38-89cb-3552c159abcd,1.777344779739376e+18
6c7fb8e3-f781-4e38-89cb-3552c159abcd,1.7773447797727183e+18
6c7fb8e3-f781-4e38-89cb-3552c159abcd,1.7773447798060613e+18
6c7fb8e3-f781-4e38-89cb-3552c159abcd,1.7773447798394033e+18
6c7fb8e3-f781-4e38-89cb-3552c159abcd,1.7773447798727462e+18
6c7fb8e3-f781-4e38-89cb-3552c159abcd,1.7773447799060882e+18
6c7fb8e3-f781-4e38-89cb-3552c159abcd,1.7773447799394312e+18
6c7fb8e3-f781-4e38-89cb-3552c159abcd,1.777344779972773e+18
6c7fb8e3-f781-4e38-89cb-3552c159abcd,1.7773447800061164e+18
6c7fb8e3-f781-4e38-89cb-3552c159abcd,1.7773447800394583e+18
6c7fb8e3-f781-4e38-89cb-3552c159abcd,1.7773447800728013e+18
6c7fb8e3-f781-4e38-89cb-3552c159abcd,1.7773447801061432e+18
6c7fb8e3-f781-4e38-89cb-3552c159abcd,1.7773447801394852e+18
6c7fb8e3-f781-4e38-89cb-3552c159abcd,1.7773447801728282e+18
6c7fb8e3-f781-4e38-89cb-3552c159abcd,1.7773447802061704e+18
6c7fb8e3-f781-4e38-89cb-3552c159abcd,1.7773447802395133e+18
6c7fb8e3-f781-4e38-89cb-3552c159abcd,1.7773447802728553e+18
6c7fb8e3-f781-4e38-89cb-3552c159abcd,1.7773447803061983e+18
6c7fb8e3-f781-4e38-89cb-3552c159abcd,1.7773447803395402e+18
6c7fb8e3-f781-4e38-89cb-3552c159abcd,1.7773447803728832e+18
6c7fb8e3-f781-4e38-89cb-3552c159abcd,1.7773447804062252e+18
6c7fb8e3-f781-4e38-89cb-3552c159abcd,1.7773447804395674e+18
6c7fb8e3-f781-4e38-89cb-3552c159abcd,1.7773447804729103e+18
6c7fb8e3-f781-4e38-89cb-3552c159abcd,1.7773447805062523e+18
6c7fb8e3-f781-4e38-89cb-3552c159abcd,1.7773447805395953e+18
6c7fb8e3-f781-4e38-89cb-3552c159abcd,1.7773447805729372e+18
6c7fb8e3-f781-4e38-89cb-3552c159abcd,1.7773447806062802e+18
6c7fb8e3-f781-4e38-89cb-3552c159abcd,1.7773447806396221e+18
6c7fb8e3-f781-4e38-89cb-3552c159abcd,1.777344780672965e+18
6c7fb8e3-f781-4e38-89cb-3552c159abcd,1.7773447807063073e+18
6c7fb8e3-f781-4e38-89cb-3552c159abcd,1.7773447807396493e+18
6c7fb8e3-f781-4e38-89cb-3552c159abcd,1.7773447807729923e+18
6c7fb8e3-f781-4e38-89cb-3552c159abcd,1.7773447808063342e+18
6c7fb8e3-f781-4e38-89cb-3552c159abcd,1.7773447808396772e+18
6c7fb8e3-f781-4e38-89cb-3552c159abcd,1.7773447808730191e+18
6c7fb8e3-f781-4e38-89cb-3552c159abcd,1.7773447809063624e+18
6c7fb8e3-f781-4e38-89cb-3552c159abcd,1.7773447809397043e+18
6c7fb8e3-f781-4e38-89cb-3552c159abcd,1.7773447809730473e+18
6c7fb8e3-f781-4e38-89cb-3552c159abcd,1.7773447810063892e+18
6c7fb8e3-f781-4e38-89cb-3552c159abcd,1.7773447810397312e+18
6c7fb8e3-f781-4e38-89cb-3552c159abcd,1.7773447810730742e+18
6c7fb8e3-f781-4e38-89cb-3552c159abcd,1.777344781106416e+18
6c7fb8e3-f781-4e38-89cb-3552c159abcd,1.7773447811397594e+18
6c7fb8e3-f781-4e38-89cb-3552c159abcd,1.7773447811731013e+18
6c7fb8e3-f781-4e38-89cb-3552c159abcd,1.7773447812064443e+18
6c7fb8e3-f781-4e38-89cb-3552c159abcd,1.7773447812397862e+18
6c7fb8e3-f781-4e38-89cb-3552c159abcd,1.7773447812731292e+18
6c7fb8e3-f781-4e38-89cb-3552c159abcd,1.7773447813064712e+18
6c7fb8e3-f781-4e38-89cb-3552c159abcd,1.7773447813398141e+18
6c7fb8e3-f781-4e38-89cb-3552c159abcd,1.7773447813731564e+18
6c7fb8e3-f781-4e38-89cb-3552c159abcd,1.7773447814064983e+18
6c7fb8e3-f781-4e38-89cb-3552c159abcd,1.7773447814398413e+18
6c7fb8e3-f781-4e38-89cb-3552c159abcd,1.7773447814731832e+18
6c7fb8e3-f781-4e38-89cb-3552c159abcd,1.7773447815065262e+18
6c7fb8e3-f781-4e38-89cb-3552c159abcd,1.7773447815398682e+18
6c7fb8e3-f781-4e38-89cb-3552c159abcd,1.7773447815732111e+18
6c7fb8e3-f781-4e38-89cb-3552c159abcd,1.7773447816065533e+18
6c7fb8e3-f781-4e38-89cb-3552c159abcd,1.7773447816398963e+18
6c7fb8e3-f781-4e38-89cb-3552c159abcd,1.7773447816732383e+18
6c7fb8e3-f781-4e38-89cb-3552c159abcd,1.7773447817065802e+18
6c7fb8e3-f781-4e38-89cb-3552c159abcd,1.7773447817399232e+18
6c7fb8e3-f781-4e38-89cb-3552c159abcd,1.7773447817732652e+18
6c7fb8e3-f781-4e38-89cb-3552c159abcd,1.7773447818066081e+18
6c7fb8e3-f781-4e38-89cb-3552c159abcd,1.7773447818399503e+18
6c7fb8e3-f781-4e38-89cb-3552c159abcd,1.7773447818732933e+18
6c7fb8e3-f781-4e38-89cb-3552c159abcd,1.7773447819066353e+18
6c7fb8e3-f781-4e38-89cb-3552c159abcd,1.7773447819399782e+18
6c7fb8e3-f781-4e38-89cb-3552c159abcd,1.7773447819733202e+18
6c7fb8e3-f781-4e38-89cb-3552c159abcd,1.7773447820066621e+18
6c7fb8e3-f781-4e38-89cb-3552c159abcd,1.777344782040005e+18
6c7fb8e3-f781-4e38-89cb-3552c159abcd,1.7773447820733473e+18
6c7fb8e3-f781-4e38-89cb-3552c159abcd,1.7773447821066903e+18
6c7fb8e3-f781-4e38-89cb-3552c159abcd,1.7773447821400323e+18
6c7fb8e3-f781-4e38-89cb-3552c159abcd,1.7773447821733752e+18
6c7fb8e3-f781-4e38-89cb-3552c159abcd,1.7773447822067172e+18
6c7fb8e3-f781-4e38-89cb-3552c159abcd,1.7773447822400602e+18
6c7fb8e3-f781-4e38-89cb-3552c159abcd,1.7773447822734024e+18
6c7fb8e3-f781-4e38-89cb-3552c159abcd,1.7773447823067443e+18
6c7fb8e3-f781-4e38-89cb-3552c159abcd,1.7773447823400873e+18
6c7fb8e3-f781-4e38-89cb-3552c159abcd,1.7773447823734292e+18
6c7fb8e3-f781-4e38-89cb-3552c159abcd,1.7773447824067722e+18
6c7fb8e3-f781-4e38-89cb-3552c159abcd,1.7773447824401142e+18
6c7fb8e3-f781-4e38-89cb-3552c159abcd,1.7773447824734572e+18
6c7fb8e3-f781-4e38-89cb-3552c159abcd,1.7773447825067994e+18
6c7fb8e3-f781-4e38-89cb-3552c159abcd,1.7773447825401423e+18
6c7fb8e3-f781-4e38-89cb-3552c159abcd,1.7773447825734843e+18
6c7fb8e3-f781-4e38-89cb-3552c159abcd,1.7773447826068273e+18
6c7fb8e3-f781-4e38-89cb-3552c159abcd,1.7773447826401692e+18
6c7fb8e3-f781-4e38-89cb-3552c159abcd,1.7773447826735112e+18
6c7fb8e3-f781-4e38-89cb-3552c159abcd,1.7773447827068541e+18
6c7fb8e3-f781-4e38-89cb-3552c159abcd,1.7773447827401964e+18
6c7fb8e3-f781-4e38-89cb-3552c159abcd,1.7773447827735393e+18
6c7fb8e3-f781-4e38-89cb-3552c159abcd,1.7773447828068813e+18
6c7fb8e3-f781-4e38-89cb-3552c159abcd,1.7773447828402243e+18
6c7fb8e3-f781-4e38-89cb-3552c159abcd,1.7773447828735662e+18
6c7fb8e3-f781-4e38-89cb-3552c159abcd,1.7773447829069092e+18
6c7fb8e3-f781-4e38-89cb-3552c159abcd,1.7773447829402511e+18
6c7fb8e3-f781-4e38-89cb-3552c159abcd,1.7773447829735933e+18
6c7fb8e3-f781-4e38-89cb-3552c159abcd,1.7773447830069363e+18
6c7fb8e3-f781-4e38-89cb-3552c159abcd,1.7773447830402783e+18
6c7fb8e3-f781-4e38-89cb-3552c159abcd,1.7773447830736212e+18
6c7fb8e3-f781-4e38-89cb-3552c159abcd,1.7773447831069632e+18
6c7fb8e3-f781-4e38-89cb-3552c159abcd,1.7773447831403062e+18
6c7fb8e3-f781-4e38-89cb-3552c159abcd,1.7773447831736481e+18
6c7fb8e3-f781-4e38-89cb-3552c159abcd,1.7773447832069914e+18
6c7fb8e3-f781-4e38-89cb-3552c159abcd,1.7773447832403333e+18
6c7fb8e3-f781-4e38-89cb-3552c159abcd,1.7773447832736753e+18
6c7fb8e3-f781-4e38-89cb-3552c159abcd,1.7773447833070182e+18
6c7fb8e3-f781-4e38-89cb-3552c159abcd,1.7773447833403602e+18
6c7fb8e3-f781-4e38-89cb-3552c159abcd,1.7773447833737032e+18
6c7fb8e3-f781-4e38-89cb-3552c159abcd,1.777344783407045e+18
6c7fb8e3-f781-4e38-89cb-3552c159abcd,1.7773447834403884e+18
6c7fb8e3-f781-4e38-89cb-3552c159abcd,1.7773447834737303e+18
6c7fb8e3-f781-4e38-89cb-3552c159abcd,1.7773447835070733e+18
6c7fb8e3-f781-4e38-89cb-3552c159abcd,1.7773447835404152e+18
6c7fb8e3-f781-4e38-89cb-3552c159abcd,1.7773447835737572e+18
6c7fb8e3-f781-4e38-89cb-3552c159abcd,1.7773447836071002e+18
6c7fb8e3-f781-4e38-89cb-3552c159abcd,1.7773447836404424e+18
6c7fb8e3-f781-4e38-89cb-3552c159abcd,1.7773447836737853e+18
6c7fb8e3-f781-4e38-89cb-3552c159abcd,1.7773447837071273e+18
6c7fb8e3-f781-4e38-89cb-3552c159abcd,1.7773447837404703e+18
6c7fb8e3-f781-4e38-89cb-3552c159abcd,1.7773447837738122e+18
6c7fb8e3-f781-4e38-89cb-3552c159abcd,1.7773447838071552e+18
6c7fb8e3-f781-4e38-89cb-3552c159abcd,1.7773447838404972e+18
6c7fb8e3-f781-4e38-89cb-3552c159abcd,1.7773447838738394e+18
6c7fb8e3-f781-4e38-89cb-3552c159abcd,1.7773447839071823e+18
6c7fb8e3-f781-4e38-89cb-3552c159abcd,1.7773447839405243e+18
6c7fb8e3-f781-4e38-89cb-3552c159abcd,1.7773447839738673e+18
6c7fb8e3-f781-4e38-89cb-3552c159abcd,1.7773447840072092e+18
6c7fb8e3-f781-4e38-89cb-3552c159abcd,1.7773447840405522e+18
6c7fb8e3-f781-4e38-89cb-3552c159abcd,1.7773447840738941e+18
6c7fb8e3-f781-4e38-89cb-3552c159abcd,1.777344784107237e+18
6c7fb8e3-f781-4e38-89cb-3552c159abcd,1.7773447841405793e+18
6c7fb8e3-f781-4e38-89cb-3552c159abcd,1.7773447841739213e+18
6c7fb8e3-f781-4e38-89cb-3552c159abcd,1.7773447842072643e+18
6c7fb8e3-f781-4e38-89cb-3552c159abcd,1.7773447842406062e+18
6c7fb8e3-f781-4e38-89cb-3552c159abcd,1.7773447842739492e+18
6c7fb8e3-f781-4e38-89cb-3552c159abcd,1.7773447843072911e+18
6c7fb8e3-f781-4e38-89cb-3552c159abcd,1.7773447843406344e+18
6c7fb8e3-f781-4e38-89cb-3552c159abcd,1.7773447843739763e+18
6c7fb8e3-f781-4e38-89cb-3552c159abcd,1.7773447844073193e+18
6c7fb8e3-f781-4e38-89cb-3552c159abcd,1.7773447844406612e+18
6c7fb8e3-f781-4e38-89cb-3552c159abcd,1.7773447844740042e+18
6c7fb8e3-f781-4e38-89cb-3552c159abcd,1.7773447845073462e+18
6c7fb8e3-f781-4e38-89cb-3552c159abcd,1.7773447845406881e+18
6c7fb8e3-f781-4e38-89cb-3552c159abcd,1.7773447845740314e+18
6c7fb8e3-f781-4e38-89cb-3552c159abcd,1.7773447846073733e+18
6c7fb8e3-f781-4e38-89cb-3552c159abcd,1.7773447846407163e+18
6c7fb8e3-f781-4e38-89cb-3552c159abcd,1.7773447846740582e+18
6c7fb8e3-f781-4e38-89cb-3552c159abcd,1.7773447847074012e+18
6c7fb8e3-f781-4e38-89cb-3552c159abcd,1.7773447847407432e+18
6c7fb8e3-f781-4e38-89cb-3552c159abcd,1.7773447847740861e+18
6c7fb8e3-f781-4e38-89cb-3552c159abcd,1.7773447848074284e+18
6c7fb8e3-f781-4e38-89cb-3552c159abcd,1.7773447848407703e+18
6c7fb8e3-f781-4e38-89cb-3552c159abcd,1.7773447848741133e+18
6c7fb8e3-f781-4e38-89cb-3552c159abcd,1.7773447849074552e+18
6c7fb8e3-f781-4e38-89cb-3552c159abcd,1.7773447849407982e+18
6c7fb8e3-f781-4e38-89cb-3552c159abcd,1.7773447849741402e+18
6c7fb8e3-f781-4e38-89cb-3552c159abcd,1.7773447850074831e+18
6c7fb8e3-f781-4e38-89cb-3552c159abcd,1.7773447850408253e+18
6c7fb8e3-f781-4e38-89cb-3552c159abcd,1.7773447850741683e+18
6c7fb8e3-f781-4e38-89cb-3552c159abcd,1.7773447851075103e+18
6c7fb8e3-f781-4e38-89cb-3552c159abcd,1.7773447851408522e+18
6c7fb8e3-f781-4e38-89cb-3552c159abcd,1.7773447851741952e+18
6c7fb8e3-f781-4e38-89cb-3552c159abcd,1.7773447852075372e+18
6c7fb8e3-f781-4e38-89cb-3552c159abcd,1.77734478524088e+18
6c7fb8e3-f781-4e38-89cb-3552c159abcd,1.7773447852742223e+18
6c7fb8e3-f781-4e38-89cb-3552c159abcd,1.7773447853075653e+18
6c7fb8e3-f781-4e38-89cb-3552c159abcd,1.7773447853409073e+18
6c7fb8e3-f781-4e38-89cb-3552c159abcd,1.7773447853742502e+18
6c7fb8e3-f781-4e38-89cb-3552c159abcd,1.7773447854075922e+18
6c7fb8e3-f781-4e38-89cb-3552c159abcd,1.7773447854409341e+18
6c7fb8e3-f781-4e38-89cb-3552c159abcd,1.777344785474277e+18
6c7fb8e3-f781-4e38-89cb-3552c159abcd,1.7773447855076193e+18
6c7fb8e3-f781-4e38-89cb-3552c159abcd,1.7773447855409623e+18
6c7fb8e3-f781-4e38-89cb-3552c159abcd,1.7773447855743043e+18
6c7fb8e3-f781-4e38-89cb-3552c159abcd,1.7773447856076472e+18
6c7fb8e3-f781-4e38-89cb-3552c159abcd,1.7773447856409892e+18
6c7fb8e3-f781-4e38-89cb-3552c159abcd,1.7773447856743322e+18
6c7fb8e3-f781-4e38-89cb-3552c159abcd,1.7773447857076744e+18
6c7fb8e3-f781-4e38-89cb-3552c159abcd,1.7773447857410173e+18
6c7fb8e3-f781-4e38-89cb-3552c159abcd,1.7773447857743593e+18
6c7fb8e3-f781-4e38-89cb-3552c159abcd,1.7773447858077012e+18
6c7fb8e3-f781-4e38-89cb-3552c159abcd,1.7773447858410442e+18
6c7fb8e3-f781-4e38-89cb-3552c159abcd,1.7773447858743862e+18
6c7fb8e3-f781-4e38-89cb-3552c159abcd,1.7773447859077292e+18
6c7fb8e3-f781-4e38-89cb-3552c159abcd,1.7773447859410714e+18
6c7fb8e3-f781-4e38-89cb-3552c159abcd,1.7773447859744143e+18
6c7fb8e3-f781-4e38-89cb-3552c159abcd,1.7773447860077563e+18
6c7fb8e3-f781-4e38-89cb-3552c159abcd,1.7773447860410982e+18
6c7fb8e3-f781-4e38-89cb-3552c159abcd,1.7773447860744412e+18
6c7fb8e3-f781-4e38-89cb-3552c159abcd,1.7773447861077832e+18
6c7fb8e3-f781-4e38-89cb-3552c159abcd,1.7773447861411261e+18
6c7fb8e3-f781-4e38-89cb-3552c159abcd,1.7773447861744684e+18
6c7fb8e3-f781-4e38-89cb-3552c159abcd,1.7773447862078113e+18
6c7fb8e3-f781-4e38-89cb-3552c159abcd,1.7773447862411533e+18
6c7fb8e3-f781-4e38-89cb-3552c159abcd,1.7773447862744963e+18
6c7fb8e3-f781-4e38-89cb-3552c159abcd,1.7773447863078382e+18
6c7fb8e3-f781-4e38-89cb-3552c159abcd,1.7773447863411812e+18
6c7fb8e3-f781-4e38-89cb-3552c159abcd,1.7773447863745231e+18
6c7fb8e3-f781-4e38-89cb-3552c159abcd,1.7773447864078653e+18
6c7fb8e3-f781-4e38-89cb-3552c159abcd,1.7773447864412083e+18
6c7fb8e3-f781-4e38-89cb-3552c159abcd,1.7773447864745503e+18
6c7fb8e3-f781-4e38-89cb-3552c159abcd,1.7773447865078932e+18
6c7fb8e3-f781-4e38-89cb-3552c159abcd,1.7773447865412352e+18
6c7fb8e3-f781-4e38-89cb-3552c159abcd,1.7773447865745782e+18
6c7fb8e3-f781-4e38-89cb-3552c159abcd,1.77734478660792e+18
6c7fb8e3-f781-4e38-89cb-3552c159abcd,1.7773447866412634e+18
6c7fb8e3-f781-4e38-89cb-3552c159abcd,1.7773447866746053e+18
6c7fb8e3-f781-4e38-89cb-3552c159abcd,1.7773447867079473e+18
6c7fb8e3-f781-4e38-89cb-3552c159abcd,1.7773447867412902e+18
6c7fb8e3-f781-4e38-89cb-3552c159abcd,1.7773447867746322e+18
6c7fb8e3-f781-4e38-89cb-3552c159abcd,1.7773447868079752e+18
6c7fb8e3-f781-4e38-89cb-3552c159abcd,1.777344786841317e+18
6c7fb8e3-f781-4e38-89cb-3552c159abcd,1.7773447868746604e+18
6c7fb8e3-f781-4e38-89cb-3552c159abcd,1.7773447869080023e+18
6c7fb8e3-f781-4e38-89cb-3552c159abcd,1.7773447869413453e+18
6c7fb8e3-f781-4e38-89cb-3552c159abcd,1.7773447869746872e+18
6c7fb8e3-f781-4e38-89cb-3552c159abcd,1.7773447870080292e+18
6c7fb8e3-f781-4e38-89cb-3552c159abcd,1.7773447870413722e+18
6c7fb8e3-f781-4e38-89cb-3552c159abcd,1.7773447870747144e+18
6c7fb8e3-f781-4e38-89cb-3552c159abcd,1.7773447871080573e+18
6c7fb8e3-f781-4e38-89cb-3552c159abcd,1.7773447871413993e+18
6c7fb8e3-f781-4e38-89cb-3552c159abcd,1.7773447871747423e+18
6c7fb8e3-f781-4e38-89cb-3552c159abcd,1.7773447872080842e+18
6c7fb8e3-f781-4e38-89cb-3552c159abcd,1.7773447872414272e+18
6c7fb8e3-f781-4e38-89cb-3552c159abcd,1.7773447872747692e+18
6c7fb8e3-f781-4e38-89cb-3552c159abcd,1.7773447873081114e+18
6c7fb8e3-f781-4e38-89cb-3552c159abcd,1.7773447873414543e+18
6c7fb8e3-f781-4e38-89cb-3552c159abcd,1.7773447873747963e+18
6c7fb8e3-f781-4e38-89cb-3552c159abcd,1.7773447874081393e+18
6c7fb8e3-f781-4e38-89cb-3552c159abcd,1.7773447874414812e+18
6c7fb8e3-f781-4e38-89cb-3552c159abcd,1.7773447874748242e+18
6c7fb8e3-f781-4e38-89cb-3552c159abcd,1.7773447875081661e+18
6c7fb8e3-f781-4e38-89cb-3552c159abcd,1.777344787541509e+18
6c7fb8e3-f781-4e38-89cb-3552c159abcd,1.7773447875748513e+18
6c7fb8e3-f781-4e38-89cb-3552c159abcd,1.7773447876081943e+18
6c7fb8e3-f781-4e38-89cb-3552c159abcd,1.7773447876415363e+18
6c7fb8e3-f781-4e38-89cb-3552c159abcd,1.7773447876748782e+18
6c7fb8e3-f781-4e38-89cb-3552c159abcd,1.7773447877082212e+18
6c7fb8e3-f781-4e38-89cb-3552c159abcd,1.7773447877415631e+18
6c7fb8e3-f781-4e38-89cb-3552c159abcd,1.7773447877749064e+18
6c7fb8e3-f781-4e38-89cb-3552c159abcd,1.7773447878082483e+18
6c7fb8e3-f781-4e38-89cb-3552c159abcd,1.7773447878415913e+18
6c7fb8e3-f781-4e38-89cb-3552c159abcd,1.7773447878749332e+18
6c7fb8e3-f781-4e38-89cb-3552c159abcd,1.7773447879082752e+18
6c7fb8e3-f781-4e38-89cb-3552c159abcd,1.7773447879416182e+18
6c7fb8e3-f781-4e38-89cb-3552c159abcd,1.77734478797496e+18
6c7fb8e3-f781-4e38-89cb-3552c159abcd,1.7773447880083034e+18
6c7fb8e3-f781-4e38-89cb-3552c159abcd,1.7773447880416453e+18
6c7fb8e3-f781-4e38-89cb-3552c159abcd,1.7773447880749883e+18
6c7fb8e3-f781-4e38-89cb-3552c159abcd,1.7773447881083302e+18
6c7fb8e3-f781-4e38-89cb-3552c159abcd,1.7773447881416732e+18
6c7fb8e3-f781-4e38-89cb-3552c159abcd,1.7773447881750152e+18
6c7fb8e3-f781-4e38-89cb-3552c159abcd,1.7773447882083581e+18
6c7fb8e3-f781-4e38-89cb-3552c159abcd,1.7773447882417004e+18
6c7fb8e3-f781-4e38-89cb-3552c159abcd,1.7773447882750423e+18
6c7fb8e3-f781-4e38-89cb-3552c159abcd,1.7773447883083853e+18
6c7fb8e3-f781-4e38-89cb-3552c159abcd,1.7773447883417272e+18
6c7fb8e3-f781-4e38-89cb-3552c159abcd,1.7773447883750702e+18
6c7fb8e3-f781-4e38-89cb-3552c159abcd,1.7773447884084122e+18
6c7fb8e3-f781-4e38-89cb-3552c159abcd,1.7773447884417551e+18
6c7fb8e3-f781-4e38-89cb-3552c159abcd,1.7773447884750973e+18
6c7fb8e3-f781-4e38-89cb-3552c159abcd,1.7773447885084403e+18
6c7fb8e3-f781-4e38-89cb-3552c159abcd,1.7773447885417823e+18
6c7fb8e3-f781-4e38-89cb-3552c159abcd,1.7773447885751242e+18
6c7fb8e3-f781-4e38-89cb-3552c159abcd,1.7773447886084672e+18
6c7fb8e3-f781-4e38-89cb-3552c159abcd,1.7773447886418092e+18
6c7fb8e3-f781-4e38-89cb-3552c159abcd,1.7773447886751521e+18
6c7fb8e3-f781-4e38-89cb-3552c159abcd,1.7773447887084943e+18
6c7fb8e3-f781-4e38-89cb-3552c159abcd,1.7773447887418373e+18
6c7fb8e3-f781-4e38-89cb-3552c159abcd,1.7773447887751793e+18
6c7fb8e3-f781-4e38-89cb-3552c159abcd,1.7773447888085222e+18
6c7fb8e3-f781-4e38-89cb-3552c159abcd,1.7773447888418642e+18
6c7fb8e3-f781-4e38-89cb-3552c159abcd,1.7773447888752061e+18
6c7fb8e3-f781-4e38-89cb-3552c159abcd,1.777344788908549e+18
6c7fb8e3-f781-4e38-89cb-3552c159abcd,1.7773447889418913e+18
6c7fb8e3-f781-4e38-89cb-3552c159abcd,1.7773447889752343e+18
6c7fb8e3-f781-4e38-89cb-3552c159abcd,1.7773447890085763e+18
6c7fb8e3-f781-4e38-89cb-3552c159abcd,1.7773447890419192e+18
6c7fb8e3-f781-4e38-89cb-3552c159abcd,1.7773447890752612e+18
6c7fb8e3-f781-4e38-89cb-3552c159abcd,1.7773447891086042e+18
6c7fb8e3-f781-4e38-89cb-3552c159abcd,1.7773447891419464e+18
6c7fb8e3-f781-4e38-89cb-3552c159abcd,1.7773447891752883e+18
6c7fb8e3-f781-4e38-89cb-3552c159abcd,1.7773447892086313e+18
6c7fb8e3-f781-4e38-89cb-3552c159abcd,1.7773447892419732e+18
6c7fb8e3-f781-4e38-89cb-3552c159abcd,1.7773447892753162e+18
6c7fb8e3-f781-4e38-89cb-3552c159abcd,1.7773447893086582e+18
6c7fb8e3-f781-4e38-89cb-3552c159abcd,1.7773447893420012e+18
6c7fb8e3-f781-4e38-89cb-3552c159abcd,1.7773447893753434e+18
6c7fb8e3-f781-4e38-89cb-3552c159abcd,1.7773447894086863e+18
6c7fb8e3-f781-4e38-89cb-3552c159abcd,1.7773447894420283e+18
6c7fb8e3-f781-4e38-89cb-3552c159abcd,1.7773447894753702e+18
6c7fb8e3-f781-4e38-89cb-3552c159abcd,1.7773447895087132e+18
6c7fb8e3-f781-4e38-89cb-3552c159abcd,1.7773447895420552e+18
6c7fb8e3-f781-4e38-89cb-3552c159abcd,1.7773447895753981e+18
6c7fb8e3-f781-4e38-89cb-3552c159abcd,1.7773447896087404e+18
6c7fb8e3-f781-4e38-89cb-3552c159abcd,1.7773447896420833e+18
6c7fb8e3-f781-4e38-89cb-3552c159abcd,1.7773447896754253e+18
6c7fb8e3-f781-4e38-89cb-3552c159abcd,1.7773447897087683e+18
6c7fb8e3-f781-4e38-89cb-3552c159abcd,1.7773447897421102e+18
6c7fb8e3-f781-4e38-89cb-3552c159abcd,1.7773447897754522e+18
6c7fb8e3-f781-4e38-89cb-3552c159abcd,1.7773447898087951e+18
6c7fb8e3-f781-4e38-89cb-3552c159abcd,1.7773447898421373e+18
6c7fb8e3-f781-4e38-89cb-3552c159abcd,1.7773447898754803e+18
6c7fb8e3-f781-4e38-89cb-3552c159abcd,1.7773447899088223e+18
6c7fb8e3-f781-4e38-89cb-3552c159abcd,1.7773447899421652e+18
6c7fb8e3-f781-4e38-89cb-3552c159abcd,1.7773447899755072e+18
6c7fb8e3-f781-4e38-89cb-3552c159abcd,1.7773447900088502e+18
6c7fb8e3-f781-4e38-89cb-3552c159abcd,1.7773447900421921e+18
6c7fb8e3-f781-4e38-89cb-3552c159abcd,1.7773447900755354e+18
6c7fb8e3-f781-4e38-89cb-3552c159abcd,1.7773447901088773e+18
6c7fb8e3-f781-4e38-89cb-3552c159abcd,1.7773447901422193e+18
6c7fb8e3-f781-4e38-89cb-3552c159abcd,1.7773447901755622e+18
6c7fb8e3-f781-4e38-89cb-3552c159abcd,1.7773447902089042e+18
6c7fb8e3-f781-4e38-89cb-3552c159abcd,1.7773447902422472e+18
6c7fb8e3-f781-4e38-89cb-3552c159abcd,1.777344790275589e+18
6c7fb8e3-f781-4e38-89cb-3552c159abcd,1.7773447903089324e+18
6c7fb8e3-f781-4e38-89cb-3552c159abcd,1.7773447903422743e+18
6c7fb8e3-f781-4e38-89cb-3552c159abcd,1.7773447903756173e+18
6c7fb8e3-f781-4e38-89cb-3552c159abcd,1.7773447904089592e+18
6c7fb8e3-f781-4e38-89cb-3552c159abcd,1.7773447904423012e+18
6c7fb8e3-f781-4e38-89cb-3552c159abcd,1.7773447904756442e+18
6c7fb8e3-f781-4e38-89cb-3552c159abcd,1.7773447905089864e+18
6c7fb8e3-f781-4e38-89cb-3552c159abcd,1.7773447905423293e+18
6c7fb8e3-f781-4e38-89cb-3552c159abcd,1.7773447905756713e+18
6c7fb8e3-f781-4e38-89cb-3552c159abcd,1.7773447906090143e+18
6c7fb8e3-f781-4e38-89cb-3552c159abcd,1.7773447906423562e+18
6c7fb8e3-f781-4e38-89cb-3552c159abcd,1.7773447906756992e+18
6c7fb8e3-f781-4e38-89cb-3552c159abcd,1.7773447907090412e+18
6c7fb8e3-f781-4e38-89cb-3552c159abcd,1.7773447907423834e+18
6c7fb8e3-f781-4e38-89cb-3552c159abcd,1.7773447907757263e+18
6c7fb8e3-f781-4e38-89cb-3552c159abcd,1.7773447908090683e+18
6c7fb8e3-f781-4e38-89cb-3552c159abcd,1.7773447908424113e+18
6c7fb8e3-f781-4e38-89cb-3552c159abcd,1.7773447908757532e+18
6c7fb8e3-f781-4e38-89cb-3552c159abcd,1.7773447909090962e+18
6c7fb8e3-f781-4e38-89cb-3552c159abcd,1.7773447909424381e+18
6c7fb8e3-f781-4e38-89cb-3552c159abcd,1.777344790975781e+18
6c7fb8e3-f781-4e38-89cb-3552c159abcd,1.7773447910091233e+18
6c7fb8e3-f781-4e38-89cb-3552c159abcd,1.7773447910424653e+18
6c7fb8e3-f781-4e38-89cb-3552c159abcd,1.7773447910758083e+18
6c7fb8e3-f781-4e38-89cb-3552c159abcd,1.7773447911091502e+18
6c7fb8e3-f781-4e38-89cb-3552c159abcd,1.7773447911424932e+18
6c7fb8e3-f781-4e38-89cb-3552c159abcd,1.7773447911758351e+18
6c7fb8e3-f781-4e38-89cb-3552c159abcd,1.7773447912091784e+18
6c7fb8e3-f781-4e38-89cb-3552c159abcd,1.7773447912425203e+18
6c7fb8e3-f781-4e38-89cb-3552c159abcd,1.7773447912758633e+18
6c7fb8e3-f781-4e38-89cb-3552c159abcd,1.7773447913092052e+18
6c7fb8e3-f781-4e38-89cb-3552c159abcd,1.7773447913425472e+18
6c7fb8e3-f781-4e38-89cb-3552c159abcd,1.7773447913758902e+18
6c7fb8e3-f781-4e38-89cb-3552c159abcd,1.7773447914092321e+18
6c7fb8e3-f781-4e38-89cb-3552c159abcd,1.7773447914425754e+18
6c7fb8e3-f781-4e38-89cb-3552c159abcd,1.7773447914759173e+18
6c7fb8e3-f781-4e38-89cb-3552c159abcd,1.7773447915092603e+18
6c7fb8e3-f781-4e38-89cb-3552c159abcd,1.7773447915426022e+18
6c7fb8e3-f781-4e38-89cb-3552c159abcd,1.7773447915759452e+18
6c7fb8e3-f781-4e38-89cb-3552c159abcd,1.7773447916092872e+18
6c7fb8e3-f781-4e38-89cb-3552c159abcd,1.777344791642629e+18
6c7fb8e3-f781-4e38-89cb-3552c159abcd,1.7773447916759724e+18
6c7fb8e3-f781-4e38-89cb-3552c159abcd,1.7773447917093143e+18
6c7fb8e3-f781-4e38-89cb-3552c159abcd,1.7773447917426573e+18
6c7fb8e3-f781-4e38-89cb-3552c159abcd,1.7773447917759992e+18
6c7fb8e3-f781-4e38-89cb-3552c159abcd,1.7773447918093422e+18
6c7fb8e3-f781-4e38-89cb-3552c159abcd,1.7773447918426842e+18
6c7fb8e3-f781-4e38-89cb-3552c159abcd,1.7773447918760271e+18
6c7fb8e3-f781-4e38-89cb-3552c159abcd,1.7773447919093693e+18
6c7fb8e3-f781-4e38-89cb-3552c159abcd,1.7773447919427123e+18
6c7fb8e3-f781-4e38-89cb-3552c159abcd,1.7773447919760543e+18
6c7fb8e3-f781-4e38-89cb-3552c159abcd,1.7773447920093962e+18
6c7fb8e3-f781-4e38-89cb-3552c159abcd,1.7773447920427392e+18
6c7fb8e3-f781-4e38-89cb-3552c159abcd,1.7773447920760812e+18
6c7fb8e3-f781-4e38-89cb-3552c159abcd,1.777344792109424e+18
6c7fb8e3-f781-4e38-89cb-3552c159abcd,1.7773447921427663e+18
6c7fb8e3-f781-4e38-89cb-3552c159abcd,1.7773447921761093e+18
6c7fb8e3-f781-4e38-89cb-3552c159abcd,1.7773447922094513e+18
6c7fb8e3-f781-4e38-89cb-3552c159abcd,1.7773447922427942e+18
6c7fb8e3-f781-4e38-89cb-3552c159abcd,1.7773447922761362e+18
6c7fb8e3-f781-4e38-89cb-3552c159abcd,1.7773447923094781e+18
6c7fb8e3-f781-4e38-89cb-3552c159abcd,1.777344792342821e+18
6c7fb8e3-f781-4e38-89cb-3552c159abcd,1.7773447923761633e+18
6c7fb8e3-f781-4e38-89cb-3552c159abcd,1.7773447924095063e+18
6c7fb8e3-f781-4e38-89cb-3552c159abcd,1.7773447924428483e+18
6c7fb8e3-f781-4e38-89cb-3552c159abcd,1.7773447924761912e+18
6c7fb8e3-f781-4e38-89cb-3552c159abcd,1.7773447925095332e+18
6c7fb8e3-f781-4e38-89cb-3552c159abcd,1.7773447925428762e+18
6c7fb8e3-f781-4e38-89cb-3552c159abcd,1.7773447925762184e+18
6c7fb8e3-f781-4e38-89cb-3552c159abcd,1.7773447926095603e+18
6c7fb8e3-f781-4e38-89cb-3552c159abcd,1.7773447926429033e+18
6c7fb8e3-f781-4e38-89cb-3552c159abcd,1.7773447926762452e+18
6c7fb8e3-f781-4e38-89cb-3552c159abcd,1.7773447927095882e+18
6c7fb8e3-f781-4e38-89cb-3552c159abcd,1.7773447927429302e+18
6c7fb8e3-f781-4e38-89cb-3552c159abcd,1.7773447927762732e+18
6c7fb8e3-f781-4e38-89cb-3552c159abcd,1.7773447928096154e+18
6c7fb8e3-f781-4e38-89cb-3552c159abcd,1.7773447928429583e+18
6c7fb8e3-f781-4e38-89cb-3552c159abcd,1.7773447928763003e+18
6c7fb8e3-f781-4e38-89cb-3552c159abcd,1.7773447929096422e+18
6c7fb8e3-f781-4e38-89cb-3552c159abcd,1.7773447929429852e+18
6c7fb8e3-f781-4e38-89cb-3552c159abcd,1.7773447929763272e+18
6c7fb8e3-f781-4e38-89cb-3552c159abcd,1.7773447930096701e+18
6c7fb8e3-f781-4e38-89cb-3552c159abcd,1.7773447930430124e+18
6c7fb8e3-f781-4e38-89cb-3552c159abcd,1.7773447930763553e+18
6c7fb8e3-f781-4e38-89cb-3552c159abcd,1.7773447931096973e+18
6c7fb8e3-f781-4e38-89cb-3552c159abcd,1.7773447931430403e+18
6c7fb8e3-f781-4e38-89cb-3552c159abcd,1.7773447931763822e+18
6c7fb8e3-f781-4e38-89cb-3552c159abcd,1.7773447932097242e+18
6c7fb8e3-f781-4e38-89cb-3552c159abcd,1.7773447932430671e+18
6c7fb8e3-f781-4e38-89cb-3552c159abcd,1.7773447932764093e+18
6c7fb8e3-f781-4e38-89cb-3552c159abcd,1.7773447933097523e+18
6c7fb8e3-f781-4e38-89cb-3552c159abcd,1.7773447933430943e+18
6c7fb8e3-f781-4e38-89cb-3552c159abcd,1.7773447933764372e+18
6c7fb8e3-f781-4e38-89cb-3552c159abcd,1.7773447934097792e+18
6c7fb8e3-f781-4e38-89cb-3552c159abcd,1.7773447934431222e+18
6c7fb8e3-f781-4e38-89cb-3552c159abcd,1.777344793476464e+18
6c7fb8e3-f781-4e38-89cb-3552c159abcd,1.7773447935098063e+18
6c7fb8e3-f781-4e38-89cb-3552c159abcd,1.7773447935431493e+18
6c7fb8e3-f781-4e38-89cb-3552c159abcd,1.7773447935764913e+18
6c7fb8e3-f781-4e38-89cb-3552c159abcd,1.7773447936098342e+18
6c7fb8e3-f781-4e38-89cb-3552c159abcd,1.7773447936431762e+18
6c7fb8e3-f781-4e38-89cb-3552c159abcd,1.7773447936765192e+18
6c7fb8e3-f781-4e38-89cb-3552c159abcd,1.777344793709861e+18
6c7fb8e3-f781-4e38-89cb-3552c159abcd,1.7773447937432044e+18
6c7fb8e3-f781-4e38-89cb-3552c159abcd,1.7773447937765463e+18
6c7fb8e3-f781-4e38-89cb-3552c159abcd,1.7773447938098893e+18
6c7fb8e3-f781-4e38-89cb-3552c159abcd,1.7773447938432312e+18
6c7fb8e3-f781-4e38-89cb-3552c159abcd,1.7773447938765732e+18
6c7fb8e3-f781-4e38-89cb-3552c159abcd,1.7773447939099162e+18
6c7fb8e3-f781-4e38-89cb-3552c159abcd,1.7773447939432584e+18
6c7fb8e3-f781-4e38-89cb-3552c159abcd,1.7773447939766013e+18
6c7fb8e3-f781-4e38-89cb-3552c159abcd,1.7773447940099433e+18
6c7fb8e3-f781-4e38-89cb-3552c159abcd,1.7773447940432863e+18
6c7fb8e3-f781-4e38-89cb-3552c159abcd,1.7773447940766282e+18
6c7fb8e3-f781-4e38-89cb-3552c159abcd,1.7773447941099712e+18
6c7fb8e3-f781-4e38-89cb-3552c159abcd,1.7773447941433132e+18
6c7fb8e3-f781-4e38-89cb-3552c159abcd,1.7773447941766554e+18
6c7fb8e3-f781-4e38-89cb-3552c159abcd,1.7773447942099983e+18
6c7fb8e3-f781-4e38-89cb-3552c159abcd,1.7773447942433403e+18
6c7fb8e3-f781-4e38-89cb-3552c159abcd,1.7773447942766833e+18
6c7fb8e3-f781-4e38-89cb-3552c159abcd,1.7773447943100252e+18
6c7fb8e3-f781-4e38-89cb-3552c159abcd,1.7773447943433682e+18
6c7fb8e3-f781-4e38-89cb-3552c159abcd,1.7773447943767101e+18
6c7fb8e3-f781-4e38-89cb-3552c159abcd,1.777344794410053e+18
6c7fb8e3-f781-4e38-89cb-3552c159abcd,1.7773447944433953e+18
6c7fb8e3-f781-4e38-89cb-3552c159abcd,1.7773447944767373e+18
6c7fb8e3-f781-4e38-89cb-3552c159abcd,1.7773447945100803e+18
6c7fb8e3-f781-4e38-89cb-3552c159abcd,1.7773447945434222e+18
6c7fb8e3-f781-4e38-89cb-3552c159abcd,1.7773447945767652e+18
6c7fb8e3-f781-4e38-89cb-3552c159abcd,1.7773447946101071e+18
6c7fb8e3-f781-4e38-89cb-3552c159abcd,1.7773447946434504e+18
6c7fb8e3-f781-4e38-89cb-3552c159abcd,1.7773447946767923e+18
6c7fb8e3-f781-4e38-89cb-3552c159abcd,1.7773447947101353e+18
6c7fb8e3-f781-4e38-89cb-3552c159abcd,1.7773447947434772e+18
6c7fb8e3-f781-4e38-89cb-3552c159abcd,1.7773447947768192e+18
6c7fb8e3-f781-4e38-89cb-3552c159abcd,1.7773447948101622e+18
6c7fb8e3-f781-4e38-89cb-3552c159abcd,1.777344794843504e+18
6c7fb8e3-f781-4e38-89cb-3552c159abcd,1.7773447948768474e+18
6c7fb8e3-f781-4e38-89cb-3552c159abcd,1.7773447949101893e+18
6c7fb8e3-f781-4e38-89cb-3552c159abcd,1.7773447949435323e+18
6c7fb8e3-f781-4e38-89cb-3552c159abcd,1.7773447949768742e+18
6c7fb8e3-f781-4e38-89cb-3552c159abcd,1.7773447950102172e+18
6c7fb8e3-f781-4e38-89cb-3552c159abcd,1.7773447950435592e+18
6c7fb8e3-f781-4e38-89cb-3552c159abcd,1.7773447950769021e+18
6c7fb8e3-f781-4e38-89cb-3552c159abcd,1.7773447951102444e+18
6c7fb8e3-f781-4e38-89cb-3552c159abcd,1.7773447951435863e+18
6c7fb8e3-f781-4e38-89cb-3552c159abcd,1.7773447951769293e+18
6c7fb8e3-f781-4e38-89cb-3552c159abcd,1.7773447952102712e+18
6c7fb8e3-f781-4e38-89cb-3552c159abcd,1.7773447952436142e+18
6c7fb8e3-f781-4e38-89cb-3552c159abcd,1.7773447952769562e+18
6c7fb8e3-f781-4e38-89cb-3552c159abcd,1.7773447953102991e+18
6c7fb8e3-f781-4e38-89cb-3552c159abcd,1.7773447953436413e+18
6c7fb8e3-f781-4e38-89cb-3552c159abcd,1.7773447953769833e+18
6c7fb8e3-f781-4e38-89cb-3552c159abcd,1.7773447954103263e+18
6c7fb8e3-f781-4e38-89cb-3552c159abcd,1.7773447954436682e+18
6c7fb8e3-f781-4e38-89cb-3552c159abcd,1.7773447954770112e+18
6c7fb8e3-f781-4e38-89cb-3552c159abcd,1.7773447955103532e+18
6c7fb8e3-f781-4e38-89cb-3552c159abcd,1.7773447955436961e+18
6c7fb8e3-f781-4e38-89cb-3552c159abcd,1.7773447955770383e+18
6c7fb8e3-f781-4e38-89cb-3552c159abcd,1.7773447956103813e+18
6c7fb8e3-f781-4e38-89cb-3552c159abcd,1.7773447956437233e+18
6c7fb8e3-f781-4e38-89cb-3552c159abcd,1.7773447956770662e+18
6c7fb8e3-f781-4e38-89cb-3552c159abcd,1.7773447957104082e+18
6c7fb8e3-f781-4e38-89cb-3552c159abcd,1.7773447957437501e+18
6c7fb8e3-f781-4e38-89cb-3552c159abcd,1.777344795777093e+18
6c7fb8e3-f781-4e38-89cb-3552c159abcd,1.7773447958104353e+18
6c7fb8e3-f781-4e38-89cb-3552c159abcd,1.7773447958437783e+18
6c7fb8e3-f781-4e38-89cb-3552c159abcd,1.7773447958771203e+18
6c7fb8e3-f781-4e38-89cb-3552c159abcd,1.7773447959104632e+18
6c7fb8e3-f781-4e38-89cb-3552c159abcd,1.7773447959438052e+18
6c7fb8e3-f781-4e38-89cb-3552c159abcd,1.7773447959771482e+18
6c7fb8e3-f781-4e38-89cb-3552c159abcd,1.7773447960104904e+18
6c7fb8e3-f781-4e38-89cb-3552c159abcd,1.7773447960438323e+18
6c7fb8e3-f781-4e38-89cb-3552c159abcd,1.7773447960771753e+18
6c7fb8e3-f781-4e38-89cb-3552c159abcd,1.7773447961105172e+18
6c7fb8e3-f781-4e38-89cb-3552c159abcd,1.7773447961438602e+18
6c7fb8e3-f781-4e38-89cb-3552c159abcd,1.7773447961772022e+18
6c7fb8e3-f781-4e38-89cb-3552c159abcd,1.7773447962105452e+18
6c7fb8e3-f781-4e38-89cb-3552c159abcd,1.7773447962438874e+18
6c7fb8e3-f781-4e38-89cb-3552c159abcd,1.7773447962772303e+18
6c7fb8e3-f781-4e38-89cb-3552c159abcd,1.7773447963105723e+18
6c7fb8e3-f781-4e38-89cb-3552c159abcd,1.7773447963439142e+18
6c7fb8e3-f781-4e38-89cb-3552c159abcd,1.7773447963772572e+18
6c7fb8e3-f781-4e38-89cb-3552c159abcd,1.7773447964105992e+18
6c7fb8e3-f781-4e38-89cb-3552c159abcd,1.7773447964439421e+18
6c7fb8e3-f781-4e38-89cb-3552c159abcd,1.7773447964772844e+18
6c7fb8e3-f781-4e38-89cb-3552c159abcd,1.7773447965106273e+18
6c7fb8e3-f781-4e38-89cb-3552c159abcd,1.7773447965439693e+18
6c7fb8e3-f781-4e38-89cb-3552c159abcd,1.7773447965773123e+18
6c7fb8e3-f781-4e38-89cb-3552c159abcd,1.7773447966106542e+18
6c7fb8e3-f781-4e38-89cb-3552c159abcd,1.7773447966439972e+18
6c7fb8e3-f781-4e38-89cb-3552c159abcd,1.7773447966773391e+18
6c7fb8e3-f781-4e38-89cb-3552c159abcd,1.7773447967106813e+18
6c7fb8e3-f781-4e38-89cb-3552c159abcd,1.7773447967440243e+18
6c7fb8e3-f781-4e38-89cb-3552c159abcd,1.7773447967773663e+18
6c7fb8e3-f781-4e38-89cb-3552c159abcd,1.7773447968107092e+18
6c7fb8e3-f781-4e38-89cb-3552c159abcd,1.7773447968440512e+18
6c7fb8e3-f781-4e38-89cb-3552c159abcd,1.7773447968773942e+18
6c7fb8e3-f781-4e38-89cb-3552c159abcd,1.7773447969107361e+18
6c7fb8e3-f781-4e38-89cb-3552c159abcd,1.7773447969440794e+18
6c7fb8e3-f781-4e38-89cb-3552c159abcd,1.7773447969774213e+18
6c7fb8e3-f781-4e38-89cb-3552c159abcd,1.7773447970107633e+18
6c7fb8e3-f781-4e38-89cb-3552c159abcd,1.7773447970441062e+18
6c7fb8e3-f781-4e38-89cb-3552c159abcd,1.7773447970774482e+18
6c7fb8e3-f781-4e38-89cb-3552c159abcd,1.7773447971107912e+18
6c7fb8e3-f781-4e38-89cb-3552c159abcd,1.777344797144133e+18
6c7fb8e3-f781-4e38-89cb-3552c159abcd,1.7773447971774764e+18
6c7fb8e3-f781-4e38-89cb-3552c159abcd,1.7773447972108183e+18
6c7fb8e3-f781-4e38-89cb-3552c159abcd,1.7773447972441613e+18
6c7fb8e3-f781-4e38-89cb-3552c159abcd,1.7773447972775032e+18
6c7fb8e3-f781-4e38-89cb-3552c159abcd,1.7773447973108452e+18
6c7fb8e3-f781-4e38-89cb-3552c159abcd,1.7773447973441882e+18
6c7fb8e3-f781-4e38-89cb-3552c159abcd,1.7773447973775304e+18
6c7fb8e3-f781-4e38-89cb-3552c159abcd,1.7773447974108733e+18
6c7fb8e3-f781-4e38-89cb-3552c159abcd,1.7773447974442153e+18
6c7fb8e3-f781-4e38-89cb-3552c159abcd,1.7773447974775583e+18
6c7fb8e3-f781-4e38-89cb-3552c159abcd,1.7773447975109002e+18
6c7fb8e3-f781-4e38-89cb-3552c159abcd,1.7773447975442432e+18
6c7fb8e3-f781-4e38-89cb-3552c159abcd,1.7773447975775852e+18
6c7fb8e3-f781-4e38-89cb-3552c159abcd,1.777344797610928e+18
6c7fb8e3-f781-4e38-89cb-3552c159abcd,1.7773447976442703e+18
6c7fb8e3-f781-4e38-89cb-3552c159abcd,1.7773447976776123e+18
6c7fb8e3-f781-4e38-89cb-3552c159abcd,1.7773447977109553e+18
6c7fb8e3-f781-4e38-89cb-3552c159abcd,1.7773447977442972e+18
6c7fb8e3-f781-4e38-89cb-3552c159abcd,1.7773447977776402e+18
6c7fb8e3-f781-4e38-89cb-3552c159abcd,1.7773447978109821e+18
6c7fb8e3-f781-4e38-89cb-3552c159abcd,1.777344797844325e+18
6c7fb8e3-f781-4e38-89cb-3552c159abcd,1.7773447978776673e+18
6c7fb8e3-f781-4e38-89cb-3552c159abcd,1.7773447979110093e+18
6c7fb8e3-f781-4e38-89cb-3552c159abcd,1.7773447979443523e+18
6c7fb8e3-f781-4e38-89cb-3552c159abcd,1.7773447979776942e+18
6c7fb8e3-f781-4e38-89cb-3552c159abcd,1.7773447980110372e+18
6c7fb8e3-f781-4e38-89cb-3552c159abcd,1.7773447980443791e+18
6c7fb8e3-f781-4e38-89cb-3552c159abcd,1.7773447980777224e+18
6c7fb8e3-f781-4e38-89cb-3552c159abcd,1.7773447981110643e+18
6c7fb8e3-f781-4e38-89cb-3552c159abcd,1.7773447981444073e+18
6c7fb8e3-f781-4e38-89cb-3552c159abcd,1.7773447981777492e+18
6c7fb8e3-f781-4e38-89cb-3552c159abcd,1.7773447982110922e+18
6c7fb8e3-f781-4e38-89cb-3552c159abcd,1.7773447982444342e+18
6c7fb8e3-f781-4e38-89cb-3552c159abcd,1.7773447982777761e+18
6c7fb8e3-f781-4e38-89cb-3552c159abcd,1.7773447983111194e+18
6c7fb8e3-f781-4e38-89cb-3552c159abcd,1.7773447983444613e+18
6c7fb8e3-f781-4e38-89cb-3552c159abcd,1.7773447983778043e+18
6c7fb8e3-f781-4e38-89cb-3552c159abcd,1.7773447984111462e+18
6c7fb8e3-f781-4e38-89cb-3552c159abcd,1.7773447984444892e+18
6c7fb8e3-f781-4e38-89cb-3552c159abcd,1.7773447984778312e+18
6c7fb8e3-f781-4e38-89cb-3552c159abcd,1.7773447985111741e+18
6c7fb8e3-f781-4e38-89cb-3552c159abcd,1.7773447985445164e+18
6c7fb8e3-f781-4e38-89cb-3552c159abcd,1.7773447985778583e+18
6c7fb8e3-f781-4e38-89cb-3552c159abcd,1.7773447986112013e+18
6c7fb8e3-f781-4e38-89cb-3552c159abcd,1.7773447986445432e+18
6c7fb8e3-f781-4e38-89cb-3552c159abcd,1.7773447986778862e+18
6c7fb8e3-f781-4e38-89cb-3552c159abcd,1.7773447987112282e+18
6c7fb8e3-f781-4e38-89cb-3552c159abcd,1.7773447987445711e+18
6c7fb8e3-f781-4e38-89cb-3552c159abcd,1.7773447987779133e+18
6c7fb8e3-f781-4e38-89cb-3552c159abcd,1.7773447988112563e+18
6c7fb8e3-f781-4e38-89cb-3552c159abcd,1.7773447988445983e+18
6c7fb8e3-f781-4e38-89cb-3552c159abcd,1.7773447988779402e+18
6c7fb8e3-f781-4e38-89cb-3552c159abcd,1.7773447989112832e+18
6c7fb8e3-f781-4e38-89cb-3552c159abcd,1.7773447989446252e+18
6c7fb8e3-f781-4e38-89cb-3552c159abcd,1.777344798977968e+18
6c7fb8e3-f781-4e38-89cb-3552c159abcd,1.7773447990113103e+18
6c7fb8e3-f781-4e38-89cb-3552c159abcd,1.7773447990446533e+18
6c7fb8e3-f781-4e38-89cb-3552c159abcd,1.7773447990779953e+18
6c7fb8e3-f781-4e38-89cb-3552c159abcd,1.7773447991113382e+18
6c7fb8e3-f781-4e38-89cb-3552c159abcd,1.7773447991446802e+18
6c7fb8e3-f781-4e38-89cb-3552c159abcd,1.7773447991780221e+18
6c7fb8e3-f781-4e38-89cb-3552c159abcd,1.777344799211365e+18
6c7fb8e3-f781-4e38-89cb-3552c159abcd,1.7773447992447073e+18
6c7fb8e3-f781-4e38-89cb-3552c159abcd,1.7773447992780503e+18
6c7fb8e3-f781-4e38-89cb-3552c159abcd,1.7773447993113923e+18
6c7fb8e3-f781-4e38-89cb-3552c159abcd,1.7773447993447352e+18
6c7fb8e3-f781-4e38-89cb-3552c159abcd,1.7773447993780772e+18
6c7fb8e3-f781-4e38-89cb-3552c159abcd,1.7773447994114202e+18
6c7fb8e3-f781-4e38-89cb-3552c159abcd,1.7773447994447624e+18
6c7fb8e3-f781-4e38-89cb-3552c159abcd,1.7773447994781043e+18
6c7fb8e3-f781-4e38-89cb-3552c159abcd,1.7773447995114473e+18
6c7fb8e3-f781-4e38-89cb-3552c159abcd,1.7773447995447892e+18
6c7fb8e3-f781-4e38-89cb-3552c159abcd,1.7773447995781322e+18
6c7fb8e3-f781-4e38-89cb-3552c159abcd,1.7773447996114742e+18
6c7fb8e3-f781-4e38-89cb-3552c159abcd,1.7773447996448172e+18
6c7fb8e3-f781-4e38-89cb-3552c159abcd,1.7773447996781594e+18
6c7fb8e3-f781-4e38-89cb-3552c159abcd,1.7773447997115023e+18
6c7fb8e3-f781-4e38-89cb-3552c159abcd,1.7773447997448443e+18
6c7fb8e3-f781-4e38-89cb-3552c159abcd,1.7773447997781862e+18
6c7fb8e3-f781-4e38-89cb-3552c159abcd,1.7773447998115292e+18
6c7fb8e3-f781-4e38-89cb-3552c159abcd,1.7773447998448712e+18
6c7fb8e3-f781-4e38-89cb-3552c159abcd,1.7773447998782141e+18
6c7fb8e3-f781-4e38-89cb-3552c159abcd,1.7773447999115564e+18
6c7fb8e3-f781-4e38-89cb-3552c159abcd,1.7773447999448993e+18
6c7fb8e3-f781-4e38-89cb-3552c159abcd,1.7773447999782413e+18
6c7fb8e3-f781-4e38-89cb-3552c159abcd,1.7773448000115843e+18
6c7fb8e3-f781-4e38-89cb-3552c159abcd,1.7773448000449262e+18
6c7fb8e3-f781-4e38-89cb-3552c159abcd,1.7773448000782692e+18
6c7fb8e3-f781-4e38-89cb-3552c159abcd,1.7773448001116111e+18
6c7fb8e3-f781-4e38-89cb-3552c159abcd,1.7773448001449533e+18
6c7fb8e3-f781-4e38-89cb-3552c159abcd,1.7773448001782963e+18
6c7fb8e3-f781-4e38-89cb-3552c159abcd,1.7773448002116383e+18
6c7fb8e3-f781-4e38-89cb-3552c159abcd,1.7773448002449812e+18
6c7fb8e3-f781-4e38-89cb-3552c159abcd,1.7773448002783232e+18
6c7fb8e3-f781-4e38-89cb-3552c159abcd,1.7773448003116662e+18
6c7fb8e3-f781-4e38-89cb-3552c159abcd,1.777344800345008e+18
6c7fb8e3-f781-4e38-89cb-3552c159abcd,1.7773448003783514e+18
6c7fb8e3-f781-4e38-89cb-3552c159abcd,1.7773448004116933e+18
6c7fb8e3-f781-4e38-89cb-3552c159abcd,1.7773448004450353e+18
6c7fb8e3-f781-4e38-89cb-3552c159abcd,1.7773448004783782e+18
6c7fb8e3-f781-4e38-89cb-3552c159abcd,1.7773448005117202e+18
6c7fb8e3-f781-4e38-89cb-3552c159abcd,1.7773448005450632e+18
6c7fb8e3-f781-4e38-89cb-3552c159abcd,1.777344800578405e+18
6c7fb8e3-f781-4e38-89cb-3552c159abcd,1.7773448006117484e+18
6c7fb8e3-f781-4e38-89cb-3552c159abcd,1.7773448006450903e+18
6c7fb8e3-f781-4e38-89cb-3552c159abcd,1.7773448006784333e+18
6c7fb8e3-f781-4e38-89cb-3552c159abcd,1.7773448007117752e+18
6c7fb8e3-f781-4e38-89cb-3552c159abcd,1.7773448007451172e+18
6c7fb8e3-f781-4e38-89cb-3552c159abcd,1.7773448007784602e+18
6c7fb8e3-f781-4e38-89cb-3552c159abcd,1.7773448008118024e+18
6c7fb8e3-f781-4e38-89cb-3552c159abcd,1.7773448008451453e+18
6c7fb8e3-f781-4e38-89cb-3552c159abcd,1.7773448008784873e+18
6c7fb8e3-f781-4e38-89cb-3552c159abcd,1.7773448009118303e+18
6c7fb8e3-f781-4e38-89cb-3552c159abcd,1.7773448009451722e+18
6c7fb8e3-f781-4e38-89cb-3552c159abcd,1.7773448009785152e+18
6c7fb8e3-f781-4e38-89cb-3552c159abcd,1.7773448010118572e+18
6c7fb8e3-f781-4e38-89cb-3552c159abcd,1.7773448010451994e+18
6c7fb8e3-f781-4e38-89cb-3552c159abcd,1.7773448010785423e+18
6c7fb8e3-f781-4e38-89cb-3552c159abcd,1.7773448011118843e+18
6c7fb8e3-f781-4e38-89cb-3552c159abcd,1.7773448011452273e+18
6c7fb8e3-f781-4e38-89cb-3552c159abcd,1.7773448011785692e+18
6c7fb8e3-f781-4e38-89cb-3552c159abcd,1.7773448012119122e+18
6c7fb8e3-f781-4e38-89cb-3552c159abcd,1.7773448012452541e+18
6c7fb8e3-f781-4e38-89cb-3552c159abcd,1.777344801278597e+18
6c7fb8e3-f781-4e38-89cb-3552c159abcd,1.7773448013119393e+18
6c7fb8e3-f781-4e38-89cb-3552c159abcd,1.7773448013452813e+18
6c7fb8e3-f781-4e38-89cb-3552c159abcd,1.7773448013786243e+18
6c7fb8e3-f781-4e38-89cb-3552c159abcd,1.7773448014119662e+18
6c7fb8e3-f781-4e38-89cb-3552c159abcd,1.7773448014453092e+18
6c7fb8e3-f781-4e38-89cb-3552c159abcd,1.7773448014786511e+18
6c7fb8e3-f781-4e38-89cb-3552c159abcd,1.7773448015119944e+18
6c7fb8e3-f781-4e38-89cb-3552c159abcd,1.7773448015453363e+18
6c7fb8e3-f781-4e38-89cb-3552c159abcd,1.7773448015786793e+18
6c7fb8e3-f781-4e38-89cb-3552c159abcd,1.7773448016120212e+18
6c7fb8e3-f781-4e38-89cb-3552c159abcd,1.7773448016453632e+18
6c7fb8e3-f781-4e38-89cb-3552c159abcd,1.7773448016787062e+18
6c7fb8e3-f781-4e38-89cb-3552c159abcd,1.777344801712048e+18
6c7fb8e3-f781-4e38-89cb-3552c159abcd,1.7773448017453914e+18
6c7fb8e3-f781-4e38-89cb-3552c159abcd,1.7773448017787333e+18
6c7fb8e3-f781-4e38-89cb-3552c159abcd,1.7773448018120763e+18
6c7fb8e3-f781-4e38-89cb-3552c159abcd,1.7773448018454182e+18
6c7fb8e3-f781-4e38-89cb-3552c159abcd,1.7773448018787612e+18
6c7fb8e3-f781-4e38-89cb-3552c159abcd,1.7773448019121032e+18
6c7fb8e3-f781-4e38-89cb-3552c159abcd,1.7773448019454461e+18
6c7fb8e3-f781-4e38-89cb-3552c159abcd,1.7773448019787884e+18
6c7fb8e3-f781-4e38-89cb-3552c159abcd,1.7773448020121303e+18
6c7fb8e3-f781-4e38-89cb-3552c159abcd,1.7773448020454733e+18
6c7fb8e3-f781-4e38-89cb-3552c159abcd,1.7773448020788152e+18
6c7fb8e3-f781-4e38-89cb-3552c159abcd,1.7773448021121582e+18
6c7fb8e3-f781-4e38-89cb-3552c159abcd,1.7773448021455002e+18
6c7fb8e3-f781-4e38-89cb-3552c159abcd,1.7773448021788431e+18
6c7fb8e3-f781-4e38-89cb-3552c159abcd,1.7773448022121853e+18
6c7fb8e3-f781-4e38-89cb-3552c159abcd,1.7773448022455283e+18
6c7fb8e3-f781-4e38-89cb-3552c159abcd,1.7773448022788703e+18
6c7fb8e3-f781-4e38-89cb-3552c159abcd,1.7773448023122122e+18
6c7fb8e3-f781-4e38-89cb-3552c159abcd,1.7773448023455552e+18
6c7fb8e3-f781-4e38-89cb-3552c159abcd,1.7773448023788972e+18
6c7fb8e3-f781-4e38-89cb-3552c159abcd,1.7773448024122401e+18
6c7fb8e3-f781-4e38-89cb-3552c159abcd,1.7773448024455823e+18
6c7fb8e3-f781-4e38-89cb-3552c159abcd,1.7773448024789253e+18
6c7fb8e3-f781-4e38-89cb-3552c159abcd,1.7773448025122673e+18
6c7fb8e3-f781-4e38-89cb-3552c159abcd,1.7773448025456102e+18
6c7fb8e3-f781-4e38-89cb-3552c159abcd,1.7773448025789522e+18
6c7fb8e3-f781-4e38-89cb-3552c159abcd,1.7773448026122941e+18
6c7fb8e3-f781-4e38-89cb-3552c159abcd,1.777344802645637e+18
6c7fb8e3-f781-4e38-89cb-3552c159abcd,1.7773448026789793e+18
6c7fb8e3-f781-4e38-89cb-3552c159abcd,1.7773448027123223e+18
6c7fb8e3-f781-4e38-89cb-3552c159abcd,1.7773448027456643e+18
6c7fb8e3-f781-4e38-89cb-3552c159abcd,1.7773448027790072e+18
6c7fb8e3-f781-4e38-89cb-3552c159abcd,1.7773448028123492e+18
6c7fb8e3-f781-4e38-89cb-3552c159abcd,1.7773448028456922e+18
6c7fb8e3-f781-4e38-89cb-3552c159abcd,1.7773448028790344e+18
6c7fb8e3-f781-4e38-89cb-3552c159abcd,1.7773448029123763e+18
6c7fb8e3-f781-4e38-89cb-3552c159abcd,1.7773448029457193e+18
6c7fb8e3-f781-4e38-89cb-3552c159abcd,1.7773448029790612e+18
6c7fb8e3-f781-4e38-89cb-3552c159abcd,1.7773448030124042e+18
6c7fb8e3-f781-4e38-89cb-3552c159abcd,1.7773448030457462e+18
6c7fb8e3-f781-4e38-89cb-3552c159abcd,1.7773448030790892e+18
6c7fb8e3-f781-4e38-89cb-3552c159abcd,1.7773448031124314e+18
6c7fb8e3-f781-4e38-89cb-3552c159abcd,1.7773448031457743e+18
6c7fb8e3-f781-4e38-89cb-3552c159abcd,1.7773448031791163e+18
6c7fb8e3-f781-4e38-89cb-3552c159abcd,1.7773448032124582e+18
6c7fb8e3-f781-4e38-89cb-3552c159abcd,1.7773448032458012e+18
6c7fb8e3-f781-4e38-89cb-3552c159abcd,1.7773448032791432e+18
6c7fb8e3-f781-4e38-89cb-3552c159abcd,1.7773448033124861e+18
6c7fb8e3-f781-4e38-89cb-3552c159abcd,1.7773448033458284e+18
6c7fb8e3-f781-4e38-89cb-3552c159abcd,1.7773448033791713e+18
6c7fb8e3-f781-4e38-89cb-3552c159abcd,1.7773448034125133e+18
6c7fb8e3-f781-4e38-89cb-3552c159abcd,1.7773448034458563e+18
6c7fb8e3-f781-4e38-89cb-3552c159abcd,1.7773448034791982e+18
6c7fb8e3-f781-4e38-89cb-3552c159abcd,1.7773448035125402e+18
6c7fb8e3-f781-4e38-89cb-3552c159abcd,1.7773448035458831e+18
6c7fb8e3-f781-4e38-89cb-3552c159abcd,1.7773448035792253e+18
6c7fb8e3-f781-4e38-89cb-3552c159abcd,1.7773448036125683e+18
6c7fb8e3-f781-4e38-89cb-3552c159abcd,1.7773448036459103e+18
6c7fb8e3-f781-4e38-89cb-3552c159abcd,1.7773448036792532e+18
6c7fb8e3-f781-4e38-89cb-3552c159abcd,1.7773448037125952e+18
6c7fb8e3-f781-4e38-89cb-3552c159abcd,1.7773448037459382e+18
6c7fb8e3-f781-4e38-89cb-3552c159abcd,1.7773448037792801e+18
6c7fb8e3-f781-4e38-89cb-3552c159abcd,1.7773448038126234e+18
6c7fb8e3-f781-4e38-89cb-3552c159abcd,1.7773448038459653e+18
6c7fb8e3-f781-4e38-89cb-3552c159abcd,1.7773448038793073e+18
6c7fb8e3-f781-4e38-89cb-3552c159abcd,1.7773448039126502e+18
6c7fb8e3-f781-4e38-89cb-3552c159abcd,1.7773448039459922e+18
6c7fb8e3-f781-4e38-89cb-3552c159abcd,1.7773448039793352e+18
6c7fb8e3-f781-4e38-89cb-3552c159abcd,1.777344804012677e+18
6c7fb8e3-f781-4e38-89cb-3552c159abcd,1.7773448040460204e+18
6c7fb8e3-f781-4e38-89cb-3552c159abcd,1.7773448040793623e+18
6c7fb8e3-f781-4e38-89cb-3552c159abcd,1.7773448041127053e+18
6c7fb8e3-f781-4e38-89cb-3552c159abcd,1.7773448041460472e+18
6c7fb8e3-f781-4e38-89cb-3552c159abcd,1.7773448041793892e+18
6c7fb8e3-f781-4e38-89cb-3552c159abcd,1.7773448042127322e+18
6c7fb8e3-f781-4e38-89cb-3552c159abcd,1.7773448042460744e+18
6c7fb8e3-f781-4e38-89cb-3552c159abcd,1.7773448042794173e+18
6c7fb8e3-f781-4e38-89cb-3552c159abcd,1.7773448043127593e+18
6c7fb8e3-f781-4e38-89cb-3552c159abcd,1.7773448043461023e+18
6c7fb8e3-f781-4e38-89cb-3552c159abcd,1.7773448043794442e+18
6c7fb8e3-f781-4e38-89cb-3552c159abcd,1.7773448044127872e+18
6c7fb8e3-f781-4e38-89cb-3552c159abcd,1.7773448044461292e+18
6c7fb8e3-f781-4e38-89cb-3552c159abcd,1.7773448044794714e+18
6c7fb8e3-f781-4e38-89cb-3552c159abcd,1.7773448045128143e+18
6c7fb8e3-f781-4e38-89cb-3552c159abcd,1.7773448045461563e+18
6c7fb8e3-f781-4e38-89cb-3552c159abcd,1.7773448045794993e+18
6c7fb8e3-f781-4e38-89cb-3552c159abcd,1.7773448046128412e+18
6c7fb8e3-f781-4e38-89cb-3552c159abcd,1.7773448046461842e+18
6c7fb8e3-f781-4e38-89cb-3552c159abcd,1.7773448046795261e+18
6c7fb8e3-f781-4e38-89cb-3552c159abcd,1.777344804712869e+18
6c7fb8e3-f781-4e38-89cb-3552c159abcd,1.7773448047462113e+18
6c7fb8e3-f781-4e38-89cb-3552c159abcd,1.7773448047795533e+18
6c7fb8e3-f781-4e38-89cb-3552c159abcd,1.7773448048128963e+18
6c7fb8e3-f781-4e38-89cb-3552c159abcd,1.7773448048462382e+18
6c7fb8e3-f781-4e38-89cb-3552c159abcd,1.7773448048795812e+18
6c7fb8e3-f781-4e38-89cb-3552c159abcd,1.7773448049129231e+18
6c7fb8e3-f781-4e38-89cb-3552c159abcd,1.7773448049462664e+18
6c7fb8e3-f781-4e38-89cb-3552c159abcd,1.7773448049796083e+18
6c7fb8e3-f781-4e38-89cb-3552c159abcd,1.7773448050129513e+18
6c7fb8e3-f781-4e38-89cb-3552c159abcd,1.7773448050462932e+18
6c7fb8e3-f781-4e38-89cb-3552c159abcd,1.7773448050796362e+18
6c7fb8e3-f781-4e38-89cb-3552c159abcd,1.7773448051129782e+18
6c7fb8e3-f781-4e38-89cb-3552c159abcd,1.7773448051463201e+18
6c7fb8e3-f781-4e38-89cb-3552c159abcd,1.7773448051796634e+18
6c7fb8e3-f781-4e38-89cb-3552c159abcd,1.7773448052130053e+18
6c7fb8e3-f781-4e38-89cb-3552c159abcd,1.7773448052463483e+18
6c7fb8e3-f781-4e38-89cb-3552c159abcd,1.7773448052796902e+18
6c7fb8e3-f781-4e38-89cb-3552c159abcd,1.7773448053130332e+18
6c7fb8e3-f781-4e38-89cb-3552c159abcd,1.7773448053463752e+18
6c7fb8e3-f781-4e38-89cb-3552c159abcd,1.777344805379717e+18
6c7fb8e3-f781-4e38-89cb-3552c159abcd,1.7773448054130604e+18
6c7fb8e3-f781-4e38-89cb-3552c159abcd,1.7773448054464023e+18
6c7fb8e3-f781-4e38-89cb-3552c159abcd,1.7773448054797453e+18
6c7fb8e3-f781-4e38-89cb-3552c159abcd,1.7773448055130872e+18
6c7fb8e3-f781-4e38-89cb-3552c159abcd,1.7773448055464302e+18
6c7fb8e3-f781-4e38-89cb-3552c159abcd,1.7773448055797722e+18
6c7fb8e3-f781-4e38-89cb-3552c159abcd,1.7773448056131151e+18
6c7fb8e3-f781-4e38-89cb-3552c159abcd,1.7773448056464573e+18
6c7fb8e3-f781-4e38-89cb-3552c159abcd,1.7773448056798003e+18
6c7fb8e3-f781-4e38-89cb-3552c159abcd,1.7773448057131423e+18
6c7fb8e3-f781-4e38-89cb-3552c159abcd,1.7773448057464842e+18
6c7fb8e3-f781-4e38-89cb-3552c159abcd,1.7773448057798272e+18
6c7fb8e3-f781-4e38-89cb-3552c159abcd,1.7773448058131692e+18
6c7fb8e3-f781-4e38-89cb-3552c159abcd,1.777344805846512e+18
6c7fb8e3-f781-4e38-89cb-3552c159abcd,1.7773448058798543e+18
6c7fb8e3-f781-4e38-89cb-3552c159abcd,1.7773448059131973e+18
6c7fb8e3-f781-4e38-89cb-3552c159abcd,1.7773448059465393e+18
6c7fb8e3-f781-4e38-89cb-3552c159abcd,1.7773448059798822e+18
6c7fb8e3-f781-4e38-89cb-3552c159abcd,1.7773448060132242e+18
6c7fb8e3-f781-4e38-89cb-3552c159abcd,1.7773448060465661e+18
6c7fb8e3-f781-4e38-89cb-3552c159abcd,1.777344806079909e+18
6c7fb8e3-f781-4e38-89cb-3552c159abcd,1.7773448061132513e+18
6c7fb8e3-f781-4e38-89cb-3552c159abcd,1.7773448061465943e+18
6c7fb8e3-f781-4e38-89cb-3552c159abcd,1.7773448061799363e+18
6c7fb8e3-f781-4e38-89cb-3552c159abcd,1.7773448062132792e+18
6c7fb8e3-f781-4e38-89cb-3552c159abcd,1.7773448062466212e+18
6c7fb8e3-f781-4e38-89cb-3552c159abcd,1.7773448062799642e+18
6c7fb8e3-f781-4e38-89cb-3552c159abcd,1.7773448063133064e+18
6c7fb8e3-f781-4e38-89cb-3552c159abcd,1.7773448063466483e+18
6c7fb8e3-f781-4e38-89cb-3552c159abcd,1.7773448063799913e+18
6c7fb8e3-f781-4e38-89cb-3552c159abcd,1.7773448064133332e+18
6c7fb8e3-f781-4e38-89cb-3552c159abcd,1.7773448064466762e+18
6c7fb8e3-f781-4e38-89cb-3552c159abcd,1.7773448064800182e+18
6c7fb8e3-f781-4e38-89cb-3552c159abcd,1.7773448065133612e+18
6c7fb8e3-f781-4e38-89cb-3552c159abcd,1.7773448065467034e+18
6c7fb8e3-f781-4e38-89cb-3552c159abcd,1.7773448065800463e+18
6c7fb8e3-f781-4e38-89cb-3552c159abcd,1.7773448066133883e+18
6c7fb8e3-f781-4e38-89cb-3552c159abcd,1.7773448066467302e+18
6c7fb8e3-f781-4e38-89cb-3552c159abcd,1.7773448066800732e+18
6c7fb8e3-f781-4e38-89cb-3552c159abcd,1.7773448067134152e+18
6c7fb8e3-f781-4e38-89cb-3552c159abcd,1.7773448067467581e+18
6c7fb8e3-f781-4e38-89cb-3552c159abcd,1.7773448067801004e+18
6c7fb8e3-f781-4e38-89cb-3552c159abcd,1.7773448068134433e+18
6c7fb8e3-f781-4e38-89cb-3552c159abcd,1.7773448068467853e+18
6c7fb8e3-f781-4e38-89cb-3552c159abcd,1.7773448068801283e+18
6c7fb8e3-f781-4e38-89cb-3552c159abcd,1.7773448069134702e+18
6c7fb8e3-f781-4e38-89cb-3552c159abcd,1.7773448069468132e+18
6c7fb8e3-f781-4e38-89cb-3552c159abcd,1.7773448069801551e+18
6c7fb8e3-f781-4e38-89cb-3552c159abcd,1.7773448070134973e+18
6c7fb8e3-f781-4e38-89cb-3552c159abcd,1.7773448070468403e+18
6c7fb8e3-f781-4e38-89cb-3552c159abcd,1.7773448070801823e+18
6c7fb8e3-f781-4e38-89cb-3552c159abcd,1.7773448071135252e+18
6c7fb8e3-f781-4e38-89cb-3552c159abcd,1.7773448071468672e+18
6c7fb8e3-f781-4e38-89cb-3552c159abcd,1.7773448071802102e+18
6c7fb8e3-f781-4e38-89cb-3552c159abcd,1.777344807213552e+18
6c7fb8e3-f781-4e38-89cb-3552c159abcd,1.7773448072468943e+18
6c7fb8e3-f781-4e38-89cb-3552c159abcd,1.7773448072802373e+18
6c7fb8e3-f781-4e38-89cb-3552c159abcd,1.7773448073135793e+18
6c7fb8e3-f781-4e38-89cb-3552c159abcd,1.7773448073469222e+18
6c7fb8e3-f781-4e38-89cb-3552c159abcd,1.7773448073802642e+18
6c7fb8e3-f781-4e38-89cb-3552c159abcd,1.7773448074136072e+18
6c7fb8e3-f781-4e38-89cb-3552c159abcd,1.777344807446949e+18
6c7fb8e3-f781-4e38-89cb-3552c159abcd,1.7773448074802924e+18
6c7fb8e3-f781-4e38-89cb-3552c159abcd,1.7773448075136343e+18
6c7fb8e3-f781-4e38-89cb-3552c159abcd,1.7773448075469773e+18
6c7fb8e3-f781-4e38-89cb-3552c159abcd,1.7773448075803192e+18
6c7fb8e3-f781-4e38-89cb-3552c159abcd,1.7773448076136612e+18
6c7fb8e3-f781-4e38-89cb-3552c159abcd,1.7773448076470042e+18
6c7fb8e3-f781-4e38-89cb-3552c159abcd,1.7773448076803464e+18
6c7fb8e3-f781-4e38-89cb-3552c159abcd,1.7773448077136893e+18
6c7fb8e3-f781-4e38-89cb-3552c159abcd,1.7773448077470313e+18
6c7fb8e3-f781-4e38-89cb-3552c159abcd,1.7773448077803743e+18
6c7fb8e3-f781-4e38-89cb-3552c159abcd,1.7773448078137162e+18
6c7fb8e3-f781-4e38-89cb-3552c159abcd,1.7773448078470592e+18
6c7fb8e3-f781-4e38-89cb-3552c159abcd,1.7773448078804012e+18
6c7fb8e3-f781-4e38-89cb-3552c159abcd,1.7773448079137434e+18
6c7fb8e3-f781-4e38-89cb-3552c159abcd,1.7773448079470863e+18
6c7fb8e3-f781-4e38-89cb-3552c159abcd,1.7773448079804283e+18
6c7fb8e3-f781-4e38-89cb-3552c159abcd,1.7773448080137713e+18
6c7fb8e3-f781-4e38-89cb-3552c159abcd,1.7773448080471132e+18
6c7fb8e3-f781-4e38-89cb-3552c159abcd,1.7773448080804562e+18
6c7fb8e3-f781-4e38-89cb-3552c159abcd,1.7773448081137981e+18
6c7fb8e3-f781-4e38-89cb-3552c159abcd,1.777344808147141e+18
6c7fb8e3-f781-4e38-89cb-3552c159abcd,1.7773448081804833e+18
6c7fb8e3-f781-4e38-89cb-3552c159abcd,1.7773448082138253e+18
6c7fb8e3-f781-4e38-89cb-3552c159abcd,1.7773448082471683e+18
6c7fb8e3-f781-4e38-89cb-3552c159abcd,1.7773448082805102e+18
6c7fb8e3-f781-4e38-89cb-3552c159abcd,1.7773448083138532e+18
6c7fb8e3-f781-4e38-89cb-3552c159abcd,1.7773448083471951e+18
6c7fb8e3-f781-4e38-89cb-3552c159abcd,1.7773448083805384e+18
6c7fb8e3-f781-4e38-89cb-3552c159abcd,1.7773448084138803e+18
6c7fb8e3-f781-4e38-89cb-3552c159abcd,1.7773448084472233e+18
6c7fb8e3-f781-4e38-89cb-3552c159abcd,1.7773448084805652e+18
6c7fb8e3-f781-4e38-89cb-3552c159abcd,1.7773448085139072e+18
6c7fb8e3-f781-4e38-89cb-3552c159abcd,1.7773448085472502e+18
6c7fb8e3-f781-4e38-89cb-3552c159abcd,1.777344808580592e+18
6c7fb8e3-f781-4e38-89cb-3552c159abcd,1.7773448086139354e+18
6c7fb8e3-f781-4e38-89cb-3552c159abcd,1.7773448086472773e+18
6c7fb8e3-f781-4e38-89cb-3552c159abcd,1.7773448086806203e+18
6c7fb8e3-f781-4e38-89cb-3552c159abcd,1.7773448087139622e+18
6c7fb8e3-f781-4e38-89cb-3552c159abcd,1.7773448087473052e+18
6c7fb8e3-f781-4e38-89cb-3552c159abcd,1.7773448087806472e+18
6c7fb8e3-f781-4e38-89cb-3552c159abcd,1.777344808813989e+18
6c7fb8e3-f781-4e38-89cb-3552c159abcd,1.7773448088473324e+18
6c7fb8e3-f781-4e38-89cb-3552c159abcd,1.7773448088806743e+18
6c7fb8e3-f781-4e38-89cb-3552c159abcd,1.7773448089140173e+18
6c7fb8e3-f781-4e38-89cb-3552c159abcd,1.7773448089473592e+18
6c7fb8e3-f781-4e38-89cb-3552c159abcd,1.7773448089807022e+18
6c7fb8e3-f781-4e38-89cb-3552c159abcd,1.7773448090140442e+18
6c7fb8e3-f781-4e38-89cb-3552c159abcd,1.7773448090473871e+18
6c7fb8e3-f781-4e38-89cb-3552c159abcd,1.7773448090807293e+18
6c7fb8e3-f781-4e38-89cb-3552c159abcd,1.7773448091140713e+18
6c7fb8e3-f781-4e38-89cb-3552c159abcd,1.7773448091474143e+18
6c7fb8e3-f781-4e38-89cb-3552c159abcd,1.7773448091807562e+18
6c7fb8e3-f781-4e38-89cb-3552c159abcd,1.7773448092140992e+18
6c7fb8e3-f781-4e38-89cb-3552c159abcd,1.7773448092474412e+18
6c7fb8e3-f781-4e38-89cb-3552c159abcd,1.7773448092807841e+18
6c7fb8e3-f781-4e38-89cb-3552c159abcd,1.7773448093141263e+18
6c7fb8e3-f781-4e38-89cb-3552c159abcd,1.7773448093474693e+18
6c7fb8e3-f781-4e38-89cb-3552c159abcd,1.7773448093808113e+18
6c7fb8e3-f781-4e38-89cb-3552c159abcd,1.7773448094141542e+18
6c7fb8e3-f781-4e38-89cb-3552c159abcd,1.7773448094474962e+18
6c7fb8e3-f781-4e38-89cb-3552c159abcd,1.7773448094808381e+18
6c7fb8e3-f781-4e38-89cb-3552c159abcd,1.777344809514181e+18
6c7fb8e3-f781-4e38-89cb-3552c159abcd,1.7773448095475233e+18
6c7fb8e3-f781-4e38-89cb-3552c159abcd,1.7773448095808663e+18
6c7fb8e3-f781-4e38-89cb-3552c159abcd,1.7773448096142083e+18
6c7fb8e3-f781-4e38-89cb-3552c159abcd,1.7773448096475512e+18
6c7fb8e3-f781-4e38-89cb-3552c159abcd,1.7773448096808932e+18
6c7fb8e3-f781-4e38-89cb-3552c159abcd,1.7773448097142362e+18
6c7fb8e3-f781-4e38-89cb-3552c159abcd,1.7773448097475784e+18
6c7fb8e3-f781-4e38-89cb-3552c159abcd,1.7773448097809203e+18
6c7fb8e3-f781-4e38-89cb-3552c159abcd,1.7773448098142633e+18
6c7fb8e3-f781-4e38-89cb-3552c159abcd,1.7773448098476052e+18
6c7fb8e3-f781-4e38-89cb-3552c159abcd,1.7773448098809482e+18
6c7fb8e3-f781-4e38-89cb-3552c159abcd,1.7773448099142902e+18
6c7fb8e3-f781-4e38-89cb-3552c159abcd,1.7773448099476332e+18
6c7fb8e3-f781-4e38-89cb-3552c159abcd,1.7773448099809754e+18
6c7fb8e3-f781-4e38-89cb-3552c159abcd,1.7773448100143183e+18
6c7fb8e3-f781-4e38-89cb-3552c159abcd,1.7773448100476603e+18
6c7fb8e3-f781-4e38-89cb-3552c159abcd,1.7773448100810022e+18
6c7fb8e3-f781-4e38-89cb-3552c159abcd,1.7773448101143452e+18
6c7fb8e3-f781-4e38-89cb-3552c159abcd,1.7773448101476872e+18
6c7fb8e3-f781-4e38-89cb-3552c159abcd,1.7773448101810301e+18
6c7fb8e3-f781-4e38-89cb-3552c159abcd,1.7773448102143724e+18
6c7fb8e3-f781-4e38-89cb-3552c159abcd,1.7773448102477153e+18
6c7fb8e3-f781-4e38-89cb-3552c159abcd,1.7773448102810573e+18
6c7fb8e3-f781-4e38-89cb-3552c159abcd,1.7773448103144003e+18
6c7fb8e3-f781-4e38-89cb-3552c159abcd,1.7773448103477422e+18
6c7fb8e3-f781-4e38-89cb-3552c159abcd,1.7773448103810842e+18
6c7fb8e3-f781-4e38-89cb-3552c159abcd,1.7773448104144271e+18
6c7fb8e3-f781-4e38-89cb-3552c159abcd,1.7773448104477693e+18
6c7fb8e3-f781-4e38-89cb-3552c159abcd,1.7773448104811123e+18
6c7fb8e3-f781-4e38-89cb-3552c159abcd,1.7773448105144543e+18
6c7fb8e3-f781-4e38-89cb-3552c159abcd,1.7773448105477972e+18
6c7fb8e3-f781-4e38-89cb-3552c159abcd,1.7773448105811392e+18
6c7fb8e3-f781-4e38-89cb-3552c159abcd,1.7773448106144822e+18
6c7fb8e3-f781-4e38-89cb-3552c159abcd,1.7773448106478241e+18
6c7fb8e3-f781-4e38-89cb-3552c159abcd,1.7773448106811663e+18
6c7fb8e3-f781-4e38-89cb-3552c159abcd,1.7773448107145093e+18
6c7fb8e3-f781-4e38-89cb-3552c159abcd,1.7773448107478513e+18
6c7fb8e3-f781-4e38-89cb-3552c159abcd,1.7773448107811942e+18
6c7fb8e3-f781-4e38-89cb-3552c159abcd,1.7773448108145362e+18
6c7fb8e3-f781-4e38-89cb-3552c159abcd,1.7773448108478792e+18
6c7fb8e3-f781-4e38-89cb-3552c159abcd,1.777344810881221e+18
6c7fb8e3-f781-4e38-89cb-3552c159abcd,1.7773448109145644e+18
6c7fb8e3-f781-4e38-89cb-3552c159abcd,1.7773448109479063e+18
6c7fb8e3-f781-4e38-89cb-3552c159abcd,1.7773448109812483e+18
6c7fb8e3-f781-4e38-89cb-3552c159abcd,1.7773448110145912e+18
6c7fb8e3-f781-4e38-89cb-3552c159abcd,1.7773448110479332e+18
6c7fb8e3-f781-4e38-89cb-3552c159abcd,1.7773448110812762e+18
6c7fb8e3-f781-4e38-89cb-3552c159abcd,1.7773448111146184e+18
6c7fb8e3-f781-4e38-89cb-3552c159abcd,1.7773448111479613e+18
6c7fb8e3-f781-4e38-89cb-3552c159abcd,1.7773448111813033e+18
6c7fb8e3-f781-4e38-89cb-3552c159abcd,1.7773448112146463e+18
6c7fb8e3-f781-4e38-89cb-3552c159abcd,1.7773448112479882e+18
6c7fb8e3-f781-4e38-89cb-3552c159abcd,1.7773448112813312e+18
6c7fb8e3-f781-4e38-89cb-3552c159abcd,1.7773448113146732e+18
6c7fb8e3-f781-4e38-89cb-3552c159abcd,1.7773448113480154e+18
6c7fb8e3-f781-4e38-89cb-3552c159abcd,1.7773448113813583e+18
6c7fb8e3-f781-4e38-89cb-3552c159abcd,1.7773448114147003e+18
6c7fb8e3-f781-4e38-89cb-3552c159abcd,1.7773448114480433e+18
6c7fb8e3-f781-4e38-89cb-3552c159abcd,1.7773448114813852e+18
6c7fb8e3-f781-4e38-89cb-3552c159abcd,1.7773448115147282e+18
6c7fb8e3-f781-4e38-89cb-3552c159abcd,1.7773448115480701e+18
6c7fb8e3-f781-4e38-89cb-3552c159abcd,1.777344811581413e+18
6c7fb8e3-f781-4e38-89cb-3552c159abcd,1.7773448116147553e+18
6c7fb8e3-f781-4e38-89cb-3552c159abcd,1.7773448116480973e+18
6c7fb8e3-f781-4e38-89cb-3552c159abcd,1.7773448116814403e+18
6c7fb8e3-f781-4e38-89cb-3552c159abcd,1.7773448117147822e+18
6c7fb8e3-f781-4e38-89cb-3552c159abcd,1.7773448117481252e+18
6c7fb8e3-f781-4e38-89cb-3552c159abcd,1.7773448117814671e+18
6c7fb8e3-f781-4e38-89cb-3552c159abcd,1.7773448118148104e+18
6c7fb8e3-f781-4e38-89cb-3552c159abcd,1.7773448118481523e+18
6c7fb8e3-f781-4e38-89cb-3552c159abcd,1.7773448118814953e+18
6c7fb8e3-f781-4e38-89cb-3552c159abcd,1.7773448119148372e+18
6c7fb8e3-f781-4e38-89cb-3552c159abcd,1.7773448119481792e+18
6c7fb8e3-f781-4e38-89cb-3552c159abcd,1.7773448119815222e+18
6c7fb8e3-f781-4e38-89cb-3552c159abcd,1.7773448120148641e+18
6c7fb8e3-f781-4e38-89cb-3552c159abcd,1.7773448120482074e+18
6c7fb8e3-f781-4e38-89cb-3552c159abcd,1.7773448120815493e+18
6c7fb8e3-f781-4e38-89cb-3552c159abcd,1.7773448121148923e+18
6c7fb8e3-f781-4e38-89cb-3552c159abcd,1.7773448121482342e+18
6c7fb8e3-f781-4e38-89cb-3552c159abcd,1.7773448121815772e+18
6c7fb8e3-f781-4e38-89cb-3552c159abcd,1.7773448122149192e+18
6c7fb8e3-f781-4e38-89cb-3552c159abcd,1.7773448122482621e+18
6c7fb8e3-f781-4e38-89cb-3552c159abcd,1.7773448122816044e+18
6c7fb8e3-f781-4e38-89cb-3552c159abcd,1.7773448123149463e+18
6c7fb8e3-f781-4e38-89cb-3552c159abcd,1.7773448123482893e+18
6c7fb8e3-f781-4e38-89cb-3552c159abcd,1.7773448123816312e+18
6c7fb8e3-f781-4e38-89cb-3552c159abcd,1.7773448124149742e+18
6c7fb8e3-f781-4e38-89cb-3552c159abcd,1.7773448124483162e+18
6c7fb8e3-f781-4e38-89cb-3552c159abcd,1.7773448124816591e+18
6c7fb8e3-f781-4e38-89cb-3552c159abcd,1.7773448125150013e+18
6c7fb8e3-f781-4e38-89cb-3552c159abcd,1.7773448125483443e+18
6c7fb8e3-f781-4e38-89cb-3552c159abcd,1.7773448125816863e+18
6c7fb8e3-f781-4e38-89cb-3552c159abcd,1.7773448126150282e+18
6c7fb8e3-f781-4e38-89cb-3552c159abcd,1.7773448126483712e+18
6c7fb8e3-f781-4e38-89cb-3552c159abcd,1.7773448126817132e+18
6c7fb8e3-f781-4e38-89cb-3552c159abcd,1.777344812715056e+18
6c7fb8e3-f781-4e38-89cb-3552c159abcd,1.7773448127483983e+18
6c7fb8e3-f781-4e38-89cb-3552c159abcd,1.7773448127817413e+18
6c7fb8e3-f781-4e38-89cb-3552c159abcd,1.7773448128150833e+18
6c7fb8e3-f781-4e38-89cb-3552c159abcd,1.7773448128484262e+18
6c7fb8e3-f781-4e38-89cb-3552c159abcd,1.7773448128817682e+18
6c7fb8e3-f781-4e38-89cb-3552c159abcd,1.7773448129151101e+18
6c7fb8e3-f781-4e38-89cb-3552c159abcd,1.777344812948453e+18
6c7fb8e3-f781-4e38-89cb-3552c159abcd,1.7773448129817953e+18
6c7fb8e3-f781-4e38-89cb-3552c159abcd,1.7773448130151383e+18
6c7fb8e3-f781-4e38-89cb-3552c159abcd,1.7773448130484803e+18
6c7fb8e3-f781-4e38-89cb-3552c159abcd,1.7773448130818232e+18
6c7fb8e3-f781-4e38-89cb-3552c159abcd,1.7773448131151652e+18
6c7fb8e3-f781-4e38-89cb-3552c159abcd,1.7773448131485082e+18
6c7fb8e3-f781-4e38-89cb-3552c159abcd,1.7773448131818504e+18
6c7fb8e3-f781-4e38-89cb-3552c159abcd,1.7773448132151923e+18
6c7fb8e3-f781-4e38-89cb-3552c159abcd,1.7773448132485353e+18
6c7fb8e3-f781-4e38-89cb-3552c159abcd,1.7773448132818772e+18
6c7fb8e3-f781-4e38-89cb-3552c159abcd,1.7773448133152202e+18
6c7fb8e3-f781-4e38-89cb-3552c159abcd,1.7773448133485622e+18
6c7fb8e3-f781-4e38-89cb-3552c159abcd,1.7773448133819052e+18
6c7fb8e3-f781-4e38-89cb-3552c159abcd,1.7773448134152474e+18
6c7fb8e3-f781-4e38-89cb-3552c159abcd,1.7773448134485903e+18
6c7fb8e3-f781-4e38-89cb-3552c159abcd,1.7773448134819323e+18
6c7fb8e3-f781-4e38-89cb-3552c159abcd,1.7773448135152742e+18
6c7fb8e3-f781-4e38-89cb-3552c159abcd,1.7773448135486172e+18
6c7fb8e3-f781-4e38-89cb-3552c159abcd,1.7773448135819592e+18
6c7fb8e3-f781-4e38-89cb-3552c159abcd,1.7773448136153021e+18
6c7fb8e3-f781-4e38-89cb-3552c159abcd,1.7773448136486444e+18
6c7fb8e3-f781-4e38-89cb-3552c159abcd,1.7773448136819873e+18
6c7fb8e3-f781-4e38-89cb-3552c159abcd,1.7773448137153293e+18
6c7fb8e3-f781-4e38-89cb-3552c159abcd,1.7773448137486723e+18
6c7fb8e3-f781-4e38-89cb-3552c159abcd,1.7773448137820142e+18
6c7fb8e3-f781-4e38-89cb-3552c159abcd,1.7773448138153572e+18
6c7fb8e3-f781-4e38-89cb-3552c159abcd,1.7773448138486991e+18
6c7fb8e3-f781-4e38-89cb-3552c159abcd,1.7773448138820413e+18
6c7fb8e3-f781-4e38-89cb-3552c159abcd,1.7773448139153843e+18
6c7fb8e3-f781-4e38-89cb-3552c159abcd,1.7773448139487263e+18
6c7fb8e3-f781-4e38-89cb-3552c159abcd,1.7773448139820692e+18
6c7fb8e3-f781-4e38-89cb-3552c159abcd,1.7773448140154112e+18
6c7fb8e3-f781-4e38-89cb-3552c159abcd,1.7773448140487542e+18
6c7fb8e3-f781-4e38-89cb-3552c159abcd,1.777344814082096e+18
6c7fb8e3-f781-4e38-89cb-3552c159abcd,1.7773448141154394e+18
6c7fb8e3-f781-4e38-89cb-3552c159abcd,1.7773448141487813e+18
6c7fb8e3-f781-4e38-89cb-3552c159abcd,1.7773448141821233e+18
6c7fb8e3-f781-4e38-89cb-3552c159abcd,1.7773448142154662e+18
6c7fb8e3-f781-4e38-89cb-3552c159abcd,1.7773448142488082e+18
6c7fb8e3-f781-4e38-89cb-3552c159abcd,1.7773448142821512e+18
6c7fb8e3-f781-4e38-89cb-3552c159abcd,1.777344814315493e+18
6c7fb8e3-f781-4e38-89cb-3552c159abcd,1.7773448143488364e+18
6c7fb8e3-f781-4e38-89cb-3552c159abcd,1.7773448143821783e+18
6c7fb8e3-f781-4e38-89cb-3552c159abcd,1.7773448144155213e+18
6c7fb8e3-f781-4e38-89cb-3552c159abcd,1.7773448144488632e+18
6c7fb8e3-f781-4e38-89cb-3552c159abcd,1.7773448144822052e+18
6c7fb8e3-f781-4e38-89cb-3552c159abcd,1.7773448145155482e+18
6c7fb8e3-f781-4e38-89cb-3552c159abcd,1.7773448145488904e+18
6c7fb8e3-f781-4e38-89cb-3552c159abcd,1.7773448145822333e+18
6c7fb8e3-f781-4e38-89cb-3552c159abcd,1.7773448146155753e+18
6c7fb8e3-f781-4e38-89cb-3552c159abcd,1.7773448146489183e+18
6c7fb8e3-f781-4e38-89cb-3552c159abcd,1.7773448146822602e+18
6c7fb8e3-f781-4e38-89cb-3552c159abcd,1.7773448147156032e+18
6c7fb8e3-f781-4e38-89cb-3552c159abcd,1.7773448147489452e+18
6c7fb8e3-f781-4e38-89cb-3552c159abcd,1.7773448147822874e+18
6c7fb8e3-f781-4e38-89cb-3552c159abcd,1.7773448148156303e+18
6c7fb8e3-f781-4e38-89cb-3552c159abcd,1.7773448148489723e+18
6c7fb8e3-f781-4e38-89cb-3552c159abcd,1.7773448148823153e+18
6c7fb8e3-f781-4e38-89cb-3552c159abcd,1.7773448149156572e+18
6c7fb8e3-f781-4e38-89cb-3552c159abcd,1.7773448149490002e+18
6c7fb8e3-f781-4e38-89cb-3552c159abcd,1.7773448149823421e+18
6c7fb8e3-f781-4e38-89cb-3552c159abcd,1.777344815015685e+18
6c7fb8e3-f781-4e38-89cb-3552c159abcd,1.7773448150490273e+18
6c7fb8e3-f781-4e38-89cb-3552c159abcd,1.7773448150823703e+18
6c7fb8e3-f781-4e38-89cb-3552c159abcd,1.7773448151157123e+18
6c7fb8e3-f781-4e38-89cb-3552c159abcd,1.7773448151490542e+18
6c7fb8e3-f781-4e38-89cb-3552c159abcd,1.7773448151823972e+18
6c7fb8e3-f781-4e38-89cb-3552c159abcd,1.7773448152157391e+18
6c7fb8e3-f781-4e38-89cb-3552c159abcd,1.7773448152490824e+18
6c7fb8e3-f781-4e38-89cb-3552c159abcd,1.7773448152824243e+18
6c7fb8e3-f781-4e38-89cb-3552c159abcd,1.7773448153157673e+18
6c7fb8e3-f781-4e38-89cb-3552c159abcd,1.7773448153491092e+18
6c7fb8e3-f781-4e38-89cb-3552c159abcd,1.7773448153824512e+18
6c7fb8e3-f781-4e38-89cb-3552c159abcd,1.7773448154157942e+18
6c7fb8e3-f781-4e38-89cb-3552c159abcd,1.777344815449136e+18
6c7fb8e3-f781-4e38-89cb-3552c159abcd,1.7773448154824794e+18
6c7fb8e3-f781-4e38-89cb-3552c159abcd,1.7773448155158213e+18
6c7fb8e3-f781-4e38-89cb-3552c159abcd,1.7773448155491643e+18
6c7fb8e3-f781-4e38-89cb-3552c159abcd,1.7773448155825062e+18
6c7fb8e3-f781-4e38-89cb-3552c159abcd,1.7773448156158492e+18
6c7fb8e3-f781-4e38-89cb-3552c159abcd,1.7773448156491912e+18
6c7fb8e3-f781-4e38-89cb-3552c159abcd,1.7773448156825341e+18
6c7fb8e3-f781-4e38-89cb-3552c159abcd,1.7773448157158764e+18
6c7fb8e3-f781-4e38-89cb-3552c159abcd,1.7773448157492183e+18
6c7fb8e3-f781-4e38-89cb-3552c159abcd,1.7773448157825613e+18
6c7fb8e3-f781-4e38-89cb-3552c159abcd,1.7773448158159032e+18
6c7fb8e3-f781-4e38-89cb-3552c159abcd,1.7773448158492462e+18
6c7fb8e3-f781-4e38-89cb-3552c159abcd,1.7773448158825882e+18
6c7fb8e3-f781-4e38-89cb-3552c159abcd,1.7773448159159311e+18
6c7fb8e3-f781-4e38-89cb-3552c159abcd,1.7773448159492733e+18
6c7fb8e3-f781-4e38-89cb-3552c159abcd,1.7773448159826163e+18
6c7fb8e3-f781-4e38-89cb-3552c159abcd,1.7773448160159583e+18
6c7fb8e3-f781-4e38-89cb-3552c159abcd,1.7773448160493002e+18
6c7fb8e3-f781-4e38-89cb-3552c159abcd,1.7773448160826432e+18
6c7fb8e3-f781-4e38-89cb-3552c159abcd,1.7773448161159852e+18
6c7fb8e3-f781-4e38-89cb-3552c159abcd,1.7773448161493281e+18
6c7fb8e3-f781-4e38-89cb-3552c159abcd,1.7773448161826703e+18
6c7fb8e3-f781-4e38-89cb-3552c159abcd,1.7773448162160133e+18
6c7fb8e3-f781-4e38-89cb-3552c159abcd,1.7773448162493553e+18
6c7fb8e3-f781-4e38-89cb-3552c159abcd,1.7773448162826982e+18
6c7fb8e3-f781-4e38-89cb-3552c159abcd,1.7773448163160402e+18
6c7fb8e3-f781-4e38-89cb-3552c159abcd,1.7773448163493821e+18
6c7fb8e3-f781-4e38-89cb-3552c159abcd,1.777344816382725e+18
6c7fb8e3-f781-4e38-89cb-3552c159abcd,1.7773448164160673e+18
6c7fb8e3-f781-4e38-89cb-3552c159abcd,1.7773448164494103e+18
6c7fb8e3-f781-4e38-89cb-3552c159abcd,1.7773448164827523e+18
6c7fb8e3-f781-4e38-89cb-3552c159abcd,1.7773448165160952e+18
6c7fb8e3-f781-4e38-89cb-3552c159abcd,1.7773448165494372e+18
6c7fb8e3-f781-4e38-89cb-3552c159abcd,1.7773448165827802e+18
6c7fb8e3-f781-4e38-89cb-3552c159abcd,1.7773448166161224e+18
6c7fb8e3-f781-4e38-89cb-3552c159abcd,1.7773448166494643e+18
6c7fb8e3-f781-4e38-89cb-3552c159abcd,1.7773448166828073e+18
6c7fb8e3-f781-4e38-89cb-3552c159abcd,1.7773448167161492e+18
6c7fb8e3-f781-4e38-89cb-3552c159abcd,1.7773448167494922e+18
6c7fb8e3-f781-4e38-89cb-3552c159abcd,1.7773448167828342e+18
6c7fb8e3-f781-4e38-89cb-3552c159abcd,1.7773448168161772e+18
6c7fb8e3-f781-4e38-89cb-3552c159abcd,1.7773448168495194e+18
6c7fb8e3-f781-4e38-89cb-3552c159abcd,1.7773448168828623e+18
6c7fb8e3-f781-4e38-89cb-3552c159abcd,1.7773448169162043e+18
6c7fb8e3-f781-4e38-89cb-3552c159abcd,1.7773448169495473e+18
6c7fb8e3-f781-4e38-89cb-3552c159abcd,1.7773448169828892e+18
6c7fb8e3-f781-4e38-89cb-3552c159abcd,1.7773448170162312e+18
6c7fb8e3-f781-4e38-89cb-3552c159abcd,1.7773448170495741e+18
6c7fb8e3-f781-4e38-89cb-3552c159abcd,1.7773448170829164e+18
6c7fb8e3-f781-4e38-89cb-3552c159abcd,1.7773448171162593e+18
6c7fb8e3-f781-4e38-89cb-3552c159abcd,1.7773448171496013e+18
6c7fb8e3-f781-4e38-89cb-3552c159abcd,1.7773448171829443e+18
6c7fb8e3-f781-4e38-89cb-3552c159abcd,1.7773448172162862e+18
6c7fb8e3-f781-4e38-89cb-3552c159abcd,1.7773448172496282e+18
6c7fb8e3-f781-4e38-89cb-3552c159abcd,1.7773448172829711e+18
6c7fb8e3-f781-4e38-89cb-3552c159abcd,1.7773448173163133e+18
6c7fb8e3-f781-4e38-89cb-3552c159abcd,1.7773448173496563e+18
6c7fb8e3-f781-4e38-89cb-3552c159abcd,1.7773448173829983e+18
6c7fb8e3-f781-4e38-89cb-3552c159abcd,1.7773448174163412e+18
6c7fb8e3-f781-4e38-89cb-3552c159abcd,1.7773448174496832e+18
6c7fb8e3-f781-4e38-89cb-3552c159abcd,1.7773448174830262e+18
6c7fb8e3-f781-4e38-89cb-3552c159abcd,1.7773448175163681e+18
6c7fb8e3-f781-4e38-89cb-3552c159abcd,1.7773448175497114e+18
6c7fb8e3-f781-4e38-89cb-3552c159abcd,1.7773448175830533e+18
6c7fb8e3-f781-4e38-89cb-3552c159abcd,1.7773448176163953e+18
6c7fb8e3-f781-4e38-89cb-3552c159abcd,1.7773448176497382e+18
6c7fb8e3-f781-4e38-89cb-3552c159abcd,1.7773448176830802e+18
6c7fb8e3-f781-4e38-89cb-3552c159abcd,1.7773448177164232e+18
6c7fb8e3-f781-4e38-89cb-3552c159abcd,1.777344817749765e+18
6c7fb8e3-f781-4e38-89cb-3552c159abcd,1.7773448177831084e+18
6c7fb8e3-f781-4e38-89cb-3552c159abcd,1.7773448178164503e+18
6c7fb8e3-f781-4e38-89cb-3552c159abcd,1.7773448178497933e+18
6c7fb8e3-f781-4e38-89cb-3552c159abcd,1.7773448178831352e+18
6c7fb8e3-f781-4e38-89cb-3552c159abcd,1.7773448179164772e+18
6c7fb8e3-f781-4e38-89cb-3552c159abcd,1.7773448179498202e+18
6c7fb8e3-f781-4e38-89cb-3552c159abcd,1.7773448179831624e+18
6c7fb8e3-f781-4e38-89cb-3552c159abcd,1.7773448180165053e+18
6c7fb8e3-f781-4e38-89cb-3552c159abcd,1.7773448180498473e+18
6c7fb8e3-f781-4e38-89cb-3552c159abcd,1.7773448180831903e+18
6c7fb8e3-f781-4e38-89cb-3552c159abcd,1.7773448181165322e+18
6c7fb8e3-f781-4e38-89cb-3552c159abcd,1.7773448181498752e+18
6c7fb8e3-f781-4e38-89cb-3552c159abcd,1.7773448181832172e+18
6c7fb8e3-f781-4e38-89cb-3552c159abcd,1.7773448182165594e+18
6c7fb8e3-f781-4e38-89cb-3552c159abcd,1.7773448182499023e+18
6c7fb8e3-f781-4e38-89cb-3552c159abcd,1.7773448182832443e+18
6c7fb8e3-f781-4e38-89cb-3552c159abcd,1.7773448183165873e+18
6c7fb8e3-f781-4e38-89cb-3552c159abcd,1.7773448183499292e+18
6c7fb8e3-f781-4e38-89cb-3552c159abcd,1.7773448183832722e+18
6c7fb8e3-f781-4e38-89cb-3552c159abcd,1.7773448184166141e+18
6c7fb8e3-f781-4e38-89cb-3552c159abcd,1.777344818449957e+18
6c7fb8e3-f781-4e38-89cb-3552c159abcd,1.7773448184832993e+18
6c7fb8e3-f781-4e38-89cb-3552c159abcd,1.7773448185166413e+18
6c7fb8e3-f781-4e38-89cb-3552c159abcd,1.7773448185499843e+18
6c7fb8e3-f781-4e38-89cb-3552c159abcd,1.7773448185833262e+18
6c7fb8e3-f781-4e38-89cb-3552c159abcd,1.7773448186166692e+18
6c7fb8e3-f781-4e38-89cb-3552c159abcd,1.7773448186500111e+18
6c7fb8e3-f781-4e38-89cb-3552c159abcd,1.7773448186833544e+18
6c7fb8e3-f781-4e38-89cb-3552c159abcd,1.7773448187166963e+18
6c7fb8e3-f781-4e38-89cb-3552c159abcd,1.7773448187500393e+18
6c7fb8e3-f781-4e38-89cb-3552c159abcd,1.7773448187833812e+18
6c7fb8e3-f781-4e38-89cb-3552c159abcd,1.7773448188167232e+18
6c7fb8e3-f781-4e38-89cb-3552c159abcd,1.7773448188500662e+18
6c7fb8e3-f781-4e38-89cb-3552c159abcd,1.7773448188834081e+18
6c7fb8e3-f781-4e38-89cb-3552c159abcd,1.7773448189167514e+18
6c7fb8e3-f781-4e38-89cb-3552c159abcd,1.7773448189500933e+18
6c7fb8e3-f781-4e38-89cb-3552c159abcd,1.7773448189834363e+18
6c7fb8e3-f781-4e38-89cb-3552c159abcd,1.7773448190167782e+18
6c7fb8e3-f781-4e38-89cb-3552c159abcd,1.7773448190501212e+18
6c7fb8e3-f781-4e38-89cb-3552c159abcd,1.7773448190834632e+18
6c7fb8e3-f781-4e38-89cb-3552c159abcd,1.777344819116805e+18
6c7fb8e3-f781-4e38-89cb-3552c159abcd,1.7773448191501484e+18
6c7fb8e3-f781-4e38-89cb-3552c159abcd,1.7773448191834903e+18
6c7fb8e3-f781-4e38-89cb-3552c159abcd,1.7773448192168333e+18
6c7fb8e3-f781-4e38-89cb-3552c159abcd,1.7773448192501752e+18
6c7fb8e3-f781-4e38-89cb-3552c159abcd,1.7773448192835182e+18
6c7fb8e3-f781-4e38-89cb-3552c159abcd,1.7773448193168602e+18
6c7fb8e3-f781-4e38-89cb-3552c159abcd,1.7773448193502031e+18
6c7fb8e3-f781-4e38-89cb-3552c159abcd,1.7773448193835453e+18
6c7fb8e3-f781-4e38-89cb-3552c159abcd,1.7773448194168883e+18
6c7fb8e3-f781-4e38-89cb-3552c159abcd,1.7773448194502303e+18
6c7fb8e3-f781-4e38-89cb-3552c159abcd,1.7773448194835722e+18
6c7fb8e3-f781-4e38-89cb-3552c159abcd,1.7773448195169152e+18
6c7fb8e3-f781-4e38-89cb-3552c159abcd,1.7773448195502572e+18
6c7fb8e3-f781-4e38-89cb-3552c159abcd,1.7773448195836e+18
6c7fb8e3-f781-4e38-89cb-3552c159abcd,1.7773448196169423e+18
6c7fb8e3-f781-4e38-89cb-3552c159abcd,1.7773448196502853e+18
6c7fb8e3-f781-4e38-89cb-3552c159abcd,1.7773448196836273e+18
6c7fb8e3-f781-4e38-89cb-3552c159abcd,1.7773448197169702e+18
6c7fb8e3-f781-4e38-89cb-3552c159abcd,1.7773448197503122e+18
6c7fb8e3-f781-4e38-89cb-3552c159abcd,1.7773448197836541e+18
6c7fb8e3-f781-4e38-89cb-3552c159abcd,1.777344819816997e+18
6c7fb8e3-f781-4e38-89cb-3552c159abcd,1.7773448198503393e+18
6c7fb8e3-f781-4e38-89cb-3552c159abcd,1.7773448198836823e+18
6c7fb8e3-f781-4e38-89cb-3552c159abcd,1.7773448199170243e+18
6c7fb8e3-f781-4e38-89cb-3552c159abcd,1.7773448199503672e+18
6c7fb8e3-f781-4e38-89cb-3552c159abcd,1.7773448199837092e+18
6c7fb8e3-f781-4e38-89cb-3552c159abcd,1.7773448200170522e+18
6c7fb8e3-f781-4e38-89cb-3552c159abcd,1.7773448200503944e+18
6c7fb8e3-f781-4e38-89cb-3552c159abcd,1.7773448200837363e+18
6c7fb8e3-f781-4e38-89cb-3552c159abcd,1.7773448201170793e+18
6c7fb8e3-f781-4e38-89cb-3552c159abcd,1.7773448201504212e+18
6c7fb8e3-f781-4e38-89cb-3552c159abcd,1.7773448201837642e+18
6c7fb8e3-f781-4e38-89cb-3552c159abcd,1.7773448202171062e+18
6c7fb8e3-f781-4e38-89cb-3552c159abcd,1.7773448202504492e+18
6c7fb8e3-f781-4e38-89cb-3552c159abcd,1.7773448202837914e+18
6c7fb8e3-f781-4e38-89cb-3552c159abcd,1.7773448203171343e+18
6c7fb8e3-f781-4e38-89cb-3552c159abcd,1.7773448203504763e+18
6c7fb8e3-f781-4e38-89cb-3552c159abcd,1.7773448203838182e+18
6c7fb8e3-f781-4e38-89cb-3552c159abcd,1.7773448204171612e+18
6c7fb8e3-f781-4e38-89cb-3552c159abcd,1.7773448204505032e+18
6c7fb8e3-f781-4e38-89cb-3552c159abcd,1.7773448204838461e+18
6c7fb8e3-f781-4e38-89cb-3552c159abcd,1.7773448205171884e+18
6c7fb8e3-f781-4e38-89cb-3552c159abcd,1.7773448205505313e+18
6c7fb8e3-f781-4e38-89cb-3552c159abcd,1.7773448205838733e+18
6c7fb8e3-f781-4e38-89cb-3552c159abcd,1.7773448206172163e+18
6c7fb8e3-f781-4e38-89cb-3552c159abcd,1.7773448206505582e+18
6c7fb8e3-f781-4e38-89cb-3552c159abcd,1.7773448206839002e+18
6c7fb8e3-f781-4e38-89cb-3552c159abcd,1.7773448207172431e+18
6c7fb8e3-f781-4e38-89cb-3552c159abcd,1.7773448207505853e+18
6c7fb8e3-f781-4e38-89cb-3552c159abcd,1.7773448207839283e+18
6c7fb8e3-f781-4e38-89cb-3552c159abcd,1.7773448208172703e+18
6c7fb8e3-f781-4e38-89cb-3552c159abcd,1.7773448208506132e+18
6c7fb8e3-f781-4e38-89cb-3552c159abcd,1.7773448208839552e+18
6c7fb8e3-f781-4e38-89cb-3552c159abcd,1.7773448209172982e+18
6c7fb8e3-f781-4e38-89cb-3552c159abcd,1.77734482095064e+18
6c7fb8e3-f781-4e38-89cb-3552c159abcd,1.7773448209839823e+18
6c7fb8e3-f781-4e38-89cb-3552c159abcd,1.7773448210173253e+18
6c7fb8e3-f781-4e38-89cb-3552c159abcd,1.7773448210506673e+18
6c7fb8e3-f781-4e38-89cb-3552c159abcd,1.7773448210840102e+18
6c7fb8e3-f781-4e38-89cb-3552c159abcd,1.7773448211173522e+18
6c7fb8e3-f781-4e38-89cb-3552c159abcd,1.7773448211506952e+18
6c7fb8e3-f781-4e38-89cb-3552c159abcd,1.777344821184037e+18
6c7fb8e3-f781-4e38-89cb-3552c159abcd,1.7773448212173804e+18
6c7fb8e3-f781-4e38-89cb-3552c159abcd,1.7773448212507223e+18
6c7fb8e3-f781-4e38-89cb-3552c159abcd,1.7773448212840653e+18
6c7fb8e3-f781-4e38-89cb-3552c159abcd,1.7773448213174072e+18
6c7fb8e3-f781-4e38-89cb-3552c159abcd,1.7773448213507492e+18
6c7fb8e3-f781-4e38-89cb-3552c159abcd,1.7773448213840922e+18
6c7fb8e3-f781-4e38-89cb-3552c159abcd,1.7773448214174344e+18
6c7fb8e3-f781-4e38-89cb-3552c159abcd,1.7773448214507773e+18
6c7fb8e3-f781-4e38-89cb-3552c159abcd,1.7773448214841193e+18
6c7fb8e3-f781-4e38-89cb-3552c159abcd,1.7773448215174623e+18
6c7fb8e3-f781-4e38-89cb-3552c159abcd,1.7773448215508042e+18
6c7fb8e3-f781-4e38-89cb-3552c159abcd,1.7773448215841472e+18
6c7fb8e3-f781-4e38-89cb-3552c159abcd,1.7773448216174892e+18
6c7fb8e3-f781-4e38-89cb-3552c159abcd,1.7773448216508314e+18
6c7fb8e3-f781-4e38-89cb-3552c159abcd,1.7773448216841743e+18
6c7fb8e3-f781-4e38-89cb-3552c159abcd,1.7773448217175163e+18
6c7fb8e3-f781-4e38-89cb-3552c159abcd,1.7773448217508593e+18
6c7fb8e3-f781-4e38-89cb-3552c159abcd,1.7773448217842012e+18
6c7fb8e3-f781-4e38-89cb-3552c159abcd,1.7773448218175442e+18
6c7fb8e3-f781-4e38-89cb-3552c159abcd,1.7773448218508861e+18
6c7fb8e3-f781-4e38-89cb-3552c159abcd,1.777344821884229e+18
6c7fb8e3-f781-4e38-89cb-3552c159abcd,1.7773448219175713e+18
6c7fb8e3-f781-4e38-89cb-3552c159abcd,1.7773448219509133e+18
6c7fb8e3-f781-4e38-89cb-3552c159abcd,1.7773448219842563e+18
6c7fb8e3-f781-4e38-89cb-3552c159abcd,1.7773448220175982e+18
6c7fb8e3-f781-4e38-89cb-3552c159abcd,1.7773448220509412e+18
6c7fb8e3-f781-4e38-89cb-3552c159abcd,1.7773448220842831e+18
6c7fb8e3-f781-4e38-89cb-3552c159abcd,1.7773448221176264e+18
6c7fb8e3-f781-4e38-89cb-3552c159abcd,1.7773448221509683e+18
6c7fb8e3-f781-4e38-89cb-3552c159abcd,1.7773448221843113e+18
6c7fb8e3-f781-4e38-89cb-3552c159abcd,1.7773448222176532e+18
6c7fb8e3-f781-4e38-89cb-3552c159abcd,1.7773448222509952e+18
6c7fb8e3-f781-4e38-89cb-3552c159abcd,1.7773448222843382e+18
6c7fb8e3-f781-4e38-89cb-3552c159abcd,1.77734482231768e+18
6c7fb8e3-f781-4e38-89cb-3552c159abcd,1.7773448223510234e+18
6c7fb8e3-f781-4e38-89cb-3552c159abcd,1.7773448223843653e+18
6c7fb8e3-f781-4e38-89cb-3552c159abcd,1.7773448224177083e+18
6c7fb8e3-f781-4e38-89cb-3552c159abcd,1.7773448224510502e+18
6c7fb8e3-f781-4e38-89cb-3552c159abcd,1.7773448224843932e+18
6c7fb8e3-f781-4e38-89cb-3552c159abcd,1.7773448225177352e+18
6c7fb8e3-f781-4e38-89cb-3552c159abcd,1.777344822551077e+18
6c7fb8e3-f781-4e38-89cb-3552c159abcd,1.7773448225844204e+18
6c7fb8e3-f781-4e38-89cb-3552c159abcd,1.7773448226177623e+18
6c7fb8e3-f781-4e38-89cb-3552c159abcd,1.7773448226511053e+18
6c7fb8e3-f781-4e38-89cb-3552c159abcd,1.7773448226844472e+18
6c7fb8e3-f781-4e38-89cb-3552c159abcd,1.7773448227177902e+18
6c7fb8e3-f781-4e38-89cb-3552c159abcd,1.7773448227511322e+18
6c7fb8e3-f781-4e38-89cb-3552c159abcd,1.7773448227844751e+18
6c7fb8e3-f781-4e38-89cb-3552c159abcd,1.7773448228178173e+18
6c7fb8e3-f781-4e38-89cb-3552c159abcd,1.7773448228511593e+18
6c7fb8e3-f781-4e38-89cb-3552c159abcd,1.7773448228845023e+18
6c7fb8e3-f781-4e38-89cb-3552c159abcd,1.7773448229178442e+18
6c7fb8e3-f781-4e38-89cb-3552c159abcd,1.7773448229511872e+18
6c7fb8e3-f781-4e38-89cb-3552c159abcd,1.7773448229845292e+18
6c7fb8e3-f781-4e38-89cb-3552c159abcd,1.7773448230178721e+18
6c7fb8e3-f781-4e38-89cb-3552c159abcd,1.7773448230512143e+18
6c7fb8e3-f781-4e38-89cb-3552c159abcd,1.7773448230845573e+18
6c7fb8e3-f781-4e38-89cb-3552c159abcd,1.7773448231178993e+18
6c7fb8e3-f781-4e38-89cb-3552c159abcd,1.7773448231512422e+18
6c7fb8e3-f781-4e38-89cb-3552c159abcd,1.7773448231845842e+18
6c7fb8e3-f781-4e38-89cb-3552c159abcd,1.7773448232179261e+18
6c7fb8e3-f781-4e38-89cb-3552c159abcd,1.777344823251269e+18
6c7fb8e3-f781-4e38-89cb-3552c159abcd,1.7773448232846113e+18
6c7fb8e3-f781-4e38-89cb-3552c159abcd,1.7773448233179543e+18
6c7fb8e3-f781-4e38-89cb-3552c159abcd,1.7773448233512963e+18
6c7fb8e3-f781-4e38-89cb-3552c159abcd,1.7773448233846392e+18
6c7fb8e3-f781-4e38-89cb-3552c159abcd,1.7773448234179812e+18
6c7fb8e3-f781-4e38-89cb-3552c159abcd,1.7773448234513242e+18
6c7fb8e3-f781-4e38-89cb-3552c159abcd,1.7773448234846664e+18
6c7fb8e3-f781-4e38-89cb-3552c159abcd,1.7773448235180083e+18
6c7fb8e3-f781-4e38-89cb-3552c159abcd,1.7773448235513513e+18
6c7fb8e3-f781-4e38-89cb-3552c159abcd,1.7773448235846932e+18
6c7fb8e3-f781-4e38-89cb-3552c159abcd,1.7773448236180362e+18
6c7fb8e3-f781-4e38-89cb-3552c159abcd,1.7773448236513782e+18
6c7fb8e3-f781-4e38-89cb-3552c159abcd,1.7773448236847212e+18
6c7fb8e3-f781-4e38-89cb-3552c159abcd,1.7773448237180634e+18
6c7fb8e3-f781-4e38-89cb-3552c159abcd,1.7773448237514063e+18
6c7fb8e3-f781-4e38-89cb-3552c159abcd,1.7773448237847483e+18
6c7fb8e3-f781-4e38-89cb-3552c159abcd,1.7773448238180902e+18
6c7fb8e3-f781-4e38-89cb-3552c159abcd,1.7773448238514332e+18
6c7fb8e3-f781-4e38-89cb-3552c159abcd,1.7773448238847752e+18
6c7fb8e3-f781-4e38-89cb-3552c159abcd,1.7773448239181181e+18
6c7fb8e3-f781-4e38-89cb-3552c159abcd,1.7773448239514604e+18
6c7fb8e3-f781-4e38-89cb-3552c159abcd,1.7773448239848033e+18
6c7fb8e3-f781-4e38-89cb-3552c159abcd,1.7773448240181453e+18
6c7fb8e3-f781-4e38-89cb-3552c159abcd,1.7773448240514883e+18
6c7fb8e3-f781-4e38-89cb-3552c159abcd,1.7773448240848302e+18
6c7fb8e3-f781-4e38-89cb-3552c159abcd,1.7773448241181722e+18
6c7fb8e3-f781-4e38-89cb-3552c159abcd,1.7773448241515151e+18
6c7fb8e3-f781-4e38-89cb-3552c159abcd,1.7773448241848573e+18
6c7fb8e3-f781-4e38-89cb-3552c159abcd,1.7773448242182003e+18
6c7fb8e3-f781-4e38-89cb-3552c159abcd,1.7773448242515423e+18
6c7fb8e3-f781-4e38-89cb-3552c159abcd,1.7773448242848852e+18
6c7fb8e3-f781-4e38-89cb-3552c159abcd,1.7773448243182272e+18
6c7fb8e3-f781-4e38-89cb-3552c159abcd,1.7773448243515702e+18
6c7fb8e3-f781-4e38-89cb-3552c159abcd,1.7773448243849121e+18
6c7fb8e3-f781-4e38-89cb-3552c159abcd,1.7773448244182554e+18
6c7fb8e3-f781-4e38-89cb-3552c159abcd,1.7773448244515973e+18
6c7fb8e3-f781-4e38-89cb-3552c159abcd,1.7773448244849393e+18
6c7fb8e3-f781-4e38-89cb-3552c159abcd,1.7773448245182822e+18
6c7fb8e3-f781-4e38-89cb-3552c159abcd,1.7773448245516242e+18
6c7fb8e3-f781-4e38-89cb-3552c159abcd,1.7773448245849672e+18
6c7fb8e3-f781-4e38-89cb-3552c159abcd,1.777344824618309e+18
6c7fb8e3-f781-4e38-89cb-3552c159abcd,1.7773448246516524e+18
6c7fb8e3-f781-4e38-89cb-3552c159abcd,1.7773448246849943e+18
6c7fb8e3-f781-4e38-89cb-3552c159abcd,1.7773448247183363e+18
6c7fb8e3-f781-4e38-89cb-3552c159abcd,1.7773448247516792e+18
6c7fb8e3-f781-4e38-89cb-3552c159abcd,1.7773448247850212e+18
6c7fb8e3-f781-4e38-89cb-3552c159abcd,1.7773448248183642e+18
6c7fb8e3-f781-4e38-89cb-3552c159abcd,1.7773448248517064e+18
6c7fb8e3-f781-4e38-89cb-3552c159abcd,1.7773448248850493e+18
6c7fb8e3-f781-4e38-89cb-3552c159abcd,1.7773448249183913e+18
6c7fb8e3-f781-4e38-89cb-3552c159abcd,1.7773448249517343e+18
6c7fb8e3-f781-4e38-89cb-3552c159abcd,1.7773448249850762e+18
6c7fb8e3-f781-4e38-89cb-3552c159abcd,1.7773448250184192e+18
6c7fb8e3-f781-4e38-89cb-3552c159abcd,1.7773448250517612e+18
6c7fb8e3-f781-4e38-89cb-3552c159abcd,1.7773448250851034e+18
6c7fb8e3-f781-4e38-89cb-3552c159abcd,1.7773448251184463e+18
6c7fb8e3-f781-4e38-89cb-3552c159abcd,1.7773448251517883e+18
6c7fb8e3-f781-4e38-89cb-3552c159abcd,1.7773448251851313e+18
6c7fb8e3-f781-4e38-89cb-3552c159abcd,1.7773448252184732e+18
6c7fb8e3-f781-4e38-89cb-3552c159abcd,1.7773448252518162e+18
6c7fb8e3-f781-4e38-89cb-3552c159abcd,1.7773448252851581e+18
6c7fb8e3-f781-4e38-89cb-3552c159abcd,1.777344825318501e+18
6c7fb8e3-f781-4e38-89cb-3552c159abcd,1.7773448253518433e+18
6c7fb8e3-f781-4e38-89cb-3552c159abcd,1.7773448253851853e+18
6c7fb8e3-f781-4e38-89cb-3552c159abcd,1.7773448254185283e+18
6c7fb8e3-f781-4e38-89cb-3552c159abcd,1.7773448254518702e+18
6c7fb8e3-f781-4e38-89cb-3552c159abcd,1.7773448254852132e+18
6c7fb8e3-f781-4e38-89cb-3552c159abcd,1.7773448255185551e+18
6c7fb8e3-f781-4e38-89cb-3552c159abcd,1.7773448255518984e+18
6c7fb8e3-f781-4e38-89cb-3552c159abcd,1.7773448255852403e+18
6c7fb8e3-f781-4e38-89cb-3552c159abcd,1.7773448256185833e+18
6c7fb8e3-f781-4e38-89cb-3552c159abcd,1.7773448256519252e+18
6c7fb8e3-f781-4e38-89cb-3552c159abcd,1.7773448256852672e+18
6c7fb8e3-f781-4e38-89cb-3552c159abcd,1.7773448257186102e+18
6c7fb8e3-f781-4e38-89cb-3552c159abcd,1.7773448257519521e+18
6c7fb8e3-f781-4e38-89cb-3552c159abcd,1.7773448257852954e+18
6c7fb8e3-f781-4e38-89cb-3552c159abcd,1.7773448258186373e+18
6c7fb8e3-f781-4e38-89cb-3552c159abcd,1.7773448258519803e+18
6c7fb8e3-f781-4e38-89cb-3552c159abcd,1.7773448258853222e+18
6c7fb8e3-f781-4e38-89cb-3552c159abcd,1.7773448259186652e+18
6c7fb8e3-f781-4e38-89cb-3552c159abcd,1.7773448259520072e+18
6c7fb8e3-f781-4e38-89cb-3552c159abcd,1.777344825985349e+18
6c7fb8e3-f781-4e38-89cb-3552c159abcd,1.7773448260186924e+18
6c7fb8e3-f781-4e38-89cb-3552c159abcd,1.7773448260520343e+18
6c7fb8e3-f781-4e38-89cb-3552c159abcd,1.7773448260853773e+18
6c7fb8e3-f781-4e38-89cb-3552c159abcd,1.7773448261187192e+18
6c7fb8e3-f781-4e38-89cb-3552c159abcd,1.7773448261520622e+18
6c7fb8e3-f781-4e38-89cb-3552c159abcd,1.7773448261854042e+18
6c7fb8e3-f781-4e38-89cb-3552c159abcd,1.7773448262187471e+18
6c7fb8e3-f781-4e38-89cb-3552c159abcd,1.7773448262520893e+18
6c7fb8e3-f781-4e38-89cb-3552c159abcd,1.7773448262854323e+18
6c7fb8e3-f781-4e38-89cb-3552c159abcd,1.7773448263187743e+18
6c7fb8e3-f781-4e38-89cb-3552c159abcd,1.7773448263521162e+18
6c7fb8e3-f781-4e38-89cb-3552c159abcd,1.7773448263854592e+18
6c7fb8e3-f781-4e38-89cb-3552c159abcd,1.7773448264188012e+18
6c7fb8e3-f781-4e38-89cb-3552c159abcd,1.777344826452144e+18
6c7fb8e3-f781-4e38-89cb-3552c159abcd,1.7773448264854863e+18
6c7fb8e3-f781-4e38-89cb-3552c159abcd,1.7773448265188293e+18
6c7fb8e3-f781-4e38-89cb-3552c159abcd,1.7773448265521713e+18
6c7fb8e3-f781-4e38-89cb-3552c159abcd,1.7773448265855132e+18
6c7fb8e3-f781-4e38-89cb-3552c159abcd,1.7773448266188562e+18
6c7fb8e3-f781-4e38-89cb-3552c159abcd,1.7773448266521981e+18
6c7fb8e3-f781-4e38-89cb-3552c159abcd,1.777344826685541e+18
6c7fb8e3-f781-4e38-89cb-3552c159abcd,1.7773448267188833e+18
6c7fb8e3-f781-4e38-89cb-3552c159abcd,1.7773448267522263e+18
6c7fb8e3-f781-4e38-89cb-3552c159abcd,1.7773448267855683e+18
6c7fb8e3-f781-4e38-89cb-3552c159abcd,1.7773448268189112e+18
6c7fb8e3-f781-4e38-89cb-3552c159abcd,1.7773448268522532e+18
6c7fb8e3-f781-4e38-89cb-3552c159abcd,1.7773448268855962e+18
6c7fb8e3-f781-4e38-89cb-3552c159abcd,1.7773448269189384e+18
6c7fb8e3-f781-4e38-89cb-3552c159abcd,1.7773448269522803e+18
6c7fb8e3-f781-4e38-89cb-3552c159abcd,1.7773448269856233e+18
6c7fb8e3-f781-4e38-89cb-3552c159abcd,1.7773448270189652e+18
6c7fb8e3-f781-4e38-89cb-3552c159abcd,1.7773448270523082e+18
6c7fb8e3-f781-4e38-89cb-3552c159abcd,1.7773448270856502e+18
6c7fb8e3-f781-4e38-89cb-3552c159abcd,1.7773448271189932e+18
6c7fb8e3-f781-4e38-89cb-3552c159abcd,1.7773448271523354e+18
6c7fb8e3-f781-4e38-89cb-3552c159abcd,1.7773448271856783e+18
6c7fb8e3-f781-4e38-89cb-3552c159abcd,1.7773448272190203e+18
6c7fb8e3-f781-4e38-89cb-3552c159abcd,1.7773448272523622e+18
6c7fb8e3-f781-4e38-89cb-3552c159abcd,1.7773448272857052e+18
6c7fb8e3-f781-4e38-89cb-3552c159abcd,1.7773448273190472e+18
6c7fb8e3-f781-4e38-89cb-3552c159abcd,1.7773448273523901e+18
6c7fb8e3-f781-4e38-89cb-3552c159abcd,1.7773448273857324e+18
6c7fb8e3-f781-4e38-89cb-3552c159abcd,1.7773448274190753e+18
6c7fb8e3-f781-4e38-89cb-3552c159abcd,1.7773448274524173e+18
6c7fb8e3-f781-4e38-89cb-3552c159abcd,1.7773448274857603e+18
6c7fb8e3-f781-4e38-89cb-3552c159abcd,1.7773448275191022e+18
6c7fb8e3-f781-4e38-89cb-3552c159abcd,1.7773448275524442e+18
6c7fb8e3-f781-4e38-89cb-3552c159abcd,1.7773448275857871e+18
6c7fb8e3-f781-4e38-89cb-3552c159abcd,1.7773448276191293e+18
6c7fb8e3-f781-4e38-89cb-3552c159abcd,1.7773448276524723e+18
6c7fb8e3-f781-4e38-89cb-3552c159abcd,1.7773448276858143e+18
6c7fb8e3-f781-4e38-89cb-3552c159abcd,1.7773448277191572e+18
6c7fb8e3-f781-4e38-89cb-3552c159abcd,1.7773448277524992e+18
6c7fb8e3-f781-4e38-89cb-3552c159abcd,1.7773448277858422e+18
6c7fb8e3-f781-4e38-89cb-3552c159abcd,1.777344827819184e+18
6c7fb8e3-f781-4e38-89cb-3552c159abcd,1.7773448278525274e+18
6c7fb8e3-f781-4e38-89cb-3552c159abcd,1.7773448278858693e+18
6c7fb8e3-f781-4e38-89cb-3552c159abcd,1.7773448279192113e+18
6c7fb8e3-f781-4e38-89cb-3552c159abcd,1.7773448279525542e+18
6c7fb8e3-f781-4e38-89cb-3552c159abcd,1.7773448279858962e+18
6c7fb8e3-f781-4e38-89cb-3552c159abcd,1.7773448280192392e+18
6c7fb8e3-f781-4e38-89cb-3552c159abcd,1.777344828052581e+18
6c7fb8e3-f781-4e38-89cb-3552c159abcd,1.7773448280859244e+18
6c7fb8e3-f781-4e38-89cb-3552c159abcd,1.7773448281192663e+18
6c7fb8e3-f781-4e38-89cb-3552c159abcd,1.7773448281526093e+18
6c7fb8e3-f781-4e38-89cb-3552c159abcd,1.7773448281859512e+18
6c7fb8e3-f781-4e38-89cb-3552c159abcd,1.7773448282192932e+18
6c7fb8e3-f781-4e38-89cb-3552c159abcd,1.7773448282526362e+18
6c7fb8e3-f781-4e38-89cb-3552c159abcd,1.7773448282859784e+18
6c7fb8e3-f781-4e38-89cb-3552c159abcd,1.7773448283193213e+18
6c7fb8e3-f781-4e38-89cb-3552c159abcd,1.7773448283526633e+18
6c7fb8e3-f781-4e38-89cb-3552c159abcd,1.7773448283860063e+18
6c7fb8e3-f781-4e38-89cb-3552c159abcd,1.7773448284193482e+18
6c7fb8e3-f781-4e38-89cb-3552c159abcd,1.7773448284526912e+18
6c7fb8e3-f781-4e38-89cb-3552c159abcd,1.7773448284860332e+18
6c7fb8e3-f781-4e38-89cb-3552c159abcd,1.7773448285193754e+18
6c7fb8e3-f781-4e38-89cb-3552c159abcd,1.7773448285527183e+18
6c7fb8e3-f781-4e38-89cb-3552c159abcd,1.7773448285860603e+18
6c7fb8e3-f781-4e38-89cb-3552c159abcd,1.7773448286194033e+18
6c7fb8e3-f781-4e38-89cb-3552c159abcd,1.7773448286527452e+18
6c7fb8e3-f781-4e38-89cb-3552c159abcd,1.7773448286860882e+18
6c7fb8e3-f781-4e38-89cb-3552c159abcd,1.7773448287194301e+18
6c7fb8e3-f781-4e38-89cb-3552c159abcd,1.777344828752773e+18
6c7fb8e3-f781-4e38-89cb-3552c159abcd,1.7773448287861153e+18
6c7fb8e3-f781-4e38-89cb-3552c159abcd,1.7773448288194573e+18
6c7fb8e3-f781-4e38-89cb-3552c159abcd,1.7773448288528003e+18
6c7fb8e3-f781-4e38-89cb-3552c159abcd,1.7773448288861422e+18
6c7fb8e3-f781-4e38-89cb-3552c159abcd,1.7773448289194852e+18
6c7fb8e3-f781-4e38-89cb-3552c159abcd,1.7773448289528271e+18
6c7fb8e3-f781-4e38-89cb-3552c159abcd,1.7773448289861704e+18
6c7fb8e3-f781-4e38-89cb-3552c159abcd,1.7773448290195123e+18
6c7fb8e3-f781-4e38-89cb-3552c159abcd,1.7773448290528553e+18
6c7fb8e3-f781-4e38-89cb-3552c159abcd,1.7773448290861972e+18
6c7fb8e3-f781-4e38-89cb-3552c159abcd,1.7773448291195392e+18
6c7fb8e3-f781-4e38-89cb-3552c159abcd,1.7773448291528822e+18
6c7fb8e3-f781-4e38-89cb-3552c159abcd,1.777344829186224e+18
6c7fb8e3-f781-4e38-89cb-3552c159abcd,1.7773448292195674e+18
6c7fb8e3-f781-4e38-89cb-3552c159abcd,1.7773448292529093e+18
6c7fb8e3-f781-4e38-89cb-3552c159abcd,1.7773448292862523e+18
6c7fb8e3-f781-4e38-89cb-3552c159abcd,1.7773448293195942e+18
6c7fb8e3-f781-4e38-89cb-3552c159abcd,1.7773448293529372e+18
6c7fb8e3-f781-4e38-89cb-3552c159abcd,1.7773448293862792e+18
6c7fb8e3-f781-4e38-89cb-3552c159abcd,1.7773448294196221e+18
6c7fb8e3-f781-4e38-89cb-3552c159abcd,1.7773448294529644e+18
6c7fb8e3-f781-4e38-89cb-3552c159abcd,1.7773448294863063e+18
6c7fb8e3-f781-4e38-89cb-3552c159abcd,1.7773448295196493e+18
6c7fb8e3-f781-4e38-89cb-3552c159abcd,1.7773448295529912e+18
6c7fb8e3-f781-4e38-89cb-3552c159abcd,1.7773448295863342e+18
6c7fb8e3-f781-4e38-89cb-3552c159abcd,1.7773448296196762e+18
6c7fb8e3-f781-4e38-89cb-3552c159abcd,1.7773448296530191e+18
6c7fb8e3-f781-4e38-89cb-3552c159abcd,1.7773448296863613e+18
6c7fb8e3-f781-4e38-89cb-3552c159abcd,1.7773448297197043e+18
6c7fb8e3-f781-4e38-89cb-3552c159abcd,1.7773448297530463e+18
6c7fb8e3-f781-4e38-89cb-3552c159abcd,1.7773448297863882e+18
6c7fb8e3-f781-4e38-89cb-3552c159abcd,1.7773448298197312e+18
6c7fb8e3-f781-4e38-89cb-3552c159abcd,1.7773448298530732e+18
6c7fb8e3-f781-4e38-89cb-3552c159abcd,1.7773448298864161e+18
6c7fb8e3-f781-4e38-89cb-3552c159abcd,1.7773448299197583e+18
6c7fb8e3-f781-4e38-89cb-3552c159abcd,1.7773448299531013e+18
6c7fb8e3-f781-4e38-89cb-3552c159abcd,1.7773448299864433e+18
6c7fb8e3-f781-4e38-89cb-3552c159abcd,1.7773448300197862e+18
6c7fb8e3-f781-4e38-89cb-3552c159abcd,1.7773448300531282e+18
6c7fb8e3-f781-4e38-89cb-3552c159abcd,1.7773448300864701e+18
6c7fb8e3-f781-4e38-89cb-3552c159abcd,1.777344830119813e+18
6c7fb8e3-f781-4e38-89cb-3552c159abcd,1.7773448301531553e+18
6c7fb8e3-f781-4e38-89cb-3552c159abcd,1.7773448301864983e+18
6c7fb8e3-f781-4e38-89cb-3552c159abcd,1.7773448302198403e+18
6c7fb8e3-f781-4e38-89cb-3552c159abcd,1.7773448302531832e+18
6c7fb8e3-f781-4e38-89cb-3552c159abcd,1.7773448302865252e+18
6c7fb8e3-f781-4e38-89cb-3552c159abcd,1.7773448303198682e+18
6c7fb8e3-f781-4e38-89cb-3552c159abcd,1.7773448303532104e+18
6c7fb8e3-f781-4e38-89cb-3552c159abcd,1.7773448303865523e+18
6c7fb8e3-f781-4e38-89cb-3552c159abcd,1.7773448304198953e+18
6c7fb8e3-f781-4e38-89cb-3552c159abcd,1.7773448304532372e+18
6c7fb8e3-f781-4e38-89cb-3552c159abcd,1.7773448304865802e+18
6c7fb8e3-f781-4e38-89cb-3552c159abcd,1.7773448305199222e+18
6c7fb8e3-f781-4e38-89cb-3552c159abcd,1.7773448305532652e+18
6c7fb8e3-f781-4e38-89cb-3552c159abcd,1.7773448305866074e+18
6c7fb8e3-f781-4e38-89cb-3552c159abcd,1.7773448306199503e+18
6c7fb8e3-f781-4e38-89cb-3552c159abcd,1.7773448306532923e+18
6c7fb8e3-f781-4e38-89cb-3552c159abcd,1.7773448306866342e+18
6c7fb8e3-f781-4e38-89cb-3552c159abcd,1.7773448307199772e+18
6c7fb8e3-f781-4e38-89cb-3552c159abcd,1.7773448307533192e+18
6c7fb8e3-f781-4e38-89cb-3552c159abcd,1.7773448307866621e+18
6c7fb8e3-f781-4e38-89cb-3552c159abcd,1.7773448308200044e+18
6c7fb8e3-f781-4e38-89cb-3552c159abcd,1.7773448308533473e+18
6c7fb8e3-f781-4e38-89cb-3552c159abcd,1.7773448308866893e+18
6c7fb8e3-f781-4e38-89cb-3552c159abcd,1.7773448309200323e+18
6c7fb8e3-f781-4e38-89cb-3552c159abcd,1.7773448309533742e+18
6c7fb8e3-f781-4e38-89cb-3552c159abcd,1.7773448309867162e+18
6c7fb8e3-f781-4e38-89cb-3552c159abcd,1.7773448310200591e+18
6c7fb8e3-f781-4e38-89cb-3552c159abcd,1.7773448310534013e+18
6c7fb8e3-f781-4e38-89cb-3552c159abcd,1.7773448310867443e+18
6c7fb8e3-f781-4e38-89cb-3552c159abcd,1.7773448311200863e+18
6c7fb8e3-f781-4e38-89cb-3552c159abcd,1.7773448311534292e+18
6c7fb8e3-f781-4e38-89cb-3552c159abcd,1.7773448311867712e+18
6c7fb8e3-f781-4e38-89cb-3552c159abcd,1.7773448312201142e+18
6c7fb8e3-f781-4e38-89cb-3552c159abcd,1.7773448312534561e+18
6c7fb8e3-f781-4e38-89cb-3552c159abcd,1.7773448312867994e+18
6c7fb8e3-f781-4e38-89cb-3552c159abcd,1.7773448313201413e+18
6c7fb8e3-f781-4e38-89cb-3552c159abcd,1.7773448313534833e+18
6c7fb8e3-f781-4e38-89cb-3552c159abcd,1.7773448313868262e+18
6c7fb8e3-f781-4e38-89cb-3552c159abcd,1.7773448314201682e+18
6c7fb8e3-f781-4e38-89cb-3552c159abcd,1.7773448314535112e+18
6c7fb8e3-f781-4e38-89cb-3552c159abcd,1.777344831486853e+18
6c7fb8e3-f781-4e38-89cb-3552c159abcd,1.7773448315201964e+18
6c7fb8e3-f781-4e38-89cb-3552c159abcd,1.7773448315535383e+18
6c7fb8e3-f781-4e38-89cb-3552c159abcd,1.7773448315868813e+18
6c7fb8e3-f781-4e38-89cb-3552c159abcd,1.7773448316202232e+18
6c7fb8e3-f781-4e38-89cb-3552c159abcd,1.7773448316535652e+18
6c7fb8e3-f781-4e38-89cb-3552c159abcd,1.7773448316869082e+18
6c7fb8e3-f781-4e38-89cb-3552c159abcd,1.7773448317202504e+18
6c7fb8e3-f781-4e38-89cb-3552c159abcd,1.7773448317535933e+18
6c7fb8e3-f781-4e38-89cb-3552c159abcd,1.7773448317869353e+18
6c7fb8e3-f781-4e38-89cb-3552c159abcd,1.7773448318202783e+18
6c7fb8e3-f781-4e38-89cb-3552c159abcd,1.7773448318536202e+18
6c7fb8e3-f781-4e38-89cb-3552c159abcd,1.7773448318869632e+18
6c7fb8e3-f781-4e38-89cb-3552c159abcd,1.7773448319203052e+18
6c7fb8e3-f781-4e38-89cb-3552c159abcd,1.7773448319536474e+18
6c7fb8e3-f781-4e38-89cb-3552c159abcd,1.7773448319869903e+18
6c7fb8e3-f781-4e38-89cb-3552c159abcd,1.7773448320203323e+18
6c7fb8e3-f781-4e38-89cb-3552c159abcd,1.7773448320536753e+18
6c7fb8e3-f781-4e38-89cb-3552c159abcd,1.7773448320870172e+18
6c7fb8e3-f781-4e38-89cb-3552c159abcd,1.7773448321203602e+18
6c7fb8e3-f781-4e38-89cb-3552c159abcd,1.7773448321537021e+18
6c7fb8e3-f781-4e38-89cb-3552c159abcd,1.777344832187045e+18
6c7fb8e3-f781-4e38-89cb-3552c159abcd,1.7773448322203873e+18
6c7fb8e3-f781-4e38-89cb-3552c159abcd,1.7773448322537293e+18
6c7fb8e3-f781-4e38-89cb-3552c159abcd,1.7773448322870723e+18
6c7fb8e3-f781-4e38-89cb-3552c159abcd,1.7773448323204142e+18
6c7fb8e3-f781-4e38-89cb-3552c159abcd,1.7773448323537572e+18
6c7fb8e3-f781-4e38-89cb-3552c159abcd,1.7773448323870991e+18
6c7fb8e3-f781-4e38-89cb-3552c159abcd,1.7773448324204424e+18
6c7fb8e3-f781-4e38-89cb-3552c159abcd,1.7773448324537843e+18
6c7fb8e3-f781-4e38-89cb-3552c159abcd,1.7773448324871273e+18
6c7fb8e3-f781-4e38-89cb-3552c159abcd,1.7773448325204692e+18
6c7fb8e3-f781-4e38-89cb-3552c159abcd,1.7773448325538112e+18
6c7fb8e3-f781-4e38-89cb-3552c159abcd,1.7773448325871542e+18
6c7fb8e3-f781-4e38-89cb-3552c159abcd,1.7773448326204961e+18
6c7fb8e3-f781-4e38-89cb-3552c159abcd,1.7773448326538394e+18
6c7fb8e3-f781-4e38-89cb-3552c159abcd,1.7773448326871813e+18
6c7fb8e3-f781-4e38-89cb-3552c159abcd,1.7773448327205243e+18
6c7fb8e3-f781-4e38-89cb-3552c159abcd,1.7773448327538662e+18
6c7fb8e3-f781-4e38-89cb-3552c159abcd,1.7773448327872092e+18
6c7fb8e3-f781-4e38-89cb-3552c159abcd,1.7773448328205512e+18
6c7fb8e3-f781-4e38-89cb-3552c159abcd,1.777344832853893e+18
6c7fb8e3-f781-4e38-89cb-3552c159abcd,1.7773448328872364e+18
6c7fb8e3-f781-4e38-89cb-3552c159abcd,1.7773448329205783e+18
6c7fb8e3-f781-4e38-89cb-3552c159abcd,1.7773448329539213e+18
6c7fb8e3-f781-4e38-89cb-3552c159abcd,1.7773448329872632e+18
6c7fb8e3-f781-4e38-89cb-3552c159abcd,1.7773448330206062e+18
6c7fb8e3-f781-4e38-89cb-3552c159abcd,1.7773448330539482e+18
6c7fb8e3-f781-4e38-89cb-3552c159abcd,1.7773448330872911e+18
6c7fb8e3-f781-4e38-89cb-3552c159abcd,1.7773448331206333e+18
6c7fb8e3-f781-4e38-89cb-3552c159abcd,1.7773448331539763e+18
6c7fb8e3-f781-4e38-89cb-3552c159abcd,1.7773448331873183e+18
6c7fb8e3-f781-4e38-89cb-3552c159abcd,1.7773448332206602e+18
6c7fb8e3-f781-4e38-89cb-3552c159abcd,1.7773448332540032e+18
6c7fb8e3-f781-4e38-89cb-3552c159abcd,1.7773448332873452e+18
6c7fb8e3-f781-4e38-89cb-3552c159abcd,1.777344833320688e+18
6c7fb8e3-f781-4e38-89cb-3552c159abcd,1.7773448333540303e+18
6c7fb8e3-f781-4e38-89cb-3552c159abcd,1.7773448333873733e+18
6c7fb8e3-f781-4e38-89cb-3552c159abcd,1.7773448334207153e+18
6c7fb8e3-f781-4e38-89cb-3552c159abcd,1.7773448334540582e+18
6c7fb8e3-f781-4e38-89cb-3552c159abcd,1.7773448334874002e+18
6c7fb8e3-f781-4e38-89cb-3552c159abcd,1.7773448335207421e+18
6c7fb8e3-f781-4e38-89cb-3552c159abcd,1.777344833554085e+18
6c7fb8e3-f781-4e38-89cb-3552c159abcd,1.7773448335874273e+18
6c7fb8e3-f781-4e38-89cb-3552c159abcd,1.7773448336207703e+18
6c7fb8e3-f781-4e38-89cb-3552c159abcd,1.7773448336541123e+18
6c7fb8e3-f781-4e38-89cb-3552c159abcd,1.7773448336874552e+18
6c7fb8e3-f781-4e38-89cb-3552c159abcd,1.7773448337207972e+18
6c7fb8e3-f781-4e38-89cb-3552c159abcd,1.7773448337541402e+18
6c7fb8e3-f781-4e38-89cb-3552c159abcd,1.7773448337874824e+18
6c7fb8e3-f781-4e38-89cb-3552c159abcd,1.7773448338208243e+18
6c7fb8e3-f781-4e38-89cb-3552c159abcd,1.7773448338541673e+18
6c7fb8e3-f781-4e38-89cb-3552c159abcd,1.7773448338875092e+18
6c7fb8e3-f781-4e38-89cb-3552c159abcd,1.7773448339208522e+18
6c7fb8e3-f781-4e38-89cb-3552c159abcd,1.7773448339541942e+18
6c7fb8e3-f781-4e38-89cb-3552c159abcd,1.7773448339875372e+18
6c7fb8e3-f781-4e38-89cb-3552c159abcd,1.7773448340208794e+18
6c7fb8e3-f781-4e38-89cb-3552c159abcd,1.7773448340542223e+18
6c7fb8e3-f781-4e38-89cb-3552c159abcd,1.7773448340875643e+18
6c7fb8e3-f781-4e38-89cb-3552c159abcd,1.7773448341209062e+18
6c7fb8e3-f781-4e38-89cb-3552c159abcd,1.7773448341542492e+18
6c7fb8e3-f781-4e38-89cb-3552c159abcd,1.7773448341875912e+18
6c7fb8e3-f781-4e38-89cb-3552c159abcd,1.7773448342209341e+18
6c7fb8e3-f781-4e38-89cb-3552c159abcd,1.7773448342542764e+18
6c7fb8e3-f781-4e38-89cb-3552c159abcd,1.7773448342876193e+18
6c7fb8e3-f781-4e38-89cb-3552c159abcd,1.7773448343209613e+18
6c7fb8e3-f781-4e38-89cb-3552c159abcd,1.7773448343543043e+18
6c7fb8e3-f781-4e38-89cb-3552c159abcd,1.7773448343876462e+18
6c7fb8e3-f781-4e38-89cb-3552c159abcd,1.7773448344209892e+18
6c7fb8e3-f781-4e38-89cb-3552c159abcd,1.7773448344543311e+18
6c7fb8e3-f781-4e38-89cb-3552c159abcd,1.7773448344876733e+18
6c7fb8e3-f781-4e38-89cb-3552c159abcd,1.7773448345210163e+18
6c7fb8e3-f781-4e38-89cb-3552c159abcd,1.7773448345543583e+18
6c7fb8e3-f781-4e38-89cb-3552c159abcd,1.7773448345877012e+18
6c7fb8e3-f781-4e38-89cb-3552c159abcd,1.7773448346210432e+18
6c7fb8e3-f781-4e38-89cb-3552c159abcd,1.7773448346543862e+18
6c7fb8e3-f781-4e38-89cb-3552c159abcd,1.777344834687728e+18
6c7fb8e3-f781-4e38-89cb-3552c159abcd,1.7773448347210703e+18
6c7fb8e3-f781-4e38-89cb-3552c159abcd,1.7773448347544133e+18
6c7fb8e3-f781-4e38-89cb-3552c159abcd,1.7773448347877553e+18
6c7fb8e3-f781-4e38-89cb-3552c159abcd,1.7773448348210982e+18
6c7fb8e3-f781-4e38-89cb-3552c159abcd,1.7773448348544402e+18
6c7fb8e3-f781-4e38-89cb-3552c159abcd,1.7773448348877832e+18
6c7fb8e3-f781-4e38-89cb-3552c159abcd,1.777344834921125e+18
6c7fb8e3-f781-4e38-89cb-3552c159abcd,1.7773448349544684e+18
6c7fb8e3-f781-4e38-89cb-3552c159abcd,1.7773448349878103e+18
6c7fb8e3-f781-4e38-89cb-3552c159abcd,1.7773448350211533e+18
6c7fb8e3-f781-4e38-89cb-3552c159abcd,1.7773448350544952e+18
6c7fb8e3-f781-4e38-89cb-3552c159abcd,1.7773448350878372e+18
6c7fb8e3-f781-4e38-89cb-3552c159abcd,1.7773448351211802e+18
6c7fb8e3-f781-4e38-89cb-3552c159abcd,1.7773448351545224e+18
6c7fb8e3-f781-4e38-89cb-3552c159abcd,1.7773448351878653e+18
6c7fb8e3-f781-4e38-89cb-3552c159abcd,1.7773448352212073e+18
6c7fb8e3-f781-4e38-89cb-3552c159abcd,1.7773448352545503e+18
6c7fb8e3-f781-4e38-89cb-3552c159abcd,1.7773448352878922e+18
6c7fb8e3-f781-4e38-89cb-3552c159abcd,1.7773448353212352e+18
6c7fb8e3-f781-4e38-89cb-3552c159abcd,1.7773448353545772e+18
6c7fb8e3-f781-4e38-89cb-3552c159abcd,1.7773448353879194e+18
6c7fb8e3-f781-4e38-89cb-3552c159abcd,1.7773448354212623e+18
6c7fb8e3-f781-4e38-89cb-3552c159abcd,1.7773448354546043e+18
6c7fb8e3-f781-4e38-89cb-3552c159abcd,1.7773448354879473e+18
6c7fb8e3-f781-4e38-89cb-3552c159abcd,1.7773448355212892e+18
6c7fb8e3-f781-4e38-89cb-3552c159abcd,1.7773448355546322e+18
6c7fb8e3-f781-4e38-89cb-3552c159abcd,1.7773448355879741e+18
6c7fb8e3-f781-4e38-89cb-3552c159abcd,1.777344835621317e+18
6c7fb8e3-f781-4e38-89cb-3552c159abcd,1.7773448356546593e+18
6c7fb8e3-f781-4e38-89cb-3552c159abcd,1.7773448356880013e+18
6c7fb8e3-f781-4e38-89cb-3552c159abcd,1.7773448357213443e+18
6c7fb8e3-f781-4e38-89cb-3552c159abcd,1.7773448357546862e+18
6c7fb8e3-f781-4e38-89cb-3552c159abcd,1.7773448357880292e+18
6c7fb8e3-f781-4e38-89cb-3552c159abcd,1.7773448358213711e+18
6c7fb8e3-f781-4e38-89cb-3552c159abcd,1.7773448358547144e+18
6c7fb8e3-f781-4e38-89cb-3552c159abcd,1.7773448358880563e+18
6c7fb8e3-f781-4e38-89cb-3552c159abcd,1.7773448359213993e+18
6c7fb8e3-f781-4e38-89cb-3552c159abcd,1.7773448359547412e+18
6c7fb8e3-f781-4e38-89cb-3552c159abcd,1.7773448359880832e+18
6c7fb8e3-f781-4e38-89cb-3552c159abcd,1.7773448360214262e+18
6c7fb8e3-f781-4e38-89cb-3552c159abcd,1.777344836054768e+18
6c7fb8e3-f781-4e38-89cb-3552c159abcd,1.7773448360881114e+18
6c7fb8e3-f781-4e38-89cb-3552c159abcd,1.7773448361214533e+18
6c7fb8e3-f781-4e38-89cb-3552c159abcd,1.7773448361547963e+18
6c7fb8e3-f781-4e38-89cb-3552c159abcd,1.7773448361881382e+18
6c7fb8e3-f781-4e38-89cb-3552c159abcd,1.7773448362214812e+18
6c7fb8e3-f781-4e38-89cb-3552c159abcd,1.7773448362548232e+18
6c7fb8e3-f781-4e38-89cb-3552c159abcd,1.7773448362881661e+18
6c7fb8e3-f781-4e38-89cb-3552c159abcd,1.7773448363215084e+18
6c7fb8e3-f781-4e38-89cb-3552c159abcd,1.7773448363548503e+18
6c7fb8e3-f781-4e38-89cb-3552c159abcd,1.7773448363881933e+18
6c7fb8e3-f781-4e38-89cb-3552c159abcd,1.7773448364215352e+18
6c7fb8e3-f781-4e38-89cb-3552c159abcd,1.7773448364548782e+18
6c7fb8e3-f781-4e38-89cb-3552c159abcd,1.7773448364882202e+18
6c7fb8e3-f781-4e38-89cb-3552c159abcd,1.7773448365215631e+18
6c7fb8e3-f781-4e38-89cb-3552c159abcd,1.7773448365549053e+18
6c7fb8e3-f781-4e38-89cb-3552c159abcd,1.7773448365882473e+18
6c7fb8e3-f781-4e38-89cb-3552c159abcd,1.7773448366215903e+18
6c7fb8e3-f781-4e38-89cb-3552c159abcd,1.7773448366549322e+18
6c7fb8e3-f781-4e38-89cb-3552c159abcd,1.7773448366882752e+18
6c7fb8e3-f781-4e38-89cb-3552c159abcd,1.7773448367216172e+18
6c7fb8e3-f781-4e38-89cb-3552c159abcd,1.7773448367549601e+18
6c7fb8e3-f781-4e38-89cb-3552c159abcd,1.7773448367883023e+18
6c7fb8e3-f781-4e38-89cb-3552c159abcd,1.7773448368216453e+18
6c7fb8e3-f781-4e38-89cb-3552c159abcd,1.7773448368549873e+18
6c7fb8e3-f781-4e38-89cb-3552c159abcd,1.7773448368883302e+18
6c7fb8e3-f781-4e38-89cb-3552c159abcd,1.7773448369216722e+18
6c7fb8e3-f781-4e38-89cb-3552c159abcd,1.7773448369550141e+18
6c7fb8e3-f781-4e38-89cb-3552c159abcd,1.777344836988357e+18
6c7fb8e3-f781-4e38-89cb-3552c159abcd,1.7773448370216993e+18
6c7fb8e3-f781-4e38-89cb-3552c159abcd,1.7773448370550423e+18
6c7fb8e3-f781-4e38-89cb-3552c159abcd,1.7773448370883843e+18
6c7fb8e3-f781-4e38-89cb-3552c159abcd,1.7773448371217272e+18
6c7fb8e3-f781-4e38-89cb-3552c159abcd,1.7773448371550692e+18
6c7fb8e3-f781-4e38-89cb-3552c159abcd,1.7773448371884122e+18
6c7fb8e3-f781-4e38-89cb-3552c159abcd,1.7773448372217544e+18
6c7fb8e3-f781-4e38-89cb-3552c159abcd,1.7773448372550963e+18
6c7fb8e3-f781-4e38-89cb-3552c159abcd,1.7773448372884393e+18
6c7fb8e3-f781-4e38-89cb-3552c159abcd,1.7773448373217812e+18
6c7fb8e3-f781-4e38-89cb-3552c159abcd,1.7773448373551242e+18
6c7fb8e3-f781-4e38-89cb-3552c159abcd,1.7773448373884662e+18
6c7fb8e3-f781-4e38-89cb-3552c159abcd,1.7773448374218092e+18
6c7fb8e3-f781-4e38-89cb-3552c159abcd,1.7773448374551514e+18
6c7fb8e3-f781-4e38-89cb-3552c159abcd,1.7773448374884943e+18
6c7fb8e3-f781-4e38-89cb-3552c159abcd,1.7773448375218363e+18
6c7fb8e3-f781-4e38-89cb-3552c159abcd,1.7773448375551782e+18
6c7fb8e3-f781-4e38-89cb-3552c159abcd,1.7773448375885212e+18
6c7fb8e3-f781-4e38-89cb-3552c159abcd,1.7773448376218632e+18
6c7fb8e3-f781-4e38-89cb-3552c159abcd,1.7773448376552061e+18
6c7fb8e3-f781-4e38-89cb-3552c159abcd,1.7773448376885484e+18
6c7fb8e3-f781-4e38-89cb-3552c159abcd,1.7773448377218913e+18
6c7fb8e3-f781-4e38-89cb-3552c159abcd,1.7773448377552333e+18
6c7fb8e3-f781-4e38-89cb-3552c159abcd,1.7773448377885763e+18
6c7fb8e3-f781-4e38-89cb-3552c159abcd,1.7773448378219182e+18
6c7fb8e3-f781-4e38-89cb-3552c159abcd,1.7773448378552602e+18
6c7fb8e3-f781-4e38-89cb-3552c159abcd,1.7773448378886031e+18
6c7fb8e3-f781-4e38-89cb-3552c159abcd,1.7773448379219453e+18
6c7fb8e3-f781-4e38-89cb-3552c159abcd,1.7773448379552883e+18
6c7fb8e3-f781-4e38-89cb-3552c159abcd,1.7773448379886303e+18
6c7fb8e3-f781-4e38-89cb-3552c159abcd,1.7773448380219732e+18
6c7fb8e3-f781-4e38-89cb-3552c159abcd,1.7773448380553152e+18
6c7fb8e3-f781-4e38-89cb-3552c159abcd,1.7773448380886582e+18
6c7fb8e3-f781-4e38-89cb-3552c159abcd,1.7773448381220001e+18
6c7fb8e3-f781-4e38-89cb-3552c159abcd,1.7773448381553423e+18
6c7fb8e3-f781-4e38-89cb-3552c159abcd,1.7773448381886853e+18
6c7fb8e3-f781-4e38-89cb-3552c159abcd,1.7773448382220273e+18
6c7fb8e3-f781-4e38-89cb-3552c159abcd,1.7773448382553702e+18
6c7fb8e3-f781-4e38-89cb-3552c159abcd,1.7773448382887122e+18
6c7fb8e3-f781-4e38-89cb-3552c159abcd,1.7773448383220552e+18
6c7fb8e3-f781-4e38-89cb-3552c159abcd,1.777344838355397e+18
6c7fb8e3-f781-4e38-89cb-3552c159abcd,1.7773448383887404e+18
6c7fb8e3-f781-4e38-89cb-3552c159abcd,1.7773448384220823e+18
6c7fb8e3-f781-4e38-89cb-3552c159abcd,1.7773448384554243e+18
6c7fb8e3-f781-4e38-89cb-3552c159abcd,1.7773448384887672e+18
6c7fb8e3-f781-4e38-89cb-3552c159abcd,1.7773448385221092e+18
6c7fb8e3-f781-4e38-89cb-3552c159abcd,1.7773448385554522e+18
6c7fb8e3-f781-4e38-89cb-3552c159abcd,1.7773448385887944e+18
6c7fb8e3-f781-4e38-89cb-3552c159abcd,1.7773448386221373e+18
6c7fb8e3-f781-4e38-89cb-3552c159abcd,1.7773448386554793e+18
6c7fb8e3-f781-4e38-89cb-3552c159abcd,1.7773448386888223e+18
6c7fb8e3-f781-4e38-89cb-3552c159abcd,1.7773448387221642e+18
6c7fb8e3-f781-4e38-89cb-3552c159abcd,1.7773448387555072e+18
6c7fb8e3-f781-4e38-89cb-3552c159abcd,1.7773448387888492e+18
6c7fb8e3-f781-4e38-89cb-3552c159abcd,1.7773448388221914e+18
6c7fb8e3-f781-4e38-89cb-3552c159abcd,1.7773448388555343e+18
6c7fb8e3-f781-4e38-89cb-3552c159abcd,1.7773448388888763e+18
6c7fb8e3-f781-4e38-89cb-3552c159abcd,1.7773448389222193e+18
6c7fb8e3-f781-4e38-89cb-3552c159abcd,1.7773448389555612e+18
6c7fb8e3-f781-4e38-89cb-3552c159abcd,1.7773448389889042e+18
6c7fb8e3-f781-4e38-89cb-3552c159abcd,1.7773448390222461e+18
6c7fb8e3-f781-4e38-89cb-3552c159abcd,1.777344839055589e+18
6c7fb8e3-f781-4e38-89cb-3552c159abcd,1.7773448390889313e+18
6c7fb8e3-f781-4e38-89cb-3552c159abcd,1.7773448391222733e+18
6c7fb8e3-f781-4e38-89cb-3552c159abcd,1.7773448391556163e+18
6c7fb8e3-f781-4e38-89cb-3552c159abcd,1.7773448391889582e+18
6c7fb8e3-f781-4e38-89cb-3552c159abcd,1.7773448392223012e+18
6c7fb8e3-f781-4e38-89cb-3552c159abcd,1.7773448392556431e+18
6c7fb8e3-f781-4e38-89cb-3552c159abcd,1.7773448392889864e+18
6c7fb8e3-f781-4e38-89cb-3552c159abcd,1.7773448393223283e+18
6c7fb8e3-f781-4e38-89cb-3552c159abcd,1.7773448393556713e+18
6c7fb8e3-f781-4e38-89cb-3552c159abcd,1.7773448393890132e+18
6c7fb8e3-f781-4e38-89cb-3552c159abcd,1.7773448394223552e+18
6c7fb8e3-f781-4e38-89cb-3552c159abcd,1.7773448394556982e+18
6c7fb8e3-f781-4e38-89cb-3552c159abcd,1.7773448394890401e+18
6c7fb8e3-f781-4e38-89cb-3552c159abcd,1.7773448395223834e+18
6c7fb8e3-f781-4e38-89cb-3552c159abcd,1.7773448395557253e+18
6c7fb8e3-f781-4e38-89cb-3552c159abcd,1.7773448395890683e+18
6c7fb8e3-f781-4e38-89cb-3552c159abcd,1.7773448396224102e+18
6c7fb8e3-f781-4e38-89cb-3552c159abcd,1.7773448396557532e+18
6c7fb8e3-f781-4e38-89cb-3552c159abcd,1.7773448396890952e+18
6c7fb8e3-f781-4e38-89cb-3552c159abcd,1.777344839722437e+18
6c7fb8e3-f781-4e38-89cb-3552c159abcd,1.7773448397557804e+18
6c7fb8e3-f781-4e38-89cb-3552c159abcd,1.7773448397891223e+18
6c7fb8e3-f781-4e38-89cb-3552c159abcd,1.7773448398224653e+18
6c7fb8e3-f781-4e38-89cb-3552c159abcd,1.7773448398558072e+18
6c7fb8e3-f781-4e38-89cb-3552c159abcd,1.7773448398891502e+18
6c7fb8e3-f781-4e38-89cb-3552c159abcd,1.7773448399224922e+18
6c7fb8e3-f781-4e38-89cb-3552c159abcd,1.7773448399558351e+18
6c7fb8e3-f781-4e38-89cb-3552c159abcd,1.7773448399891773e+18
6c7fb8e3-f781-4e38-89cb-3552c159abcd,1.7773448400225193e+18
6c7fb8e3-f781-4e38-89cb-3552c159abcd,1.7773448400558623e+18
6c7fb8e3-f781-4e38-89cb-3552c159abcd,1.7773448400892042e+18
6c7fb8e3-f781-4e38-89cb-3552c159abcd,1.7773448401225472e+18
6c7fb8e3-f781-4e38-89cb-3552c159abcd,1.7773448401558892e+18
6c7fb8e3-f781-4e38-89cb-3552c159abcd,1.777344840189232e+18
6c7fb8e3-f781-4e38-89cb-3552c159abcd,1.7773448402225743e+18
6c7fb8e3-f781-4e38-89cb-3552c159abcd,1.7773448402559173e+18
6c7fb8e3-f781-4e38-89cb-3552c159abcd,1.7773448402892593e+18
6c7fb8e3-f781-4e38-89cb-3552c159abcd,1.7773448403226012e+18
6c7fb8e3-f781-4e38-89cb-3552c159abcd,1.7773448403559442e+18
6c7fb8e3-f781-4e38-89cb-3552c159abcd,1.7773448403892861e+18
6c7fb8e3-f781-4e38-89cb-3552c159abcd,1.777344840422629e+18
6c7fb8e3-f781-4e38-89cb-3552c159abcd,1.7773448404559713e+18
6c7fb8e3-f781-4e38-89cb-3552c159abcd,1.7773448404893143e+18
6c7fb8e3-f781-4e38-89cb-3552c159abcd,1.7773448405226563e+18
6c7fb8e3-f781-4e38-89cb-3552c159abcd,1.7773448405559992e+18
6c7fb8e3-f781-4e38-89cb-3552c159abcd,1.7773448405893412e+18
6c7fb8e3-f781-4e38-89cb-3552c159abcd,1.7773448406226842e+18
6c7fb8e3-f781-4e38-89cb-3552c159abcd,1.7773448406560264e+18
6c7fb8e3-f781-4e38-89cb-3552c159abcd,1.7773448406893683e+18
6c7fb8e3-f781-4e38-89cb-3552c159abcd,1.7773448407227113e+18
6c7fb8e3-f781-4e38-89cb-3552c159abcd,1.7773448407560532e+18
6c7fb8e3-f781-4e38-89cb-3552c159abcd,1.7773448407893962e+18
6c7fb8e3-f781-4e38-89cb-3552c159abcd,1.7773448408227382e+18
6c7fb8e3-f781-4e38-89cb-3552c159abcd,1.7773448408560812e+18
6c7fb8e3-f781-4e38-89cb-3552c159abcd,1.7773448408894234e+18
6c7fb8e3-f781-4e38-89cb-3552c159abcd,1.7773448409227663e+18
6c7fb8e3-f781-4e38-89cb-3552c159abcd,1.7773448409561083e+18
6c7fb8e3-f781-4e38-89cb-3552c159abcd,1.7773448409894502e+18
6c7fb8e3-f781-4e38-89cb-3552c159abcd,1.7773448410227932e+18
6c7fb8e3-f781-4e38-89cb-3552c159abcd,1.7773448410561352e+18
6c7fb8e3-f781-4e38-89cb-3552c159abcd,1.7773448410894781e+18
6c7fb8e3-f781-4e38-89cb-3552c159abcd,1.7773448411228204e+18
6c7fb8e3-f781-4e38-89cb-3552c159abcd,1.7773448411561633e+18
6c7fb8e3-f781-4e38-89cb-3552c159abcd,1.7773448411895053e+18
6c7fb8e3-f781-4e38-89cb-3552c159abcd,1.7773448412228483e+18
6c7fb8e3-f781-4e38-89cb-3552c159abcd,1.7773448412561902e+18
6c7fb8e3-f781-4e38-89cb-3552c159abcd,1.7773448412895322e+18
6c7fb8e3-f781-4e38-89cb-3552c159abcd,1.7773448413228751e+18
6c7fb8e3-f781-4e38-89cb-3552c159abcd,1.7773448413562173e+18
6c7fb8e3-f781-4e38-89cb-3552c159abcd,1.7773448413895603e+18
6c7fb8e3-f781-4e38-89cb-3552c159abcd,1.7773448414229023e+18
6c7fb8e3-f781-4e38-89cb-3552c159abcd,1.7773448414562452e+18
6c7fb8e3-f781-4e38-89cb-3552c159abcd,1.7773448414895872e+18
6c7fb8e3-f781-4e38-89cb-3552c159abcd,1.7773448415229302e+18
6c7fb8e3-f781-4e38-89cb-3552c159abcd,1.777344841556272e+18
6c7fb8e3-f781-4e38-89cb-3552c159abcd,1.7773448415896143e+18
6c7fb8e3-f781-4e38-89cb-3552c159abcd,1.7773448416229573e+18
6c7fb8e3-f781-4e38-89cb-3552c159abcd,1.7773448416562993e+18
6c7fb8e3-f781-4e38-89cb-3552c159abcd,1.7773448416896422e+18
6c7fb8e3-f781-4e38-89cb-3552c159abcd,1.7773448417229842e+18
6c7fb8e3-f781-4e38-89cb-3552c159abcd,1.7773448417563272e+18
6c7fb8e3-f781-4e38-89cb-3552c159abcd,1.777344841789669e+18
6c7fb8e3-f781-4e38-89cb-3552c159abcd,1.7773448418230124e+18
6c7fb8e3-f781-4e38-89cb-3552c159abcd,1.7773448418563543e+18
6c7fb8e3-f781-4e38-89cb-3552c159abcd,1.7773448418896963e+18
6c7fb8e3-f781-4e38-89cb-3552c159abcd,1.7773448419230392e+18
6c7fb8e3-f781-4e38-89cb-3552c159abcd,1.7773448419563812e+18
6c7fb8e3-f781-4e38-89cb-3552c159abcd,1.7773448419897242e+18
6c7fb8e3-f781-4e38-89cb-3552c159abcd,1.7773448420230664e+18
6c7fb8e3-f781-4e38-89cb-3552c159abcd,1.7773448420564093e+18
6c7fb8e3-f781-4e38-89cb-3552c159abcd,1.7773448420897513e+18
6c7fb8e3-f781-4e38-89cb-3552c159abcd,1.7773448421230943e+18
6c7fb8e3-f781-4e38-89cb-3552c159abcd,1.7773448421564362e+18
6c7fb8e3-f781-4e38-89cb-3552c159abcd,1.7773448421897782e+18
6c7fb8e3-f781-4e38-89cb-3552c159abcd,1.7773448422231212e+18
6c7fb8e3-f781-4e38-89cb-3552c159abcd,1.7773448422564634e+18
6c7fb8e3-f781-4e38-89cb-3552c159abcd,1.7773448422898063e+18
6c7fb8e3-f781-4e38-89cb-3552c159abcd,1.7773448423231483e+18
6c7fb8e3-f781-4e38-89cb-3552c159abcd,1.7773448423564913e+18
6c7fb8e3-f781-4e38-89cb-3552c159abcd,1.7773448423898332e+18
6c7fb8e3-f781-4e38-89cb-3552c159abcd,1.7773448424231762e+18
6c7fb8e3-f781-4e38-89cb-3552c159abcd,1.7773448424565181e+18
6c7fb8e3-f781-4e38-89cb-3552c159abcd,1.777344842489861e+18
6c7fb8e3-f781-4e38-89cb-3552c159abcd,1.7773448425232033e+18
6c7fb8e3-f781-4e38-89cb-3552c159abcd,1.7773448425565453e+18
6c7fb8e3-f781-4e38-89cb-3552c159abcd,1.7773448425898883e+18
6c7fb8e3-f781-4e38-89cb-3552c159abcd,1.7773448426232302e+18
6c7fb8e3-f781-4e38-89cb-3552c159abcd,1.7773448426565732e+18
6c7fb8e3-f781-4e38-89cb-3552c159abcd,1.7773448426899151e+18
6c7fb8e3-f781-4e38-89cb-3552c159abcd,1.7773448427232584e+18
6c7fb8e3-f781-4e38-89cb-3552c159abcd,1.7773448427566003e+18
6c7fb8e3-f781-4e38-89cb-3552c159abcd,1.7773448427899433e+18
6c7fb8e3-f781-4e38-89cb-3552c159abcd,1.7773448428232852e+18
6c7fb8e3-f781-4e38-89cb-3552c159abcd,1.7773448428566272e+18
6c7fb8e3-f781-4e38-89cb-3552c159abcd,1.7773448428899702e+18
6c7fb8e3-f781-4e38-89cb-3552c159abcd,1.777344842923312e+18
6c7fb8e3-f781-4e38-89cb-3552c159abcd,1.7773448429566554e+18
6c7fb8e3-f781-4e38-89cb-3552c159abcd,1.7773448429899973e+18
6c7fb8e3-f781-4e38-89cb-3552c159abcd,1.7773448430233403e+18
6c7fb8e3-f781-4e38-89cb-3552c159abcd,1.7773448430566822e+18
6c7fb8e3-f781-4e38-89cb-3552c159abcd,1.7773448430900252e+18
6c7fb8e3-f781-4e38-89cb-3552c159abcd,1.7773448431233672e+18
6c7fb8e3-f781-4e38-89cb-3552c159abcd,1.777344843156709e+18
6c7fb8e3-f781-4e38-89cb-3552c159abcd,1.7773448431900524e+18
6c7fb8e3-f781-4e38-89cb-3552c159abcd,1.7773448432233943e+18
6c7fb8e3-f781-4e38-89cb-3552c159abcd,1.7773448432567373e+18
6c7fb8e3-f781-4e38-89cb-3552c159abcd,1.7773448432900792e+18
6c7fb8e3-f781-4e38-89cb-3552c159abcd,1.7773448433234222e+18
6c7fb8e3-f781-4e38-89cb-3552c159abcd,1.7773448433567642e+18
6c7fb8e3-f781-4e38-89cb-3552c159abcd,1.7773448433901071e+18
6c7fb8e3-f781-4e38-89cb-3552c159abcd,1.7773448434234493e+18
6c7fb8e3-f781-4e38-89cb-3552c159abcd,1.7773448434567923e+18
6c7fb8e3-f781-4e38-89cb-3552c159abcd,1.7773448434901343e+18
6c7fb8e3-f781-4e38-89cb-3552c159abcd,1.7773448435234762e+18
6c7fb8e3-f781-4e38-89cb-3552c159abcd,1.7773448435568192e+18
6c7fb8e3-f781-4e38-89cb-3552c159abcd,1.7773448435901612e+18
6c7fb8e3-f781-4e38-89cb-3552c159abcd,1.7773448436235041e+18
6c7fb8e3-f781-4e38-89cb-3552c159abcd,1.7773448436568463e+18
6c7fb8e3-f781-4e38-89cb-3552c159abcd,1.7773448436901893e+18
6c7fb8e3-f781-4e38-89cb-3552c159abcd,1.7773448437235313e+18
6c7fb8e3-f781-4e38-89cb-3552c159abcd,1.7773448437568742e+18
6c7fb8e3-f781-4e38-89cb-3552c159abcd,1.7773448437902162e+18
6c7fb8e3-f781-4e38-89cb-3552c159abcd,1.7773448438235581e+18
6c7fb8e3-f781-4e38-89cb-3552c159abcd,1.777344843856901e+18
6c7fb8e3-f781-4e38-89cb-3552c159abcd,1.7773448438902433e+18
6c7fb8e3-f781-4e38-89cb-3552c159abcd,1.7773448439235863e+18
6c7fb8e3-f781-4e38-89cb-3552c159abcd,1.7773448439569283e+18
6c7fb8e3-f781-4e38-89cb-3552c159abcd,1.7773448439902712e+18
6c7fb8e3-f781-4e38-89cb-3552c159abcd,1.7773448440236132e+18
6c7fb8e3-f781-4e38-89cb-3552c159abcd,1.7773448440569562e+18
6c7fb8e3-f781-4e38-89cb-3552c159abcd,1.7773448440902984e+18
6c7fb8e3-f781-4e38-89cb-3552c159abcd,1.7773448441236403e+18
6c7fb8e3-f781-4e38-89cb-3552c159abcd,1.7773448441569833e+18
6c7fb8e3-f781-4e38-89cb-3552c159abcd,1.7773448441903252e+18
6c7fb8e3-f781-4e38-89cb-3552c159abcd,1.7773448442236682e+18
6c7fb8e3-f781-4e38-89cb-3552c159abcd,1.7773448442570102e+18
6c7fb8e3-f781-4e38-89cb-3552c159abcd,1.7773448442903532e+18
6c7fb8e3-f781-4e38-89cb-3552c159abcd,1.7773448443236954e+18
6c7fb8e3-f781-4e38-89cb-3552c159abcd,1.7773448443570383e+18
6c7fb8e3-f781-4e38-89cb-3552c159abcd,1.7773448443903803e+18
6c7fb8e3-f781-4e38-89cb-3552c159abcd,1.7773448444237233e+18
6c7fb8e3-f781-4e38-89cb-3552c159abcd,1.7773448444570652e+18
6c7fb8e3-f781-4e38-89cb-3552c159abcd,1.7773448444904072e+18
6c7fb8e3-f781-4e38-89cb-3552c159abcd,1.7773448445237501e+18
6c7fb8e3-f781-4e38-89cb-3552c159abcd,1.7773448445570924e+18
6c7fb8e3-f781-4e38-89cb-3552c159abcd,1.7773448445904353e+18
6c7fb8e3-f781-4e38-89cb-3552c159abcd,1.7773448446237773e+18
6c7fb8e3-f781-4e38-89cb-3552c159abcd,1.7773448446571203e+18
6c7fb8e3-f781-4e38-89cb-3552c159abcd,1.7773448446904622e+18
6c7fb8e3-f781-4e38-89cb-3552c159abcd,1.7773448447238042e+18
6c7fb8e3-f781-4e38-89cb-3552c159abcd,1.7773448447571471e+18
6c7fb8e3-f781-4e38-89cb-3552c159abcd,1.7773448447904893e+18
6c7fb8e3-f781-4e38-89cb-3552c159abcd,1.7773448448238323e+18
6c7fb8e3-f781-4e38-89cb-3552c159abcd,1.7773448448571743e+18
6c7fb8e3-f781-4e38-89cb-3552c159abcd,1.7773448448905172e+18
6c7fb8e3-f781-4e38-89cb-3552c159abcd,1.7773448449238592e+18
6c7fb8e3-f781-4e38-89cb-3552c159abcd,1.7773448449572022e+18
6c7fb8e3-f781-4e38-89cb-3552c159abcd,1.7773448449905441e+18
6c7fb8e3-f781-4e38-89cb-3552c159abcd,1.7773448450238874e+18
6c7fb8e3-f781-4e38-89cb-3552c159abcd,1.7773448450572293e+18
6c7fb8e3-f781-4e38-89cb-3552c159abcd,1.7773448450905713e+18
6c7fb8e3-f781-4e38-89cb-3552c159abcd,1.7773448451239142e+18
6c7fb8e3-f781-4e38-89cb-3552c159abcd,1.7773448451572562e+18
6c7fb8e3-f781-4e38-89cb-3552c159abcd,1.7773448451905992e+18
6c7fb8e3-f781-4e38-89cb-3552c159abcd,1.777344845223941e+18
6c7fb8e3-f781-4e38-89cb-3552c159abcd,1.7773448452572844e+18
6c7fb8e3-f781-4e38-89cb-3552c159abcd,1.7773448452906263e+18
6c7fb8e3-f781-4e38-89cb-3552c159abcd,1.7773448453239693e+18
6c7fb8e3-f781-4e38-89cb-3552c159abcd,1.7773448453573112e+18
6c7fb8e3-f781-4e38-89cb-3552c159abcd,1.7773448453906532e+18
6c7fb8e3-f781-4e38-89cb-3552c159abcd,1.7773448454239962e+18
6c7fb8e3-f781-4e38-89cb-3552c159abcd,1.7773448454573384e+18
6c7fb8e3-f781-4e38-89cb-3552c159abcd,1.7773448454906813e+18
6c7fb8e3-f781-4e38-89cb-3552c159abcd,1.7773448455240233e+18
6c7fb8e3-f781-4e38-89cb-3552c159abcd,1.7773448455573663e+18
6c7fb8e3-f781-4e38-89cb-3552c159abcd,1.7773448455907082e+18
6c7fb8e3-f781-4e38-89cb-3552c159abcd,1.7773448456240512e+18
6c7fb8e3-f781-4e38-89cb-3552c159abcd,1.7773448456573932e+18
6c7fb8e3-f781-4e38-89cb-3552c159abcd,1.7773448456907354e+18
6c7fb8e3-f781-4e38-89cb-3552c159abcd,1.7773448457240783e+18
6c7fb8e3-f781-4e38-89cb-3552c159abcd,1.7773448457574203e+18
6c7fb8e3-f781-4e38-89cb-3552c159abcd,1.7773448457907633e+18
6c7fb8e3-f781-4e38-89cb-3552c159abcd,1.7773448458241052e+18
6c7fb8e3-f781-4e38-89cb-3552c159abcd,1.7773448458574482e+18
6c7fb8e3-f781-4e38-89cb-3552c159abcd,1.7773448458907901e+18
6c7fb8e3-f781-4e38-89cb-3552c159abcd,1.777344845924133e+18
6c7fb8e3-f781-4e38-89cb-3552c159abcd,1.7773448459574753e+18
6c7fb8e3-f781-4e38-89cb-3552c159abcd,1.7773448459908173e+18
6c7fb8e3-f781-4e38-89cb-3552c159abcd,1.7773448460241603e+18
6c7fb8e3-f781-4e38-89cb-3552c159abcd,1.7773448460575022e+18
6c7fb8e3-f781-4e38-89cb-3552c159abcd,1.7773448460908452e+18
6c7fb8e3-f781-4e38-89cb-3552c159abcd,1.7773448461241871e+18
6c7fb8e3-f781-4e38-89cb-3552c159abcd,1.7773448461575304e+18
6c7fb8e3-f781-4e38-89cb-3552c159abcd,1.7773448461908723e+18
6c7fb8e3-f781-4e38-89cb-3552c159abcd,1.7773448462242153e+18
6c7fb8e3-f781-4e38-89cb-3552c159abcd,1.7773448462575572e+18
6c7fb8e3-f781-4e38-89cb-3552c159abcd,1.7773448462909002e+18
6c7fb8e3-f781-4e38-89cb-3552c159abcd,1.7773448463242422e+18
6c7fb8e3-f781-4e38-89cb-3552c159abcd,1.7773448463575841e+18
6c7fb8e3-f781-4e38-89cb-3552c159abcd,1.7773448463909274e+18
6c7fb8e3-f781-4e38-89cb-3552c159abcd,1.7773448464242693e+18
6c7fb8e3-f781-4e38-89cb-3552c159abcd,1.7773448464576123e+18
6c7fb8e3-f781-4e38-89cb-3552c159abcd,1.7773448464909542e+18
6c7fb8e3-f781-4e38-89cb-3552c159abcd,1.7773448465242972e+18
6c7fb8e3-f781-4e38-89cb-3552c159abcd,1.7773448465576392e+18
6c7fb8e3-f781-4e38-89cb-3552c159abcd,1.777344846590981e+18
6c7fb8e3-f781-4e38-89cb-3552c159abcd,1.7773448466243244e+18
6c7fb8e3-f781-4e38-89cb-3552c159abcd,1.7773448466576663e+18
6c7fb8e3-f781-4e38-89cb-3552c159abcd,1.7773448466910093e+18
6c7fb8e3-f781-4e38-89cb-3552c159abcd,1.7773448467243512e+18
6c7fb8e3-f781-4e38-89cb-3552c159abcd,1.7773448467576942e+18
6c7fb8e3-f781-4e38-89cb-3552c159abcd,1.7773448467910362e+18
6c7fb8e3-f781-4e38-89cb-3552c159abcd,1.7773448468243791e+18
6c7fb8e3-f781-4e38-89cb-3552c159abcd,1.7773448468577213e+18
6c7fb8e3-f781-4e38-89cb-3552c159abcd,1.7773448468910643e+18
6c7fb8e3-f781-4e38-89cb-3552c159abcd,1.7773448469244063e+18
6c7fb8e3-f781-4e38-89cb-3552c159abcd,1.7773448469577482e+18
6c7fb8e3-f781-4e38-89cb-3552c159abcd,1.7773448469910912e+18
6c7fb8e3-f781-4e38-89cb-3552c159abcd,1.7773448470244332e+18
6c7fb8e3-f781-4e38-89cb-3552c159abcd,1.777344847057776e+18
6c7fb8e3-f781-4e38-89cb-3552c159abcd,1.7773448470911183e+18
6c7fb8e3-f781-4e38-89cb-3552c159abcd,1.7773448471244613e+18
6c7fb8e3-f781-4e38-89cb-3552c159abcd,1.7773448471578033e+18
6c7fb8e3-f781-4e38-89cb-3552c159abcd,1.7773448471911462e+18
6c7fb8e3-f781-4e38-89cb-3552c159abcd,1.7773448472244882e+18
6c7fb8e3-f781-4e38-89cb-3552c159abcd,1.7773448472578301e+18
6c7fb8e3-f781-4e38-89cb-3552c159abcd,1.777344847291173e+18
6c7fb8e3-f781-4e38-89cb-3552c159abcd,1.7773448473245153e+18
6c7fb8e3-f781-4e38-89cb-3552c159abcd,1.7773448473578583e+18
6c7fb8e3-f781-4e38-89cb-3552c159abcd,1.7773448473912003e+18
6c7fb8e3-f781-4e38-89cb-3552c159abcd,1.7773448474245432e+18
6c7fb8e3-f781-4e38-89cb-3552c159abcd,1.7773448474578852e+18
6c7fb8e3-f781-4e38-89cb-3552c159abcd,1.7773448474912282e+18
6c7fb8e3-f781-4e38-89cb-3552c159abcd,1.7773448475245704e+18
6c7fb8e3-f781-4e38-89cb-3552c159abcd,1.7773448475579123e+18
6c7fb8e3-f781-4e38-89cb-3552c159abcd,1.7773448475912553e+18
6c7fb8e3-f781-4e38-89cb-3552c159abcd,1.7773448476245972e+18
6c7fb8e3-f781-4e38-89cb-3552c159abcd,1.7773448476579402e+18
6c7fb8e3-f781-4e38-89cb-3552c159abcd,1.7773448476912822e+18
6c7fb8e3-f781-4e38-89cb-3552c159abcd,1.7773448477246252e+18
6c7fb8e3-f781-4e38-89cb-3552c159abcd,1.7773448477579674e+18
6c7fb8e3-f781-4e38-89cb-3552c159abcd,1.7773448477913103e+18
6c7fb8e3-f781-4e38-89cb-3552c159abcd,1.7773448478246523e+18
6c7fb8e3-f781-4e38-89cb-3552c159abcd,1.7773448478579942e+18
6c7fb8e3-f781-4e38-89cb-3552c159abcd,1.7773448478913372e+18
6c7fb8e3-f781-4e38-89cb-3552c159abcd,1.7773448479246792e+18
6c7fb8e3-f781-4e38-89cb-3552c159abcd,1.7773448479580221e+18
6c7fb8e3-f781-4e38-89cb-3552c159abcd,1.7773448479913644e+18
6c7fb8e3-f781-4e38-89cb-3552c159abcd,1.7773448480247073e+18
6c7fb8e3-f781-4e38-89cb-3552c159abcd,1.7773448480580493e+18
6c7fb8e3-f781-4e38-89cb-3552c159abcd,1.7773448480913923e+18
6c7fb8e3-f781-4e38-89cb-3552c159abcd,1.7773448481247342e+18
6c7fb8e3-f781-4e38-89cb-3552c159abcd,1.7773448481580762e+18
6c7fb8e3-f781-4e38-89cb-3552c159abcd,1.7773448481914191e+18
6c7fb8e3-f781-4e38-89cb-3552c159abcd,1.7773448482247613e+18
6c7fb8e3-f781-4e38-89cb-3552c159abcd,1.7773448482581043e+18
6c7fb8e3-f781-4e38-89cb-3552c159abcd,1.7773448482914463e+18
6c7fb8e3-f781-4e38-89cb-3552c159abcd,1.7773448483247892e+18
6c7fb8e3-f781-4e38-89cb-3552c159abcd,1.7773448483581312e+18
6c7fb8e3-f781-4e38-89cb-3552c159abcd,1.7773448483914742e+18
6c7fb8e3-f781-4e38-89cb-3552c159abcd,1.777344848424816e+18
6c7fb8e3-f781-4e38-89cb-3552c159abcd,1.7773448484581583e+18
6c7fb8e3-f781-4e38-89cb-3552c159abcd,1.7773448484915013e+18
6c7fb8e3-f781-4e38-89cb-3552c159abcd,1.7773448485248433e+18
6c7fb8e3-f781-4e38-89cb-3552c159abcd,1.7773448485581862e+18
6c7fb8e3-f781-4e38-89cb-3552c159abcd,1.7773448485915282e+18
6c7fb8e3-f781-4e38-89cb-3552c159abcd,1.7773448486248712e+18
6c7fb8e3-f781-4e38-89cb-3552c159abcd,1.777344848658213e+18
6c7fb8e3-f781-4e38-89cb-3552c159abcd,1.7773448486915564e+18
6c7fb8e3-f781-4e38-89cb-3552c159abcd,1.7773448487248983e+18
6c7fb8e3-f781-4e38-89cb-3552c159abcd,1.7773448487582413e+18
6c7fb8e3-f781-4e38-89cb-3552c159abcd,1.7773448487915832e+18
6c7fb8e3-f781-4e38-89cb-3552c159abcd,1.7773448488249252e+18
6c7fb8e3-f781-4e38-89cb-3552c159abcd,1.7773448488582682e+18
6c7fb8e3-f781-4e38-89cb-3552c159abcd,1.7773448488916104e+18
6c7fb8e3-f781-4e38-89cb-3552c159abcd,1.7773448489249533e+18
6c7fb8e3-f781-4e38-89cb-3552c159abcd,1.7773448489582953e+18
6c7fb8e3-f781-4e38-89cb-3552c159abcd,1.7773448489916383e+18
6c7fb8e3-f781-4e38-89cb-3552c159abcd,1.7773448490249802e+18
6c7fb8e3-f781-4e38-89cb-3552c159abcd,1.7773448490583232e+18
6c7fb8e3-f781-4e38-89cb-3552c159abcd,1.7773448490916652e+18
6c7fb8e3-f781-4e38-89cb-3552c159abcd,1.7773448491250074e+18
6c7fb8e3-f781-4e38-89cb-3552c159abcd,1.7773448491583503e+18
6c7fb8e3-f781-4e38-89cb-3552c159abcd,1.7773448491916923e+18
6c7fb8e3-f781-4e38-89cb-3552c159abcd,1.7773448492250353e+18
6c7fb8e3-f781-4e38-89cb-3552c159abcd,1.7773448492583772e+18
6c7fb8e3-f781-4e38-89cb-3552c159abcd,1.7773448492917202e+18
6c7fb8e3-f781-4e38-89cb-3552c159abcd,1.7773448493250621e+18
6c7fb8e3-f781-4e38-89cb-3552c159abcd,1.777344849358405e+18
6c7fb8e3-f781-4e38-89cb-3552c159abcd,1.7773448493917473e+18
6c7fb8e3-f781-4e38-89cb-3552c159abcd,1.7773448494250893e+18
6c7fb8e3-f781-4e38-89cb-3552c159abcd,1.7773448494584323e+18
6c7fb8e3-f781-4e38-89cb-3552c159abcd,1.7773448494917742e+18
6c7fb8e3-f781-4e38-89cb-3552c159abcd,1.7773448495251172e+18
6c7fb8e3-f781-4e38-89cb-3552c159abcd,1.7773448495584591e+18
6c7fb8e3-f781-4e38-89cb-3552c159abcd,1.7773448495918024e+18
6c7fb8e3-f781-4e38-89cb-3552c159abcd,1.7773448496251443e+18
6c7fb8e3-f781-4e38-89cb-3552c159abcd,1.7773448496584873e+18
6c7fb8e3-f781-4e38-89cb-3552c159abcd,1.7773448496918292e+18
6c7fb8e3-f781-4e38-89cb-3552c159abcd,1.7773448497251712e+18
6c7fb8e3-f781-4e38-89cb-3552c159abcd,1.7773448497585142e+18
6c7fb8e3-f781-4e38-89cb-3552c159abcd,1.777344849791856e+18
6c7fb8e3-f781-4e38-89cb-3552c159abcd,1.7773448498251994e+18
6c7fb8e3-f781-4e38-89cb-3552c159abcd,1.7773448498585413e+18
6c7fb8e3-f781-4e38-89cb-3552c159abcd,1.7773448498918843e+18
6c7fb8e3-f781-4e38-89cb-3552c159abcd,1.7773448499252262e+18
6c7fb8e3-f781-4e38-89cb-3552c159abcd,1.7773448499585692e+18
6c7fb8e3-f781-4e38-89cb-3552c159abcd,1.7773448499919112e+18
6c7fb8e3-f781-4e38-89cb-3552c159abcd,1.777344850025253e+18
6c7fb8e3-f781-4e38-89cb-3552c159abcd,1.7773448500585964e+18
6c7fb8e3-f781-4e38-89cb-3552c159abcd,1.7773448500919383e+18
6c7fb8e3-f781-4e38-89cb-3552c159abcd,1.7773448501252813e+18
6c7fb8e3-f781-4e38-89cb-3552c159abcd,1.7773448501586232e+18
6c7fb8e3-f781-4e38-89cb-3552c159abcd,1.7773448501919662e+18
6c7fb8e3-f781-4e38-89cb-3552c159abcd,1.7773448502253082e+18
6c7fb8e3-f781-4e38-89cb-3552c159abcd,1.7773448502586511e+18
6c7fb8e3-f781-4e38-89cb-3552c159abcd,1.7773448502919933e+18
6c7fb8e3-f781-4e38-89cb-3552c159abcd,1.7773448503253353e+18
6c7fb8e3-f781-4e38-89cb-3552c159abcd,1.7773448503586783e+18
6c7fb8e3-f781-4e38-89cb-3552c159abcd,1.7773448503920202e+18
6c7fb8e3-f781-4e38-89cb-3552c159abcd,1.7773448504253632e+18
6c7fb8e3-f781-4e38-89cb-3552c159abcd,1.7773448504587052e+18
6c7fb8e3-f781-4e38-89cb-3552c159abcd,1.7773448504920481e+18
6c7fb8e3-f781-4e38-89cb-3552c159abcd,1.7773448505253903e+18
6c7fb8e3-f781-4e38-89cb-3552c159abcd,1.7773448505587333e+18
6c7fb8e3-f781-4e38-89cb-3552c159abcd,1.7773448505920753e+18
6c7fb8e3-f781-4e38-89cb-3552c159abcd,1.7773448506254182e+18
6c7fb8e3-f781-4e38-89cb-3552c159abcd,1.7773448506587602e+18
6c7fb8e3-f781-4e38-89cb-3552c159abcd,1.7773448506921021e+18
6c7fb8e3-f781-4e38-89cb-3552c159abcd,1.777344850725445e+18
6c7fb8e3-f781-4e38-89cb-3552c159abcd,1.7773448507587873e+18
6c7fb8e3-f781-4e38-89cb-3552c159abcd,1.7773448507921303e+18
6c7fb8e3-f781-4e38-89cb-3552c159abcd,1.7773448508254723e+18
6c7fb8e3-f781-4e38-89cb-3552c159abcd,1.7773448508588152e+18
6c7fb8e3-f781-4e38-89cb-3552c159abcd,1.7773448508921572e+18
6c7fb8e3-f781-4e38-89cb-3552c159abcd,1.7773448509255002e+18
6c7fb8e3-f781-4e38-89cb-3552c159abcd,1.7773448509588424e+18
6c7fb8e3-f781-4e38-89cb-3552c159abcd,1.7773448509921843e+18
6c7fb8e3-f781-4e38-89cb-3552c159abcd,1.7773448510255273e+18
6c7fb8e3-f781-4e38-89cb-3552c159abcd,1.7773448510588692e+18
6c7fb8e3-f781-4e38-89cb-3552c159abcd,1.7773448510922122e+18
6c7fb8e3-f781-4e38-89cb-3552c159abcd,1.7773448511255542e+18
6c7fb8e3-f781-4e38-89cb-3552c159abcd,1.7773448511588972e+18
6c7fb8e3-f781-4e38-89cb-3552c159abcd,1.7773448511922394e+18
6c7fb8e3-f781-4e38-89cb-3552c159abcd,1.7773448512255823e+18
6c7fb8e3-f781-4e38-89cb-3552c159abcd,1.7773448512589243e+18
6c7fb8e3-f781-4e38-89cb-3552c159abcd,1.7773448512922662e+18
6c7fb8e3-f781-4e38-89cb-3552c159abcd,1.7773448513256092e+18
6c7fb8e3-f781-4e38-89cb-3552c159abcd,1.7773448513589512e+18
6c7fb8e3-f781-4e38-89cb-3552c159abcd,1.7773448513922941e+18
6c7fb8e3-f781-4e38-89cb-3552c159abcd,1.7773448514256364e+18
6c7fb8e3-f781-4e38-89cb-3552c159abcd,1.7773448514589793e+18
6c7fb8e3-f781-4e38-89cb-3552c159abcd,1.7773448514923213e+18
6c7fb8e3-f781-4e38-89cb-3552c159abcd,1.7773448515256643e+18
6c7fb8e3-f781-4e38-89cb-3552c159abcd,1.7773448515590062e+18
6c7fb8e3-f781-4e38-89cb-3552c159abcd,1.7773448515923482e+18
6c7fb8e3-f781-4e38-89cb-3552c159abcd,1.7773448516256911e+18
6c7fb8e3-f781-4e38-89cb-3552c159abcd,1.7773448516590333e+18
6c7fb8e3-f781-4e38-89cb-3552c159abcd,1.7773448516923763e+18
6c7fb8e3-f781-4e38-89cb-3552c159abcd,1.7773448517257183e+18
6c7fb8e3-f781-4e38-89cb-3552c159abcd,1.7773448517590612e+18
6c7fb8e3-f781-4e38-89cb-3552c159abcd,1.7773448517924032e+18
6c7fb8e3-f781-4e38-89cb-3552c159abcd,1.7773448518257462e+18
6c7fb8e3-f781-4e38-89cb-3552c159abcd,1.7773448518590881e+18
6c7fb8e3-f781-4e38-89cb-3552c159abcd,1.7773448518924303e+18
6c7fb8e3-f781-4e38-89cb-3552c159abcd,1.7773448519257733e+18
6c7fb8e3-f781-4e38-89cb-3552c159abcd,1.7773448519591153e+18
6c7fb8e3-f781-4e38-89cb-3552c159abcd,1.7773448519924582e+18
6c7fb8e3-f781-4e38-89cb-3552c159abcd,1.7773448520258002e+18
6c7fb8e3-f781-4e38-89cb-3552c159abcd,1.7773448520591432e+18
6c7fb8e3-f781-4e38-89cb-3552c159abcd,1.777344852092485e+18
6c7fb8e3-f781-4e38-89cb-3552c159abcd,1.7773448521258284e+18
6c7fb8e3-f781-4e38-89cb-3552c159abcd,1.7773448521591703e+18
6c7fb8e3-f781-4e38-89cb-3552c159abcd,1.7773448521925123e+18
6c7fb8e3-f781-4e38-89cb-3552c159abcd,1.7773448522258552e+18
6c7fb8e3-f781-4e38-89cb-3552c159abcd,1.7773448522591972e+18
6c7fb8e3-f781-4e38-89cb-3552c159abcd,1.7773448522925402e+18
6c7fb8e3-f781-4e38-89cb-3552c159abcd,1.7773448523258824e+18
6c7fb8e3-f781-4e38-89cb-3552c159abcd,1.7773448523592253e+18
6c7fb8e3-f781-4e38-89cb-3552c159abcd,1.7773448523925673e+18
6c7fb8e3-f781-4e38-89cb-3552c159abcd,1.7773448524259103e+18
6c7fb8e3-f781-4e38-89cb-3552c159abcd,1.7773448524592522e+18
6c7fb8e3-f781-4e38-89cb-3552c159abcd,1.7773448524925952e+18
6c7fb8e3-f781-4e38-89cb-3552c159abcd,1.7773448525259372e+18
6c7fb8e3-f781-4e38-89cb-3552c159abcd,1.7773448525592794e+18
6c7fb8e3-f781-4e38-89cb-3552c159abcd,1.7773448525926223e+18
6c7fb8e3-f781-4e38-89cb-3552c159abcd,1.7773448526259643e+18
6c7fb8e3-f781-4e38-89cb-3552c159abcd,1.7773448526593073e+18
6c7fb8e3-f781-4e38-89cb-3552c159abcd,1.7773448526926492e+18
6c7fb8e3-f781-4e38-89cb-3552c159abcd,1.7773448527259922e+18
6c7fb8e3-f781-4e38-89cb-3552c159abcd,1.7773448527593341e+18
6c7fb8e3-f781-4e38-89cb-3552c159abcd,1.777344852792677e+18
6c7fb8e3-f781-4e38-89cb-3552c159abcd,1.7773448528260193e+18
6c7fb8e3-f781-4e38-89cb-3552c159abcd,1.7773448528593613e+18
6c7fb8e3-f781-4e38-89cb-3552c159abcd,1.7773448528927043e+18
6c7fb8e3-f781-4e38-89cb-3552c159abcd,1.7773448529260462e+18
6c7fb8e3-f781-4e38-89cb-3552c159abcd,1.7773448529593892e+18
6c7fb8e3-f781-4e38-89cb-3552c159abcd,1.7773448529927311e+18
6c7fb8e3-f781-4e38-89cb-3552c159abcd,1.7773448530260744e+18
6c7fb8e3-f781-4e38-89cb-3552c159abcd,1.7773448530594163e+18
6c7fb8e3-f781-4e38-89cb-3552c159abcd,1.7773448530927593e+18
6c7fb8e3-f781-4e38-89cb-3552c159abcd,1.7773448531261012e+18
6c7fb8e3-f781-4e38-89cb-3552c159abcd,1.7773448531594432e+18
6c7fb8e3-f781-4e38-89cb-3552c159abcd,1.7773448531927862e+18
6c7fb8e3-f781-4e38-89cb-3552c159abcd,1.7773448532261281e+18
6c7fb8e3-f781-4e38-89cb-3552c159abcd,1.7773448532594714e+18
6c7fb8e3-f781-4e38-89cb-3552c159abcd,1.7773448532928133e+18
6c7fb8e3-f781-4e38-89cb-3552c159abcd,1.7773448533261563e+18
6c7fb8e3-f781-4e38-89cb-3552c159abcd,1.7773448533594982e+18
6c7fb8e3-f781-4e38-89cb-3552c159abcd,1.7773448533928412e+18
6c7fb8e3-f781-4e38-89cb-3552c159abcd,1.7773448534261832e+18
6c7fb8e3-f781-4e38-89cb-3552c159abcd,1.777344853459525e+18
6c7fb8e3-f781-4e38-89cb-3552c159abcd,1.7773448534928684e+18
6c7fb8e3-f781-4e38-89cb-3552c159abcd,1.7773448535262103e+18
6c7fb8e3-f781-4e38-89cb-3552c159abcd,1.7773448535595533e+18
6c7fb8e3-f781-4e38-89cb-3552c159abcd,1.7773448535928952e+18
6c7fb8e3-f781-4e38-89cb-3552c159abcd,1.7773448536262382e+18
6c7fb8e3-f781-4e38-89cb-3552c159abcd,1.7773448536595802e+18
6c7fb8e3-f781-4e38-89cb-3552c159abcd,1.7773448536929231e+18
6c7fb8e3-f781-4e38-89cb-3552c159abcd,1.7773448537262653e+18
6c7fb8e3-f781-4e38-89cb-3552c159abcd,1.7773448537596083e+18
6c7fb8e3-f781-4e38-89cb-3552c159abcd,1.7773448537929503e+18
6c7fb8e3-f781-4e38-89cb-3552c159abcd,1.7773448538262922e+18
6c7fb8e3-f781-4e38-89cb-3552c159abcd,1.7773448538596352e+18
6c7fb8e3-f781-4e38-89cb-3552c159abcd,1.7773448538929772e+18
6c7fb8e3-f781-4e38-89cb-3552c159abcd,1.77734485392632e+18
6c7fb8e3-f781-4e38-89cb-3552c159abcd,1.7773448539596623e+18
6c7fb8e3-f781-4e38-89cb-3552c159abcd,1.7773448539930053e+18
6c7fb8e3-f781-4e38-89cb-3552c159abcd,1.7773448540263473e+18
6c7fb8e3-f781-4e38-89cb-3552c159abcd,1.7773448540596892e+18
6c7fb8e3-f781-4e38-89cb-3552c159abcd,1.7773448540930322e+18
6c7fb8e3-f781-4e38-89cb-3552c159abcd,1.7773448541263741e+18
6c7fb8e3-f781-4e38-89cb-3552c159abcd,1.777344854159717e+18
6c7fb8e3-f781-4e38-89cb-3552c159abcd,1.7773448541930593e+18
6c7fb8e3-f781-4e38-89cb-3552c159abcd,1.7773448542264023e+18
6c7fb8e3-f781-4e38-89cb-3552c159abcd,1.7773448542597443e+18
6c7fb8e3-f781-4e38-89cb-3552c159abcd,1.7773448542930872e+18
6c7fb8e3-f781-4e38-89cb-3552c159abcd,1.7773448543264292e+18
6c7fb8e3-f781-4e38-89cb-3552c159abcd,1.7773448543597722e+18
6c7fb8e3-f781-4e38-89cb-3552c159abcd,1.7773448543931144e+18
6c7fb8e3-f781-4e38-89cb-3552c159abcd,1.7773448544264563e+18
6c7fb8e3-f781-4e38-89cb-3552c159abcd,1.7773448544597993e+18
6c7fb8e3-f781-4e38-89cb-3552c159abcd,1.7773448544931412e+18
6c7fb8e3-f781-4e38-89cb-3552c159abcd,1.7773448545264842e+18
6c7fb8e3-f781-4e38-89cb-3552c159abcd,1.7773448545598262e+18
6c7fb8e3-f781-4e38-89cb-3552c159abcd,1.7773448545931692e+18
6c7fb8e3-f781-4e38-89cb-3552c159abcd,1.7773448546265114e+18
6c7fb8e3-f781-4e38-89cb-3552c159abcd,1.7773448546598543e+18
6c7fb8e3-f781-4e38-89cb-3552c159abcd,1.7773448546931963e+18
6c7fb8e3-f781-4e38-89cb-3552c159abcd,1.7773448547265382e+18
6c7fb8e3-f781-4e38-89cb-3552c159abcd,1.7773448547598812e+18
6c7fb8e3-f781-4e38-89cb-3552c159abcd,1.7773448547932232e+18
6c7fb8e3-f781-4e38-89cb-3552c159abcd,1.7773448548265661e+18
6c7fb8e3-f781-4e38-89cb-3552c159abcd,1.7773448548599084e+18
6c7fb8e3-f781-4e38-89cb-3552c159abcd,1.7773448548932513e+18
6c7fb8e3-f781-4e38-89cb-3552c159abcd,1.7773448549265933e+18
6c7fb8e3-f781-4e38-89cb-3552c159abcd,1.7773448549599363e+18
6c7fb8e3-f781-4e38-89cb-3552c159abcd,1.7773448549932782e+18
6c7fb8e3-f781-4e38-89cb-3552c159abcd,1.7773448550266202e+18
6c7fb8e3-f781-4e38-89cb-3552c159abcd,1.7773448550599631e+18
6c7fb8e3-f781-4e38-89cb-3552c159abcd,1.7773448550933053e+18
6c7fb8e3-f781-4e38-89cb-3552c159abcd,1.7773448551266483e+18
6c7fb8e3-f781-4e38-89cb-3552c159abcd,1.7773448551599903e+18
6c7fb8e3-f781-4e38-89cb-3552c159abcd,1.7773448551933332e+18
6c7fb8e3-f781-4e38-89cb-3552c159abcd,1.7773448552266752e+18
6c7fb8e3-f781-4e38-89cb-3552c159abcd,1.7773448552600182e+18
6c7fb8e3-f781-4e38-89cb-3552c159abcd,1.77734485529336e+18
6c7fb8e3-f781-4e38-89cb-3552c159abcd,1.7773448553267023e+18
6c7fb8e3-f781-4e38-89cb-3552c159abcd,1.7773448553600453e+18
6c7fb8e3-f781-4e38-89cb-3552c159abcd,1.7773448553933873e+18
6c7fb8e3-f781-4e38-89cb-3552c159abcd,1.7773448554267302e+18
6c7fb8e3-f781-4e38-89cb-3552c159abcd,1.7773448554600722e+18
6c7fb8e3-f781-4e38-89cb-3552c159abcd,1.7773448554934152e+18
6c7fb8e3-f781-4e38-89cb-3552c159abcd,1.777344855526757e+18
6c7fb8e3-f781-4e38-89cb-3552c159abcd,1.7773448555601004e+18
6c7fb8e3-f781-4e38-89cb-3552c159abcd,1.7773448555934423e+18
6c7fb8e3-f781-4e38-89cb-3552c159abcd,1.7773448556267853e+18
6c7fb8e3-f781-4e38-89cb-3552c159abcd,1.7773448556601272e+18
6c7fb8e3-f781-4e38-89cb-3552c159abcd,1.7773448556934692e+18
6c7fb8e3-f781-4e38-89cb-3552c159abcd,1.7773448557268122e+18
6c7fb8e3-f781-4e38-89cb-3552c159abcd,1.7773448557601544e+18
6c7fb8e3-f781-4e38-89cb-3552c159abcd,1.7773448557934973e+18
6c7fb8e3-f781-4e38-89cb-3552c159abcd,1.7773448558268393e+18
6c7fb8e3-f781-4e38-89cb-3552c159abcd,1.7773448558601823e+18
6c7fb8e3-f781-4e38-89cb-3552c159abcd,1.7773448558935242e+18
6c7fb8e3-f781-4e38-89cb-3552c159abcd,1.7773448559268662e+18
6c7fb8e3-f781-4e38-89cb-3552c159abcd,1.7773448559602092e+18
6c7fb8e3-f781-4e38-89cb-3552c159abcd,1.7773448559935514e+18
6c7fb8e3-f781-4e38-89cb-3552c159abcd,1.7773448560268943e+18
6c7fb8e3-f781-4e38-89cb-3552c159abcd,1.7773448560602363e+18
6c7fb8e3-f781-4e38-89cb-3552c159abcd,1.7773448560935793e+18
6c7fb8e3-f781-4e38-89cb-3552c159abcd,1.7773448561269212e+18
6c7fb8e3-f781-4e38-89cb-3552c159abcd,1.7773448561602642e+18
6c7fb8e3-f781-4e38-89cb-3552c159abcd,1.7773448561936061e+18
6c7fb8e3-f781-4e38-89cb-3552c159abcd,1.777344856226949e+18
6c7fb8e3-f781-4e38-89cb-3552c159abcd,1.7773448562602913e+18
6c7fb8e3-f781-4e38-89cb-3552c159abcd,1.7773448562936333e+18
6c7fb8e3-f781-4e38-89cb-3552c159abcd,1.7773448563269763e+18
6c7fb8e3-f781-4e38-89cb-3552c159abcd,1.7773448563603182e+18
6c7fb8e3-f781-4e38-89cb-3552c159abcd,1.7773448563936612e+18
6c7fb8e3-f781-4e38-89cb-3552c159abcd,1.7773448564270031e+18
6c7fb8e3-f781-4e38-89cb-3552c159abcd,1.7773448564603464e+18
6c7fb8e3-f781-4e38-89cb-3552c159abcd,1.7773448564936883e+18
6c7fb8e3-f781-4e38-89cb-3552c159abcd,1.7773448565270313e+18
6c7fb8e3-f781-4e38-89cb-3552c159abcd,1.7773448565603732e+18
6c7fb8e3-f781-4e38-89cb-3552c159abcd,1.7773448565937152e+18
6c7fb8e3-f781-4e38-89cb-3552c159abcd,1.7773448566270582e+18
6c7fb8e3-f781-4e38-89cb-3552c159abcd,1.7773448566604e+18
6c7fb8e3-f781-4e38-89cb-3552c159abcd,1.7773448566937434e+18
6c7fb8e3-f781-4e38-89cb-3552c159abcd,1.7773448567270853e+18
6c7fb8e3-f781-4e38-89cb-3552c159abcd,1.7773448567604283e+18
6c7fb8e3-f781-4e38-89cb-3552c159abcd,1.7773448567937702e+18
6c7fb8e3-f781-4e38-89cb-3552c159abcd,1.7773448568271132e+18
6c7fb8e3-f781-4e38-89cb-3552c159abcd,1.7773448568604552e+18
6c7fb8e3-f781-4e38-89cb-3552c159abcd,1.777344856893797e+18
6c7fb8e3-f781-4e38-89cb-3552c159abcd,1.7773448569271404e+18
6c7fb8e3-f781-4e38-89cb-3552c159abcd,1.7773448569604823e+18
6c7fb8e3-f781-4e38-89cb-3552c159abcd,1.7773448569938253e+18
6c7fb8e3-f781-4e38-89cb-3552c159abcd,1.7773448570271672e+18
6c7fb8e3-f781-4e38-89cb-3552c159abcd,1.7773448570605102e+18
6c7fb8e3-f781-4e38-89cb-3552c159abcd,1.7773448570938522e+18
6c7fb8e3-f781-4e38-89cb-3552c159abcd,1.7773448571271951e+18
6c7fb8e3-f781-4e38-89cb-3552c159abcd,1.7773448571605373e+18
6c7fb8e3-f781-4e38-89cb-3552c159abcd,1.7773448571938793e+18
6c7fb8e3-f781-4e38-89cb-3552c159abcd,1.7773448572272223e+18
6c7fb8e3-f781-4e38-89cb-3552c159abcd,1.7773448572605642e+18
6c7fb8e3-f781-4e38-89cb-3552c159abcd,1.7773448572939072e+18
6c7fb8e3-f781-4e38-89cb-3552c159abcd,1.7773448573272492e+18
6c7fb8e3-f781-4e38-89cb-3552c159abcd,1.7773448573605921e+18
6c7fb8e3-f781-4e38-89cb-3552c159abcd,1.7773448573939343e+18
6c7fb8e3-f781-4e38-89cb-3552c159abcd,1.7773448574272773e+18
6c7fb8e3-f781-4e38-89cb-3552c159abcd,1.7773448574606193e+18
6c7fb8e3-f781-4e38-89cb-3552c159abcd,1.7773448574939612e+18
6c7fb8e3-f781-4e38-89cb-3552c159abcd,1.7773448575273042e+18
6c7fb8e3-f781-4e38-89cb-3552c159abcd,1.7773448575606461e+18
6c7fb8e3-f781-4e38-89cb-3552c159abcd,1.777344857593989e+18
6c7fb8e3-f781-4e38-89cb-3552c159abcd,1.7773448576273313e+18
6c7fb8e3-f781-4e38-89cb-3552c159abcd,1.7773448576606743e+18
6c7fb8e3-f781-4e38-89cb-3552c159abcd,1.7773448576940163e+18
6c7fb8e3-f781-4e38-89cb-3552c159abcd,1.7773448577273592e+18
6c7fb8e3-f781-4e38-89cb-3552c159abcd,1.7773448577607012e+18
6c7fb8e3-f781-4e38-89cb-3552c159abcd,1.7773448577940431e+18
6c7fb8e3-f781-4e38-89cb-3552c159abcd,1.7773448578273864e+18
6c7fb8e3-f781-4e38-89cb-3552c159abcd,1.7773448578607283e+18
6c7fb8e3-f781-4e38-89cb-3552c159abcd,1.7773448578940713e+18
6c7fb8e3-f781-4e38-89cb-3552c159abcd,1.7773448579274132e+18
6c7fb8e3-f781-4e38-89cb-3552c159abcd,1.7773448579607562e+18
6c7fb8e3-f781-4e38-89cb-3552c159abcd,1.7773448579940982e+18
6c7fb8e3-f781-4e38-89cb-3552c159abcd,1.7773448580274412e+18
6c7fb8e3-f781-4e38-89cb-3552c159abcd,1.7773448580607834e+18
6c7fb8e3-f781-4e38-89cb-3552c159abcd,1.7773448580941263e+18
6c7fb8e3-f781-4e38-89cb-3552c159abcd,1.7773448581274683e+18
6c7fb8e3-f781-4e38-89cb-3552c159abcd,1.7773448581608102e+18
6c7fb8e3-f781-4e38-89cb-3552c159abcd,1.7773448581941532e+18
6c7fb8e3-f781-4e38-89cb-3552c159abcd,1.7773448582274952e+18
6c7fb8e3-f781-4e38-89cb-3552c159abcd,1.7773448582608381e+18
6c7fb8e3-f781-4e38-89cb-3552c159abcd,1.7773448582941804e+18
6c7fb8e3-f781-4e38-89cb-3552c159abcd,1.7773448583275233e+18
6c7fb8e3-f781-4e38-89cb-3552c159abcd,1.7773448583608653e+18
6c7fb8e3-f781-4e38-89cb-3552c159abcd,1.7773448583942083e+18
6c7fb8e3-f781-4e38-89cb-3552c159abcd,1.7773448584275502e+18
6c7fb8e3-f781-4e38-89cb-3552c159abcd,1.7773448584608922e+18
6c7fb8e3-f781-4e38-89cb-3552c159abcd,1.7773448584942351e+18
6c7fb8e3-f781-4e38-89cb-3552c159abcd,1.7773448585275773e+18
6c7fb8e3-f781-4e38-89cb-3552c159abcd,1.7773448585609203e+18
6c7fb8e3-f781-4e38-89cb-3552c159abcd,1.7773448585942623e+18
6c7fb8e3-f781-4e38-89cb-3552c159abcd,1.7773448586276052e+18
6c7fb8e3-f781-4e38-89cb-3552c159abcd,1.7773448586609472e+18
6c7fb8e3-f781-4e38-89cb-3552c159abcd,1.7773448586942902e+18
6c7fb8e3-f781-4e38-89cb-3552c159abcd,1.7773448587276321e+18
6c7fb8e3-f781-4e38-89cb-3552c159abcd,1.7773448587609754e+18
6c7fb8e3-f781-4e38-89cb-3552c159abcd,1.7773448587943173e+18
6c7fb8e3-f781-4e38-89cb-3552c159abcd,1.7773448588276593e+18
6c7fb8e3-f781-4e38-89cb-3552c159abcd,1.7773448588610022e+18
6c7fb8e3-f781-4e38-89cb-3552c159abcd,1.7773448588943442e+18
6c7fb8e3-f781-4e38-89cb-3552c159abcd,1.7773448589276872e+18
6c7fb8e3-f781-4e38-89cb-3552c159abcd,1.777344858961029e+18
6c7fb8e3-f781-4e38-89cb-3552c159abcd,1.7773448589943724e+18
6c7fb8e3-f781-4e38-89cb-3552c159abcd,1.7773448590277143e+18
6c7fb8e3-f781-4e38-89cb-3552c159abcd,1.7773448590610573e+18
6c7fb8e3-f781-4e38-89cb-3552c159abcd,1.7773448590943992e+18
6c7fb8e3-f781-4e38-89cb-3552c159abcd,1.7773448591277412e+18
6c7fb8e3-f781-4e38-89cb-3552c159abcd,1.7773448591610842e+18
6c7fb8e3-f781-4e38-89cb-3552c159abcd,1.7773448591944264e+18
6c7fb8e3-f781-4e38-89cb-3552c159abcd,1.7773448592277693e+18
6c7fb8e3-f781-4e38-89cb-3552c159abcd,1.7773448592611113e+18
6c7fb8e3-f781-4e38-89cb-3552c159abcd,1.7773448592944543e+18
6c7fb8e3-f781-4e38-89cb-3552c159abcd,1.7773448593277962e+18
6c7fb8e3-f781-4e38-89cb-3552c159abcd,1.7773448593611392e+18
6c7fb8e3-f781-4e38-89cb-3552c159abcd,1.7773448593944812e+18
6c7fb8e3-f781-4e38-89cb-3552c159abcd,1.7773448594278234e+18
6c7fb8e3-f781-4e38-89cb-3552c159abcd,1.7773448594611663e+18
6c7fb8e3-f781-4e38-89cb-3552c159abcd,1.7773448594945083e+18
6c7fb8e3-f781-4e38-89cb-3552c159abcd,1.7773448595278513e+18
6c7fb8e3-f781-4e38-89cb-3552c159abcd,1.7773448595611932e+18
6c7fb8e3-f781-4e38-89cb-3552c159abcd,1.7773448595945362e+18
6c7fb8e3-f781-4e38-89cb-3552c159abcd,1.7773448596278781e+18
6c7fb8e3-f781-4e38-89cb-3552c159abcd,1.777344859661221e+18
6c7fb8e3-f781-4e38-89cb-3552c159abcd,1.7773448596945633e+18
6c7fb8e3-f781-4e38-89cb-3552c159abcd,1.7773448597279053e+18
6c7fb8e3-f781-4e38-89cb-3552c159abcd,1.7773448597612483e+18
6c7fb8e3-f781-4e38-89cb-3552c159abcd,1.7773448597945902e+18
6c7fb8e3-f781-4e38-89cb-3552c159abcd,1.7773448598279332e+18
6c7fb8e3-f781-4e38-89cb-3552c159abcd,1.7773448598612751e+18
6c7fb8e3-f781-4e38-89cb-3552c159abcd,1.7773448598946184e+18
6c7fb8e3-f781-4e38-89cb-3552c159abcd,1.7773448599279603e+18
6c7fb8e3-f781-4e38-89cb-3552c159abcd,1.7773448599613033e+18
6c7fb8e3-f781-4e38-89cb-3552c159abcd,1.7773448599946452e+18
6c7fb8e3-f781-4e38-89cb-3552c159abcd,1.7773448600279872e+18
6c7fb8e3-f781-4e38-89cb-3552c159abcd,1.7773448600613302e+18
6c7fb8e3-f781-4e38-89cb-3552c159abcd,1.7773448600946721e+18
6c7fb8e3-f781-4e38-89cb-3552c159abcd,1.7773448601280154e+18
6c7fb8e3-f781-4e38-89cb-3552c159abcd,1.7773448601613573e+18
6c7fb8e3-f781-4e38-89cb-3552c159abcd,1.7773448601947003e+18
6c7fb8e3-f781-4e38-89cb-3552c159abcd,1.7773448602280422e+18
6c7fb8e3-f781-4e38-89cb-3552c159abcd,1.7773448602613852e+18
6c7fb8e3-f781-4e38-89cb-3552c159abcd,1.7773448602947272e+18
6c7fb8e3-f781-4e38-89cb-3552c159abcd,1.777344860328069e+18
6c7fb8e3-f781-4e38-89cb-3552c159abcd,1.7773448603614124e+18
6c7fb8e3-f781-4e38-89cb-3552c159abcd,1.7773448603947543e+18
6c7fb8e3-f781-4e38-89cb-3552c159abcd,1.7773448604280973e+18
6c7fb8e3-f781-4e38-89cb-3552c159abcd,1.7773448604614392e+18
6c7fb8e3-f781-4e38-89cb-3552c159abcd,1.7773448604947822e+18
6c7fb8e3-f781-4e38-89cb-3552c159abcd,1.7773448605281242e+18
6c7fb8e3-f781-4e38-89cb-3552c159abcd,1.7773448605614671e+18
6c7fb8e3-f781-4e38-89cb-3552c159abcd,1.7773448605948093e+18
6c7fb8e3-f781-4e38-89cb-3552c159abcd,1.7773448606281523e+18
6c7fb8e3-f781-4e38-89cb-3552c159abcd,1.7773448606614943e+18
6c7fb8e3-f781-4e38-89cb-3552c159abcd,1.7773448606948362e+18
6c7fb8e3-f781-4e38-89cb-3552c159abcd,1.7773448607281792e+18
6c7fb8e3-f781-4e38-89cb-3552c159abcd,1.7773448607615212e+18
6c7fb8e3-f781-4e38-89cb-3552c159abcd,1.777344860794864e+18
6c7fb8e3-f781-4e38-89cb-3552c159abcd,1.7773448608282063e+18
6c7fb8e3-f781-4e38-89cb-3552c159abcd,1.7773448608615493e+18
6c7fb8e3-f781-4e38-89cb-3552c159abcd,1.7773448608948913e+18
6c7fb8e3-f781-4e38-89cb-3552c159abcd,1.7773448609282342e+18
6c7fb8e3-f781-4e38-89cb-3552c159abcd,1.7773448609615762e+18
6c7fb8e3-f781-4e38-89cb-3552c159abcd,1.7773448609949181e+18
6c7fb8e3-f781-4e38-89cb-3552c159abcd,1.777344861028261e+18
6c7fb8e3-f781-4e38-89cb-3552c159abcd,1.7773448610616033e+18
6c7fb8e3-f781-4e38-89cb-3552c159abcd,1.7773448610949463e+18
6c7fb8e3-f781-4e38-89cb-3552c159abcd,1.7773448611282883e+18
6c7fb8e3-f781-4e38-89cb-3552c159abcd,1.7773448611616312e+18
6c7fb8e3-f781-4e38-89cb-3552c159abcd,1.7773448611949732e+18
6c7fb8e3-f781-4e38-89cb-3552c159abcd,1.7773448612283162e+18
6c7fb8e3-f781-4e38-89cb-3552c159abcd,1.7773448612616584e+18
6c7fb8e3-f781-4e38-89cb-3552c159abcd,1.7773448612950003e+18
6c7fb8e3-f781-4e38-89cb-3552c159abcd,1.7773448613296911e+18
6c7fb8e3-f781-4e38-89cb-3552c159abcd,1.7773448613630344e+18
6c7fb8e3-f781-4e38-89cb-3552c159abcd,1.7773448613963773e+18
6c7fb8e3-f781-4e38-89cb-3552c159abcd,1.7773448614297193e+18
6c7fb8e3-f781-4e38-89cb-3552c159abcd,1.7773448614630623e+18
6c7fb8e3-f781-4e38-89cb-3552c159abcd,1.7773448614964042e+18
6c7fb8e3-f781-4e38-89cb-3552c159abcd,1.7773448615297472e+18
6c7fb8e3-f781-4e38-89cb-3552c159abcd,1.7773448615630902e+18
6c7fb8e3-f781-4e38-89cb-3552c159abcd,1.7773448615964321e+18
6c7fb8e3-f781-4e38-89cb-3552c159abcd,1.7773448616297754e+18
6c7fb8e3-f781-4e38-89cb-3552c159abcd,1.7773448616631183e+18
6c7fb8e3-f781-4e38-89cb-3552c159abcd,1.7773448616964603e+18
6c7fb8e3-f781-4e38-89cb-3552c159abcd,1.7773448617298033e+18
6c7fb8e3-f781-4e38-89cb-3552c159abcd,1.7773448617631462e+18
6c7fb8e3-f781-4e38-89cb-3552c159abcd,1.7773448617964882e+18
6c7fb8e3-f781-4e38-89cb-3552c159abcd,1.7773448618298312e+18
6c7fb8e3-f781-4e38-89cb-3552c159abcd,1.7773448618631741e+18
6c7fb8e3-f781-4e38-89cb-3552c159abcd,1.7773448618965164e+18
6c7fb8e3-f781-4e38-89cb-3552c159abcd,1.7773448619298593e+18
6c7fb8e3-f781-4e38-89cb-3552c159abcd,1.7773448619632023e+18
6c7fb8e3-f781-4e38-89cb-3552c159abcd,1.7773448619965443e+18
6c7fb8e3-f781-4e38-89cb-3552c159abcd,1.7773448620298872e+18
6c7fb8e3-f781-4e38-89cb-3552c159abcd,1.7773448620632292e+18
6c7fb8e3-f781-4e38-89cb-3552c159abcd,1.7773448620965722e+18
6c7fb8e3-f781-4e38-89cb-3552c159abcd,1.7773448621299151e+18
6c7fb8e3-f781-4e38-89cb-3552c159abcd,1.7773448621632573e+18
6c7fb8e3-f781-4e38-89cb-3552c159abcd,1.7773448621966003e+18
6c7fb8e3-f781-4e38-89cb-3552c159abcd,1.7773448622299433e+18
6c7fb8e3-f781-4e38-89cb-3552c159abcd,1.7773448622632852e+18
6c7fb8e3-f781-4e38-89cb-3552c159abcd,1.7773448622966282e+18
6c7fb8e3-f781-4e38-89cb-3552c159abcd,1.7773448623299712e+18
6c7fb8e3-f781-4e38-89cb-3552c159abcd,1.7773448623633132e+18
6c7fb8e3-f781-4e38-89cb-3552c159abcd,1.777344862396656e+18
6c7fb8e3-f781-4e38-89cb-3552c159abcd,1.7773448624299994e+18
6c7fb8e3-f781-4e38-89cb-3552c159abcd,1.7773448624633413e+18
6c7fb8e3-f781-4e38-89cb-3552c159abcd,1.7773448624966843e+18
6c7fb8e3-f781-4e38-89cb-3552c159abcd,1.7773448625300262e+18
6c7fb8e3-f781-4e38-89cb-3552c159abcd,1.7773448625633692e+18
6c7fb8e3-f781-4e38-89cb-3552c159abcd,1.7773448625967122e+18
6c7fb8e3-f781-4e38-89cb-3552c159abcd,1.7773448626300541e+18
6c7fb8e3-f781-4e38-89cb-3552c159abcd,1.777344862663397e+18
6c7fb8e3-f781-4e38-89cb-3552c159abcd,1.7773448626967404e+18
6c7fb8e3-f781-4e38-89cb-3552c159abcd,1.7773448627300823e+18
6c7fb8e3-f781-4e38-89cb-3552c159abcd,1.7773448627634253e+18
6c7fb8e3-f781-4e38-89cb-3552c159abcd,1.7773448627967683e+18
6c7fb8e3-f781-4e38-89cb-3552c159abcd,1.7773448628301102e+18
6c7fb8e3-f781-4e38-89cb-3552c159abcd,1.7773448628634532e+18
6c7fb8e3-f781-4e38-89cb-3552c159abcd,1.7773448628967951e+18
6c7fb8e3-f781-4e38-89cb-3552c159abcd,1.7773448629301384e+18
6c7fb8e3-f781-4e38-89cb-3552c159abcd,1.7773448629634813e+18
6c7fb8e3-f781-4e38-89cb-3552c159abcd,1.7773448629968233e+18
6c7fb8e3-f781-4e38-89cb-3552c159abcd,1.7773448630301663e+18
6c7fb8e3-f781-4e38-89cb-3552c159abcd,1.7773448630635092e+18
6c7fb8e3-f781-4e38-89cb-3552c159abcd,1.7773448630968512e+18
6c7fb8e3-f781-4e38-89cb-3552c159abcd,1.7773448631301942e+18
6c7fb8e3-f781-4e38-89cb-3552c159abcd,1.7773448631635372e+18
6c7fb8e3-f781-4e38-89cb-3552c159abcd,1.7773448631968794e+18
6c7fb8e3-f781-4e38-89cb-3552c159abcd,1.7773448632302223e+18
6c7fb8e3-f781-4e38-89cb-3552c159abcd,1.7773448632635653e+18
6c7fb8e3-f781-4e38-89cb-3552c159abcd,1.7773448632969073e+18
6c7fb8e3-f781-4e38-89cb-3552c159abcd,1.7773448633302502e+18
6c7fb8e3-f781-4e38-89cb-3552c159abcd,1.7773448633635922e+18
6c7fb8e3-f781-4e38-89cb-3552c159abcd,1.7773448633969352e+18
6c7fb8e3-f781-4e38-89cb-3552c159abcd,1.7773448634302781e+18
6c7fb8e3-f781-4e38-89cb-3552c159abcd,1.7773448634636204e+18
6c7fb8e3-f781-4e38-89cb-3552c159abcd,1.7773448634969633e+18
6c7fb8e3-f781-4e38-89cb-3552c159abcd,1.7773448635303063e+18
6c7fb8e3-f781-4e38-89cb-3552c159abcd,1.7773448635636483e+18
6c7fb8e3-f781-4e38-89cb-3552c159abcd,1.7773448635969912e+18
6c7fb8e3-f781-4e38-89cb-3552c159abcd,1.7773448636303342e+18
6c7fb8e3-f781-4e38-89cb-3552c159abcd,1.7773448636636762e+18
6c7fb8e3-f781-4e38-89cb-3552c159abcd,1.7773448636970191e+18
6c7fb8e3-f781-4e38-89cb-3552c159abcd,1.7773448637303624e+18
6c7fb8e3-f781-4e38-89cb-3552c159abcd,1.7773448637637043e+18
6c7fb8e3-f781-4e38-89cb-3552c159abcd,1.7773448637970473e+18
6c7fb8e3-f781-4e38-89cb-3552c159abcd,1.7773448638303892e+18
6c7fb8e3-f781-4e38-89cb-3552c159abcd,1.7773448638637322e+18
6c7fb8e3-f781-4e38-89cb-3552c159abcd,1.7773448638970752e+18
6c7fb8e3-f781-4e38-89cb-3552c159abcd,1.7773448639304172e+18
6c7fb8e3-f781-4e38-89cb-3552c159abcd,1.77734486396376e+18
6c7fb8e3-f781-4e38-89cb-3552c159abcd,1.7773448639971034e+18
6c7fb8e3-f781-4e38-89cb-3552c159abcd,1.7773448640304453e+18
6c7fb8e3-f781-4e38-89cb-3552c159abcd,1.7773448640637883e+18
6c7fb8e3-f781-4e38-89cb-3552c159abcd,1.7773448640971313e+18
6c7fb8e3-f781-4e38-89cb-3552c159abcd,1.7773448641304732e+18
6c7fb8e3-f781-4e38-89cb-3552c159abcd,1.7773448641638162e+18
6c7fb8e3-f781-4e38-89cb-3552c159abcd,1.7773448641971581e+18
6c7fb8e3-f781-4e38-89cb-3552c159abcd,1.777344864230501e+18
6c7fb8e3-f781-4e38-89cb-3552c159abcd,1.7773448642638444e+18
6c7fb8e3-f781-4e38-89cb-3552c159abcd,1.7773448642971863e+18
6c7fb8e3-f781-4e38-89cb-3552c159abcd,1.7773448643305293e+18
6c7fb8e3-f781-4e38-89cb-3552c159abcd,1.7773448643638723e+18
6c7fb8e3-f781-4e38-89cb-3552c159abcd,1.7773448643972142e+18
6c7fb8e3-f781-4e38-89cb-3552c159abcd,1.7773448644305572e+18
6c7fb8e3-f781-4e38-89cb-3552c159abcd,1.7773448644639002e+18
6c7fb8e3-f781-4e38-89cb-3552c159abcd,1.7773448644972424e+18
6c7fb8e3-f781-4e38-89cb-3552c159abcd,1.7773448645305853e+18
6c7fb8e3-f781-4e38-89cb-3552c159abcd,1.7773448645639283e+18
6c7fb8e3-f781-4e38-89cb-3552c159abcd,1.7773448645972703e+18
6c7fb8e3-f781-4e38-89cb-3552c159abcd,1.7773448646306132e+18
6c7fb8e3-f781-4e38-89cb-3552c159abcd,1.7773448646639562e+18
6c7fb8e3-f781-4e38-89cb-3552c159abcd,1.7773448646972982e+18
6c7fb8e3-f781-4e38-89cb-3552c159abcd,1.7773448647306412e+18
6c7fb8e3-f781-4e38-89cb-3552c159abcd,1.7773448647639834e+18
6c7fb8e3-f781-4e38-89cb-3552c159abcd,1.7773448647973263e+18
6c7fb8e3-f781-4e38-89cb-3552c159abcd,1.7773448648306693e+18
6c7fb8e3-f781-4e38-89cb-3552c159abcd,1.7773448648640113e+18
6c7fb8e3-f781-4e38-89cb-3552c159abcd,1.7773448648973542e+18
6c7fb8e3-f781-4e38-89cb-3552c159abcd,1.7773448649306972e+18
6c7fb8e3-f781-4e38-89cb-3552c159abcd,1.7773448649640392e+18
6c7fb8e3-f781-4e38-89cb-3552c159abcd,1.7773448649973821e+18
6c7fb8e3-f781-4e38-89cb-3552c159abcd,1.777344865030725e+18
6c7fb8e3-f781-4e38-89cb-3552c159abcd,1.7773448650640673e+18
6c7fb8e3-f781-4e38-89cb-3552c159abcd,1.7773448650974103e+18
6c7fb8e3-f781-4e38-89cb-3552c159abcd,1.7773448651307523e+18
6c7fb8e3-f781-4e38-89cb-3552c159abcd,1.7773448651640952e+18
6c7fb8e3-f781-4e38-89cb-3552c159abcd,1.7773448651974382e+18
6c7fb8e3-f781-4e38-89cb-3552c159abcd,1.7773448652307802e+18
6c7fb8e3-f781-4e38-89cb-3552c159abcd,1.7773448652641231e+18
6c7fb8e3-f781-4e38-89cb-3552c159abcd,1.7773448652974664e+18
6c7fb8e3-f781-4e38-89cb-3552c159abcd,1.7773448653308083e+18
6c7fb8e3-f781-4e38-89cb-3552c159abcd,1.7773448653641513e+18
6c7fb8e3-f781-4e38-89cb-3552c159abcd,1.7773448653974943e+18
6c7fb8e3-f781-4e38-89cb-3552c159abcd,1.7773448654308362e+18
6c7fb8e3-f781-4e38-89cb-3552c159abcd,1.7773448654641792e+18
6c7fb8e3-f781-4e38-89cb-3552c159abcd,1.7773448654975222e+18
6c7fb8e3-f781-4e38-89cb-3552c159abcd,1.777344865530864e+18
6c7fb8e3-f781-4e38-89cb-3552c159abcd,1.7773448655642074e+18
6c7fb8e3-f781-4e38-89cb-3552c159abcd,1.7773448655975493e+18
6c7fb8e3-f781-4e38-89cb-3552c159abcd,1.7773448656308923e+18
6c7fb8e3-f781-4e38-89cb-3552c159abcd,1.7773448656642353e+18
6c7fb8e3-f781-4e38-89cb-3552c159abcd,1.7773448656975772e+18
6c7fb8e3-f781-4e38-89cb-3552c159abcd,1.7773448657309202e+18
6c7fb8e3-f781-4e38-89cb-3552c159abcd,1.7773448657642632e+18
6c7fb8e3-f781-4e38-89cb-3552c159abcd,1.777344865797605e+18
6c7fb8e3-f781-4e38-89cb-3552c159abcd,1.7773448658309484e+18
6c7fb8e3-f781-4e38-89cb-3552c159abcd,1.7773448658642913e+18
6c7fb8e3-f781-4e38-89cb-3552c159abcd,1.7773448658976333e+18
6c7fb8e3-f781-4e38-89cb-3552c159abcd,1.7773448659309763e+18
6c7fb8e3-f781-4e38-89cb-3552c159abcd,1.7773448659643192e+18
6c7fb8e3-f781-4e38-89cb-3552c159abcd,1.7773448659976612e+18
6c7fb8e3-f781-4e38-89cb-3552c159abcd,1.7773448660310042e+18
6c7fb8e3-f781-4e38-89cb-3552c159abcd,1.7773448660643464e+18
6c7fb8e3-f781-4e38-89cb-3552c159abcd,1.7773448660976893e+18
6c7fb8e3-f781-4e38-89cb-3552c159abcd,1.7773448661310323e+18
6c7fb8e3-f781-4e38-89cb-3552c159abcd,1.7773448661643743e+18
6c7fb8e3-f781-4e38-89cb-3552c159abcd,1.7773448661977172e+18
6c7fb8e3-f781-4e38-89cb-3552c159abcd,1.7773448662310602e+18
6c7fb8e3-f781-4e38-89cb-3552c159abcd,1.7773448662644022e+18
6c7fb8e3-f781-4e38-89cb-3552c159abcd,1.7773448662977452e+18
6c7fb8e3-f781-4e38-89cb-3552c159abcd,1.7773448663310881e+18
6c7fb8e3-f781-4e38-89cb-3552c159abcd,1.7773448663644303e+18
6c7fb8e3-f781-4e38-89cb-3552c159abcd,1.7773448663977733e+18
6c7fb8e3-f781-4e38-89cb-3552c159abcd,1.7773448664311163e+18
6c7fb8e3-f781-4e38-89cb-3552c159abcd,1.7773448664644582e+18
6c7fb8e3-f781-4e38-89cb-3552c159abcd,1.7773448664978012e+18
6c7fb8e3-f781-4e38-89cb-3552c159abcd,1.7773448665311432e+18
6c7fb8e3-f781-4e38-89cb-3552c159abcd,1.7773448665644861e+18
6c7fb8e3-f781-4e38-89cb-3552c159abcd,1.777344866597829e+18
6c7fb8e3-f781-4e38-89cb-3552c159abcd,1.7773448666311713e+18
6c7fb8e3-f781-4e38-89cb-3552c159abcd,1.7773448666645143e+18
6c7fb8e3-f781-4e38-89cb-3552c159abcd,1.7773448666978573e+18
6c7fb8e3-f781-4e38-89cb-3552c159abcd,1.7773448667311992e+18
6c7fb8e3-f781-4e38-89cb-3552c159abcd,1.7773448667645422e+18
6c7fb8e3-f781-4e38-89cb-3552c159abcd,1.7773448667978852e+18
6c7fb8e3-f781-4e38-89cb-3552c159abcd,1.7773448668312271e+18
6c7fb8e3-f781-4e38-89cb-3552c159abcd,1.7773448668645704e+18
6c7fb8e3-f781-4e38-89cb-3552c159abcd,1.7773448668979133e+18
6c7fb8e3-f781-4e38-89cb-3552c159abcd,1.7773448669312553e+18
6c7fb8e3-f781-4e38-89cb-3552c159abcd,1.7773448669645983e+18
6c7fb8e3-f781-4e38-89cb-3552c159abcd,1.7773448669979402e+18
6c7fb8e3-f781-4e38-89cb-3552c159abcd,1.7773448670312832e+18
6c7fb8e3-f781-4e38-89cb-3552c159abcd,1.7773448670646262e+18
6c7fb8e3-f781-4e38-89cb-3552c159abcd,1.777344867097968e+18
6c7fb8e3-f781-4e38-89cb-3552c159abcd,1.7773448671313114e+18
6c7fb8e3-f781-4e38-89cb-3552c159abcd,1.7773448671646543e+18
6c7fb8e3-f781-4e38-89cb-3552c159abcd,1.7773448671979963e+18
6c7fb8e3-f781-4e38-89cb-3552c159abcd,1.7773448672313393e+18
6c7fb8e3-f781-4e38-89cb-3552c159abcd,1.7773448672646822e+18
6c7fb8e3-f781-4e38-89cb-3552c159abcd,1.7773448672980242e+18
6c7fb8e3-f781-4e38-89cb-3552c159abcd,1.7773448673313672e+18
6c7fb8e3-f781-4e38-89cb-3552c159abcd,1.7773448673647101e+18
6c7fb8e3-f781-4e38-89cb-3552c159abcd,1.7773448673980524e+18
6c7fb8e3-f781-4e38-89cb-3552c159abcd,1.7773448674313953e+18
6c7fb8e3-f781-4e38-89cb-3552c159abcd,1.7773448674647373e+18
6c7fb8e3-f781-4e38-89cb-3552c159abcd,1.7773448674980803e+18
6c7fb8e3-f781-4e38-89cb-3552c159abcd,1.7773448675314232e+18
6c7fb8e3-f781-4e38-89cb-3552c159abcd,1.7773448675647652e+18
6c7fb8e3-f781-4e38-89cb-3552c159abcd,1.7773448675981082e+18
6c7fb8e3-f781-4e38-89cb-3552c159abcd,1.7773448676314511e+18
6c7fb8e3-f781-4e38-89cb-3552c159abcd,1.7773448676647933e+18
6c7fb8e3-f781-4e38-89cb-3552c159abcd,1.7773448676981363e+18
6c7fb8e3-f781-4e38-89cb-3552c159abcd,1.7773448677314793e+18
6c7fb8e3-f781-4e38-89cb-3552c159abcd,1.7773448677648212e+18
6c7fb8e3-f781-4e38-89cb-3552c159abcd,1.7773448677981642e+18
6c7fb8e3-f781-4e38-89cb-3552c159abcd,1.7773448678315072e+18
6c7fb8e3-f781-4e38-89cb-3552c159abcd,1.7773448678648492e+18
6c7fb8e3-f781-4e38-89cb-3552c159abcd,1.7773448678981921e+18
6c7fb8e3-f781-4e38-89cb-3552c159abcd,1.7773448679315343e+18
6c7fb8e3-f781-4e38-89cb-3552c159abcd,1.7773448679648773e+18
6c7fb8e3-f781-4e38-89cb-3552c159abcd,1.7773448679982203e+18
6c7fb8e3-f781-4e38-89cb-3552c159abcd,1.7773448680315622e+18
6c7fb8e3-f781-4e38-89cb-3552c159abcd,1.7773448680649052e+18
6c7fb8e3-f781-4e38-89cb-3552c159abcd,1.7773448680982482e+18
6c7fb8e3-f781-4e38-89cb-3552c159abcd,1.7773448681315901e+18
6c7fb8e3-f781-4e38-89cb-3552c159abcd,1.777344868164933e+18
6c7fb8e3-f781-4e38-89cb-3552c159abcd,1.7773448681982764e+18
6c7fb8e3-f781-4e38-89cb-3552c159abcd,1.7773448682316183e+18
6c7fb8e3-f781-4e38-89cb-3552c159abcd,1.7773448682649613e+18
6c7fb8e3-f781-4e38-89cb-3552c159abcd,1.7773448682983043e+18
6c7fb8e3-f781-4e38-89cb-3552c159abcd,1.7773448683316462e+18
6c7fb8e3-f781-4e38-89cb-3552c159abcd,1.7773448683649892e+18
6c7fb8e3-f781-4e38-89cb-3552c159abcd,1.7773448683983311e+18
6c7fb8e3-f781-4e38-89cb-3552c159abcd,1.7773448684316744e+18
6c7fb8e3-f781-4e38-89cb-3552c159abcd,1.7773448684650173e+18
6c7fb8e3-f781-4e38-89cb-3552c159abcd,1.7773448684983593e+18
6c7fb8e3-f781-4e38-89cb-3552c159abcd,1.7773448685317023e+18
6c7fb8e3-f781-4e38-89cb-3552c159abcd,1.7773448685650452e+18
6c7fb8e3-f781-4e38-89cb-3552c159abcd,1.7773448685983872e+18
6c7fb8e3-f781-4e38-89cb-3552c159abcd,1.7773448686317302e+18
6c7fb8e3-f781-4e38-89cb-3552c159abcd,1.7773448686650732e+18
6c7fb8e3-f781-4e38-89cb-3552c159abcd,1.7773448686984154e+18
6c7fb8e3-f781-4e38-89cb-3552c159abcd,1.7773448687317583e+18
6c7fb8e3-f781-4e38-89cb-3552c159abcd,1.7773448687651013e+18
6c7fb8e3-f781-4e38-89cb-3552c159abcd,1.7773448687984433e+18
6c7fb8e3-f781-4e38-89cb-3552c159abcd,1.7773448688317862e+18
6c7fb8e3-f781-4e38-89cb-3552c159abcd,1.7773448688651282e+18
6c7fb8e3-f781-4e38-89cb-3552c159abcd,1.7773448688984712e+18
6c7fb8e3-f781-4e38-89cb-3552c159abcd,1.7773448689318141e+18
6c7fb8e3-f781-4e38-89cb-3552c159abcd,1.7773448689651564e+18
6c7fb8e3-f781-4e38-89cb-3552c159abcd,1.7773448689984993e+18
6c7fb8e3-f781-4e38-89cb-3552c159abcd,1.7773448690318423e+18
6c7fb8e3-f781-4e38-89cb-3552c159abcd,1.7773448690651843e+18
6c7fb8e3-f781-4e38-89cb-3552c159abcd,1.7773448690985272e+18
6c7fb8e3-f781-4e38-89cb-3552c159abcd,1.7773448691318702e+18
6c7fb8e3-f781-4e38-89cb-3552c159abcd,1.7773448691652122e+18
6c7fb8e3-f781-4e38-89cb-3552c159abcd,1.7773448691985551e+18
6c7fb8e3-f781-4e38-89cb-3552c159abcd,1.7773448692318973e+18
6c7fb8e3-f781-4e38-89cb-3552c159abcd,1.7773448692652403e+18
6c7fb8e3-f781-4e38-89cb-3552c159abcd,1.7773448692985833e+18
6c7fb8e3-f781-4e38-89cb-3552c159abcd,1.7773448693319252e+18
6c7fb8e3-f781-4e38-89cb-3552c159abcd,1.7773448693652682e+18
6c7fb8e3-f781-4e38-89cb-3552c159abcd,1.7773448693986112e+18
6c7fb8e3-f781-4e38-89cb-3552c159abcd,1.7773448694319532e+18
6c7fb8e3-f781-4e38-89cb-3552c159abcd,1.7773448694652961e+18
6c7fb8e3-f781-4e38-89cb-3552c159abcd,1.7773448694986394e+18
6c7fb8e3-f781-4e38-89cb-3552c159abcd,1.7773448695319813e+18
6c7fb8e3-f781-4e38-89cb-3552c159abcd,1.7773448695653243e+18
6c7fb8e3-f781-4e38-89cb-3552c159abcd,1.7773448695986673e+18
6c7fb8e3-f781-4e38-89cb-3552c159abcd,1.7773448696320092e+18
6c7fb8e3-f781-4e38-89cb-3552c159abcd,1.7773448696653522e+18
6c7fb8e3-f781-4e38-89cb-3552c159abcd,1.7773448696986941e+18
6c7fb8e3-f781-4e38-89cb-3552c159abcd,1.777344869732037e+18
6c7fb8e3-f781-4e38-89cb-3552c159abcd,1.7773448697653804e+18
6c7fb8e3-f781-4e38-89cb-3552c159abcd,1.7773448697987223e+18
6c7fb8e3-f781-4e38-89cb-3552c159abcd,1.7773448698320653e+18
6c7fb8e3-f781-4e38-89cb-3552c159abcd,1.7773448698654083e+18
6c7fb8e3-f781-4e38-89cb-3552c159abcd,1.7773448698987502e+18
6c7fb8e3-f781-4e38-89cb-3552c159abcd,1.7773448699320932e+18
6c7fb8e3-f781-4e38-89cb-3552c159abcd,1.7773448699654362e+18
6c7fb8e3-f781-4e38-89cb-3552c159abcd,1.7773448699987784e+18
6c7fb8e3-f781-4e38-89cb-3552c159abcd,1.7773448700321213e+18
6c7fb8e3-f781-4e38-89cb-3552c159abcd,1.7773448700654633e+18
6c7fb8e3-f781-4e38-89cb-3552c159abcd,1.7773448700988063e+18
6c7fb8e3-f781-4e38-89cb-3552c159abcd,1.7773448701321492e+18
6c7fb8e3-f781-4e38-89cb-3552c159abcd,1.7773448701654912e+18
6c7fb8e3-f781-4e38-89cb-3552c159abcd,1.7773448701988342e+18
6c7fb8e3-f781-4e38-89cb-3552c159abcd,1.7773448702321772e+18
6c7fb8e3-f781-4e38-89cb-3552c159abcd,1.7773448702655194e+18
6c7fb8e3-f781-4e38-89cb-3552c159abcd,1.7773448702988623e+18
6c7fb8e3-f781-4e38-89cb-3552c159abcd,1.7773448703322053e+18
6c7fb8e3-f781-4e38-89cb-3552c159abcd,1.7773448703655473e+18
6c7fb8e3-f781-4e38-89cb-3552c159abcd,1.7773448703988902e+18
6c7fb8e3-f781-4e38-89cb-3552c159abcd,1.7773448704322332e+18
6c7fb8e3-f781-4e38-89cb-3552c159abcd,1.7773448704655752e+18
6c7fb8e3-f781-4e38-89cb-3552c159abcd,1.7773448704989181e+18
6c7fb8e3-f781-4e38-89cb-3552c159abcd,1.777344870532261e+18
6c7fb8e3-f781-4e38-89cb-3552c159abcd,1.7773448705656033e+18
6c7fb8e3-f781-4e38-89cb-3552c159abcd,1.7773448705989463e+18
6c7fb8e3-f781-4e38-89cb-3552c159abcd,1.7773448706322883e+18
6c7fb8e3-f781-4e38-89cb-3552c159abcd,1.7773448706656312e+18
6c7fb8e3-f781-4e38-89cb-3552c159abcd,1.7773448706989742e+18
6c7fb8e3-f781-4e38-89cb-3552c159abcd,1.7773448707323162e+18
6c7fb8e3-f781-4e38-89cb-3552c159abcd,1.7773448707656591e+18
6c7fb8e3-f781-4e38-89cb-3552c159abcd,1.7773448707990024e+18
6c7fb8e3-f781-4e38-89cb-3552c159abcd,1.7773448708323443e+18
6c7fb8e3-f781-4e38-89cb-3552c159abcd,1.7773448708656873e+18
6c7fb8e3-f781-4e38-89cb-3552c159abcd,1.7773448708990303e+18
6c7fb8e3-f781-4e38-89cb-3552c159abcd,1.7773448709323722e+18
6c7fb8e3-f781-4e38-89cb-3552c159abcd,1.7773448709657152e+18
6c7fb8e3-f781-4e38-89cb-3552c159abcd,1.7773448709990572e+18
6c7fb8e3-f781-4e38-89cb-3552c159abcd,1.7773448710324001e+18
6c7fb8e3-f781-4e38-89cb-3552c159abcd,1.7773448710657434e+18
6c7fb8e3-f781-4e38-89cb-3552c159abcd,1.7773448710990853e+18
6c7fb8e3-f781-4e38-89cb-3552c159abcd,1.7773448711324283e+18
6c7fb8e3-f781-4e38-89cb-3552c159abcd,1.7773448711657713e+18
6c7fb8e3-f781-4e38-89cb-3552c159abcd,1.7773448711991132e+18
6c7fb8e3-f781-4e38-89cb-3552c159abcd,1.7773448712324562e+18
6c7fb8e3-f781-4e38-89cb-3552c159abcd,1.7773448712657992e+18
6c7fb8e3-f781-4e38-89cb-3552c159abcd,1.777344871299141e+18
6c7fb8e3-f781-4e38-89cb-3552c159abcd,1.7773448713324844e+18
6c7fb8e3-f781-4e38-89cb-3552c159abcd,1.7773448713658273e+18
6c7fb8e3-f781-4e38-89cb-3552c159abcd,1.7773448713991693e+18
6c7fb8e3-f781-4e38-89cb-3552c159abcd,1.7773448714325123e+18
6c7fb8e3-f781-4e38-89cb-3552c159abcd,1.7773448714658552e+18
6c7fb8e3-f781-4e38-89cb-3552c159abcd,1.7773448714991972e+18
6c7fb8e3-f781-4e38-89cb-3552c159abcd,1.7773448715325402e+18
6c7fb8e3-f781-4e38-89cb-3552c159abcd,1.7773448715658824e+18
6c7fb8e3-f781-4e38-89cb-3552c159abcd,1.7773448715992253e+18
6c7fb8e3-f781-4e38-89cb-3552c159abcd,1.7773448716325683e+18
6c7fb8e3-f781-4e38-89cb-3552c159abcd,1.7773448716659103e+18
6c7fb8e3-f781-4e38-89cb-3552c159abcd,1.7773448716992532e+18
6c7fb8e3-f781-4e38-89cb-3552c159abcd,1.7773448717325962e+18
6c7fb8e3-f781-4e38-89cb-3552c159abcd,1.7773448717659382e+18
6c7fb8e3-f781-4e38-89cb-3552c159abcd,1.7773448717992812e+18
6c7fb8e3-f781-4e38-89cb-3552c159abcd,1.777344871832624e+18
6c7fb8e3-f781-4e38-89cb-3552c159abcd,1.7773448718659663e+18
6c7fb8e3-f781-4e38-89cb-3552c159abcd,1.7773448718993093e+18
6c7fb8e3-f781-4e38-89cb-3552c159abcd,1.7773448719326513e+18
6c7fb8e3-f781-4e38-89cb-3552c159abcd,1.7773448719659942e+18
6c7fb8e3-f781-4e38-89cb-3552c159abcd,1.7773448719993372e+18
6c7fb8e3-f781-4e38-89cb-3552c159abcd,1.7773448720326792e+18
6c7fb8e3-f781-4e38-89cb-3552c159abcd,1.7773448720660221e+18
6c7fb8e3-f781-4e38-89cb-3552c159abcd,1.777344872099365e+18
6c7fb8e3-f781-4e38-89cb-3552c159abcd,1.7773448721327073e+18
6c7fb8e3-f781-4e38-89cb-3552c159abcd,1.7773448721660503e+18
6c7fb8e3-f781-4e38-89cb-3552c159abcd,1.7773448721993933e+18
6c7fb8e3-f781-4e38-89cb-3552c159abcd,1.7773448722327352e+18
6c7fb8e3-f781-4e38-89cb-3552c159abcd,1.7773448722660782e+18
6c7fb8e3-f781-4e38-89cb-3552c159abcd,1.7773448722994212e+18
6c7fb8e3-f781-4e38-89cb-3552c159abcd,1.7773448723327631e+18
6c7fb8e3-f781-4e38-89cb-3552c159abcd,1.7773448723661064e+18
6c7fb8e3-f781-4e38-89cb-3552c159abcd,1.7773448723994483e+18
6c7fb8e3-f781-4e38-89cb-3552c159abcd,1.7773448724327913e+18
6c7fb8e3-f781-4e38-89cb-3552c159abcd,1.7773448724661343e+18
6c7fb8e3-f781-4e38-89cb-3552c159abcd,1.7773448724994762e+18
6c7fb8e3-f781-4e38-89cb-3552c159abcd,1.7773448725328192e+18
6c7fb8e3-f781-4e38-89cb-3552c159abcd,1.7773448725661622e+18
6c7fb8e3-f781-4e38-89cb-3552c159abcd,1.7773448725995041e+18
6c7fb8e3-f781-4e38-89cb-3552c159abcd,1.7773448726328474e+18
6c7fb8e3-f781-4e38-89cb-3552c159abcd,1.7773448726661903e+18
6c7fb8e3-f781-4e38-89cb-3552c159abcd,1.7773448726995323e+18
6c7fb8e3-f781-4e38-89cb-3552c159abcd,1.7773448727328753e+18
6c7fb8e3-f781-4e38-89cb-3552c159abcd,1.7773448727662182e+18
6c7fb8e3-f781-4e38-89cb-3552c159abcd,1.7773448727995602e+18
6c7fb8e3-f781-4e38-89cb-3552c159abcd,1.7773448728329032e+18
6c7fb8e3-f781-4e38-89cb-3552c159abcd,1.777344872866245e+18
6c7fb8e3-f781-4e38-89cb-3552c159abcd,1.7773448728995884e+18
6c7fb8e3-f781-4e38-89cb-3552c159abcd,1.7773448729329313e+18
6c7fb8e3-f781-4e38-89cb-3552c159abcd,1.7773448729662733e+18
6c7fb8e3-f781-4e38-89cb-3552c159abcd,1.7773448729996163e+18
6c7fb8e3-f781-4e38-89cb-3552c159abcd,1.7773448730329592e+18
6c7fb8e3-f781-4e38-89cb-3552c159abcd,1.7773448730663012e+18
6c7fb8e3-f781-4e38-89cb-3552c159abcd,1.7773448730996442e+18
6c7fb8e3-f781-4e38-89cb-3552c159abcd,1.7773448731329871e+18
6c7fb8e3-f781-4e38-89cb-3552c159abcd,1.7773448731663293e+18
6c7fb8e3-f781-4e38-89cb-3552c159abcd,1.7773448731996723e+18
6c7fb8e3-f781-4e38-89cb-3552c159abcd,1.7773448732330153e+18
6c7fb8e3-f781-4e38-89cb-3552c159abcd,1.7773448732663572e+18
6c7fb8e3-f781-4e38-89cb-3552c159abcd,1.7773448732997002e+18
6c7fb8e3-f781-4e38-89cb-3552c159abcd,1.7773448733330422e+18
6c7fb8e3-f781-4e38-89cb-3552c159abcd,1.7773448733663852e+18
6c7fb8e3-f781-4e38-89cb-3552c159abcd,1.777344873399728e+18
6c7fb8e3-f781-4e38-89cb-3552c159abcd,1.7773448734330703e+18
6c7fb8e3-f781-4e38-89cb-3552c159abcd,1.7773448734664133e+18
6c7fb8e3-f781-4e38-89cb-3552c159abcd,1.7773448734997563e+18
6c7fb8e3-f781-4e38-89cb-3552c159abcd,1.7773448735330982e+18
6c7fb8e3-f781-4e38-89cb-3552c159abcd,1.7773448735664412e+18
6c7fb8e3-f781-4e38-89cb-3552c159abcd,1.7773448735997842e+18
6c7fb8e3-f781-4e38-89cb-3552c159abcd,1.7773448736331261e+18
6c7fb8e3-f781-4e38-89cb-3552c159abcd,1.777344873666469e+18
6c7fb8e3-f781-4e38-89cb-3552c159abcd,1.7773448736998124e+18
6c7fb8e3-f781-4e38-89cb-3552c159abcd,1.7773448737331543e+18
6c7fb8e3-f781-4e38-89cb-3552c159abcd,1.7773448737664973e+18
6c7fb8e3-f781-4e38-89cb-3552c159abcd,1.7773448737998392e+18
6c7fb8e3-f781-4e38-89cb-3552c159abcd,1.7773448738331822e+18
6c7fb8e3-f781-4e38-89cb-3552c159abcd,1.7773448738665252e+18
6c7fb8e3-f781-4e38-89cb-3552c159abcd,1.7773448738998671e+18
6c7fb8e3-f781-4e38-89cb-3552c159abcd,1.7773448739332104e+18
6c7fb8e3-f781-4e38-89cb-3552c159abcd,1.7773448739665533e+18
6c7fb8e3-f781-4e38-89cb-3552c159abcd,1.7773448739998953e+18
6c7fb8e3-f781-4e38-89cb-3552c159abcd,1.7773448740332383e+18
6c7fb8e3-f781-4e38-89cb-3552c159abcd,1.7773448740665812e+18
6c7fb8e3-f781-4e38-89cb-3552c159abcd,1.7773448740999232e+18
6c7fb8e3-f781-4e38-89cb-3552c159abcd,1.7773448741332662e+18
6c7fb8e3-f781-4e38-89cb-3552c159abcd,1.7773448741666081e+18
6c7fb8e3-f781-4e38-89cb-3552c159abcd,1.7773448741999514e+18
6c7fb8e3-f781-4e38-89cb-3552c159abcd,1.7773448742332943e+18
6c7fb8e3-f781-4e38-89cb-3552c159abcd,1.7773448742666363e+18
6c7fb8e3-f781-4e38-89cb-3552c159abcd,1.7773448742999793e+18
6c7fb8e3-f781-4e38-89cb-3552c159abcd,1.7773448743333222e+18
6c7fb8e3-f781-4e38-89cb-3552c159abcd,1.7773448743666642e+18
6c7fb8e3-f781-4e38-89cb-3552c159abcd,1.7773448744000072e+18
6c7fb8e3-f781-4e38-89cb-3552c159abcd,1.7773448744333501e+18
6c7fb8e3-f781-4e38-89cb-3552c159abcd,1.7773448744666924e+18
6c7fb8e3-f781-4e38-89cb-3552c159abcd,1.7773448745000353e+18
6c7fb8e3-f781-4e38-89cb-3552c159abcd,1.7773448745333783e+18
6c7fb8e3-f781-4e38-89cb-3552c159abcd,1.7773448745667203e+18
6c7fb8e3-f781-4e38-89cb-3552c159abcd,1.7773448746000632e+18
6c7fb8e3-f781-4e38-89cb-3552c159abcd,1.7773448746334062e+18
6c7fb8e3-f781-4e38-89cb-3552c159abcd,1.7773448746667482e+18
6c7fb8e3-f781-4e38-89cb-3552c159abcd,1.7773448747000911e+18
6c7fb8e3-f781-4e38-89cb-3552c159abcd,1.7773448747334333e+18
6c7fb8e3-f781-4e38-89cb-3552c159abcd,1.7773448747667763e+18
6c7fb8e3-f781-4e38-89cb-3552c159abcd,1.7773448748001193e+18
6c7fb8e3-f781-4e38-89cb-3552c159abcd,1.7773448748334612e+18
6c7fb8e3-f781-4e38-89cb-3552c159abcd,1.7773448748668042e+18
6c7fb8e3-f781-4e38-89cb-3552c159abcd,1.7773448749001472e+18
6c7fb8e3-f781-4e38-89cb-3552c159abcd,1.7773448749334892e+18
6c7fb8e3-f781-4e38-89cb-3552c159abcd,1.777344874966832e+18
6c7fb8e3-f781-4e38-89cb-3552c159abcd,1.7773448750001754e+18
6c7fb8e3-f781-4e38-89cb-3552c159abcd,1.7773448750335173e+18
6c7fb8e3-f781-4e38-89cb-3552c159abcd,1.7773448750668603e+18
6c7fb8e3-f781-4e38-89cb-3552c159abcd,1.7773448751002033e+18
6c7fb8e3-f781-4e38-89cb-3552c159abcd,1.7773448751335452e+18
6c7fb8e3-f781-4e38-89cb-3552c159abcd,1.7773448751668882e+18
6c7fb8e3-f781-4e38-89cb-3552c159abcd,1.7773448752002301e+18
6c7fb8e3-f781-4e38-89cb-3552c159abcd,1.777344875233573e+18
6c7fb8e3-f781-4e38-89cb-3552c159abcd,1.7773448752669164e+18
6c7fb8e3-f781-4e38-89cb-3552c159abcd,1.7773448753002583e+18
6c7fb8e3-f781-4e38-89cb-3552c159abcd,1.7773448753336013e+18
6c7fb8e3-f781-4e38-89cb-3552c159abcd,1.7773448753669443e+18
6c7fb8e3-f781-4e38-89cb-3552c159abcd,1.7773448754002862e+18
6c7fb8e3-f781-4e38-89cb-3552c159abcd,1.7773448754336292e+18
6c7fb8e3-f781-4e38-89cb-3552c159abcd,1.7773448754669722e+18
6c7fb8e3-f781-4e38-89cb-3552c159abcd,1.7773448755003144e+18
6c7fb8e3-f781-4e38-89cb-3552c159abcd,1.7773448755336573e+18
6c7fb8e3-f781-4e38-89cb-3552c159abcd,1.7773448755669993e+18
6c7fb8e3-f781-4e38-89cb-3552c159abcd,1.7773448756003423e+18
6c7fb8e3-f781-4e38-89cb-3552c159abcd,1.7773448756336852e+18
6c7fb8e3-f781-4e38-89cb-3552c159abcd,1.7773448756670272e+18
6c7fb8e3-f781-4e38-89cb-3552c159abcd,1.7773448757003702e+18
6c7fb8e3-f781-4e38-89cb-3552c159abcd,1.7773448757337132e+18
6c7fb8e3-f781-4e38-89cb-3552c159abcd,1.7773448757670554e+18
6c7fb8e3-f781-4e38-89cb-3552c159abcd,1.7773448758003983e+18
6c7fb8e3-f781-4e38-89cb-3552c159abcd,1.7773448758337413e+18
6c7fb8e3-f781-4e38-89cb-3552c159abcd,1.7773448758670833e+18
6c7fb8e3-f781-4e38-89cb-3552c159abcd,1.7773448759004262e+18
6c7fb8e3-f781-4e38-89cb-3552c159abcd,1.7773448759337692e+18
6c7fb8e3-f781-4e38-89cb-3552c159abcd,1.7773448759671112e+18
6c7fb8e3-f781-4e38-89cb-3552c159abcd,1.7773448760004541e+18
6c7fb8e3-f781-4e38-89cb-3552c159abcd,1.7773448760337964e+18
6c7fb8e3-f781-4e38-89cb-3552c159abcd,1.7773448760671393e+18
6c7fb8e3-f781-4e38-89cb-3552c159abcd,1.7773448761004823e+18
6c7fb8e3-f781-4e38-89cb-3552c159abcd,1.7773448761338243e+18
6c7fb8e3-f781-4e38-89cb-3552c159abcd,1.7773448761671672e+18
6c7fb8e3-f781-4e38-89cb-3552c159abcd,1.7773448762005102e+18
6c7fb8e3-f781-4e38-89cb-3552c159abcd,1.7773448762338522e+18
6c7fb8e3-f781-4e38-89cb-3552c159abcd,1.7773448762671951e+18
6c7fb8e3-f781-4e38-89cb-3552c159abcd,1.7773448763005384e+18
6c7fb8e3-f781-4e38-89cb-3552c159abcd,1.7773448763338803e+18
6c7fb8e3-f781-4e38-89cb-3552c159abcd,1.7773448763672233e+18
6c7fb8e3-f781-4e38-89cb-3552c159abcd,1.7773448764005663e+18
6c7fb8e3-f781-4e38-89cb-3552c159abcd,1.7773448764339082e+18
6c7fb8e3-f781-4e38-89cb-3552c159abcd,1.7773448764672512e+18
6c7fb8e3-f781-4e38-89cb-3552c159abcd,1.7773448765005932e+18
6c7fb8e3-f781-4e38-89cb-3552c159abcd,1.777344876533936e+18
6c7fb8e3-f781-4e38-89cb-3552c159abcd,1.7773448765672794e+18
6c7fb8e3-f781-4e38-89cb-3552c159abcd,1.7773448766006213e+18
6c7fb8e3-f781-4e38-89cb-3552c159abcd,1.7773448766339643e+18
6c7fb8e3-f781-4e38-89cb-3552c159abcd,1.7773448766673073e+18
6c7fb8e3-f781-4e38-89cb-3552c159abcd,1.7773448767006492e+18
6c7fb8e3-f781-4e38-89cb-3552c159abcd,1.7773448767339922e+18
6c7fb8e3-f781-4e38-89cb-3552c159abcd,1.7773448767673352e+18
6c7fb8e3-f781-4e38-89cb-3552c159abcd,1.777344876800677e+18
6c7fb8e3-f781-4e38-89cb-3552c159abcd,1.7773448768340204e+18
6c7fb8e3-f781-4e38-89cb-3552c159abcd,1.7773448768673623e+18
6c7fb8e3-f781-4e38-89cb-3552c159abcd,1.7773448769007053e+18
6c7fb8e3-f781-4e38-89cb-3552c159abcd,1.7773448769340483e+18
6c7fb8e3-f781-4e38-89cb-3552c159abcd,1.7773448769673912e+18
6c7fb8e3-f781-4e38-89cb-3552c159abcd,1.7773448770007332e+18
6c7fb8e3-f781-4e38-89cb-3552c159abcd,1.7773448770340762e+18
6c7fb8e3-f781-4e38-89cb-3552c159abcd,1.7773448770674184e+18
6c7fb8e3-f781-4e38-89cb-3552c159abcd,1.7773448771007613e+18
6c7fb8e3-f781-4e38-89cb-3552c159abcd,1.7773448771341043e+18
6c7fb8e3-f781-4e38-89cb-3552c159abcd,1.7773448771674463e+18
6c7fb8e3-f781-4e38-89cb-3552c159abcd,1.7773448772007892e+18
6c7fb8e3-f781-4e38-89cb-3552c159abcd,1.7773448772341322e+18
6c7fb8e3-f781-4e38-89cb-3552c159abcd,1.7773448772674742e+18
6c7fb8e3-f781-4e38-89cb-3552c159abcd,1.7773448773008172e+18
6c7fb8e3-f781-4e38-89cb-3552c159abcd,1.7773448773341601e+18
6c7fb8e3-f781-4e38-89cb-3552c159abcd,1.7773448773675023e+18
6c7fb8e3-f781-4e38-89cb-3552c159abcd,1.7773448774008453e+18
6c7fb8e3-f781-4e38-89cb-3552c159abcd,1.7773448774341873e+18
6c7fb8e3-f781-4e38-89cb-3552c159abcd,1.7773448774675302e+18
6c7fb8e3-f781-4e38-89cb-3552c159abcd,1.7773448775008732e+18
6c7fb8e3-f781-4e38-89cb-3552c159abcd,1.7773448775342152e+18
6c7fb8e3-f781-4e38-89cb-3552c159abcd,1.7773448775675581e+18
6c7fb8e3-f781-4e38-89cb-3552c159abcd,1.777344877600901e+18
6c7fb8e3-f781-4e38-89cb-3552c159abcd,1.7773448776342433e+18
6c7fb8e3-f781-4e38-89cb-3552c159abcd,1.7773448776675863e+18
6c7fb8e3-f781-4e38-89cb-3552c159abcd,1.7773448777009293e+18
6c7fb8e3-f781-4e38-89cb-3552c159abcd,1.7773448777342712e+18
6c7fb8e3-f781-4e38-89cb-3552c159abcd,1.7773448777676142e+18
6c7fb8e3-f781-4e38-89cb-3552c159abcd,1.7773448778009562e+18
6c7fb8e3-f781-4e38-89cb-3552c159abcd,1.7773448778342991e+18
6c7fb8e3-f781-4e38-89cb-3552c159abcd,1.7773448778676424e+18
6c7fb8e3-f781-4e38-89cb-3552c159abcd,1.7773448779009843e+18
6c7fb8e3-f781-4e38-89cb-3552c159abcd,1.7773448779343273e+18
6c7fb8e3-f781-4e38-89cb-3552c159abcd,1.7773448779676703e+18
6c7fb8e3-f781-4e38-89cb-3552c159abcd,1.7773448780010122e+18
6c7fb8e3-f781-4e38-89cb-3552c159abcd,1.7773448780343552e+18
6c7fb8e3-f781-4e38-89cb-3552c159abcd,1.7773448780676982e+18
6c7fb8e3-f781-4e38-89cb-3552c159abcd,1.77734487810104e+18
6c7fb8e3-f781-4e38-89cb-3552c159abcd,1.7773448781343834e+18
6c7fb8e3-f781-4e38-89cb-3552c159abcd,1.7773448781677263e+18
6c7fb8e3-f781-4e38-89cb-3552c159abcd,1.7773448782010683e+18
6c7fb8e3-f781-4e38-89cb-3552c159abcd,1.7773448782344113e+18
6c7fb8e3-f781-4e38-89cb-3552c159abcd,1.7773448782677532e+18
6c7fb8e3-f781-4e38-89cb-3552c159abcd,1.7773448783010962e+18
6c7fb8e3-f781-4e38-89cb-3552c159abcd,1.7773448783344392e+18
6c7fb8e3-f781-4e38-89cb-3552c159abcd,1.777344878367781e+18
6c7fb8e3-f781-4e38-89cb-3552c159abcd,1.7773448784011244e+18
6c7fb8e3-f781-4e38-89cb-3552c159abcd,1.7773448784344673e+18
6c7fb8e3-f781-4e38-89cb-3552c159abcd,1.7773448784678093e+18
6c7fb8e3-f781-4e38-89cb-3552c159abcd,1.7773448785011523e+18
6c7fb8e3-f781-4e38-89cb-3552c159abcd,1.7773448785344952e+18
6c7fb8e3-f781-4e38-89cb-3552c159abcd,1.7773448785678372e+18
6c7fb8e3-f781-4e38-89cb-3552c159abcd,1.7773448786011802e+18
6c7fb8e3-f781-4e38-89cb-3552c159abcd,1.7773448786345231e+18
6c7fb8e3-f781-4e38-89cb-3552c159abcd,1.7773448786678653e+18
6c7fb8e3-f781-4e38-89cb-3552c159abcd,1.7773448787012083e+18
6c7fb8e3-f781-4e38-89cb-3552c159abcd,1.7773448787345503e+18
6c7fb8e3-f781-4e38-89cb-3552c159abcd,1.7773448787678932e+18
6c7fb8e3-f781-4e38-89cb-3552c159abcd,1.7773448788012362e+18
6c7fb8e3-f781-4e38-89cb-3552c159abcd,1.7773448788345782e+18
6c7fb8e3-f781-4e38-89cb-3552c159abcd,1.7773448788679212e+18
6c7fb8e3-f781-4e38-89cb-3552c159abcd,1.7773448789012641e+18
6c7fb8e3-f781-4e38-89cb-3552c159abcd,1.7773448789346063e+18
6c7fb8e3-f781-4e38-89cb-3552c159abcd,1.7773448789679493e+18
6c7fb8e3-f781-4e38-89cb-3552c159abcd,1.7773448790012923e+18
6c7fb8e3-f781-4e38-89cb-3552c159abcd,1.7773448790346342e+18
6c7fb8e3-f781-4e38-89cb-3552c159abcd,1.7773448790679772e+18
6c7fb8e3-f781-4e38-89cb-3552c159abcd,1.7773448791013202e+18
6c7fb8e3-f781-4e38-89cb-3552c159abcd,1.7773448791346621e+18
6c7fb8e3-f781-4e38-89cb-3552c159abcd,1.777344879168005e+18
6c7fb8e3-f781-4e38-89cb-3552c159abcd,1.7773448792013473e+18
6c7fb8e3-f781-4e38-89cb-3552c159abcd,1.7773448792346903e+18
6c7fb8e3-f781-4e38-89cb-3552c159abcd,1.7773448792680333e+18
6c7fb8e3-f781-4e38-89cb-3552c159abcd,1.7773448793013752e+18
6c7fb8e3-f781-4e38-89cb-3552c159abcd,1.7773448793347182e+18
6c7fb8e3-f781-4e38-89cb-3552c159abcd,1.7773448793680612e+18
6c7fb8e3-f781-4e38-89cb-3552c159abcd,1.7773448794014031e+18
6c7fb8e3-f781-4e38-89cb-3552c159abcd,1.7773448794347464e+18
6c7fb8e3-f781-4e38-89cb-3552c159abcd,1.7773448794680893e+18
6c7fb8e3-f781-4e38-89cb-3552c159abcd,1.7773448795014313e+18
6c7fb8e3-f781-4e38-89cb-3552c159abcd,1.7773448795347743e+18
6c7fb8e3-f781-4e38-89cb-3552c159abcd,1.7773448795681172e+18
6c7fb8e3-f781-4e38-89cb-3552c159abcd,1.7773448796014592e+18
6c7fb8e3-f781-4e38-89cb-3552c159abcd,1.7773448796348022e+18
6c7fb8e3-f781-4e38-89cb-3552c159abcd,1.777344879668144e+18
6c7fb8e3-f781-4e38-89cb-3552c159abcd,1.7773448797014874e+18
6c7fb8e3-f781-4e38-89cb-3552c159abcd,1.7773448797348303e+18
6c7fb8e3-f781-4e38-89cb-3552c159abcd,1.7773448797681723e+18
6c7fb8e3-f781-4e38-89cb-3552c159abcd,1.7773448798015153e+18
6c7fb8e3-f781-4e38-89cb-3552c159abcd,1.7773448798348582e+18
6c7fb8e3-f781-4e38-89cb-3552c159abcd,1.7773448798682002e+18
6c7fb8e3-f781-4e38-89cb-3552c159abcd,1.7773448799015432e+18
6c7fb8e3-f781-4e38-89cb-3552c159abcd,1.7773448799348861e+18
6c7fb8e3-f781-4e38-89cb-3552c159abcd,1.7773448799682284e+18
6c7fb8e3-f781-4e38-89cb-3552c159abcd,1.7773448800015713e+18
6c7fb8e3-f781-4e38-89cb-3552c159abcd,1.7773448800349143e+18
6c7fb8e3-f781-4e38-89cb-3552c159abcd,1.7773448800682563e+18
6c7fb8e3-f781-4e38-89cb-3552c159abcd,1.7773448801015992e+18
6c7fb8e3-f781-4e38-89cb-3552c159abcd,1.7773448801349412e+18
6c7fb8e3-f781-4e38-89cb-3552c159abcd,1.7773448801682842e+18
6c7fb8e3-f781-4e38-89cb-3552c159abcd,1.7773448802016271e+18
6c7fb8e3-f781-4e38-89cb-3552c159abcd,1.7773448802349693e+18
6c7fb8e3-f781-4e38-89cb-3552c159abcd,1.7773448802683123e+18
6c7fb8e3-f781-4e38-89cb-3552c159abcd,1.7773448803016553e+18
6c7fb8e3-f781-4e38-89cb-3552c159abcd,1.7773448803349972e+18
6c7fb8e3-f781-4e38-89cb-3552c159abcd,1.7773448803683402e+18
6c7fb8e3-f781-4e38-89cb-3552c159abcd,1.7773448804016832e+18
6c7fb8e3-f781-4e38-89cb-3552c159abcd,1.7773448804350252e+18
6c7fb8e3-f781-4e38-89cb-3552c159abcd,1.7773448804683681e+18
6c7fb8e3-f781-4e38-89cb-3552c159abcd,1.7773448805017114e+18
6c7fb8e3-f781-4e38-89cb-3552c159abcd,1.7773448805350533e+18
6c7fb8e3-f781-4e38-89cb-3552c159abcd,1.7773448805683963e+18
6c7fb8e3-f781-4e38-89cb-3552c159abcd,1.7773448806017382e+18
6c7fb8e3-f781-4e38-89cb-3552c159abcd,1.7773448806350812e+18
6c7fb8e3-f781-4e38-89cb-3552c159abcd,1.7773448806684242e+18
6c7fb8e3-f781-4e38-89cb-3552c159abcd,1.7773448807017661e+18
6c7fb8e3-f781-4e38-89cb-3552c159abcd,1.777344880735109e+18
6c7fb8e3-f781-4e38-89cb-3552c159abcd,1.7773448807684524e+18
6c7fb8e3-f781-4e38-89cb-3552c159abcd,1.7773448808017943e+18
6c7fb8e3-f781-4e38-89cb-3552c159abcd,1.7773448808351373e+18
6c7fb8e3-f781-4e38-89cb-3552c159abcd,1.7773448808684803e+18
6c7fb8e3-f781-4e38-89cb-3552c159abcd,1.7773448809018222e+18
6c7fb8e3-f781-4e38-89cb-3552c159abcd,1.7773448809351652e+18
6c7fb8e3-f781-4e38-89cb-3552c159abcd,1.7773448809685082e+18
6c7fb8e3-f781-4e38-89cb-3552c159abcd,1.7773448810018504e+18
6c7fb8e3-f781-4e38-89cb-3552c159abcd,1.7773448810351933e+18
6c7fb8e3-f781-4e38-89cb-3552c159abcd,1.7773448810685353e+18
6c7fb8e3-f781-4e38-89cb-3552c159abcd,1.7773448811018783e+18
6c7fb8e3-f781-4e38-89cb-3552c159abcd,1.7773448811352212e+18
6c7fb8e3-f781-4e38-89cb-3552c159abcd,1.7773448811685632e+18
6c7fb8e3-f781-4e38-89cb-3552c159abcd,1.7773448812019062e+18
6c7fb8e3-f781-4e38-89cb-3552c159abcd,1.7773448812352492e+18
6c7fb8e3-f781-4e38-89cb-3552c159abcd,1.7773448812685914e+18
6c7fb8e3-f781-4e38-89cb-3552c159abcd,1.7773448813019343e+18
6c7fb8e3-f781-4e38-89cb-3552c159abcd,1.7773448813352773e+18
6c7fb8e3-f781-4e38-89cb-3552c159abcd,1.7773448813686193e+18
6c7fb8e3-f781-4e38-89cb-3552c159abcd,1.7773448814019622e+18
6c7fb8e3-f781-4e38-89cb-3552c159abcd,1.7773448814353052e+18
6c7fb8e3-f781-4e38-89cb-3552c159abcd,1.7773448814686472e+18
6c7fb8e3-f781-4e38-89cb-3552c159abcd,1.7773448815019901e+18
6c7fb8e3-f781-4e38-89cb-3552c159abcd,1.7773448815353324e+18
6c7fb8e3-f781-4e38-89cb-3552c159abcd,1.7773448815686753e+18
6c7fb8e3-f781-4e38-89cb-3552c159abcd,1.7773448816020183e+18
6c7fb8e3-f781-4e38-89cb-3552c159abcd,1.7773448816353603e+18
6c7fb8e3-f781-4e38-89cb-3552c159abcd,1.7773448816687032e+18
6c7fb8e3-f781-4e38-89cb-3552c159abcd,1.7773448817020462e+18
6c7fb8e3-f781-4e38-89cb-3552c159abcd,1.7773448817353882e+18
6c7fb8e3-f781-4e38-89cb-3552c159abcd,1.7773448817687311e+18
6c7fb8e3-f781-4e38-89cb-3552c159abcd,1.7773448818020744e+18
6c7fb8e3-f781-4e38-89cb-3552c159abcd,1.7773448818354163e+18
6c7fb8e3-f781-4e38-89cb-3552c159abcd,1.7773448818687593e+18
6c7fb8e3-f781-4e38-89cb-3552c159abcd,1.7773448819021012e+18
6c7fb8e3-f781-4e38-89cb-3552c159abcd,1.7773448819354442e+18
6c7fb8e3-f781-4e38-89cb-3552c159abcd,1.7773448819687872e+18
6c7fb8e3-f781-4e38-89cb-3552c159abcd,1.7773448820021292e+18
6c7fb8e3-f781-4e38-89cb-3552c159abcd,1.7773448820354721e+18
6c7fb8e3-f781-4e38-89cb-3552c159abcd,1.7773448820688154e+18
6c7fb8e3-f781-4e38-89cb-3552c159abcd,1.7773448821021573e+18
6c7fb8e3-f781-4e38-89cb-3552c159abcd,1.7773448821355003e+18
6c7fb8e3-f781-4e38-89cb-3552c159abcd,1.7773448821688433e+18
6c7fb8e3-f781-4e38-89cb-3552c159abcd,1.7773448822021852e+18
6c7fb8e3-f781-4e38-89cb-3552c159abcd,1.7773448822355282e+18
6c7fb8e3-f781-4e38-89cb-3552c159abcd,1.7773448822688712e+18
6c7fb8e3-f781-4e38-89cb-3552c159abcd,1.777344882302213e+18
6c7fb8e3-f781-4e38-89cb-3552c159abcd,1.7773448823355564e+18
6c7fb8e3-f781-4e38-89cb-3552c159abcd,1.7773448823688983e+18
6c7fb8e3-f781-4e38-89cb-3552c159abcd,1.7773448824022413e+18
6c7fb8e3-f781-4e38-89cb-3552c159abcd,1.7773448824355843e+18
6c7fb8e3-f781-4e38-89cb-3552c159abcd,1.7773448824689262e+18
6c7fb8e3-f781-4e38-89cb-3552c159abcd,1.7773448825022692e+18
6c7fb8e3-f781-4e38-89cb-3552c159abcd,1.7773448825356122e+18
6c7fb8e3-f781-4e38-89cb-3552c159abcd,1.7773448825689544e+18
6c7fb8e3-f781-4e38-89cb-3552c159abcd,1.7773448826022973e+18
6c7fb8e3-f781-4e38-89cb-3552c159abcd,1.7773448826356403e+18
6c7fb8e3-f781-4e38-89cb-3552c159abcd,1.7773448826689823e+18
6c7fb8e3-f781-4e38-89cb-3552c159abcd,1.7773448827023252e+18
6c7fb8e3-f781-4e38-89cb-3552c159abcd,1.7773448827356682e+18
6c7fb8e3-f781-4e38-89cb-3552c159abcd,1.7773448827690102e+18
6c7fb8e3-f781-4e38-89cb-3552c159abcd,1.7773448828023532e+18
6c7fb8e3-f781-4e38-89cb-3552c159abcd,1.7773448828356954e+18
6c7fb8e3-f781-4e38-89cb-3552c159abcd,1.7773448828690383e+18
6c7fb8e3-f781-4e38-89cb-3552c159abcd,1.7773448829023813e+18
6c7fb8e3-f781-4e38-89cb-3552c159abcd,1.7773448829357233e+18
6c7fb8e3-f781-4e38-89cb-3552c159abcd,1.7773448829690662e+18
6c7fb8e3-f781-4e38-89cb-3552c159abcd,1.7773448830024092e+18
6c7fb8e3-f781-4e38-89cb-3552c159abcd,1.7773448830357512e+18
6c7fb8e3-f781-4e38-89cb-3552c159abcd,1.7773448830690941e+18
6c7fb8e3-f781-4e38-89cb-3552c159abcd,1.777344883102437e+18
6c7fb8e3-f781-4e38-89cb-3552c159abcd,1.7773448831357793e+18
6c7fb8e3-f781-4e38-89cb-3552c159abcd,1.7773448831691223e+18
6c7fb8e3-f781-4e38-89cb-3552c159abcd,1.7773448832024653e+18
6c7fb8e3-f781-4e38-89cb-3552c159abcd,1.7773448832358072e+18
6c7fb8e3-f781-4e38-89cb-3552c159abcd,1.7773448832691502e+18
6c7fb8e3-f781-4e38-89cb-3552c159abcd,1.7773448833024922e+18
6c7fb8e3-f781-4e38-89cb-3552c159abcd,1.7773448833358351e+18
6c7fb8e3-f781-4e38-89cb-3552c159abcd,1.7773448833691784e+18
6c7fb8e3-f781-4e38-89cb-3552c159abcd,1.7773448834025203e+18
6c7fb8e3-f781-4e38-89cb-3552c159abcd,1.7773448834358633e+18
6c7fb8e3-f781-4e38-89cb-3552c159abcd,1.7773448834692063e+18
6c7fb8e3-f781-4e38-89cb-3552c159abcd,1.7773448835025482e+18
6c7fb8e3-f781-4e38-89cb-3552c159abcd,1.7773448835358912e+18
6c7fb8e3-f781-4e38-89cb-3552c159abcd,1.7773448835692342e+18
6c7fb8e3-f781-4e38-89cb-3552c159abcd,1.7773448836025761e+18
6c7fb8e3-f781-4e38-89cb-3552c159abcd,1.7773448836359194e+18
6c7fb8e3-f781-4e38-89cb-3552c159abcd,1.7773448836692613e+18
6c7fb8e3-f781-4e38-89cb-3552c159abcd,1.7773448837026043e+18
6c7fb8e3-f781-4e38-89cb-3552c159abcd,1.7773448837359473e+18
6c7fb8e3-f781-4e38-89cb-3552c159abcd,1.7773448837692892e+18
6c7fb8e3-f781-4e38-89cb-3552c159abcd,1.7773448838026322e+18
6c7fb8e3-f781-4e38-89cb-3552c159abcd,1.7773448838359752e+18
6c7fb8e3-f781-4e38-89cb-3552c159abcd,1.777344883869317e+18
6c7fb8e3-f781-4e38-89cb-3552c159abcd,1.7773448839026604e+18
6c7fb8e3-f781-4e38-89cb-3552c159abcd,1.7773448839360033e+18
6c7fb8e3-f781-4e38-89cb-3552c159abcd,1.7773448839693453e+18
6c7fb8e3-f781-4e38-89cb-3552c159abcd,1.7773448840026883e+18
6c7fb8e3-f781-4e38-89cb-3552c159abcd,1.7773448840360312e+18
6c7fb8e3-f781-4e38-89cb-3552c159abcd,1.7773448840693732e+18
6c7fb8e3-f781-4e38-89cb-3552c159abcd,1.7773448841027162e+18
6c7fb8e3-f781-4e38-89cb-3552c159abcd,1.7773448841360591e+18
6c7fb8e3-f781-4e38-89cb-3552c159abcd,1.7773448841694013e+18
6c7fb8e3-f781-4e38-89cb-3552c159abcd,1.7773448842027443e+18
6c7fb8e3-f781-4e38-89cb-3552c159abcd,1.7773448842360863e+18
6c7fb8e3-f781-4e38-89cb-3552c159abcd,1.7773448842694292e+18
6c7fb8e3-f781-4e38-89cb-3552c159abcd,1.7773448843027722e+18
6c7fb8e3-f781-4e38-89cb-3552c159abcd,1.7773448843361142e+18
6c7fb8e3-f781-4e38-89cb-3552c159abcd,1.7773448843694572e+18
6c7fb8e3-f781-4e38-89cb-3552c159abcd,1.7773448844028e+18
6c7fb8e3-f781-4e38-89cb-3552c159abcd,1.7773448844361423e+18
6c7fb8e3-f781-4e38-89cb-3552c159abcd,1.7773448844694853e+18
6c7fb8e3-f781-4e38-89cb-3552c159abcd,1.7773448845028283e+18
6c7fb8e3-f781-4e38-89cb-3552c159abcd,1.7773448845361702e+18
6c7fb8e3-f781-4e38-89cb-3552c159abcd,1.7773448845695132e+18
6c7fb8e3-f781-4e38-89cb-3552c159abcd,1.7773448846028552e+18
6c7fb8e3-f781-4e38-89cb-3552c159abcd,1.7773448846361981e+18
6c7fb8e3-f781-4e38-89cb-3552c159abcd,1.777344884669541e+18
6c7fb8e3-f781-4e38-89cb-3552c159abcd,1.7773448847028833e+18
6c7fb8e3-f781-4e38-89cb-3552c159abcd,1.7773448847362263e+18
6c7fb8e3-f781-4e38-89cb-3552c159abcd,1.7773448847695693e+18
6c7fb8e3-f781-4e38-89cb-3552c159abcd,1.7773448848029112e+18
6c7fb8e3-f781-4e38-89cb-3552c159abcd,1.7773448848362542e+18
6c7fb8e3-f781-4e38-89cb-3552c159abcd,1.7773448848695972e+18
6c7fb8e3-f781-4e38-89cb-3552c159abcd,1.7773448849029391e+18
6c7fb8e3-f781-4e38-89cb-3552c159abcd,1.7773448849362824e+18
6c7fb8e3-f781-4e38-89cb-3552c159abcd,1.7773448849696253e+18
6c7fb8e3-f781-4e38-89cb-3552c159abcd,1.7773448850029673e+18
6c7fb8e3-f781-4e38-89cb-3552c159abcd,1.7773448850363103e+18
6c7fb8e3-f781-4e38-89cb-3552c159abcd,1.7773448850696522e+18
6c7fb8e3-f781-4e38-89cb-3552c159abcd,1.7773448851029952e+18
6c7fb8e3-f781-4e38-89cb-3552c159abcd,1.7773448851363382e+18
6c7fb8e3-f781-4e38-89cb-3552c159abcd,1.7773448851696801e+18
6c7fb8e3-f781-4e38-89cb-3552c159abcd,1.7773448852030234e+18
6c7fb8e3-f781-4e38-89cb-3552c159abcd,1.7773448852363663e+18
6c7fb8e3-f781-4e38-89cb-3552c159abcd,1.7773448852697083e+18
6c7fb8e3-f781-4e38-89cb-3552c159abcd,1.7773448853030513e+18
6c7fb8e3-f781-4e38-89cb-3552c159abcd,1.7773448853363942e+18
6c7fb8e3-f781-4e38-89cb-3552c159abcd,1.7773448853697362e+18
6c7fb8e3-f781-4e38-89cb-3552c159abcd,1.7773448854030792e+18
6c7fb8e3-f781-4e38-89cb-3552c159abcd,1.7773448854364221e+18
6c7fb8e3-f781-4e38-89cb-3552c159abcd,1.7773448854697644e+18
6c7fb8e3-f781-4e38-89cb-3552c159abcd,1.7773448855031073e+18
6c7fb8e3-f781-4e38-89cb-3552c159abcd,1.7773448855364493e+18
6c7fb8e3-f781-4e38-89cb-3552c159abcd,1.7773448855697923e+18
6c7fb8e3-f781-4e38-89cb-3552c159abcd,1.7773448856031352e+18
6c7fb8e3-f781-4e38-89cb-3552c159abcd,1.7773448856364772e+18
6c7fb8e3-f781-4e38-89cb-3552c159abcd,1.7773448856698202e+18
6c7fb8e3-f781-4e38-89cb-3552c159abcd,1.7773448857031631e+18
6c7fb8e3-f781-4e38-89cb-3552c159abcd,1.7773448857365053e+18
6c7fb8e3-f781-4e38-89cb-3552c159abcd,1.7773448857698483e+18
6c7fb8e3-f781-4e38-89cb-3552c159abcd,1.7773448858031913e+18
6c7fb8e3-f781-4e38-89cb-3552c159abcd,1.7773448858365332e+18
6c7fb8e3-f781-4e38-89cb-3552c159abcd,1.7773448858698762e+18
6c7fb8e3-f781-4e38-89cb-3552c159abcd,1.7773448859032192e+18
6c7fb8e3-f781-4e38-89cb-3552c159abcd,1.7773448859365612e+18
6c7fb8e3-f781-4e38-89cb-3552c159abcd,1.777344885969904e+18
6c7fb8e3-f781-4e38-89cb-3552c159abcd,1.7773448860032463e+18
6c7fb8e3-f781-4e38-89cb-3552c159abcd,1.7773448860365893e+18
6c7fb8e3-f781-4e38-89cb-3552c159abcd,1.7773448860699323e+18
6c7fb8e3-f781-4e38-89cb-3552c159abcd,1.7773448861032742e+18
6c7fb8e3-f781-4e38-89cb-3552c159abcd,1.7773448861366172e+18
6c7fb8e3-f781-4e38-89cb-3552c159abcd,1.7773448861699602e+18
6c7fb8e3-f781-4e38-89cb-3552c159abcd,1.7773448862033021e+18
6c7fb8e3-f781-4e38-89cb-3552c159abcd,1.777344886236645e+18
6c7fb8e3-f781-4e38-89cb-3552c159abcd,1.7773448862699884e+18
6c7fb8e3-f781-4e38-89cb-3552c159abcd,1.7773448863033303e+18
6c7fb8e3-f781-4e38-89cb-3552c159abcd,1.7773448863366733e+18
6c7fb8e3-f781-4e38-89cb-3552c159abcd,1.7773448863700163e+18
6c7fb8e3-f781-4e38-89cb-3552c159abcd,1.7773448864033582e+18
6c7fb8e3-f781-4e38-89cb-3552c159abcd,1.7773448864367012e+18
6c7fb8e3-f781-4e38-89cb-3552c159abcd,1.7773448864700431e+18
6c7fb8e3-f781-4e38-89cb-3552c159abcd,1.7773448865033864e+18
6c7fb8e3-f781-4e38-89cb-3552c159abcd,1.7773448865367293e+18
6c7fb8e3-f781-4e38-89cb-3552c159abcd,1.7773448865700713e+18
6c7fb8e3-f781-4e38-89cb-3552c159abcd,1.7773448866034143e+18
6c7fb8e3-f781-4e38-89cb-3552c159abcd,1.7773448866367572e+18
6c7fb8e3-f781-4e38-89cb-3552c159abcd,1.7773448866700992e+18
6c7fb8e3-f781-4e38-89cb-3552c159abcd,1.7773448867034422e+18
6c7fb8e3-f781-4e38-89cb-3552c159abcd,1.7773448867367852e+18
6c7fb8e3-f781-4e38-89cb-3552c159abcd,1.7773448867701274e+18
6c7fb8e3-f781-4e38-89cb-3552c159abcd,1.7773448868034703e+18
6c7fb8e3-f781-4e38-89cb-3552c159abcd,1.7773448868368133e+18
6c7fb8e3-f781-4e38-89cb-3552c159abcd,1.7773448868701553e+18
6c7fb8e3-f781-4e38-89cb-3552c159abcd,1.7773448869034982e+18
6c7fb8e3-f781-4e38-89cb-3552c159abcd,1.7773448869368402e+18
6c7fb8e3-f781-4e38-89cb-3552c159abcd,1.7773448869701832e+18
6c7fb8e3-f781-4e38-89cb-3552c159abcd,1.7773448870035261e+18
6c7fb8e3-f781-4e38-89cb-3552c159abcd,1.7773448870368684e+18
6c7fb8e3-f781-4e38-89cb-3552c159abcd,1.7773448870702113e+18
6c7fb8e3-f781-4e38-89cb-3552c159abcd,1.7773448871035543e+18
6c7fb8e3-f781-4e38-89cb-3552c159abcd,1.7773448871368963e+18
6c7fb8e3-f781-4e38-89cb-3552c159abcd,1.7773448871702392e+18
6c7fb8e3-f781-4e38-89cb-3552c159abcd,1.7773448872035822e+18
6c7fb8e3-f781-4e38-89cb-3552c159abcd,1.7773448872369242e+18
6c7fb8e3-f781-4e38-89cb-3552c159abcd,1.7773448872702671e+18
6c7fb8e3-f781-4e38-89cb-3552c159abcd,1.7773448873036104e+18
6c7fb8e3-f781-4e38-89cb-3552c159abcd,1.7773448873369523e+18
6c7fb8e3-f781-4e38-89cb-3552c159abcd,1.7773448873702953e+18
6c7fb8e3-f781-4e38-89cb-3552c159abcd,1.7773448874036372e+18
6c7fb8e3-f781-4e38-89cb-3552c159abcd,1.7773448874369802e+18
6c7fb8e3-f781-4e38-89cb-3552c159abcd,1.7773448874703232e+18
6c7fb8e3-f781-4e38-89cb-3552c159abcd,1.7773448875036652e+18
6c7fb8e3-f781-4e38-89cb-3552c159abcd,1.777344887537008e+18
6c7fb8e3-f781-4e38-89cb-3552c159abcd,1.7773448875703514e+18
6c7fb8e3-f781-4e38-89cb-3552c159abcd,1.7773448876036933e+18
6c7fb8e3-f781-4e38-89cb-3552c159abcd,1.7773448876370363e+18
6c7fb8e3-f781-4e38-89cb-3552c159abcd,1.7773448876703793e+18
6c7fb8e3-f781-4e38-89cb-3552c159abcd,1.7773448877037212e+18
6c7fb8e3-f781-4e38-89cb-3552c159abcd,1.7773448877370642e+18
6c7fb8e3-f781-4e38-89cb-3552c159abcd,1.7773448877704072e+18
6c7fb8e3-f781-4e38-89cb-3552c159abcd,1.777344887803749e+18
6c7fb8e3-f781-4e38-89cb-3552c159abcd,1.7773448878370924e+18
6c7fb8e3-f781-4e38-89cb-3552c159abcd,1.7773448878704343e+18
6c7fb8e3-f781-4e38-89cb-3552c159abcd,1.7773448879037773e+18
6c7fb8e3-f781-4e38-89cb-3552c159abcd,1.7773448879371203e+18
6c7fb8e3-f781-4e38-89cb-3552c159abcd,1.7773448879704622e+18
6c7fb8e3-f781-4e38-89cb-3552c159abcd,1.7773448880038052e+18
6c7fb8e3-f781-4e38-89cb-3552c159abcd,1.7773448880371482e+18
6c7fb8e3-f781-4e38-89cb-3552c159abcd,1.7773448880704904e+18
6c7fb8e3-f781-4e38-89cb-3552c159abcd,1.7773448881038333e+18
6c7fb8e3-f781-4e38-89cb-3552c159abcd,1.7773448881371763e+18
6c7fb8e3-f781-4e38-89cb-3552c159abcd,1.7773448881705183e+18
6c7fb8e3-f781-4e38-89cb-3552c159abcd,1.7773448882038612e+18
6c7fb8e3-f781-4e38-89cb-3552c159abcd,1.7773448882372042e+18
6c7fb8e3-f781-4e38-89cb-3552c159abcd,1.7773448882705462e+18
6c7fb8e3-f781-4e38-89cb-3552c159abcd,1.7773448883038892e+18
6c7fb8e3-f781-4e38-89cb-3552c159abcd,1.7773448883372314e+18
6c7fb8e3-f781-4e38-89cb-3552c159abcd,1.7773448883705743e+18
6c7fb8e3-f781-4e38-89cb-3552c159abcd,1.7773448884039173e+18
6c7fb8e3-f781-4e38-89cb-3552c159abcd,1.7773448884372593e+18
6c7fb8e3-f781-4e38-89cb-3552c159abcd,1.7773448884706022e+18
6c7fb8e3-f781-4e38-89cb-3552c159abcd,1.7773448885039452e+18
6c7fb8e3-f781-4e38-89cb-3552c159abcd,1.7773448885372872e+18
6c7fb8e3-f781-4e38-89cb-3552c159abcd,1.7773448885706301e+18
6c7fb8e3-f781-4e38-89cb-3552c159abcd,1.777344888603973e+18
6c7fb8e3-f781-4e38-89cb-3552c159abcd,1.7773448886373153e+18
6c7fb8e3-f781-4e38-89cb-3552c159abcd,1.7773448886706583e+18
6c7fb8e3-f781-4e38-89cb-3552c159abcd,1.7773448887040003e+18
6c7fb8e3-f781-4e38-89cb-3552c159abcd,1.7773448887373432e+18
6c7fb8e3-f781-4e38-89cb-3552c159abcd,1.7773448887706862e+18
6c7fb8e3-f781-4e38-89cb-3552c159abcd,1.7773448888040282e+18
6c7fb8e3-f781-4e38-89cb-3552c159abcd,1.7773448888373711e+18
6c7fb8e3-f781-4e38-89cb-3552c159abcd,1.7773448888707144e+18
6c7fb8e3-f781-4e38-89cb-3552c159abcd,1.7773448889040563e+18
6c7fb8e3-f781-4e38-89cb-3552c159abcd,1.7773448889373993e+18
6c7fb8e3-f781-4e38-89cb-3552c159abcd,1.7773448889707423e+18
6c7fb8e3-f781-4e38-89cb-3552c159abcd,1.7773448890040842e+18
6c7fb8e3-f781-4e38-89cb-3552c159abcd,1.7773448890374272e+18
6c7fb8e3-f781-4e38-89cb-3552c159abcd,1.7773448890707702e+18
6c7fb8e3-f781-4e38-89cb-3552c159abcd,1.777344889104112e+18
6c7fb8e3-f781-4e38-89cb-3552c159abcd,1.7773448891374554e+18
6c7fb8e3-f781-4e38-89cb-3552c159abcd,1.7773448891707973e+18
6c7fb8e3-f781-4e38-89cb-3552c159abcd,1.7773448892041403e+18
6c7fb8e3-f781-4e38-89cb-3552c159abcd,1.7773448892374833e+18
6c7fb8e3-f781-4e38-89cb-3552c159abcd,1.7773448892708252e+18
6c7fb8e3-f781-4e38-89cb-3552c159abcd,1.7773448893041682e+18
6c7fb8e3-f781-4e38-89cb-3552c159abcd,1.7773448893375112e+18
6c7fb8e3-f781-4e38-89cb-3552c159abcd,1.777344889370853e+18
6c7fb8e3-f781-4e38-89cb-3552c159abcd,1.7773448894041964e+18
6c7fb8e3-f781-4e38-89cb-3552c159abcd,1.7773448894375393e+18
6c7fb8e3-f781-4e38-89cb-3552c159abcd,1.7773448894708813e+18
6c7fb8e3-f781-4e38-89cb-3552c159abcd,1.7773448895042243e+18
6c7fb8e3-f781-4e38-89cb-3552c159abcd,1.7773448895375662e+18
6c7fb8e3-f781-4e38-89cb-3552c159abcd,1.7773448895709092e+18
6c7fb8e3-f781-4e38-89cb-3552c159abcd,1.7773448896042522e+18
6c7fb8e3-f781-4e38-89cb-3552c159abcd,1.7773448896375951e+18
6c7fb8e3-f781-4e38-89cb-3552c159abcd,1.7773448896709373e+18
6c7fb8e3-f781-4e38-89cb-3552c159abcd,1.7773448897042803e+18
6c7fb8e3-f781-4e38-89cb-3552c159abcd,1.7773448897376223e+18
6c7fb8e3-f781-4e38-89cb-3552c159abcd,1.7773448897709652e+18
6c7fb8e3-f781-4e38-89cb-3552c159abcd,1.7773448898043082e+18
6c7fb8e3-f781-4e38-89cb-3552c159abcd,1.7773448898376502e+18
6c7fb8e3-f781-4e38-89cb-3552c159abcd,1.7773448898709932e+18
6c7fb8e3-f781-4e38-89cb-3552c159abcd,1.7773448899043361e+18
6c7fb8e3-f781-4e38-89cb-3552c159abcd,1.7773448899376783e+18
6c7fb8e3-f781-4e38-89cb-3552c159abcd,1.7773448899710213e+18
6c7fb8e3-f781-4e38-89cb-3552c159abcd,1.7773448900043643e+18
6c7fb8e3-f781-4e38-89cb-3552c159abcd,1.7773448900377062e+18
6c7fb8e3-f781-4e38-89cb-3552c159abcd,1.7773448900710492e+18
6c7fb8e3-f781-4e38-89cb-3552c159abcd,1.7773448901043912e+18
6c7fb8e3-f781-4e38-89cb-3552c159abcd,1.7773448901377341e+18
6c7fb8e3-f781-4e38-89cb-3552c159abcd,1.777344890171077e+18
6c7fb8e3-f781-4e38-89cb-3552c159abcd,1.7773448902044193e+18
6c7fb8e3-f781-4e38-89cb-3552c159abcd,1.7773448902377623e+18
6c7fb8e3-f781-4e38-89cb-3552c159abcd,1.7773448902711053e+18
6c7fb8e3-f781-4e38-89cb-3552c159abcd,1.7773448903044472e+18
6c7fb8e3-f781-4e38-89cb-3552c159abcd,1.7773448903377902e+18
6c7fb8e3-f781-4e38-89cb-3552c159abcd,1.7773448903711332e+18
6c7fb8e3-f781-4e38-89cb-3552c159abcd,1.7773448904044751e+18
6c7fb8e3-f781-4e38-89cb-3552c159abcd,1.7773448904378184e+18
6c7fb8e3-f781-4e38-89cb-3552c159abcd,1.7773448904711603e+18
6c7fb8e3-f781-4e38-89cb-3552c159abcd,1.7773448905045033e+18
6c7fb8e3-f781-4e38-89cb-3552c159abcd,1.7773448905378463e+18
6c7fb8e3-f781-4e38-89cb-3552c159abcd,1.7773448905711882e+18
6c7fb8e3-f781-4e38-89cb-3552c159abcd,1.7773448906045312e+18
6c7fb8e3-f781-4e38-89cb-3552c159abcd,1.7773448906378742e+18
6c7fb8e3-f781-4e38-89cb-3552c159abcd,1.777344890671216e+18
6c7fb8e3-f781-4e38-89cb-3552c159abcd,1.7773448907045594e+18
6c7fb8e3-f781-4e38-89cb-3552c159abcd,1.7773448907379023e+18
6c7fb8e3-f781-4e38-89cb-3552c159abcd,1.7773448907712443e+18
6c7fb8e3-f781-4e38-89cb-3552c159abcd,1.7773448908045873e+18
6c7fb8e3-f781-4e38-89cb-3552c159abcd,1.7773448908379302e+18
6c7fb8e3-f781-4e38-89cb-3552c159abcd,1.7773448908712722e+18
6c7fb8e3-f781-4e38-89cb-3552c159abcd,1.7773448909046152e+18
6c7fb8e3-f781-4e38-89cb-3552c159abcd,1.777344890937957e+18
6c7fb8e3-f781-4e38-89cb-3552c159abcd,1.7773448909713004e+18
6c7fb8e3-f781-4e38-89cb-3552c159abcd,1.7773448910046433e+18
6c7fb8e3-f781-4e38-89cb-3552c159abcd,1.7773448910379853e+18
6c7fb8e3-f781-4e38-89cb-3552c159abcd,1.7773448910713283e+18
6c7fb8e3-f781-4e38-89cb-3552c159abcd,1.7773448911046712e+18
6c7fb8e3-f781-4e38-89cb-3552c159abcd,1.7773448911380132e+18
6c7fb8e3-f781-4e38-89cb-3552c159abcd,1.7773448911713562e+18
6c7fb8e3-f781-4e38-89cb-3552c159abcd,1.7773448912046991e+18
6c7fb8e3-f781-4e38-89cb-3552c159abcd,1.7773448912380413e+18
6c7fb8e3-f781-4e38-89cb-3552c159abcd,1.7773448912713843e+18
6c7fb8e3-f781-4e38-89cb-3552c159abcd,1.7773448913047273e+18
6c7fb8e3-f781-4e38-89cb-3552c159abcd,1.7773448913380692e+18
6c7fb8e3-f781-4e38-89cb-3552c159abcd,1.7773448913714122e+18
6c7fb8e3-f781-4e38-89cb-3552c159abcd,1.7773448914047542e+18
6c7fb8e3-f781-4e38-89cb-3552c159abcd,1.7773448914380972e+18
6c7fb8e3-f781-4e38-89cb-3552c159abcd,1.7773448914714401e+18
6c7fb8e3-f781-4e38-89cb-3552c159abcd,1.7773448915047823e+18
6c7fb8e3-f781-4e38-89cb-3552c159abcd,1.7773448915381253e+18
6c7fb8e3-f781-4e38-89cb-3552c159abcd,1.7773448915714683e+18
6c7fb8e3-f781-4e38-89cb-3552c159abcd,1.7773448916048102e+18
6c7fb8e3-f781-4e38-89cb-3552c159abcd,1.7773448916381532e+18
6c7fb8e3-f781-4e38-89cb-3552c159abcd,1.7773448916714962e+18
6c7fb8e3-f781-4e38-89cb-3552c159abcd,1.7773448917048381e+18
6c7fb8e3-f781-4e38-89cb-3552c159abcd,1.777344891738181e+18
6c7fb8e3-f781-4e38-89cb-3552c159abcd,1.7773448917715244e+18
6c7fb8e3-f781-4e38-89cb-3552c159abcd,1.7773448918048663e+18
6c7fb8e3-f781-4e38-89cb-3552c159abcd,1.7773448918382093e+18
6c7fb8e3-f781-4e38-89cb-3552c159abcd,1.7773448918715512e+18
6c7fb8e3-f781-4e38-89cb-3552c159abcd,1.7773448919048942e+18
6c7fb8e3-f781-4e38-89cb-3552c159abcd,1.7773448919382372e+18
6c7fb8e3-f781-4e38-89cb-3552c159abcd,1.7773448919715791e+18
6c7fb8e3-f781-4e38-89cb-3552c159abcd,1.7773448920049224e+18
6c7fb8e3-f781-4e38-89cb-3552c159abcd,1.7773448920382653e+18
6c7fb8e3-f781-4e38-89cb-3552c159abcd,1.7773448920716073e+18
6c7fb8e3-f781-4e38-89cb-3552c159abcd,1.7773448921049503e+18
6c7fb8e3-f781-4e38-89cb-3552c159abcd,1.7773448921382932e+18
6c7fb8e3-f781-4e38-89cb-3552c159abcd,1.7773448921716352e+18
6c7fb8e3-f781-4e38-89cb-3552c159abcd,1.7773448922049782e+18
6c7fb8e3-f781-4e38-89cb-3552c159abcd,1.7773448922383212e+18
6c7fb8e3-f781-4e38-89cb-3552c159abcd,1.7773448922716634e+18
6c7fb8e3-f781-4e38-89cb-3552c159abcd,1.7773448923050063e+18
6c7fb8e3-f781-4e38-89cb-3552c159abcd,1.7773448923383483e+18
6c7fb8e3-f781-4e38-89cb-3552c159abcd,1.7773448923716913e+18
6c7fb8e3-f781-4e38-89cb-3552c159abcd,1.7773448924050342e+18
6c7fb8e3-f781-4e38-89cb-3552c159abcd,1.7773448924383762e+18
6c7fb8e3-f781-4e38-89cb-3552c159abcd,1.7773448924717192e+18
6c7fb8e3-f781-4e38-89cb-3552c159abcd,1.7773448925050621e+18
6c7fb8e3-f781-4e38-89cb-3552c159abcd,1.7773448925384044e+18
6c7fb8e3-f781-4e38-89cb-3552c159abcd,1.7773448925717473e+18
6c7fb8e3-f781-4e38-89cb-3552c159abcd,1.7773448926050903e+18
6c7fb8e3-f781-4e38-89cb-3552c159abcd,1.7773448926384323e+18
6c7fb8e3-f781-4e38-89cb-3552c159abcd,1.7773448926717752e+18
6c7fb8e3-f781-4e38-89cb-3552c159abcd,1.7773448927051182e+18
6c7fb8e3-f781-4e38-89cb-3552c159abcd,1.7773448927384602e+18
6c7fb8e3-f781-4e38-89cb-3552c159abcd,1.7773448927718031e+18
6c7fb8e3-f781-4e38-89cb-3552c159abcd,1.7773448928051453e+18
6c7fb8e3-f781-4e38-89cb-3552c159abcd,1.7773448928384883e+18
6c7fb8e3-f781-4e38-89cb-3552c159abcd,1.7773448928718313e+18
6c7fb8e3-f781-4e38-89cb-3552c159abcd,1.7773448929051732e+18
6c7fb8e3-f781-4e38-89cb-3552c159abcd,1.7773448929385162e+18
6c7fb8e3-f781-4e38-89cb-3552c159abcd,1.7773448929718592e+18
6c7fb8e3-f781-4e38-89cb-3552c159abcd,1.7773448930052012e+18
6c7fb8e3-f781-4e38-89cb-3552c159abcd,1.7773448930385441e+18
6c7fb8e3-f781-4e38-89cb-3552c159abcd,1.7773448930718874e+18
6c7fb8e3-f781-4e38-89cb-3552c159abcd,1.7773448931052293e+18
6c7fb8e3-f781-4e38-89cb-3552c159abcd,1.7773448931385723e+18
6c7fb8e3-f781-4e38-89cb-3552c159abcd,1.7773448931719153e+18
6c7fb8e3-f781-4e38-89cb-3552c159abcd,1.7773448932052572e+18
6c7fb8e3-f781-4e38-89cb-3552c159abcd,1.7773448932386002e+18
6c7fb8e3-f781-4e38-89cb-3552c159abcd,1.7773448932719421e+18
6c7fb8e3-f781-4e38-89cb-3552c159abcd,1.777344893305285e+18
6c7fb8e3-f781-4e38-89cb-3552c159abcd,1.7773448933386284e+18
6c7fb8e3-f781-4e38-89cb-3552c159abcd,1.7773448933719703e+18
6c7fb8e3-f781-4e38-89cb-3552c159abcd,1.7773448934053133e+18
6c7fb8e3-f781-4e38-89cb-3552c159abcd,1.7773448934386563e+18
6c7fb8e3-f781-4e38-89cb-3552c159abcd,1.7773448934719982e+18
6c7fb8e3-f781-4e38-89cb-3552c159abcd,1.7773448935053412e+18
6c7fb8e3-f781-4e38-89cb-3552c159abcd,1.7773448935386842e+18
6c7fb8e3-f781-4e38-89cb-3552c159abcd,1.7773448935720264e+18
6c7fb8e3-f781-4e38-89cb-3552c159abcd,1.7773448936053693e+18
6c7fb8e3-f781-4e38-89cb-3552c159abcd,1.7773448936387123e+18
6c7fb8e3-f781-4e38-89cb-3552c159abcd,1.7773448936720543e+18
6c7fb8e3-f781-4e38-89cb-3552c159abcd,1.7773448937053972e+18
6c7fb8e3-f781-4e38-89cb-3552c159abcd,1.7773448937387392e+18
6c7fb8e3-f781-4e38-89cb-3552c159abcd,1.7773448937720822e+18
6c7fb8e3-f781-4e38-89cb-3552c159abcd,1.7773448938054252e+18
6c7fb8e3-f781-4e38-89cb-3552c159abcd,1.7773448938387674e+18
6c7fb8e3-f781-4e38-89cb-3552c159abcd,1.7773448938721103e+18
6c7fb8e3-f781-4e38-89cb-3552c159abcd,1.7773448939054533e+18
6c7fb8e3-f781-4e38-89cb-3552c159abcd,1.7773448939387953e+18
6c7fb8e3-f781-4e38-89cb-3552c159abcd,1.7773448939721382e+18
6c7fb8e3-f781-4e38-89cb-3552c159abcd,1.7773448940054812e+18
6c7fb8e3-f781-4e38-89cb-3552c159abcd,1.7773448940388232e+18
6c7fb8e3-f781-4e38-89cb-3552c159abcd,1.7773448940721661e+18
6c7fb8e3-f781-4e38-89cb-3552c159abcd,1.777344894105509e+18
6c7fb8e3-f781-4e38-89cb-3552c159abcd,1.7773448941388513e+18
6c7fb8e3-f781-4e38-89cb-3552c159abcd,1.7773448941721943e+18
6c7fb8e3-f781-4e38-89cb-3552c159abcd,1.7773448942055363e+18
6c7fb8e3-f781-4e38-89cb-3552c159abcd,1.7773448942388792e+18
6c7fb8e3-f781-4e38-89cb-3552c159abcd,1.7773448942722222e+18
6c7fb8e3-f781-4e38-89cb-3552c159abcd,1.7773448943055642e+18
6c7fb8e3-f781-4e38-89cb-3552c159abcd,1.7773448943389071e+18
6c7fb8e3-f781-4e38-89cb-3552c159abcd,1.7773448943722504e+18
6c7fb8e3-f781-4e38-89cb-3552c159abcd,1.7773448944055923e+18
6c7fb8e3-f781-4e38-89cb-3552c159abcd,1.7773448944389353e+18
6c7fb8e3-f781-4e38-89cb-3552c159abcd,1.7773448944722783e+18
6c7fb8e3-f781-4e38-89cb-3552c159abcd,1.7773448945056202e+18
6c7fb8e3-f781-4e38-89cb-3552c159abcd,1.7773448945389632e+18
6c7fb8e3-f781-4e38-89cb-3552c159abcd,1.7773448945723052e+18
6c7fb8e3-f781-4e38-89cb-3552c159abcd,1.7773448946056481e+18
6c7fb8e3-f781-4e38-89cb-3552c159abcd,1.7773448946389914e+18
6c7fb8e3-f781-4e38-89cb-3552c159abcd,1.7773448946723333e+18
6c7fb8e3-f781-4e38-89cb-3552c159abcd,1.7773448947056763e+18
6c7fb8e3-f781-4e38-89cb-3552c159abcd,1.7773448947390193e+18
6c7fb8e3-f781-4e38-89cb-3552c159abcd,1.7773448947723612e+18
6c7fb8e3-f781-4e38-89cb-3552c159abcd,1.7773448948057042e+18
6c7fb8e3-f781-4e38-89cb-3552c159abcd,1.7773448948390472e+18
6c7fb8e3-f781-4e38-89cb-3552c159abcd,1.777344894872389e+18
6c7fb8e3-f781-4e38-89cb-3552c159abcd,1.7773448949057324e+18
6c7fb8e3-f781-4e38-89cb-3552c159abcd,1.7773448949390753e+18
6c7fb8e3-f781-4e38-89cb-3552c159abcd,1.7773448949724173e+18
6c7fb8e3-f781-4e38-89cb-3552c159abcd,1.7773448950057603e+18
6c7fb8e3-f781-4e38-89cb-3552c159abcd,1.7773448950391022e+18
6c7fb8e3-f781-4e38-89cb-3552c159abcd,1.7773448950724452e+18
6c7fb8e3-f781-4e38-89cb-3552c159abcd,1.7773448951057882e+18
6c7fb8e3-f781-4e38-89cb-3552c159abcd,1.7773448951391304e+18
6c7fb8e3-f781-4e38-89cb-3552c159abcd,1.7773448951724733e+18
6c7fb8e3-f781-4e38-89cb-3552c159abcd,1.7773448952058163e+18
6c7fb8e3-f781-4e38-89cb-3552c159abcd,1.7773448952391583e+18
6c7fb8e3-f781-4e38-89cb-3552c159abcd,1.7773448952725012e+18
6c7fb8e3-f781-4e38-89cb-3552c159abcd,1.7773448953058442e+18
6c7fb8e3-f781-4e38-89cb-3552c159abcd,1.7773448953391862e+18
6c7fb8e3-f781-4e38-89cb-3552c159abcd,1.7773448953725292e+18
6c7fb8e3-f781-4e38-89cb-3552c159abcd,1.777344895405872e+18
6c7fb8e3-f781-4e38-89cb-3552c159abcd,1.7773448954392143e+18
6c7fb8e3-f781-4e38-89cb-3552c159abcd,1.7773448954725573e+18
6c7fb8e3-f781-4e38-89cb-3552c159abcd,1.7773448955058993e+18
6c7fb8e3-f781-4e38-89cb-3552c159abcd,1.7773448955392422e+18
6c7fb8e3-f781-4e38-89cb-3552c159abcd,1.7773448955725852e+18
6c7fb8e3-f781-4e38-89cb-3552c159abcd,1.7773448956059272e+18
6c7fb8e3-f781-4e38-89cb-3552c159abcd,1.7773448956392701e+18
6c7fb8e3-f781-4e38-89cb-3552c159abcd,1.777344895672613e+18
6c7fb8e3-f781-4e38-89cb-3552c159abcd,1.7773448957059553e+18
6c7fb8e3-f781-4e38-89cb-3552c159abcd,1.7773448957392983e+18
6c7fb8e3-f781-4e38-89cb-3552c159abcd,1.7773448957726413e+18
6c7fb8e3-f781-4e38-89cb-3552c159abcd,1.7773448958059832e+18
6c7fb8e3-f781-4e38-89cb-3552c159abcd,1.7773448958393262e+18
6c7fb8e3-f781-4e38-89cb-3552c159abcd,1.7773448958726692e+18
6c7fb8e3-f781-4e38-89cb-3552c159abcd,1.7773448959060111e+18
6c7fb8e3-f781-4e38-89cb-3552c159abcd,1.7773448959393544e+18
6c7fb8e3-f781-4e38-89cb-3552c159abcd,1.7773448959726963e+18
6c7fb8e3-f781-4e38-89cb-3552c159abcd,1.7773448960060393e+18
6c7fb8e3-f781-4e38-89cb-3552c159abcd,1.7773448960393823e+18
6c7fb8e3-f781-4e38-89cb-3552c159abcd,1.7773448960727242e+18
6c7fb8e3-f781-4e38-89cb-3552c159abcd,1.7773448961060672e+18
6c7fb8e3-f781-4e38-89cb-3552c159abcd,1.7773448961394102e+18
6c7fb8e3-f781-4e38-89cb-3552c159abcd,1.7773448961727521e+18
6c7fb8e3-f781-4e38-89cb-3552c159abcd,1.7773448962060954e+18
6c7fb8e3-f781-4e38-89cb-3552c159abcd,1.7773448962394383e+18
6c7fb8e3-f781-4e38-89cb-3552c159abcd,1.7773448962727803e+18
6c7fb8e3-f781-4e38-89cb-3552c159abcd,1.7773448963061233e+18
6c7fb8e3-f781-4e38-89cb-3552c159abcd,1.7773448963394652e+18
6c7fb8e3-f781-4e38-89cb-3552c159abcd,1.7773448963728082e+18
6c7fb8e3-f781-4e38-89cb-3552c159abcd,1.7773448964061512e+18
6c7fb8e3-f781-4e38-89cb-3552c159abcd,1.777344896439493e+18
6c7fb8e3-f781-4e38-89cb-3552c159abcd,1.7773448964728364e+18
6c7fb8e3-f781-4e38-89cb-3552c159abcd,1.7773448965061793e+18
6c7fb8e3-f781-4e38-89cb-3552c159abcd,1.7773448965395213e+18
6c7fb8e3-f781-4e38-89cb-3552c159abcd,1.7773448965728643e+18
6c7fb8e3-f781-4e38-89cb-3552c159abcd,1.7773448966062072e+18
6c7fb8e3-f781-4e38-89cb-3552c159abcd,1.7773448966395492e+18
6c7fb8e3-f781-4e38-89cb-3552c159abcd,1.7773448966728922e+18
6c7fb8e3-f781-4e38-89cb-3552c159abcd,1.7773448967062351e+18
6c7fb8e3-f781-4e38-89cb-3552c159abcd,1.7773448967395773e+18
6c7fb8e3-f781-4e38-89cb-3552c159abcd,1.7773448967729203e+18
6c7fb8e3-f781-4e38-89cb-3552c159abcd,1.7773448968062633e+18
6c7fb8e3-f781-4e38-89cb-3552c159abcd,1.7773448968396052e+18
6c7fb8e3-f781-4e38-89cb-3552c159abcd,1.7773448968729482e+18
6c7fb8e3-f781-4e38-89cb-3552c159abcd,1.7773448969062902e+18
6c7fb8e3-f781-4e38-89cb-3552c159abcd,1.7773448969396332e+18
6c7fb8e3-f781-4e38-89cb-3552c159abcd,1.777344896972976e+18
6c7fb8e3-f781-4e38-89cb-3552c159abcd,1.7773448970063183e+18
6c7fb8e3-f781-4e38-89cb-3552c159abcd,1.7773448970396613e+18
6c7fb8e3-f781-4e38-89cb-3552c159abcd,1.7773448970730043e+18
6c7fb8e3-f781-4e38-89cb-3552c159abcd,1.7773448971063462e+18
6c7fb8e3-f781-4e38-89cb-3552c159abcd,1.7773448971396892e+18
6c7fb8e3-f781-4e38-89cb-3552c159abcd,1.7773448971730322e+18
6c7fb8e3-f781-4e38-89cb-3552c159abcd,1.7773448972063741e+18
6c7fb8e3-f781-4e38-89cb-3552c159abcd,1.777344897239717e+18
6c7fb8e3-f781-4e38-89cb-3552c159abcd,1.7773448972730593e+18
6c7fb8e3-f781-4e38-89cb-3552c159abcd,1.7773448973064023e+18
6c7fb8e3-f781-4e38-89cb-3552c159abcd,1.7773448973397453e+18
6c7fb8e3-f781-4e38-89cb-3552c159abcd,1.7773448973730872e+18
6c7fb8e3-f781-4e38-89cb-3552c159abcd,1.7773448974064302e+18
6c7fb8e3-f781-4e38-89cb-3552c159abcd,1.7773448974397732e+18
6c7fb8e3-f781-4e38-89cb-3552c159abcd,1.7773448974731151e+18
6c7fb8e3-f781-4e38-89cb-3552c159abcd,1.7773448975064584e+18
6c7fb8e3-f781-4e38-89cb-3552c159abcd,1.7773448975398013e+18
6c7fb8e3-f781-4e38-89cb-3552c159abcd,1.7773448975731433e+18
6c7fb8e3-f781-4e38-89cb-3552c159abcd,1.7773448976064863e+18
6c7fb8e3-f781-4e38-89cb-3552c159abcd,1.7773448976398292e+18
6c7fb8e3-f781-4e38-89cb-3552c159abcd,1.7773448976731712e+18
6c7fb8e3-f781-4e38-89cb-3552c159abcd,1.7773448977065142e+18
6c7fb8e3-f781-4e38-89cb-3552c159abcd,1.7773448977398561e+18
6c7fb8e3-f781-4e38-89cb-3552c159abcd,1.7773448977731994e+18
6c7fb8e3-f781-4e38-89cb-3552c159abcd,1.7773448978065423e+18
6c7fb8e3-f781-4e38-89cb-3552c159abcd,1.7773448978398843e+18
6c7fb8e3-f781-4e38-89cb-3552c159abcd,1.7773448978732273e+18
6c7fb8e3-f781-4e38-89cb-3552c159abcd,1.7773448979065702e+18
6c7fb8e3-f781-4e38-89cb-3552c159abcd,1.7773448979399122e+18
6c7fb8e3-f781-4e38-89cb-3552c159abcd,1.7773448979732552e+18
6c7fb8e3-f781-4e38-89cb-3552c159abcd,1.7773448980065981e+18
6c7fb8e3-f781-4e38-89cb-3552c159abcd,1.7773448980399404e+18
6c7fb8e3-f781-4e38-89cb-3552c159abcd,1.7773448980732833e+18
6c7fb8e3-f781-4e38-89cb-3552c159abcd,1.7773448981066263e+18
6c7fb8e3-f781-4e38-89cb-3552c159abcd,1.7773448981399683e+18
6c7fb8e3-f781-4e38-89cb-3552c159abcd,1.7773448981733112e+18
6c7fb8e3-f781-4e38-89cb-3552c159abcd,1.7773448982066532e+18
6c7fb8e3-f781-4e38-89cb-3552c159abcd,1.7773448982399962e+18
6c7fb8e3-f781-4e38-89cb-3552c159abcd,1.7773448982733391e+18
6c7fb8e3-f781-4e38-89cb-3552c159abcd,1.7773448983066813e+18
6c7fb8e3-f781-4e38-89cb-3552c159abcd,1.7773448983400243e+18
6c7fb8e3-f781-4e38-89cb-3552c159abcd,1.7773448983733673e+18
6c7fb8e3-f781-4e38-89cb-3552c159abcd,1.7773448984067092e+18
6c7fb8e3-f781-4e38-89cb-3552c159abcd,1.7773448984400522e+18
6c7fb8e3-f781-4e38-89cb-3552c159abcd,1.7773448984733952e+18
6c7fb8e3-f781-4e38-89cb-3552c159abcd,1.7773448985067372e+18
6c7fb8e3-f781-4e38-89cb-3552c159abcd,1.77734489854008e+18
6c7fb8e3-f781-4e38-89cb-3552c159abcd,1.7773448985734234e+18
6c7fb8e3-f781-4e38-89cb-3552c159abcd,1.7773448986067653e+18
6c7fb8e3-f781-4e38-89cb-3552c159abcd,1.7773448986401083e+18
6c7fb8e3-f781-4e38-89cb-3552c159abcd,1.7773448986734502e+18
6c7fb8e3-f781-4e38-89cb-3552c159abcd,1.7773448987067932e+18
6c7fb8e3-f781-4e38-89cb-3552c159abcd,1.7773448987401362e+18
6c7fb8e3-f781-4e38-89cb-3552c159abcd,1.7773448987734781e+18
6c7fb8e3-f781-4e38-89cb-3552c159abcd,1.777344898806821e+18
6c7fb8e3-f781-4e38-89cb-3552c159abcd,1.7773448988401644e+18
6c7fb8e3-f781-4e38-89cb-3552c159abcd,1.7773448988735063e+18
6c7fb8e3-f781-4e38-89cb-3552c159abcd,1.7773448989068493e+18
6c7fb8e3-f781-4e38-89cb-3552c159abcd,1.7773448989401923e+18
6c7fb8e3-f781-4e38-89cb-3552c159abcd,1.7773448989735342e+18
6c7fb8e3-f781-4e38-89cb-3552c159abcd,1.7773448990068772e+18
6c7fb8e3-f781-4e38-89cb-3552c159abcd,1.7773448990402202e+18
6c7fb8e3-f781-4e38-89cb-3552c159abcd,1.7773448990735624e+18
6c7fb8e3-f781-4e38-89cb-3552c159abcd,1.7773448991069053e+18
6c7fb8e3-f781-4e38-89cb-3552c159abcd,1.7773448991402473e+18
6c7fb8e3-f781-4e38-89cb-3552c159abcd,1.7773448991735903e+18
6c7fb8e3-f781-4e38-89cb-3552c159abcd,1.7773448992069332e+18
6c7fb8e3-f781-4e38-89cb-3552c159abcd,1.7773448992402752e+18
6c7fb8e3-f781-4e38-89cb-3552c159abcd,1.7773448992736182e+18
6c7fb8e3-f781-4e38-89cb-3552c159abcd,1.7773448993069612e+18
6c7fb8e3-f781-4e38-89cb-3552c159abcd,1.7773448993403034e+18
6c7fb8e3-f781-4e38-89cb-3552c159abcd,1.7773448993736463e+18
6c7fb8e3-f781-4e38-89cb-3552c159abcd,1.7773448994069893e+18
6c7fb8e3-f781-4e38-89cb-3552c159abcd,1.7773448994403313e+18
6c7fb8e3-f781-4e38-89cb-3552c159abcd,1.7773448994736742e+18
6c7fb8e3-f781-4e38-89cb-3552c159abcd,1.7773448995070172e+18
6c7fb8e3-f781-4e38-89cb-3552c159abcd,1.7773448995403592e+18
6c7fb8e3-f781-4e38-89cb-3552c159abcd,1.7773448995737021e+18
6c7fb8e3-f781-4e38-89cb-3552c159abcd,1.7773448996070444e+18
6c7fb8e3-f781-4e38-89cb-3552c159abcd,1.7773448996403873e+18
6c7fb8e3-f781-4e38-89cb-3552c159abcd,1.7773448996737303e+18
6c7fb8e3-f781-4e38-89cb-3552c159abcd,1.7773448997070723e+18
6c7fb8e3-f781-4e38-89cb-3552c159abcd,1.7773448997404152e+18
6c7fb8e3-f781-4e38-89cb-3552c159abcd,1.7773448997737582e+18
6c7fb8e3-f781-4e38-89cb-3552c159abcd,1.7773448998071002e+18
6c7fb8e3-f781-4e38-89cb-3552c159abcd,1.7773448998404431e+18
6c7fb8e3-f781-4e38-89cb-3552c159abcd,1.7773448998737864e+18
6c7fb8e3-f781-4e38-89cb-3552c159abcd,1.7773448999071283e+18
6c7fb8e3-f781-4e38-89cb-3552c159abcd,1.7773448999404713e+18
6c7fb8e3-f781-4e38-89cb-3552c159abcd,1.7773448999738143e+18
6c7fb8e3-f781-4e38-89cb-3552c159abcd,1.7773449000071562e+18
6c7fb8e3-f781-4e38-89cb-3552c159abcd,1.7773449000404992e+18
6c7fb8e3-f781-4e38-89cb-3552c159abcd,1.7773449000738412e+18
6c7fb8e3-f781-4e38-89cb-3552c159abcd,1.777344900107184e+18
6c7fb8e3-f781-4e38-89cb-3552c159abcd,1.7773449001405274e+18
6c7fb8e3-f781-4e38-89cb-3552c159abcd,1.7773449001738693e+18
6c7fb8e3-f781-4e38-89cb-3552c159abcd,1.7773449002072123e+18
6c7fb8e3-f781-4e38-89cb-3552c159abcd,1.7773449002405553e+18
6c7fb8e3-f781-4e38-89cb-3552c159abcd,1.7773449002738972e+18
6c7fb8e3-f781-4e38-89cb-3552c159abcd,1.7773449003072402e+18
6c7fb8e3-f781-4e38-89cb-3552c159abcd,1.7773449003405832e+18
6c7fb8e3-f781-4e38-89cb-3552c159abcd,1.777344900373925e+18
6c7fb8e3-f781-4e38-89cb-3552c159abcd,1.7773449004072684e+18
6c7fb8e3-f781-4e38-89cb-3552c159abcd,1.7773449004406113e+18
6c7fb8e3-f781-4e38-89cb-3552c159abcd,1.7773449004739533e+18
6c7fb8e3-f781-4e38-89cb-3552c159abcd,1.7773449005072963e+18
6c7fb8e3-f781-4e38-89cb-3552c159abcd,1.7773449005406382e+18
6c7fb8e3-f781-4e38-89cb-3552c159abcd,1.7773449005739812e+18
6c7fb8e3-f781-4e38-89cb-3552c159abcd,1.7773449006073242e+18
6c7fb8e3-f781-4e38-89cb-3552c159abcd,1.7773449006406664e+18
6c7fb8e3-f781-4e38-89cb-3552c159abcd,1.7773449006740093e+18
6c7fb8e3-f781-4e38-89cb-3552c159abcd,1.7773449007073523e+18
6c7fb8e3-f781-4e38-89cb-3552c159abcd,1.7773449007406943e+18
6c7fb8e3-f781-4e38-89cb-3552c159abcd,1.7773449007740372e+18
6c7fb8e3-f781-4e38-89cb-3552c159abcd,1.7773449008073802e+18
6c7fb8e3-f781-4e38-89cb-3552c159abcd,1.7773449008407222e+18
6c7fb8e3-f781-4e38-89cb-3552c159abcd,1.7773449008740652e+18
6c7fb8e3-f781-4e38-89cb-3552c159abcd,1.7773449009074081e+18
6c7fb8e3-f781-4e38-89cb-3552c159abcd,1.7773449009407503e+18
6c7fb8e3-f781-4e38-89cb-3552c159abcd,1.7773449009740933e+18
6c7fb8e3-f781-4e38-89cb-3552c159abcd,1.7773449010074353e+18
6c7fb8e3-f781-4e38-89cb-3552c159abcd,1.7773449010407782e+18
6c7fb8e3-f781-4e38-89cb-3552c159abcd,1.7773449010741212e+18
6c7fb8e3-f781-4e38-89cb-3552c159abcd,1.7773449011074632e+18
6c7fb8e3-f781-4e38-89cb-3552c159abcd,1.7773449011408061e+18
6c7fb8e3-f781-4e38-89cb-3552c159abcd,1.777344901174149e+18
6c7fb8e3-f781-4e38-89cb-3552c159abcd,1.7773449012074913e+18
6c7fb8e3-f781-4e38-89cb-3552c159abcd,1.7773449012408343e+18
6c7fb8e3-f781-4e38-89cb-3552c159abcd,1.7773449012741773e+18
6c7fb8e3-f781-4e38-89cb-3552c159abcd,1.7773449013075192e+18
6c7fb8e3-f781-4e38-89cb-3552c159abcd,1.7773449013408622e+18
6c7fb8e3-f781-4e38-89cb-3552c159abcd,1.7773449013742042e+18
6c7fb8e3-f781-4e38-89cb-3552c159abcd,1.7773449014075471e+18
6c7fb8e3-f781-4e38-89cb-3552c159abcd,1.7773449014408904e+18
6c7fb8e3-f781-4e38-89cb-3552c159abcd,1.7773449014742323e+18
6c7fb8e3-f781-4e38-89cb-3552c159abcd,1.7773449015075753e+18
6c7fb8e3-f781-4e38-89cb-3552c159abcd,1.7773449015409183e+18
6c7fb8e3-f781-4e38-89cb-3552c159abcd,1.7773449015742602e+18
6c7fb8e3-f781-4e38-89cb-3552c159abcd,1.7773449016076032e+18
6c7fb8e3-f781-4e38-89cb-3552c159abcd,1.7773449016409462e+18
6c7fb8e3-f781-4e38-89cb-3552c159abcd,1.777344901674288e+18
6c7fb8e3-f781-4e38-89cb-3552c159abcd,1.7773449017076314e+18
6c7fb8e3-f781-4e38-89cb-3552c159abcd,1.7773449017409743e+18
6c7fb8e3-f781-4e38-89cb-3552c159abcd,1.7773449017743163e+18
6c7fb8e3-f781-4e38-89cb-3552c159abcd,1.7773449018076593e+18
6c7fb8e3-f781-4e38-89cb-3552c159abcd,1.7773449018410012e+18
6c7fb8e3-f781-4e38-89cb-3552c159abcd,1.7773449018743442e+18
6c7fb8e3-f781-4e38-89cb-3552c159abcd,1.7773449019076872e+18
6c7fb8e3-f781-4e38-89cb-3552c159abcd,1.777344901941029e+18
6c7fb8e3-f781-4e38-89cb-3552c159abcd,1.7773449019743724e+18
6c7fb8e3-f781-4e38-89cb-3552c159abcd,1.7773449020077153e+18
6c7fb8e3-f781-4e38-89cb-3552c159abcd,1.7773449020410573e+18
6c7fb8e3-f781-4e38-89cb-3552c159abcd,1.7773449020744003e+18
6c7fb8e3-f781-4e38-89cb-3552c159abcd,1.7773449021077432e+18
6c7fb8e3-f781-4e38-89cb-3552c159abcd,1.7773449021410852e+18
6c7fb8e3-f781-4e38-89cb-3552c159abcd,1.7773449021744282e+18
6c7fb8e3-f781-4e38-89cb-3552c159abcd,1.7773449022077711e+18
6c7fb8e3-f781-4e38-89cb-3552c159abcd,1.7773449022411133e+18
6c7fb8e3-f781-4e38-89cb-3552c159abcd,1.7773449022744563e+18
6c7fb8e3-f781-4e38-89cb-3552c159abcd,1.7773449023077993e+18
6c7fb8e3-f781-4e38-89cb-3552c159abcd,1.7773449023411412e+18
6c7fb8e3-f781-4e38-89cb-3552c159abcd,1.7773449023744842e+18
6c7fb8e3-f781-4e38-89cb-3552c159abcd,1.7773449024078262e+18
6c7fb8e3-f781-4e38-89cb-3552c159abcd,1.7773449024411692e+18
6c7fb8e3-f781-4e38-89cb-3552c159abcd,1.7773449024745121e+18
6c7fb8e3-f781-4e38-89cb-3552c159abcd,1.7773449025078543e+18
6c7fb8e3-f781-4e38-89cb-3552c159abcd,1.7773449025411973e+18
6c7fb8e3-f781-4e38-89cb-3552c159abcd,1.7773449025745403e+18
6c7fb8e3-f781-4e38-89cb-3552c159abcd,1.7773449026078822e+18
6c7fb8e3-f781-4e38-89cb-3552c159abcd,1.7773449026412252e+18
6c7fb8e3-f781-4e38-89cb-3552c159abcd,1.7773449026745682e+18
6c7fb8e3-f781-4e38-89cb-3552c159abcd,1.7773449027079101e+18
6c7fb8e3-f781-4e38-89cb-3552c159abcd,1.777344902741253e+18
6c7fb8e3-f781-4e38-89cb-3552c159abcd,1.7773449027745953e+18
6c7fb8e3-f781-4e38-89cb-3552c159abcd,1.7773449028079383e+18
6c7fb8e3-f781-4e38-89cb-3552c159abcd,1.7773449028412813e+18
6c7fb8e3-f781-4e38-89cb-3552c159abcd,1.7773449028746232e+18
6c7fb8e3-f781-4e38-89cb-3552c159abcd,1.7773449029079662e+18
6c7fb8e3-f781-4e38-89cb-3552c159abcd,1.7773449029413092e+18
6c7fb8e3-f781-4e38-89cb-3552c159abcd,1.7773449029746511e+18
6c7fb8e3-f781-4e38-89cb-3552c159abcd,1.7773449030079944e+18
6c7fb8e3-f781-4e38-89cb-3552c159abcd,1.7773449030413373e+18
6c7fb8e3-f781-4e38-89cb-3552c159abcd,1.7773449030746793e+18
6c7fb8e3-f781-4e38-89cb-3552c159abcd,1.7773449031080223e+18
6c7fb8e3-f781-4e38-89cb-3552c159abcd,1.7773449031413642e+18
6c7fb8e3-f781-4e38-89cb-3552c159abcd,1.7773449031747072e+18
6c7fb8e3-f781-4e38-89cb-3552c159abcd,1.7773449032080502e+18
6c7fb8e3-f781-4e38-89cb-3552c159abcd,1.777344903241392e+18
6c7fb8e3-f781-4e38-89cb-3552c159abcd,1.7773449032747354e+18
6c7fb8e3-f781-4e38-89cb-3552c159abcd,1.7773449033080783e+18
6c7fb8e3-f781-4e38-89cb-3552c159abcd,1.7773449033414203e+18
6c7fb8e3-f781-4e38-89cb-3552c159abcd,1.7773449033747633e+18
6c7fb8e3-f781-4e38-89cb-3552c159abcd,1.7773449034081062e+18
6c7fb8e3-f781-4e38-89cb-3552c159abcd,1.7773449034414482e+18
6c7fb8e3-f781-4e38-89cb-3552c159abcd,1.7773449034747912e+18
6c7fb8e3-f781-4e38-89cb-3552c159abcd,1.7773449035081341e+18
6c7fb8e3-f781-4e38-89cb-3552c159abcd,1.7773449035414764e+18
6c7fb8e3-f781-4e38-89cb-3552c159abcd,1.7773449035748193e+18
6c7fb8e3-f781-4e38-89cb-3552c159abcd,1.7773449036081623e+18
6c7fb8e3-f781-4e38-89cb-3552c159abcd,1.7773449036415043e+18
6c7fb8e3-f781-4e38-89cb-3552c159abcd,1.7773449036748472e+18
6c7fb8e3-f781-4e38-89cb-3552c159abcd,1.7773449037081892e+18
6c7fb8e3-f781-4e38-89cb-3552c159abcd,1.7773449037415322e+18
6c7fb8e3-f781-4e38-89cb-3552c159abcd,1.7773449037748751e+18
6c7fb8e3-f781-4e38-89cb-3552c159abcd,1.7773449038082173e+18
6c7fb8e3-f781-4e38-89cb-3552c159abcd,1.7773449038415603e+18
6c7fb8e3-f781-4e38-89cb-3552c159abcd,1.7773449038749033e+18
6c7fb8e3-f781-4e38-89cb-3552c159abcd,1.7773449039082452e+18
6c7fb8e3-f781-4e38-89cb-3552c159abcd,1.7773449039415882e+18
6c7fb8e3-f781-4e38-89cb-3552c159abcd,1.7773449039749312e+18
6c7fb8e3-f781-4e38-89cb-3552c159abcd,1.7773449040082732e+18
6c7fb8e3-f781-4e38-89cb-3552c159abcd,1.7773449040416161e+18
6c7fb8e3-f781-4e38-89cb-3552c159abcd,1.7773449040749583e+18
6c7fb8e3-f781-4e38-89cb-3552c159abcd,1.7773449041083013e+18
6c7fb8e3-f781-4e38-89cb-3552c159abcd,1.7773449041416443e+18
6c7fb8e3-f781-4e38-89cb-3552c159abcd,1.7773449041749862e+18
6c7fb8e3-f781-4e38-89cb-3552c159abcd,1.7773449042083292e+18
6c7fb8e3-f781-4e38-89cb-3552c159abcd,1.7773449042416722e+18
6c7fb8e3-f781-4e38-89cb-3552c159abcd,1.7773449042750141e+18
6c7fb8e3-f781-4e38-89cb-3552c159abcd,1.777344904308357e+18
6c7fb8e3-f781-4e38-89cb-3552c159abcd,1.7773449043417004e+18
6c7fb8e3-f781-4e38-89cb-3552c159abcd,1.7773449043750423e+18
6c7fb8e3-f781-4e38-89cb-3552c159abcd,1.7773449044083853e+18
6c7fb8e3-f781-4e38-89cb-3552c159abcd,1.7773449044417283e+18
6c7fb8e3-f781-4e38-89cb-3552c159abcd,1.7773449044750702e+18
6c7fb8e3-f781-4e38-89cb-3552c159abcd,1.7773449045084132e+18
6c7fb8e3-f781-4e38-89cb-3552c159abcd,1.7773449045417551e+18
6c7fb8e3-f781-4e38-89cb-3552c159abcd,1.7773449045750984e+18
6c7fb8e3-f781-4e38-89cb-3552c159abcd,1.7773449046084413e+18
6c7fb8e3-f781-4e38-89cb-3552c159abcd,1.7773449046417833e+18
6c7fb8e3-f781-4e38-89cb-3552c159abcd,1.7773449046751263e+18
6c7fb8e3-f781-4e38-89cb-3552c159abcd,1.7773449047084692e+18
6c7fb8e3-f781-4e38-89cb-3552c159abcd,1.7773449047418112e+18
6c7fb8e3-f781-4e38-89cb-3552c159abcd,1.7773449047751542e+18
6c7fb8e3-f781-4e38-89cb-3552c159abcd,1.7773449048084972e+18
6c7fb8e3-f781-4e38-89cb-3552c159abcd,1.7773449048418394e+18
6c7fb8e3-f781-4e38-89cb-3552c159abcd,1.7773449048751823e+18
6c7fb8e3-f781-4e38-89cb-3552c159abcd,1.7773449049085253e+18
6c7fb8e3-f781-4e38-89cb-3552c159abcd,1.7773449049418673e+18
6c7fb8e3-f781-4e38-89cb-3552c159abcd,1.7773449049752102e+18
6c7fb8e3-f781-4e38-89cb-3552c159abcd,1.7773449050085522e+18
6c7fb8e3-f781-4e38-89cb-3552c159abcd,1.7773449050418952e+18
6c7fb8e3-f781-4e38-89cb-3552c159abcd,1.7773449050752381e+18
6c7fb8e3-f781-4e38-89cb-3552c159abcd,1.7773449051085804e+18
6c7fb8e3-f781-4e38-89cb-3552c159abcd,1.7773449051419233e+18
6c7fb8e3-f781-4e38-89cb-3552c159abcd,1.7773449051752663e+18
6c7fb8e3-f781-4e38-89cb-3552c159abcd,1.7773449052086083e+18
6c7fb8e3-f781-4e38-89cb-3552c159abcd,1.7773449052419512e+18
6c7fb8e3-f781-4e38-89cb-3552c159abcd,1.7773449052752942e+18
6c7fb8e3-f781-4e38-89cb-3552c159abcd,1.7773449053086362e+18
6c7fb8e3-f781-4e38-89cb-3552c159abcd,1.7773449053419791e+18
6c7fb8e3-f781-4e38-89cb-3552c159abcd,1.7773449053753224e+18
6c7fb8e3-f781-4e38-89cb-3552c159abcd,1.7773449054086643e+18
6c7fb8e3-f781-4e38-89cb-3552c159abcd,1.7773449054420073e+18
6c7fb8e3-f781-4e38-89cb-3552c159abcd,1.7773449054753492e+18
6c7fb8e3-f781-4e38-89cb-3552c159abcd,1.7773449055086922e+18
6c7fb8e3-f781-4e38-89cb-3552c159abcd,1.7773449055420352e+18
6c7fb8e3-f781-4e38-89cb-3552c159abcd,1.7773449055753772e+18
6c7fb8e3-f781-4e38-89cb-3552c159abcd,1.7773449056087201e+18
6c7fb8e3-f781-4e38-89cb-3552c159abcd,1.7773449056420634e+18
6c7fb8e3-f781-4e38-89cb-3552c159abcd,1.7773449056754053e+18
6c7fb8e3-f781-4e38-89cb-3552c159abcd,1.7773449057087483e+18
6c7fb8e3-f781-4e38-89cb-3552c159abcd,1.7773449057420913e+18
6c7fb8e3-f781-4e38-89cb-3552c159abcd,1.7773449057754332e+18
6c7fb8e3-f781-4e38-89cb-3552c159abcd,1.7773449058087762e+18
6c7fb8e3-f781-4e38-89cb-3552c159abcd,1.7773449058421192e+18
6c7fb8e3-f781-4e38-89cb-3552c159abcd,1.777344905875461e+18
6c7fb8e3-f781-4e38-89cb-3552c159abcd,1.7773449059088044e+18
6c7fb8e3-f781-4e38-89cb-3552c159abcd,1.7773449059421463e+18
6c7fb8e3-f781-4e38-89cb-3552c159abcd,1.7773449059754893e+18
6c7fb8e3-f781-4e38-89cb-3552c159abcd,1.7773449060088323e+18
6c7fb8e3-f781-4e38-89cb-3552c159abcd,1.7773449060421742e+18
6c7fb8e3-f781-4e38-89cb-3552c159abcd,1.7773449060755172e+18
6c7fb8e3-f781-4e38-89cb-3552c159abcd,1.7773449061088602e+18
6c7fb8e3-f781-4e38-89cb-3552c159abcd,1.7773449061422024e+18
6c7fb8e3-f781-4e38-89cb-3552c159abcd,1.7773449061755453e+18
6c7fb8e3-f781-4e38-89cb-3552c159abcd,1.7773449062088883e+18
6c7fb8e3-f781-4e38-89cb-3552c159abcd,1.7773449062422303e+18
6c7fb8e3-f781-4e38-89cb-3552c159abcd,1.7773449062755732e+18
6c7fb8e3-f781-4e38-89cb-3552c159abcd,1.7773449063089162e+18
6c7fb8e3-f781-4e38-89cb-3552c159abcd,1.7773449063422582e+18
6c7fb8e3-f781-4e38-89cb-3552c159abcd,1.7773449063756012e+18
6c7fb8e3-f781-4e38-89cb-3552c159abcd,1.7773449064089434e+18
6c7fb8e3-f781-4e38-89cb-3552c159abcd,1.7773449064422863e+18
6c7fb8e3-f781-4e38-89cb-3552c159abcd,1.7773449064756293e+18
6c7fb8e3-f781-4e38-89cb-3552c159abcd,1.7773449065089713e+18
6c7fb8e3-f781-4e38-89cb-3552c159abcd,1.7773449065423142e+18
6c7fb8e3-f781-4e38-89cb-3552c159abcd,1.7773449065756572e+18
6c7fb8e3-f781-4e38-89cb-3552c159abcd,1.7773449066089992e+18
6c7fb8e3-f781-4e38-89cb-3552c159abcd,1.7773449066423421e+18
6c7fb8e3-f781-4e38-89cb-3552c159abcd,1.777344906675685e+18
6c7fb8e3-f781-4e38-89cb-3552c159abcd,1.7773449067090273e+18
6c7fb8e3-f781-4e38-89cb-3552c159abcd,1.7773449067423703e+18
6c7fb8e3-f781-4e38-89cb-3552c159abcd,1.7773449067757133e+18
6c7fb8e3-f781-4e38-89cb-3552c159abcd,1.7773449068090552e+18
6c7fb8e3-f781-4e38-89cb-3552c159abcd,1.7773449068423982e+18
6c7fb8e3-f781-4e38-89cb-3552c159abcd,1.7773449068757402e+18
6c7fb8e3-f781-4e38-89cb-3552c159abcd,1.7773449069090831e+18
6c7fb8e3-f781-4e38-89cb-3552c159abcd,1.7773449069424264e+18
6c7fb8e3-f781-4e38-89cb-3552c159abcd,1.7773449069757683e+18
6c7fb8e3-f781-4e38-89cb-3552c159abcd,1.7773449070091113e+18
6c7fb8e3-f781-4e38-89cb-3552c159abcd,1.7773449070424543e+18
6c7fb8e3-f781-4e38-89cb-3552c159abcd,1.7773449070757962e+18
6c7fb8e3-f781-4e38-89cb-3552c159abcd,1.7773449071091392e+18
6c7fb8e3-f781-4e38-89cb-3552c159abcd,1.7773449071424822e+18
6c7fb8e3-f781-4e38-89cb-3552c159abcd,1.7773449071758241e+18
6c7fb8e3-f781-4e38-89cb-3552c159abcd,1.7773449072091674e+18
6c7fb8e3-f781-4e38-89cb-3552c159abcd,1.7773449072425093e+18
6c7fb8e3-f781-4e38-89cb-3552c159abcd,1.7773449072758523e+18
6c7fb8e3-f781-4e38-89cb-3552c159abcd,1.7773449073091953e+18
6c7fb8e3-f781-4e38-89cb-3552c159abcd,1.7773449073425372e+18
6c7fb8e3-f781-4e38-89cb-3552c159abcd,1.7773449073758802e+18
6c7fb8e3-f781-4e38-89cb-3552c159abcd,1.7773449074092232e+18
6c7fb8e3-f781-4e38-89cb-3552c159abcd,1.777344907442565e+18
6c7fb8e3-f781-4e38-89cb-3552c159abcd,1.7773449074759084e+18
6c7fb8e3-f781-4e38-89cb-3552c159abcd,1.7773449075092513e+18
6c7fb8e3-f781-4e38-89cb-3552c159abcd,1.7773449075425933e+18
6c7fb8e3-f781-4e38-89cb-3552c159abcd,1.7773449075759363e+18
6c7fb8e3-f781-4e38-89cb-3552c159abcd,1.7773449076092792e+18
6c7fb8e3-f781-4e38-89cb-3552c159abcd,1.7773449076426212e+18
6c7fb8e3-f781-4e38-89cb-3552c159abcd,1.7773449076759642e+18
6c7fb8e3-f781-4e38-89cb-3552c159abcd,1.7773449077093071e+18
6c7fb8e3-f781-4e38-89cb-3552c159abcd,1.7773449077426493e+18
6c7fb8e3-f781-4e38-89cb-3552c159abcd,1.7773449077759923e+18
6c7fb8e3-f781-4e38-89cb-3552c159abcd,1.7773449078093343e+18
6c7fb8e3-f781-4e38-89cb-3552c159abcd,1.7773449078426772e+18
6c7fb8e3-f781-4e38-89cb-3552c159abcd,1.7773449078760202e+18
6c7fb8e3-f781-4e38-89cb-3552c159abcd,1.7773449079093622e+18
6c7fb8e3-f781-4e38-89cb-3552c159abcd,1.7773449079427052e+18
6c7fb8e3-f781-4e38-89cb-3552c159abcd,1.777344907976048e+18
6c7fb8e3-f781-4e38-89cb-3552c159abcd,1.7773449080093903e+18
6c7fb8e3-f781-4e38-89cb-3552c159abcd,1.7773449080427333e+18
6c7fb8e3-f781-4e38-89cb-3552c159abcd,1.7773449080760763e+18
6c7fb8e3-f781-4e38-89cb-3552c159abcd,1.7773449081094182e+18
6c7fb8e3-f781-4e38-89cb-3552c159abcd,1.7773449081427612e+18
6c7fb8e3-f781-4e38-89cb-3552c159abcd,1.7773449081761032e+18
6c7fb8e3-f781-4e38-89cb-3552c159abcd,1.7773449082094461e+18
6c7fb8e3-f781-4e38-89cb-3552c159abcd,1.777344908242789e+18
6c7fb8e3-f781-4e38-89cb-3552c159abcd,1.7773449082761313e+18
6c7fb8e3-f781-4e38-89cb-3552c159abcd,1.7773449083094743e+18
6c7fb8e3-f781-4e38-89cb-3552c159abcd,1.7773449083428173e+18
6c7fb8e3-f781-4e38-89cb-3552c159abcd,1.7773449083761592e+18
6c7fb8e3-f781-4e38-89cb-3552c159abcd,1.7773449084095022e+18
6c7fb8e3-f781-4e38-89cb-3552c159abcd,1.7773449084428452e+18
6c7fb8e3-f781-4e38-89cb-3552c159abcd,1.7773449084761871e+18
6c7fb8e3-f781-4e38-89cb-3552c159abcd,1.7773449085095304e+18
6c7fb8e3-f781-4e38-89cb-3552c159abcd,1.7773449085428733e+18
6c7fb8e3-f781-4e38-89cb-3552c159abcd,1.7773449085762153e+18
6c7fb8e3-f781-4e38-89cb-3552c159abcd,1.7773449086095583e+18
6c7fb8e3-f781-4e38-89cb-3552c159abcd,1.7773449086429002e+18
6c7fb8e3-f781-4e38-89cb-3552c159abcd,1.7773449086762432e+18
6c7fb8e3-f781-4e38-89cb-3552c159abcd,1.7773449087095862e+18
6c7fb8e3-f781-4e38-89cb-3552c159abcd,1.7773449087429281e+18
6c7fb8e3-f781-4e38-89cb-3552c159abcd,1.7773449087762714e+18
6c7fb8e3-f781-4e38-89cb-3552c159abcd,1.7773449088096143e+18
6c7fb8e3-f781-4e38-89cb-3552c159abcd,1.7773449088429563e+18
6c7fb8e3-f781-4e38-89cb-3552c159abcd,1.7773449088762993e+18
6c7fb8e3-f781-4e38-89cb-3552c159abcd,1.7773449089096422e+18
6c7fb8e3-f781-4e38-89cb-3552c159abcd,1.7773449089429842e+18
6c7fb8e3-f781-4e38-89cb-3552c159abcd,1.7773449089763272e+18
6c7fb8e3-f781-4e38-89cb-3552c159abcd,1.777344909009669e+18
6c7fb8e3-f781-4e38-89cb-3552c159abcd,1.7773449090430124e+18
6c7fb8e3-f781-4e38-89cb-3552c159abcd,1.7773449090763553e+18
6c7fb8e3-f781-4e38-89cb-3552c159abcd,1.7773449091096983e+18
6c7fb8e3-f781-4e38-89cb-3552c159abcd,1.7773449091430403e+18
6c7fb8e3-f781-4e38-89cb-3552c159abcd,1.7773449091763832e+18
6c7fb8e3-f781-4e38-89cb-3552c159abcd,1.7773449092097252e+18
6c7fb8e3-f781-4e38-89cb-3552c159abcd,1.7773449092430682e+18
6c7fb8e3-f781-4e38-89cb-3552c159abcd,1.7773449092764111e+18
6c7fb8e3-f781-4e38-89cb-3552c159abcd,1.7773449093097533e+18
6c7fb8e3-f781-4e38-89cb-3552c159abcd,1.7773449093430963e+18
6c7fb8e3-f781-4e38-89cb-3552c159abcd,1.7773449093764393e+18
6c7fb8e3-f781-4e38-89cb-3552c159abcd,1.7773449094097812e+18
6c7fb8e3-f781-4e38-89cb-3552c159abcd,1.7773449094431242e+18
6c7fb8e3-f781-4e38-89cb-3552c159abcd,1.7773449094764672e+18
6c7fb8e3-f781-4e38-89cb-3552c159abcd,1.7773449095098092e+18
6c7fb8e3-f781-4e38-89cb-3552c159abcd,1.777344909543152e+18
6c7fb8e3-f781-4e38-89cb-3552c159abcd,1.7773449095764943e+18
6c7fb8e3-f781-4e38-89cb-3552c159abcd,1.7773449096098373e+18
6c7fb8e3-f781-4e38-89cb-3552c159abcd,1.7773449096431803e+18
6c7fb8e3-f781-4e38-89cb-3552c159abcd,1.7773449096765222e+18
6c7fb8e3-f781-4e38-89cb-3552c159abcd,1.7773449097098652e+18
6c7fb8e3-f781-4e38-89cb-3552c159abcd,1.7773449097432082e+18
6c7fb8e3-f781-4e38-89cb-3552c159abcd,1.7773449097765501e+18
6c7fb8e3-f781-4e38-89cb-3552c159abcd,1.777344909809893e+18
6c7fb8e3-f781-4e38-89cb-3552c159abcd,1.7773449098432364e+18
6c7fb8e3-f781-4e38-89cb-3552c159abcd,1.7773449098765783e+18
6c7fb8e3-f781-4e38-89cb-3552c159abcd,1.7773449099099213e+18
6c7fb8e3-f781-4e38-89cb-3552c159abcd,1.7773449099432632e+18
6c7fb8e3-f781-4e38-89cb-3552c159abcd,1.7773449099766062e+18
6c7fb8e3-f781-4e38-89cb-3552c159abcd,1.7773449100099492e+18
6c7fb8e3-f781-4e38-89cb-3552c159abcd,1.7773449100432911e+18
6c7fb8e3-f781-4e38-89cb-3552c159abcd,1.7773449100766344e+18
6c7fb8e3-f781-4e38-89cb-3552c159abcd,1.7773449101099773e+18
6c7fb8e3-f781-4e38-89cb-3552c159abcd,1.7773449101433193e+18
6c7fb8e3-f781-4e38-89cb-3552c159abcd,1.7773449101766623e+18
6c7fb8e3-f781-4e38-89cb-3552c159abcd,1.7773449102100052e+18
6c7fb8e3-f781-4e38-89cb-3552c159abcd,1.7773449102433472e+18
6c7fb8e3-f781-4e38-89cb-3552c159abcd,1.7773449102766902e+18
6c7fb8e3-f781-4e38-89cb-3552c159abcd,1.7773449103100332e+18
6c7fb8e3-f781-4e38-89cb-3552c159abcd,1.7773449103433754e+18
6c7fb8e3-f781-4e38-89cb-3552c159abcd,1.7773449103767183e+18
6c7fb8e3-f781-4e38-89cb-3552c159abcd,1.7773449104100603e+18
6c7fb8e3-f781-4e38-89cb-3552c159abcd,1.7773449104434033e+18
6c7fb8e3-f781-4e38-89cb-3552c159abcd,1.7773449104767462e+18
6c7fb8e3-f781-4e38-89cb-3552c159abcd,1.7773449105100882e+18
6c7fb8e3-f781-4e38-89cb-3552c159abcd,1.7773449105434312e+18
6c7fb8e3-f781-4e38-89cb-3552c159abcd,1.7773449105767741e+18
6c7fb8e3-f781-4e38-89cb-3552c159abcd,1.7773449106101164e+18
6c7fb8e3-f781-4e38-89cb-3552c159abcd,1.7773449106434593e+18
6c7fb8e3-f781-4e38-89cb-3552c159abcd,1.7773449106768023e+18
6c7fb8e3-f781-4e38-89cb-3552c159abcd,1.7773449107101443e+18
6c7fb8e3-f781-4e38-89cb-3552c159abcd,1.7773449107434872e+18
6c7fb8e3-f781-4e38-89cb-3552c159abcd,1.7773449107768302e+18
6c7fb8e3-f781-4e38-89cb-3552c159abcd,1.7773449108101722e+18
6c7fb8e3-f781-4e38-89cb-3552c159abcd,1.7773449108435151e+18
6c7fb8e3-f781-4e38-89cb-3552c159abcd,1.7773449108768573e+18
6c7fb8e3-f781-4e38-89cb-3552c159abcd,1.7773449109102003e+18
6c7fb8e3-f781-4e38-89cb-3552c159abcd,1.7773449109435433e+18
6c7fb8e3-f781-4e38-89cb-3552c159abcd,1.7773449109768852e+18
6c7fb8e3-f781-4e38-89cb-3552c159abcd,1.7773449110102282e+18
6c7fb8e3-f781-4e38-89cb-3552c159abcd,1.7773449110435712e+18
6c7fb8e3-f781-4e38-89cb-3552c159abcd,1.7773449110769132e+18
6c7fb8e3-f781-4e38-89cb-3552c159abcd,1.777344911110256e+18
6c7fb8e3-f781-4e38-89cb-3552c159abcd,1.7773449111435994e+18
6c7fb8e3-f781-4e38-89cb-3552c159abcd,1.7773449111769413e+18
6c7fb8e3-f781-4e38-89cb-3552c159abcd,1.7773449112102843e+18
6c7fb8e3-f781-4e38-89cb-3552c159abcd,1.7773449112436273e+18
6c7fb8e3-f781-4e38-89cb-3552c159abcd,1.7773449112769692e+18
6c7fb8e3-f781-4e38-89cb-3552c159abcd,1.7773449113103122e+18
6c7fb8e3-f781-4e38-89cb-3552c159abcd,1.7773449113436541e+18
6c7fb8e3-f781-4e38-89cb-3552c159abcd,1.777344911376997e+18
6c7fb8e3-f781-4e38-89cb-3552c159abcd,1.7773449114103404e+18
6c7fb8e3-f781-4e38-89cb-3552c159abcd,1.7773449114436823e+18
6c7fb8e3-f781-4e38-89cb-3552c159abcd,1.7773449114770253e+18
6c7fb8e3-f781-4e38-89cb-3552c159abcd,1.7773449115103683e+18
6c7fb8e3-f781-4e38-89cb-3552c159abcd,1.7773449115437102e+18
6c7fb8e3-f781-4e38-89cb-3552c159abcd,1.7773449115770532e+18
6c7fb8e3-f781-4e38-89cb-3552c159abcd,1.7773449116103962e+18
6c7fb8e3-f781-4e38-89cb-3552c159abcd,1.7773449116437384e+18
6c7fb8e3-f781-4e38-89cb-3552c159abcd,1.7773449116770813e+18
6c7fb8e3-f781-4e38-89cb-3552c159abcd,1.7773449117104243e+18
6c7fb8e3-f781-4e38-89cb-3552c159abcd,1.7773449117437663e+18
6c7fb8e3-f781-4e38-89cb-3552c159abcd,1.7773449117771092e+18
6c7fb8e3-f781-4e38-89cb-3552c159abcd,1.7773449118104512e+18
6c7fb8e3-f781-4e38-89cb-3552c159abcd,1.7773449118437942e+18
6c7fb8e3-f781-4e38-89cb-3552c159abcd,1.7773449118771372e+18
6c7fb8e3-f781-4e38-89cb-3552c159abcd,1.7773449119104794e+18
6c7fb8e3-f781-4e38-89cb-3552c159abcd,1.7773449119438223e+18
6c7fb8e3-f781-4e38-89cb-3552c159abcd,1.7773449119771653e+18
6c7fb8e3-f781-4e38-89cb-3552c159abcd,1.7773449120105073e+18
6c7fb8e3-f781-4e38-89cb-3552c159abcd,1.7773449120438502e+18
6c7fb8e3-f781-4e38-89cb-3552c159abcd,1.7773449120771932e+18
6c7fb8e3-f781-4e38-89cb-3552c159abcd,1.7773449121105352e+18
6c7fb8e3-f781-4e38-89cb-3552c159abcd,1.7773449121438781e+18
6c7fb8e3-f781-4e38-89cb-3552c159abcd,1.777344912177221e+18
6c7fb8e3-f781-4e38-89cb-3552c159abcd,1.7773449122105633e+18
6c7fb8e3-f781-4e38-89cb-3552c159abcd,1.7773449122439063e+18
6c7fb8e3-f781-4e38-89cb-3552c159abcd,1.7773449122772483e+18
6c7fb8e3-f781-4e38-89cb-3552c159abcd,1.7773449123105912e+18
6c7fb8e3-f781-4e38-89cb-3552c159abcd,1.7773449123439342e+18
6c7fb8e3-f781-4e38-89cb-3552c159abcd,1.7773449123772762e+18
6c7fb8e3-f781-4e38-89cb-3552c159abcd,1.7773449124106191e+18
6c7fb8e3-f781-4e38-89cb-3552c159abcd,1.7773449124439624e+18
6c7fb8e3-f781-4e38-89cb-3552c159abcd,1.7773449124773043e+18
6c7fb8e3-f781-4e38-89cb-3552c159abcd,1.7773449125106473e+18
6c7fb8e3-f781-4e38-89cb-3552c159abcd,1.7773449125439903e+18
6c7fb8e3-f781-4e38-89cb-3552c159abcd,1.7773449125773322e+18
6c7fb8e3-f781-4e38-89cb-3552c159abcd,1.7773449126106752e+18
6c7fb8e3-f781-4e38-89cb-3552c159abcd,1.7773449126440182e+18
6c7fb8e3-f781-4e38-89cb-3552c159abcd,1.77734491267736e+18
6c7fb8e3-f781-4e38-89cb-3552c159abcd,1.7773449127107034e+18
6c7fb8e3-f781-4e38-89cb-3552c159abcd,1.7773449127440453e+18
6c7fb8e3-f781-4e38-89cb-3552c159abcd,1.7773449127773883e+18
6c7fb8e3-f781-4e38-89cb-3552c159abcd,1.7773449128107313e+18
6c7fb8e3-f781-4e38-89cb-3552c159abcd,1.7773449128440732e+18
6c7fb8e3-f781-4e38-89cb-3552c159abcd,1.7773449128774162e+18
6c7fb8e3-f781-4e38-89cb-3552c159abcd,1.7773449129107592e+18
6c7fb8e3-f781-4e38-89cb-3552c159abcd,1.777344912944101e+18
6c7fb8e3-f781-4e38-89cb-3552c159abcd,1.7773449129774444e+18
6c7fb8e3-f781-4e38-89cb-3552c159abcd,1.7773449130107873e+18
6c7fb8e3-f781-4e38-89cb-3552c159abcd,1.7773449130441293e+18
6c7fb8e3-f781-4e38-89cb-3552c159abcd,1.7773449130774723e+18
6c7fb8e3-f781-4e38-89cb-3552c159abcd,1.7773449131108152e+18
6c7fb8e3-f781-4e38-89cb-3552c159abcd,1.7773449131441572e+18
6c7fb8e3-f781-4e38-89cb-3552c159abcd,1.7773449131775002e+18
6c7fb8e3-f781-4e38-89cb-3552c159abcd,1.7773449132108424e+18
6c7fb8e3-f781-4e38-89cb-3552c159abcd,1.7773449132441853e+18
6c7fb8e3-f781-4e38-89cb-3552c159abcd,1.7773449132775283e+18
6c7fb8e3-f781-4e38-89cb-3552c159abcd,1.7773449133108703e+18
6c7fb8e3-f781-4e38-89cb-3552c159abcd,1.7773449133442132e+18
6c7fb8e3-f781-4e38-89cb-3552c159abcd,1.7773449133775562e+18
6c7fb8e3-f781-4e38-89cb-3552c159abcd,1.7773449134108982e+18
6c7fb8e3-f781-4e38-89cb-3552c159abcd,1.7773449134442412e+18
6c7fb8e3-f781-4e38-89cb-3552c159abcd,1.7773449134775841e+18
6c7fb8e3-f781-4e38-89cb-3552c159abcd,1.7773449135109263e+18
6c7fb8e3-f781-4e38-89cb-3552c159abcd,1.7773449135442693e+18
6c7fb8e3-f781-4e38-89cb-3552c159abcd,1.7773449135776123e+18
6c7fb8e3-f781-4e38-89cb-3552c159abcd,1.7773449136109542e+18
6c7fb8e3-f781-4e38-89cb-3552c159abcd,1.7773449136442972e+18
6c7fb8e3-f781-4e38-89cb-3552c159abcd,1.7773449136776392e+18
6c7fb8e3-f781-4e38-89cb-3552c159abcd,1.7773449137109821e+18
6c7fb8e3-f781-4e38-89cb-3552c159abcd,1.777344913744325e+18
6c7fb8e3-f781-4e38-89cb-3552c159abcd,1.7773449137776673e+18
6c7fb8e3-f781-4e38-89cb-3552c159abcd,1.7773449138110103e+18
6c7fb8e3-f781-4e38-89cb-3552c159abcd,1.7773449138443533e+18
6c7fb8e3-f781-4e38-89cb-3552c159abcd,1.7773449138776952e+18
6c7fb8e3-f781-4e38-89cb-3552c159abcd,1.7773449139110382e+18
6c7fb8e3-f781-4e38-89cb-3552c159abcd,1.7773449139443812e+18
6c7fb8e3-f781-4e38-89cb-3552c159abcd,1.7773449139777231e+18
6c7fb8e3-f781-4e38-89cb-3552c159abcd,1.7773449140110664e+18
6c7fb8e3-f781-4e38-89cb-3552c159abcd,1.7773449140444083e+18
6c7fb8e3-f781-4e38-89cb-3552c159abcd,1.7773449140777513e+18
6c7fb8e3-f781-4e38-89cb-3552c159abcd,1.7773449141110943e+18
6c7fb8e3-f781-4e38-89cb-3552c159abcd,1.7773449141444362e+18
6c7fb8e3-f781-4e38-89cb-3552c159abcd,1.7773449141777792e+18
6c7fb8e3-f781-4e38-89cb-3552c159abcd,1.7773449142111222e+18
6c7fb8e3-f781-4e38-89cb-3552c159abcd,1.777344914244464e+18
6c7fb8e3-f781-4e38-89cb-3552c159abcd,1.7773449142778074e+18
6c7fb8e3-f781-4e38-89cb-3552c159abcd,1.7773449143111503e+18
6c7fb8e3-f781-4e38-89cb-3552c159abcd,1.7773449143444923e+18
6c7fb8e3-f781-4e38-89cb-3552c159abcd,1.7773449143778353e+18
6c7fb8e3-f781-4e38-89cb-3552c159abcd,1.7773449144111782e+18
6c7fb8e3-f781-4e38-89cb-3552c159abcd,1.7773449144445202e+18
6c7fb8e3-f781-4e38-89cb-3552c159abcd,1.7773449144778632e+18
6c7fb8e3-f781-4e38-89cb-3552c159abcd,1.777344914511205e+18
6c7fb8e3-f781-4e38-89cb-3552c159abcd,1.7773449145445484e+18
6c7fb8e3-f781-4e38-89cb-3552c159abcd,1.7773449145778913e+18
6c7fb8e3-f781-4e38-89cb-3552c159abcd,1.7773449146112333e+18
6c7fb8e3-f781-4e38-89cb-3552c159abcd,1.7773449146445763e+18
6c7fb8e3-f781-4e38-89cb-3552c159abcd,1.7773449146779192e+18
6c7fb8e3-f781-4e38-89cb-3552c159abcd,1.7773449147112612e+18
6c7fb8e3-f781-4e38-89cb-3552c159abcd,1.7773449147446042e+18
6c7fb8e3-f781-4e38-89cb-3552c159abcd,1.7773449147779471e+18
6c7fb8e3-f781-4e38-89cb-3552c159abcd,1.7773449148112893e+18
6c7fb8e3-f781-4e38-89cb-3552c159abcd,1.7773449148446323e+18
6c7fb8e3-f781-4e38-89cb-3552c159abcd,1.7773449148779753e+18
6c7fb8e3-f781-4e38-89cb-3552c159abcd,1.7773449149113172e+18
6c7fb8e3-f781-4e38-89cb-3552c159abcd,1.7773449149446602e+18
6c7fb8e3-f781-4e38-89cb-3552c159abcd,1.7773449149780032e+18
6c7fb8e3-f781-4e38-89cb-3552c159abcd,1.7773449150113452e+18
6c7fb8e3-f781-4e38-89cb-3552c159abcd,1.7773449150446881e+18
6c7fb8e3-f781-4e38-89cb-3552c159abcd,1.7773449150780303e+18
6c7fb8e3-f781-4e38-89cb-3552c159abcd,1.7773449151113733e+18
6c7fb8e3-f781-4e38-89cb-3552c159abcd,1.7773449151447163e+18
6c7fb8e3-f781-4e38-89cb-3552c159abcd,1.7773449151780582e+18
6c7fb8e3-f781-4e38-89cb-3552c159abcd,1.7773449152114012e+18
6c7fb8e3-f781-4e38-89cb-3552c159abcd,1.7773449152447442e+18
6c7fb8e3-f781-4e38-89cb-3552c159abcd,1.7773449152780861e+18
6c7fb8e3-f781-4e38-89cb-3552c159abcd,1.777344915311429e+18
6c7fb8e3-f781-4e38-89cb-3552c159abcd,1.7773449153447724e+18
6c7fb8e3-f781-4e38-89cb-3552c159abcd,1.7773449153781143e+18
6c7fb8e3-f781-4e38-89cb-3552c159abcd,1.7773449154114573e+18
6c7fb8e3-f781-4e38-89cb-3552c159abcd,1.7773449154447992e+18
6c7fb8e3-f781-4e38-89cb-3552c159abcd,1.7773449154781422e+18
6c7fb8e3-f781-4e38-89cb-3552c159abcd,1.7773449155114852e+18
6c7fb8e3-f781-4e38-89cb-3552c159abcd,1.7773449155448271e+18
6c7fb8e3-f781-4e38-89cb-3552c159abcd,1.7773449155781704e+18
6c7fb8e3-f781-4e38-89cb-3552c159abcd,1.7773449156115133e+18
6c7fb8e3-f781-4e38-89cb-3552c159abcd,1.7773449156448553e+18
6c7fb8e3-f781-4e38-89cb-3552c159abcd,1.7773449156781983e+18
6c7fb8e3-f781-4e38-89cb-3552c159abcd,1.7773449157115412e+18
6c7fb8e3-f781-4e38-89cb-3552c159abcd,1.7773449157448832e+18
6c7fb8e3-f781-4e38-89cb-3552c159abcd,1.7773449157782262e+18
6c7fb8e3-f781-4e38-89cb-3552c159abcd,1.777344915811568e+18
6c7fb8e3-f781-4e38-89cb-3552c159abcd,1.7773449158449114e+18
6c7fb8e3-f781-4e38-89cb-3552c159abcd,1.7773449158782543e+18
6c7fb8e3-f781-4e38-89cb-3552c159abcd,1.7773449159115963e+18
6c7fb8e3-f781-4e38-89cb-3552c159abcd,1.7773449159449393e+18
6c7fb8e3-f781-4e38-89cb-3552c159abcd,1.7773449159782822e+18
6c7fb8e3-f781-4e38-89cb-3552c159abcd,1.7773449160116242e+18
6c7fb8e3-f781-4e38-89cb-3552c159abcd,1.7773449160449672e+18
6c7fb8e3-f781-4e38-89cb-3552c159abcd,1.7773449160783101e+18
6c7fb8e3-f781-4e38-89cb-3552c159abcd,1.7773449161116524e+18
6c7fb8e3-f781-4e38-89cb-3552c159abcd,1.7773449161449953e+18
6c7fb8e3-f781-4e38-89cb-3552c159abcd,1.7773449161783383e+18
6c7fb8e3-f781-4e38-89cb-3552c159abcd,1.7773449162116803e+18
6c7fb8e3-f781-4e38-89cb-3552c159abcd,1.7773449162450232e+18
6c7fb8e3-f781-4e38-89cb-3552c159abcd,1.7773449162783662e+18
6c7fb8e3-f781-4e38-89cb-3552c159abcd,1.7773449163117082e+18
6c7fb8e3-f781-4e38-89cb-3552c159abcd,1.7773449163450511e+18
6c7fb8e3-f781-4e38-89cb-3552c159abcd,1.7773449163783933e+18
6c7fb8e3-f781-4e38-89cb-3552c159abcd,1.7773449164117363e+18
6c7fb8e3-f781-4e38-89cb-3552c159abcd,1.7773449164450793e+18
6c7fb8e3-f781-4e38-89cb-3552c159abcd,1.7773449164784212e+18
6c7fb8e3-f781-4e38-89cb-3552c159abcd,1.7773449165117642e+18
6c7fb8e3-f781-4e38-89cb-3552c159abcd,1.7773449165451072e+18
6c7fb8e3-f781-4e38-89cb-3552c159abcd,1.7773449165784492e+18
6c7fb8e3-f781-4e38-89cb-3552c159abcd,1.7773449166117921e+18
6c7fb8e3-f781-4e38-89cb-3552c159abcd,1.7773449166451354e+18
6c7fb8e3-f781-4e38-89cb-3552c159abcd,1.7773449166784773e+18
6c7fb8e3-f781-4e38-89cb-3552c159abcd,1.7773449167118203e+18
6c7fb8e3-f781-4e38-89cb-3552c159abcd,1.7773449167451622e+18
6c7fb8e3-f781-4e38-89cb-3552c159abcd,1.7773449167785052e+18
6c7fb8e3-f781-4e38-89cb-3552c159abcd,1.7773449168118482e+18
6c7fb8e3-f781-4e38-89cb-3552c159abcd,1.7773449168451901e+18
6c7fb8e3-f781-4e38-89cb-3552c159abcd,1.777344916878533e+18
6c7fb8e3-f781-4e38-89cb-3552c159abcd,1.7773449169118764e+18
6c7fb8e3-f781-4e38-89cb-3552c159abcd,1.7773449169452183e+18
6c7fb8e3-f781-4e38-89cb-3552c159abcd,1.7773449169785613e+18
6c7fb8e3-f781-4e38-89cb-3552c159abcd,1.7773449170119043e+18
6c7fb8e3-f781-4e38-89cb-3552c159abcd,1.7773449170452462e+18
6c7fb8e3-f781-4e38-89cb-3552c159abcd,1.7773449170785892e+18
6c7fb8e3-f781-4e38-89cb-3552c159abcd,1.7773449171119322e+18
6c7fb8e3-f781-4e38-89cb-3552c159abcd,1.7773449171452744e+18
6c7fb8e3-f781-4e38-89cb-3552c159abcd,1.7773449171786173e+18
6c7fb8e3-f781-4e38-89cb-3552c159abcd,1.7773449172119593e+18
6c7fb8e3-f781-4e38-89cb-3552c159abcd,1.7773449172453023e+18
6c7fb8e3-f781-4e38-89cb-3552c159abcd,1.7773449172786452e+18
6c7fb8e3-f781-4e38-89cb-3552c159abcd,1.7773449173119872e+18
6c7fb8e3-f781-4e38-89cb-3552c159abcd,1.7773449173453302e+18
6c7fb8e3-f781-4e38-89cb-3552c159abcd,1.7773449173786732e+18
6c7fb8e3-f781-4e38-89cb-3552c159abcd,1.7773449174120154e+18
6c7fb8e3-f781-4e38-89cb-3552c159abcd,1.7773449174453583e+18
6c7fb8e3-f781-4e38-89cb-3552c159abcd,1.7773449174787013e+18
6c7fb8e3-f781-4e38-89cb-3552c159abcd,1.7773449175120433e+18
6c7fb8e3-f781-4e38-89cb-3552c159abcd,1.7773449175453862e+18
6c7fb8e3-f781-4e38-89cb-3552c159abcd,1.7773449175787292e+18
6c7fb8e3-f781-4e38-89cb-3552c159abcd,1.7773449176120712e+18
6c7fb8e3-f781-4e38-89cb-3552c159abcd,1.7773449176454141e+18
6c7fb8e3-f781-4e38-89cb-3552c159abcd,1.7773449176787564e+18
6c7fb8e3-f781-4e38-89cb-3552c159abcd,1.7773449177120993e+18
6c7fb8e3-f781-4e38-89cb-3552c159abcd,1.7773449177454423e+18
6c7fb8e3-f781-4e38-89cb-3552c159abcd,1.7773449177787843e+18
6c7fb8e3-f781-4e38-89cb-3552c159abcd,1.7773449178121272e+18
6c7fb8e3-f781-4e38-89cb-3552c159abcd,1.7773449178454702e+18
6c7fb8e3-f781-4e38-89cb-3552c159abcd,1.7773449178788122e+18
6c7fb8e3-f781-4e38-89cb-3552c159abcd,1.7773449179121551e+18
6c7fb8e3-f781-4e38-89cb-3552c159abcd,1.7773449179454984e+18
6c7fb8e3-f781-4e38-89cb-3552c159abcd,1.7773449179788403e+18
6c7fb8e3-f781-4e38-89cb-3552c159abcd,1.7773449180121833e+18
6c7fb8e3-f781-4e38-89cb-3552c159abcd,1.7773449180455263e+18
6c7fb8e3-f781-4e38-89cb-3552c159abcd,1.7773449180788682e+18
6c7fb8e3-f781-4e38-89cb-3552c159abcd,1.7773449181122112e+18
6c7fb8e3-f781-4e38-89cb-3552c159abcd,1.7773449181455532e+18
6c7fb8e3-f781-4e38-89cb-3552c159abcd,1.7773449181788961e+18
6c7fb8e3-f781-4e38-89cb-3552c159abcd,1.7773449182122394e+18
6c7fb8e3-f781-4e38-89cb-3552c159abcd,1.7773449182455813e+18
6c7fb8e3-f781-4e38-89cb-3552c159abcd,1.7773449182789243e+18
6c7fb8e3-f781-4e38-89cb-3552c159abcd,1.7773449183122673e+18
6c7fb8e3-f781-4e38-89cb-3552c159abcd,1.7773449183456092e+18
6c7fb8e3-f781-4e38-89cb-3552c159abcd,1.7773449183789522e+18
6c7fb8e3-f781-4e38-89cb-3552c159abcd,1.7773449184122952e+18
6c7fb8e3-f781-4e38-89cb-3552c159abcd,1.777344918445637e+18
6c7fb8e3-f781-4e38-89cb-3552c159abcd,1.7773449184789804e+18
6c7fb8e3-f781-4e38-89cb-3552c159abcd,1.7773449185123233e+18
6c7fb8e3-f781-4e38-89cb-3552c159abcd,1.7773449185456653e+18
6c7fb8e3-f781-4e38-89cb-3552c159abcd,1.7773449185790083e+18
6c7fb8e3-f781-4e38-89cb-3552c159abcd,1.7773449186123502e+18
6c7fb8e3-f781-4e38-89cb-3552c159abcd,1.7773449186456932e+18
6c7fb8e3-f781-4e38-89cb-3552c159abcd,1.7773449186790362e+18
6c7fb8e3-f781-4e38-89cb-3552c159abcd,1.7773449187123784e+18
6c7fb8e3-f781-4e38-89cb-3552c159abcd,1.7773449187457213e+18
6c7fb8e3-f781-4e38-89cb-3552c159abcd,1.7773449187790643e+18
6c7fb8e3-f781-4e38-89cb-3552c159abcd,1.7773449188124063e+18
6c7fb8e3-f781-4e38-89cb-3552c159abcd,1.7773449188457492e+18
6c7fb8e3-f781-4e38-89cb-3552c159abcd,1.7773449188790922e+18
6c7fb8e3-f781-4e38-89cb-3552c159abcd,1.7773449189124342e+18
6c7fb8e3-f781-4e38-89cb-3552c159abcd,1.7773449189457772e+18
6c7fb8e3-f781-4e38-89cb-3552c159abcd,1.77734491897912e+18
6c7fb8e3-f781-4e38-89cb-3552c159abcd,1.7773449190124623e+18
6c7fb8e3-f781-4e38-89cb-3552c159abcd,1.7773449190458053e+18
6c7fb8e3-f781-4e38-89cb-3552c159abcd,1.7773449190791473e+18
6c7fb8e3-f781-4e38-89cb-3552c159abcd,1.7773449191124902e+18
6c7fb8e3-f781-4e38-89cb-3552c159abcd,1.7773449191458332e+18
6c7fb8e3-f781-4e38-89cb-3552c159abcd,1.7773449191791752e+18
6c7fb8e3-f781-4e38-89cb-3552c159abcd,1.7773449192125181e+18
6c7fb8e3-f781-4e38-89cb-3552c159abcd,1.777344919245861e+18
6c7fb8e3-f781-4e38-89cb-3552c159abcd,1.7773449192792033e+18
6c7fb8e3-f781-4e38-89cb-3552c159abcd,1.7773449193125463e+18
6c7fb8e3-f781-4e38-89cb-3552c159abcd,1.7773449193458893e+18
6c7fb8e3-f781-4e38-89cb-3552c159abcd,1.7773449193792312e+18
6c7fb8e3-f781-4e38-89cb-3552c159abcd,1.7773449194125742e+18
6c7fb8e3-f781-4e38-89cb-3552c159abcd,1.7773449194459172e+18
6c7fb8e3-f781-4e38-89cb-3552c159abcd,1.7773449194792591e+18
6c7fb8e3-f781-4e38-89cb-3552c159abcd,1.7773449195126024e+18
6c7fb8e3-f781-4e38-89cb-3552c159abcd,1.7773449195459443e+18
6c7fb8e3-f781-4e38-89cb-3552c159abcd,1.7773449195792873e+18
6c7fb8e3-f781-4e38-89cb-3552c159abcd,1.7773449196126303e+18
6c7fb8e3-f781-4e38-89cb-3552c159abcd,1.7773449196459722e+18
6c7fb8e3-f781-4e38-89cb-3552c159abcd,1.7773449196793152e+18
6c7fb8e3-f781-4e38-89cb-3552c159abcd,1.7773449197126582e+18
6c7fb8e3-f781-4e38-89cb-3552c159abcd,1.7773449197460001e+18
6c7fb8e3-f781-4e38-89cb-3552c159abcd,1.7773449197793434e+18
6c7fb8e3-f781-4e38-89cb-3552c159abcd,1.7773449198126863e+18
6c7fb8e3-f781-4e38-89cb-3552c159abcd,1.7773449198460283e+18
6c7fb8e3-f781-4e38-89cb-3552c159abcd,1.7773449198793713e+18
6c7fb8e3-f781-4e38-89cb-3552c159abcd,1.7773449199127132e+18
6c7fb8e3-f781-4e38-89cb-3552c159abcd,1.7773449199460562e+18
6c7fb8e3-f781-4e38-89cb-3552c159abcd,1.7773449199793992e+18
6c7fb8e3-f781-4e38-89cb-3552c159abcd,1.777344920012741e+18
6c7fb8e3-f781-4e38-89cb-3552c159abcd,1.7773449200460844e+18
6c7fb8e3-f781-4e38-89cb-3552c159abcd,1.7773449200794273e+18
6c7fb8e3-f781-4e38-89cb-3552c159abcd,1.7773449201127693e+18
6c7fb8e3-f781-4e38-89cb-3552c159abcd,1.7773449201461123e+18
6c7fb8e3-f781-4e38-89cb-3552c159abcd,1.7773449201794552e+18
6c7fb8e3-f781-4e38-89cb-3552c159abcd,1.7773449202127972e+18
6c7fb8e3-f781-4e38-89cb-3552c159abcd,1.7773449202461402e+18
6c7fb8e3-f781-4e38-89cb-3552c159abcd,1.7773449202794831e+18
6c7fb8e3-f781-4e38-89cb-3552c159abcd,1.7773449203128253e+18
6c7fb8e3-f781-4e38-89cb-3552c159abcd,1.7773449203461683e+18
6c7fb8e3-f781-4e38-89cb-3552c159abcd,1.7773449203795113e+18
6c7fb8e3-f781-4e38-89cb-3552c159abcd,1.7773449204128532e+18
6c7fb8e3-f781-4e38-89cb-3552c159abcd,1.7773449204461962e+18
6c7fb8e3-f781-4e38-89cb-3552c159abcd,1.7773449204795382e+18
6c7fb8e3-f781-4e38-89cb-3552c159abcd,1.7773449205128812e+18
6c7fb8e3-f781-4e38-89cb-3552c159abcd,1.777344920546224e+18
6c7fb8e3-f781-4e38-89cb-3552c159abcd,1.7773449205795663e+18
6c7fb8e3-f781-4e38-89cb-3552c159abcd,1.7773449206129093e+18
6c7fb8e3-f781-4e38-89cb-3552c159abcd,1.7773449206462523e+18
6c7fb8e3-f781-4e38-89cb-3552c159abcd,1.7773449206795942e+18
6c7fb8e3-f781-4e38-89cb-3552c159abcd,1.7773449207129372e+18
6c7fb8e3-f781-4e38-89cb-3552c159abcd,1.7773449207462802e+18
6c7fb8e3-f781-4e38-89cb-3552c159abcd,1.7773449207796221e+18
6c7fb8e3-f781-4e38-89cb-3552c159abcd,1.777344920812965e+18
6c7fb8e3-f781-4e38-89cb-3552c159abcd,1.7773449208463073e+18
6c7fb8e3-f781-4e38-89cb-3552c159abcd,1.7773449208796503e+18
6c7fb8e3-f781-4e38-89cb-3552c159abcd,1.7773449209129933e+18
6c7fb8e3-f781-4e38-89cb-3552c159abcd,1.7773449209463352e+18
6c7fb8e3-f781-4e38-89cb-3552c159abcd,1.7773449209796782e+18
6c7fb8e3-f781-4e38-89cb-3552c159abcd,1.7773449210130212e+18
6c7fb8e3-f781-4e38-89cb-3552c159abcd,1.7773449210463631e+18
6c7fb8e3-f781-4e38-89cb-3552c159abcd,1.7773449210797064e+18
6c7fb8e3-f781-4e38-89cb-3552c159abcd,1.7773449211130493e+18
6c7fb8e3-f781-4e38-89cb-3552c159abcd,1.7773449211463913e+18
6c7fb8e3-f781-4e38-89cb-3552c159abcd,1.7773449211797343e+18
6c7fb8e3-f781-4e38-89cb-3552c159abcd,1.7773449212130772e+18
6c7fb8e3-f781-4e38-89cb-3552c159abcd,1.7773449212464192e+18
6c7fb8e3-f781-4e38-89cb-3552c159abcd,1.7773449212797622e+18
6c7fb8e3-f781-4e38-89cb-3552c159abcd,1.7773449213131041e+18
6c7fb8e3-f781-4e38-89cb-3552c159abcd,1.7773449213464474e+18
6c7fb8e3-f781-4e38-89cb-3552c159abcd,1.7773449213797903e+18
6c7fb8e3-f781-4e38-89cb-3552c159abcd,1.7773449214131323e+18
6c7fb8e3-f781-4e38-89cb-3552c159abcd,1.7773449214464753e+18
6c7fb8e3-f781-4e38-89cb-3552c159abcd,1.7773449214798182e+18
6c7fb8e3-f781-4e38-89cb-3552c159abcd,1.7773449215131602e+18
6c7fb8e3-f781-4e38-89cb-3552c159abcd,1.7773449215465032e+18
6c7fb8e3-f781-4e38-89cb-3552c159abcd,1.7773449215798461e+18
6c7fb8e3-f781-4e38-89cb-3552c159abcd,1.7773449216131884e+18
6c7fb8e3-f781-4e38-89cb-3552c159abcd,1.7773449216465313e+18
6c7fb8e3-f781-4e38-89cb-3552c159abcd,1.7773449216798733e+18
6c7fb8e3-f781-4e38-89cb-3552c159abcd,1.7773449217132163e+18
6c7fb8e3-f781-4e38-89cb-3552c159abcd,1.7773449217465592e+18
6c7fb8e3-f781-4e38-89cb-3552c159abcd,1.7773449217799022e+18
6c7fb8e3-f781-4e38-89cb-3552c159abcd,1.7773449218132442e+18
6c7fb8e3-f781-4e38-89cb-3552c159abcd,1.7773449218465871e+18
6c7fb8e3-f781-4e38-89cb-3552c159abcd,1.7773449218799293e+18
6c7fb8e3-f781-4e38-89cb-3552c159abcd,1.7773449219132723e+18
6c7fb8e3-f781-4e38-89cb-3552c159abcd,1.7773449219466153e+18
6c7fb8e3-f781-4e38-89cb-3552c159abcd,1.7773449219799572e+18
6c7fb8e3-f781-4e38-89cb-3552c159abcd,1.7773449220133002e+18
6c7fb8e3-f781-4e38-89cb-3552c159abcd,1.7773449220466432e+18
6c7fb8e3-f781-4e38-89cb-3552c159abcd,1.7773449220799852e+18
6c7fb8e3-f781-4e38-89cb-3552c159abcd,1.777344922113328e+18
6c7fb8e3-f781-4e38-89cb-3552c159abcd,1.7773449221466714e+18
6c7fb8e3-f781-4e38-89cb-3552c159abcd,1.7773449221800133e+18
6c7fb8e3-f781-4e38-89cb-3552c159abcd,1.7773449222133563e+18
6c7fb8e3-f781-4e38-89cb-3552c159abcd,1.7773449222466982e+18
6c7fb8e3-f781-4e38-89cb-3552c159abcd,1.7773449222800412e+18
6c7fb8e3-f781-4e38-89cb-3552c159abcd,1.7773449223133842e+18
6c7fb8e3-f781-4e38-89cb-3552c159abcd,1.7773449223467261e+18
6c7fb8e3-f781-4e38-89cb-3552c159abcd,1.777344922380069e+18
6c7fb8e3-f781-4e38-89cb-3552c159abcd,1.7773449224134124e+18
6c7fb8e3-f781-4e38-89cb-3552c159abcd,1.7773449224467543e+18
6c7fb8e3-f781-4e38-89cb-3552c159abcd,1.7773449224800973e+18
6c7fb8e3-f781-4e38-89cb-3552c159abcd,1.7773449225134403e+18
6c7fb8e3-f781-4e38-89cb-3552c159abcd,1.7773449225467822e+18
6c7fb8e3-f781-4e38-89cb-3552c159abcd,1.7773449225801252e+18
6c7fb8e3-f781-4e38-89cb-3552c159abcd,1.7773449226134671e+18
6c7fb8e3-f781-4e38-89cb-3552c159abcd,1.7773449226468104e+18
6c7fb8e3-f781-4e38-89cb-3552c159abcd,1.7773449226801533e+18
6c7fb8e3-f781-4e38-89cb-3552c159abcd,1.7773449227134953e+18
6c7fb8e3-f781-4e38-89cb-3552c159abcd,1.7773449227468383e+18
6c7fb8e3-f781-4e38-89cb-3552c159abcd,1.7773449227801812e+18
6c7fb8e3-f781-4e38-89cb-3552c159abcd,1.7773449228135232e+18
6c7fb8e3-f781-4e38-89cb-3552c159abcd,1.7773449228468662e+18
6c7fb8e3-f781-4e38-89cb-3552c159abcd,1.7773449228802092e+18
6c7fb8e3-f781-4e38-89cb-3552c159abcd,1.7773449229135514e+18
6c7fb8e3-f781-4e38-89cb-3552c159abcd,1.7773449229468943e+18
6c7fb8e3-f781-4e38-89cb-3552c159abcd,1.7773449229802373e+18
6c7fb8e3-f781-4e38-89cb-3552c159abcd,1.7773449230135793e+18
6c7fb8e3-f781-4e38-89cb-3552c159abcd,1.7773449230469222e+18
6c7fb8e3-f781-4e38-89cb-3552c159abcd,1.7773449230802652e+18
6c7fb8e3-f781-4e38-89cb-3552c159abcd,1.7773449231136072e+18
6c7fb8e3-f781-4e38-89cb-3552c159abcd,1.7773449231469501e+18
6c7fb8e3-f781-4e38-89cb-3552c159abcd,1.7773449231802924e+18
6c7fb8e3-f781-4e38-89cb-3552c159abcd,1.7773449232136353e+18
6c7fb8e3-f781-4e38-89cb-3552c159abcd,1.7773449232469783e+18
6c7fb8e3-f781-4e38-89cb-3552c159abcd,1.7773449232803203e+18
6c7fb8e3-f781-4e38-89cb-3552c159abcd,1.7773449233136632e+18
6c7fb8e3-f781-4e38-89cb-3552c159abcd,1.7773449233470062e+18
6c7fb8e3-f781-4e38-89cb-3552c159abcd,1.7773449233803482e+18
6c7fb8e3-f781-4e38-89cb-3552c159abcd,1.7773449234136911e+18
6c7fb8e3-f781-4e38-89cb-3552c159abcd,1.7773449234470344e+18
6c7fb8e3-f781-4e38-89cb-3552c159abcd,1.7773449234803763e+18
6c7fb8e3-f781-4e38-89cb-3552c159abcd,1.7773449235137193e+18
6c7fb8e3-f781-4e38-89cb-3552c159abcd,1.7773449235470612e+18
6c7fb8e3-f781-4e38-89cb-3552c159abcd,1.7773449235804042e+18
6c7fb8e3-f781-4e38-89cb-3552c159abcd,1.7773449236137472e+18
6c7fb8e3-f781-4e38-89cb-3552c159abcd,1.7773449236470892e+18
6c7fb8e3-f781-4e38-89cb-3552c159abcd,1.777344923680432e+18
6c7fb8e3-f781-4e38-89cb-3552c159abcd,1.7773449237137754e+18
6c7fb8e3-f781-4e38-89cb-3552c159abcd,1.7773449237471173e+18
6c7fb8e3-f781-4e38-89cb-3552c159abcd,1.7773449237804603e+18
6c7fb8e3-f781-4e38-89cb-3552c159abcd,1.7773449238138033e+18
6c7fb8e3-f781-4e38-89cb-3552c159abcd,1.7773449238471452e+18
6c7fb8e3-f781-4e38-89cb-3552c159abcd,1.7773449238804882e+18
6c7fb8e3-f781-4e38-89cb-3552c159abcd,1.7773449239138312e+18
6c7fb8e3-f781-4e38-89cb-3552c159abcd,1.777344923947173e+18
6c7fb8e3-f781-4e38-89cb-3552c159abcd,1.7773449239805164e+18
6c7fb8e3-f781-4e38-89cb-3552c159abcd,1.7773449240138583e+18
6c7fb8e3-f781-4e38-89cb-3552c159abcd,1.7773449240472013e+18
6c7fb8e3-f781-4e38-89cb-3552c159abcd,1.7773449240805443e+18
6c7fb8e3-f781-4e38-89cb-3552c159abcd,1.7773449241138862e+18
6c7fb8e3-f781-4e38-89cb-3552c159abcd,1.7773449241472292e+18
6c7fb8e3-f781-4e38-89cb-3552c159abcd,1.7773449241805722e+18
6c7fb8e3-f781-4e38-89cb-3552c159abcd,1.7773449242139144e+18
6c7fb8e3-f781-4e38-89cb-3552c159abcd,1.7773449242472573e+18
6c7fb8e3-f781-4e38-89cb-3552c159abcd,1.7773449242806003e+18
6c7fb8e3-f781-4e38-89cb-3552c159abcd,1.7773449243139423e+18
6c7fb8e3-f781-4e38-89cb-3552c159abcd,1.7773449243472852e+18
6c7fb8e3-f781-4e38-89cb-3552c159abcd,1.7773449243806282e+18
6c7fb8e3-f781-4e38-89cb-3552c159abcd,1.7773449244139702e+18
6c7fb8e3-f781-4e38-89cb-3552c159abcd,1.7773449244473132e+18
6c7fb8e3-f781-4e38-89cb-3552c159abcd,1.7773449244806554e+18
6c7fb8e3-f781-4e38-89cb-3552c159abcd,1.7773449245139983e+18
6c7fb8e3-f781-4e38-89cb-3552c159abcd,1.7773449245473413e+18
6c7fb8e3-f781-4e38-89cb-3552c159abcd,1.7773449245806833e+18
6c7fb8e3-f781-4e38-89cb-3552c159abcd,1.7773449246140262e+18
6c7fb8e3-f781-4e38-89cb-3552c159abcd,1.7773449246473692e+18
6c7fb8e3-f781-4e38-89cb-3552c159abcd,1.7773449246807112e+18
6c7fb8e3-f781-4e38-89cb-3552c159abcd,1.7773449247140541e+18
6c7fb8e3-f781-4e38-89cb-3552c159abcd,1.777344924747397e+18
6c7fb8e3-f781-4e38-89cb-3552c159abcd,1.7773449247807393e+18
6c7fb8e3-f781-4e38-89cb-3552c159abcd,1.7773449248140823e+18
6c7fb8e3-f781-4e38-89cb-3552c159abcd,1.7773449248474253e+18
