recording id,timestamp [ns]
d9c1120c-05d9-4559-9b36-0867c9eb36ef,1.777344271934445e+18
d9c1120c-05d9-4559-9b36-0867c9eb36ef,1.777344271967787e+18
d9c1120c-05d9-4559-9b36-0867c9eb36ef,1.77734427200113e+18
d9c1120c-05d9-4559-9b36-0867c9eb36ef,1.777344272034472e+18
d9c1120c-05d9-4559-9b36-0867c9eb36ef,1.777344272067814e+18
d9c1120c-05d9-4559-9b36-0867c9eb36ef,1.7773442721011569e+18
d9c1120c-05d9-4559-9b36-0867c9eb36ef,1.777344272134499e+18
d9c1120c-05d9-4559-9b36-0867c9eb36ef,1.777344272167842e+18
d9c1120c-05d9-4559-9b36-0867c9eb36ef,1.777344272201184e+18
d9c1120c-05d9-4559-9b36-0867c9eb36ef,1.777344272234527e+18
d9c1120c-05d9-4559-9b36-0867c9eb36ef,1.777344272267869e+18
d9c1120c-05d9-4559-9b36-0867c9eb36ef,1.777344272301212e+18
d9c1120c-05d9-4559-9b36-0867c9eb36ef,1.7773442723345539e+18
d9c1120c-05d9-4559-9b36-0867c9eb36ef,1.777344272367896e+18
d9c1120c-05d9-4559-9b36-0867c9eb36ef,1.777344272401239e+18
d9c1120c-05d9-4559-9b36-0867c9eb36ef,1.777344272434581e+18
d9c1120c-05d9-4559-9b36-0867c9eb36ef,1.777344272467924e+18
d9c1120c-05d9-4559-9b36-0867c9eb36ef,1.777344272501266e+18
d9c1120c-05d9-4559-9b36-0867c9eb36ef,1.777344272534609e+18
d9c1120c-05d9-4559-9b36-0867c9eb36ef,1.7773442725679508e+18
d9c1120c-05d9-4559-9b36-0867c9eb36ef,1.7773442726012938e+18
d9c1120c-05d9-4559-9b36-0867c9eb36ef,1.777344272634636e+18
d9c1120c-05d9-4559-9b36-0867c9eb36ef,1.777344272667979e+18
d9c1120c-05d9-4559-9b36-0867c9eb36ef,1.777344272701321e+18
d9c1120c-05d9-4559-9b36-0867c9eb36ef,1.777344272734663e+18
d9c1120c-05d9-4559-9b36-0867c9eb36ef,1.777344272768006e+18
d9c1120c-05d9-4559-9b36-0867c9eb36ef,1.7773442728013478e+18
d9c1120c-05d9-4559-9b36-0867c9eb36ef,1.777344272834691e+18
d9c1120c-05d9-4559-9b36-0867c9eb36ef,1.777344272868033e+18
d9c1120c-05d9-4559-9b36-0867c9eb36ef,1.777344272901376e+18
d9c1120c-05d9-4559-9b36-0867c9eb36ef,1.777344272934718e+18
d9c1120c-05d9-4559-9b36-0867c9eb36ef,1.77734427296806e+18
d9c1120c-05d9-4559-9b36-0867c9eb36ef,1.777344273001403e+18
d9c1120c-05d9-4559-9b36-0867c9eb36ef,1.7773442730347448e+18
d9c1120c-05d9-4559-9b36-0867c9eb36ef,1.777344273068088e+18
d9c1120c-05d9-4559-9b36-0867c9eb36ef,1.77734427310143e+18
d9c1120c-05d9-4559-9b36-0867c9eb36ef,1.777344273134773e+18
d9c1120c-05d9-4559-9b36-0867c9eb36ef,1.777344273168115e+18
d9c1120c-05d9-4559-9b36-0867c9eb36ef,1.777344273201458e+18
d9c1120c-05d9-4559-9b36-0867c9eb36ef,1.7773442732347999e+18
d9c1120c-05d9-4559-9b36-0867c9eb36ef,1.7773442732681428e+18
d9c1120c-05d9-4559-9b36-0867c9eb36ef,1.777344273301485e+18
d9c1120c-05d9-4559-9b36-0867c9eb36ef,1.777344273334827e+18
d9c1120c-05d9-4559-9b36-0867c9eb36ef,1.77734427336817e+18
d9c1120c-05d9-4559-9b36-0867c9eb36ef,1.777344273401512e+18
d9c1120c-05d9-4559-9b36-0867c9eb36ef,1.777344273434855e+18
d9c1120c-05d9-4559-9b36-0867c9eb36ef,1.7773442734681969e+18
d9c1120c-05d9-4559-9b36-0867c9eb36ef,1.7773442735015398e+18
d9c1120c-05d9-4559-9b36-0867c9eb36ef,1.777344273534882e+18
d9c1120c-05d9-4559-9b36-0867c9eb36ef,1.777344273568225e+18
d9c1120c-05d9-4559-9b36-0867c9eb36ef,1.777344273601567e+18
d9c1120c-05d9-4559-9b36-0867c9eb36ef,1.777344273634909e+18
d9c1120c-05d9-4559-9b36-0867c9eb36ef,1.777344273668252e+18
d9c1120c-05d9-4559-9b36-0867c9eb36ef,1.7773442737015939e+18
d9c1120c-05d9-4559-9b36-0867c9eb36ef,1.7773442737349368e+18
d9c1120c-05d9-4559-9b36-0867c9eb36ef,1.777344273768279e+18
d9c1120c-05d9-4559-9b36-0867c9eb36ef,1.777344273801622e+18
d9c1120c-05d9-4559-9b36-0867c9eb36ef,1.777344273834964e+18
d9c1120c-05d9-4559-9b36-0867c9eb36ef,1.777344273868307e+18
d9c1120c-05d9-4559-9b36-0867c9eb36ef,1.777344273901649e+18
d9c1120c-05d9-4559-9b36-0867c9eb36ef,1.7773442739349908e+18
d9c1120c-05d9-4559-9b36-0867c9eb36ef,1.7773442739683338e+18
d9c1120c-05d9-4559-9b36-0867c9eb36ef,1.777344274001676e+18
d9c1120c-05d9-4559-9b36-0867c9eb36ef,1.777344274035019e+18
d9c1120c-05d9-4559-9b36-0867c9eb36ef,1.777344274068361e+18
d9c1120c-05d9-4559-9b36-0867c9eb36ef,1.777344274101704e+18
d9c1120c-05d9-4559-9b36-0867c9eb36ef,1.777344274135046e+18
d9c1120c-05d9-4559-9b36-0867c9eb36ef,1.7773442741683889e+18
d9c1120c-05d9-4559-9b36-0867c9eb36ef,1.777344274201731e+18
d9c1120c-05d9-4559-9b36-0867c9eb36ef,1.777344274235073e+18
d9c1120c-05d9-4559-9b36-0867c9eb36ef,1.777344274268416e+18
d9c1120c-05d9-4559-9b36-0867c9eb36ef,1.777344274301758e+18
d9c1120c-05d9-4559-9b36-0867c9eb36ef,1.777344274335101e+18
d9c1120c-05d9-4559-9b36-0867c9eb36ef,1.777344274368443e+18
d9c1120c-05d9-4559-9b36-0867c9eb36ef,1.7773442744017859e+18
d9c1120c-05d9-4559-9b36-0867c9eb36ef,1.777344274435128e+18
d9c1120c-05d9-4559-9b36-0867c9eb36ef,1.777344274468471e+18
d9c1120c-05d9-4559-9b36-0867c9eb36ef,1.777344274501813e+18
d9c1120c-05d9-4559-9b36-0867c9eb36ef,1.777344274535156e+18
d9c1120c-05d9-4559-9b36-0867c9eb36ef,1.777344274568498e+18
d9c1120c-05d9-4559-9b36-0867c9eb36ef,1.7773442746018399e+18
d9c1120c-05d9-4559-9b36-0867c9eb36ef,1.7773442746351828e+18
d9c1120c-05d9-4559-9b36-0867c9eb36ef,1.777344274668525e+18
d9c1120c-05d9-4559-9b36-0867c9eb36ef,1.777344274701868e+18
d9c1120c-05d9-4559-9b36-0867c9eb36ef,1.77734427473521e+18
d9c1120c-05d9-4559-9b36-0867c9eb36ef,1.777344274768553e+18
d9c1120c-05d9-4559-9b36-0867c9eb36ef,1.777344274801895e+18
d9c1120c-05d9-4559-9b36-0867c9eb36ef,1.7773442748352369e+18
d9c1120c-05d9-4559-9b36-0867c9eb36ef,1.7773442748685798e+18
d9c1120c-05d9-4559-9b36-0867c9eb36ef,1.777344274901922e+18
d9c1120c-05d9-4559-9b36-0867c9eb36ef,1.777344274935265e+18
d9c1120c-05d9-4559-9b36-0867c9eb36ef,1.777344274968607e+18
d9c1120c-05d9-4559-9b36-0867c9eb36ef,1.77734427500195e+18
d9c1120c-05d9-4559-9b36-0867c9eb36ef,1.777344275035292e+18
d9c1120c-05d9-4559-9b36-0867c9eb36ef,1.777344275068635e+18
d9c1120c-05d9-4559-9b36-0867c9eb36ef,1.7773442751019768e+18
d9c1120c-05d9-4559-9b36-0867c9eb36ef,1.77734427513532e+18
d9c1120c-05d9-4559-9b36-0867c9eb36ef,1.777344275168662e+18
d9c1120c-05d9-4559-9b36-0867c9eb36ef,1.777344275202004e+18
d9c1120c-05d9-4559-9b36-0867c9eb36ef,1.777344275235347e+18
d9c1120c-05d9-4559-9b36-0867c9eb36ef,1.777344275268689e+18
d9c1120c-05d9-4559-9b36-0867c9eb36ef,1.777344275302032e+18
d9c1120c-05d9-4559-9b36-0867c9eb36ef,1.7773442753353738e+18
d9c1120c-05d9-4559-9b36-0867c9eb36ef,1.777344275368717e+18
d9c1120c-05d9-4559-9b36-0867c9eb36ef,1.777344275402059e+18
d9c1120c-05d9-4559-9b36-0867c9eb36ef,1.777344275435402e+18
d9c1120c-05d9-4559-9b36-0867c9eb36ef,1.777344275468744e+18
d9c1120c-05d9-4559-9b36-0867c9eb36ef,1.777344275502086e+18
d9c1120c-05d9-4559-9b36-0867c9eb36ef,1.7773442755354289e+18
d9c1120c-05d9-4559-9b36-0867c9eb36ef,1.777344275568771e+18
d9c1120c-05d9-4559-9b36-0867c9eb36ef,1.777344275602114e+18
d9c1120c-05d9-4559-9b36-0867c9eb36ef,1.777344275635456e+18
d9c1120c-05d9-4559-9b36-0867c9eb36ef,1.777344275668799e+18
d9c1120c-05d9-4559-9b36-0867c9eb36ef,1.777344275702141e+18
d9c1120c-05d9-4559-9b36-0867c9eb36ef,1.777344275735484e+18
d9c1120c-05d9-4559-9b36-0867c9eb36ef,1.7773442757688259e+18
d9c1120c-05d9-4559-9b36-0867c9eb36ef,1.777344275802168e+18
d9c1120c-05d9-4559-9b36-0867c9eb36ef,1.777344275835511e+18
d9c1120c-05d9-4559-9b36-0867c9eb36ef,1.777344275868853e+18
d9c1120c-05d9-4559-9b36-0867c9eb36ef,1.777344275902196e+18
d9c1120c-05d9-4559-9b36-0867c9eb36ef,1.777344275935538e+18
d9c1120c-05d9-4559-9b36-0867c9eb36ef,1.777344275968881e+18
d9c1120c-05d9-4559-9b36-0867c9eb36ef,1.7773442760022228e+18
d9c1120c-05d9-4559-9b36-0867c9eb36ef,1.7773442760355658e+18
d9c1120c-05d9-4559-9b36-0867c9eb36ef,1.777344276068908e+18
d9c1120c-05d9-4559-9b36-0867c9eb36ef,1.77734427610225e+18
d9c1120c-05d9-4559-9b36-0867c9eb36ef,1.777344276135593e+18
d9c1120c-05d9-4559-9b36-0867c9eb36ef,1.777344276168935e+18
d9c1120c-05d9-4559-9b36-0867c9eb36ef,1.777344276202278e+18
d9c1120c-05d9-4559-9b36-0867c9eb36ef,1.7773442762356198e+18
d9c1120c-05d9-4559-9b36-0867c9eb36ef,1.777344276268963e+18
d9c1120c-05d9-4559-9b36-0867c9eb36ef,1.777344276302305e+18
d9c1120c-05d9-4559-9b36-0867c9eb36ef,1.777344276335648e+18
d9c1120c-05d9-4559-9b36-0867c9eb36ef,1.77734427636899e+18
d9c1120c-05d9-4559-9b36-0867c9eb36ef,1.777344276402333e+18
d9c1120c-05d9-4559-9b36-0867c9eb36ef,1.777344276435675e+18
d9c1120c-05d9-4559-9b36-0867c9eb36ef,1.7773442764690168e+18
d9c1120c-05d9-4559-9b36-0867c9eb36ef,1.77734427650236e+18
d9c1120c-05d9-4559-9b36-0867c9eb36ef,1.777344276535702e+18
d9c1120c-05d9-4559-9b36-0867c9eb36ef,1.777344276569045e+18
d9c1120c-05d9-4559-9b36-0867c9eb36ef,1.777344276602387e+18
d9c1120c-05d9-4559-9b36-0867c9eb36ef,1.77734427663573e+18
d9c1120c-05d9-4559-9b36-0867c9eb36ef,1.777344276669072e+18
d9c1120c-05d9-4559-9b36-0867c9eb36ef,1.7773442767024148e+18
d9c1120c-05d9-4559-9b36-0867c9eb36ef,1.777344276735757e+18
d9c1120c-05d9-4559-9b36-0867c9eb36ef,1.777344276769099e+18
d9c1120c-05d9-4559-9b36-0867c9eb36ef,1.777344276802442e+18
d9c1120c-05d9-4559-9b36-0867c9eb36ef,1.777344276835784e+18
d9c1120c-05d9-4559-9b36-0867c9eb36ef,1.777344276869127e+18
d9c1120c-05d9-4559-9b36-0867c9eb36ef,1.7773442769024689e+18
d9c1120c-05d9-4559-9b36-0867c9eb36ef,1.7773442769358118e+18
d9c1120c-05d9-4559-9b36-0867c9eb36ef,1.777344276969154e+18
d9c1120c-05d9-4559-9b36-0867c9eb36ef,1.777344277002497e+18
d9c1120c-05d9-4559-9b36-0867c9eb36ef,1.777344277035839e+18
d9c1120c-05d9-4559-9b36-0867c9eb36ef,1.777344277069181e+18
d9c1120c-05d9-4559-9b36-0867c9eb36ef,1.777344277102524e+18
d9c1120c-05d9-4559-9b36-0867c9eb36ef,1.7773442771358659e+18
d9c1120c-05d9-4559-9b36-0867c9eb36ef,1.7773442771692088e+18
d9c1120c-05d9-4559-9b36-0867c9eb36ef,1.777344277202551e+18
d9c1120c-05d9-4559-9b36-0867c9eb36ef,1.777344277235894e+18
d9c1120c-05d9-4559-9b36-0867c9eb36ef,1.777344277269236e+18
d9c1120c-05d9-4559-9b36-0867c9eb36ef,1.777344277302579e+18
d9c1120c-05d9-4559-9b36-0867c9eb36ef,1.777344277335921e+18
d9c1120c-05d9-4559-9b36-0867c9eb36ef,1.7773442773692628e+18
d9c1120c-05d9-4559-9b36-0867c9eb36ef,1.7773442774026058e+18
d9c1120c-05d9-4559-9b36-0867c9eb36ef,1.777344277435948e+18
d9c1120c-05d9-4559-9b36-0867c9eb36ef,1.777344277469291e+18
d9c1120c-05d9-4559-9b36-0867c9eb36ef,1.777344277502633e+18
d9c1120c-05d9-4559-9b36-0867c9eb36ef,1.777344277535976e+18
d9c1120c-05d9-4559-9b36-0867c9eb36ef,1.777344277569318e+18
d9c1120c-05d9-4559-9b36-0867c9eb36ef,1.7773442776026609e+18
d9c1120c-05d9-4559-9b36-0867c9eb36ef,1.777344277636003e+18
d9c1120c-05d9-4559-9b36-0867c9eb36ef,1.777344277669345e+18
d9c1120c-05d9-4559-9b36-0867c9eb36ef,1.777344277702688e+18
d9c1120c-05d9-4559-9b36-0867c9eb36ef,1.77734427773603e+18
d9c1120c-05d9-4559-9b36-0867c9eb36ef,1.777344277769373e+18
d9c1120c-05d9-4559-9b36-0867c9eb36ef,1.777344277802715e+18
d9c1120c-05d9-4559-9b36-0867c9eb36ef,1.7773442778360579e+18
d9c1120c-05d9-4559-9b36-0867c9eb36ef,1.7773442778694e+18
d9c1120c-05d9-4559-9b36-0867c9eb36ef,1.777344277902743e+18
d9c1120c-05d9-4559-9b36-0867c9eb36ef,1.777344277936085e+18
d9c1120c-05d9-4559-9b36-0867c9eb36ef,1.777344277969427e+18
d9c1120c-05d9-4559-9b36-0867c9eb36ef,1.77734427800277e+18
d9c1120c-05d9-4559-9b36-0867c9eb36ef,1.777344278036112e+18
d9c1120c-05d9-4559-9b36-0867c9eb36ef,1.7773442780694548e+18
d9c1120c-05d9-4559-9b36-0867c9eb36ef,1.777344278102797e+18
d9c1120c-05d9-4559-9b36-0867c9eb36ef,1.77734427813614e+18
d9c1120c-05d9-4559-9b36-0867c9eb36ef,1.777344278169482e+18
d9c1120c-05d9-4559-9b36-0867c9eb36ef,1.777344278202825e+18
d9c1120c-05d9-4559-9b36-0867c9eb36ef,1.777344278236167e+18
d9c1120c-05d9-4559-9b36-0867c9eb36ef,1.77734427826951e+18
d9c1120c-05d9-4559-9b36-0867c9eb36ef,1.7773442783028518e+18
d9c1120c-05d9-4559-9b36-0867c9eb36ef,1.777344278336194e+18
d9c1120c-05d9-4559-9b36-0867c9eb36ef,1.777344278369537e+18
d9c1120c-05d9-4559-9b36-0867c9eb36ef,1.777344278402879e+18
d9c1120c-05d9-4559-9b36-0867c9eb36ef,1.777344278436222e+18
d9c1120c-05d9-4559-9b36-0867c9eb36ef,1.777344278469564e+18
d9c1120c-05d9-4559-9b36-0867c9eb36ef,1.777344278502907e+18
d9c1120c-05d9-4559-9b36-0867c9eb36ef,1.7773442785362488e+18
d9c1120c-05d9-4559-9b36-0867c9eb36ef,1.777344278569592e+18
d9c1120c-05d9-4559-9b36-0867c9eb36ef,1.777344278602934e+18
d9c1120c-05d9-4559-9b36-0867c9eb36ef,1.777344278636276e+18
d9c1120c-05d9-4559-9b36-0867c9eb36ef,1.777344278669619e+18
d9c1120c-05d9-4559-9b36-0867c9eb36ef,1.777344278702961e+18
d9c1120c-05d9-4559-9b36-0867c9eb36ef,1.7773442787363039e+18
d9c1120c-05d9-4559-9b36-0867c9eb36ef,1.7773442787696458e+18
d9c1120c-05d9-4559-9b36-0867c9eb36ef,1.777344278802989e+18
d9c1120c-05d9-4559-9b36-0867c9eb36ef,1.777344278836331e+18
d9c1120c-05d9-4559-9b36-0867c9eb36ef,1.777344278869674e+18
d9c1120c-05d9-4559-9b36-0867c9eb36ef,1.777344278903016e+18
d9c1120c-05d9-4559-9b36-0867c9eb36ef,1.777344278936358e+18
d9c1120c-05d9-4559-9b36-0867c9eb36ef,1.7773442789697009e+18
d9c1120c-05d9-4559-9b36-0867c9eb36ef,1.777344279003043e+18
d9c1120c-05d9-4559-9b36-0867c9eb36ef,1.777344279036386e+18
d9c1120c-05d9-4559-9b36-0867c9eb36ef,1.777344279069728e+18
d9c1120c-05d9-4559-9b36-0867c9eb36ef,1.777344279103071e+18
d9c1120c-05d9-4559-9b36-0867c9eb36ef,1.777344279136413e+18
d9c1120c-05d9-4559-9b36-0867c9eb36ef,1.777344279169756e+18
d9c1120c-05d9-4559-9b36-0867c9eb36ef,1.7773442792030979e+18
d9c1120c-05d9-4559-9b36-0867c9eb36ef,1.77734427923644e+18
d9c1120c-05d9-4559-9b36-0867c9eb36ef,1.777344279269783e+18
d9c1120c-05d9-4559-9b36-0867c9eb36ef,1.777344279303125e+18
d9c1120c-05d9-4559-9b36-0867c9eb36ef,1.777344279336468e+18
d9c1120c-05d9-4559-9b36-0867c9eb36ef,1.77734427936981e+18
d9c1120c-05d9-4559-9b36-0867c9eb36ef,1.777344279403153e+18
d9c1120c-05d9-4559-9b36-0867c9eb36ef,1.7773442794364948e+18
d9c1120c-05d9-4559-9b36-0867c9eb36ef,1.7773442794698378e+18
d9c1120c-05d9-4559-9b36-0867c9eb36ef,1.77734427950318e+18
d9c1120c-05d9-4559-9b36-0867c9eb36ef,1.777344279536522e+18
d9c1120c-05d9-4559-9b36-0867c9eb36ef,1.777344279569865e+18
d9c1120c-05d9-4559-9b36-0867c9eb36ef,1.777344279603207e+18
d9c1120c-05d9-4559-9b36-0867c9eb36ef,1.77734427963655e+18
d9c1120c-05d9-4559-9b36-0867c9eb36ef,1.7773442796698918e+18
d9c1120c-05d9-4559-9b36-0867c9eb36ef,1.777344279703235e+18
d9c1120c-05d9-4559-9b36-0867c9eb36ef,1.777344279736577e+18
d9c1120c-05d9-4559-9b36-0867c9eb36ef,1.77734427976992e+18
d9c1120c-05d9-4559-9b36-0867c9eb36ef,1.777344279803262e+18
d9c1120c-05d9-4559-9b36-0867c9eb36ef,1.777344279836604e+18
d9c1120c-05d9-4559-9b36-0867c9eb36ef,1.777344279869947e+18
d9c1120c-05d9-4559-9b36-0867c9eb36ef,1.7773442799032888e+18
d9c1120c-05d9-4559-9b36-0867c9eb36ef,1.777344279936632e+18
d9c1120c-05d9-4559-9b36-0867c9eb36ef,1.777344279969974e+18
d9c1120c-05d9-4559-9b36-0867c9eb36ef,1.777344280003317e+18
d9c1120c-05d9-4559-9b36-0867c9eb36ef,1.777344280036659e+18
d9c1120c-05d9-4559-9b36-0867c9eb36ef,1.777344280070002e+18
d9c1120c-05d9-4559-9b36-0867c9eb36ef,1.7773442801033439e+18
d9c1120c-05d9-4559-9b36-0867c9eb36ef,1.7773442801366868e+18
d9c1120c-05d9-4559-9b36-0867c9eb36ef,1.777344280170029e+18
d9c1120c-05d9-4559-9b36-0867c9eb36ef,1.777344280203371e+18
d9c1120c-05d9-4559-9b36-0867c9eb36ef,1.777344280236714e+18
d9c1120c-05d9-4559-9b36-0867c9eb36ef,1.777344280270056e+18
d9c1120c-05d9-4559-9b36-0867c9eb36ef,1.777344280303399e+18
d9c1120c-05d9-4559-9b36-0867c9eb36ef,1.7773442803367409e+18
d9c1120c-05d9-4559-9b36-0867c9eb36ef,1.7773442803700838e+18
d9c1120c-05d9-4559-9b36-0867c9eb36ef,1.777344280403426e+18
d9c1120c-05d9-4559-9b36-0867c9eb36ef,1.777344280436768e+18
d9c1120c-05d9-4559-9b36-0867c9eb36ef,1.777344280470111e+18
d9c1120c-05d9-4559-9b36-0867c9eb36ef,1.777344280503453e+18
d9c1120c-05d9-4559-9b36-0867c9eb36ef,1.777344280536796e+18
d9c1120c-05d9-4559-9b36-0867c9eb36ef,1.7773442805701379e+18
d9c1120c-05d9-4559-9b36-0867c9eb36ef,1.7773442806034808e+18
d9c1120c-05d9-4559-9b36-0867c9eb36ef,1.777344280636823e+18
d9c1120c-05d9-4559-9b36-0867c9eb36ef,1.777344280670166e+18
d9c1120c-05d9-4559-9b36-0867c9eb36ef,1.777344280703508e+18
d9c1120c-05d9-4559-9b36-0867c9eb36ef,1.777344280736851e+18
d9c1120c-05d9-4559-9b36-0867c9eb36ef,1.777344280770193e+18
d9c1120c-05d9-4559-9b36-0867c9eb36ef,1.7773442808035348e+18
d9c1120c-05d9-4559-9b36-0867c9eb36ef,1.7773442808368778e+18
d9c1120c-05d9-4559-9b36-0867c9eb36ef,1.77734428087022e+18
d9c1120c-05d9-4559-9b36-0867c9eb36ef,1.777344280903563e+18
d9c1120c-05d9-4559-9b36-0867c9eb36ef,1.777344280936905e+18
d9c1120c-05d9-4559-9b36-0867c9eb36ef,1.777344280970248e+18
d9c1120c-05d9-4559-9b36-0867c9eb36ef,1.77734428100359e+18
d9c1120c-05d9-4559-9b36-0867c9eb36ef,1.7773442810369329e+18
d9c1120c-05d9-4559-9b36-0867c9eb36ef,1.777344281070275e+18
d9c1120c-05d9-4559-9b36-0867c9eb36ef,1.777344281103617e+18
d9c1120c-05d9-4559-9b36-0867c9eb36ef,1.77734428113696e+18
d9c1120c-05d9-4559-9b36-0867c9eb36ef,1.777344281170302e+18
d9c1120c-05d9-4559-9b36-0867c9eb36ef,1.777344281203645e+18
d9c1120c-05d9-4559-9b36-0867c9eb36ef,1.777344281236987e+18
d9c1120c-05d9-4559-9b36-0867c9eb36ef,1.7773442812703299e+18
d9c1120c-05d9-4559-9b36-0867c9eb36ef,1.777344281303672e+18
d9c1120c-05d9-4559-9b36-0867c9eb36ef,1.777344281337015e+18
d9c1120c-05d9-4559-9b36-0867c9eb36ef,1.777344281370357e+18
d9c1120c-05d9-4559-9b36-0867c9eb36ef,1.777344281403699e+18
d9c1120c-05d9-4559-9b36-0867c9eb36ef,1.777344281437042e+18
d9c1120c-05d9-4559-9b36-0867c9eb36ef,1.7773442814703839e+18
d9c1120c-05d9-4559-9b36-0867c9eb36ef,1.7773442815037268e+18
d9c1120c-05d9-4559-9b36-0867c9eb36ef,1.777344281537069e+18
d9c1120c-05d9-4559-9b36-0867c9eb36ef,1.777344281570412e+18
d9c1120c-05d9-4559-9b36-0867c9eb36ef,1.777344281603754e+18
d9c1120c-05d9-4559-9b36-0867c9eb36ef,1.777344281637097e+18
d9c1120c-05d9-4559-9b36-0867c9eb36ef,1.777344281670439e+18
d9c1120c-05d9-4559-9b36-0867c9eb36ef,1.7773442817037809e+18
d9c1120c-05d9-4559-9b36-0867c9eb36ef,1.7773442817371238e+18
d9c1120c-05d9-4559-9b36-0867c9eb36ef,1.777344281770466e+18
d9c1120c-05d9-4559-9b36-0867c9eb36ef,1.777344281803809e+18
d9c1120c-05d9-4559-9b36-0867c9eb36ef,1.777344281837151e+18
d9c1120c-05d9-4559-9b36-0867c9eb36ef,1.777344281870494e+18
d9c1120c-05d9-4559-9b36-0867c9eb36ef,1.777344281903836e+18
d9c1120c-05d9-4559-9b36-0867c9eb36ef,1.777344281937179e+18
d9c1120c-05d9-4559-9b36-0867c9eb36ef,1.7773442819705208e+18
d9c1120c-05d9-4559-9b36-0867c9eb36ef,1.777344282003864e+18
d9c1120c-05d9-4559-9b36-0867c9eb36ef,1.777344282037206e+18
d9c1120c-05d9-4559-9b36-0867c9eb36ef,1.777344282070548e+18
d9c1120c-05d9-4559-9b36-0867c9eb36ef,1.777344282103891e+18
d9c1120c-05d9-4559-9b36-0867c9eb36ef,1.777344282137233e+18
d9c1120c-05d9-4559-9b36-0867c9eb36ef,1.777344282170576e+18
d9c1120c-05d9-4559-9b36-0867c9eb36ef,1.7773442822039178e+18
d9c1120c-05d9-4559-9b36-0867c9eb36ef,1.777344282237261e+18
d9c1120c-05d9-4559-9b36-0867c9eb36ef,1.777344282270603e+18
d9c1120c-05d9-4559-9b36-0867c9eb36ef,1.777344282303945e+18
d9c1120c-05d9-4559-9b36-0867c9eb36ef,1.777344282337288e+18
d9c1120c-05d9-4559-9b36-0867c9eb36ef,1.77734428237063e+18
d9c1120c-05d9-4559-9b36-0867c9eb36ef,1.7773442824039729e+18
d9c1120c-05d9-4559-9b36-0867c9eb36ef,1.777344282437315e+18
d9c1120c-05d9-4559-9b36-0867c9eb36ef,1.777344282470658e+18
d9c1120c-05d9-4559-9b36-0867c9eb36ef,1.777344282504e+18
d9c1120c-05d9-4559-9b36-0867c9eb36ef,1.777344282537343e+18
d9c1120c-05d9-4559-9b36-0867c9eb36ef,1.777344282570685e+18
d9c1120c-05d9-4559-9b36-0867c9eb36ef,1.777344282604028e+18
d9c1120c-05d9-4559-9b36-0867c9eb36ef,1.7773442826373699e+18
d9c1120c-05d9-4559-9b36-0867c9eb36ef,1.777344282670712e+18
d9c1120c-05d9-4559-9b36-0867c9eb36ef,1.777344282704055e+18
d9c1120c-05d9-4559-9b36-0867c9eb36ef,1.777344282737397e+18
d9c1120c-05d9-4559-9b36-0867c9eb36ef,1.77734428277074e+18
d9c1120c-05d9-4559-9b36-0867c9eb36ef,1.777344282804082e+18
d9c1120c-05d9-4559-9b36-0867c9eb36ef,1.777344282837425e+18
d9c1120c-05d9-4559-9b36-0867c9eb36ef,1.7773442828707668e+18
d9c1120c-05d9-4559-9b36-0867c9eb36ef,1.7773442829041098e+18
d9c1120c-05d9-4559-9b36-0867c9eb36ef,1.777344282937452e+18
d9c1120c-05d9-4559-9b36-0867c9eb36ef,1.777344282970794e+18
d9c1120c-05d9-4559-9b36-0867c9eb36ef,1.777344283004137e+18
d9c1120c-05d9-4559-9b36-0867c9eb36ef,1.777344283037479e+18
d9c1120c-05d9-4559-9b36-0867c9eb36ef,1.777344283070822e+18
d9c1120c-05d9-4559-9b36-0867c9eb36ef,1.7773442831041638e+18
d9c1120c-05d9-4559-9b36-0867c9eb36ef,1.777344283137507e+18
d9c1120c-05d9-4559-9b36-0867c9eb36ef,1.777344283170849e+18
d9c1120c-05d9-4559-9b36-0867c9eb36ef,1.777344283204192e+18
d9c1120c-05d9-4559-9b36-0867c9eb36ef,1.777344283237534e+18
d9c1120c-05d9-4559-9b36-0867c9eb36ef,1.777344283270876e+18
d9c1120c-05d9-4559-9b36-0867c9eb36ef,1.777344283304219e+18
d9c1120c-05d9-4559-9b36-0867c9eb36ef,1.7773442833375608e+18
d9c1120c-05d9-4559-9b36-0867c9eb36ef,1.777344283370904e+18
d9c1120c-05d9-4559-9b36-0867c9eb36ef,1.777344283404246e+18
d9c1120c-05d9-4559-9b36-0867c9eb36ef,1.777344283437589e+18
d9c1120c-05d9-4559-9b36-0867c9eb36ef,1.777344283470931e+18
d9c1120c-05d9-4559-9b36-0867c9eb36ef,1.777344283504274e+18
d9c1120c-05d9-4559-9b36-0867c9eb36ef,1.777344283537616e+18
d9c1120c-05d9-4559-9b36-0867c9eb36ef,1.7773442835709578e+18
d9c1120c-05d9-4559-9b36-0867c9eb36ef,1.777344283604301e+18
d9c1120c-05d9-4559-9b36-0867c9eb36ef,1.777344283637643e+18
d9c1120c-05d9-4559-9b36-0867c9eb36ef,1.777344283670986e+18
d9c1120c-05d9-4559-9b36-0867c9eb36ef,1.777344283704328e+18
d9c1120c-05d9-4559-9b36-0867c9eb36ef,1.777344283737671e+18
d9c1120c-05d9-4559-9b36-0867c9eb36ef,1.7773442837710129e+18
d9c1120c-05d9-4559-9b36-0867c9eb36ef,1.7773442838043558e+18
d9c1120c-05d9-4559-9b36-0867c9eb36ef,1.777344283837698e+18
d9c1120c-05d9-4559-9b36-0867c9eb36ef,1.777344283871041e+18
d9c1120c-05d9-4559-9b36-0867c9eb36ef,1.777344283904383e+18
d9c1120c-05d9-4559-9b36-0867c9eb36ef,1.777344283937725e+18
d9c1120c-05d9-4559-9b36-0867c9eb36ef,1.777344283971068e+18
d9c1120c-05d9-4559-9b36-0867c9eb36ef,1.7773442840044099e+18
d9c1120c-05d9-4559-9b36-0867c9eb36ef,1.7773442840377528e+18
d9c1120c-05d9-4559-9b36-0867c9eb36ef,1.777344284071095e+18
d9c1120c-05d9-4559-9b36-0867c9eb36ef,1.777344284104438e+18
d9c1120c-05d9-4559-9b36-0867c9eb36ef,1.77734428413778e+18
d9c1120c-05d9-4559-9b36-0867c9eb36ef,1.777344284171123e+18
d9c1120c-05d9-4559-9b36-0867c9eb36ef,1.777344284204465e+18
d9c1120c-05d9-4559-9b36-0867c9eb36ef,1.7773442842378068e+18
d9c1120c-05d9-4559-9b36-0867c9eb36ef,1.7773442842711498e+18
d9c1120c-05d9-4559-9b36-0867c9eb36ef,1.777344284304492e+18
d9c1120c-05d9-4559-9b36-0867c9eb36ef,1.777344284337835e+18
d9c1120c-05d9-4559-9b36-0867c9eb36ef,1.777344284371177e+18
d9c1120c-05d9-4559-9b36-0867c9eb36ef,1.77734428440452e+18
d9c1120c-05d9-4559-9b36-0867c9eb36ef,1.777344284437862e+18
d9c1120c-05d9-4559-9b36-0867c9eb36ef,1.7773442844712049e+18
d9c1120c-05d9-4559-9b36-0867c9eb36ef,1.777344284504547e+18
d9c1120c-05d9-4559-9b36-0867c9eb36ef,1.777344284537889e+18
d9c1120c-05d9-4559-9b36-0867c9eb36ef,1.777344284571232e+18
d9c1120c-05d9-4559-9b36-0867c9eb36ef,1.777344284604574e+18
d9c1120c-05d9-4559-9b36-0867c9eb36ef,1.777344284637917e+18
d9c1120c-05d9-4559-9b36-0867c9eb36ef,1.777344284671259e+18
d9c1120c-05d9-4559-9b36-0867c9eb36ef,1.7773442847046019e+18
d9c1120c-05d9-4559-9b36-0867c9eb36ef,1.777344284737944e+18
d9c1120c-05d9-4559-9b36-0867c9eb36ef,1.777344284771287e+18
d9c1120c-05d9-4559-9b36-0867c9eb36ef,1.777344284804629e+18
d9c1120c-05d9-4559-9b36-0867c9eb36ef,1.777344284837971e+18
d9c1120c-05d9-4559-9b36-0867c9eb36ef,1.777344284871314e+18
d9c1120c-05d9-4559-9b36-0867c9eb36ef,1.777344284904656e+18
d9c1120c-05d9-4559-9b36-0867c9eb36ef,1.7773442849379988e+18
d9c1120c-05d9-4559-9b36-0867c9eb36ef,1.777344284971341e+18
d9c1120c-05d9-4559-9b36-0867c9eb36ef,1.777344285004684e+18
d9c1120c-05d9-4559-9b36-0867c9eb36ef,1.777344285038026e+18
d9c1120c-05d9-4559-9b36-0867c9eb36ef,1.777344285071369e+18
d9c1120c-05d9-4559-9b36-0867c9eb36ef,1.777344285104711e+18
d9c1120c-05d9-4559-9b36-0867c9eb36ef,1.777344285138054e+18
d9c1120c-05d9-4559-9b36-0867c9eb36ef,1.7773442851713958e+18
d9c1120c-05d9-4559-9b36-0867c9eb36ef,1.777344285204738e+18
d9c1120c-05d9-4559-9b36-0867c9eb36ef,1.777344285238081e+18
d9c1120c-05d9-4559-9b36-0867c9eb36ef,1.777344285271423e+18
d9c1120c-05d9-4559-9b36-0867c9eb36ef,1.777344285304766e+18
d9c1120c-05d9-4559-9b36-0867c9eb36ef,1.777344285338108e+18
d9c1120c-05d9-4559-9b36-0867c9eb36ef,1.777344285371451e+18
d9c1120c-05d9-4559-9b36-0867c9eb36ef,1.7773442854047928e+18
d9c1120c-05d9-4559-9b36-0867c9eb36ef,1.777344285438136e+18
d9c1120c-05d9-4559-9b36-0867c9eb36ef,1.777344285471478e+18
d9c1120c-05d9-4559-9b36-0867c9eb36ef,1.77734428550482e+18
d9c1120c-05d9-4559-9b36-0867c9eb36ef,1.777344285538163e+18
d9c1120c-05d9-4559-9b36-0867c9eb36ef,1.777344285571505e+18
d9c1120c-05d9-4559-9b36-0867c9eb36ef,1.7773442856048479e+18
d9c1120c-05d9-4559-9b36-0867c9eb36ef,1.7773442856381898e+18
d9c1120c-05d9-4559-9b36-0867c9eb36ef,1.777344285671533e+18
d9c1120c-05d9-4559-9b36-0867c9eb36ef,1.777344285704875e+18
d9c1120c-05d9-4559-9b36-0867c9eb36ef,1.777344285738218e+18
d9c1120c-05d9-4559-9b36-0867c9eb36ef,1.77734428577156e+18
d9c1120c-05d9-4559-9b36-0867c9eb36ef,1.777344285804902e+18
d9c1120c-05d9-4559-9b36-0867c9eb36ef,1.7773442858382449e+18
d9c1120c-05d9-4559-9b36-0867c9eb36ef,1.777344285871587e+18
d9c1120c-05d9-4559-9b36-0867c9eb36ef,1.77734428590493e+18
d9c1120c-05d9-4559-9b36-0867c9eb36ef,1.777344285938272e+18
d9c1120c-05d9-4559-9b36-0867c9eb36ef,1.777344285971615e+18
d9c1120c-05d9-4559-9b36-0867c9eb36ef,1.777344286004957e+18
d9c1120c-05d9-4559-9b36-0867c9eb36ef,1.7773442860383e+18
d9c1120c-05d9-4559-9b36-0867c9eb36ef,1.7773442860716419e+18
d9c1120c-05d9-4559-9b36-0867c9eb36ef,1.777344286104984e+18
d9c1120c-05d9-4559-9b36-0867c9eb36ef,1.777344286138327e+18
d9c1120c-05d9-4559-9b36-0867c9eb36ef,1.777344286171669e+18
d9c1120c-05d9-4559-9b36-0867c9eb36ef,1.777344286205012e+18
d9c1120c-05d9-4559-9b36-0867c9eb36ef,1.777344286238354e+18
d9c1120c-05d9-4559-9b36-0867c9eb36ef,1.777344286271697e+18
d9c1120c-05d9-4559-9b36-0867c9eb36ef,1.7773442863050388e+18
d9c1120c-05d9-4559-9b36-0867c9eb36ef,1.7773442863383818e+18
d9c1120c-05d9-4559-9b36-0867c9eb36ef,1.777344286371724e+18
d9c1120c-05d9-4559-9b36-0867c9eb36ef,1.777344286405067e+18
d9c1120c-05d9-4559-9b36-0867c9eb36ef,1.777344286438409e+18
d9c1120c-05d9-4559-9b36-0867c9eb36ef,1.777344286471751e+18
d9c1120c-05d9-4559-9b36-0867c9eb36ef,1.777344286505094e+18
d9c1120c-05d9-4559-9b36-0867c9eb36ef,1.7773442865384358e+18
d9c1120c-05d9-4559-9b36-0867c9eb36ef,1.777344286571779e+18
d9c1120c-05d9-4559-9b36-0867c9eb36ef,1.777344286605121e+18
d9c1120c-05d9-4559-9b36-0867c9eb36ef,1.777344286638464e+18
d9c1120c-05d9-4559-9b36-0867c9eb36ef,1.777344286671806e+18
d9c1120c-05d9-4559-9b36-0867c9eb36ef,1.777344286705149e+18
d9c1120c-05d9-4559-9b36-0867c9eb36ef,1.777344286738491e+18
d9c1120c-05d9-4559-9b36-0867c9eb36ef,1.7773442867718328e+18
d9c1120c-05d9-4559-9b36-0867c9eb36ef,1.777344286805176e+18
d9c1120c-05d9-4559-9b36-0867c9eb36ef,1.777344286838518e+18
d9c1120c-05d9-4559-9b36-0867c9eb36ef,1.777344286871861e+18
d9c1120c-05d9-4559-9b36-0867c9eb36ef,1.777344286905203e+18
d9c1120c-05d9-4559-9b36-0867c9eb36ef,1.777344286938546e+18
d9c1120c-05d9-4559-9b36-0867c9eb36ef,1.7773442869718879e+18
d9c1120c-05d9-4559-9b36-0867c9eb36ef,1.7773442870052308e+18
d9c1120c-05d9-4559-9b36-0867c9eb36ef,1.777344287038573e+18
d9c1120c-05d9-4559-9b36-0867c9eb36ef,1.777344287071915e+18
d9c1120c-05d9-4559-9b36-0867c9eb36ef,1.777344287105258e+18
d9c1120c-05d9-4559-9b36-0867c9eb36ef,1.7773442871386e+18
d9c1120c-05d9-4559-9b36-0867c9eb36ef,1.777344287171943e+18
d9c1120c-05d9-4559-9b36-0867c9eb36ef,1.7773442872052849e+18
d9c1120c-05d9-4559-9b36-0867c9eb36ef,1.7773442872386278e+18
d9c1120c-05d9-4559-9b36-0867c9eb36ef,1.77734428727197e+18
d9c1120c-05d9-4559-9b36-0867c9eb36ef,1.777344287305313e+18
d9c1120c-05d9-4559-9b36-0867c9eb36ef,1.777344287338655e+18
d9c1120c-05d9-4559-9b36-0867c9eb36ef,1.777344287371997e+18
d9c1120c-05d9-4559-9b36-0867c9eb36ef,1.77734428740534e+18
d9c1120c-05d9-4559-9b36-0867c9eb36ef,1.7773442874386819e+18
d9c1120c-05d9-4559-9b36-0867c9eb36ef,1.7773442874720248e+18
d9c1120c-05d9-4559-9b36-0867c9eb36ef,1.777344287505367e+18
d9c1120c-05d9-4559-9b36-0867c9eb36ef,1.77734428753871e+18
d9c1120c-05d9-4559-9b36-0867c9eb36ef,1.777344287572052e+18
d9c1120c-05d9-4559-9b36-0867c9eb36ef,1.777344287605395e+18
d9c1120c-05d9-4559-9b36-0867c9eb36ef,1.777344287638737e+18
d9c1120c-05d9-4559-9b36-0867c9eb36ef,1.7773442876720788e+18
d9c1120c-05d9-4559-9b36-0867c9eb36ef,1.7773442877054218e+18
d9c1120c-05d9-4559-9b36-0867c9eb36ef,1.777344287738764e+18
d9c1120c-05d9-4559-9b36-0867c9eb36ef,1.777344287772107e+18
d9c1120c-05d9-4559-9b36-0867c9eb36ef,1.777344287805449e+18
d9c1120c-05d9-4559-9b36-0867c9eb36ef,1.777344287838792e+18
d9c1120c-05d9-4559-9b36-0867c9eb36ef,1.777344287872134e+18
d9c1120c-05d9-4559-9b36-0867c9eb36ef,1.7773442879054769e+18
d9c1120c-05d9-4559-9b36-0867c9eb36ef,1.777344287938819e+18
d9c1120c-05d9-4559-9b36-0867c9eb36ef,1.777344287972161e+18
d9c1120c-05d9-4559-9b36-0867c9eb36ef,1.777344288005504e+18
d9c1120c-05d9-4559-9b36-0867c9eb36ef,1.777344288038846e+18
d9c1120c-05d9-4559-9b36-0867c9eb36ef,1.777344288072189e+18
d9c1120c-05d9-4559-9b36-0867c9eb36ef,1.777344288105531e+18
d9c1120c-05d9-4559-9b36-0867c9eb36ef,1.7773442881388739e+18
d9c1120c-05d9-4559-9b36-0867c9eb36ef,1.777344288172216e+18
d9c1120c-05d9-4559-9b36-0867c9eb36ef,1.777344288205559e+18
d9c1120c-05d9-4559-9b36-0867c9eb36ef,1.777344288238901e+18
d9c1120c-05d9-4559-9b36-0867c9eb36ef,1.777344288272244e+18
d9c1120c-05d9-4559-9b36-0867c9eb36ef,1.777344288305586e+18
d9c1120c-05d9-4559-9b36-0867c9eb36ef,1.7773442883389279e+18
d9c1120c-05d9-4559-9b36-0867c9eb36ef,1.7773442883722708e+18
d9c1120c-05d9-4559-9b36-0867c9eb36ef,1.777344288405613e+18
d9c1120c-05d9-4559-9b36-0867c9eb36ef,1.777344288438956e+18
d9c1120c-05d9-4559-9b36-0867c9eb36ef,1.777344288472298e+18
d9c1120c-05d9-4559-9b36-0867c9eb36ef,1.777344288505641e+18
d9c1120c-05d9-4559-9b36-0867c9eb36ef,1.777344288538983e+18
d9c1120c-05d9-4559-9b36-0867c9eb36ef,1.777344288572326e+18
d9c1120c-05d9-4559-9b36-0867c9eb36ef,1.7773442886056678e+18
d9c1120c-05d9-4559-9b36-0867c9eb36ef,1.77734428863901e+18
d9c1120c-05d9-4559-9b36-0867c9eb36ef,1.777344288672353e+18
d9c1120c-05d9-4559-9b36-0867c9eb36ef,1.777344288705695e+18
d9c1120c-05d9-4559-9b36-0867c9eb36ef,1.777344288739038e+18
d9c1120c-05d9-4559-9b36-0867c9eb36ef,1.77734428877238e+18
d9c1120c-05d9-4559-9b36-0867c9eb36ef,1.777344288805723e+18
d9c1120c-05d9-4559-9b36-0867c9eb36ef,1.7773442888390648e+18
d9c1120c-05d9-4559-9b36-0867c9eb36ef,1.777344288872408e+18
d9c1120c-05d9-4559-9b36-0867c9eb36ef,1.77734428890575e+18
d9c1120c-05d9-4559-9b36-0867c9eb36ef,1.777344288939092e+18
d9c1120c-05d9-4559-9b36-0867c9eb36ef,1.777344288972435e+18
d9c1120c-05d9-4559-9b36-0867c9eb36ef,1.777344289005777e+18
d9c1120c-05d9-4559-9b36-0867c9eb36ef,1.77734428903912e+18
d9c1120c-05d9-4559-9b36-0867c9eb36ef,1.7773442890724618e+18
d9c1120c-05d9-4559-9b36-0867c9eb36ef,1.777344289105805e+18
d9c1120c-05d9-4559-9b36-0867c9eb36ef,1.777344289139147e+18
d9c1120c-05d9-4559-9b36-0867c9eb36ef,1.77734428917249e+18
d9c1120c-05d9-4559-9b36-0867c9eb36ef,1.777344289205832e+18
d9c1120c-05d9-4559-9b36-0867c9eb36ef,1.777344289239174e+18
d9c1120c-05d9-4559-9b36-0867c9eb36ef,1.7773442892725169e+18
d9c1120c-05d9-4559-9b36-0867c9eb36ef,1.777344289305859e+18
d9c1120c-05d9-4559-9b36-0867c9eb36ef,1.777344289339202e+18
d9c1120c-05d9-4559-9b36-0867c9eb36ef,1.777344289372544e+18
d9c1120c-05d9-4559-9b36-0867c9eb36ef,1.777344289405887e+18
d9c1120c-05d9-4559-9b36-0867c9eb36ef,1.777344289439229e+18
d9c1120c-05d9-4559-9b36-0867c9eb36ef,1.777344289472572e+18
d9c1120c-05d9-4559-9b36-0867c9eb36ef,1.7773442895059139e+18
d9c1120c-05d9-4559-9b36-0867c9eb36ef,1.777344289539256e+18
d9c1120c-05d9-4559-9b36-0867c9eb36ef,1.777344289572599e+18
d9c1120c-05d9-4559-9b36-0867c9eb36ef,1.777344289605941e+18
d9c1120c-05d9-4559-9b36-0867c9eb36ef,1.777344289639284e+18
d9c1120c-05d9-4559-9b36-0867c9eb36ef,1.777344289672626e+18
d9c1120c-05d9-4559-9b36-0867c9eb36ef,1.777344289705969e+18
d9c1120c-05d9-4559-9b36-0867c9eb36ef,1.7773442897393108e+18
d9c1120c-05d9-4559-9b36-0867c9eb36ef,1.7773442897726538e+18
d9c1120c-05d9-4559-9b36-0867c9eb36ef,1.777344289805996e+18
d9c1120c-05d9-4559-9b36-0867c9eb36ef,1.777344289839338e+18
d9c1120c-05d9-4559-9b36-0867c9eb36ef,1.777344289872681e+18
d9c1120c-05d9-4559-9b36-0867c9eb36ef,1.777344289906023e+18
d9c1120c-05d9-4559-9b36-0867c9eb36ef,1.777344289939366e+18
d9c1120c-05d9-4559-9b36-0867c9eb36ef,1.7773442899727078e+18
d9c1120c-05d9-4559-9b36-0867c9eb36ef,1.777344290006051e+18
d9c1120c-05d9-4559-9b36-0867c9eb36ef,1.777344290039393e+18
d9c1120c-05d9-4559-9b36-0867c9eb36ef,1.777344290072736e+18
d9c1120c-05d9-4559-9b36-0867c9eb36ef,1.777344290106078e+18
d9c1120c-05d9-4559-9b36-0867c9eb36ef,1.777344290139421e+18
d9c1120c-05d9-4559-9b36-0867c9eb36ef,1.777344290172763e+18
d9c1120c-05d9-4559-9b36-0867c9eb36ef,1.7773442902061048e+18
d9c1120c-05d9-4559-9b36-0867c9eb36ef,1.777344290239448e+18
d9c1120c-05d9-4559-9b36-0867c9eb36ef,1.77734429027279e+18
d9c1120c-05d9-4559-9b36-0867c9eb36ef,1.777344290306133e+18
d9c1120c-05d9-4559-9b36-0867c9eb36ef,1.777344290339475e+18
d9c1120c-05d9-4559-9b36-0867c9eb36ef,1.777344290372818e+18
d9c1120c-05d9-4559-9b36-0867c9eb36ef,1.77734429040616e+18
d9c1120c-05d9-4559-9b36-0867c9eb36ef,1.7773442904395018e+18
d9c1120c-05d9-4559-9b36-0867c9eb36ef,1.777344290472845e+18
d9c1120c-05d9-4559-9b36-0867c9eb36ef,1.777344290506187e+18
d9c1120c-05d9-4559-9b36-0867c9eb36ef,1.77734429053953e+18
d9c1120c-05d9-4559-9b36-0867c9eb36ef,1.777344290572872e+18
d9c1120c-05d9-4559-9b36-0867c9eb36ef,1.777344290606215e+18
d9c1120c-05d9-4559-9b36-0867c9eb36ef,1.7773442906395569e+18
d9c1120c-05d9-4559-9b36-0867c9eb36ef,1.7773442906728998e+18
d9c1120c-05d9-4559-9b36-0867c9eb36ef,1.777344290706242e+18
d9c1120c-05d9-4559-9b36-0867c9eb36ef,1.777344290739585e+18
d9c1120c-05d9-4559-9b36-0867c9eb36ef,1.777344290772927e+18
d9c1120c-05d9-4559-9b36-0867c9eb36ef,1.777344290806269e+18
d9c1120c-05d9-4559-9b36-0867c9eb36ef,1.777344290839612e+18
d9c1120c-05d9-4559-9b36-0867c9eb36ef,1.7773442908729539e+18
d9c1120c-05d9-4559-9b36-0867c9eb36ef,1.7773442909062968e+18
d9c1120c-05d9-4559-9b36-0867c9eb36ef,1.777344290939639e+18
d9c1120c-05d9-4559-9b36-0867c9eb36ef,1.777344290972982e+18
d9c1120c-05d9-4559-9b36-0867c9eb36ef,1.777344291006324e+18
d9c1120c-05d9-4559-9b36-0867c9eb36ef,1.777344291039667e+18
d9c1120c-05d9-4559-9b36-0867c9eb36ef,1.777344291073009e+18
d9c1120c-05d9-4559-9b36-0867c9eb36ef,1.7773442911063508e+18
d9c1120c-05d9-4559-9b36-0867c9eb36ef,1.7773442911396938e+18
d9c1120c-05d9-4559-9b36-0867c9eb36ef,1.777344291173036e+18
d9c1120c-05d9-4559-9b36-0867c9eb36ef,1.777344291206379e+18
d9c1120c-05d9-4559-9b36-0867c9eb36ef,1.777344291239721e+18
d9c1120c-05d9-4559-9b36-0867c9eb36ef,1.777344291273064e+18
d9c1120c-05d9-4559-9b36-0867c9eb36ef,1.777344291306406e+18
d9c1120c-05d9-4559-9b36-0867c9eb36ef,1.7773442913397489e+18
d9c1120c-05d9-4559-9b36-0867c9eb36ef,1.777344291373091e+18
d9c1120c-05d9-4559-9b36-0867c9eb36ef,1.777344291406433e+18
d9c1120c-05d9-4559-9b36-0867c9eb36ef,1.777344291439776e+18
d9c1120c-05d9-4559-9b36-0867c9eb36ef,1.777344291473118e+18
d9c1120c-05d9-4559-9b36-0867c9eb36ef,1.777344291506461e+18
d9c1120c-05d9-4559-9b36-0867c9eb36ef,1.777344291539803e+18
d9c1120c-05d9-4559-9b36-0867c9eb36ef,1.7773442915731459e+18
d9c1120c-05d9-4559-9b36-0867c9eb36ef,1.777344291606488e+18
d9c1120c-05d9-4559-9b36-0867c9eb36ef,1.777344291639831e+18
d9c1120c-05d9-4559-9b36-0867c9eb36ef,1.777344291673173e+18
d9c1120c-05d9-4559-9b36-0867c9eb36ef,1.777344291706515e+18
d9c1120c-05d9-4559-9b36-0867c9eb36ef,1.777344291739858e+18
d9c1120c-05d9-4559-9b36-0867c9eb36ef,1.7773442917732e+18
d9c1120c-05d9-4559-9b36-0867c9eb36ef,1.7773442918065428e+18
d9c1120c-05d9-4559-9b36-0867c9eb36ef,1.777344291839885e+18
d9c1120c-05d9-4559-9b36-0867c9eb36ef,1.777344291873228e+18
d9c1120c-05d9-4559-9b36-0867c9eb36ef,1.77734429190657e+18
d9c1120c-05d9-4559-9b36-0867c9eb36ef,1.777344291939913e+18
d9c1120c-05d9-4559-9b36-0867c9eb36ef,1.777344291973255e+18
d9c1120c-05d9-4559-9b36-0867c9eb36ef,1.777344292006598e+18
d9c1120c-05d9-4559-9b36-0867c9eb36ef,1.7773442920399398e+18
d9c1120c-05d9-4559-9b36-0867c9eb36ef,1.777344292073282e+18
d9c1120c-05d9-4559-9b36-0867c9eb36ef,1.777344292106625e+18
d9c1120c-05d9-4559-9b36-0867c9eb36ef,1.777344292139967e+18
d9c1120c-05d9-4559-9b36-0867c9eb36ef,1.77734429217331e+18
d9c1120c-05d9-4559-9b36-0867c9eb36ef,1.777344292206652e+18
d9c1120c-05d9-4559-9b36-0867c9eb36ef,1.777344292239995e+18
d9c1120c-05d9-4559-9b36-0867c9eb36ef,1.7773442922733368e+18
d9c1120c-05d9-4559-9b36-0867c9eb36ef,1.777344292306679e+18
d9c1120c-05d9-4559-9b36-0867c9eb36ef,1.777344292340022e+18
d9c1120c-05d9-4559-9b36-0867c9eb36ef,1.777344292373364e+18
d9c1120c-05d9-4559-9b36-0867c9eb36ef,1.777344292406707e+18
d9c1120c-05d9-4559-9b36-0867c9eb36ef,1.777344292440049e+18
d9c1120c-05d9-4559-9b36-0867c9eb36ef,1.7773442924733919e+18
d9c1120c-05d9-4559-9b36-0867c9eb36ef,1.7773442925067338e+18
d9c1120c-05d9-4559-9b36-0867c9eb36ef,1.777344292540077e+18
d9c1120c-05d9-4559-9b36-0867c9eb36ef,1.777344292573419e+18
d9c1120c-05d9-4559-9b36-0867c9eb36ef,1.777344292606762e+18
d9c1120c-05d9-4559-9b36-0867c9eb36ef,1.777344292640104e+18
d9c1120c-05d9-4559-9b36-0867c9eb36ef,1.777344292673446e+18
d9c1120c-05d9-4559-9b36-0867c9eb36ef,1.7773442927067889e+18
d9c1120c-05d9-4559-9b36-0867c9eb36ef,1.777344292740131e+18
d9c1120c-05d9-4559-9b36-0867c9eb36ef,1.777344292773474e+18
d9c1120c-05d9-4559-9b36-0867c9eb36ef,1.777344292806816e+18
d9c1120c-05d9-4559-9b36-0867c9eb36ef,1.777344292840159e+18
d9c1120c-05d9-4559-9b36-0867c9eb36ef,1.777344292873501e+18
d9c1120c-05d9-4559-9b36-0867c9eb36ef,1.777344292906844e+18
d9c1120c-05d9-4559-9b36-0867c9eb36ef,1.7773442929401859e+18
d9c1120c-05d9-4559-9b36-0867c9eb36ef,1.777344292973528e+18
d9c1120c-05d9-4559-9b36-0867c9eb36ef,1.777344293006871e+18
d9c1120c-05d9-4559-9b36-0867c9eb36ef,1.777344293040213e+18
d9c1120c-05d9-4559-9b36-0867c9eb36ef,1.777344293073556e+18
d9c1120c-05d9-4559-9b36-0867c9eb36ef,1.777344293106898e+18
d9c1120c-05d9-4559-9b36-0867c9eb36ef,1.777344293140241e+18
d9c1120c-05d9-4559-9b36-0867c9eb36ef,1.7773442931735828e+18
d9c1120c-05d9-4559-9b36-0867c9eb36ef,1.7773442932069258e+18
d9c1120c-05d9-4559-9b36-0867c9eb36ef,1.777344293240268e+18
d9c1120c-05d9-4559-9b36-0867c9eb36ef,1.77734429327361e+18
d9c1120c-05d9-4559-9b36-0867c9eb36ef,1.777344293306953e+18
d9c1120c-05d9-4559-9b36-0867c9eb36ef,1.777344293340295e+18
d9c1120c-05d9-4559-9b36-0867c9eb36ef,1.777344293373638e+18
d9c1120c-05d9-4559-9b36-0867c9eb36ef,1.7773442934069798e+18
d9c1120c-05d9-4559-9b36-0867c9eb36ef,1.777344293440323e+18
d9c1120c-05d9-4559-9b36-0867c9eb36ef,1.777344293473665e+18
d9c1120c-05d9-4559-9b36-0867c9eb36ef,1.777344293507008e+18
d9c1120c-05d9-4559-9b36-0867c9eb36ef,1.77734429354035e+18
d9c1120c-05d9-4559-9b36-0867c9eb36ef,1.777344293573692e+18
d9c1120c-05d9-4559-9b36-0867c9eb36ef,1.777344293607035e+18
d9c1120c-05d9-4559-9b36-0867c9eb36ef,1.7773442936403768e+18
d9c1120c-05d9-4559-9b36-0867c9eb36ef,1.77734429367372e+18
d9c1120c-05d9-4559-9b36-0867c9eb36ef,1.777344293707062e+18
d9c1120c-05d9-4559-9b36-0867c9eb36ef,1.777344293740405e+18
d9c1120c-05d9-4559-9b36-0867c9eb36ef,1.777344293773747e+18
d9c1120c-05d9-4559-9b36-0867c9eb36ef,1.77734429380709e+18
d9c1120c-05d9-4559-9b36-0867c9eb36ef,1.7773442938404319e+18
d9c1120c-05d9-4559-9b36-0867c9eb36ef,1.7773442938737748e+18
d9c1120c-05d9-4559-9b36-0867c9eb36ef,1.777344293907117e+18
d9c1120c-05d9-4559-9b36-0867c9eb36ef,1.777344293940459e+18
d9c1120c-05d9-4559-9b36-0867c9eb36ef,1.777344293973802e+18
d9c1120c-05d9-4559-9b36-0867c9eb36ef,1.777344294007144e+18
d9c1120c-05d9-4559-9b36-0867c9eb36ef,1.777344294040487e+18
d9c1120c-05d9-4559-9b36-0867c9eb36ef,1.7773442940738289e+18
d9c1120c-05d9-4559-9b36-0867c9eb36ef,1.7773442941071718e+18
d9c1120c-05d9-4559-9b36-0867c9eb36ef,1.777344294140514e+18
d9c1120c-05d9-4559-9b36-0867c9eb36ef,1.777344294173856e+18
d9c1120c-05d9-4559-9b36-0867c9eb36ef,1.777344294207199e+18
d9c1120c-05d9-4559-9b36-0867c9eb36ef,1.777344294240541e+18
d9c1120c-05d9-4559-9b36-0867c9eb36ef,1.777344294273884e+18
d9c1120c-05d9-4559-9b36-0867c9eb36ef,1.7773442943072259e+18
d9c1120c-05d9-4559-9b36-0867c9eb36ef,1.7773442943405688e+18
d9c1120c-05d9-4559-9b36-0867c9eb36ef,1.777344294373911e+18
d9c1120c-05d9-4559-9b36-0867c9eb36ef,1.777344294407254e+18
d9c1120c-05d9-4559-9b36-0867c9eb36ef,1.777344294440596e+18
d9c1120c-05d9-4559-9b36-0867c9eb36ef,1.777344294473939e+18
d9c1120c-05d9-4559-9b36-0867c9eb36ef,1.777344294507281e+18
d9c1120c-05d9-4559-9b36-0867c9eb36ef,1.7773442945406228e+18
d9c1120c-05d9-4559-9b36-0867c9eb36ef,1.7773442945739658e+18
d9c1120c-05d9-4559-9b36-0867c9eb36ef,1.777344294607308e+18
d9c1120c-05d9-4559-9b36-0867c9eb36ef,1.777344294640651e+18
d9c1120c-05d9-4559-9b36-0867c9eb36ef,1.777344294673993e+18
d9c1120c-05d9-4559-9b36-0867c9eb36ef,1.777344294707336e+18
d9c1120c-05d9-4559-9b36-0867c9eb36ef,1.777344294740678e+18
d9c1120c-05d9-4559-9b36-0867c9eb36ef,1.7773442947740209e+18
d9c1120c-05d9-4559-9b36-0867c9eb36ef,1.777344294807363e+18
d9c1120c-05d9-4559-9b36-0867c9eb36ef,1.777344294840705e+18
d9c1120c-05d9-4559-9b36-0867c9eb36ef,1.777344294874048e+18
d9c1120c-05d9-4559-9b36-0867c9eb36ef,1.77734429490739e+18
d9c1120c-05d9-4559-9b36-0867c9eb36ef,1.777344294940733e+18
d9c1120c-05d9-4559-9b36-0867c9eb36ef,1.777344294974075e+18
d9c1120c-05d9-4559-9b36-0867c9eb36ef,1.7773442950074179e+18
d9c1120c-05d9-4559-9b36-0867c9eb36ef,1.77734429504076e+18
d9c1120c-05d9-4559-9b36-0867c9eb36ef,1.777344295074103e+18
d9c1120c-05d9-4559-9b36-0867c9eb36ef,1.777344295107445e+18
d9c1120c-05d9-4559-9b36-0867c9eb36ef,1.777344295140787e+18
d9c1120c-05d9-4559-9b36-0867c9eb36ef,1.77734429517413e+18
d9c1120c-05d9-4559-9b36-0867c9eb36ef,1.7773442952074719e+18
d9c1120c-05d9-4559-9b36-0867c9eb36ef,1.7773442952408148e+18
d9c1120c-05d9-4559-9b36-0867c9eb36ef,1.777344295274157e+18
d9c1120c-05d9-4559-9b36-0867c9eb36ef,1.7773442953075e+18
d9c1120c-05d9-4559-9b36-0867c9eb36ef,1.777344295340842e+18
d9c1120c-05d9-4559-9b36-0867c9eb36ef,1.777344295374185e+18
d9c1120c-05d9-4559-9b36-0867c9eb36ef,1.777344295407527e+18
d9c1120c-05d9-4559-9b36-0867c9eb36ef,1.7773442954408689e+18
d9c1120c-05d9-4559-9b36-0867c9eb36ef,1.7773442954742118e+18
d9c1120c-05d9-4559-9b36-0867c9eb36ef,1.777344295507554e+18
d9c1120c-05d9-4559-9b36-0867c9eb36ef,1.777344295540897e+18
d9c1120c-05d9-4559-9b36-0867c9eb36ef,1.777344295574239e+18
d9c1120c-05d9-4559-9b36-0867c9eb36ef,1.777344295607582e+18
d9c1120c-05d9-4559-9b36-0867c9eb36ef,1.777344295640924e+18
d9c1120c-05d9-4559-9b36-0867c9eb36ef,1.777344295674267e+18
d9c1120c-05d9-4559-9b36-0867c9eb36ef,1.7773442957076088e+18
d9c1120c-05d9-4559-9b36-0867c9eb36ef,1.777344295740952e+18
d9c1120c-05d9-4559-9b36-0867c9eb36ef,1.777344295774294e+18
d9c1120c-05d9-4559-9b36-0867c9eb36ef,1.777344295807636e+18
d9c1120c-05d9-4559-9b36-0867c9eb36ef,1.777344295840979e+18
d9c1120c-05d9-4559-9b36-0867c9eb36ef,1.777344295874321e+18
d9c1120c-05d9-4559-9b36-0867c9eb36ef,1.777344295907664e+18
d9c1120c-05d9-4559-9b36-0867c9eb36ef,1.7773442959410058e+18
d9c1120c-05d9-4559-9b36-0867c9eb36ef,1.777344295974349e+18
d9c1120c-05d9-4559-9b36-0867c9eb36ef,1.777344296007691e+18
d9c1120c-05d9-4559-9b36-0867c9eb36ef,1.777344296041034e+18
d9c1120c-05d9-4559-9b36-0867c9eb36ef,1.777344296074376e+18
d9c1120c-05d9-4559-9b36-0867c9eb36ef,1.777344296107718e+18
d9c1120c-05d9-4559-9b36-0867c9eb36ef,1.7773442961410609e+18
d9c1120c-05d9-4559-9b36-0867c9eb36ef,1.777344296174403e+18
d9c1120c-05d9-4559-9b36-0867c9eb36ef,1.777344296207746e+18
d9c1120c-05d9-4559-9b36-0867c9eb36ef,1.777344296241088e+18
d9c1120c-05d9-4559-9b36-0867c9eb36ef,1.777344296274431e+18
d9c1120c-05d9-4559-9b36-0867c9eb36ef,1.777344296307773e+18
d9c1120c-05d9-4559-9b36-0867c9eb36ef,1.777344296341116e+18
d9c1120c-05d9-4559-9b36-0867c9eb36ef,1.7773442963744579e+18
d9c1120c-05d9-4559-9b36-0867c9eb36ef,1.7773442964078e+18
d9c1120c-05d9-4559-9b36-0867c9eb36ef,1.777344296441143e+18
d9c1120c-05d9-4559-9b36-0867c9eb36ef,1.777344296474485e+18
d9c1120c-05d9-4559-9b36-0867c9eb36ef,1.777344296507828e+18
d9c1120c-05d9-4559-9b36-0867c9eb36ef,1.77734429654117e+18
d9c1120c-05d9-4559-9b36-0867c9eb36ef,1.777344296574513e+18
d9c1120c-05d9-4559-9b36-0867c9eb36ef,1.7773442966078548e+18
d9c1120c-05d9-4559-9b36-0867c9eb36ef,1.7773442966411978e+18
d9c1120c-05d9-4559-9b36-0867c9eb36ef,1.77734429667454e+18
d9c1120c-05d9-4559-9b36-0867c9eb36ef,1.777344296707882e+18
d9c1120c-05d9-4559-9b36-0867c9eb36ef,1.777344296741225e+18
d9c1120c-05d9-4559-9b36-0867c9eb36ef,1.777344296774567e+18
d9c1120c-05d9-4559-9b36-0867c9eb36ef,1.77734429680791e+18
d9c1120c-05d9-4559-9b36-0867c9eb36ef,1.7773442968412518e+18
d9c1120c-05d9-4559-9b36-0867c9eb36ef,1.777344296874595e+18
d9c1120c-05d9-4559-9b36-0867c9eb36ef,1.777344296907937e+18
d9c1120c-05d9-4559-9b36-0867c9eb36ef,1.77734429694128e+18
d9c1120c-05d9-4559-9b36-0867c9eb36ef,1.777344296974622e+18
d9c1120c-05d9-4559-9b36-0867c9eb36ef,1.777344297007964e+18
d9c1120c-05d9-4559-9b36-0867c9eb36ef,1.777344297041307e+18
d9c1120c-05d9-4559-9b36-0867c9eb36ef,1.7773442970746488e+18
d9c1120c-05d9-4559-9b36-0867c9eb36ef,1.777344297107992e+18
d9c1120c-05d9-4559-9b36-0867c9eb36ef,1.777344297141334e+18
d9c1120c-05d9-4559-9b36-0867c9eb36ef,1.777344297174677e+18
d9c1120c-05d9-4559-9b36-0867c9eb36ef,1.777344297208019e+18
d9c1120c-05d9-4559-9b36-0867c9eb36ef,1.777344297241362e+18
d9c1120c-05d9-4559-9b36-0867c9eb36ef,1.777344297274704e+18
d9c1120c-05d9-4559-9b36-0867c9eb36ef,1.7773442973080458e+18
d9c1120c-05d9-4559-9b36-0867c9eb36ef,1.777344297341389e+18
d9c1120c-05d9-4559-9b36-0867c9eb36ef,1.777344297374731e+18
d9c1120c-05d9-4559-9b36-0867c9eb36ef,1.777344297408074e+18
d9c1120c-05d9-4559-9b36-0867c9eb36ef,1.777344297441416e+18
d9c1120c-05d9-4559-9b36-0867c9eb36ef,1.777344297474759e+18
d9c1120c-05d9-4559-9b36-0867c9eb36ef,1.7773442975081009e+18
d9c1120c-05d9-4559-9b36-0867c9eb36ef,1.7773442975414438e+18
d9c1120c-05d9-4559-9b36-0867c9eb36ef,1.777344297574786e+18
d9c1120c-05d9-4559-9b36-0867c9eb36ef,1.777344297608129e+18
d9c1120c-05d9-4559-9b36-0867c9eb36ef,1.777344297641471e+18
d9c1120c-05d9-4559-9b36-0867c9eb36ef,1.777344297674813e+18
d9c1120c-05d9-4559-9b36-0867c9eb36ef,1.777344297708156e+18
d9c1120c-05d9-4559-9b36-0867c9eb36ef,1.7773442977414979e+18
d9c1120c-05d9-4559-9b36-0867c9eb36ef,1.7773442977748408e+18
d9c1120c-05d9-4559-9b36-0867c9eb36ef,1.777344297808183e+18
d9c1120c-05d9-4559-9b36-0867c9eb36ef,1.777344297841526e+18
d9c1120c-05d9-4559-9b36-0867c9eb36ef,1.777344297874868e+18
d9c1120c-05d9-4559-9b36-0867c9eb36ef,1.777344297908211e+18
d9c1120c-05d9-4559-9b36-0867c9eb36ef,1.777344297941553e+18
d9c1120c-05d9-4559-9b36-0867c9eb36ef,1.7773442979748948e+18
d9c1120c-05d9-4559-9b36-0867c9eb36ef,1.7773442980082378e+18
d9c1120c-05d9-4559-9b36-0867c9eb36ef,1.77734429804158e+18
d9c1120c-05d9-4559-9b36-0867c9eb36ef,1.777344298074923e+18
d9c1120c-05d9-4559-9b36-0867c9eb36ef,1.777344298108265e+18
d9c1120c-05d9-4559-9b36-0867c9eb36ef,1.777344298141608e+18
d9c1120c-05d9-4559-9b36-0867c9eb36ef,1.77734429817495e+18
d9c1120c-05d9-4559-9b36-0867c9eb36ef,1.7773442982082929e+18
d9c1120c-05d9-4559-9b36-0867c9eb36ef,1.777344298241635e+18
d9c1120c-05d9-4559-9b36-0867c9eb36ef,1.777344298274977e+18
d9c1120c-05d9-4559-9b36-0867c9eb36ef,1.77734429830832e+18
d9c1120c-05d9-4559-9b36-0867c9eb36ef,1.777344298341662e+18
d9c1120c-05d9-4559-9b36-0867c9eb36ef,1.777344298375005e+18
d9c1120c-05d9-4559-9b36-0867c9eb36ef,1.777344298408347e+18
d9c1120c-05d9-4559-9b36-0867c9eb36ef,1.7773442984416899e+18
d9c1120c-05d9-4559-9b36-0867c9eb36ef,1.777344298475032e+18
d9c1120c-05d9-4559-9b36-0867c9eb36ef,1.777344298508375e+18
d9c1120c-05d9-4559-9b36-0867c9eb36ef,1.777344298541717e+18
d9c1120c-05d9-4559-9b36-0867c9eb36ef,1.777344298575059e+18
d9c1120c-05d9-4559-9b36-0867c9eb36ef,1.777344298608402e+18
d9c1120c-05d9-4559-9b36-0867c9eb36ef,1.777344298641744e+18
d9c1120c-05d9-4559-9b36-0867c9eb36ef,1.7773442986750868e+18
d9c1120c-05d9-4559-9b36-0867c9eb36ef,1.777344298708429e+18
d9c1120c-05d9-4559-9b36-0867c9eb36ef,1.777344298741772e+18
d9c1120c-05d9-4559-9b36-0867c9eb36ef,1.777344298775114e+18
d9c1120c-05d9-4559-9b36-0867c9eb36ef,1.777344298808457e+18
d9c1120c-05d9-4559-9b36-0867c9eb36ef,1.777344298841799e+18
d9c1120c-05d9-4559-9b36-0867c9eb36ef,1.7773442988751409e+18
d9c1120c-05d9-4559-9b36-0867c9eb36ef,1.7773442989084838e+18
d9c1120c-05d9-4559-9b36-0867c9eb36ef,1.777344298941826e+18
d9c1120c-05d9-4559-9b36-0867c9eb36ef,1.777344298975169e+18
d9c1120c-05d9-4559-9b36-0867c9eb36ef,1.777344299008511e+18
d9c1120c-05d9-4559-9b36-0867c9eb36ef,1.777344299041854e+18
d9c1120c-05d9-4559-9b36-0867c9eb36ef,1.777344299075196e+18
d9c1120c-05d9-4559-9b36-0867c9eb36ef,1.777344299108539e+18
d9c1120c-05d9-4559-9b36-0867c9eb36ef,1.7773442991418808e+18
d9c1120c-05d9-4559-9b36-0867c9eb36ef,1.777344299175223e+18
d9c1120c-05d9-4559-9b36-0867c9eb36ef,1.777344299208566e+18
d9c1120c-05d9-4559-9b36-0867c9eb36ef,1.777344299241908e+18
d9c1120c-05d9-4559-9b36-0867c9eb36ef,1.777344299275251e+18
d9c1120c-05d9-4559-9b36-0867c9eb36ef,1.777344299308593e+18
d9c1120c-05d9-4559-9b36-0867c9eb36ef,1.7773442993419359e+18
d9c1120c-05d9-4559-9b36-0867c9eb36ef,1.7773442993752778e+18
d9c1120c-05d9-4559-9b36-0867c9eb36ef,1.777344299408621e+18
d9c1120c-05d9-4559-9b36-0867c9eb36ef,1.777344299441963e+18
d9c1120c-05d9-4559-9b36-0867c9eb36ef,1.777344299475306e+18
d9c1120c-05d9-4559-9b36-0867c9eb36ef,1.777344299508648e+18
d9c1120c-05d9-4559-9b36-0867c9eb36ef,1.77734429954199e+18
d9c1120c-05d9-4559-9b36-0867c9eb36ef,1.7773442995753329e+18
d9c1120c-05d9-4559-9b36-0867c9eb36ef,1.777344299608675e+18
d9c1120c-05d9-4559-9b36-0867c9eb36ef,1.777344299642018e+18
d9c1120c-05d9-4559-9b36-0867c9eb36ef,1.77734429967536e+18
d9c1120c-05d9-4559-9b36-0867c9eb36ef,1.777344299708703e+18
d9c1120c-05d9-4559-9b36-0867c9eb36ef,1.777344299742045e+18
d9c1120c-05d9-4559-9b36-0867c9eb36ef,1.777344299775388e+18
d9c1120c-05d9-4559-9b36-0867c9eb36ef,1.7773442998087299e+18
d9c1120c-05d9-4559-9b36-0867c9eb36ef,1.777344299842072e+18
d9c1120c-05d9-4559-9b36-0867c9eb36ef,1.777344299875415e+18
d9c1120c-05d9-4559-9b36-0867c9eb36ef,1.777344299908757e+18
d9c1120c-05d9-4559-9b36-0867c9eb36ef,1.7773442999421e+18
d9c1120c-05d9-4559-9b36-0867c9eb36ef,1.777344299975442e+18
d9c1120c-05d9-4559-9b36-0867c9eb36ef,1.777344300008785e+18
d9c1120c-05d9-4559-9b36-0867c9eb36ef,1.7773443000421268e+18
d9c1120c-05d9-4559-9b36-0867c9eb36ef,1.7773443000754698e+18
d9c1120c-05d9-4559-9b36-0867c9eb36ef,1.777344300108812e+18
d9c1120c-05d9-4559-9b36-0867c9eb36ef,1.777344300142154e+18
d9c1120c-05d9-4559-9b36-0867c9eb36ef,1.777344300175497e+18
d9c1120c-05d9-4559-9b36-0867c9eb36ef,1.777344300208839e+18
d9c1120c-05d9-4559-9b36-0867c9eb36ef,1.777344300242182e+18
d9c1120c-05d9-4559-9b36-0867c9eb36ef,1.7773443002755238e+18
d9c1120c-05d9-4559-9b36-0867c9eb36ef,1.777344300308867e+18
d9c1120c-05d9-4559-9b36-0867c9eb36ef,1.777344300342209e+18
d9c1120c-05d9-4559-9b36-0867c9eb36ef,1.777344300375552e+18
d9c1120c-05d9-4559-9b36-0867c9eb36ef,1.777344300408894e+18
d9c1120c-05d9-4559-9b36-0867c9eb36ef,1.777344300442236e+18
d9c1120c-05d9-4559-9b36-0867c9eb36ef,1.777344300475579e+18
d9c1120c-05d9-4559-9b36-0867c9eb36ef,1.7773443005089208e+18
d9c1120c-05d9-4559-9b36-0867c9eb36ef,1.777344300542264e+18
d9c1120c-05d9-4559-9b36-0867c9eb36ef,1.777344300575606e+18
d9c1120c-05d9-4559-9b36-0867c9eb36ef,1.777344300608949e+18
d9c1120c-05d9-4559-9b36-0867c9eb36ef,1.777344300642291e+18
d9c1120c-05d9-4559-9b36-0867c9eb36ef,1.777344300675634e+18
d9c1120c-05d9-4559-9b36-0867c9eb36ef,1.7773443007089759e+18
d9c1120c-05d9-4559-9b36-0867c9eb36ef,1.7773443007423188e+18
d9c1120c-05d9-4559-9b36-0867c9eb36ef,1.777344300775661e+18
d9c1120c-05d9-4559-9b36-0867c9eb36ef,1.777344300809003e+18
d9c1120c-05d9-4559-9b36-0867c9eb36ef,1.777344300842346e+18
d9c1120c-05d9-4559-9b36-0867c9eb36ef,1.777344300875688e+18
d9c1120c-05d9-4559-9b36-0867c9eb36ef,1.777344300909031e+18
d9c1120c-05d9-4559-9b36-0867c9eb36ef,1.7773443009423729e+18
d9c1120c-05d9-4559-9b36-0867c9eb36ef,1.7773443009757158e+18
d9c1120c-05d9-4559-9b36-0867c9eb36ef,1.777344301009058e+18
d9c1120c-05d9-4559-9b36-0867c9eb36ef,1.777344301042401e+18
d9c1120c-05d9-4559-9b36-0867c9eb36ef,1.777344301075743e+18
d9c1120c-05d9-4559-9b36-0867c9eb36ef,1.777344301109085e+18
d9c1120c-05d9-4559-9b36-0867c9eb36ef,1.777344301142428e+18
d9c1120c-05d9-4559-9b36-0867c9eb36ef,1.7773443011757699e+18
d9c1120c-05d9-4559-9b36-0867c9eb36ef,1.7773443012091128e+18
d9c1120c-05d9-4559-9b36-0867c9eb36ef,1.777344301242455e+18
d9c1120c-05d9-4559-9b36-0867c9eb36ef,1.777344301275798e+18
d9c1120c-05d9-4559-9b36-0867c9eb36ef,1.77734430130914e+18
d9c1120c-05d9-4559-9b36-0867c9eb36ef,1.777344301342483e+18
d9c1120c-05d9-4559-9b36-0867c9eb36ef,1.777344301375825e+18
d9c1120c-05d9-4559-9b36-0867c9eb36ef,1.7773443014091668e+18
d9c1120c-05d9-4559-9b36-0867c9eb36ef,1.7773443014425098e+18
d9c1120c-05d9-4559-9b36-0867c9eb36ef,1.777344301475852e+18
d9c1120c-05d9-4559-9b36-0867c9eb36ef,1.777344301509195e+18
d9c1120c-05d9-4559-9b36-0867c9eb36ef,1.777344301542537e+18
d9c1120c-05d9-4559-9b36-0867c9eb36ef,1.77734430157588e+18
d9c1120c-05d9-4559-9b36-0867c9eb36ef,1.777344301609222e+18
d9c1120c-05d9-4559-9b36-0867c9eb36ef,1.7773443016425649e+18
d9c1120c-05d9-4559-9b36-0867c9eb36ef,1.777344301675907e+18
d9c1120c-05d9-4559-9b36-0867c9eb36ef,1.777344301709249e+18
d9c1120c-05d9-4559-9b36-0867c9eb36ef,1.777344301742592e+18
d9c1120c-05d9-4559-9b36-0867c9eb36ef,1.777344301775934e+18
d9c1120c-05d9-4559-9b36-0867c9eb36ef,1.777344301809277e+18
d9c1120c-05d9-4559-9b36-0867c9eb36ef,1.777344301842619e+18
d9c1120c-05d9-4559-9b36-0867c9eb36ef,1.7773443018759619e+18
d9c1120c-05d9-4559-9b36-0867c9eb36ef,1.777344301909304e+18
d9c1120c-05d9-4559-9b36-0867c9eb36ef,1.777344301942647e+18
d9c1120c-05d9-4559-9b36-0867c9eb36ef,1.777344301975989e+18
d9c1120c-05d9-4559-9b36-0867c9eb36ef,1.777344302009332e+18
d9c1120c-05d9-4559-9b36-0867c9eb36ef,1.777344302042674e+18
d9c1120c-05d9-4559-9b36-0867c9eb36ef,1.7773443020760159e+18
d9c1120c-05d9-4559-9b36-0867c9eb36ef,1.7773443021093588e+18
d9c1120c-05d9-4559-9b36-0867c9eb36ef,1.777344302142701e+18
d9c1120c-05d9-4559-9b36-0867c9eb36ef,1.777344302176044e+18
d9c1120c-05d9-4559-9b36-0867c9eb36ef,1.777344302209386e+18
d9c1120c-05d9-4559-9b36-0867c9eb36ef,1.777344302242729e+18
d9c1120c-05d9-4559-9b36-0867c9eb36ef,1.777344302276071e+18
d9c1120c-05d9-4559-9b36-0867c9eb36ef,1.7773443023094129e+18
d9c1120c-05d9-4559-9b36-0867c9eb36ef,1.7773443023427558e+18
d9c1120c-05d9-4559-9b36-0867c9eb36ef,1.777344302376098e+18
d9c1120c-05d9-4559-9b36-0867c9eb36ef,1.777344302409441e+18
d9c1120c-05d9-4559-9b36-0867c9eb36ef,1.777344302442783e+18
d9c1120c-05d9-4559-9b36-0867c9eb36ef,1.777344302476126e+18
d9c1120c-05d9-4559-9b36-0867c9eb36ef,1.777344302509468e+18
d9c1120c-05d9-4559-9b36-0867c9eb36ef,1.777344302542811e+18
d9c1120c-05d9-4559-9b36-0867c9eb36ef,1.7773443025761528e+18
d9c1120c-05d9-4559-9b36-0867c9eb36ef,1.777344302609496e+18
d9c1120c-05d9-4559-9b36-0867c9eb36ef,1.777344302642838e+18
d9c1120c-05d9-4559-9b36-0867c9eb36ef,1.77734430267618e+18
d9c1120c-05d9-4559-9b36-0867c9eb36ef,1.777344302709523e+18
d9c1120c-05d9-4559-9b36-0867c9eb36ef,1.777344302742865e+18
d9c1120c-05d9-4559-9b36-0867c9eb36ef,1.777344302776208e+18
d9c1120c-05d9-4559-9b36-0867c9eb36ef,1.7773443028095498e+18
d9c1120c-05d9-4559-9b36-0867c9eb36ef,1.777344302842893e+18
d9c1120c-05d9-4559-9b36-0867c9eb36ef,1.777344302876235e+18
d9c1120c-05d9-4559-9b36-0867c9eb36ef,1.777344302909578e+18
d9c1120c-05d9-4559-9b36-0867c9eb36ef,1.77734430294292e+18
d9c1120c-05d9-4559-9b36-0867c9eb36ef,1.777344302976262e+18
d9c1120c-05d9-4559-9b36-0867c9eb36ef,1.7773443030096049e+18
d9c1120c-05d9-4559-9b36-0867c9eb36ef,1.777344303042947e+18
d9c1120c-05d9-4559-9b36-0867c9eb36ef,1.77734430307629e+18
d9c1120c-05d9-4559-9b36-0867c9eb36ef,1.777344303109632e+18
d9c1120c-05d9-4559-9b36-0867c9eb36ef,1.777344303142975e+18
d9c1120c-05d9-4559-9b36-0867c9eb36ef,1.777344303176317e+18
d9c1120c-05d9-4559-9b36-0867c9eb36ef,1.77734430320966e+18
d9c1120c-05d9-4559-9b36-0867c9eb36ef,1.7773443032430019e+18
d9c1120c-05d9-4559-9b36-0867c9eb36ef,1.777344303276344e+18
d9c1120c-05d9-4559-9b36-0867c9eb36ef,1.777344303309687e+18
d9c1120c-05d9-4559-9b36-0867c9eb36ef,1.777344303343029e+18
d9c1120c-05d9-4559-9b36-0867c9eb36ef,1.777344303376372e+18
d9c1120c-05d9-4559-9b36-0867c9eb36ef,1.777344303409714e+18
d9c1120c-05d9-4559-9b36-0867c9eb36ef,1.777344303443057e+18
d9c1120c-05d9-4559-9b36-0867c9eb36ef,1.7773443034763988e+18
d9c1120c-05d9-4559-9b36-0867c9eb36ef,1.7773443035097418e+18
d9c1120c-05d9-4559-9b36-0867c9eb36ef,1.777344303543084e+18
d9c1120c-05d9-4559-9b36-0867c9eb36ef,1.777344303576426e+18
d9c1120c-05d9-4559-9b36-0867c9eb36ef,1.777344303609769e+18
d9c1120c-05d9-4559-9b36-0867c9eb36ef,1.777344303643111e+18
d9c1120c-05d9-4559-9b36-0867c9eb36ef,1.777344303676454e+18
d9c1120c-05d9-4559-9b36-0867c9eb36ef,1.7773443037097958e+18
d9c1120c-05d9-4559-9b36-0867c9eb36ef,1.777344303743139e+18
d9c1120c-05d9-4559-9b36-0867c9eb36ef,1.777344303776481e+18
d9c1120c-05d9-4559-9b36-0867c9eb36ef,1.777344303809824e+18
d9c1120c-05d9-4559-9b36-0867c9eb36ef,1.777344303843166e+18
d9c1120c-05d9-4559-9b36-0867c9eb36ef,1.777344303876509e+18
d9c1120c-05d9-4559-9b36-0867c9eb36ef,1.777344303909851e+18
d9c1120c-05d9-4559-9b36-0867c9eb36ef,1.7773443039431928e+18
d9c1120c-05d9-4559-9b36-0867c9eb36ef,1.777344303976536e+18
d9c1120c-05d9-4559-9b36-0867c9eb36ef,1.777344304009878e+18
d9c1120c-05d9-4559-9b36-0867c9eb36ef,1.777344304043221e+18
d9c1120c-05d9-4559-9b36-0867c9eb36ef,1.777344304076563e+18
d9c1120c-05d9-4559-9b36-0867c9eb36ef,1.777344304109906e+18
d9c1120c-05d9-4559-9b36-0867c9eb36ef,1.777344304143248e+18
d9c1120c-05d9-4559-9b36-0867c9eb36ef,1.7773443041765898e+18
d9c1120c-05d9-4559-9b36-0867c9eb36ef,1.777344304209933e+18
d9c1120c-05d9-4559-9b36-0867c9eb36ef,1.777344304243275e+18
d9c1120c-05d9-4559-9b36-0867c9eb36ef,1.777344304276618e+18
d9c1120c-05d9-4559-9b36-0867c9eb36ef,1.77734430430996e+18
d9c1120c-05d9-4559-9b36-0867c9eb36ef,1.777344304343303e+18
d9c1120c-05d9-4559-9b36-0867c9eb36ef,1.7773443043766449e+18
d9c1120c-05d9-4559-9b36-0867c9eb36ef,1.7773443044099878e+18
d9c1120c-05d9-4559-9b36-0867c9eb36ef,1.77734430444333e+18
d9c1120c-05d9-4559-9b36-0867c9eb36ef,1.777344304476673e+18
d9c1120c-05d9-4559-9b36-0867c9eb36ef,1.777344304510015e+18
d9c1120c-05d9-4559-9b36-0867c9eb36ef,1.777344304543357e+18
d9c1120c-05d9-4559-9b36-0867c9eb36ef,1.7773443045767e+18
d9c1120c-05d9-4559-9b36-0867c9eb36ef,1.7773443046100419e+18
d9c1120c-05d9-4559-9b36-0867c9eb36ef,1.7773443046433848e+18
d9c1120c-05d9-4559-9b36-0867c9eb36ef,1.777344304676727e+18
d9c1120c-05d9-4559-9b36-0867c9eb36ef,1.77734430471007e+18
d9c1120c-05d9-4559-9b36-0867c9eb36ef,1.777344304743412e+18
d9c1120c-05d9-4559-9b36-0867c9eb36ef,1.777344304776755e+18
d9c1120c-05d9-4559-9b36-0867c9eb36ef,1.777344304810097e+18
d9c1120c-05d9-4559-9b36-0867c9eb36ef,1.7773443048434388e+18
d9c1120c-05d9-4559-9b36-0867c9eb36ef,1.7773443048767818e+18
d9c1120c-05d9-4559-9b36-0867c9eb36ef,1.777344304910124e+18
d9c1120c-05d9-4559-9b36-0867c9eb36ef,1.777344304943467e+18
d9c1120c-05d9-4559-9b36-0867c9eb36ef,1.777344304976809e+18
d9c1120c-05d9-4559-9b36-0867c9eb36ef,1.777344305010152e+18
d9c1120c-05d9-4559-9b36-0867c9eb36ef,1.777344305043494e+18
d9c1120c-05d9-4559-9b36-0867c9eb36ef,1.7773443050768369e+18
d9c1120c-05d9-4559-9b36-0867c9eb36ef,1.777344305110179e+18
d9c1120c-05d9-4559-9b36-0867c9eb36ef,1.777344305143521e+18
d9c1120c-05d9-4559-9b36-0867c9eb36ef,1.777344305176864e+18
d9c1120c-05d9-4559-9b36-0867c9eb36ef,1.777344305210206e+18
d9c1120c-05d9-4559-9b36-0867c9eb36ef,1.777344305243549e+18
d9c1120c-05d9-4559-9b36-0867c9eb36ef,1.777344305276891e+18
d9c1120c-05d9-4559-9b36-0867c9eb36ef,1.7773443053102339e+18
d9c1120c-05d9-4559-9b36-0867c9eb36ef,1.777344305343576e+18
d9c1120c-05d9-4559-9b36-0867c9eb36ef,1.777344305376919e+18
d9c1120c-05d9-4559-9b36-0867c9eb36ef,1.777344305410261e+18
d9c1120c-05d9-4559-9b36-0867c9eb36ef,1.777344305443603e+18
d9c1120c-05d9-4559-9b36-0867c9eb36ef,1.777344305476946e+18
d9c1120c-05d9-4559-9b36-0867c9eb36ef,1.777344305510288e+18
d9c1120c-05d9-4559-9b36-0867c9eb36ef,1.7773443055436308e+18
d9c1120c-05d9-4559-9b36-0867c9eb36ef,1.777344305576973e+18
d9c1120c-05d9-4559-9b36-0867c9eb36ef,1.777344305610316e+18
d9c1120c-05d9-4559-9b36-0867c9eb36ef,1.777344305643658e+18
d9c1120c-05d9-4559-9b36-0867c9eb36ef,1.777344305677001e+18
d9c1120c-05d9-4559-9b36-0867c9eb36ef,1.777344305710343e+18
d9c1120c-05d9-4559-9b36-0867c9eb36ef,1.777344305743686e+18
d9c1120c-05d9-4559-9b36-0867c9eb36ef,1.7773443057770278e+18
d9c1120c-05d9-4559-9b36-0867c9eb36ef,1.77734430581037e+18
d9c1120c-05d9-4559-9b36-0867c9eb36ef,1.777344305843713e+18
d9c1120c-05d9-4559-9b36-0867c9eb36ef,1.777344305877055e+18
d9c1120c-05d9-4559-9b36-0867c9eb36ef,1.777344305910398e+18
d9c1120c-05d9-4559-9b36-0867c9eb36ef,1.77734430594374e+18
d9c1120c-05d9-4559-9b36-0867c9eb36ef,1.777344305977083e+18
d9c1120c-05d9-4559-9b36-0867c9eb36ef,1.7773443060104248e+18
d9c1120c-05d9-4559-9b36-0867c9eb36ef,1.777344306043768e+18
d9c1120c-05d9-4559-9b36-0867c9eb36ef,1.77734430607711e+18
d9c1120c-05d9-4559-9b36-0867c9eb36ef,1.777344306110452e+18
d9c1120c-05d9-4559-9b36-0867c9eb36ef,1.777344306143795e+18
d9c1120c-05d9-4559-9b36-0867c9eb36ef,1.777344306177137e+18
d9c1120c-05d9-4559-9b36-0867c9eb36ef,1.7773443062104799e+18
d9c1120c-05d9-4559-9b36-0867c9eb36ef,1.7773443062438218e+18
d9c1120c-05d9-4559-9b36-0867c9eb36ef,1.777344306277165e+18
d9c1120c-05d9-4559-9b36-0867c9eb36ef,1.777344306310507e+18
d9c1120c-05d9-4559-9b36-0867c9eb36ef,1.77734430634385e+18
d9c1120c-05d9-4559-9b36-0867c9eb36ef,1.777344306377192e+18
d9c1120c-05d9-4559-9b36-0867c9eb36ef,1.777344306410534e+18
d9c1120c-05d9-4559-9b36-0867c9eb36ef,1.7773443064438769e+18
d9c1120c-05d9-4559-9b36-0867c9eb36ef,1.777344306477219e+18
d9c1120c-05d9-4559-9b36-0867c9eb36ef,1.777344306510562e+18
d9c1120c-05d9-4559-9b36-0867c9eb36ef,1.777344306543904e+18
d9c1120c-05d9-4559-9b36-0867c9eb36ef,1.777344306577247e+18
d9c1120c-05d9-4559-9b36-0867c9eb36ef,1.777344306610589e+18
d9c1120c-05d9-4559-9b36-0867c9eb36ef,1.777344306643932e+18
d9c1120c-05d9-4559-9b36-0867c9eb36ef,1.7773443066772739e+18
d9c1120c-05d9-4559-9b36-0867c9eb36ef,1.777344306710616e+18
d9c1120c-05d9-4559-9b36-0867c9eb36ef,1.777344306743959e+18
d9c1120c-05d9-4559-9b36-0867c9eb36ef,1.777344306777301e+18
d9c1120c-05d9-4559-9b36-0867c9eb36ef,1.777344306810644e+18
d9c1120c-05d9-4559-9b36-0867c9eb36ef,1.777344306843986e+18
d9c1120c-05d9-4559-9b36-0867c9eb36ef,1.777344306877329e+18
d9c1120c-05d9-4559-9b36-0867c9eb36ef,1.7773443069106708e+18
d9c1120c-05d9-4559-9b36-0867c9eb36ef,1.7773443069440138e+18
d9c1120c-05d9-4559-9b36-0867c9eb36ef,1.777344306977356e+18
d9c1120c-05d9-4559-9b36-0867c9eb36ef,1.777344307010698e+18
d9c1120c-05d9-4559-9b36-0867c9eb36ef,1.777344307044041e+18
d9c1120c-05d9-4559-9b36-0867c9eb36ef,1.777344307077383e+18
d9c1120c-05d9-4559-9b36-0867c9eb36ef,1.777344307110726e+18
d9c1120c-05d9-4559-9b36-0867c9eb36ef,1.7773443071440678e+18
d9c1120c-05d9-4559-9b36-0867c9eb36ef,1.777344307177411e+18
d9c1120c-05d9-4559-9b36-0867c9eb36ef,1.777344307210753e+18
d9c1120c-05d9-4559-9b36-0867c9eb36ef,1.777344307244096e+18
d9c1120c-05d9-4559-9b36-0867c9eb36ef,1.777344307277438e+18
d9c1120c-05d9-4559-9b36-0867c9eb36ef,1.77734430731078e+18
d9c1120c-05d9-4559-9b36-0867c9eb36ef,1.777344307344123e+18
d9c1120c-05d9-4559-9b36-0867c9eb36ef,1.7773443073774648e+18
d9c1120c-05d9-4559-9b36-0867c9eb36ef,1.777344307410808e+18
d9c1120c-05d9-4559-9b36-0867c9eb36ef,1.77734430744415e+18
d9c1120c-05d9-4559-9b36-0867c9eb36ef,1.777344307477493e+18
d9c1120c-05d9-4559-9b36-0867c9eb36ef,1.777344307510835e+18
d9c1120c-05d9-4559-9b36-0867c9eb36ef,1.777344307544178e+18
d9c1120c-05d9-4559-9b36-0867c9eb36ef,1.7773443075775199e+18
d9c1120c-05d9-4559-9b36-0867c9eb36ef,1.7773443076108628e+18
d9c1120c-05d9-4559-9b36-0867c9eb36ef,1.777344307644205e+18
d9c1120c-05d9-4559-9b36-0867c9eb36ef,1.777344307677547e+18
d9c1120c-05d9-4559-9b36-0867c9eb36ef,1.77734430771089e+18
d9c1120c-05d9-4559-9b36-0867c9eb36ef,1.777344307744232e+18
d9c1120c-05d9-4559-9b36-0867c9eb36ef,1.777344307777575e+18
d9c1120c-05d9-4559-9b36-0867c9eb36ef,1.7773443078109169e+18
d9c1120c-05d9-4559-9b36-0867c9eb36ef,1.7773443078442598e+18
d9c1120c-05d9-4559-9b36-0867c9eb36ef,1.777344307877602e+18
d9c1120c-05d9-4559-9b36-0867c9eb36ef,1.777344307910945e+18
d9c1120c-05d9-4559-9b36-0867c9eb36ef,1.777344307944287e+18
d9c1120c-05d9-4559-9b36-0867c9eb36ef,1.777344307977629e+18
d9c1120c-05d9-4559-9b36-0867c9eb36ef,1.777344308010972e+18
d9c1120c-05d9-4559-9b36-0867c9eb36ef,1.7773443080443139e+18
d9c1120c-05d9-4559-9b36-0867c9eb36ef,1.7773443080776568e+18
d9c1120c-05d9-4559-9b36-0867c9eb36ef,1.777344308110999e+18
d9c1120c-05d9-4559-9b36-0867c9eb36ef,1.777344308144342e+18
d9c1120c-05d9-4559-9b36-0867c9eb36ef,1.777344308177684e+18
d9c1120c-05d9-4559-9b36-0867c9eb36ef,1.777344308211027e+18
d9c1120c-05d9-4559-9b36-0867c9eb36ef,1.777344308244369e+18
d9c1120c-05d9-4559-9b36-0867c9eb36ef,1.7773443082777108e+18
d9c1120c-05d9-4559-9b36-0867c9eb36ef,1.7773443083110538e+18
d9c1120c-05d9-4559-9b36-0867c9eb36ef,1.777344308344396e+18
d9c1120c-05d9-4559-9b36-0867c9eb36ef,1.777344308377739e+18
d9c1120c-05d9-4559-9b36-0867c9eb36ef,1.777344308411081e+18
d9c1120c-05d9-4559-9b36-0867c9eb36ef,1.777344308444424e+18
d9c1120c-05d9-4559-9b36-0867c9eb36ef,1.777344308477766e+18
d9c1120c-05d9-4559-9b36-0867c9eb36ef,1.7773443085111089e+18
d9c1120c-05d9-4559-9b36-0867c9eb36ef,1.777344308544451e+18
d9c1120c-05d9-4559-9b36-0867c9eb36ef,1.777344308577793e+18
d9c1120c-05d9-4559-9b36-0867c9eb36ef,1.777344308611136e+18
d9c1120c-05d9-4559-9b36-0867c9eb36ef,1.777344308644478e+18
d9c1120c-05d9-4559-9b36-0867c9eb36ef,1.777344308677821e+18
d9c1120c-05d9-4559-9b36-0867c9eb36ef,1.777344308711163e+18
d9c1120c-05d9-4559-9b36-0867c9eb36ef,1.7773443087445059e+18
d9c1120c-05d9-4559-9b36-0867c9eb36ef,1.777344308777848e+18
d9c1120c-05d9-4559-9b36-0867c9eb36ef,1.777344308811191e+18
d9c1120c-05d9-4559-9b36-0867c9eb36ef,1.777344308844533e+18
d9c1120c-05d9-4559-9b36-0867c9eb36ef,1.777344308877875e+18
d9c1120c-05d9-4559-9b36-0867c9eb36ef,1.777344308911218e+18
d9c1120c-05d9-4559-9b36-0867c9eb36ef,1.7773443089445599e+18
d9c1120c-05d9-4559-9b36-0867c9eb36ef,1.7773443089779028e+18
d9c1120c-05d9-4559-9b36-0867c9eb36ef,1.777344309011245e+18
d9c1120c-05d9-4559-9b36-0867c9eb36ef,1.777344309044588e+18
d9c1120c-05d9-4559-9b36-0867c9eb36ef,1.77734430907793e+18
d9c1120c-05d9-4559-9b36-0867c9eb36ef,1.777344309111273e+18
d9c1120c-05d9-4559-9b36-0867c9eb36ef,1.777344309144615e+18
d9c1120c-05d9-4559-9b36-0867c9eb36ef,1.7773443091779569e+18
d9c1120c-05d9-4559-9b36-0867c9eb36ef,1.7773443092112998e+18
d9c1120c-05d9-4559-9b36-0867c9eb36ef,1.777344309244642e+18
d9c1120c-05d9-4559-9b36-0867c9eb36ef,1.777344309277985e+18
d9c1120c-05d9-4559-9b36-0867c9eb36ef,1.777344309311327e+18
d9c1120c-05d9-4559-9b36-0867c9eb36ef,1.77734430934467e+18
d9c1120c-05d9-4559-9b36-0867c9eb36ef,1.777344309378012e+18
d9c1120c-05d9-4559-9b36-0867c9eb36ef,1.777344309411355e+18
d9c1120c-05d9-4559-9b36-0867c9eb36ef,1.7773443094446968e+18
d9c1120c-05d9-4559-9b36-0867c9eb36ef,1.77734430947804e+18
d9c1120c-05d9-4559-9b36-0867c9eb36ef,1.777344309511382e+18
d9c1120c-05d9-4559-9b36-0867c9eb36ef,1.777344309544724e+18
d9c1120c-05d9-4559-9b36-0867c9eb36ef,1.777344309578067e+18
d9c1120c-05d9-4559-9b36-0867c9eb36ef,1.777344309611409e+18
d9c1120c-05d9-4559-9b36-0867c9eb36ef,1.777344309644752e+18
d9c1120c-05d9-4559-9b36-0867c9eb36ef,1.7773443096780938e+18
d9c1120c-05d9-4559-9b36-0867c9eb36ef,1.777344309711437e+18
d9c1120c-05d9-4559-9b36-0867c9eb36ef,1.777344309744779e+18
d9c1120c-05d9-4559-9b36-0867c9eb36ef,1.777344309778121e+18
d9c1120c-05d9-4559-9b36-0867c9eb36ef,1.777344309811464e+18
d9c1120c-05d9-4559-9b36-0867c9eb36ef,1.777344309844806e+18
d9c1120c-05d9-4559-9b36-0867c9eb36ef,1.7773443098781489e+18
d9c1120c-05d9-4559-9b36-0867c9eb36ef,1.777344309911491e+18
d9c1120c-05d9-4559-9b36-0867c9eb36ef,1.777344309944834e+18
d9c1120c-05d9-4559-9b36-0867c9eb36ef,1.777344309978176e+18
d9c1120c-05d9-4559-9b36-0867c9eb36ef,1.777344310011519e+18
d9c1120c-05d9-4559-9b36-0867c9eb36ef,1.777344310044861e+18
d9c1120c-05d9-4559-9b36-0867c9eb36ef,1.777344310078204e+18
d9c1120c-05d9-4559-9b36-0867c9eb36ef,1.7773443101115459e+18
d9c1120c-05d9-4559-9b36-0867c9eb36ef,1.777344310144888e+18
d9c1120c-05d9-4559-9b36-0867c9eb36ef,1.777344310178231e+18
d9c1120c-05d9-4559-9b36-0867c9eb36ef,1.777344310211573e+18
d9c1120c-05d9-4559-9b36-0867c9eb36ef,1.777344310244916e+18
d9c1120c-05d9-4559-9b36-0867c9eb36ef,1.777344310278258e+18
d9c1120c-05d9-4559-9b36-0867c9eb36ef,1.777344310311601e+18
d9c1120c-05d9-4559-9b36-0867c9eb36ef,1.7773443103449428e+18
d9c1120c-05d9-4559-9b36-0867c9eb36ef,1.7773443103782858e+18
d9c1120c-05d9-4559-9b36-0867c9eb36ef,1.777344310411628e+18
d9c1120c-05d9-4559-9b36-0867c9eb36ef,1.77734431044497e+18
d9c1120c-05d9-4559-9b36-0867c9eb36ef,1.777344310478313e+18
d9c1120c-05d9-4559-9b36-0867c9eb36ef,1.777344310511655e+18
d9c1120c-05d9-4559-9b36-0867c9eb36ef,1.777344310544998e+18
d9c1120c-05d9-4559-9b36-0867c9eb36ef,1.7773443105783398e+18
d9c1120c-05d9-4559-9b36-0867c9eb36ef,1.777344310611683e+18
d9c1120c-05d9-4559-9b36-0867c9eb36ef,1.777344310645025e+18
d9c1120c-05d9-4559-9b36-0867c9eb36ef,1.777344310678368e+18
d9c1120c-05d9-4559-9b36-0867c9eb36ef,1.77734431071171e+18
d9c1120c-05d9-4559-9b36-0867c9eb36ef,1.777344310745052e+18
d9c1120c-05d9-4559-9b36-0867c9eb36ef,1.777344310778395e+18
d9c1120c-05d9-4559-9b36-0867c9eb36ef,1.7773443108117368e+18
d9c1120c-05d9-4559-9b36-0867c9eb36ef,1.77734431084508e+18
d9c1120c-05d9-4559-9b36-0867c9eb36ef,1.777344310878422e+18
d9c1120c-05d9-4559-9b36-0867c9eb36ef,1.777344310911765e+18
d9c1120c-05d9-4559-9b36-0867c9eb36ef,1.777344310945107e+18
d9c1120c-05d9-4559-9b36-0867c9eb36ef,1.77734431097845e+18
d9c1120c-05d9-4559-9b36-0867c9eb36ef,1.777344311011792e+18
d9c1120c-05d9-4559-9b36-0867c9eb36ef,1.7773443110451338e+18
d9c1120c-05d9-4559-9b36-0867c9eb36ef,1.777344311078477e+18
d9c1120c-05d9-4559-9b36-0867c9eb36ef,1.777344311111819e+18
d9c1120c-05d9-4559-9b36-0867c9eb36ef,1.777344311145162e+18
d9c1120c-05d9-4559-9b36-0867c9eb36ef,1.777344311178504e+18
d9c1120c-05d9-4559-9b36-0867c9eb36ef,1.777344311211847e+18
d9c1120c-05d9-4559-9b36-0867c9eb36ef,1.7773443112451889e+18
d9c1120c-05d9-4559-9b36-0867c9eb36ef,1.7773443112785318e+18
d9c1120c-05d9-4559-9b36-0867c9eb36ef,1.777344311311874e+18
d9c1120c-05d9-4559-9b36-0867c9eb36ef,1.777344311345217e+18
d9c1120c-05d9-4559-9b36-0867c9eb36ef,1.777344311378559e+18
d9c1120c-05d9-4559-9b36-0867c9eb36ef,1.777344311411901e+18
d9c1120c-05d9-4559-9b36-0867c9eb36ef,1.777344311445244e+18
d9c1120c-05d9-4559-9b36-0867c9eb36ef,1.7773443114785859e+18
d9c1120c-05d9-4559-9b36-0867c9eb36ef,1.7773443115119288e+18
d9c1120c-05d9-4559-9b36-0867c9eb36ef,1.777344311545271e+18
d9c1120c-05d9-4559-9b36-0867c9eb36ef,1.777344311578614e+18
d9c1120c-05d9-4559-9b36-0867c9eb36ef,1.777344311611956e+18
d9c1120c-05d9-4559-9b36-0867c9eb36ef,1.777344311645298e+18
d9c1120c-05d9-4559-9b36-0867c9eb36ef,1.777344311678641e+18
d9c1120c-05d9-4559-9b36-0867c9eb36ef,1.7773443117119828e+18
d9c1120c-05d9-4559-9b36-0867c9eb36ef,1.7773443117453258e+18
d9c1120c-05d9-4559-9b36-0867c9eb36ef,1.777344311778668e+18
d9c1120c-05d9-4559-9b36-0867c9eb36ef,1.777344311812011e+18
d9c1120c-05d9-4559-9b36-0867c9eb36ef,1.777344311845353e+18
d9c1120c-05d9-4559-9b36-0867c9eb36ef,1.777344311878696e+18
d9c1120c-05d9-4559-9b36-0867c9eb36ef,1.777344311912038e+18
d9c1120c-05d9-4559-9b36-0867c9eb36ef,1.7773443119453809e+18
d9c1120c-05d9-4559-9b36-0867c9eb36ef,1.777344311978723e+18
d9c1120c-05d9-4559-9b36-0867c9eb36ef,1.777344312012065e+18
d9c1120c-05d9-4559-9b36-0867c9eb36ef,1.777344312045408e+18
d9c1120c-05d9-4559-9b36-0867c9eb36ef,1.77734431207875e+18
d9c1120c-05d9-4559-9b36-0867c9eb36ef,1.777344312112093e+18
d9c1120c-05d9-4559-9b36-0867c9eb36ef,1.777344312145435e+18
d9c1120c-05d9-4559-9b36-0867c9eb36ef,1.7773443121787779e+18
d9c1120c-05d9-4559-9b36-0867c9eb36ef,1.77734431221212e+18
d9c1120c-05d9-4559-9b36-0867c9eb36ef,1.777344312245463e+18
d9c1120c-05d9-4559-9b36-0867c9eb36ef,1.777344312278805e+18
d9c1120c-05d9-4559-9b36-0867c9eb36ef,1.777344312312147e+18
d9c1120c-05d9-4559-9b36-0867c9eb36ef,1.77734431234549e+18
d9c1120c-05d9-4559-9b36-0867c9eb36ef,1.777344312378832e+18
d9c1120c-05d9-4559-9b36-0867c9eb36ef,1.7773443124121748e+18
d9c1120c-05d9-4559-9b36-0867c9eb36ef,1.777344312445517e+18
d9c1120c-05d9-4559-9b36-0867c9eb36ef,1.77734431247886e+18
d9c1120c-05d9-4559-9b36-0867c9eb36ef,1.777344312512202e+18
d9c1120c-05d9-4559-9b36-0867c9eb36ef,1.777344312545545e+18
d9c1120c-05d9-4559-9b36-0867c9eb36ef,1.777344312578887e+18
d9c1120c-05d9-4559-9b36-0867c9eb36ef,1.7773443126122289e+18
d9c1120c-05d9-4559-9b36-0867c9eb36ef,1.7773443126455718e+18
d9c1120c-05d9-4559-9b36-0867c9eb36ef,1.777344312678914e+18
d9c1120c-05d9-4559-9b36-0867c9eb36ef,1.777344312712257e+18
d9c1120c-05d9-4559-9b36-0867c9eb36ef,1.777344312745599e+18
d9c1120c-05d9-4559-9b36-0867c9eb36ef,1.777344312778942e+18
d9c1120c-05d9-4559-9b36-0867c9eb36ef,1.777344312812284e+18
d9c1120c-05d9-4559-9b36-0867c9eb36ef,1.777344312845627e+18
d9c1120c-05d9-4559-9b36-0867c9eb36ef,1.7773443128789688e+18
d9c1120c-05d9-4559-9b36-0867c9eb36ef,1.777344312912311e+18
d9c1120c-05d9-4559-9b36-0867c9eb36ef,1.777344312945654e+18
d9c1120c-05d9-4559-9b36-0867c9eb36ef,1.777344312978996e+18
d9c1120c-05d9-4559-9b36-0867c9eb36ef,1.777344313012339e+18
d9c1120c-05d9-4559-9b36-0867c9eb36ef,1.777344313045681e+18
d9c1120c-05d9-4559-9b36-0867c9eb36ef,1.7773443130790239e+18
d9c1120c-05d9-4559-9b36-0867c9eb36ef,1.7773443131123658e+18
d9c1120c-05d9-4559-9b36-0867c9eb36ef,1.777344313145709e+18
d9c1120c-05d9-4559-9b36-0867c9eb36ef,1.777344313179051e+18
d9c1120c-05d9-4559-9b36-0867c9eb36ef,1.777344313212394e+18
d9c1120c-05d9-4559-9b36-0867c9eb36ef,1.777344313245736e+18
d9c1120c-05d9-4559-9b36-0867c9eb36ef,1.777344313279078e+18
d9c1120c-05d9-4559-9b36-0867c9eb36ef,1.7773443133124209e+18
d9c1120c-05d9-4559-9b36-0867c9eb36ef,1.777344313345763e+18
d9c1120c-05d9-4559-9b36-0867c9eb36ef,1.777344313379106e+18
d9c1120c-05d9-4559-9b36-0867c9eb36ef,1.777344313412448e+18
d9c1120c-05d9-4559-9b36-0867c9eb36ef,1.777344313445791e+18
d9c1120c-05d9-4559-9b36-0867c9eb36ef,1.777344313479133e+18
d9c1120c-05d9-4559-9b36-0867c9eb36ef,1.777344313512475e+18
d9c1120c-05d9-4559-9b36-0867c9eb36ef,1.7773443135458179e+18
d9c1120c-05d9-4559-9b36-0867c9eb36ef,1.77734431357916e+18
d9c1120c-05d9-4559-9b36-0867c9eb36ef,1.777344313612503e+18
d9c1120c-05d9-4559-9b36-0867c9eb36ef,1.777344313645845e+18
d9c1120c-05d9-4559-9b36-0867c9eb36ef,1.777344313679188e+18
d9c1120c-05d9-4559-9b36-0867c9eb36ef,1.77734431371253e+18
d9c1120c-05d9-4559-9b36-0867c9eb36ef,1.777344313745873e+18
d9c1120c-05d9-4559-9b36-0867c9eb36ef,1.7773443137792148e+18
d9c1120c-05d9-4559-9b36-0867c9eb36ef,1.7773443138125578e+18
d9c1120c-05d9-4559-9b36-0867c9eb36ef,1.7773443138459e+18
d9c1120c-05d9-4559-9b36-0867c9eb36ef,1.777344313879242e+18
d9c1120c-05d9-4559-9b36-0867c9eb36ef,1.777344313912585e+18
d9c1120c-05d9-4559-9b36-0867c9eb36ef,1.777344313945927e+18
d9c1120c-05d9-4559-9b36-0867c9eb36ef,1.77734431397927e+18
d9c1120c-05d9-4559-9b36-0867c9eb36ef,1.7773443140126118e+18
d9c1120c-05d9-4559-9b36-0867c9eb36ef,1.777344314045955e+18
d9c1120c-05d9-4559-9b36-0867c9eb36ef,1.777344314079297e+18
d9c1120c-05d9-4559-9b36-0867c9eb36ef,1.77734431411264e+18
d9c1120c-05d9-4559-9b36-0867c9eb36ef,1.777344314145982e+18
d9c1120c-05d9-4559-9b36-0867c9eb36ef,1.777344314179324e+18
d9c1120c-05d9-4559-9b36-0867c9eb36ef,1.777344314212667e+18
d9c1120c-05d9-4559-9b36-0867c9eb36ef,1.7773443142460088e+18
d9c1120c-05d9-4559-9b36-0867c9eb36ef,1.777344314279352e+18
d9c1120c-05d9-4559-9b36-0867c9eb36ef,1.777344314312694e+18
d9c1120c-05d9-4559-9b36-0867c9eb36ef,1.777344314346037e+18
d9c1120c-05d9-4559-9b36-0867c9eb36ef,1.777344314379379e+18
d9c1120c-05d9-4559-9b36-0867c9eb36ef,1.777344314412722e+18
d9c1120c-05d9-4559-9b36-0867c9eb36ef,1.7773443144460639e+18
d9c1120c-05d9-4559-9b36-0867c9eb36ef,1.7773443144794058e+18
d9c1120c-05d9-4559-9b36-0867c9eb36ef,1.777344314512749e+18
d9c1120c-05d9-4559-9b36-0867c9eb36ef,1.777344314546091e+18
d9c1120c-05d9-4559-9b36-0867c9eb36ef,1.777344314579434e+18
d9c1120c-05d9-4559-9b36-0867c9eb36ef,1.777344314612776e+18
d9c1120c-05d9-4559-9b36-0867c9eb36ef,1.777344314646119e+18
d9c1120c-05d9-4559-9b36-0867c9eb36ef,1.7773443146794609e+18
d9c1120c-05d9-4559-9b36-0867c9eb36ef,1.7773443147128038e+18
d9c1120c-05d9-4559-9b36-0867c9eb36ef,1.777344314746146e+18
d9c1120c-05d9-4559-9b36-0867c9eb36ef,1.777344314779488e+18
d9c1120c-05d9-4559-9b36-0867c9eb36ef,1.777344314812831e+18
d9c1120c-05d9-4559-9b36-0867c9eb36ef,1.777344314846173e+18
d9c1120c-05d9-4559-9b36-0867c9eb36ef,1.777344314879516e+18
d9c1120c-05d9-4559-9b36-0867c9eb36ef,1.7773443149128579e+18
d9c1120c-05d9-4559-9b36-0867c9eb36ef,1.7773443149462008e+18
d9c1120c-05d9-4559-9b36-0867c9eb36ef,1.777344314979543e+18
d9c1120c-05d9-4559-9b36-0867c9eb36ef,1.777344315012886e+18
d9c1120c-05d9-4559-9b36-0867c9eb36ef,1.777344315046228e+18
d9c1120c-05d9-4559-9b36-0867c9eb36ef,1.777344315079571e+18
d9c1120c-05d9-4559-9b36-0867c9eb36ef,1.777344315112913e+18
d9c1120c-05d9-4559-9b36-0867c9eb36ef,1.7773443151462548e+18
d9c1120c-05d9-4559-9b36-0867c9eb36ef,1.7773443151795978e+18
d9c1120c-05d9-4559-9b36-0867c9eb36ef,1.77734431521294e+18
d9c1120c-05d9-4559-9b36-0867c9eb36ef,1.777344315246283e+18
d9c1120c-05d9-4559-9b36-0867c9eb36ef,1.777344315279625e+18
d9c1120c-05d9-4559-9b36-0867c9eb36ef,1.777344315312968e+18
d9c1120c-05d9-4559-9b36-0867c9eb36ef,1.77734431534631e+18
d9c1120c-05d9-4559-9b36-0867c9eb36ef,1.7773443153796529e+18
d9c1120c-05d9-4559-9b36-0867c9eb36ef,1.777344315412995e+18
d9c1120c-05d9-4559-9b36-0867c9eb36ef,1.777344315446337e+18
d9c1120c-05d9-4559-9b36-0867c9eb36ef,1.77734431547968e+18
d9c1120c-05d9-4559-9b36-0867c9eb36ef,1.777344315513022e+18
d9c1120c-05d9-4559-9b36-0867c9eb36ef,1.777344315546365e+18
d9c1120c-05d9-4559-9b36-0867c9eb36ef,1.777344315579707e+18
d9c1120c-05d9-4559-9b36-0867c9eb36ef,1.7773443156130499e+18
d9c1120c-05d9-4559-9b36-0867c9eb36ef,1.777344315646392e+18
d9c1120c-05d9-4559-9b36-0867c9eb36ef,1.777344315679735e+18
d9c1120c-05d9-4559-9b36-0867c9eb36ef,1.777344315713077e+18
d9c1120c-05d9-4559-9b36-0867c9eb36ef,1.77734431574642e+18
d9c1120c-05d9-4559-9b36-0867c9eb36ef,1.777344315779762e+18
d9c1120c-05d9-4559-9b36-0867c9eb36ef,1.7773443158131039e+18
d9c1120c-05d9-4559-9b36-0867c9eb36ef,1.7773443158464468e+18
d9c1120c-05d9-4559-9b36-0867c9eb36ef,1.777344315879789e+18
d9c1120c-05d9-4559-9b36-0867c9eb36ef,1.777344315913132e+18
d9c1120c-05d9-4559-9b36-0867c9eb36ef,1.777344315946474e+18
d9c1120c-05d9-4559-9b36-0867c9eb36ef,1.777344315979817e+18
d9c1120c-05d9-4559-9b36-0867c9eb36ef,1.777344316013159e+18
d9c1120c-05d9-4559-9b36-0867c9eb36ef,1.777344316046502e+18
d9c1120c-05d9-4559-9b36-0867c9eb36ef,1.7773443160798438e+18
d9c1120c-05d9-4559-9b36-0867c9eb36ef,1.777344316113186e+18
d9c1120c-05d9-4559-9b36-0867c9eb36ef,1.777344316146529e+18
d9c1120c-05d9-4559-9b36-0867c9eb36ef,1.777344316179871e+18
d9c1120c-05d9-4559-9b36-0867c9eb36ef,1.777344316213214e+18
d9c1120c-05d9-4559-9b36-0867c9eb36ef,1.777344316246556e+18
d9c1120c-05d9-4559-9b36-0867c9eb36ef,1.777344316279899e+18
d9c1120c-05d9-4559-9b36-0867c9eb36ef,1.7773443163132408e+18
d9c1120c-05d9-4559-9b36-0867c9eb36ef,1.777344316346584e+18
d9c1120c-05d9-4559-9b36-0867c9eb36ef,1.777344316379926e+18
d9c1120c-05d9-4559-9b36-0867c9eb36ef,1.777344316413268e+18
d9c1120c-05d9-4559-9b36-0867c9eb36ef,1.777344316446611e+18
d9c1120c-05d9-4559-9b36-0867c9eb36ef,1.777344316479953e+18
d9c1120c-05d9-4559-9b36-0867c9eb36ef,1.777344316513296e+18
d9c1120c-05d9-4559-9b36-0867c9eb36ef,1.7773443165466378e+18
d9c1120c-05d9-4559-9b36-0867c9eb36ef,1.777344316579981e+18
d9c1120c-05d9-4559-9b36-0867c9eb36ef,1.777344316613323e+18
d9c1120c-05d9-4559-9b36-0867c9eb36ef,1.777344316646666e+18
d9c1120c-05d9-4559-9b36-0867c9eb36ef,1.777344316680008e+18
d9c1120c-05d9-4559-9b36-0867c9eb36ef,1.77734431671335e+18
d9c1120c-05d9-4559-9b36-0867c9eb36ef,1.7773443167466929e+18
d9c1120c-05d9-4559-9b36-0867c9eb36ef,1.777344316780035e+18
d9c1120c-05d9-4559-9b36-0867c9eb36ef,1.777344316813378e+18
d9c1120c-05d9-4559-9b36-0867c9eb36ef,1.77734431684672e+18
d9c1120c-05d9-4559-9b36-0867c9eb36ef,1.777344316880063e+18
d9c1120c-05d9-4559-9b36-0867c9eb36ef,1.777344316913405e+18
d9c1120c-05d9-4559-9b36-0867c9eb36ef,1.777344316946748e+18
d9c1120c-05d9-4559-9b36-0867c9eb36ef,1.7773443169800899e+18
d9c1120c-05d9-4559-9b36-0867c9eb36ef,1.777344317013432e+18
d9c1120c-05d9-4559-9b36-0867c9eb36ef,1.777344317046775e+18
d9c1120c-05d9-4559-9b36-0867c9eb36ef,1.777344317080117e+18
d9c1120c-05d9-4559-9b36-0867c9eb36ef,1.77734431711346e+18
d9c1120c-05d9-4559-9b36-0867c9eb36ef,1.777344317146802e+18
d9c1120c-05d9-4559-9b36-0867c9eb36ef,1.777344317180145e+18
d9c1120c-05d9-4559-9b36-0867c9eb36ef,1.7773443172134868e+18
d9c1120c-05d9-4559-9b36-0867c9eb36ef,1.7773443172468298e+18
d9c1120c-05d9-4559-9b36-0867c9eb36ef,1.777344317280172e+18
d9c1120c-05d9-4559-9b36-0867c9eb36ef,1.777344317313514e+18
d9c1120c-05d9-4559-9b36-0867c9eb36ef,1.777344317346857e+18
d9c1120c-05d9-4559-9b36-0867c9eb36ef,1.777344317380199e+18
d9c1120c-05d9-4559-9b36-0867c9eb36ef,1.777344317413542e+18
d9c1120c-05d9-4559-9b36-0867c9eb36ef,1.7773443174468838e+18
d9c1120c-05d9-4559-9b36-0867c9eb36ef,1.777344317480227e+18
d9c1120c-05d9-4559-9b36-0867c9eb36ef,1.777344317513569e+18
d9c1120c-05d9-4559-9b36-0867c9eb36ef,1.777344317546912e+18
d9c1120c-05d9-4559-9b36-0867c9eb36ef,1.777344317580254e+18
d9c1120c-05d9-4559-9b36-0867c9eb36ef,1.777344317613597e+18
d9c1120c-05d9-4559-9b36-0867c9eb36ef,1.777344317646939e+18
d9c1120c-05d9-4559-9b36-0867c9eb36ef,1.7773443176802808e+18
d9c1120c-05d9-4559-9b36-0867c9eb36ef,1.777344317713624e+18
d9c1120c-05d9-4559-9b36-0867c9eb36ef,1.777344317746966e+18
d9c1120c-05d9-4559-9b36-0867c9eb36ef,1.777344317780309e+18
d9c1120c-05d9-4559-9b36-0867c9eb36ef,1.777344317813651e+18
d9c1120c-05d9-4559-9b36-0867c9eb36ef,1.777344317846994e+18
d9c1120c-05d9-4559-9b36-0867c9eb36ef,1.777344317880336e+18
d9c1120c-05d9-4559-9b36-0867c9eb36ef,1.7773443179136788e+18
d9c1120c-05d9-4559-9b36-0867c9eb36ef,1.777344317947021e+18
d9c1120c-05d9-4559-9b36-0867c9eb36ef,1.777344317980363e+18
d9c1120c-05d9-4559-9b36-0867c9eb36ef,1.777344318013706e+18
d9c1120c-05d9-4559-9b36-0867c9eb36ef,1.777344318047048e+18
d9c1120c-05d9-4559-9b36-0867c9eb36ef,1.777344318080391e+18
d9c1120c-05d9-4559-9b36-0867c9eb36ef,1.7773443181137329e+18
d9c1120c-05d9-4559-9b36-0867c9eb36ef,1.7773443181470758e+18
d9c1120c-05d9-4559-9b36-0867c9eb36ef,1.777344318180418e+18
d9c1120c-05d9-4559-9b36-0867c9eb36ef,1.777344318213761e+18
d9c1120c-05d9-4559-9b36-0867c9eb36ef,1.777344318247103e+18
d9c1120c-05d9-4559-9b36-0867c9eb36ef,1.777344318280445e+18
d9c1120c-05d9-4559-9b36-0867c9eb36ef,1.777344318313788e+18
d9c1120c-05d9-4559-9b36-0867c9eb36ef,1.7773443183471299e+18
d9c1120c-05d9-4559-9b36-0867c9eb36ef,1.7773443183804728e+18
d9c1120c-05d9-4559-9b36-0867c9eb36ef,1.777344318413815e+18
d9c1120c-05d9-4559-9b36-0867c9eb36ef,1.777344318447158e+18
d9c1120c-05d9-4559-9b36-0867c9eb36ef,1.7773443184805e+18
d9c1120c-05d9-4559-9b36-0867c9eb36ef,1.777344318513843e+18
d9c1120c-05d9-4559-9b36-0867c9eb36ef,1.777344318547185e+18
d9c1120c-05d9-4559-9b36-0867c9eb36ef,1.7773443185805268e+18
d9c1120c-05d9-4559-9b36-0867c9eb36ef,1.7773443186138698e+18
d9c1120c-05d9-4559-9b36-0867c9eb36ef,1.777344318647212e+18
d9c1120c-05d9-4559-9b36-0867c9eb36ef,1.777344318680555e+18
d9c1120c-05d9-4559-9b36-0867c9eb36ef,1.777344318713897e+18
d9c1120c-05d9-4559-9b36-0867c9eb36ef,1.77734431874724e+18
d9c1120c-05d9-4559-9b36-0867c9eb36ef,1.777344318780582e+18
d9c1120c-05d9-4559-9b36-0867c9eb36ef,1.7773443188139249e+18
d9c1120c-05d9-4559-9b36-0867c9eb36ef,1.777344318847267e+18
d9c1120c-05d9-4559-9b36-0867c9eb36ef,1.777344318880609e+18
d9c1120c-05d9-4559-9b36-0867c9eb36ef,1.777344318913952e+18
d9c1120c-05d9-4559-9b36-0867c9eb36ef,1.777344318947294e+18
d9c1120c-05d9-4559-9b36-0867c9eb36ef,1.777344318980637e+18
d9c1120c-05d9-4559-9b36-0867c9eb36ef,1.777344319013979e+18
d9c1120c-05d9-4559-9b36-0867c9eb36ef,1.7773443190473219e+18
d9c1120c-05d9-4559-9b36-0867c9eb36ef,1.777344319080664e+18
d9c1120c-05d9-4559-9b36-0867c9eb36ef,1.777344319114007e+18
d9c1120c-05d9-4559-9b36-0867c9eb36ef,1.777344319147349e+18
d9c1120c-05d9-4559-9b36-0867c9eb36ef,1.777344319180691e+18
d9c1120c-05d9-4559-9b36-0867c9eb36ef,1.777344319214034e+18
d9c1120c-05d9-4559-9b36-0867c9eb36ef,1.777344319247376e+18
d9c1120c-05d9-4559-9b36-0867c9eb36ef,1.7773443192807188e+18
d9c1120c-05d9-4559-9b36-0867c9eb36ef,1.777344319314061e+18
d9c1120c-05d9-4559-9b36-0867c9eb36ef,1.777344319347404e+18
d9c1120c-05d9-4559-9b36-0867c9eb36ef,1.777344319380746e+18
d9c1120c-05d9-4559-9b36-0867c9eb36ef,1.777344319414089e+18
d9c1120c-05d9-4559-9b36-0867c9eb36ef,1.777344319447431e+18
d9c1120c-05d9-4559-9b36-0867c9eb36ef,1.777344319480774e+18
d9c1120c-05d9-4559-9b36-0867c9eb36ef,1.7773443195141158e+18
d9c1120c-05d9-4559-9b36-0867c9eb36ef,1.777344319547458e+18
d9c1120c-05d9-4559-9b36-0867c9eb36ef,1.777344319580801e+18
d9c1120c-05d9-4559-9b36-0867c9eb36ef,1.777344319614143e+18
d9c1120c-05d9-4559-9b36-0867c9eb36ef,1.777344319647486e+18
d9c1120c-05d9-4559-9b36-0867c9eb36ef,1.777344319680828e+18
d9c1120c-05d9-4559-9b36-0867c9eb36ef,1.777344319714171e+18
d9c1120c-05d9-4559-9b36-0867c9eb36ef,1.7773443197475128e+18
d9c1120c-05d9-4559-9b36-0867c9eb36ef,1.777344319780855e+18
d9c1120c-05d9-4559-9b36-0867c9eb36ef,1.777344319814198e+18
d9c1120c-05d9-4559-9b36-0867c9eb36ef,1.77734431984754e+18
d9c1120c-05d9-4559-9b36-0867c9eb36ef,1.777344319880883e+18
d9c1120c-05d9-4559-9b36-0867c9eb36ef,1.777344319914225e+18
d9c1120c-05d9-4559-9b36-0867c9eb36ef,1.7773443199475679e+18
d9c1120c-05d9-4559-9b36-0867c9eb36ef,1.7773443199809098e+18
d9c1120c-05d9-4559-9b36-0867c9eb36ef,1.777344320014253e+18
d9c1120c-05d9-4559-9b36-0867c9eb36ef,1.777344320047595e+18
d9c1120c-05d9-4559-9b36-0867c9eb36ef,1.777344320080938e+18
d9c1120c-05d9-4559-9b36-0867c9eb36ef,1.77734432011428e+18
d9c1120c-05d9-4559-9b36-0867c9eb36ef,1.777344320147622e+18
d9c1120c-05d9-4559-9b36-0867c9eb36ef,1.7773443201809649e+18
d9c1120c-05d9-4559-9b36-0867c9eb36ef,1.777344320214307e+18
d9c1120c-05d9-4559-9b36-0867c9eb36ef,1.77734432024765e+18
d9c1120c-05d9-4559-9b36-0867c9eb36ef,1.777344320280992e+18
d9c1120c-05d9-4559-9b36-0867c9eb36ef,1.777344320314335e+18
d9c1120c-05d9-4559-9b36-0867c9eb36ef,1.777344320347677e+18
d9c1120c-05d9-4559-9b36-0867c9eb36ef,1.77734432038102e+18
d9c1120c-05d9-4559-9b36-0867c9eb36ef,1.7773443204143619e+18
d9c1120c-05d9-4559-9b36-0867c9eb36ef,1.777344320447704e+18
d9c1120c-05d9-4559-9b36-0867c9eb36ef,1.777344320481047e+18
d9c1120c-05d9-4559-9b36-0867c9eb36ef,1.777344320514389e+18
d9c1120c-05d9-4559-9b36-0867c9eb36ef,1.777344320547732e+18
d9c1120c-05d9-4559-9b36-0867c9eb36ef,1.777344320581074e+18
d9c1120c-05d9-4559-9b36-0867c9eb36ef,1.777344320614417e+18
d9c1120c-05d9-4559-9b36-0867c9eb36ef,1.7773443206477588e+18
d9c1120c-05d9-4559-9b36-0867c9eb36ef,1.7773443206811018e+18
d9c1120c-05d9-4559-9b36-0867c9eb36ef,1.777344320714444e+18
d9c1120c-05d9-4559-9b36-0867c9eb36ef,1.777344320747786e+18
d9c1120c-05d9-4559-9b36-0867c9eb36ef,1.777344320781129e+18
d9c1120c-05d9-4559-9b36-0867c9eb36ef,1.777344320814471e+18
d9c1120c-05d9-4559-9b36-0867c9eb36ef,1.777344320847814e+18
d9c1120c-05d9-4559-9b36-0867c9eb36ef,1.7773443208811558e+18
d9c1120c-05d9-4559-9b36-0867c9eb36ef,1.777344320914499e+18
d9c1120c-05d9-4559-9b36-0867c9eb36ef,1.777344320947841e+18
d9c1120c-05d9-4559-9b36-0867c9eb36ef,1.777344320981184e+18
d9c1120c-05d9-4559-9b36-0867c9eb36ef,1.777344321014526e+18
d9c1120c-05d9-4559-9b36-0867c9eb36ef,1.777344321047868e+18
d9c1120c-05d9-4559-9b36-0867c9eb36ef,1.777344321081211e+18
d9c1120c-05d9-4559-9b36-0867c9eb36ef,1.7773443211145528e+18
d9c1120c-05d9-4559-9b36-0867c9eb36ef,1.777344321147896e+18
d9c1120c-05d9-4559-9b36-0867c9eb36ef,1.777344321181238e+18
d9c1120c-05d9-4559-9b36-0867c9eb36ef,1.777344321214581e+18
d9c1120c-05d9-4559-9b36-0867c9eb36ef,1.777344321247923e+18
d9c1120c-05d9-4559-9b36-0867c9eb36ef,1.777344321281266e+18
d9c1120c-05d9-4559-9b36-0867c9eb36ef,1.7773443213146079e+18
d9c1120c-05d9-4559-9b36-0867c9eb36ef,1.7773443213479508e+18
d9c1120c-05d9-4559-9b36-0867c9eb36ef,1.777344321381293e+18
d9c1120c-05d9-4559-9b36-0867c9eb36ef,1.777344321414635e+18
d9c1120c-05d9-4559-9b36-0867c9eb36ef,1.777344321447978e+18
d9c1120c-05d9-4559-9b36-0867c9eb36ef,1.77734432148132e+18
d9c1120c-05d9-4559-9b36-0867c9eb36ef,1.777344321514663e+18
d9c1120c-05d9-4559-9b36-0867c9eb36ef,1.7773443215480049e+18
d9c1120c-05d9-4559-9b36-0867c9eb36ef,1.7773443215813478e+18
d9c1120c-05d9-4559-9b36-0867c9eb36ef,1.77734432161469e+18
d9c1120c-05d9-4559-9b36-0867c9eb36ef,1.777344321648032e+18
d9c1120c-05d9-4559-9b36-0867c9eb36ef,1.777344321681375e+18
d9c1120c-05d9-4559-9b36-0867c9eb36ef,1.777344321714717e+18
d9c1120c-05d9-4559-9b36-0867c9eb36ef,1.77734432174806e+18
d9c1120c-05d9-4559-9b36-0867c9eb36ef,1.7773443217814019e+18
d9c1120c-05d9-4559-9b36-0867c9eb36ef,1.7773443218147448e+18
d9c1120c-05d9-4559-9b36-0867c9eb36ef,1.777344321848087e+18
d9c1120c-05d9-4559-9b36-0867c9eb36ef,1.77734432188143e+18
d9c1120c-05d9-4559-9b36-0867c9eb36ef,1.777344321914772e+18
d9c1120c-05d9-4559-9b36-0867c9eb36ef,1.777344321948115e+18
d9c1120c-05d9-4559-9b36-0867c9eb36ef,1.777344321981457e+18
d9c1120c-05d9-4559-9b36-0867c9eb36ef,1.7773443220147988e+18
d9c1120c-05d9-4559-9b36-0867c9eb36ef,1.7773443220481418e+18
d9c1120c-05d9-4559-9b36-0867c9eb36ef,1.777344322081484e+18
d9c1120c-05d9-4559-9b36-0867c9eb36ef,1.777344322114827e+18
d9c1120c-05d9-4559-9b36-0867c9eb36ef,1.777344322148169e+18
d9c1120c-05d9-4559-9b36-0867c9eb36ef,1.777344322181512e+18
d9c1120c-05d9-4559-9b36-0867c9eb36ef,1.777344322214854e+18
d9c1120c-05d9-4559-9b36-0867c9eb36ef,1.7773443222481969e+18
d9c1120c-05d9-4559-9b36-0867c9eb36ef,1.777344322281539e+18
d9c1120c-05d9-4559-9b36-0867c9eb36ef,1.777344322314881e+18
d9c1120c-05d9-4559-9b36-0867c9eb36ef,1.777344322348224e+18
d9c1120c-05d9-4559-9b36-0867c9eb36ef,1.777344322381566e+18
d9c1120c-05d9-4559-9b36-0867c9eb36ef,1.777344322414909e+18
d9c1120c-05d9-4559-9b36-0867c9eb36ef,1.777344322448251e+18
d9c1120c-05d9-4559-9b36-0867c9eb36ef,1.7773443224815939e+18
d9c1120c-05d9-4559-9b36-0867c9eb36ef,1.777344322514936e+18
d9c1120c-05d9-4559-9b36-0867c9eb36ef,1.777344322548279e+18
d9c1120c-05d9-4559-9b36-0867c9eb36ef,1.777344322581621e+18
d9c1120c-05d9-4559-9b36-0867c9eb36ef,1.777344322614963e+18
d9c1120c-05d9-4559-9b36-0867c9eb36ef,1.777344322648306e+18
d9c1120c-05d9-4559-9b36-0867c9eb36ef,1.7773443226816479e+18
d9c1120c-05d9-4559-9b36-0867c9eb36ef,1.7773443227149908e+18
d9c1120c-05d9-4559-9b36-0867c9eb36ef,1.777344322748333e+18
d9c1120c-05d9-4559-9b36-0867c9eb36ef,1.777344322781676e+18
d9c1120c-05d9-4559-9b36-0867c9eb36ef,1.777344322815018e+18
d9c1120c-05d9-4559-9b36-0867c9eb36ef,1.777344322848361e+18
d9c1120c-05d9-4559-9b36-0867c9eb36ef,1.777344322881703e+18
d9c1120c-05d9-4559-9b36-0867c9eb36ef,1.7773443229150449e+18
d9c1120c-05d9-4559-9b36-0867c9eb36ef,1.7773443229483878e+18
d9c1120c-05d9-4559-9b36-0867c9eb36ef,1.77734432298173e+18
d9c1120c-05d9-4559-9b36-0867c9eb36ef,1.777344323015073e+18
d9c1120c-05d9-4559-9b36-0867c9eb36ef,1.777344323048415e+18
d9c1120c-05d9-4559-9b36-0867c9eb36ef,1.777344323081758e+18
d9c1120c-05d9-4559-9b36-0867c9eb36ef,1.7773443231151e+18
d9c1120c-05d9-4559-9b36-0867c9eb36ef,1.777344323148443e+18
d9c1120c-05d9-4559-9b36-0867c9eb36ef,1.7773443231817848e+18
d9c1120c-05d9-4559-9b36-0867c9eb36ef,1.777344323215128e+18
d9c1120c-05d9-4559-9b36-0867c9eb36ef,1.77734432324847e+18
d9c1120c-05d9-4559-9b36-0867c9eb36ef,1.777344323281812e+18
d9c1120c-05d9-4559-9b36-0867c9eb36ef,1.777344323315155e+18
d9c1120c-05d9-4559-9b36-0867c9eb36ef,1.777344323348497e+18
d9c1120c-05d9-4559-9b36-0867c9eb36ef,1.77734432338184e+18
d9c1120c-05d9-4559-9b36-0867c9eb36ef,1.7773443234151818e+18
d9c1120c-05d9-4559-9b36-0867c9eb36ef,1.777344323448525e+18
d9c1120c-05d9-4559-9b36-0867c9eb36ef,1.777344323481867e+18
d9c1120c-05d9-4559-9b36-0867c9eb36ef,1.777344323515209e+18
d9c1120c-05d9-4559-9b36-0867c9eb36ef,1.777344323548552e+18
d9c1120c-05d9-4559-9b36-0867c9eb36ef,1.777344323581894e+18
d9c1120c-05d9-4559-9b36-0867c9eb36ef,1.7773443236152369e+18
d9c1120c-05d9-4559-9b36-0867c9eb36ef,1.777344323648579e+18
d9c1120c-05d9-4559-9b36-0867c9eb36ef,1.777344323681922e+18
d9c1120c-05d9-4559-9b36-0867c9eb36ef,1.777344323715264e+18
d9c1120c-05d9-4559-9b36-0867c9eb36ef,1.777344323748607e+18
d9c1120c-05d9-4559-9b36-0867c9eb36ef,1.777344323781949e+18
d9c1120c-05d9-4559-9b36-0867c9eb36ef,1.777344323815292e+18
d9c1120c-05d9-4559-9b36-0867c9eb36ef,1.7773443238486339e+18
d9c1120c-05d9-4559-9b36-0867c9eb36ef,1.777344323881976e+18
d9c1120c-05d9-4559-9b36-0867c9eb36ef,1.777344323915319e+18
d9c1120c-05d9-4559-9b36-0867c9eb36ef,1.777344323948661e+18
d9c1120c-05d9-4559-9b36-0867c9eb36ef,1.777344323982004e+18
d9c1120c-05d9-4559-9b36-0867c9eb36ef,1.777344324015346e+18
d9c1120c-05d9-4559-9b36-0867c9eb36ef,1.777344324048689e+18
d9c1120c-05d9-4559-9b36-0867c9eb36ef,1.7773443240820308e+18
d9c1120c-05d9-4559-9b36-0867c9eb36ef,1.7773443241153738e+18
d9c1120c-05d9-4559-9b36-0867c9eb36ef,1.777344324148716e+18
d9c1120c-05d9-4559-9b36-0867c9eb36ef,1.777344324182058e+18
d9c1120c-05d9-4559-9b36-0867c9eb36ef,1.777344324215401e+18
d9c1120c-05d9-4559-9b36-0867c9eb36ef,1.777344324248743e+18
d9c1120c-05d9-4559-9b36-0867c9eb36ef,1.777344324282086e+18
d9c1120c-05d9-4559-9b36-0867c9eb36ef,1.7773443243154278e+18
d9c1120c-05d9-4559-9b36-0867c9eb36ef,1.777344324348771e+18
d9c1120c-05d9-4559-9b36-0867c9eb36ef,1.777344324382113e+18
d9c1120c-05d9-4559-9b36-0867c9eb36ef,1.777344324415456e+18
d9c1120c-05d9-4559-9b36-0867c9eb36ef,1.777344324448798e+18
d9c1120c-05d9-4559-9b36-0867c9eb36ef,1.77734432448214e+18
d9c1120c-05d9-4559-9b36-0867c9eb36ef,1.777344324515483e+18
d9c1120c-05d9-4559-9b36-0867c9eb36ef,1.7773443245488248e+18
d9c1120c-05d9-4559-9b36-0867c9eb36ef,1.777344324582168e+18
d9c1120c-05d9-4559-9b36-0867c9eb36ef,1.77734432461551e+18
d9c1120c-05d9-4559-9b36-0867c9eb36ef,1.777344324648853e+18
d9c1120c-05d9-4559-9b36-0867c9eb36ef,1.777344324682195e+18
d9c1120c-05d9-4559-9b36-0867c9eb36ef,1.777344324715538e+18
d9c1120c-05d9-4559-9b36-0867c9eb36ef,1.77734432474888e+18
d9c1120c-05d9-4559-9b36-0867c9eb36ef,1.7773443247822218e+18
d9c1120c-05d9-4559-9b36-0867c9eb36ef,1.777344324815565e+18
d9c1120c-05d9-4559-9b36-0867c9eb36ef,1.777344324848907e+18
d9c1120c-05d9-4559-9b36-0867c9eb36ef,1.77734432488225e+18
d9c1120c-05d9-4559-9b36-0867c9eb36ef,1.777344324915592e+18
d9c1120c-05d9-4559-9b36-0867c9eb36ef,1.777344324948935e+18
d9c1120c-05d9-4559-9b36-0867c9eb36ef,1.7773443249822769e+18
d9c1120c-05d9-4559-9b36-0867c9eb36ef,1.7773443250156198e+18
d9c1120c-05d9-4559-9b36-0867c9eb36ef,1.777344325048962e+18
d9c1120c-05d9-4559-9b36-0867c9eb36ef,1.777344325082305e+18
d9c1120c-05d9-4559-9b36-0867c9eb36ef,1.777344325115647e+18
d9c1120c-05d9-4559-9b36-0867c9eb36ef,1.777344325148989e+18
d9c1120c-05d9-4559-9b36-0867c9eb36ef,1.777344325182332e+18
d9c1120c-05d9-4559-9b36-0867c9eb36ef,1.7773443252156739e+18
d9c1120c-05d9-4559-9b36-0867c9eb36ef,1.7773443252490168e+18
d9c1120c-05d9-4559-9b36-0867c9eb36ef,1.777344325282359e+18
d9c1120c-05d9-4559-9b36-0867c9eb36ef,1.777344325315702e+18
d9c1120c-05d9-4559-9b36-0867c9eb36ef,1.777344325349044e+18
d9c1120c-05d9-4559-9b36-0867c9eb36ef,1.777344325382387e+18
d9c1120c-05d9-4559-9b36-0867c9eb36ef,1.777344325415729e+18
d9c1120c-05d9-4559-9b36-0867c9eb36ef,1.7773443254490708e+18
d9c1120c-05d9-4559-9b36-0867c9eb36ef,1.7773443254824138e+18
d9c1120c-05d9-4559-9b36-0867c9eb36ef,1.777344325515756e+18
d9c1120c-05d9-4559-9b36-0867c9eb36ef,1.777344325549099e+18
d9c1120c-05d9-4559-9b36-0867c9eb36ef,1.777344325582441e+18
d9c1120c-05d9-4559-9b36-0867c9eb36ef,1.777344325615784e+18
d9c1120c-05d9-4559-9b36-0867c9eb36ef,1.777344325649126e+18
d9c1120c-05d9-4559-9b36-0867c9eb36ef,1.7773443256824689e+18
d9c1120c-05d9-4559-9b36-0867c9eb36ef,1.777344325715811e+18
d9c1120c-05d9-4559-9b36-0867c9eb36ef,1.777344325749153e+18
d9c1120c-05d9-4559-9b36-0867c9eb36ef,1.777344325782496e+18
d9c1120c-05d9-4559-9b36-0867c9eb36ef,1.777344325815838e+18
d9c1120c-05d9-4559-9b36-0867c9eb36ef,1.777344325849181e+18
d9c1120c-05d9-4559-9b36-0867c9eb36ef,1.777344325882523e+18
d9c1120c-05d9-4559-9b36-0867c9eb36ef,1.7773443259158659e+18
d9c1120c-05d9-4559-9b36-0867c9eb36ef,1.777344325949208e+18
d9c1120c-05d9-4559-9b36-0867c9eb36ef,1.777344325982551e+18
d9c1120c-05d9-4559-9b36-0867c9eb36ef,1.777344326015893e+18
d9c1120c-05d9-4559-9b36-0867c9eb36ef,1.777344326049235e+18
d9c1120c-05d9-4559-9b36-0867c9eb36ef,1.777344326082578e+18
d9c1120c-05d9-4559-9b36-0867c9eb36ef,1.77734432611592e+18
d9c1120c-05d9-4559-9b36-0867c9eb36ef,1.7773443261492628e+18
d9c1120c-05d9-4559-9b36-0867c9eb36ef,1.777344326182605e+18
d9c1120c-05d9-4559-9b36-0867c9eb36ef,1.777344326215948e+18
d9c1120c-05d9-4559-9b36-0867c9eb36ef,1.77734432624929e+18
d9c1120c-05d9-4559-9b36-0867c9eb36ef,1.777344326282633e+18
d9c1120c-05d9-4559-9b36-0867c9eb36ef,1.777344326315975e+18
d9c1120c-05d9-4559-9b36-0867c9eb36ef,1.7773443263493169e+18
d9c1120c-05d9-4559-9b36-0867c9eb36ef,1.7773443263826598e+18
d9c1120c-05d9-4559-9b36-0867c9eb36ef,1.777344326416002e+18
d9c1120c-05d9-4559-9b36-0867c9eb36ef,1.777344326449345e+18
d9c1120c-05d9-4559-9b36-0867c9eb36ef,1.777344326482687e+18
d9c1120c-05d9-4559-9b36-0867c9eb36ef,1.77734432651603e+18
d9c1120c-05d9-4559-9b36-0867c9eb36ef,1.777344326549372e+18
d9c1120c-05d9-4559-9b36-0867c9eb36ef,1.777344326582715e+18
d9c1120c-05d9-4559-9b36-0867c9eb36ef,1.7773443266160568e+18
d9c1120c-05d9-4559-9b36-0867c9eb36ef,1.777344326649399e+18
d9c1120c-05d9-4559-9b36-0867c9eb36ef,1.777344326682742e+18
d9c1120c-05d9-4559-9b36-0867c9eb36ef,1.777344326716084e+18
d9c1120c-05d9-4559-9b36-0867c9eb36ef,1.777344326749427e+18
d9c1120c-05d9-4559-9b36-0867c9eb36ef,1.777344326782769e+18
d9c1120c-05d9-4559-9b36-0867c9eb36ef,1.7773443268161119e+18
d9c1120c-05d9-4559-9b36-0867c9eb36ef,1.7773443268494538e+18
d9c1120c-05d9-4559-9b36-0867c9eb36ef,1.777344326882797e+18
d9c1120c-05d9-4559-9b36-0867c9eb36ef,1.777344326916139e+18
d9c1120c-05d9-4559-9b36-0867c9eb36ef,1.777344326949482e+18
d9c1120c-05d9-4559-9b36-0867c9eb36ef,1.777344326982824e+18
d9c1120c-05d9-4559-9b36-0867c9eb36ef,1.777344327016166e+18
d9c1120c-05d9-4559-9b36-0867c9eb36ef,1.7773443270495089e+18
d9c1120c-05d9-4559-9b36-0867c9eb36ef,1.777344327082851e+18
d9c1120c-05d9-4559-9b36-0867c9eb36ef,1.777344327116194e+18
d9c1120c-05d9-4559-9b36-0867c9eb36ef,1.777344327149536e+18
d9c1120c-05d9-4559-9b36-0867c9eb36ef,1.777344327182879e+18
d9c1120c-05d9-4559-9b36-0867c9eb36ef,1.777344327216221e+18
d9c1120c-05d9-4559-9b36-0867c9eb36ef,1.777344327249564e+18
d9c1120c-05d9-4559-9b36-0867c9eb36ef,1.7773443272829059e+18
d9c1120c-05d9-4559-9b36-0867c9eb36ef,1.777344327316248e+18
d9c1120c-05d9-4559-9b36-0867c9eb36ef,1.777344327349591e+18
d9c1120c-05d9-4559-9b36-0867c9eb36ef,1.777344327382933e+18
d9c1120c-05d9-4559-9b36-0867c9eb36ef,1.777344327416276e+18
d9c1120c-05d9-4559-9b36-0867c9eb36ef,1.777344327449618e+18
d9c1120c-05d9-4559-9b36-0867c9eb36ef,1.777344327482961e+18
d9c1120c-05d9-4559-9b36-0867c9eb36ef,1.7773443275163028e+18
d9c1120c-05d9-4559-9b36-0867c9eb36ef,1.7773443275496458e+18
d9c1120c-05d9-4559-9b36-0867c9eb36ef,1.777344327582988e+18
d9c1120c-05d9-4559-9b36-0867c9eb36ef,1.77734432761633e+18
d9c1120c-05d9-4559-9b36-0867c9eb36ef,1.777344327649673e+18
d9c1120c-05d9-4559-9b36-0867c9eb36ef,1.777344327683015e+18
d9c1120c-05d9-4559-9b36-0867c9eb36ef,1.777344327716358e+18
d9c1120c-05d9-4559-9b36-0867c9eb36ef,1.7773443277496998e+18
d9c1120c-05d9-4559-9b36-0867c9eb36ef,1.777344327783043e+18
d9c1120c-05d9-4559-9b36-0867c9eb36ef,1.777344327816385e+18
d9c1120c-05d9-4559-9b36-0867c9eb36ef,1.777344327849728e+18
d9c1120c-05d9-4559-9b36-0867c9eb36ef,1.77734432788307e+18
d9c1120c-05d9-4559-9b36-0867c9eb36ef,1.777344327916412e+18
d9c1120c-05d9-4559-9b36-0867c9eb36ef,1.777344327949755e+18
d9c1120c-05d9-4559-9b36-0867c9eb36ef,1.7773443279830968e+18
d9c1120c-05d9-4559-9b36-0867c9eb36ef,1.77734432801644e+18
d9c1120c-05d9-4559-9b36-0867c9eb36ef,1.777344328049782e+18
d9c1120c-05d9-4559-9b36-0867c9eb36ef,1.777344328083125e+18
d9c1120c-05d9-4559-9b36-0867c9eb36ef,1.777344328116467e+18
d9c1120c-05d9-4559-9b36-0867c9eb36ef,1.77734432814981e+18
d9c1120c-05d9-4559-9b36-0867c9eb36ef,1.7773443281831519e+18
d9c1120c-05d9-4559-9b36-0867c9eb36ef,1.7773443282164938e+18
d9c1120c-05d9-4559-9b36-0867c9eb36ef,1.777344328249837e+18
d9c1120c-05d9-4559-9b36-0867c9eb36ef,1.777344328283179e+18
d9c1120c-05d9-4559-9b36-0867c9eb36ef,1.777344328316522e+18
d9c1120c-05d9-4559-9b36-0867c9eb36ef,1.777344328349864e+18
d9c1120c-05d9-4559-9b36-0867c9eb36ef,1.777344328383207e+18
d9c1120c-05d9-4559-9b36-0867c9eb36ef,1.7773443284165489e+18
d9c1120c-05d9-4559-9b36-0867c9eb36ef,1.7773443284498918e+18
d9c1120c-05d9-4559-9b36-0867c9eb36ef,1.777344328483234e+18
d9c1120c-05d9-4559-9b36-0867c9eb36ef,1.777344328516576e+18
d9c1120c-05d9-4559-9b36-0867c9eb36ef,1.777344328549919e+18
d9c1120c-05d9-4559-9b36-0867c9eb36ef,1.777344328583261e+18
d9c1120c-05d9-4559-9b36-0867c9eb36ef,1.777344328616604e+18
d9c1120c-05d9-4559-9b36-0867c9eb36ef,1.7773443286499459e+18
d9c1120c-05d9-4559-9b36-0867c9eb36ef,1.7773443286832888e+18
d9c1120c-05d9-4559-9b36-0867c9eb36ef,1.777344328716631e+18
d9c1120c-05d9-4559-9b36-0867c9eb36ef,1.777344328749974e+18
d9c1120c-05d9-4559-9b36-0867c9eb36ef,1.777344328783316e+18
d9c1120c-05d9-4559-9b36-0867c9eb36ef,1.777344328816659e+18
d9c1120c-05d9-4559-9b36-0867c9eb36ef,1.777344328850001e+18
d9c1120c-05d9-4559-9b36-0867c9eb36ef,1.7773443288833428e+18
d9c1120c-05d9-4559-9b36-0867c9eb36ef,1.7773443289166858e+18
d9c1120c-05d9-4559-9b36-0867c9eb36ef,1.777344328950028e+18
d9c1120c-05d9-4559-9b36-0867c9eb36ef,1.777344328983371e+18
d9c1120c-05d9-4559-9b36-0867c9eb36ef,1.777344329016713e+18
d9c1120c-05d9-4559-9b36-0867c9eb36ef,1.777344329050056e+18
d9c1120c-05d9-4559-9b36-0867c9eb36ef,1.777344329083398e+18
d9c1120c-05d9-4559-9b36-0867c9eb36ef,1.7773443291167398e+18
d9c1120c-05d9-4559-9b36-0867c9eb36ef,1.777344329150083e+18
d9c1120c-05d9-4559-9b36-0867c9eb36ef,1.777344329183425e+18
d9c1120c-05d9-4559-9b36-0867c9eb36ef,1.777344329216768e+18
d9c1120c-05d9-4559-9b36-0867c9eb36ef,1.77734432925011e+18
d9c1120c-05d9-4559-9b36-0867c9eb36ef,1.777344329283453e+18
d9c1120c-05d9-4559-9b36-0867c9eb36ef,1.777344329316795e+18
d9c1120c-05d9-4559-9b36-0867c9eb36ef,1.7773443293501379e+18
d9c1120c-05d9-4559-9b36-0867c9eb36ef,1.77734432938348e+18
d9c1120c-05d9-4559-9b36-0867c9eb36ef,1.777344329416823e+18
d9c1120c-05d9-4559-9b36-0867c9eb36ef,1.777344329450165e+18
d9c1120c-05d9-4559-9b36-0867c9eb36ef,1.777344329483507e+18
d9c1120c-05d9-4559-9b36-0867c9eb36ef,1.77734432951685e+18
d9c1120c-05d9-4559-9b36-0867c9eb36ef,1.7773443295501919e+18
d9c1120c-05d9-4559-9b36-0867c9eb36ef,1.7773443295835348e+18
d9c1120c-05d9-4559-9b36-0867c9eb36ef,1.777344329616877e+18
d9c1120c-05d9-4559-9b36-0867c9eb36ef,1.77734432965022e+18
d9c1120c-05d9-4559-9b36-0867c9eb36ef,1.777344329683562e+18
d9c1120c-05d9-4559-9b36-0867c9eb36ef,1.777344329716905e+18
d9c1120c-05d9-4559-9b36-0867c9eb36ef,1.777344329750247e+18
d9c1120c-05d9-4559-9b36-0867c9eb36ef,1.7773443297835889e+18
d9c1120c-05d9-4559-9b36-0867c9eb36ef,1.7773443298169318e+18
d9c1120c-05d9-4559-9b36-0867c9eb36ef,1.777344329850274e+18
d9c1120c-05d9-4559-9b36-0867c9eb36ef,1.777344329883617e+18
d9c1120c-05d9-4559-9b36-0867c9eb36ef,1.777344329916959e+18
d9c1120c-05d9-4559-9b36-0867c9eb36ef,1.777344329950302e+18
d9c1120c-05d9-4559-9b36-0867c9eb36ef,1.777344329983644e+18
d9c1120c-05d9-4559-9b36-0867c9eb36ef,1.777344330016987e+18
d9c1120c-05d9-4559-9b36-0867c9eb36ef,1.7773443300503288e+18
d9c1120c-05d9-4559-9b36-0867c9eb36ef,1.777344330083671e+18
d9c1120c-05d9-4559-9b36-0867c9eb36ef,1.777344330117014e+18
d9c1120c-05d9-4559-9b36-0867c9eb36ef,1.777344330150356e+18
d9c1120c-05d9-4559-9b36-0867c9eb36ef,1.777344330183699e+18
d9c1120c-05d9-4559-9b36-0867c9eb36ef,1.777344330217041e+18
d9c1120c-05d9-4559-9b36-0867c9eb36ef,1.777344330250384e+18
d9c1120c-05d9-4559-9b36-0867c9eb36ef,1.7773443302837258e+18
d9c1120c-05d9-4559-9b36-0867c9eb36ef,1.777344330317069e+18
d9c1120c-05d9-4559-9b36-0867c9eb36ef,1.777344330350411e+18
d9c1120c-05d9-4559-9b36-0867c9eb36ef,1.777344330383754e+18
d9c1120c-05d9-4559-9b36-0867c9eb36ef,1.777344330417096e+18
d9c1120c-05d9-4559-9b36-0867c9eb36ef,1.777344330450438e+18
d9c1120c-05d9-4559-9b36-0867c9eb36ef,1.7773443304837809e+18
d9c1120c-05d9-4559-9b36-0867c9eb36ef,1.777344330517123e+18
d9c1120c-05d9-4559-9b36-0867c9eb36ef,1.777344330550466e+18
d9c1120c-05d9-4559-9b36-0867c9eb36ef,1.777344330583808e+18
d9c1120c-05d9-4559-9b36-0867c9eb36ef,1.777344330617151e+18
d9c1120c-05d9-4559-9b36-0867c9eb36ef,1.777344330650493e+18
d9c1120c-05d9-4559-9b36-0867c9eb36ef,1.777344330683836e+18
d9c1120c-05d9-4559-9b36-0867c9eb36ef,1.7773443307171779e+18
d9c1120c-05d9-4559-9b36-0867c9eb36ef,1.77734433075052e+18
d9c1120c-05d9-4559-9b36-0867c9eb36ef,1.777344330783863e+18
d9c1120c-05d9-4559-9b36-0867c9eb36ef,1.777344330817205e+18
d9c1120c-05d9-4559-9b36-0867c9eb36ef,1.777344330850548e+18
d9c1120c-05d9-4559-9b36-0867c9eb36ef,1.77734433088389e+18
d9c1120c-05d9-4559-9b36-0867c9eb36ef,1.777344330917233e+18
d9c1120c-05d9-4559-9b36-0867c9eb36ef,1.7773443309505748e+18
d9c1120c-05d9-4559-9b36-0867c9eb36ef,1.7773443309839178e+18
d9c1120c-05d9-4559-9b36-0867c9eb36ef,1.77734433101726e+18
d9c1120c-05d9-4559-9b36-0867c9eb36ef,1.777344331050602e+18
d9c1120c-05d9-4559-9b36-0867c9eb36ef,1.777344331083945e+18
d9c1120c-05d9-4559-9b36-0867c9eb36ef,1.777344331117287e+18
d9c1120c-05d9-4559-9b36-0867c9eb36ef,1.77734433115063e+18
d9c1120c-05d9-4559-9b36-0867c9eb36ef,1.7773443311839718e+18
d9c1120c-05d9-4559-9b36-0867c9eb36ef,1.777344331217315e+18
d9c1120c-05d9-4559-9b36-0867c9eb36ef,1.777344331250657e+18
d9c1120c-05d9-4559-9b36-0867c9eb36ef,1.777344331284e+18
d9c1120c-05d9-4559-9b36-0867c9eb36ef,1.777344331317342e+18
d9c1120c-05d9-4559-9b36-0867c9eb36ef,1.777344331350685e+18
d9c1120c-05d9-4559-9b36-0867c9eb36ef,1.777344331384027e+18
d9c1120c-05d9-4559-9b36-0867c9eb36ef,1.7773443314173688e+18
d9c1120c-05d9-4559-9b36-0867c9eb36ef,1.777344331450712e+18
d9c1120c-05d9-4559-9b36-0867c9eb36ef,1.777344331484054e+18
d9c1120c-05d9-4559-9b36-0867c9eb36ef,1.777344331517397e+18
d9c1120c-05d9-4559-9b36-0867c9eb36ef,1.777344331550739e+18
d9c1120c-05d9-4559-9b36-0867c9eb36ef,1.777344331584082e+18
d9c1120c-05d9-4559-9b36-0867c9eb36ef,1.777344331617424e+18
d9c1120c-05d9-4559-9b36-0867c9eb36ef,1.7773443316507658e+18
d9c1120c-05d9-4559-9b36-0867c9eb36ef,1.777344331684109e+18
d9c1120c-05d9-4559-9b36-0867c9eb36ef,1.777344331717451e+18
d9c1120c-05d9-4559-9b36-0867c9eb36ef,1.777344331750794e+18
d9c1120c-05d9-4559-9b36-0867c9eb36ef,1.777344331784136e+18
d9c1120c-05d9-4559-9b36-0867c9eb36ef,1.777344331817479e+18
d9c1120c-05d9-4559-9b36-0867c9eb36ef,1.7773443318508209e+18
d9c1120c-05d9-4559-9b36-0867c9eb36ef,1.7773443318841638e+18
d9c1120c-05d9-4559-9b36-0867c9eb36ef,1.777344331917506e+18
d9c1120c-05d9-4559-9b36-0867c9eb36ef,1.777344331950849e+18
d9c1120c-05d9-4559-9b36-0867c9eb36ef,1.777344331984191e+18
d9c1120c-05d9-4559-9b36-0867c9eb36ef,1.777344332017533e+18
d9c1120c-05d9-4559-9b36-0867c9eb36ef,1.777344332050876e+18
d9c1120c-05d9-4559-9b36-0867c9eb36ef,1.7773443320842179e+18
d9c1120c-05d9-4559-9b36-0867c9eb36ef,1.7773443321175608e+18
d9c1120c-05d9-4559-9b36-0867c9eb36ef,1.777344332150903e+18
d9c1120c-05d9-4559-9b36-0867c9eb36ef,1.777344332184246e+18
d9c1120c-05d9-4559-9b36-0867c9eb36ef,1.777344332217588e+18
d9c1120c-05d9-4559-9b36-0867c9eb36ef,1.777344332250931e+18
d9c1120c-05d9-4559-9b36-0867c9eb36ef,1.777344332284273e+18
d9c1120c-05d9-4559-9b36-0867c9eb36ef,1.7773443323176148e+18
d9c1120c-05d9-4559-9b36-0867c9eb36ef,1.7773443323509578e+18
d9c1120c-05d9-4559-9b36-0867c9eb36ef,1.7773443323843e+18
d9c1120c-05d9-4559-9b36-0867c9eb36ef,1.777344332417643e+18
d9c1120c-05d9-4559-9b36-0867c9eb36ef,1.777344332450985e+18
d9c1120c-05d9-4559-9b36-0867c9eb36ef,1.777344332484328e+18
d9c1120c-05d9-4559-9b36-0867c9eb36ef,1.77734433251767e+18
d9c1120c-05d9-4559-9b36-0867c9eb36ef,1.7773443325510129e+18
d9c1120c-05d9-4559-9b36-0867c9eb36ef,1.777344332584355e+18
d9c1120c-05d9-4559-9b36-0867c9eb36ef,1.777344332617697e+18
d9c1120c-05d9-4559-9b36-0867c9eb36ef,1.77734433265104e+18
d9c1120c-05d9-4559-9b36-0867c9eb36ef,1.777344332684382e+18
d9c1120c-05d9-4559-9b36-0867c9eb36ef,1.777344332717725e+18
d9c1120c-05d9-4559-9b36-0867c9eb36ef,1.777344332751067e+18
d9c1120c-05d9-4559-9b36-0867c9eb36ef,1.7773443327844099e+18
d9c1120c-05d9-4559-9b36-0867c9eb36ef,1.777344332817752e+18
d9c1120c-05d9-4559-9b36-0867c9eb36ef,1.777344332851095e+18
d9c1120c-05d9-4559-9b36-0867c9eb36ef,1.777344332884437e+18
d9c1120c-05d9-4559-9b36-0867c9eb36ef,1.777344332917779e+18
d9c1120c-05d9-4559-9b36-0867c9eb36ef,1.777344332951122e+18
d9c1120c-05d9-4559-9b36-0867c9eb36ef,1.777344332984464e+18
d9c1120c-05d9-4559-9b36-0867c9eb36ef,1.7773443330178068e+18
d9c1120c-05d9-4559-9b36-0867c9eb36ef,1.777344333051149e+18
d9c1120c-05d9-4559-9b36-0867c9eb36ef,1.777344333084492e+18
d9c1120c-05d9-4559-9b36-0867c9eb36ef,1.777344333117834e+18
d9c1120c-05d9-4559-9b36-0867c9eb36ef,1.777344333151177e+18
d9c1120c-05d9-4559-9b36-0867c9eb36ef,1.777344333184519e+18
d9c1120c-05d9-4559-9b36-0867c9eb36ef,1.777344333217862e+18
d9c1120c-05d9-4559-9b36-0867c9eb36ef,1.7773443332512038e+18
d9c1120c-05d9-4559-9b36-0867c9eb36ef,1.777344333284546e+18
d9c1120c-05d9-4559-9b36-0867c9eb36ef,1.777344333317889e+18
d9c1120c-05d9-4559-9b36-0867c9eb36ef,1.777344333351231e+18
d9c1120c-05d9-4559-9b36-0867c9eb36ef,1.777344333384574e+18
d9c1120c-05d9-4559-9b36-0867c9eb36ef,1.777344333417916e+18
d9c1120c-05d9-4559-9b36-0867c9eb36ef,1.777344333451259e+18
d9c1120c-05d9-4559-9b36-0867c9eb36ef,1.7773443334846008e+18
d9c1120c-05d9-4559-9b36-0867c9eb36ef,1.777344333517943e+18
d9c1120c-05d9-4559-9b36-0867c9eb36ef,1.777344333551286e+18
d9c1120c-05d9-4559-9b36-0867c9eb36ef,1.777344333584628e+18
d9c1120c-05d9-4559-9b36-0867c9eb36ef,1.777344333617971e+18
d9c1120c-05d9-4559-9b36-0867c9eb36ef,1.777344333651313e+18
d9c1120c-05d9-4559-9b36-0867c9eb36ef,1.7773443336846559e+18
d9c1120c-05d9-4559-9b36-0867c9eb36ef,1.7773443337179978e+18
d9c1120c-05d9-4559-9b36-0867c9eb36ef,1.777344333751341e+18
d9c1120c-05d9-4559-9b36-0867c9eb36ef,1.777344333784683e+18
d9c1120c-05d9-4559-9b36-0867c9eb36ef,1.777344333818026e+18
d9c1120c-05d9-4559-9b36-0867c9eb36ef,1.777344333851368e+18
d9c1120c-05d9-4559-9b36-0867c9eb36ef,1.77734433388471e+18
d9c1120c-05d9-4559-9b36-0867c9eb36ef,1.7773443339180529e+18
d9c1120c-05d9-4559-9b36-0867c9eb36ef,1.777344333951395e+18
d9c1120c-05d9-4559-9b36-0867c9eb36ef,1.777344333984738e+18
d9c1120c-05d9-4559-9b36-0867c9eb36ef,1.77734433401808e+18
d9c1120c-05d9-4559-9b36-0867c9eb36ef,1.777344334051423e+18
d9c1120c-05d9-4559-9b36-0867c9eb36ef,1.777344334084765e+18
d9c1120c-05d9-4559-9b36-0867c9eb36ef,1.777344334118108e+18
d9c1120c-05d9-4559-9b36-0867c9eb36ef,1.7773443341514499e+18
d9c1120c-05d9-4559-9b36-0867c9eb36ef,1.777344334184792e+18
d9c1120c-05d9-4559-9b36-0867c9eb36ef,1.777344334218135e+18
d9c1120c-05d9-4559-9b36-0867c9eb36ef,1.777344334251477e+18
d9c1120c-05d9-4559-9b36-0867c9eb36ef,1.77734433428482e+18
d9c1120c-05d9-4559-9b36-0867c9eb36ef,1.777344334318162e+18
d9c1120c-05d9-4559-9b36-0867c9eb36ef,1.777344334351505e+18
d9c1120c-05d9-4559-9b36-0867c9eb36ef,1.7773443343848468e+18
d9c1120c-05d9-4559-9b36-0867c9eb36ef,1.7773443344181898e+18
d9c1120c-05d9-4559-9b36-0867c9eb36ef,1.777344334451532e+18
d9c1120c-05d9-4559-9b36-0867c9eb36ef,1.777344334484874e+18
d9c1120c-05d9-4559-9b36-0867c9eb36ef,1.777344334518217e+18
d9c1120c-05d9-4559-9b36-0867c9eb36ef,1.777344334551559e+18
d9c1120c-05d9-4559-9b36-0867c9eb36ef,1.777344334584902e+18
d9c1120c-05d9-4559-9b36-0867c9eb36ef,1.7773443346182438e+18
d9c1120c-05d9-4559-9b36-0867c9eb36ef,1.777344334651587e+18
d9c1120c-05d9-4559-9b36-0867c9eb36ef,1.777344334684929e+18
d9c1120c-05d9-4559-9b36-0867c9eb36ef,1.777344334718272e+18
d9c1120c-05d9-4559-9b36-0867c9eb36ef,1.777344334751614e+18
d9c1120c-05d9-4559-9b36-0867c9eb36ef,1.777344334784956e+18
d9c1120c-05d9-4559-9b36-0867c9eb36ef,1.777344334818299e+18
d9c1120c-05d9-4559-9b36-0867c9eb36ef,1.7773443348516408e+18
d9c1120c-05d9-4559-9b36-0867c9eb36ef,1.777344334884984e+18
d9c1120c-05d9-4559-9b36-0867c9eb36ef,1.777344334918326e+18
d9c1120c-05d9-4559-9b36-0867c9eb36ef,1.777344334951669e+18
d9c1120c-05d9-4559-9b36-0867c9eb36ef,1.777344334985011e+18
d9c1120c-05d9-4559-9b36-0867c9eb36ef,1.777344335018354e+18
d9c1120c-05d9-4559-9b36-0867c9eb36ef,1.7773443350516959e+18
d9c1120c-05d9-4559-9b36-0867c9eb36ef,1.7773443350850388e+18
d9c1120c-05d9-4559-9b36-0867c9eb36ef,1.777344335118381e+18
d9c1120c-05d9-4559-9b36-0867c9eb36ef,1.777344335151723e+18
d9c1120c-05d9-4559-9b36-0867c9eb36ef,1.777344335185066e+18
d9c1120c-05d9-4559-9b36-0867c9eb36ef,1.777344335218408e+18
d9c1120c-05d9-4559-9b36-0867c9eb36ef,1.777344335251751e+18
d9c1120c-05d9-4559-9b36-0867c9eb36ef,1.7773443352850929e+18
d9c1120c-05d9-4559-9b36-0867c9eb36ef,1.7773443353184358e+18
d9c1120c-05d9-4559-9b36-0867c9eb36ef,1.777344335351778e+18
d9c1120c-05d9-4559-9b36-0867c9eb36ef,1.777344335385121e+18
d9c1120c-05d9-4559-9b36-0867c9eb36ef,1.777344335418463e+18
d9c1120c-05d9-4559-9b36-0867c9eb36ef,1.777344335451805e+18
d9c1120c-05d9-4559-9b36-0867c9eb36ef,1.777344335485148e+18
d9c1120c-05d9-4559-9b36-0867c9eb36ef,1.7773443355184899e+18
d9c1120c-05d9-4559-9b36-0867c9eb36ef,1.7773443355518328e+18
d9c1120c-05d9-4559-9b36-0867c9eb36ef,1.777344335585175e+18
d9c1120c-05d9-4559-9b36-0867c9eb36ef,1.777344335618518e+18
d9c1120c-05d9-4559-9b36-0867c9eb36ef,1.77734433565186e+18
d9c1120c-05d9-4559-9b36-0867c9eb36ef,1.777344335685203e+18
d9c1120c-05d9-4559-9b36-0867c9eb36ef,1.777344335718545e+18
d9c1120c-05d9-4559-9b36-0867c9eb36ef,1.7773443357518868e+18
d9c1120c-05d9-4559-9b36-0867c9eb36ef,1.7773443357852298e+18
d9c1120c-05d9-4559-9b36-0867c9eb36ef,1.777344335818572e+18
d9c1120c-05d9-4559-9b36-0867c9eb36ef,1.777344335851915e+18
d9c1120c-05d9-4559-9b36-0867c9eb36ef,1.777344335885257e+18
d9c1120c-05d9-4559-9b36-0867c9eb36ef,1.7773443359186e+18
d9c1120c-05d9-4559-9b36-0867c9eb36ef,1.777344335951942e+18
d9c1120c-05d9-4559-9b36-0867c9eb36ef,1.7773443359852849e+18
d9c1120c-05d9-4559-9b36-0867c9eb36ef,1.777344336018627e+18
d9c1120c-05d9-4559-9b36-0867c9eb36ef,1.777344336051969e+18
d9c1120c-05d9-4559-9b36-0867c9eb36ef,1.777344336085312e+18
d9c1120c-05d9-4559-9b36-0867c9eb36ef,1.777344336118654e+18
d9c1120c-05d9-4559-9b36-0867c9eb36ef,1.777344336151997e+18
d9c1120c-05d9-4559-9b36-0867c9eb36ef,1.777344336185339e+18
d9c1120c-05d9-4559-9b36-0867c9eb36ef,1.7773443362186819e+18
d9c1120c-05d9-4559-9b36-0867c9eb36ef,1.777344336252024e+18
d9c1120c-05d9-4559-9b36-0867c9eb36ef,1.777344336285367e+18
d9c1120c-05d9-4559-9b36-0867c9eb36ef,1.777344336318709e+18
d9c1120c-05d9-4559-9b36-0867c9eb36ef,1.777344336352051e+18
d9c1120c-05d9-4559-9b36-0867c9eb36ef,1.777344336385394e+18
d9c1120c-05d9-4559-9b36-0867c9eb36ef,1.7773443364187359e+18
d9c1120c-05d9-4559-9b36-0867c9eb36ef,1.7773443364520788e+18
d9c1120c-05d9-4559-9b36-0867c9eb36ef,1.777344336485421e+18
d9c1120c-05d9-4559-9b36-0867c9eb36ef,1.777344336518764e+18
d9c1120c-05d9-4559-9b36-0867c9eb36ef,1.777344336552106e+18
d9c1120c-05d9-4559-9b36-0867c9eb36ef,1.777344336585449e+18
d9c1120c-05d9-4559-9b36-0867c9eb36ef,1.777344336618791e+18
d9c1120c-05d9-4559-9b36-0867c9eb36ef,1.7773443366521329e+18
d9c1120c-05d9-4559-9b36-0867c9eb36ef,1.7773443366854758e+18
d9c1120c-05d9-4559-9b36-0867c9eb36ef,1.777344336718818e+18
d9c1120c-05d9-4559-9b36-0867c9eb36ef,1.777344336752161e+18
d9c1120c-05d9-4559-9b36-0867c9eb36ef,1.777344336785503e+18
d9c1120c-05d9-4559-9b36-0867c9eb36ef,1.777344336818846e+18
d9c1120c-05d9-4559-9b36-0867c9eb36ef,1.777344336852188e+18
d9c1120c-05d9-4559-9b36-0867c9eb36ef,1.777344336885531e+18
d9c1120c-05d9-4559-9b36-0867c9eb36ef,1.7773443369188728e+18
d9c1120c-05d9-4559-9b36-0867c9eb36ef,1.777344336952216e+18
d9c1120c-05d9-4559-9b36-0867c9eb36ef,1.777344336985558e+18
d9c1120c-05d9-4559-9b36-0867c9eb36ef,1.7773443370189e+18
d9c1120c-05d9-4559-9b36-0867c9eb36ef,1.777344337052243e+18
d9c1120c-05d9-4559-9b36-0867c9eb36ef,1.777344337085585e+18
d9c1120c-05d9-4559-9b36-0867c9eb36ef,1.777344337118928e+18
d9c1120c-05d9-4559-9b36-0867c9eb36ef,1.7773443371522698e+18
d9c1120c-05d9-4559-9b36-0867c9eb36ef,1.777344337185613e+18
d9c1120c-05d9-4559-9b36-0867c9eb36ef,1.777344337218955e+18
d9c1120c-05d9-4559-9b36-0867c9eb36ef,1.777344337252298e+18
d9c1120c-05d9-4559-9b36-0867c9eb36ef,1.77734433728564e+18
d9c1120c-05d9-4559-9b36-0867c9eb36ef,1.777344337318982e+18
d9c1120c-05d9-4559-9b36-0867c9eb36ef,1.7773443373523249e+18
d9c1120c-05d9-4559-9b36-0867c9eb36ef,1.777344337385667e+18
d9c1120c-05d9-4559-9b36-0867c9eb36ef,1.77734433741901e+18
d9c1120c-05d9-4559-9b36-0867c9eb36ef,1.777344337452352e+18
d9c1120c-05d9-4559-9b36-0867c9eb36ef,1.777344337485695e+18
d9c1120c-05d9-4559-9b36-0867c9eb36ef,1.777344337519037e+18
d9c1120c-05d9-4559-9b36-0867c9eb36ef,1.77734433755238e+18
d9c1120c-05d9-4559-9b36-0867c9eb36ef,1.7773443375857219e+18
d9c1120c-05d9-4559-9b36-0867c9eb36ef,1.777344337619064e+18
d9c1120c-05d9-4559-9b36-0867c9eb36ef,1.777344337652407e+18
d9c1120c-05d9-4559-9b36-0867c9eb36ef,1.777344337685749e+18
d9c1120c-05d9-4559-9b36-0867c9eb36ef,1.777344337719092e+18
d9c1120c-05d9-4559-9b36-0867c9eb36ef,1.777344337752434e+18
d9c1120c-05d9-4559-9b36-0867c9eb36ef,1.777344337785777e+18
d9c1120c-05d9-4559-9b36-0867c9eb36ef,1.7773443378191188e+18
d9c1120c-05d9-4559-9b36-0867c9eb36ef,1.7773443378524618e+18
d9c1120c-05d9-4559-9b36-0867c9eb36ef,1.777344337885804e+18
d9c1120c-05d9-4559-9b36-0867c9eb36ef,1.777344337919146e+18
d9c1120c-05d9-4559-9b36-0867c9eb36ef,1.777344337952489e+18
d9c1120c-05d9-4559-9b36-0867c9eb36ef,1.777344337985831e+18
d9c1120c-05d9-4559-9b36-0867c9eb36ef,1.777344338019174e+18
d9c1120c-05d9-4559-9b36-0867c9eb36ef,1.7773443380525158e+18
d9c1120c-05d9-4559-9b36-0867c9eb36ef,1.777344338085859e+18
d9c1120c-05d9-4559-9b36-0867c9eb36ef,1.777344338119201e+18
d9c1120c-05d9-4559-9b36-0867c9eb36ef,1.777344338152544e+18
d9c1120c-05d9-4559-9b36-0867c9eb36ef,1.777344338185886e+18
d9c1120c-05d9-4559-9b36-0867c9eb36ef,1.777344338219228e+18
d9c1120c-05d9-4559-9b36-0867c9eb36ef,1.777344338252571e+18
d9c1120c-05d9-4559-9b36-0867c9eb36ef,1.7773443382859128e+18
d9c1120c-05d9-4559-9b36-0867c9eb36ef,1.777344338319256e+18
d9c1120c-05d9-4559-9b36-0867c9eb36ef,1.777344338352598e+18
d9c1120c-05d9-4559-9b36-0867c9eb36ef,1.777344338385941e+18
d9c1120c-05d9-4559-9b36-0867c9eb36ef,1.777344338419283e+18
d9c1120c-05d9-4559-9b36-0867c9eb36ef,1.777344338452626e+18
d9c1120c-05d9-4559-9b36-0867c9eb36ef,1.777344338485968e+18
d9c1120c-05d9-4559-9b36-0867c9eb36ef,1.7773443385193098e+18
d9c1120c-05d9-4559-9b36-0867c9eb36ef,1.777344338552653e+18
d9c1120c-05d9-4559-9b36-0867c9eb36ef,1.777344338585995e+18
d9c1120c-05d9-4559-9b36-0867c9eb36ef,1.777344338619338e+18
d9c1120c-05d9-4559-9b36-0867c9eb36ef,1.77734433865268e+18
d9c1120c-05d9-4559-9b36-0867c9eb36ef,1.777344338686023e+18
d9c1120c-05d9-4559-9b36-0867c9eb36ef,1.7773443387193649e+18
d9c1120c-05d9-4559-9b36-0867c9eb36ef,1.7773443387527078e+18
d9c1120c-05d9-4559-9b36-0867c9eb36ef,1.77734433878605e+18
d9c1120c-05d9-4559-9b36-0867c9eb36ef,1.777344338819393e+18
d9c1120c-05d9-4559-9b36-0867c9eb36ef,1.777344338852735e+18
d9c1120c-05d9-4559-9b36-0867c9eb36ef,1.777344338886077e+18
d9c1120c-05d9-4559-9b36-0867c9eb36ef,1.77734433891942e+18
d9c1120c-05d9-4559-9b36-0867c9eb36ef,1.7773443389527619e+18
d9c1120c-05d9-4559-9b36-0867c9eb36ef,1.7773443389861048e+18
d9c1120c-05d9-4559-9b36-0867c9eb36ef,1.777344339019447e+18
d9c1120c-05d9-4559-9b36-0867c9eb36ef,1.77734433905279e+18
d9c1120c-05d9-4559-9b36-0867c9eb36ef,1.777344339086132e+18
d9c1120c-05d9-4559-9b36-0867c9eb36ef,1.777344339119474e+18
d9c1120c-05d9-4559-9b36-0867c9eb36ef,1.777344339152817e+18
d9c1120c-05d9-4559-9b36-0867c9eb36ef,1.7773443391861588e+18
d9c1120c-05d9-4559-9b36-0867c9eb36ef,1.7773443392195018e+18
d9c1120c-05d9-4559-9b36-0867c9eb36ef,1.777344339252844e+18
d9c1120c-05d9-4559-9b36-0867c9eb36ef,1.777344339286187e+18
d9c1120c-05d9-4559-9b36-0867c9eb36ef,1.777344339319529e+18
d9c1120c-05d9-4559-9b36-0867c9eb36ef,1.777344339352872e+18
d9c1120c-05d9-4559-9b36-0867c9eb36ef,1.777344339386214e+18
d9c1120c-05d9-4559-9b36-0867c9eb36ef,1.7773443394195569e+18
d9c1120c-05d9-4559-9b36-0867c9eb36ef,1.777344339452899e+18
d9c1120c-05d9-4559-9b36-0867c9eb36ef,1.777344339486241e+18
d9c1120c-05d9-4559-9b36-0867c9eb36ef,1.777344339519584e+18
d9c1120c-05d9-4559-9b36-0867c9eb36ef,1.777344339552926e+18
d9c1120c-05d9-4559-9b36-0867c9eb36ef,1.777344339586269e+18
d9c1120c-05d9-4559-9b36-0867c9eb36ef,1.777344339619611e+18
d9c1120c-05d9-4559-9b36-0867c9eb36ef,1.7773443396529539e+18
d9c1120c-05d9-4559-9b36-0867c9eb36ef,1.777344339686296e+18
d9c1120c-05d9-4559-9b36-0867c9eb36ef,1.777344339719639e+18
d9c1120c-05d9-4559-9b36-0867c9eb36ef,1.777344339752981e+18
d9c1120c-05d9-4559-9b36-0867c9eb36ef,1.777344339786323e+18
d9c1120c-05d9-4559-9b36-0867c9eb36ef,1.777344339819666e+18
d9c1120c-05d9-4559-9b36-0867c9eb36ef,1.777344339853008e+18
d9c1120c-05d9-4559-9b36-0867c9eb36ef,1.7773443398863508e+18
d9c1120c-05d9-4559-9b36-0867c9eb36ef,1.777344339919693e+18
d9c1120c-05d9-4559-9b36-0867c9eb36ef,1.777344339953036e+18
d9c1120c-05d9-4559-9b36-0867c9eb36ef,1.777344339986378e+18
d9c1120c-05d9-4559-9b36-0867c9eb36ef,1.777344340019721e+18
d9c1120c-05d9-4559-9b36-0867c9eb36ef,1.777344340053063e+18
d9c1120c-05d9-4559-9b36-0867c9eb36ef,1.7773443400864049e+18
d9c1120c-05d9-4559-9b36-0867c9eb36ef,1.7773443401197478e+18
d9c1120c-05d9-4559-9b36-0867c9eb36ef,1.77734434015309e+18
d9c1120c-05d9-4559-9b36-0867c9eb36ef,1.777344340186433e+18
d9c1120c-05d9-4559-9b36-0867c9eb36ef,1.777344340219775e+18
d9c1120c-05d9-4559-9b36-0867c9eb36ef,1.777344340253118e+18
d9c1120c-05d9-4559-9b36-0867c9eb36ef,1.77734434028646e+18
d9c1120c-05d9-4559-9b36-0867c9eb36ef,1.777344340319803e+18
d9c1120c-05d9-4559-9b36-0867c9eb36ef,1.7773443403531448e+18
d9c1120c-05d9-4559-9b36-0867c9eb36ef,1.777344340386487e+18
d9c1120c-05d9-4559-9b36-0867c9eb36ef,1.77734434041983e+18
d9c1120c-05d9-4559-9b36-0867c9eb36ef,1.777344340453172e+18
d9c1120c-05d9-4559-9b36-0867c9eb36ef,1.777344340486515e+18
d9c1120c-05d9-4559-9b36-0867c9eb36ef,1.777344340519857e+18
d9c1120c-05d9-4559-9b36-0867c9eb36ef,1.7773443405531999e+18
d9c1120c-05d9-4559-9b36-0867c9eb36ef,1.7773443405865418e+18
d9c1120c-05d9-4559-9b36-0867c9eb36ef,1.777344340619885e+18
d9c1120c-05d9-4559-9b36-0867c9eb36ef,1.777344340653227e+18
d9c1120c-05d9-4559-9b36-0867c9eb36ef,1.77734434068657e+18
d9c1120c-05d9-4559-9b36-0867c9eb36ef,1.777344340719912e+18
d9c1120c-05d9-4559-9b36-0867c9eb36ef,1.777344340753254e+18
d9c1120c-05d9-4559-9b36-0867c9eb36ef,1.7773443407865969e+18
d9c1120c-05d9-4559-9b36-0867c9eb36ef,1.777344340819939e+18
d9c1120c-05d9-4559-9b36-0867c9eb36ef,1.777344340853282e+18
d9c1120c-05d9-4559-9b36-0867c9eb36ef,1.777344340886624e+18
d9c1120c-05d9-4559-9b36-0867c9eb36ef,1.777344340919967e+18
d9c1120c-05d9-4559-9b36-0867c9eb36ef,1.777344340953309e+18
d9c1120c-05d9-4559-9b36-0867c9eb36ef,1.777344340986651e+18
d9c1120c-05d9-4559-9b36-0867c9eb36ef,1.7773443410199939e+18
d9c1120c-05d9-4559-9b36-0867c9eb36ef,1.777344341053336e+18
d9c1120c-05d9-4559-9b36-0867c9eb36ef,1.777344341086679e+18
d9c1120c-05d9-4559-9b36-0867c9eb36ef,1.777344341120021e+18
d9c1120c-05d9-4559-9b36-0867c9eb36ef,1.777344341153364e+18
d9c1120c-05d9-4559-9b36-0867c9eb36ef,1.777344341186706e+18
d9c1120c-05d9-4559-9b36-0867c9eb36ef,1.777344341220049e+18
d9c1120c-05d9-4559-9b36-0867c9eb36ef,1.7773443412533908e+18
d9c1120c-05d9-4559-9b36-0867c9eb36ef,1.7773443412867338e+18
d9c1120c-05d9-4559-9b36-0867c9eb36ef,1.777344341320076e+18
d9c1120c-05d9-4559-9b36-0867c9eb36ef,1.777344341353418e+18
d9c1120c-05d9-4559-9b36-0867c9eb36ef,1.777344341386761e+18
d9c1120c-05d9-4559-9b36-0867c9eb36ef,1.777344341420103e+18
d9c1120c-05d9-4559-9b36-0867c9eb36ef,1.777344341453446e+18
d9c1120c-05d9-4559-9b36-0867c9eb36ef,1.7773443414867878e+18
d9c1120c-05d9-4559-9b36-0867c9eb36ef,1.777344341520131e+18
d9c1120c-05d9-4559-9b36-0867c9eb36ef,1.777344341553473e+18
d9c1120c-05d9-4559-9b36-0867c9eb36ef,1.777344341586816e+18
d9c1120c-05d9-4559-9b36-0867c9eb36ef,1.777344341620158e+18
d9c1120c-05d9-4559-9b36-0867c9eb36ef,1.7773443416535e+18
d9c1120c-05d9-4559-9b36-0867c9eb36ef,1.777344341686843e+18
d9c1120c-05d9-4559-9b36-0867c9eb36ef,1.7773443417201848e+18
d9c1120c-05d9-4559-9b36-0867c9eb36ef,1.777344341753528e+18
d9c1120c-05d9-4559-9b36-0867c9eb36ef,1.77734434178687e+18
d9c1120c-05d9-4559-9b36-0867c9eb36ef,1.777344341820213e+18
d9c1120c-05d9-4559-9b36-0867c9eb36ef,1.777344341853555e+18
d9c1120c-05d9-4559-9b36-0867c9eb36ef,1.777344341886898e+18
d9c1120c-05d9-4559-9b36-0867c9eb36ef,1.7773443419202399e+18
d9c1120c-05d9-4559-9b36-0867c9eb36ef,1.7773443419535818e+18
d9c1120c-05d9-4559-9b36-0867c9eb36ef,1.777344341986925e+18
d9c1120c-05d9-4559-9b36-0867c9eb36ef,1.777344342020267e+18
d9c1120c-05d9-4559-9b36-0867c9eb36ef,1.77734434205361e+18
d9c1120c-05d9-4559-9b36-0867c9eb36ef,1.777344342086952e+18
d9c1120c-05d9-4559-9b36-0867c9eb36ef,1.777344342120295e+18
d9c1120c-05d9-4559-9b36-0867c9eb36ef,1.7773443421536369e+18
d9c1120c-05d9-4559-9b36-0867c9eb36ef,1.7773443421869798e+18
d9c1120c-05d9-4559-9b36-0867c9eb36ef,1.777344342220322e+18
d9c1120c-05d9-4559-9b36-0867c9eb36ef,1.777344342253664e+18
d9c1120c-05d9-4559-9b36-0867c9eb36ef,1.777344342287007e+18
d9c1120c-05d9-4559-9b36-0867c9eb36ef,1.777344342320349e+18
d9c1120c-05d9-4559-9b36-0867c9eb36ef,1.777344342353692e+18
d9c1120c-05d9-4559-9b36-0867c9eb36ef,1.7773443423870339e+18
d9c1120c-05d9-4559-9b36-0867c9eb36ef,1.7773443424203768e+18
d9c1120c-05d9-4559-9b36-0867c9eb36ef,1.777344342453719e+18
d9c1120c-05d9-4559-9b36-0867c9eb36ef,1.777344342487062e+18
d9c1120c-05d9-4559-9b36-0867c9eb36ef,1.777344342520404e+18
d9c1120c-05d9-4559-9b36-0867c9eb36ef,1.777344342553747e+18
d9c1120c-05d9-4559-9b36-0867c9eb36ef,1.777344342587089e+18
d9c1120c-05d9-4559-9b36-0867c9eb36ef,1.7773443426204308e+18
d9c1120c-05d9-4559-9b36-0867c9eb36ef,1.7773443426537738e+18
d9c1120c-05d9-4559-9b36-0867c9eb36ef,1.777344342687116e+18
d9c1120c-05d9-4559-9b36-0867c9eb36ef,1.777344342720459e+18
d9c1120c-05d9-4559-9b36-0867c9eb36ef,1.777344342753801e+18
d9c1120c-05d9-4559-9b36-0867c9eb36ef,1.777344342787144e+18
d9c1120c-05d9-4559-9b36-0867c9eb36ef,1.777344342820486e+18
d9c1120c-05d9-4559-9b36-0867c9eb36ef,1.7773443428538278e+18
d9c1120c-05d9-4559-9b36-0867c9eb36ef,1.777344342887171e+18
d9c1120c-05d9-4559-9b36-0867c9eb36ef,1.777344342920513e+18
d9c1120c-05d9-4559-9b36-0867c9eb36ef,1.777344342953856e+18
d9c1120c-05d9-4559-9b36-0867c9eb36ef,1.777344342987198e+18
d9c1120c-05d9-4559-9b36-0867c9eb36ef,1.777344343020541e+18
d9c1120c-05d9-4559-9b36-0867c9eb36ef,1.777344343053883e+18
d9c1120c-05d9-4559-9b36-0867c9eb36ef,1.7773443430872259e+18
d9c1120c-05d9-4559-9b36-0867c9eb36ef,1.777344343120568e+18
d9c1120c-05d9-4559-9b36-0867c9eb36ef,1.777344343153911e+18
d9c1120c-05d9-4559-9b36-0867c9eb36ef,1.777344343187253e+18
d9c1120c-05d9-4559-9b36-0867c9eb36ef,1.777344343220595e+18
d9c1120c-05d9-4559-9b36-0867c9eb36ef,1.777344343253938e+18
d9c1120c-05d9-4559-9b36-0867c9eb36ef,1.7773443432872799e+18
d9c1120c-05d9-4559-9b36-0867c9eb36ef,1.7773443433206228e+18
d9c1120c-05d9-4559-9b36-0867c9eb36ef,1.777344343353965e+18
d9c1120c-05d9-4559-9b36-0867c9eb36ef,1.777344343387308e+18
d9c1120c-05d9-4559-9b36-0867c9eb36ef,1.77734434342065e+18
d9c1120c-05d9-4559-9b36-0867c9eb36ef,1.777344343453993e+18
d9c1120c-05d9-4559-9b36-0867c9eb36ef,1.777344343487335e+18
d9c1120c-05d9-4559-9b36-0867c9eb36ef,1.7773443435206769e+18
d9c1120c-05d9-4559-9b36-0867c9eb36ef,1.7773443435540198e+18
d9c1120c-05d9-4559-9b36-0867c9eb36ef,1.777344343587362e+18
d9c1120c-05d9-4559-9b36-0867c9eb36ef,1.777344343620705e+18
d9c1120c-05d9-4559-9b36-0867c9eb36ef,1.777344343654047e+18
d9c1120c-05d9-4559-9b36-0867c9eb36ef,1.77734434368739e+18
d9c1120c-05d9-4559-9b36-0867c9eb36ef,1.777344343720732e+18
d9c1120c-05d9-4559-9b36-0867c9eb36ef,1.777344343754075e+18
d9c1120c-05d9-4559-9b36-0867c9eb36ef,1.7773443437874168e+18
d9c1120c-05d9-4559-9b36-0867c9eb36ef,1.777344343820759e+18
d9c1120c-05d9-4559-9b36-0867c9eb36ef,1.777344343854102e+18
d9c1120c-05d9-4559-9b36-0867c9eb36ef,1.777344343887444e+18
d9c1120c-05d9-4559-9b36-0867c9eb36ef,1.777344343920787e+18
d9c1120c-05d9-4559-9b36-0867c9eb36ef,1.777344343954129e+18
d9c1120c-05d9-4559-9b36-0867c9eb36ef,1.777344343987472e+18
d9c1120c-05d9-4559-9b36-0867c9eb36ef,1.7773443440208138e+18
d9c1120c-05d9-4559-9b36-0867c9eb36ef,1.777344344054157e+18
d9c1120c-05d9-4559-9b36-0867c9eb36ef,1.777344344087499e+18
d9c1120c-05d9-4559-9b36-0867c9eb36ef,1.777344344120841e+18
d9c1120c-05d9-4559-9b36-0867c9eb36ef,1.777344344154184e+18
d9c1120c-05d9-4559-9b36-0867c9eb36ef,1.777344344187526e+18
d9c1120c-05d9-4559-9b36-0867c9eb36ef,1.7773443442208689e+18
d9c1120c-05d9-4559-9b36-0867c9eb36ef,1.777344344254211e+18
d9c1120c-05d9-4559-9b36-0867c9eb36ef,1.777344344287554e+18
d9c1120c-05d9-4559-9b36-0867c9eb36ef,1.777344344320896e+18
d9c1120c-05d9-4559-9b36-0867c9eb36ef,1.777344344354239e+18
d9c1120c-05d9-4559-9b36-0867c9eb36ef,1.777344344387581e+18
d9c1120c-05d9-4559-9b36-0867c9eb36ef,1.777344344420924e+18
d9c1120c-05d9-4559-9b36-0867c9eb36ef,1.7773443444542659e+18
d9c1120c-05d9-4559-9b36-0867c9eb36ef,1.777344344487608e+18
d9c1120c-05d9-4559-9b36-0867c9eb36ef,1.777344344520951e+18
d9c1120c-05d9-4559-9b36-0867c9eb36ef,1.777344344554293e+18
d9c1120c-05d9-4559-9b36-0867c9eb36ef,1.777344344587636e+18
d9c1120c-05d9-4559-9b36-0867c9eb36ef,1.777344344620978e+18
d9c1120c-05d9-4559-9b36-0867c9eb36ef,1.777344344654321e+18
d9c1120c-05d9-4559-9b36-0867c9eb36ef,1.7773443446876628e+18
d9c1120c-05d9-4559-9b36-0867c9eb36ef,1.7773443447210058e+18
d9c1120c-05d9-4559-9b36-0867c9eb36ef,1.777344344754348e+18
d9c1120c-05d9-4559-9b36-0867c9eb36ef,1.77734434478769e+18
d9c1120c-05d9-4559-9b36-0867c9eb36ef,1.777344344821033e+18
d9c1120c-05d9-4559-9b36-0867c9eb36ef,1.777344344854375e+18
d9c1120c-05d9-4559-9b36-0867c9eb36ef,1.777344344887718e+18
d9c1120c-05d9-4559-9b36-0867c9eb36ef,1.7773443449210598e+18
d9c1120c-05d9-4559-9b36-0867c9eb36ef,1.777344344954403e+18
d9c1120c-05d9-4559-9b36-0867c9eb36ef,1.777344344987745e+18
d9c1120c-05d9-4559-9b36-0867c9eb36ef,1.777344345021088e+18
d9c1120c-05d9-4559-9b36-0867c9eb36ef,1.77734434505443e+18
d9c1120c-05d9-4559-9b36-0867c9eb36ef,1.777344345087772e+18
d9c1120c-05d9-4559-9b36-0867c9eb36ef,1.777344345121115e+18
d9c1120c-05d9-4559-9b36-0867c9eb36ef,1.7773443451544568e+18
d9c1120c-05d9-4559-9b36-0867c9eb36ef,1.7773443451878e+18
d9c1120c-05d9-4559-9b36-0867c9eb36ef,1.777344345221142e+18
d9c1120c-05d9-4559-9b36-0867c9eb36ef,1.777344345254485e+18
d9c1120c-05d9-4559-9b36-0867c9eb36ef,1.777344345287827e+18
d9c1120c-05d9-4559-9b36-0867c9eb36ef,1.77734434532117e+18
d9c1120c-05d9-4559-9b36-0867c9eb36ef,1.777344345354512e+18
d9c1120c-05d9-4559-9b36-0867c9eb36ef,1.7773443453878538e+18
d9c1120c-05d9-4559-9b36-0867c9eb36ef,1.777344345421197e+18
d9c1120c-05d9-4559-9b36-0867c9eb36ef,1.777344345454539e+18
d9c1120c-05d9-4559-9b36-0867c9eb36ef,1.777344345487882e+18
d9c1120c-05d9-4559-9b36-0867c9eb36ef,1.777344345521224e+18
d9c1120c-05d9-4559-9b36-0867c9eb36ef,1.777344345554567e+18
d9c1120c-05d9-4559-9b36-0867c9eb36ef,1.7773443455879089e+18
d9c1120c-05d9-4559-9b36-0867c9eb36ef,1.7773443456212518e+18
d9c1120c-05d9-4559-9b36-0867c9eb36ef,1.777344345654594e+18
d9c1120c-05d9-4559-9b36-0867c9eb36ef,1.777344345687936e+18
d9c1120c-05d9-4559-9b36-0867c9eb36ef,1.777344345721279e+18
d9c1120c-05d9-4559-9b36-0867c9eb36ef,1.777344345754621e+18
d9c1120c-05d9-4559-9b36-0867c9eb36ef,1.777344345787964e+18
d9c1120c-05d9-4559-9b36-0867c9eb36ef,1.7773443458213059e+18
d9c1120c-05d9-4559-9b36-0867c9eb36ef,1.7773443458546488e+18
d9c1120c-05d9-4559-9b36-0867c9eb36ef,1.777344345887991e+18
d9c1120c-05d9-4559-9b36-0867c9eb36ef,1.777344345921334e+18
d9c1120c-05d9-4559-9b36-0867c9eb36ef,1.777344345954676e+18
d9c1120c-05d9-4559-9b36-0867c9eb36ef,1.777344345988019e+18
d9c1120c-05d9-4559-9b36-0867c9eb36ef,1.777344346021361e+18
d9c1120c-05d9-4559-9b36-0867c9eb36ef,1.7773443460547028e+18
d9c1120c-05d9-4559-9b36-0867c9eb36ef,1.7773443460880458e+18
d9c1120c-05d9-4559-9b36-0867c9eb36ef,1.777344346121388e+18
d9c1120c-05d9-4559-9b36-0867c9eb36ef,1.777344346154731e+18
d9c1120c-05d9-4559-9b36-0867c9eb36ef,1.777344346188073e+18
d9c1120c-05d9-4559-9b36-0867c9eb36ef,1.777344346221416e+18
d9c1120c-05d9-4559-9b36-0867c9eb36ef,1.777344346254758e+18
d9c1120c-05d9-4559-9b36-0867c9eb36ef,1.7773443462881009e+18
d9c1120c-05d9-4559-9b36-0867c9eb36ef,1.777344346321443e+18
d9c1120c-05d9-4559-9b36-0867c9eb36ef,1.777344346354785e+18
d9c1120c-05d9-4559-9b36-0867c9eb36ef,1.777344346388128e+18
d9c1120c-05d9-4559-9b36-0867c9eb36ef,1.77734434642147e+18
d9c1120c-05d9-4559-9b36-0867c9eb36ef,1.777344346454813e+18
d9c1120c-05d9-4559-9b36-0867c9eb36ef,1.777344346488155e+18
d9c1120c-05d9-4559-9b36-0867c9eb36ef,1.7773443465214979e+18
d9c1120c-05d9-4559-9b36-0867c9eb36ef,1.77734434655484e+18
d9c1120c-05d9-4559-9b36-0867c9eb36ef,1.777344346588183e+18
d9c1120c-05d9-4559-9b36-0867c9eb36ef,1.777344346621525e+18
d9c1120c-05d9-4559-9b36-0867c9eb36ef,1.777344346654867e+18
d9c1120c-05d9-4559-9b36-0867c9eb36ef,1.77734434668821e+18
d9c1120c-05d9-4559-9b36-0867c9eb36ef,1.777344346721552e+18
d9c1120c-05d9-4559-9b36-0867c9eb36ef,1.7773443467548948e+18
d9c1120c-05d9-4559-9b36-0867c9eb36ef,1.777344346788237e+18
d9c1120c-05d9-4559-9b36-0867c9eb36ef,1.77734434682158e+18
d9c1120c-05d9-4559-9b36-0867c9eb36ef,1.777344346854922e+18
d9c1120c-05d9-4559-9b36-0867c9eb36ef,1.777344346888265e+18
d9c1120c-05d9-4559-9b36-0867c9eb36ef,1.777344346921607e+18
d9c1120c-05d9-4559-9b36-0867c9eb36ef,1.77734434695495e+18
d9c1120c-05d9-4559-9b36-0867c9eb36ef,1.7773443469882918e+18
d9c1120c-05d9-4559-9b36-0867c9eb36ef,1.777344347021634e+18
d9c1120c-05d9-4559-9b36-0867c9eb36ef,1.777344347054977e+18
d9c1120c-05d9-4559-9b36-0867c9eb36ef,1.777344347088319e+18
d9c1120c-05d9-4559-9b36-0867c9eb36ef,1.777344347121662e+18
d9c1120c-05d9-4559-9b36-0867c9eb36ef,1.777344347155004e+18
d9c1120c-05d9-4559-9b36-0867c9eb36ef,1.777344347188347e+18
d9c1120c-05d9-4559-9b36-0867c9eb36ef,1.7773443472216888e+18
d9c1120c-05d9-4559-9b36-0867c9eb36ef,1.777344347255032e+18
d9c1120c-05d9-4559-9b36-0867c9eb36ef,1.777344347288374e+18
d9c1120c-05d9-4559-9b36-0867c9eb36ef,1.777344347321716e+18
d9c1120c-05d9-4559-9b36-0867c9eb36ef,1.777344347355059e+18
d9c1120c-05d9-4559-9b36-0867c9eb36ef,1.777344347388401e+18
d9c1120c-05d9-4559-9b36-0867c9eb36ef,1.7773443474217439e+18
d9c1120c-05d9-4559-9b36-0867c9eb36ef,1.7773443474550858e+18
d9c1120c-05d9-4559-9b36-0867c9eb36ef,1.777344347488429e+18
d9c1120c-05d9-4559-9b36-0867c9eb36ef,1.777344347521771e+18
d9c1120c-05d9-4559-9b36-0867c9eb36ef,1.777344347555114e+18
d9c1120c-05d9-4559-9b36-0867c9eb36ef,1.777344347588456e+18
d9c1120c-05d9-4559-9b36-0867c9eb36ef,1.777344347621798e+18
d9c1120c-05d9-4559-9b36-0867c9eb36ef,1.7773443476551409e+18
d9c1120c-05d9-4559-9b36-0867c9eb36ef,1.777344347688483e+18
d9c1120c-05d9-4559-9b36-0867c9eb36ef,1.777344347721826e+18
d9c1120c-05d9-4559-9b36-0867c9eb36ef,1.777344347755168e+18
d9c1120c-05d9-4559-9b36-0867c9eb36ef,1.777344347788511e+18
d9c1120c-05d9-4559-9b36-0867c9eb36ef,1.777344347821853e+18
d9c1120c-05d9-4559-9b36-0867c9eb36ef,1.777344347855196e+18
d9c1120c-05d9-4559-9b36-0867c9eb36ef,1.7773443478885379e+18
d9c1120c-05d9-4559-9b36-0867c9eb36ef,1.77734434792188e+18
d9c1120c-05d9-4559-9b36-0867c9eb36ef,1.777344347955223e+18
d9c1120c-05d9-4559-9b36-0867c9eb36ef,1.777344347988565e+18
d9c1120c-05d9-4559-9b36-0867c9eb36ef,1.777344348021908e+18
d9c1120c-05d9-4559-9b36-0867c9eb36ef,1.77734434805525e+18
d9c1120c-05d9-4559-9b36-0867c9eb36ef,1.777344348088593e+18
d9c1120c-05d9-4559-9b36-0867c9eb36ef,1.7773443481219348e+18
d9c1120c-05d9-4559-9b36-0867c9eb36ef,1.7773443481552778e+18
d9c1120c-05d9-4559-9b36-0867c9eb36ef,1.77734434818862e+18
d9c1120c-05d9-4559-9b36-0867c9eb36ef,1.777344348221962e+18
d9c1120c-05d9-4559-9b36-0867c9eb36ef,1.777344348255305e+18
d9c1120c-05d9-4559-9b36-0867c9eb36ef,1.777344348288647e+18
d9c1120c-05d9-4559-9b36-0867c9eb36ef,1.77734434832199e+18
d9c1120c-05d9-4559-9b36-0867c9eb36ef,1.7773443483553318e+18
d9c1120c-05d9-4559-9b36-0867c9eb36ef,1.777344348388675e+18
d9c1120c-05d9-4559-9b36-0867c9eb36ef,1.777344348422017e+18
d9c1120c-05d9-4559-9b36-0867c9eb36ef,1.77734434845536e+18
d9c1120c-05d9-4559-9b36-0867c9eb36ef,1.777344348488702e+18
d9c1120c-05d9-4559-9b36-0867c9eb36ef,1.777344348522044e+18
d9c1120c-05d9-4559-9b36-0867c9eb36ef,1.777344348555387e+18
d9c1120c-05d9-4559-9b36-0867c9eb36ef,1.7773443485887288e+18
d9c1120c-05d9-4559-9b36-0867c9eb36ef,1.777344348622072e+18
d9c1120c-05d9-4559-9b36-0867c9eb36ef,1.777344348655414e+18
d9c1120c-05d9-4559-9b36-0867c9eb36ef,1.777344348688757e+18
d9c1120c-05d9-4559-9b36-0867c9eb36ef,1.777344348722099e+18
d9c1120c-05d9-4559-9b36-0867c9eb36ef,1.777344348755442e+18
d9c1120c-05d9-4559-9b36-0867c9eb36ef,1.7773443487887839e+18
d9c1120c-05d9-4559-9b36-0867c9eb36ef,1.7773443488221268e+18
d9c1120c-05d9-4559-9b36-0867c9eb36ef,1.777344348855469e+18
d9c1120c-05d9-4559-9b36-0867c9eb36ef,1.777344348888811e+18
d9c1120c-05d9-4559-9b36-0867c9eb36ef,1.777344348922154e+18
d9c1120c-05d9-4559-9b36-0867c9eb36ef,1.777344348955496e+18
d9c1120c-05d9-4559-9b36-0867c9eb36ef,1.777344348988839e+18
d9c1120c-05d9-4559-9b36-0867c9eb36ef,1.7773443490221809e+18
d9c1120c-05d9-4559-9b36-0867c9eb36ef,1.7773443490555238e+18
d9c1120c-05d9-4559-9b36-0867c9eb36ef,1.777344349088866e+18
d9c1120c-05d9-4559-9b36-0867c9eb36ef,1.777344349122208e+18
d9c1120c-05d9-4559-9b36-0867c9eb36ef,1.777344349155551e+18
d9c1120c-05d9-4559-9b36-0867c9eb36ef,1.777344349188893e+18
d9c1120c-05d9-4559-9b36-0867c9eb36ef,1.777344349222236e+18
d9c1120c-05d9-4559-9b36-0867c9eb36ef,1.7773443492555779e+18
d9c1120c-05d9-4559-9b36-0867c9eb36ef,1.7773443492889208e+18
d9c1120c-05d9-4559-9b36-0867c9eb36ef,1.777344349322263e+18
d9c1120c-05d9-4559-9b36-0867c9eb36ef,1.777344349355606e+18
d9c1120c-05d9-4559-9b36-0867c9eb36ef,1.777344349388948e+18
d9c1120c-05d9-4559-9b36-0867c9eb36ef,1.777344349422291e+18
d9c1120c-05d9-4559-9b36-0867c9eb36ef,1.777344349455633e+18
d9c1120c-05d9-4559-9b36-0867c9eb36ef,1.7773443494889748e+18
d9c1120c-05d9-4559-9b36-0867c9eb36ef,1.7773443495223178e+18
d9c1120c-05d9-4559-9b36-0867c9eb36ef,1.77734434955566e+18
d9c1120c-05d9-4559-9b36-0867c9eb36ef,1.777344349589003e+18
d9c1120c-05d9-4559-9b36-0867c9eb36ef,1.777344349622345e+18
d9c1120c-05d9-4559-9b36-0867c9eb36ef,1.777344349655688e+18
d9c1120c-05d9-4559-9b36-0867c9eb36ef,1.77734434968903e+18
d9c1120c-05d9-4559-9b36-0867c9eb36ef,1.7773443497223729e+18
d9c1120c-05d9-4559-9b36-0867c9eb36ef,1.777344349755715e+18
d9c1120c-05d9-4559-9b36-0867c9eb36ef,1.777344349789057e+18
d9c1120c-05d9-4559-9b36-0867c9eb36ef,1.7773443498224e+18
d9c1120c-05d9-4559-9b36-0867c9eb36ef,1.777344349855742e+18
d9c1120c-05d9-4559-9b36-0867c9eb36ef,1.777344349889085e+18
d9c1120c-05d9-4559-9b36-0867c9eb36ef,1.777344349922427e+18
d9c1120c-05d9-4559-9b36-0867c9eb36ef,1.7773443499557699e+18
d9c1120c-05d9-4559-9b36-0867c9eb36ef,1.777344349989112e+18
d9c1120c-05d9-4559-9b36-0867c9eb36ef,1.777344350022455e+18
d9c1120c-05d9-4559-9b36-0867c9eb36ef,1.777344350055797e+18
d9c1120c-05d9-4559-9b36-0867c9eb36ef,1.777344350089139e+18
d9c1120c-05d9-4559-9b36-0867c9eb36ef,1.777344350122482e+18
d9c1120c-05d9-4559-9b36-0867c9eb36ef,1.7773443501558239e+18
d9c1120c-05d9-4559-9b36-0867c9eb36ef,1.7773443501891668e+18
d9c1120c-05d9-4559-9b36-0867c9eb36ef,1.777344350222509e+18
d9c1120c-05d9-4559-9b36-0867c9eb36ef,1.777344350255852e+18
d9c1120c-05d9-4559-9b36-0867c9eb36ef,1.777344350289194e+18
d9c1120c-05d9-4559-9b36-0867c9eb36ef,1.777344350322537e+18
d9c1120c-05d9-4559-9b36-0867c9eb36ef,1.777344350355879e+18
d9c1120c-05d9-4559-9b36-0867c9eb36ef,1.7773443503892209e+18
d9c1120c-05d9-4559-9b36-0867c9eb36ef,1.7773443504225638e+18
d9c1120c-05d9-4559-9b36-0867c9eb36ef,1.777344350455906e+18
d9c1120c-05d9-4559-9b36-0867c9eb36ef,1.777344350489249e+18
d9c1120c-05d9-4559-9b36-0867c9eb36ef,1.777344350522591e+18
d9c1120c-05d9-4559-9b36-0867c9eb36ef,1.777344350555934e+18
d9c1120c-05d9-4559-9b36-0867c9eb36ef,1.777344350589276e+18
d9c1120c-05d9-4559-9b36-0867c9eb36ef,1.777344350622619e+18
d9c1120c-05d9-4559-9b36-0867c9eb36ef,1.7773443506559608e+18
d9c1120c-05d9-4559-9b36-0867c9eb36ef,1.777344350689304e+18
d9c1120c-05d9-4559-9b36-0867c9eb36ef,1.777344350722646e+18
d9c1120c-05d9-4559-9b36-0867c9eb36ef,1.777344350755988e+18
d9c1120c-05d9-4559-9b36-0867c9eb36ef,1.777344350789331e+18
d9c1120c-05d9-4559-9b36-0867c9eb36ef,1.777344350822673e+18
d9c1120c-05d9-4559-9b36-0867c9eb36ef,1.777344350856016e+18
d9c1120c-05d9-4559-9b36-0867c9eb36ef,1.7773443508893578e+18
d9c1120c-05d9-4559-9b36-0867c9eb36ef,1.777344350922701e+18
d9c1120c-05d9-4559-9b36-0867c9eb36ef,1.777344350956043e+18
d9c1120c-05d9-4559-9b36-0867c9eb36ef,1.777344350989385e+18
d9c1120c-05d9-4559-9b36-0867c9eb36ef,1.777344351022728e+18
d9c1120c-05d9-4559-9b36-0867c9eb36ef,1.77734435105607e+18
d9c1120c-05d9-4559-9b36-0867c9eb36ef,1.7773443510894129e+18
d9c1120c-05d9-4559-9b36-0867c9eb36ef,1.777344351122755e+18
d9c1120c-05d9-4559-9b36-0867c9eb36ef,1.777344351156098e+18
d9c1120c-05d9-4559-9b36-0867c9eb36ef,1.77734435118944e+18
d9c1120c-05d9-4559-9b36-0867c9eb36ef,1.777344351222783e+18
d9c1120c-05d9-4559-9b36-0867c9eb36ef,1.777344351256125e+18
d9c1120c-05d9-4559-9b36-0867c9eb36ef,1.777344351289468e+18
d9c1120c-05d9-4559-9b36-0867c9eb36ef,1.7773443513228099e+18
d9c1120c-05d9-4559-9b36-0867c9eb36ef,1.777344351356152e+18
d9c1120c-05d9-4559-9b36-0867c9eb36ef,1.777344351389495e+18
d9c1120c-05d9-4559-9b36-0867c9eb36ef,1.777344351422837e+18
d9c1120c-05d9-4559-9b36-0867c9eb36ef,1.77734435145618e+18
d9c1120c-05d9-4559-9b36-0867c9eb36ef,1.777344351489522e+18
d9c1120c-05d9-4559-9b36-0867c9eb36ef,1.777344351522865e+18
d9c1120c-05d9-4559-9b36-0867c9eb36ef,1.7773443515562068e+18
d9c1120c-05d9-4559-9b36-0867c9eb36ef,1.7773443515895498e+18
d9c1120c-05d9-4559-9b36-0867c9eb36ef,1.777344351622892e+18
d9c1120c-05d9-4559-9b36-0867c9eb36ef,1.777344351656234e+18
d9c1120c-05d9-4559-9b36-0867c9eb36ef,1.777344351689577e+18
d9c1120c-05d9-4559-9b36-0867c9eb36ef,1.777344351722919e+18
d9c1120c-05d9-4559-9b36-0867c9eb36ef,1.777344351756262e+18
d9c1120c-05d9-4559-9b36-0867c9eb36ef,1.7773443517896038e+18
d9c1120c-05d9-4559-9b36-0867c9eb36ef,1.777344351822947e+18
d9c1120c-05d9-4559-9b36-0867c9eb36ef,1.777344351856289e+18
d9c1120c-05d9-4559-9b36-0867c9eb36ef,1.777344351889632e+18
d9c1120c-05d9-4559-9b36-0867c9eb36ef,1.777344351922974e+18
d9c1120c-05d9-4559-9b36-0867c9eb36ef,1.777344351956316e+18
d9c1120c-05d9-4559-9b36-0867c9eb36ef,1.777344351989659e+18
d9c1120c-05d9-4559-9b36-0867c9eb36ef,1.7773443520230008e+18
d9c1120c-05d9-4559-9b36-0867c9eb36ef,1.777344352056344e+18
d9c1120c-05d9-4559-9b36-0867c9eb36ef,1.777344352089686e+18
d9c1120c-05d9-4559-9b36-0867c9eb36ef,1.777344352123029e+18
d9c1120c-05d9-4559-9b36-0867c9eb36ef,1.777344352156371e+18
d9c1120c-05d9-4559-9b36-0867c9eb36ef,1.777344352189714e+18
d9c1120c-05d9-4559-9b36-0867c9eb36ef,1.777344352223056e+18
d9c1120c-05d9-4559-9b36-0867c9eb36ef,1.7773443522563978e+18
d9c1120c-05d9-4559-9b36-0867c9eb36ef,1.777344352289741e+18
d9c1120c-05d9-4559-9b36-0867c9eb36ef,1.777344352323083e+18
d9c1120c-05d9-4559-9b36-0867c9eb36ef,1.777344352356426e+18
d9c1120c-05d9-4559-9b36-0867c9eb36ef,1.777344352389768e+18
d9c1120c-05d9-4559-9b36-0867c9eb36ef,1.777344352423111e+18
d9c1120c-05d9-4559-9b36-0867c9eb36ef,1.7773443524564529e+18
d9c1120c-05d9-4559-9b36-0867c9eb36ef,1.7773443524897958e+18
d9c1120c-05d9-4559-9b36-0867c9eb36ef,1.777344352523138e+18
d9c1120c-05d9-4559-9b36-0867c9eb36ef,1.777344352556481e+18
d9c1120c-05d9-4559-9b36-0867c9eb36ef,1.777344352589823e+18
d9c1120c-05d9-4559-9b36-0867c9eb36ef,1.777344352623165e+18
d9c1120c-05d9-4559-9b36-0867c9eb36ef,1.777344352656508e+18
d9c1120c-05d9-4559-9b36-0867c9eb36ef,1.7773443526898499e+18
d9c1120c-05d9-4559-9b36-0867c9eb36ef,1.7773443527231928e+18
d9c1120c-05d9-4559-9b36-0867c9eb36ef,1.777344352756535e+18
d9c1120c-05d9-4559-9b36-0867c9eb36ef,1.777344352789878e+18
d9c1120c-05d9-4559-9b36-0867c9eb36ef,1.77734435282322e+18
d9c1120c-05d9-4559-9b36-0867c9eb36ef,1.777344352856562e+18
d9c1120c-05d9-4559-9b36-0867c9eb36ef,1.777344352889905e+18
d9c1120c-05d9-4559-9b36-0867c9eb36ef,1.7773443529232468e+18
d9c1120c-05d9-4559-9b36-0867c9eb36ef,1.7773443529565898e+18
d9c1120c-05d9-4559-9b36-0867c9eb36ef,1.777344352989932e+18
d9c1120c-05d9-4559-9b36-0867c9eb36ef,1.777344353023275e+18
d9c1120c-05d9-4559-9b36-0867c9eb36ef,1.777344353056617e+18
d9c1120c-05d9-4559-9b36-0867c9eb36ef,1.77734435308996e+18
d9c1120c-05d9-4559-9b36-0867c9eb36ef,1.777344353123302e+18
d9c1120c-05d9-4559-9b36-0867c9eb36ef,1.7773443531566449e+18
d9c1120c-05d9-4559-9b36-0867c9eb36ef,1.777344353189987e+18
d9c1120c-05d9-4559-9b36-0867c9eb36ef,1.777344353223329e+18
d9c1120c-05d9-4559-9b36-0867c9eb36ef,1.777344353256672e+18
d9c1120c-05d9-4559-9b36-0867c9eb36ef,1.777344353290014e+18
d9c1120c-05d9-4559-9b36-0867c9eb36ef,1.777344353323357e+18
d9c1120c-05d9-4559-9b36-0867c9eb36ef,1.777344353356699e+18
d9c1120c-05d9-4559-9b36-0867c9eb36ef,1.7773443533900419e+18
d9c1120c-05d9-4559-9b36-0867c9eb36ef,1.777344353423384e+18
d9c1120c-05d9-4559-9b36-0867c9eb36ef,1.777344353456727e+18
d9c1120c-05d9-4559-9b36-0867c9eb36ef,1.777344353490069e+18
d9c1120c-05d9-4559-9b36-0867c9eb36ef,1.777344353523411e+18
d9c1120c-05d9-4559-9b36-0867c9eb36ef,1.777344353556754e+18
d9c1120c-05d9-4559-9b36-0867c9eb36ef,1.777344353590096e+18
d9c1120c-05d9-4559-9b36-0867c9eb36ef,1.7773443536234388e+18
d9c1120c-05d9-4559-9b36-0867c9eb36ef,1.777344353656781e+18
d9c1120c-05d9-4559-9b36-0867c9eb36ef,1.777344353690124e+18
d9c1120c-05d9-4559-9b36-0867c9eb36ef,1.777344353723466e+18
d9c1120c-05d9-4559-9b36-0867c9eb36ef,1.777344353756809e+18
d9c1120c-05d9-4559-9b36-0867c9eb36ef,1.777344353790151e+18
d9c1120c-05d9-4559-9b36-0867c9eb36ef,1.7773443538234929e+18
d9c1120c-05d9-4559-9b36-0867c9eb36ef,1.7773443538568358e+18
d9c1120c-05d9-4559-9b36-0867c9eb36ef,1.777344353890178e+18
d9c1120c-05d9-4559-9b36-0867c9eb36ef,1.777344353923521e+18
d9c1120c-05d9-4559-9b36-0867c9eb36ef,1.777344353956863e+18
d9c1120c-05d9-4559-9b36-0867c9eb36ef,1.777344353990206e+18
d9c1120c-05d9-4559-9b36-0867c9eb36ef,1.777344354023548e+18
d9c1120c-05d9-4559-9b36-0867c9eb36ef,1.777344354056891e+18
d9c1120c-05d9-4559-9b36-0867c9eb36ef,1.7773443540902328e+18
d9c1120c-05d9-4559-9b36-0867c9eb36ef,1.777344354123575e+18
d9c1120c-05d9-4559-9b36-0867c9eb36ef,1.777344354156918e+18
d9c1120c-05d9-4559-9b36-0867c9eb36ef,1.77734435419026e+18
d9c1120c-05d9-4559-9b36-0867c9eb36ef,1.777344354223603e+18
d9c1120c-05d9-4559-9b36-0867c9eb36ef,1.777344354256945e+18
d9c1120c-05d9-4559-9b36-0867c9eb36ef,1.7773443542902879e+18
d9c1120c-05d9-4559-9b36-0867c9eb36ef,1.7773443543236298e+18
d9c1120c-05d9-4559-9b36-0867c9eb36ef,1.777344354356973e+18
d9c1120c-05d9-4559-9b36-0867c9eb36ef,1.777344354390315e+18
d9c1120c-05d9-4559-9b36-0867c9eb36ef,1.777344354423658e+18
d9c1120c-05d9-4559-9b36-0867c9eb36ef,1.777344354457e+18
d9c1120c-05d9-4559-9b36-0867c9eb36ef,1.777344354490342e+18
d9c1120c-05d9-4559-9b36-0867c9eb36ef,1.7773443545236849e+18
d9c1120c-05d9-4559-9b36-0867c9eb36ef,1.777344354557027e+18
d9c1120c-05d9-4559-9b36-0867c9eb36ef,1.77734435459037e+18
d9c1120c-05d9-4559-9b36-0867c9eb36ef,1.777344354623712e+18
d9c1120c-05d9-4559-9b36-0867c9eb36ef,1.777344354657055e+18
d9c1120c-05d9-4559-9b36-0867c9eb36ef,1.777344354690397e+18
d9c1120c-05d9-4559-9b36-0867c9eb36ef,1.77734435472374e+18
d9c1120c-05d9-4559-9b36-0867c9eb36ef,1.7773443547570819e+18
d9c1120c-05d9-4559-9b36-0867c9eb36ef,1.777344354790424e+18
d9c1120c-05d9-4559-9b36-0867c9eb36ef,1.777344354823767e+18
d9c1120c-05d9-4559-9b36-0867c9eb36ef,1.777344354857109e+18
d9c1120c-05d9-4559-9b36-0867c9eb36ef,1.777344354890452e+18
d9c1120c-05d9-4559-9b36-0867c9eb36ef,1.777344354923794e+18
d9c1120c-05d9-4559-9b36-0867c9eb36ef,1.777344354957137e+18
d9c1120c-05d9-4559-9b36-0867c9eb36ef,1.7773443549904788e+18
d9c1120c-05d9-4559-9b36-0867c9eb36ef,1.7773443550238218e+18
d9c1120c-05d9-4559-9b36-0867c9eb36ef,1.777344355057164e+18
d9c1120c-05d9-4559-9b36-0867c9eb36ef,1.777344355090506e+18
d9c1120c-05d9-4559-9b36-0867c9eb36ef,1.777344355123849e+18
d9c1120c-05d9-4559-9b36-0867c9eb36ef,1.777344355157191e+18
d9c1120c-05d9-4559-9b36-0867c9eb36ef,1.777344355190534e+18
d9c1120c-05d9-4559-9b36-0867c9eb36ef,1.7773443552238758e+18
d9c1120c-05d9-4559-9b36-0867c9eb36ef,1.777344355257219e+18
d9c1120c-05d9-4559-9b36-0867c9eb36ef,1.777344355290561e+18
d9c1120c-05d9-4559-9b36-0867c9eb36ef,1.777344355323904e+18
d9c1120c-05d9-4559-9b36-0867c9eb36ef,1.777344355357246e+18
d9c1120c-05d9-4559-9b36-0867c9eb36ef,1.777344355390588e+18
d9c1120c-05d9-4559-9b36-0867c9eb36ef,1.777344355423931e+18
d9c1120c-05d9-4559-9b36-0867c9eb36ef,1.7773443554572728e+18
d9c1120c-05d9-4559-9b36-0867c9eb36ef,1.777344355490616e+18
d9c1120c-05d9-4559-9b36-0867c9eb36ef,1.777344355523958e+18
d9c1120c-05d9-4559-9b36-0867c9eb36ef,1.777344355557301e+18
d9c1120c-05d9-4559-9b36-0867c9eb36ef,1.777344355590643e+18
d9c1120c-05d9-4559-9b36-0867c9eb36ef,1.777344355623986e+18
d9c1120c-05d9-4559-9b36-0867c9eb36ef,1.7773443556573279e+18
d9c1120c-05d9-4559-9b36-0867c9eb36ef,1.7773443556906698e+18
d9c1120c-05d9-4559-9b36-0867c9eb36ef,1.777344355724013e+18
d9c1120c-05d9-4559-9b36-0867c9eb36ef,1.777344355757355e+18
d9c1120c-05d9-4559-9b36-0867c9eb36ef,1.777344355790698e+18
d9c1120c-05d9-4559-9b36-0867c9eb36ef,1.77734435582404e+18
d9c1120c-05d9-4559-9b36-0867c9eb36ef,1.777344355857383e+18
d9c1120c-05d9-4559-9b36-0867c9eb36ef,1.7773443558907249e+18
d9c1120c-05d9-4559-9b36-0867c9eb36ef,1.7773443559240678e+18
d9c1120c-05d9-4559-9b36-0867c9eb36ef,1.77734435595741e+18
d9c1120c-05d9-4559-9b36-0867c9eb36ef,1.777344355990752e+18
d9c1120c-05d9-4559-9b36-0867c9eb36ef,1.777344356024095e+18
d9c1120c-05d9-4559-9b36-0867c9eb36ef,1.777344356057437e+18
d9c1120c-05d9-4559-9b36-0867c9eb36ef,1.77734435609078e+18
d9c1120c-05d9-4559-9b36-0867c9eb36ef,1.7773443561241219e+18
d9c1120c-05d9-4559-9b36-0867c9eb36ef,1.7773443561574648e+18
d9c1120c-05d9-4559-9b36-0867c9eb36ef,1.777344356190807e+18
d9c1120c-05d9-4559-9b36-0867c9eb36ef,1.77734435622415e+18
d9c1120c-05d9-4559-9b36-0867c9eb36ef,1.777344356257492e+18
d9c1120c-05d9-4559-9b36-0867c9eb36ef,1.777344356290835e+18
d9c1120c-05d9-4559-9b36-0867c9eb36ef,1.777344356324177e+18
d9c1120c-05d9-4559-9b36-0867c9eb36ef,1.7773443563575188e+18
d9c1120c-05d9-4559-9b36-0867c9eb36ef,1.7773443563908618e+18
d9c1120c-05d9-4559-9b36-0867c9eb36ef,1.777344356424204e+18
d9c1120c-05d9-4559-9b36-0867c9eb36ef,1.777344356457547e+18
d9c1120c-05d9-4559-9b36-0867c9eb36ef,1.777344356490889e+18
d9c1120c-05d9-4559-9b36-0867c9eb36ef,1.777344356524232e+18
d9c1120c-05d9-4559-9b36-0867c9eb36ef,1.777344356557574e+18
d9c1120c-05d9-4559-9b36-0867c9eb36ef,1.7773443565909169e+18
d9c1120c-05d9-4559-9b36-0867c9eb36ef,1.777344356624259e+18
d9c1120c-05d9-4559-9b36-0867c9eb36ef,1.777344356657601e+18
d9c1120c-05d9-4559-9b36-0867c9eb36ef,1.777344356690944e+18
d9c1120c-05d9-4559-9b36-0867c9eb36ef,1.777344356724286e+18
d9c1120c-05d9-4559-9b36-0867c9eb36ef,1.777344356757629e+18
d9c1120c-05d9-4559-9b36-0867c9eb36ef,1.777344356790971e+18
d9c1120c-05d9-4559-9b36-0867c9eb36ef,1.7773443568243139e+18
d9c1120c-05d9-4559-9b36-0867c9eb36ef,1.777344356857656e+18
d9c1120c-05d9-4559-9b36-0867c9eb36ef,1.777344356890999e+18
d9c1120c-05d9-4559-9b36-0867c9eb36ef,1.777344356924341e+18
d9c1120c-05d9-4559-9b36-0867c9eb36ef,1.777344356957683e+18
d9c1120c-05d9-4559-9b36-0867c9eb36ef,1.777344356991026e+18
d9c1120c-05d9-4559-9b36-0867c9eb36ef,1.7773443570243679e+18
d9c1120c-05d9-4559-9b36-0867c9eb36ef,1.7773443570577108e+18
d9c1120c-05d9-4559-9b36-0867c9eb36ef,1.777344357091053e+18
d9c1120c-05d9-4559-9b36-0867c9eb36ef,1.777344357124396e+18
d9c1120c-05d9-4559-9b36-0867c9eb36ef,1.777344357157738e+18
d9c1120c-05d9-4559-9b36-0867c9eb36ef,1.777344357191081e+18
d9c1120c-05d9-4559-9b36-0867c9eb36ef,1.777344357224423e+18
d9c1120c-05d9-4559-9b36-0867c9eb36ef,1.7773443572577649e+18
d9c1120c-05d9-4559-9b36-0867c9eb36ef,1.7773443572911078e+18
d9c1120c-05d9-4559-9b36-0867c9eb36ef,1.77734435732445e+18
d9c1120c-05d9-4559-9b36-0867c9eb36ef,1.777344357357793e+18
d9c1120c-05d9-4559-9b36-0867c9eb36ef,1.777344357391135e+18
d9c1120c-05d9-4559-9b36-0867c9eb36ef,1.777344357424478e+18
d9c1120c-05d9-4559-9b36-0867c9eb36ef,1.77734435745782e+18
d9c1120c-05d9-4559-9b36-0867c9eb36ef,1.777344357491163e+18
d9c1120c-05d9-4559-9b36-0867c9eb36ef,1.7773443575245048e+18
d9c1120c-05d9-4559-9b36-0867c9eb36ef,1.777344357557847e+18
d9c1120c-05d9-4559-9b36-0867c9eb36ef,1.77734435759119e+18
d9c1120c-05d9-4559-9b36-0867c9eb36ef,1.777344357624532e+18
d9c1120c-05d9-4559-9b36-0867c9eb36ef,1.777344357657875e+18
d9c1120c-05d9-4559-9b36-0867c9eb36ef,1.777344357691217e+18
d9c1120c-05d9-4559-9b36-0867c9eb36ef,1.77734435772456e+18
d9c1120c-05d9-4559-9b36-0867c9eb36ef,1.7773443577579018e+18
d9c1120c-05d9-4559-9b36-0867c9eb36ef,1.777344357791245e+18
d9c1120c-05d9-4559-9b36-0867c9eb36ef,1.777344357824587e+18
d9c1120c-05d9-4559-9b36-0867c9eb36ef,1.777344357857929e+18
d9c1120c-05d9-4559-9b36-0867c9eb36ef,1.777344357891272e+18
d9c1120c-05d9-4559-9b36-0867c9eb36ef,1.777344357924614e+18
d9c1120c-05d9-4559-9b36-0867c9eb36ef,1.7773443579579569e+18
d9c1120c-05d9-4559-9b36-0867c9eb36ef,1.777344357991299e+18
d9c1120c-05d9-4559-9b36-0867c9eb36ef,1.777344358024642e+18
d9c1120c-05d9-4559-9b36-0867c9eb36ef,1.777344358057984e+18
d9c1120c-05d9-4559-9b36-0867c9eb36ef,1.777344358091327e+18
d9c1120c-05d9-4559-9b36-0867c9eb36ef,1.777344358124669e+18
d9c1120c-05d9-4559-9b36-0867c9eb36ef,1.777344358158012e+18
d9c1120c-05d9-4559-9b36-0867c9eb36ef,1.7773443581913539e+18
d9c1120c-05d9-4559-9b36-0867c9eb36ef,1.777344358224696e+18
d9c1120c-05d9-4559-9b36-0867c9eb36ef,1.777344358258039e+18
d9c1120c-05d9-4559-9b36-0867c9eb36ef,1.777344358291381e+18
d9c1120c-05d9-4559-9b36-0867c9eb36ef,1.777344358324724e+18
d9c1120c-05d9-4559-9b36-0867c9eb36ef,1.777344358358066e+18
d9c1120c-05d9-4559-9b36-0867c9eb36ef,1.777344358391409e+18
d9c1120c-05d9-4559-9b36-0867c9eb36ef,1.7773443584247508e+18
d9c1120c-05d9-4559-9b36-0867c9eb36ef,1.777344358458093e+18
d9c1120c-05d9-4559-9b36-0867c9eb36ef,1.777344358491436e+18
d9c1120c-05d9-4559-9b36-0867c9eb36ef,1.777344358524778e+18
d9c1120c-05d9-4559-9b36-0867c9eb36ef,1.777344358558121e+18
d9c1120c-05d9-4559-9b36-0867c9eb36ef,1.777344358591463e+18
d9c1120c-05d9-4559-9b36-0867c9eb36ef,1.777344358624806e+18
d9c1120c-05d9-4559-9b36-0867c9eb36ef,1.7773443586581478e+18
d9c1120c-05d9-4559-9b36-0867c9eb36ef,1.777344358691491e+18
d9c1120c-05d9-4559-9b36-0867c9eb36ef,1.777344358724833e+18
d9c1120c-05d9-4559-9b36-0867c9eb36ef,1.777344358758176e+18
d9c1120c-05d9-4559-9b36-0867c9eb36ef,1.777344358791518e+18
d9c1120c-05d9-4559-9b36-0867c9eb36ef,1.77734435882486e+18
d9c1120c-05d9-4559-9b36-0867c9eb36ef,1.777344358858203e+18
d9c1120c-05d9-4559-9b36-0867c9eb36ef,1.7773443588915448e+18
d9c1120c-05d9-4559-9b36-0867c9eb36ef,1.777344358924888e+18
d9c1120c-05d9-4559-9b36-0867c9eb36ef,1.77734435895823e+18
d9c1120c-05d9-4559-9b36-0867c9eb36ef,1.777344358991573e+18
d9c1120c-05d9-4559-9b36-0867c9eb36ef,1.777344359024915e+18
d9c1120c-05d9-4559-9b36-0867c9eb36ef,1.777344359058258e+18
d9c1120c-05d9-4559-9b36-0867c9eb36ef,1.7773443590916e+18
d9c1120c-05d9-4559-9b36-0867c9eb36ef,1.777344359125804e+18
d9c1120c-05d9-4559-9b36-0867c9eb36ef,1.777344359159147e+18
d9c1120c-05d9-4559-9b36-0867c9eb36ef,1.777344359192489e+18
d9c1120c-05d9-4559-9b36-0867c9eb36ef,1.777344359225832e+18
d9c1120c-05d9-4559-9b36-0867c9eb36ef,1.777344359259175e+18
d9c1120c-05d9-4559-9b36-0867c9eb36ef,1.7773443592925169e+18
d9c1120c-05d9-4559-9b36-0867c9eb36ef,1.7773443593258598e+18
d9c1120c-05d9-4559-9b36-0867c9eb36ef,1.777344359359203e+18
d9c1120c-05d9-4559-9b36-0867c9eb36ef,1.777344359392545e+18
d9c1120c-05d9-4559-9b36-0867c9eb36ef,1.777344359425888e+18
d9c1120c-05d9-4559-9b36-0867c9eb36ef,1.77734435945923e+18
d9c1120c-05d9-4559-9b36-0867c9eb36ef,1.777344359492573e+18
d9c1120c-05d9-4559-9b36-0867c9eb36ef,1.777344359525916e+18
d9c1120c-05d9-4559-9b36-0867c9eb36ef,1.7773443595592579e+18
d9c1120c-05d9-4559-9b36-0867c9eb36ef,1.7773443595926008e+18
d9c1120c-05d9-4559-9b36-0867c9eb36ef,1.777344359625944e+18
d9c1120c-05d9-4559-9b36-0867c9eb36ef,1.777344359659286e+18
d9c1120c-05d9-4559-9b36-0867c9eb36ef,1.777344359692629e+18
d9c1120c-05d9-4559-9b36-0867c9eb36ef,1.777344359725971e+18
d9c1120c-05d9-4559-9b36-0867c9eb36ef,1.777344359759314e+18
d9c1120c-05d9-4559-9b36-0867c9eb36ef,1.777344359792657e+18
d9c1120c-05d9-4559-9b36-0867c9eb36ef,1.7773443598259988e+18
d9c1120c-05d9-4559-9b36-0867c9eb36ef,1.7773443598593418e+18
d9c1120c-05d9-4559-9b36-0867c9eb36ef,1.777344359892685e+18
d9c1120c-05d9-4559-9b36-0867c9eb36ef,1.777344359926027e+18
d9c1120c-05d9-4559-9b36-0867c9eb36ef,1.77734435995937e+18
d9c1120c-05d9-4559-9b36-0867c9eb36ef,1.777344359992712e+18
d9c1120c-05d9-4559-9b36-0867c9eb36ef,1.777344360026055e+18
d9c1120c-05d9-4559-9b36-0867c9eb36ef,1.777344360059398e+18
d9c1120c-05d9-4559-9b36-0867c9eb36ef,1.7773443600927398e+18
d9c1120c-05d9-4559-9b36-0867c9eb36ef,1.777344360126083e+18
d9c1120c-05d9-4559-9b36-0867c9eb36ef,1.777344360159426e+18
d9c1120c-05d9-4559-9b36-0867c9eb36ef,1.777344360192768e+18
d9c1120c-05d9-4559-9b36-0867c9eb36ef,1.777344360226111e+18
d9c1120c-05d9-4559-9b36-0867c9eb36ef,1.777344360259453e+18
d9c1120c-05d9-4559-9b36-0867c9eb36ef,1.777344360292796e+18
d9c1120c-05d9-4559-9b36-0867c9eb36ef,1.777344360326139e+18
d9c1120c-05d9-4559-9b36-0867c9eb36ef,1.7773443603594808e+18
d9c1120c-05d9-4559-9b36-0867c9eb36ef,1.777344360392824e+18
d9c1120c-05d9-4559-9b36-0867c9eb36ef,1.777344360426167e+18
d9c1120c-05d9-4559-9b36-0867c9eb36ef,1.777344360459509e+18
d9c1120c-05d9-4559-9b36-0867c9eb36ef,1.777344360492852e+18
d9c1120c-05d9-4559-9b36-0867c9eb36ef,1.777344360526194e+18
d9c1120c-05d9-4559-9b36-0867c9eb36ef,1.777344360559537e+18
d9c1120c-05d9-4559-9b36-0867c9eb36ef,1.7773443605928799e+18
d9c1120c-05d9-4559-9b36-0867c9eb36ef,1.7773443606262218e+18
d9c1120c-05d9-4559-9b36-0867c9eb36ef,1.777344360659565e+18
d9c1120c-05d9-4559-9b36-0867c9eb36ef,1.777344360692908e+18
d9c1120c-05d9-4559-9b36-0867c9eb36ef,1.77734436072625e+18
d9c1120c-05d9-4559-9b36-0867c9eb36ef,1.777344360759593e+18
d9c1120c-05d9-4559-9b36-0867c9eb36ef,1.777344360792935e+18
d9c1120c-05d9-4559-9b36-0867c9eb36ef,1.777344360826278e+18
d9c1120c-05d9-4559-9b36-0867c9eb36ef,1.7773443608596209e+18
d9c1120c-05d9-4559-9b36-0867c9eb36ef,1.777344360892963e+18
d9c1120c-05d9-4559-9b36-0867c9eb36ef,1.777344360926306e+18
d9c1120c-05d9-4559-9b36-0867c9eb36ef,1.777344360959649e+18
d9c1120c-05d9-4559-9b36-0867c9eb36ef,1.777344360992991e+18
d9c1120c-05d9-4559-9b36-0867c9eb36ef,1.777344361026334e+18
d9c1120c-05d9-4559-9b36-0867c9eb36ef,1.777344361059676e+18
d9c1120c-05d9-4559-9b36-0867c9eb36ef,1.777344361093019e+18
d9c1120c-05d9-4559-9b36-0867c9eb36ef,1.7773443611263619e+18
d9c1120c-05d9-4559-9b36-0867c9eb36ef,1.777344361159704e+18
d9c1120c-05d9-4559-9b36-0867c9eb36ef,1.777344361193047e+18
d9c1120c-05d9-4559-9b36-0867c9eb36ef,1.77734436122639e+18
d9c1120c-05d9-4559-9b36-0867c9eb36ef,1.777344361259732e+18
d9c1120c-05d9-4559-9b36-0867c9eb36ef,1.777344361293075e+18
d9c1120c-05d9-4559-9b36-0867c9eb36ef,1.777344361326417e+18
d9c1120c-05d9-4559-9b36-0867c9eb36ef,1.77734436135976e+18
d9c1120c-05d9-4559-9b36-0867c9eb36ef,1.7773443613931028e+18
d9c1120c-05d9-4559-9b36-0867c9eb36ef,1.777344361426445e+18
d9c1120c-05d9-4559-9b36-0867c9eb36ef,1.777344361459788e+18
d9c1120c-05d9-4559-9b36-0867c9eb36ef,1.777344361493131e+18
d9c1120c-05d9-4559-9b36-0867c9eb36ef,1.777344361526473e+18
d9c1120c-05d9-4559-9b36-0867c9eb36ef,1.777344361559816e+18
d9c1120c-05d9-4559-9b36-0867c9eb36ef,1.777344361593158e+18
d9c1120c-05d9-4559-9b36-0867c9eb36ef,1.7773443616265009e+18
d9c1120c-05d9-4559-9b36-0867c9eb36ef,1.7773443616598438e+18
d9c1120c-05d9-4559-9b36-0867c9eb36ef,1.777344361693186e+18
d9c1120c-05d9-4559-9b36-0867c9eb36ef,1.777344361726529e+18
d9c1120c-05d9-4559-9b36-0867c9eb36ef,1.777344361759872e+18
d9c1120c-05d9-4559-9b36-0867c9eb36ef,1.777344361793214e+18
d9c1120c-05d9-4559-9b36-0867c9eb36ef,1.777344361826557e+18
d9c1120c-05d9-4559-9b36-0867c9eb36ef,1.777344361859899e+18
d9c1120c-05d9-4559-9b36-0867c9eb36ef,1.7773443618932419e+18
d9c1120c-05d9-4559-9b36-0867c9eb36ef,1.7773443619265848e+18
d9c1120c-05d9-4559-9b36-0867c9eb36ef,1.777344361959927e+18
d9c1120c-05d9-4559-9b36-0867c9eb36ef,1.77734436199327e+18
d9c1120c-05d9-4559-9b36-0867c9eb36ef,1.777344362026613e+18
d9c1120c-05d9-4559-9b36-0867c9eb36ef,1.777344362059955e+18
d9c1120c-05d9-4559-9b36-0867c9eb36ef,1.777344362093298e+18
d9c1120c-05d9-4559-9b36-0867c9eb36ef,1.7773443621266399e+18
d9c1120c-05d9-4559-9b36-0867c9eb36ef,1.7773443621599828e+18
d9c1120c-05d9-4559-9b36-0867c9eb36ef,1.7773443621933258e+18
d9c1120c-05d9-4559-9b36-0867c9eb36ef,1.777344362226668e+18
d9c1120c-05d9-4559-9b36-0867c9eb36ef,1.777344362260011e+18
d9c1120c-05d9-4559-9b36-0867c9eb36ef,1.777344362293354e+18
d9c1120c-05d9-4559-9b36-0867c9eb36ef,1.777344362326696e+18
d9c1120c-05d9-4559-9b36-0867c9eb36ef,1.777344362360039e+18
d9c1120c-05d9-4559-9b36-0867c9eb36ef,1.7773443623933809e+18
d9c1120c-05d9-4559-9b36-0867c9eb36ef,1.7773443624267238e+18
d9c1120c-05d9-4559-9b36-0867c9eb36ef,1.777344362460067e+18
d9c1120c-05d9-4559-9b36-0867c9eb36ef,1.777344362493409e+18
d9c1120c-05d9-4559-9b36-0867c9eb36ef,1.777344362526752e+18
d9c1120c-05d9-4559-9b36-0867c9eb36ef,1.777344362560095e+18
d9c1120c-05d9-4559-9b36-0867c9eb36ef,1.777344362593437e+18
d9c1120c-05d9-4559-9b36-0867c9eb36ef,1.77734436262678e+18
d9c1120c-05d9-4559-9b36-0867c9eb36ef,1.7773443626601219e+18
d9c1120c-05d9-4559-9b36-0867c9eb36ef,1.7773443626934648e+18
d9c1120c-05d9-4559-9b36-0867c9eb36ef,1.777344362726808e+18
d9c1120c-05d9-4559-9b36-0867c9eb36ef,1.77734436276015e+18
d9c1120c-05d9-4559-9b36-0867c9eb36ef,1.777344362793493e+18
d9c1120c-05d9-4559-9b36-0867c9eb36ef,1.777344362826836e+18
d9c1120c-05d9-4559-9b36-0867c9eb36ef,1.777344362860178e+18
d9c1120c-05d9-4559-9b36-0867c9eb36ef,1.777344362893521e+18
d9c1120c-05d9-4559-9b36-0867c9eb36ef,1.7773443629268628e+18
d9c1120c-05d9-4559-9b36-0867c9eb36ef,1.7773443629602058e+18
d9c1120c-05d9-4559-9b36-0867c9eb36ef,1.777344362993549e+18
d9c1120c-05d9-4559-9b36-0867c9eb36ef,1.777344363026891e+18
d9c1120c-05d9-4559-9b36-0867c9eb36ef,1.777344363060234e+18
d9c1120c-05d9-4559-9b36-0867c9eb36ef,1.777344363093577e+18
d9c1120c-05d9-4559-9b36-0867c9eb36ef,1.777344363126919e+18
d9c1120c-05d9-4559-9b36-0867c9eb36ef,1.777344363160262e+18
d9c1120c-05d9-4559-9b36-0867c9eb36ef,1.7773443631936038e+18
d9c1120c-05d9-4559-9b36-0867c9eb36ef,1.777344363226947e+18
d9c1120c-05d9-4559-9b36-0867c9eb36ef,1.77734436326029e+18
d9c1120c-05d9-4559-9b36-0867c9eb36ef,1.777344363293632e+18
d9c1120c-05d9-4559-9b36-0867c9eb36ef,1.777344363326975e+18
d9c1120c-05d9-4559-9b36-0867c9eb36ef,1.777344363360318e+18
d9c1120c-05d9-4559-9b36-0867c9eb36ef,1.77734436339366e+18
d9c1120c-05d9-4559-9b36-0867c9eb36ef,1.777344363427003e+18
d9c1120c-05d9-4559-9b36-0867c9eb36ef,1.7773443634603448e+18
d9c1120c-05d9-4559-9b36-0867c9eb36ef,1.777344363493688e+18
d9c1120c-05d9-4559-9b36-0867c9eb36ef,1.777344363527031e+18
d9c1120c-05d9-4559-9b36-0867c9eb36ef,1.777344363560373e+18
d9c1120c-05d9-4559-9b36-0867c9eb36ef,1.777344363593716e+18
d9c1120c-05d9-4559-9b36-0867c9eb36ef,1.777344363627059e+18
d9c1120c-05d9-4559-9b36-0867c9eb36ef,1.777344363660401e+18
d9c1120c-05d9-4559-9b36-0867c9eb36ef,1.7773443636937439e+18
d9c1120c-05d9-4559-9b36-0867c9eb36ef,1.7773443637270858e+18
d9c1120c-05d9-4559-9b36-0867c9eb36ef,1.777344363760429e+18
d9c1120c-05d9-4559-9b36-0867c9eb36ef,1.777344363793772e+18
d9c1120c-05d9-4559-9b36-0867c9eb36ef,1.777344363827114e+18
d9c1120c-05d9-4559-9b36-0867c9eb36ef,1.777344363860457e+18
d9c1120c-05d9-4559-9b36-0867c9eb36ef,1.7773443638938e+18
d9c1120c-05d9-4559-9b36-0867c9eb36ef,1.777344363927142e+18
d9c1120c-05d9-4559-9b36-0867c9eb36ef,1.7773443639604849e+18
d9c1120c-05d9-4559-9b36-0867c9eb36ef,1.777344363993827e+18
d9c1120c-05d9-4559-9b36-0867c9eb36ef,1.77734436402717e+18
d9c1120c-05d9-4559-9b36-0867c9eb36ef,1.777344364060513e+18
d9c1120c-05d9-4559-9b36-0867c9eb36ef,1.777344364093855e+18
d9c1120c-05d9-4559-9b36-0867c9eb36ef,1.777344364127198e+18
d9c1120c-05d9-4559-9b36-0867c9eb36ef,1.777344364160541e+18
d9c1120c-05d9-4559-9b36-0867c9eb36ef,1.777344364193883e+18
d9c1120c-05d9-4559-9b36-0867c9eb36ef,1.7773443642272259e+18
d9c1120c-05d9-4559-9b36-0867c9eb36ef,1.777344364260568e+18
d9c1120c-05d9-4559-9b36-0867c9eb36ef,1.777344364293911e+18
d9c1120c-05d9-4559-9b36-0867c9eb36ef,1.777344364327254e+18
d9c1120c-05d9-4559-9b36-0867c9eb36ef,1.777344364360596e+18
d9c1120c-05d9-4559-9b36-0867c9eb36ef,1.777344364393939e+18
d9c1120c-05d9-4559-9b36-0867c9eb36ef,1.777344364427282e+18
d9c1120c-05d9-4559-9b36-0867c9eb36ef,1.777344364460624e+18
d9c1120c-05d9-4559-9b36-0867c9eb36ef,1.7773443644939668e+18
d9c1120c-05d9-4559-9b36-0867c9eb36ef,1.777344364527309e+18
d9c1120c-05d9-4559-9b36-0867c9eb36ef,1.777344364560652e+18
d9c1120c-05d9-4559-9b36-0867c9eb36ef,1.777344364593995e+18
d9c1120c-05d9-4559-9b36-0867c9eb36ef,1.777344364627337e+18
d9c1120c-05d9-4559-9b36-0867c9eb36ef,1.77734436466068e+18
d9c1120c-05d9-4559-9b36-0867c9eb36ef,1.777344364694023e+18
d9c1120c-05d9-4559-9b36-0867c9eb36ef,1.7773443647273649e+18
d9c1120c-05d9-4559-9b36-0867c9eb36ef,1.7773443647607078e+18
d9c1120c-05d9-4559-9b36-0867c9eb36ef,1.77734436479405e+18
d9c1120c-05d9-4559-9b36-0867c9eb36ef,1.777344364827393e+18
d9c1120c-05d9-4559-9b36-0867c9eb36ef,1.777344364860736e+18
d9c1120c-05d9-4559-9b36-0867c9eb36ef,1.777344364894078e+18
d9c1120c-05d9-4559-9b36-0867c9eb36ef,1.777344364927421e+18
d9c1120c-05d9-4559-9b36-0867c9eb36ef,1.777344364960764e+18
d9c1120c-05d9-4559-9b36-0867c9eb36ef,1.7773443649941059e+18
d9c1120c-05d9-4559-9b36-0867c9eb36ef,1.7773443650274488e+18
d9c1120c-05d9-4559-9b36-0867c9eb36ef,1.777344365060791e+18
d9c1120c-05d9-4559-9b36-0867c9eb36ef,1.777344365094134e+18
d9c1120c-05d9-4559-9b36-0867c9eb36ef,1.777344365127477e+18
d9c1120c-05d9-4559-9b36-0867c9eb36ef,1.777344365160819e+18
d9c1120c-05d9-4559-9b36-0867c9eb36ef,1.777344365194162e+18
d9c1120c-05d9-4559-9b36-0867c9eb36ef,1.777344365227505e+18
d9c1120c-05d9-4559-9b36-0867c9eb36ef,1.7773443652608468e+18
d9c1120c-05d9-4559-9b36-0867c9eb36ef,1.7773443652941898e+18
d9c1120c-05d9-4559-9b36-0867c9eb36ef,1.777344365327532e+18
d9c1120c-05d9-4559-9b36-0867c9eb36ef,1.777344365360875e+18
d9c1120c-05d9-4559-9b36-0867c9eb36ef,1.777344365394218e+18
d9c1120c-05d9-4559-9b36-0867c9eb36ef,1.77734436542756e+18
d9c1120c-05d9-4559-9b36-0867c9eb36ef,1.777344365460903e+18
d9c1120c-05d9-4559-9b36-0867c9eb36ef,1.777344365494246e+18
d9c1120c-05d9-4559-9b36-0867c9eb36ef,1.7773443655275878e+18
d9c1120c-05d9-4559-9b36-0867c9eb36ef,1.777344365560931e+18
d9c1120c-05d9-4559-9b36-0867c9eb36ef,1.777344365594273e+18
d9c1120c-05d9-4559-9b36-0867c9eb36ef,1.777344365627616e+18
d9c1120c-05d9-4559-9b36-0867c9eb36ef,1.777344365660959e+18
d9c1120c-05d9-4559-9b36-0867c9eb36ef,1.777344365694301e+18
d9c1120c-05d9-4559-9b36-0867c9eb36ef,1.777344365727644e+18
d9c1120c-05d9-4559-9b36-0867c9eb36ef,1.777344365760987e+18
d9c1120c-05d9-4559-9b36-0867c9eb36ef,1.7773443657943288e+18
d9c1120c-05d9-4559-9b36-0867c9eb36ef,1.777344365827672e+18
d9c1120c-05d9-4559-9b36-0867c9eb36ef,1.777344365861014e+18
d9c1120c-05d9-4559-9b36-0867c9eb36ef,1.777344365894357e+18
d9c1120c-05d9-4559-9b36-0867c9eb36ef,1.7773443659277e+18
d9c1120c-05d9-4559-9b36-0867c9eb36ef,1.777344365961042e+18
d9c1120c-05d9-4559-9b36-0867c9eb36ef,1.777344365994385e+18
d9c1120c-05d9-4559-9b36-0867c9eb36ef,1.777344366027728e+18
d9c1120c-05d9-4559-9b36-0867c9eb36ef,1.7773443660610698e+18
d9c1120c-05d9-4559-9b36-0867c9eb36ef,1.777344366094413e+18
d9c1120c-05d9-4559-9b36-0867c9eb36ef,1.777344366127755e+18
d9c1120c-05d9-4559-9b36-0867c9eb36ef,1.777344366161098e+18
d9c1120c-05d9-4559-9b36-0867c9eb36ef,1.777344366194441e+18
d9c1120c-05d9-4559-9b36-0867c9eb36ef,1.777344366227783e+18
d9c1120c-05d9-4559-9b36-0867c9eb36ef,1.777344366261126e+18
d9c1120c-05d9-4559-9b36-0867c9eb36ef,1.7773443662944678e+18
d9c1120c-05d9-4559-9b36-0867c9eb36ef,1.777344366327811e+18
d9c1120c-05d9-4559-9b36-0867c9eb36ef,1.777344366361154e+18
d9c1120c-05d9-4559-9b36-0867c9eb36ef,1.777344366394496e+18
d9c1120c-05d9-4559-9b36-0867c9eb36ef,1.777344366427839e+18
d9c1120c-05d9-4559-9b36-0867c9eb36ef,1.777344366461182e+18
d9c1120c-05d9-4559-9b36-0867c9eb36ef,1.777344366494524e+18
d9c1120c-05d9-4559-9b36-0867c9eb36ef,1.777344366527867e+18
d9c1120c-05d9-4559-9b36-0867c9eb36ef,1.7773443665612088e+18
d9c1120c-05d9-4559-9b36-0867c9eb36ef,1.777344366594552e+18
d9c1120c-05d9-4559-9b36-0867c9eb36ef,1.777344366627895e+18
d9c1120c-05d9-4559-9b36-0867c9eb36ef,1.777344366661237e+18
d9c1120c-05d9-4559-9b36-0867c9eb36ef,1.77734436669458e+18
d9c1120c-05d9-4559-9b36-0867c9eb36ef,1.777344366727923e+18
d9c1120c-05d9-4559-9b36-0867c9eb36ef,1.777344366761265e+18
d9c1120c-05d9-4559-9b36-0867c9eb36ef,1.7773443667946079e+18
d9c1120c-05d9-4559-9b36-0867c9eb36ef,1.7773443668279498e+18
d9c1120c-05d9-4559-9b36-0867c9eb36ef,1.777344366861293e+18
d9c1120c-05d9-4559-9b36-0867c9eb36ef,1.777344366894636e+18
d9c1120c-05d9-4559-9b36-0867c9eb36ef,1.777344366927978e+18
d9c1120c-05d9-4559-9b36-0867c9eb36ef,1.777344366961321e+18
d9c1120c-05d9-4559-9b36-0867c9eb36ef,1.777344366994664e+18
d9c1120c-05d9-4559-9b36-0867c9eb36ef,1.777344367028006e+18
d9c1120c-05d9-4559-9b36-0867c9eb36ef,1.7773443670613489e+18
d9c1120c-05d9-4559-9b36-0867c9eb36ef,1.777344367094691e+18
d9c1120c-05d9-4559-9b36-0867c9eb36ef,1.777344367128034e+18
d9c1120c-05d9-4559-9b36-0867c9eb36ef,1.777344367161377e+18
d9c1120c-05d9-4559-9b36-0867c9eb36ef,1.777344367194719e+18
d9c1120c-05d9-4559-9b36-0867c9eb36ef,1.777344367228062e+18
d9c1120c-05d9-4559-9b36-0867c9eb36ef,1.777344367261405e+18
d9c1120c-05d9-4559-9b36-0867c9eb36ef,1.777344367294747e+18
d9c1120c-05d9-4559-9b36-0867c9eb36ef,1.7773443673280899e+18
d9c1120c-05d9-4559-9b36-0867c9eb36ef,1.777344367361432e+18
d9c1120c-05d9-4559-9b36-0867c9eb36ef,1.777344367394775e+18
d9c1120c-05d9-4559-9b36-0867c9eb36ef,1.777344367428118e+18
d9c1120c-05d9-4559-9b36-0867c9eb36ef,1.77734436746146e+18
d9c1120c-05d9-4559-9b36-0867c9eb36ef,1.777344367494803e+18
d9c1120c-05d9-4559-9b36-0867c9eb36ef,1.777344367528146e+18
d9c1120c-05d9-4559-9b36-0867c9eb36ef,1.777344367561488e+18
d9c1120c-05d9-4559-9b36-0867c9eb36ef,1.7773443675948308e+18
d9c1120c-05d9-4559-9b36-0867c9eb36ef,1.777344367628173e+18
d9c1120c-05d9-4559-9b36-0867c9eb36ef,1.777344367661516e+18
d9c1120c-05d9-4559-9b36-0867c9eb36ef,1.777344367694859e+18
d9c1120c-05d9-4559-9b36-0867c9eb36ef,1.777344367728201e+18
d9c1120c-05d9-4559-9b36-0867c9eb36ef,1.777344367761544e+18
d9c1120c-05d9-4559-9b36-0867c9eb36ef,1.777344367794887e+18
d9c1120c-05d9-4559-9b36-0867c9eb36ef,1.7773443678282289e+18
d9c1120c-05d9-4559-9b36-0867c9eb36ef,1.7773443678615718e+18
d9c1120c-05d9-4559-9b36-0867c9eb36ef,1.777344367894914e+18
d9c1120c-05d9-4559-9b36-0867c9eb36ef,1.777344367928257e+18
d9c1120c-05d9-4559-9b36-0867c9eb36ef,1.7773443679616e+18
d9c1120c-05d9-4559-9b36-0867c9eb36ef,1.777344367994942e+18
d9c1120c-05d9-4559-9b36-0867c9eb36ef,1.777344368028285e+18
d9c1120c-05d9-4559-9b36-0867c9eb36ef,1.777344368061628e+18
d9c1120c-05d9-4559-9b36-0867c9eb36ef,1.7773443680949699e+18
d9c1120c-05d9-4559-9b36-0867c9eb36ef,1.7773443681283128e+18
d9c1120c-05d9-4559-9b36-0867c9eb36ef,1.777344368161655e+18
d9c1120c-05d9-4559-9b36-0867c9eb36ef,1.777344368194998e+18
d9c1120c-05d9-4559-9b36-0867c9eb36ef,1.777344368228341e+18
d9c1120c-05d9-4559-9b36-0867c9eb36ef,1.777344368261683e+18
d9c1120c-05d9-4559-9b36-0867c9eb36ef,1.777344368295026e+18
d9c1120c-05d9-4559-9b36-0867c9eb36ef,1.7773443683283679e+18
d9c1120c-05d9-4559-9b36-0867c9eb36ef,1.7773443683617108e+18
d9c1120c-05d9-4559-9b36-0867c9eb36ef,1.7773443683950538e+18
d9c1120c-05d9-4559-9b36-0867c9eb36ef,1.777344368428396e+18
d9c1120c-05d9-4559-9b36-0867c9eb36ef,1.777344368461739e+18
d9c1120c-05d9-4559-9b36-0867c9eb36ef,1.777344368495082e+18
d9c1120c-05d9-4559-9b36-0867c9eb36ef,1.777344368528424e+18
d9c1120c-05d9-4559-9b36-0867c9eb36ef,1.777344368561767e+18
d9c1120c-05d9-4559-9b36-0867c9eb36ef,1.77734436859511e+18
d9c1120c-05d9-4559-9b36-0867c9eb36ef,1.7773443686284518e+18
d9c1120c-05d9-4559-9b36-0867c9eb36ef,1.777344368661795e+18
d9c1120c-05d9-4559-9b36-0867c9eb36ef,1.777344368695137e+18
d9c1120c-05d9-4559-9b36-0867c9eb36ef,1.77734436872848e+18
d9c1120c-05d9-4559-9b36-0867c9eb36ef,1.777344368761823e+18
d9c1120c-05d9-4559-9b36-0867c9eb36ef,1.777344368795165e+18
d9c1120c-05d9-4559-9b36-0867c9eb36ef,1.777344368828508e+18
d9c1120c-05d9-4559-9b36-0867c9eb36ef,1.7773443688618499e+18
d9c1120c-05d9-4559-9b36-0867c9eb36ef,1.7773443688951928e+18
d9c1120c-05d9-4559-9b36-0867c9eb36ef,1.777344368928536e+18
d9c1120c-05d9-4559-9b36-0867c9eb36ef,1.777344368961878e+18
d9c1120c-05d9-4559-9b36-0867c9eb36ef,1.777344368995221e+18
d9c1120c-05d9-4559-9b36-0867c9eb36ef,1.777344369028564e+18
d9c1120c-05d9-4559-9b36-0867c9eb36ef,1.777344369061906e+18
d9c1120c-05d9-4559-9b36-0867c9eb36ef,1.777344369095249e+18
d9c1120c-05d9-4559-9b36-0867c9eb36ef,1.7773443691285908e+18
d9c1120c-05d9-4559-9b36-0867c9eb36ef,1.7773443691619338e+18
d9c1120c-05d9-4559-9b36-0867c9eb36ef,1.777344369195277e+18
d9c1120c-05d9-4559-9b36-0867c9eb36ef,1.777344369228619e+18
d9c1120c-05d9-4559-9b36-0867c9eb36ef,1.777344369261962e+18
d9c1120c-05d9-4559-9b36-0867c9eb36ef,1.777344369295305e+18
d9c1120c-05d9-4559-9b36-0867c9eb36ef,1.777344369328647e+18
d9c1120c-05d9-4559-9b36-0867c9eb36ef,1.77734436936199e+18
d9c1120c-05d9-4559-9b36-0867c9eb36ef,1.7773443693953329e+18
d9c1120c-05d9-4559-9b36-0867c9eb36ef,1.777344369428675e+18
d9c1120c-05d9-4559-9b36-0867c9eb36ef,1.777344369462018e+18
d9c1120c-05d9-4559-9b36-0867c9eb36ef,1.77734436949536e+18
d9c1120c-05d9-4559-9b36-0867c9eb36ef,1.777344369528703e+18
d9c1120c-05d9-4559-9b36-0867c9eb36ef,1.777344369562046e+18
d9c1120c-05d9-4559-9b36-0867c9eb36ef,1.777344369595388e+18
d9c1120c-05d9-4559-9b36-0867c9eb36ef,1.777344369628731e+18
d9c1120c-05d9-4559-9b36-0867c9eb36ef,1.7773443696620728e+18
d9c1120c-05d9-4559-9b36-0867c9eb36ef,1.777344369695416e+18
d9c1120c-05d9-4559-9b36-0867c9eb36ef,1.777344369728759e+18
d9c1120c-05d9-4559-9b36-0867c9eb36ef,1.777344369762101e+18
d9c1120c-05d9-4559-9b36-0867c9eb36ef,1.777344369795444e+18
d9c1120c-05d9-4559-9b36-0867c9eb36ef,1.777344369828787e+18
d9c1120c-05d9-4559-9b36-0867c9eb36ef,1.777344369862129e+18
d9c1120c-05d9-4559-9b36-0867c9eb36ef,1.7773443698954719e+18
d9c1120c-05d9-4559-9b36-0867c9eb36ef,1.7773443699288148e+18
d9c1120c-05d9-4559-9b36-0867c9eb36ef,1.777344369962157e+18
d9c1120c-05d9-4559-9b36-0867c9eb36ef,1.7773443699955e+18
d9c1120c-05d9-4559-9b36-0867c9eb36ef,1.777344370028842e+18
d9c1120c-05d9-4559-9b36-0867c9eb36ef,1.777344370062185e+18
d9c1120c-05d9-4559-9b36-0867c9eb36ef,1.777344370095528e+18
d9c1120c-05d9-4559-9b36-0867c9eb36ef,1.77734437012887e+18
d9c1120c-05d9-4559-9b36-0867c9eb36ef,1.7773443701622129e+18
d9c1120c-05d9-4559-9b36-0867c9eb36ef,1.777344370195555e+18
d9c1120c-05d9-4559-9b36-0867c9eb36ef,1.777344370228898e+18
d9c1120c-05d9-4559-9b36-0867c9eb36ef,1.777344370262241e+18
d9c1120c-05d9-4559-9b36-0867c9eb36ef,1.777344370295583e+18
d9c1120c-05d9-4559-9b36-0867c9eb36ef,1.777344370328926e+18
d9c1120c-05d9-4559-9b36-0867c9eb36ef,1.777344370362269e+18
d9c1120c-05d9-4559-9b36-0867c9eb36ef,1.777344370395611e+18
d9c1120c-05d9-4559-9b36-0867c9eb36ef,1.7773443704289539e+18
d9c1120c-05d9-4559-9b36-0867c9eb36ef,1.777344370462296e+18
d9c1120c-05d9-4559-9b36-0867c9eb36ef,1.777344370495639e+18
d9c1120c-05d9-4559-9b36-0867c9eb36ef,1.777344370528982e+18
d9c1120c-05d9-4559-9b36-0867c9eb36ef,1.777344370562324e+18
d9c1120c-05d9-4559-9b36-0867c9eb36ef,1.777344370595667e+18
d9c1120c-05d9-4559-9b36-0867c9eb36ef,1.77734437062901e+18
d9c1120c-05d9-4559-9b36-0867c9eb36ef,1.777344370662352e+18
d9c1120c-05d9-4559-9b36-0867c9eb36ef,1.7773443706956948e+18
d9c1120c-05d9-4559-9b36-0867c9eb36ef,1.7773443707290378e+18
d9c1120c-05d9-4559-9b36-0867c9eb36ef,1.77734437076238e+18
d9c1120c-05d9-4559-9b36-0867c9eb36ef,1.777344370795723e+18
d9c1120c-05d9-4559-9b36-0867c9eb36ef,1.777344370829065e+18
d9c1120c-05d9-4559-9b36-0867c9eb36ef,1.777344370862408e+18
d9c1120c-05d9-4559-9b36-0867c9eb36ef,1.777344370895751e+18
d9c1120c-05d9-4559-9b36-0867c9eb36ef,1.7773443709290929e+18
d9c1120c-05d9-4559-9b36-0867c9eb36ef,1.7773443709624358e+18
d9c1120c-05d9-4559-9b36-0867c9eb36ef,1.777344370995778e+18
d9c1120c-05d9-4559-9b36-0867c9eb36ef,1.777344371029121e+18
d9c1120c-05d9-4559-9b36-0867c9eb36ef,1.777344371062464e+18
d9c1120c-05d9-4559-9b36-0867c9eb36ef,1.777344371095806e+18
d9c1120c-05d9-4559-9b36-0867c9eb36ef,1.777344371129149e+18
d9c1120c-05d9-4559-9b36-0867c9eb36ef,1.777344371162492e+18
d9c1120c-05d9-4559-9b36-0867c9eb36ef,1.7773443711958339e+18
d9c1120c-05d9-4559-9b36-0867c9eb36ef,1.7773443712291768e+18
d9c1120c-05d9-4559-9b36-0867c9eb36ef,1.77734437126252e+18
d9c1120c-05d9-4559-9b36-0867c9eb36ef,1.777344371295862e+18
d9c1120c-05d9-4559-9b36-0867c9eb36ef,1.777344371329205e+18
d9c1120c-05d9-4559-9b36-0867c9eb36ef,1.777344371362547e+18
d9c1120c-05d9-4559-9b36-0867c9eb36ef,1.77734437139589e+18
d9c1120c-05d9-4559-9b36-0867c9eb36ef,1.777344371429233e+18
d9c1120c-05d9-4559-9b36-0867c9eb36ef,1.7773443714625748e+18
d9c1120c-05d9-4559-9b36-0867c9eb36ef,1.7773443714959178e+18
d9c1120c-05d9-4559-9b36-0867c9eb36ef,1.77734437152926e+18
d9c1120c-05d9-4559-9b36-0867c9eb36ef,1.777344371562603e+18
d9c1120c-05d9-4559-9b36-0867c9eb36ef,1.777344371595946e+18
d9c1120c-05d9-4559-9b36-0867c9eb36ef,1.777344371629288e+18
d9c1120c-05d9-4559-9b36-0867c9eb36ef,1.777344371662631e+18
d9c1120c-05d9-4559-9b36-0867c9eb36ef,1.777344371695974e+18
d9c1120c-05d9-4559-9b36-0867c9eb36ef,1.7773443717293158e+18
d9c1120c-05d9-4559-9b36-0867c9eb36ef,1.777344371762659e+18
d9c1120c-05d9-4559-9b36-0867c9eb36ef,1.777344371796001e+18
d9c1120c-05d9-4559-9b36-0867c9eb36ef,1.777344371829344e+18
d9c1120c-05d9-4559-9b36-0867c9eb36ef,1.777344371862687e+18
d9c1120c-05d9-4559-9b36-0867c9eb36ef,1.777344371896029e+18
d9c1120c-05d9-4559-9b36-0867c9eb36ef,1.777344371929372e+18
d9c1120c-05d9-4559-9b36-0867c9eb36ef,1.777344371962715e+18
d9c1120c-05d9-4559-9b36-0867c9eb36ef,1.7773443719960568e+18
d9c1120c-05d9-4559-9b36-0867c9eb36ef,1.7773443720294e+18
d9c1120c-05d9-4559-9b36-0867c9eb36ef,1.777344372062742e+18
d9c1120c-05d9-4559-9b36-0867c9eb36ef,1.777344372096085e+18
d9c1120c-05d9-4559-9b36-0867c9eb36ef,1.777344372129428e+18
d9c1120c-05d9-4559-9b36-0867c9eb36ef,1.77734437216277e+18
d9c1120c-05d9-4559-9b36-0867c9eb36ef,1.777344372196113e+18
d9c1120c-05d9-4559-9b36-0867c9eb36ef,1.777344372229456e+18
d9c1120c-05d9-4559-9b36-0867c9eb36ef,1.7773443722627978e+18
d9c1120c-05d9-4559-9b36-0867c9eb36ef,1.777344372296141e+18
d9c1120c-05d9-4559-9b36-0867c9eb36ef,1.777344372329483e+18
d9c1120c-05d9-4559-9b36-0867c9eb36ef,1.777344372362826e+18
d9c1120c-05d9-4559-9b36-0867c9eb36ef,1.777344372396169e+18
d9c1120c-05d9-4559-9b36-0867c9eb36ef,1.777344372429511e+18
d9c1120c-05d9-4559-9b36-0867c9eb36ef,1.777344372462854e+18
d9c1120c-05d9-4559-9b36-0867c9eb36ef,1.7773443724961969e+18
d9c1120c-05d9-4559-9b36-0867c9eb36ef,1.777344372529539e+18
d9c1120c-05d9-4559-9b36-0867c9eb36ef,1.777344372562882e+18
d9c1120c-05d9-4559-9b36-0867c9eb36ef,1.777344372596224e+18
d9c1120c-05d9-4559-9b36-0867c9eb36ef,1.777344372629567e+18
d9c1120c-05d9-4559-9b36-0867c9eb36ef,1.77734437266291e+18
d9c1120c-05d9-4559-9b36-0867c9eb36ef,1.777344372696252e+18
d9c1120c-05d9-4559-9b36-0867c9eb36ef,1.777344372729595e+18
d9c1120c-05d9-4559-9b36-0867c9eb36ef,1.7773443727629379e+18
d9c1120c-05d9-4559-9b36-0867c9eb36ef,1.77734437279628e+18
d9c1120c-05d9-4559-9b36-0867c9eb36ef,1.777344372829623e+18
d9c1120c-05d9-4559-9b36-0867c9eb36ef,1.777344372862965e+18
d9c1120c-05d9-4559-9b36-0867c9eb36ef,1.777344372896308e+18
d9c1120c-05d9-4559-9b36-0867c9eb36ef,1.777344372929651e+18
d9c1120c-05d9-4559-9b36-0867c9eb36ef,1.777344372962993e+18
d9c1120c-05d9-4559-9b36-0867c9eb36ef,1.7773443729963359e+18
d9c1120c-05d9-4559-9b36-0867c9eb36ef,1.7773443730296788e+18
d9c1120c-05d9-4559-9b36-0867c9eb36ef,1.777344373063021e+18
d9c1120c-05d9-4559-9b36-0867c9eb36ef,1.777344373096364e+18
d9c1120c-05d9-4559-9b36-0867c9eb36ef,1.777344373129706e+18
d9c1120c-05d9-4559-9b36-0867c9eb36ef,1.777344373163049e+18
d9c1120c-05d9-4559-9b36-0867c9eb36ef,1.777344373196392e+18
d9c1120c-05d9-4559-9b36-0867c9eb36ef,1.777344373229734e+18
d9c1120c-05d9-4559-9b36-0867c9eb36ef,1.7773443732630769e+18
d9c1120c-05d9-4559-9b36-0867c9eb36ef,1.7773443732964198e+18
d9c1120c-05d9-4559-9b36-0867c9eb36ef,1.777344373329762e+18
d9c1120c-05d9-4559-9b36-0867c9eb36ef,1.777344373363105e+18
d9c1120c-05d9-4559-9b36-0867c9eb36ef,1.777344373396447e+18
d9c1120c-05d9-4559-9b36-0867c9eb36ef,1.77734437342979e+18
d9c1120c-05d9-4559-9b36-0867c9eb36ef,1.777344373463133e+18
d9c1120c-05d9-4559-9b36-0867c9eb36ef,1.777344373496475e+18
d9c1120c-05d9-4559-9b36-0867c9eb36ef,1.7773443735298179e+18
d9c1120c-05d9-4559-9b36-0867c9eb36ef,1.7773443735631608e+18
d9c1120c-05d9-4559-9b36-0867c9eb36ef,1.777344373596503e+18
d9c1120c-05d9-4559-9b36-0867c9eb36ef,1.777344373629846e+18
d9c1120c-05d9-4559-9b36-0867c9eb36ef,1.777344373663188e+18
d9c1120c-05d9-4559-9b36-0867c9eb36ef,1.777344373696531e+18
d9c1120c-05d9-4559-9b36-0867c9eb36ef,1.777344373729874e+18
d9c1120c-05d9-4559-9b36-0867c9eb36ef,1.777344373763216e+18
d9c1120c-05d9-4559-9b36-0867c9eb36ef,1.7773443737965588e+18
d9c1120c-05d9-4559-9b36-0867c9eb36ef,1.7773443738299018e+18
d9c1120c-05d9-4559-9b36-0867c9eb36ef,1.777344373863244e+18
d9c1120c-05d9-4559-9b36-0867c9eb36ef,1.777344373896587e+18
d9c1120c-05d9-4559-9b36-0867c9eb36ef,1.777344373929929e+18
d9c1120c-05d9-4559-9b36-0867c9eb36ef,1.777344373963272e+18
d9c1120c-05d9-4559-9b36-0867c9eb36ef,1.777344373996615e+18
d9c1120c-05d9-4559-9b36-0867c9eb36ef,1.7773443740299569e+18
d9c1120c-05d9-4559-9b36-0867c9eb36ef,1.7773443740632998e+18
d9c1120c-05d9-4559-9b36-0867c9eb36ef,1.777344374096643e+18
d9c1120c-05d9-4559-9b36-0867c9eb36ef,1.777344374129985e+18
d9c1120c-05d9-4559-9b36-0867c9eb36ef,1.777344374163328e+18
d9c1120c-05d9-4559-9b36-0867c9eb36ef,1.77734437419667e+18
d9c1120c-05d9-4559-9b36-0867c9eb36ef,1.777344374230013e+18
d9c1120c-05d9-4559-9b36-0867c9eb36ef,1.777344374263356e+18
d9c1120c-05d9-4559-9b36-0867c9eb36ef,1.7773443742966979e+18
d9c1120c-05d9-4559-9b36-0867c9eb36ef,1.7773443743300408e+18
d9c1120c-05d9-4559-9b36-0867c9eb36ef,1.777344374363384e+18
d9c1120c-05d9-4559-9b36-0867c9eb36ef,1.777344374396726e+18
d9c1120c-05d9-4559-9b36-0867c9eb36ef,1.777344374430069e+18
d9c1120c-05d9-4559-9b36-0867c9eb36ef,1.777344374463411e+18
d9c1120c-05d9-4559-9b36-0867c9eb36ef,1.777344374496754e+18
d9c1120c-05d9-4559-9b36-0867c9eb36ef,1.777344374530097e+18
d9c1120c-05d9-4559-9b36-0867c9eb36ef,1.7773443745634388e+18
d9c1120c-05d9-4559-9b36-0867c9eb36ef,1.7773443745967818e+18
d9c1120c-05d9-4559-9b36-0867c9eb36ef,1.777344374630125e+18
d9c1120c-05d9-4559-9b36-0867c9eb36ef,1.777344374663467e+18
d9c1120c-05d9-4559-9b36-0867c9eb36ef,1.77734437469681e+18
d9c1120c-05d9-4559-9b36-0867c9eb36ef,1.777344374730152e+18
d9c1120c-05d9-4559-9b36-0867c9eb36ef,1.777344374763495e+18
d9c1120c-05d9-4559-9b36-0867c9eb36ef,1.777344374796838e+18
d9c1120c-05d9-4559-9b36-0867c9eb36ef,1.7773443748301798e+18
d9c1120c-05d9-4559-9b36-0867c9eb36ef,1.777344374863523e+18
d9c1120c-05d9-4559-9b36-0867c9eb36ef,1.777344374896866e+18
d9c1120c-05d9-4559-9b36-0867c9eb36ef,1.777344374930208e+18
d9c1120c-05d9-4559-9b36-0867c9eb36ef,1.777344374963551e+18
d9c1120c-05d9-4559-9b36-0867c9eb36ef,1.777344374996893e+18
d9c1120c-05d9-4559-9b36-0867c9eb36ef,1.777344375030236e+18
d9c1120c-05d9-4559-9b36-0867c9eb36ef,1.777344375063579e+18
d9c1120c-05d9-4559-9b36-0867c9eb36ef,1.7773443750969208e+18
d9c1120c-05d9-4559-9b36-0867c9eb36ef,1.777344375130264e+18
d9c1120c-05d9-4559-9b36-0867c9eb36ef,1.777344375163607e+18
d9c1120c-05d9-4559-9b36-0867c9eb36ef,1.777344375196949e+18
d9c1120c-05d9-4559-9b36-0867c9eb36ef,1.777344375230292e+18
d9c1120c-05d9-4559-9b36-0867c9eb36ef,1.777344375263634e+18
d9c1120c-05d9-4559-9b36-0867c9eb36ef,1.777344375296977e+18
d9c1120c-05d9-4559-9b36-0867c9eb36ef,1.77734437533032e+18
d9c1120c-05d9-4559-9b36-0867c9eb36ef,1.7773443753636618e+18
d9c1120c-05d9-4559-9b36-0867c9eb36ef,1.777344375397005e+18
d9c1120c-05d9-4559-9b36-0867c9eb36ef,1.777344375430348e+18
d9c1120c-05d9-4559-9b36-0867c9eb36ef,1.77734437546369e+18
d9c1120c-05d9-4559-9b36-0867c9eb36ef,1.777344375497033e+18
d9c1120c-05d9-4559-9b36-0867c9eb36ef,1.777344375530375e+18
d9c1120c-05d9-4559-9b36-0867c9eb36ef,1.777344375563718e+18
d9c1120c-05d9-4559-9b36-0867c9eb36ef,1.7773443755970609e+18
d9c1120c-05d9-4559-9b36-0867c9eb36ef,1.777344375630403e+18
d9c1120c-05d9-4559-9b36-0867c9eb36ef,1.777344375663746e+18
d9c1120c-05d9-4559-9b36-0867c9eb36ef,1.777344375697089e+18
d9c1120c-05d9-4559-9b36-0867c9eb36ef,1.777344375730431e+18
d9c1120c-05d9-4559-9b36-0867c9eb36ef,1.777344375763774e+18
d9c1120c-05d9-4559-9b36-0867c9eb36ef,1.777344375797116e+18
d9c1120c-05d9-4559-9b36-0867c9eb36ef,1.777344375830459e+18
d9c1120c-05d9-4559-9b36-0867c9eb36ef,1.7773443758638019e+18
d9c1120c-05d9-4559-9b36-0867c9eb36ef,1.777344375897144e+18
d9c1120c-05d9-4559-9b36-0867c9eb36ef,1.777344375930487e+18
d9c1120c-05d9-4559-9b36-0867c9eb36ef,1.77734437596383e+18
d9c1120c-05d9-4559-9b36-0867c9eb36ef,1.777344375997172e+18
d9c1120c-05d9-4559-9b36-0867c9eb36ef,1.777344376030515e+18
d9c1120c-05d9-4559-9b36-0867c9eb36ef,1.777344376063857e+18
d9c1120c-05d9-4559-9b36-0867c9eb36ef,1.7773443760971999e+18
d9c1120c-05d9-4559-9b36-0867c9eb36ef,1.7773443761305428e+18
d9c1120c-05d9-4559-9b36-0867c9eb36ef,1.777344376163885e+18
d9c1120c-05d9-4559-9b36-0867c9eb36ef,1.777344376197228e+18
d9c1120c-05d9-4559-9b36-0867c9eb36ef,1.777344376230571e+18
d9c1120c-05d9-4559-9b36-0867c9eb36ef,1.777344376263913e+18
d9c1120c-05d9-4559-9b36-0867c9eb36ef,1.777344376297256e+18
d9c1120c-05d9-4559-9b36-0867c9eb36ef,1.777344376330598e+18
d9c1120c-05d9-4559-9b36-0867c9eb36ef,1.7773443763639409e+18
d9c1120c-05d9-4559-9b36-0867c9eb36ef,1.7773443763972838e+18
d9c1120c-05d9-4559-9b36-0867c9eb36ef,1.777344376430626e+18
d9c1120c-05d9-4559-9b36-0867c9eb36ef,1.777344376463969e+18
d9c1120c-05d9-4559-9b36-0867c9eb36ef,1.777344376497312e+18
d9c1120c-05d9-4559-9b36-0867c9eb36ef,1.777344376530654e+18
d9c1120c-05d9-4559-9b36-0867c9eb36ef,1.777344376563997e+18
d9c1120c-05d9-4559-9b36-0867c9eb36ef,1.777344376597339e+18
d9c1120c-05d9-4559-9b36-0867c9eb36ef,1.7773443766306819e+18
d9c1120c-05d9-4559-9b36-0867c9eb36ef,1.7773443766640248e+18
d9c1120c-05d9-4559-9b36-0867c9eb36ef,1.777344376697367e+18
d9c1120c-05d9-4559-9b36-0867c9eb36ef,1.77734437673071e+18
d9c1120c-05d9-4559-9b36-0867c9eb36ef,1.777344376764053e+18
d9c1120c-05d9-4559-9b36-0867c9eb36ef,1.777344376797395e+18
d9c1120c-05d9-4559-9b36-0867c9eb36ef,1.777344376830738e+18
d9c1120c-05d9-4559-9b36-0867c9eb36ef,1.77734437686408e+18
d9c1120c-05d9-4559-9b36-0867c9eb36ef,1.7773443768974228e+18
d9c1120c-05d9-4559-9b36-0867c9eb36ef,1.7773443769307658e+18
d9c1120c-05d9-4559-9b36-0867c9eb36ef,1.777344376964108e+18
d9c1120c-05d9-4559-9b36-0867c9eb36ef,1.777344376997451e+18
d9c1120c-05d9-4559-9b36-0867c9eb36ef,1.777344377030794e+18
d9c1120c-05d9-4559-9b36-0867c9eb36ef,1.777344377064136e+18
d9c1120c-05d9-4559-9b36-0867c9eb36ef,1.777344377097479e+18
d9c1120c-05d9-4559-9b36-0867c9eb36ef,1.7773443771308209e+18
d9c1120c-05d9-4559-9b36-0867c9eb36ef,1.7773443771641638e+18
d9c1120c-05d9-4559-9b36-0867c9eb36ef,1.777344377197507e+18
d9c1120c-05d9-4559-9b36-0867c9eb36ef,1.777344377230849e+18
d9c1120c-05d9-4559-9b36-0867c9eb36ef,1.777344377264192e+18
d9c1120c-05d9-4559-9b36-0867c9eb36ef,1.777344377297534e+18
d9c1120c-05d9-4559-9b36-0867c9eb36ef,1.777344377330877e+18
d9c1120c-05d9-4559-9b36-0867c9eb36ef,1.77734437736422e+18
d9c1120c-05d9-4559-9b36-0867c9eb36ef,1.7773443773975619e+18
d9c1120c-05d9-4559-9b36-0867c9eb36ef,1.7773443774309048e+18
d9c1120c-05d9-4559-9b36-0867c9eb36ef,1.777344377464248e+18
d9c1120c-05d9-4559-9b36-0867c9eb36ef,1.77734437749759e+18
d9c1120c-05d9-4559-9b36-0867c9eb36ef,1.777344377530933e+18
d9c1120c-05d9-4559-9b36-0867c9eb36ef,1.777344377564275e+18
d9c1120c-05d9-4559-9b36-0867c9eb36ef,1.777344377597618e+18
d9c1120c-05d9-4559-9b36-0867c9eb36ef,1.777344377630961e+18
d9c1120c-05d9-4559-9b36-0867c9eb36ef,1.7773443776643028e+18
d9c1120c-05d9-4559-9b36-0867c9eb36ef,1.7773443776976458e+18
d9c1120c-05d9-4559-9b36-0867c9eb36ef,1.777344377730989e+18
d9c1120c-05d9-4559-9b36-0867c9eb36ef,1.777344377764331e+18
d9c1120c-05d9-4559-9b36-0867c9eb36ef,1.777344377797674e+18
d9c1120c-05d9-4559-9b36-0867c9eb36ef,1.777344377831016e+18
d9c1120c-05d9-4559-9b36-0867c9eb36ef,1.777344377864359e+18
d9c1120c-05d9-4559-9b36-0867c9eb36ef,1.777344377897702e+18
d9c1120c-05d9-4559-9b36-0867c9eb36ef,1.7773443779310438e+18
d9c1120c-05d9-4559-9b36-0867c9eb36ef,1.777344377964387e+18
d9c1120c-05d9-4559-9b36-0867c9eb36ef,1.77734437799773e+18
d9c1120c-05d9-4559-9b36-0867c9eb36ef,1.777344378031072e+18
d9c1120c-05d9-4559-9b36-0867c9eb36ef,1.777344378064415e+18
d9c1120c-05d9-4559-9b36-0867c9eb36ef,1.777344378097757e+18
d9c1120c-05d9-4559-9b36-0867c9eb36ef,1.7773443781311e+18
d9c1120c-05d9-4559-9b36-0867c9eb36ef,1.777344378164443e+18
d9c1120c-05d9-4559-9b36-0867c9eb36ef,1.7773443781977848e+18
d9c1120c-05d9-4559-9b36-0867c9eb36ef,1.777344378231128e+18
d9c1120c-05d9-4559-9b36-0867c9eb36ef,1.777344378264471e+18
d9c1120c-05d9-4559-9b36-0867c9eb36ef,1.777344378297813e+18
d9c1120c-05d9-4559-9b36-0867c9eb36ef,1.777344378331156e+18
d9c1120c-05d9-4559-9b36-0867c9eb36ef,1.777344378364498e+18
d9c1120c-05d9-4559-9b36-0867c9eb36ef,1.777344378397841e+18
d9c1120c-05d9-4559-9b36-0867c9eb36ef,1.777344378431184e+18
d9c1120c-05d9-4559-9b36-0867c9eb36ef,1.7773443784645258e+18
d9c1120c-05d9-4559-9b36-0867c9eb36ef,1.777344378497869e+18
d9c1120c-05d9-4559-9b36-0867c9eb36ef,1.777344378531212e+18
d9c1120c-05d9-4559-9b36-0867c9eb36ef,1.777344378564554e+18
d9c1120c-05d9-4559-9b36-0867c9eb36ef,1.777344378597897e+18
d9c1120c-05d9-4559-9b36-0867c9eb36ef,1.777344378631239e+18
d9c1120c-05d9-4559-9b36-0867c9eb36ef,1.777344378664582e+18
d9c1120c-05d9-4559-9b36-0867c9eb36ef,1.7773443786979249e+18
d9c1120c-05d9-4559-9b36-0867c9eb36ef,1.777344378731267e+18
d9c1120c-05d9-4559-9b36-0867c9eb36ef,1.77734437876461e+18
d9c1120c-05d9-4559-9b36-0867c9eb36ef,1.777344378797953e+18
d9c1120c-05d9-4559-9b36-0867c9eb36ef,1.777344378831295e+18
d9c1120c-05d9-4559-9b36-0867c9eb36ef,1.777344378864638e+18
d9c1120c-05d9-4559-9b36-0867c9eb36ef,1.77734437889798e+18
d9c1120c-05d9-4559-9b36-0867c9eb36ef,1.777344378931323e+18
d9c1120c-05d9-4559-9b36-0867c9eb36ef,1.7773443789646659e+18
d9c1120c-05d9-4559-9b36-0867c9eb36ef,1.777344378998008e+18
d9c1120c-05d9-4559-9b36-0867c9eb36ef,1.777344379031351e+18
d9c1120c-05d9-4559-9b36-0867c9eb36ef,1.777344379064694e+18
d9c1120c-05d9-4559-9b36-0867c9eb36ef,1.777344379098036e+18
d9c1120c-05d9-4559-9b36-0867c9eb36ef,1.777344379131379e+18
d9c1120c-05d9-4559-9b36-0867c9eb36ef,1.777344379164721e+18
d9c1120c-05d9-4559-9b36-0867c9eb36ef,1.7773443791980639e+18
d9c1120c-05d9-4559-9b36-0867c9eb36ef,1.7773443792314068e+18
d9c1120c-05d9-4559-9b36-0867c9eb36ef,1.777344379264749e+18
d9c1120c-05d9-4559-9b36-0867c9eb36ef,1.777344379298092e+18
d9c1120c-05d9-4559-9b36-0867c9eb36ef,1.777344379331435e+18
d9c1120c-05d9-4559-9b36-0867c9eb36ef,1.777344379364777e+18
d9c1120c-05d9-4559-9b36-0867c9eb36ef,1.77734437939812e+18
d9c1120c-05d9-4559-9b36-0867c9eb36ef,1.777344379431462e+18
d9c1120c-05d9-4559-9b36-0867c9eb36ef,1.7773443794648049e+18
d9c1120c-05d9-4559-9b36-0867c9eb36ef,1.7773443794981478e+18
d9c1120c-05d9-4559-9b36-0867c9eb36ef,1.77734437953149e+18
d9c1120c-05d9-4559-9b36-0867c9eb36ef,1.777344379564833e+18
d9c1120c-05d9-4559-9b36-0867c9eb36ef,1.777344379598176e+18
d9c1120c-05d9-4559-9b36-0867c9eb36ef,1.777344379631518e+18
d9c1120c-05d9-4559-9b36-0867c9eb36ef,1.777344379664861e+18
d9c1120c-05d9-4559-9b36-0867c9eb36ef,1.777344379698203e+18
d9c1120c-05d9-4559-9b36-0867c9eb36ef,1.7773443797315459e+18
d9c1120c-05d9-4559-9b36-0867c9eb36ef,1.7773443797648888e+18
d9c1120c-05d9-4559-9b36-0867c9eb36ef,1.777344379798231e+18
d9c1120c-05d9-4559-9b36-0867c9eb36ef,1.777344379831574e+18
d9c1120c-05d9-4559-9b36-0867c9eb36ef,1.777344379864917e+18
d9c1120c-05d9-4559-9b36-0867c9eb36ef,1.777344379898259e+18
d9c1120c-05d9-4559-9b36-0867c9eb36ef,1.777344379931602e+18
d9c1120c-05d9-4559-9b36-0867c9eb36ef,1.777344379964944e+18
d9c1120c-05d9-4559-9b36-0867c9eb36ef,1.7773443799982868e+18
d9c1120c-05d9-4559-9b36-0867c9eb36ef,1.7773443800316298e+18
d9c1120c-05d9-4559-9b36-0867c9eb36ef,1.777344380064972e+18
d9c1120c-05d9-4559-9b36-0867c9eb36ef,1.777344380098315e+18
d9c1120c-05d9-4559-9b36-0867c9eb36ef,1.777344380131658e+18
d9c1120c-05d9-4559-9b36-0867c9eb36ef,1.777344380165e+18
d9c1120c-05d9-4559-9b36-0867c9eb36ef,1.777344380198343e+18
d9c1120c-05d9-4559-9b36-0867c9eb36ef,1.7773443802316849e+18
d9c1120c-05d9-4559-9b36-0867c9eb36ef,1.7773443802650278e+18
d9c1120c-05d9-4559-9b36-0867c9eb36ef,1.777344380298371e+18
d9c1120c-05d9-4559-9b36-0867c9eb36ef,1.777344380331713e+18
d9c1120c-05d9-4559-9b36-0867c9eb36ef,1.777344380365056e+18
d9c1120c-05d9-4559-9b36-0867c9eb36ef,1.777344380398399e+18
d9c1120c-05d9-4559-9b36-0867c9eb36ef,1.777344380431741e+18
d9c1120c-05d9-4559-9b36-0867c9eb36ef,1.777344380465084e+18
d9c1120c-05d9-4559-9b36-0867c9eb36ef,1.7773443804984259e+18
d9c1120c-05d9-4559-9b36-0867c9eb36ef,1.7773443805317688e+18
d9c1120c-05d9-4559-9b36-0867c9eb36ef,1.777344380565112e+18
d9c1120c-05d9-4559-9b36-0867c9eb36ef,1.777344380598454e+18
d9c1120c-05d9-4559-9b36-0867c9eb36ef,1.777344380631797e+18
d9c1120c-05d9-4559-9b36-0867c9eb36ef,1.77734438066514e+18
d9c1120c-05d9-4559-9b36-0867c9eb36ef,1.777344380698482e+18
d9c1120c-05d9-4559-9b36-0867c9eb36ef,1.777344380731825e+18
d9c1120c-05d9-4559-9b36-0867c9eb36ef,1.7773443807651668e+18
d9c1120c-05d9-4559-9b36-0867c9eb36ef,1.7773443807985098e+18
d9c1120c-05d9-4559-9b36-0867c9eb36ef,1.777344380831853e+18
d9c1120c-05d9-4559-9b36-0867c9eb36ef,1.777344380865195e+18
d9c1120c-05d9-4559-9b36-0867c9eb36ef,1.777344380898538e+18
d9c1120c-05d9-4559-9b36-0867c9eb36ef,1.777344380931881e+18
d9c1120c-05d9-4559-9b36-0867c9eb36ef,1.777344380965223e+18
d9c1120c-05d9-4559-9b36-0867c9eb36ef,1.777344380998566e+18
d9c1120c-05d9-4559-9b36-0867c9eb36ef,1.7773443810319078e+18
d9c1120c-05d9-4559-9b36-0867c9eb36ef,1.777344381065251e+18
d9c1120c-05d9-4559-9b36-0867c9eb36ef,1.777344381098594e+18
d9c1120c-05d9-4559-9b36-0867c9eb36ef,1.777344381131936e+18
d9c1120c-05d9-4559-9b36-0867c9eb36ef,1.777344381165279e+18
d9c1120c-05d9-4559-9b36-0867c9eb36ef,1.777344381198622e+18
d9c1120c-05d9-4559-9b36-0867c9eb36ef,1.777344381231964e+18
d9c1120c-05d9-4559-9b36-0867c9eb36ef,1.777344381265307e+18
d9c1120c-05d9-4559-9b36-0867c9eb36ef,1.7773443812986488e+18
d9c1120c-05d9-4559-9b36-0867c9eb36ef,1.777344381331992e+18
d9c1120c-05d9-4559-9b36-0867c9eb36ef,1.777344381365335e+18
d9c1120c-05d9-4559-9b36-0867c9eb36ef,1.777344381398677e+18
d9c1120c-05d9-4559-9b36-0867c9eb36ef,1.77734438143202e+18
d9c1120c-05d9-4559-9b36-0867c9eb36ef,1.777344381465363e+18
d9c1120c-05d9-4559-9b36-0867c9eb36ef,1.777344381498705e+18
d9c1120c-05d9-4559-9b36-0867c9eb36ef,1.777344381532048e+18
d9c1120c-05d9-4559-9b36-0867c9eb36ef,1.7773443815653898e+18
d9c1120c-05d9-4559-9b36-0867c9eb36ef,1.777344381598733e+18
d9c1120c-05d9-4559-9b36-0867c9eb36ef,1.777344381632076e+18
d9c1120c-05d9-4559-9b36-0867c9eb36ef,1.777344381665418e+18
d9c1120c-05d9-4559-9b36-0867c9eb36ef,1.777344381698761e+18
d9c1120c-05d9-4559-9b36-0867c9eb36ef,1.777344381732104e+18
d9c1120c-05d9-4559-9b36-0867c9eb36ef,1.777344381765446e+18
d9c1120c-05d9-4559-9b36-0867c9eb36ef,1.7773443817987889e+18
d9c1120c-05d9-4559-9b36-0867c9eb36ef,1.777344381832131e+18
d9c1120c-05d9-4559-9b36-0867c9eb36ef,1.777344381865474e+18
d9c1120c-05d9-4559-9b36-0867c9eb36ef,1.777344381898817e+18
d9c1120c-05d9-4559-9b36-0867c9eb36ef,1.777344381932159e+18
d9c1120c-05d9-4559-9b36-0867c9eb36ef,1.777344381965502e+18
d9c1120c-05d9-4559-9b36-0867c9eb36ef,1.777344381998845e+18
d9c1120c-05d9-4559-9b36-0867c9eb36ef,1.777344382032187e+18
d9c1120c-05d9-4559-9b36-0867c9eb36ef,1.7773443820655299e+18
d9c1120c-05d9-4559-9b36-0867c9eb36ef,1.777344382098872e+18
d9c1120c-05d9-4559-9b36-0867c9eb36ef,1.777344382132215e+18
d9c1120c-05d9-4559-9b36-0867c9eb36ef,1.777344382165558e+18
d9c1120c-05d9-4559-9b36-0867c9eb36ef,1.7773443821989e+18
d9c1120c-05d9-4559-9b36-0867c9eb36ef,1.777344382232243e+18
d9c1120c-05d9-4559-9b36-0867c9eb36ef,1.777344382265586e+18
d9c1120c-05d9-4559-9b36-0867c9eb36ef,1.7773443822989279e+18
d9c1120c-05d9-4559-9b36-0867c9eb36ef,1.7773443823322708e+18
d9c1120c-05d9-4559-9b36-0867c9eb36ef,1.777344382365613e+18
d9c1120c-05d9-4559-9b36-0867c9eb36ef,1.777344382398956e+18
d9c1120c-05d9-4559-9b36-0867c9eb36ef,1.777344382432299e+18
d9c1120c-05d9-4559-9b36-0867c9eb36ef,1.777344382465641e+18
d9c1120c-05d9-4559-9b36-0867c9eb36ef,1.777344382498984e+18
d9c1120c-05d9-4559-9b36-0867c9eb36ef,1.777344382532327e+18
d9c1120c-05d9-4559-9b36-0867c9eb36ef,1.7773443825656689e+18
d9c1120c-05d9-4559-9b36-0867c9eb36ef,1.7773443825990118e+18
d9c1120c-05d9-4559-9b36-0867c9eb36ef,1.777344382632354e+18
d9c1120c-05d9-4559-9b36-0867c9eb36ef,1.777344382665697e+18
d9c1120c-05d9-4559-9b36-0867c9eb36ef,1.77734438269904e+18
d9c1120c-05d9-4559-9b36-0867c9eb36ef,1.777344382732382e+18
d9c1120c-05d9-4559-9b36-0867c9eb36ef,1.777344382765725e+18
d9c1120c-05d9-4559-9b36-0867c9eb36ef,1.777344382799067e+18
d9c1120c-05d9-4559-9b36-0867c9eb36ef,1.7773443828324099e+18
d9c1120c-05d9-4559-9b36-0867c9eb36ef,1.7773443828657528e+18
d9c1120c-05d9-4559-9b36-0867c9eb36ef,1.777344382899095e+18
d9c1120c-05d9-4559-9b36-0867c9eb36ef,1.777344382932438e+18
d9c1120c-05d9-4559-9b36-0867c9eb36ef,1.777344382965781e+18
d9c1120c-05d9-4559-9b36-0867c9eb36ef,1.777344382999123e+18
d9c1120c-05d9-4559-9b36-0867c9eb36ef,1.777344383032466e+18
d9c1120c-05d9-4559-9b36-0867c9eb36ef,1.777344383065808e+18
d9c1120c-05d9-4559-9b36-0867c9eb36ef,1.7773443830991508e+18
d9c1120c-05d9-4559-9b36-0867c9eb36ef,1.7773443831324938e+18
d9c1120c-05d9-4559-9b36-0867c9eb36ef,1.777344383165836e+18
d9c1120c-05d9-4559-9b36-0867c9eb36ef,1.777344383199179e+18
d9c1120c-05d9-4559-9b36-0867c9eb36ef,1.777344383232522e+18
d9c1120c-05d9-4559-9b36-0867c9eb36ef,1.777344383265864e+18
d9c1120c-05d9-4559-9b36-0867c9eb36ef,1.777344383299207e+18
d9c1120c-05d9-4559-9b36-0867c9eb36ef,1.7773443833325489e+18
d9c1120c-05d9-4559-9b36-0867c9eb36ef,1.7773443833658918e+18
d9c1120c-05d9-4559-9b36-0867c9eb36ef,1.777344383399235e+18
d9c1120c-05d9-4559-9b36-0867c9eb36ef,1.777344383432577e+18
d9c1120c-05d9-4559-9b36-0867c9eb36ef,1.77734438346592e+18
d9c1120c-05d9-4559-9b36-0867c9eb36ef,1.777344383499263e+18
d9c1120c-05d9-4559-9b36-0867c9eb36ef,1.777344383532605e+18
d9c1120c-05d9-4559-9b36-0867c9eb36ef,1.777344383565948e+18
d9c1120c-05d9-4559-9b36-0867c9eb36ef,1.7773443835992899e+18
d9c1120c-05d9-4559-9b36-0867c9eb36ef,1.7773443836326328e+18
d9c1120c-05d9-4559-9b36-0867c9eb36ef,1.777344383665976e+18
d9c1120c-05d9-4559-9b36-0867c9eb36ef,1.777344383699318e+18
d9c1120c-05d9-4559-9b36-0867c9eb36ef,1.777344383732661e+18
d9c1120c-05d9-4559-9b36-0867c9eb36ef,1.777344383766004e+18
d9c1120c-05d9-4559-9b36-0867c9eb36ef,1.777344383799346e+18
d9c1120c-05d9-4559-9b36-0867c9eb36ef,1.777344383832689e+18
d9c1120c-05d9-4559-9b36-0867c9eb36ef,1.7773443838660308e+18
d9c1120c-05d9-4559-9b36-0867c9eb36ef,1.7773443838993738e+18
d9c1120c-05d9-4559-9b36-0867c9eb36ef,1.777344383932717e+18
d9c1120c-05d9-4559-9b36-0867c9eb36ef,1.777344383966059e+18
d9c1120c-05d9-4559-9b36-0867c9eb36ef,1.777344383999402e+18
d9c1120c-05d9-4559-9b36-0867c9eb36ef,1.777344384032745e+18
d9c1120c-05d9-4559-9b36-0867c9eb36ef,1.777344384066087e+18
d9c1120c-05d9-4559-9b36-0867c9eb36ef,1.77734438409943e+18
d9c1120c-05d9-4559-9b36-0867c9eb36ef,1.7773443841327718e+18
d9c1120c-05d9-4559-9b36-0867c9eb36ef,1.777344384166115e+18
d9c1120c-05d9-4559-9b36-0867c9eb36ef,1.777344384199458e+18
d9c1120c-05d9-4559-9b36-0867c9eb36ef,1.7773443842328e+18
d9c1120c-05d9-4559-9b36-0867c9eb36ef,1.777344384266143e+18
d9c1120c-05d9-4559-9b36-0867c9eb36ef,1.777344384299486e+18
d9c1120c-05d9-4559-9b36-0867c9eb36ef,1.777344384332828e+18
d9c1120c-05d9-4559-9b36-0867c9eb36ef,1.777344384366171e+18
d9c1120c-05d9-4559-9b36-0867c9eb36ef,1.7773443843995128e+18
d9c1120c-05d9-4559-9b36-0867c9eb36ef,1.777344384432856e+18
d9c1120c-05d9-4559-9b36-0867c9eb36ef,1.777344384466199e+18
d9c1120c-05d9-4559-9b36-0867c9eb36ef,1.777344384499541e+18
d9c1120c-05d9-4559-9b36-0867c9eb36ef,1.777344384532884e+18
d9c1120c-05d9-4559-9b36-0867c9eb36ef,1.777344384566227e+18
d9c1120c-05d9-4559-9b36-0867c9eb36ef,1.777344384599569e+18
d9c1120c-05d9-4559-9b36-0867c9eb36ef,1.777344384632912e+18
d9c1120c-05d9-4559-9b36-0867c9eb36ef,1.7773443846662538e+18
d9c1120c-05d9-4559-9b36-0867c9eb36ef,1.777344384699597e+18
d9c1120c-05d9-4559-9b36-0867c9eb36ef,1.77734438473294e+18
d9c1120c-05d9-4559-9b36-0867c9eb36ef,1.777344384766282e+18
d9c1120c-05d9-4559-9b36-0867c9eb36ef,1.777344384799625e+18
d9c1120c-05d9-4559-9b36-0867c9eb36ef,1.777344384832968e+18
d9c1120c-05d9-4559-9b36-0867c9eb36ef,1.77734438486631e+18
d9c1120c-05d9-4559-9b36-0867c9eb36ef,1.7773443848996529e+18
d9c1120c-05d9-4559-9b36-0867c9eb36ef,1.777344384932995e+18
d9c1120c-05d9-4559-9b36-0867c9eb36ef,1.777344384966338e+18
d9c1120c-05d9-4559-9b36-0867c9eb36ef,1.777344384999681e+18
d9c1120c-05d9-4559-9b36-0867c9eb36ef,1.777344385033023e+18
d9c1120c-05d9-4559-9b36-0867c9eb36ef,1.777344385066366e+18
d9c1120c-05d9-4559-9b36-0867c9eb36ef,1.777344385099709e+18
d9c1120c-05d9-4559-9b36-0867c9eb36ef,1.777344385133051e+18
d9c1120c-05d9-4559-9b36-0867c9eb36ef,1.7773443851663939e+18
d9c1120c-05d9-4559-9b36-0867c9eb36ef,1.777344385199736e+18
d9c1120c-05d9-4559-9b36-0867c9eb36ef,1.777344385233079e+18
d9c1120c-05d9-4559-9b36-0867c9eb36ef,1.777344385266422e+18
d9c1120c-05d9-4559-9b36-0867c9eb36ef,1.777344385299764e+18
d9c1120c-05d9-4559-9b36-0867c9eb36ef,1.777344385333107e+18
d9c1120c-05d9-4559-9b36-0867c9eb36ef,1.77734438536645e+18
d9c1120c-05d9-4559-9b36-0867c9eb36ef,1.7773443853997919e+18
d9c1120c-05d9-4559-9b36-0867c9eb36ef,1.7773443854331348e+18
d9c1120c-05d9-4559-9b36-0867c9eb36ef,1.777344385466477e+18
d9c1120c-05d9-4559-9b36-0867c9eb36ef,1.77734438549982e+18
d9c1120c-05d9-4559-9b36-0867c9eb36ef,1.777344385533163e+18
d9c1120c-05d9-4559-9b36-0867c9eb36ef,1.777344385566505e+18
d9c1120c-05d9-4559-9b36-0867c9eb36ef,1.777344385599848e+18
d9c1120c-05d9-4559-9b36-0867c9eb36ef,1.777344385633191e+18
d9c1120c-05d9-4559-9b36-0867c9eb36ef,1.7773443856665329e+18
d9c1120c-05d9-4559-9b36-0867c9eb36ef,1.7773443856998758e+18
d9c1120c-05d9-4559-9b36-0867c9eb36ef,1.777344385733218e+18
d9c1120c-05d9-4559-9b36-0867c9eb36ef,1.777344385766561e+18
d9c1120c-05d9-4559-9b36-0867c9eb36ef,1.777344385799904e+18
d9c1120c-05d9-4559-9b36-0867c9eb36ef,1.777344385833246e+18
d9c1120c-05d9-4559-9b36-0867c9eb36ef,1.777344385866589e+18
d9c1120c-05d9-4559-9b36-0867c9eb36ef,1.777344385899932e+18
d9c1120c-05d9-4559-9b36-0867c9eb36ef,1.7773443859332739e+18
d9c1120c-05d9-4559-9b36-0867c9eb36ef,1.7773443859666168e+18
d9c1120c-05d9-4559-9b36-0867c9eb36ef,1.777344385999959e+18
d9c1120c-05d9-4559-9b36-0867c9eb36ef,1.777344386033302e+18
d9c1120c-05d9-4559-9b36-0867c9eb36ef,1.777344386066645e+18
d9c1120c-05d9-4559-9b36-0867c9eb36ef,1.777344386099987e+18
d9c1120c-05d9-4559-9b36-0867c9eb36ef,1.77734438613333e+18
d9c1120c-05d9-4559-9b36-0867c9eb36ef,1.777344386166673e+18
d9c1120c-05d9-4559-9b36-0867c9eb36ef,1.7773443862000148e+18
d9c1120c-05d9-4559-9b36-0867c9eb36ef,1.7773443862333578e+18
d9c1120c-05d9-4559-9b36-0867c9eb36ef,1.7773443862667e+18
d9c1120c-05d9-4559-9b36-0867c9eb36ef,1.777344386300043e+18
d9c1120c-05d9-4559-9b36-0867c9eb36ef,1.777344386333386e+18
d9c1120c-05d9-4559-9b36-0867c9eb36ef,1.777344386366728e+18
d9c1120c-05d9-4559-9b36-0867c9eb36ef,1.777344386400071e+18
d9c1120c-05d9-4559-9b36-0867c9eb36ef,1.777344386433414e+18
d9c1120c-05d9-4559-9b36-0867c9eb36ef,1.7773443864667558e+18
d9c1120c-05d9-4559-9b36-0867c9eb36ef,1.777344386500099e+18
d9c1120c-05d9-4559-9b36-0867c9eb36ef,1.777344386533441e+18
d9c1120c-05d9-4559-9b36-0867c9eb36ef,1.777344386566784e+18
d9c1120c-05d9-4559-9b36-0867c9eb36ef,1.777344386600127e+18
d9c1120c-05d9-4559-9b36-0867c9eb36ef,1.777344386633469e+18
d9c1120c-05d9-4559-9b36-0867c9eb36ef,1.777344386666812e+18
d9c1120c-05d9-4559-9b36-0867c9eb36ef,1.777344386700155e+18
d9c1120c-05d9-4559-9b36-0867c9eb36ef,1.7773443867334968e+18
d9c1120c-05d9-4559-9b36-0867c9eb36ef,1.77734438676684e+18
d9c1120c-05d9-4559-9b36-0867c9eb36ef,1.777344386800182e+18
d9c1120c-05d9-4559-9b36-0867c9eb36ef,1.777344386833525e+18
d9c1120c-05d9-4559-9b36-0867c9eb36ef,1.777344386866868e+18
d9c1120c-05d9-4559-9b36-0867c9eb36ef,1.77734438690021e+18
d9c1120c-05d9-4559-9b36-0867c9eb36ef,1.777344386933553e+18
d9c1120c-05d9-4559-9b36-0867c9eb36ef,1.7773443869668959e+18
d9c1120c-05d9-4559-9b36-0867c9eb36ef,1.7773443870002378e+18
d9c1120c-05d9-4559-9b36-0867c9eb36ef,1.777344387033581e+18
d9c1120c-05d9-4559-9b36-0867c9eb36ef,1.777344387066923e+18
d9c1120c-05d9-4559-9b36-0867c9eb36ef,1.777344387100266e+18
d9c1120c-05d9-4559-9b36-0867c9eb36ef,1.777344387133609e+18
d9c1120c-05d9-4559-9b36-0867c9eb36ef,1.777344387166951e+18
d9c1120c-05d9-4559-9b36-0867c9eb36ef,1.777344387200294e+18
d9c1120c-05d9-4559-9b36-0867c9eb36ef,1.7773443872336369e+18
d9c1120c-05d9-4559-9b36-0867c9eb36ef,1.777344387266979e+18
d9c1120c-05d9-4559-9b36-0867c9eb36ef,1.777344387300322e+18
d9c1120c-05d9-4559-9b36-0867c9eb36ef,1.777344387333664e+18
d9c1120c-05d9-4559-9b36-0867c9eb36ef,1.777344387367007e+18
d9c1120c-05d9-4559-9b36-0867c9eb36ef,1.77734438740035e+18
d9c1120c-05d9-4559-9b36-0867c9eb36ef,1.777344387433692e+18
d9c1120c-05d9-4559-9b36-0867c9eb36ef,1.777344387467035e+18
d9c1120c-05d9-4559-9b36-0867c9eb36ef,1.7773443875003779e+18
d9c1120c-05d9-4559-9b36-0867c9eb36ef,1.77734438753372e+18
d9c1120c-05d9-4559-9b36-0867c9eb36ef,1.777344387567063e+18
d9c1120c-05d9-4559-9b36-0867c9eb36ef,1.777344387600405e+18
d9c1120c-05d9-4559-9b36-0867c9eb36ef,1.777344387633748e+18
d9c1120c-05d9-4559-9b36-0867c9eb36ef,1.777344387667091e+18
d9c1120c-05d9-4559-9b36-0867c9eb36ef,1.777344387700433e+18
d9c1120c-05d9-4559-9b36-0867c9eb36ef,1.777344387733776e+18
d9c1120c-05d9-4559-9b36-0867c9eb36ef,1.7773443877671188e+18
d9c1120c-05d9-4559-9b36-0867c9eb36ef,1.777344387800461e+18
d9c1120c-05d9-4559-9b36-0867c9eb36ef,1.777344387833804e+18
d9c1120c-05d9-4559-9b36-0867c9eb36ef,1.777344387867146e+18
d9c1120c-05d9-4559-9b36-0867c9eb36ef,1.777344387900489e+18
d9c1120c-05d9-4559-9b36-0867c9eb36ef,1.777344387933832e+18
d9c1120c-05d9-4559-9b36-0867c9eb36ef,1.777344387967174e+18
d9c1120c-05d9-4559-9b36-0867c9eb36ef,1.7773443880005169e+18
d9c1120c-05d9-4559-9b36-0867c9eb36ef,1.7773443880338598e+18
d9c1120c-05d9-4559-9b36-0867c9eb36ef,1.777344388067202e+18
d9c1120c-05d9-4559-9b36-0867c9eb36ef,1.777344388100545e+18
d9c1120c-05d9-4559-9b36-0867c9eb36ef,1.777344388133887e+18
d9c1120c-05d9-4559-9b36-0867c9eb36ef,1.77734438816723e+18
d9c1120c-05d9-4559-9b36-0867c9eb36ef,1.777344388200573e+18
d9c1120c-05d9-4559-9b36-0867c9eb36ef,1.777344388233915e+18
d9c1120c-05d9-4559-9b36-0867c9eb36ef,1.7773443882672579e+18
d9c1120c-05d9-4559-9b36-0867c9eb36ef,1.7773443883006008e+18
d9c1120c-05d9-4559-9b36-0867c9eb36ef,1.777344388333943e+18
d9c1120c-05d9-4559-9b36-0867c9eb36ef,1.777344388367286e+18
d9c1120c-05d9-4559-9b36-0867c9eb36ef,1.777344388400628e+18
d9c1120c-05d9-4559-9b36-0867c9eb36ef,1.777344388433971e+18
d9c1120c-05d9-4559-9b36-0867c9eb36ef,1.777344388467314e+18
d9c1120c-05d9-4559-9b36-0867c9eb36ef,1.7773443885006559e+18
d9c1120c-05d9-4559-9b36-0867c9eb36ef,1.7773443885339988e+18
d9c1120c-05d9-4559-9b36-0867c9eb36ef,1.7773443885673418e+18
d9c1120c-05d9-4559-9b36-0867c9eb36ef,1.777344388600684e+18
d9c1120c-05d9-4559-9b36-0867c9eb36ef,1.777344388634027e+18
d9c1120c-05d9-4559-9b36-0867c9eb36ef,1.777344388667369e+18
d9c1120c-05d9-4559-9b36-0867c9eb36ef,1.777344388700712e+18
d9c1120c-05d9-4559-9b36-0867c9eb36ef,1.777344388734055e+18
d9c1120c-05d9-4559-9b36-0867c9eb36ef,1.7773443887673969e+18
d9c1120c-05d9-4559-9b36-0867c9eb36ef,1.7773443888007398e+18
d9c1120c-05d9-4559-9b36-0867c9eb36ef,1.777344388834083e+18
d9c1120c-05d9-4559-9b36-0867c9eb36ef,1.777344388867425e+18
d9c1120c-05d9-4559-9b36-0867c9eb36ef,1.777344388900768e+18
d9c1120c-05d9-4559-9b36-0867c9eb36ef,1.77734438893411e+18
d9c1120c-05d9-4559-9b36-0867c9eb36ef,1.777344388967453e+18
d9c1120c-05d9-4559-9b36-0867c9eb36ef,1.777344389000796e+18
d9c1120c-05d9-4559-9b36-0867c9eb36ef,1.7773443890341379e+18
d9c1120c-05d9-4559-9b36-0867c9eb36ef,1.7773443890674808e+18
d9c1120c-05d9-4559-9b36-0867c9eb36ef,1.777344389100824e+18
d9c1120c-05d9-4559-9b36-0867c9eb36ef,1.777344389134166e+18
d9c1120c-05d9-4559-9b36-0867c9eb36ef,1.777344389167509e+18
d9c1120c-05d9-4559-9b36-0867c9eb36ef,1.777344389200851e+18
d9c1120c-05d9-4559-9b36-0867c9eb36ef,1.777344389234194e+18
d9c1120c-05d9-4559-9b36-0867c9eb36ef,1.777344389267537e+18
d9c1120c-05d9-4559-9b36-0867c9eb36ef,1.7773443893008788e+18
d9c1120c-05d9-4559-9b36-0867c9eb36ef,1.7773443893342218e+18
d9c1120c-05d9-4559-9b36-0867c9eb36ef,1.777344389367565e+18
d9c1120c-05d9-4559-9b36-0867c9eb36ef,1.777344389400907e+18
d9c1120c-05d9-4559-9b36-0867c9eb36ef,1.77734438943425e+18
d9c1120c-05d9-4559-9b36-0867c9eb36ef,1.777344389467592e+18
d9c1120c-05d9-4559-9b36-0867c9eb36ef,1.777344389500935e+18
d9c1120c-05d9-4559-9b36-0867c9eb36ef,1.777344389534278e+18
d9c1120c-05d9-4559-9b36-0867c9eb36ef,1.7773443895676198e+18
d9c1120c-05d9-4559-9b36-0867c9eb36ef,1.777344389600963e+18
d9c1120c-05d9-4559-9b36-0867c9eb36ef,1.777344389634306e+18
d9c1120c-05d9-4559-9b36-0867c9eb36ef,1.777344389667648e+18
d9c1120c-05d9-4559-9b36-0867c9eb36ef,1.777344389700991e+18
d9c1120c-05d9-4559-9b36-0867c9eb36ef,1.777344389734333e+18
d9c1120c-05d9-4559-9b36-0867c9eb36ef,1.777344389767676e+18
d9c1120c-05d9-4559-9b36-0867c9eb36ef,1.777344389801019e+18
d9c1120c-05d9-4559-9b36-0867c9eb36ef,1.7773443898343608e+18
d9c1120c-05d9-4559-9b36-0867c9eb36ef,1.777344389867704e+18
d9c1120c-05d9-4559-9b36-0867c9eb36ef,1.777344389901047e+18
d9c1120c-05d9-4559-9b36-0867c9eb36ef,1.777344389934389e+18
d9c1120c-05d9-4559-9b36-0867c9eb36ef,1.777344389967732e+18
d9c1120c-05d9-4559-9b36-0867c9eb36ef,1.777344390001074e+18
d9c1120c-05d9-4559-9b36-0867c9eb36ef,1.777344390034417e+18
d9c1120c-05d9-4559-9b36-0867c9eb36ef,1.7773443900677599e+18
d9c1120c-05d9-4559-9b36-0867c9eb36ef,1.7773443901011018e+18
d9c1120c-05d9-4559-9b36-0867c9eb36ef,1.777344390134445e+18
d9c1120c-05d9-4559-9b36-0867c9eb36ef,1.777344390167788e+18
d9c1120c-05d9-4559-9b36-0867c9eb36ef,1.77734439020113e+18
d9c1120c-05d9-4559-9b36-0867c9eb36ef,1.777344390234473e+18
d9c1120c-05d9-4559-9b36-0867c9eb36ef,1.777344390267815e+18
d9c1120c-05d9-4559-9b36-0867c9eb36ef,1.777344390301158e+18
d9c1120c-05d9-4559-9b36-0867c9eb36ef,1.7773443903345009e+18
d9c1120c-05d9-4559-9b36-0867c9eb36ef,1.777344390367843e+18
d9c1120c-05d9-4559-9b36-0867c9eb36ef,1.777344390401186e+18
d9c1120c-05d9-4559-9b36-0867c9eb36ef,1.777344390434529e+18
d9c1120c-05d9-4559-9b36-0867c9eb36ef,1.777344390467871e+18
d9c1120c-05d9-4559-9b36-0867c9eb36ef,1.777344390501214e+18
d9c1120c-05d9-4559-9b36-0867c9eb36ef,1.777344390534556e+18
d9c1120c-05d9-4559-9b36-0867c9eb36ef,1.777344390567899e+18
d9c1120c-05d9-4559-9b36-0867c9eb36ef,1.7773443906012419e+18
d9c1120c-05d9-4559-9b36-0867c9eb36ef,1.777344390634584e+18
d9c1120c-05d9-4559-9b36-0867c9eb36ef,1.777344390667927e+18
d9c1120c-05d9-4559-9b36-0867c9eb36ef,1.77734439070127e+18
d9c1120c-05d9-4559-9b36-0867c9eb36ef,1.777344390734612e+18
d9c1120c-05d9-4559-9b36-0867c9eb36ef,1.777344390767955e+18
d9c1120c-05d9-4559-9b36-0867c9eb36ef,1.777344390801297e+18
d9c1120c-05d9-4559-9b36-0867c9eb36ef,1.77734439083464e+18
d9c1120c-05d9-4559-9b36-0867c9eb36ef,1.7773443908679828e+18
d9c1120c-05d9-4559-9b36-0867c9eb36ef,1.777344390901325e+18
d9c1120c-05d9-4559-9b36-0867c9eb36ef,1.777344390934668e+18
d9c1120c-05d9-4559-9b36-0867c9eb36ef,1.777344390968011e+18
d9c1120c-05d9-4559-9b36-0867c9eb36ef,1.777344391001353e+18
d9c1120c-05d9-4559-9b36-0867c9eb36ef,1.777344391034696e+18
d9c1120c-05d9-4559-9b36-0867c9eb36ef,1.777344391068038e+18
d9c1120c-05d9-4559-9b36-0867c9eb36ef,1.7773443911013809e+18
d9c1120c-05d9-4559-9b36-0867c9eb36ef,1.7773443911347238e+18
d9c1120c-05d9-4559-9b36-0867c9eb36ef,1.777344391168066e+18
d9c1120c-05d9-4559-9b36-0867c9eb36ef,1.777344391201409e+18
d9c1120c-05d9-4559-9b36-0867c9eb36ef,1.777344391234752e+18
d9c1120c-05d9-4559-9b36-0867c9eb36ef,1.777344391268094e+18
d9c1120c-05d9-4559-9b36-0867c9eb36ef,1.777344391301437e+18
d9c1120c-05d9-4559-9b36-0867c9eb36ef,1.777344391334779e+18
d9c1120c-05d9-4559-9b36-0867c9eb36ef,1.7773443913681219e+18
d9c1120c-05d9-4559-9b36-0867c9eb36ef,1.7773443914014648e+18
d9c1120c-05d9-4559-9b36-0867c9eb36ef,1.777344391434807e+18
d9c1120c-05d9-4559-9b36-0867c9eb36ef,1.77734439146815e+18
d9c1120c-05d9-4559-9b36-0867c9eb36ef,1.777344391501493e+18
d9c1120c-05d9-4559-9b36-0867c9eb36ef,1.777344391534835e+18
d9c1120c-05d9-4559-9b36-0867c9eb36ef,1.777344391568178e+18
d9c1120c-05d9-4559-9b36-0867c9eb36ef,1.7773443916015199e+18
d9c1120c-05d9-4559-9b36-0867c9eb36ef,1.7773443916348628e+18
d9c1120c-05d9-4559-9b36-0867c9eb36ef,1.7773443916682058e+18
d9c1120c-05d9-4559-9b36-0867c9eb36ef,1.777344391701548e+18
d9c1120c-05d9-4559-9b36-0867c9eb36ef,1.777344391734891e+18
d9c1120c-05d9-4559-9b36-0867c9eb36ef,1.777344391768233e+18
d9c1120c-05d9-4559-9b36-0867c9eb36ef,1.777344391801576e+18
d9c1120c-05d9-4559-9b36-0867c9eb36ef,1.777344391834919e+18
d9c1120c-05d9-4559-9b36-0867c9eb36ef,1.7773443918682609e+18
d9c1120c-05d9-4559-9b36-0867c9eb36ef,1.7773443919016038e+18
d9c1120c-05d9-4559-9b36-0867c9eb36ef,1.777344391934947e+18
d9c1120c-05d9-4559-9b36-0867c9eb36ef,1.777344391968289e+18
d9c1120c-05d9-4559-9b36-0867c9eb36ef,1.777344392001632e+18
d9c1120c-05d9-4559-9b36-0867c9eb36ef,1.777344392034974e+18
d9c1120c-05d9-4559-9b36-0867c9eb36ef,1.777344392068317e+18
d9c1120c-05d9-4559-9b36-0867c9eb36ef,1.77734439210166e+18
d9c1120c-05d9-4559-9b36-0867c9eb36ef,1.7773443921350019e+18
d9c1120c-05d9-4559-9b36-0867c9eb36ef,1.7773443921683448e+18
d9c1120c-05d9-4559-9b36-0867c9eb36ef,1.777344392201688e+18
d9c1120c-05d9-4559-9b36-0867c9eb36ef,1.77734439223503e+18
d9c1120c-05d9-4559-9b36-0867c9eb36ef,1.777344392268373e+18
d9c1120c-05d9-4559-9b36-0867c9eb36ef,1.777344392301715e+18
d9c1120c-05d9-4559-9b36-0867c9eb36ef,1.777344392335058e+18
d9c1120c-05d9-4559-9b36-0867c9eb36ef,1.777344392368401e+18
d9c1120c-05d9-4559-9b36-0867c9eb36ef,1.7773443924017428e+18
d9c1120c-05d9-4559-9b36-0867c9eb36ef,1.7773443924350858e+18
d9c1120c-05d9-4559-9b36-0867c9eb36ef,1.777344392468429e+18
d9c1120c-05d9-4559-9b36-0867c9eb36ef,1.777344392501771e+18
d9c1120c-05d9-4559-9b36-0867c9eb36ef,1.777344392535114e+18
d9c1120c-05d9-4559-9b36-0867c9eb36ef,1.777344392568456e+18
d9c1120c-05d9-4559-9b36-0867c9eb36ef,1.777344392601799e+18
d9c1120c-05d9-4559-9b36-0867c9eb36ef,1.777344392635142e+18
d9c1120c-05d9-4559-9b36-0867c9eb36ef,1.7773443926684838e+18
d9c1120c-05d9-4559-9b36-0867c9eb36ef,1.777344392701827e+18
d9c1120c-05d9-4559-9b36-0867c9eb36ef,1.77734439273517e+18
d9c1120c-05d9-4559-9b36-0867c9eb36ef,1.777344392768512e+18
d9c1120c-05d9-4559-9b36-0867c9eb36ef,1.777344392801855e+18
d9c1120c-05d9-4559-9b36-0867c9eb36ef,1.777344392835197e+18
d9c1120c-05d9-4559-9b36-0867c9eb36ef,1.77734439286854e+18
d9c1120c-05d9-4559-9b36-0867c9eb36ef,1.777344392901883e+18
d9c1120c-05d9-4559-9b36-0867c9eb36ef,1.7773443929352248e+18
d9c1120c-05d9-4559-9b36-0867c9eb36ef,1.777344392968568e+18
d9c1120c-05d9-4559-9b36-0867c9eb36ef,1.777344393001911e+18
d9c1120c-05d9-4559-9b36-0867c9eb36ef,1.777344393035253e+18
d9c1120c-05d9-4559-9b36-0867c9eb36ef,1.777344393068596e+18
d9c1120c-05d9-4559-9b36-0867c9eb36ef,1.777344393101938e+18
d9c1120c-05d9-4559-9b36-0867c9eb36ef,1.777344393135281e+18
d9c1120c-05d9-4559-9b36-0867c9eb36ef,1.7773443931686239e+18
d9c1120c-05d9-4559-9b36-0867c9eb36ef,1.7773443932019658e+18
d9c1120c-05d9-4559-9b36-0867c9eb36ef,1.777344393235309e+18
d9c1120c-05d9-4559-9b36-0867c9eb36ef,1.777344393268652e+18
d9c1120c-05d9-4559-9b36-0867c9eb36ef,1.777344393301994e+18
d9c1120c-05d9-4559-9b36-0867c9eb36ef,1.777344393335337e+18
d9c1120c-05d9-4559-9b36-0867c9eb36ef,1.777344393368679e+18
d9c1120c-05d9-4559-9b36-0867c9eb36ef,1.777344393402022e+18
d9c1120c-05d9-4559-9b36-0867c9eb36ef,1.7773443934353649e+18
d9c1120c-05d9-4559-9b36-0867c9eb36ef,1.777344393468707e+18
d9c1120c-05d9-4559-9b36-0867c9eb36ef,1.77734439350205e+18
d9c1120c-05d9-4559-9b36-0867c9eb36ef,1.777344393535393e+18
d9c1120c-05d9-4559-9b36-0867c9eb36ef,1.777344393568735e+18
d9c1120c-05d9-4559-9b36-0867c9eb36ef,1.777344393602078e+18
d9c1120c-05d9-4559-9b36-0867c9eb36ef,1.77734439363542e+18
d9c1120c-05d9-4559-9b36-0867c9eb36ef,1.777344393668763e+18
d9c1120c-05d9-4559-9b36-0867c9eb36ef,1.7773443937021059e+18
d9c1120c-05d9-4559-9b36-0867c9eb36ef,1.777344393735448e+18
d9c1120c-05d9-4559-9b36-0867c9eb36ef,1.777344393768791e+18
d9c1120c-05d9-4559-9b36-0867c9eb36ef,1.777344393802133e+18
d9c1120c-05d9-4559-9b36-0867c9eb36ef,1.777344393835476e+18
d9c1120c-05d9-4559-9b36-0867c9eb36ef,1.777344393868819e+18
d9c1120c-05d9-4559-9b36-0867c9eb36ef,1.777344393902161e+18
d9c1120c-05d9-4559-9b36-0867c9eb36ef,1.777344393935504e+18
d9c1120c-05d9-4559-9b36-0867c9eb36ef,1.7773443939688468e+18
d9c1120c-05d9-4559-9b36-0867c9eb36ef,1.777344394002189e+18
d9c1120c-05d9-4559-9b36-0867c9eb36ef,1.777344394035532e+18
d9c1120c-05d9-4559-9b36-0867c9eb36ef,1.777344394068875e+18
d9c1120c-05d9-4559-9b36-0867c9eb36ef,1.777344394102217e+18
d9c1120c-05d9-4559-9b36-0867c9eb36ef,1.77734439413556e+18
d9c1120c-05d9-4559-9b36-0867c9eb36ef,1.777344394168902e+18
d9c1120c-05d9-4559-9b36-0867c9eb36ef,1.7773443942022449e+18
d9c1120c-05d9-4559-9b36-0867c9eb36ef,1.7773443942355878e+18
d9c1120c-05d9-4559-9b36-0867c9eb36ef,1.77734439426893e+18
d9c1120c-05d9-4559-9b36-0867c9eb36ef,1.777344394302273e+18
d9c1120c-05d9-4559-9b36-0867c9eb36ef,1.777344394335615e+18
d9c1120c-05d9-4559-9b36-0867c9eb36ef,1.777344394368958e+18
d9c1120c-05d9-4559-9b36-0867c9eb36ef,1.777344394402301e+18
d9c1120c-05d9-4559-9b36-0867c9eb36ef,1.777344394435643e+18
d9c1120c-05d9-4559-9b36-0867c9eb36ef,1.7773443944689859e+18
d9c1120c-05d9-4559-9b36-0867c9eb36ef,1.7773443945023288e+18
d9c1120c-05d9-4559-9b36-0867c9eb36ef,1.777344394535671e+18
d9c1120c-05d9-4559-9b36-0867c9eb36ef,1.777344394569014e+18
d9c1120c-05d9-4559-9b36-0867c9eb36ef,1.777344394602357e+18
d9c1120c-05d9-4559-9b36-0867c9eb36ef,1.777344394635699e+18
d9c1120c-05d9-4559-9b36-0867c9eb36ef,1.777344394669042e+18
d9c1120c-05d9-4559-9b36-0867c9eb36ef,1.7773443947023839e+18
d9c1120c-05d9-4559-9b36-0867c9eb36ef,1.7773443947357268e+18
d9c1120c-05d9-4559-9b36-0867c9eb36ef,1.7773443947690698e+18
d9c1120c-05d9-4559-9b36-0867c9eb36ef,1.777344394802412e+18
d9c1120c-05d9-4559-9b36-0867c9eb36ef,1.777344394835755e+18
d9c1120c-05d9-4559-9b36-0867c9eb36ef,1.777344394869097e+18
d9c1120c-05d9-4559-9b36-0867c9eb36ef,1.77734439490244e+18
d9c1120c-05d9-4559-9b36-0867c9eb36ef,1.777344394935783e+18
d9c1120c-05d9-4559-9b36-0867c9eb36ef,1.7773443949691249e+18
d9c1120c-05d9-4559-9b36-0867c9eb36ef,1.7773443950024678e+18
d9c1120c-05d9-4559-9b36-0867c9eb36ef,1.777344395035811e+18
d9c1120c-05d9-4559-9b36-0867c9eb36ef,1.777344395069153e+18
d9c1120c-05d9-4559-9b36-0867c9eb36ef,1.777344395102496e+18
d9c1120c-05d9-4559-9b36-0867c9eb36ef,1.777344395135838e+18
d9c1120c-05d9-4559-9b36-0867c9eb36ef,1.777344395169181e+18
d9c1120c-05d9-4559-9b36-0867c9eb36ef,1.777344395202524e+18
d9c1120c-05d9-4559-9b36-0867c9eb36ef,1.7773443952358659e+18
d9c1120c-05d9-4559-9b36-0867c9eb36ef,1.7773443952692088e+18
d9c1120c-05d9-4559-9b36-0867c9eb36ef,1.777344395302552e+18
d9c1120c-05d9-4559-9b36-0867c9eb36ef,1.777344395335894e+18
d9c1120c-05d9-4559-9b36-0867c9eb36ef,1.777344395369237e+18
d9c1120c-05d9-4559-9b36-0867c9eb36ef,1.77734439540258e+18
d9c1120c-05d9-4559-9b36-0867c9eb36ef,1.777344395435922e+18
d9c1120c-05d9-4559-9b36-0867c9eb36ef,1.777344395469265e+18
d9c1120c-05d9-4559-9b36-0867c9eb36ef,1.7773443955026068e+18
d9c1120c-05d9-4559-9b36-0867c9eb36ef,1.7773443955359498e+18
d9c1120c-05d9-4559-9b36-0867c9eb36ef,1.777344395569293e+18
d9c1120c-05d9-4559-9b36-0867c9eb36ef,1.777344395602635e+18
d9c1120c-05d9-4559-9b36-0867c9eb36ef,1.777344395635978e+18
d9c1120c-05d9-4559-9b36-0867c9eb36ef,1.77734439566932e+18
d9c1120c-05d9-4559-9b36-0867c9eb36ef,1.777344395702663e+18
d9c1120c-05d9-4559-9b36-0867c9eb36ef,1.777344395736006e+18
d9c1120c-05d9-4559-9b36-0867c9eb36ef,1.7773443957693478e+18
d9c1120c-05d9-4559-9b36-0867c9eb36ef,1.777344395802691e+18
d9c1120c-05d9-4559-9b36-0867c9eb36ef,1.777344395836034e+18
d9c1120c-05d9-4559-9b36-0867c9eb36ef,1.777344395869376e+18
d9c1120c-05d9-4559-9b36-0867c9eb36ef,1.777344395902719e+18
d9c1120c-05d9-4559-9b36-0867c9eb36ef,1.777344395936062e+18
d9c1120c-05d9-4559-9b36-0867c9eb36ef,1.777344395969404e+18
d9c1120c-05d9-4559-9b36-0867c9eb36ef,1.777344396002747e+18
d9c1120c-05d9-4559-9b36-0867c9eb36ef,1.7773443960360888e+18
d9c1120c-05d9-4559-9b36-0867c9eb36ef,1.777344396069432e+18
d9c1120c-05d9-4559-9b36-0867c9eb36ef,1.777344396102775e+18
d9c1120c-05d9-4559-9b36-0867c9eb36ef,1.777344396136117e+18
d9c1120c-05d9-4559-9b36-0867c9eb36ef,1.77734439616946e+18
d9c1120c-05d9-4559-9b36-0867c9eb36ef,1.777344396202802e+18
d9c1120c-05d9-4559-9b36-0867c9eb36ef,1.777344396236145e+18
d9c1120c-05d9-4559-9b36-0867c9eb36ef,1.7773443962694879e+18
d9c1120c-05d9-4559-9b36-0867c9eb36ef,1.7773443963028298e+18
d9c1120c-05d9-4559-9b36-0867c9eb36ef,1.777344396336173e+18
d9c1120c-05d9-4559-9b36-0867c9eb36ef,1.777344396369516e+18
d9c1120c-05d9-4559-9b36-0867c9eb36ef,1.777344396402858e+18
d9c1120c-05d9-4559-9b36-0867c9eb36ef,1.777344396436201e+18
d9c1120c-05d9-4559-9b36-0867c9eb36ef,1.777344396469543e+18
d9c1120c-05d9-4559-9b36-0867c9eb36ef,1.777344396502886e+18
d9c1120c-05d9-4559-9b36-0867c9eb36ef,1.7773443965362289e+18
d9c1120c-05d9-4559-9b36-0867c9eb36ef,1.777344396569571e+18
d9c1120c-05d9-4559-9b36-0867c9eb36ef,1.777344396602914e+18
d9c1120c-05d9-4559-9b36-0867c9eb36ef,1.777344396636257e+18
d9c1120c-05d9-4559-9b36-0867c9eb36ef,1.777344396669599e+18
d9c1120c-05d9-4559-9b36-0867c9eb36ef,1.777344396702942e+18
d9c1120c-05d9-4559-9b36-0867c9eb36ef,1.777344396736285e+18
d9c1120c-05d9-4559-9b36-0867c9eb36ef,1.777344396769627e+18
d9c1120c-05d9-4559-9b36-0867c9eb36ef,1.7773443968029699e+18
d9c1120c-05d9-4559-9b36-0867c9eb36ef,1.777344396836312e+18
d9c1120c-05d9-4559-9b36-0867c9eb36ef,1.777344396869655e+18
d9c1120c-05d9-4559-9b36-0867c9eb36ef,1.777344396902998e+18
d9c1120c-05d9-4559-9b36-0867c9eb36ef,1.77734439693634e+18
d9c1120c-05d9-4559-9b36-0867c9eb36ef,1.777344396969683e+18
d9c1120c-05d9-4559-9b36-0867c9eb36ef,1.777344397003025e+18
d9c1120c-05d9-4559-9b36-0867c9eb36ef,1.777344397036368e+18
d9c1120c-05d9-4559-9b36-0867c9eb36ef,1.7773443970697108e+18
d9c1120c-05d9-4559-9b36-0867c9eb36ef,1.777344397103053e+18
d9c1120c-05d9-4559-9b36-0867c9eb36ef,1.777344397136396e+18
d9c1120c-05d9-4559-9b36-0867c9eb36ef,1.777344397169739e+18
d9c1120c-05d9-4559-9b36-0867c9eb36ef,1.777344397203081e+18
d9c1120c-05d9-4559-9b36-0867c9eb36ef,1.777344397236424e+18
d9c1120c-05d9-4559-9b36-0867c9eb36ef,1.777344397269766e+18
d9c1120c-05d9-4559-9b36-0867c9eb36ef,1.7773443973031089e+18
d9c1120c-05d9-4559-9b36-0867c9eb36ef,1.7773443973364518e+18
d9c1120c-05d9-4559-9b36-0867c9eb36ef,1.777344397369794e+18
d9c1120c-05d9-4559-9b36-0867c9eb36ef,1.777344397403137e+18
d9c1120c-05d9-4559-9b36-0867c9eb36ef,1.77734439743648e+18
d9c1120c-05d9-4559-9b36-0867c9eb36ef,1.777344397469822e+18
d9c1120c-05d9-4559-9b36-0867c9eb36ef,1.777344397503165e+18
d9c1120c-05d9-4559-9b36-0867c9eb36ef,1.777344397536507e+18
d9c1120c-05d9-4559-9b36-0867c9eb36ef,1.7773443975698499e+18
d9c1120c-05d9-4559-9b36-0867c9eb36ef,1.7773443976031928e+18
d9c1120c-05d9-4559-9b36-0867c9eb36ef,1.777344397636535e+18
d9c1120c-05d9-4559-9b36-0867c9eb36ef,1.777344397669878e+18
d9c1120c-05d9-4559-9b36-0867c9eb36ef,1.777344397703221e+18
d9c1120c-05d9-4559-9b36-0867c9eb36ef,1.777344397736563e+18
d9c1120c-05d9-4559-9b36-0867c9eb36ef,1.777344397769906e+18
d9c1120c-05d9-4559-9b36-0867c9eb36ef,1.7773443978032479e+18
d9c1120c-05d9-4559-9b36-0867c9eb36ef,1.7773443978365908e+18
d9c1120c-05d9-4559-9b36-0867c9eb36ef,1.7773443978699338e+18
d9c1120c-05d9-4559-9b36-0867c9eb36ef,1.777344397903276e+18
d9c1120c-05d9-4559-9b36-0867c9eb36ef,1.777344397936619e+18
d9c1120c-05d9-4559-9b36-0867c9eb36ef,1.777344397969962e+18
d9c1120c-05d9-4559-9b36-0867c9eb36ef,1.777344398003304e+18
d9c1120c-05d9-4559-9b36-0867c9eb36ef,1.777344398036647e+18
d9c1120c-05d9-4559-9b36-0867c9eb36ef,1.7773443980699889e+18
d9c1120c-05d9-4559-9b36-0867c9eb36ef,1.7773443981033318e+18
d9c1120c-05d9-4559-9b36-0867c9eb36ef,1.777344398136675e+18
d9c1120c-05d9-4559-9b36-0867c9eb36ef,1.777344398170017e+18
d9c1120c-05d9-4559-9b36-0867c9eb36ef,1.77734439820336e+18
d9c1120c-05d9-4559-9b36-0867c9eb36ef,1.777344398236703e+18
d9c1120c-05d9-4559-9b36-0867c9eb36ef,1.777344398270045e+18
d9c1120c-05d9-4559-9b36-0867c9eb36ef,1.777344398303388e+18
d9c1120c-05d9-4559-9b36-0867c9eb36ef,1.7773443983367299e+18
d9c1120c-05d9-4559-9b36-0867c9eb36ef,1.7773443983700728e+18
d9c1120c-05d9-4559-9b36-0867c9eb36ef,1.777344398403416e+18
d9c1120c-05d9-4559-9b36-0867c9eb36ef,1.777344398436758e+18
d9c1120c-05d9-4559-9b36-0867c9eb36ef,1.777344398470101e+18
d9c1120c-05d9-4559-9b36-0867c9eb36ef,1.777344398503444e+18
d9c1120c-05d9-4559-9b36-0867c9eb36ef,1.777344398536786e+18
d9c1120c-05d9-4559-9b36-0867c9eb36ef,1.777344398570129e+18
d9c1120c-05d9-4559-9b36-0867c9eb36ef,1.7773443986034708e+18
d9c1120c-05d9-4559-9b36-0867c9eb36ef,1.7773443986368138e+18
d9c1120c-05d9-4559-9b36-0867c9eb36ef,1.777344398670157e+18
d9c1120c-05d9-4559-9b36-0867c9eb36ef,1.777344398703499e+18
d9c1120c-05d9-4559-9b36-0867c9eb36ef,1.777344398736842e+18
d9c1120c-05d9-4559-9b36-0867c9eb36ef,1.777344398770185e+18
d9c1120c-05d9-4559-9b36-0867c9eb36ef,1.777344398803527e+18
d9c1120c-05d9-4559-9b36-0867c9eb36ef,1.77734439883687e+18
d9c1120c-05d9-4559-9b36-0867c9eb36ef,1.7773443988702118e+18
d9c1120c-05d9-4559-9b36-0867c9eb36ef,1.777344398903555e+18
d9c1120c-05d9-4559-9b36-0867c9eb36ef,1.777344398936898e+18
d9c1120c-05d9-4559-9b36-0867c9eb36ef,1.77734439897024e+18
d9c1120c-05d9-4559-9b36-0867c9eb36ef,1.777344399003583e+18
d9c1120c-05d9-4559-9b36-0867c9eb36ef,1.777344399036926e+18
d9c1120c-05d9-4559-9b36-0867c9eb36ef,1.777344399070268e+18
d9c1120c-05d9-4559-9b36-0867c9eb36ef,1.777344399103611e+18
d9c1120c-05d9-4559-9b36-0867c9eb36ef,1.7773443991369528e+18
d9c1120c-05d9-4559-9b36-0867c9eb36ef,1.777344399170296e+18
d9c1120c-05d9-4559-9b36-0867c9eb36ef,1.777344399203639e+18
d9c1120c-05d9-4559-9b36-0867c9eb36ef,1.777344399236981e+18
d9c1120c-05d9-4559-9b36-0867c9eb36ef,1.777344399270324e+18
d9c1120c-05d9-4559-9b36-0867c9eb36ef,1.777344399303667e+18
d9c1120c-05d9-4559-9b36-0867c9eb36ef,1.777344399337009e+18
d9c1120c-05d9-4559-9b36-0867c9eb36ef,1.7773443993703519e+18
d9c1120c-05d9-4559-9b36-0867c9eb36ef,1.7773443994036938e+18
d9c1120c-05d9-4559-9b36-0867c9eb36ef,1.777344399437037e+18
d9c1120c-05d9-4559-9b36-0867c9eb36ef,1.77734439947038e+18
d9c1120c-05d9-4559-9b36-0867c9eb36ef,1.777344399503722e+18
d9c1120c-05d9-4559-9b36-0867c9eb36ef,1.777344399537065e+18
d9c1120c-05d9-4559-9b36-0867c9eb36ef,1.777344399570408e+18
d9c1120c-05d9-4559-9b36-0867c9eb36ef,1.77734439960375e+18
d9c1120c-05d9-4559-9b36-0867c9eb36ef,1.7773443996370929e+18
d9c1120c-05d9-4559-9b36-0867c9eb36ef,1.777344399670435e+18
d9c1120c-05d9-4559-9b36-0867c9eb36ef,1.777344399703778e+18
d9c1120c-05d9-4559-9b36-0867c9eb36ef,1.777344399737121e+18
d9c1120c-05d9-4559-9b36-0867c9eb36ef,1.777344399770463e+18
d9c1120c-05d9-4559-9b36-0867c9eb36ef,1.777344399803806e+18
d9c1120c-05d9-4559-9b36-0867c9eb36ef,1.777344399837149e+18
d9c1120c-05d9-4559-9b36-0867c9eb36ef,1.777344399870491e+18
d9c1120c-05d9-4559-9b36-0867c9eb36ef,1.7773443999038339e+18
d9c1120c-05d9-4559-9b36-0867c9eb36ef,1.777344399937176e+18
d9c1120c-05d9-4559-9b36-0867c9eb36ef,1.777344399970519e+18
d9c1120c-05d9-4559-9b36-0867c9eb36ef,1.777344400003862e+18
d9c1120c-05d9-4559-9b36-0867c9eb36ef,1.777344400037204e+18
d9c1120c-05d9-4559-9b36-0867c9eb36ef,1.777344400070547e+18
d9c1120c-05d9-4559-9b36-0867c9eb36ef,1.77734440010389e+18
d9c1120c-05d9-4559-9b36-0867c9eb36ef,1.777344400137232e+18
d9c1120c-05d9-4559-9b36-0867c9eb36ef,1.7773444001705748e+18
d9c1120c-05d9-4559-9b36-0867c9eb36ef,1.777344400203917e+18
d9c1120c-05d9-4559-9b36-0867c9eb36ef,1.77734440023726e+18
d9c1120c-05d9-4559-9b36-0867c9eb36ef,1.777344400270603e+18
d9c1120c-05d9-4559-9b36-0867c9eb36ef,1.777344400303945e+18
d9c1120c-05d9-4559-9b36-0867c9eb36ef,1.777344400337288e+18
d9c1120c-05d9-4559-9b36-0867c9eb36ef,1.777344400370631e+18
d9c1120c-05d9-4559-9b36-0867c9eb36ef,1.7773444004039729e+18
d9c1120c-05d9-4559-9b36-0867c9eb36ef,1.7773444004373158e+18
d9c1120c-05d9-4559-9b36-0867c9eb36ef,1.777344400470658e+18
d9c1120c-05d9-4559-9b36-0867c9eb36ef,1.777344400504001e+18
d9c1120c-05d9-4559-9b36-0867c9eb36ef,1.777344400537344e+18
d9c1120c-05d9-4559-9b36-0867c9eb36ef,1.777344400570686e+18
d9c1120c-05d9-4559-9b36-0867c9eb36ef,1.777344400604029e+18
d9c1120c-05d9-4559-9b36-0867c9eb36ef,1.777344400637372e+18
d9c1120c-05d9-4559-9b36-0867c9eb36ef,1.7773444006707139e+18
d9c1120c-05d9-4559-9b36-0867c9eb36ef,1.7773444007040568e+18
d9c1120c-05d9-4559-9b36-0867c9eb36ef,1.777344400737399e+18
d9c1120c-05d9-4559-9b36-0867c9eb36ef,1.777344400770742e+18
d9c1120c-05d9-4559-9b36-0867c9eb36ef,1.777344400804085e+18
d9c1120c-05d9-4559-9b36-0867c9eb36ef,1.777344400837427e+18
d9c1120c-05d9-4559-9b36-0867c9eb36ef,1.77734440087077e+18
d9c1120c-05d9-4559-9b36-0867c9eb36ef,1.777344400904113e+18
d9c1120c-05d9-4559-9b36-0867c9eb36ef,1.7773444009374548e+18
d9c1120c-05d9-4559-9b36-0867c9eb36ef,1.7773444009707978e+18
d9c1120c-05d9-4559-9b36-0867c9eb36ef,1.77734440100414e+18
d9c1120c-05d9-4559-9b36-0867c9eb36ef,1.777344401037483e+18
d9c1120c-05d9-4559-9b36-0867c9eb36ef,1.777344401070826e+18
d9c1120c-05d9-4559-9b36-0867c9eb36ef,1.777344401104168e+18
d9c1120c-05d9-4559-9b36-0867c9eb36ef,1.777344401137511e+18
d9c1120c-05d9-4559-9b36-0867c9eb36ef,1.777344401170854e+18
d9c1120c-05d9-4559-9b36-0867c9eb36ef,1.7773444012041958e+18
d9c1120c-05d9-4559-9b36-0867c9eb36ef,1.777344401237539e+18
d9c1120c-05d9-4559-9b36-0867c9eb36ef,1.777344401270881e+18
d9c1120c-05d9-4559-9b36-0867c9eb36ef,1.777344401304224e+18
d9c1120c-05d9-4559-9b36-0867c9eb36ef,1.777344401337567e+18
d9c1120c-05d9-4559-9b36-0867c9eb36ef,1.777344401370909e+18
d9c1120c-05d9-4559-9b36-0867c9eb36ef,1.777344401404252e+18
d9c1120c-05d9-4559-9b36-0867c9eb36ef,1.777344401437595e+18
d9c1120c-05d9-4559-9b36-0867c9eb36ef,1.7773444014709368e+18
d9c1120c-05d9-4559-9b36-0867c9eb36ef,1.77734440150428e+18
d9c1120c-05d9-4559-9b36-0867c9eb36ef,1.777344401537622e+18
d9c1120c-05d9-4559-9b36-0867c9eb36ef,1.777344401570965e+18
d9c1120c-05d9-4559-9b36-0867c9eb36ef,1.777344401604308e+18
d9c1120c-05d9-4559-9b36-0867c9eb36ef,1.77734440163765e+18
d9c1120c-05d9-4559-9b36-0867c9eb36ef,1.777344401670993e+18
d9c1120c-05d9-4559-9b36-0867c9eb36ef,1.777344401704336e+18
d9c1120c-05d9-4559-9b36-0867c9eb36ef,1.7773444017376778e+18
d9c1120c-05d9-4559-9b36-0867c9eb36ef,1.777344401771021e+18
d9c1120c-05d9-4559-9b36-0867c9eb36ef,1.777344401804363e+18
d9c1120c-05d9-4559-9b36-0867c9eb36ef,1.777344401837706e+18
d9c1120c-05d9-4559-9b36-0867c9eb36ef,1.777344401871049e+18
d9c1120c-05d9-4559-9b36-0867c9eb36ef,1.777344401904391e+18
d9c1120c-05d9-4559-9b36-0867c9eb36ef,1.777344401937734e+18
d9c1120c-05d9-4559-9b36-0867c9eb36ef,1.7773444019710769e+18
d9c1120c-05d9-4559-9b36-0867c9eb36ef,1.777344402004419e+18
d9c1120c-05d9-4559-9b36-0867c9eb36ef,1.777344402037762e+18
d9c1120c-05d9-4559-9b36-0867c9eb36ef,1.777344402071104e+18
d9c1120c-05d9-4559-9b36-0867c9eb36ef,1.777344402104447e+18
d9c1120c-05d9-4559-9b36-0867c9eb36ef,1.77734440213779e+18
d9c1120c-05d9-4559-9b36-0867c9eb36ef,1.777344402171132e+18
d9c1120c-05d9-4559-9b36-0867c9eb36ef,1.777344402204475e+18
d9c1120c-05d9-4559-9b36-0867c9eb36ef,1.7773444022378179e+18
d9c1120c-05d9-4559-9b36-0867c9eb36ef,1.77734440227116e+18
d9c1120c-05d9-4559-9b36-0867c9eb36ef,1.777344402304503e+18
d9c1120c-05d9-4559-9b36-0867c9eb36ef,1.777344402337845e+18
d9c1120c-05d9-4559-9b36-0867c9eb36ef,1.777344402371188e+18
d9c1120c-05d9-4559-9b36-0867c9eb36ef,1.777344402404531e+18
d9c1120c-05d9-4559-9b36-0867c9eb36ef,1.777344402437873e+18
d9c1120c-05d9-4559-9b36-0867c9eb36ef,1.7773444024712159e+18
d9c1120c-05d9-4559-9b36-0867c9eb36ef,1.7773444025045588e+18
d9c1120c-05d9-4559-9b36-0867c9eb36ef,1.777344402537901e+18
d9c1120c-05d9-4559-9b36-0867c9eb36ef,1.777344402571244e+18
d9c1120c-05d9-4559-9b36-0867c9eb36ef,1.777344402604586e+18
d9c1120c-05d9-4559-9b36-0867c9eb36ef,1.777344402637929e+18
d9c1120c-05d9-4559-9b36-0867c9eb36ef,1.777344402671272e+18
d9c1120c-05d9-4559-9b36-0867c9eb36ef,1.777344402704614e+18
d9c1120c-05d9-4559-9b36-0867c9eb36ef,1.7773444027379569e+18
d9c1120c-05d9-4559-9b36-0867c9eb36ef,1.777344402771299e+18
d9c1120c-05d9-4559-9b36-0867c9eb36ef,1.777344402804642e+18
d9c1120c-05d9-4559-9b36-0867c9eb36ef,1.777344402837985e+18
d9c1120c-05d9-4559-9b36-0867c9eb36ef,1.777344402871327e+18
d9c1120c-05d9-4559-9b36-0867c9eb36ef,1.77734440290467e+18
d9c1120c-05d9-4559-9b36-0867c9eb36ef,1.777344402938013e+18
d9c1120c-05d9-4559-9b36-0867c9eb36ef,1.777344402971355e+18
d9c1120c-05d9-4559-9b36-0867c9eb36ef,1.7773444030046979e+18
d9c1120c-05d9-4559-9b36-0867c9eb36ef,1.77734440303804e+18
d9c1120c-05d9-4559-9b36-0867c9eb36ef,1.777344403071383e+18
d9c1120c-05d9-4559-9b36-0867c9eb36ef,1.777344403104726e+18
d9c1120c-05d9-4559-9b36-0867c9eb36ef,1.777344403138068e+18
d9c1120c-05d9-4559-9b36-0867c9eb36ef,1.777344403171411e+18
d9c1120c-05d9-4559-9b36-0867c9eb36ef,1.777344403204754e+18
d9c1120c-05d9-4559-9b36-0867c9eb36ef,1.777344403238096e+18
d9c1120c-05d9-4559-9b36-0867c9eb36ef,1.7773444032714388e+18
d9c1120c-05d9-4559-9b36-0867c9eb36ef,1.777344403304781e+18
d9c1120c-05d9-4559-9b36-0867c9eb36ef,1.777344403338124e+18
d9c1120c-05d9-4559-9b36-0867c9eb36ef,1.777344403371467e+18
d9c1120c-05d9-4559-9b36-0867c9eb36ef,1.777344403404809e+18
d9c1120c-05d9-4559-9b36-0867c9eb36ef,1.777344403438152e+18
d9c1120c-05d9-4559-9b36-0867c9eb36ef,1.777344403471495e+18
d9c1120c-05d9-4559-9b36-0867c9eb36ef,1.7773444035048369e+18
d9c1120c-05d9-4559-9b36-0867c9eb36ef,1.7773444035381798e+18
d9c1120c-05d9-4559-9b36-0867c9eb36ef,1.777344403571522e+18
d9c1120c-05d9-4559-9b36-0867c9eb36ef,1.777344403604865e+18
d9c1120c-05d9-4559-9b36-0867c9eb36ef,1.777344403638208e+18
d9c1120c-05d9-4559-9b36-0867c9eb36ef,1.77734440367155e+18
d9c1120c-05d9-4559-9b36-0867c9eb36ef,1.777344403704893e+18
d9c1120c-05d9-4559-9b36-0867c9eb36ef,1.777344403738236e+18
d9c1120c-05d9-4559-9b36-0867c9eb36ef,1.7773444037715779e+18
d9c1120c-05d9-4559-9b36-0867c9eb36ef,1.7773444038049208e+18
d9c1120c-05d9-4559-9b36-0867c9eb36ef,1.777344403838263e+18
d9c1120c-05d9-4559-9b36-0867c9eb36ef,1.777344403871606e+18
d9c1120c-05d9-4559-9b36-0867c9eb36ef,1.777344403904949e+18
d9c1120c-05d9-4559-9b36-0867c9eb36ef,1.777344403938291e+18
d9c1120c-05d9-4559-9b36-0867c9eb36ef,1.777344403971634e+18
d9c1120c-05d9-4559-9b36-0867c9eb36ef,1.777344404004977e+18
d9c1120c-05d9-4559-9b36-0867c9eb36ef,1.7773444040383188e+18
d9c1120c-05d9-4559-9b36-0867c9eb36ef,1.7773444040716618e+18
d9c1120c-05d9-4559-9b36-0867c9eb36ef,1.777344404105004e+18
d9c1120c-05d9-4559-9b36-0867c9eb36ef,1.777344404138347e+18
d9c1120c-05d9-4559-9b36-0867c9eb36ef,1.77734440417169e+18
d9c1120c-05d9-4559-9b36-0867c9eb36ef,1.777344404205032e+18
d9c1120c-05d9-4559-9b36-0867c9eb36ef,1.777344404238375e+18
d9c1120c-05d9-4559-9b36-0867c9eb36ef,1.777344404271718e+18
d9c1120c-05d9-4559-9b36-0867c9eb36ef,1.7773444043050598e+18
d9c1120c-05d9-4559-9b36-0867c9eb36ef,1.777344404338403e+18
d9c1120c-05d9-4559-9b36-0867c9eb36ef,1.777344404371745e+18
d9c1120c-05d9-4559-9b36-0867c9eb36ef,1.777344404405088e+18
d9c1120c-05d9-4559-9b36-0867c9eb36ef,1.777344404438431e+18
d9c1120c-05d9-4559-9b36-0867c9eb36ef,1.777344404471773e+18
d9c1120c-05d9-4559-9b36-0867c9eb36ef,1.777344404505116e+18
d9c1120c-05d9-4559-9b36-0867c9eb36ef,1.777344404538459e+18
d9c1120c-05d9-4559-9b36-0867c9eb36ef,1.7773444045718008e+18
d9c1120c-05d9-4559-9b36-0867c9eb36ef,1.777344404605144e+18
d9c1120c-05d9-4559-9b36-0867c9eb36ef,1.777344404638486e+18
d9c1120c-05d9-4559-9b36-0867c9eb36ef,1.777344404671829e+18
d9c1120c-05d9-4559-9b36-0867c9eb36ef,1.777344404705172e+18
d9c1120c-05d9-4559-9b36-0867c9eb36ef,1.777344404738514e+18
d9c1120c-05d9-4559-9b36-0867c9eb36ef,1.777344404771857e+18
d9c1120c-05d9-4559-9b36-0867c9eb36ef,1.7773444048052e+18
d9c1120c-05d9-4559-9b36-0867c9eb36ef,1.7773444048385418e+18
d9c1120c-05d9-4559-9b36-0867c9eb36ef,1.777344404871885e+18
d9c1120c-05d9-4559-9b36-0867c9eb36ef,1.777344404905227e+18
d9c1120c-05d9-4559-9b36-0867c9eb36ef,1.77734440493857e+18
d9c1120c-05d9-4559-9b36-0867c9eb36ef,1.777344404971913e+18
d9c1120c-05d9-4559-9b36-0867c9eb36ef,1.777344405005255e+18
d9c1120c-05d9-4559-9b36-0867c9eb36ef,1.777344405038598e+18
d9c1120c-05d9-4559-9b36-0867c9eb36ef,1.7773444050719409e+18
d9c1120c-05d9-4559-9b36-0867c9eb36ef,1.777344405105283e+18
d9c1120c-05d9-4559-9b36-0867c9eb36ef,1.777344405138626e+18
d9c1120c-05d9-4559-9b36-0867c9eb36ef,1.777344405171968e+18
d9c1120c-05d9-4559-9b36-0867c9eb36ef,1.777344405205311e+18
d9c1120c-05d9-4559-9b36-0867c9eb36ef,1.777344405238654e+18
d9c1120c-05d9-4559-9b36-0867c9eb36ef,1.777344405271996e+18
d9c1120c-05d9-4559-9b36-0867c9eb36ef,1.777344405305339e+18
d9c1120c-05d9-4559-9b36-0867c9eb36ef,1.7773444053386819e+18
d9c1120c-05d9-4559-9b36-0867c9eb36ef,1.777344405372024e+18
d9c1120c-05d9-4559-9b36-0867c9eb36ef,1.777344405405367e+18
d9c1120c-05d9-4559-9b36-0867c9eb36ef,1.777344405438709e+18
d9c1120c-05d9-4559-9b36-0867c9eb36ef,1.777344405472052e+18
d9c1120c-05d9-4559-9b36-0867c9eb36ef,1.777344405505395e+18
d9c1120c-05d9-4559-9b36-0867c9eb36ef,1.777344405538737e+18
d9c1120c-05d9-4559-9b36-0867c9eb36ef,1.7773444055720799e+18
d9c1120c-05d9-4559-9b36-0867c9eb36ef,1.7773444056054228e+18
d9c1120c-05d9-4559-9b36-0867c9eb36ef,1.777344405638765e+18
d9c1120c-05d9-4559-9b36-0867c9eb36ef,1.777344405672108e+18
d9c1120c-05d9-4559-9b36-0867c9eb36ef,1.77734440570545e+18
d9c1120c-05d9-4559-9b36-0867c9eb36ef,1.777344405738793e+18
d9c1120c-05d9-4559-9b36-0867c9eb36ef,1.777344405772136e+18
d9c1120c-05d9-4559-9b36-0867c9eb36ef,1.777344405805478e+18
d9c1120c-05d9-4559-9b36-0867c9eb36ef,1.7773444058388209e+18
d9c1120c-05d9-4559-9b36-0867c9eb36ef,1.7773444058721638e+18
d9c1120c-05d9-4559-9b36-0867c9eb36ef,1.777344405905506e+18
d9c1120c-05d9-4559-9b36-0867c9eb36ef,1.777344405938849e+18
d9c1120c-05d9-4559-9b36-0867c9eb36ef,1.777344405972191e+18
d9c1120c-05d9-4559-9b36-0867c9eb36ef,1.777344406005534e+18
d9c1120c-05d9-4559-9b36-0867c9eb36ef,1.777344406038877e+18
d9c1120c-05d9-4559-9b36-0867c9eb36ef,1.777344406072219e+18
d9c1120c-05d9-4559-9b36-0867c9eb36ef,1.7773444061055619e+18
d9c1120c-05d9-4559-9b36-0867c9eb36ef,1.7773444061389048e+18
d9c1120c-05d9-4559-9b36-0867c9eb36ef,1.777344406172247e+18
d9c1120c-05d9-4559-9b36-0867c9eb36ef,1.77734440620559e+18
d9c1120c-05d9-4559-9b36-0867c9eb36ef,1.777344406238932e+18
d9c1120c-05d9-4559-9b36-0867c9eb36ef,1.777344406272275e+18
d9c1120c-05d9-4559-9b36-0867c9eb36ef,1.777344406305618e+18
d9c1120c-05d9-4559-9b36-0867c9eb36ef,1.77734440633896e+18
d9c1120c-05d9-4559-9b36-0867c9eb36ef,1.7773444063723028e+18
d9c1120c-05d9-4559-9b36-0867c9eb36ef,1.7773444064056458e+18
d9c1120c-05d9-4559-9b36-0867c9eb36ef,1.777344406438988e+18
d9c1120c-05d9-4559-9b36-0867c9eb36ef,1.777344406472331e+18
d9c1120c-05d9-4559-9b36-0867c9eb36ef,1.777344406505673e+18
d9c1120c-05d9-4559-9b36-0867c9eb36ef,1.777344406539016e+18
d9c1120c-05d9-4559-9b36-0867c9eb36ef,1.777344406572359e+18
d9c1120c-05d9-4559-9b36-0867c9eb36ef,1.7773444066057009e+18
d9c1120c-05d9-4559-9b36-0867c9eb36ef,1.7773444066390438e+18
d9c1120c-05d9-4559-9b36-0867c9eb36ef,1.777344406672387e+18
d9c1120c-05d9-4559-9b36-0867c9eb36ef,1.777344406705729e+18
d9c1120c-05d9-4559-9b36-0867c9eb36ef,1.777344406739072e+18
d9c1120c-05d9-4559-9b36-0867c9eb36ef,1.777344406772414e+18
d9c1120c-05d9-4559-9b36-0867c9eb36ef,1.777344406805757e+18
d9c1120c-05d9-4559-9b36-0867c9eb36ef,1.7773444068391e+18
d9c1120c-05d9-4559-9b36-0867c9eb36ef,1.7773444068724419e+18
d9c1120c-05d9-4559-9b36-0867c9eb36ef,1.7773444069057848e+18
d9c1120c-05d9-4559-9b36-0867c9eb36ef,1.777344406939128e+18
d9c1120c-05d9-4559-9b36-0867c9eb36ef,1.77734440697247e+18
d9c1120c-05d9-4559-9b36-0867c9eb36ef,1.777344407005813e+18
d9c1120c-05d9-4559-9b36-0867c9eb36ef,1.777344407039155e+18
d9c1120c-05d9-4559-9b36-0867c9eb36ef,1.777344407072498e+18
d9c1120c-05d9-4559-9b36-0867c9eb36ef,1.777344407105841e+18
d9c1120c-05d9-4559-9b36-0867c9eb36ef,1.7773444071391828e+18
d9c1120c-05d9-4559-9b36-0867c9eb36ef,1.7773444071725258e+18
d9c1120c-05d9-4559-9b36-0867c9eb36ef,1.777344407205869e+18
d9c1120c-05d9-4559-9b36-0867c9eb36ef,1.777344407239211e+18
d9c1120c-05d9-4559-9b36-0867c9eb36ef,1.777344407272554e+18
d9c1120c-05d9-4559-9b36-0867c9eb36ef,1.777344407305896e+18
d9c1120c-05d9-4559-9b36-0867c9eb36ef,1.777344407339239e+18
d9c1120c-05d9-4559-9b36-0867c9eb36ef,1.777344407372582e+18
d9c1120c-05d9-4559-9b36-0867c9eb36ef,1.7773444074059238e+18
d9c1120c-05d9-4559-9b36-0867c9eb36ef,1.777344407439267e+18
d9c1120c-05d9-4559-9b36-0867c9eb36ef,1.77734440747261e+18
d9c1120c-05d9-4559-9b36-0867c9eb36ef,1.777344407505952e+18
d9c1120c-05d9-4559-9b36-0867c9eb36ef,1.777344407539295e+18
d9c1120c-05d9-4559-9b36-0867c9eb36ef,1.777344407572637e+18
d9c1120c-05d9-4559-9b36-0867c9eb36ef,1.77734440760598e+18
d9c1120c-05d9-4559-9b36-0867c9eb36ef,1.777344407639323e+18
d9c1120c-05d9-4559-9b36-0867c9eb36ef,1.7773444076726648e+18
d9c1120c-05d9-4559-9b36-0867c9eb36ef,1.777344407706008e+18
d9c1120c-05d9-4559-9b36-0867c9eb36ef,1.777344407739351e+18
d9c1120c-05d9-4559-9b36-0867c9eb36ef,1.777344407772693e+18
d9c1120c-05d9-4559-9b36-0867c9eb36ef,1.777344407806036e+18
d9c1120c-05d9-4559-9b36-0867c9eb36ef,1.777344407839378e+18
d9c1120c-05d9-4559-9b36-0867c9eb36ef,1.777344407872721e+18
d9c1120c-05d9-4559-9b36-0867c9eb36ef,1.777344407906064e+18
d9c1120c-05d9-4559-9b36-0867c9eb36ef,1.7773444079394058e+18
d9c1120c-05d9-4559-9b36-0867c9eb36ef,1.777344407972749e+18
d9c1120c-05d9-4559-9b36-0867c9eb36ef,1.777344408006092e+18
d9c1120c-05d9-4559-9b36-0867c9eb36ef,1.777344408039434e+18
d9c1120c-05d9-4559-9b36-0867c9eb36ef,1.777344408072777e+18
d9c1120c-05d9-4559-9b36-0867c9eb36ef,1.777344408106119e+18
d9c1120c-05d9-4559-9b36-0867c9eb36ef,1.777344408139462e+18
d9c1120c-05d9-4559-9b36-0867c9eb36ef,1.7773444081728049e+18
d9c1120c-05d9-4559-9b36-0867c9eb36ef,1.777344408206147e+18
d9c1120c-05d9-4559-9b36-0867c9eb36ef,1.77734440823949e+18
d9c1120c-05d9-4559-9b36-0867c9eb36ef,1.777344408272832e+18
d9c1120c-05d9-4559-9b36-0867c9eb36ef,1.777344408306175e+18
d9c1120c-05d9-4559-9b36-0867c9eb36ef,1.777344408339518e+18
d9c1120c-05d9-4559-9b36-0867c9eb36ef,1.77734440837286e+18
d9c1120c-05d9-4559-9b36-0867c9eb36ef,1.777344408406203e+18
d9c1120c-05d9-4559-9b36-0867c9eb36ef,1.7773444084395459e+18
d9c1120c-05d9-4559-9b36-0867c9eb36ef,1.777344408472888e+18
d9c1120c-05d9-4559-9b36-0867c9eb36ef,1.777344408506231e+18
d9c1120c-05d9-4559-9b36-0867c9eb36ef,1.777344408539573e+18
d9c1120c-05d9-4559-9b36-0867c9eb36ef,1.777344408572916e+18
d9c1120c-05d9-4559-9b36-0867c9eb36ef,1.777344408606259e+18
d9c1120c-05d9-4559-9b36-0867c9eb36ef,1.777344408639601e+18
d9c1120c-05d9-4559-9b36-0867c9eb36ef,1.7773444086729439e+18
d9c1120c-05d9-4559-9b36-0867c9eb36ef,1.7773444087062868e+18
d9c1120c-05d9-4559-9b36-0867c9eb36ef,1.777344408739629e+18
d9c1120c-05d9-4559-9b36-0867c9eb36ef,1.777344408772972e+18
d9c1120c-05d9-4559-9b36-0867c9eb36ef,1.777344408806314e+18
d9c1120c-05d9-4559-9b36-0867c9eb36ef,1.777344408839657e+18
d9c1120c-05d9-4559-9b36-0867c9eb36ef,1.777344408873e+18
d9c1120c-05d9-4559-9b36-0867c9eb36ef,1.777344408906342e+18
d9c1120c-05d9-4559-9b36-0867c9eb36ef,1.7773444089396849e+18
d9c1120c-05d9-4559-9b36-0867c9eb36ef,1.7773444089730278e+18
d9c1120c-05d9-4559-9b36-0867c9eb36ef,1.77734440900637e+18
d9c1120c-05d9-4559-9b36-0867c9eb36ef,1.777344409039713e+18
d9c1120c-05d9-4559-9b36-0867c9eb36ef,1.777344409073055e+18
d9c1120c-05d9-4559-9b36-0867c9eb36ef,1.777344409106398e+18
d9c1120c-05d9-4559-9b36-0867c9eb36ef,1.777344409139741e+18
d9c1120c-05d9-4559-9b36-0867c9eb36ef,1.777344409173083e+18
d9c1120c-05d9-4559-9b36-0867c9eb36ef,1.7773444092064259e+18
d9c1120c-05d9-4559-9b36-0867c9eb36ef,1.7773444092397688e+18
d9c1120c-05d9-4559-9b36-0867c9eb36ef,1.777344409273111e+18
d9c1120c-05d9-4559-9b36-0867c9eb36ef,1.777344409306454e+18
d9c1120c-05d9-4559-9b36-0867c9eb36ef,1.777344409339796e+18
d9c1120c-05d9-4559-9b36-0867c9eb36ef,1.777344409373139e+18
d9c1120c-05d9-4559-9b36-0867c9eb36ef,1.777344409406482e+18
d9c1120c-05d9-4559-9b36-0867c9eb36ef,1.777344409439824e+18
d9c1120c-05d9-4559-9b36-0867c9eb36ef,1.7773444094731668e+18
d9c1120c-05d9-4559-9b36-0867c9eb36ef,1.7773444095065098e+18
d9c1120c-05d9-4559-9b36-0867c9eb36ef,1.777344409539852e+18
d9c1120c-05d9-4559-9b36-0867c9eb36ef,1.777344409573195e+18
d9c1120c-05d9-4559-9b36-0867c9eb36ef,1.777344409606537e+18
d9c1120c-05d9-4559-9b36-0867c9eb36ef,1.77734440963988e+18
d9c1120c-05d9-4559-9b36-0867c9eb36ef,1.777344409673223e+18
d9c1120c-05d9-4559-9b36-0867c9eb36ef,1.7773444097065649e+18
d9c1120c-05d9-4559-9b36-0867c9eb36ef,1.7773444097399078e+18
d9c1120c-05d9-4559-9b36-0867c9eb36ef,1.777344409773251e+18
d9c1120c-05d9-4559-9b36-0867c9eb36ef,1.777344409806593e+18
d9c1120c-05d9-4559-9b36-0867c9eb36ef,1.777344409839936e+18
d9c1120c-05d9-4559-9b36-0867c9eb36ef,1.777344409873278e+18
d9c1120c-05d9-4559-9b36-0867c9eb36ef,1.777344409906621e+18
d9c1120c-05d9-4559-9b36-0867c9eb36ef,1.777344409939964e+18
d9c1120c-05d9-4559-9b36-0867c9eb36ef,1.7773444099733059e+18
d9c1120c-05d9-4559-9b36-0867c9eb36ef,1.7773444100066488e+18
d9c1120c-05d9-4559-9b36-0867c9eb36ef,1.777344410039992e+18
d9c1120c-05d9-4559-9b36-0867c9eb36ef,1.777344410073334e+18
d9c1120c-05d9-4559-9b36-0867c9eb36ef,1.777344410106677e+18
d9c1120c-05d9-4559-9b36-0867c9eb36ef,1.777344410140019e+18
d9c1120c-05d9-4559-9b36-0867c9eb36ef,1.777344410173362e+18
d9c1120c-05d9-4559-9b36-0867c9eb36ef,1.777344410206705e+18
d9c1120c-05d9-4559-9b36-0867c9eb36ef,1.7773444102400468e+18
d9c1120c-05d9-4559-9b36-0867c9eb36ef,1.7773444102733898e+18
d9c1120c-05d9-4559-9b36-0867c9eb36ef,1.777344410306733e+18
d9c1120c-05d9-4559-9b36-0867c9eb36ef,1.777344410340075e+18
d9c1120c-05d9-4559-9b36-0867c9eb36ef,1.777344410373418e+18
d9c1120c-05d9-4559-9b36-0867c9eb36ef,1.77734441040676e+18
d9c1120c-05d9-4559-9b36-0867c9eb36ef,1.777344410440103e+18
d9c1120c-05d9-4559-9b36-0867c9eb36ef,1.777344410473446e+18
d9c1120c-05d9-4559-9b36-0867c9eb36ef,1.7773444105067878e+18
d9c1120c-05d9-4559-9b36-0867c9eb36ef,1.777344410540131e+18
d9c1120c-05d9-4559-9b36-0867c9eb36ef,1.777344410573474e+18
d9c1120c-05d9-4559-9b36-0867c9eb36ef,1.777344410606816e+18
d9c1120c-05d9-4559-9b36-0867c9eb36ef,1.777344410640159e+18
d9c1120c-05d9-4559-9b36-0867c9eb36ef,1.777344410673501e+18
d9c1120c-05d9-4559-9b36-0867c9eb36ef,1.777344410706844e+18
d9c1120c-05d9-4559-9b36-0867c9eb36ef,1.777344410740187e+18
d9c1120c-05d9-4559-9b36-0867c9eb36ef,1.7773444107735288e+18
d9c1120c-05d9-4559-9b36-0867c9eb36ef,1.777344410806872e+18
d9c1120c-05d9-4559-9b36-0867c9eb36ef,1.777344410840215e+18
d9c1120c-05d9-4559-9b36-0867c9eb36ef,1.777344410873557e+18
d9c1120c-05d9-4559-9b36-0867c9eb36ef,1.7773444109069e+18
d9c1120c-05d9-4559-9b36-0867c9eb36ef,1.777344410940242e+18
d9c1120c-05d9-4559-9b36-0867c9eb36ef,1.777344410973585e+18
d9c1120c-05d9-4559-9b36-0867c9eb36ef,1.777344411006928e+18
d9c1120c-05d9-4559-9b36-0867c9eb36ef,1.7773444110402698e+18
d9c1120c-05d9-4559-9b36-0867c9eb36ef,1.777344411073613e+18
d9c1120c-05d9-4559-9b36-0867c9eb36ef,1.777344411106956e+18
d9c1120c-05d9-4559-9b36-0867c9eb36ef,1.777344411140298e+18
d9c1120c-05d9-4559-9b36-0867c9eb36ef,1.777344411173641e+18
d9c1120c-05d9-4559-9b36-0867c9eb36ef,1.777344411206983e+18
d9c1120c-05d9-4559-9b36-0867c9eb36ef,1.777344411240326e+18
d9c1120c-05d9-4559-9b36-0867c9eb36ef,1.7773444112736689e+18
d9c1120c-05d9-4559-9b36-0867c9eb36ef,1.777344411307011e+18
d9c1120c-05d9-4559-9b36-0867c9eb36ef,1.777344411340354e+18
d9c1120c-05d9-4559-9b36-0867c9eb36ef,1.777344411373697e+18
d9c1120c-05d9-4559-9b36-0867c9eb36ef,1.777344411407039e+18
d9c1120c-05d9-4559-9b36-0867c9eb36ef,1.777344411440382e+18
d9c1120c-05d9-4559-9b36-0867c9eb36ef,1.777344411473724e+18
d9c1120c-05d9-4559-9b36-0867c9eb36ef,1.777344411507067e+18
d9c1120c-05d9-4559-9b36-0867c9eb36ef,1.7773444115404099e+18
d9c1120c-05d9-4559-9b36-0867c9eb36ef,1.777344411573752e+18
d9c1120c-05d9-4559-9b36-0867c9eb36ef,1.777344411607095e+18
d9c1120c-05d9-4559-9b36-0867c9eb36ef,1.777344411640438e+18
d9c1120c-05d9-4559-9b36-0867c9eb36ef,1.77734441167378e+18
d9c1120c-05d9-4559-9b36-0867c9eb36ef,1.777344411707123e+18
d9c1120c-05d9-4559-9b36-0867c9eb36ef,1.777344411740465e+18
d9c1120c-05d9-4559-9b36-0867c9eb36ef,1.7773444117738079e+18
d9c1120c-05d9-4559-9b36-0867c9eb36ef,1.7773444118071508e+18
d9c1120c-05d9-4559-9b36-0867c9eb36ef,1.777344411840493e+18
d9c1120c-05d9-4559-9b36-0867c9eb36ef,1.777344411873836e+18
d9c1120c-05d9-4559-9b36-0867c9eb36ef,1.777344411907179e+18
d9c1120c-05d9-4559-9b36-0867c9eb36ef,1.777344411940521e+18
d9c1120c-05d9-4559-9b36-0867c9eb36ef,1.777344411973864e+18
d9c1120c-05d9-4559-9b36-0867c9eb36ef,1.777344412007206e+18
d9c1120c-05d9-4559-9b36-0867c9eb36ef,1.7773444120405489e+18
d9c1120c-05d9-4559-9b36-0867c9eb36ef,1.7773444120738918e+18
d9c1120c-05d9-4559-9b36-0867c9eb36ef,1.777344412107234e+18
d9c1120c-05d9-4559-9b36-0867c9eb36ef,1.777344412140577e+18
d9c1120c-05d9-4559-9b36-0867c9eb36ef,1.77734441217392e+18
d9c1120c-05d9-4559-9b36-0867c9eb36ef,1.777344412207262e+18
d9c1120c-05d9-4559-9b36-0867c9eb36ef,1.777344412240605e+18
d9c1120c-05d9-4559-9b36-0867c9eb36ef,1.777344412273947e+18
d9c1120c-05d9-4559-9b36-0867c9eb36ef,1.7773444123072899e+18
d9c1120c-05d9-4559-9b36-0867c9eb36ef,1.7773444123406328e+18
d9c1120c-05d9-4559-9b36-0867c9eb36ef,1.777344412373975e+18
d9c1120c-05d9-4559-9b36-0867c9eb36ef,1.777344412407318e+18
d9c1120c-05d9-4559-9b36-0867c9eb36ef,1.777344412440661e+18
d9c1120c-05d9-4559-9b36-0867c9eb36ef,1.777344412474003e+18
d9c1120c-05d9-4559-9b36-0867c9eb36ef,1.777344412507346e+18
d9c1120c-05d9-4559-9b36-0867c9eb36ef,1.777344412540688e+18
d9c1120c-05d9-4559-9b36-0867c9eb36ef,1.7773444125740308e+18
d9c1120c-05d9-4559-9b36-0867c9eb36ef,1.7773444126073738e+18
d9c1120c-05d9-4559-9b36-0867c9eb36ef,1.777344412640716e+18
d9c1120c-05d9-4559-9b36-0867c9eb36ef,1.777344412674059e+18
d9c1120c-05d9-4559-9b36-0867c9eb36ef,1.777344412707402e+18
d9c1120c-05d9-4559-9b36-0867c9eb36ef,1.777344412740744e+18
d9c1120c-05d9-4559-9b36-0867c9eb36ef,1.777344412774087e+18
d9c1120c-05d9-4559-9b36-0867c9eb36ef,1.7773444128074289e+18
d9c1120c-05d9-4559-9b36-0867c9eb36ef,1.7773444128407718e+18
d9c1120c-05d9-4559-9b36-0867c9eb36ef,1.777344412874115e+18
d9c1120c-05d9-4559-9b36-0867c9eb36ef,1.777344412907457e+18
d9c1120c-05d9-4559-9b36-0867c9eb36ef,1.7773444129408e+18
d9c1120c-05d9-4559-9b36-0867c9eb36ef,1.777344412974143e+18
d9c1120c-05d9-4559-9b36-0867c9eb36ef,1.777344413007485e+18
d9c1120c-05d9-4559-9b36-0867c9eb36ef,1.777344413040828e+18
d9c1120c-05d9-4559-9b36-0867c9eb36ef,1.7773444130741699e+18
d9c1120c-05d9-4559-9b36-0867c9eb36ef,1.7773444131075128e+18
d9c1120c-05d9-4559-9b36-0867c9eb36ef,1.777344413140856e+18
d9c1120c-05d9-4559-9b36-0867c9eb36ef,1.777344413174198e+18
d9c1120c-05d9-4559-9b36-0867c9eb36ef,1.777344413207541e+18
d9c1120c-05d9-4559-9b36-0867c9eb36ef,1.777344413240884e+18
d9c1120c-05d9-4559-9b36-0867c9eb36ef,1.777344413274226e+18
d9c1120c-05d9-4559-9b36-0867c9eb36ef,1.777344413307569e+18
d9c1120c-05d9-4559-9b36-0867c9eb36ef,1.7773444133409108e+18
d9c1120c-05d9-4559-9b36-0867c9eb36ef,1.7773444133742538e+18
d9c1120c-05d9-4559-9b36-0867c9eb36ef,1.777344413407597e+18
d9c1120c-05d9-4559-9b36-0867c9eb36ef,1.777344413440939e+18
d9c1120c-05d9-4559-9b36-0867c9eb36ef,1.777344413474282e+18
d9c1120c-05d9-4559-9b36-0867c9eb36ef,1.777344413507625e+18
d9c1120c-05d9-4559-9b36-0867c9eb36ef,1.777344413540967e+18
d9c1120c-05d9-4559-9b36-0867c9eb36ef,1.77734441357431e+18
d9c1120c-05d9-4559-9b36-0867c9eb36ef,1.7773444136076518e+18
d9c1120c-05d9-4559-9b36-0867c9eb36ef,1.777344413640995e+18
d9c1120c-05d9-4559-9b36-0867c9eb36ef,1.777344413674338e+18
d9c1120c-05d9-4559-9b36-0867c9eb36ef,1.77734441370768e+18
d9c1120c-05d9-4559-9b36-0867c9eb36ef,1.777344413741023e+18
d9c1120c-05d9-4559-9b36-0867c9eb36ef,1.777344413774366e+18
d9c1120c-05d9-4559-9b36-0867c9eb36ef,1.777344413807708e+18
d9c1120c-05d9-4559-9b36-0867c9eb36ef,1.777344413841051e+18
d9c1120c-05d9-4559-9b36-0867c9eb36ef,1.7773444138743928e+18
d9c1120c-05d9-4559-9b36-0867c9eb36ef,1.777344413907736e+18
d9c1120c-05d9-4559-9b36-0867c9eb36ef,1.777344413941079e+18
d9c1120c-05d9-4559-9b36-0867c9eb36ef,1.777344413974421e+18
d9c1120c-05d9-4559-9b36-0867c9eb36ef,1.777344414007764e+18
d9c1120c-05d9-4559-9b36-0867c9eb36ef,1.777344414041107e+18
d9c1120c-05d9-4559-9b36-0867c9eb36ef,1.777344414074449e+18
d9c1120c-05d9-4559-9b36-0867c9eb36ef,1.777344414107792e+18
d9c1120c-05d9-4559-9b36-0867c9eb36ef,1.7773444141411338e+18
d9c1120c-05d9-4559-9b36-0867c9eb36ef,1.777344414174477e+18
d9c1120c-05d9-4559-9b36-0867c9eb36ef,1.77734441420782e+18
d9c1120c-05d9-4559-9b36-0867c9eb36ef,1.777344414241162e+18
d9c1120c-05d9-4559-9b36-0867c9eb36ef,1.777344414274505e+18
d9c1120c-05d9-4559-9b36-0867c9eb36ef,1.777344414307848e+18
d9c1120c-05d9-4559-9b36-0867c9eb36ef,1.77734441434119e+18
d9c1120c-05d9-4559-9b36-0867c9eb36ef,1.7773444143745329e+18
d9c1120c-05d9-4559-9b36-0867c9eb36ef,1.777344414407875e+18
d9c1120c-05d9-4559-9b36-0867c9eb36ef,1.777344414441218e+18
d9c1120c-05d9-4559-9b36-0867c9eb36ef,1.777344414474561e+18
d9c1120c-05d9-4559-9b36-0867c9eb36ef,1.777344414507903e+18
d9c1120c-05d9-4559-9b36-0867c9eb36ef,1.777344414541246e+18
d9c1120c-05d9-4559-9b36-0867c9eb36ef,1.777344414574589e+18
d9c1120c-05d9-4559-9b36-0867c9eb36ef,1.777344414607931e+18
d9c1120c-05d9-4559-9b36-0867c9eb36ef,1.7773444146412739e+18
d9c1120c-05d9-4559-9b36-0867c9eb36ef,1.777344414674616e+18
d9c1120c-05d9-4559-9b36-0867c9eb36ef,1.777344414707959e+18
d9c1120c-05d9-4559-9b36-0867c9eb36ef,1.777344414741302e+18
d9c1120c-05d9-4559-9b36-0867c9eb36ef,1.777344414774644e+18
d9c1120c-05d9-4559-9b36-0867c9eb36ef,1.777344414807987e+18
d9c1120c-05d9-4559-9b36-0867c9eb36ef,1.77734441484133e+18
d9c1120c-05d9-4559-9b36-0867c9eb36ef,1.7773444148746719e+18
d9c1120c-05d9-4559-9b36-0867c9eb36ef,1.7773444149080148e+18
d9c1120c-05d9-4559-9b36-0867c9eb36ef,1.777344414941357e+18
d9c1120c-05d9-4559-9b36-0867c9eb36ef,1.7773444149747e+18
d9c1120c-05d9-4559-9b36-0867c9eb36ef,1.777344415008043e+18
d9c1120c-05d9-4559-9b36-0867c9eb36ef,1.777344415041385e+18
d9c1120c-05d9-4559-9b36-0867c9eb36ef,1.777344415074728e+18
d9c1120c-05d9-4559-9b36-0867c9eb36ef,1.777344415108071e+18
d9c1120c-05d9-4559-9b36-0867c9eb36ef,1.7773444151414129e+18
d9c1120c-05d9-4559-9b36-0867c9eb36ef,1.7773444151747558e+18
d9c1120c-05d9-4559-9b36-0867c9eb36ef,1.777344415208098e+18
d9c1120c-05d9-4559-9b36-0867c9eb36ef,1.777344415241441e+18
d9c1120c-05d9-4559-9b36-0867c9eb36ef,1.777344415274784e+18
d9c1120c-05d9-4559-9b36-0867c9eb36ef,1.777344415308126e+18
d9c1120c-05d9-4559-9b36-0867c9eb36ef,1.777344415341469e+18
d9c1120c-05d9-4559-9b36-0867c9eb36ef,1.777344415374812e+18
d9c1120c-05d9-4559-9b36-0867c9eb36ef,1.7773444154081539e+18
d9c1120c-05d9-4559-9b36-0867c9eb36ef,1.7773444154414968e+18
d9c1120c-05d9-4559-9b36-0867c9eb36ef,1.777344415474839e+18
d9c1120c-05d9-4559-9b36-0867c9eb36ef,1.777344415508182e+18
d9c1120c-05d9-4559-9b36-0867c9eb36ef,1.777344415541525e+18
d9c1120c-05d9-4559-9b36-0867c9eb36ef,1.777344415574867e+18
d9c1120c-05d9-4559-9b36-0867c9eb36ef,1.77734441560821e+18
d9c1120c-05d9-4559-9b36-0867c9eb36ef,1.777344415641553e+18
d9c1120c-05d9-4559-9b36-0867c9eb36ef,1.7773444156748948e+18
d9c1120c-05d9-4559-9b36-0867c9eb36ef,1.7773444157082378e+18
d9c1120c-05d9-4559-9b36-0867c9eb36ef,1.77734441574158e+18
d9c1120c-05d9-4559-9b36-0867c9eb36ef,1.777344415774923e+18
d9c1120c-05d9-4559-9b36-0867c9eb36ef,1.777344415808266e+18
d9c1120c-05d9-4559-9b36-0867c9eb36ef,1.777344415841608e+18
d9c1120c-05d9-4559-9b36-0867c9eb36ef,1.777344415874951e+18
d9c1120c-05d9-4559-9b36-0867c9eb36ef,1.777344415908294e+18
d9c1120c-05d9-4559-9b36-0867c9eb36ef,1.7773444159416358e+18
d9c1120c-05d9-4559-9b36-0867c9eb36ef,1.777344415974979e+18
d9c1120c-05d9-4559-9b36-0867c9eb36ef,1.777344416008321e+18
d9c1120c-05d9-4559-9b36-0867c9eb36ef,1.777344416041664e+18
d9c1120c-05d9-4559-9b36-0867c9eb36ef,1.777344416075007e+18
d9c1120c-05d9-4559-9b36-0867c9eb36ef,1.777344416108349e+18
d9c1120c-05d9-4559-9b36-0867c9eb36ef,1.777344416141692e+18
d9c1120c-05d9-4559-9b36-0867c9eb36ef,1.777344416175035e+18
d9c1120c-05d9-4559-9b36-0867c9eb36ef,1.7773444162083768e+18
d9c1120c-05d9-4559-9b36-0867c9eb36ef,1.77734441624172e+18
d9c1120c-05d9-4559-9b36-0867c9eb36ef,1.777344416275062e+18
d9c1120c-05d9-4559-9b36-0867c9eb36ef,1.777344416308405e+18
d9c1120c-05d9-4559-9b36-0867c9eb36ef,1.777344416341748e+18
d9c1120c-05d9-4559-9b36-0867c9eb36ef,1.77734441637509e+18
d9c1120c-05d9-4559-9b36-0867c9eb36ef,1.777344416408433e+18
d9c1120c-05d9-4559-9b36-0867c9eb36ef,1.7773444164417759e+18
d9c1120c-05d9-4559-9b36-0867c9eb36ef,1.7773444164751178e+18
d9c1120c-05d9-4559-9b36-0867c9eb36ef,1.777344416508461e+18
d9c1120c-05d9-4559-9b36-0867c9eb36ef,1.777344416541803e+18
d9c1120c-05d9-4559-9b36-0867c9eb36ef,1.777344416575146e+18
d9c1120c-05d9-4559-9b36-0867c9eb36ef,1.777344416608489e+18
d9c1120c-05d9-4559-9b36-0867c9eb36ef,1.777344416641831e+18
d9c1120c-05d9-4559-9b36-0867c9eb36ef,1.777344416675174e+18
d9c1120c-05d9-4559-9b36-0867c9eb36ef,1.7773444167085169e+18
d9c1120c-05d9-4559-9b36-0867c9eb36ef,1.777344416741859e+18
d9c1120c-05d9-4559-9b36-0867c9eb36ef,1.777344416775202e+18
d9c1120c-05d9-4559-9b36-0867c9eb36ef,1.777344416808544e+18
d9c1120c-05d9-4559-9b36-0867c9eb36ef,1.777344416841887e+18
d9c1120c-05d9-4559-9b36-0867c9eb36ef,1.77734441687523e+18
d9c1120c-05d9-4559-9b36-0867c9eb36ef,1.777344416908572e+18
d9c1120c-05d9-4559-9b36-0867c9eb36ef,1.777344416941915e+18
d9c1120c-05d9-4559-9b36-0867c9eb36ef,1.7773444169752568e+18
d9c1120c-05d9-4559-9b36-0867c9eb36ef,1.7773444170086e+18
d9c1120c-05d9-4559-9b36-0867c9eb36ef,1.777344417041943e+18
d9c1120c-05d9-4559-9b36-0867c9eb36ef,1.777344417075285e+18
d9c1120c-05d9-4559-9b36-0867c9eb36ef,1.777344417108628e+18
d9c1120c-05d9-4559-9b36-0867c9eb36ef,1.777344417141971e+18
d9c1120c-05d9-4559-9b36-0867c9eb36ef,1.777344417175313e+18
d9c1120c-05d9-4559-9b36-0867c9eb36ef,1.777344417208656e+18
d9c1120c-05d9-4559-9b36-0867c9eb36ef,1.7773444172419978e+18
d9c1120c-05d9-4559-9b36-0867c9eb36ef,1.777344417275341e+18
d9c1120c-05d9-4559-9b36-0867c9eb36ef,1.777344417308684e+18
d9c1120c-05d9-4559-9b36-0867c9eb36ef,1.777344417342026e+18
d9c1120c-05d9-4559-9b36-0867c9eb36ef,1.777344417375369e+18
d9c1120c-05d9-4559-9b36-0867c9eb36ef,1.777344417408712e+18
d9c1120c-05d9-4559-9b36-0867c9eb36ef,1.777344417442054e+18
d9c1120c-05d9-4559-9b36-0867c9eb36ef,1.7773444174753969e+18
d9c1120c-05d9-4559-9b36-0867c9eb36ef,1.777344417508739e+18
d9c1120c-05d9-4559-9b36-0867c9eb36ef,1.777344417542082e+18
d9c1120c-05d9-4559-9b36-0867c9eb36ef,1.777344417575425e+18
d9c1120c-05d9-4559-9b36-0867c9eb36ef,1.777344417608767e+18
d9c1120c-05d9-4559-9b36-0867c9eb36ef,1.77734441764211e+18
d9c1120c-05d9-4559-9b36-0867c9eb36ef,1.777344417675453e+18
d9c1120c-05d9-4559-9b36-0867c9eb36ef,1.777344417708795e+18
d9c1120c-05d9-4559-9b36-0867c9eb36ef,1.7773444177421379e+18
d9c1120c-05d9-4559-9b36-0867c9eb36ef,1.77734441777548e+18
d9c1120c-05d9-4559-9b36-0867c9eb36ef,1.777344417808823e+18
d9c1120c-05d9-4559-9b36-0867c9eb36ef,1.777344417842166e+18
d9c1120c-05d9-4559-9b36-0867c9eb36ef,1.777344417875508e+18
d9c1120c-05d9-4559-9b36-0867c9eb36ef,1.777344417908851e+18
d9c1120c-05d9-4559-9b36-0867c9eb36ef,1.777344417942194e+18
d9c1120c-05d9-4559-9b36-0867c9eb36ef,1.7773444179755359e+18
d9c1120c-05d9-4559-9b36-0867c9eb36ef,1.7773444180088788e+18
d9c1120c-05d9-4559-9b36-0867c9eb36ef,1.777344418042221e+18
d9c1120c-05d9-4559-9b36-0867c9eb36ef,1.777344418075564e+18
d9c1120c-05d9-4559-9b36-0867c9eb36ef,1.777344418108907e+18
d9c1120c-05d9-4559-9b36-0867c9eb36ef,1.777344418142249e+18
d9c1120c-05d9-4559-9b36-0867c9eb36ef,1.777344418175592e+18
d9c1120c-05d9-4559-9b36-0867c9eb36ef,1.777344418208935e+18
d9c1120c-05d9-4559-9b36-0867c9eb36ef,1.7773444182422769e+18
d9c1120c-05d9-4559-9b36-0867c9eb36ef,1.7773444182756198e+18
d9c1120c-05d9-4559-9b36-0867c9eb36ef,1.777344418308962e+18
d9c1120c-05d9-4559-9b36-0867c9eb36ef,1.777344418342305e+18
d9c1120c-05d9-4559-9b36-0867c9eb36ef,1.777344418375648e+18
d9c1120c-05d9-4559-9b36-0867c9eb36ef,1.77734441840899e+18
d9c1120c-05d9-4559-9b36-0867c9eb36ef,1.777344418442333e+18
d9c1120c-05d9-4559-9b36-0867c9eb36ef,1.777344418475676e+18
d9c1120c-05d9-4559-9b36-0867c9eb36ef,1.7773444185090179e+18
d9c1120c-05d9-4559-9b36-0867c9eb36ef,1.7773444185423608e+18
d9c1120c-05d9-4559-9b36-0867c9eb36ef,1.777344418575703e+18
d9c1120c-05d9-4559-9b36-0867c9eb36ef,1.777344418609046e+18
d9c1120c-05d9-4559-9b36-0867c9eb36ef,1.777344418642389e+18
d9c1120c-05d9-4559-9b36-0867c9eb36ef,1.777344418675731e+18
d9c1120c-05d9-4559-9b36-0867c9eb36ef,1.777344418709074e+18
d9c1120c-05d9-4559-9b36-0867c9eb36ef,1.777344418742417e+18
d9c1120c-05d9-4559-9b36-0867c9eb36ef,1.7773444187757588e+18
d9c1120c-05d9-4559-9b36-0867c9eb36ef,1.7773444188091018e+18
d9c1120c-05d9-4559-9b36-0867c9eb36ef,1.777344418842444e+18
d9c1120c-05d9-4559-9b36-0867c9eb36ef,1.777344418875787e+18
d9c1120c-05d9-4559-9b36-0867c9eb36ef,1.77734441890913e+18
d9c1120c-05d9-4559-9b36-0867c9eb36ef,1.777344418942472e+18
d9c1120c-05d9-4559-9b36-0867c9eb36ef,1.777344418975815e+18
d9c1120c-05d9-4559-9b36-0867c9eb36ef,1.777344419009158e+18
d9c1120c-05d9-4559-9b36-0867c9eb36ef,1.7773444190424998e+18
d9c1120c-05d9-4559-9b36-0867c9eb36ef,1.777344419075843e+18
d9c1120c-05d9-4559-9b36-0867c9eb36ef,1.777344419109185e+18
d9c1120c-05d9-4559-9b36-0867c9eb36ef,1.777344419142528e+18
d9c1120c-05d9-4559-9b36-0867c9eb36ef,1.777344419175871e+18
d9c1120c-05d9-4559-9b36-0867c9eb36ef,1.777344419209213e+18
d9c1120c-05d9-4559-9b36-0867c9eb36ef,1.777344419242556e+18
d9c1120c-05d9-4559-9b36-0867c9eb36ef,1.777344419275899e+18
d9c1120c-05d9-4559-9b36-0867c9eb36ef,1.7773444193092408e+18
d9c1120c-05d9-4559-9b36-0867c9eb36ef,1.777344419342584e+18
d9c1120c-05d9-4559-9b36-0867c9eb36ef,1.777344419375926e+18
d9c1120c-05d9-4559-9b36-0867c9eb36ef,1.777344419409269e+18
d9c1120c-05d9-4559-9b36-0867c9eb36ef,1.777344419442612e+18
d9c1120c-05d9-4559-9b36-0867c9eb36ef,1.777344419475954e+18
d9c1120c-05d9-4559-9b36-0867c9eb36ef,1.777344419509297e+18
d9c1120c-05d9-4559-9b36-0867c9eb36ef,1.7773444195426388e+18
d9c1120c-05d9-4559-9b36-0867c9eb36ef,1.7773444195759818e+18
d9c1120c-05d9-4559-9b36-0867c9eb36ef,1.777344419609325e+18
d9c1120c-05d9-4559-9b36-0867c9eb36ef,1.777344419642667e+18
d9c1120c-05d9-4559-9b36-0867c9eb36ef,1.77734441967601e+18
d9c1120c-05d9-4559-9b36-0867c9eb36ef,1.777344419709353e+18
d9c1120c-05d9-4559-9b36-0867c9eb36ef,1.777344419742695e+18
d9c1120c-05d9-4559-9b36-0867c9eb36ef,1.777344419776038e+18
d9c1120c-05d9-4559-9b36-0867c9eb36ef,1.7773444198093798e+18
d9c1120c-05d9-4559-9b36-0867c9eb36ef,1.777344419842723e+18
d9c1120c-05d9-4559-9b36-0867c9eb36ef,1.777344419876066e+18
d9c1120c-05d9-4559-9b36-0867c9eb36ef,1.777344419909408e+18
d9c1120c-05d9-4559-9b36-0867c9eb36ef,1.777344419942751e+18
d9c1120c-05d9-4559-9b36-0867c9eb36ef,1.777344419976094e+18
d9c1120c-05d9-4559-9b36-0867c9eb36ef,1.777344420009436e+18
d9c1120c-05d9-4559-9b36-0867c9eb36ef,1.777344420042779e+18
d9c1120c-05d9-4559-9b36-0867c9eb36ef,1.7773444200761219e+18
d9c1120c-05d9-4559-9b36-0867c9eb36ef,1.777344420109464e+18
d9c1120c-05d9-4559-9b36-0867c9eb36ef,1.777344420142807e+18
d9c1120c-05d9-4559-9b36-0867c9eb36ef,1.777344420176149e+18
d9c1120c-05d9-4559-9b36-0867c9eb36ef,1.777344420209492e+18
d9c1120c-05d9-4559-9b36-0867c9eb36ef,1.777344420242835e+18
d9c1120c-05d9-4559-9b36-0867c9eb36ef,1.777344420276177e+18
d9c1120c-05d9-4559-9b36-0867c9eb36ef,1.77734442030952e+18
d9c1120c-05d9-4559-9b36-0867c9eb36ef,1.7773444203428618e+18
d9c1120c-05d9-4559-9b36-0867c9eb36ef,1.777344420376205e+18
d9c1120c-05d9-4559-9b36-0867c9eb36ef,1.777344420409548e+18
d9c1120c-05d9-4559-9b36-0867c9eb36ef,1.77734442044289e+18
d9c1120c-05d9-4559-9b36-0867c9eb36ef,1.777344420476233e+18
d9c1120c-05d9-4559-9b36-0867c9eb36ef,1.777344420509576e+18
d9c1120c-05d9-4559-9b36-0867c9eb36ef,1.777344420542918e+18
d9c1120c-05d9-4559-9b36-0867c9eb36ef,1.7773444205762609e+18
d9c1120c-05d9-4559-9b36-0867c9eb36ef,1.7773444206096038e+18
d9c1120c-05d9-4559-9b36-0867c9eb36ef,1.777344420642946e+18
d9c1120c-05d9-4559-9b36-0867c9eb36ef,1.777344420676289e+18
d9c1120c-05d9-4559-9b36-0867c9eb36ef,1.777344420709631e+18
d9c1120c-05d9-4559-9b36-0867c9eb36ef,1.777344420742974e+18
d9c1120c-05d9-4559-9b36-0867c9eb36ef,1.777344420776317e+18
d9c1120c-05d9-4559-9b36-0867c9eb36ef,1.777344420809659e+18
d9c1120c-05d9-4559-9b36-0867c9eb36ef,1.7773444208430019e+18
d9c1120c-05d9-4559-9b36-0867c9eb36ef,1.777344420876344e+18
d9c1120c-05d9-4559-9b36-0867c9eb36ef,1.777344420909687e+18
d9c1120c-05d9-4559-9b36-0867c9eb36ef,1.77734442094303e+18
d9c1120c-05d9-4559-9b36-0867c9eb36ef,1.777344420976372e+18
d9c1120c-05d9-4559-9b36-0867c9eb36ef,1.777344421009715e+18
d9c1120c-05d9-4559-9b36-0867c9eb36ef,1.777344421043058e+18
d9c1120c-05d9-4559-9b36-0867c9eb36ef,1.7773444210763999e+18
d9c1120c-05d9-4559-9b36-0867c9eb36ef,1.7773444211097428e+18
d9c1120c-05d9-4559-9b36-0867c9eb36ef,1.777344421143085e+18
d9c1120c-05d9-4559-9b36-0867c9eb36ef,1.777344421176428e+18
d9c1120c-05d9-4559-9b36-0867c9eb36ef,1.777344421209771e+18
d9c1120c-05d9-4559-9b36-0867c9eb36ef,1.777344421243113e+18
d9c1120c-05d9-4559-9b36-0867c9eb36ef,1.777344421276456e+18
d9c1120c-05d9-4559-9b36-0867c9eb36ef,1.777344421309799e+18
d9c1120c-05d9-4559-9b36-0867c9eb36ef,1.7773444213431409e+18
d9c1120c-05d9-4559-9b36-0867c9eb36ef,1.7773444213764838e+18
d9c1120c-05d9-4559-9b36-0867c9eb36ef,1.777344421409827e+18
d9c1120c-05d9-4559-9b36-0867c9eb36ef,1.777344421443169e+18
d9c1120c-05d9-4559-9b36-0867c9eb36ef,1.777344421476512e+18
d9c1120c-05d9-4559-9b36-0867c9eb36ef,1.777344421509854e+18
d9c1120c-05d9-4559-9b36-0867c9eb36ef,1.777344421543197e+18
d9c1120c-05d9-4559-9b36-0867c9eb36ef,1.77734442157654e+18
d9c1120c-05d9-4559-9b36-0867c9eb36ef,1.7773444216098819e+18
d9c1120c-05d9-4559-9b36-0867c9eb36ef,1.7773444216432248e+18
d9c1120c-05d9-4559-9b36-0867c9eb36ef,1.777344421676567e+18
d9c1120c-05d9-4559-9b36-0867c9eb36ef,1.77734442170991e+18
d9c1120c-05d9-4559-9b36-0867c9eb36ef,1.777344421743253e+18
d9c1120c-05d9-4559-9b36-0867c9eb36ef,1.777344421776595e+18
d9c1120c-05d9-4559-9b36-0867c9eb36ef,1.777344421809938e+18
d9c1120c-05d9-4559-9b36-0867c9eb36ef,1.777344421843281e+18
d9c1120c-05d9-4559-9b36-0867c9eb36ef,1.7773444218766228e+18
d9c1120c-05d9-4559-9b36-0867c9eb36ef,1.7773444219099658e+18
d9c1120c-05d9-4559-9b36-0867c9eb36ef,1.777344421943309e+18
d9c1120c-05d9-4559-9b36-0867c9eb36ef,1.777344421976651e+18
d9c1120c-05d9-4559-9b36-0867c9eb36ef,1.777344422009994e+18
d9c1120c-05d9-4559-9b36-0867c9eb36ef,1.777344422043336e+18
d9c1120c-05d9-4559-9b36-0867c9eb36ef,1.777344422076679e+18
d9c1120c-05d9-4559-9b36-0867c9eb36ef,1.777344422110022e+18
d9c1120c-05d9-4559-9b36-0867c9eb36ef,1.7773444221433638e+18
d9c1120c-05d9-4559-9b36-0867c9eb36ef,1.777344422176707e+18
d9c1120c-05d9-4559-9b36-0867c9eb36ef,1.777344422210049e+18
d9c1120c-05d9-4559-9b36-0867c9eb36ef,1.777344422243392e+18
d9c1120c-05d9-4559-9b36-0867c9eb36ef,1.777344422276735e+18
d9c1120c-05d9-4559-9b36-0867c9eb36ef,1.777344422310077e+18
d9c1120c-05d9-4559-9b36-0867c9eb36ef,1.77734442234342e+18
d9c1120c-05d9-4559-9b36-0867c9eb36ef,1.777344422376763e+18
d9c1120c-05d9-4559-9b36-0867c9eb36ef,1.7773444224101048e+18
d9c1120c-05d9-4559-9b36-0867c9eb36ef,1.777344422443448e+18
d9c1120c-05d9-4559-9b36-0867c9eb36ef,1.77734442247679e+18
d9c1120c-05d9-4559-9b36-0867c9eb36ef,1.777344422510133e+18
d9c1120c-05d9-4559-9b36-0867c9eb36ef,1.777344422543476e+18
d9c1120c-05d9-4559-9b36-0867c9eb36ef,1.777344422576818e+18
d9c1120c-05d9-4559-9b36-0867c9eb36ef,1.777344422610161e+18
d9c1120c-05d9-4559-9b36-0867c9eb36ef,1.7773444226435039e+18
d9c1120c-05d9-4559-9b36-0867c9eb36ef,1.7773444226768458e+18
d9c1120c-05d9-4559-9b36-0867c9eb36ef,1.777344422710189e+18
d9c1120c-05d9-4559-9b36-0867c9eb36ef,1.777344422743531e+18
d9c1120c-05d9-4559-9b36-0867c9eb36ef,1.777344422776874e+18
d9c1120c-05d9-4559-9b36-0867c9eb36ef,1.777344422810217e+18
d9c1120c-05d9-4559-9b36-0867c9eb36ef,1.777344422843559e+18
d9c1120c-05d9-4559-9b36-0867c9eb36ef,1.777344422876902e+18
d9c1120c-05d9-4559-9b36-0867c9eb36ef,1.7773444229102449e+18
d9c1120c-05d9-4559-9b36-0867c9eb36ef,1.777344422943587e+18
d9c1120c-05d9-4559-9b36-0867c9eb36ef,1.77734442297693e+18
d9c1120c-05d9-4559-9b36-0867c9eb36ef,1.777344423010272e+18
d9c1120c-05d9-4559-9b36-0867c9eb36ef,1.777344423043615e+18
d9c1120c-05d9-4559-9b36-0867c9eb36ef,1.777344423076958e+18
d9c1120c-05d9-4559-9b36-0867c9eb36ef,1.7773444231103e+18
d9c1120c-05d9-4559-9b36-0867c9eb36ef,1.777344423143643e+18
d9c1120c-05d9-4559-9b36-0867c9eb36ef,1.7773444231769859e+18
d9c1120c-05d9-4559-9b36-0867c9eb36ef,1.777344423210328e+18
d9c1120c-05d9-4559-9b36-0867c9eb36ef,1.777344423243671e+18
d9c1120c-05d9-4559-9b36-0867c9eb36ef,1.777344423277013e+18
d9c1120c-05d9-4559-9b36-0867c9eb36ef,1.777344423310356e+18
d9c1120c-05d9-4559-9b36-0867c9eb36ef,1.777344423343699e+18
d9c1120c-05d9-4559-9b36-0867c9eb36ef,1.777344423377041e+18
d9c1120c-05d9-4559-9b36-0867c9eb36ef,1.777344423410384e+18
d9c1120c-05d9-4559-9b36-0867c9eb36ef,1.7773444234437268e+18
d9c1120c-05d9-4559-9b36-0867c9eb36ef,1.777344423477069e+18
d9c1120c-05d9-4559-9b36-0867c9eb36ef,1.777344423510412e+18
d9c1120c-05d9-4559-9b36-0867c9eb36ef,1.777344423543754e+18
d9c1120c-05d9-4559-9b36-0867c9eb36ef,1.777344423577097e+18
d9c1120c-05d9-4559-9b36-0867c9eb36ef,1.77734442361044e+18
d9c1120c-05d9-4559-9b36-0867c9eb36ef,1.777344423643782e+18
d9c1120c-05d9-4559-9b36-0867c9eb36ef,1.7773444236771249e+18
d9c1120c-05d9-4559-9b36-0867c9eb36ef,1.7773444237104678e+18
d9c1120c-05d9-4559-9b36-0867c9eb36ef,1.77734442374381e+18
d9c1120c-05d9-4559-9b36-0867c9eb36ef,1.777344423777153e+18
d9c1120c-05d9-4559-9b36-0867c9eb36ef,1.777344423810495e+18
d9c1120c-05d9-4559-9b36-0867c9eb36ef,1.777344423843838e+18
d9c1120c-05d9-4559-9b36-0867c9eb36ef,1.777344423877181e+18
d9c1120c-05d9-4559-9b36-0867c9eb36ef,1.777344423910523e+18
d9c1120c-05d9-4559-9b36-0867c9eb36ef,1.7773444239438659e+18
d9c1120c-05d9-4559-9b36-0867c9eb36ef,1.7773444239772088e+18
d9c1120c-05d9-4559-9b36-0867c9eb36ef,1.777344424010551e+18
d9c1120c-05d9-4559-9b36-0867c9eb36ef,1.777344424043894e+18
d9c1120c-05d9-4559-9b36-0867c9eb36ef,1.777344424077236e+18
d9c1120c-05d9-4559-9b36-0867c9eb36ef,1.777344424110579e+18
d9c1120c-05d9-4559-9b36-0867c9eb36ef,1.777344424143922e+18
d9c1120c-05d9-4559-9b36-0867c9eb36ef,1.7773444241772639e+18
d9c1120c-05d9-4559-9b36-0867c9eb36ef,1.7773444242106068e+18
d9c1120c-05d9-4559-9b36-0867c9eb36ef,1.7773444242439498e+18
d9c1120c-05d9-4559-9b36-0867c9eb36ef,1.777344424277292e+18
d9c1120c-05d9-4559-9b36-0867c9eb36ef,1.777344424310635e+18
d9c1120c-05d9-4559-9b36-0867c9eb36ef,1.777344424343977e+18
d9c1120c-05d9-4559-9b36-0867c9eb36ef,1.77734442437732e+18
d9c1120c-05d9-4559-9b36-0867c9eb36ef,1.777344424410663e+18
d9c1120c-05d9-4559-9b36-0867c9eb36ef,1.7773444244440049e+18
d9c1120c-05d9-4559-9b36-0867c9eb36ef,1.7773444244773478e+18
d9c1120c-05d9-4559-9b36-0867c9eb36ef,1.777344424510691e+18
d9c1120c-05d9-4559-9b36-0867c9eb36ef,1.777344424544033e+18
d9c1120c-05d9-4559-9b36-0867c9eb36ef,1.777344424577376e+18
d9c1120c-05d9-4559-9b36-0867c9eb36ef,1.777344424610718e+18
d9c1120c-05d9-4559-9b36-0867c9eb36ef,1.777344424644061e+18
d9c1120c-05d9-4559-9b36-0867c9eb36ef,1.777344424677404e+18
d9c1120c-05d9-4559-9b36-0867c9eb36ef,1.7773444247107459e+18
d9c1120c-05d9-4559-9b36-0867c9eb36ef,1.7773444247440888e+18
d9c1120c-05d9-4559-9b36-0867c9eb36ef,1.777344424777432e+18
d9c1120c-05d9-4559-9b36-0867c9eb36ef,1.777344424810774e+18
d9c1120c-05d9-4559-9b36-0867c9eb36ef,1.777344424844117e+18
d9c1120c-05d9-4559-9b36-0867c9eb36ef,1.777344424877459e+18
d9c1120c-05d9-4559-9b36-0867c9eb36ef,1.777344424910802e+18
d9c1120c-05d9-4559-9b36-0867c9eb36ef,1.777344424944145e+18
d9c1120c-05d9-4559-9b36-0867c9eb36ef,1.7773444249774868e+18
d9c1120c-05d9-4559-9b36-0867c9eb36ef,1.7773444250108298e+18
d9c1120c-05d9-4559-9b36-0867c9eb36ef,1.777344425044173e+18
d9c1120c-05d9-4559-9b36-0867c9eb36ef,1.777344425077515e+18
d9c1120c-05d9-4559-9b36-0867c9eb36ef,1.777344425110858e+18
d9c1120c-05d9-4559-9b36-0867c9eb36ef,1.7773444251442e+18
d9c1120c-05d9-4559-9b36-0867c9eb36ef,1.777344425177543e+18
d9c1120c-05d9-4559-9b36-0867c9eb36ef,1.777344425210886e+18
d9c1120c-05d9-4559-9b36-0867c9eb36ef,1.7773444252442278e+18
d9c1120c-05d9-4559-9b36-0867c9eb36ef,1.777344425277571e+18
d9c1120c-05d9-4559-9b36-0867c9eb36ef,1.777344425310914e+18
d9c1120c-05d9-4559-9b36-0867c9eb36ef,1.777344425344256e+18
d9c1120c-05d9-4559-9b36-0867c9eb36ef,1.777344425377599e+18
d9c1120c-05d9-4559-9b36-0867c9eb36ef,1.777344425410941e+18
d9c1120c-05d9-4559-9b36-0867c9eb36ef,1.777344425444284e+18
d9c1120c-05d9-4559-9b36-0867c9eb36ef,1.777344425477627e+18
d9c1120c-05d9-4559-9b36-0867c9eb36ef,1.7773444255109688e+18
d9c1120c-05d9-4559-9b36-0867c9eb36ef,1.777344425544312e+18
d9c1120c-05d9-4559-9b36-0867c9eb36ef,1.777344425577655e+18
d9c1120c-05d9-4559-9b36-0867c9eb36ef,1.777344425610997e+18
d9c1120c-05d9-4559-9b36-0867c9eb36ef,1.77734442564434e+18
d9c1120c-05d9-4559-9b36-0867c9eb36ef,1.777344425677682e+18
d9c1120c-05d9-4559-9b36-0867c9eb36ef,1.777344425711025e+18
d9c1120c-05d9-4559-9b36-0867c9eb36ef,1.7773444257443679e+18
d9c1120c-05d9-4559-9b36-0867c9eb36ef,1.7773444257777098e+18
d9c1120c-05d9-4559-9b36-0867c9eb36ef,1.777344425811053e+18
d9c1120c-05d9-4559-9b36-0867c9eb36ef,1.777344425844396e+18
d9c1120c-05d9-4559-9b36-0867c9eb36ef,1.777344425877738e+18
d9c1120c-05d9-4559-9b36-0867c9eb36ef,1.777344425911081e+18
d9c1120c-05d9-4559-9b36-0867c9eb36ef,1.777344425944423e+18
d9c1120c-05d9-4559-9b36-0867c9eb36ef,1.777344425977766e+18
d9c1120c-05d9-4559-9b36-0867c9eb36ef,1.7773444260111089e+18
d9c1120c-05d9-4559-9b36-0867c9eb36ef,1.777344426044451e+18
d9c1120c-05d9-4559-9b36-0867c9eb36ef,1.777344426077794e+18
d9c1120c-05d9-4559-9b36-0867c9eb36ef,1.777344426111137e+18
d9c1120c-05d9-4559-9b36-0867c9eb36ef,1.777344426144479e+18
d9c1120c-05d9-4559-9b36-0867c9eb36ef,1.777344426177822e+18
d9c1120c-05d9-4559-9b36-0867c9eb36ef,1.777344426211164e+18
d9c1120c-05d9-4559-9b36-0867c9eb36ef,1.777344426244507e+18
d9c1120c-05d9-4559-9b36-0867c9eb36ef,1.7773444262778499e+18
d9c1120c-05d9-4559-9b36-0867c9eb36ef,1.777344426311192e+18
d9c1120c-05d9-4559-9b36-0867c9eb36ef,1.777344426344535e+18
d9c1120c-05d9-4559-9b36-0867c9eb36ef,1.777344426377878e+18
d9c1120c-05d9-4559-9b36-0867c9eb36ef,1.77734442641122e+18
d9c1120c-05d9-4559-9b36-0867c9eb36ef,1.777344426444563e+18
d9c1120c-05d9-4559-9b36-0867c9eb36ef,1.777344426477905e+18
d9c1120c-05d9-4559-9b36-0867c9eb36ef,1.777344426511248e+18
d9c1120c-05d9-4559-9b36-0867c9eb36ef,1.7773444265445908e+18
d9c1120c-05d9-4559-9b36-0867c9eb36ef,1.777344426577933e+18
d9c1120c-05d9-4559-9b36-0867c9eb36ef,1.777344426611276e+18
d9c1120c-05d9-4559-9b36-0867c9eb36ef,1.777344426644619e+18
d9c1120c-05d9-4559-9b36-0867c9eb36ef,1.777344426677961e+18
d9c1120c-05d9-4559-9b36-0867c9eb36ef,1.777344426711304e+18
d9c1120c-05d9-4559-9b36-0867c9eb36ef,1.777344426744646e+18
d9c1120c-05d9-4559-9b36-0867c9eb36ef,1.7773444267779889e+18
d9c1120c-05d9-4559-9b36-0867c9eb36ef,1.7773444268113318e+18
d9c1120c-05d9-4559-9b36-0867c9eb36ef,1.777344426844674e+18
d9c1120c-05d9-4559-9b36-0867c9eb36ef,1.777344426878017e+18
d9c1120c-05d9-4559-9b36-0867c9eb36ef,1.77734442691136e+18
d9c1120c-05d9-4559-9b36-0867c9eb36ef,1.777344426944702e+18
d9c1120c-05d9-4559-9b36-0867c9eb36ef,1.777344426978045e+18
d9c1120c-05d9-4559-9b36-0867c9eb36ef,1.777344427011387e+18
d9c1120c-05d9-4559-9b36-0867c9eb36ef,1.7773444270447299e+18
d9c1120c-05d9-4559-9b36-0867c9eb36ef,1.7773444270780728e+18
d9c1120c-05d9-4559-9b36-0867c9eb36ef,1.777344427111415e+18
d9c1120c-05d9-4559-9b36-0867c9eb36ef,1.777344427144758e+18
d9c1120c-05d9-4559-9b36-0867c9eb36ef,1.777344427178101e+18
d9c1120c-05d9-4559-9b36-0867c9eb36ef,1.777344427211443e+18
d9c1120c-05d9-4559-9b36-0867c9eb36ef,1.777344427244786e+18
d9c1120c-05d9-4559-9b36-0867c9eb36ef,1.7773444272781279e+18
d9c1120c-05d9-4559-9b36-0867c9eb36ef,1.7773444273114708e+18
d9c1120c-05d9-4559-9b36-0867c9eb36ef,1.7773444273448138e+18
d9c1120c-05d9-4559-9b36-0867c9eb36ef,1.777344427378156e+18
d9c1120c-05d9-4559-9b36-0867c9eb36ef,1.777344427411499e+18
d9c1120c-05d9-4559-9b36-0867c9eb36ef,1.777344427444842e+18
d9c1120c-05d9-4559-9b36-0867c9eb36ef,1.777344427478184e+18
d9c1120c-05d9-4559-9b36-0867c9eb36ef,1.777344427511527e+18
d9c1120c-05d9-4559-9b36-0867c9eb36ef,1.7773444275448689e+18
d9c1120c-05d9-4559-9b36-0867c9eb36ef,1.7773444275782118e+18
d9c1120c-05d9-4559-9b36-0867c9eb36ef,1.777344427611555e+18
d9c1120c-05d9-4559-9b36-0867c9eb36ef,1.777344427644897e+18
d9c1120c-05d9-4559-9b36-0867c9eb36ef,1.77734442767824e+18
d9c1120c-05d9-4559-9b36-0867c9eb36ef,1.777344427711583e+18
d9c1120c-05d9-4559-9b36-0867c9eb36ef,1.777344427744925e+18
d9c1120c-05d9-4559-9b36-0867c9eb36ef,1.777344427778268e+18
d9c1120c-05d9-4559-9b36-0867c9eb36ef,1.7773444278116099e+18
d9c1120c-05d9-4559-9b36-0867c9eb36ef,1.7773444278449528e+18
d9c1120c-05d9-4559-9b36-0867c9eb36ef,1.777344427878296e+18
d9c1120c-05d9-4559-9b36-0867c9eb36ef,1.777344427911638e+18
d9c1120c-05d9-4559-9b36-0867c9eb36ef,1.777344427944981e+18
d9c1120c-05d9-4559-9b36-0867c9eb36ef,1.777344427978323e+18
d9c1120c-05d9-4559-9b36-0867c9eb36ef,1.777344428011666e+18
d9c1120c-05d9-4559-9b36-0867c9eb36ef,1.777344428045009e+18
d9c1120c-05d9-4559-9b36-0867c9eb36ef,1.7773444280783508e+18
d9c1120c-05d9-4559-9b36-0867c9eb36ef,1.7773444281116938e+18
d9c1120c-05d9-4559-9b36-0867c9eb36ef,1.777344428145037e+18
d9c1120c-05d9-4559-9b36-0867c9eb36ef,1.777344428178379e+18
d9c1120c-05d9-4559-9b36-0867c9eb36ef,1.777344428211722e+18
d9c1120c-05d9-4559-9b36-0867c9eb36ef,1.777344428245064e+18
d9c1120c-05d9-4559-9b36-0867c9eb36ef,1.777344428278407e+18
d9c1120c-05d9-4559-9b36-0867c9eb36ef,1.77734442831175e+18
d9c1120c-05d9-4559-9b36-0867c9eb36ef,1.7773444283450918e+18
d9c1120c-05d9-4559-9b36-0867c9eb36ef,1.777344428378435e+18
d9c1120c-05d9-4559-9b36-0867c9eb36ef,1.777344428411778e+18
d9c1120c-05d9-4559-9b36-0867c9eb36ef,1.77734442844512e+18
d9c1120c-05d9-4559-9b36-0867c9eb36ef,1.777344428478463e+18
d9c1120c-05d9-4559-9b36-0867c9eb36ef,1.777344428511805e+18
d9c1120c-05d9-4559-9b36-0867c9eb36ef,1.777344428545148e+18
d9c1120c-05d9-4559-9b36-0867c9eb36ef,1.777344428578491e+18
d9c1120c-05d9-4559-9b36-0867c9eb36ef,1.7773444286118328e+18
d9c1120c-05d9-4559-9b36-0867c9eb36ef,1.777344428645176e+18
d9c1120c-05d9-4559-9b36-0867c9eb36ef,1.777344428678519e+18
d9c1120c-05d9-4559-9b36-0867c9eb36ef,1.777344428711861e+18
d9c1120c-05d9-4559-9b36-0867c9eb36ef,1.777344428745204e+18
d9c1120c-05d9-4559-9b36-0867c9eb36ef,1.777344428778546e+18
d9c1120c-05d9-4559-9b36-0867c9eb36ef,1.777344428811889e+18
d9c1120c-05d9-4559-9b36-0867c9eb36ef,1.7773444288452319e+18
d9c1120c-05d9-4559-9b36-0867c9eb36ef,1.7773444288785738e+18
d9c1120c-05d9-4559-9b36-0867c9eb36ef,1.777344428911917e+18
d9c1120c-05d9-4559-9b36-0867c9eb36ef,1.77734442894526e+18
d9c1120c-05d9-4559-9b36-0867c9eb36ef,1.777344428978602e+18
d9c1120c-05d9-4559-9b36-0867c9eb36ef,1.777344429011945e+18
d9c1120c-05d9-4559-9b36-0867c9eb36ef,1.777344429045287e+18
d9c1120c-05d9-4559-9b36-0867c9eb36ef,1.77734442907863e+18
d9c1120c-05d9-4559-9b36-0867c9eb36ef,1.7773444291119729e+18
d9c1120c-05d9-4559-9b36-0867c9eb36ef,1.777344429145315e+18
d9c1120c-05d9-4559-9b36-0867c9eb36ef,1.777344429178658e+18
d9c1120c-05d9-4559-9b36-0867c9eb36ef,1.777344429212001e+18
d9c1120c-05d9-4559-9b36-0867c9eb36ef,1.777344429245343e+18
d9c1120c-05d9-4559-9b36-0867c9eb36ef,1.777344429278686e+18
d9c1120c-05d9-4559-9b36-0867c9eb36ef,1.777344429312028e+18
d9c1120c-05d9-4559-9b36-0867c9eb36ef,1.777344429345371e+18
d9c1120c-05d9-4559-9b36-0867c9eb36ef,1.7773444293787139e+18
d9c1120c-05d9-4559-9b36-0867c9eb36ef,1.777344429412056e+18
d9c1120c-05d9-4559-9b36-0867c9eb36ef,1.777344429445399e+18
d9c1120c-05d9-4559-9b36-0867c9eb36ef,1.777344429478742e+18
d9c1120c-05d9-4559-9b36-0867c9eb36ef,1.777344429512084e+18
d9c1120c-05d9-4559-9b36-0867c9eb36ef,1.777344429545427e+18
d9c1120c-05d9-4559-9b36-0867c9eb36ef,1.777344429578769e+18
d9c1120c-05d9-4559-9b36-0867c9eb36ef,1.777344429612112e+18
d9c1120c-05d9-4559-9b36-0867c9eb36ef,1.7773444296454548e+18
d9c1120c-05d9-4559-9b36-0867c9eb36ef,1.777344429678797e+18
d9c1120c-05d9-4559-9b36-0867c9eb36ef,1.77734442971214e+18
d9c1120c-05d9-4559-9b36-0867c9eb36ef,1.777344429745483e+18
d9c1120c-05d9-4559-9b36-0867c9eb36ef,1.777344429778825e+18
d9c1120c-05d9-4559-9b36-0867c9eb36ef,1.777344429812168e+18
d9c1120c-05d9-4559-9b36-0867c9eb36ef,1.77734442984551e+18
d9c1120c-05d9-4559-9b36-0867c9eb36ef,1.7773444298788529e+18
d9c1120c-05d9-4559-9b36-0867c9eb36ef,1.7773444299121958e+18
d9c1120c-05d9-4559-9b36-0867c9eb36ef,1.777344429945538e+18
d9c1120c-05d9-4559-9b36-0867c9eb36ef,1.777344429978881e+18
d9c1120c-05d9-4559-9b36-0867c9eb36ef,1.777344430012224e+18
d9c1120c-05d9-4559-9b36-0867c9eb36ef,1.777344430045566e+18
d9c1120c-05d9-4559-9b36-0867c9eb36ef,1.777344430078909e+18
d9c1120c-05d9-4559-9b36-0867c9eb36ef,1.777344430112251e+18
d9c1120c-05d9-4559-9b36-0867c9eb36ef,1.7773444301455939e+18
d9c1120c-05d9-4559-9b36-0867c9eb36ef,1.7773444301789368e+18
d9c1120c-05d9-4559-9b36-0867c9eb36ef,1.777344430212279e+18
d9c1120c-05d9-4559-9b36-0867c9eb36ef,1.777344430245622e+18
d9c1120c-05d9-4559-9b36-0867c9eb36ef,1.777344430278965e+18
d9c1120c-05d9-4559-9b36-0867c9eb36ef,1.777344430312307e+18
d9c1120c-05d9-4559-9b36-0867c9eb36ef,1.77734443034565e+18
d9c1120c-05d9-4559-9b36-0867c9eb36ef,1.7773444303789919e+18
d9c1120c-05d9-4559-9b36-0867c9eb36ef,1.7773444304123348e+18
d9c1120c-05d9-4559-9b36-0867c9eb36ef,1.7773444304456778e+18
d9c1120c-05d9-4559-9b36-0867c9eb36ef,1.77734443047902e+18
d9c1120c-05d9-4559-9b36-0867c9eb36ef,1.777344430512363e+18
d9c1120c-05d9-4559-9b36-0867c9eb36ef,1.777344430545706e+18
d9c1120c-05d9-4559-9b36-0867c9eb36ef,1.777344430579048e+18
d9c1120c-05d9-4559-9b36-0867c9eb36ef,1.777344430612391e+18
d9c1120c-05d9-4559-9b36-0867c9eb36ef,1.7773444306457329e+18
d9c1120c-05d9-4559-9b36-0867c9eb36ef,1.7773444306790758e+18
d9c1120c-05d9-4559-9b36-0867c9eb36ef,1.777344430712419e+18
d9c1120c-05d9-4559-9b36-0867c9eb36ef,1.777344430745761e+18
d9c1120c-05d9-4559-9b36-0867c9eb36ef,1.777344430779104e+18
d9c1120c-05d9-4559-9b36-0867c9eb36ef,1.777344430812447e+18
d9c1120c-05d9-4559-9b36-0867c9eb36ef,1.777344430845789e+18
d9c1120c-05d9-4559-9b36-0867c9eb36ef,1.777344430879132e+18
d9c1120c-05d9-4559-9b36-0867c9eb36ef,1.7773444309124739e+18
d9c1120c-05d9-4559-9b36-0867c9eb36ef,1.7773444309458168e+18
d9c1120c-05d9-4559-9b36-0867c9eb36ef,1.77734443097916e+18
d9c1120c-05d9-4559-9b36-0867c9eb36ef,1.777344431012502e+18
d9c1120c-05d9-4559-9b36-0867c9eb36ef,1.777344431045845e+18
d9c1120c-05d9-4559-9b36-0867c9eb36ef,1.777344431079188e+18
d9c1120c-05d9-4559-9b36-0867c9eb36ef,1.77734443111253e+18
d9c1120c-05d9-4559-9b36-0867c9eb36ef,1.777344431145873e+18
d9c1120c-05d9-4559-9b36-0867c9eb36ef,1.7773444311792148e+18
d9c1120c-05d9-4559-9b36-0867c9eb36ef,1.7773444312125578e+18
d9c1120c-05d9-4559-9b36-0867c9eb36ef,1.777344431245901e+18
d9c1120c-05d9-4559-9b36-0867c9eb36ef,1.777344431279243e+18
d9c1120c-05d9-4559-9b36-0867c9eb36ef,1.777344431312586e+18
d9c1120c-05d9-4559-9b36-0867c9eb36ef,1.777344431345929e+18
d9c1120c-05d9-4559-9b36-0867c9eb36ef,1.777344431379271e+18
d9c1120c-05d9-4559-9b36-0867c9eb36ef,1.777344431412614e+18
d9c1120c-05d9-4559-9b36-0867c9eb36ef,1.7773444314459558e+18
d9c1120c-05d9-4559-9b36-0867c9eb36ef,1.777344431479299e+18
d9c1120c-05d9-4559-9b36-0867c9eb36ef,1.777344431512642e+18
d9c1120c-05d9-4559-9b36-0867c9eb36ef,1.777344431545984e+18
d9c1120c-05d9-4559-9b36-0867c9eb36ef,1.777344431579327e+18
d9c1120c-05d9-4559-9b36-0867c9eb36ef,1.77734443161267e+18
d9c1120c-05d9-4559-9b36-0867c9eb36ef,1.777344431646012e+18
d9c1120c-05d9-4559-9b36-0867c9eb36ef,1.777344431679355e+18
d9c1120c-05d9-4559-9b36-0867c9eb36ef,1.7773444317126968e+18
d9c1120c-05d9-4559-9b36-0867c9eb36ef,1.77734443174604e+18
d9c1120c-05d9-4559-9b36-0867c9eb36ef,1.777344431779383e+18
d9c1120c-05d9-4559-9b36-0867c9eb36ef,1.777344431812725e+18
d9c1120c-05d9-4559-9b36-0867c9eb36ef,1.777344431846068e+18
d9c1120c-05d9-4559-9b36-0867c9eb36ef,1.777344431879411e+18
d9c1120c-05d9-4559-9b36-0867c9eb36ef,1.777344431912753e+18
d9c1120c-05d9-4559-9b36-0867c9eb36ef,1.7773444319460959e+18
d9c1120c-05d9-4559-9b36-0867c9eb36ef,1.7773444319794378e+18
d9c1120c-05d9-4559-9b36-0867c9eb36ef,1.777344432012781e+18
d9c1120c-05d9-4559-9b36-0867c9eb36ef,1.777344432046124e+18
d9c1120c-05d9-4559-9b36-0867c9eb36ef,1.777344432079466e+18
d9c1120c-05d9-4559-9b36-0867c9eb36ef,1.777344432112809e+18
d9c1120c-05d9-4559-9b36-0867c9eb36ef,1.777344432146152e+18
d9c1120c-05d9-4559-9b36-0867c9eb36ef,1.777344432179494e+18
d9c1120c-05d9-4559-9b36-0867c9eb36ef,1.7773444322128369e+18
d9c1120c-05d9-4559-9b36-0867c9eb36ef,1.777344432246179e+18
d9c1120c-05d9-4559-9b36-0867c9eb36ef,1.777344432279522e+18
d9c1120c-05d9-4559-9b36-0867c9eb36ef,1.777344432312865e+18
d9c1120c-05d9-4559-9b36-0867c9eb36ef,1.777344432346207e+18
d9c1120c-05d9-4559-9b36-0867c9eb36ef,1.77734443237955e+18
d9c1120c-05d9-4559-9b36-0867c9eb36ef,1.777344432412893e+18
d9c1120c-05d9-4559-9b36-0867c9eb36ef,1.777344432446235e+18
d9c1120c-05d9-4559-9b36-0867c9eb36ef,1.7773444324795779e+18
d9c1120c-05d9-4559-9b36-0867c9eb36ef,1.77734443251292e+18
d9c1120c-05d9-4559-9b36-0867c9eb36ef,1.777344432546263e+18
d9c1120c-05d9-4559-9b36-0867c9eb36ef,1.777344432579606e+18
d9c1120c-05d9-4559-9b36-0867c9eb36ef,1.777344432612948e+18
d9c1120c-05d9-4559-9b36-0867c9eb36ef,1.777344432646291e+18
d9c1120c-05d9-4559-9b36-0867c9eb36ef,1.777344432679634e+18
d9c1120c-05d9-4559-9b36-0867c9eb36ef,1.777344432712976e+18
d9c1120c-05d9-4559-9b36-0867c9eb36ef,1.7773444327463188e+18
d9c1120c-05d9-4559-9b36-0867c9eb36ef,1.777344432779661e+18
d9c1120c-05d9-4559-9b36-0867c9eb36ef,1.777344432813004e+18
d9c1120c-05d9-4559-9b36-0867c9eb36ef,1.777344432846347e+18
d9c1120c-05d9-4559-9b36-0867c9eb36ef,1.777344432879689e+18
d9c1120c-05d9-4559-9b36-0867c9eb36ef,1.777344432913032e+18
d9c1120c-05d9-4559-9b36-0867c9eb36ef,1.777344432946375e+18
d9c1120c-05d9-4559-9b36-0867c9eb36ef,1.7773444329797169e+18
d9c1120c-05d9-4559-9b36-0867c9eb36ef,1.7773444330130598e+18
d9c1120c-05d9-4559-9b36-0867c9eb36ef,1.777344433046402e+18
d9c1120c-05d9-4559-9b36-0867c9eb36ef,1.777344433079745e+18
d9c1120c-05d9-4559-9b36-0867c9eb36ef,1.777344433113088e+18
d9c1120c-05d9-4559-9b36-0867c9eb36ef,1.77734443314643e+18
d9c1120c-05d9-4559-9b36-0867c9eb36ef,1.777344433179773e+18
d9c1120c-05d9-4559-9b36-0867c9eb36ef,1.777344433213116e+18
d9c1120c-05d9-4559-9b36-0867c9eb36ef,1.7773444332464579e+18
d9c1120c-05d9-4559-9b36-0867c9eb36ef,1.7773444332798008e+18
d9c1120c-05d9-4559-9b36-0867c9eb36ef,1.777344433313143e+18
d9c1120c-05d9-4559-9b36-0867c9eb36ef,1.777344433346486e+18
d9c1120c-05d9-4559-9b36-0867c9eb36ef,1.777344433379829e+18
d9c1120c-05d9-4559-9b36-0867c9eb36ef,1.777344433413171e+18
d9c1120c-05d9-4559-9b36-0867c9eb36ef,1.777344433446514e+18
d9c1120c-05d9-4559-9b36-0867c9eb36ef,1.7773444334798559e+18
d9c1120c-05d9-4559-9b36-0867c9eb36ef,1.7773444335131988e+18
d9c1120c-05d9-4559-9b36-0867c9eb36ef,1.7773444335465418e+18
