recording id,timestamp [ns]
69ce9a6f-ea86-4446-bc3e-5f4731f3e690,1.7773405408335726e+18
69ce9a6f-ea86-4446-bc3e-5f4731f3e690,1.7773405408669146e+18
69ce9a6f-ea86-4446-bc3e-5f4731f3e690,1.7773405409002575e+18
69ce9a6f-ea86-4446-bc3e-5f4731f3e690,1.7773405409335995e+18
69ce9a6f-ea86-4446-bc3e-5f4731f3e690,1.7773405409669414e+18
69ce9a6f-ea86-4446-bc3e-5f4731f3e690,1.7773405410002844e+18
69ce9a6f-ea86-4446-bc3e-5f4731f3e690,1.7773405410336266e+18
69ce9a6f-ea86-4446-bc3e-5f4731f3e690,1.7773405410669696e+18
69ce9a6f-ea86-4446-bc3e-5f4731f3e690,1.7773405411003116e+18
69ce9a6f-ea86-4446-bc3e-5f4731f3e690,1.7773405411336545e+18
69ce9a6f-ea86-4446-bc3e-5f4731f3e690,1.7773405411669965e+18
69ce9a6f-ea86-4446-bc3e-5f4731f3e690,1.7773405412003395e+18
69ce9a6f-ea86-4446-bc3e-5f4731f3e690,1.7773405412336817e+18
69ce9a6f-ea86-4446-bc3e-5f4731f3e690,1.7773405412670236e+18
69ce9a6f-ea86-4446-bc3e-5f4731f3e690,1.7773405413003666e+18
69ce9a6f-ea86-4446-bc3e-5f4731f3e690,1.7773405413337085e+18
69ce9a6f-ea86-4446-bc3e-5f4731f3e690,1.7773405413670515e+18
69ce9a6f-ea86-4446-bc3e-5f4731f3e690,1.7773405414003935e+18
69ce9a6f-ea86-4446-bc3e-5f4731f3e690,1.7773405414337364e+18
69ce9a6f-ea86-4446-bc3e-5f4731f3e690,1.7773405414670787e+18
69ce9a6f-ea86-4446-bc3e-5f4731f3e690,1.7773405415004216e+18
69ce9a6f-ea86-4446-bc3e-5f4731f3e690,1.7773405415337636e+18
69ce9a6f-ea86-4446-bc3e-5f4731f3e690,1.7773405415671055e+18
69ce9a6f-ea86-4446-bc3e-5f4731f3e690,1.7773405416004485e+18
69ce9a6f-ea86-4446-bc3e-5f4731f3e690,1.7773405416337905e+18
69ce9a6f-ea86-4446-bc3e-5f4731f3e690,1.7773405416671334e+18
69ce9a6f-ea86-4446-bc3e-5f4731f3e690,1.7773405417004756e+18
69ce9a6f-ea86-4446-bc3e-5f4731f3e690,1.7773405417338186e+18
69ce9a6f-ea86-4446-bc3e-5f4731f3e690,1.7773405417671606e+18
69ce9a6f-ea86-4446-bc3e-5f4731f3e690,1.7773405418005036e+18
69ce9a6f-ea86-4446-bc3e-5f4731f3e690,1.7773405418338455e+18
69ce9a6f-ea86-4446-bc3e-5f4731f3e690,1.7773405418671875e+18
69ce9a6f-ea86-4446-bc3e-5f4731f3e690,1.7773405419005304e+18
69ce9a6f-ea86-4446-bc3e-5f4731f3e690,1.7773405419338726e+18
69ce9a6f-ea86-4446-bc3e-5f4731f3e690,1.7773405419672156e+18
69ce9a6f-ea86-4446-bc3e-5f4731f3e690,1.7773405420005576e+18
69ce9a6f-ea86-4446-bc3e-5f4731f3e690,1.7773405420339005e+18
69ce9a6f-ea86-4446-bc3e-5f4731f3e690,1.7773405420672425e+18
69ce9a6f-ea86-4446-bc3e-5f4731f3e690,1.7773405421005855e+18
69ce9a6f-ea86-4446-bc3e-5f4731f3e690,1.7773405421339274e+18
69ce9a6f-ea86-4446-bc3e-5f4731f3e690,1.7773405421672707e+18
69ce9a6f-ea86-4446-bc3e-5f4731f3e690,1.7773405422006126e+18
69ce9a6f-ea86-4446-bc3e-5f4731f3e690,1.7773405422339546e+18
69ce9a6f-ea86-4446-bc3e-5f4731f3e690,1.7773405422672975e+18
69ce9a6f-ea86-4446-bc3e-5f4731f3e690,1.7773405423006395e+18
69ce9a6f-ea86-4446-bc3e-5f4731f3e690,1.7773405423339825e+18
69ce9a6f-ea86-4446-bc3e-5f4731f3e690,1.7773405423673244e+18
69ce9a6f-ea86-4446-bc3e-5f4731f3e690,1.7773405424006676e+18
69ce9a6f-ea86-4446-bc3e-5f4731f3e690,1.7773405424340096e+18
69ce9a6f-ea86-4446-bc3e-5f4731f3e690,1.7773405424673526e+18
69ce9a6f-ea86-4446-bc3e-5f4731f3e690,1.7773405425006945e+18
69ce9a6f-ea86-4446-bc3e-5f4731f3e690,1.7773405425340365e+18
69ce9a6f-ea86-4446-bc3e-5f4731f3e690,1.7773405425673795e+18
69ce9a6f-ea86-4446-bc3e-5f4731f3e690,1.7773405426007217e+18
69ce9a6f-ea86-4446-bc3e-5f4731f3e690,1.7773405426340646e+18
69ce9a6f-ea86-4446-bc3e-5f4731f3e690,1.7773405426674066e+18
69ce9a6f-ea86-4446-bc3e-5f4731f3e690,1.7773405427007496e+18
69ce9a6f-ea86-4446-bc3e-5f4731f3e690,1.7773405427340915e+18
69ce9a6f-ea86-4446-bc3e-5f4731f3e690,1.7773405427674345e+18
69ce9a6f-ea86-4446-bc3e-5f4731f3e690,1.7773405428007764e+18
69ce9a6f-ea86-4446-bc3e-5f4731f3e690,1.7773405428341187e+18
69ce9a6f-ea86-4446-bc3e-5f4731f3e690,1.7773405428674616e+18
69ce9a6f-ea86-4446-bc3e-5f4731f3e690,1.7773405429008036e+18
69ce9a6f-ea86-4446-bc3e-5f4731f3e690,1.7773405429341466e+18
69ce9a6f-ea86-4446-bc3e-5f4731f3e690,1.7773405429674885e+18
69ce9a6f-ea86-4446-bc3e-5f4731f3e690,1.7773405430008315e+18
69ce9a6f-ea86-4446-bc3e-5f4731f3e690,1.7773405430341734e+18
69ce9a6f-ea86-4446-bc3e-5f4731f3e690,1.7773405430675164e+18
69ce9a6f-ea86-4446-bc3e-5f4731f3e690,1.7773405431008586e+18
69ce9a6f-ea86-4446-bc3e-5f4731f3e690,1.7773405431342006e+18
69ce9a6f-ea86-4446-bc3e-5f4731f3e690,1.7773405431675436e+18
69ce9a6f-ea86-4446-bc3e-5f4731f3e690,1.7773405432008855e+18
69ce9a6f-ea86-4446-bc3e-5f4731f3e690,1.7773405432342285e+18
69ce9a6f-ea86-4446-bc3e-5f4731f3e690,1.7773405432675704e+18
69ce9a6f-ea86-4446-bc3e-5f4731f3e690,1.7773405433009137e+18
69ce9a6f-ea86-4446-bc3e-5f4731f3e690,1.7773405433342556e+18
69ce9a6f-ea86-4446-bc3e-5f4731f3e690,1.7773405433675986e+18
69ce9a6f-ea86-4446-bc3e-5f4731f3e690,1.7773405434009405e+18
69ce9a6f-ea86-4446-bc3e-5f4731f3e690,1.7773405434342825e+18
69ce9a6f-ea86-4446-bc3e-5f4731f3e690,1.7773405434676255e+18
69ce9a6f-ea86-4446-bc3e-5f4731f3e690,1.7773405435009674e+18
69ce9a6f-ea86-4446-bc3e-5f4731f3e690,1.7773405435343107e+18
69ce9a6f-ea86-4446-bc3e-5f4731f3e690,1.7773405435676526e+18
69ce9a6f-ea86-4446-bc3e-5f4731f3e690,1.7773405436009956e+18
69ce9a6f-ea86-4446-bc3e-5f4731f3e690,1.7773405436343375e+18
69ce9a6f-ea86-4446-bc3e-5f4731f3e690,1.7773405436676805e+18
69ce9a6f-ea86-4446-bc3e-5f4731f3e690,1.7773405437010225e+18
69ce9a6f-ea86-4446-bc3e-5f4731f3e690,1.7773405437343644e+18
69ce9a6f-ea86-4446-bc3e-5f4731f3e690,1.7773405437677076e+18
69ce9a6f-ea86-4446-bc3e-5f4731f3e690,1.7773405438010496e+18
69ce9a6f-ea86-4446-bc3e-5f4731f3e690,1.7773405438343926e+18
69ce9a6f-ea86-4446-bc3e-5f4731f3e690,1.7773405438677345e+18
69ce9a6f-ea86-4446-bc3e-5f4731f3e690,1.7773405439010775e+18
69ce9a6f-ea86-4446-bc3e-5f4731f3e690,1.7773405439344195e+18
69ce9a6f-ea86-4446-bc3e-5f4731f3e690,1.7773405439677624e+18
69ce9a6f-ea86-4446-bc3e-5f4731f3e690,1.7773405440011046e+18
69ce9a6f-ea86-4446-bc3e-5f4731f3e690,1.7773405440344476e+18
69ce9a6f-ea86-4446-bc3e-5f4731f3e690,1.7773405440677896e+18
69ce9a6f-ea86-4446-bc3e-5f4731f3e690,1.7773405441011315e+18
69ce9a6f-ea86-4446-bc3e-5f4731f3e690,1.7773405441344745e+18
69ce9a6f-ea86-4446-bc3e-5f4731f3e690,1.7773405441678164e+18
69ce9a6f-ea86-4446-bc3e-5f4731f3e690,1.7773405442011594e+18
69ce9a6f-ea86-4446-bc3e-5f4731f3e690,1.7773405442345016e+18
69ce9a6f-ea86-4446-bc3e-5f4731f3e690,1.7773405442678446e+18
69ce9a6f-ea86-4446-bc3e-5f4731f3e690,1.7773405443011866e+18
69ce9a6f-ea86-4446-bc3e-5f4731f3e690,1.7773405443345295e+18
69ce9a6f-ea86-4446-bc3e-5f4731f3e690,1.7773405443678715e+18
69ce9a6f-ea86-4446-bc3e-5f4731f3e690,1.7773405444012134e+18
69ce9a6f-ea86-4446-bc3e-5f4731f3e690,1.7773405444345564e+18
69ce9a6f-ea86-4446-bc3e-5f4731f3e690,1.7773405444678986e+18
69ce9a6f-ea86-4446-bc3e-5f4731f3e690,1.7773405445012416e+18
69ce9a6f-ea86-4446-bc3e-5f4731f3e690,1.7773405445345836e+18
69ce9a6f-ea86-4446-bc3e-5f4731f3e690,1.7773405445679265e+18
69ce9a6f-ea86-4446-bc3e-5f4731f3e690,1.7773405446012685e+18
69ce9a6f-ea86-4446-bc3e-5f4731f3e690,1.7773405446346115e+18
69ce9a6f-ea86-4446-bc3e-5f4731f3e690,1.7773405446679537e+18
69ce9a6f-ea86-4446-bc3e-5f4731f3e690,1.7773405447012956e+18
69ce9a6f-ea86-4446-bc3e-5f4731f3e690,1.7773405447346386e+18
69ce9a6f-ea86-4446-bc3e-5f4731f3e690,1.7773405447679805e+18
69ce9a6f-ea86-4446-bc3e-5f4731f3e690,1.7773405448013235e+18
69ce9a6f-ea86-4446-bc3e-5f4731f3e690,1.7773405448346655e+18
69ce9a6f-ea86-4446-bc3e-5f4731f3e690,1.7773405448680084e+18
69ce9a6f-ea86-4446-bc3e-5f4731f3e690,1.7773405449013507e+18
69ce9a6f-ea86-4446-bc3e-5f4731f3e690,1.7773405449346936e+18
69ce9a6f-ea86-4446-bc3e-5f4731f3e690,1.7773405449680356e+18
69ce9a6f-ea86-4446-bc3e-5f4731f3e690,1.7773405450013775e+18
69ce9a6f-ea86-4446-bc3e-5f4731f3e690,1.7773405450347205e+18
69ce9a6f-ea86-4446-bc3e-5f4731f3e690,1.7773405450680625e+18
69ce9a6f-ea86-4446-bc3e-5f4731f3e690,1.7773405451014054e+18
69ce9a6f-ea86-4446-bc3e-5f4731f3e690,1.7773405451347476e+18
69ce9a6f-ea86-4446-bc3e-5f4731f3e690,1.7773405451680906e+18
69ce9a6f-ea86-4446-bc3e-5f4731f3e690,1.7773405452014326e+18
69ce9a6f-ea86-4446-bc3e-5f4731f3e690,1.7773405452347756e+18
69ce9a6f-ea86-4446-bc3e-5f4731f3e690,1.7773405452681175e+18
69ce9a6f-ea86-4446-bc3e-5f4731f3e690,1.7773405453014595e+18
69ce9a6f-ea86-4446-bc3e-5f4731f3e690,1.7773405453348024e+18
69ce9a6f-ea86-4446-bc3e-5f4731f3e690,1.7773405453681446e+18
69ce9a6f-ea86-4446-bc3e-5f4731f3e690,1.7773405454014876e+18
69ce9a6f-ea86-4446-bc3e-5f4731f3e690,1.7773405454348296e+18
69ce9a6f-ea86-4446-bc3e-5f4731f3e690,1.7773405454681725e+18
69ce9a6f-ea86-4446-bc3e-5f4731f3e690,1.7773405455015145e+18
69ce9a6f-ea86-4446-bc3e-5f4731f3e690,1.7773405455348575e+18
69ce9a6f-ea86-4446-bc3e-5f4731f3e690,1.7773405455681994e+18
69ce9a6f-ea86-4446-bc3e-5f4731f3e690,1.7773405456015416e+18
69ce9a6f-ea86-4446-bc3e-5f4731f3e690,1.7773405456348846e+18
69ce9a6f-ea86-4446-bc3e-5f4731f3e690,1.7773405456682266e+18
69ce9a6f-ea86-4446-bc3e-5f4731f3e690,1.7773405457015695e+18
69ce9a6f-ea86-4446-bc3e-5f4731f3e690,1.7773405457349115e+18
69ce9a6f-ea86-4446-bc3e-5f4731f3e690,1.7773405457682545e+18
69ce9a6f-ea86-4446-bc3e-5f4731f3e690,1.7773405458015964e+18
69ce9a6f-ea86-4446-bc3e-5f4731f3e690,1.7773405458349396e+18
69ce9a6f-ea86-4446-bc3e-5f4731f3e690,1.7773405458682816e+18
69ce9a6f-ea86-4446-bc3e-5f4731f3e690,1.7773405459016236e+18
69ce9a6f-ea86-4446-bc3e-5f4731f3e690,1.7773405459349665e+18
69ce9a6f-ea86-4446-bc3e-5f4731f3e690,1.7773405459683085e+18
69ce9a6f-ea86-4446-bc3e-5f4731f3e690,1.7773405460016515e+18
69ce9a6f-ea86-4446-bc3e-5f4731f3e690,1.7773405460349937e+18
69ce9a6f-ea86-4446-bc3e-5f4731f3e690,1.7773405460683366e+18
69ce9a6f-ea86-4446-bc3e-5f4731f3e690,1.7773405461016786e+18
69ce9a6f-ea86-4446-bc3e-5f4731f3e690,1.7773405461350216e+18
69ce9a6f-ea86-4446-bc3e-5f4731f3e690,1.7773405461683635e+18
69ce9a6f-ea86-4446-bc3e-5f4731f3e690,1.7773405462017065e+18
69ce9a6f-ea86-4446-bc3e-5f4731f3e690,1.7773405462350484e+18
69ce9a6f-ea86-4446-bc3e-5f4731f3e690,1.7773405462683907e+18
69ce9a6f-ea86-4446-bc3e-5f4731f3e690,1.7773405463017336e+18
69ce9a6f-ea86-4446-bc3e-5f4731f3e690,1.7773405463350756e+18
69ce9a6f-ea86-4446-bc3e-5f4731f3e690,1.7773405463684186e+18
69ce9a6f-ea86-4446-bc3e-5f4731f3e690,1.7773405464017605e+18
69ce9a6f-ea86-4446-bc3e-5f4731f3e690,1.7773405464351035e+18
69ce9a6f-ea86-4446-bc3e-5f4731f3e690,1.7773405464684454e+18
69ce9a6f-ea86-4446-bc3e-5f4731f3e690,1.7773405465017884e+18
69ce9a6f-ea86-4446-bc3e-5f4731f3e690,1.7773405465351306e+18
69ce9a6f-ea86-4446-bc3e-5f4731f3e690,1.7773405465684726e+18
69ce9a6f-ea86-4446-bc3e-5f4731f3e690,1.7773405466018156e+18
69ce9a6f-ea86-4446-bc3e-5f4731f3e690,1.7773405466351575e+18
69ce9a6f-ea86-4446-bc3e-5f4731f3e690,1.7773405466685005e+18
69ce9a6f-ea86-4446-bc3e-5f4731f3e690,1.7773405467018424e+18
69ce9a6f-ea86-4446-bc3e-5f4731f3e690,1.7773405467351857e+18
69ce9a6f-ea86-4446-bc3e-5f4731f3e690,1.7773405467685276e+18
69ce9a6f-ea86-4446-bc3e-5f4731f3e690,1.7773405468018706e+18
69ce9a6f-ea86-4446-bc3e-5f4731f3e690,1.7773405468352125e+18
69ce9a6f-ea86-4446-bc3e-5f4731f3e690,1.7773405468685545e+18
69ce9a6f-ea86-4446-bc3e-5f4731f3e690,1.7773405469018975e+18
69ce9a6f-ea86-4446-bc3e-5f4731f3e690,1.7773405469352394e+18
69ce9a6f-ea86-4446-bc3e-5f4731f3e690,1.7773405469685827e+18
69ce9a6f-ea86-4446-bc3e-5f4731f3e690,1.7773405470019246e+18
69ce9a6f-ea86-4446-bc3e-5f4731f3e690,1.7773405470352676e+18
69ce9a6f-ea86-4446-bc3e-5f4731f3e690,1.7773405470686095e+18
69ce9a6f-ea86-4446-bc3e-5f4731f3e690,1.7773405471019525e+18
69ce9a6f-ea86-4446-bc3e-5f4731f3e690,1.7773405471352945e+18
69ce9a6f-ea86-4446-bc3e-5f4731f3e690,1.7773405471686364e+18
69ce9a6f-ea86-4446-bc3e-5f4731f3e690,1.7773405472019796e+18
69ce9a6f-ea86-4446-bc3e-5f4731f3e690,1.7773405472353216e+18
69ce9a6f-ea86-4446-bc3e-5f4731f3e690,1.7773405472686646e+18
69ce9a6f-ea86-4446-bc3e-5f4731f3e690,1.7773405473020065e+18
69ce9a6f-ea86-4446-bc3e-5f4731f3e690,1.7773405473353495e+18
69ce9a6f-ea86-4446-bc3e-5f4731f3e690,1.7773405473686915e+18
69ce9a6f-ea86-4446-bc3e-5f4731f3e690,1.7773405474020344e+18
69ce9a6f-ea86-4446-bc3e-5f4731f3e690,1.7773405474353766e+18
69ce9a6f-ea86-4446-bc3e-5f4731f3e690,1.7773405474687196e+18
69ce9a6f-ea86-4446-bc3e-5f4731f3e690,1.7773405475020616e+18
69ce9a6f-ea86-4446-bc3e-5f4731f3e690,1.7773405475354035e+18
69ce9a6f-ea86-4446-bc3e-5f4731f3e690,1.7773405475687465e+18
69ce9a6f-ea86-4446-bc3e-5f4731f3e690,1.7773405476020884e+18
69ce9a6f-ea86-4446-bc3e-5f4731f3e690,1.7773405476354314e+18
69ce9a6f-ea86-4446-bc3e-5f4731f3e690,1.7773405476687736e+18
69ce9a6f-ea86-4446-bc3e-5f4731f3e690,1.7773405477021166e+18
69ce9a6f-ea86-4446-bc3e-5f4731f3e690,1.7773405477354586e+18
69ce9a6f-ea86-4446-bc3e-5f4731f3e690,1.7773405477688015e+18
69ce9a6f-ea86-4446-bc3e-5f4731f3e690,1.7773405478021435e+18
69ce9a6f-ea86-4446-bc3e-5f4731f3e690,1.7773405478354854e+18
69ce9a6f-ea86-4446-bc3e-5f4731f3e690,1.7773405478688284e+18
69ce9a6f-ea86-4446-bc3e-5f4731f3e690,1.7773405479021706e+18
69ce9a6f-ea86-4446-bc3e-5f4731f3e690,1.7773405479355136e+18
69ce9a6f-ea86-4446-bc3e-5f4731f3e690,1.7773405479688556e+18
69ce9a6f-ea86-4446-bc3e-5f4731f3e690,1.7773405480021985e+18
69ce9a6f-ea86-4446-bc3e-5f4731f3e690,1.7773405480355405e+18
69ce9a6f-ea86-4446-bc3e-5f4731f3e690,1.7773405480688835e+18
69ce9a6f-ea86-4446-bc3e-5f4731f3e690,1.7773405481022257e+18
69ce9a6f-ea86-4446-bc3e-5f4731f3e690,1.7773405481355676e+18
69ce9a6f-ea86-4446-bc3e-5f4731f3e690,1.7773405481689106e+18
69ce9a6f-ea86-4446-bc3e-5f4731f3e690,1.7773405482022525e+18
69ce9a6f-ea86-4446-bc3e-5f4731f3e690,1.7773405482355955e+18
69ce9a6f-ea86-4446-bc3e-5f4731f3e690,1.7773405482689375e+18
69ce9a6f-ea86-4446-bc3e-5f4731f3e690,1.7773405483022804e+18
69ce9a6f-ea86-4446-bc3e-5f4731f3e690,1.7773405483356227e+18
69ce9a6f-ea86-4446-bc3e-5f4731f3e690,1.7773405483689656e+18
69ce9a6f-ea86-4446-bc3e-5f4731f3e690,1.7773405484023076e+18
69ce9a6f-ea86-4446-bc3e-5f4731f3e690,1.7773405484356506e+18
69ce9a6f-ea86-4446-bc3e-5f4731f3e690,1.7773405484689925e+18
69ce9a6f-ea86-4446-bc3e-5f4731f3e690,1.7773405485023345e+18
69ce9a6f-ea86-4446-bc3e-5f4731f3e690,1.7773405485356774e+18
69ce9a6f-ea86-4446-bc3e-5f4731f3e690,1.7773405485690196e+18
69ce9a6f-ea86-4446-bc3e-5f4731f3e690,1.7773405486023626e+18
69ce9a6f-ea86-4446-bc3e-5f4731f3e690,1.7773405486357046e+18
69ce9a6f-ea86-4446-bc3e-5f4731f3e690,1.7773405486690476e+18
69ce9a6f-ea86-4446-bc3e-5f4731f3e690,1.7773405487023895e+18
69ce9a6f-ea86-4446-bc3e-5f4731f3e690,1.7773405487357325e+18
69ce9a6f-ea86-4446-bc3e-5f4731f3e690,1.7773405487690744e+18
69ce9a6f-ea86-4446-bc3e-5f4731f3e690,1.7773405488024166e+18
69ce9a6f-ea86-4446-bc3e-5f4731f3e690,1.7773405488357596e+18
69ce9a6f-ea86-4446-bc3e-5f4731f3e690,1.7773405488691016e+18
69ce9a6f-ea86-4446-bc3e-5f4731f3e690,1.7773405489024445e+18
69ce9a6f-ea86-4446-bc3e-5f4731f3e690,1.7773405489357865e+18
69ce9a6f-ea86-4446-bc3e-5f4731f3e690,1.7773405489691295e+18
69ce9a6f-ea86-4446-bc3e-5f4731f3e690,1.7773405490024714e+18
69ce9a6f-ea86-4446-bc3e-5f4731f3e690,1.7773405490358147e+18
69ce9a6f-ea86-4446-bc3e-5f4731f3e690,1.7773405490691566e+18
69ce9a6f-ea86-4446-bc3e-5f4731f3e690,1.7773405491024986e+18
69ce9a6f-ea86-4446-bc3e-5f4731f3e690,1.7773405491358415e+18
69ce9a6f-ea86-4446-bc3e-5f4731f3e690,1.7773405491691835e+18
69ce9a6f-ea86-4446-bc3e-5f4731f3e690,1.7773405492025265e+18
69ce9a6f-ea86-4446-bc3e-5f4731f3e690,1.7773405492358684e+18
69ce9a6f-ea86-4446-bc3e-5f4731f3e690,1.7773405492692116e+18
69ce9a6f-ea86-4446-bc3e-5f4731f3e690,1.7773405493025536e+18
69ce9a6f-ea86-4446-bc3e-5f4731f3e690,1.7773405493358966e+18
69ce9a6f-ea86-4446-bc3e-5f4731f3e690,1.7773405493692385e+18
69ce9a6f-ea86-4446-bc3e-5f4731f3e690,1.7773405494025805e+18
69ce9a6f-ea86-4446-bc3e-5f4731f3e690,1.7773405494359235e+18
69ce9a6f-ea86-4446-bc3e-5f4731f3e690,1.7773405494692657e+18
69ce9a6f-ea86-4446-bc3e-5f4731f3e690,1.7773405495026086e+18
69ce9a6f-ea86-4446-bc3e-5f4731f3e690,1.7773405495359506e+18
69ce9a6f-ea86-4446-bc3e-5f4731f3e690,1.7773405495692936e+18
69ce9a6f-ea86-4446-bc3e-5f4731f3e690,1.7773405496026355e+18
69ce9a6f-ea86-4446-bc3e-5f4731f3e690,1.7773405496359785e+18
69ce9a6f-ea86-4446-bc3e-5f4731f3e690,1.7773405496693204e+18
69ce9a6f-ea86-4446-bc3e-5f4731f3e690,1.7773405497026627e+18
69ce9a6f-ea86-4446-bc3e-5f4731f3e690,1.7773405497360056e+18
69ce9a6f-ea86-4446-bc3e-5f4731f3e690,1.7773405497693476e+18
69ce9a6f-ea86-4446-bc3e-5f4731f3e690,1.7773405498026906e+18
69ce9a6f-ea86-4446-bc3e-5f4731f3e690,1.7773405498360325e+18
69ce9a6f-ea86-4446-bc3e-5f4731f3e690,1.7773405498693755e+18
69ce9a6f-ea86-4446-bc3e-5f4731f3e690,1.7773405499027174e+18
69ce9a6f-ea86-4446-bc3e-5f4731f3e690,1.7773405499360604e+18
69ce9a6f-ea86-4446-bc3e-5f4731f3e690,1.7773405499694026e+18
69ce9a6f-ea86-4446-bc3e-5f4731f3e690,1.7773405500027446e+18
69ce9a6f-ea86-4446-bc3e-5f4731f3e690,1.7773405500360876e+18
69ce9a6f-ea86-4446-bc3e-5f4731f3e690,1.7773405500694295e+18
69ce9a6f-ea86-4446-bc3e-5f4731f3e690,1.7773405501027725e+18
69ce9a6f-ea86-4446-bc3e-5f4731f3e690,1.7773405501361144e+18
69ce9a6f-ea86-4446-bc3e-5f4731f3e690,1.7773405501694577e+18
69ce9a6f-ea86-4446-bc3e-5f4731f3e690,1.7773405502027996e+18
69ce9a6f-ea86-4446-bc3e-5f4731f3e690,1.7773405502361426e+18
69ce9a6f-ea86-4446-bc3e-5f4731f3e690,1.7773405502694845e+18
69ce9a6f-ea86-4446-bc3e-5f4731f3e690,1.7773405503028275e+18
69ce9a6f-ea86-4446-bc3e-5f4731f3e690,1.7773405503361695e+18
69ce9a6f-ea86-4446-bc3e-5f4731f3e690,1.7773405503695114e+18
69ce9a6f-ea86-4446-bc3e-5f4731f3e690,1.7773405504028547e+18
69ce9a6f-ea86-4446-bc3e-5f4731f3e690,1.7773405504361966e+18
69ce9a6f-ea86-4446-bc3e-5f4731f3e690,1.7773405504695396e+18
69ce9a6f-ea86-4446-bc3e-5f4731f3e690,1.7773405505028815e+18
69ce9a6f-ea86-4446-bc3e-5f4731f3e690,1.7773405505362245e+18
69ce9a6f-ea86-4446-bc3e-5f4731f3e690,1.7773405505695665e+18
69ce9a6f-ea86-4446-bc3e-5f4731f3e690,1.7773405506029094e+18
69ce9a6f-ea86-4446-bc3e-5f4731f3e690,1.7773405506362516e+18
69ce9a6f-ea86-4446-bc3e-5f4731f3e690,1.7773405506695936e+18
69ce9a6f-ea86-4446-bc3e-5f4731f3e690,1.7773405507029366e+18
69ce9a6f-ea86-4446-bc3e-5f4731f3e690,1.7773405507362785e+18
69ce9a6f-ea86-4446-bc3e-5f4731f3e690,1.7773405507696215e+18
69ce9a6f-ea86-4446-bc3e-5f4731f3e690,1.7773405508029635e+18
69ce9a6f-ea86-4446-bc3e-5f4731f3e690,1.7773405508363064e+18
69ce9a6f-ea86-4446-bc3e-5f4731f3e690,1.7773405508696486e+18
69ce9a6f-ea86-4446-bc3e-5f4731f3e690,1.7773405509029916e+18
69ce9a6f-ea86-4446-bc3e-5f4731f3e690,1.7773405509363336e+18
69ce9a6f-ea86-4446-bc3e-5f4731f3e690,1.7773405509696755e+18
69ce9a6f-ea86-4446-bc3e-5f4731f3e690,1.7773405510030185e+18
69ce9a6f-ea86-4446-bc3e-5f4731f3e690,1.7773405510363604e+18
69ce9a6f-ea86-4446-bc3e-5f4731f3e690,1.7773405510697034e+18
69ce9a6f-ea86-4446-bc3e-5f4731f3e690,1.7773405511030456e+18
69ce9a6f-ea86-4446-bc3e-5f4731f3e690,1.7773405511363886e+18
69ce9a6f-ea86-4446-bc3e-5f4731f3e690,1.7773405511697306e+18
69ce9a6f-ea86-4446-bc3e-5f4731f3e690,1.7773405512030735e+18
69ce9a6f-ea86-4446-bc3e-5f4731f3e690,1.7773405512364155e+18
69ce9a6f-ea86-4446-bc3e-5f4731f3e690,1.7773405512697574e+18
69ce9a6f-ea86-4446-bc3e-5f4731f3e690,1.7773405513031004e+18
69ce9a6f-ea86-4446-bc3e-5f4731f3e690,1.7773405513364426e+18
69ce9a6f-ea86-4446-bc3e-5f4731f3e690,1.7773405513697856e+18
69ce9a6f-ea86-4446-bc3e-5f4731f3e690,1.7773405514031276e+18
69ce9a6f-ea86-4446-bc3e-5f4731f3e690,1.7773405514364705e+18
69ce9a6f-ea86-4446-bc3e-5f4731f3e690,1.7773405514698125e+18
69ce9a6f-ea86-4446-bc3e-5f4731f3e690,1.7773405515031555e+18
69ce9a6f-ea86-4446-bc3e-5f4731f3e690,1.7773405515364977e+18
69ce9a6f-ea86-4446-bc3e-5f4731f3e690,1.7773405515698396e+18
69ce9a6f-ea86-4446-bc3e-5f4731f3e690,1.7773405516031826e+18
69ce9a6f-ea86-4446-bc3e-5f4731f3e690,1.7773405516365245e+18
69ce9a6f-ea86-4446-bc3e-5f4731f3e690,1.7773405516698675e+18
69ce9a6f-ea86-4446-bc3e-5f4731f3e690,1.7773405517032095e+18
69ce9a6f-ea86-4446-bc3e-5f4731f3e690,1.7773405517365524e+18
69ce9a6f-ea86-4446-bc3e-5f4731f3e690,1.7773405517698947e+18
69ce9a6f-ea86-4446-bc3e-5f4731f3e690,1.7773405518032376e+18
69ce9a6f-ea86-4446-bc3e-5f4731f3e690,1.7773405518365796e+18
69ce9a6f-ea86-4446-bc3e-5f4731f3e690,1.7773405518699215e+18
69ce9a6f-ea86-4446-bc3e-5f4731f3e690,1.7773405519032645e+18
69ce9a6f-ea86-4446-bc3e-5f4731f3e690,1.7773405519366065e+18
69ce9a6f-ea86-4446-bc3e-5f4731f3e690,1.7773405519699494e+18
69ce9a6f-ea86-4446-bc3e-5f4731f3e690,1.7773405520032916e+18
69ce9a6f-ea86-4446-bc3e-5f4731f3e690,1.7773405520366346e+18
69ce9a6f-ea86-4446-bc3e-5f4731f3e690,1.7773405520699766e+18
69ce9a6f-ea86-4446-bc3e-5f4731f3e690,1.7773405521033196e+18
69ce9a6f-ea86-4446-bc3e-5f4731f3e690,1.7773405521366615e+18
69ce9a6f-ea86-4446-bc3e-5f4731f3e690,1.7773405521700045e+18
69ce9a6f-ea86-4446-bc3e-5f4731f3e690,1.7773405522033464e+18
69ce9a6f-ea86-4446-bc3e-5f4731f3e690,1.7773405522366886e+18
69ce9a6f-ea86-4446-bc3e-5f4731f3e690,1.7773405522700316e+18
69ce9a6f-ea86-4446-bc3e-5f4731f3e690,1.7773405523033736e+18
69ce9a6f-ea86-4446-bc3e-5f4731f3e690,1.7773405523367165e+18
69ce9a6f-ea86-4446-bc3e-5f4731f3e690,1.7773405523700585e+18
69ce9a6f-ea86-4446-bc3e-5f4731f3e690,1.7773405524034015e+18
69ce9a6f-ea86-4446-bc3e-5f4731f3e690,1.7773405524367434e+18
69ce9a6f-ea86-4446-bc3e-5f4731f3e690,1.7773405524700867e+18
69ce9a6f-ea86-4446-bc3e-5f4731f3e690,1.7773405525034286e+18
69ce9a6f-ea86-4446-bc3e-5f4731f3e690,1.7773405525367706e+18
69ce9a6f-ea86-4446-bc3e-5f4731f3e690,1.7773405525701135e+18
69ce9a6f-ea86-4446-bc3e-5f4731f3e690,1.7773405526034555e+18
69ce9a6f-ea86-4446-bc3e-5f4731f3e690,1.7773405526367985e+18
69ce9a6f-ea86-4446-bc3e-5f4731f3e690,1.7773405526701404e+18
69ce9a6f-ea86-4446-bc3e-5f4731f3e690,1.7773405527034836e+18
69ce9a6f-ea86-4446-bc3e-5f4731f3e690,1.7773405527368256e+18
69ce9a6f-ea86-4446-bc3e-5f4731f3e690,1.7773405527701686e+18
69ce9a6f-ea86-4446-bc3e-5f4731f3e690,1.7773405528035105e+18
69ce9a6f-ea86-4446-bc3e-5f4731f3e690,1.7773405528368525e+18
69ce9a6f-ea86-4446-bc3e-5f4731f3e690,1.7773405528701955e+18
69ce9a6f-ea86-4446-bc3e-5f4731f3e690,1.7773405529035377e+18
69ce9a6f-ea86-4446-bc3e-5f4731f3e690,1.7773405529368806e+18
69ce9a6f-ea86-4446-bc3e-5f4731f3e690,1.7773405529702226e+18
69ce9a6f-ea86-4446-bc3e-5f4731f3e690,1.7773405530035656e+18
69ce9a6f-ea86-4446-bc3e-5f4731f3e690,1.7773405530369075e+18
69ce9a6f-ea86-4446-bc3e-5f4731f3e690,1.7773405530702505e+18
69ce9a6f-ea86-4446-bc3e-5f4731f3e690,1.7773405531035924e+18
69ce9a6f-ea86-4446-bc3e-5f4731f3e690,1.7773405531369347e+18
69ce9a6f-ea86-4446-bc3e-5f4731f3e690,1.7773405531702776e+18
69ce9a6f-ea86-4446-bc3e-5f4731f3e690,1.7773405532036196e+18
69ce9a6f-ea86-4446-bc3e-5f4731f3e690,1.7773405532369626e+18
69ce9a6f-ea86-4446-bc3e-5f4731f3e690,1.7773405532703045e+18
69ce9a6f-ea86-4446-bc3e-5f4731f3e690,1.7773405533036475e+18
69ce9a6f-ea86-4446-bc3e-5f4731f3e690,1.7773405533369894e+18
69ce9a6f-ea86-4446-bc3e-5f4731f3e690,1.7773405533703324e+18
69ce9a6f-ea86-4446-bc3e-5f4731f3e690,1.7773405534036746e+18
69ce9a6f-ea86-4446-bc3e-5f4731f3e690,1.7773405534370166e+18
69ce9a6f-ea86-4446-bc3e-5f4731f3e690,1.7773405534703596e+18
69ce9a6f-ea86-4446-bc3e-5f4731f3e690,1.7773405535037015e+18
69ce9a6f-ea86-4446-bc3e-5f4731f3e690,1.7773405535370445e+18
69ce9a6f-ea86-4446-bc3e-5f4731f3e690,1.7773405535703864e+18
69ce9a6f-ea86-4446-bc3e-5f4731f3e690,1.7773405536037297e+18
69ce9a6f-ea86-4446-bc3e-5f4731f3e690,1.7773405536370716e+18
69ce9a6f-ea86-4446-bc3e-5f4731f3e690,1.7773405536704146e+18
69ce9a6f-ea86-4446-bc3e-5f4731f3e690,1.7773405537037565e+18
69ce9a6f-ea86-4446-bc3e-5f4731f3e690,1.7773405537370985e+18
69ce9a6f-ea86-4446-bc3e-5f4731f3e690,1.7773405537704415e+18
69ce9a6f-ea86-4446-bc3e-5f4731f3e690,1.7773405538037834e+18
69ce9a6f-ea86-4446-bc3e-5f4731f3e690,1.7773405538371267e+18
69ce9a6f-ea86-4446-bc3e-5f4731f3e690,1.7773405538704686e+18
69ce9a6f-ea86-4446-bc3e-5f4731f3e690,1.7773405539038116e+18
69ce9a6f-ea86-4446-bc3e-5f4731f3e690,1.7773405539371535e+18
69ce9a6f-ea86-4446-bc3e-5f4731f3e690,1.7773405539704965e+18
69ce9a6f-ea86-4446-bc3e-5f4731f3e690,1.7773405540038385e+18
69ce9a6f-ea86-4446-bc3e-5f4731f3e690,1.7773405540371814e+18
69ce9a6f-ea86-4446-bc3e-5f4731f3e690,1.7773405540705236e+18
69ce9a6f-ea86-4446-bc3e-5f4731f3e690,1.7773405541038656e+18
69ce9a6f-ea86-4446-bc3e-5f4731f3e690,1.7773405541372086e+18
69ce9a6f-ea86-4446-bc3e-5f4731f3e690,1.7773405541705505e+18
69ce9a6f-ea86-4446-bc3e-5f4731f3e690,1.7773405542038935e+18
69ce9a6f-ea86-4446-bc3e-5f4731f3e690,1.7773405542372355e+18
69ce9a6f-ea86-4446-bc3e-5f4731f3e690,1.7773405542705784e+18
69ce9a6f-ea86-4446-bc3e-5f4731f3e690,1.7773405543039206e+18
69ce9a6f-ea86-4446-bc3e-5f4731f3e690,1.7773405543372636e+18
69ce9a6f-ea86-4446-bc3e-5f4731f3e690,1.7773405543706056e+18
69ce9a6f-ea86-4446-bc3e-5f4731f3e690,1.7773405544039475e+18
69ce9a6f-ea86-4446-bc3e-5f4731f3e690,1.7773405544372905e+18
69ce9a6f-ea86-4446-bc3e-5f4731f3e690,1.7773405544706324e+18
69ce9a6f-ea86-4446-bc3e-5f4731f3e690,1.7773405545039754e+18
69ce9a6f-ea86-4446-bc3e-5f4731f3e690,1.7773405545373176e+18
69ce9a6f-ea86-4446-bc3e-5f4731f3e690,1.7773405545706606e+18
69ce9a6f-ea86-4446-bc3e-5f4731f3e690,1.7773405546040026e+18
69ce9a6f-ea86-4446-bc3e-5f4731f3e690,1.7773405546373455e+18
69ce9a6f-ea86-4446-bc3e-5f4731f3e690,1.7773405546706875e+18
69ce9a6f-ea86-4446-bc3e-5f4731f3e690,1.7773405547040294e+18
69ce9a6f-ea86-4446-bc3e-5f4731f3e690,1.7773405547373724e+18
69ce9a6f-ea86-4446-bc3e-5f4731f3e690,1.7773405547707146e+18
69ce9a6f-ea86-4446-bc3e-5f4731f3e690,1.7773405548040576e+18
69ce9a6f-ea86-4446-bc3e-5f4731f3e690,1.7773405548373996e+18
69ce9a6f-ea86-4446-bc3e-5f4731f3e690,1.7773405548707425e+18
69ce9a6f-ea86-4446-bc3e-5f4731f3e690,1.7773405549040845e+18
69ce9a6f-ea86-4446-bc3e-5f4731f3e690,1.7773405549374275e+18
69ce9a6f-ea86-4446-bc3e-5f4731f3e690,1.7773405549707697e+18
69ce9a6f-ea86-4446-bc3e-5f4731f3e690,1.7773405550041116e+18
69ce9a6f-ea86-4446-bc3e-5f4731f3e690,1.7773405550374546e+18
69ce9a6f-ea86-4446-bc3e-5f4731f3e690,1.7773405550707965e+18
69ce9a6f-ea86-4446-bc3e-5f4731f3e690,1.7773405551041395e+18
69ce9a6f-ea86-4446-bc3e-5f4731f3e690,1.7773405551374815e+18
69ce9a6f-ea86-4446-bc3e-5f4731f3e690,1.7773405551708244e+18
69ce9a6f-ea86-4446-bc3e-5f4731f3e690,1.7773405552041667e+18
69ce9a6f-ea86-4446-bc3e-5f4731f3e690,1.7773405552375096e+18
69ce9a6f-ea86-4446-bc3e-5f4731f3e690,1.7773405552708516e+18
69ce9a6f-ea86-4446-bc3e-5f4731f3e690,1.7773405553041935e+18
69ce9a6f-ea86-4446-bc3e-5f4731f3e690,1.7773405553375365e+18
69ce9a6f-ea86-4446-bc3e-5f4731f3e690,1.7773405553708785e+18
69ce9a6f-ea86-4446-bc3e-5f4731f3e690,1.7773405554042214e+18
69ce9a6f-ea86-4446-bc3e-5f4731f3e690,1.7773405554375636e+18
69ce9a6f-ea86-4446-bc3e-5f4731f3e690,1.7773405554709066e+18
69ce9a6f-ea86-4446-bc3e-5f4731f3e690,1.7773405555042486e+18
69ce9a6f-ea86-4446-bc3e-5f4731f3e690,1.7773405555375916e+18
69ce9a6f-ea86-4446-bc3e-5f4731f3e690,1.7773405555709335e+18
69ce9a6f-ea86-4446-bc3e-5f4731f3e690,1.7773405556042755e+18
69ce9a6f-ea86-4446-bc3e-5f4731f3e690,1.7773405556376184e+18
69ce9a6f-ea86-4446-bc3e-5f4731f3e690,1.7773405556709606e+18
69ce9a6f-ea86-4446-bc3e-5f4731f3e690,1.7773405557043036e+18
69ce9a6f-ea86-4446-bc3e-5f4731f3e690,1.7773405557376456e+18
69ce9a6f-ea86-4446-bc3e-5f4731f3e690,1.7773405557709885e+18
69ce9a6f-ea86-4446-bc3e-5f4731f3e690,1.7773405558043305e+18
69ce9a6f-ea86-4446-bc3e-5f4731f3e690,1.7773405558376735e+18
69ce9a6f-ea86-4446-bc3e-5f4731f3e690,1.7773405558710154e+18
69ce9a6f-ea86-4446-bc3e-5f4731f3e690,1.7773405559043576e+18
69ce9a6f-ea86-4446-bc3e-5f4731f3e690,1.7773405559377006e+18
69ce9a6f-ea86-4446-bc3e-5f4731f3e690,1.7773405559710426e+18
69ce9a6f-ea86-4446-bc3e-5f4731f3e690,1.7773405560043855e+18
69ce9a6f-ea86-4446-bc3e-5f4731f3e690,1.7773405560377275e+18
69ce9a6f-ea86-4446-bc3e-5f4731f3e690,1.7773405560710705e+18
69ce9a6f-ea86-4446-bc3e-5f4731f3e690,1.7773405561044124e+18
69ce9a6f-ea86-4446-bc3e-5f4731f3e690,1.7773405561377556e+18
69ce9a6f-ea86-4446-bc3e-5f4731f3e690,1.7773405561710976e+18
69ce9a6f-ea86-4446-bc3e-5f4731f3e690,1.7773405562044406e+18
69ce9a6f-ea86-4446-bc3e-5f4731f3e690,1.7773405562377825e+18
69ce9a6f-ea86-4446-bc3e-5f4731f3e690,1.7773405562711245e+18
69ce9a6f-ea86-4446-bc3e-5f4731f3e690,1.7773405563044675e+18
69ce9a6f-ea86-4446-bc3e-5f4731f3e690,1.7773405563378097e+18
69ce9a6f-ea86-4446-bc3e-5f4731f3e690,1.7773405563711526e+18
69ce9a6f-ea86-4446-bc3e-5f4731f3e690,1.7773405564044946e+18
69ce9a6f-ea86-4446-bc3e-5f4731f3e690,1.7773405564378376e+18
69ce9a6f-ea86-4446-bc3e-5f4731f3e690,1.7773405564711795e+18
69ce9a6f-ea86-4446-bc3e-5f4731f3e690,1.7773405565045225e+18
69ce9a6f-ea86-4446-bc3e-5f4731f3e690,1.7773405565378644e+18
69ce9a6f-ea86-4446-bc3e-5f4731f3e690,1.7773405565712067e+18
69ce9a6f-ea86-4446-bc3e-5f4731f3e690,1.7773405566045496e+18
69ce9a6f-ea86-4446-bc3e-5f4731f3e690,1.7773405566378916e+18
69ce9a6f-ea86-4446-bc3e-5f4731f3e690,1.7773405566712346e+18
69ce9a6f-ea86-4446-bc3e-5f4731f3e690,1.7773405567045765e+18
69ce9a6f-ea86-4446-bc3e-5f4731f3e690,1.7773405567379195e+18
69ce9a6f-ea86-4446-bc3e-5f4731f3e690,1.7773405567712614e+18
69ce9a6f-ea86-4446-bc3e-5f4731f3e690,1.7773405568046044e+18
69ce9a6f-ea86-4446-bc3e-5f4731f3e690,1.7773405568379466e+18
69ce9a6f-ea86-4446-bc3e-5f4731f3e690,1.7773405568712886e+18
69ce9a6f-ea86-4446-bc3e-5f4731f3e690,1.7773405569046316e+18
69ce9a6f-ea86-4446-bc3e-5f4731f3e690,1.7773405569379735e+18
69ce9a6f-ea86-4446-bc3e-5f4731f3e690,1.7773405569713165e+18
69ce9a6f-ea86-4446-bc3e-5f4731f3e690,1.7773405570046584e+18
69ce9a6f-ea86-4446-bc3e-5f4731f3e690,1.7773405570380017e+18
69ce9a6f-ea86-4446-bc3e-5f4731f3e690,1.7773405570713436e+18
69ce9a6f-ea86-4446-bc3e-5f4731f3e690,1.7773405571046866e+18
69ce9a6f-ea86-4446-bc3e-5f4731f3e690,1.7773405571380285e+18
69ce9a6f-ea86-4446-bc3e-5f4731f3e690,1.7773405571713705e+18
69ce9a6f-ea86-4446-bc3e-5f4731f3e690,1.7773405572047135e+18
69ce9a6f-ea86-4446-bc3e-5f4731f3e690,1.7773405572380554e+18
69ce9a6f-ea86-4446-bc3e-5f4731f3e690,1.7773405572713987e+18
69ce9a6f-ea86-4446-bc3e-5f4731f3e690,1.7773405573047406e+18
69ce9a6f-ea86-4446-bc3e-5f4731f3e690,1.7773405573380836e+18
69ce9a6f-ea86-4446-bc3e-5f4731f3e690,1.7773405573714255e+18
69ce9a6f-ea86-4446-bc3e-5f4731f3e690,1.7773405574047685e+18
69ce9a6f-ea86-4446-bc3e-5f4731f3e690,1.7773405574381105e+18
69ce9a6f-ea86-4446-bc3e-5f4731f3e690,1.7773405574714524e+18
69ce9a6f-ea86-4446-bc3e-5f4731f3e690,1.7773405575047956e+18
69ce9a6f-ea86-4446-bc3e-5f4731f3e690,1.7773405575381376e+18
69ce9a6f-ea86-4446-bc3e-5f4731f3e690,1.7773405575714806e+18
69ce9a6f-ea86-4446-bc3e-5f4731f3e690,1.7773405576048225e+18
69ce9a6f-ea86-4446-bc3e-5f4731f3e690,1.7773405576381655e+18
69ce9a6f-ea86-4446-bc3e-5f4731f3e690,1.7773405576715075e+18
69ce9a6f-ea86-4446-bc3e-5f4731f3e690,1.7773405577048504e+18
69ce9a6f-ea86-4446-bc3e-5f4731f3e690,1.7773405577381926e+18
69ce9a6f-ea86-4446-bc3e-5f4731f3e690,1.7773405577715356e+18
69ce9a6f-ea86-4446-bc3e-5f4731f3e690,1.7773405578048776e+18
69ce9a6f-ea86-4446-bc3e-5f4731f3e690,1.7773405578382195e+18
69ce9a6f-ea86-4446-bc3e-5f4731f3e690,1.7773405578715625e+18
69ce9a6f-ea86-4446-bc3e-5f4731f3e690,1.7773405579049044e+18
69ce9a6f-ea86-4446-bc3e-5f4731f3e690,1.7773405579382474e+18
69ce9a6f-ea86-4446-bc3e-5f4731f3e690,1.7773405579715896e+18
69ce9a6f-ea86-4446-bc3e-5f4731f3e690,1.7773405580049326e+18
69ce9a6f-ea86-4446-bc3e-5f4731f3e690,1.7773405580382746e+18
69ce9a6f-ea86-4446-bc3e-5f4731f3e690,1.7773405580716175e+18
69ce9a6f-ea86-4446-bc3e-5f4731f3e690,1.7773405581049595e+18
69ce9a6f-ea86-4446-bc3e-5f4731f3e690,1.7773405581383014e+18
69ce9a6f-ea86-4446-bc3e-5f4731f3e690,1.7773405581716444e+18
69ce9a6f-ea86-4446-bc3e-5f4731f3e690,1.7773405582049866e+18
69ce9a6f-ea86-4446-bc3e-5f4731f3e690,1.7773405582383296e+18
69ce9a6f-ea86-4446-bc3e-5f4731f3e690,1.7773405582716716e+18
69ce9a6f-ea86-4446-bc3e-5f4731f3e690,1.7773405583050145e+18
69ce9a6f-ea86-4446-bc3e-5f4731f3e690,1.7773405583383565e+18
69ce9a6f-ea86-4446-bc3e-5f4731f3e690,1.7773405583716995e+18
69ce9a6f-ea86-4446-bc3e-5f4731f3e690,1.7773405584050417e+18
69ce9a6f-ea86-4446-bc3e-5f4731f3e690,1.7773405584383836e+18
69ce9a6f-ea86-4446-bc3e-5f4731f3e690,1.7773405584717266e+18
69ce9a6f-ea86-4446-bc3e-5f4731f3e690,1.7773405585050685e+18
69ce9a6f-ea86-4446-bc3e-5f4731f3e690,1.7773405585384115e+18
69ce9a6f-ea86-4446-bc3e-5f4731f3e690,1.7773405585717535e+18
69ce9a6f-ea86-4446-bc3e-5f4731f3e690,1.7773405586050964e+18
69ce9a6f-ea86-4446-bc3e-5f4731f3e690,1.7773405586384387e+18
69ce9a6f-ea86-4446-bc3e-5f4731f3e690,1.7773405586717816e+18
69ce9a6f-ea86-4446-bc3e-5f4731f3e690,1.7773405587051236e+18
69ce9a6f-ea86-4446-bc3e-5f4731f3e690,1.7773405587384655e+18
69ce9a6f-ea86-4446-bc3e-5f4731f3e690,1.7773405587718085e+18
69ce9a6f-ea86-4446-bc3e-5f4731f3e690,1.7773405588051505e+18
69ce9a6f-ea86-4446-bc3e-5f4731f3e690,1.7773405588384934e+18
69ce9a6f-ea86-4446-bc3e-5f4731f3e690,1.7773405588718356e+18
69ce9a6f-ea86-4446-bc3e-5f4731f3e690,1.7773405589051786e+18
69ce9a6f-ea86-4446-bc3e-5f4731f3e690,1.7773405589385206e+18
69ce9a6f-ea86-4446-bc3e-5f4731f3e690,1.7773405589718636e+18
69ce9a6f-ea86-4446-bc3e-5f4731f3e690,1.7773405590052055e+18
69ce9a6f-ea86-4446-bc3e-5f4731f3e690,1.7773405590385475e+18
69ce9a6f-ea86-4446-bc3e-5f4731f3e690,1.7773405590718904e+18
69ce9a6f-ea86-4446-bc3e-5f4731f3e690,1.7773405591052326e+18
69ce9a6f-ea86-4446-bc3e-5f4731f3e690,1.7773405591385756e+18
69ce9a6f-ea86-4446-bc3e-5f4731f3e690,1.7773405591719176e+18
69ce9a6f-ea86-4446-bc3e-5f4731f3e690,1.7773405592052605e+18
69ce9a6f-ea86-4446-bc3e-5f4731f3e690,1.7773405592386025e+18
69ce9a6f-ea86-4446-bc3e-5f4731f3e690,1.7773405592719455e+18
69ce9a6f-ea86-4446-bc3e-5f4731f3e690,1.7773405593052874e+18
69ce9a6f-ea86-4446-bc3e-5f4731f3e690,1.7773405593386296e+18
69ce9a6f-ea86-4446-bc3e-5f4731f3e690,1.7773405593719726e+18
69ce9a6f-ea86-4446-bc3e-5f4731f3e690,1.7773405594053146e+18
69ce9a6f-ea86-4446-bc3e-5f4731f3e690,1.7773405594386575e+18
69ce9a6f-ea86-4446-bc3e-5f4731f3e690,1.7773405594719995e+18
69ce9a6f-ea86-4446-bc3e-5f4731f3e690,1.7773405595053425e+18
69ce9a6f-ea86-4446-bc3e-5f4731f3e690,1.7773405595386844e+18
69ce9a6f-ea86-4446-bc3e-5f4731f3e690,1.7773405595720276e+18
69ce9a6f-ea86-4446-bc3e-5f4731f3e690,1.7773405596053696e+18
69ce9a6f-ea86-4446-bc3e-5f4731f3e690,1.7773405596387126e+18
69ce9a6f-ea86-4446-bc3e-5f4731f3e690,1.7773405596720545e+18
69ce9a6f-ea86-4446-bc3e-5f4731f3e690,1.7773405597053965e+18
69ce9a6f-ea86-4446-bc3e-5f4731f3e690,1.7773405597387395e+18
69ce9a6f-ea86-4446-bc3e-5f4731f3e690,1.7773405597720817e+18
69ce9a6f-ea86-4446-bc3e-5f4731f3e690,1.7773405598054246e+18
69ce9a6f-ea86-4446-bc3e-5f4731f3e690,1.7773405598387666e+18
69ce9a6f-ea86-4446-bc3e-5f4731f3e690,1.7773405598721096e+18
69ce9a6f-ea86-4446-bc3e-5f4731f3e690,1.7773405599054515e+18
69ce9a6f-ea86-4446-bc3e-5f4731f3e690,1.7773405599387945e+18
69ce9a6f-ea86-4446-bc3e-5f4731f3e690,1.7773405599721364e+18
69ce9a6f-ea86-4446-bc3e-5f4731f3e690,1.7773405600054787e+18
69ce9a6f-ea86-4446-bc3e-5f4731f3e690,1.7773405600388216e+18
69ce9a6f-ea86-4446-bc3e-5f4731f3e690,1.7773405600721636e+18
69ce9a6f-ea86-4446-bc3e-5f4731f3e690,1.7773405601055066e+18
69ce9a6f-ea86-4446-bc3e-5f4731f3e690,1.7773405601388485e+18
69ce9a6f-ea86-4446-bc3e-5f4731f3e690,1.7773405601721915e+18
69ce9a6f-ea86-4446-bc3e-5f4731f3e690,1.7773405602055334e+18
69ce9a6f-ea86-4446-bc3e-5f4731f3e690,1.7773405602388764e+18
69ce9a6f-ea86-4446-bc3e-5f4731f3e690,1.7773405602722186e+18
69ce9a6f-ea86-4446-bc3e-5f4731f3e690,1.7773405603055606e+18
69ce9a6f-ea86-4446-bc3e-5f4731f3e690,1.7773405603389036e+18
69ce9a6f-ea86-4446-bc3e-5f4731f3e690,1.7773405603722455e+18
69ce9a6f-ea86-4446-bc3e-5f4731f3e690,1.7773405604055885e+18
69ce9a6f-ea86-4446-bc3e-5f4731f3e690,1.7773405604389304e+18
69ce9a6f-ea86-4446-bc3e-5f4731f3e690,1.7773405604722737e+18
69ce9a6f-ea86-4446-bc3e-5f4731f3e690,1.7773405605056156e+18
69ce9a6f-ea86-4446-bc3e-5f4731f3e690,1.7773405605389586e+18
69ce9a6f-ea86-4446-bc3e-5f4731f3e690,1.7773405605723005e+18
69ce9a6f-ea86-4446-bc3e-5f4731f3e690,1.7773405606056425e+18
69ce9a6f-ea86-4446-bc3e-5f4731f3e690,1.7773405606389855e+18
69ce9a6f-ea86-4446-bc3e-5f4731f3e690,1.7773405606723274e+18
69ce9a6f-ea86-4446-bc3e-5f4731f3e690,1.7773405607056707e+18
69ce9a6f-ea86-4446-bc3e-5f4731f3e690,1.7773405607390126e+18
69ce9a6f-ea86-4446-bc3e-5f4731f3e690,1.7773405607723556e+18
69ce9a6f-ea86-4446-bc3e-5f4731f3e690,1.7773405608056975e+18
69ce9a6f-ea86-4446-bc3e-5f4731f3e690,1.7773405608390405e+18
69ce9a6f-ea86-4446-bc3e-5f4731f3e690,1.7773405608723825e+18
69ce9a6f-ea86-4446-bc3e-5f4731f3e690,1.7773405609057244e+18
69ce9a6f-ea86-4446-bc3e-5f4731f3e690,1.7773405609390676e+18
69ce9a6f-ea86-4446-bc3e-5f4731f3e690,1.7773405609724096e+18
69ce9a6f-ea86-4446-bc3e-5f4731f3e690,1.7773405610057526e+18
69ce9a6f-ea86-4446-bc3e-5f4731f3e690,1.7773405610390945e+18
69ce9a6f-ea86-4446-bc3e-5f4731f3e690,1.7773405610724375e+18
69ce9a6f-ea86-4446-bc3e-5f4731f3e690,1.7773405611057795e+18
69ce9a6f-ea86-4446-bc3e-5f4731f3e690,1.7773405611391224e+18
69ce9a6f-ea86-4446-bc3e-5f4731f3e690,1.7773405611724646e+18
69ce9a6f-ea86-4446-bc3e-5f4731f3e690,1.7773405612058066e+18
69ce9a6f-ea86-4446-bc3e-5f4731f3e690,1.7773405612391496e+18
69ce9a6f-ea86-4446-bc3e-5f4731f3e690,1.7773405612724915e+18
69ce9a6f-ea86-4446-bc3e-5f4731f3e690,1.7773405613058345e+18
69ce9a6f-ea86-4446-bc3e-5f4731f3e690,1.7773405613391764e+18
69ce9a6f-ea86-4446-bc3e-5f4731f3e690,1.7773405613725194e+18
69ce9a6f-ea86-4446-bc3e-5f4731f3e690,1.7773405614058616e+18
69ce9a6f-ea86-4446-bc3e-5f4731f3e690,1.7773405614392046e+18
69ce9a6f-ea86-4446-bc3e-5f4731f3e690,1.7773405614725466e+18
69ce9a6f-ea86-4446-bc3e-5f4731f3e690,1.7773405615058895e+18
69ce9a6f-ea86-4446-bc3e-5f4731f3e690,1.7773405615392315e+18
69ce9a6f-ea86-4446-bc3e-5f4731f3e690,1.7773405615725734e+18
69ce9a6f-ea86-4446-bc3e-5f4731f3e690,1.7773405616059164e+18
69ce9a6f-ea86-4446-bc3e-5f4731f3e690,1.7773405616392586e+18
69ce9a6f-ea86-4446-bc3e-5f4731f3e690,1.7773405616726016e+18
69ce9a6f-ea86-4446-bc3e-5f4731f3e690,1.7773405617059436e+18
69ce9a6f-ea86-4446-bc3e-5f4731f3e690,1.7773405617392865e+18
69ce9a6f-ea86-4446-bc3e-5f4731f3e690,1.7773405617726285e+18
69ce9a6f-ea86-4446-bc3e-5f4731f3e690,1.7773405618059715e+18
69ce9a6f-ea86-4446-bc3e-5f4731f3e690,1.7773405618393137e+18
69ce9a6f-ea86-4446-bc3e-5f4731f3e690,1.7773405618726556e+18
69ce9a6f-ea86-4446-bc3e-5f4731f3e690,1.7773405619059986e+18
69ce9a6f-ea86-4446-bc3e-5f4731f3e690,1.7773405619393405e+18
69ce9a6f-ea86-4446-bc3e-5f4731f3e690,1.7773405619726835e+18
69ce9a6f-ea86-4446-bc3e-5f4731f3e690,1.7773405620060255e+18
69ce9a6f-ea86-4446-bc3e-5f4731f3e690,1.7773405620393684e+18
69ce9a6f-ea86-4446-bc3e-5f4731f3e690,1.7773405620727107e+18
69ce9a6f-ea86-4446-bc3e-5f4731f3e690,1.7773405621060536e+18
69ce9a6f-ea86-4446-bc3e-5f4731f3e690,1.7773405621393956e+18
69ce9a6f-ea86-4446-bc3e-5f4731f3e690,1.7773405621727375e+18
69ce9a6f-ea86-4446-bc3e-5f4731f3e690,1.7773405622060805e+18
69ce9a6f-ea86-4446-bc3e-5f4731f3e690,1.7773405622394225e+18
69ce9a6f-ea86-4446-bc3e-5f4731f3e690,1.7773405622727654e+18
69ce9a6f-ea86-4446-bc3e-5f4731f3e690,1.7773405623061076e+18
69ce9a6f-ea86-4446-bc3e-5f4731f3e690,1.7773405623394506e+18
69ce9a6f-ea86-4446-bc3e-5f4731f3e690,1.7773405623727926e+18
69ce9a6f-ea86-4446-bc3e-5f4731f3e690,1.7773405624061356e+18
69ce9a6f-ea86-4446-bc3e-5f4731f3e690,1.7773405624394775e+18
69ce9a6f-ea86-4446-bc3e-5f4731f3e690,1.7773405624728195e+18
69ce9a6f-ea86-4446-bc3e-5f4731f3e690,1.7773405625061624e+18
69ce9a6f-ea86-4446-bc3e-5f4731f3e690,1.7773405625395046e+18
69ce9a6f-ea86-4446-bc3e-5f4731f3e690,1.7773405625728476e+18
69ce9a6f-ea86-4446-bc3e-5f4731f3e690,1.7773405626061896e+18
69ce9a6f-ea86-4446-bc3e-5f4731f3e690,1.7773405626395325e+18
69ce9a6f-ea86-4446-bc3e-5f4731f3e690,1.7773405626728745e+18
69ce9a6f-ea86-4446-bc3e-5f4731f3e690,1.7773405627062175e+18
69ce9a6f-ea86-4446-bc3e-5f4731f3e690,1.7773405627395594e+18
69ce9a6f-ea86-4446-bc3e-5f4731f3e690,1.7773405627729027e+18
69ce9a6f-ea86-4446-bc3e-5f4731f3e690,1.7773405628062446e+18
69ce9a6f-ea86-4446-bc3e-5f4731f3e690,1.7773405628395866e+18
69ce9a6f-ea86-4446-bc3e-5f4731f3e690,1.7773405628729295e+18
69ce9a6f-ea86-4446-bc3e-5f4731f3e690,1.7773405629062715e+18
69ce9a6f-ea86-4446-bc3e-5f4731f3e690,1.7773405629396145e+18
69ce9a6f-ea86-4446-bc3e-5f4731f3e690,1.7773405629729564e+18
69ce9a6f-ea86-4446-bc3e-5f4731f3e690,1.7773405630062996e+18
69ce9a6f-ea86-4446-bc3e-5f4731f3e690,1.7773405630396416e+18
69ce9a6f-ea86-4446-bc3e-5f4731f3e690,1.7773405630729846e+18
69ce9a6f-ea86-4446-bc3e-5f4731f3e690,1.7773405631063265e+18
69ce9a6f-ea86-4446-bc3e-5f4731f3e690,1.7773405631396685e+18
69ce9a6f-ea86-4446-bc3e-5f4731f3e690,1.7773405631730115e+18
69ce9a6f-ea86-4446-bc3e-5f4731f3e690,1.7773405632063537e+18
69ce9a6f-ea86-4446-bc3e-5f4731f3e690,1.7773405632396966e+18
69ce9a6f-ea86-4446-bc3e-5f4731f3e690,1.7773405632730386e+18
69ce9a6f-ea86-4446-bc3e-5f4731f3e690,1.7773405633063816e+18
69ce9a6f-ea86-4446-bc3e-5f4731f3e690,1.7773405633397235e+18
69ce9a6f-ea86-4446-bc3e-5f4731f3e690,1.7773405633730665e+18
69ce9a6f-ea86-4446-bc3e-5f4731f3e690,1.7773405634064084e+18
69ce9a6f-ea86-4446-bc3e-5f4731f3e690,1.7773405634397507e+18
69ce9a6f-ea86-4446-bc3e-5f4731f3e690,1.7773405634730936e+18
69ce9a6f-ea86-4446-bc3e-5f4731f3e690,1.7773405635064356e+18
69ce9a6f-ea86-4446-bc3e-5f4731f3e690,1.7773405635397786e+18
69ce9a6f-ea86-4446-bc3e-5f4731f3e690,1.7773405635731205e+18
69ce9a6f-ea86-4446-bc3e-5f4731f3e690,1.7773405636064635e+18
69ce9a6f-ea86-4446-bc3e-5f4731f3e690,1.7773405636398054e+18
69ce9a6f-ea86-4446-bc3e-5f4731f3e690,1.7773405636731484e+18
69ce9a6f-ea86-4446-bc3e-5f4731f3e690,1.7773405637064906e+18
69ce9a6f-ea86-4446-bc3e-5f4731f3e690,1.7773405637398326e+18
69ce9a6f-ea86-4446-bc3e-5f4731f3e690,1.7773405637731756e+18
69ce9a6f-ea86-4446-bc3e-5f4731f3e690,1.7773405638065175e+18
69ce9a6f-ea86-4446-bc3e-5f4731f3e690,1.7773405638398605e+18
69ce9a6f-ea86-4446-bc3e-5f4731f3e690,1.7773405638732024e+18
69ce9a6f-ea86-4446-bc3e-5f4731f3e690,1.7773405639065457e+18
69ce9a6f-ea86-4446-bc3e-5f4731f3e690,1.7773405639398876e+18
69ce9a6f-ea86-4446-bc3e-5f4731f3e690,1.7773405639732306e+18
69ce9a6f-ea86-4446-bc3e-5f4731f3e690,1.7773405640065725e+18
69ce9a6f-ea86-4446-bc3e-5f4731f3e690,1.7773405640399155e+18
69ce9a6f-ea86-4446-bc3e-5f4731f3e690,1.7773405640732575e+18
69ce9a6f-ea86-4446-bc3e-5f4731f3e690,1.7773405641065994e+18
69ce9a6f-ea86-4446-bc3e-5f4731f3e690,1.7773405641399427e+18
69ce9a6f-ea86-4446-bc3e-5f4731f3e690,1.7773405641732846e+18
69ce9a6f-ea86-4446-bc3e-5f4731f3e690,1.7773405642066276e+18
69ce9a6f-ea86-4446-bc3e-5f4731f3e690,1.7773405642399695e+18
69ce9a6f-ea86-4446-bc3e-5f4731f3e690,1.7773405642733125e+18
69ce9a6f-ea86-4446-bc3e-5f4731f3e690,1.7773405643066545e+18
69ce9a6f-ea86-4446-bc3e-5f4731f3e690,1.7773405643399974e+18
69ce9a6f-ea86-4446-bc3e-5f4731f3e690,1.7773405643733396e+18
69ce9a6f-ea86-4446-bc3e-5f4731f3e690,1.7773405644066816e+18
69ce9a6f-ea86-4446-bc3e-5f4731f3e690,1.7773405644400246e+18
69ce9a6f-ea86-4446-bc3e-5f4731f3e690,1.7773405644733665e+18
69ce9a6f-ea86-4446-bc3e-5f4731f3e690,1.7773405645067095e+18
69ce9a6f-ea86-4446-bc3e-5f4731f3e690,1.7773405645400515e+18
69ce9a6f-ea86-4446-bc3e-5f4731f3e690,1.7773405645733944e+18
69ce9a6f-ea86-4446-bc3e-5f4731f3e690,1.7773405646067366e+18
69ce9a6f-ea86-4446-bc3e-5f4731f3e690,1.7773405646400796e+18
69ce9a6f-ea86-4446-bc3e-5f4731f3e690,1.7773405646734216e+18
69ce9a6f-ea86-4446-bc3e-5f4731f3e690,1.7773405647067635e+18
69ce9a6f-ea86-4446-bc3e-5f4731f3e690,1.7773405647401065e+18
69ce9a6f-ea86-4446-bc3e-5f4731f3e690,1.7773405647734484e+18
69ce9a6f-ea86-4446-bc3e-5f4731f3e690,1.7773405648067914e+18
69ce9a6f-ea86-4446-bc3e-5f4731f3e690,1.7773405648401336e+18
69ce9a6f-ea86-4446-bc3e-5f4731f3e690,1.7773405648734766e+18
69ce9a6f-ea86-4446-bc3e-5f4731f3e690,1.7773405649068186e+18
69ce9a6f-ea86-4446-bc3e-5f4731f3e690,1.7773405649401615e+18
69ce9a6f-ea86-4446-bc3e-5f4731f3e690,1.7773405649735035e+18
69ce9a6f-ea86-4446-bc3e-5f4731f3e690,1.7773405650068454e+18
69ce9a6f-ea86-4446-bc3e-5f4731f3e690,1.7773405650401884e+18
69ce9a6f-ea86-4446-bc3e-5f4731f3e690,1.7773405650735306e+18
69ce9a6f-ea86-4446-bc3e-5f4731f3e690,1.7773405651068736e+18
69ce9a6f-ea86-4446-bc3e-5f4731f3e690,1.7773405651402156e+18
69ce9a6f-ea86-4446-bc3e-5f4731f3e690,1.7773405651735585e+18
69ce9a6f-ea86-4446-bc3e-5f4731f3e690,1.7773405652069005e+18
69ce9a6f-ea86-4446-bc3e-5f4731f3e690,1.7773405652402435e+18
69ce9a6f-ea86-4446-bc3e-5f4731f3e690,1.7773405652735857e+18
69ce9a6f-ea86-4446-bc3e-5f4731f3e690,1.7773405653069276e+18
69ce9a6f-ea86-4446-bc3e-5f4731f3e690,1.7773405653402706e+18
69ce9a6f-ea86-4446-bc3e-5f4731f3e690,1.7773405653736125e+18
69ce9a6f-ea86-4446-bc3e-5f4731f3e690,1.7773405654069555e+18
69ce9a6f-ea86-4446-bc3e-5f4731f3e690,1.7773405654402975e+18
69ce9a6f-ea86-4446-bc3e-5f4731f3e690,1.7773405654736404e+18
69ce9a6f-ea86-4446-bc3e-5f4731f3e690,1.7773405655069827e+18
69ce9a6f-ea86-4446-bc3e-5f4731f3e690,1.7773405655403256e+18
69ce9a6f-ea86-4446-bc3e-5f4731f3e690,1.7773405655736676e+18
69ce9a6f-ea86-4446-bc3e-5f4731f3e690,1.7773405656070095e+18
69ce9a6f-ea86-4446-bc3e-5f4731f3e690,1.7773405656403525e+18
69ce9a6f-ea86-4446-bc3e-5f4731f3e690,1.7773405656736945e+18
69ce9a6f-ea86-4446-bc3e-5f4731f3e690,1.7773405657070374e+18
69ce9a6f-ea86-4446-bc3e-5f4731f3e690,1.7773405657403796e+18
69ce9a6f-ea86-4446-bc3e-5f4731f3e690,1.7773405657737226e+18
69ce9a6f-ea86-4446-bc3e-5f4731f3e690,1.7773405658070646e+18
69ce9a6f-ea86-4446-bc3e-5f4731f3e690,1.7773405658404076e+18
69ce9a6f-ea86-4446-bc3e-5f4731f3e690,1.7773405658737495e+18
69ce9a6f-ea86-4446-bc3e-5f4731f3e690,1.7773405659070915e+18
69ce9a6f-ea86-4446-bc3e-5f4731f3e690,1.7773405659404344e+18
69ce9a6f-ea86-4446-bc3e-5f4731f3e690,1.7773405659737766e+18
69ce9a6f-ea86-4446-bc3e-5f4731f3e690,1.7773405660071196e+18
69ce9a6f-ea86-4446-bc3e-5f4731f3e690,1.7773405660404616e+18
69ce9a6f-ea86-4446-bc3e-5f4731f3e690,1.7773405660738045e+18
69ce9a6f-ea86-4446-bc3e-5f4731f3e690,1.7773405661071465e+18
69ce9a6f-ea86-4446-bc3e-5f4731f3e690,1.7773405661404895e+18
69ce9a6f-ea86-4446-bc3e-5f4731f3e690,1.7773405661738314e+18
69ce9a6f-ea86-4446-bc3e-5f4731f3e690,1.7773405662071747e+18
69ce9a6f-ea86-4446-bc3e-5f4731f3e690,1.7773405662405166e+18
69ce9a6f-ea86-4446-bc3e-5f4731f3e690,1.7773405662738586e+18
69ce9a6f-ea86-4446-bc3e-5f4731f3e690,1.7773405663072015e+18
69ce9a6f-ea86-4446-bc3e-5f4731f3e690,1.7773405663405435e+18
69ce9a6f-ea86-4446-bc3e-5f4731f3e690,1.7773405663738865e+18
69ce9a6f-ea86-4446-bc3e-5f4731f3e690,1.7773405664072284e+18
69ce9a6f-ea86-4446-bc3e-5f4731f3e690,1.7773405664405716e+18
69ce9a6f-ea86-4446-bc3e-5f4731f3e690,1.7773405664739136e+18
69ce9a6f-ea86-4446-bc3e-5f4731f3e690,1.7773405665072566e+18
69ce9a6f-ea86-4446-bc3e-5f4731f3e690,1.7773405665405985e+18
69ce9a6f-ea86-4446-bc3e-5f4731f3e690,1.7773405665739405e+18
69ce9a6f-ea86-4446-bc3e-5f4731f3e690,1.7773405666072835e+18
69ce9a6f-ea86-4446-bc3e-5f4731f3e690,1.7773405666406257e+18
69ce9a6f-ea86-4446-bc3e-5f4731f3e690,1.7773405666739686e+18
69ce9a6f-ea86-4446-bc3e-5f4731f3e690,1.7773405667073106e+18
69ce9a6f-ea86-4446-bc3e-5f4731f3e690,1.7773405667406536e+18
69ce9a6f-ea86-4446-bc3e-5f4731f3e690,1.7773405667739955e+18
69ce9a6f-ea86-4446-bc3e-5f4731f3e690,1.7773405668073385e+18
69ce9a6f-ea86-4446-bc3e-5f4731f3e690,1.7773405668406804e+18
69ce9a6f-ea86-4446-bc3e-5f4731f3e690,1.7773405668740227e+18
69ce9a6f-ea86-4446-bc3e-5f4731f3e690,1.7773405669073656e+18
69ce9a6f-ea86-4446-bc3e-5f4731f3e690,1.7773405669407076e+18
69ce9a6f-ea86-4446-bc3e-5f4731f3e690,1.7773405669740506e+18
69ce9a6f-ea86-4446-bc3e-5f4731f3e690,1.7773405670073925e+18
69ce9a6f-ea86-4446-bc3e-5f4731f3e690,1.7773405670407355e+18
69ce9a6f-ea86-4446-bc3e-5f4731f3e690,1.7773405670740774e+18
69ce9a6f-ea86-4446-bc3e-5f4731f3e690,1.7773405671074204e+18
69ce9a6f-ea86-4446-bc3e-5f4731f3e690,1.7773405671407626e+18
69ce9a6f-ea86-4446-bc3e-5f4731f3e690,1.7773405671741046e+18
69ce9a6f-ea86-4446-bc3e-5f4731f3e690,1.7773405672074476e+18
69ce9a6f-ea86-4446-bc3e-5f4731f3e690,1.7773405672407895e+18
69ce9a6f-ea86-4446-bc3e-5f4731f3e690,1.7773405672741325e+18
69ce9a6f-ea86-4446-bc3e-5f4731f3e690,1.7773405673074744e+18
69ce9a6f-ea86-4446-bc3e-5f4731f3e690,1.7773405673408177e+18
69ce9a6f-ea86-4446-bc3e-5f4731f3e690,1.7773405673741596e+18
69ce9a6f-ea86-4446-bc3e-5f4731f3e690,1.7773405674075026e+18
69ce9a6f-ea86-4446-bc3e-5f4731f3e690,1.7773405674408445e+18
69ce9a6f-ea86-4446-bc3e-5f4731f3e690,1.7773405674741865e+18
69ce9a6f-ea86-4446-bc3e-5f4731f3e690,1.7773405675075295e+18
69ce9a6f-ea86-4446-bc3e-5f4731f3e690,1.7773405675408714e+18
69ce9a6f-ea86-4446-bc3e-5f4731f3e690,1.7773405675742147e+18
69ce9a6f-ea86-4446-bc3e-5f4731f3e690,1.7773405676075566e+18
69ce9a6f-ea86-4446-bc3e-5f4731f3e690,1.7773405676408996e+18
69ce9a6f-ea86-4446-bc3e-5f4731f3e690,1.7773405676742415e+18
69ce9a6f-ea86-4446-bc3e-5f4731f3e690,1.7773405677075845e+18
69ce9a6f-ea86-4446-bc3e-5f4731f3e690,1.7773405677409265e+18
69ce9a6f-ea86-4446-bc3e-5f4731f3e690,1.7773405677742694e+18
69ce9a6f-ea86-4446-bc3e-5f4731f3e690,1.7773405678076116e+18
69ce9a6f-ea86-4446-bc3e-5f4731f3e690,1.7773405678409536e+18
69ce9a6f-ea86-4446-bc3e-5f4731f3e690,1.7773405678742966e+18
69ce9a6f-ea86-4446-bc3e-5f4731f3e690,1.7773405679076385e+18
69ce9a6f-ea86-4446-bc3e-5f4731f3e690,1.7773405679409815e+18
69ce9a6f-ea86-4446-bc3e-5f4731f3e690,1.7773405679743235e+18
69ce9a6f-ea86-4446-bc3e-5f4731f3e690,1.7773405680076664e+18
69ce9a6f-ea86-4446-bc3e-5f4731f3e690,1.7773405680410086e+18
69ce9a6f-ea86-4446-bc3e-5f4731f3e690,1.7773405680743516e+18
69ce9a6f-ea86-4446-bc3e-5f4731f3e690,1.7773405681076936e+18
69ce9a6f-ea86-4446-bc3e-5f4731f3e690,1.7773405681410355e+18
69ce9a6f-ea86-4446-bc3e-5f4731f3e690,1.7773405681743785e+18
69ce9a6f-ea86-4446-bc3e-5f4731f3e690,1.7773405682077204e+18
69ce9a6f-ea86-4446-bc3e-5f4731f3e690,1.7773405682410634e+18
69ce9a6f-ea86-4446-bc3e-5f4731f3e690,1.7773405682744056e+18
69ce9a6f-ea86-4446-bc3e-5f4731f3e690,1.7773405683077486e+18
69ce9a6f-ea86-4446-bc3e-5f4731f3e690,1.7773405683410906e+18
69ce9a6f-ea86-4446-bc3e-5f4731f3e690,1.7773405683744335e+18
69ce9a6f-ea86-4446-bc3e-5f4731f3e690,1.7773405684077755e+18
69ce9a6f-ea86-4446-bc3e-5f4731f3e690,1.7773405684411174e+18
69ce9a6f-ea86-4446-bc3e-5f4731f3e690,1.7773405684744604e+18
69ce9a6f-ea86-4446-bc3e-5f4731f3e690,1.7773405685078026e+18
69ce9a6f-ea86-4446-bc3e-5f4731f3e690,1.7773405685411456e+18
69ce9a6f-ea86-4446-bc3e-5f4731f3e690,1.7773405685744876e+18
69ce9a6f-ea86-4446-bc3e-5f4731f3e690,1.7773405686078305e+18
69ce9a6f-ea86-4446-bc3e-5f4731f3e690,1.7773405686411725e+18
69ce9a6f-ea86-4446-bc3e-5f4731f3e690,1.7773405686745155e+18
69ce9a6f-ea86-4446-bc3e-5f4731f3e690,1.7773405687078577e+18
69ce9a6f-ea86-4446-bc3e-5f4731f3e690,1.7773405687411996e+18
69ce9a6f-ea86-4446-bc3e-5f4731f3e690,1.7773405687745426e+18
69ce9a6f-ea86-4446-bc3e-5f4731f3e690,1.7773405688078845e+18
69ce9a6f-ea86-4446-bc3e-5f4731f3e690,1.7773405688412275e+18
69ce9a6f-ea86-4446-bc3e-5f4731f3e690,1.7773405688745695e+18
69ce9a6f-ea86-4446-bc3e-5f4731f3e690,1.7773405689079124e+18
69ce9a6f-ea86-4446-bc3e-5f4731f3e690,1.7773405689412547e+18
69ce9a6f-ea86-4446-bc3e-5f4731f3e690,1.7773405689745976e+18
69ce9a6f-ea86-4446-bc3e-5f4731f3e690,1.7773405690079396e+18
69ce9a6f-ea86-4446-bc3e-5f4731f3e690,1.7773405690412815e+18
69ce9a6f-ea86-4446-bc3e-5f4731f3e690,1.7773405690746245e+18
69ce9a6f-ea86-4446-bc3e-5f4731f3e690,1.7773405691079665e+18
69ce9a6f-ea86-4446-bc3e-5f4731f3e690,1.7773405691413094e+18
69ce9a6f-ea86-4446-bc3e-5f4731f3e690,1.7773405691746516e+18
69ce9a6f-ea86-4446-bc3e-5f4731f3e690,1.7773405692079946e+18
69ce9a6f-ea86-4446-bc3e-5f4731f3e690,1.7773405692413366e+18
69ce9a6f-ea86-4446-bc3e-5f4731f3e690,1.7773405692746796e+18
69ce9a6f-ea86-4446-bc3e-5f4731f3e690,1.7773405693080215e+18
69ce9a6f-ea86-4446-bc3e-5f4731f3e690,1.7773405693413635e+18
69ce9a6f-ea86-4446-bc3e-5f4731f3e690,1.7773405693747064e+18
69ce9a6f-ea86-4446-bc3e-5f4731f3e690,1.7773405694080486e+18
69ce9a6f-ea86-4446-bc3e-5f4731f3e690,1.7773405694413916e+18
69ce9a6f-ea86-4446-bc3e-5f4731f3e690,1.7773405694747336e+18
69ce9a6f-ea86-4446-bc3e-5f4731f3e690,1.7773405695080765e+18
69ce9a6f-ea86-4446-bc3e-5f4731f3e690,1.7773405695414185e+18
69ce9a6f-ea86-4446-bc3e-5f4731f3e690,1.7773405695747615e+18
69ce9a6f-ea86-4446-bc3e-5f4731f3e690,1.7773405696081034e+18
69ce9a6f-ea86-4446-bc3e-5f4731f3e690,1.7773405696414467e+18
69ce9a6f-ea86-4446-bc3e-5f4731f3e690,1.7773405696747886e+18
69ce9a6f-ea86-4446-bc3e-5f4731f3e690,1.7773405697081306e+18
69ce9a6f-ea86-4446-bc3e-5f4731f3e690,1.7773405697414735e+18
69ce9a6f-ea86-4446-bc3e-5f4731f3e690,1.7773405697748155e+18
69ce9a6f-ea86-4446-bc3e-5f4731f3e690,1.7773405698081585e+18
69ce9a6f-ea86-4446-bc3e-5f4731f3e690,1.7773405698415004e+18
69ce9a6f-ea86-4446-bc3e-5f4731f3e690,1.7773405698748436e+18
69ce9a6f-ea86-4446-bc3e-5f4731f3e690,1.7773405699081856e+18
69ce9a6f-ea86-4446-bc3e-5f4731f3e690,1.7773405699415286e+18
69ce9a6f-ea86-4446-bc3e-5f4731f3e690,1.7773405699748705e+18
69ce9a6f-ea86-4446-bc3e-5f4731f3e690,1.7773405700082125e+18
69ce9a6f-ea86-4446-bc3e-5f4731f3e690,1.7773405700415555e+18
69ce9a6f-ea86-4446-bc3e-5f4731f3e690,1.7773405700748977e+18
69ce9a6f-ea86-4446-bc3e-5f4731f3e690,1.7773405701082406e+18
69ce9a6f-ea86-4446-bc3e-5f4731f3e690,1.7773405701415826e+18
69ce9a6f-ea86-4446-bc3e-5f4731f3e690,1.7773405701749256e+18
69ce9a6f-ea86-4446-bc3e-5f4731f3e690,1.7773405702082675e+18
69ce9a6f-ea86-4446-bc3e-5f4731f3e690,1.7773405702416105e+18
69ce9a6f-ea86-4446-bc3e-5f4731f3e690,1.7773405702749524e+18
69ce9a6f-ea86-4446-bc3e-5f4731f3e690,1.7773405703082947e+18
69ce9a6f-ea86-4446-bc3e-5f4731f3e690,1.7773405703416376e+18
69ce9a6f-ea86-4446-bc3e-5f4731f3e690,1.7773405703749796e+18
69ce9a6f-ea86-4446-bc3e-5f4731f3e690,1.7773405704083226e+18
69ce9a6f-ea86-4446-bc3e-5f4731f3e690,1.7773405704416645e+18
69ce9a6f-ea86-4446-bc3e-5f4731f3e690,1.7773405704750075e+18
69ce9a6f-ea86-4446-bc3e-5f4731f3e690,1.7773405705083494e+18
69ce9a6f-ea86-4446-bc3e-5f4731f3e690,1.7773405705416924e+18
69ce9a6f-ea86-4446-bc3e-5f4731f3e690,1.7773405705750346e+18
69ce9a6f-ea86-4446-bc3e-5f4731f3e690,1.7773405706083766e+18
69ce9a6f-ea86-4446-bc3e-5f4731f3e690,1.7773405706417196e+18
69ce9a6f-ea86-4446-bc3e-5f4731f3e690,1.7773405706750615e+18
69ce9a6f-ea86-4446-bc3e-5f4731f3e690,1.7773405707084045e+18
69ce9a6f-ea86-4446-bc3e-5f4731f3e690,1.7773405707417464e+18
69ce9a6f-ea86-4446-bc3e-5f4731f3e690,1.7773405707750897e+18
69ce9a6f-ea86-4446-bc3e-5f4731f3e690,1.7773405708084316e+18
69ce9a6f-ea86-4446-bc3e-5f4731f3e690,1.7773405708417746e+18
69ce9a6f-ea86-4446-bc3e-5f4731f3e690,1.7773405708751165e+18
69ce9a6f-ea86-4446-bc3e-5f4731f3e690,1.7773405709084585e+18
69ce9a6f-ea86-4446-bc3e-5f4731f3e690,1.7773405709418015e+18
69ce9a6f-ea86-4446-bc3e-5f4731f3e690,1.7773405709751434e+18
69ce9a6f-ea86-4446-bc3e-5f4731f3e690,1.7773405710084867e+18
69ce9a6f-ea86-4446-bc3e-5f4731f3e690,1.7773405710418286e+18
69ce9a6f-ea86-4446-bc3e-5f4731f3e690,1.7773405710751716e+18
69ce9a6f-ea86-4446-bc3e-5f4731f3e690,1.7773405711085135e+18
69ce9a6f-ea86-4446-bc3e-5f4731f3e690,1.7773405711418565e+18
69ce9a6f-ea86-4446-bc3e-5f4731f3e690,1.7773405711751985e+18
69ce9a6f-ea86-4446-bc3e-5f4731f3e690,1.7773405712085404e+18
69ce9a6f-ea86-4446-bc3e-5f4731f3e690,1.7773405712418836e+18
69ce9a6f-ea86-4446-bc3e-5f4731f3e690,1.7773405712752256e+18
69ce9a6f-ea86-4446-bc3e-5f4731f3e690,1.7773405713085686e+18
69ce9a6f-ea86-4446-bc3e-5f4731f3e690,1.7773405713419105e+18
69ce9a6f-ea86-4446-bc3e-5f4731f3e690,1.7773405713752535e+18
69ce9a6f-ea86-4446-bc3e-5f4731f3e690,1.7773405714085955e+18
69ce9a6f-ea86-4446-bc3e-5f4731f3e690,1.7773405714419384e+18
69ce9a6f-ea86-4446-bc3e-5f4731f3e690,1.7773405714752806e+18
69ce9a6f-ea86-4446-bc3e-5f4731f3e690,1.7773405715086236e+18
69ce9a6f-ea86-4446-bc3e-5f4731f3e690,1.7773405715419656e+18
69ce9a6f-ea86-4446-bc3e-5f4731f3e690,1.7773405715753075e+18
69ce9a6f-ea86-4446-bc3e-5f4731f3e690,1.7773405716086505e+18
69ce9a6f-ea86-4446-bc3e-5f4731f3e690,1.7773405716419924e+18
69ce9a6f-ea86-4446-bc3e-5f4731f3e690,1.7773405716753354e+18
69ce9a6f-ea86-4446-bc3e-5f4731f3e690,1.7773405717086776e+18
69ce9a6f-ea86-4446-bc3e-5f4731f3e690,1.7773405717420206e+18
69ce9a6f-ea86-4446-bc3e-5f4731f3e690,1.7773405717753626e+18
69ce9a6f-ea86-4446-bc3e-5f4731f3e690,1.7773405718087055e+18
69ce9a6f-ea86-4446-bc3e-5f4731f3e690,1.7773405718420475e+18
69ce9a6f-ea86-4446-bc3e-5f4731f3e690,1.7773405718753894e+18
69ce9a6f-ea86-4446-bc3e-5f4731f3e690,1.7773405719087324e+18
69ce9a6f-ea86-4446-bc3e-5f4731f3e690,1.7773405719420746e+18
69ce9a6f-ea86-4446-bc3e-5f4731f3e690,1.7773405719754176e+18
69ce9a6f-ea86-4446-bc3e-5f4731f3e690,1.7773405720087596e+18
69ce9a6f-ea86-4446-bc3e-5f4731f3e690,1.7773405720421025e+18
69ce9a6f-ea86-4446-bc3e-5f4731f3e690,1.7773405720754445e+18
69ce9a6f-ea86-4446-bc3e-5f4731f3e690,1.7773405721087875e+18
69ce9a6f-ea86-4446-bc3e-5f4731f3e690,1.7773405721421297e+18
69ce9a6f-ea86-4446-bc3e-5f4731f3e690,1.7773405721754716e+18
69ce9a6f-ea86-4446-bc3e-5f4731f3e690,1.7773405722088146e+18
69ce9a6f-ea86-4446-bc3e-5f4731f3e690,1.7773405722421565e+18
69ce9a6f-ea86-4446-bc3e-5f4731f3e690,1.7773405722754995e+18
69ce9a6f-ea86-4446-bc3e-5f4731f3e690,1.7773405723088415e+18
69ce9a6f-ea86-4446-bc3e-5f4731f3e690,1.7773405723421844e+18
69ce9a6f-ea86-4446-bc3e-5f4731f3e690,1.7773405723755267e+18
69ce9a6f-ea86-4446-bc3e-5f4731f3e690,1.7773405724088696e+18
69ce9a6f-ea86-4446-bc3e-5f4731f3e690,1.7773405724422116e+18
69ce9a6f-ea86-4446-bc3e-5f4731f3e690,1.7773405724755535e+18
69ce9a6f-ea86-4446-bc3e-5f4731f3e690,1.7773405725088965e+18
69ce9a6f-ea86-4446-bc3e-5f4731f3e690,1.7773405725422385e+18
69ce9a6f-ea86-4446-bc3e-5f4731f3e690,1.7773405725755814e+18
69ce9a6f-ea86-4446-bc3e-5f4731f3e690,1.7773405726089236e+18
69ce9a6f-ea86-4446-bc3e-5f4731f3e690,1.7773405726422666e+18
69ce9a6f-ea86-4446-bc3e-5f4731f3e690,1.7773405726756086e+18
69ce9a6f-ea86-4446-bc3e-5f4731f3e690,1.7773405727089516e+18
69ce9a6f-ea86-4446-bc3e-5f4731f3e690,1.7773405727422935e+18
69ce9a6f-ea86-4446-bc3e-5f4731f3e690,1.7773405727756355e+18
69ce9a6f-ea86-4446-bc3e-5f4731f3e690,1.7773405728089784e+18
69ce9a6f-ea86-4446-bc3e-5f4731f3e690,1.7773405728423206e+18
69ce9a6f-ea86-4446-bc3e-5f4731f3e690,1.7773405728756636e+18
69ce9a6f-ea86-4446-bc3e-5f4731f3e690,1.7773405729090056e+18
69ce9a6f-ea86-4446-bc3e-5f4731f3e690,1.7773405729423485e+18
69ce9a6f-ea86-4446-bc3e-5f4731f3e690,1.7773405729756905e+18
69ce9a6f-ea86-4446-bc3e-5f4731f3e690,1.7773405730090335e+18
69ce9a6f-ea86-4446-bc3e-5f4731f3e690,1.7773405730423754e+18
69ce9a6f-ea86-4446-bc3e-5f4731f3e690,1.7773405730757176e+18
69ce9a6f-ea86-4446-bc3e-5f4731f3e690,1.7773405731090606e+18
69ce9a6f-ea86-4446-bc3e-5f4731f3e690,1.7773405731424026e+18
69ce9a6f-ea86-4446-bc3e-5f4731f3e690,1.7773405731757455e+18
69ce9a6f-ea86-4446-bc3e-5f4731f3e690,1.7773405732090875e+18
69ce9a6f-ea86-4446-bc3e-5f4731f3e690,1.7773405732424305e+18
69ce9a6f-ea86-4446-bc3e-5f4731f3e690,1.7773405732757724e+18
69ce9a6f-ea86-4446-bc3e-5f4731f3e690,1.7773405733091156e+18
69ce9a6f-ea86-4446-bc3e-5f4731f3e690,1.7773405733424576e+18
69ce9a6f-ea86-4446-bc3e-5f4731f3e690,1.7773405733758006e+18
69ce9a6f-ea86-4446-bc3e-5f4731f3e690,1.7773405734091425e+18
69ce9a6f-ea86-4446-bc3e-5f4731f3e690,1.7773405734424845e+18
69ce9a6f-ea86-4446-bc3e-5f4731f3e690,1.7773405734758275e+18
69ce9a6f-ea86-4446-bc3e-5f4731f3e690,1.7773405735091697e+18
69ce9a6f-ea86-4446-bc3e-5f4731f3e690,1.7773405735425126e+18
69ce9a6f-ea86-4446-bc3e-5f4731f3e690,1.7773405735758546e+18
69ce9a6f-ea86-4446-bc3e-5f4731f3e690,1.7773405736091976e+18
69ce9a6f-ea86-4446-bc3e-5f4731f3e690,1.7773405736425395e+18
69ce9a6f-ea86-4446-bc3e-5f4731f3e690,1.7773405736758825e+18
69ce9a6f-ea86-4446-bc3e-5f4731f3e690,1.7773405737092244e+18
69ce9a6f-ea86-4446-bc3e-5f4731f3e690,1.7773405737425667e+18
69ce9a6f-ea86-4446-bc3e-5f4731f3e690,1.7773405737759096e+18
69ce9a6f-ea86-4446-bc3e-5f4731f3e690,1.7773405738092516e+18
69ce9a6f-ea86-4446-bc3e-5f4731f3e690,1.7773405738425946e+18
69ce9a6f-ea86-4446-bc3e-5f4731f3e690,1.7773405738759365e+18
69ce9a6f-ea86-4446-bc3e-5f4731f3e690,1.7773405739092795e+18
69ce9a6f-ea86-4446-bc3e-5f4731f3e690,1.7773405739426214e+18
69ce9a6f-ea86-4446-bc3e-5f4731f3e690,1.7773405739759644e+18
69ce9a6f-ea86-4446-bc3e-5f4731f3e690,1.7773405740093066e+18
69ce9a6f-ea86-4446-bc3e-5f4731f3e690,1.7773405740426486e+18
69ce9a6f-ea86-4446-bc3e-5f4731f3e690,1.7773405740759916e+18
69ce9a6f-ea86-4446-bc3e-5f4731f3e690,1.7773405741093335e+18
69ce9a6f-ea86-4446-bc3e-5f4731f3e690,1.7773405741426765e+18
69ce9a6f-ea86-4446-bc3e-5f4731f3e690,1.7773405741760184e+18
69ce9a6f-ea86-4446-bc3e-5f4731f3e690,1.7773405742093617e+18
69ce9a6f-ea86-4446-bc3e-5f4731f3e690,1.7773405742427036e+18
69ce9a6f-ea86-4446-bc3e-5f4731f3e690,1.7773405742760466e+18
69ce9a6f-ea86-4446-bc3e-5f4731f3e690,1.7773405743093885e+18
69ce9a6f-ea86-4446-bc3e-5f4731f3e690,1.7773405743427305e+18
69ce9a6f-ea86-4446-bc3e-5f4731f3e690,1.7773405743760735e+18
69ce9a6f-ea86-4446-bc3e-5f4731f3e690,1.7773405744094154e+18
69ce9a6f-ea86-4446-bc3e-5f4731f3e690,1.7773405744427587e+18
69ce9a6f-ea86-4446-bc3e-5f4731f3e690,1.7773405744761006e+18
69ce9a6f-ea86-4446-bc3e-5f4731f3e690,1.7773405745094436e+18
69ce9a6f-ea86-4446-bc3e-5f4731f3e690,1.7773405745427855e+18
69ce9a6f-ea86-4446-bc3e-5f4731f3e690,1.7773405745761285e+18
69ce9a6f-ea86-4446-bc3e-5f4731f3e690,1.7773405746094705e+18
69ce9a6f-ea86-4446-bc3e-5f4731f3e690,1.7773405746428124e+18
69ce9a6f-ea86-4446-bc3e-5f4731f3e690,1.7773405746761556e+18
69ce9a6f-ea86-4446-bc3e-5f4731f3e690,1.7773405747094976e+18
69ce9a6f-ea86-4446-bc3e-5f4731f3e690,1.7773405747428406e+18
69ce9a6f-ea86-4446-bc3e-5f4731f3e690,1.7773405747761825e+18
69ce9a6f-ea86-4446-bc3e-5f4731f3e690,1.7773405748095255e+18
69ce9a6f-ea86-4446-bc3e-5f4731f3e690,1.7773405748428675e+18
69ce9a6f-ea86-4446-bc3e-5f4731f3e690,1.7773405748762104e+18
69ce9a6f-ea86-4446-bc3e-5f4731f3e690,1.7773405749095526e+18
69ce9a6f-ea86-4446-bc3e-5f4731f3e690,1.7773405749428946e+18
69ce9a6f-ea86-4446-bc3e-5f4731f3e690,1.7773405749762376e+18
69ce9a6f-ea86-4446-bc3e-5f4731f3e690,1.7773405750095795e+18
69ce9a6f-ea86-4446-bc3e-5f4731f3e690,1.7773405750429225e+18
69ce9a6f-ea86-4446-bc3e-5f4731f3e690,1.7773405750762644e+18
69ce9a6f-ea86-4446-bc3e-5f4731f3e690,1.7773405751096074e+18
69ce9a6f-ea86-4446-bc3e-5f4731f3e690,1.7773405751429496e+18
69ce9a6f-ea86-4446-bc3e-5f4731f3e690,1.7773405751762926e+18
69ce9a6f-ea86-4446-bc3e-5f4731f3e690,1.7773405752096346e+18
69ce9a6f-ea86-4446-bc3e-5f4731f3e690,1.7773405752429765e+18
69ce9a6f-ea86-4446-bc3e-5f4731f3e690,1.7773405752763195e+18
69ce9a6f-ea86-4446-bc3e-5f4731f3e690,1.7773405753096614e+18
69ce9a6f-ea86-4446-bc3e-5f4731f3e690,1.7773405753430044e+18
69ce9a6f-ea86-4446-bc3e-5f4731f3e690,1.7773405753763466e+18
69ce9a6f-ea86-4446-bc3e-5f4731f3e690,1.7773405754096896e+18
69ce9a6f-ea86-4446-bc3e-5f4731f3e690,1.7773405754430316e+18
69ce9a6f-ea86-4446-bc3e-5f4731f3e690,1.7773405754763745e+18
69ce9a6f-ea86-4446-bc3e-5f4731f3e690,1.7773405755097165e+18
69ce9a6f-ea86-4446-bc3e-5f4731f3e690,1.7773405755430595e+18
69ce9a6f-ea86-4446-bc3e-5f4731f3e690,1.7773405755764017e+18
69ce9a6f-ea86-4446-bc3e-5f4731f3e690,1.7773405756097436e+18
69ce9a6f-ea86-4446-bc3e-5f4731f3e690,1.7773405756430866e+18
69ce9a6f-ea86-4446-bc3e-5f4731f3e690,1.7773405756764285e+18
69ce9a6f-ea86-4446-bc3e-5f4731f3e690,1.7773405757097715e+18
69ce9a6f-ea86-4446-bc3e-5f4731f3e690,1.7773405757431135e+18
69ce9a6f-ea86-4446-bc3e-5f4731f3e690,1.7773405757764564e+18
69ce9a6f-ea86-4446-bc3e-5f4731f3e690,1.7773405758097987e+18
69ce9a6f-ea86-4446-bc3e-5f4731f3e690,1.7773405758431416e+18
69ce9a6f-ea86-4446-bc3e-5f4731f3e690,1.7773405758764836e+18
69ce9a6f-ea86-4446-bc3e-5f4731f3e690,1.7773405759098255e+18
69ce9a6f-ea86-4446-bc3e-5f4731f3e690,1.7773405759431685e+18
69ce9a6f-ea86-4446-bc3e-5f4731f3e690,1.7773405759765105e+18
69ce9a6f-ea86-4446-bc3e-5f4731f3e690,1.7773405760098534e+18
69ce9a6f-ea86-4446-bc3e-5f4731f3e690,1.7773405760431956e+18
69ce9a6f-ea86-4446-bc3e-5f4731f3e690,1.7773405760765386e+18
69ce9a6f-ea86-4446-bc3e-5f4731f3e690,1.7773405761098806e+18
69ce9a6f-ea86-4446-bc3e-5f4731f3e690,1.7773405761432236e+18
69ce9a6f-ea86-4446-bc3e-5f4731f3e690,1.7773405761765655e+18
69ce9a6f-ea86-4446-bc3e-5f4731f3e690,1.7773405762099075e+18
69ce9a6f-ea86-4446-bc3e-5f4731f3e690,1.7773405762432504e+18
69ce9a6f-ea86-4446-bc3e-5f4731f3e690,1.7773405762765926e+18
69ce9a6f-ea86-4446-bc3e-5f4731f3e690,1.7773405763099356e+18
69ce9a6f-ea86-4446-bc3e-5f4731f3e690,1.7773405763432776e+18
69ce9a6f-ea86-4446-bc3e-5f4731f3e690,1.7773405763766205e+18
69ce9a6f-ea86-4446-bc3e-5f4731f3e690,1.7773405764099625e+18
69ce9a6f-ea86-4446-bc3e-5f4731f3e690,1.7773405764433055e+18
69ce9a6f-ea86-4446-bc3e-5f4731f3e690,1.7773405764766474e+18
69ce9a6f-ea86-4446-bc3e-5f4731f3e690,1.7773405765099896e+18
69ce9a6f-ea86-4446-bc3e-5f4731f3e690,1.7773405765433326e+18
69ce9a6f-ea86-4446-bc3e-5f4731f3e690,1.7773405765766746e+18
69ce9a6f-ea86-4446-bc3e-5f4731f3e690,1.7773405766100175e+18
69ce9a6f-ea86-4446-bc3e-5f4731f3e690,1.7773405766433595e+18
69ce9a6f-ea86-4446-bc3e-5f4731f3e690,1.7773405766767025e+18
69ce9a6f-ea86-4446-bc3e-5f4731f3e690,1.7773405767100444e+18
69ce9a6f-ea86-4446-bc3e-5f4731f3e690,1.7773405767433876e+18
69ce9a6f-ea86-4446-bc3e-5f4731f3e690,1.7773405767767296e+18
69ce9a6f-ea86-4446-bc3e-5f4731f3e690,1.7773405768100716e+18
69ce9a6f-ea86-4446-bc3e-5f4731f3e690,1.7773405768434145e+18
69ce9a6f-ea86-4446-bc3e-5f4731f3e690,1.7773405768767565e+18
69ce9a6f-ea86-4446-bc3e-5f4731f3e690,1.7773405769100995e+18
69ce9a6f-ea86-4446-bc3e-5f4731f3e690,1.7773405769434417e+18
69ce9a6f-ea86-4446-bc3e-5f4731f3e690,1.7773405769767846e+18
69ce9a6f-ea86-4446-bc3e-5f4731f3e690,1.7773405770101266e+18
69ce9a6f-ea86-4446-bc3e-5f4731f3e690,1.7773405770434696e+18
69ce9a6f-ea86-4446-bc3e-5f4731f3e690,1.7773405770768115e+18
69ce9a6f-ea86-4446-bc3e-5f4731f3e690,1.7773405771101545e+18
69ce9a6f-ea86-4446-bc3e-5f4731f3e690,1.7773405771434964e+18
69ce9a6f-ea86-4446-bc3e-5f4731f3e690,1.7773405771768387e+18
69ce9a6f-ea86-4446-bc3e-5f4731f3e690,1.7773405772101816e+18
69ce9a6f-ea86-4446-bc3e-5f4731f3e690,1.7773405772435236e+18
69ce9a6f-ea86-4446-bc3e-5f4731f3e690,1.7773405772768666e+18
69ce9a6f-ea86-4446-bc3e-5f4731f3e690,1.7773405773102085e+18
69ce9a6f-ea86-4446-bc3e-5f4731f3e690,1.7773405773435515e+18
69ce9a6f-ea86-4446-bc3e-5f4731f3e690,1.7773405773768934e+18
69ce9a6f-ea86-4446-bc3e-5f4731f3e690,1.7773405774102364e+18
69ce9a6f-ea86-4446-bc3e-5f4731f3e690,1.7773405774435786e+18
69ce9a6f-ea86-4446-bc3e-5f4731f3e690,1.7773405774769206e+18
69ce9a6f-ea86-4446-bc3e-5f4731f3e690,1.7773405775102636e+18
69ce9a6f-ea86-4446-bc3e-5f4731f3e690,1.7773405775436055e+18
69ce9a6f-ea86-4446-bc3e-5f4731f3e690,1.7773405775769485e+18
69ce9a6f-ea86-4446-bc3e-5f4731f3e690,1.7773405776102904e+18
69ce9a6f-ea86-4446-bc3e-5f4731f3e690,1.7773405776436337e+18
69ce9a6f-ea86-4446-bc3e-5f4731f3e690,1.7773405776769756e+18
69ce9a6f-ea86-4446-bc3e-5f4731f3e690,1.7773405777103186e+18
69ce9a6f-ea86-4446-bc3e-5f4731f3e690,1.7773405777436605e+18
69ce9a6f-ea86-4446-bc3e-5f4731f3e690,1.7773405777770025e+18
69ce9a6f-ea86-4446-bc3e-5f4731f3e690,1.7773405778103455e+18
69ce9a6f-ea86-4446-bc3e-5f4731f3e690,1.7773405778436874e+18
69ce9a6f-ea86-4446-bc3e-5f4731f3e690,1.7773405778770307e+18
69ce9a6f-ea86-4446-bc3e-5f4731f3e690,1.7773405779103726e+18
69ce9a6f-ea86-4446-bc3e-5f4731f3e690,1.7773405779437156e+18
69ce9a6f-ea86-4446-bc3e-5f4731f3e690,1.7773405779770575e+18
69ce9a6f-ea86-4446-bc3e-5f4731f3e690,1.7773405780104005e+18
69ce9a6f-ea86-4446-bc3e-5f4731f3e690,1.7773405780437425e+18
69ce9a6f-ea86-4446-bc3e-5f4731f3e690,1.7773405780770844e+18
69ce9a6f-ea86-4446-bc3e-5f4731f3e690,1.7773405781104276e+18
69ce9a6f-ea86-4446-bc3e-5f4731f3e690,1.7773405781437696e+18
69ce9a6f-ea86-4446-bc3e-5f4731f3e690,1.7773405781771126e+18
69ce9a6f-ea86-4446-bc3e-5f4731f3e690,1.7773405782104545e+18
69ce9a6f-ea86-4446-bc3e-5f4731f3e690,1.7773405782437975e+18
69ce9a6f-ea86-4446-bc3e-5f4731f3e690,1.7773405782771395e+18
69ce9a6f-ea86-4446-bc3e-5f4731f3e690,1.7773405783104824e+18
69ce9a6f-ea86-4446-bc3e-5f4731f3e690,1.7773405783438246e+18
69ce9a6f-ea86-4446-bc3e-5f4731f3e690,1.7773405783771676e+18
69ce9a6f-ea86-4446-bc3e-5f4731f3e690,1.7773405784105096e+18
69ce9a6f-ea86-4446-bc3e-5f4731f3e690,1.7773405784438515e+18
69ce9a6f-ea86-4446-bc3e-5f4731f3e690,1.7773405784771945e+18
69ce9a6f-ea86-4446-bc3e-5f4731f3e690,1.7773405785105364e+18
69ce9a6f-ea86-4446-bc3e-5f4731f3e690,1.7773405785438794e+18
69ce9a6f-ea86-4446-bc3e-5f4731f3e690,1.7773405785772216e+18
69ce9a6f-ea86-4446-bc3e-5f4731f3e690,1.7773405786105646e+18
69ce9a6f-ea86-4446-bc3e-5f4731f3e690,1.7773405786439066e+18
69ce9a6f-ea86-4446-bc3e-5f4731f3e690,1.7773405786772495e+18
69ce9a6f-ea86-4446-bc3e-5f4731f3e690,1.7773405787105915e+18
69ce9a6f-ea86-4446-bc3e-5f4731f3e690,1.7773405787439334e+18
69ce9a6f-ea86-4446-bc3e-5f4731f3e690,1.7773405787772764e+18
69ce9a6f-ea86-4446-bc3e-5f4731f3e690,1.7773405788106186e+18
69ce9a6f-ea86-4446-bc3e-5f4731f3e690,1.7773405788439616e+18
69ce9a6f-ea86-4446-bc3e-5f4731f3e690,1.7773405788773036e+18
69ce9a6f-ea86-4446-bc3e-5f4731f3e690,1.7773405789106465e+18
69ce9a6f-ea86-4446-bc3e-5f4731f3e690,1.7773405789439885e+18
69ce9a6f-ea86-4446-bc3e-5f4731f3e690,1.7773405789773315e+18
69ce9a6f-ea86-4446-bc3e-5f4731f3e690,1.7773405790106737e+18
69ce9a6f-ea86-4446-bc3e-5f4731f3e690,1.7773405790440156e+18
69ce9a6f-ea86-4446-bc3e-5f4731f3e690,1.7773405790773586e+18
69ce9a6f-ea86-4446-bc3e-5f4731f3e690,1.7773405791107005e+18
69ce9a6f-ea86-4446-bc3e-5f4731f3e690,1.7773405791440435e+18
69ce9a6f-ea86-4446-bc3e-5f4731f3e690,1.7773405791773855e+18
69ce9a6f-ea86-4446-bc3e-5f4731f3e690,1.7773405792107284e+18
69ce9a6f-ea86-4446-bc3e-5f4731f3e690,1.7773405792440707e+18
69ce9a6f-ea86-4446-bc3e-5f4731f3e690,1.7773405792774136e+18
69ce9a6f-ea86-4446-bc3e-5f4731f3e690,1.7773405793107556e+18
69ce9a6f-ea86-4446-bc3e-5f4731f3e690,1.7773405793440975e+18
69ce9a6f-ea86-4446-bc3e-5f4731f3e690,1.7773405793774405e+18
69ce9a6f-ea86-4446-bc3e-5f4731f3e690,1.7773405794107825e+18
69ce9a6f-ea86-4446-bc3e-5f4731f3e690,1.7773405794441254e+18
69ce9a6f-ea86-4446-bc3e-5f4731f3e690,1.7773405794774676e+18
69ce9a6f-ea86-4446-bc3e-5f4731f3e690,1.7773405795108106e+18
69ce9a6f-ea86-4446-bc3e-5f4731f3e690,1.7773405795441526e+18
69ce9a6f-ea86-4446-bc3e-5f4731f3e690,1.7773405795774956e+18
69ce9a6f-ea86-4446-bc3e-5f4731f3e690,1.7773405796108375e+18
69ce9a6f-ea86-4446-bc3e-5f4731f3e690,1.7773405796441805e+18
69ce9a6f-ea86-4446-bc3e-5f4731f3e690,1.7773405796775224e+18
69ce9a6f-ea86-4446-bc3e-5f4731f3e690,1.7773405797108646e+18
69ce9a6f-ea86-4446-bc3e-5f4731f3e690,1.7773405797442076e+18
69ce9a6f-ea86-4446-bc3e-5f4731f3e690,1.7773405797775496e+18
69ce9a6f-ea86-4446-bc3e-5f4731f3e690,1.7773405798108925e+18
69ce9a6f-ea86-4446-bc3e-5f4731f3e690,1.7773405798442345e+18
69ce9a6f-ea86-4446-bc3e-5f4731f3e690,1.7773405798775775e+18
69ce9a6f-ea86-4446-bc3e-5f4731f3e690,1.7773405799109194e+18
69ce9a6f-ea86-4446-bc3e-5f4731f3e690,1.7773405799442627e+18
69ce9a6f-ea86-4446-bc3e-5f4731f3e690,1.7773405799776046e+18
69ce9a6f-ea86-4446-bc3e-5f4731f3e690,1.7773405800109466e+18
69ce9a6f-ea86-4446-bc3e-5f4731f3e690,1.7773405800442895e+18
69ce9a6f-ea86-4446-bc3e-5f4731f3e690,1.7773405800776315e+18
69ce9a6f-ea86-4446-bc3e-5f4731f3e690,1.7773405801109745e+18
69ce9a6f-ea86-4446-bc3e-5f4731f3e690,1.7773405801443164e+18
69ce9a6f-ea86-4446-bc3e-5f4731f3e690,1.7773405801776596e+18
69ce9a6f-ea86-4446-bc3e-5f4731f3e690,1.7773405802110016e+18
69ce9a6f-ea86-4446-bc3e-5f4731f3e690,1.7773405802443446e+18
69ce9a6f-ea86-4446-bc3e-5f4731f3e690,1.7773405802776865e+18
69ce9a6f-ea86-4446-bc3e-5f4731f3e690,1.7773405803110285e+18
69ce9a6f-ea86-4446-bc3e-5f4731f3e690,1.7773405803443715e+18
69ce9a6f-ea86-4446-bc3e-5f4731f3e690,1.7773405803777137e+18
69ce9a6f-ea86-4446-bc3e-5f4731f3e690,1.7773405804110566e+18
69ce9a6f-ea86-4446-bc3e-5f4731f3e690,1.7773405804443986e+18
69ce9a6f-ea86-4446-bc3e-5f4731f3e690,1.7773405804777416e+18
69ce9a6f-ea86-4446-bc3e-5f4731f3e690,1.7773405805110835e+18
69ce9a6f-ea86-4446-bc3e-5f4731f3e690,1.7773405805444265e+18
69ce9a6f-ea86-4446-bc3e-5f4731f3e690,1.7773405805777684e+18
69ce9a6f-ea86-4446-bc3e-5f4731f3e690,1.7773405806111107e+18
69ce9a6f-ea86-4446-bc3e-5f4731f3e690,1.7773405806444536e+18
69ce9a6f-ea86-4446-bc3e-5f4731f3e690,1.7773405806777956e+18
69ce9a6f-ea86-4446-bc3e-5f4731f3e690,1.7773405807111386e+18
69ce9a6f-ea86-4446-bc3e-5f4731f3e690,1.7773405807444805e+18
69ce9a6f-ea86-4446-bc3e-5f4731f3e690,1.7773405807778235e+18
69ce9a6f-ea86-4446-bc3e-5f4731f3e690,1.7773405808111654e+18
69ce9a6f-ea86-4446-bc3e-5f4731f3e690,1.7773405808445084e+18
69ce9a6f-ea86-4446-bc3e-5f4731f3e690,1.7773405808778506e+18
69ce9a6f-ea86-4446-bc3e-5f4731f3e690,1.7773405809111926e+18
69ce9a6f-ea86-4446-bc3e-5f4731f3e690,1.7773405809445356e+18
69ce9a6f-ea86-4446-bc3e-5f4731f3e690,1.7773405809778775e+18
69ce9a6f-ea86-4446-bc3e-5f4731f3e690,1.7773405810112205e+18
69ce9a6f-ea86-4446-bc3e-5f4731f3e690,1.7773405810445624e+18
69ce9a6f-ea86-4446-bc3e-5f4731f3e690,1.7773405810779057e+18
69ce9a6f-ea86-4446-bc3e-5f4731f3e690,1.7773405811112476e+18
69ce9a6f-ea86-4446-bc3e-5f4731f3e690,1.7773405811445906e+18
69ce9a6f-ea86-4446-bc3e-5f4731f3e690,1.7773405811779325e+18
69ce9a6f-ea86-4446-bc3e-5f4731f3e690,1.7773405812112745e+18
69ce9a6f-ea86-4446-bc3e-5f4731f3e690,1.7773405812446175e+18
69ce9a6f-ea86-4446-bc3e-5f4731f3e690,1.7773405812779594e+18
69ce9a6f-ea86-4446-bc3e-5f4731f3e690,1.7773405813113027e+18
69ce9a6f-ea86-4446-bc3e-5f4731f3e690,1.7773405813446446e+18
69ce9a6f-ea86-4446-bc3e-5f4731f3e690,1.7773405813779876e+18
69ce9a6f-ea86-4446-bc3e-5f4731f3e690,1.7773405814113295e+18
69ce9a6f-ea86-4446-bc3e-5f4731f3e690,1.7773405814446725e+18
69ce9a6f-ea86-4446-bc3e-5f4731f3e690,1.7773405814780145e+18
69ce9a6f-ea86-4446-bc3e-5f4731f3e690,1.7773405815113574e+18
69ce9a6f-ea86-4446-bc3e-5f4731f3e690,1.7773405815446996e+18
69ce9a6f-ea86-4446-bc3e-5f4731f3e690,1.7773405815780416e+18
69ce9a6f-ea86-4446-bc3e-5f4731f3e690,1.7773405816113846e+18
69ce9a6f-ea86-4446-bc3e-5f4731f3e690,1.7773405816447265e+18
69ce9a6f-ea86-4446-bc3e-5f4731f3e690,1.7773405816780695e+18
69ce9a6f-ea86-4446-bc3e-5f4731f3e690,1.7773405817114115e+18
69ce9a6f-ea86-4446-bc3e-5f4731f3e690,1.7773405817447544e+18
69ce9a6f-ea86-4446-bc3e-5f4731f3e690,1.7773405817780966e+18
69ce9a6f-ea86-4446-bc3e-5f4731f3e690,1.7773405818114396e+18
69ce9a6f-ea86-4446-bc3e-5f4731f3e690,1.7773405818447816e+18
69ce9a6f-ea86-4446-bc3e-5f4731f3e690,1.7773405818781235e+18
69ce9a6f-ea86-4446-bc3e-5f4731f3e690,1.7773405819114665e+18
69ce9a6f-ea86-4446-bc3e-5f4731f3e690,1.7773405819448084e+18
69ce9a6f-ea86-4446-bc3e-5f4731f3e690,1.7773405819781514e+18
69ce9a6f-ea86-4446-bc3e-5f4731f3e690,1.7773405820114936e+18
69ce9a6f-ea86-4446-bc3e-5f4731f3e690,1.7773405820448366e+18
69ce9a6f-ea86-4446-bc3e-5f4731f3e690,1.7773405820781786e+18
69ce9a6f-ea86-4446-bc3e-5f4731f3e690,1.7773405821115215e+18
69ce9a6f-ea86-4446-bc3e-5f4731f3e690,1.7773405821448635e+18
69ce9a6f-ea86-4446-bc3e-5f4731f3e690,1.7773405821782054e+18
69ce9a6f-ea86-4446-bc3e-5f4731f3e690,1.7773405822115484e+18
69ce9a6f-ea86-4446-bc3e-5f4731f3e690,1.7773405822448906e+18
69ce9a6f-ea86-4446-bc3e-5f4731f3e690,1.7773405822782336e+18
69ce9a6f-ea86-4446-bc3e-5f4731f3e690,1.7773405823115756e+18
69ce9a6f-ea86-4446-bc3e-5f4731f3e690,1.7773405823449185e+18
69ce9a6f-ea86-4446-bc3e-5f4731f3e690,1.7773405823782605e+18
69ce9a6f-ea86-4446-bc3e-5f4731f3e690,1.7773405824116035e+18
69ce9a6f-ea86-4446-bc3e-5f4731f3e690,1.7773405824449457e+18
69ce9a6f-ea86-4446-bc3e-5f4731f3e690,1.7773405824782876e+18
69ce9a6f-ea86-4446-bc3e-5f4731f3e690,1.7773405825116306e+18
69ce9a6f-ea86-4446-bc3e-5f4731f3e690,1.7773405825449725e+18
69ce9a6f-ea86-4446-bc3e-5f4731f3e690,1.7773405825783155e+18
69ce9a6f-ea86-4446-bc3e-5f4731f3e690,1.7773405826116575e+18
69ce9a6f-ea86-4446-bc3e-5f4731f3e690,1.7773405826450004e+18
69ce9a6f-ea86-4446-bc3e-5f4731f3e690,1.7773405826783427e+18
69ce9a6f-ea86-4446-bc3e-5f4731f3e690,1.7773405827116856e+18
69ce9a6f-ea86-4446-bc3e-5f4731f3e690,1.7773405827450276e+18
69ce9a6f-ea86-4446-bc3e-5f4731f3e690,1.7773405827783695e+18
69ce9a6f-ea86-4446-bc3e-5f4731f3e690,1.7773405828117125e+18
69ce9a6f-ea86-4446-bc3e-5f4731f3e690,1.7773405828450545e+18
69ce9a6f-ea86-4446-bc3e-5f4731f3e690,1.7773405828783974e+18
69ce9a6f-ea86-4446-bc3e-5f4731f3e690,1.7773405829117396e+18
69ce9a6f-ea86-4446-bc3e-5f4731f3e690,1.7773405829450826e+18
69ce9a6f-ea86-4446-bc3e-5f4731f3e690,1.7773405829784246e+18
69ce9a6f-ea86-4446-bc3e-5f4731f3e690,1.7773405830117676e+18
69ce9a6f-ea86-4446-bc3e-5f4731f3e690,1.7773405830451095e+18
69ce9a6f-ea86-4446-bc3e-5f4731f3e690,1.7773405830784515e+18
69ce9a6f-ea86-4446-bc3e-5f4731f3e690,1.7773405831117944e+18
69ce9a6f-ea86-4446-bc3e-5f4731f3e690,1.7773405831451366e+18
69ce9a6f-ea86-4446-bc3e-5f4731f3e690,1.7773405831784796e+18
69ce9a6f-ea86-4446-bc3e-5f4731f3e690,1.7773405832118216e+18
69ce9a6f-ea86-4446-bc3e-5f4731f3e690,1.7773405832451645e+18
69ce9a6f-ea86-4446-bc3e-5f4731f3e690,1.7773405832785065e+18
69ce9a6f-ea86-4446-bc3e-5f4731f3e690,1.7773405833118495e+18
69ce9a6f-ea86-4446-bc3e-5f4731f3e690,1.7773405833451914e+18
69ce9a6f-ea86-4446-bc3e-5f4731f3e690,1.7773405833785347e+18
69ce9a6f-ea86-4446-bc3e-5f4731f3e690,1.7773405834118766e+18
69ce9a6f-ea86-4446-bc3e-5f4731f3e690,1.7773405834452186e+18
69ce9a6f-ea86-4446-bc3e-5f4731f3e690,1.7773405834785615e+18
69ce9a6f-ea86-4446-bc3e-5f4731f3e690,1.7773405835119035e+18
69ce9a6f-ea86-4446-bc3e-5f4731f3e690,1.7773405835452465e+18
69ce9a6f-ea86-4446-bc3e-5f4731f3e690,1.7773405835785884e+18
69ce9a6f-ea86-4446-bc3e-5f4731f3e690,1.7773405836119316e+18
69ce9a6f-ea86-4446-bc3e-5f4731f3e690,1.7773405836452736e+18
69ce9a6f-ea86-4446-bc3e-5f4731f3e690,1.7773405836786166e+18
69ce9a6f-ea86-4446-bc3e-5f4731f3e690,1.7773405837119585e+18
69ce9a6f-ea86-4446-bc3e-5f4731f3e690,1.7773405837453005e+18
69ce9a6f-ea86-4446-bc3e-5f4731f3e690,1.7773405837786435e+18
69ce9a6f-ea86-4446-bc3e-5f4731f3e690,1.7773405838119857e+18
69ce9a6f-ea86-4446-bc3e-5f4731f3e690,1.7773405838453286e+18
69ce9a6f-ea86-4446-bc3e-5f4731f3e690,1.7773405838786706e+18
69ce9a6f-ea86-4446-bc3e-5f4731f3e690,1.7773405839120136e+18
69ce9a6f-ea86-4446-bc3e-5f4731f3e690,1.7773405839453555e+18
69ce9a6f-ea86-4446-bc3e-5f4731f3e690,1.7773405839786985e+18
69ce9a6f-ea86-4446-bc3e-5f4731f3e690,1.7773405840120404e+18
69ce9a6f-ea86-4446-bc3e-5f4731f3e690,1.7773405840453827e+18
69ce9a6f-ea86-4446-bc3e-5f4731f3e690,1.7773405840787256e+18
69ce9a6f-ea86-4446-bc3e-5f4731f3e690,1.7773405841120676e+18
69ce9a6f-ea86-4446-bc3e-5f4731f3e690,1.7773405841454106e+18
69ce9a6f-ea86-4446-bc3e-5f4731f3e690,1.7773405841787525e+18
69ce9a6f-ea86-4446-bc3e-5f4731f3e690,1.7773405842120955e+18
69ce9a6f-ea86-4446-bc3e-5f4731f3e690,1.7773405842454374e+18
69ce9a6f-ea86-4446-bc3e-5f4731f3e690,1.7773405842787804e+18
69ce9a6f-ea86-4446-bc3e-5f4731f3e690,1.7773405843121226e+18
69ce9a6f-ea86-4446-bc3e-5f4731f3e690,1.7773405843454646e+18
69ce9a6f-ea86-4446-bc3e-5f4731f3e690,1.7773405843788076e+18
69ce9a6f-ea86-4446-bc3e-5f4731f3e690,1.7773405844121495e+18
69ce9a6f-ea86-4446-bc3e-5f4731f3e690,1.7773405844454925e+18
69ce9a6f-ea86-4446-bc3e-5f4731f3e690,1.7773405844788344e+18
69ce9a6f-ea86-4446-bc3e-5f4731f3e690,1.7773405845121777e+18
69ce9a6f-ea86-4446-bc3e-5f4731f3e690,1.7773405845455196e+18
69ce9a6f-ea86-4446-bc3e-5f4731f3e690,1.7773405845788626e+18
69ce9a6f-ea86-4446-bc3e-5f4731f3e690,1.7773405846122045e+18
69ce9a6f-ea86-4446-bc3e-5f4731f3e690,1.7773405846455465e+18
69ce9a6f-ea86-4446-bc3e-5f4731f3e690,1.7773405846788895e+18
69ce9a6f-ea86-4446-bc3e-5f4731f3e690,1.7773405847122314e+18
69ce9a6f-ea86-4446-bc3e-5f4731f3e690,1.7773405847455747e+18
69ce9a6f-ea86-4446-bc3e-5f4731f3e690,1.7773405847789166e+18
69ce9a6f-ea86-4446-bc3e-5f4731f3e690,1.7773405848122596e+18
69ce9a6f-ea86-4446-bc3e-5f4731f3e690,1.7773405848456015e+18
69ce9a6f-ea86-4446-bc3e-5f4731f3e690,1.7773405848789445e+18
69ce9a6f-ea86-4446-bc3e-5f4731f3e690,1.7773405849122865e+18
69ce9a6f-ea86-4446-bc3e-5f4731f3e690,1.7773405849456284e+18
69ce9a6f-ea86-4446-bc3e-5f4731f3e690,1.7773405849789716e+18
69ce9a6f-ea86-4446-bc3e-5f4731f3e690,1.7773405850123136e+18
69ce9a6f-ea86-4446-bc3e-5f4731f3e690,1.7773405850456566e+18
69ce9a6f-ea86-4446-bc3e-5f4731f3e690,1.7773405850789985e+18
69ce9a6f-ea86-4446-bc3e-5f4731f3e690,1.7773405851123415e+18
69ce9a6f-ea86-4446-bc3e-5f4731f3e690,1.7773405851456835e+18
69ce9a6f-ea86-4446-bc3e-5f4731f3e690,1.7773405851790264e+18
69ce9a6f-ea86-4446-bc3e-5f4731f3e690,1.7773405852123686e+18
69ce9a6f-ea86-4446-bc3e-5f4731f3e690,1.7773405852457106e+18
69ce9a6f-ea86-4446-bc3e-5f4731f3e690,1.7773405852790536e+18
69ce9a6f-ea86-4446-bc3e-5f4731f3e690,1.7773405853123955e+18
69ce9a6f-ea86-4446-bc3e-5f4731f3e690,1.7773405853457385e+18
69ce9a6f-ea86-4446-bc3e-5f4731f3e690,1.7773405853790804e+18
69ce9a6f-ea86-4446-bc3e-5f4731f3e690,1.7773405854124234e+18
69ce9a6f-ea86-4446-bc3e-5f4731f3e690,1.7773405854457656e+18
69ce9a6f-ea86-4446-bc3e-5f4731f3e690,1.7773405854791086e+18
69ce9a6f-ea86-4446-bc3e-5f4731f3e690,1.7773405855124506e+18
69ce9a6f-ea86-4446-bc3e-5f4731f3e690,1.7773405855457935e+18
69ce9a6f-ea86-4446-bc3e-5f4731f3e690,1.7773405855791355e+18
69ce9a6f-ea86-4446-bc3e-5f4731f3e690,1.7773405856124774e+18
69ce9a6f-ea86-4446-bc3e-5f4731f3e690,1.7773405856458204e+18
69ce9a6f-ea86-4446-bc3e-5f4731f3e690,1.7773405856791626e+18
69ce9a6f-ea86-4446-bc3e-5f4731f3e690,1.7773405857125056e+18
69ce9a6f-ea86-4446-bc3e-5f4731f3e690,1.7773405857458476e+18
69ce9a6f-ea86-4446-bc3e-5f4731f3e690,1.7773405857791905e+18
69ce9a6f-ea86-4446-bc3e-5f4731f3e690,1.7773405858125325e+18
69ce9a6f-ea86-4446-bc3e-5f4731f3e690,1.7773405858458755e+18
69ce9a6f-ea86-4446-bc3e-5f4731f3e690,1.7773405858792177e+18
69ce9a6f-ea86-4446-bc3e-5f4731f3e690,1.7773405859125596e+18
69ce9a6f-ea86-4446-bc3e-5f4731f3e690,1.7773405859459026e+18
69ce9a6f-ea86-4446-bc3e-5f4731f3e690,1.7773405859792445e+18
69ce9a6f-ea86-4446-bc3e-5f4731f3e690,1.7773405860125875e+18
69ce9a6f-ea86-4446-bc3e-5f4731f3e690,1.7773405860459295e+18
69ce9a6f-ea86-4446-bc3e-5f4731f3e690,1.7773405860792724e+18
69ce9a6f-ea86-4446-bc3e-5f4731f3e690,1.7773405861126147e+18
69ce9a6f-ea86-4446-bc3e-5f4731f3e690,1.7773405861459576e+18
69ce9a6f-ea86-4446-bc3e-5f4731f3e690,1.7773405861792996e+18
69ce9a6f-ea86-4446-bc3e-5f4731f3e690,1.7773405862126415e+18
69ce9a6f-ea86-4446-bc3e-5f4731f3e690,1.7773405862459845e+18
69ce9a6f-ea86-4446-bc3e-5f4731f3e690,1.7773405862793265e+18
69ce9a6f-ea86-4446-bc3e-5f4731f3e690,1.7773405863126694e+18
69ce9a6f-ea86-4446-bc3e-5f4731f3e690,1.7773405863460116e+18
69ce9a6f-ea86-4446-bc3e-5f4731f3e690,1.7773405863793546e+18
69ce9a6f-ea86-4446-bc3e-5f4731f3e690,1.7773405864126966e+18
69ce9a6f-ea86-4446-bc3e-5f4731f3e690,1.7773405864460396e+18
69ce9a6f-ea86-4446-bc3e-5f4731f3e690,1.7773405864793815e+18
69ce9a6f-ea86-4446-bc3e-5f4731f3e690,1.7773405865127235e+18
69ce9a6f-ea86-4446-bc3e-5f4731f3e690,1.7773405865460664e+18
69ce9a6f-ea86-4446-bc3e-5f4731f3e690,1.7773405865794086e+18
69ce9a6f-ea86-4446-bc3e-5f4731f3e690,1.7773405866127516e+18
69ce9a6f-ea86-4446-bc3e-5f4731f3e690,1.7773405866460936e+18
69ce9a6f-ea86-4446-bc3e-5f4731f3e690,1.7773405866794365e+18
69ce9a6f-ea86-4446-bc3e-5f4731f3e690,1.7773405867127785e+18
69ce9a6f-ea86-4446-bc3e-5f4731f3e690,1.7773405867461215e+18
69ce9a6f-ea86-4446-bc3e-5f4731f3e690,1.7773405867794634e+18
69ce9a6f-ea86-4446-bc3e-5f4731f3e690,1.7773405868128056e+18
69ce9a6f-ea86-4446-bc3e-5f4731f3e690,1.7773405868461486e+18
69ce9a6f-ea86-4446-bc3e-5f4731f3e690,1.7773405868794906e+18
69ce9a6f-ea86-4446-bc3e-5f4731f3e690,1.7773405869128335e+18
69ce9a6f-ea86-4446-bc3e-5f4731f3e690,1.7773405869461755e+18
69ce9a6f-ea86-4446-bc3e-5f4731f3e690,1.7773405869795185e+18
69ce9a6f-ea86-4446-bc3e-5f4731f3e690,1.7773405870128604e+18
69ce9a6f-ea86-4446-bc3e-5f4731f3e690,1.7773405870462036e+18
69ce9a6f-ea86-4446-bc3e-5f4731f3e690,1.7773405870795456e+18
69ce9a6f-ea86-4446-bc3e-5f4731f3e690,1.7773405871128886e+18
69ce9a6f-ea86-4446-bc3e-5f4731f3e690,1.7773405871462305e+18
69ce9a6f-ea86-4446-bc3e-5f4731f3e690,1.7773405871795725e+18
69ce9a6f-ea86-4446-bc3e-5f4731f3e690,1.7773405872129155e+18
69ce9a6f-ea86-4446-bc3e-5f4731f3e690,1.7773405872462577e+18
69ce9a6f-ea86-4446-bc3e-5f4731f3e690,1.7773405872796006e+18
69ce9a6f-ea86-4446-bc3e-5f4731f3e690,1.7773405873129426e+18
69ce9a6f-ea86-4446-bc3e-5f4731f3e690,1.7773405873462856e+18
69ce9a6f-ea86-4446-bc3e-5f4731f3e690,1.7773405873796275e+18
69ce9a6f-ea86-4446-bc3e-5f4731f3e690,1.7773405874129705e+18
69ce9a6f-ea86-4446-bc3e-5f4731f3e690,1.7773405874463124e+18
69ce9a6f-ea86-4446-bc3e-5f4731f3e690,1.7773405874796547e+18
69ce9a6f-ea86-4446-bc3e-5f4731f3e690,1.7773405875129976e+18
69ce9a6f-ea86-4446-bc3e-5f4731f3e690,1.7773405875463396e+18
69ce9a6f-ea86-4446-bc3e-5f4731f3e690,1.7773405875796826e+18
69ce9a6f-ea86-4446-bc3e-5f4731f3e690,1.7773405876130245e+18
69ce9a6f-ea86-4446-bc3e-5f4731f3e690,1.7773405876463675e+18
69ce9a6f-ea86-4446-bc3e-5f4731f3e690,1.7773405876797094e+18
69ce9a6f-ea86-4446-bc3e-5f4731f3e690,1.7773405877130524e+18
69ce9a6f-ea86-4446-bc3e-5f4731f3e690,1.7773405877463946e+18
69ce9a6f-ea86-4446-bc3e-5f4731f3e690,1.7773405877797366e+18
69ce9a6f-ea86-4446-bc3e-5f4731f3e690,1.7773405878130796e+18
69ce9a6f-ea86-4446-bc3e-5f4731f3e690,1.7773405878464215e+18
69ce9a6f-ea86-4446-bc3e-5f4731f3e690,1.7773405878797645e+18
69ce9a6f-ea86-4446-bc3e-5f4731f3e690,1.7773405879131064e+18
69ce9a6f-ea86-4446-bc3e-5f4731f3e690,1.7773405879464497e+18
69ce9a6f-ea86-4446-bc3e-5f4731f3e690,1.7773405879797916e+18
69ce9a6f-ea86-4446-bc3e-5f4731f3e690,1.7773405880131346e+18
69ce9a6f-ea86-4446-bc3e-5f4731f3e690,1.7773405880464765e+18
69ce9a6f-ea86-4446-bc3e-5f4731f3e690,1.7773405880798185e+18
69ce9a6f-ea86-4446-bc3e-5f4731f3e690,1.7773405881131615e+18
69ce9a6f-ea86-4446-bc3e-5f4731f3e690,1.7773405881465034e+18
69ce9a6f-ea86-4446-bc3e-5f4731f3e690,1.7773405881798467e+18
69ce9a6f-ea86-4446-bc3e-5f4731f3e690,1.7773405882131886e+18
69ce9a6f-ea86-4446-bc3e-5f4731f3e690,1.7773405882465316e+18
69ce9a6f-ea86-4446-bc3e-5f4731f3e690,1.7773405882798735e+18
69ce9a6f-ea86-4446-bc3e-5f4731f3e690,1.7773405883132165e+18
69ce9a6f-ea86-4446-bc3e-5f4731f3e690,1.7773405883465585e+18
69ce9a6f-ea86-4446-bc3e-5f4731f3e690,1.7773405883799004e+18
69ce9a6f-ea86-4446-bc3e-5f4731f3e690,1.7773405884132436e+18
69ce9a6f-ea86-4446-bc3e-5f4731f3e690,1.7773405884465856e+18
69ce9a6f-ea86-4446-bc3e-5f4731f3e690,1.7773405884799286e+18
69ce9a6f-ea86-4446-bc3e-5f4731f3e690,1.7773405885132705e+18
69ce9a6f-ea86-4446-bc3e-5f4731f3e690,1.7773405885466135e+18
69ce9a6f-ea86-4446-bc3e-5f4731f3e690,1.7773405885799555e+18
69ce9a6f-ea86-4446-bc3e-5f4731f3e690,1.7773405886132984e+18
69ce9a6f-ea86-4446-bc3e-5f4731f3e690,1.7773405886466406e+18
69ce9a6f-ea86-4446-bc3e-5f4731f3e690,1.7773405886799826e+18
69ce9a6f-ea86-4446-bc3e-5f4731f3e690,1.7773405887133256e+18
69ce9a6f-ea86-4446-bc3e-5f4731f3e690,1.7773405887466675e+18
69ce9a6f-ea86-4446-bc3e-5f4731f3e690,1.7773405887800105e+18
69ce9a6f-ea86-4446-bc3e-5f4731f3e690,1.7773405888133524e+18
69ce9a6f-ea86-4446-bc3e-5f4731f3e690,1.7773405888466954e+18
69ce9a6f-ea86-4446-bc3e-5f4731f3e690,1.7773405888800376e+18
69ce9a6f-ea86-4446-bc3e-5f4731f3e690,1.7773405889133806e+18
69ce9a6f-ea86-4446-bc3e-5f4731f3e690,1.7773405889467226e+18
69ce9a6f-ea86-4446-bc3e-5f4731f3e690,1.7773405889800655e+18
69ce9a6f-ea86-4446-bc3e-5f4731f3e690,1.7773405890134075e+18
69ce9a6f-ea86-4446-bc3e-5f4731f3e690,1.7773405890467494e+18
69ce9a6f-ea86-4446-bc3e-5f4731f3e690,1.7773405890800924e+18
69ce9a6f-ea86-4446-bc3e-5f4731f3e690,1.7773405891134346e+18
69ce9a6f-ea86-4446-bc3e-5f4731f3e690,1.7773405891467776e+18
69ce9a6f-ea86-4446-bc3e-5f4731f3e690,1.7773405891801196e+18
69ce9a6f-ea86-4446-bc3e-5f4731f3e690,1.7773405892134625e+18
69ce9a6f-ea86-4446-bc3e-5f4731f3e690,1.7773405892468045e+18
69ce9a6f-ea86-4446-bc3e-5f4731f3e690,1.7773405892801475e+18
69ce9a6f-ea86-4446-bc3e-5f4731f3e690,1.7773405893134897e+18
69ce9a6f-ea86-4446-bc3e-5f4731f3e690,1.7773405893468316e+18
69ce9a6f-ea86-4446-bc3e-5f4731f3e690,1.7773405893801746e+18
69ce9a6f-ea86-4446-bc3e-5f4731f3e690,1.7773405894135165e+18
69ce9a6f-ea86-4446-bc3e-5f4731f3e690,1.7773405894468595e+18
69ce9a6f-ea86-4446-bc3e-5f4731f3e690,1.7773405894802015e+18
69ce9a6f-ea86-4446-bc3e-5f4731f3e690,1.7773405895135444e+18
69ce9a6f-ea86-4446-bc3e-5f4731f3e690,1.7773405895468867e+18
69ce9a6f-ea86-4446-bc3e-5f4731f3e690,1.7773405895802296e+18
69ce9a6f-ea86-4446-bc3e-5f4731f3e690,1.7773405896135716e+18
69ce9a6f-ea86-4446-bc3e-5f4731f3e690,1.7773405896469135e+18
69ce9a6f-ea86-4446-bc3e-5f4731f3e690,1.7773405896802565e+18
69ce9a6f-ea86-4446-bc3e-5f4731f3e690,1.7773405897135985e+18
69ce9a6f-ea86-4446-bc3e-5f4731f3e690,1.7773405897469414e+18
69ce9a6f-ea86-4446-bc3e-5f4731f3e690,1.7773405897802836e+18
69ce9a6f-ea86-4446-bc3e-5f4731f3e690,1.7773405898136266e+18
69ce9a6f-ea86-4446-bc3e-5f4731f3e690,1.7773405898469686e+18
69ce9a6f-ea86-4446-bc3e-5f4731f3e690,1.7773405898803116e+18
69ce9a6f-ea86-4446-bc3e-5f4731f3e690,1.7773405899136535e+18
69ce9a6f-ea86-4446-bc3e-5f4731f3e690,1.7773405899469955e+18
69ce9a6f-ea86-4446-bc3e-5f4731f3e690,1.7773405899803384e+18
69ce9a6f-ea86-4446-bc3e-5f4731f3e690,1.7773405900136806e+18
69ce9a6f-ea86-4446-bc3e-5f4731f3e690,1.7773405900470236e+18
69ce9a6f-ea86-4446-bc3e-5f4731f3e690,1.7773405900803656e+18
69ce9a6f-ea86-4446-bc3e-5f4731f3e690,1.7773405901137085e+18
69ce9a6f-ea86-4446-bc3e-5f4731f3e690,1.7773405901470505e+18
69ce9a6f-ea86-4446-bc3e-5f4731f3e690,1.7773405901803935e+18
69ce9a6f-ea86-4446-bc3e-5f4731f3e690,1.7773405902137354e+18
69ce9a6f-ea86-4446-bc3e-5f4731f3e690,1.7773405902470776e+18
69ce9a6f-ea86-4446-bc3e-5f4731f3e690,1.7773405902804206e+18
69ce9a6f-ea86-4446-bc3e-5f4731f3e690,1.7773405903137626e+18
69ce9a6f-ea86-4446-bc3e-5f4731f3e690,1.7773405903471055e+18
69ce9a6f-ea86-4446-bc3e-5f4731f3e690,1.7773405903804475e+18
69ce9a6f-ea86-4446-bc3e-5f4731f3e690,1.7773405904137905e+18
69ce9a6f-ea86-4446-bc3e-5f4731f3e690,1.7773405904471324e+18
69ce9a6f-ea86-4446-bc3e-5f4731f3e690,1.7773405904804756e+18
69ce9a6f-ea86-4446-bc3e-5f4731f3e690,1.7773405905138176e+18
69ce9a6f-ea86-4446-bc3e-5f4731f3e690,1.7773405905471596e+18
69ce9a6f-ea86-4446-bc3e-5f4731f3e690,1.7773405905805025e+18
69ce9a6f-ea86-4446-bc3e-5f4731f3e690,1.7773405906138445e+18
69ce9a6f-ea86-4446-bc3e-5f4731f3e690,1.7773405906471875e+18
69ce9a6f-ea86-4446-bc3e-5f4731f3e690,1.7773405906805297e+18
69ce9a6f-ea86-4446-bc3e-5f4731f3e690,1.7773405907138726e+18
69ce9a6f-ea86-4446-bc3e-5f4731f3e690,1.7773405907472146e+18
69ce9a6f-ea86-4446-bc3e-5f4731f3e690,1.7773405907805576e+18
69ce9a6f-ea86-4446-bc3e-5f4731f3e690,1.7773405908138995e+18
69ce9a6f-ea86-4446-bc3e-5f4731f3e690,1.7773405908472425e+18
69ce9a6f-ea86-4446-bc3e-5f4731f3e690,1.7773405908805844e+18
69ce9a6f-ea86-4446-bc3e-5f4731f3e690,1.7773405909139267e+18
69ce9a6f-ea86-4446-bc3e-5f4731f3e690,1.7773405909472696e+18
69ce9a6f-ea86-4446-bc3e-5f4731f3e690,1.7773405909806116e+18
69ce9a6f-ea86-4446-bc3e-5f4731f3e690,1.7773405910139546e+18
69ce9a6f-ea86-4446-bc3e-5f4731f3e690,1.7773405910472965e+18
69ce9a6f-ea86-4446-bc3e-5f4731f3e690,1.7773405910806395e+18
69ce9a6f-ea86-4446-bc3e-5f4731f3e690,1.7773405911139814e+18
69ce9a6f-ea86-4446-bc3e-5f4731f3e690,1.7773405911473244e+18
69ce9a6f-ea86-4446-bc3e-5f4731f3e690,1.7773405911806666e+18
69ce9a6f-ea86-4446-bc3e-5f4731f3e690,1.7773405912140086e+18
69ce9a6f-ea86-4446-bc3e-5f4731f3e690,1.7773405912473516e+18
69ce9a6f-ea86-4446-bc3e-5f4731f3e690,1.7773405912806935e+18
69ce9a6f-ea86-4446-bc3e-5f4731f3e690,1.7773405913140365e+18
69ce9a6f-ea86-4446-bc3e-5f4731f3e690,1.7773405913473784e+18
69ce9a6f-ea86-4446-bc3e-5f4731f3e690,1.7773405913807217e+18
69ce9a6f-ea86-4446-bc3e-5f4731f3e690,1.7773405914140636e+18
69ce9a6f-ea86-4446-bc3e-5f4731f3e690,1.7773405914474066e+18
69ce9a6f-ea86-4446-bc3e-5f4731f3e690,1.7773405914807485e+18
69ce9a6f-ea86-4446-bc3e-5f4731f3e690,1.7773405915140905e+18
69ce9a6f-ea86-4446-bc3e-5f4731f3e690,1.7773405915474335e+18
69ce9a6f-ea86-4446-bc3e-5f4731f3e690,1.7773405915807754e+18
69ce9a6f-ea86-4446-bc3e-5f4731f3e690,1.7773405916141187e+18
69ce9a6f-ea86-4446-bc3e-5f4731f3e690,1.7773405916474606e+18
69ce9a6f-ea86-4446-bc3e-5f4731f3e690,1.7773405916808036e+18
69ce9a6f-ea86-4446-bc3e-5f4731f3e690,1.7773405917141455e+18
69ce9a6f-ea86-4446-bc3e-5f4731f3e690,1.7773405917474885e+18
69ce9a6f-ea86-4446-bc3e-5f4731f3e690,1.7773405917808305e+18
69ce9a6f-ea86-4446-bc3e-5f4731f3e690,1.7773405918141724e+18
69ce9a6f-ea86-4446-bc3e-5f4731f3e690,1.7773405918475156e+18
69ce9a6f-ea86-4446-bc3e-5f4731f3e690,1.7773405918808576e+18
69ce9a6f-ea86-4446-bc3e-5f4731f3e690,1.7773405919142006e+18
69ce9a6f-ea86-4446-bc3e-5f4731f3e690,1.7773405919475425e+18
69ce9a6f-ea86-4446-bc3e-5f4731f3e690,1.7773405919808855e+18
69ce9a6f-ea86-4446-bc3e-5f4731f3e690,1.7773405920142275e+18
69ce9a6f-ea86-4446-bc3e-5f4731f3e690,1.7773405920475704e+18
69ce9a6f-ea86-4446-bc3e-5f4731f3e690,1.7773405920809126e+18
69ce9a6f-ea86-4446-bc3e-5f4731f3e690,1.7773405921142546e+18
69ce9a6f-ea86-4446-bc3e-5f4731f3e690,1.7773405921475976e+18
69ce9a6f-ea86-4446-bc3e-5f4731f3e690,1.7773405921809395e+18
69ce9a6f-ea86-4446-bc3e-5f4731f3e690,1.7773405922142825e+18
69ce9a6f-ea86-4446-bc3e-5f4731f3e690,1.7773405922476244e+18
69ce9a6f-ea86-4446-bc3e-5f4731f3e690,1.7773405922809674e+18
69ce9a6f-ea86-4446-bc3e-5f4731f3e690,1.7773405923143096e+18
69ce9a6f-ea86-4446-bc3e-5f4731f3e690,1.7773405923476526e+18
69ce9a6f-ea86-4446-bc3e-5f4731f3e690,1.7773405923809946e+18
69ce9a6f-ea86-4446-bc3e-5f4731f3e690,1.7773405924143365e+18
69ce9a6f-ea86-4446-bc3e-5f4731f3e690,1.7773405924476795e+18
69ce9a6f-ea86-4446-bc3e-5f4731f3e690,1.7773405924810214e+18
69ce9a6f-ea86-4446-bc3e-5f4731f3e690,1.7773405925143644e+18
69ce9a6f-ea86-4446-bc3e-5f4731f3e690,1.7773405925477066e+18
69ce9a6f-ea86-4446-bc3e-5f4731f3e690,1.7773405925810496e+18
69ce9a6f-ea86-4446-bc3e-5f4731f3e690,1.7773405926143916e+18
69ce9a6f-ea86-4446-bc3e-5f4731f3e690,1.7773405926477345e+18
69ce9a6f-ea86-4446-bc3e-5f4731f3e690,1.7773405926810765e+18
69ce9a6f-ea86-4446-bc3e-5f4731f3e690,1.7773405927144195e+18
69ce9a6f-ea86-4446-bc3e-5f4731f3e690,1.7773405927477617e+18
69ce9a6f-ea86-4446-bc3e-5f4731f3e690,1.7773405927811036e+18
69ce9a6f-ea86-4446-bc3e-5f4731f3e690,1.7773405928144466e+18
69ce9a6f-ea86-4446-bc3e-5f4731f3e690,1.7773405928477885e+18
69ce9a6f-ea86-4446-bc3e-5f4731f3e690,1.7773405928811315e+18
69ce9a6f-ea86-4446-bc3e-5f4731f3e690,1.7773405929144735e+18
69ce9a6f-ea86-4446-bc3e-5f4731f3e690,1.7773405929478164e+18
69ce9a6f-ea86-4446-bc3e-5f4731f3e690,1.7773405929811587e+18
69ce9a6f-ea86-4446-bc3e-5f4731f3e690,1.7773405930145016e+18
69ce9a6f-ea86-4446-bc3e-5f4731f3e690,1.7773405930478436e+18
69ce9a6f-ea86-4446-bc3e-5f4731f3e690,1.7773405930811855e+18
69ce9a6f-ea86-4446-bc3e-5f4731f3e690,1.7773405931145285e+18
69ce9a6f-ea86-4446-bc3e-5f4731f3e690,1.7773405931478705e+18
69ce9a6f-ea86-4446-bc3e-5f4731f3e690,1.7773405931812134e+18
69ce9a6f-ea86-4446-bc3e-5f4731f3e690,1.7773405932145556e+18
69ce9a6f-ea86-4446-bc3e-5f4731f3e690,1.7773405932478986e+18
69ce9a6f-ea86-4446-bc3e-5f4731f3e690,1.7773405932812406e+18
69ce9a6f-ea86-4446-bc3e-5f4731f3e690,1.7773405933145836e+18
69ce9a6f-ea86-4446-bc3e-5f4731f3e690,1.7773405933479255e+18
69ce9a6f-ea86-4446-bc3e-5f4731f3e690,1.7773405933812675e+18
69ce9a6f-ea86-4446-bc3e-5f4731f3e690,1.7773405934146104e+18
69ce9a6f-ea86-4446-bc3e-5f4731f3e690,1.7773405934479526e+18
69ce9a6f-ea86-4446-bc3e-5f4731f3e690,1.7773405934812956e+18
69ce9a6f-ea86-4446-bc3e-5f4731f3e690,1.7773405935146376e+18
69ce9a6f-ea86-4446-bc3e-5f4731f3e690,1.7773405935479805e+18
69ce9a6f-ea86-4446-bc3e-5f4731f3e690,1.7773405935813225e+18
69ce9a6f-ea86-4446-bc3e-5f4731f3e690,1.7773405936146655e+18
69ce9a6f-ea86-4446-bc3e-5f4731f3e690,1.7773405936480074e+18
69ce9a6f-ea86-4446-bc3e-5f4731f3e690,1.7773405936813496e+18
69ce9a6f-ea86-4446-bc3e-5f4731f3e690,1.7773405937146926e+18
69ce9a6f-ea86-4446-bc3e-5f4731f3e690,1.7773405937480346e+18
69ce9a6f-ea86-4446-bc3e-5f4731f3e690,1.7773405937813775e+18
69ce9a6f-ea86-4446-bc3e-5f4731f3e690,1.7773405938147195e+18
69ce9a6f-ea86-4446-bc3e-5f4731f3e690,1.7773405938480625e+18
69ce9a6f-ea86-4446-bc3e-5f4731f3e690,1.7773405938814044e+18
69ce9a6f-ea86-4446-bc3e-5f4731f3e690,1.7773405939147476e+18
69ce9a6f-ea86-4446-bc3e-5f4731f3e690,1.7773405939480896e+18
69ce9a6f-ea86-4446-bc3e-5f4731f3e690,1.7773405939814326e+18
69ce9a6f-ea86-4446-bc3e-5f4731f3e690,1.7773405940147745e+18
69ce9a6f-ea86-4446-bc3e-5f4731f3e690,1.7773405940481165e+18
69ce9a6f-ea86-4446-bc3e-5f4731f3e690,1.7773405940814595e+18
69ce9a6f-ea86-4446-bc3e-5f4731f3e690,1.7773405941148017e+18
69ce9a6f-ea86-4446-bc3e-5f4731f3e690,1.7773405941481446e+18
69ce9a6f-ea86-4446-bc3e-5f4731f3e690,1.7773405941814866e+18
69ce9a6f-ea86-4446-bc3e-5f4731f3e690,1.7773405942148296e+18
69ce9a6f-ea86-4446-bc3e-5f4731f3e690,1.7773405942481715e+18
69ce9a6f-ea86-4446-bc3e-5f4731f3e690,1.7773405942815145e+18
69ce9a6f-ea86-4446-bc3e-5f4731f3e690,1.7773405943148564e+18
69ce9a6f-ea86-4446-bc3e-5f4731f3e690,1.7773405943481987e+18
69ce9a6f-ea86-4446-bc3e-5f4731f3e690,1.7773405943815416e+18
69ce9a6f-ea86-4446-bc3e-5f4731f3e690,1.7773405944148836e+18
69ce9a6f-ea86-4446-bc3e-5f4731f3e690,1.7773405944482266e+18
69ce9a6f-ea86-4446-bc3e-5f4731f3e690,1.7773405944815685e+18
69ce9a6f-ea86-4446-bc3e-5f4731f3e690,1.7773405945149115e+18
69ce9a6f-ea86-4446-bc3e-5f4731f3e690,1.7773405945482534e+18
69ce9a6f-ea86-4446-bc3e-5f4731f3e690,1.7773405945815964e+18
69ce9a6f-ea86-4446-bc3e-5f4731f3e690,1.7773405946149386e+18
69ce9a6f-ea86-4446-bc3e-5f4731f3e690,1.7773405946482806e+18
69ce9a6f-ea86-4446-bc3e-5f4731f3e690,1.7773405946816236e+18
69ce9a6f-ea86-4446-bc3e-5f4731f3e690,1.7773405947149655e+18
69ce9a6f-ea86-4446-bc3e-5f4731f3e690,1.7773405947483085e+18
69ce9a6f-ea86-4446-bc3e-5f4731f3e690,1.7773405947816504e+18
69ce9a6f-ea86-4446-bc3e-5f4731f3e690,1.7773405948149937e+18
69ce9a6f-ea86-4446-bc3e-5f4731f3e690,1.7773405948483356e+18
69ce9a6f-ea86-4446-bc3e-5f4731f3e690,1.7773405948816786e+18
69ce9a6f-ea86-4446-bc3e-5f4731f3e690,1.7773405949150205e+18
69ce9a6f-ea86-4446-bc3e-5f4731f3e690,1.7773405949483625e+18
69ce9a6f-ea86-4446-bc3e-5f4731f3e690,1.7773405949817055e+18
69ce9a6f-ea86-4446-bc3e-5f4731f3e690,1.7773405950150474e+18
69ce9a6f-ea86-4446-bc3e-5f4731f3e690,1.7773405950483907e+18
69ce9a6f-ea86-4446-bc3e-5f4731f3e690,1.7773405950817326e+18
69ce9a6f-ea86-4446-bc3e-5f4731f3e690,1.7773405951150756e+18
69ce9a6f-ea86-4446-bc3e-5f4731f3e690,1.7773405951484175e+18
69ce9a6f-ea86-4446-bc3e-5f4731f3e690,1.7773405951817605e+18
69ce9a6f-ea86-4446-bc3e-5f4731f3e690,1.7773405952151025e+18
69ce9a6f-ea86-4446-bc3e-5f4731f3e690,1.7773405952484444e+18
69ce9a6f-ea86-4446-bc3e-5f4731f3e690,1.7773405952817876e+18
69ce9a6f-ea86-4446-bc3e-5f4731f3e690,1.7773405953151296e+18
69ce9a6f-ea86-4446-bc3e-5f4731f3e690,1.7773405953484726e+18
69ce9a6f-ea86-4446-bc3e-5f4731f3e690,1.7773405953818145e+18
69ce9a6f-ea86-4446-bc3e-5f4731f3e690,1.7773405954151575e+18
69ce9a6f-ea86-4446-bc3e-5f4731f3e690,1.7773405954484995e+18
69ce9a6f-ea86-4446-bc3e-5f4731f3e690,1.7773405954818424e+18
69ce9a6f-ea86-4446-bc3e-5f4731f3e690,1.7773405955151846e+18
69ce9a6f-ea86-4446-bc3e-5f4731f3e690,1.7773405955485276e+18
69ce9a6f-ea86-4446-bc3e-5f4731f3e690,1.7773405955818696e+18
69ce9a6f-ea86-4446-bc3e-5f4731f3e690,1.7773405956152115e+18
69ce9a6f-ea86-4446-bc3e-5f4731f3e690,1.7773405956485545e+18
69ce9a6f-ea86-4446-bc3e-5f4731f3e690,1.7773405956818964e+18
69ce9a6f-ea86-4446-bc3e-5f4731f3e690,1.7773405957152394e+18
69ce9a6f-ea86-4446-bc3e-5f4731f3e690,1.7773405957485816e+18
69ce9a6f-ea86-4446-bc3e-5f4731f3e690,1.7773405957819246e+18
69ce9a6f-ea86-4446-bc3e-5f4731f3e690,1.7773405958152666e+18
69ce9a6f-ea86-4446-bc3e-5f4731f3e690,1.7773405958486095e+18
69ce9a6f-ea86-4446-bc3e-5f4731f3e690,1.7773405958819515e+18
69ce9a6f-ea86-4446-bc3e-5f4731f3e690,1.7773405959152934e+18
69ce9a6f-ea86-4446-bc3e-5f4731f3e690,1.7773405959486364e+18
69ce9a6f-ea86-4446-bc3e-5f4731f3e690,1.7773405959819786e+18
69ce9a6f-ea86-4446-bc3e-5f4731f3e690,1.7773405960153216e+18
69ce9a6f-ea86-4446-bc3e-5f4731f3e690,1.7773405960486636e+18
69ce9a6f-ea86-4446-bc3e-5f4731f3e690,1.7773405960820065e+18
69ce9a6f-ea86-4446-bc3e-5f4731f3e690,1.7773405961153485e+18
69ce9a6f-ea86-4446-bc3e-5f4731f3e690,1.7773405961486915e+18
69ce9a6f-ea86-4446-bc3e-5f4731f3e690,1.7773405961820337e+18
69ce9a6f-ea86-4446-bc3e-5f4731f3e690,1.7773405962153756e+18
69ce9a6f-ea86-4446-bc3e-5f4731f3e690,1.7773405962487186e+18
69ce9a6f-ea86-4446-bc3e-5f4731f3e690,1.7773405962820605e+18
69ce9a6f-ea86-4446-bc3e-5f4731f3e690,1.7773405963154035e+18
69ce9a6f-ea86-4446-bc3e-5f4731f3e690,1.7773405963487455e+18
69ce9a6f-ea86-4446-bc3e-5f4731f3e690,1.7773405963820884e+18
69ce9a6f-ea86-4446-bc3e-5f4731f3e690,1.7773405964154307e+18
69ce9a6f-ea86-4446-bc3e-5f4731f3e690,1.7773405964487736e+18
69ce9a6f-ea86-4446-bc3e-5f4731f3e690,1.7773405964821156e+18
69ce9a6f-ea86-4446-bc3e-5f4731f3e690,1.7773405965154575e+18
69ce9a6f-ea86-4446-bc3e-5f4731f3e690,1.7773405965488005e+18
69ce9a6f-ea86-4446-bc3e-5f4731f3e690,1.7773405965821425e+18
69ce9a6f-ea86-4446-bc3e-5f4731f3e690,1.7773405966154854e+18
69ce9a6f-ea86-4446-bc3e-5f4731f3e690,1.7773405966488276e+18
69ce9a6f-ea86-4446-bc3e-5f4731f3e690,1.7773405966821706e+18
69ce9a6f-ea86-4446-bc3e-5f4731f3e690,1.7773405967155126e+18
69ce9a6f-ea86-4446-bc3e-5f4731f3e690,1.7773405967488556e+18
69ce9a6f-ea86-4446-bc3e-5f4731f3e690,1.7773405967821975e+18
69ce9a6f-ea86-4446-bc3e-5f4731f3e690,1.7773405968155395e+18
69ce9a6f-ea86-4446-bc3e-5f4731f3e690,1.7773405968488824e+18
69ce9a6f-ea86-4446-bc3e-5f4731f3e690,1.7773405968822246e+18
69ce9a6f-ea86-4446-bc3e-5f4731f3e690,1.7773405969155676e+18
69ce9a6f-ea86-4446-bc3e-5f4731f3e690,1.7773405969489096e+18
69ce9a6f-ea86-4446-bc3e-5f4731f3e690,1.7773405969822525e+18
69ce9a6f-ea86-4446-bc3e-5f4731f3e690,1.7773405970155945e+18
69ce9a6f-ea86-4446-bc3e-5f4731f3e690,1.7773405970489375e+18
69ce9a6f-ea86-4446-bc3e-5f4731f3e690,1.7773405970822794e+18
69ce9a6f-ea86-4446-bc3e-5f4731f3e690,1.7773405971156227e+18
69ce9a6f-ea86-4446-bc3e-5f4731f3e690,1.7773405971489646e+18
69ce9a6f-ea86-4446-bc3e-5f4731f3e690,1.7773405971823066e+18
69ce9a6f-ea86-4446-bc3e-5f4731f3e690,1.7773405972156495e+18
69ce9a6f-ea86-4446-bc3e-5f4731f3e690,1.7773405972489915e+18
69ce9a6f-ea86-4446-bc3e-5f4731f3e690,1.7773405972823345e+18
69ce9a6f-ea86-4446-bc3e-5f4731f3e690,1.7773405973156764e+18
69ce9a6f-ea86-4446-bc3e-5f4731f3e690,1.7773405973490196e+18
69ce9a6f-ea86-4446-bc3e-5f4731f3e690,1.7773405973823616e+18
69ce9a6f-ea86-4446-bc3e-5f4731f3e690,1.7773405974157046e+18
69ce9a6f-ea86-4446-bc3e-5f4731f3e690,1.7773405974490465e+18
69ce9a6f-ea86-4446-bc3e-5f4731f3e690,1.7773405974823885e+18
69ce9a6f-ea86-4446-bc3e-5f4731f3e690,1.7773405975157315e+18
69ce9a6f-ea86-4446-bc3e-5f4731f3e690,1.7773405975490737e+18
69ce9a6f-ea86-4446-bc3e-5f4731f3e690,1.7773405975824166e+18
69ce9a6f-ea86-4446-bc3e-5f4731f3e690,1.7773405976157586e+18
69ce9a6f-ea86-4446-bc3e-5f4731f3e690,1.7773405976491016e+18
69ce9a6f-ea86-4446-bc3e-5f4731f3e690,1.7773405976824435e+18
69ce9a6f-ea86-4446-bc3e-5f4731f3e690,1.7773405977157865e+18
69ce9a6f-ea86-4446-bc3e-5f4731f3e690,1.7773405977491284e+18
69ce9a6f-ea86-4446-bc3e-5f4731f3e690,1.7773405977824707e+18
69ce9a6f-ea86-4446-bc3e-5f4731f3e690,1.7773405978158136e+18
69ce9a6f-ea86-4446-bc3e-5f4731f3e690,1.7773405978491556e+18
69ce9a6f-ea86-4446-bc3e-5f4731f3e690,1.7773405978824986e+18
69ce9a6f-ea86-4446-bc3e-5f4731f3e690,1.7773405979158405e+18
69ce9a6f-ea86-4446-bc3e-5f4731f3e690,1.7773405979491835e+18
69ce9a6f-ea86-4446-bc3e-5f4731f3e690,1.7773405979825254e+18
69ce9a6f-ea86-4446-bc3e-5f4731f3e690,1.7773405980158684e+18
69ce9a6f-ea86-4446-bc3e-5f4731f3e690,1.7773405980492106e+18
69ce9a6f-ea86-4446-bc3e-5f4731f3e690,1.7773405980825526e+18
69ce9a6f-ea86-4446-bc3e-5f4731f3e690,1.7773405981158956e+18
69ce9a6f-ea86-4446-bc3e-5f4731f3e690,1.7773405981492375e+18
69ce9a6f-ea86-4446-bc3e-5f4731f3e690,1.7773405981825805e+18
69ce9a6f-ea86-4446-bc3e-5f4731f3e690,1.7773405982159224e+18
69ce9a6f-ea86-4446-bc3e-5f4731f3e690,1.7773405982492657e+18
69ce9a6f-ea86-4446-bc3e-5f4731f3e690,1.7773405982826076e+18
69ce9a6f-ea86-4446-bc3e-5f4731f3e690,1.7773405983159506e+18
69ce9a6f-ea86-4446-bc3e-5f4731f3e690,1.7773405983492925e+18
69ce9a6f-ea86-4446-bc3e-5f4731f3e690,1.7773405983826345e+18
69ce9a6f-ea86-4446-bc3e-5f4731f3e690,1.7773405984159775e+18
69ce9a6f-ea86-4446-bc3e-5f4731f3e690,1.7773405984493194e+18
69ce9a6f-ea86-4446-bc3e-5f4731f3e690,1.7773405984826627e+18
69ce9a6f-ea86-4446-bc3e-5f4731f3e690,1.7773405985160046e+18
69ce9a6f-ea86-4446-bc3e-5f4731f3e690,1.7773405985493476e+18
69ce9a6f-ea86-4446-bc3e-5f4731f3e690,1.7773405985826895e+18
69ce9a6f-ea86-4446-bc3e-5f4731f3e690,1.7773405986160325e+18
69ce9a6f-ea86-4446-bc3e-5f4731f3e690,1.7773405986493745e+18
69ce9a6f-ea86-4446-bc3e-5f4731f3e690,1.7773405986827164e+18
69ce9a6f-ea86-4446-bc3e-5f4731f3e690,1.7773405987160596e+18
69ce9a6f-ea86-4446-bc3e-5f4731f3e690,1.7773405987494016e+18
69ce9a6f-ea86-4446-bc3e-5f4731f3e690,1.7773405987827446e+18
69ce9a6f-ea86-4446-bc3e-5f4731f3e690,1.7773405988160865e+18
69ce9a6f-ea86-4446-bc3e-5f4731f3e690,1.7773405988494295e+18
69ce9a6f-ea86-4446-bc3e-5f4731f3e690,1.7773405988827715e+18
69ce9a6f-ea86-4446-bc3e-5f4731f3e690,1.7773405989161144e+18
69ce9a6f-ea86-4446-bc3e-5f4731f3e690,1.7773405989494566e+18
69ce9a6f-ea86-4446-bc3e-5f4731f3e690,1.7773405989827996e+18
69ce9a6f-ea86-4446-bc3e-5f4731f3e690,1.7773405990161416e+18
69ce9a6f-ea86-4446-bc3e-5f4731f3e690,1.7773405990494835e+18
69ce9a6f-ea86-4446-bc3e-5f4731f3e690,1.7773405990828265e+18
69ce9a6f-ea86-4446-bc3e-5f4731f3e690,1.7773405991161684e+18
69ce9a6f-ea86-4446-bc3e-5f4731f3e690,1.7773405991495114e+18
69ce9a6f-ea86-4446-bc3e-5f4731f3e690,1.7773405991828536e+18
69ce9a6f-ea86-4446-bc3e-5f4731f3e690,1.7773405992161966e+18
69ce9a6f-ea86-4446-bc3e-5f4731f3e690,1.7773405992495386e+18
69ce9a6f-ea86-4446-bc3e-5f4731f3e690,1.7773405992828815e+18
69ce9a6f-ea86-4446-bc3e-5f4731f3e690,1.7773405993162235e+18
69ce9a6f-ea86-4446-bc3e-5f4731f3e690,1.7773405993495654e+18
69ce9a6f-ea86-4446-bc3e-5f4731f3e690,1.7773405993829084e+18
69ce9a6f-ea86-4446-bc3e-5f4731f3e690,1.7773405994162506e+18
69ce9a6f-ea86-4446-bc3e-5f4731f3e690,1.7773405994495936e+18
69ce9a6f-ea86-4446-bc3e-5f4731f3e690,1.7773405994829356e+18
69ce9a6f-ea86-4446-bc3e-5f4731f3e690,1.7773405995162785e+18
69ce9a6f-ea86-4446-bc3e-5f4731f3e690,1.7773405995496205e+18
69ce9a6f-ea86-4446-bc3e-5f4731f3e690,1.7773405995829635e+18
69ce9a6f-ea86-4446-bc3e-5f4731f3e690,1.7773405996163057e+18
69ce9a6f-ea86-4446-bc3e-5f4731f3e690,1.7773405996496476e+18
69ce9a6f-ea86-4446-bc3e-5f4731f3e690,1.7773405996829906e+18
69ce9a6f-ea86-4446-bc3e-5f4731f3e690,1.7773405997163325e+18
69ce9a6f-ea86-4446-bc3e-5f4731f3e690,1.7773405997496755e+18
69ce9a6f-ea86-4446-bc3e-5f4731f3e690,1.7773405997830175e+18
69ce9a6f-ea86-4446-bc3e-5f4731f3e690,1.7773405998163604e+18
69ce9a6f-ea86-4446-bc3e-5f4731f3e690,1.7773405998497027e+18
69ce9a6f-ea86-4446-bc3e-5f4731f3e690,1.7773405998830456e+18
69ce9a6f-ea86-4446-bc3e-5f4731f3e690,1.7773405999163876e+18
69ce9a6f-ea86-4446-bc3e-5f4731f3e690,1.7773405999497295e+18
69ce9a6f-ea86-4446-bc3e-5f4731f3e690,1.7773405999830725e+18
69ce9a6f-ea86-4446-bc3e-5f4731f3e690,1.7773406000164145e+18
69ce9a6f-ea86-4446-bc3e-5f4731f3e690,1.7773406000497574e+18
69ce9a6f-ea86-4446-bc3e-5f4731f3e690,1.7773406000830996e+18
69ce9a6f-ea86-4446-bc3e-5f4731f3e690,1.7773406001164426e+18
69ce9a6f-ea86-4446-bc3e-5f4731f3e690,1.7773406001497846e+18
69ce9a6f-ea86-4446-bc3e-5f4731f3e690,1.7773406001831276e+18
69ce9a6f-ea86-4446-bc3e-5f4731f3e690,1.7773406002164695e+18
69ce9a6f-ea86-4446-bc3e-5f4731f3e690,1.7773406002498115e+18
69ce9a6f-ea86-4446-bc3e-5f4731f3e690,1.7773406002831544e+18
69ce9a6f-ea86-4446-bc3e-5f4731f3e690,1.7773406003164966e+18
69ce9a6f-ea86-4446-bc3e-5f4731f3e690,1.7773406003498396e+18
69ce9a6f-ea86-4446-bc3e-5f4731f3e690,1.7773406003831816e+18
69ce9a6f-ea86-4446-bc3e-5f4731f3e690,1.7773406004165245e+18
69ce9a6f-ea86-4446-bc3e-5f4731f3e690,1.7773406004498665e+18
69ce9a6f-ea86-4446-bc3e-5f4731f3e690,1.7773406004832095e+18
69ce9a6f-ea86-4446-bc3e-5f4731f3e690,1.7773406005165514e+18
69ce9a6f-ea86-4446-bc3e-5f4731f3e690,1.7773406005498936e+18
69ce9a6f-ea86-4446-bc3e-5f4731f3e690,1.7773406005832366e+18
69ce9a6f-ea86-4446-bc3e-5f4731f3e690,1.7773406006165786e+18
69ce9a6f-ea86-4446-bc3e-5f4731f3e690,1.7773406006499215e+18
69ce9a6f-ea86-4446-bc3e-5f4731f3e690,1.7773406006832635e+18
69ce9a6f-ea86-4446-bc3e-5f4731f3e690,1.7773406007166065e+18
69ce9a6f-ea86-4446-bc3e-5f4731f3e690,1.7773406007499484e+18
69ce9a6f-ea86-4446-bc3e-5f4731f3e690,1.7773406007832916e+18
69ce9a6f-ea86-4446-bc3e-5f4731f3e690,1.7773406008166336e+18
69ce9a6f-ea86-4446-bc3e-5f4731f3e690,1.7773406008499766e+18
69ce9a6f-ea86-4446-bc3e-5f4731f3e690,1.7773406008833185e+18
69ce9a6f-ea86-4446-bc3e-5f4731f3e690,1.7773406009166605e+18
69ce9a6f-ea86-4446-bc3e-5f4731f3e690,1.7773406009500035e+18
69ce9a6f-ea86-4446-bc3e-5f4731f3e690,1.7773406009833457e+18
69ce9a6f-ea86-4446-bc3e-5f4731f3e690,1.7773406010166886e+18
69ce9a6f-ea86-4446-bc3e-5f4731f3e690,1.7773406010500306e+18
69ce9a6f-ea86-4446-bc3e-5f4731f3e690,1.7773406010833736e+18
69ce9a6f-ea86-4446-bc3e-5f4731f3e690,1.7773406011167155e+18
69ce9a6f-ea86-4446-bc3e-5f4731f3e690,1.7773406011500585e+18
69ce9a6f-ea86-4446-bc3e-5f4731f3e690,1.7773406011834004e+18
69ce9a6f-ea86-4446-bc3e-5f4731f3e690,1.7773406012167427e+18
69ce9a6f-ea86-4446-bc3e-5f4731f3e690,1.7773406012500856e+18
69ce9a6f-ea86-4446-bc3e-5f4731f3e690,1.7773406012834276e+18
69ce9a6f-ea86-4446-bc3e-5f4731f3e690,1.7773406013167706e+18
69ce9a6f-ea86-4446-bc3e-5f4731f3e690,1.7773406013501125e+18
69ce9a6f-ea86-4446-bc3e-5f4731f3e690,1.7773406013834555e+18
69ce9a6f-ea86-4446-bc3e-5f4731f3e690,1.7773406014167974e+18
69ce9a6f-ea86-4446-bc3e-5f4731f3e690,1.7773406014501404e+18
69ce9a6f-ea86-4446-bc3e-5f4731f3e690,1.7773406014834826e+18
69ce9a6f-ea86-4446-bc3e-5f4731f3e690,1.7773406015168246e+18
69ce9a6f-ea86-4446-bc3e-5f4731f3e690,1.7773406015501676e+18
69ce9a6f-ea86-4446-bc3e-5f4731f3e690,1.7773406015835095e+18
69ce9a6f-ea86-4446-bc3e-5f4731f3e690,1.7773406016168525e+18
69ce9a6f-ea86-4446-bc3e-5f4731f3e690,1.7773406016501944e+18
69ce9a6f-ea86-4446-bc3e-5f4731f3e690,1.7773406016835377e+18
69ce9a6f-ea86-4446-bc3e-5f4731f3e690,1.7773406017168796e+18
69ce9a6f-ea86-4446-bc3e-5f4731f3e690,1.7773406017502226e+18
69ce9a6f-ea86-4446-bc3e-5f4731f3e690,1.7773406017835645e+18
69ce9a6f-ea86-4446-bc3e-5f4731f3e690,1.7773406018169065e+18
69ce9a6f-ea86-4446-bc3e-5f4731f3e690,1.7773406018502495e+18
69ce9a6f-ea86-4446-bc3e-5f4731f3e690,1.7773406018835914e+18
69ce9a6f-ea86-4446-bc3e-5f4731f3e690,1.7773406019169347e+18
69ce9a6f-ea86-4446-bc3e-5f4731f3e690,1.7773406019502766e+18
69ce9a6f-ea86-4446-bc3e-5f4731f3e690,1.7773406019836196e+18
69ce9a6f-ea86-4446-bc3e-5f4731f3e690,1.7773406020169615e+18
69ce9a6f-ea86-4446-bc3e-5f4731f3e690,1.7773406020503045e+18
69ce9a6f-ea86-4446-bc3e-5f4731f3e690,1.7773406020836465e+18
69ce9a6f-ea86-4446-bc3e-5f4731f3e690,1.7773406021169884e+18
69ce9a6f-ea86-4446-bc3e-5f4731f3e690,1.7773406021503316e+18
69ce9a6f-ea86-4446-bc3e-5f4731f3e690,1.7773406021836736e+18
69ce9a6f-ea86-4446-bc3e-5f4731f3e690,1.7773406022170166e+18
69ce9a6f-ea86-4446-bc3e-5f4731f3e690,1.7773406022503585e+18
69ce9a6f-ea86-4446-bc3e-5f4731f3e690,1.7773406022837015e+18
69ce9a6f-ea86-4446-bc3e-5f4731f3e690,1.7773406023170435e+18
69ce9a6f-ea86-4446-bc3e-5f4731f3e690,1.7773406023503864e+18
69ce9a6f-ea86-4446-bc3e-5f4731f3e690,1.7773406023837286e+18
69ce9a6f-ea86-4446-bc3e-5f4731f3e690,1.7773406024170706e+18
69ce9a6f-ea86-4446-bc3e-5f4731f3e690,1.7773406024504136e+18
69ce9a6f-ea86-4446-bc3e-5f4731f3e690,1.7773406024837555e+18
69ce9a6f-ea86-4446-bc3e-5f4731f3e690,1.7773406025170985e+18
69ce9a6f-ea86-4446-bc3e-5f4731f3e690,1.7773406025504404e+18
69ce9a6f-ea86-4446-bc3e-5f4731f3e690,1.7773406025837834e+18
69ce9a6f-ea86-4446-bc3e-5f4731f3e690,1.7773406026171256e+18
69ce9a6f-ea86-4446-bc3e-5f4731f3e690,1.7773406026504686e+18
69ce9a6f-ea86-4446-bc3e-5f4731f3e690,1.7773406026838106e+18
69ce9a6f-ea86-4446-bc3e-5f4731f3e690,1.7773406027171535e+18
69ce9a6f-ea86-4446-bc3e-5f4731f3e690,1.7773406027504955e+18
69ce9a6f-ea86-4446-bc3e-5f4731f3e690,1.7773406027838374e+18
69ce9a6f-ea86-4446-bc3e-5f4731f3e690,1.7773406028171804e+18
69ce9a6f-ea86-4446-bc3e-5f4731f3e690,1.7773406028505226e+18
69ce9a6f-ea86-4446-bc3e-5f4731f3e690,1.7773406028838656e+18
69ce9a6f-ea86-4446-bc3e-5f4731f3e690,1.7773406029172076e+18
69ce9a6f-ea86-4446-bc3e-5f4731f3e690,1.7773406029505505e+18
69ce9a6f-ea86-4446-bc3e-5f4731f3e690,1.7773406029838925e+18
69ce9a6f-ea86-4446-bc3e-5f4731f3e690,1.7773406030172355e+18
69ce9a6f-ea86-4446-bc3e-5f4731f3e690,1.7773406030505777e+18
69ce9a6f-ea86-4446-bc3e-5f4731f3e690,1.7773406030839196e+18
69ce9a6f-ea86-4446-bc3e-5f4731f3e690,1.7773406031172626e+18
69ce9a6f-ea86-4446-bc3e-5f4731f3e690,1.7773406031506045e+18
69ce9a6f-ea86-4446-bc3e-5f4731f3e690,1.7773406031839475e+18
69ce9a6f-ea86-4446-bc3e-5f4731f3e690,1.7773406032172895e+18
69ce9a6f-ea86-4446-bc3e-5f4731f3e690,1.7773406032506324e+18
69ce9a6f-ea86-4446-bc3e-5f4731f3e690,1.7773406032839747e+18
69ce9a6f-ea86-4446-bc3e-5f4731f3e690,1.7773406033173176e+18
69ce9a6f-ea86-4446-bc3e-5f4731f3e690,1.7773406033506596e+18
69ce9a6f-ea86-4446-bc3e-5f4731f3e690,1.7773406033840015e+18
69ce9a6f-ea86-4446-bc3e-5f4731f3e690,1.7773406034173445e+18
69ce9a6f-ea86-4446-bc3e-5f4731f3e690,1.7773406034506865e+18
69ce9a6f-ea86-4446-bc3e-5f4731f3e690,1.7773406034840294e+18
69ce9a6f-ea86-4446-bc3e-5f4731f3e690,1.7773406035173716e+18
69ce9a6f-ea86-4446-bc3e-5f4731f3e690,1.7773406035507146e+18
69ce9a6f-ea86-4446-bc3e-5f4731f3e690,1.7773406035840566e+18
69ce9a6f-ea86-4446-bc3e-5f4731f3e690,1.7773406036173996e+18
69ce9a6f-ea86-4446-bc3e-5f4731f3e690,1.7773406036507415e+18
69ce9a6f-ea86-4446-bc3e-5f4731f3e690,1.7773406036840835e+18
69ce9a6f-ea86-4446-bc3e-5f4731f3e690,1.7773406037174264e+18
69ce9a6f-ea86-4446-bc3e-5f4731f3e690,1.7773406037507686e+18
69ce9a6f-ea86-4446-bc3e-5f4731f3e690,1.7773406037841116e+18
69ce9a6f-ea86-4446-bc3e-5f4731f3e690,1.7773406038174536e+18
69ce9a6f-ea86-4446-bc3e-5f4731f3e690,1.7773406038507965e+18
69ce9a6f-ea86-4446-bc3e-5f4731f3e690,1.7773406038841385e+18
69ce9a6f-ea86-4446-bc3e-5f4731f3e690,1.7773406039174815e+18
69ce9a6f-ea86-4446-bc3e-5f4731f3e690,1.7773406039508234e+18
69ce9a6f-ea86-4446-bc3e-5f4731f3e690,1.7773406039841656e+18
69ce9a6f-ea86-4446-bc3e-5f4731f3e690,1.7773406040175086e+18
69ce9a6f-ea86-4446-bc3e-5f4731f3e690,1.7773406040508506e+18
69ce9a6f-ea86-4446-bc3e-5f4731f3e690,1.7773406040841935e+18
69ce9a6f-ea86-4446-bc3e-5f4731f3e690,1.7773406041175355e+18
69ce9a6f-ea86-4446-bc3e-5f4731f3e690,1.7773406041508785e+18
69ce9a6f-ea86-4446-bc3e-5f4731f3e690,1.7773406041842204e+18
69ce9a6f-ea86-4446-bc3e-5f4731f3e690,1.7773406042175636e+18
69ce9a6f-ea86-4446-bc3e-5f4731f3e690,1.7773406042509056e+18
69ce9a6f-ea86-4446-bc3e-5f4731f3e690,1.7773406042842476e+18
69ce9a6f-ea86-4446-bc3e-5f4731f3e690,1.7773406043175905e+18
69ce9a6f-ea86-4446-bc3e-5f4731f3e690,1.7773406043509325e+18
69ce9a6f-ea86-4446-bc3e-5f4731f3e690,1.7773406043842755e+18
69ce9a6f-ea86-4446-bc3e-5f4731f3e690,1.7773406044176177e+18
69ce9a6f-ea86-4446-bc3e-5f4731f3e690,1.7773406044509606e+18
69ce9a6f-ea86-4446-bc3e-5f4731f3e690,1.7773406044843026e+18
69ce9a6f-ea86-4446-bc3e-5f4731f3e690,1.7773406045176456e+18
69ce9a6f-ea86-4446-bc3e-5f4731f3e690,1.7773406045509875e+18
69ce9a6f-ea86-4446-bc3e-5f4731f3e690,1.7773406045843295e+18
69ce9a6f-ea86-4446-bc3e-5f4731f3e690,1.7773406046176724e+18
69ce9a6f-ea86-4446-bc3e-5f4731f3e690,1.7773406046510147e+18
69ce9a6f-ea86-4446-bc3e-5f4731f3e690,1.7773406046843576e+18
69ce9a6f-ea86-4446-bc3e-5f4731f3e690,1.7773406047176996e+18
69ce9a6f-ea86-4446-bc3e-5f4731f3e690,1.7773406047510426e+18
69ce9a6f-ea86-4446-bc3e-5f4731f3e690,1.7773406047843845e+18
69ce9a6f-ea86-4446-bc3e-5f4731f3e690,1.7773406048177275e+18
69ce9a6f-ea86-4446-bc3e-5f4731f3e690,1.7773406048510694e+18
69ce9a6f-ea86-4446-bc3e-5f4731f3e690,1.7773406048844124e+18
69ce9a6f-ea86-4446-bc3e-5f4731f3e690,1.7773406049177546e+18
69ce9a6f-ea86-4446-bc3e-5f4731f3e690,1.7773406049510966e+18
69ce9a6f-ea86-4446-bc3e-5f4731f3e690,1.7773406049844396e+18
69ce9a6f-ea86-4446-bc3e-5f4731f3e690,1.7773406050177815e+18
69ce9a6f-ea86-4446-bc3e-5f4731f3e690,1.7773406050511245e+18
69ce9a6f-ea86-4446-bc3e-5f4731f3e690,1.7773406050844664e+18
69ce9a6f-ea86-4446-bc3e-5f4731f3e690,1.7773406051178097e+18
69ce9a6f-ea86-4446-bc3e-5f4731f3e690,1.7773406051511516e+18
69ce9a6f-ea86-4446-bc3e-5f4731f3e690,1.7773406051844946e+18
69ce9a6f-ea86-4446-bc3e-5f4731f3e690,1.7773406052178365e+18
69ce9a6f-ea86-4446-bc3e-5f4731f3e690,1.7773406052511785e+18
69ce9a6f-ea86-4446-bc3e-5f4731f3e690,1.7773406052845215e+18
69ce9a6f-ea86-4446-bc3e-5f4731f3e690,1.7773406053178634e+18
69ce9a6f-ea86-4446-bc3e-5f4731f3e690,1.7773406053512067e+18
69ce9a6f-ea86-4446-bc3e-5f4731f3e690,1.7773406053845486e+18
69ce9a6f-ea86-4446-bc3e-5f4731f3e690,1.7773406054178916e+18
69ce9a6f-ea86-4446-bc3e-5f4731f3e690,1.7773406054512335e+18
69ce9a6f-ea86-4446-bc3e-5f4731f3e690,1.7773406054845765e+18
69ce9a6f-ea86-4446-bc3e-5f4731f3e690,1.7773406055179185e+18
69ce9a6f-ea86-4446-bc3e-5f4731f3e690,1.7773406055512604e+18
69ce9a6f-ea86-4446-bc3e-5f4731f3e690,1.7773406055846036e+18
69ce9a6f-ea86-4446-bc3e-5f4731f3e690,1.7773406056179456e+18
69ce9a6f-ea86-4446-bc3e-5f4731f3e690,1.7773406056512886e+18
69ce9a6f-ea86-4446-bc3e-5f4731f3e690,1.7773406056846305e+18
69ce9a6f-ea86-4446-bc3e-5f4731f3e690,1.7773406057179735e+18
69ce9a6f-ea86-4446-bc3e-5f4731f3e690,1.7773406057513155e+18
69ce9a6f-ea86-4446-bc3e-5f4731f3e690,1.7773406057846584e+18
69ce9a6f-ea86-4446-bc3e-5f4731f3e690,1.7773406058180006e+18
69ce9a6f-ea86-4446-bc3e-5f4731f3e690,1.7773406058513426e+18
69ce9a6f-ea86-4446-bc3e-5f4731f3e690,1.7773406058846856e+18
69ce9a6f-ea86-4446-bc3e-5f4731f3e690,1.7773406059180275e+18
69ce9a6f-ea86-4446-bc3e-5f4731f3e690,1.7773406059513705e+18
69ce9a6f-ea86-4446-bc3e-5f4731f3e690,1.7773406059847124e+18
69ce9a6f-ea86-4446-bc3e-5f4731f3e690,1.7773406060180554e+18
69ce9a6f-ea86-4446-bc3e-5f4731f3e690,1.7773406060513976e+18
69ce9a6f-ea86-4446-bc3e-5f4731f3e690,1.7773406060847406e+18
69ce9a6f-ea86-4446-bc3e-5f4731f3e690,1.7773406061180826e+18
69ce9a6f-ea86-4446-bc3e-5f4731f3e690,1.7773406061514245e+18
69ce9a6f-ea86-4446-bc3e-5f4731f3e690,1.7773406061847675e+18
69ce9a6f-ea86-4446-bc3e-5f4731f3e690,1.7773406062181094e+18
69ce9a6f-ea86-4446-bc3e-5f4731f3e690,1.7773406062514524e+18
69ce9a6f-ea86-4446-bc3e-5f4731f3e690,1.7773406062847946e+18
69ce9a6f-ea86-4446-bc3e-5f4731f3e690,1.7773406063181376e+18
69ce9a6f-ea86-4446-bc3e-5f4731f3e690,1.7773406063514796e+18
69ce9a6f-ea86-4446-bc3e-5f4731f3e690,1.7773406063848225e+18
69ce9a6f-ea86-4446-bc3e-5f4731f3e690,1.7773406064181645e+18
69ce9a6f-ea86-4446-bc3e-5f4731f3e690,1.7773406064515075e+18
69ce9a6f-ea86-4446-bc3e-5f4731f3e690,1.7773406064848497e+18
69ce9a6f-ea86-4446-bc3e-5f4731f3e690,1.7773406065181916e+18
69ce9a6f-ea86-4446-bc3e-5f4731f3e690,1.7773406065515346e+18
69ce9a6f-ea86-4446-bc3e-5f4731f3e690,1.7773406065848765e+18
69ce9a6f-ea86-4446-bc3e-5f4731f3e690,1.7773406066182195e+18
69ce9a6f-ea86-4446-bc3e-5f4731f3e690,1.7773406066515615e+18
69ce9a6f-ea86-4446-bc3e-5f4731f3e690,1.7773406066849044e+18
69ce9a6f-ea86-4446-bc3e-5f4731f3e690,1.7773406067182467e+18
69ce9a6f-ea86-4446-bc3e-5f4731f3e690,1.7773406067515896e+18
69ce9a6f-ea86-4446-bc3e-5f4731f3e690,1.7773406067849316e+18
69ce9a6f-ea86-4446-bc3e-5f4731f3e690,1.7773406068182735e+18
69ce9a6f-ea86-4446-bc3e-5f4731f3e690,1.7773406068516165e+18
69ce9a6f-ea86-4446-bc3e-5f4731f3e690,1.7773406068849585e+18
69ce9a6f-ea86-4446-bc3e-5f4731f3e690,1.7773406069183014e+18
69ce9a6f-ea86-4446-bc3e-5f4731f3e690,1.7773406069516436e+18
69ce9a6f-ea86-4446-bc3e-5f4731f3e690,1.7773406069849866e+18
69ce9a6f-ea86-4446-bc3e-5f4731f3e690,1.7773406070183286e+18
69ce9a6f-ea86-4446-bc3e-5f4731f3e690,1.7773406070516716e+18
69ce9a6f-ea86-4446-bc3e-5f4731f3e690,1.7773406070850135e+18
69ce9a6f-ea86-4446-bc3e-5f4731f3e690,1.7773406071183555e+18
69ce9a6f-ea86-4446-bc3e-5f4731f3e690,1.7773406071516984e+18
69ce9a6f-ea86-4446-bc3e-5f4731f3e690,1.7773406071850406e+18
69ce9a6f-ea86-4446-bc3e-5f4731f3e690,1.7773406072183836e+18
69ce9a6f-ea86-4446-bc3e-5f4731f3e690,1.7773406072517256e+18
69ce9a6f-ea86-4446-bc3e-5f4731f3e690,1.7773406072850685e+18
69ce9a6f-ea86-4446-bc3e-5f4731f3e690,1.7773406073184105e+18
69ce9a6f-ea86-4446-bc3e-5f4731f3e690,1.7773406073517535e+18
69ce9a6f-ea86-4446-bc3e-5f4731f3e690,1.7773406073850954e+18
69ce9a6f-ea86-4446-bc3e-5f4731f3e690,1.7773406074184376e+18
69ce9a6f-ea86-4446-bc3e-5f4731f3e690,1.7773406074517806e+18
69ce9a6f-ea86-4446-bc3e-5f4731f3e690,1.7773406074851226e+18
69ce9a6f-ea86-4446-bc3e-5f4731f3e690,1.7773406075184655e+18
69ce9a6f-ea86-4446-bc3e-5f4731f3e690,1.7773406075518075e+18
69ce9a6f-ea86-4446-bc3e-5f4731f3e690,1.7773406075851505e+18
69ce9a6f-ea86-4446-bc3e-5f4731f3e690,1.7773406076184924e+18
69ce9a6f-ea86-4446-bc3e-5f4731f3e690,1.7773406076518356e+18
69ce9a6f-ea86-4446-bc3e-5f4731f3e690,1.7773406076851776e+18
69ce9a6f-ea86-4446-bc3e-5f4731f3e690,1.7773406077185196e+18
69ce9a6f-ea86-4446-bc3e-5f4731f3e690,1.7773406077518625e+18
69ce9a6f-ea86-4446-bc3e-5f4731f3e690,1.7773406077852045e+18
69ce9a6f-ea86-4446-bc3e-5f4731f3e690,1.7773406078185475e+18
69ce9a6f-ea86-4446-bc3e-5f4731f3e690,1.7773406078518897e+18
69ce9a6f-ea86-4446-bc3e-5f4731f3e690,1.7773406078852326e+18
69ce9a6f-ea86-4446-bc3e-5f4731f3e690,1.7773406079185746e+18
69ce9a6f-ea86-4446-bc3e-5f4731f3e690,1.7773406079519176e+18
69ce9a6f-ea86-4446-bc3e-5f4731f3e690,1.7773406079852595e+18
69ce9a6f-ea86-4446-bc3e-5f4731f3e690,1.7773406080186015e+18
69ce9a6f-ea86-4446-bc3e-5f4731f3e690,1.7773406080519444e+18
69ce9a6f-ea86-4446-bc3e-5f4731f3e690,1.7773406080852867e+18
69ce9a6f-ea86-4446-bc3e-5f4731f3e690,1.7773406081186296e+18
69ce9a6f-ea86-4446-bc3e-5f4731f3e690,1.7773406081519716e+18
69ce9a6f-ea86-4446-bc3e-5f4731f3e690,1.7773406081853146e+18
69ce9a6f-ea86-4446-bc3e-5f4731f3e690,1.7773406082186565e+18
69ce9a6f-ea86-4446-bc3e-5f4731f3e690,1.7773406082519995e+18
69ce9a6f-ea86-4446-bc3e-5f4731f3e690,1.7773406082853414e+18
69ce9a6f-ea86-4446-bc3e-5f4731f3e690,1.7773406083186844e+18
69ce9a6f-ea86-4446-bc3e-5f4731f3e690,1.7773406083520266e+18
69ce9a6f-ea86-4446-bc3e-5f4731f3e690,1.7773406083853686e+18
69ce9a6f-ea86-4446-bc3e-5f4731f3e690,1.7773406084187116e+18
69ce9a6f-ea86-4446-bc3e-5f4731f3e690,1.7773406084520535e+18
69ce9a6f-ea86-4446-bc3e-5f4731f3e690,1.7773406084853965e+18
69ce9a6f-ea86-4446-bc3e-5f4731f3e690,1.7773406085187384e+18
69ce9a6f-ea86-4446-bc3e-5f4731f3e690,1.7773406085520817e+18
69ce9a6f-ea86-4446-bc3e-5f4731f3e690,1.7773406085854236e+18
69ce9a6f-ea86-4446-bc3e-5f4731f3e690,1.7773406086187666e+18
69ce9a6f-ea86-4446-bc3e-5f4731f3e690,1.7773406086521085e+18
69ce9a6f-ea86-4446-bc3e-5f4731f3e690,1.7773406086854505e+18
69ce9a6f-ea86-4446-bc3e-5f4731f3e690,1.7773406087187935e+18
69ce9a6f-ea86-4446-bc3e-5f4731f3e690,1.7773406087521354e+18
69ce9a6f-ea86-4446-bc3e-5f4731f3e690,1.7773406087854787e+18
69ce9a6f-ea86-4446-bc3e-5f4731f3e690,1.7773406088188206e+18
69ce9a6f-ea86-4446-bc3e-5f4731f3e690,1.7773406088521636e+18
69ce9a6f-ea86-4446-bc3e-5f4731f3e690,1.7773406088855055e+18
69ce9a6f-ea86-4446-bc3e-5f4731f3e690,1.7773406089188485e+18
69ce9a6f-ea86-4446-bc3e-5f4731f3e690,1.7773406089521905e+18
69ce9a6f-ea86-4446-bc3e-5f4731f3e690,1.7773406089855324e+18
69ce9a6f-ea86-4446-bc3e-5f4731f3e690,1.7773406090188756e+18
69ce9a6f-ea86-4446-bc3e-5f4731f3e690,1.7773406090522176e+18
69ce9a6f-ea86-4446-bc3e-5f4731f3e690,1.7773406090855606e+18
69ce9a6f-ea86-4446-bc3e-5f4731f3e690,1.7773406091189025e+18
69ce9a6f-ea86-4446-bc3e-5f4731f3e690,1.7773406091522455e+18
69ce9a6f-ea86-4446-bc3e-5f4731f3e690,1.7773406091855875e+18
69ce9a6f-ea86-4446-bc3e-5f4731f3e690,1.7773406092189304e+18
69ce9a6f-ea86-4446-bc3e-5f4731f3e690,1.7773406092522726e+18
69ce9a6f-ea86-4446-bc3e-5f4731f3e690,1.7773406092856146e+18
69ce9a6f-ea86-4446-bc3e-5f4731f3e690,1.7773406093189576e+18
69ce9a6f-ea86-4446-bc3e-5f4731f3e690,1.7773406093522995e+18
69ce9a6f-ea86-4446-bc3e-5f4731f3e690,1.7773406093856425e+18
69ce9a6f-ea86-4446-bc3e-5f4731f3e690,1.7773406094189844e+18
69ce9a6f-ea86-4446-bc3e-5f4731f3e690,1.7773406094523274e+18
69ce9a6f-ea86-4446-bc3e-5f4731f3e690,1.7773406094856696e+18
69ce9a6f-ea86-4446-bc3e-5f4731f3e690,1.7773406095190126e+18
69ce9a6f-ea86-4446-bc3e-5f4731f3e690,1.7773406095523546e+18
69ce9a6f-ea86-4446-bc3e-5f4731f3e690,1.7773406095856975e+18
69ce9a6f-ea86-4446-bc3e-5f4731f3e690,1.7773406096190395e+18
69ce9a6f-ea86-4446-bc3e-5f4731f3e690,1.7773406096523814e+18
69ce9a6f-ea86-4446-bc3e-5f4731f3e690,1.7773406096857244e+18
69ce9a6f-ea86-4446-bc3e-5f4731f3e690,1.7773406097190666e+18
69ce9a6f-ea86-4446-bc3e-5f4731f3e690,1.7773406097524096e+18
69ce9a6f-ea86-4446-bc3e-5f4731f3e690,1.7773406097857516e+18
69ce9a6f-ea86-4446-bc3e-5f4731f3e690,1.7773406098190945e+18
69ce9a6f-ea86-4446-bc3e-5f4731f3e690,1.7773406098524365e+18
69ce9a6f-ea86-4446-bc3e-5f4731f3e690,1.7773406098857795e+18
69ce9a6f-ea86-4446-bc3e-5f4731f3e690,1.7773406099191217e+18
69ce9a6f-ea86-4446-bc3e-5f4731f3e690,1.7773406099524636e+18
69ce9a6f-ea86-4446-bc3e-5f4731f3e690,1.7773406099858066e+18
69ce9a6f-ea86-4446-bc3e-5f4731f3e690,1.7773406100191485e+18
69ce9a6f-ea86-4446-bc3e-5f4731f3e690,1.7773406100524915e+18
69ce9a6f-ea86-4446-bc3e-5f4731f3e690,1.7773406100858335e+18
69ce9a6f-ea86-4446-bc3e-5f4731f3e690,1.7773406101191764e+18
69ce9a6f-ea86-4446-bc3e-5f4731f3e690,1.7773406101525187e+18
69ce9a6f-ea86-4446-bc3e-5f4731f3e690,1.7773406101858616e+18
69ce9a6f-ea86-4446-bc3e-5f4731f3e690,1.7773406102192036e+18
69ce9a6f-ea86-4446-bc3e-5f4731f3e690,1.7773406102525455e+18
69ce9a6f-ea86-4446-bc3e-5f4731f3e690,1.7773406102858885e+18
69ce9a6f-ea86-4446-bc3e-5f4731f3e690,1.7773406103192305e+18
69ce9a6f-ea86-4446-bc3e-5f4731f3e690,1.7773406103525734e+18
69ce9a6f-ea86-4446-bc3e-5f4731f3e690,1.7773406103859156e+18
69ce9a6f-ea86-4446-bc3e-5f4731f3e690,1.7773406104192586e+18
69ce9a6f-ea86-4446-bc3e-5f4731f3e690,1.7773406104526006e+18
69ce9a6f-ea86-4446-bc3e-5f4731f3e690,1.7773406104859436e+18
69ce9a6f-ea86-4446-bc3e-5f4731f3e690,1.7773406105192855e+18
69ce9a6f-ea86-4446-bc3e-5f4731f3e690,1.7773406105526275e+18
69ce9a6f-ea86-4446-bc3e-5f4731f3e690,1.7773406105859704e+18
69ce9a6f-ea86-4446-bc3e-5f4731f3e690,1.7773406106193126e+18
69ce9a6f-ea86-4446-bc3e-5f4731f3e690,1.7773406106526556e+18
69ce9a6f-ea86-4446-bc3e-5f4731f3e690,1.7773406106859976e+18
69ce9a6f-ea86-4446-bc3e-5f4731f3e690,1.7773406107193405e+18
69ce9a6f-ea86-4446-bc3e-5f4731f3e690,1.7773406107526825e+18
69ce9a6f-ea86-4446-bc3e-5f4731f3e690,1.7773406107860255e+18
69ce9a6f-ea86-4446-bc3e-5f4731f3e690,1.7773406108193674e+18
69ce9a6f-ea86-4446-bc3e-5f4731f3e690,1.7773406108527107e+18
69ce9a6f-ea86-4446-bc3e-5f4731f3e690,1.7773406108860526e+18
69ce9a6f-ea86-4446-bc3e-5f4731f3e690,1.7773406109193946e+18
69ce9a6f-ea86-4446-bc3e-5f4731f3e690,1.7773406109527375e+18
69ce9a6f-ea86-4446-bc3e-5f4731f3e690,1.7773406109860795e+18
69ce9a6f-ea86-4446-bc3e-5f4731f3e690,1.7773406110194225e+18
69ce9a6f-ea86-4446-bc3e-5f4731f3e690,1.7773406110527644e+18
69ce9a6f-ea86-4446-bc3e-5f4731f3e690,1.7773406110861076e+18
69ce9a6f-ea86-4446-bc3e-5f4731f3e690,1.7773406111194496e+18
69ce9a6f-ea86-4446-bc3e-5f4731f3e690,1.7773406111527926e+18
69ce9a6f-ea86-4446-bc3e-5f4731f3e690,1.7773406111861345e+18
69ce9a6f-ea86-4446-bc3e-5f4731f3e690,1.7773406112194765e+18
69ce9a6f-ea86-4446-bc3e-5f4731f3e690,1.7773406112528195e+18
69ce9a6f-ea86-4446-bc3e-5f4731f3e690,1.7773406112861617e+18
69ce9a6f-ea86-4446-bc3e-5f4731f3e690,1.7773406113195046e+18
69ce9a6f-ea86-4446-bc3e-5f4731f3e690,1.7773406113528466e+18
69ce9a6f-ea86-4446-bc3e-5f4731f3e690,1.7773406113861896e+18
69ce9a6f-ea86-4446-bc3e-5f4731f3e690,1.7773406114195315e+18
69ce9a6f-ea86-4446-bc3e-5f4731f3e690,1.7773406114528745e+18
69ce9a6f-ea86-4446-bc3e-5f4731f3e690,1.7773406114862164e+18
69ce9a6f-ea86-4446-bc3e-5f4731f3e690,1.7773406115195587e+18
69ce9a6f-ea86-4446-bc3e-5f4731f3e690,1.7773406115529016e+18
69ce9a6f-ea86-4446-bc3e-5f4731f3e690,1.7773406115862436e+18
69ce9a6f-ea86-4446-bc3e-5f4731f3e690,1.7773406116195866e+18
69ce9a6f-ea86-4446-bc3e-5f4731f3e690,1.7773406116529285e+18
69ce9a6f-ea86-4446-bc3e-5f4731f3e690,1.7773406116862715e+18
69ce9a6f-ea86-4446-bc3e-5f4731f3e690,1.7773406117196134e+18
69ce9a6f-ea86-4446-bc3e-5f4731f3e690,1.7773406117529564e+18
69ce9a6f-ea86-4446-bc3e-5f4731f3e690,1.7773406117862986e+18
69ce9a6f-ea86-4446-bc3e-5f4731f3e690,1.7773406118196406e+18
69ce9a6f-ea86-4446-bc3e-5f4731f3e690,1.7773406118529836e+18
69ce9a6f-ea86-4446-bc3e-5f4731f3e690,1.7773406118863255e+18
69ce9a6f-ea86-4446-bc3e-5f4731f3e690,1.7773406119196685e+18
69ce9a6f-ea86-4446-bc3e-5f4731f3e690,1.7773406119530104e+18
69ce9a6f-ea86-4446-bc3e-5f4731f3e690,1.7773406119863537e+18
69ce9a6f-ea86-4446-bc3e-5f4731f3e690,1.7773406120196956e+18
69ce9a6f-ea86-4446-bc3e-5f4731f3e690,1.7773406120530386e+18
69ce9a6f-ea86-4446-bc3e-5f4731f3e690,1.7773406120863805e+18
69ce9a6f-ea86-4446-bc3e-5f4731f3e690,1.7773406121197225e+18
69ce9a6f-ea86-4446-bc3e-5f4731f3e690,1.7773406121530655e+18
69ce9a6f-ea86-4446-bc3e-5f4731f3e690,1.7773406121864074e+18
69ce9a6f-ea86-4446-bc3e-5f4731f3e690,1.7773406122197507e+18
69ce9a6f-ea86-4446-bc3e-5f4731f3e690,1.7773406122530926e+18
69ce9a6f-ea86-4446-bc3e-5f4731f3e690,1.7773406122864356e+18
69ce9a6f-ea86-4446-bc3e-5f4731f3e690,1.7773406123197775e+18
69ce9a6f-ea86-4446-bc3e-5f4731f3e690,1.7773406123531205e+18
69ce9a6f-ea86-4446-bc3e-5f4731f3e690,1.7773406123864625e+18
69ce9a6f-ea86-4446-bc3e-5f4731f3e690,1.7773406124198044e+18
69ce9a6f-ea86-4446-bc3e-5f4731f3e690,1.7773406124531476e+18
69ce9a6f-ea86-4446-bc3e-5f4731f3e690,1.7773406124864896e+18
69ce9a6f-ea86-4446-bc3e-5f4731f3e690,1.7773406125198326e+18
69ce9a6f-ea86-4446-bc3e-5f4731f3e690,1.7773406125531745e+18
69ce9a6f-ea86-4446-bc3e-5f4731f3e690,1.7773406125865175e+18
69ce9a6f-ea86-4446-bc3e-5f4731f3e690,1.7773406126198595e+18
69ce9a6f-ea86-4446-bc3e-5f4731f3e690,1.7773406126532024e+18
69ce9a6f-ea86-4446-bc3e-5f4731f3e690,1.7773406126865446e+18
69ce9a6f-ea86-4446-bc3e-5f4731f3e690,1.7773406127198876e+18
69ce9a6f-ea86-4446-bc3e-5f4731f3e690,1.7773406127532296e+18
69ce9a6f-ea86-4446-bc3e-5f4731f3e690,1.7773406127865715e+18
69ce9a6f-ea86-4446-bc3e-5f4731f3e690,1.7773406128199145e+18
69ce9a6f-ea86-4446-bc3e-5f4731f3e690,1.7773406128532564e+18
69ce9a6f-ea86-4446-bc3e-5f4731f3e690,1.7773406128865994e+18
69ce9a6f-ea86-4446-bc3e-5f4731f3e690,1.7773406129199416e+18
69ce9a6f-ea86-4446-bc3e-5f4731f3e690,1.7773406129532846e+18
69ce9a6f-ea86-4446-bc3e-5f4731f3e690,1.7773406129866266e+18
69ce9a6f-ea86-4446-bc3e-5f4731f3e690,1.7773406130199695e+18
69ce9a6f-ea86-4446-bc3e-5f4731f3e690,1.7773406130533115e+18
69ce9a6f-ea86-4446-bc3e-5f4731f3e690,1.7773406130866534e+18
69ce9a6f-ea86-4446-bc3e-5f4731f3e690,1.7773406131199964e+18
69ce9a6f-ea86-4446-bc3e-5f4731f3e690,1.7773406131533386e+18
69ce9a6f-ea86-4446-bc3e-5f4731f3e690,1.7773406131866816e+18
69ce9a6f-ea86-4446-bc3e-5f4731f3e690,1.7773406132200236e+18
69ce9a6f-ea86-4446-bc3e-5f4731f3e690,1.7773406132533665e+18
69ce9a6f-ea86-4446-bc3e-5f4731f3e690,1.7773406132867085e+18
69ce9a6f-ea86-4446-bc3e-5f4731f3e690,1.7773406133200515e+18
69ce9a6f-ea86-4446-bc3e-5f4731f3e690,1.7773406133533937e+18
69ce9a6f-ea86-4446-bc3e-5f4731f3e690,1.7773406133867356e+18
69ce9a6f-ea86-4446-bc3e-5f4731f3e690,1.7773406134200786e+18
69ce9a6f-ea86-4446-bc3e-5f4731f3e690,1.7773406134534205e+18
69ce9a6f-ea86-4446-bc3e-5f4731f3e690,1.7773406134867635e+18
69ce9a6f-ea86-4446-bc3e-5f4731f3e690,1.7773406135201055e+18
69ce9a6f-ea86-4446-bc3e-5f4731f3e690,1.7773406135534484e+18
69ce9a6f-ea86-4446-bc3e-5f4731f3e690,1.7773406135867907e+18
69ce9a6f-ea86-4446-bc3e-5f4731f3e690,1.7773406136201336e+18
69ce9a6f-ea86-4446-bc3e-5f4731f3e690,1.7773406136534756e+18
69ce9a6f-ea86-4446-bc3e-5f4731f3e690,1.7773406136868175e+18
69ce9a6f-ea86-4446-bc3e-5f4731f3e690,1.7773406137201605e+18
69ce9a6f-ea86-4446-bc3e-5f4731f3e690,1.7773406137535025e+18
69ce9a6f-ea86-4446-bc3e-5f4731f3e690,1.7773406137868454e+18
69ce9a6f-ea86-4446-bc3e-5f4731f3e690,1.7773406138201876e+18
69ce9a6f-ea86-4446-bc3e-5f4731f3e690,1.7773406138535306e+18
69ce9a6f-ea86-4446-bc3e-5f4731f3e690,1.7773406138868726e+18
69ce9a6f-ea86-4446-bc3e-5f4731f3e690,1.7773406139202156e+18
69ce9a6f-ea86-4446-bc3e-5f4731f3e690,1.7773406139535575e+18
69ce9a6f-ea86-4446-bc3e-5f4731f3e690,1.7773406139868995e+18
69ce9a6f-ea86-4446-bc3e-5f4731f3e690,1.7773406140202424e+18
69ce9a6f-ea86-4446-bc3e-5f4731f3e690,1.7773406140535846e+18
69ce9a6f-ea86-4446-bc3e-5f4731f3e690,1.7773406140869276e+18
69ce9a6f-ea86-4446-bc3e-5f4731f3e690,1.7773406141202696e+18
69ce9a6f-ea86-4446-bc3e-5f4731f3e690,1.7773406141536125e+18
69ce9a6f-ea86-4446-bc3e-5f4731f3e690,1.7773406141869545e+18
69ce9a6f-ea86-4446-bc3e-5f4731f3e690,1.7773406142202975e+18
69ce9a6f-ea86-4446-bc3e-5f4731f3e690,1.7773406142536394e+18
69ce9a6f-ea86-4446-bc3e-5f4731f3e690,1.7773406142869816e+18
69ce9a6f-ea86-4446-bc3e-5f4731f3e690,1.7773406143203246e+18
69ce9a6f-ea86-4446-bc3e-5f4731f3e690,1.7773406143536666e+18
69ce9a6f-ea86-4446-bc3e-5f4731f3e690,1.7773406143870095e+18
69ce9a6f-ea86-4446-bc3e-5f4731f3e690,1.7773406144203515e+18
69ce9a6f-ea86-4446-bc3e-5f4731f3e690,1.7773406144536945e+18
69ce9a6f-ea86-4446-bc3e-5f4731f3e690,1.7773406144870364e+18
69ce9a6f-ea86-4446-bc3e-5f4731f3e690,1.7773406145203796e+18
69ce9a6f-ea86-4446-bc3e-5f4731f3e690,1.7773406145537216e+18
69ce9a6f-ea86-4446-bc3e-5f4731f3e690,1.7773406145870636e+18
69ce9a6f-ea86-4446-bc3e-5f4731f3e690,1.7773406146204065e+18
69ce9a6f-ea86-4446-bc3e-5f4731f3e690,1.7773406146537485e+18
69ce9a6f-ea86-4446-bc3e-5f4731f3e690,1.7773406146870915e+18
69ce9a6f-ea86-4446-bc3e-5f4731f3e690,1.7773406147204337e+18
69ce9a6f-ea86-4446-bc3e-5f4731f3e690,1.7773406147537766e+18
69ce9a6f-ea86-4446-bc3e-5f4731f3e690,1.7773406147871186e+18
69ce9a6f-ea86-4446-bc3e-5f4731f3e690,1.7773406148204616e+18
69ce9a6f-ea86-4446-bc3e-5f4731f3e690,1.7773406148538035e+18
69ce9a6f-ea86-4446-bc3e-5f4731f3e690,1.7773406148871465e+18
69ce9a6f-ea86-4446-bc3e-5f4731f3e690,1.7773406149204884e+18
69ce9a6f-ea86-4446-bc3e-5f4731f3e690,1.7773406149538307e+18
69ce9a6f-ea86-4446-bc3e-5f4731f3e690,1.7773406149871736e+18
69ce9a6f-ea86-4446-bc3e-5f4731f3e690,1.7773406150205156e+18
69ce9a6f-ea86-4446-bc3e-5f4731f3e690,1.7773406150538586e+18
69ce9a6f-ea86-4446-bc3e-5f4731f3e690,1.7773406150872005e+18
69ce9a6f-ea86-4446-bc3e-5f4731f3e690,1.7773406151205435e+18
69ce9a6f-ea86-4446-bc3e-5f4731f3e690,1.7773406151538854e+18
69ce9a6f-ea86-4446-bc3e-5f4731f3e690,1.7773406151872284e+18
69ce9a6f-ea86-4446-bc3e-5f4731f3e690,1.7773406152205706e+18
69ce9a6f-ea86-4446-bc3e-5f4731f3e690,1.7773406152539126e+18
69ce9a6f-ea86-4446-bc3e-5f4731f3e690,1.7773406152872556e+18
69ce9a6f-ea86-4446-bc3e-5f4731f3e690,1.7773406153205975e+18
69ce9a6f-ea86-4446-bc3e-5f4731f3e690,1.7773406153539405e+18
69ce9a6f-ea86-4446-bc3e-5f4731f3e690,1.7773406153872824e+18
69ce9a6f-ea86-4446-bc3e-5f4731f3e690,1.7773406154206257e+18
69ce9a6f-ea86-4446-bc3e-5f4731f3e690,1.7773406154539676e+18
69ce9a6f-ea86-4446-bc3e-5f4731f3e690,1.7773406154873106e+18
69ce9a6f-ea86-4446-bc3e-5f4731f3e690,1.7773406155206525e+18
69ce9a6f-ea86-4446-bc3e-5f4731f3e690,1.7773406155539945e+18
69ce9a6f-ea86-4446-bc3e-5f4731f3e690,1.7773406155873375e+18
69ce9a6f-ea86-4446-bc3e-5f4731f3e690,1.7773406156206794e+18
69ce9a6f-ea86-4446-bc3e-5f4731f3e690,1.7773406156540227e+18
69ce9a6f-ea86-4446-bc3e-5f4731f3e690,1.7773406156873646e+18
69ce9a6f-ea86-4446-bc3e-5f4731f3e690,1.7773406157207076e+18
69ce9a6f-ea86-4446-bc3e-5f4731f3e690,1.7773406157540495e+18
69ce9a6f-ea86-4446-bc3e-5f4731f3e690,1.7773406157873925e+18
69ce9a6f-ea86-4446-bc3e-5f4731f3e690,1.7773406158207345e+18
69ce9a6f-ea86-4446-bc3e-5f4731f3e690,1.7773406158540764e+18
69ce9a6f-ea86-4446-bc3e-5f4731f3e690,1.7773406158874196e+18
69ce9a6f-ea86-4446-bc3e-5f4731f3e690,1.7773406159207616e+18
69ce9a6f-ea86-4446-bc3e-5f4731f3e690,1.7773406159541046e+18
69ce9a6f-ea86-4446-bc3e-5f4731f3e690,1.7773406159874465e+18
69ce9a6f-ea86-4446-bc3e-5f4731f3e690,1.7773406160207895e+18
69ce9a6f-ea86-4446-bc3e-5f4731f3e690,1.7773406160541315e+18
69ce9a6f-ea86-4446-bc3e-5f4731f3e690,1.7773406160874744e+18
69ce9a6f-ea86-4446-bc3e-5f4731f3e690,1.7773406161208166e+18
69ce9a6f-ea86-4446-bc3e-5f4731f3e690,1.7773406161541586e+18
69ce9a6f-ea86-4446-bc3e-5f4731f3e690,1.7773406161875016e+18
69ce9a6f-ea86-4446-bc3e-5f4731f3e690,1.7773406162208435e+18
69ce9a6f-ea86-4446-bc3e-5f4731f3e690,1.7773406162541865e+18
69ce9a6f-ea86-4446-bc3e-5f4731f3e690,1.7773406162875284e+18
69ce9a6f-ea86-4446-bc3e-5f4731f3e690,1.7773406163208714e+18
69ce9a6f-ea86-4446-bc3e-5f4731f3e690,1.7773406163542136e+18
69ce9a6f-ea86-4446-bc3e-5f4731f3e690,1.7773406163875566e+18
69ce9a6f-ea86-4446-bc3e-5f4731f3e690,1.7773406164208986e+18
69ce9a6f-ea86-4446-bc3e-5f4731f3e690,1.7773406164542415e+18
69ce9a6f-ea86-4446-bc3e-5f4731f3e690,1.7773406164875835e+18
69ce9a6f-ea86-4446-bc3e-5f4731f3e690,1.7773406165209254e+18
69ce9a6f-ea86-4446-bc3e-5f4731f3e690,1.7773406165542684e+18
69ce9a6f-ea86-4446-bc3e-5f4731f3e690,1.7773406165876106e+18
69ce9a6f-ea86-4446-bc3e-5f4731f3e690,1.7773406166209536e+18
69ce9a6f-ea86-4446-bc3e-5f4731f3e690,1.7773406166542956e+18
69ce9a6f-ea86-4446-bc3e-5f4731f3e690,1.7773406166876385e+18
69ce9a6f-ea86-4446-bc3e-5f4731f3e690,1.7773406167209805e+18
69ce9a6f-ea86-4446-bc3e-5f4731f3e690,1.7773406167543235e+18
69ce9a6f-ea86-4446-bc3e-5f4731f3e690,1.7773406167876657e+18
69ce9a6f-ea86-4446-bc3e-5f4731f3e690,1.7773406168210076e+18
69ce9a6f-ea86-4446-bc3e-5f4731f3e690,1.7773406168543506e+18
69ce9a6f-ea86-4446-bc3e-5f4731f3e690,1.7773406168876925e+18
69ce9a6f-ea86-4446-bc3e-5f4731f3e690,1.7773406169210355e+18
69ce9a6f-ea86-4446-bc3e-5f4731f3e690,1.7773406169543775e+18
69ce9a6f-ea86-4446-bc3e-5f4731f3e690,1.7773406169877204e+18
69ce9a6f-ea86-4446-bc3e-5f4731f3e690,1.7773406170210627e+18
69ce9a6f-ea86-4446-bc3e-5f4731f3e690,1.7773406170544056e+18
69ce9a6f-ea86-4446-bc3e-5f4731f3e690,1.7773406170877476e+18
69ce9a6f-ea86-4446-bc3e-5f4731f3e690,1.7773406171210895e+18
69ce9a6f-ea86-4446-bc3e-5f4731f3e690,1.7773406171544325e+18
69ce9a6f-ea86-4446-bc3e-5f4731f3e690,1.7773406171877745e+18
69ce9a6f-ea86-4446-bc3e-5f4731f3e690,1.7773406172211174e+18
69ce9a6f-ea86-4446-bc3e-5f4731f3e690,1.7773406172544596e+18
69ce9a6f-ea86-4446-bc3e-5f4731f3e690,1.7773406172878026e+18
69ce9a6f-ea86-4446-bc3e-5f4731f3e690,1.7773406173211446e+18
69ce9a6f-ea86-4446-bc3e-5f4731f3e690,1.7773406173544876e+18
69ce9a6f-ea86-4446-bc3e-5f4731f3e690,1.7773406173878295e+18
69ce9a6f-ea86-4446-bc3e-5f4731f3e690,1.7773406174211715e+18
69ce9a6f-ea86-4446-bc3e-5f4731f3e690,1.7773406174545144e+18
69ce9a6f-ea86-4446-bc3e-5f4731f3e690,1.7773406174878566e+18
69ce9a6f-ea86-4446-bc3e-5f4731f3e690,1.7773406175211996e+18
69ce9a6f-ea86-4446-bc3e-5f4731f3e690,1.7773406175545416e+18
69ce9a6f-ea86-4446-bc3e-5f4731f3e690,1.7773406175878845e+18
69ce9a6f-ea86-4446-bc3e-5f4731f3e690,1.7773406176212265e+18
69ce9a6f-ea86-4446-bc3e-5f4731f3e690,1.7773406176545695e+18
69ce9a6f-ea86-4446-bc3e-5f4731f3e690,1.7773406176879114e+18
69ce9a6f-ea86-4446-bc3e-5f4731f3e690,1.7773406177212536e+18
69ce9a6f-ea86-4446-bc3e-5f4731f3e690,1.7773406177545966e+18
69ce9a6f-ea86-4446-bc3e-5f4731f3e690,1.7773406177879386e+18
69ce9a6f-ea86-4446-bc3e-5f4731f3e690,1.7773406178212815e+18
69ce9a6f-ea86-4446-bc3e-5f4731f3e690,1.7773406178546235e+18
69ce9a6f-ea86-4446-bc3e-5f4731f3e690,1.7773406178879665e+18
69ce9a6f-ea86-4446-bc3e-5f4731f3e690,1.7773406179213084e+18
69ce9a6f-ea86-4446-bc3e-5f4731f3e690,1.7773406179546516e+18
69ce9a6f-ea86-4446-bc3e-5f4731f3e690,1.7773406179879936e+18
69ce9a6f-ea86-4446-bc3e-5f4731f3e690,1.7773406180213356e+18
69ce9a6f-ea86-4446-bc3e-5f4731f3e690,1.7773406180546785e+18
69ce9a6f-ea86-4446-bc3e-5f4731f3e690,1.7773406180880205e+18
69ce9a6f-ea86-4446-bc3e-5f4731f3e690,1.7773406181213635e+18
69ce9a6f-ea86-4446-bc3e-5f4731f3e690,1.7773406181547057e+18
69ce9a6f-ea86-4446-bc3e-5f4731f3e690,1.7773406181880486e+18
69ce9a6f-ea86-4446-bc3e-5f4731f3e690,1.7773406182213906e+18
69ce9a6f-ea86-4446-bc3e-5f4731f3e690,1.7773406182547336e+18
69ce9a6f-ea86-4446-bc3e-5f4731f3e690,1.7773406182880755e+18
69ce9a6f-ea86-4446-bc3e-5f4731f3e690,1.7773406183214185e+18
69ce9a6f-ea86-4446-bc3e-5f4731f3e690,1.7773406183547604e+18
69ce9a6f-ea86-4446-bc3e-5f4731f3e690,1.7773406183881027e+18
69ce9a6f-ea86-4446-bc3e-5f4731f3e690,1.7773406184214456e+18
69ce9a6f-ea86-4446-bc3e-5f4731f3e690,1.7773406184547876e+18
69ce9a6f-ea86-4446-bc3e-5f4731f3e690,1.7773406184881306e+18
69ce9a6f-ea86-4446-bc3e-5f4731f3e690,1.7773406185214725e+18
69ce9a6f-ea86-4446-bc3e-5f4731f3e690,1.7773406185548155e+18
69ce9a6f-ea86-4446-bc3e-5f4731f3e690,1.7773406185881574e+18
69ce9a6f-ea86-4446-bc3e-5f4731f3e690,1.7773406186215004e+18
69ce9a6f-ea86-4446-bc3e-5f4731f3e690,1.7773406186548426e+18
69ce9a6f-ea86-4446-bc3e-5f4731f3e690,1.7773406186881846e+18
69ce9a6f-ea86-4446-bc3e-5f4731f3e690,1.7773406187215276e+18
69ce9a6f-ea86-4446-bc3e-5f4731f3e690,1.7773406187548695e+18
69ce9a6f-ea86-4446-bc3e-5f4731f3e690,1.7773406187882125e+18
69ce9a6f-ea86-4446-bc3e-5f4731f3e690,1.7773406188215544e+18
69ce9a6f-ea86-4446-bc3e-5f4731f3e690,1.7773406188548977e+18
69ce9a6f-ea86-4446-bc3e-5f4731f3e690,1.7773406188882396e+18
69ce9a6f-ea86-4446-bc3e-5f4731f3e690,1.7773406189215826e+18
69ce9a6f-ea86-4446-bc3e-5f4731f3e690,1.7773406189549245e+18
69ce9a6f-ea86-4446-bc3e-5f4731f3e690,1.7773406189882665e+18
69ce9a6f-ea86-4446-bc3e-5f4731f3e690,1.7773406190216095e+18
69ce9a6f-ea86-4446-bc3e-5f4731f3e690,1.7773406190549514e+18
69ce9a6f-ea86-4446-bc3e-5f4731f3e690,1.7773406190882947e+18
69ce9a6f-ea86-4446-bc3e-5f4731f3e690,1.7773406191216366e+18
69ce9a6f-ea86-4446-bc3e-5f4731f3e690,1.7773406191549796e+18
69ce9a6f-ea86-4446-bc3e-5f4731f3e690,1.7773406191883215e+18
69ce9a6f-ea86-4446-bc3e-5f4731f3e690,1.7773406192216645e+18
69ce9a6f-ea86-4446-bc3e-5f4731f3e690,1.7773406192550065e+18
69ce9a6f-ea86-4446-bc3e-5f4731f3e690,1.7773406192883484e+18
69ce9a6f-ea86-4446-bc3e-5f4731f3e690,1.7773406193216916e+18
69ce9a6f-ea86-4446-bc3e-5f4731f3e690,1.7773406193550336e+18
69ce9a6f-ea86-4446-bc3e-5f4731f3e690,1.7773406193883766e+18
69ce9a6f-ea86-4446-bc3e-5f4731f3e690,1.7773406194217185e+18
69ce9a6f-ea86-4446-bc3e-5f4731f3e690,1.7773406194550615e+18
69ce9a6f-ea86-4446-bc3e-5f4731f3e690,1.7773406194884035e+18
69ce9a6f-ea86-4446-bc3e-5f4731f3e690,1.7773406195217464e+18
69ce9a6f-ea86-4446-bc3e-5f4731f3e690,1.7773406195550886e+18
69ce9a6f-ea86-4446-bc3e-5f4731f3e690,1.7773406195884306e+18
69ce9a6f-ea86-4446-bc3e-5f4731f3e690,1.7773406196217736e+18
69ce9a6f-ea86-4446-bc3e-5f4731f3e690,1.7773406196551155e+18
69ce9a6f-ea86-4446-bc3e-5f4731f3e690,1.7773406196884585e+18
69ce9a6f-ea86-4446-bc3e-5f4731f3e690,1.7773406197218004e+18
69ce9a6f-ea86-4446-bc3e-5f4731f3e690,1.7773406197551434e+18
69ce9a6f-ea86-4446-bc3e-5f4731f3e690,1.7773406197884856e+18
69ce9a6f-ea86-4446-bc3e-5f4731f3e690,1.7773406198218286e+18
69ce9a6f-ea86-4446-bc3e-5f4731f3e690,1.7773406198551706e+18
69ce9a6f-ea86-4446-bc3e-5f4731f3e690,1.7773406198885125e+18
69ce9a6f-ea86-4446-bc3e-5f4731f3e690,1.7773406199218555e+18
69ce9a6f-ea86-4446-bc3e-5f4731f3e690,1.7773406199551974e+18
69ce9a6f-ea86-4446-bc3e-5f4731f3e690,1.7773406199885404e+18
69ce9a6f-ea86-4446-bc3e-5f4731f3e690,1.7773406200218826e+18
69ce9a6f-ea86-4446-bc3e-5f4731f3e690,1.7773406200552256e+18
69ce9a6f-ea86-4446-bc3e-5f4731f3e690,1.7773406200885676e+18
69ce9a6f-ea86-4446-bc3e-5f4731f3e690,1.7773406201219105e+18
69ce9a6f-ea86-4446-bc3e-5f4731f3e690,1.7773406201552525e+18
69ce9a6f-ea86-4446-bc3e-5f4731f3e690,1.7773406201885955e+18
69ce9a6f-ea86-4446-bc3e-5f4731f3e690,1.7773406202219377e+18
69ce9a6f-ea86-4446-bc3e-5f4731f3e690,1.7773406202552796e+18
69ce9a6f-ea86-4446-bc3e-5f4731f3e690,1.7773406202886226e+18
69ce9a6f-ea86-4446-bc3e-5f4731f3e690,1.7773406203219645e+18
69ce9a6f-ea86-4446-bc3e-5f4731f3e690,1.7773406203553075e+18
69ce9a6f-ea86-4446-bc3e-5f4731f3e690,1.7773406203886495e+18
69ce9a6f-ea86-4446-bc3e-5f4731f3e690,1.7773406204219924e+18
69ce9a6f-ea86-4446-bc3e-5f4731f3e690,1.7773406204553347e+18
69ce9a6f-ea86-4446-bc3e-5f4731f3e690,1.7773406204886776e+18
69ce9a6f-ea86-4446-bc3e-5f4731f3e690,1.7773406205220196e+18
69ce9a6f-ea86-4446-bc3e-5f4731f3e690,1.7773406205553615e+18
69ce9a6f-ea86-4446-bc3e-5f4731f3e690,1.7773406205887045e+18
69ce9a6f-ea86-4446-bc3e-5f4731f3e690,1.7773406206220465e+18
69ce9a6f-ea86-4446-bc3e-5f4731f3e690,1.7773406206553894e+18
69ce9a6f-ea86-4446-bc3e-5f4731f3e690,1.7773406206887316e+18
69ce9a6f-ea86-4446-bc3e-5f4731f3e690,1.7773406207220746e+18
69ce9a6f-ea86-4446-bc3e-5f4731f3e690,1.7773406207554166e+18
69ce9a6f-ea86-4446-bc3e-5f4731f3e690,1.7773406207887596e+18
69ce9a6f-ea86-4446-bc3e-5f4731f3e690,1.7773406208221015e+18
69ce9a6f-ea86-4446-bc3e-5f4731f3e690,1.7773406208554435e+18
69ce9a6f-ea86-4446-bc3e-5f4731f3e690,1.7773406208887864e+18
69ce9a6f-ea86-4446-bc3e-5f4731f3e690,1.7773406209221286e+18
69ce9a6f-ea86-4446-bc3e-5f4731f3e690,1.7773406209554716e+18
69ce9a6f-ea86-4446-bc3e-5f4731f3e690,1.7773406209888136e+18
69ce9a6f-ea86-4446-bc3e-5f4731f3e690,1.7773406210221565e+18
69ce9a6f-ea86-4446-bc3e-5f4731f3e690,1.7773406210554985e+18
69ce9a6f-ea86-4446-bc3e-5f4731f3e690,1.7773406210888415e+18
69ce9a6f-ea86-4446-bc3e-5f4731f3e690,1.7773406211221834e+18
69ce9a6f-ea86-4446-bc3e-5f4731f3e690,1.7773406211555256e+18
69ce9a6f-ea86-4446-bc3e-5f4731f3e690,1.7773406211888686e+18
69ce9a6f-ea86-4446-bc3e-5f4731f3e690,1.7773406212222106e+18
69ce9a6f-ea86-4446-bc3e-5f4731f3e690,1.7773406212555535e+18
69ce9a6f-ea86-4446-bc3e-5f4731f3e690,1.7773406212888955e+18
69ce9a6f-ea86-4446-bc3e-5f4731f3e690,1.7773406213222385e+18
69ce9a6f-ea86-4446-bc3e-5f4731f3e690,1.7773406213555804e+18
69ce9a6f-ea86-4446-bc3e-5f4731f3e690,1.7773406213889236e+18
69ce9a6f-ea86-4446-bc3e-5f4731f3e690,1.7773406214222656e+18
69ce9a6f-ea86-4446-bc3e-5f4731f3e690,1.7773406214556076e+18
69ce9a6f-ea86-4446-bc3e-5f4731f3e690,1.7773406214889505e+18
69ce9a6f-ea86-4446-bc3e-5f4731f3e690,1.7773406215222925e+18
69ce9a6f-ea86-4446-bc3e-5f4731f3e690,1.7773406215556355e+18
69ce9a6f-ea86-4446-bc3e-5f4731f3e690,1.7773406215889777e+18
69ce9a6f-ea86-4446-bc3e-5f4731f3e690,1.7773406216223206e+18
69ce9a6f-ea86-4446-bc3e-5f4731f3e690,1.7773406216556626e+18
69ce9a6f-ea86-4446-bc3e-5f4731f3e690,1.7773406216890056e+18
69ce9a6f-ea86-4446-bc3e-5f4731f3e690,1.7773406217223475e+18
69ce9a6f-ea86-4446-bc3e-5f4731f3e690,1.7773406217556895e+18
69ce9a6f-ea86-4446-bc3e-5f4731f3e690,1.7773406217890324e+18
69ce9a6f-ea86-4446-bc3e-5f4731f3e690,1.7773406218223747e+18
69ce9a6f-ea86-4446-bc3e-5f4731f3e690,1.7773406218557176e+18
69ce9a6f-ea86-4446-bc3e-5f4731f3e690,1.7773406218890596e+18
69ce9a6f-ea86-4446-bc3e-5f4731f3e690,1.7773406219224026e+18
69ce9a6f-ea86-4446-bc3e-5f4731f3e690,1.7773406219557445e+18
69ce9a6f-ea86-4446-bc3e-5f4731f3e690,1.7773406219890875e+18
69ce9a6f-ea86-4446-bc3e-5f4731f3e690,1.7773406220224294e+18
69ce9a6f-ea86-4446-bc3e-5f4731f3e690,1.7773406220557724e+18
69ce9a6f-ea86-4446-bc3e-5f4731f3e690,1.7773406220891146e+18
69ce9a6f-ea86-4446-bc3e-5f4731f3e690,1.7773406221224566e+18
69ce9a6f-ea86-4446-bc3e-5f4731f3e690,1.7773406221557996e+18
69ce9a6f-ea86-4446-bc3e-5f4731f3e690,1.7773406221891415e+18
69ce9a6f-ea86-4446-bc3e-5f4731f3e690,1.7773406222224845e+18
69ce9a6f-ea86-4446-bc3e-5f4731f3e690,1.7773406222558264e+18
69ce9a6f-ea86-4446-bc3e-5f4731f3e690,1.7773406222891697e+18
69ce9a6f-ea86-4446-bc3e-5f4731f3e690,1.7773406223225116e+18
69ce9a6f-ea86-4446-bc3e-5f4731f3e690,1.7773406223558546e+18
69ce9a6f-ea86-4446-bc3e-5f4731f3e690,1.7773406223891965e+18
69ce9a6f-ea86-4446-bc3e-5f4731f3e690,1.7773406224225385e+18
69ce9a6f-ea86-4446-bc3e-5f4731f3e690,1.7773406224558815e+18
69ce9a6f-ea86-4446-bc3e-5f4731f3e690,1.7773406224892234e+18
69ce9a6f-ea86-4446-bc3e-5f4731f3e690,1.7773406225225667e+18
69ce9a6f-ea86-4446-bc3e-5f4731f3e690,1.7773406225559086e+18
69ce9a6f-ea86-4446-bc3e-5f4731f3e690,1.7773406225892516e+18
69ce9a6f-ea86-4446-bc3e-5f4731f3e690,1.7773406226225935e+18
69ce9a6f-ea86-4446-bc3e-5f4731f3e690,1.7773406226559365e+18
69ce9a6f-ea86-4446-bc3e-5f4731f3e690,1.7773406226892785e+18
69ce9a6f-ea86-4446-bc3e-5f4731f3e690,1.7773406227226204e+18
69ce9a6f-ea86-4446-bc3e-5f4731f3e690,1.7773406227559636e+18
69ce9a6f-ea86-4446-bc3e-5f4731f3e690,1.7773406227893056e+18
69ce9a6f-ea86-4446-bc3e-5f4731f3e690,1.7773406228226486e+18
69ce9a6f-ea86-4446-bc3e-5f4731f3e690,1.7773406228559905e+18
69ce9a6f-ea86-4446-bc3e-5f4731f3e690,1.7773406228893335e+18
69ce9a6f-ea86-4446-bc3e-5f4731f3e690,1.7773406229226755e+18
69ce9a6f-ea86-4446-bc3e-5f4731f3e690,1.7773406229560184e+18
69ce9a6f-ea86-4446-bc3e-5f4731f3e690,1.7773406229893606e+18
69ce9a6f-ea86-4446-bc3e-5f4731f3e690,1.7773406230227026e+18
69ce9a6f-ea86-4446-bc3e-5f4731f3e690,1.7773406230560456e+18
69ce9a6f-ea86-4446-bc3e-5f4731f3e690,1.7773406230893875e+18
69ce9a6f-ea86-4446-bc3e-5f4731f3e690,1.7773406231227305e+18
69ce9a6f-ea86-4446-bc3e-5f4731f3e690,1.7773406231560724e+18
69ce9a6f-ea86-4446-bc3e-5f4731f3e690,1.7773406231894154e+18
69ce9a6f-ea86-4446-bc3e-5f4731f3e690,1.7773406232227576e+18
69ce9a6f-ea86-4446-bc3e-5f4731f3e690,1.7773406232561006e+18
69ce9a6f-ea86-4446-bc3e-5f4731f3e690,1.7773406232894426e+18
69ce9a6f-ea86-4446-bc3e-5f4731f3e690,1.7773406233227845e+18
69ce9a6f-ea86-4446-bc3e-5f4731f3e690,1.7773406233561275e+18
69ce9a6f-ea86-4446-bc3e-5f4731f3e690,1.7773406233894694e+18
69ce9a6f-ea86-4446-bc3e-5f4731f3e690,1.7773406234228124e+18
69ce9a6f-ea86-4446-bc3e-5f4731f3e690,1.7773406234561546e+18
69ce9a6f-ea86-4446-bc3e-5f4731f3e690,1.7773406234894976e+18
69ce9a6f-ea86-4446-bc3e-5f4731f3e690,1.7773406235228396e+18
69ce9a6f-ea86-4446-bc3e-5f4731f3e690,1.7773406235561825e+18
69ce9a6f-ea86-4446-bc3e-5f4731f3e690,1.7773406235895245e+18
69ce9a6f-ea86-4446-bc3e-5f4731f3e690,1.7773406236228664e+18
69ce9a6f-ea86-4446-bc3e-5f4731f3e690,1.7773406236562097e+18
69ce9a6f-ea86-4446-bc3e-5f4731f3e690,1.7773406236895516e+18
69ce9a6f-ea86-4446-bc3e-5f4731f3e690,1.7773406237228946e+18
69ce9a6f-ea86-4446-bc3e-5f4731f3e690,1.7773406237562365e+18
69ce9a6f-ea86-4446-bc3e-5f4731f3e690,1.7773406237895795e+18
69ce9a6f-ea86-4446-bc3e-5f4731f3e690,1.7773406238229215e+18
69ce9a6f-ea86-4446-bc3e-5f4731f3e690,1.7773406238562644e+18
69ce9a6f-ea86-4446-bc3e-5f4731f3e690,1.7773406238896067e+18
69ce9a6f-ea86-4446-bc3e-5f4731f3e690,1.7773406239229486e+18
69ce9a6f-ea86-4446-bc3e-5f4731f3e690,1.7773406239562916e+18
69ce9a6f-ea86-4446-bc3e-5f4731f3e690,1.7773406239896335e+18
69ce9a6f-ea86-4446-bc3e-5f4731f3e690,1.7773406240229765e+18
69ce9a6f-ea86-4446-bc3e-5f4731f3e690,1.7773406240563185e+18
69ce9a6f-ea86-4446-bc3e-5f4731f3e690,1.7773406240896614e+18
69ce9a6f-ea86-4446-bc3e-5f4731f3e690,1.7773406241230036e+18
69ce9a6f-ea86-4446-bc3e-5f4731f3e690,1.7773406241563466e+18
69ce9a6f-ea86-4446-bc3e-5f4731f3e690,1.7773406241896886e+18
69ce9a6f-ea86-4446-bc3e-5f4731f3e690,1.7773406242230316e+18
69ce9a6f-ea86-4446-bc3e-5f4731f3e690,1.7773406242563735e+18
69ce9a6f-ea86-4446-bc3e-5f4731f3e690,1.7773406242897155e+18
69ce9a6f-ea86-4446-bc3e-5f4731f3e690,1.7773406243230584e+18
69ce9a6f-ea86-4446-bc3e-5f4731f3e690,1.7773406243564006e+18
69ce9a6f-ea86-4446-bc3e-5f4731f3e690,1.7773406243897436e+18
69ce9a6f-ea86-4446-bc3e-5f4731f3e690,1.7773406244230856e+18
69ce9a6f-ea86-4446-bc3e-5f4731f3e690,1.7773406244564285e+18
69ce9a6f-ea86-4446-bc3e-5f4731f3e690,1.7773406244897705e+18
69ce9a6f-ea86-4446-bc3e-5f4731f3e690,1.7773406245231135e+18
69ce9a6f-ea86-4446-bc3e-5f4731f3e690,1.7773406245564554e+18
69ce9a6f-ea86-4446-bc3e-5f4731f3e690,1.7773406245897976e+18
69ce9a6f-ea86-4446-bc3e-5f4731f3e690,1.7773406246231406e+18
69ce9a6f-ea86-4446-bc3e-5f4731f3e690,1.7773406246564826e+18
69ce9a6f-ea86-4446-bc3e-5f4731f3e690,1.7773406246898255e+18
69ce9a6f-ea86-4446-bc3e-5f4731f3e690,1.7773406247231675e+18
69ce9a6f-ea86-4446-bc3e-5f4731f3e690,1.7773406247565105e+18
69ce9a6f-ea86-4446-bc3e-5f4731f3e690,1.7773406247898524e+18
69ce9a6f-ea86-4446-bc3e-5f4731f3e690,1.7773406248231956e+18
69ce9a6f-ea86-4446-bc3e-5f4731f3e690,1.7773406248565376e+18
69ce9a6f-ea86-4446-bc3e-5f4731f3e690,1.7773406248898806e+18
69ce9a6f-ea86-4446-bc3e-5f4731f3e690,1.7773406249232225e+18
69ce9a6f-ea86-4446-bc3e-5f4731f3e690,1.7773406249565645e+18
69ce9a6f-ea86-4446-bc3e-5f4731f3e690,1.7773406249899075e+18
69ce9a6f-ea86-4446-bc3e-5f4731f3e690,1.7773406250232497e+18
69ce9a6f-ea86-4446-bc3e-5f4731f3e690,1.7773406250565926e+18
69ce9a6f-ea86-4446-bc3e-5f4731f3e690,1.7773406250899346e+18
69ce9a6f-ea86-4446-bc3e-5f4731f3e690,1.7773406251232776e+18
69ce9a6f-ea86-4446-bc3e-5f4731f3e690,1.7773406251566195e+18
69ce9a6f-ea86-4446-bc3e-5f4731f3e690,1.7773406251899625e+18
69ce9a6f-ea86-4446-bc3e-5f4731f3e690,1.7773406252233044e+18
69ce9a6f-ea86-4446-bc3e-5f4731f3e690,1.7773406252566467e+18
69ce9a6f-ea86-4446-bc3e-5f4731f3e690,1.7773406252899896e+18
69ce9a6f-ea86-4446-bc3e-5f4731f3e690,1.7773406253233316e+18
69ce9a6f-ea86-4446-bc3e-5f4731f3e690,1.7773406253566746e+18
69ce9a6f-ea86-4446-bc3e-5f4731f3e690,1.7773406253900165e+18
69ce9a6f-ea86-4446-bc3e-5f4731f3e690,1.7773406254233595e+18
69ce9a6f-ea86-4446-bc3e-5f4731f3e690,1.7773406254567014e+18
69ce9a6f-ea86-4446-bc3e-5f4731f3e690,1.7773406254900444e+18
69ce9a6f-ea86-4446-bc3e-5f4731f3e690,1.7773406255233866e+18
69ce9a6f-ea86-4446-bc3e-5f4731f3e690,1.7773406255567286e+18
69ce9a6f-ea86-4446-bc3e-5f4731f3e690,1.7773406255900716e+18
69ce9a6f-ea86-4446-bc3e-5f4731f3e690,1.7773406256234135e+18
69ce9a6f-ea86-4446-bc3e-5f4731f3e690,1.7773406256567565e+18
69ce9a6f-ea86-4446-bc3e-5f4731f3e690,1.7773406256900984e+18
69ce9a6f-ea86-4446-bc3e-5f4731f3e690,1.7773406257234417e+18
69ce9a6f-ea86-4446-bc3e-5f4731f3e690,1.7773406257567836e+18
69ce9a6f-ea86-4446-bc3e-5f4731f3e690,1.7773406257901266e+18
69ce9a6f-ea86-4446-bc3e-5f4731f3e690,1.7773406258234685e+18
69ce9a6f-ea86-4446-bc3e-5f4731f3e690,1.7773406258568105e+18
69ce9a6f-ea86-4446-bc3e-5f4731f3e690,1.7773406258901535e+18
69ce9a6f-ea86-4446-bc3e-5f4731f3e690,1.7773406259234954e+18
69ce9a6f-ea86-4446-bc3e-5f4731f3e690,1.7773406259568387e+18
69ce9a6f-ea86-4446-bc3e-5f4731f3e690,1.7773406259901806e+18
69ce9a6f-ea86-4446-bc3e-5f4731f3e690,1.7773406260235236e+18
69ce9a6f-ea86-4446-bc3e-5f4731f3e690,1.7773406260568655e+18
69ce9a6f-ea86-4446-bc3e-5f4731f3e690,1.7773406260902085e+18
69ce9a6f-ea86-4446-bc3e-5f4731f3e690,1.7773406261235505e+18
69ce9a6f-ea86-4446-bc3e-5f4731f3e690,1.7773406261568924e+18
69ce9a6f-ea86-4446-bc3e-5f4731f3e690,1.7773406261902356e+18
69ce9a6f-ea86-4446-bc3e-5f4731f3e690,1.7773406262235776e+18
69ce9a6f-ea86-4446-bc3e-5f4731f3e690,1.7773406262569206e+18
69ce9a6f-ea86-4446-bc3e-5f4731f3e690,1.7773406262902625e+18
69ce9a6f-ea86-4446-bc3e-5f4731f3e690,1.7773406263236055e+18
69ce9a6f-ea86-4446-bc3e-5f4731f3e690,1.7773406263569475e+18
69ce9a6f-ea86-4446-bc3e-5f4731f3e690,1.7773406263902904e+18
69ce9a6f-ea86-4446-bc3e-5f4731f3e690,1.7773406264236326e+18
69ce9a6f-ea86-4446-bc3e-5f4731f3e690,1.7773406264569756e+18
69ce9a6f-ea86-4446-bc3e-5f4731f3e690,1.7773406264903176e+18
69ce9a6f-ea86-4446-bc3e-5f4731f3e690,1.7773406265236595e+18
69ce9a6f-ea86-4446-bc3e-5f4731f3e690,1.7773406265570025e+18
69ce9a6f-ea86-4446-bc3e-5f4731f3e690,1.7773406265903444e+18
69ce9a6f-ea86-4446-bc3e-5f4731f3e690,1.7773406266236874e+18
69ce9a6f-ea86-4446-bc3e-5f4731f3e690,1.7773406266570296e+18
69ce9a6f-ea86-4446-bc3e-5f4731f3e690,1.7773406266903726e+18
69ce9a6f-ea86-4446-bc3e-5f4731f3e690,1.7773406267237146e+18
69ce9a6f-ea86-4446-bc3e-5f4731f3e690,1.7773406267570575e+18
69ce9a6f-ea86-4446-bc3e-5f4731f3e690,1.7773406267903995e+18
69ce9a6f-ea86-4446-bc3e-5f4731f3e690,1.7773406268237414e+18
69ce9a6f-ea86-4446-bc3e-5f4731f3e690,1.7773406268570844e+18
69ce9a6f-ea86-4446-bc3e-5f4731f3e690,1.7773406268904266e+18
69ce9a6f-ea86-4446-bc3e-5f4731f3e690,1.7773406269237696e+18
69ce9a6f-ea86-4446-bc3e-5f4731f3e690,1.7773406269571116e+18
69ce9a6f-ea86-4446-bc3e-5f4731f3e690,1.7773406269904545e+18
69ce9a6f-ea86-4446-bc3e-5f4731f3e690,1.7773406270237965e+18
69ce9a6f-ea86-4446-bc3e-5f4731f3e690,1.7773406270571395e+18
69ce9a6f-ea86-4446-bc3e-5f4731f3e690,1.7773406270904817e+18
69ce9a6f-ea86-4446-bc3e-5f4731f3e690,1.7773406271238236e+18
69ce9a6f-ea86-4446-bc3e-5f4731f3e690,1.7773406271571666e+18
69ce9a6f-ea86-4446-bc3e-5f4731f3e690,1.7773406271905085e+18
69ce9a6f-ea86-4446-bc3e-5f4731f3e690,1.7773406272238515e+18
69ce9a6f-ea86-4446-bc3e-5f4731f3e690,1.7773406272571935e+18
69ce9a6f-ea86-4446-bc3e-5f4731f3e690,1.7773406272905364e+18
69ce9a6f-ea86-4446-bc3e-5f4731f3e690,1.7773406273238787e+18
69ce9a6f-ea86-4446-bc3e-5f4731f3e690,1.7773406273572216e+18
69ce9a6f-ea86-4446-bc3e-5f4731f3e690,1.7773406273905636e+18
69ce9a6f-ea86-4446-bc3e-5f4731f3e690,1.7773406274239055e+18
69ce9a6f-ea86-4446-bc3e-5f4731f3e690,1.7773406274572485e+18
69ce9a6f-ea86-4446-bc3e-5f4731f3e690,1.7773406274905905e+18
69ce9a6f-ea86-4446-bc3e-5f4731f3e690,1.7773406275239334e+18
69ce9a6f-ea86-4446-bc3e-5f4731f3e690,1.7773406275572756e+18
69ce9a6f-ea86-4446-bc3e-5f4731f3e690,1.7773406275906186e+18
69ce9a6f-ea86-4446-bc3e-5f4731f3e690,1.7773406276239606e+18
69ce9a6f-ea86-4446-bc3e-5f4731f3e690,1.7773406276573036e+18
69ce9a6f-ea86-4446-bc3e-5f4731f3e690,1.7773406276906455e+18
69ce9a6f-ea86-4446-bc3e-5f4731f3e690,1.7773406277239875e+18
69ce9a6f-ea86-4446-bc3e-5f4731f3e690,1.7773406277573304e+18
69ce9a6f-ea86-4446-bc3e-5f4731f3e690,1.7773406277906726e+18
69ce9a6f-ea86-4446-bc3e-5f4731f3e690,1.7773406278240156e+18
69ce9a6f-ea86-4446-bc3e-5f4731f3e690,1.7773406278573576e+18
69ce9a6f-ea86-4446-bc3e-5f4731f3e690,1.7773406278907005e+18
69ce9a6f-ea86-4446-bc3e-5f4731f3e690,1.7773406279240425e+18
69ce9a6f-ea86-4446-bc3e-5f4731f3e690,1.7773406279573855e+18
69ce9a6f-ea86-4446-bc3e-5f4731f3e690,1.7773406279907274e+18
69ce9a6f-ea86-4446-bc3e-5f4731f3e690,1.7773406280240696e+18
69ce9a6f-ea86-4446-bc3e-5f4731f3e690,1.7773406280574126e+18
69ce9a6f-ea86-4446-bc3e-5f4731f3e690,1.7773406280907546e+18
69ce9a6f-ea86-4446-bc3e-5f4731f3e690,1.7773406281240975e+18
69ce9a6f-ea86-4446-bc3e-5f4731f3e690,1.7773406281574395e+18
69ce9a6f-ea86-4446-bc3e-5f4731f3e690,1.7773406281907825e+18
69ce9a6f-ea86-4446-bc3e-5f4731f3e690,1.7773406282241244e+18
69ce9a6f-ea86-4446-bc3e-5f4731f3e690,1.7773406282574676e+18
69ce9a6f-ea86-4446-bc3e-5f4731f3e690,1.7773406282908096e+18
69ce9a6f-ea86-4446-bc3e-5f4731f3e690,1.7773406283241526e+18
69ce9a6f-ea86-4446-bc3e-5f4731f3e690,1.7773406283574945e+18
69ce9a6f-ea86-4446-bc3e-5f4731f3e690,1.7773406283908365e+18
69ce9a6f-ea86-4446-bc3e-5f4731f3e690,1.7773406284241795e+18
69ce9a6f-ea86-4446-bc3e-5f4731f3e690,1.7773406284575217e+18
69ce9a6f-ea86-4446-bc3e-5f4731f3e690,1.7773406284908646e+18
69ce9a6f-ea86-4446-bc3e-5f4731f3e690,1.7773406285242066e+18
69ce9a6f-ea86-4446-bc3e-5f4731f3e690,1.7773406285575496e+18
69ce9a6f-ea86-4446-bc3e-5f4731f3e690,1.7773406285908915e+18
69ce9a6f-ea86-4446-bc3e-5f4731f3e690,1.7773406286242345e+18
69ce9a6f-ea86-4446-bc3e-5f4731f3e690,1.7773406286575764e+18
69ce9a6f-ea86-4446-bc3e-5f4731f3e690,1.7773406286909187e+18
69ce9a6f-ea86-4446-bc3e-5f4731f3e690,1.7773406287242616e+18
69ce9a6f-ea86-4446-bc3e-5f4731f3e690,1.7773406287576036e+18
69ce9a6f-ea86-4446-bc3e-5f4731f3e690,1.7773406287909466e+18
69ce9a6f-ea86-4446-bc3e-5f4731f3e690,1.7773406288242885e+18
69ce9a6f-ea86-4446-bc3e-5f4731f3e690,1.7773406288576315e+18
69ce9a6f-ea86-4446-bc3e-5f4731f3e690,1.7773406288944714e+18
69ce9a6f-ea86-4446-bc3e-5f4731f3e690,1.7773406289278147e+18
69ce9a6f-ea86-4446-bc3e-5f4731f3e690,1.7773406289611576e+18
69ce9a6f-ea86-4446-bc3e-5f4731f3e690,1.7773406289945006e+18
69ce9a6f-ea86-4446-bc3e-5f4731f3e690,1.7773406290278436e+18
69ce9a6f-ea86-4446-bc3e-5f4731f3e690,1.7773406290611866e+18
69ce9a6f-ea86-4446-bc3e-5f4731f3e690,1.7773406290945295e+18
69ce9a6f-ea86-4446-bc3e-5f4731f3e690,1.7773406291278735e+18
69ce9a6f-ea86-4446-bc3e-5f4731f3e690,1.7773406291612165e+18
69ce9a6f-ea86-4446-bc3e-5f4731f3e690,1.7773406291945595e+18
69ce9a6f-ea86-4446-bc3e-5f4731f3e690,1.7773406292279025e+18
69ce9a6f-ea86-4446-bc3e-5f4731f3e690,1.7773406292612454e+18
69ce9a6f-ea86-4446-bc3e-5f4731f3e690,1.7773406292945884e+18
69ce9a6f-ea86-4446-bc3e-5f4731f3e690,1.7773406293279316e+18
69ce9a6f-ea86-4446-bc3e-5f4731f3e690,1.7773406293612746e+18
69ce9a6f-ea86-4446-bc3e-5f4731f3e690,1.7773406293946176e+18
69ce9a6f-ea86-4446-bc3e-5f4731f3e690,1.7773406294279606e+18
69ce9a6f-ea86-4446-bc3e-5f4731f3e690,1.7773406294613036e+18
69ce9a6f-ea86-4446-bc3e-5f4731f3e690,1.7773406294946465e+18
69ce9a6f-ea86-4446-bc3e-5f4731f3e690,1.7773406295279895e+18
69ce9a6f-ea86-4446-bc3e-5f4731f3e690,1.7773406295613325e+18
69ce9a6f-ea86-4446-bc3e-5f4731f3e690,1.7773406295946755e+18
69ce9a6f-ea86-4446-bc3e-5f4731f3e690,1.7773406296280184e+18
69ce9a6f-ea86-4446-bc3e-5f4731f3e690,1.7773406296613624e+18
69ce9a6f-ea86-4446-bc3e-5f4731f3e690,1.7773406296947057e+18
69ce9a6f-ea86-4446-bc3e-5f4731f3e690,1.7773406297280486e+18
69ce9a6f-ea86-4446-bc3e-5f4731f3e690,1.7773406297613916e+18
69ce9a6f-ea86-4446-bc3e-5f4731f3e690,1.7773406297947346e+18
69ce9a6f-ea86-4446-bc3e-5f4731f3e690,1.7773406298280776e+18
69ce9a6f-ea86-4446-bc3e-5f4731f3e690,1.7773406298614205e+18
69ce9a6f-ea86-4446-bc3e-5f4731f3e690,1.7773406298947635e+18
69ce9a6f-ea86-4446-bc3e-5f4731f3e690,1.7773406299281065e+18
69ce9a6f-ea86-4446-bc3e-5f4731f3e690,1.7773406299614495e+18
69ce9a6f-ea86-4446-bc3e-5f4731f3e690,1.7773406299947924e+18
69ce9a6f-ea86-4446-bc3e-5f4731f3e690,1.7773406300281354e+18
69ce9a6f-ea86-4446-bc3e-5f4731f3e690,1.7773406300614787e+18
69ce9a6f-ea86-4446-bc3e-5f4731f3e690,1.7773406300948216e+18
69ce9a6f-ea86-4446-bc3e-5f4731f3e690,1.7773406301281646e+18
69ce9a6f-ea86-4446-bc3e-5f4731f3e690,1.7773406301615076e+18
69ce9a6f-ea86-4446-bc3e-5f4731f3e690,1.7773406301948506e+18
69ce9a6f-ea86-4446-bc3e-5f4731f3e690,1.7773406302281946e+18
69ce9a6f-ea86-4446-bc3e-5f4731f3e690,1.7773406302615375e+18
69ce9a6f-ea86-4446-bc3e-5f4731f3e690,1.7773406302948805e+18
69ce9a6f-ea86-4446-bc3e-5f4731f3e690,1.7773406303282235e+18
69ce9a6f-ea86-4446-bc3e-5f4731f3e690,1.7773406303615665e+18
69ce9a6f-ea86-4446-bc3e-5f4731f3e690,1.7773406303949094e+18
69ce9a6f-ea86-4446-bc3e-5f4731f3e690,1.7773406304282524e+18
69ce9a6f-ea86-4446-bc3e-5f4731f3e690,1.7773406304615956e+18
69ce9a6f-ea86-4446-bc3e-5f4731f3e690,1.7773406304949386e+18
69ce9a6f-ea86-4446-bc3e-5f4731f3e690,1.7773406305282816e+18
69ce9a6f-ea86-4446-bc3e-5f4731f3e690,1.7773406305616246e+18
69ce9a6f-ea86-4446-bc3e-5f4731f3e690,1.7773406305949676e+18
69ce9a6f-ea86-4446-bc3e-5f4731f3e690,1.7773406306283105e+18
69ce9a6f-ea86-4446-bc3e-5f4731f3e690,1.7773406306616535e+18
69ce9a6f-ea86-4446-bc3e-5f4731f3e690,1.7773406306949965e+18
69ce9a6f-ea86-4446-bc3e-5f4731f3e690,1.7773406307283395e+18
69ce9a6f-ea86-4446-bc3e-5f4731f3e690,1.7773406307616824e+18
69ce9a6f-ea86-4446-bc3e-5f4731f3e690,1.7773406307950264e+18
69ce9a6f-ea86-4446-bc3e-5f4731f3e690,1.7773406308283697e+18
69ce9a6f-ea86-4446-bc3e-5f4731f3e690,1.7773406308617126e+18
69ce9a6f-ea86-4446-bc3e-5f4731f3e690,1.7773406308950556e+18
69ce9a6f-ea86-4446-bc3e-5f4731f3e690,1.7773406309283986e+18
69ce9a6f-ea86-4446-bc3e-5f4731f3e690,1.7773406309617416e+18
69ce9a6f-ea86-4446-bc3e-5f4731f3e690,1.7773406309950845e+18
69ce9a6f-ea86-4446-bc3e-5f4731f3e690,1.7773406310284275e+18
69ce9a6f-ea86-4446-bc3e-5f4731f3e690,1.7773406310617705e+18
69ce9a6f-ea86-4446-bc3e-5f4731f3e690,1.7773406310951135e+18
69ce9a6f-ea86-4446-bc3e-5f4731f3e690,1.7773406311284564e+18
69ce9a6f-ea86-4446-bc3e-5f4731f3e690,1.7773406311617994e+18
69ce9a6f-ea86-4446-bc3e-5f4731f3e690,1.7773406311951427e+18
69ce9a6f-ea86-4446-bc3e-5f4731f3e690,1.7773406312284856e+18
69ce9a6f-ea86-4446-bc3e-5f4731f3e690,1.7773406312618286e+18
69ce9a6f-ea86-4446-bc3e-5f4731f3e690,1.7773406312951716e+18
69ce9a6f-ea86-4446-bc3e-5f4731f3e690,1.7773406313285146e+18
69ce9a6f-ea86-4446-bc3e-5f4731f3e690,1.7773406313618586e+18
69ce9a6f-ea86-4446-bc3e-5f4731f3e690,1.7773406313952015e+18
69ce9a6f-ea86-4446-bc3e-5f4731f3e690,1.7773406314285445e+18
69ce9a6f-ea86-4446-bc3e-5f4731f3e690,1.7773406314618875e+18
69ce9a6f-ea86-4446-bc3e-5f4731f3e690,1.7773406314952305e+18
69ce9a6f-ea86-4446-bc3e-5f4731f3e690,1.7773406315285734e+18
69ce9a6f-ea86-4446-bc3e-5f4731f3e690,1.7773406315619164e+18
69ce9a6f-ea86-4446-bc3e-5f4731f3e690,1.7773406315952596e+18
69ce9a6f-ea86-4446-bc3e-5f4731f3e690,1.7773406316286026e+18
69ce9a6f-ea86-4446-bc3e-5f4731f3e690,1.7773406316619456e+18
69ce9a6f-ea86-4446-bc3e-5f4731f3e690,1.7773406316952886e+18
69ce9a6f-ea86-4446-bc3e-5f4731f3e690,1.7773406317286316e+18
69ce9a6f-ea86-4446-bc3e-5f4731f3e690,1.7773406317619745e+18
69ce9a6f-ea86-4446-bc3e-5f4731f3e690,1.7773406317953175e+18
69ce9a6f-ea86-4446-bc3e-5f4731f3e690,1.7773406318286605e+18
69ce9a6f-ea86-4446-bc3e-5f4731f3e690,1.7773406318620035e+18
69ce9a6f-ea86-4446-bc3e-5f4731f3e690,1.7773406318953464e+18
69ce9a6f-ea86-4446-bc3e-5f4731f3e690,1.7773406319286904e+18
69ce9a6f-ea86-4446-bc3e-5f4731f3e690,1.7773406319620337e+18
69ce9a6f-ea86-4446-bc3e-5f4731f3e690,1.7773406319953766e+18
69ce9a6f-ea86-4446-bc3e-5f4731f3e690,1.7773406320287196e+18
69ce9a6f-ea86-4446-bc3e-5f4731f3e690,1.7773406320620626e+18
69ce9a6f-ea86-4446-bc3e-5f4731f3e690,1.7773406320954056e+18
69ce9a6f-ea86-4446-bc3e-5f4731f3e690,1.7773406321287485e+18
69ce9a6f-ea86-4446-bc3e-5f4731f3e690,1.7773406321620915e+18
69ce9a6f-ea86-4446-bc3e-5f4731f3e690,1.7773406321954345e+18
69ce9a6f-ea86-4446-bc3e-5f4731f3e690,1.7773406322287775e+18
69ce9a6f-ea86-4446-bc3e-5f4731f3e690,1.7773406322621204e+18
69ce9a6f-ea86-4446-bc3e-5f4731f3e690,1.7773406322954634e+18
69ce9a6f-ea86-4446-bc3e-5f4731f3e690,1.7773406323288067e+18
69ce9a6f-ea86-4446-bc3e-5f4731f3e690,1.7773406323621496e+18
69ce9a6f-ea86-4446-bc3e-5f4731f3e690,1.7773406323954926e+18
69ce9a6f-ea86-4446-bc3e-5f4731f3e690,1.7773406324288356e+18
69ce9a6f-ea86-4446-bc3e-5f4731f3e690,1.7773406324621796e+18
69ce9a6f-ea86-4446-bc3e-5f4731f3e690,1.7773406324955226e+18
69ce9a6f-ea86-4446-bc3e-5f4731f3e690,1.7773406325288655e+18
69ce9a6f-ea86-4446-bc3e-5f4731f3e690,1.7773406325622085e+18
69ce9a6f-ea86-4446-bc3e-5f4731f3e690,1.7773406325955515e+18
69ce9a6f-ea86-4446-bc3e-5f4731f3e690,1.7773406326288945e+18
69ce9a6f-ea86-4446-bc3e-5f4731f3e690,1.7773406326622374e+18
69ce9a6f-ea86-4446-bc3e-5f4731f3e690,1.7773406326955804e+18
69ce9a6f-ea86-4446-bc3e-5f4731f3e690,1.7773406327289236e+18
69ce9a6f-ea86-4446-bc3e-5f4731f3e690,1.7773406327622666e+18
69ce9a6f-ea86-4446-bc3e-5f4731f3e690,1.7773406327956096e+18
69ce9a6f-ea86-4446-bc3e-5f4731f3e690,1.7773406328289526e+18
69ce9a6f-ea86-4446-bc3e-5f4731f3e690,1.7773406328622956e+18
69ce9a6f-ea86-4446-bc3e-5f4731f3e690,1.7773406328956385e+18
69ce9a6f-ea86-4446-bc3e-5f4731f3e690,1.7773406329289815e+18
69ce9a6f-ea86-4446-bc3e-5f4731f3e690,1.7773406329623245e+18
69ce9a6f-ea86-4446-bc3e-5f4731f3e690,1.7773406329956685e+18
69ce9a6f-ea86-4446-bc3e-5f4731f3e690,1.7773406330290115e+18
69ce9a6f-ea86-4446-bc3e-5f4731f3e690,1.7773406330623544e+18
69ce9a6f-ea86-4446-bc3e-5f4731f3e690,1.7773406330956977e+18
69ce9a6f-ea86-4446-bc3e-5f4731f3e690,1.7773406331290406e+18
69ce9a6f-ea86-4446-bc3e-5f4731f3e690,1.7773406331623836e+18
69ce9a6f-ea86-4446-bc3e-5f4731f3e690,1.7773406331957266e+18
69ce9a6f-ea86-4446-bc3e-5f4731f3e690,1.7773406332290696e+18
69ce9a6f-ea86-4446-bc3e-5f4731f3e690,1.7773406332624125e+18
69ce9a6f-ea86-4446-bc3e-5f4731f3e690,1.7773406332957555e+18
69ce9a6f-ea86-4446-bc3e-5f4731f3e690,1.7773406333290985e+18
69ce9a6f-ea86-4446-bc3e-5f4731f3e690,1.7773406333624415e+18
69ce9a6f-ea86-4446-bc3e-5f4731f3e690,1.7773406333957844e+18
69ce9a6f-ea86-4446-bc3e-5f4731f3e690,1.7773406334291274e+18
69ce9a6f-ea86-4446-bc3e-5f4731f3e690,1.7773406334624707e+18
69ce9a6f-ea86-4446-bc3e-5f4731f3e690,1.7773406334958136e+18
69ce9a6f-ea86-4446-bc3e-5f4731f3e690,1.7773406335291566e+18
69ce9a6f-ea86-4446-bc3e-5f4731f3e690,1.7773406335625006e+18
69ce9a6f-ea86-4446-bc3e-5f4731f3e690,1.7773406335958436e+18
69ce9a6f-ea86-4446-bc3e-5f4731f3e690,1.7773406336291866e+18
69ce9a6f-ea86-4446-bc3e-5f4731f3e690,1.7773406336625295e+18
69ce9a6f-ea86-4446-bc3e-5f4731f3e690,1.7773406336958725e+18
69ce9a6f-ea86-4446-bc3e-5f4731f3e690,1.7773406337292155e+18
69ce9a6f-ea86-4446-bc3e-5f4731f3e690,1.7773406337625585e+18
69ce9a6f-ea86-4446-bc3e-5f4731f3e690,1.7773406337959014e+18
69ce9a6f-ea86-4446-bc3e-5f4731f3e690,1.7773406338292444e+18
69ce9a6f-ea86-4446-bc3e-5f4731f3e690,1.7773406338625876e+18
69ce9a6f-ea86-4446-bc3e-5f4731f3e690,1.7773406338959306e+18
69ce9a6f-ea86-4446-bc3e-5f4731f3e690,1.7773406339292736e+18
69ce9a6f-ea86-4446-bc3e-5f4731f3e690,1.7773406339626166e+18
69ce9a6f-ea86-4446-bc3e-5f4731f3e690,1.7773406339959596e+18
69ce9a6f-ea86-4446-bc3e-5f4731f3e690,1.7773406340293025e+18
69ce9a6f-ea86-4446-bc3e-5f4731f3e690,1.7773406340626455e+18
69ce9a6f-ea86-4446-bc3e-5f4731f3e690,1.7773406340959885e+18
69ce9a6f-ea86-4446-bc3e-5f4731f3e690,1.7773406341293325e+18
69ce9a6f-ea86-4446-bc3e-5f4731f3e690,1.7773406341626755e+18
69ce9a6f-ea86-4446-bc3e-5f4731f3e690,1.7773406341960184e+18
69ce9a6f-ea86-4446-bc3e-5f4731f3e690,1.7773406342293617e+18
69ce9a6f-ea86-4446-bc3e-5f4731f3e690,1.7773406342627046e+18
69ce9a6f-ea86-4446-bc3e-5f4731f3e690,1.7773406342960476e+18
69ce9a6f-ea86-4446-bc3e-5f4731f3e690,1.7773406343293906e+18
69ce9a6f-ea86-4446-bc3e-5f4731f3e690,1.7773406343627336e+18
69ce9a6f-ea86-4446-bc3e-5f4731f3e690,1.7773406343960765e+18
69ce9a6f-ea86-4446-bc3e-5f4731f3e690,1.7773406344294195e+18
69ce9a6f-ea86-4446-bc3e-5f4731f3e690,1.7773406344627625e+18
69ce9a6f-ea86-4446-bc3e-5f4731f3e690,1.7773406344961055e+18
69ce9a6f-ea86-4446-bc3e-5f4731f3e690,1.7773406345294484e+18
69ce9a6f-ea86-4446-bc3e-5f4731f3e690,1.7773406345627914e+18
69ce9a6f-ea86-4446-bc3e-5f4731f3e690,1.7773406345961347e+18
69ce9a6f-ea86-4446-bc3e-5f4731f3e690,1.7773406346294776e+18
69ce9a6f-ea86-4446-bc3e-5f4731f3e690,1.7773406346628206e+18
69ce9a6f-ea86-4446-bc3e-5f4731f3e690,1.7773406346961646e+18
69ce9a6f-ea86-4446-bc3e-5f4731f3e690,1.7773406347295076e+18
69ce9a6f-ea86-4446-bc3e-5f4731f3e690,1.7773406347628506e+18
69ce9a6f-ea86-4446-bc3e-5f4731f3e690,1.7773406347961935e+18
69ce9a6f-ea86-4446-bc3e-5f4731f3e690,1.7773406348295365e+18
69ce9a6f-ea86-4446-bc3e-5f4731f3e690,1.7773406348628795e+18
69ce9a6f-ea86-4446-bc3e-5f4731f3e690,1.7773406348962225e+18
69ce9a6f-ea86-4446-bc3e-5f4731f3e690,1.7773406349295654e+18
69ce9a6f-ea86-4446-bc3e-5f4731f3e690,1.7773406349629084e+18
69ce9a6f-ea86-4446-bc3e-5f4731f3e690,1.7773406349962516e+18
69ce9a6f-ea86-4446-bc3e-5f4731f3e690,1.7773406350295946e+18
69ce9a6f-ea86-4446-bc3e-5f4731f3e690,1.7773406350629376e+18
69ce9a6f-ea86-4446-bc3e-5f4731f3e690,1.7773406350962806e+18
69ce9a6f-ea86-4446-bc3e-5f4731f3e690,1.7773406351296236e+18
69ce9a6f-ea86-4446-bc3e-5f4731f3e690,1.7773406351629665e+18
69ce9a6f-ea86-4446-bc3e-5f4731f3e690,1.7773406351963095e+18
69ce9a6f-ea86-4446-bc3e-5f4731f3e690,1.7773406352296525e+18
69ce9a6f-ea86-4446-bc3e-5f4731f3e690,1.7773406352629965e+18
69ce9a6f-ea86-4446-bc3e-5f4731f3e690,1.7773406352963395e+18
69ce9a6f-ea86-4446-bc3e-5f4731f3e690,1.7773406353296824e+18
69ce9a6f-ea86-4446-bc3e-5f4731f3e690,1.7773406353630257e+18
69ce9a6f-ea86-4446-bc3e-5f4731f3e690,1.7773406353963686e+18
69ce9a6f-ea86-4446-bc3e-5f4731f3e690,1.7773406354297116e+18
69ce9a6f-ea86-4446-bc3e-5f4731f3e690,1.7773406354630546e+18
69ce9a6f-ea86-4446-bc3e-5f4731f3e690,1.7773406354963976e+18
69ce9a6f-ea86-4446-bc3e-5f4731f3e690,1.7773406355297405e+18
69ce9a6f-ea86-4446-bc3e-5f4731f3e690,1.7773406355630835e+18
69ce9a6f-ea86-4446-bc3e-5f4731f3e690,1.7773406355964265e+18
69ce9a6f-ea86-4446-bc3e-5f4731f3e690,1.7773406356297695e+18
69ce9a6f-ea86-4446-bc3e-5f4731f3e690,1.7773406356631124e+18
69ce9a6f-ea86-4446-bc3e-5f4731f3e690,1.7773406356964554e+18
69ce9a6f-ea86-4446-bc3e-5f4731f3e690,1.7773406357297987e+18
69ce9a6f-ea86-4446-bc3e-5f4731f3e690,1.7773406357631416e+18
69ce9a6f-ea86-4446-bc3e-5f4731f3e690,1.7773406357964856e+18
69ce9a6f-ea86-4446-bc3e-5f4731f3e690,1.7773406358298286e+18
69ce9a6f-ea86-4446-bc3e-5f4731f3e690,1.7773406358631716e+18
69ce9a6f-ea86-4446-bc3e-5f4731f3e690,1.7773406358965146e+18
69ce9a6f-ea86-4446-bc3e-5f4731f3e690,1.7773406359298575e+18
69ce9a6f-ea86-4446-bc3e-5f4731f3e690,1.7773406359632005e+18
69ce9a6f-ea86-4446-bc3e-5f4731f3e690,1.7773406359965435e+18
69ce9a6f-ea86-4446-bc3e-5f4731f3e690,1.7773406360298865e+18
69ce9a6f-ea86-4446-bc3e-5f4731f3e690,1.7773406360632294e+18
69ce9a6f-ea86-4446-bc3e-5f4731f3e690,1.7773406360965724e+18
69ce9a6f-ea86-4446-bc3e-5f4731f3e690,1.7773406361299156e+18
69ce9a6f-ea86-4446-bc3e-5f4731f3e690,1.7773406361632586e+18
69ce9a6f-ea86-4446-bc3e-5f4731f3e690,1.7773406361966016e+18
69ce9a6f-ea86-4446-bc3e-5f4731f3e690,1.7773406362299446e+18
69ce9a6f-ea86-4446-bc3e-5f4731f3e690,1.7773406362632876e+18
69ce9a6f-ea86-4446-bc3e-5f4731f3e690,1.7773406362966305e+18
69ce9a6f-ea86-4446-bc3e-5f4731f3e690,1.7773406363299735e+18
69ce9a6f-ea86-4446-bc3e-5f4731f3e690,1.7773406363633175e+18
69ce9a6f-ea86-4446-bc3e-5f4731f3e690,1.7773406363966605e+18
69ce9a6f-ea86-4446-bc3e-5f4731f3e690,1.7773406364300035e+18
69ce9a6f-ea86-4446-bc3e-5f4731f3e690,1.7773406364633464e+18
69ce9a6f-ea86-4446-bc3e-5f4731f3e690,1.7773406364966897e+18
69ce9a6f-ea86-4446-bc3e-5f4731f3e690,1.7773406365300326e+18
69ce9a6f-ea86-4446-bc3e-5f4731f3e690,1.7773406365633756e+18
69ce9a6f-ea86-4446-bc3e-5f4731f3e690,1.7773406365967186e+18
69ce9a6f-ea86-4446-bc3e-5f4731f3e690,1.7773406366300616e+18
69ce9a6f-ea86-4446-bc3e-5f4731f3e690,1.7773406366634045e+18
69ce9a6f-ea86-4446-bc3e-5f4731f3e690,1.7773406366967475e+18
69ce9a6f-ea86-4446-bc3e-5f4731f3e690,1.7773406367300905e+18
69ce9a6f-ea86-4446-bc3e-5f4731f3e690,1.7773406367634335e+18
69ce9a6f-ea86-4446-bc3e-5f4731f3e690,1.7773406367967764e+18
69ce9a6f-ea86-4446-bc3e-5f4731f3e690,1.7773406368301194e+18
69ce9a6f-ea86-4446-bc3e-5f4731f3e690,1.7773406368634627e+18
69ce9a6f-ea86-4446-bc3e-5f4731f3e690,1.7773406368968056e+18
69ce9a6f-ea86-4446-bc3e-5f4731f3e690,1.7773406369301496e+18
69ce9a6f-ea86-4446-bc3e-5f4731f3e690,1.7773406369634926e+18
69ce9a6f-ea86-4446-bc3e-5f4731f3e690,1.7773406369968356e+18
69ce9a6f-ea86-4446-bc3e-5f4731f3e690,1.7773406370301786e+18
69ce9a6f-ea86-4446-bc3e-5f4731f3e690,1.7773406370635215e+18
69ce9a6f-ea86-4446-bc3e-5f4731f3e690,1.7773406370968645e+18
69ce9a6f-ea86-4446-bc3e-5f4731f3e690,1.7773406371302075e+18
69ce9a6f-ea86-4446-bc3e-5f4731f3e690,1.7773406371635505e+18
69ce9a6f-ea86-4446-bc3e-5f4731f3e690,1.7773406371968934e+18
69ce9a6f-ea86-4446-bc3e-5f4731f3e690,1.7773406372302364e+18
69ce9a6f-ea86-4446-bc3e-5f4731f3e690,1.7773406372635796e+18
69ce9a6f-ea86-4446-bc3e-5f4731f3e690,1.7773406372969226e+18
69ce9a6f-ea86-4446-bc3e-5f4731f3e690,1.7773406373302656e+18
69ce9a6f-ea86-4446-bc3e-5f4731f3e690,1.7773406373636086e+18
69ce9a6f-ea86-4446-bc3e-5f4731f3e690,1.7773406373969516e+18
69ce9a6f-ea86-4446-bc3e-5f4731f3e690,1.7773406374302945e+18
69ce9a6f-ea86-4446-bc3e-5f4731f3e690,1.7773406374636375e+18
69ce9a6f-ea86-4446-bc3e-5f4731f3e690,1.7773406374969815e+18
69ce9a6f-ea86-4446-bc3e-5f4731f3e690,1.7773406375303245e+18
69ce9a6f-ea86-4446-bc3e-5f4731f3e690,1.7773406375636675e+18
69ce9a6f-ea86-4446-bc3e-5f4731f3e690,1.7773406375970104e+18
69ce9a6f-ea86-4446-bc3e-5f4731f3e690,1.7773406376303537e+18
69ce9a6f-ea86-4446-bc3e-5f4731f3e690,1.7773406376636966e+18
69ce9a6f-ea86-4446-bc3e-5f4731f3e690,1.7773406376970396e+18
69ce9a6f-ea86-4446-bc3e-5f4731f3e690,1.7773406377303826e+18
69ce9a6f-ea86-4446-bc3e-5f4731f3e690,1.7773406377637256e+18
69ce9a6f-ea86-4446-bc3e-5f4731f3e690,1.7773406377970685e+18
69ce9a6f-ea86-4446-bc3e-5f4731f3e690,1.7773406378304115e+18
69ce9a6f-ea86-4446-bc3e-5f4731f3e690,1.7773406378637545e+18
69ce9a6f-ea86-4446-bc3e-5f4731f3e690,1.7773406378970975e+18
69ce9a6f-ea86-4446-bc3e-5f4731f3e690,1.7773406379304404e+18
69ce9a6f-ea86-4446-bc3e-5f4731f3e690,1.7773406379637834e+18
69ce9a6f-ea86-4446-bc3e-5f4731f3e690,1.7773406379971267e+18
69ce9a6f-ea86-4446-bc3e-5f4731f3e690,1.7773406380304696e+18
69ce9a6f-ea86-4446-bc3e-5f4731f3e690,1.7773406380638136e+18
69ce9a6f-ea86-4446-bc3e-5f4731f3e690,1.7773406380971566e+18
69ce9a6f-ea86-4446-bc3e-5f4731f3e690,1.7773406381304996e+18
69ce9a6f-ea86-4446-bc3e-5f4731f3e690,1.7773406381638426e+18
69ce9a6f-ea86-4446-bc3e-5f4731f3e690,1.7773406381971855e+18
69ce9a6f-ea86-4446-bc3e-5f4731f3e690,1.7773406382305285e+18
69ce9a6f-ea86-4446-bc3e-5f4731f3e690,1.7773406382638715e+18
69ce9a6f-ea86-4446-bc3e-5f4731f3e690,1.7773406382972145e+18
69ce9a6f-ea86-4446-bc3e-5f4731f3e690,1.7773406383305574e+18
69ce9a6f-ea86-4446-bc3e-5f4731f3e690,1.7773406383639004e+18
69ce9a6f-ea86-4446-bc3e-5f4731f3e690,1.7773406383972436e+18
69ce9a6f-ea86-4446-bc3e-5f4731f3e690,1.7773406384305866e+18
69ce9a6f-ea86-4446-bc3e-5f4731f3e690,1.7773406384639296e+18
69ce9a6f-ea86-4446-bc3e-5f4731f3e690,1.7773406384972726e+18
69ce9a6f-ea86-4446-bc3e-5f4731f3e690,1.7773406385306156e+18
69ce9a6f-ea86-4446-bc3e-5f4731f3e690,1.7773406385639585e+18
69ce9a6f-ea86-4446-bc3e-5f4731f3e690,1.7773406385973015e+18
69ce9a6f-ea86-4446-bc3e-5f4731f3e690,1.7773406386306455e+18
69ce9a6f-ea86-4446-bc3e-5f4731f3e690,1.7773406386639885e+18
69ce9a6f-ea86-4446-bc3e-5f4731f3e690,1.7773406386973315e+18
69ce9a6f-ea86-4446-bc3e-5f4731f3e690,1.7773406387306744e+18
69ce9a6f-ea86-4446-bc3e-5f4731f3e690,1.7773406387640177e+18
69ce9a6f-ea86-4446-bc3e-5f4731f3e690,1.7773406387973606e+18
69ce9a6f-ea86-4446-bc3e-5f4731f3e690,1.7773406388307036e+18
69ce9a6f-ea86-4446-bc3e-5f4731f3e690,1.7773406388640466e+18
69ce9a6f-ea86-4446-bc3e-5f4731f3e690,1.7773406388973896e+18
69ce9a6f-ea86-4446-bc3e-5f4731f3e690,1.7773406389307325e+18
69ce9a6f-ea86-4446-bc3e-5f4731f3e690,1.7773406389640755e+18
69ce9a6f-ea86-4446-bc3e-5f4731f3e690,1.7773406389974185e+18
69ce9a6f-ea86-4446-bc3e-5f4731f3e690,1.7773406390307615e+18
69ce9a6f-ea86-4446-bc3e-5f4731f3e690,1.7773406390641044e+18
69ce9a6f-ea86-4446-bc3e-5f4731f3e690,1.7773406390974474e+18
69ce9a6f-ea86-4446-bc3e-5f4731f3e690,1.7773406391307914e+18
69ce9a6f-ea86-4446-bc3e-5f4731f3e690,1.7773406391641347e+18
69ce9a6f-ea86-4446-bc3e-5f4731f3e690,1.7773406391974776e+18
69ce9a6f-ea86-4446-bc3e-5f4731f3e690,1.7773406392308206e+18
69ce9a6f-ea86-4446-bc3e-5f4731f3e690,1.7773406392641636e+18
69ce9a6f-ea86-4446-bc3e-5f4731f3e690,1.7773406392975066e+18
69ce9a6f-ea86-4446-bc3e-5f4731f3e690,1.7773406393308495e+18
69ce9a6f-ea86-4446-bc3e-5f4731f3e690,1.7773406393641925e+18
69ce9a6f-ea86-4446-bc3e-5f4731f3e690,1.7773406393975355e+18
69ce9a6f-ea86-4446-bc3e-5f4731f3e690,1.7773406394308785e+18
69ce9a6f-ea86-4446-bc3e-5f4731f3e690,1.7773406394642214e+18
69ce9a6f-ea86-4446-bc3e-5f4731f3e690,1.7773406394975644e+18
69ce9a6f-ea86-4446-bc3e-5f4731f3e690,1.7773406395309076e+18
69ce9a6f-ea86-4446-bc3e-5f4731f3e690,1.7773406395642506e+18
69ce9a6f-ea86-4446-bc3e-5f4731f3e690,1.7773406395975936e+18
69ce9a6f-ea86-4446-bc3e-5f4731f3e690,1.7773406396309366e+18
69ce9a6f-ea86-4446-bc3e-5f4731f3e690,1.7773406396642796e+18
69ce9a6f-ea86-4446-bc3e-5f4731f3e690,1.7773406396976236e+18
69ce9a6f-ea86-4446-bc3e-5f4731f3e690,1.7773406397309665e+18
69ce9a6f-ea86-4446-bc3e-5f4731f3e690,1.7773406397643095e+18
69ce9a6f-ea86-4446-bc3e-5f4731f3e690,1.7773406397976525e+18
69ce9a6f-ea86-4446-bc3e-5f4731f3e690,1.7773406398309955e+18
69ce9a6f-ea86-4446-bc3e-5f4731f3e690,1.7773406398643384e+18
69ce9a6f-ea86-4446-bc3e-5f4731f3e690,1.7773406398976817e+18
69ce9a6f-ea86-4446-bc3e-5f4731f3e690,1.7773406399310246e+18
69ce9a6f-ea86-4446-bc3e-5f4731f3e690,1.7773406399643676e+18
69ce9a6f-ea86-4446-bc3e-5f4731f3e690,1.7773406399977106e+18
69ce9a6f-ea86-4446-bc3e-5f4731f3e690,1.7773406400310536e+18
69ce9a6f-ea86-4446-bc3e-5f4731f3e690,1.7773406400643965e+18
69ce9a6f-ea86-4446-bc3e-5f4731f3e690,1.7773406400977395e+18
69ce9a6f-ea86-4446-bc3e-5f4731f3e690,1.7773406401310825e+18
69ce9a6f-ea86-4446-bc3e-5f4731f3e690,1.7773406401644255e+18
69ce9a6f-ea86-4446-bc3e-5f4731f3e690,1.7773406401977684e+18
69ce9a6f-ea86-4446-bc3e-5f4731f3e690,1.7773406402311114e+18
69ce9a6f-ea86-4446-bc3e-5f4731f3e690,1.7773406402644554e+18
69ce9a6f-ea86-4446-bc3e-5f4731f3e690,1.7773406402977987e+18
69ce9a6f-ea86-4446-bc3e-5f4731f3e690,1.7773406403311416e+18
69ce9a6f-ea86-4446-bc3e-5f4731f3e690,1.7773406403644846e+18
69ce9a6f-ea86-4446-bc3e-5f4731f3e690,1.7773406403978276e+18
69ce9a6f-ea86-4446-bc3e-5f4731f3e690,1.7773406404311706e+18
69ce9a6f-ea86-4446-bc3e-5f4731f3e690,1.7773406404645135e+18
69ce9a6f-ea86-4446-bc3e-5f4731f3e690,1.7773406404978565e+18
69ce9a6f-ea86-4446-bc3e-5f4731f3e690,1.7773406405311995e+18
69ce9a6f-ea86-4446-bc3e-5f4731f3e690,1.7773406405645425e+18
69ce9a6f-ea86-4446-bc3e-5f4731f3e690,1.7773406405978854e+18
69ce9a6f-ea86-4446-bc3e-5f4731f3e690,1.7773406406312284e+18
69ce9a6f-ea86-4446-bc3e-5f4731f3e690,1.7773406406645716e+18
69ce9a6f-ea86-4446-bc3e-5f4731f3e690,1.7773406406979146e+18
69ce9a6f-ea86-4446-bc3e-5f4731f3e690,1.7773406407312576e+18
69ce9a6f-ea86-4446-bc3e-5f4731f3e690,1.7773406407646006e+18
69ce9a6f-ea86-4446-bc3e-5f4731f3e690,1.7773406407979436e+18
69ce9a6f-ea86-4446-bc3e-5f4731f3e690,1.7773406408312876e+18
69ce9a6f-ea86-4446-bc3e-5f4731f3e690,1.7773406408646305e+18
69ce9a6f-ea86-4446-bc3e-5f4731f3e690,1.7773406408979735e+18
69ce9a6f-ea86-4446-bc3e-5f4731f3e690,1.7773406409313165e+18
69ce9a6f-ea86-4446-bc3e-5f4731f3e690,1.7773406409646595e+18
69ce9a6f-ea86-4446-bc3e-5f4731f3e690,1.7773406409980024e+18
69ce9a6f-ea86-4446-bc3e-5f4731f3e690,1.7773406410313457e+18
69ce9a6f-ea86-4446-bc3e-5f4731f3e690,1.7773406410646886e+18
69ce9a6f-ea86-4446-bc3e-5f4731f3e690,1.7773406410980316e+18
69ce9a6f-ea86-4446-bc3e-5f4731f3e690,1.7773406411313746e+18
69ce9a6f-ea86-4446-bc3e-5f4731f3e690,1.7773406411647176e+18
69ce9a6f-ea86-4446-bc3e-5f4731f3e690,1.7773406411980605e+18
69ce9a6f-ea86-4446-bc3e-5f4731f3e690,1.7773406412314035e+18
69ce9a6f-ea86-4446-bc3e-5f4731f3e690,1.7773406412647465e+18
69ce9a6f-ea86-4446-bc3e-5f4731f3e690,1.7773406412980895e+18
69ce9a6f-ea86-4446-bc3e-5f4731f3e690,1.7773406413314324e+18
69ce9a6f-ea86-4446-bc3e-5f4731f3e690,1.7773406413647754e+18
69ce9a6f-ea86-4446-bc3e-5f4731f3e690,1.7773406413981194e+18
69ce9a6f-ea86-4446-bc3e-5f4731f3e690,1.7773406414314627e+18
69ce9a6f-ea86-4446-bc3e-5f4731f3e690,1.7773406414648056e+18
69ce9a6f-ea86-4446-bc3e-5f4731f3e690,1.7773406414981486e+18
69ce9a6f-ea86-4446-bc3e-5f4731f3e690,1.7773406415314916e+18
69ce9a6f-ea86-4446-bc3e-5f4731f3e690,1.7773406415648346e+18
69ce9a6f-ea86-4446-bc3e-5f4731f3e690,1.7773406415981775e+18
69ce9a6f-ea86-4446-bc3e-5f4731f3e690,1.7773406416315205e+18
69ce9a6f-ea86-4446-bc3e-5f4731f3e690,1.7773406416648635e+18
69ce9a6f-ea86-4446-bc3e-5f4731f3e690,1.7773406416982065e+18
69ce9a6f-ea86-4446-bc3e-5f4731f3e690,1.7773406417315494e+18
69ce9a6f-ea86-4446-bc3e-5f4731f3e690,1.7773406417648924e+18
69ce9a6f-ea86-4446-bc3e-5f4731f3e690,1.7773406417982356e+18
69ce9a6f-ea86-4446-bc3e-5f4731f3e690,1.7773406418315786e+18
69ce9a6f-ea86-4446-bc3e-5f4731f3e690,1.7773406418649216e+18
69ce9a6f-ea86-4446-bc3e-5f4731f3e690,1.7773406418982646e+18
69ce9a6f-ea86-4446-bc3e-5f4731f3e690,1.7773406419316076e+18
69ce9a6f-ea86-4446-bc3e-5f4731f3e690,1.7773406419649516e+18
69ce9a6f-ea86-4446-bc3e-5f4731f3e690,1.7773406419982945e+18
69ce9a6f-ea86-4446-bc3e-5f4731f3e690,1.7773406420316375e+18
69ce9a6f-ea86-4446-bc3e-5f4731f3e690,1.7773406420649805e+18
69ce9a6f-ea86-4446-bc3e-5f4731f3e690,1.7773406420983235e+18
69ce9a6f-ea86-4446-bc3e-5f4731f3e690,1.7773406421316664e+18
69ce9a6f-ea86-4446-bc3e-5f4731f3e690,1.7773406421650097e+18
69ce9a6f-ea86-4446-bc3e-5f4731f3e690,1.7773406421983526e+18
69ce9a6f-ea86-4446-bc3e-5f4731f3e690,1.7773406422316956e+18
69ce9a6f-ea86-4446-bc3e-5f4731f3e690,1.7773406422650386e+18
69ce9a6f-ea86-4446-bc3e-5f4731f3e690,1.7773406422983816e+18
69ce9a6f-ea86-4446-bc3e-5f4731f3e690,1.7773406423317245e+18
69ce9a6f-ea86-4446-bc3e-5f4731f3e690,1.7773406423650675e+18
69ce9a6f-ea86-4446-bc3e-5f4731f3e690,1.7773406423984105e+18
69ce9a6f-ea86-4446-bc3e-5f4731f3e690,1.7773406424317535e+18
69ce9a6f-ea86-4446-bc3e-5f4731f3e690,1.7773406424650975e+18
69ce9a6f-ea86-4446-bc3e-5f4731f3e690,1.7773406424984404e+18
69ce9a6f-ea86-4446-bc3e-5f4731f3e690,1.7773406425317834e+18
69ce9a6f-ea86-4446-bc3e-5f4731f3e690,1.7773406425651267e+18
69ce9a6f-ea86-4446-bc3e-5f4731f3e690,1.7773406425984696e+18
69ce9a6f-ea86-4446-bc3e-5f4731f3e690,1.7773406426318126e+18
69ce9a6f-ea86-4446-bc3e-5f4731f3e690,1.7773406426651556e+18
69ce9a6f-ea86-4446-bc3e-5f4731f3e690,1.7773406426984986e+18
69ce9a6f-ea86-4446-bc3e-5f4731f3e690,1.7773406427318415e+18
69ce9a6f-ea86-4446-bc3e-5f4731f3e690,1.7773406427651845e+18
69ce9a6f-ea86-4446-bc3e-5f4731f3e690,1.7773406427985275e+18
69ce9a6f-ea86-4446-bc3e-5f4731f3e690,1.7773406428318705e+18
69ce9a6f-ea86-4446-bc3e-5f4731f3e690,1.7773406428652134e+18
69ce9a6f-ea86-4446-bc3e-5f4731f3e690,1.7773406428985564e+18
69ce9a6f-ea86-4446-bc3e-5f4731f3e690,1.7773406429318996e+18
69ce9a6f-ea86-4446-bc3e-5f4731f3e690,1.7773406429652426e+18
69ce9a6f-ea86-4446-bc3e-5f4731f3e690,1.7773406429985856e+18
69ce9a6f-ea86-4446-bc3e-5f4731f3e690,1.7773406430319296e+18
69ce9a6f-ea86-4446-bc3e-5f4731f3e690,1.7773406430652726e+18
69ce9a6f-ea86-4446-bc3e-5f4731f3e690,1.7773406430986156e+18
69ce9a6f-ea86-4446-bc3e-5f4731f3e690,1.7773406431319585e+18
69ce9a6f-ea86-4446-bc3e-5f4731f3e690,1.7773406431653015e+18
69ce9a6f-ea86-4446-bc3e-5f4731f3e690,1.7773406431986445e+18
69ce9a6f-ea86-4446-bc3e-5f4731f3e690,1.7773406432319875e+18
69ce9a6f-ea86-4446-bc3e-5f4731f3e690,1.7773406432653304e+18
69ce9a6f-ea86-4446-bc3e-5f4731f3e690,1.7773406432986737e+18
69ce9a6f-ea86-4446-bc3e-5f4731f3e690,1.7773406433320166e+18
69ce9a6f-ea86-4446-bc3e-5f4731f3e690,1.7773406433653596e+18
69ce9a6f-ea86-4446-bc3e-5f4731f3e690,1.7773406433987026e+18
69ce9a6f-ea86-4446-bc3e-5f4731f3e690,1.7773406434320456e+18
69ce9a6f-ea86-4446-bc3e-5f4731f3e690,1.7773406434653885e+18
69ce9a6f-ea86-4446-bc3e-5f4731f3e690,1.7773406434987315e+18
69ce9a6f-ea86-4446-bc3e-5f4731f3e690,1.7773406435320745e+18
69ce9a6f-ea86-4446-bc3e-5f4731f3e690,1.7773406435654175e+18
69ce9a6f-ea86-4446-bc3e-5f4731f3e690,1.7773406435987615e+18
69ce9a6f-ea86-4446-bc3e-5f4731f3e690,1.7773406436321044e+18
69ce9a6f-ea86-4446-bc3e-5f4731f3e690,1.7773406436654474e+18
69ce9a6f-ea86-4446-bc3e-5f4731f3e690,1.7773406436987907e+18
69ce9a6f-ea86-4446-bc3e-5f4731f3e690,1.7773406437321336e+18
69ce9a6f-ea86-4446-bc3e-5f4731f3e690,1.7773406437654766e+18
69ce9a6f-ea86-4446-bc3e-5f4731f3e690,1.7773406437988196e+18
69ce9a6f-ea86-4446-bc3e-5f4731f3e690,1.7773406438321626e+18
69ce9a6f-ea86-4446-bc3e-5f4731f3e690,1.7773406438655055e+18
69ce9a6f-ea86-4446-bc3e-5f4731f3e690,1.7773406438988485e+18
69ce9a6f-ea86-4446-bc3e-5f4731f3e690,1.7773406439321915e+18
69ce9a6f-ea86-4446-bc3e-5f4731f3e690,1.7773406439655345e+18
69ce9a6f-ea86-4446-bc3e-5f4731f3e690,1.7773406439988774e+18
69ce9a6f-ea86-4446-bc3e-5f4731f3e690,1.7773406440322204e+18
69ce9a6f-ea86-4446-bc3e-5f4731f3e690,1.7773406440655636e+18
69ce9a6f-ea86-4446-bc3e-5f4731f3e690,1.7773406440989066e+18
69ce9a6f-ea86-4446-bc3e-5f4731f3e690,1.7773406441322496e+18
69ce9a6f-ea86-4446-bc3e-5f4731f3e690,1.7773406441655936e+18
69ce9a6f-ea86-4446-bc3e-5f4731f3e690,1.7773406441989366e+18
69ce9a6f-ea86-4446-bc3e-5f4731f3e690,1.7773406442322796e+18
69ce9a6f-ea86-4446-bc3e-5f4731f3e690,1.7773406442656225e+18
69ce9a6f-ea86-4446-bc3e-5f4731f3e690,1.7773406442989655e+18
69ce9a6f-ea86-4446-bc3e-5f4731f3e690,1.7773406443323085e+18
69ce9a6f-ea86-4446-bc3e-5f4731f3e690,1.7773406443656515e+18
69ce9a6f-ea86-4446-bc3e-5f4731f3e690,1.7773406443989944e+18
69ce9a6f-ea86-4446-bc3e-5f4731f3e690,1.7773406444323377e+18
69ce9a6f-ea86-4446-bc3e-5f4731f3e690,1.7773406444656806e+18
69ce9a6f-ea86-4446-bc3e-5f4731f3e690,1.7773406444990236e+18
69ce9a6f-ea86-4446-bc3e-5f4731f3e690,1.7773406445323666e+18
69ce9a6f-ea86-4446-bc3e-5f4731f3e690,1.7773406445657096e+18
69ce9a6f-ea86-4446-bc3e-5f4731f3e690,1.7773406445990525e+18
69ce9a6f-ea86-4446-bc3e-5f4731f3e690,1.7773406446323955e+18
69ce9a6f-ea86-4446-bc3e-5f4731f3e690,1.7773406446657385e+18
69ce9a6f-ea86-4446-bc3e-5f4731f3e690,1.7773406446990815e+18
69ce9a6f-ea86-4446-bc3e-5f4731f3e690,1.7773406447324255e+18
69ce9a6f-ea86-4446-bc3e-5f4731f3e690,1.7773406447657684e+18
69ce9a6f-ea86-4446-bc3e-5f4731f3e690,1.7773406447991114e+18
69ce9a6f-ea86-4446-bc3e-5f4731f3e690,1.7773406448324547e+18
69ce9a6f-ea86-4446-bc3e-5f4731f3e690,1.7773406448657976e+18
69ce9a6f-ea86-4446-bc3e-5f4731f3e690,1.7773406448991406e+18
69ce9a6f-ea86-4446-bc3e-5f4731f3e690,1.7773406449324836e+18
69ce9a6f-ea86-4446-bc3e-5f4731f3e690,1.7773406449658266e+18
69ce9a6f-ea86-4446-bc3e-5f4731f3e690,1.7773406449991695e+18
69ce9a6f-ea86-4446-bc3e-5f4731f3e690,1.7773406450325125e+18
69ce9a6f-ea86-4446-bc3e-5f4731f3e690,1.7773406450658555e+18
69ce9a6f-ea86-4446-bc3e-5f4731f3e690,1.7773406450991985e+18
69ce9a6f-ea86-4446-bc3e-5f4731f3e690,1.7773406451325414e+18
69ce9a6f-ea86-4446-bc3e-5f4731f3e690,1.7773406451658844e+18
69ce9a6f-ea86-4446-bc3e-5f4731f3e690,1.7773406451992276e+18
69ce9a6f-ea86-4446-bc3e-5f4731f3e690,1.7773406452325706e+18
69ce9a6f-ea86-4446-bc3e-5f4731f3e690,1.7773406452659136e+18
69ce9a6f-ea86-4446-bc3e-5f4731f3e690,1.7773406452992576e+18
69ce9a6f-ea86-4446-bc3e-5f4731f3e690,1.7773406453326006e+18
69ce9a6f-ea86-4446-bc3e-5f4731f3e690,1.7773406453659436e+18
69ce9a6f-ea86-4446-bc3e-5f4731f3e690,1.7773406453992865e+18
69ce9a6f-ea86-4446-bc3e-5f4731f3e690,1.7773406454326295e+18
69ce9a6f-ea86-4446-bc3e-5f4731f3e690,1.7773406454659725e+18
69ce9a6f-ea86-4446-bc3e-5f4731f3e690,1.7773406454993155e+18
69ce9a6f-ea86-4446-bc3e-5f4731f3e690,1.7773406455326584e+18
69ce9a6f-ea86-4446-bc3e-5f4731f3e690,1.7773406455660017e+18
69ce9a6f-ea86-4446-bc3e-5f4731f3e690,1.7773406455993446e+18
69ce9a6f-ea86-4446-bc3e-5f4731f3e690,1.7773406456326876e+18
69ce9a6f-ea86-4446-bc3e-5f4731f3e690,1.7773406456660306e+18
69ce9a6f-ea86-4446-bc3e-5f4731f3e690,1.7773406456993736e+18
69ce9a6f-ea86-4446-bc3e-5f4731f3e690,1.7773406457327165e+18
69ce9a6f-ea86-4446-bc3e-5f4731f3e690,1.7773406457660595e+18
69ce9a6f-ea86-4446-bc3e-5f4731f3e690,1.7773406457994025e+18
69ce9a6f-ea86-4446-bc3e-5f4731f3e690,1.7773406458327465e+18
69ce9a6f-ea86-4446-bc3e-5f4731f3e690,1.7773406458660895e+18
69ce9a6f-ea86-4446-bc3e-5f4731f3e690,1.7773406458994324e+18
69ce9a6f-ea86-4446-bc3e-5f4731f3e690,1.7773406459327754e+18
69ce9a6f-ea86-4446-bc3e-5f4731f3e690,1.7773406459661187e+18
69ce9a6f-ea86-4446-bc3e-5f4731f3e690,1.7773406459994616e+18
69ce9a6f-ea86-4446-bc3e-5f4731f3e690,1.7773406460328046e+18
69ce9a6f-ea86-4446-bc3e-5f4731f3e690,1.7773406460661476e+18
69ce9a6f-ea86-4446-bc3e-5f4731f3e690,1.7773406460994906e+18
69ce9a6f-ea86-4446-bc3e-5f4731f3e690,1.7773406461328335e+18
69ce9a6f-ea86-4446-bc3e-5f4731f3e690,1.7773406461661765e+18
69ce9a6f-ea86-4446-bc3e-5f4731f3e690,1.7773406461995195e+18
69ce9a6f-ea86-4446-bc3e-5f4731f3e690,1.7773406462328625e+18
69ce9a6f-ea86-4446-bc3e-5f4731f3e690,1.7773406462662054e+18
69ce9a6f-ea86-4446-bc3e-5f4731f3e690,1.7773406462995484e+18
69ce9a6f-ea86-4446-bc3e-5f4731f3e690,1.7773406463328916e+18
69ce9a6f-ea86-4446-bc3e-5f4731f3e690,1.7773406463662346e+18
69ce9a6f-ea86-4446-bc3e-5f4731f3e690,1.7773406463995786e+18
69ce9a6f-ea86-4446-bc3e-5f4731f3e690,1.7773406464329216e+18
69ce9a6f-ea86-4446-bc3e-5f4731f3e690,1.7773406464662646e+18
69ce9a6f-ea86-4446-bc3e-5f4731f3e690,1.7773406464996076e+18
69ce9a6f-ea86-4446-bc3e-5f4731f3e690,1.7773406465329505e+18
69ce9a6f-ea86-4446-bc3e-5f4731f3e690,1.7773406465662935e+18
69ce9a6f-ea86-4446-bc3e-5f4731f3e690,1.7773406465996365e+18
69ce9a6f-ea86-4446-bc3e-5f4731f3e690,1.7773406466329795e+18
69ce9a6f-ea86-4446-bc3e-5f4731f3e690,1.7773406466663224e+18
69ce9a6f-ea86-4446-bc3e-5f4731f3e690,1.7773406466996657e+18
69ce9a6f-ea86-4446-bc3e-5f4731f3e690,1.7773406467330086e+18
69ce9a6f-ea86-4446-bc3e-5f4731f3e690,1.7773406467663516e+18
69ce9a6f-ea86-4446-bc3e-5f4731f3e690,1.7773406467996946e+18
69ce9a6f-ea86-4446-bc3e-5f4731f3e690,1.7773406468330376e+18
69ce9a6f-ea86-4446-bc3e-5f4731f3e690,1.7773406468663805e+18
69ce9a6f-ea86-4446-bc3e-5f4731f3e690,1.7773406468997235e+18
69ce9a6f-ea86-4446-bc3e-5f4731f3e690,1.7773406469330665e+18
69ce9a6f-ea86-4446-bc3e-5f4731f3e690,1.7773406469664105e+18
69ce9a6f-ea86-4446-bc3e-5f4731f3e690,1.7773406469997535e+18
69ce9a6f-ea86-4446-bc3e-5f4731f3e690,1.7773406470330964e+18
69ce9a6f-ea86-4446-bc3e-5f4731f3e690,1.7773406470664394e+18
69ce9a6f-ea86-4446-bc3e-5f4731f3e690,1.7773406470997827e+18
69ce9a6f-ea86-4446-bc3e-5f4731f3e690,1.7773406471331256e+18
69ce9a6f-ea86-4446-bc3e-5f4731f3e690,1.7773406471664686e+18
69ce9a6f-ea86-4446-bc3e-5f4731f3e690,1.7773406471998116e+18
69ce9a6f-ea86-4446-bc3e-5f4731f3e690,1.7773406472331546e+18
69ce9a6f-ea86-4446-bc3e-5f4731f3e690,1.7773406472664975e+18
69ce9a6f-ea86-4446-bc3e-5f4731f3e690,1.7773406472998405e+18
69ce9a6f-ea86-4446-bc3e-5f4731f3e690,1.7773406473331835e+18
69ce9a6f-ea86-4446-bc3e-5f4731f3e690,1.7773406473665265e+18
69ce9a6f-ea86-4446-bc3e-5f4731f3e690,1.7773406473998694e+18
69ce9a6f-ea86-4446-bc3e-5f4731f3e690,1.7773406474332124e+18
69ce9a6f-ea86-4446-bc3e-5f4731f3e690,1.7773406474665556e+18
69ce9a6f-ea86-4446-bc3e-5f4731f3e690,1.7773406474998986e+18
69ce9a6f-ea86-4446-bc3e-5f4731f3e690,1.7773406475332426e+18
69ce9a6f-ea86-4446-bc3e-5f4731f3e690,1.7773406475665856e+18
69ce9a6f-ea86-4446-bc3e-5f4731f3e690,1.7773406475999286e+18
69ce9a6f-ea86-4446-bc3e-5f4731f3e690,1.7773406476332716e+18
69ce9a6f-ea86-4446-bc3e-5f4731f3e690,1.7773406476666145e+18
69ce9a6f-ea86-4446-bc3e-5f4731f3e690,1.7773406476999575e+18
69ce9a6f-ea86-4446-bc3e-5f4731f3e690,1.7773406477333005e+18
69ce9a6f-ea86-4446-bc3e-5f4731f3e690,1.7773406477666435e+18
69ce9a6f-ea86-4446-bc3e-5f4731f3e690,1.7773406477999864e+18
69ce9a6f-ea86-4446-bc3e-5f4731f3e690,1.7773406478333297e+18
69ce9a6f-ea86-4446-bc3e-5f4731f3e690,1.7773406478666726e+18
69ce9a6f-ea86-4446-bc3e-5f4731f3e690,1.7773406479000156e+18
69ce9a6f-ea86-4446-bc3e-5f4731f3e690,1.7773406479333586e+18
69ce9a6f-ea86-4446-bc3e-5f4731f3e690,1.7773406479667016e+18
69ce9a6f-ea86-4446-bc3e-5f4731f3e690,1.7773406480000445e+18
69ce9a6f-ea86-4446-bc3e-5f4731f3e690,1.7773406480333875e+18
69ce9a6f-ea86-4446-bc3e-5f4731f3e690,1.7773406480667315e+18
69ce9a6f-ea86-4446-bc3e-5f4731f3e690,1.7773406481000745e+18
69ce9a6f-ea86-4446-bc3e-5f4731f3e690,1.7773406481334175e+18
69ce9a6f-ea86-4446-bc3e-5f4731f3e690,1.7773406481667604e+18
69ce9a6f-ea86-4446-bc3e-5f4731f3e690,1.7773406482001034e+18
69ce9a6f-ea86-4446-bc3e-5f4731f3e690,1.7773406482334467e+18
69ce9a6f-ea86-4446-bc3e-5f4731f3e690,1.7773406482667896e+18
69ce9a6f-ea86-4446-bc3e-5f4731f3e690,1.7773406483001326e+18
69ce9a6f-ea86-4446-bc3e-5f4731f3e690,1.7773406483334756e+18
69ce9a6f-ea86-4446-bc3e-5f4731f3e690,1.7773406483668186e+18
69ce9a6f-ea86-4446-bc3e-5f4731f3e690,1.7773406484001615e+18
69ce9a6f-ea86-4446-bc3e-5f4731f3e690,1.7773406484335045e+18
69ce9a6f-ea86-4446-bc3e-5f4731f3e690,1.7773406484668475e+18
69ce9a6f-ea86-4446-bc3e-5f4731f3e690,1.7773406485001905e+18
69ce9a6f-ea86-4446-bc3e-5f4731f3e690,1.7773406485335334e+18
69ce9a6f-ea86-4446-bc3e-5f4731f3e690,1.7773406485668764e+18
69ce9a6f-ea86-4446-bc3e-5f4731f3e690,1.7773406486002196e+18
69ce9a6f-ea86-4446-bc3e-5f4731f3e690,1.7773406486335636e+18
69ce9a6f-ea86-4446-bc3e-5f4731f3e690,1.7773406486669066e+18
69ce9a6f-ea86-4446-bc3e-5f4731f3e690,1.7773406487002496e+18
69ce9a6f-ea86-4446-bc3e-5f4731f3e690,1.7773406487335926e+18
69ce9a6f-ea86-4446-bc3e-5f4731f3e690,1.7773406487669356e+18
69ce9a6f-ea86-4446-bc3e-5f4731f3e690,1.7773406488002785e+18
69ce9a6f-ea86-4446-bc3e-5f4731f3e690,1.7773406488336215e+18
69ce9a6f-ea86-4446-bc3e-5f4731f3e690,1.7773406488669645e+18
69ce9a6f-ea86-4446-bc3e-5f4731f3e690,1.7773406489003075e+18
69ce9a6f-ea86-4446-bc3e-5f4731f3e690,1.7773406489336504e+18
69ce9a6f-ea86-4446-bc3e-5f4731f3e690,1.7773406489669937e+18
69ce9a6f-ea86-4446-bc3e-5f4731f3e690,1.7773406490003366e+18
69ce9a6f-ea86-4446-bc3e-5f4731f3e690,1.7773406490336796e+18
69ce9a6f-ea86-4446-bc3e-5f4731f3e690,1.7773406490670226e+18
69ce9a6f-ea86-4446-bc3e-5f4731f3e690,1.7773406491003656e+18
69ce9a6f-ea86-4446-bc3e-5f4731f3e690,1.7773406491337085e+18
69ce9a6f-ea86-4446-bc3e-5f4731f3e690,1.7773406491670525e+18
69ce9a6f-ea86-4446-bc3e-5f4731f3e690,1.7773406492003955e+18
69ce9a6f-ea86-4446-bc3e-5f4731f3e690,1.7773406492337385e+18
69ce9a6f-ea86-4446-bc3e-5f4731f3e690,1.7773406492670815e+18
69ce9a6f-ea86-4446-bc3e-5f4731f3e690,1.7773406493004244e+18
69ce9a6f-ea86-4446-bc3e-5f4731f3e690,1.7773406493337674e+18
69ce9a6f-ea86-4446-bc3e-5f4731f3e690,1.7773406493671107e+18
69ce9a6f-ea86-4446-bc3e-5f4731f3e690,1.7773406494004536e+18
69ce9a6f-ea86-4446-bc3e-5f4731f3e690,1.7773406494337966e+18
69ce9a6f-ea86-4446-bc3e-5f4731f3e690,1.7773406494671396e+18
69ce9a6f-ea86-4446-bc3e-5f4731f3e690,1.7773406495004826e+18
69ce9a6f-ea86-4446-bc3e-5f4731f3e690,1.7773406495338255e+18
69ce9a6f-ea86-4446-bc3e-5f4731f3e690,1.7773406495671685e+18
69ce9a6f-ea86-4446-bc3e-5f4731f3e690,1.7773406496005115e+18
69ce9a6f-ea86-4446-bc3e-5f4731f3e690,1.7773406496338545e+18
69ce9a6f-ea86-4446-bc3e-5f4731f3e690,1.7773406496671974e+18
69ce9a6f-ea86-4446-bc3e-5f4731f3e690,1.7773406497005404e+18
69ce9a6f-ea86-4446-bc3e-5f4731f3e690,1.7773406497338844e+18
69ce9a6f-ea86-4446-bc3e-5f4731f3e690,1.7773406497672276e+18
69ce9a6f-ea86-4446-bc3e-5f4731f3e690,1.7773406498005706e+18
69ce9a6f-ea86-4446-bc3e-5f4731f3e690,1.7773406498339136e+18
69ce9a6f-ea86-4446-bc3e-5f4731f3e690,1.7773406498672566e+18
69ce9a6f-ea86-4446-bc3e-5f4731f3e690,1.7773406499005996e+18
69ce9a6f-ea86-4446-bc3e-5f4731f3e690,1.7773406499339425e+18
69ce9a6f-ea86-4446-bc3e-5f4731f3e690,1.7773406499672855e+18
69ce9a6f-ea86-4446-bc3e-5f4731f3e690,1.7773406500006285e+18
69ce9a6f-ea86-4446-bc3e-5f4731f3e690,1.7773406500339715e+18
69ce9a6f-ea86-4446-bc3e-5f4731f3e690,1.7773406500673144e+18
69ce9a6f-ea86-4446-bc3e-5f4731f3e690,1.7773406501006577e+18
69ce9a6f-ea86-4446-bc3e-5f4731f3e690,1.7773406501340006e+18
69ce9a6f-ea86-4446-bc3e-5f4731f3e690,1.7773406501673436e+18
69ce9a6f-ea86-4446-bc3e-5f4731f3e690,1.7773406502006866e+18
69ce9a6f-ea86-4446-bc3e-5f4731f3e690,1.7773406502340296e+18
69ce9a6f-ea86-4446-bc3e-5f4731f3e690,1.7773406502673725e+18
69ce9a6f-ea86-4446-bc3e-5f4731f3e690,1.7773406503007165e+18
69ce9a6f-ea86-4446-bc3e-5f4731f3e690,1.7773406503340595e+18
69ce9a6f-ea86-4446-bc3e-5f4731f3e690,1.7773406503674025e+18
69ce9a6f-ea86-4446-bc3e-5f4731f3e690,1.7773406504007455e+18
69ce9a6f-ea86-4446-bc3e-5f4731f3e690,1.7773406504340884e+18
69ce9a6f-ea86-4446-bc3e-5f4731f3e690,1.7773406504674314e+18
69ce9a6f-ea86-4446-bc3e-5f4731f3e690,1.7773406505007747e+18
69ce9a6f-ea86-4446-bc3e-5f4731f3e690,1.7773406505341176e+18
69ce9a6f-ea86-4446-bc3e-5f4731f3e690,1.7773406505674606e+18
69ce9a6f-ea86-4446-bc3e-5f4731f3e690,1.7773406506008036e+18
69ce9a6f-ea86-4446-bc3e-5f4731f3e690,1.7773406506341466e+18
69ce9a6f-ea86-4446-bc3e-5f4731f3e690,1.7773406506674895e+18
69ce9a6f-ea86-4446-bc3e-5f4731f3e690,1.7773406507008325e+18
69ce9a6f-ea86-4446-bc3e-5f4731f3e690,1.7773406507341755e+18
69ce9a6f-ea86-4446-bc3e-5f4731f3e690,1.7773406507675185e+18
69ce9a6f-ea86-4446-bc3e-5f4731f3e690,1.7773406508008614e+18
69ce9a6f-ea86-4446-bc3e-5f4731f3e690,1.7773406508342044e+18
69ce9a6f-ea86-4446-bc3e-5f4731f3e690,1.7773406508675484e+18
69ce9a6f-ea86-4446-bc3e-5f4731f3e690,1.7773406509008916e+18
69ce9a6f-ea86-4446-bc3e-5f4731f3e690,1.7773406509342346e+18
69ce9a6f-ea86-4446-bc3e-5f4731f3e690,1.7773406509675776e+18
69ce9a6f-ea86-4446-bc3e-5f4731f3e690,1.7773406510009206e+18
69ce9a6f-ea86-4446-bc3e-5f4731f3e690,1.7773406510342636e+18
69ce9a6f-ea86-4446-bc3e-5f4731f3e690,1.7773406510676065e+18
69ce9a6f-ea86-4446-bc3e-5f4731f3e690,1.7773406511009495e+18
69ce9a6f-ea86-4446-bc3e-5f4731f3e690,1.7773406511342925e+18
69ce9a6f-ea86-4446-bc3e-5f4731f3e690,1.7773406511676355e+18
69ce9a6f-ea86-4446-bc3e-5f4731f3e690,1.7773406512009784e+18
69ce9a6f-ea86-4446-bc3e-5f4731f3e690,1.7773406512343217e+18
69ce9a6f-ea86-4446-bc3e-5f4731f3e690,1.7773406512676646e+18
69ce9a6f-ea86-4446-bc3e-5f4731f3e690,1.7773406513010076e+18
69ce9a6f-ea86-4446-bc3e-5f4731f3e690,1.7773406513343506e+18
69ce9a6f-ea86-4446-bc3e-5f4731f3e690,1.7773406513676936e+18
69ce9a6f-ea86-4446-bc3e-5f4731f3e690,1.7773406514010376e+18
69ce9a6f-ea86-4446-bc3e-5f4731f3e690,1.7773406514343805e+18
69ce9a6f-ea86-4446-bc3e-5f4731f3e690,1.7773406514677235e+18
69ce9a6f-ea86-4446-bc3e-5f4731f3e690,1.7773406515010665e+18
69ce9a6f-ea86-4446-bc3e-5f4731f3e690,1.7773406515344095e+18
69ce9a6f-ea86-4446-bc3e-5f4731f3e690,1.7773406515677524e+18
69ce9a6f-ea86-4446-bc3e-5f4731f3e690,1.7773406516010954e+18
69ce9a6f-ea86-4446-bc3e-5f4731f3e690,1.7773406516344387e+18
69ce9a6f-ea86-4446-bc3e-5f4731f3e690,1.7773406516677816e+18
69ce9a6f-ea86-4446-bc3e-5f4731f3e690,1.7773406517011246e+18
69ce9a6f-ea86-4446-bc3e-5f4731f3e690,1.7773406517344676e+18
69ce9a6f-ea86-4446-bc3e-5f4731f3e690,1.7773406517678106e+18
69ce9a6f-ea86-4446-bc3e-5f4731f3e690,1.7773406518011535e+18
69ce9a6f-ea86-4446-bc3e-5f4731f3e690,1.7773406518344965e+18
69ce9a6f-ea86-4446-bc3e-5f4731f3e690,1.7773406518678395e+18
69ce9a6f-ea86-4446-bc3e-5f4731f3e690,1.7773406519011825e+18
69ce9a6f-ea86-4446-bc3e-5f4731f3e690,1.7773406519345254e+18
69ce9a6f-ea86-4446-bc3e-5f4731f3e690,1.7773406519678694e+18
69ce9a6f-ea86-4446-bc3e-5f4731f3e690,1.7773406520012124e+18
69ce9a6f-ea86-4446-bc3e-5f4731f3e690,1.7773406520345556e+18
69ce9a6f-ea86-4446-bc3e-5f4731f3e690,1.7773406520678986e+18
69ce9a6f-ea86-4446-bc3e-5f4731f3e690,1.7773406521012416e+18
69ce9a6f-ea86-4446-bc3e-5f4731f3e690,1.7773406521345846e+18
69ce9a6f-ea86-4446-bc3e-5f4731f3e690,1.7773406521679276e+18
69ce9a6f-ea86-4446-bc3e-5f4731f3e690,1.7773406522012705e+18
69ce9a6f-ea86-4446-bc3e-5f4731f3e690,1.7773406522346135e+18
69ce9a6f-ea86-4446-bc3e-5f4731f3e690,1.7773406522679565e+18
69ce9a6f-ea86-4446-bc3e-5f4731f3e690,1.7773406523012995e+18
69ce9a6f-ea86-4446-bc3e-5f4731f3e690,1.7773406523346424e+18
69ce9a6f-ea86-4446-bc3e-5f4731f3e690,1.7773406523679857e+18
69ce9a6f-ea86-4446-bc3e-5f4731f3e690,1.7773406524013286e+18
69ce9a6f-ea86-4446-bc3e-5f4731f3e690,1.7773406524346716e+18
69ce9a6f-ea86-4446-bc3e-5f4731f3e690,1.7773406524680146e+18
69ce9a6f-ea86-4446-bc3e-5f4731f3e690,1.7773406525013586e+18
69ce9a6f-ea86-4446-bc3e-5f4731f3e690,1.7773406525347016e+18
69ce9a6f-ea86-4446-bc3e-5f4731f3e690,1.7773406525680445e+18
69ce9a6f-ea86-4446-bc3e-5f4731f3e690,1.7773406526013875e+18
69ce9a6f-ea86-4446-bc3e-5f4731f3e690,1.7773406526347305e+18
69ce9a6f-ea86-4446-bc3e-5f4731f3e690,1.7773406526680735e+18
69ce9a6f-ea86-4446-bc3e-5f4731f3e690,1.7773406527014164e+18
69ce9a6f-ea86-4446-bc3e-5f4731f3e690,1.7773406527347594e+18
69ce9a6f-ea86-4446-bc3e-5f4731f3e690,1.7773406527681027e+18
69ce9a6f-ea86-4446-bc3e-5f4731f3e690,1.7773406528014456e+18
69ce9a6f-ea86-4446-bc3e-5f4731f3e690,1.7773406528347886e+18
69ce9a6f-ea86-4446-bc3e-5f4731f3e690,1.7773406528681316e+18
69ce9a6f-ea86-4446-bc3e-5f4731f3e690,1.7773406529014746e+18
69ce9a6f-ea86-4446-bc3e-5f4731f3e690,1.7773406529348175e+18
69ce9a6f-ea86-4446-bc3e-5f4731f3e690,1.7773406529681605e+18
69ce9a6f-ea86-4446-bc3e-5f4731f3e690,1.7773406530015035e+18
69ce9a6f-ea86-4446-bc3e-5f4731f3e690,1.7773406530348465e+18
69ce9a6f-ea86-4446-bc3e-5f4731f3e690,1.7773406530681905e+18
69ce9a6f-ea86-4446-bc3e-5f4731f3e690,1.7773406531015334e+18
69ce9a6f-ea86-4446-bc3e-5f4731f3e690,1.7773406531348764e+18
69ce9a6f-ea86-4446-bc3e-5f4731f3e690,1.7773406531682196e+18
69ce9a6f-ea86-4446-bc3e-5f4731f3e690,1.7773406532015626e+18
69ce9a6f-ea86-4446-bc3e-5f4731f3e690,1.7773406532349056e+18
69ce9a6f-ea86-4446-bc3e-5f4731f3e690,1.7773406532682486e+18
69ce9a6f-ea86-4446-bc3e-5f4731f3e690,1.7773406533015916e+18
69ce9a6f-ea86-4446-bc3e-5f4731f3e690,1.7773406533349345e+18
69ce9a6f-ea86-4446-bc3e-5f4731f3e690,1.7773406533682775e+18
69ce9a6f-ea86-4446-bc3e-5f4731f3e690,1.7773406534016205e+18
69ce9a6f-ea86-4446-bc3e-5f4731f3e690,1.7773406534349635e+18
69ce9a6f-ea86-4446-bc3e-5f4731f3e690,1.7773406534683064e+18
69ce9a6f-ea86-4446-bc3e-5f4731f3e690,1.7773406535016497e+18
69ce9a6f-ea86-4446-bc3e-5f4731f3e690,1.7773406535349926e+18
69ce9a6f-ea86-4446-bc3e-5f4731f3e690,1.7773406535683356e+18
69ce9a6f-ea86-4446-bc3e-5f4731f3e690,1.7773406536016786e+18
69ce9a6f-ea86-4446-bc3e-5f4731f3e690,1.7773406536350226e+18
69ce9a6f-ea86-4446-bc3e-5f4731f3e690,1.7773406536683656e+18
69ce9a6f-ea86-4446-bc3e-5f4731f3e690,1.7773406537017085e+18
69ce9a6f-ea86-4446-bc3e-5f4731f3e690,1.7773406537350515e+18
69ce9a6f-ea86-4446-bc3e-5f4731f3e690,1.7773406537683945e+18
69ce9a6f-ea86-4446-bc3e-5f4731f3e690,1.7773406538017375e+18
69ce9a6f-ea86-4446-bc3e-5f4731f3e690,1.7773406538350804e+18
69ce9a6f-ea86-4446-bc3e-5f4731f3e690,1.7773406538684234e+18
69ce9a6f-ea86-4446-bc3e-5f4731f3e690,1.7773406539017667e+18
69ce9a6f-ea86-4446-bc3e-5f4731f3e690,1.7773406539351096e+18
69ce9a6f-ea86-4446-bc3e-5f4731f3e690,1.7773406539684526e+18
69ce9a6f-ea86-4446-bc3e-5f4731f3e690,1.7773406540017956e+18
69ce9a6f-ea86-4446-bc3e-5f4731f3e690,1.7773406540351386e+18
69ce9a6f-ea86-4446-bc3e-5f4731f3e690,1.7773406540684815e+18
69ce9a6f-ea86-4446-bc3e-5f4731f3e690,1.7773406541018245e+18
69ce9a6f-ea86-4446-bc3e-5f4731f3e690,1.7773406541351675e+18
69ce9a6f-ea86-4446-bc3e-5f4731f3e690,1.7773406541685105e+18
69ce9a6f-ea86-4446-bc3e-5f4731f3e690,1.7773406542018545e+18
69ce9a6f-ea86-4446-bc3e-5f4731f3e690,1.7773406542351974e+18
69ce9a6f-ea86-4446-bc3e-5f4731f3e690,1.7773406542685404e+18
69ce9a6f-ea86-4446-bc3e-5f4731f3e690,1.7773406543018836e+18
69ce9a6f-ea86-4446-bc3e-5f4731f3e690,1.7773406543352266e+18
69ce9a6f-ea86-4446-bc3e-5f4731f3e690,1.7773406543685696e+18
69ce9a6f-ea86-4446-bc3e-5f4731f3e690,1.7773406544019126e+18
69ce9a6f-ea86-4446-bc3e-5f4731f3e690,1.7773406544352556e+18
69ce9a6f-ea86-4446-bc3e-5f4731f3e690,1.7773406544685985e+18
69ce9a6f-ea86-4446-bc3e-5f4731f3e690,1.7773406545019415e+18
69ce9a6f-ea86-4446-bc3e-5f4731f3e690,1.7773406545352845e+18
69ce9a6f-ea86-4446-bc3e-5f4731f3e690,1.7773406545686275e+18
69ce9a6f-ea86-4446-bc3e-5f4731f3e690,1.7773406546019704e+18
69ce9a6f-ea86-4446-bc3e-5f4731f3e690,1.7773406546353137e+18
69ce9a6f-ea86-4446-bc3e-5f4731f3e690,1.7773406546686566e+18
69ce9a6f-ea86-4446-bc3e-5f4731f3e690,1.7773406547019996e+18
69ce9a6f-ea86-4446-bc3e-5f4731f3e690,1.7773406547353436e+18
69ce9a6f-ea86-4446-bc3e-5f4731f3e690,1.7773406547686866e+18
69ce9a6f-ea86-4446-bc3e-5f4731f3e690,1.7773406548020296e+18
69ce9a6f-ea86-4446-bc3e-5f4731f3e690,1.7773406548353725e+18
69ce9a6f-ea86-4446-bc3e-5f4731f3e690,1.7773406548687155e+18
69ce9a6f-ea86-4446-bc3e-5f4731f3e690,1.7773406549020585e+18
69ce9a6f-ea86-4446-bc3e-5f4731f3e690,1.7773406549354015e+18
69ce9a6f-ea86-4446-bc3e-5f4731f3e690,1.7773406549687444e+18
69ce9a6f-ea86-4446-bc3e-5f4731f3e690,1.7773406550020874e+18
69ce9a6f-ea86-4446-bc3e-5f4731f3e690,1.7773406550354307e+18
69ce9a6f-ea86-4446-bc3e-5f4731f3e690,1.7773406550687736e+18
69ce9a6f-ea86-4446-bc3e-5f4731f3e690,1.7773406551021166e+18
69ce9a6f-ea86-4446-bc3e-5f4731f3e690,1.7773406551354596e+18
69ce9a6f-ea86-4446-bc3e-5f4731f3e690,1.7773406551688026e+18
69ce9a6f-ea86-4446-bc3e-5f4731f3e690,1.7773406552021455e+18
69ce9a6f-ea86-4446-bc3e-5f4731f3e690,1.7773406552354885e+18
69ce9a6f-ea86-4446-bc3e-5f4731f3e690,1.7773406552688315e+18
69ce9a6f-ea86-4446-bc3e-5f4731f3e690,1.7773406553021755e+18
69ce9a6f-ea86-4446-bc3e-5f4731f3e690,1.7773406553355185e+18
69ce9a6f-ea86-4446-bc3e-5f4731f3e690,1.7773406553688614e+18
69ce9a6f-ea86-4446-bc3e-5f4731f3e690,1.7773406554022044e+18
69ce9a6f-ea86-4446-bc3e-5f4731f3e690,1.7773406554355476e+18
69ce9a6f-ea86-4446-bc3e-5f4731f3e690,1.7773406554688906e+18
69ce9a6f-ea86-4446-bc3e-5f4731f3e690,1.7773406555022336e+18
69ce9a6f-ea86-4446-bc3e-5f4731f3e690,1.7773406555355766e+18
69ce9a6f-ea86-4446-bc3e-5f4731f3e690,1.7773406555689196e+18
69ce9a6f-ea86-4446-bc3e-5f4731f3e690,1.7773406556022625e+18
69ce9a6f-ea86-4446-bc3e-5f4731f3e690,1.7773406556356055e+18
69ce9a6f-ea86-4446-bc3e-5f4731f3e690,1.7773406556689485e+18
69ce9a6f-ea86-4446-bc3e-5f4731f3e690,1.7773406557022915e+18
69ce9a6f-ea86-4446-bc3e-5f4731f3e690,1.7773406557356344e+18
69ce9a6f-ea86-4446-bc3e-5f4731f3e690,1.7773406557689777e+18
69ce9a6f-ea86-4446-bc3e-5f4731f3e690,1.7773406558023206e+18
69ce9a6f-ea86-4446-bc3e-5f4731f3e690,1.7773406558356636e+18
69ce9a6f-ea86-4446-bc3e-5f4731f3e690,1.7773406558690076e+18
69ce9a6f-ea86-4446-bc3e-5f4731f3e690,1.7773406559023506e+18
69ce9a6f-ea86-4446-bc3e-5f4731f3e690,1.7773406559356936e+18
69ce9a6f-ea86-4446-bc3e-5f4731f3e690,1.7773406559690365e+18
69ce9a6f-ea86-4446-bc3e-5f4731f3e690,1.7773406560023795e+18
69ce9a6f-ea86-4446-bc3e-5f4731f3e690,1.7773406560357225e+18
69ce9a6f-ea86-4446-bc3e-5f4731f3e690,1.7773406560690655e+18
69ce9a6f-ea86-4446-bc3e-5f4731f3e690,1.7773406561024084e+18
69ce9a6f-ea86-4446-bc3e-5f4731f3e690,1.7773406561357514e+18
69ce9a6f-ea86-4446-bc3e-5f4731f3e690,1.7773406561690947e+18
69ce9a6f-ea86-4446-bc3e-5f4731f3e690,1.7773406562024376e+18
69ce9a6f-ea86-4446-bc3e-5f4731f3e690,1.7773406562357806e+18
69ce9a6f-ea86-4446-bc3e-5f4731f3e690,1.7773406562691236e+18
69ce9a6f-ea86-4446-bc3e-5f4731f3e690,1.7773406563024666e+18
69ce9a6f-ea86-4446-bc3e-5f4731f3e690,1.7773406563358095e+18
69ce9a6f-ea86-4446-bc3e-5f4731f3e690,1.7773406563691525e+18
69ce9a6f-ea86-4446-bc3e-5f4731f3e690,1.7773406564024955e+18
69ce9a6f-ea86-4446-bc3e-5f4731f3e690,1.7773406564358395e+18
69ce9a6f-ea86-4446-bc3e-5f4731f3e690,1.7773406564691825e+18
69ce9a6f-ea86-4446-bc3e-5f4731f3e690,1.7773406565025254e+18
69ce9a6f-ea86-4446-bc3e-5f4731f3e690,1.7773406565358684e+18
69ce9a6f-ea86-4446-bc3e-5f4731f3e690,1.7773406565692116e+18
69ce9a6f-ea86-4446-bc3e-5f4731f3e690,1.7773406566025546e+18
69ce9a6f-ea86-4446-bc3e-5f4731f3e690,1.7773406566358976e+18
69ce9a6f-ea86-4446-bc3e-5f4731f3e690,1.7773406566692406e+18
69ce9a6f-ea86-4446-bc3e-5f4731f3e690,1.7773406567025836e+18
69ce9a6f-ea86-4446-bc3e-5f4731f3e690,1.7773406567359265e+18
69ce9a6f-ea86-4446-bc3e-5f4731f3e690,1.7773406567692695e+18
69ce9a6f-ea86-4446-bc3e-5f4731f3e690,1.7773406568026125e+18
69ce9a6f-ea86-4446-bc3e-5f4731f3e690,1.7773406568359555e+18
69ce9a6f-ea86-4446-bc3e-5f4731f3e690,1.7773406568692984e+18
69ce9a6f-ea86-4446-bc3e-5f4731f3e690,1.7773406569026417e+18
69ce9a6f-ea86-4446-bc3e-5f4731f3e690,1.7773406569359846e+18
69ce9a6f-ea86-4446-bc3e-5f4731f3e690,1.7773406569693276e+18
69ce9a6f-ea86-4446-bc3e-5f4731f3e690,1.7773406570026716e+18
69ce9a6f-ea86-4446-bc3e-5f4731f3e690,1.7773406570360146e+18
69ce9a6f-ea86-4446-bc3e-5f4731f3e690,1.7773406570693576e+18
69ce9a6f-ea86-4446-bc3e-5f4731f3e690,1.7773406571027005e+18
69ce9a6f-ea86-4446-bc3e-5f4731f3e690,1.7773406571360435e+18
69ce9a6f-ea86-4446-bc3e-5f4731f3e690,1.7773406571693865e+18
69ce9a6f-ea86-4446-bc3e-5f4731f3e690,1.7773406572027295e+18
69ce9a6f-ea86-4446-bc3e-5f4731f3e690,1.7773406572360724e+18
69ce9a6f-ea86-4446-bc3e-5f4731f3e690,1.7773406572694154e+18
69ce9a6f-ea86-4446-bc3e-5f4731f3e690,1.7773406573027587e+18
69ce9a6f-ea86-4446-bc3e-5f4731f3e690,1.7773406573361016e+18
69ce9a6f-ea86-4446-bc3e-5f4731f3e690,1.7773406573694446e+18
69ce9a6f-ea86-4446-bc3e-5f4731f3e690,1.7773406574027876e+18
69ce9a6f-ea86-4446-bc3e-5f4731f3e690,1.7773406574361306e+18
69ce9a6f-ea86-4446-bc3e-5f4731f3e690,1.7773406574694735e+18
69ce9a6f-ea86-4446-bc3e-5f4731f3e690,1.7773406575028165e+18
69ce9a6f-ea86-4446-bc3e-5f4731f3e690,1.7773406575361605e+18
69ce9a6f-ea86-4446-bc3e-5f4731f3e690,1.7773406575695035e+18
69ce9a6f-ea86-4446-bc3e-5f4731f3e690,1.7773406576028465e+18
69ce9a6f-ea86-4446-bc3e-5f4731f3e690,1.7773406576361894e+18
69ce9a6f-ea86-4446-bc3e-5f4731f3e690,1.7773406576695324e+18
69ce9a6f-ea86-4446-bc3e-5f4731f3e690,1.7773406577028756e+18
69ce9a6f-ea86-4446-bc3e-5f4731f3e690,1.7773406577362186e+18
69ce9a6f-ea86-4446-bc3e-5f4731f3e690,1.7773406577695616e+18
69ce9a6f-ea86-4446-bc3e-5f4731f3e690,1.7773406578029046e+18
69ce9a6f-ea86-4446-bc3e-5f4731f3e690,1.7773406578362476e+18
69ce9a6f-ea86-4446-bc3e-5f4731f3e690,1.7773406578695905e+18
69ce9a6f-ea86-4446-bc3e-5f4731f3e690,1.7773406579029335e+18
69ce9a6f-ea86-4446-bc3e-5f4731f3e690,1.7773406579362765e+18
69ce9a6f-ea86-4446-bc3e-5f4731f3e690,1.7773406579696195e+18
69ce9a6f-ea86-4446-bc3e-5f4731f3e690,1.7773406580029624e+18
69ce9a6f-ea86-4446-bc3e-5f4731f3e690,1.7773406580363057e+18
69ce9a6f-ea86-4446-bc3e-5f4731f3e690,1.7773406580696497e+18
69ce9a6f-ea86-4446-bc3e-5f4731f3e690,1.7773406581029926e+18
69ce9a6f-ea86-4446-bc3e-5f4731f3e690,1.7773406581363356e+18
69ce9a6f-ea86-4446-bc3e-5f4731f3e690,1.7773406581696786e+18
69ce9a6f-ea86-4446-bc3e-5f4731f3e690,1.7773406582030216e+18
69ce9a6f-ea86-4446-bc3e-5f4731f3e690,1.7773406582363645e+18
69ce9a6f-ea86-4446-bc3e-5f4731f3e690,1.7773406582697075e+18
69ce9a6f-ea86-4446-bc3e-5f4731f3e690,1.7773406583030505e+18
69ce9a6f-ea86-4446-bc3e-5f4731f3e690,1.7773406583363935e+18
69ce9a6f-ea86-4446-bc3e-5f4731f3e690,1.7773406583697364e+18
69ce9a6f-ea86-4446-bc3e-5f4731f3e690,1.7773406584030794e+18
69ce9a6f-ea86-4446-bc3e-5f4731f3e690,1.7773406584364227e+18
69ce9a6f-ea86-4446-bc3e-5f4731f3e690,1.7773406584697656e+18
69ce9a6f-ea86-4446-bc3e-5f4731f3e690,1.7773406585031086e+18
69ce9a6f-ea86-4446-bc3e-5f4731f3e690,1.7773406585364516e+18
69ce9a6f-ea86-4446-bc3e-5f4731f3e690,1.7773406585697946e+18
69ce9a6f-ea86-4446-bc3e-5f4731f3e690,1.7773406586031375e+18
69ce9a6f-ea86-4446-bc3e-5f4731f3e690,1.7773406586364815e+18
69ce9a6f-ea86-4446-bc3e-5f4731f3e690,1.7773406586698245e+18
69ce9a6f-ea86-4446-bc3e-5f4731f3e690,1.7773406587031675e+18
69ce9a6f-ea86-4446-bc3e-5f4731f3e690,1.7773406587365105e+18
69ce9a6f-ea86-4446-bc3e-5f4731f3e690,1.7773406587698534e+18
69ce9a6f-ea86-4446-bc3e-5f4731f3e690,1.7773406588031964e+18
69ce9a6f-ea86-4446-bc3e-5f4731f3e690,1.7773406588365396e+18
69ce9a6f-ea86-4446-bc3e-5f4731f3e690,1.7773406588698826e+18
69ce9a6f-ea86-4446-bc3e-5f4731f3e690,1.7773406589032256e+18
69ce9a6f-ea86-4446-bc3e-5f4731f3e690,1.7773406589365686e+18
69ce9a6f-ea86-4446-bc3e-5f4731f3e690,1.7773406589699116e+18
69ce9a6f-ea86-4446-bc3e-5f4731f3e690,1.7773406590032545e+18
69ce9a6f-ea86-4446-bc3e-5f4731f3e690,1.7773406590365975e+18
69ce9a6f-ea86-4446-bc3e-5f4731f3e690,1.7773406590699405e+18
69ce9a6f-ea86-4446-bc3e-5f4731f3e690,1.7773406591032835e+18
69ce9a6f-ea86-4446-bc3e-5f4731f3e690,1.7773406591366264e+18
69ce9a6f-ea86-4446-bc3e-5f4731f3e690,1.7773406591699697e+18
69ce9a6f-ea86-4446-bc3e-5f4731f3e690,1.7773406592033137e+18
69ce9a6f-ea86-4446-bc3e-5f4731f3e690,1.7773406592366566e+18
69ce9a6f-ea86-4446-bc3e-5f4731f3e690,1.7773406592699996e+18
69ce9a6f-ea86-4446-bc3e-5f4731f3e690,1.7773406593033426e+18
69ce9a6f-ea86-4446-bc3e-5f4731f3e690,1.7773406593366856e+18
69ce9a6f-ea86-4446-bc3e-5f4731f3e690,1.7773406593700285e+18
69ce9a6f-ea86-4446-bc3e-5f4731f3e690,1.7773406594033715e+18
69ce9a6f-ea86-4446-bc3e-5f4731f3e690,1.7773406594367145e+18
69ce9a6f-ea86-4446-bc3e-5f4731f3e690,1.7773406594700575e+18
69ce9a6f-ea86-4446-bc3e-5f4731f3e690,1.7773406595034004e+18
69ce9a6f-ea86-4446-bc3e-5f4731f3e690,1.7773406595367434e+18
69ce9a6f-ea86-4446-bc3e-5f4731f3e690,1.7773406595700867e+18
69ce9a6f-ea86-4446-bc3e-5f4731f3e690,1.7773406596034296e+18
69ce9a6f-ea86-4446-bc3e-5f4731f3e690,1.7773406596367726e+18
69ce9a6f-ea86-4446-bc3e-5f4731f3e690,1.7773406596701156e+18
69ce9a6f-ea86-4446-bc3e-5f4731f3e690,1.7773406597034586e+18
69ce9a6f-ea86-4446-bc3e-5f4731f3e690,1.7773406597368015e+18
69ce9a6f-ea86-4446-bc3e-5f4731f3e690,1.7773406597701455e+18
69ce9a6f-ea86-4446-bc3e-5f4731f3e690,1.7773406598034885e+18
69ce9a6f-ea86-4446-bc3e-5f4731f3e690,1.7773406598368315e+18
69ce9a6f-ea86-4446-bc3e-5f4731f3e690,1.7773406598701745e+18
69ce9a6f-ea86-4446-bc3e-5f4731f3e690,1.7773406599035174e+18
69ce9a6f-ea86-4446-bc3e-5f4731f3e690,1.7773406599368604e+18
69ce9a6f-ea86-4446-bc3e-5f4731f3e690,1.7773406599702036e+18
69ce9a6f-ea86-4446-bc3e-5f4731f3e690,1.7773406600035466e+18
69ce9a6f-ea86-4446-bc3e-5f4731f3e690,1.7773406600368896e+18
69ce9a6f-ea86-4446-bc3e-5f4731f3e690,1.7773406600702326e+18
69ce9a6f-ea86-4446-bc3e-5f4731f3e690,1.7773406601035756e+18
69ce9a6f-ea86-4446-bc3e-5f4731f3e690,1.7773406601369185e+18
69ce9a6f-ea86-4446-bc3e-5f4731f3e690,1.7773406601702615e+18
69ce9a6f-ea86-4446-bc3e-5f4731f3e690,1.7773406602036045e+18
69ce9a6f-ea86-4446-bc3e-5f4731f3e690,1.7773406602369475e+18
69ce9a6f-ea86-4446-bc3e-5f4731f3e690,1.7773406602702904e+18
69ce9a6f-ea86-4446-bc3e-5f4731f3e690,1.7773406603036337e+18
69ce9a6f-ea86-4446-bc3e-5f4731f3e690,1.7773406603369777e+18
69ce9a6f-ea86-4446-bc3e-5f4731f3e690,1.7773406603703206e+18
69ce9a6f-ea86-4446-bc3e-5f4731f3e690,1.7773406604036636e+18
69ce9a6f-ea86-4446-bc3e-5f4731f3e690,1.7773406604370066e+18
69ce9a6f-ea86-4446-bc3e-5f4731f3e690,1.7773406604703496e+18
69ce9a6f-ea86-4446-bc3e-5f4731f3e690,1.7773406605036925e+18
69ce9a6f-ea86-4446-bc3e-5f4731f3e690,1.7773406605370355e+18
69ce9a6f-ea86-4446-bc3e-5f4731f3e690,1.7773406605703785e+18
69ce9a6f-ea86-4446-bc3e-5f4731f3e690,1.7773406606037215e+18
69ce9a6f-ea86-4446-bc3e-5f4731f3e690,1.7773406606370644e+18
69ce9a6f-ea86-4446-bc3e-5f4731f3e690,1.7773406606704074e+18
69ce9a6f-ea86-4446-bc3e-5f4731f3e690,1.7773406607037507e+18
69ce9a6f-ea86-4446-bc3e-5f4731f3e690,1.7773406607370936e+18
69ce9a6f-ea86-4446-bc3e-5f4731f3e690,1.7773406607704366e+18
69ce9a6f-ea86-4446-bc3e-5f4731f3e690,1.7773406608037796e+18
69ce9a6f-ea86-4446-bc3e-5f4731f3e690,1.7773406608371226e+18
69ce9a6f-ea86-4446-bc3e-5f4731f3e690,1.7773406608704666e+18
69ce9a6f-ea86-4446-bc3e-5f4731f3e690,1.7773406609038095e+18
69ce9a6f-ea86-4446-bc3e-5f4731f3e690,1.7773406609371525e+18
69ce9a6f-ea86-4446-bc3e-5f4731f3e690,1.7773406609704955e+18
69ce9a6f-ea86-4446-bc3e-5f4731f3e690,1.7773406610038385e+18
69ce9a6f-ea86-4446-bc3e-5f4731f3e690,1.7773406610371814e+18
69ce9a6f-ea86-4446-bc3e-5f4731f3e690,1.7773406610705244e+18
69ce9a6f-ea86-4446-bc3e-5f4731f3e690,1.7773406611038676e+18
69ce9a6f-ea86-4446-bc3e-5f4731f3e690,1.7773406611372106e+18
69ce9a6f-ea86-4446-bc3e-5f4731f3e690,1.7773406611705536e+18
69ce9a6f-ea86-4446-bc3e-5f4731f3e690,1.7773406612038966e+18
69ce9a6f-ea86-4446-bc3e-5f4731f3e690,1.7773406612372396e+18
69ce9a6f-ea86-4446-bc3e-5f4731f3e690,1.7773406612705825e+18
69ce9a6f-ea86-4446-bc3e-5f4731f3e690,1.7773406613039255e+18
69ce9a6f-ea86-4446-bc3e-5f4731f3e690,1.7773406613372685e+18
69ce9a6f-ea86-4446-bc3e-5f4731f3e690,1.7773406613706115e+18
69ce9a6f-ea86-4446-bc3e-5f4731f3e690,1.7773406614039555e+18
69ce9a6f-ea86-4446-bc3e-5f4731f3e690,1.7773406614372984e+18
69ce9a6f-ea86-4446-bc3e-5f4731f3e690,1.7773406614706417e+18
69ce9a6f-ea86-4446-bc3e-5f4731f3e690,1.7773406615039846e+18
69ce9a6f-ea86-4446-bc3e-5f4731f3e690,1.7773406615373276e+18
69ce9a6f-ea86-4446-bc3e-5f4731f3e690,1.7773406615706706e+18
69ce9a6f-ea86-4446-bc3e-5f4731f3e690,1.7773406616040136e+18
69ce9a6f-ea86-4446-bc3e-5f4731f3e690,1.7773406616373565e+18
69ce9a6f-ea86-4446-bc3e-5f4731f3e690,1.7773406616706995e+18
69ce9a6f-ea86-4446-bc3e-5f4731f3e690,1.7773406617040425e+18
69ce9a6f-ea86-4446-bc3e-5f4731f3e690,1.7773406617373855e+18
69ce9a6f-ea86-4446-bc3e-5f4731f3e690,1.7773406617707284e+18
69ce9a6f-ea86-4446-bc3e-5f4731f3e690,1.7773406618040714e+18
69ce9a6f-ea86-4446-bc3e-5f4731f3e690,1.7773406618374147e+18
69ce9a6f-ea86-4446-bc3e-5f4731f3e690,1.7773406618707576e+18
69ce9a6f-ea86-4446-bc3e-5f4731f3e690,1.7773406619041006e+18
69ce9a6f-ea86-4446-bc3e-5f4731f3e690,1.7773406619374436e+18
69ce9a6f-ea86-4446-bc3e-5f4731f3e690,1.7773406619707876e+18
69ce9a6f-ea86-4446-bc3e-5f4731f3e690,1.7773406620041306e+18
69ce9a6f-ea86-4446-bc3e-5f4731f3e690,1.7773406620374735e+18
69ce9a6f-ea86-4446-bc3e-5f4731f3e690,1.7773406620708165e+18
69ce9a6f-ea86-4446-bc3e-5f4731f3e690,1.7773406621041595e+18
69ce9a6f-ea86-4446-bc3e-5f4731f3e690,1.7773406621375025e+18
69ce9a6f-ea86-4446-bc3e-5f4731f3e690,1.7773406621708454e+18
69ce9a6f-ea86-4446-bc3e-5f4731f3e690,1.7773406622041884e+18
69ce9a6f-ea86-4446-bc3e-5f4731f3e690,1.7773406622375316e+18
69ce9a6f-ea86-4446-bc3e-5f4731f3e690,1.7773406622708746e+18
69ce9a6f-ea86-4446-bc3e-5f4731f3e690,1.7773406623042176e+18
69ce9a6f-ea86-4446-bc3e-5f4731f3e690,1.7773406623375606e+18
69ce9a6f-ea86-4446-bc3e-5f4731f3e690,1.7773406623709036e+18
69ce9a6f-ea86-4446-bc3e-5f4731f3e690,1.7773406624042465e+18
69ce9a6f-ea86-4446-bc3e-5f4731f3e690,1.7773406624375895e+18
69ce9a6f-ea86-4446-bc3e-5f4731f3e690,1.7773406624709325e+18
69ce9a6f-ea86-4446-bc3e-5f4731f3e690,1.7773406625042755e+18
69ce9a6f-ea86-4446-bc3e-5f4731f3e690,1.7773406625376195e+18
69ce9a6f-ea86-4446-bc3e-5f4731f3e690,1.7773406625709624e+18
69ce9a6f-ea86-4446-bc3e-5f4731f3e690,1.7773406626043057e+18
69ce9a6f-ea86-4446-bc3e-5f4731f3e690,1.7773406626376486e+18
69ce9a6f-ea86-4446-bc3e-5f4731f3e690,1.7773406626709916e+18
69ce9a6f-ea86-4446-bc3e-5f4731f3e690,1.7773406627043346e+18
69ce9a6f-ea86-4446-bc3e-5f4731f3e690,1.7773406627376776e+18
69ce9a6f-ea86-4446-bc3e-5f4731f3e690,1.7773406627710205e+18
69ce9a6f-ea86-4446-bc3e-5f4731f3e690,1.7773406628043635e+18
69ce9a6f-ea86-4446-bc3e-5f4731f3e690,1.7773406628377065e+18
69ce9a6f-ea86-4446-bc3e-5f4731f3e690,1.7773406628710495e+18
69ce9a6f-ea86-4446-bc3e-5f4731f3e690,1.7773406629043924e+18
69ce9a6f-ea86-4446-bc3e-5f4731f3e690,1.7773406629377354e+18
69ce9a6f-ea86-4446-bc3e-5f4731f3e690,1.7773406629710787e+18
69ce9a6f-ea86-4446-bc3e-5f4731f3e690,1.7773406630044216e+18
69ce9a6f-ea86-4446-bc3e-5f4731f3e690,1.7773406630377646e+18
69ce9a6f-ea86-4446-bc3e-5f4731f3e690,1.7773406630711076e+18
69ce9a6f-ea86-4446-bc3e-5f4731f3e690,1.7773406631044516e+18
69ce9a6f-ea86-4446-bc3e-5f4731f3e690,1.7773406631377946e+18
69ce9a6f-ea86-4446-bc3e-5f4731f3e690,1.7773406631711375e+18
69ce9a6f-ea86-4446-bc3e-5f4731f3e690,1.7773406632044805e+18
69ce9a6f-ea86-4446-bc3e-5f4731f3e690,1.7773406632378235e+18
69ce9a6f-ea86-4446-bc3e-5f4731f3e690,1.7773406632711665e+18
69ce9a6f-ea86-4446-bc3e-5f4731f3e690,1.7773406633045094e+18
69ce9a6f-ea86-4446-bc3e-5f4731f3e690,1.7773406633378524e+18
69ce9a6f-ea86-4446-bc3e-5f4731f3e690,1.7773406633711956e+18
69ce9a6f-ea86-4446-bc3e-5f4731f3e690,1.7773406634045386e+18
69ce9a6f-ea86-4446-bc3e-5f4731f3e690,1.7773406634378816e+18
69ce9a6f-ea86-4446-bc3e-5f4731f3e690,1.7773406634712246e+18
69ce9a6f-ea86-4446-bc3e-5f4731f3e690,1.7773406635045676e+18
69ce9a6f-ea86-4446-bc3e-5f4731f3e690,1.7773406635379105e+18
69ce9a6f-ea86-4446-bc3e-5f4731f3e690,1.7773406635712535e+18
69ce9a6f-ea86-4446-bc3e-5f4731f3e690,1.7773406636045965e+18
69ce9a6f-ea86-4446-bc3e-5f4731f3e690,1.7773406636379395e+18
69ce9a6f-ea86-4446-bc3e-5f4731f3e690,1.7773406636712835e+18
69ce9a6f-ea86-4446-bc3e-5f4731f3e690,1.7773406637046264e+18
69ce9a6f-ea86-4446-bc3e-5f4731f3e690,1.7773406637379697e+18
69ce9a6f-ea86-4446-bc3e-5f4731f3e690,1.7773406637713126e+18
69ce9a6f-ea86-4446-bc3e-5f4731f3e690,1.7773406638046556e+18
69ce9a6f-ea86-4446-bc3e-5f4731f3e690,1.7773406638379986e+18
69ce9a6f-ea86-4446-bc3e-5f4731f3e690,1.7773406638713416e+18
69ce9a6f-ea86-4446-bc3e-5f4731f3e690,1.7773406639046845e+18
69ce9a6f-ea86-4446-bc3e-5f4731f3e690,1.7773406639380275e+18
69ce9a6f-ea86-4446-bc3e-5f4731f3e690,1.7773406639713705e+18
69ce9a6f-ea86-4446-bc3e-5f4731f3e690,1.7773406640047135e+18
69ce9a6f-ea86-4446-bc3e-5f4731f3e690,1.7773406640380564e+18
69ce9a6f-ea86-4446-bc3e-5f4731f3e690,1.7773406640713994e+18
69ce9a6f-ea86-4446-bc3e-5f4731f3e690,1.7773406641047427e+18
69ce9a6f-ea86-4446-bc3e-5f4731f3e690,1.7773406641380856e+18
69ce9a6f-ea86-4446-bc3e-5f4731f3e690,1.7773406641714286e+18
69ce9a6f-ea86-4446-bc3e-5f4731f3e690,1.7773406642047726e+18
69ce9a6f-ea86-4446-bc3e-5f4731f3e690,1.7773406642381156e+18
69ce9a6f-ea86-4446-bc3e-5f4731f3e690,1.7773406642714586e+18
69ce9a6f-ea86-4446-bc3e-5f4731f3e690,1.7773406643048015e+18
69ce9a6f-ea86-4446-bc3e-5f4731f3e690,1.7773406643381445e+18
69ce9a6f-ea86-4446-bc3e-5f4731f3e690,1.7773406643714875e+18
69ce9a6f-ea86-4446-bc3e-5f4731f3e690,1.7773406644048305e+18
69ce9a6f-ea86-4446-bc3e-5f4731f3e690,1.7773406644381734e+18
69ce9a6f-ea86-4446-bc3e-5f4731f3e690,1.7773406644715164e+18
69ce9a6f-ea86-4446-bc3e-5f4731f3e690,1.7773406645048596e+18
69ce9a6f-ea86-4446-bc3e-5f4731f3e690,1.7773406645382026e+18
69ce9a6f-ea86-4446-bc3e-5f4731f3e690,1.7773406645715456e+18
69ce9a6f-ea86-4446-bc3e-5f4731f3e690,1.7773406646048886e+18
69ce9a6f-ea86-4446-bc3e-5f4731f3e690,1.7773406646382316e+18
69ce9a6f-ea86-4446-bc3e-5f4731f3e690,1.7773406646715745e+18
69ce9a6f-ea86-4446-bc3e-5f4731f3e690,1.7773406647049175e+18
69ce9a6f-ea86-4446-bc3e-5f4731f3e690,1.7773406647382605e+18
69ce9a6f-ea86-4446-bc3e-5f4731f3e690,1.7773406647716045e+18
69ce9a6f-ea86-4446-bc3e-5f4731f3e690,1.7773406648049475e+18
69ce9a6f-ea86-4446-bc3e-5f4731f3e690,1.7773406648382904e+18
69ce9a6f-ea86-4446-bc3e-5f4731f3e690,1.7773406648716337e+18
69ce9a6f-ea86-4446-bc3e-5f4731f3e690,1.7773406649049766e+18
69ce9a6f-ea86-4446-bc3e-5f4731f3e690,1.7773406649383196e+18
69ce9a6f-ea86-4446-bc3e-5f4731f3e690,1.7773406649716626e+18
69ce9a6f-ea86-4446-bc3e-5f4731f3e690,1.7773406650050056e+18
69ce9a6f-ea86-4446-bc3e-5f4731f3e690,1.7773406650383485e+18
69ce9a6f-ea86-4446-bc3e-5f4731f3e690,1.7773406650716915e+18
69ce9a6f-ea86-4446-bc3e-5f4731f3e690,1.7773406651050345e+18
69ce9a6f-ea86-4446-bc3e-5f4731f3e690,1.7773406651383775e+18
69ce9a6f-ea86-4446-bc3e-5f4731f3e690,1.7773406651717204e+18
69ce9a6f-ea86-4446-bc3e-5f4731f3e690,1.7773406652050634e+18
69ce9a6f-ea86-4446-bc3e-5f4731f3e690,1.7773406652384067e+18
69ce9a6f-ea86-4446-bc3e-5f4731f3e690,1.7773406652717496e+18
69ce9a6f-ea86-4446-bc3e-5f4731f3e690,1.7773406653050926e+18
69ce9a6f-ea86-4446-bc3e-5f4731f3e690,1.7773406653384366e+18
69ce9a6f-ea86-4446-bc3e-5f4731f3e690,1.7773406653717796e+18
69ce9a6f-ea86-4446-bc3e-5f4731f3e690,1.7773406654051226e+18
69ce9a6f-ea86-4446-bc3e-5f4731f3e690,1.7773406654384655e+18
69ce9a6f-ea86-4446-bc3e-5f4731f3e690,1.7773406654718085e+18
69ce9a6f-ea86-4446-bc3e-5f4731f3e690,1.7773406655051515e+18
69ce9a6f-ea86-4446-bc3e-5f4731f3e690,1.7773406655384945e+18
69ce9a6f-ea86-4446-bc3e-5f4731f3e690,1.7773406655718374e+18
69ce9a6f-ea86-4446-bc3e-5f4731f3e690,1.7773406656051804e+18
69ce9a6f-ea86-4446-bc3e-5f4731f3e690,1.7773406656385236e+18
69ce9a6f-ea86-4446-bc3e-5f4731f3e690,1.7773406656718666e+18
69ce9a6f-ea86-4446-bc3e-5f4731f3e690,1.7773406657052096e+18
69ce9a6f-ea86-4446-bc3e-5f4731f3e690,1.7773406657385526e+18
69ce9a6f-ea86-4446-bc3e-5f4731f3e690,1.7773406657718956e+18
69ce9a6f-ea86-4446-bc3e-5f4731f3e690,1.7773406658052385e+18
69ce9a6f-ea86-4446-bc3e-5f4731f3e690,1.7773406658385815e+18
69ce9a6f-ea86-4446-bc3e-5f4731f3e690,1.7773406658719245e+18
69ce9a6f-ea86-4446-bc3e-5f4731f3e690,1.7773406659052685e+18
69ce9a6f-ea86-4446-bc3e-5f4731f3e690,1.7773406659386115e+18
69ce9a6f-ea86-4446-bc3e-5f4731f3e690,1.7773406659719544e+18
69ce9a6f-ea86-4446-bc3e-5f4731f3e690,1.7773406660052977e+18
69ce9a6f-ea86-4446-bc3e-5f4731f3e690,1.7773406660386406e+18
69ce9a6f-ea86-4446-bc3e-5f4731f3e690,1.7773406660719836e+18
69ce9a6f-ea86-4446-bc3e-5f4731f3e690,1.7773406661053266e+18
69ce9a6f-ea86-4446-bc3e-5f4731f3e690,1.7773406661386696e+18
69ce9a6f-ea86-4446-bc3e-5f4731f3e690,1.7773406661720125e+18
69ce9a6f-ea86-4446-bc3e-5f4731f3e690,1.7773406662053555e+18
69ce9a6f-ea86-4446-bc3e-5f4731f3e690,1.7773406662386985e+18
69ce9a6f-ea86-4446-bc3e-5f4731f3e690,1.7773406662720415e+18
69ce9a6f-ea86-4446-bc3e-5f4731f3e690,1.7773406663053844e+18
69ce9a6f-ea86-4446-bc3e-5f4731f3e690,1.7773406663387274e+18
69ce9a6f-ea86-4446-bc3e-5f4731f3e690,1.7773406663720707e+18
69ce9a6f-ea86-4446-bc3e-5f4731f3e690,1.7773406664054136e+18
69ce9a6f-ea86-4446-bc3e-5f4731f3e690,1.7773406664387566e+18
69ce9a6f-ea86-4446-bc3e-5f4731f3e690,1.7773406664721006e+18
69ce9a6f-ea86-4446-bc3e-5f4731f3e690,1.7773406665054436e+18
69ce9a6f-ea86-4446-bc3e-5f4731f3e690,1.7773406665387866e+18
69ce9a6f-ea86-4446-bc3e-5f4731f3e690,1.7773406665721295e+18
69ce9a6f-ea86-4446-bc3e-5f4731f3e690,1.7773406666054725e+18
69ce9a6f-ea86-4446-bc3e-5f4731f3e690,1.7773406666388155e+18
69ce9a6f-ea86-4446-bc3e-5f4731f3e690,1.7773406666721585e+18
69ce9a6f-ea86-4446-bc3e-5f4731f3e690,1.7773406667055014e+18
69ce9a6f-ea86-4446-bc3e-5f4731f3e690,1.7773406667388444e+18
69ce9a6f-ea86-4446-bc3e-5f4731f3e690,1.7773406667721876e+18
69ce9a6f-ea86-4446-bc3e-5f4731f3e690,1.7773406668055306e+18
69ce9a6f-ea86-4446-bc3e-5f4731f3e690,1.7773406668388736e+18
69ce9a6f-ea86-4446-bc3e-5f4731f3e690,1.7773406668722166e+18
69ce9a6f-ea86-4446-bc3e-5f4731f3e690,1.7773406669055596e+18
69ce9a6f-ea86-4446-bc3e-5f4731f3e690,1.7773406669389025e+18
69ce9a6f-ea86-4446-bc3e-5f4731f3e690,1.7773406669722455e+18
69ce9a6f-ea86-4446-bc3e-5f4731f3e690,1.7773406670055895e+18
69ce9a6f-ea86-4446-bc3e-5f4731f3e690,1.7773406670389325e+18
69ce9a6f-ea86-4446-bc3e-5f4731f3e690,1.7773406670722755e+18
69ce9a6f-ea86-4446-bc3e-5f4731f3e690,1.7773406671056184e+18
69ce9a6f-ea86-4446-bc3e-5f4731f3e690,1.7773406671389617e+18
69ce9a6f-ea86-4446-bc3e-5f4731f3e690,1.7773406671723046e+18
69ce9a6f-ea86-4446-bc3e-5f4731f3e690,1.7773406672056476e+18
69ce9a6f-ea86-4446-bc3e-5f4731f3e690,1.7773406672389906e+18
69ce9a6f-ea86-4446-bc3e-5f4731f3e690,1.7773406672723336e+18
69ce9a6f-ea86-4446-bc3e-5f4731f3e690,1.7773406673056765e+18
69ce9a6f-ea86-4446-bc3e-5f4731f3e690,1.7773406673390195e+18
69ce9a6f-ea86-4446-bc3e-5f4731f3e690,1.7773406673723625e+18
69ce9a6f-ea86-4446-bc3e-5f4731f3e690,1.7773406674057055e+18
69ce9a6f-ea86-4446-bc3e-5f4731f3e690,1.7773406674390484e+18
69ce9a6f-ea86-4446-bc3e-5f4731f3e690,1.7773406674723914e+18
69ce9a6f-ea86-4446-bc3e-5f4731f3e690,1.7773406675057347e+18
69ce9a6f-ea86-4446-bc3e-5f4731f3e690,1.7773406675390787e+18
69ce9a6f-ea86-4446-bc3e-5f4731f3e690,1.7773406675724216e+18
69ce9a6f-ea86-4446-bc3e-5f4731f3e690,1.7773406676057646e+18
69ce9a6f-ea86-4446-bc3e-5f4731f3e690,1.7773406676391076e+18
69ce9a6f-ea86-4446-bc3e-5f4731f3e690,1.7773406676724506e+18
69ce9a6f-ea86-4446-bc3e-5f4731f3e690,1.7773406677057935e+18
69ce9a6f-ea86-4446-bc3e-5f4731f3e690,1.7773406677391365e+18
69ce9a6f-ea86-4446-bc3e-5f4731f3e690,1.7773406677724795e+18
69ce9a6f-ea86-4446-bc3e-5f4731f3e690,1.7773406678058225e+18
69ce9a6f-ea86-4446-bc3e-5f4731f3e690,1.7773406678391654e+18
69ce9a6f-ea86-4446-bc3e-5f4731f3e690,1.7773406678725084e+18
69ce9a6f-ea86-4446-bc3e-5f4731f3e690,1.7773406679058516e+18
69ce9a6f-ea86-4446-bc3e-5f4731f3e690,1.7773406679391946e+18
69ce9a6f-ea86-4446-bc3e-5f4731f3e690,1.7773406679725376e+18
69ce9a6f-ea86-4446-bc3e-5f4731f3e690,1.7773406680058806e+18
69ce9a6f-ea86-4446-bc3e-5f4731f3e690,1.7773406680392236e+18
69ce9a6f-ea86-4446-bc3e-5f4731f3e690,1.7773406680725665e+18
69ce9a6f-ea86-4446-bc3e-5f4731f3e690,1.7773406681059105e+18
69ce9a6f-ea86-4446-bc3e-5f4731f3e690,1.7773406681392535e+18
69ce9a6f-ea86-4446-bc3e-5f4731f3e690,1.7773406681725965e+18
69ce9a6f-ea86-4446-bc3e-5f4731f3e690,1.7773406682059395e+18
69ce9a6f-ea86-4446-bc3e-5f4731f3e690,1.7773406682392824e+18
69ce9a6f-ea86-4446-bc3e-5f4731f3e690,1.7773406682726257e+18
69ce9a6f-ea86-4446-bc3e-5f4731f3e690,1.7773406683059686e+18
69ce9a6f-ea86-4446-bc3e-5f4731f3e690,1.7773406683393116e+18
69ce9a6f-ea86-4446-bc3e-5f4731f3e690,1.7773406683726546e+18
69ce9a6f-ea86-4446-bc3e-5f4731f3e690,1.7773406684059976e+18
69ce9a6f-ea86-4446-bc3e-5f4731f3e690,1.7773406684393405e+18
69ce9a6f-ea86-4446-bc3e-5f4731f3e690,1.7773406684726835e+18
69ce9a6f-ea86-4446-bc3e-5f4731f3e690,1.7773406685060265e+18
69ce9a6f-ea86-4446-bc3e-5f4731f3e690,1.7773406685393695e+18
69ce9a6f-ea86-4446-bc3e-5f4731f3e690,1.7773406685727124e+18
69ce9a6f-ea86-4446-bc3e-5f4731f3e690,1.7773406686060554e+18
69ce9a6f-ea86-4446-bc3e-5f4731f3e690,1.7773406686393987e+18
69ce9a6f-ea86-4446-bc3e-5f4731f3e690,1.7773406686727427e+18
69ce9a6f-ea86-4446-bc3e-5f4731f3e690,1.7773406687060856e+18
69ce9a6f-ea86-4446-bc3e-5f4731f3e690,1.7773406687394286e+18
69ce9a6f-ea86-4446-bc3e-5f4731f3e690,1.7773406687727716e+18
69ce9a6f-ea86-4446-bc3e-5f4731f3e690,1.7773406688061146e+18
69ce9a6f-ea86-4446-bc3e-5f4731f3e690,1.7773406688394575e+18
69ce9a6f-ea86-4446-bc3e-5f4731f3e690,1.7773406688728005e+18
69ce9a6f-ea86-4446-bc3e-5f4731f3e690,1.7773406689061435e+18
69ce9a6f-ea86-4446-bc3e-5f4731f3e690,1.7773406689394865e+18
69ce9a6f-ea86-4446-bc3e-5f4731f3e690,1.7773406689728294e+18
69ce9a6f-ea86-4446-bc3e-5f4731f3e690,1.7773406690061724e+18
69ce9a6f-ea86-4446-bc3e-5f4731f3e690,1.7773406690395156e+18
69ce9a6f-ea86-4446-bc3e-5f4731f3e690,1.7773406690728586e+18
69ce9a6f-ea86-4446-bc3e-5f4731f3e690,1.7773406691062016e+18
69ce9a6f-ea86-4446-bc3e-5f4731f3e690,1.7773406691395446e+18
69ce9a6f-ea86-4446-bc3e-5f4731f3e690,1.7773406691728876e+18
69ce9a6f-ea86-4446-bc3e-5f4731f3e690,1.7773406692062305e+18
69ce9a6f-ea86-4446-bc3e-5f4731f3e690,1.7773406692395745e+18
69ce9a6f-ea86-4446-bc3e-5f4731f3e690,1.7773406692729175e+18
69ce9a6f-ea86-4446-bc3e-5f4731f3e690,1.7773406693062605e+18
69ce9a6f-ea86-4446-bc3e-5f4731f3e690,1.7773406693396035e+18
69ce9a6f-ea86-4446-bc3e-5f4731f3e690,1.7773406693729464e+18
69ce9a6f-ea86-4446-bc3e-5f4731f3e690,1.7773406694062897e+18
69ce9a6f-ea86-4446-bc3e-5f4731f3e690,1.7773406694396326e+18
69ce9a6f-ea86-4446-bc3e-5f4731f3e690,1.7773406694729756e+18
69ce9a6f-ea86-4446-bc3e-5f4731f3e690,1.7773406695063186e+18
69ce9a6f-ea86-4446-bc3e-5f4731f3e690,1.7773406695396616e+18
69ce9a6f-ea86-4446-bc3e-5f4731f3e690,1.7773406695730045e+18
69ce9a6f-ea86-4446-bc3e-5f4731f3e690,1.7773406696063475e+18
69ce9a6f-ea86-4446-bc3e-5f4731f3e690,1.7773406696396905e+18
69ce9a6f-ea86-4446-bc3e-5f4731f3e690,1.7773406696730335e+18
69ce9a6f-ea86-4446-bc3e-5f4731f3e690,1.7773406697063764e+18
69ce9a6f-ea86-4446-bc3e-5f4731f3e690,1.7773406697397194e+18
69ce9a6f-ea86-4446-bc3e-5f4731f3e690,1.7773406697730627e+18
69ce9a6f-ea86-4446-bc3e-5f4731f3e690,1.7773406698064067e+18
69ce9a6f-ea86-4446-bc3e-5f4731f3e690,1.7773406698397496e+18
69ce9a6f-ea86-4446-bc3e-5f4731f3e690,1.7773406698730926e+18
69ce9a6f-ea86-4446-bc3e-5f4731f3e690,1.7773406699064356e+18
69ce9a6f-ea86-4446-bc3e-5f4731f3e690,1.7773406699397786e+18
69ce9a6f-ea86-4446-bc3e-5f4731f3e690,1.7773406699731215e+18
69ce9a6f-ea86-4446-bc3e-5f4731f3e690,1.7773406700064645e+18
69ce9a6f-ea86-4446-bc3e-5f4731f3e690,1.7773406700398075e+18
69ce9a6f-ea86-4446-bc3e-5f4731f3e690,1.7773406700731505e+18
69ce9a6f-ea86-4446-bc3e-5f4731f3e690,1.7773406701064934e+18
69ce9a6f-ea86-4446-bc3e-5f4731f3e690,1.7773406701398364e+18
69ce9a6f-ea86-4446-bc3e-5f4731f3e690,1.7773406701731796e+18
69ce9a6f-ea86-4446-bc3e-5f4731f3e690,1.7773406702065226e+18
69ce9a6f-ea86-4446-bc3e-5f4731f3e690,1.7773406702398656e+18
69ce9a6f-ea86-4446-bc3e-5f4731f3e690,1.7773406702732086e+18
69ce9a6f-ea86-4446-bc3e-5f4731f3e690,1.7773406703065516e+18
69ce9a6f-ea86-4446-bc3e-5f4731f3e690,1.7773406703398956e+18
69ce9a6f-ea86-4446-bc3e-5f4731f3e690,1.7773406703732385e+18
69ce9a6f-ea86-4446-bc3e-5f4731f3e690,1.7773406704065815e+18
69ce9a6f-ea86-4446-bc3e-5f4731f3e690,1.7773406704399245e+18
69ce9a6f-ea86-4446-bc3e-5f4731f3e690,1.7773406704732675e+18
69ce9a6f-ea86-4446-bc3e-5f4731f3e690,1.7773406705066104e+18
69ce9a6f-ea86-4446-bc3e-5f4731f3e690,1.7773406705399537e+18
69ce9a6f-ea86-4446-bc3e-5f4731f3e690,1.7773406705732966e+18
69ce9a6f-ea86-4446-bc3e-5f4731f3e690,1.7773406706066396e+18
69ce9a6f-ea86-4446-bc3e-5f4731f3e690,1.7773406706399826e+18
69ce9a6f-ea86-4446-bc3e-5f4731f3e690,1.7773406706733256e+18
69ce9a6f-ea86-4446-bc3e-5f4731f3e690,1.7773406707066685e+18
69ce9a6f-ea86-4446-bc3e-5f4731f3e690,1.7773406707400115e+18
69ce9a6f-ea86-4446-bc3e-5f4731f3e690,1.7773406707733545e+18
69ce9a6f-ea86-4446-bc3e-5f4731f3e690,1.7773406708066975e+18
69ce9a6f-ea86-4446-bc3e-5f4731f3e690,1.7773406708400404e+18
69ce9a6f-ea86-4446-bc3e-5f4731f3e690,1.7773406708733844e+18
69ce9a6f-ea86-4446-bc3e-5f4731f3e690,1.7773406709067274e+18
69ce9a6f-ea86-4446-bc3e-5f4731f3e690,1.7773406709400707e+18
69ce9a6f-ea86-4446-bc3e-5f4731f3e690,1.7773406709734136e+18
69ce9a6f-ea86-4446-bc3e-5f4731f3e690,1.7773406710067566e+18
69ce9a6f-ea86-4446-bc3e-5f4731f3e690,1.7773406710400996e+18
69ce9a6f-ea86-4446-bc3e-5f4731f3e690,1.7773406710734426e+18
69ce9a6f-ea86-4446-bc3e-5f4731f3e690,1.7773406711067855e+18
69ce9a6f-ea86-4446-bc3e-5f4731f3e690,1.7773406711401285e+18
69ce9a6f-ea86-4446-bc3e-5f4731f3e690,1.7773406711734715e+18
69ce9a6f-ea86-4446-bc3e-5f4731f3e690,1.7773406712068145e+18
69ce9a6f-ea86-4446-bc3e-5f4731f3e690,1.7773406712401574e+18
69ce9a6f-ea86-4446-bc3e-5f4731f3e690,1.7773406712735004e+18
69ce9a6f-ea86-4446-bc3e-5f4731f3e690,1.7773406713068436e+18
69ce9a6f-ea86-4446-bc3e-5f4731f3e690,1.7773406713401866e+18
69ce9a6f-ea86-4446-bc3e-5f4731f3e690,1.7773406713735296e+18
69ce9a6f-ea86-4446-bc3e-5f4731f3e690,1.7773406714068726e+18
69ce9a6f-ea86-4446-bc3e-5f4731f3e690,1.7773406714402166e+18
69ce9a6f-ea86-4446-bc3e-5f4731f3e690,1.7773406714735596e+18
69ce9a6f-ea86-4446-bc3e-5f4731f3e690,1.7773406715069025e+18
69ce9a6f-ea86-4446-bc3e-5f4731f3e690,1.7773406715402455e+18
69ce9a6f-ea86-4446-bc3e-5f4731f3e690,1.7773406715735885e+18
69ce9a6f-ea86-4446-bc3e-5f4731f3e690,1.7773406716069315e+18
69ce9a6f-ea86-4446-bc3e-5f4731f3e690,1.7773406716402744e+18
69ce9a6f-ea86-4446-bc3e-5f4731f3e690,1.7773406716736177e+18
69ce9a6f-ea86-4446-bc3e-5f4731f3e690,1.7773406717069606e+18
69ce9a6f-ea86-4446-bc3e-5f4731f3e690,1.7773406717403036e+18
69ce9a6f-ea86-4446-bc3e-5f4731f3e690,1.7773406717736466e+18
69ce9a6f-ea86-4446-bc3e-5f4731f3e690,1.7773406718069896e+18
69ce9a6f-ea86-4446-bc3e-5f4731f3e690,1.7773406718403325e+18
69ce9a6f-ea86-4446-bc3e-5f4731f3e690,1.7773406718736755e+18
69ce9a6f-ea86-4446-bc3e-5f4731f3e690,1.7773406719070185e+18
69ce9a6f-ea86-4446-bc3e-5f4731f3e690,1.7773406719403615e+18
69ce9a6f-ea86-4446-bc3e-5f4731f3e690,1.7773406719737044e+18
69ce9a6f-ea86-4446-bc3e-5f4731f3e690,1.7773406720070484e+18
69ce9a6f-ea86-4446-bc3e-5f4731f3e690,1.7773406720403914e+18
69ce9a6f-ea86-4446-bc3e-5f4731f3e690,1.7773406720737347e+18
69ce9a6f-ea86-4446-bc3e-5f4731f3e690,1.7773406721070776e+18
69ce9a6f-ea86-4446-bc3e-5f4731f3e690,1.7773406721404206e+18
69ce9a6f-ea86-4446-bc3e-5f4731f3e690,1.7773406721737636e+18
69ce9a6f-ea86-4446-bc3e-5f4731f3e690,1.7773406722071066e+18
69ce9a6f-ea86-4446-bc3e-5f4731f3e690,1.7773406722404495e+18
69ce9a6f-ea86-4446-bc3e-5f4731f3e690,1.7773406722737925e+18
69ce9a6f-ea86-4446-bc3e-5f4731f3e690,1.7773406723071355e+18
69ce9a6f-ea86-4446-bc3e-5f4731f3e690,1.7773406723404785e+18
69ce9a6f-ea86-4446-bc3e-5f4731f3e690,1.7773406723738214e+18
69ce9a6f-ea86-4446-bc3e-5f4731f3e690,1.7773406724071644e+18
69ce9a6f-ea86-4446-bc3e-5f4731f3e690,1.7773406724405076e+18
69ce9a6f-ea86-4446-bc3e-5f4731f3e690,1.7773406724738506e+18
69ce9a6f-ea86-4446-bc3e-5f4731f3e690,1.7773406725071936e+18
69ce9a6f-ea86-4446-bc3e-5f4731f3e690,1.7773406725405366e+18
69ce9a6f-ea86-4446-bc3e-5f4731f3e690,1.7773406725738806e+18
69ce9a6f-ea86-4446-bc3e-5f4731f3e690,1.7773406726072236e+18
69ce9a6f-ea86-4446-bc3e-5f4731f3e690,1.7773406726405665e+18
69ce9a6f-ea86-4446-bc3e-5f4731f3e690,1.7773406726739095e+18
69ce9a6f-ea86-4446-bc3e-5f4731f3e690,1.7773406727072525e+18
69ce9a6f-ea86-4446-bc3e-5f4731f3e690,1.7773406727405955e+18
69ce9a6f-ea86-4446-bc3e-5f4731f3e690,1.7773406727739384e+18
69ce9a6f-ea86-4446-bc3e-5f4731f3e690,1.7773406728072817e+18
69ce9a6f-ea86-4446-bc3e-5f4731f3e690,1.7773406728406246e+18
69ce9a6f-ea86-4446-bc3e-5f4731f3e690,1.7773406728739676e+18
69ce9a6f-ea86-4446-bc3e-5f4731f3e690,1.7773406729073106e+18
69ce9a6f-ea86-4446-bc3e-5f4731f3e690,1.7773406729406536e+18
69ce9a6f-ea86-4446-bc3e-5f4731f3e690,1.7773406729739965e+18
69ce9a6f-ea86-4446-bc3e-5f4731f3e690,1.7773406730073395e+18
69ce9a6f-ea86-4446-bc3e-5f4731f3e690,1.7773406730406825e+18
69ce9a6f-ea86-4446-bc3e-5f4731f3e690,1.7773406730740255e+18
69ce9a6f-ea86-4446-bc3e-5f4731f3e690,1.7773406731073684e+18
69ce9a6f-ea86-4446-bc3e-5f4731f3e690,1.7773406731407124e+18
69ce9a6f-ea86-4446-bc3e-5f4731f3e690,1.7773406731740554e+18
69ce9a6f-ea86-4446-bc3e-5f4731f3e690,1.7773406732073987e+18
69ce9a6f-ea86-4446-bc3e-5f4731f3e690,1.7773406732407416e+18
69ce9a6f-ea86-4446-bc3e-5f4731f3e690,1.7773406732740846e+18
69ce9a6f-ea86-4446-bc3e-5f4731f3e690,1.7773406733074276e+18
69ce9a6f-ea86-4446-bc3e-5f4731f3e690,1.7773406733407706e+18
69ce9a6f-ea86-4446-bc3e-5f4731f3e690,1.7773406733741135e+18
69ce9a6f-ea86-4446-bc3e-5f4731f3e690,1.7773406734074565e+18
69ce9a6f-ea86-4446-bc3e-5f4731f3e690,1.7773406734407995e+18
69ce9a6f-ea86-4446-bc3e-5f4731f3e690,1.7773406734741425e+18
69ce9a6f-ea86-4446-bc3e-5f4731f3e690,1.7773406735074854e+18
69ce9a6f-ea86-4446-bc3e-5f4731f3e690,1.7773406735408284e+18
69ce9a6f-ea86-4446-bc3e-5f4731f3e690,1.7773406735741716e+18
69ce9a6f-ea86-4446-bc3e-5f4731f3e690,1.7773406736075146e+18
69ce9a6f-ea86-4446-bc3e-5f4731f3e690,1.7773406736408576e+18
69ce9a6f-ea86-4446-bc3e-5f4731f3e690,1.7773406736742016e+18
69ce9a6f-ea86-4446-bc3e-5f4731f3e690,1.7773406737075446e+18
69ce9a6f-ea86-4446-bc3e-5f4731f3e690,1.7773406737408876e+18
69ce9a6f-ea86-4446-bc3e-5f4731f3e690,1.7773406737742305e+18
69ce9a6f-ea86-4446-bc3e-5f4731f3e690,1.7773406738075735e+18
69ce9a6f-ea86-4446-bc3e-5f4731f3e690,1.7773406738409165e+18
69ce9a6f-ea86-4446-bc3e-5f4731f3e690,1.7773406738742595e+18
69ce9a6f-ea86-4446-bc3e-5f4731f3e690,1.7773406739076024e+18
69ce9a6f-ea86-4446-bc3e-5f4731f3e690,1.7773406739409457e+18
69ce9a6f-ea86-4446-bc3e-5f4731f3e690,1.7773406739742886e+18
69ce9a6f-ea86-4446-bc3e-5f4731f3e690,1.7773406740076316e+18
69ce9a6f-ea86-4446-bc3e-5f4731f3e690,1.7773406740409746e+18
69ce9a6f-ea86-4446-bc3e-5f4731f3e690,1.7773406740743176e+18
69ce9a6f-ea86-4446-bc3e-5f4731f3e690,1.7773406741076605e+18
69ce9a6f-ea86-4446-bc3e-5f4731f3e690,1.7773406741410035e+18
69ce9a6f-ea86-4446-bc3e-5f4731f3e690,1.7773406741743465e+18
69ce9a6f-ea86-4446-bc3e-5f4731f3e690,1.7773406742076895e+18
69ce9a6f-ea86-4446-bc3e-5f4731f3e690,1.7773406742410335e+18
69ce9a6f-ea86-4446-bc3e-5f4731f3e690,1.7773406742743764e+18
69ce9a6f-ea86-4446-bc3e-5f4731f3e690,1.7773406743077194e+18
69ce9a6f-ea86-4446-bc3e-5f4731f3e690,1.7773406743410627e+18
69ce9a6f-ea86-4446-bc3e-5f4731f3e690,1.7773406743744056e+18
69ce9a6f-ea86-4446-bc3e-5f4731f3e690,1.7773406744077486e+18
69ce9a6f-ea86-4446-bc3e-5f4731f3e690,1.7773406744410916e+18
69ce9a6f-ea86-4446-bc3e-5f4731f3e690,1.7773406744744346e+18
69ce9a6f-ea86-4446-bc3e-5f4731f3e690,1.7773406745077775e+18
69ce9a6f-ea86-4446-bc3e-5f4731f3e690,1.7773406745411205e+18
69ce9a6f-ea86-4446-bc3e-5f4731f3e690,1.7773406745744635e+18
69ce9a6f-ea86-4446-bc3e-5f4731f3e690,1.7773406746078065e+18
69ce9a6f-ea86-4446-bc3e-5f4731f3e690,1.7773406746411494e+18
69ce9a6f-ea86-4446-bc3e-5f4731f3e690,1.7773406746744924e+18
69ce9a6f-ea86-4446-bc3e-5f4731f3e690,1.7773406747078356e+18
69ce9a6f-ea86-4446-bc3e-5f4731f3e690,1.7773406747411786e+18
69ce9a6f-ea86-4446-bc3e-5f4731f3e690,1.7773406747745216e+18
69ce9a6f-ea86-4446-bc3e-5f4731f3e690,1.7773406748078656e+18
69ce9a6f-ea86-4446-bc3e-5f4731f3e690,1.7773406748412086e+18
69ce9a6f-ea86-4446-bc3e-5f4731f3e690,1.7773406748745516e+18
69ce9a6f-ea86-4446-bc3e-5f4731f3e690,1.7773406749078945e+18
69ce9a6f-ea86-4446-bc3e-5f4731f3e690,1.7773406749412375e+18
69ce9a6f-ea86-4446-bc3e-5f4731f3e690,1.7773406749745805e+18
69ce9a6f-ea86-4446-bc3e-5f4731f3e690,1.7773406750079235e+18
69ce9a6f-ea86-4446-bc3e-5f4731f3e690,1.7773406750412664e+18
69ce9a6f-ea86-4446-bc3e-5f4731f3e690,1.7773406750746097e+18
69ce9a6f-ea86-4446-bc3e-5f4731f3e690,1.7773406751079526e+18
69ce9a6f-ea86-4446-bc3e-5f4731f3e690,1.7773406751412956e+18
69ce9a6f-ea86-4446-bc3e-5f4731f3e690,1.7773406751746386e+18
69ce9a6f-ea86-4446-bc3e-5f4731f3e690,1.7773406752079816e+18
69ce9a6f-ea86-4446-bc3e-5f4731f3e690,1.7773406752413245e+18
69ce9a6f-ea86-4446-bc3e-5f4731f3e690,1.7773406752746675e+18
69ce9a6f-ea86-4446-bc3e-5f4731f3e690,1.7773406753080105e+18
69ce9a6f-ea86-4446-bc3e-5f4731f3e690,1.7773406753413535e+18
69ce9a6f-ea86-4446-bc3e-5f4731f3e690,1.7773406753746975e+18
69ce9a6f-ea86-4446-bc3e-5f4731f3e690,1.7773406754080404e+18
69ce9a6f-ea86-4446-bc3e-5f4731f3e690,1.7773406754413834e+18
69ce9a6f-ea86-4446-bc3e-5f4731f3e690,1.7773406754747267e+18
69ce9a6f-ea86-4446-bc3e-5f4731f3e690,1.7773406755080696e+18
69ce9a6f-ea86-4446-bc3e-5f4731f3e690,1.7773406755414126e+18
69ce9a6f-ea86-4446-bc3e-5f4731f3e690,1.7773406755747556e+18
69ce9a6f-ea86-4446-bc3e-5f4731f3e690,1.7773406756080986e+18
69ce9a6f-ea86-4446-bc3e-5f4731f3e690,1.7773406756414415e+18
69ce9a6f-ea86-4446-bc3e-5f4731f3e690,1.7773406756747845e+18
69ce9a6f-ea86-4446-bc3e-5f4731f3e690,1.7773406757081275e+18
69ce9a6f-ea86-4446-bc3e-5f4731f3e690,1.7773406757414705e+18
69ce9a6f-ea86-4446-bc3e-5f4731f3e690,1.7773406757748134e+18
69ce9a6f-ea86-4446-bc3e-5f4731f3e690,1.7773406758081564e+18
69ce9a6f-ea86-4446-bc3e-5f4731f3e690,1.7773406758414996e+18
69ce9a6f-ea86-4446-bc3e-5f4731f3e690,1.7773406758748426e+18
69ce9a6f-ea86-4446-bc3e-5f4731f3e690,1.7773406759081856e+18
69ce9a6f-ea86-4446-bc3e-5f4731f3e690,1.7773406759415296e+18
69ce9a6f-ea86-4446-bc3e-5f4731f3e690,1.7773406759748726e+18
69ce9a6f-ea86-4446-bc3e-5f4731f3e690,1.7773406760082156e+18
69ce9a6f-ea86-4446-bc3e-5f4731f3e690,1.7773406760415585e+18
69ce9a6f-ea86-4446-bc3e-5f4731f3e690,1.7773406760749015e+18
69ce9a6f-ea86-4446-bc3e-5f4731f3e690,1.7773406761082445e+18
69ce9a6f-ea86-4446-bc3e-5f4731f3e690,1.7773406761415875e+18
69ce9a6f-ea86-4446-bc3e-5f4731f3e690,1.7773406761749304e+18
69ce9a6f-ea86-4446-bc3e-5f4731f3e690,1.7773406762082737e+18
69ce9a6f-ea86-4446-bc3e-5f4731f3e690,1.7773406762416166e+18
69ce9a6f-ea86-4446-bc3e-5f4731f3e690,1.7773406762749596e+18
69ce9a6f-ea86-4446-bc3e-5f4731f3e690,1.7773406763083026e+18
69ce9a6f-ea86-4446-bc3e-5f4731f3e690,1.7773406763416456e+18
69ce9a6f-ea86-4446-bc3e-5f4731f3e690,1.7773406763749885e+18
69ce9a6f-ea86-4446-bc3e-5f4731f3e690,1.7773406764083315e+18
69ce9a6f-ea86-4446-bc3e-5f4731f3e690,1.7773406764416745e+18
69ce9a6f-ea86-4446-bc3e-5f4731f3e690,1.7773406764750185e+18
69ce9a6f-ea86-4446-bc3e-5f4731f3e690,1.7773406765083615e+18
69ce9a6f-ea86-4446-bc3e-5f4731f3e690,1.7773406765417044e+18
69ce9a6f-ea86-4446-bc3e-5f4731f3e690,1.7773406765750474e+18
69ce9a6f-ea86-4446-bc3e-5f4731f3e690,1.7773406766083907e+18
69ce9a6f-ea86-4446-bc3e-5f4731f3e690,1.7773406766417336e+18
69ce9a6f-ea86-4446-bc3e-5f4731f3e690,1.7773406766750766e+18
69ce9a6f-ea86-4446-bc3e-5f4731f3e690,1.7773406767084196e+18
69ce9a6f-ea86-4446-bc3e-5f4731f3e690,1.7773406767417626e+18
69ce9a6f-ea86-4446-bc3e-5f4731f3e690,1.7773406767751055e+18
69ce9a6f-ea86-4446-bc3e-5f4731f3e690,1.7773406768084485e+18
69ce9a6f-ea86-4446-bc3e-5f4731f3e690,1.7773406768417915e+18
69ce9a6f-ea86-4446-bc3e-5f4731f3e690,1.7773406768751345e+18
69ce9a6f-ea86-4446-bc3e-5f4731f3e690,1.7773406769084774e+18
69ce9a6f-ea86-4446-bc3e-5f4731f3e690,1.7773406769418204e+18
69ce9a6f-ea86-4446-bc3e-5f4731f3e690,1.7773406769751636e+18
69ce9a6f-ea86-4446-bc3e-5f4731f3e690,1.7773406770085076e+18
69ce9a6f-ea86-4446-bc3e-5f4731f3e690,1.7773406770418506e+18
69ce9a6f-ea86-4446-bc3e-5f4731f3e690,1.7773406770751936e+18
69ce9a6f-ea86-4446-bc3e-5f4731f3e690,1.7773406771085366e+18
69ce9a6f-ea86-4446-bc3e-5f4731f3e690,1.7773406771418796e+18
69ce9a6f-ea86-4446-bc3e-5f4731f3e690,1.7773406771752225e+18
69ce9a6f-ea86-4446-bc3e-5f4731f3e690,1.7773406772085655e+18
69ce9a6f-ea86-4446-bc3e-5f4731f3e690,1.7773406772419085e+18
69ce9a6f-ea86-4446-bc3e-5f4731f3e690,1.7773406772752515e+18
69ce9a6f-ea86-4446-bc3e-5f4731f3e690,1.7773406773085944e+18
69ce9a6f-ea86-4446-bc3e-5f4731f3e690,1.7773406773419377e+18
69ce9a6f-ea86-4446-bc3e-5f4731f3e690,1.7773406773752806e+18
69ce9a6f-ea86-4446-bc3e-5f4731f3e690,1.7773406774086236e+18
69ce9a6f-ea86-4446-bc3e-5f4731f3e690,1.7773406774419666e+18
69ce9a6f-ea86-4446-bc3e-5f4731f3e690,1.7773406774753096e+18
69ce9a6f-ea86-4446-bc3e-5f4731f3e690,1.7773406775086525e+18
69ce9a6f-ea86-4446-bc3e-5f4731f3e690,1.7773406775419955e+18
69ce9a6f-ea86-4446-bc3e-5f4731f3e690,1.7773406775753395e+18
69ce9a6f-ea86-4446-bc3e-5f4731f3e690,1.7773406776086825e+18
69ce9a6f-ea86-4446-bc3e-5f4731f3e690,1.7773406776420255e+18
69ce9a6f-ea86-4446-bc3e-5f4731f3e690,1.7773406776753684e+18
69ce9a6f-ea86-4446-bc3e-5f4731f3e690,1.7773406777087114e+18
69ce9a6f-ea86-4446-bc3e-5f4731f3e690,1.7773406777420547e+18
69ce9a6f-ea86-4446-bc3e-5f4731f3e690,1.7773406777753976e+18
69ce9a6f-ea86-4446-bc3e-5f4731f3e690,1.7773406778087406e+18
69ce9a6f-ea86-4446-bc3e-5f4731f3e690,1.7773406778420836e+18
69ce9a6f-ea86-4446-bc3e-5f4731f3e690,1.7773406778754266e+18
69ce9a6f-ea86-4446-bc3e-5f4731f3e690,1.7773406779087695e+18
69ce9a6f-ea86-4446-bc3e-5f4731f3e690,1.7773406779421125e+18
69ce9a6f-ea86-4446-bc3e-5f4731f3e690,1.7773406779754555e+18
69ce9a6f-ea86-4446-bc3e-5f4731f3e690,1.7773406780087985e+18
69ce9a6f-ea86-4446-bc3e-5f4731f3e690,1.7773406780421414e+18
69ce9a6f-ea86-4446-bc3e-5f4731f3e690,1.7773406780754844e+18
69ce9a6f-ea86-4446-bc3e-5f4731f3e690,1.7773406781088276e+18
69ce9a6f-ea86-4446-bc3e-5f4731f3e690,1.7773406781421716e+18
69ce9a6f-ea86-4446-bc3e-5f4731f3e690,1.7773406781755146e+18
69ce9a6f-ea86-4446-bc3e-5f4731f3e690,1.7773406782088576e+18
69ce9a6f-ea86-4446-bc3e-5f4731f3e690,1.7773406782422006e+18
69ce9a6f-ea86-4446-bc3e-5f4731f3e690,1.7773406782755436e+18
69ce9a6f-ea86-4446-bc3e-5f4731f3e690,1.7773406783088865e+18
69ce9a6f-ea86-4446-bc3e-5f4731f3e690,1.7773406783422295e+18
69ce9a6f-ea86-4446-bc3e-5f4731f3e690,1.7773406783755725e+18
69ce9a6f-ea86-4446-bc3e-5f4731f3e690,1.7773406784089155e+18
69ce9a6f-ea86-4446-bc3e-5f4731f3e690,1.7773406784422584e+18
69ce9a6f-ea86-4446-bc3e-5f4731f3e690,1.7773406784756017e+18
69ce9a6f-ea86-4446-bc3e-5f4731f3e690,1.7773406785089446e+18
69ce9a6f-ea86-4446-bc3e-5f4731f3e690,1.7773406785422876e+18
69ce9a6f-ea86-4446-bc3e-5f4731f3e690,1.7773406785756306e+18
69ce9a6f-ea86-4446-bc3e-5f4731f3e690,1.7773406786089736e+18
69ce9a6f-ea86-4446-bc3e-5f4731f3e690,1.7773406786423165e+18
69ce9a6f-ea86-4446-bc3e-5f4731f3e690,1.7773406786756595e+18
69ce9a6f-ea86-4446-bc3e-5f4731f3e690,1.7773406787090035e+18
69ce9a6f-ea86-4446-bc3e-5f4731f3e690,1.7773406787423465e+18
69ce9a6f-ea86-4446-bc3e-5f4731f3e690,1.7773406787756895e+18
69ce9a6f-ea86-4446-bc3e-5f4731f3e690,1.7773406788090324e+18
69ce9a6f-ea86-4446-bc3e-5f4731f3e690,1.7773406788423754e+18
69ce9a6f-ea86-4446-bc3e-5f4731f3e690,1.7773406788757187e+18
69ce9a6f-ea86-4446-bc3e-5f4731f3e690,1.7773406789090616e+18
69ce9a6f-ea86-4446-bc3e-5f4731f3e690,1.7773406789424046e+18
69ce9a6f-ea86-4446-bc3e-5f4731f3e690,1.7773406789757476e+18
69ce9a6f-ea86-4446-bc3e-5f4731f3e690,1.7773406790090906e+18
69ce9a6f-ea86-4446-bc3e-5f4731f3e690,1.7773406790424335e+18
69ce9a6f-ea86-4446-bc3e-5f4731f3e690,1.7773406790757765e+18
69ce9a6f-ea86-4446-bc3e-5f4731f3e690,1.7773406791091195e+18
69ce9a6f-ea86-4446-bc3e-5f4731f3e690,1.7773406791424625e+18
69ce9a6f-ea86-4446-bc3e-5f4731f3e690,1.7773406791758054e+18
69ce9a6f-ea86-4446-bc3e-5f4731f3e690,1.7773406792091484e+18
69ce9a6f-ea86-4446-bc3e-5f4731f3e690,1.7773406792424916e+18
69ce9a6f-ea86-4446-bc3e-5f4731f3e690,1.7773406792758356e+18
69ce9a6f-ea86-4446-bc3e-5f4731f3e690,1.7773406793091786e+18
69ce9a6f-ea86-4446-bc3e-5f4731f3e690,1.7773406793425216e+18
69ce9a6f-ea86-4446-bc3e-5f4731f3e690,1.7773406793758646e+18
69ce9a6f-ea86-4446-bc3e-5f4731f3e690,1.7773406794092076e+18
69ce9a6f-ea86-4446-bc3e-5f4731f3e690,1.7773406794425505e+18
69ce9a6f-ea86-4446-bc3e-5f4731f3e690,1.7773406794758935e+18
69ce9a6f-ea86-4446-bc3e-5f4731f3e690,1.7773406795092365e+18
69ce9a6f-ea86-4446-bc3e-5f4731f3e690,1.7773406795425795e+18
69ce9a6f-ea86-4446-bc3e-5f4731f3e690,1.7773406795759224e+18
69ce9a6f-ea86-4446-bc3e-5f4731f3e690,1.7773406796092657e+18
69ce9a6f-ea86-4446-bc3e-5f4731f3e690,1.7773406796426086e+18
69ce9a6f-ea86-4446-bc3e-5f4731f3e690,1.7773406796759516e+18
69ce9a6f-ea86-4446-bc3e-5f4731f3e690,1.7773406797092946e+18
69ce9a6f-ea86-4446-bc3e-5f4731f3e690,1.7773406797426376e+18
69ce9a6f-ea86-4446-bc3e-5f4731f3e690,1.7773406797759805e+18
69ce9a6f-ea86-4446-bc3e-5f4731f3e690,1.7773406798093245e+18
69ce9a6f-ea86-4446-bc3e-5f4731f3e690,1.7773406798426675e+18
69ce9a6f-ea86-4446-bc3e-5f4731f3e690,1.7773406798760105e+18
69ce9a6f-ea86-4446-bc3e-5f4731f3e690,1.7773406799093535e+18
69ce9a6f-ea86-4446-bc3e-5f4731f3e690,1.7773406799426964e+18
69ce9a6f-ea86-4446-bc3e-5f4731f3e690,1.7773406799760394e+18
69ce9a6f-ea86-4446-bc3e-5f4731f3e690,1.7773406800093827e+18
69ce9a6f-ea86-4446-bc3e-5f4731f3e690,1.7773406800427256e+18
69ce9a6f-ea86-4446-bc3e-5f4731f3e690,1.7773406800760686e+18
69ce9a6f-ea86-4446-bc3e-5f4731f3e690,1.7773406801094116e+18
69ce9a6f-ea86-4446-bc3e-5f4731f3e690,1.7773406801427546e+18
69ce9a6f-ea86-4446-bc3e-5f4731f3e690,1.7773406801760975e+18
69ce9a6f-ea86-4446-bc3e-5f4731f3e690,1.7773406802094405e+18
69ce9a6f-ea86-4446-bc3e-5f4731f3e690,1.7773406802427835e+18
69ce9a6f-ea86-4446-bc3e-5f4731f3e690,1.7773406802761265e+18
69ce9a6f-ea86-4446-bc3e-5f4731f3e690,1.7773406803094694e+18
69ce9a6f-ea86-4446-bc3e-5f4731f3e690,1.7773406803428134e+18
69ce9a6f-ea86-4446-bc3e-5f4731f3e690,1.7773406803761564e+18
69ce9a6f-ea86-4446-bc3e-5f4731f3e690,1.7773406804094996e+18
69ce9a6f-ea86-4446-bc3e-5f4731f3e690,1.7773406804428426e+18
69ce9a6f-ea86-4446-bc3e-5f4731f3e690,1.7773406804761856e+18
69ce9a6f-ea86-4446-bc3e-5f4731f3e690,1.7773406805095286e+18
69ce9a6f-ea86-4446-bc3e-5f4731f3e690,1.7773406805428716e+18
69ce9a6f-ea86-4446-bc3e-5f4731f3e690,1.7773406805762145e+18
69ce9a6f-ea86-4446-bc3e-5f4731f3e690,1.7773406806095575e+18
69ce9a6f-ea86-4446-bc3e-5f4731f3e690,1.7773406806429005e+18
69ce9a6f-ea86-4446-bc3e-5f4731f3e690,1.7773406806762435e+18
69ce9a6f-ea86-4446-bc3e-5f4731f3e690,1.7773406807095864e+18
69ce9a6f-ea86-4446-bc3e-5f4731f3e690,1.7773406807429297e+18
69ce9a6f-ea86-4446-bc3e-5f4731f3e690,1.7773406807762726e+18
69ce9a6f-ea86-4446-bc3e-5f4731f3e690,1.7773406808096156e+18
69ce9a6f-ea86-4446-bc3e-5f4731f3e690,1.7773406808429586e+18
69ce9a6f-ea86-4446-bc3e-5f4731f3e690,1.7773406808763016e+18
69ce9a6f-ea86-4446-bc3e-5f4731f3e690,1.7773406809096456e+18
69ce9a6f-ea86-4446-bc3e-5f4731f3e690,1.7773406809429885e+18
69ce9a6f-ea86-4446-bc3e-5f4731f3e690,1.7773406809763315e+18
69ce9a6f-ea86-4446-bc3e-5f4731f3e690,1.7773406810096745e+18
69ce9a6f-ea86-4446-bc3e-5f4731f3e690,1.7773406810430175e+18
69ce9a6f-ea86-4446-bc3e-5f4731f3e690,1.7773406810763604e+18
69ce9a6f-ea86-4446-bc3e-5f4731f3e690,1.7773406811097034e+18
69ce9a6f-ea86-4446-bc3e-5f4731f3e690,1.7773406811430467e+18
69ce9a6f-ea86-4446-bc3e-5f4731f3e690,1.7773406811763896e+18
69ce9a6f-ea86-4446-bc3e-5f4731f3e690,1.7773406812097326e+18
69ce9a6f-ea86-4446-bc3e-5f4731f3e690,1.7773406812430756e+18
69ce9a6f-ea86-4446-bc3e-5f4731f3e690,1.7773406812764186e+18
69ce9a6f-ea86-4446-bc3e-5f4731f3e690,1.7773406813097615e+18
69ce9a6f-ea86-4446-bc3e-5f4731f3e690,1.7773406813431045e+18
69ce9a6f-ea86-4446-bc3e-5f4731f3e690,1.7773406813764475e+18
69ce9a6f-ea86-4446-bc3e-5f4731f3e690,1.7773406814097905e+18
69ce9a6f-ea86-4446-bc3e-5f4731f3e690,1.7773406814431334e+18
69ce9a6f-ea86-4446-bc3e-5f4731f3e690,1.7773406814764774e+18
69ce9a6f-ea86-4446-bc3e-5f4731f3e690,1.7773406815098204e+18
69ce9a6f-ea86-4446-bc3e-5f4731f3e690,1.7773406815431636e+18
69ce9a6f-ea86-4446-bc3e-5f4731f3e690,1.7773406815765066e+18
69ce9a6f-ea86-4446-bc3e-5f4731f3e690,1.7773406816098496e+18
69ce9a6f-ea86-4446-bc3e-5f4731f3e690,1.7773406816431926e+18
69ce9a6f-ea86-4446-bc3e-5f4731f3e690,1.7773406816765356e+18
69ce9a6f-ea86-4446-bc3e-5f4731f3e690,1.7773406817098785e+18
69ce9a6f-ea86-4446-bc3e-5f4731f3e690,1.7773406817432215e+18
69ce9a6f-ea86-4446-bc3e-5f4731f3e690,1.7773406817765645e+18
69ce9a6f-ea86-4446-bc3e-5f4731f3e690,1.7773406818099075e+18
69ce9a6f-ea86-4446-bc3e-5f4731f3e690,1.7773406818432504e+18
69ce9a6f-ea86-4446-bc3e-5f4731f3e690,1.7773406818765937e+18
69ce9a6f-ea86-4446-bc3e-5f4731f3e690,1.7773406819099366e+18
69ce9a6f-ea86-4446-bc3e-5f4731f3e690,1.7773406819432796e+18
69ce9a6f-ea86-4446-bc3e-5f4731f3e690,1.7773406819766226e+18
69ce9a6f-ea86-4446-bc3e-5f4731f3e690,1.7773406820099656e+18
69ce9a6f-ea86-4446-bc3e-5f4731f3e690,1.7773406820433096e+18
69ce9a6f-ea86-4446-bc3e-5f4731f3e690,1.7773406820766525e+18
69ce9a6f-ea86-4446-bc3e-5f4731f3e690,1.7773406821099955e+18
69ce9a6f-ea86-4446-bc3e-5f4731f3e690,1.7773406821433385e+18
69ce9a6f-ea86-4446-bc3e-5f4731f3e690,1.7773406821766815e+18
69ce9a6f-ea86-4446-bc3e-5f4731f3e690,1.7773406822100244e+18
69ce9a6f-ea86-4446-bc3e-5f4731f3e690,1.7773406822433674e+18
69ce9a6f-ea86-4446-bc3e-5f4731f3e690,1.7773406822767107e+18
69ce9a6f-ea86-4446-bc3e-5f4731f3e690,1.7773406823100536e+18
69ce9a6f-ea86-4446-bc3e-5f4731f3e690,1.7773406823433966e+18
69ce9a6f-ea86-4446-bc3e-5f4731f3e690,1.7773406823767396e+18
69ce9a6f-ea86-4446-bc3e-5f4731f3e690,1.7773406824100826e+18
69ce9a6f-ea86-4446-bc3e-5f4731f3e690,1.7773406824434255e+18
69ce9a6f-ea86-4446-bc3e-5f4731f3e690,1.7773406824767685e+18
69ce9a6f-ea86-4446-bc3e-5f4731f3e690,1.7773406825101115e+18
69ce9a6f-ea86-4446-bc3e-5f4731f3e690,1.7773406825434545e+18
69ce9a6f-ea86-4446-bc3e-5f4731f3e690,1.7773406825767974e+18
69ce9a6f-ea86-4446-bc3e-5f4731f3e690,1.7773406826101414e+18
69ce9a6f-ea86-4446-bc3e-5f4731f3e690,1.7773406826434844e+18
69ce9a6f-ea86-4446-bc3e-5f4731f3e690,1.7773406826768276e+18
69ce9a6f-ea86-4446-bc3e-5f4731f3e690,1.7773406827101706e+18
69ce9a6f-ea86-4446-bc3e-5f4731f3e690,1.7773406827435136e+18
69ce9a6f-ea86-4446-bc3e-5f4731f3e690,1.7773406827768566e+18
69ce9a6f-ea86-4446-bc3e-5f4731f3e690,1.7773406828101996e+18
69ce9a6f-ea86-4446-bc3e-5f4731f3e690,1.7773406828435425e+18
69ce9a6f-ea86-4446-bc3e-5f4731f3e690,1.7773406828768855e+18
69ce9a6f-ea86-4446-bc3e-5f4731f3e690,1.7773406829102285e+18
69ce9a6f-ea86-4446-bc3e-5f4731f3e690,1.7773406829435715e+18
69ce9a6f-ea86-4446-bc3e-5f4731f3e690,1.7773406829769144e+18
69ce9a6f-ea86-4446-bc3e-5f4731f3e690,1.7773406830102577e+18
69ce9a6f-ea86-4446-bc3e-5f4731f3e690,1.7773406830436006e+18
69ce9a6f-ea86-4446-bc3e-5f4731f3e690,1.7773406830769436e+18
69ce9a6f-ea86-4446-bc3e-5f4731f3e690,1.7773406831102866e+18
69ce9a6f-ea86-4446-bc3e-5f4731f3e690,1.7773406831436306e+18
69ce9a6f-ea86-4446-bc3e-5f4731f3e690,1.7773406831769736e+18
69ce9a6f-ea86-4446-bc3e-5f4731f3e690,1.7773406832103165e+18
69ce9a6f-ea86-4446-bc3e-5f4731f3e690,1.7773406832436595e+18
69ce9a6f-ea86-4446-bc3e-5f4731f3e690,1.7773406832770025e+18
69ce9a6f-ea86-4446-bc3e-5f4731f3e690,1.7773406833103455e+18
69ce9a6f-ea86-4446-bc3e-5f4731f3e690,1.7773406833436884e+18
69ce9a6f-ea86-4446-bc3e-5f4731f3e690,1.7773406833770314e+18
69ce9a6f-ea86-4446-bc3e-5f4731f3e690,1.7773406834103747e+18
69ce9a6f-ea86-4446-bc3e-5f4731f3e690,1.7773406834437176e+18
69ce9a6f-ea86-4446-bc3e-5f4731f3e690,1.7773406834770606e+18
69ce9a6f-ea86-4446-bc3e-5f4731f3e690,1.7773406835104036e+18
69ce9a6f-ea86-4446-bc3e-5f4731f3e690,1.7773406835437466e+18
69ce9a6f-ea86-4446-bc3e-5f4731f3e690,1.7773406835770895e+18
69ce9a6f-ea86-4446-bc3e-5f4731f3e690,1.7773406836104325e+18
69ce9a6f-ea86-4446-bc3e-5f4731f3e690,1.7773406836437755e+18
69ce9a6f-ea86-4446-bc3e-5f4731f3e690,1.7773406836771185e+18
69ce9a6f-ea86-4446-bc3e-5f4731f3e690,1.7773406837104625e+18
69ce9a6f-ea86-4446-bc3e-5f4731f3e690,1.7773406837438054e+18
69ce9a6f-ea86-4446-bc3e-5f4731f3e690,1.7773406837771484e+18
69ce9a6f-ea86-4446-bc3e-5f4731f3e690,1.7773406838104916e+18
69ce9a6f-ea86-4446-bc3e-5f4731f3e690,1.7773406838438346e+18
69ce9a6f-ea86-4446-bc3e-5f4731f3e690,1.7773406838771776e+18
69ce9a6f-ea86-4446-bc3e-5f4731f3e690,1.7773406839105206e+18
69ce9a6f-ea86-4446-bc3e-5f4731f3e690,1.7773406839438636e+18
69ce9a6f-ea86-4446-bc3e-5f4731f3e690,1.7773406839772065e+18
69ce9a6f-ea86-4446-bc3e-5f4731f3e690,1.7773406840105495e+18
69ce9a6f-ea86-4446-bc3e-5f4731f3e690,1.7773406840438925e+18
69ce9a6f-ea86-4446-bc3e-5f4731f3e690,1.7773406840772355e+18
69ce9a6f-ea86-4446-bc3e-5f4731f3e690,1.7773406841105784e+18
69ce9a6f-ea86-4446-bc3e-5f4731f3e690,1.7773406841439217e+18
69ce9a6f-ea86-4446-bc3e-5f4731f3e690,1.7773406841772646e+18
69ce9a6f-ea86-4446-bc3e-5f4731f3e690,1.7773406842106076e+18
69ce9a6f-ea86-4446-bc3e-5f4731f3e690,1.7773406842439506e+18
69ce9a6f-ea86-4446-bc3e-5f4731f3e690,1.7773406842772946e+18
69ce9a6f-ea86-4446-bc3e-5f4731f3e690,1.7773406843106376e+18
69ce9a6f-ea86-4446-bc3e-5f4731f3e690,1.7773406843439805e+18
69ce9a6f-ea86-4446-bc3e-5f4731f3e690,1.7773406843773235e+18
69ce9a6f-ea86-4446-bc3e-5f4731f3e690,1.7773406844106665e+18
69ce9a6f-ea86-4446-bc3e-5f4731f3e690,1.7773406844440095e+18
69ce9a6f-ea86-4446-bc3e-5f4731f3e690,1.7773406844773524e+18
69ce9a6f-ea86-4446-bc3e-5f4731f3e690,1.7773406845106954e+18
69ce9a6f-ea86-4446-bc3e-5f4731f3e690,1.7773406845440387e+18
69ce9a6f-ea86-4446-bc3e-5f4731f3e690,1.7773406845773816e+18
69ce9a6f-ea86-4446-bc3e-5f4731f3e690,1.7773406846107246e+18
69ce9a6f-ea86-4446-bc3e-5f4731f3e690,1.7773406846440676e+18
69ce9a6f-ea86-4446-bc3e-5f4731f3e690,1.7773406846774106e+18
69ce9a6f-ea86-4446-bc3e-5f4731f3e690,1.7773406847107535e+18
69ce9a6f-ea86-4446-bc3e-5f4731f3e690,1.7773406847440965e+18
69ce9a6f-ea86-4446-bc3e-5f4731f3e690,1.7773406847774395e+18
69ce9a6f-ea86-4446-bc3e-5f4731f3e690,1.7773406848107825e+18
69ce9a6f-ea86-4446-bc3e-5f4731f3e690,1.7773406848441265e+18
69ce9a6f-ea86-4446-bc3e-5f4731f3e690,1.7773406848774694e+18
69ce9a6f-ea86-4446-bc3e-5f4731f3e690,1.7773406849108124e+18
69ce9a6f-ea86-4446-bc3e-5f4731f3e690,1.7773406849441556e+18
69ce9a6f-ea86-4446-bc3e-5f4731f3e690,1.7773406849774986e+18
69ce9a6f-ea86-4446-bc3e-5f4731f3e690,1.7773406850108416e+18
69ce9a6f-ea86-4446-bc3e-5f4731f3e690,1.7773406850441846e+18
69ce9a6f-ea86-4446-bc3e-5f4731f3e690,1.7773406850775276e+18
69ce9a6f-ea86-4446-bc3e-5f4731f3e690,1.7773406851108705e+18
69ce9a6f-ea86-4446-bc3e-5f4731f3e690,1.7773406851442135e+18
69ce9a6f-ea86-4446-bc3e-5f4731f3e690,1.7773406851775565e+18
69ce9a6f-ea86-4446-bc3e-5f4731f3e690,1.7773406852108995e+18
69ce9a6f-ea86-4446-bc3e-5f4731f3e690,1.7773406852442424e+18
69ce9a6f-ea86-4446-bc3e-5f4731f3e690,1.7773406852775857e+18
69ce9a6f-ea86-4446-bc3e-5f4731f3e690,1.7773406853109286e+18
69ce9a6f-ea86-4446-bc3e-5f4731f3e690,1.7773406853442716e+18
69ce9a6f-ea86-4446-bc3e-5f4731f3e690,1.7773406853776156e+18
69ce9a6f-ea86-4446-bc3e-5f4731f3e690,1.7773406854109586e+18
69ce9a6f-ea86-4446-bc3e-5f4731f3e690,1.7773406854443016e+18
69ce9a6f-ea86-4446-bc3e-5f4731f3e690,1.7773406854776445e+18
69ce9a6f-ea86-4446-bc3e-5f4731f3e690,1.7773406855109875e+18
69ce9a6f-ea86-4446-bc3e-5f4731f3e690,1.7773406855443305e+18
69ce9a6f-ea86-4446-bc3e-5f4731f3e690,1.7773406855776735e+18
69ce9a6f-ea86-4446-bc3e-5f4731f3e690,1.7773406856110164e+18
69ce9a6f-ea86-4446-bc3e-5f4731f3e690,1.7773406856443594e+18
69ce9a6f-ea86-4446-bc3e-5f4731f3e690,1.7773406856777027e+18
69ce9a6f-ea86-4446-bc3e-5f4731f3e690,1.7773406857110456e+18
69ce9a6f-ea86-4446-bc3e-5f4731f3e690,1.7773406857443886e+18
69ce9a6f-ea86-4446-bc3e-5f4731f3e690,1.7773406857777316e+18
69ce9a6f-ea86-4446-bc3e-5f4731f3e690,1.7773406858110746e+18
69ce9a6f-ea86-4446-bc3e-5f4731f3e690,1.7773406858444175e+18
69ce9a6f-ea86-4446-bc3e-5f4731f3e690,1.7773406858777605e+18
69ce9a6f-ea86-4446-bc3e-5f4731f3e690,1.7773406859111035e+18
69ce9a6f-ea86-4446-bc3e-5f4731f3e690,1.7773406859444475e+18
69ce9a6f-ea86-4446-bc3e-5f4731f3e690,1.7773406859777905e+18
69ce9a6f-ea86-4446-bc3e-5f4731f3e690,1.7773406860111334e+18
69ce9a6f-ea86-4446-bc3e-5f4731f3e690,1.7773406860444764e+18
69ce9a6f-ea86-4446-bc3e-5f4731f3e690,1.7773406860778196e+18
69ce9a6f-ea86-4446-bc3e-5f4731f3e690,1.7773406861111626e+18
69ce9a6f-ea86-4446-bc3e-5f4731f3e690,1.7773406861445056e+18
69ce9a6f-ea86-4446-bc3e-5f4731f3e690,1.7773406861778486e+18
69ce9a6f-ea86-4446-bc3e-5f4731f3e690,1.7773406862111916e+18
69ce9a6f-ea86-4446-bc3e-5f4731f3e690,1.7773406862445345e+18
69ce9a6f-ea86-4446-bc3e-5f4731f3e690,1.7773406862778775e+18
69ce9a6f-ea86-4446-bc3e-5f4731f3e690,1.7773406863112205e+18
69ce9a6f-ea86-4446-bc3e-5f4731f3e690,1.7773406863445635e+18
69ce9a6f-ea86-4446-bc3e-5f4731f3e690,1.7773406863779064e+18
69ce9a6f-ea86-4446-bc3e-5f4731f3e690,1.7773406864112497e+18
69ce9a6f-ea86-4446-bc3e-5f4731f3e690,1.7773406864445926e+18
69ce9a6f-ea86-4446-bc3e-5f4731f3e690,1.7773406864779366e+18
69ce9a6f-ea86-4446-bc3e-5f4731f3e690,1.7773406865112796e+18
69ce9a6f-ea86-4446-bc3e-5f4731f3e690,1.7773406865446226e+18
69ce9a6f-ea86-4446-bc3e-5f4731f3e690,1.7773406865779656e+18
69ce9a6f-ea86-4446-bc3e-5f4731f3e690,1.7773406866113085e+18
69ce9a6f-ea86-4446-bc3e-5f4731f3e690,1.7773406866446515e+18
69ce9a6f-ea86-4446-bc3e-5f4731f3e690,1.7773406866779945e+18
69ce9a6f-ea86-4446-bc3e-5f4731f3e690,1.7773406867113375e+18
69ce9a6f-ea86-4446-bc3e-5f4731f3e690,1.7773406867446804e+18
69ce9a6f-ea86-4446-bc3e-5f4731f3e690,1.7773406867780234e+18
69ce9a6f-ea86-4446-bc3e-5f4731f3e690,1.7773406868113667e+18
69ce9a6f-ea86-4446-bc3e-5f4731f3e690,1.7773406868447096e+18
69ce9a6f-ea86-4446-bc3e-5f4731f3e690,1.7773406868780526e+18
69ce9a6f-ea86-4446-bc3e-5f4731f3e690,1.7773406869113956e+18
69ce9a6f-ea86-4446-bc3e-5f4731f3e690,1.7773406869447386e+18
69ce9a6f-ea86-4446-bc3e-5f4731f3e690,1.7773406869780815e+18
69ce9a6f-ea86-4446-bc3e-5f4731f3e690,1.7773406870114245e+18
69ce9a6f-ea86-4446-bc3e-5f4731f3e690,1.7773406870447685e+18
69ce9a6f-ea86-4446-bc3e-5f4731f3e690,1.7773406870781115e+18
69ce9a6f-ea86-4446-bc3e-5f4731f3e690,1.7773406871114545e+18
69ce9a6f-ea86-4446-bc3e-5f4731f3e690,1.7773406871447974e+18
69ce9a6f-ea86-4446-bc3e-5f4731f3e690,1.7773406871781404e+18
69ce9a6f-ea86-4446-bc3e-5f4731f3e690,1.7773406872114836e+18
69ce9a6f-ea86-4446-bc3e-5f4731f3e690,1.7773406872448266e+18
69ce9a6f-ea86-4446-bc3e-5f4731f3e690,1.7773406872781696e+18
69ce9a6f-ea86-4446-bc3e-5f4731f3e690,1.7773406873115126e+18
69ce9a6f-ea86-4446-bc3e-5f4731f3e690,1.7773406873448556e+18
69ce9a6f-ea86-4446-bc3e-5f4731f3e690,1.7773406873781985e+18
69ce9a6f-ea86-4446-bc3e-5f4731f3e690,1.7773406874115415e+18
69ce9a6f-ea86-4446-bc3e-5f4731f3e690,1.7773406874448845e+18
69ce9a6f-ea86-4446-bc3e-5f4731f3e690,1.7773406874782275e+18
69ce9a6f-ea86-4446-bc3e-5f4731f3e690,1.7773406875115704e+18
69ce9a6f-ea86-4446-bc3e-5f4731f3e690,1.7773406875449137e+18
69ce9a6f-ea86-4446-bc3e-5f4731f3e690,1.7773406875782566e+18
69ce9a6f-ea86-4446-bc3e-5f4731f3e690,1.7773406876116006e+18
69ce9a6f-ea86-4446-bc3e-5f4731f3e690,1.7773406876449436e+18
69ce9a6f-ea86-4446-bc3e-5f4731f3e690,1.7773406876782866e+18
69ce9a6f-ea86-4446-bc3e-5f4731f3e690,1.7773406877116296e+18
69ce9a6f-ea86-4446-bc3e-5f4731f3e690,1.7773406877449725e+18
69ce9a6f-ea86-4446-bc3e-5f4731f3e690,1.7773406877783155e+18
69ce9a6f-ea86-4446-bc3e-5f4731f3e690,1.7773406878116585e+18
69ce9a6f-ea86-4446-bc3e-5f4731f3e690,1.7773406878450015e+18
69ce9a6f-ea86-4446-bc3e-5f4731f3e690,1.7773406878783444e+18
69ce9a6f-ea86-4446-bc3e-5f4731f3e690,1.7773406879116874e+18
69ce9a6f-ea86-4446-bc3e-5f4731f3e690,1.7773406879450307e+18
69ce9a6f-ea86-4446-bc3e-5f4731f3e690,1.7773406879783736e+18
69ce9a6f-ea86-4446-bc3e-5f4731f3e690,1.7773406880117166e+18
69ce9a6f-ea86-4446-bc3e-5f4731f3e690,1.7773406880450596e+18
69ce9a6f-ea86-4446-bc3e-5f4731f3e690,1.7773406880784026e+18
69ce9a6f-ea86-4446-bc3e-5f4731f3e690,1.7773406881117455e+18
69ce9a6f-ea86-4446-bc3e-5f4731f3e690,1.7773406881450885e+18
69ce9a6f-ea86-4446-bc3e-5f4731f3e690,1.7773406881784325e+18
69ce9a6f-ea86-4446-bc3e-5f4731f3e690,1.7773406882117755e+18
69ce9a6f-ea86-4446-bc3e-5f4731f3e690,1.7773406882451185e+18
69ce9a6f-ea86-4446-bc3e-5f4731f3e690,1.7773406882784614e+18
69ce9a6f-ea86-4446-bc3e-5f4731f3e690,1.7773406883118044e+18
69ce9a6f-ea86-4446-bc3e-5f4731f3e690,1.7773406883451476e+18
69ce9a6f-ea86-4446-bc3e-5f4731f3e690,1.7773406883784906e+18
69ce9a6f-ea86-4446-bc3e-5f4731f3e690,1.7773406884118336e+18
69ce9a6f-ea86-4446-bc3e-5f4731f3e690,1.7773406884451766e+18
69ce9a6f-ea86-4446-bc3e-5f4731f3e690,1.7773406884785196e+18
69ce9a6f-ea86-4446-bc3e-5f4731f3e690,1.7773406885118625e+18
69ce9a6f-ea86-4446-bc3e-5f4731f3e690,1.7773406885452055e+18
69ce9a6f-ea86-4446-bc3e-5f4731f3e690,1.7773406885785485e+18
69ce9a6f-ea86-4446-bc3e-5f4731f3e690,1.7773406886118915e+18
69ce9a6f-ea86-4446-bc3e-5f4731f3e690,1.7773406886452344e+18
69ce9a6f-ea86-4446-bc3e-5f4731f3e690,1.7773406886785777e+18
69ce9a6f-ea86-4446-bc3e-5f4731f3e690,1.7773406887119206e+18
69ce9a6f-ea86-4446-bc3e-5f4731f3e690,1.7773406887452646e+18
69ce9a6f-ea86-4446-bc3e-5f4731f3e690,1.7773406887786076e+18
69ce9a6f-ea86-4446-bc3e-5f4731f3e690,1.7773406888119506e+18
69ce9a6f-ea86-4446-bc3e-5f4731f3e690,1.7773406888452936e+18
69ce9a6f-ea86-4446-bc3e-5f4731f3e690,1.7773406888786365e+18
69ce9a6f-ea86-4446-bc3e-5f4731f3e690,1.7773406889119795e+18
69ce9a6f-ea86-4446-bc3e-5f4731f3e690,1.7773406889453225e+18
69ce9a6f-ea86-4446-bc3e-5f4731f3e690,1.7773406889786655e+18
69ce9a6f-ea86-4446-bc3e-5f4731f3e690,1.7773406890120084e+18
69ce9a6f-ea86-4446-bc3e-5f4731f3e690,1.7773406890453514e+18
69ce9a6f-ea86-4446-bc3e-5f4731f3e690,1.7773406890786947e+18
69ce9a6f-ea86-4446-bc3e-5f4731f3e690,1.7773406891120376e+18
69ce9a6f-ea86-4446-bc3e-5f4731f3e690,1.7773406891453806e+18
69ce9a6f-ea86-4446-bc3e-5f4731f3e690,1.7773406891787236e+18
69ce9a6f-ea86-4446-bc3e-5f4731f3e690,1.7773406892120666e+18
69ce9a6f-ea86-4446-bc3e-5f4731f3e690,1.7773406892454095e+18
69ce9a6f-ea86-4446-bc3e-5f4731f3e690,1.7773406892787525e+18
69ce9a6f-ea86-4446-bc3e-5f4731f3e690,1.7773406893120965e+18
69ce9a6f-ea86-4446-bc3e-5f4731f3e690,1.7773406893454395e+18
69ce9a6f-ea86-4446-bc3e-5f4731f3e690,1.7773406893787825e+18
69ce9a6f-ea86-4446-bc3e-5f4731f3e690,1.7773406894121254e+18
69ce9a6f-ea86-4446-bc3e-5f4731f3e690,1.7773406894454684e+18
69ce9a6f-ea86-4446-bc3e-5f4731f3e690,1.7773406894788116e+18
69ce9a6f-ea86-4446-bc3e-5f4731f3e690,1.7773406895121546e+18
69ce9a6f-ea86-4446-bc3e-5f4731f3e690,1.7773406895454976e+18
69ce9a6f-ea86-4446-bc3e-5f4731f3e690,1.7773406895788406e+18
69ce9a6f-ea86-4446-bc3e-5f4731f3e690,1.7773406896121836e+18
69ce9a6f-ea86-4446-bc3e-5f4731f3e690,1.7773406896455265e+18
69ce9a6f-ea86-4446-bc3e-5f4731f3e690,1.7773406896788695e+18
69ce9a6f-ea86-4446-bc3e-5f4731f3e690,1.7773406897122125e+18
69ce9a6f-ea86-4446-bc3e-5f4731f3e690,1.7773406897455555e+18
69ce9a6f-ea86-4446-bc3e-5f4731f3e690,1.7773406897788984e+18
69ce9a6f-ea86-4446-bc3e-5f4731f3e690,1.7773406898122424e+18
69ce9a6f-ea86-4446-bc3e-5f4731f3e690,1.7773406898455857e+18
69ce9a6f-ea86-4446-bc3e-5f4731f3e690,1.7773406898789286e+18
69ce9a6f-ea86-4446-bc3e-5f4731f3e690,1.7773406899122716e+18
69ce9a6f-ea86-4446-bc3e-5f4731f3e690,1.7773406899456146e+18
69ce9a6f-ea86-4446-bc3e-5f4731f3e690,1.7773406899789576e+18
69ce9a6f-ea86-4446-bc3e-5f4731f3e690,1.7773406900123005e+18
69ce9a6f-ea86-4446-bc3e-5f4731f3e690,1.7773406900456435e+18
69ce9a6f-ea86-4446-bc3e-5f4731f3e690,1.7773406900789865e+18
69ce9a6f-ea86-4446-bc3e-5f4731f3e690,1.7773406901123295e+18
69ce9a6f-ea86-4446-bc3e-5f4731f3e690,1.7773406901456724e+18
69ce9a6f-ea86-4446-bc3e-5f4731f3e690,1.7773406901790154e+18
69ce9a6f-ea86-4446-bc3e-5f4731f3e690,1.7773406902123587e+18
69ce9a6f-ea86-4446-bc3e-5f4731f3e690,1.7773406902457016e+18
69ce9a6f-ea86-4446-bc3e-5f4731f3e690,1.7773406902790446e+18
69ce9a6f-ea86-4446-bc3e-5f4731f3e690,1.7773406903123876e+18
69ce9a6f-ea86-4446-bc3e-5f4731f3e690,1.7773406903457306e+18
69ce9a6f-ea86-4446-bc3e-5f4731f3e690,1.7773406903790746e+18
69ce9a6f-ea86-4446-bc3e-5f4731f3e690,1.7773406904124175e+18
69ce9a6f-ea86-4446-bc3e-5f4731f3e690,1.7773406904457605e+18
69ce9a6f-ea86-4446-bc3e-5f4731f3e690,1.7773406904791035e+18
69ce9a6f-ea86-4446-bc3e-5f4731f3e690,1.7773406905124465e+18
69ce9a6f-ea86-4446-bc3e-5f4731f3e690,1.7773406905457894e+18
69ce9a6f-ea86-4446-bc3e-5f4731f3e690,1.7773406905791324e+18
69ce9a6f-ea86-4446-bc3e-5f4731f3e690,1.7773406906124756e+18
69ce9a6f-ea86-4446-bc3e-5f4731f3e690,1.7773406906458186e+18
69ce9a6f-ea86-4446-bc3e-5f4731f3e690,1.7773406906791616e+18
69ce9a6f-ea86-4446-bc3e-5f4731f3e690,1.7773406907125046e+18
69ce9a6f-ea86-4446-bc3e-5f4731f3e690,1.7773406907458476e+18
69ce9a6f-ea86-4446-bc3e-5f4731f3e690,1.7773406907791905e+18
69ce9a6f-ea86-4446-bc3e-5f4731f3e690,1.7773406908125335e+18
69ce9a6f-ea86-4446-bc3e-5f4731f3e690,1.7773406908458765e+18
69ce9a6f-ea86-4446-bc3e-5f4731f3e690,1.7773406908792195e+18
69ce9a6f-ea86-4446-bc3e-5f4731f3e690,1.7773406909125624e+18
69ce9a6f-ea86-4446-bc3e-5f4731f3e690,1.7773406909459064e+18
69ce9a6f-ea86-4446-bc3e-5f4731f3e690,1.7773406909792497e+18
69ce9a6f-ea86-4446-bc3e-5f4731f3e690,1.7773406910125926e+18
69ce9a6f-ea86-4446-bc3e-5f4731f3e690,1.7773406910459356e+18
69ce9a6f-ea86-4446-bc3e-5f4731f3e690,1.7773406910792786e+18
69ce9a6f-ea86-4446-bc3e-5f4731f3e690,1.7773406911126216e+18
69ce9a6f-ea86-4446-bc3e-5f4731f3e690,1.7773406911459645e+18
69ce9a6f-ea86-4446-bc3e-5f4731f3e690,1.7773406911793075e+18
69ce9a6f-ea86-4446-bc3e-5f4731f3e690,1.7773406912126505e+18
69ce9a6f-ea86-4446-bc3e-5f4731f3e690,1.7773406912459935e+18
69ce9a6f-ea86-4446-bc3e-5f4731f3e690,1.7773406912793364e+18
69ce9a6f-ea86-4446-bc3e-5f4731f3e690,1.7773406913126794e+18
69ce9a6f-ea86-4446-bc3e-5f4731f3e690,1.7773406913460227e+18
69ce9a6f-ea86-4446-bc3e-5f4731f3e690,1.7773406913793656e+18
69ce9a6f-ea86-4446-bc3e-5f4731f3e690,1.7773406914127086e+18
69ce9a6f-ea86-4446-bc3e-5f4731f3e690,1.7773406914460516e+18
69ce9a6f-ea86-4446-bc3e-5f4731f3e690,1.7773406914793946e+18
69ce9a6f-ea86-4446-bc3e-5f4731f3e690,1.7773406915127386e+18
69ce9a6f-ea86-4446-bc3e-5f4731f3e690,1.7773406915460815e+18
69ce9a6f-ea86-4446-bc3e-5f4731f3e690,1.7773406915794245e+18
69ce9a6f-ea86-4446-bc3e-5f4731f3e690,1.7773406916127675e+18
69ce9a6f-ea86-4446-bc3e-5f4731f3e690,1.7773406916461105e+18
69ce9a6f-ea86-4446-bc3e-5f4731f3e690,1.7773406916794534e+18
69ce9a6f-ea86-4446-bc3e-5f4731f3e690,1.7773406917127964e+18
69ce9a6f-ea86-4446-bc3e-5f4731f3e690,1.7773406917461396e+18
69ce9a6f-ea86-4446-bc3e-5f4731f3e690,1.7773406917794826e+18
69ce9a6f-ea86-4446-bc3e-5f4731f3e690,1.7773406918128256e+18
69ce9a6f-ea86-4446-bc3e-5f4731f3e690,1.7773406918461686e+18
69ce9a6f-ea86-4446-bc3e-5f4731f3e690,1.7773406918795116e+18
69ce9a6f-ea86-4446-bc3e-5f4731f3e690,1.7773406919128545e+18
69ce9a6f-ea86-4446-bc3e-5f4731f3e690,1.7773406919461975e+18
69ce9a6f-ea86-4446-bc3e-5f4731f3e690,1.7773406919795405e+18
69ce9a6f-ea86-4446-bc3e-5f4731f3e690,1.7773406920128835e+18
69ce9a6f-ea86-4446-bc3e-5f4731f3e690,1.7773406920462264e+18
69ce9a6f-ea86-4446-bc3e-5f4731f3e690,1.7773406920795704e+18
69ce9a6f-ea86-4446-bc3e-5f4731f3e690,1.7773406921129137e+18
69ce9a6f-ea86-4446-bc3e-5f4731f3e690,1.7773406921462566e+18
69ce9a6f-ea86-4446-bc3e-5f4731f3e690,1.7773406921795996e+18
69ce9a6f-ea86-4446-bc3e-5f4731f3e690,1.7773406922129426e+18
69ce9a6f-ea86-4446-bc3e-5f4731f3e690,1.7773406922462856e+18
69ce9a6f-ea86-4446-bc3e-5f4731f3e690,1.7773406922796285e+18
69ce9a6f-ea86-4446-bc3e-5f4731f3e690,1.7773406923129715e+18
69ce9a6f-ea86-4446-bc3e-5f4731f3e690,1.7773406923463145e+18
69ce9a6f-ea86-4446-bc3e-5f4731f3e690,1.7773406923796575e+18
69ce9a6f-ea86-4446-bc3e-5f4731f3e690,1.7773406924130004e+18
69ce9a6f-ea86-4446-bc3e-5f4731f3e690,1.7773406924463434e+18
69ce9a6f-ea86-4446-bc3e-5f4731f3e690,1.7773406924796867e+18
69ce9a6f-ea86-4446-bc3e-5f4731f3e690,1.7773406925130296e+18
69ce9a6f-ea86-4446-bc3e-5f4731f3e690,1.7773406925463726e+18
69ce9a6f-ea86-4446-bc3e-5f4731f3e690,1.7773406925797156e+18
69ce9a6f-ea86-4446-bc3e-5f4731f3e690,1.7773406926130586e+18
69ce9a6f-ea86-4446-bc3e-5f4731f3e690,1.7773406926464026e+18
69ce9a6f-ea86-4446-bc3e-5f4731f3e690,1.7773406926797455e+18
69ce9a6f-ea86-4446-bc3e-5f4731f3e690,1.7773406927130885e+18
69ce9a6f-ea86-4446-bc3e-5f4731f3e690,1.7773406927464315e+18
69ce9a6f-ea86-4446-bc3e-5f4731f3e690,1.7773406927797745e+18
69ce9a6f-ea86-4446-bc3e-5f4731f3e690,1.7773406928131174e+18
69ce9a6f-ea86-4446-bc3e-5f4731f3e690,1.7773406928464604e+18
69ce9a6f-ea86-4446-bc3e-5f4731f3e690,1.7773406928798036e+18
69ce9a6f-ea86-4446-bc3e-5f4731f3e690,1.7773406929131466e+18
69ce9a6f-ea86-4446-bc3e-5f4731f3e690,1.7773406929464896e+18
69ce9a6f-ea86-4446-bc3e-5f4731f3e690,1.7773406929798326e+18
69ce9a6f-ea86-4446-bc3e-5f4731f3e690,1.7773406930131756e+18
69ce9a6f-ea86-4446-bc3e-5f4731f3e690,1.7773406930465185e+18
69ce9a6f-ea86-4446-bc3e-5f4731f3e690,1.7773406930798615e+18
69ce9a6f-ea86-4446-bc3e-5f4731f3e690,1.7773406931132045e+18
69ce9a6f-ea86-4446-bc3e-5f4731f3e690,1.7773406931465475e+18
69ce9a6f-ea86-4446-bc3e-5f4731f3e690,1.7773406931798915e+18
69ce9a6f-ea86-4446-bc3e-5f4731f3e690,1.7773406932132344e+18
69ce9a6f-ea86-4446-bc3e-5f4731f3e690,1.7773406932465777e+18
69ce9a6f-ea86-4446-bc3e-5f4731f3e690,1.7773406932799206e+18
69ce9a6f-ea86-4446-bc3e-5f4731f3e690,1.7773406933132636e+18
69ce9a6f-ea86-4446-bc3e-5f4731f3e690,1.7773406933466066e+18
69ce9a6f-ea86-4446-bc3e-5f4731f3e690,1.7773406933799496e+18
69ce9a6f-ea86-4446-bc3e-5f4731f3e690,1.7773406934132925e+18
69ce9a6f-ea86-4446-bc3e-5f4731f3e690,1.7773406934466355e+18
69ce9a6f-ea86-4446-bc3e-5f4731f3e690,1.7773406934799785e+18
69ce9a6f-ea86-4446-bc3e-5f4731f3e690,1.7773406935133215e+18
69ce9a6f-ea86-4446-bc3e-5f4731f3e690,1.7773406935466644e+18
69ce9a6f-ea86-4446-bc3e-5f4731f3e690,1.7773406935800074e+18
69ce9a6f-ea86-4446-bc3e-5f4731f3e690,1.7773406936133507e+18
69ce9a6f-ea86-4446-bc3e-5f4731f3e690,1.7773406936466936e+18
69ce9a6f-ea86-4446-bc3e-5f4731f3e690,1.7773406936800366e+18
69ce9a6f-ea86-4446-bc3e-5f4731f3e690,1.7773406937133796e+18
69ce9a6f-ea86-4446-bc3e-5f4731f3e690,1.7773406937467236e+18
69ce9a6f-ea86-4446-bc3e-5f4731f3e690,1.7773406937800666e+18
69ce9a6f-ea86-4446-bc3e-5f4731f3e690,1.7773406938134095e+18
69ce9a6f-ea86-4446-bc3e-5f4731f3e690,1.7773406938467525e+18
69ce9a6f-ea86-4446-bc3e-5f4731f3e690,1.7773406938800955e+18
69ce9a6f-ea86-4446-bc3e-5f4731f3e690,1.7773406939134385e+18
69ce9a6f-ea86-4446-bc3e-5f4731f3e690,1.7773406939467814e+18
69ce9a6f-ea86-4446-bc3e-5f4731f3e690,1.7773406939801244e+18
69ce9a6f-ea86-4446-bc3e-5f4731f3e690,1.7773406940134676e+18
69ce9a6f-ea86-4446-bc3e-5f4731f3e690,1.7773406940468106e+18
69ce9a6f-ea86-4446-bc3e-5f4731f3e690,1.7773406940801536e+18
69ce9a6f-ea86-4446-bc3e-5f4731f3e690,1.7773406941134966e+18
69ce9a6f-ea86-4446-bc3e-5f4731f3e690,1.7773406941468396e+18
69ce9a6f-ea86-4446-bc3e-5f4731f3e690,1.7773406941801825e+18
69ce9a6f-ea86-4446-bc3e-5f4731f3e690,1.7773406942135255e+18
69ce9a6f-ea86-4446-bc3e-5f4731f3e690,1.7773406942468685e+18
69ce9a6f-ea86-4446-bc3e-5f4731f3e690,1.7773406942802125e+18
69ce9a6f-ea86-4446-bc3e-5f4731f3e690,1.7773406943135555e+18
69ce9a6f-ea86-4446-bc3e-5f4731f3e690,1.7773406943468984e+18
69ce9a6f-ea86-4446-bc3e-5f4731f3e690,1.7773406943802417e+18
69ce9a6f-ea86-4446-bc3e-5f4731f3e690,1.7773406944135846e+18
69ce9a6f-ea86-4446-bc3e-5f4731f3e690,1.7773406944469276e+18
69ce9a6f-ea86-4446-bc3e-5f4731f3e690,1.7773406944802706e+18
69ce9a6f-ea86-4446-bc3e-5f4731f3e690,1.7773406945136136e+18
69ce9a6f-ea86-4446-bc3e-5f4731f3e690,1.7773406945469565e+18
69ce9a6f-ea86-4446-bc3e-5f4731f3e690,1.7773406945802995e+18
69ce9a6f-ea86-4446-bc3e-5f4731f3e690,1.7773406946136425e+18
69ce9a6f-ea86-4446-bc3e-5f4731f3e690,1.7773406946469855e+18
69ce9a6f-ea86-4446-bc3e-5f4731f3e690,1.7773406946803284e+18
69ce9a6f-ea86-4446-bc3e-5f4731f3e690,1.7773406947136714e+18
69ce9a6f-ea86-4446-bc3e-5f4731f3e690,1.7773406947470147e+18
69ce9a6f-ea86-4446-bc3e-5f4731f3e690,1.7773406947803576e+18
69ce9a6f-ea86-4446-bc3e-5f4731f3e690,1.7773406948137006e+18
69ce9a6f-ea86-4446-bc3e-5f4731f3e690,1.7773406948470446e+18
69ce9a6f-ea86-4446-bc3e-5f4731f3e690,1.7773406948803876e+18
69ce9a6f-ea86-4446-bc3e-5f4731f3e690,1.7773406949137306e+18
69ce9a6f-ea86-4446-bc3e-5f4731f3e690,1.7773406949470735e+18
69ce9a6f-ea86-4446-bc3e-5f4731f3e690,1.7773406949804165e+18
69ce9a6f-ea86-4446-bc3e-5f4731f3e690,1.7773406950137595e+18
69ce9a6f-ea86-4446-bc3e-5f4731f3e690,1.7773406950471025e+18
69ce9a6f-ea86-4446-bc3e-5f4731f3e690,1.7773406950804454e+18
69ce9a6f-ea86-4446-bc3e-5f4731f3e690,1.7773406951137884e+18
69ce9a6f-ea86-4446-bc3e-5f4731f3e690,1.7773406951471316e+18
69ce9a6f-ea86-4446-bc3e-5f4731f3e690,1.7773406951804746e+18
69ce9a6f-ea86-4446-bc3e-5f4731f3e690,1.7773406952138176e+18
69ce9a6f-ea86-4446-bc3e-5f4731f3e690,1.7773406952471606e+18
69ce9a6f-ea86-4446-bc3e-5f4731f3e690,1.7773406952805036e+18
69ce9a6f-ea86-4446-bc3e-5f4731f3e690,1.7773406953138465e+18
69ce9a6f-ea86-4446-bc3e-5f4731f3e690,1.7773406953471895e+18
69ce9a6f-ea86-4446-bc3e-5f4731f3e690,1.7773406953805325e+18
69ce9a6f-ea86-4446-bc3e-5f4731f3e690,1.7773406954138765e+18
69ce9a6f-ea86-4446-bc3e-5f4731f3e690,1.7773406954472195e+18
69ce9a6f-ea86-4446-bc3e-5f4731f3e690,1.7773406954805624e+18
69ce9a6f-ea86-4446-bc3e-5f4731f3e690,1.7773406955139057e+18
69ce9a6f-ea86-4446-bc3e-5f4731f3e690,1.7773406955472486e+18
69ce9a6f-ea86-4446-bc3e-5f4731f3e690,1.7773406955805916e+18
69ce9a6f-ea86-4446-bc3e-5f4731f3e690,1.7773406956139346e+18
69ce9a6f-ea86-4446-bc3e-5f4731f3e690,1.7773406956472776e+18
69ce9a6f-ea86-4446-bc3e-5f4731f3e690,1.7773406956806205e+18
69ce9a6f-ea86-4446-bc3e-5f4731f3e690,1.7773406957139635e+18
69ce9a6f-ea86-4446-bc3e-5f4731f3e690,1.7773406957473065e+18
69ce9a6f-ea86-4446-bc3e-5f4731f3e690,1.7773406957806495e+18
69ce9a6f-ea86-4446-bc3e-5f4731f3e690,1.7773406958139924e+18
69ce9a6f-ea86-4446-bc3e-5f4731f3e690,1.7773406958473354e+18
69ce9a6f-ea86-4446-bc3e-5f4731f3e690,1.7773406958806787e+18
69ce9a6f-ea86-4446-bc3e-5f4731f3e690,1.7773406959140216e+18
69ce9a6f-ea86-4446-bc3e-5f4731f3e690,1.7773406959473646e+18
69ce9a6f-ea86-4446-bc3e-5f4731f3e690,1.7773406959807086e+18
69ce9a6f-ea86-4446-bc3e-5f4731f3e690,1.7773406960140516e+18
69ce9a6f-ea86-4446-bc3e-5f4731f3e690,1.7773406960473946e+18
69ce9a6f-ea86-4446-bc3e-5f4731f3e690,1.7773406960807375e+18
69ce9a6f-ea86-4446-bc3e-5f4731f3e690,1.7773406961140805e+18
69ce9a6f-ea86-4446-bc3e-5f4731f3e690,1.7773406961474235e+18
69ce9a6f-ea86-4446-bc3e-5f4731f3e690,1.7773406961807665e+18
69ce9a6f-ea86-4446-bc3e-5f4731f3e690,1.7773406962141094e+18
69ce9a6f-ea86-4446-bc3e-5f4731f3e690,1.7773406962474524e+18
69ce9a6f-ea86-4446-bc3e-5f4731f3e690,1.7773406962807956e+18
69ce9a6f-ea86-4446-bc3e-5f4731f3e690,1.7773406963141386e+18
69ce9a6f-ea86-4446-bc3e-5f4731f3e690,1.7773406963474816e+18
69ce9a6f-ea86-4446-bc3e-5f4731f3e690,1.7773406963808246e+18
69ce9a6f-ea86-4446-bc3e-5f4731f3e690,1.7773406964141676e+18
69ce9a6f-ea86-4446-bc3e-5f4731f3e690,1.7773406964475105e+18
69ce9a6f-ea86-4446-bc3e-5f4731f3e690,1.7773406964808535e+18
69ce9a6f-ea86-4446-bc3e-5f4731f3e690,1.7773406965141975e+18
69ce9a6f-ea86-4446-bc3e-5f4731f3e690,1.7773406965475405e+18
69ce9a6f-ea86-4446-bc3e-5f4731f3e690,1.7773406965808835e+18
69ce9a6f-ea86-4446-bc3e-5f4731f3e690,1.7773406966142264e+18
69ce9a6f-ea86-4446-bc3e-5f4731f3e690,1.7773406966475697e+18
69ce9a6f-ea86-4446-bc3e-5f4731f3e690,1.7773406966809126e+18
69ce9a6f-ea86-4446-bc3e-5f4731f3e690,1.7773406967142556e+18
69ce9a6f-ea86-4446-bc3e-5f4731f3e690,1.7773406967475986e+18
69ce9a6f-ea86-4446-bc3e-5f4731f3e690,1.7773406967809416e+18
69ce9a6f-ea86-4446-bc3e-5f4731f3e690,1.7773406968142845e+18
69ce9a6f-ea86-4446-bc3e-5f4731f3e690,1.7773406968476275e+18
69ce9a6f-ea86-4446-bc3e-5f4731f3e690,1.7773406968809705e+18
69ce9a6f-ea86-4446-bc3e-5f4731f3e690,1.7773406969143135e+18
69ce9a6f-ea86-4446-bc3e-5f4731f3e690,1.7773406969476564e+18
69ce9a6f-ea86-4446-bc3e-5f4731f3e690,1.7773406969809994e+18
69ce9a6f-ea86-4446-bc3e-5f4731f3e690,1.7773406970143427e+18
69ce9a6f-ea86-4446-bc3e-5f4731f3e690,1.7773406970476856e+18
69ce9a6f-ea86-4446-bc3e-5f4731f3e690,1.7773406970810296e+18
69ce9a6f-ea86-4446-bc3e-5f4731f3e690,1.7773406971143726e+18
69ce9a6f-ea86-4446-bc3e-5f4731f3e690,1.7773406971477156e+18
69ce9a6f-ea86-4446-bc3e-5f4731f3e690,1.7773406971810586e+18
69ce9a6f-ea86-4446-bc3e-5f4731f3e690,1.7773406972144015e+18
69ce9a6f-ea86-4446-bc3e-5f4731f3e690,1.7773406972477445e+18
69ce9a6f-ea86-4446-bc3e-5f4731f3e690,1.7773406972810875e+18
69ce9a6f-ea86-4446-bc3e-5f4731f3e690,1.7773406973144305e+18
69ce9a6f-ea86-4446-bc3e-5f4731f3e690,1.7773406973477734e+18
69ce9a6f-ea86-4446-bc3e-5f4731f3e690,1.7773406973811164e+18
69ce9a6f-ea86-4446-bc3e-5f4731f3e690,1.7773406974144596e+18
69ce9a6f-ea86-4446-bc3e-5f4731f3e690,1.7773406974478026e+18
69ce9a6f-ea86-4446-bc3e-5f4731f3e690,1.7773406974811456e+18
69ce9a6f-ea86-4446-bc3e-5f4731f3e690,1.7773406975144886e+18
69ce9a6f-ea86-4446-bc3e-5f4731f3e690,1.7773406975478316e+18
69ce9a6f-ea86-4446-bc3e-5f4731f3e690,1.7773406975811745e+18
69ce9a6f-ea86-4446-bc3e-5f4731f3e690,1.7773406976145175e+18
69ce9a6f-ea86-4446-bc3e-5f4731f3e690,1.7773406976478615e+18
69ce9a6f-ea86-4446-bc3e-5f4731f3e690,1.7773406976812045e+18
69ce9a6f-ea86-4446-bc3e-5f4731f3e690,1.7773406977145475e+18
69ce9a6f-ea86-4446-bc3e-5f4731f3e690,1.7773406977478904e+18
69ce9a6f-ea86-4446-bc3e-5f4731f3e690,1.7773406977812337e+18
69ce9a6f-ea86-4446-bc3e-5f4731f3e690,1.7773406978145766e+18
69ce9a6f-ea86-4446-bc3e-5f4731f3e690,1.7773406978479196e+18
69ce9a6f-ea86-4446-bc3e-5f4731f3e690,1.7773406978812626e+18
69ce9a6f-ea86-4446-bc3e-5f4731f3e690,1.7773406979146056e+18
69ce9a6f-ea86-4446-bc3e-5f4731f3e690,1.7773406979479485e+18
69ce9a6f-ea86-4446-bc3e-5f4731f3e690,1.7773406979812915e+18
69ce9a6f-ea86-4446-bc3e-5f4731f3e690,1.7773406980146345e+18
69ce9a6f-ea86-4446-bc3e-5f4731f3e690,1.7773406980479775e+18
69ce9a6f-ea86-4446-bc3e-5f4731f3e690,1.7773406980813204e+18
69ce9a6f-ea86-4446-bc3e-5f4731f3e690,1.7773406981146634e+18
69ce9a6f-ea86-4446-bc3e-5f4731f3e690,1.7773406981480067e+18
69ce9a6f-ea86-4446-bc3e-5f4731f3e690,1.7773406981813496e+18
69ce9a6f-ea86-4446-bc3e-5f4731f3e690,1.7773406982146936e+18
69ce9a6f-ea86-4446-bc3e-5f4731f3e690,1.7773406982480366e+18
69ce9a6f-ea86-4446-bc3e-5f4731f3e690,1.7773406982813796e+18
69ce9a6f-ea86-4446-bc3e-5f4731f3e690,1.7773406983147226e+18
69ce9a6f-ea86-4446-bc3e-5f4731f3e690,1.7773406983480655e+18
69ce9a6f-ea86-4446-bc3e-5f4731f3e690,1.7773406983814085e+18
69ce9a6f-ea86-4446-bc3e-5f4731f3e690,1.7773406984147515e+18
69ce9a6f-ea86-4446-bc3e-5f4731f3e690,1.7773406984480945e+18
69ce9a6f-ea86-4446-bc3e-5f4731f3e690,1.7773406984814374e+18
69ce9a6f-ea86-4446-bc3e-5f4731f3e690,1.7773406985147804e+18
69ce9a6f-ea86-4446-bc3e-5f4731f3e690,1.7773406985481236e+18
69ce9a6f-ea86-4446-bc3e-5f4731f3e690,1.7773406985814666e+18
69ce9a6f-ea86-4446-bc3e-5f4731f3e690,1.7773406986148096e+18
69ce9a6f-ea86-4446-bc3e-5f4731f3e690,1.7773406986481526e+18
69ce9a6f-ea86-4446-bc3e-5f4731f3e690,1.7773406986814956e+18
69ce9a6f-ea86-4446-bc3e-5f4731f3e690,1.7773406987148385e+18
69ce9a6f-ea86-4446-bc3e-5f4731f3e690,1.7773406987481825e+18
69ce9a6f-ea86-4446-bc3e-5f4731f3e690,1.7773406987815255e+18
69ce9a6f-ea86-4446-bc3e-5f4731f3e690,1.7773406988148685e+18
69ce9a6f-ea86-4446-bc3e-5f4731f3e690,1.7773406988482115e+18
69ce9a6f-ea86-4446-bc3e-5f4731f3e690,1.7773406988815544e+18
69ce9a6f-ea86-4446-bc3e-5f4731f3e690,1.7773406989148977e+18
69ce9a6f-ea86-4446-bc3e-5f4731f3e690,1.7773406989482406e+18
69ce9a6f-ea86-4446-bc3e-5f4731f3e690,1.7773406989815836e+18
69ce9a6f-ea86-4446-bc3e-5f4731f3e690,1.7773406990149266e+18
69ce9a6f-ea86-4446-bc3e-5f4731f3e690,1.7773406990482696e+18
69ce9a6f-ea86-4446-bc3e-5f4731f3e690,1.7773406990816125e+18
69ce9a6f-ea86-4446-bc3e-5f4731f3e690,1.7773406991149555e+18
69ce9a6f-ea86-4446-bc3e-5f4731f3e690,1.7773406991482985e+18
69ce9a6f-ea86-4446-bc3e-5f4731f3e690,1.7773406991816415e+18
69ce9a6f-ea86-4446-bc3e-5f4731f3e690,1.7773406992149844e+18
69ce9a6f-ea86-4446-bc3e-5f4731f3e690,1.7773406992483274e+18
69ce9a6f-ea86-4446-bc3e-5f4731f3e690,1.7773406992816707e+18
69ce9a6f-ea86-4446-bc3e-5f4731f3e690,1.7773406993150147e+18
69ce9a6f-ea86-4446-bc3e-5f4731f3e690,1.7773406993483576e+18
69ce9a6f-ea86-4446-bc3e-5f4731f3e690,1.7773406993817006e+18
69ce9a6f-ea86-4446-bc3e-5f4731f3e690,1.7773406994150436e+18
69ce9a6f-ea86-4446-bc3e-5f4731f3e690,1.7773406994483866e+18
69ce9a6f-ea86-4446-bc3e-5f4731f3e690,1.7773406994817295e+18
69ce9a6f-ea86-4446-bc3e-5f4731f3e690,1.7773406995150725e+18
69ce9a6f-ea86-4446-bc3e-5f4731f3e690,1.7773406995484155e+18
69ce9a6f-ea86-4446-bc3e-5f4731f3e690,1.7773406995817585e+18
69ce9a6f-ea86-4446-bc3e-5f4731f3e690,1.7773406996151014e+18
69ce9a6f-ea86-4446-bc3e-5f4731f3e690,1.7773406996484444e+18
69ce9a6f-ea86-4446-bc3e-5f4731f3e690,1.7773406996817876e+18
69ce9a6f-ea86-4446-bc3e-5f4731f3e690,1.7773406997151306e+18
69ce9a6f-ea86-4446-bc3e-5f4731f3e690,1.7773406997484736e+18
69ce9a6f-ea86-4446-bc3e-5f4731f3e690,1.7773406997818166e+18
69ce9a6f-ea86-4446-bc3e-5f4731f3e690,1.7773406998151596e+18
69ce9a6f-ea86-4446-bc3e-5f4731f3e690,1.7773406998485036e+18
69ce9a6f-ea86-4446-bc3e-5f4731f3e690,1.7773406998818465e+18
69ce9a6f-ea86-4446-bc3e-5f4731f3e690,1.7773406999151895e+18
69ce9a6f-ea86-4446-bc3e-5f4731f3e690,1.7773406999485325e+18
69ce9a6f-ea86-4446-bc3e-5f4731f3e690,1.7773406999818755e+18
69ce9a6f-ea86-4446-bc3e-5f4731f3e690,1.7773407000152184e+18
69ce9a6f-ea86-4446-bc3e-5f4731f3e690,1.7773407000485617e+18
69ce9a6f-ea86-4446-bc3e-5f4731f3e690,1.7773407000819046e+18
69ce9a6f-ea86-4446-bc3e-5f4731f3e690,1.7773407001152476e+18
69ce9a6f-ea86-4446-bc3e-5f4731f3e690,1.7773407001485906e+18
69ce9a6f-ea86-4446-bc3e-5f4731f3e690,1.7773407001819336e+18
69ce9a6f-ea86-4446-bc3e-5f4731f3e690,1.7773407002152765e+18
69ce9a6f-ea86-4446-bc3e-5f4731f3e690,1.7773407002486195e+18
69ce9a6f-ea86-4446-bc3e-5f4731f3e690,1.7773407002819625e+18
69ce9a6f-ea86-4446-bc3e-5f4731f3e690,1.7773407003153055e+18
69ce9a6f-ea86-4446-bc3e-5f4731f3e690,1.7773407003486484e+18
69ce9a6f-ea86-4446-bc3e-5f4731f3e690,1.7773407003819914e+18
69ce9a6f-ea86-4446-bc3e-5f4731f3e690,1.7773407004153354e+18
69ce9a6f-ea86-4446-bc3e-5f4731f3e690,1.7773407004486787e+18
69ce9a6f-ea86-4446-bc3e-5f4731f3e690,1.7773407004820216e+18
69ce9a6f-ea86-4446-bc3e-5f4731f3e690,1.7773407005153646e+18
69ce9a6f-ea86-4446-bc3e-5f4731f3e690,1.7773407005487076e+18
69ce9a6f-ea86-4446-bc3e-5f4731f3e690,1.7773407005820506e+18
69ce9a6f-ea86-4446-bc3e-5f4731f3e690,1.7773407006153935e+18
69ce9a6f-ea86-4446-bc3e-5f4731f3e690,1.7773407006487365e+18
69ce9a6f-ea86-4446-bc3e-5f4731f3e690,1.7773407006820795e+18
69ce9a6f-ea86-4446-bc3e-5f4731f3e690,1.7773407007154225e+18
69ce9a6f-ea86-4446-bc3e-5f4731f3e690,1.7773407007487654e+18
69ce9a6f-ea86-4446-bc3e-5f4731f3e690,1.7773407007821084e+18
69ce9a6f-ea86-4446-bc3e-5f4731f3e690,1.7773407008154516e+18
69ce9a6f-ea86-4446-bc3e-5f4731f3e690,1.7773407008487946e+18
69ce9a6f-ea86-4446-bc3e-5f4731f3e690,1.7773407008821376e+18
69ce9a6f-ea86-4446-bc3e-5f4731f3e690,1.7773407009154806e+18
69ce9a6f-ea86-4446-bc3e-5f4731f3e690,1.7773407009488236e+18
69ce9a6f-ea86-4446-bc3e-5f4731f3e690,1.7773407009821676e+18
69ce9a6f-ea86-4446-bc3e-5f4731f3e690,1.7773407010155105e+18
69ce9a6f-ea86-4446-bc3e-5f4731f3e690,1.7773407010488535e+18
69ce9a6f-ea86-4446-bc3e-5f4731f3e690,1.7773407010821965e+18
69ce9a6f-ea86-4446-bc3e-5f4731f3e690,1.7773407011155395e+18
69ce9a6f-ea86-4446-bc3e-5f4731f3e690,1.7773407011488824e+18
69ce9a6f-ea86-4446-bc3e-5f4731f3e690,1.7773407011822257e+18
69ce9a6f-ea86-4446-bc3e-5f4731f3e690,1.7773407012155686e+18
69ce9a6f-ea86-4446-bc3e-5f4731f3e690,1.7773407012489116e+18
69ce9a6f-ea86-4446-bc3e-5f4731f3e690,1.7773407012822546e+18
69ce9a6f-ea86-4446-bc3e-5f4731f3e690,1.7773407013155976e+18
69ce9a6f-ea86-4446-bc3e-5f4731f3e690,1.7773407013489405e+18
69ce9a6f-ea86-4446-bc3e-5f4731f3e690,1.7773407013822835e+18
69ce9a6f-ea86-4446-bc3e-5f4731f3e690,1.7773407014156265e+18
69ce9a6f-ea86-4446-bc3e-5f4731f3e690,1.7773407014489695e+18
69ce9a6f-ea86-4446-bc3e-5f4731f3e690,1.7773407014823124e+18
69ce9a6f-ea86-4446-bc3e-5f4731f3e690,1.7773407015156554e+18
69ce9a6f-ea86-4446-bc3e-5f4731f3e690,1.7773407015489994e+18
69ce9a6f-ea86-4446-bc3e-5f4731f3e690,1.7773407015823427e+18
69ce9a6f-ea86-4446-bc3e-5f4731f3e690,1.7773407016156856e+18
69ce9a6f-ea86-4446-bc3e-5f4731f3e690,1.7773407016490286e+18
69ce9a6f-ea86-4446-bc3e-5f4731f3e690,1.7773407016823716e+18
69ce9a6f-ea86-4446-bc3e-5f4731f3e690,1.7773407017157146e+18
69ce9a6f-ea86-4446-bc3e-5f4731f3e690,1.7773407017490575e+18
69ce9a6f-ea86-4446-bc3e-5f4731f3e690,1.7773407017824005e+18
69ce9a6f-ea86-4446-bc3e-5f4731f3e690,1.7773407018157435e+18
69ce9a6f-ea86-4446-bc3e-5f4731f3e690,1.7773407018490865e+18
69ce9a6f-ea86-4446-bc3e-5f4731f3e690,1.7773407018824294e+18
69ce9a6f-ea86-4446-bc3e-5f4731f3e690,1.7773407019157724e+18
69ce9a6f-ea86-4446-bc3e-5f4731f3e690,1.7773407019491156e+18
69ce9a6f-ea86-4446-bc3e-5f4731f3e690,1.7773407019824586e+18
69ce9a6f-ea86-4446-bc3e-5f4731f3e690,1.7773407020158016e+18
69ce9a6f-ea86-4446-bc3e-5f4731f3e690,1.7773407020491446e+18
69ce9a6f-ea86-4446-bc3e-5f4731f3e690,1.7773407020824886e+18
69ce9a6f-ea86-4446-bc3e-5f4731f3e690,1.7773407021158316e+18
69ce9a6f-ea86-4446-bc3e-5f4731f3e690,1.7773407021491745e+18
69ce9a6f-ea86-4446-bc3e-5f4731f3e690,1.7773407021825175e+18
69ce9a6f-ea86-4446-bc3e-5f4731f3e690,1.7773407022158605e+18
69ce9a6f-ea86-4446-bc3e-5f4731f3e690,1.7773407022492035e+18
69ce9a6f-ea86-4446-bc3e-5f4731f3e690,1.7773407022825464e+18
69ce9a6f-ea86-4446-bc3e-5f4731f3e690,1.7773407023158897e+18
69ce9a6f-ea86-4446-bc3e-5f4731f3e690,1.7773407023492326e+18
69ce9a6f-ea86-4446-bc3e-5f4731f3e690,1.7773407023825756e+18
69ce9a6f-ea86-4446-bc3e-5f4731f3e690,1.7773407024159186e+18
69ce9a6f-ea86-4446-bc3e-5f4731f3e690,1.7773407024492616e+18
69ce9a6f-ea86-4446-bc3e-5f4731f3e690,1.7773407024826045e+18
69ce9a6f-ea86-4446-bc3e-5f4731f3e690,1.7773407025159475e+18
69ce9a6f-ea86-4446-bc3e-5f4731f3e690,1.7773407025492905e+18
69ce9a6f-ea86-4446-bc3e-5f4731f3e690,1.7773407025826335e+18
69ce9a6f-ea86-4446-bc3e-5f4731f3e690,1.7773407026159764e+18
69ce9a6f-ea86-4446-bc3e-5f4731f3e690,1.7773407026493204e+18
69ce9a6f-ea86-4446-bc3e-5f4731f3e690,1.7773407026826634e+18
69ce9a6f-ea86-4446-bc3e-5f4731f3e690,1.7773407027160067e+18
69ce9a6f-ea86-4446-bc3e-5f4731f3e690,1.7773407027493496e+18
69ce9a6f-ea86-4446-bc3e-5f4731f3e690,1.7773407027826926e+18
69ce9a6f-ea86-4446-bc3e-5f4731f3e690,1.7773407028160356e+18
69ce9a6f-ea86-4446-bc3e-5f4731f3e690,1.7773407028493786e+18
69ce9a6f-ea86-4446-bc3e-5f4731f3e690,1.7773407028827215e+18
69ce9a6f-ea86-4446-bc3e-5f4731f3e690,1.7773407029160645e+18
69ce9a6f-ea86-4446-bc3e-5f4731f3e690,1.7773407029494075e+18
69ce9a6f-ea86-4446-bc3e-5f4731f3e690,1.7773407029827505e+18
69ce9a6f-ea86-4446-bc3e-5f4731f3e690,1.7773407030160934e+18
69ce9a6f-ea86-4446-bc3e-5f4731f3e690,1.7773407030494364e+18
69ce9a6f-ea86-4446-bc3e-5f4731f3e690,1.7773407030827796e+18
69ce9a6f-ea86-4446-bc3e-5f4731f3e690,1.7773407031161226e+18
69ce9a6f-ea86-4446-bc3e-5f4731f3e690,1.7773407031494656e+18
69ce9a6f-ea86-4446-bc3e-5f4731f3e690,1.7773407031828096e+18
69ce9a6f-ea86-4446-bc3e-5f4731f3e690,1.7773407032161526e+18
69ce9a6f-ea86-4446-bc3e-5f4731f3e690,1.7773407032494956e+18
69ce9a6f-ea86-4446-bc3e-5f4731f3e690,1.7773407032828385e+18
69ce9a6f-ea86-4446-bc3e-5f4731f3e690,1.7773407033161815e+18
69ce9a6f-ea86-4446-bc3e-5f4731f3e690,1.7773407033495245e+18
69ce9a6f-ea86-4446-bc3e-5f4731f3e690,1.7773407033828675e+18
69ce9a6f-ea86-4446-bc3e-5f4731f3e690,1.7773407034162104e+18
69ce9a6f-ea86-4446-bc3e-5f4731f3e690,1.7773407034495537e+18
69ce9a6f-ea86-4446-bc3e-5f4731f3e690,1.7773407034828966e+18
69ce9a6f-ea86-4446-bc3e-5f4731f3e690,1.7773407035162396e+18
69ce9a6f-ea86-4446-bc3e-5f4731f3e690,1.7773407035495826e+18
69ce9a6f-ea86-4446-bc3e-5f4731f3e690,1.7773407035829256e+18
69ce9a6f-ea86-4446-bc3e-5f4731f3e690,1.7773407036162685e+18
69ce9a6f-ea86-4446-bc3e-5f4731f3e690,1.7773407036496115e+18
69ce9a6f-ea86-4446-bc3e-5f4731f3e690,1.7773407036829545e+18
69ce9a6f-ea86-4446-bc3e-5f4731f3e690,1.7773407037162975e+18
69ce9a6f-ea86-4446-bc3e-5f4731f3e690,1.7773407037496415e+18
69ce9a6f-ea86-4446-bc3e-5f4731f3e690,1.7773407037829844e+18
69ce9a6f-ea86-4446-bc3e-5f4731f3e690,1.7773407038163274e+18
69ce9a6f-ea86-4446-bc3e-5f4731f3e690,1.7773407038496707e+18
69ce9a6f-ea86-4446-bc3e-5f4731f3e690,1.7773407038830136e+18
69ce9a6f-ea86-4446-bc3e-5f4731f3e690,1.7773407039163566e+18
69ce9a6f-ea86-4446-bc3e-5f4731f3e690,1.7773407039496996e+18
69ce9a6f-ea86-4446-bc3e-5f4731f3e690,1.7773407039830426e+18
69ce9a6f-ea86-4446-bc3e-5f4731f3e690,1.7773407040163855e+18
69ce9a6f-ea86-4446-bc3e-5f4731f3e690,1.7773407040497285e+18
69ce9a6f-ea86-4446-bc3e-5f4731f3e690,1.7773407040830715e+18
69ce9a6f-ea86-4446-bc3e-5f4731f3e690,1.7773407041164145e+18
69ce9a6f-ea86-4446-bc3e-5f4731f3e690,1.7773407041497574e+18
69ce9a6f-ea86-4446-bc3e-5f4731f3e690,1.7773407041831004e+18
69ce9a6f-ea86-4446-bc3e-5f4731f3e690,1.7773407042164436e+18
69ce9a6f-ea86-4446-bc3e-5f4731f3e690,1.7773407042497866e+18
69ce9a6f-ea86-4446-bc3e-5f4731f3e690,1.7773407042831296e+18
69ce9a6f-ea86-4446-bc3e-5f4731f3e690,1.7773407043164736e+18
69ce9a6f-ea86-4446-bc3e-5f4731f3e690,1.7773407043498166e+18
69ce9a6f-ea86-4446-bc3e-5f4731f3e690,1.7773407043831596e+18
69ce9a6f-ea86-4446-bc3e-5f4731f3e690,1.7773407044165025e+18
69ce9a6f-ea86-4446-bc3e-5f4731f3e690,1.7773407044498455e+18
69ce9a6f-ea86-4446-bc3e-5f4731f3e690,1.7773407044831885e+18
69ce9a6f-ea86-4446-bc3e-5f4731f3e690,1.7773407045165315e+18
69ce9a6f-ea86-4446-bc3e-5f4731f3e690,1.7773407045498744e+18
69ce9a6f-ea86-4446-bc3e-5f4731f3e690,1.7773407045832177e+18
69ce9a6f-ea86-4446-bc3e-5f4731f3e690,1.7773407046165606e+18
69ce9a6f-ea86-4446-bc3e-5f4731f3e690,1.7773407046499036e+18
69ce9a6f-ea86-4446-bc3e-5f4731f3e690,1.7773407046832466e+18
69ce9a6f-ea86-4446-bc3e-5f4731f3e690,1.7773407047165896e+18
69ce9a6f-ea86-4446-bc3e-5f4731f3e690,1.7773407047499325e+18
69ce9a6f-ea86-4446-bc3e-5f4731f3e690,1.7773407047832755e+18
69ce9a6f-ea86-4446-bc3e-5f4731f3e690,1.7773407048166185e+18
69ce9a6f-ea86-4446-bc3e-5f4731f3e690,1.7773407048499615e+18
69ce9a6f-ea86-4446-bc3e-5f4731f3e690,1.7773407048833055e+18
69ce9a6f-ea86-4446-bc3e-5f4731f3e690,1.7773407049166484e+18
69ce9a6f-ea86-4446-bc3e-5f4731f3e690,1.7773407049499914e+18
69ce9a6f-ea86-4446-bc3e-5f4731f3e690,1.7773407049833347e+18
69ce9a6f-ea86-4446-bc3e-5f4731f3e690,1.7773407050166776e+18
69ce9a6f-ea86-4446-bc3e-5f4731f3e690,1.7773407050500206e+18
69ce9a6f-ea86-4446-bc3e-5f4731f3e690,1.7773407050833636e+18
69ce9a6f-ea86-4446-bc3e-5f4731f3e690,1.7773407051167066e+18
69ce9a6f-ea86-4446-bc3e-5f4731f3e690,1.7773407051500495e+18
69ce9a6f-ea86-4446-bc3e-5f4731f3e690,1.7773407051833925e+18
69ce9a6f-ea86-4446-bc3e-5f4731f3e690,1.7773407052167355e+18
69ce9a6f-ea86-4446-bc3e-5f4731f3e690,1.7773407052500785e+18
69ce9a6f-ea86-4446-bc3e-5f4731f3e690,1.7773407052834214e+18
69ce9a6f-ea86-4446-bc3e-5f4731f3e690,1.7773407053167644e+18
69ce9a6f-ea86-4446-bc3e-5f4731f3e690,1.7773407053501076e+18
69ce9a6f-ea86-4446-bc3e-5f4731f3e690,1.7773407053834506e+18
69ce9a6f-ea86-4446-bc3e-5f4731f3e690,1.7773407054167946e+18
69ce9a6f-ea86-4446-bc3e-5f4731f3e690,1.7773407054501376e+18
69ce9a6f-ea86-4446-bc3e-5f4731f3e690,1.7773407054834806e+18
69ce9a6f-ea86-4446-bc3e-5f4731f3e690,1.7773407055168236e+18
69ce9a6f-ea86-4446-bc3e-5f4731f3e690,1.7773407055501665e+18
69ce9a6f-ea86-4446-bc3e-5f4731f3e690,1.7773407055835095e+18
69ce9a6f-ea86-4446-bc3e-5f4731f3e690,1.7773407056168525e+18
69ce9a6f-ea86-4446-bc3e-5f4731f3e690,1.7773407056501955e+18
69ce9a6f-ea86-4446-bc3e-5f4731f3e690,1.7773407056835384e+18
69ce9a6f-ea86-4446-bc3e-5f4731f3e690,1.7773407057168817e+18
69ce9a6f-ea86-4446-bc3e-5f4731f3e690,1.7773407057502246e+18
69ce9a6f-ea86-4446-bc3e-5f4731f3e690,1.7773407057835676e+18
69ce9a6f-ea86-4446-bc3e-5f4731f3e690,1.7773407058169106e+18
69ce9a6f-ea86-4446-bc3e-5f4731f3e690,1.7773407058502536e+18
69ce9a6f-ea86-4446-bc3e-5f4731f3e690,1.7773407058835965e+18
69ce9a6f-ea86-4446-bc3e-5f4731f3e690,1.7773407059169395e+18
69ce9a6f-ea86-4446-bc3e-5f4731f3e690,1.7773407059502825e+18
69ce9a6f-ea86-4446-bc3e-5f4731f3e690,1.7773407059836265e+18
69ce9a6f-ea86-4446-bc3e-5f4731f3e690,1.7773407060169695e+18
69ce9a6f-ea86-4446-bc3e-5f4731f3e690,1.7773407060503124e+18
69ce9a6f-ea86-4446-bc3e-5f4731f3e690,1.7773407060836554e+18
69ce9a6f-ea86-4446-bc3e-5f4731f3e690,1.7773407061169987e+18
69ce9a6f-ea86-4446-bc3e-5f4731f3e690,1.7773407061503416e+18
69ce9a6f-ea86-4446-bc3e-5f4731f3e690,1.7773407061836846e+18
69ce9a6f-ea86-4446-bc3e-5f4731f3e690,1.7773407062170276e+18
69ce9a6f-ea86-4446-bc3e-5f4731f3e690,1.7773407062503706e+18
69ce9a6f-ea86-4446-bc3e-5f4731f3e690,1.7773407062837135e+18
69ce9a6f-ea86-4446-bc3e-5f4731f3e690,1.7773407063170565e+18
69ce9a6f-ea86-4446-bc3e-5f4731f3e690,1.7773407063503995e+18
69ce9a6f-ea86-4446-bc3e-5f4731f3e690,1.7773407063837425e+18
69ce9a6f-ea86-4446-bc3e-5f4731f3e690,1.7773407064170854e+18
69ce9a6f-ea86-4446-bc3e-5f4731f3e690,1.7773407064504284e+18
69ce9a6f-ea86-4446-bc3e-5f4731f3e690,1.7773407064837716e+18
69ce9a6f-ea86-4446-bc3e-5f4731f3e690,1.7773407065171146e+18
69ce9a6f-ea86-4446-bc3e-5f4731f3e690,1.7773407065504586e+18
69ce9a6f-ea86-4446-bc3e-5f4731f3e690,1.7773407065838016e+18
69ce9a6f-ea86-4446-bc3e-5f4731f3e690,1.7773407066171446e+18
69ce9a6f-ea86-4446-bc3e-5f4731f3e690,1.7773407066504876e+18
69ce9a6f-ea86-4446-bc3e-5f4731f3e690,1.7773407066838305e+18
69ce9a6f-ea86-4446-bc3e-5f4731f3e690,1.7773407067171735e+18
69ce9a6f-ea86-4446-bc3e-5f4731f3e690,1.7773407067505165e+18
69ce9a6f-ea86-4446-bc3e-5f4731f3e690,1.7773407067838595e+18
69ce9a6f-ea86-4446-bc3e-5f4731f3e690,1.7773407068172024e+18
69ce9a6f-ea86-4446-bc3e-5f4731f3e690,1.7773407068505457e+18
69ce9a6f-ea86-4446-bc3e-5f4731f3e690,1.7773407068838886e+18
69ce9a6f-ea86-4446-bc3e-5f4731f3e690,1.7773407069172316e+18
69ce9a6f-ea86-4446-bc3e-5f4731f3e690,1.7773407069505746e+18
69ce9a6f-ea86-4446-bc3e-5f4731f3e690,1.7773407069839176e+18
69ce9a6f-ea86-4446-bc3e-5f4731f3e690,1.7773407070172605e+18
69ce9a6f-ea86-4446-bc3e-5f4731f3e690,1.7773407070506035e+18
69ce9a6f-ea86-4446-bc3e-5f4731f3e690,1.7773407070839465e+18
69ce9a6f-ea86-4446-bc3e-5f4731f3e690,1.7773407071172905e+18
69ce9a6f-ea86-4446-bc3e-5f4731f3e690,1.7773407071506335e+18
69ce9a6f-ea86-4446-bc3e-5f4731f3e690,1.7773407071839764e+18
69ce9a6f-ea86-4446-bc3e-5f4731f3e690,1.7773407072173194e+18
69ce9a6f-ea86-4446-bc3e-5f4731f3e690,1.7773407072506627e+18
69ce9a6f-ea86-4446-bc3e-5f4731f3e690,1.7773407072840056e+18
69ce9a6f-ea86-4446-bc3e-5f4731f3e690,1.7773407073173486e+18
69ce9a6f-ea86-4446-bc3e-5f4731f3e690,1.7773407073506916e+18
69ce9a6f-ea86-4446-bc3e-5f4731f3e690,1.7773407073840346e+18
69ce9a6f-ea86-4446-bc3e-5f4731f3e690,1.7773407074173775e+18
69ce9a6f-ea86-4446-bc3e-5f4731f3e690,1.7773407074507205e+18
69ce9a6f-ea86-4446-bc3e-5f4731f3e690,1.7773407074840635e+18
69ce9a6f-ea86-4446-bc3e-5f4731f3e690,1.7773407075174065e+18
69ce9a6f-ea86-4446-bc3e-5f4731f3e690,1.7773407075507494e+18
69ce9a6f-ea86-4446-bc3e-5f4731f3e690,1.7773407075840924e+18
69ce9a6f-ea86-4446-bc3e-5f4731f3e690,1.7773407076174356e+18
69ce9a6f-ea86-4446-bc3e-5f4731f3e690,1.7773407076507786e+18
69ce9a6f-ea86-4446-bc3e-5f4731f3e690,1.7773407076841226e+18
69ce9a6f-ea86-4446-bc3e-5f4731f3e690,1.7773407077174656e+18
69ce9a6f-ea86-4446-bc3e-5f4731f3e690,1.7773407077508086e+18
69ce9a6f-ea86-4446-bc3e-5f4731f3e690,1.7773407077841516e+18
69ce9a6f-ea86-4446-bc3e-5f4731f3e690,1.7773407078174945e+18
69ce9a6f-ea86-4446-bc3e-5f4731f3e690,1.7773407078508375e+18
69ce9a6f-ea86-4446-bc3e-5f4731f3e690,1.7773407078841805e+18
69ce9a6f-ea86-4446-bc3e-5f4731f3e690,1.7773407079175235e+18
69ce9a6f-ea86-4446-bc3e-5f4731f3e690,1.7773407079508664e+18
69ce9a6f-ea86-4446-bc3e-5f4731f3e690,1.7773407079842097e+18
69ce9a6f-ea86-4446-bc3e-5f4731f3e690,1.7773407080175526e+18
69ce9a6f-ea86-4446-bc3e-5f4731f3e690,1.7773407080508956e+18
69ce9a6f-ea86-4446-bc3e-5f4731f3e690,1.7773407080842386e+18
69ce9a6f-ea86-4446-bc3e-5f4731f3e690,1.7773407081175816e+18
69ce9a6f-ea86-4446-bc3e-5f4731f3e690,1.7773407081509245e+18
69ce9a6f-ea86-4446-bc3e-5f4731f3e690,1.7773407081842675e+18
69ce9a6f-ea86-4446-bc3e-5f4731f3e690,1.7773407082176115e+18
69ce9a6f-ea86-4446-bc3e-5f4731f3e690,1.7773407082509545e+18
69ce9a6f-ea86-4446-bc3e-5f4731f3e690,1.7773407082842975e+18
69ce9a6f-ea86-4446-bc3e-5f4731f3e690,1.7773407083176404e+18
69ce9a6f-ea86-4446-bc3e-5f4731f3e690,1.7773407083509834e+18
69ce9a6f-ea86-4446-bc3e-5f4731f3e690,1.7773407083843267e+18
69ce9a6f-ea86-4446-bc3e-5f4731f3e690,1.7773407084176696e+18
69ce9a6f-ea86-4446-bc3e-5f4731f3e690,1.7773407084510126e+18
69ce9a6f-ea86-4446-bc3e-5f4731f3e690,1.7773407084843556e+18
69ce9a6f-ea86-4446-bc3e-5f4731f3e690,1.7773407085176986e+18
69ce9a6f-ea86-4446-bc3e-5f4731f3e690,1.7773407085510415e+18
69ce9a6f-ea86-4446-bc3e-5f4731f3e690,1.7773407085843845e+18
69ce9a6f-ea86-4446-bc3e-5f4731f3e690,1.7773407086177275e+18
69ce9a6f-ea86-4446-bc3e-5f4731f3e690,1.7773407086510705e+18
69ce9a6f-ea86-4446-bc3e-5f4731f3e690,1.7773407086844134e+18
69ce9a6f-ea86-4446-bc3e-5f4731f3e690,1.7773407087177564e+18
69ce9a6f-ea86-4446-bc3e-5f4731f3e690,1.7773407087511004e+18
69ce9a6f-ea86-4446-bc3e-5f4731f3e690,1.7773407087844436e+18
69ce9a6f-ea86-4446-bc3e-5f4731f3e690,1.7773407088177866e+18
69ce9a6f-ea86-4446-bc3e-5f4731f3e690,1.7773407088511296e+18
69ce9a6f-ea86-4446-bc3e-5f4731f3e690,1.7773407088844726e+18
69ce9a6f-ea86-4446-bc3e-5f4731f3e690,1.7773407089178156e+18
69ce9a6f-ea86-4446-bc3e-5f4731f3e690,1.7773407089511585e+18
69ce9a6f-ea86-4446-bc3e-5f4731f3e690,1.7773407089845015e+18
69ce9a6f-ea86-4446-bc3e-5f4731f3e690,1.7773407090178445e+18
69ce9a6f-ea86-4446-bc3e-5f4731f3e690,1.7773407090511875e+18
69ce9a6f-ea86-4446-bc3e-5f4731f3e690,1.7773407090845304e+18
69ce9a6f-ea86-4446-bc3e-5f4731f3e690,1.7773407091178737e+18
69ce9a6f-ea86-4446-bc3e-5f4731f3e690,1.7773407091512166e+18
69ce9a6f-ea86-4446-bc3e-5f4731f3e690,1.7773407091845596e+18
69ce9a6f-ea86-4446-bc3e-5f4731f3e690,1.7773407092179026e+18
69ce9a6f-ea86-4446-bc3e-5f4731f3e690,1.7773407092512456e+18
69ce9a6f-ea86-4446-bc3e-5f4731f3e690,1.7773407092845885e+18
69ce9a6f-ea86-4446-bc3e-5f4731f3e690,1.7773407093179325e+18
69ce9a6f-ea86-4446-bc3e-5f4731f3e690,1.7773407093512755e+18
69ce9a6f-ea86-4446-bc3e-5f4731f3e690,1.7773407093846185e+18
69ce9a6f-ea86-4446-bc3e-5f4731f3e690,1.7773407094179615e+18
69ce9a6f-ea86-4446-bc3e-5f4731f3e690,1.7773407094513044e+18
69ce9a6f-ea86-4446-bc3e-5f4731f3e690,1.7773407094846474e+18
69ce9a6f-ea86-4446-bc3e-5f4731f3e690,1.7773407095179907e+18
69ce9a6f-ea86-4446-bc3e-5f4731f3e690,1.7773407095513336e+18
69ce9a6f-ea86-4446-bc3e-5f4731f3e690,1.7773407095846766e+18
69ce9a6f-ea86-4446-bc3e-5f4731f3e690,1.7773407096180196e+18
69ce9a6f-ea86-4446-bc3e-5f4731f3e690,1.7773407096513626e+18
69ce9a6f-ea86-4446-bc3e-5f4731f3e690,1.7773407096847055e+18
69ce9a6f-ea86-4446-bc3e-5f4731f3e690,1.7773407097180485e+18
69ce9a6f-ea86-4446-bc3e-5f4731f3e690,1.7773407097513915e+18
69ce9a6f-ea86-4446-bc3e-5f4731f3e690,1.7773407097847345e+18
69ce9a6f-ea86-4446-bc3e-5f4731f3e690,1.7773407098180774e+18
69ce9a6f-ea86-4446-bc3e-5f4731f3e690,1.7773407098514204e+18
69ce9a6f-ea86-4446-bc3e-5f4731f3e690,1.7773407098847644e+18
69ce9a6f-ea86-4446-bc3e-5f4731f3e690,1.7773407099181076e+18
69ce9a6f-ea86-4446-bc3e-5f4731f3e690,1.7773407099514506e+18
69ce9a6f-ea86-4446-bc3e-5f4731f3e690,1.7773407099847936e+18
69ce9a6f-ea86-4446-bc3e-5f4731f3e690,1.7773407100181366e+18
69ce9a6f-ea86-4446-bc3e-5f4731f3e690,1.7773407100514796e+18
69ce9a6f-ea86-4446-bc3e-5f4731f3e690,1.7773407100848225e+18
69ce9a6f-ea86-4446-bc3e-5f4731f3e690,1.7773407101181655e+18
69ce9a6f-ea86-4446-bc3e-5f4731f3e690,1.7773407101515085e+18
69ce9a6f-ea86-4446-bc3e-5f4731f3e690,1.7773407101848515e+18
69ce9a6f-ea86-4446-bc3e-5f4731f3e690,1.7773407102181944e+18
69ce9a6f-ea86-4446-bc3e-5f4731f3e690,1.7773407102515377e+18
69ce9a6f-ea86-4446-bc3e-5f4731f3e690,1.7773407102848806e+18
69ce9a6f-ea86-4446-bc3e-5f4731f3e690,1.7773407103182236e+18
69ce9a6f-ea86-4446-bc3e-5f4731f3e690,1.7773407103515666e+18
69ce9a6f-ea86-4446-bc3e-5f4731f3e690,1.7773407103849096e+18
69ce9a6f-ea86-4446-bc3e-5f4731f3e690,1.7773407104182525e+18
69ce9a6f-ea86-4446-bc3e-5f4731f3e690,1.7773407104515965e+18
69ce9a6f-ea86-4446-bc3e-5f4731f3e690,1.7773407104849395e+18
69ce9a6f-ea86-4446-bc3e-5f4731f3e690,1.7773407105182825e+18
69ce9a6f-ea86-4446-bc3e-5f4731f3e690,1.7773407105516255e+18
69ce9a6f-ea86-4446-bc3e-5f4731f3e690,1.7773407105849684e+18
69ce9a6f-ea86-4446-bc3e-5f4731f3e690,1.7773407106183114e+18
69ce9a6f-ea86-4446-bc3e-5f4731f3e690,1.7773407106516547e+18
69ce9a6f-ea86-4446-bc3e-5f4731f3e690,1.7773407106849976e+18
69ce9a6f-ea86-4446-bc3e-5f4731f3e690,1.7773407107183406e+18
69ce9a6f-ea86-4446-bc3e-5f4731f3e690,1.7773407107516836e+18
69ce9a6f-ea86-4446-bc3e-5f4731f3e690,1.7773407107850266e+18
69ce9a6f-ea86-4446-bc3e-5f4731f3e690,1.7773407108183695e+18
69ce9a6f-ea86-4446-bc3e-5f4731f3e690,1.7773407108517125e+18
69ce9a6f-ea86-4446-bc3e-5f4731f3e690,1.7773407108850555e+18
69ce9a6f-ea86-4446-bc3e-5f4731f3e690,1.7773407109183985e+18
69ce9a6f-ea86-4446-bc3e-5f4731f3e690,1.7773407109517414e+18
69ce9a6f-ea86-4446-bc3e-5f4731f3e690,1.7773407109850844e+18
69ce9a6f-ea86-4446-bc3e-5f4731f3e690,1.7773407110184284e+18
69ce9a6f-ea86-4446-bc3e-5f4731f3e690,1.7773407110517716e+18
69ce9a6f-ea86-4446-bc3e-5f4731f3e690,1.7773407110851146e+18
69ce9a6f-ea86-4446-bc3e-5f4731f3e690,1.7773407111184576e+18
69ce9a6f-ea86-4446-bc3e-5f4731f3e690,1.7773407111518006e+18
69ce9a6f-ea86-4446-bc3e-5f4731f3e690,1.7773407111851436e+18
69ce9a6f-ea86-4446-bc3e-5f4731f3e690,1.7773407112184865e+18
69ce9a6f-ea86-4446-bc3e-5f4731f3e690,1.7773407112518295e+18
69ce9a6f-ea86-4446-bc3e-5f4731f3e690,1.7773407112851725e+18
69ce9a6f-ea86-4446-bc3e-5f4731f3e690,1.7773407113185155e+18
69ce9a6f-ea86-4446-bc3e-5f4731f3e690,1.7773407113518584e+18
69ce9a6f-ea86-4446-bc3e-5f4731f3e690,1.7773407113852017e+18
69ce9a6f-ea86-4446-bc3e-5f4731f3e690,1.7773407114185446e+18
69ce9a6f-ea86-4446-bc3e-5f4731f3e690,1.7773407114518876e+18
69ce9a6f-ea86-4446-bc3e-5f4731f3e690,1.7773407114852306e+18
69ce9a6f-ea86-4446-bc3e-5f4731f3e690,1.7773407115185736e+18
69ce9a6f-ea86-4446-bc3e-5f4731f3e690,1.7773407115519176e+18
69ce9a6f-ea86-4446-bc3e-5f4731f3e690,1.7773407115852605e+18
69ce9a6f-ea86-4446-bc3e-5f4731f3e690,1.7773407116186035e+18
69ce9a6f-ea86-4446-bc3e-5f4731f3e690,1.7773407116519465e+18
69ce9a6f-ea86-4446-bc3e-5f4731f3e690,1.7773407116852895e+18
69ce9a6f-ea86-4446-bc3e-5f4731f3e690,1.7773407117186324e+18
69ce9a6f-ea86-4446-bc3e-5f4731f3e690,1.7773407117519754e+18
69ce9a6f-ea86-4446-bc3e-5f4731f3e690,1.7773407117853187e+18
69ce9a6f-ea86-4446-bc3e-5f4731f3e690,1.7773407118186616e+18
69ce9a6f-ea86-4446-bc3e-5f4731f3e690,1.7773407118520046e+18
69ce9a6f-ea86-4446-bc3e-5f4731f3e690,1.7773407118853476e+18
69ce9a6f-ea86-4446-bc3e-5f4731f3e690,1.7773407119186906e+18
69ce9a6f-ea86-4446-bc3e-5f4731f3e690,1.7773407119520335e+18
69ce9a6f-ea86-4446-bc3e-5f4731f3e690,1.7773407119853765e+18
69ce9a6f-ea86-4446-bc3e-5f4731f3e690,1.7773407120187195e+18
69ce9a6f-ea86-4446-bc3e-5f4731f3e690,1.7773407120520625e+18
69ce9a6f-ea86-4446-bc3e-5f4731f3e690,1.7773407120854065e+18
69ce9a6f-ea86-4446-bc3e-5f4731f3e690,1.7773407121187494e+18
69ce9a6f-ea86-4446-bc3e-5f4731f3e690,1.7773407121520924e+18
69ce9a6f-ea86-4446-bc3e-5f4731f3e690,1.7773407121854356e+18
69ce9a6f-ea86-4446-bc3e-5f4731f3e690,1.7773407122187786e+18
69ce9a6f-ea86-4446-bc3e-5f4731f3e690,1.7773407122521216e+18
69ce9a6f-ea86-4446-bc3e-5f4731f3e690,1.7773407122854646e+18
69ce9a6f-ea86-4446-bc3e-5f4731f3e690,1.7773407123188076e+18
69ce9a6f-ea86-4446-bc3e-5f4731f3e690,1.7773407123521505e+18
69ce9a6f-ea86-4446-bc3e-5f4731f3e690,1.7773407123854935e+18
69ce9a6f-ea86-4446-bc3e-5f4731f3e690,1.7773407124188365e+18
69ce9a6f-ea86-4446-bc3e-5f4731f3e690,1.7773407124521795e+18
69ce9a6f-ea86-4446-bc3e-5f4731f3e690,1.7773407124855224e+18
69ce9a6f-ea86-4446-bc3e-5f4731f3e690,1.7773407125188657e+18
69ce9a6f-ea86-4446-bc3e-5f4731f3e690,1.7773407125522086e+18
69ce9a6f-ea86-4446-bc3e-5f4731f3e690,1.7773407125855516e+18
69ce9a6f-ea86-4446-bc3e-5f4731f3e690,1.7773407126188946e+18
69ce9a6f-ea86-4446-bc3e-5f4731f3e690,1.7773407126522386e+18
69ce9a6f-ea86-4446-bc3e-5f4731f3e690,1.7773407126855816e+18
69ce9a6f-ea86-4446-bc3e-5f4731f3e690,1.7773407127189245e+18
69ce9a6f-ea86-4446-bc3e-5f4731f3e690,1.7773407127522675e+18
69ce9a6f-ea86-4446-bc3e-5f4731f3e690,1.7773407127856105e+18
69ce9a6f-ea86-4446-bc3e-5f4731f3e690,1.7773407128189535e+18
69ce9a6f-ea86-4446-bc3e-5f4731f3e690,1.7773407128522964e+18
69ce9a6f-ea86-4446-bc3e-5f4731f3e690,1.7773407128856394e+18
69ce9a6f-ea86-4446-bc3e-5f4731f3e690,1.7773407129189827e+18
69ce9a6f-ea86-4446-bc3e-5f4731f3e690,1.7773407129523256e+18
69ce9a6f-ea86-4446-bc3e-5f4731f3e690,1.7773407129856686e+18
69ce9a6f-ea86-4446-bc3e-5f4731f3e690,1.7773407130190116e+18
69ce9a6f-ea86-4446-bc3e-5f4731f3e690,1.7773407130523546e+18
69ce9a6f-ea86-4446-bc3e-5f4731f3e690,1.7773407130856975e+18
69ce9a6f-ea86-4446-bc3e-5f4731f3e690,1.7773407131190405e+18
69ce9a6f-ea86-4446-bc3e-5f4731f3e690,1.7773407131523835e+18
69ce9a6f-ea86-4446-bc3e-5f4731f3e690,1.7773407131857265e+18
69ce9a6f-ea86-4446-bc3e-5f4731f3e690,1.7773407132190705e+18
69ce9a6f-ea86-4446-bc3e-5f4731f3e690,1.7773407132524134e+18
69ce9a6f-ea86-4446-bc3e-5f4731f3e690,1.7773407132857564e+18
69ce9a6f-ea86-4446-bc3e-5f4731f3e690,1.7773407133190996e+18
69ce9a6f-ea86-4446-bc3e-5f4731f3e690,1.7773407133524426e+18
69ce9a6f-ea86-4446-bc3e-5f4731f3e690,1.7773407133857856e+18
69ce9a6f-ea86-4446-bc3e-5f4731f3e690,1.7773407134191286e+18
69ce9a6f-ea86-4446-bc3e-5f4731f3e690,1.7773407134524716e+18
69ce9a6f-ea86-4446-bc3e-5f4731f3e690,1.7773407134858145e+18
69ce9a6f-ea86-4446-bc3e-5f4731f3e690,1.7773407135191575e+18
69ce9a6f-ea86-4446-bc3e-5f4731f3e690,1.7773407135525005e+18
69ce9a6f-ea86-4446-bc3e-5f4731f3e690,1.7773407135858435e+18
69ce9a6f-ea86-4446-bc3e-5f4731f3e690,1.7773407136191864e+18
69ce9a6f-ea86-4446-bc3e-5f4731f3e690,1.7773407136525297e+18
69ce9a6f-ea86-4446-bc3e-5f4731f3e690,1.7773407136858726e+18
69ce9a6f-ea86-4446-bc3e-5f4731f3e690,1.7773407137192156e+18
69ce9a6f-ea86-4446-bc3e-5f4731f3e690,1.7773407137525586e+18
69ce9a6f-ea86-4446-bc3e-5f4731f3e690,1.7773407137859026e+18
69ce9a6f-ea86-4446-bc3e-5f4731f3e690,1.7773407138192456e+18
69ce9a6f-ea86-4446-bc3e-5f4731f3e690,1.7773407138525885e+18
69ce9a6f-ea86-4446-bc3e-5f4731f3e690,1.7773407138859315e+18
69ce9a6f-ea86-4446-bc3e-5f4731f3e690,1.7773407139192745e+18
69ce9a6f-ea86-4446-bc3e-5f4731f3e690,1.7773407139526175e+18
69ce9a6f-ea86-4446-bc3e-5f4731f3e690,1.7773407139859604e+18
69ce9a6f-ea86-4446-bc3e-5f4731f3e690,1.7773407140193034e+18
69ce9a6f-ea86-4446-bc3e-5f4731f3e690,1.7773407140526467e+18
69ce9a6f-ea86-4446-bc3e-5f4731f3e690,1.7773407140859896e+18
69ce9a6f-ea86-4446-bc3e-5f4731f3e690,1.7773407141193326e+18
69ce9a6f-ea86-4446-bc3e-5f4731f3e690,1.7773407141526756e+18
69ce9a6f-ea86-4446-bc3e-5f4731f3e690,1.7773407141860186e+18
69ce9a6f-ea86-4446-bc3e-5f4731f3e690,1.7773407142193615e+18
69ce9a6f-ea86-4446-bc3e-5f4731f3e690,1.7773407142527045e+18
69ce9a6f-ea86-4446-bc3e-5f4731f3e690,1.7773407142860475e+18
69ce9a6f-ea86-4446-bc3e-5f4731f3e690,1.7773407143193905e+18
69ce9a6f-ea86-4446-bc3e-5f4731f3e690,1.7773407143527345e+18
69ce9a6f-ea86-4446-bc3e-5f4731f3e690,1.7773407143860774e+18
69ce9a6f-ea86-4446-bc3e-5f4731f3e690,1.7773407144194204e+18
69ce9a6f-ea86-4446-bc3e-5f4731f3e690,1.7773407144527636e+18
69ce9a6f-ea86-4446-bc3e-5f4731f3e690,1.7773407144861066e+18
69ce9a6f-ea86-4446-bc3e-5f4731f3e690,1.7773407145194496e+18
69ce9a6f-ea86-4446-bc3e-5f4731f3e690,1.7773407145527926e+18
69ce9a6f-ea86-4446-bc3e-5f4731f3e690,1.7773407145861356e+18
69ce9a6f-ea86-4446-bc3e-5f4731f3e690,1.7773407146194785e+18
69ce9a6f-ea86-4446-bc3e-5f4731f3e690,1.7773407146528215e+18
69ce9a6f-ea86-4446-bc3e-5f4731f3e690,1.7773407146861645e+18
69ce9a6f-ea86-4446-bc3e-5f4731f3e690,1.7773407147195075e+18
69ce9a6f-ea86-4446-bc3e-5f4731f3e690,1.7773407147528504e+18
69ce9a6f-ea86-4446-bc3e-5f4731f3e690,1.7773407147861937e+18
69ce9a6f-ea86-4446-bc3e-5f4731f3e690,1.7773407148195366e+18
69ce9a6f-ea86-4446-bc3e-5f4731f3e690,1.7773407148528796e+18
69ce9a6f-ea86-4446-bc3e-5f4731f3e690,1.7773407148862236e+18
69ce9a6f-ea86-4446-bc3e-5f4731f3e690,1.7773407149195666e+18
69ce9a6f-ea86-4446-bc3e-5f4731f3e690,1.7773407149529096e+18
69ce9a6f-ea86-4446-bc3e-5f4731f3e690,1.7773407149862525e+18
69ce9a6f-ea86-4446-bc3e-5f4731f3e690,1.7773407150195955e+18
69ce9a6f-ea86-4446-bc3e-5f4731f3e690,1.7773407150529385e+18
69ce9a6f-ea86-4446-bc3e-5f4731f3e690,1.7773407150862815e+18
69ce9a6f-ea86-4446-bc3e-5f4731f3e690,1.7773407151196244e+18
69ce9a6f-ea86-4446-bc3e-5f4731f3e690,1.7773407151529674e+18
69ce9a6f-ea86-4446-bc3e-5f4731f3e690,1.7773407151863107e+18
69ce9a6f-ea86-4446-bc3e-5f4731f3e690,1.7773407152196536e+18
69ce9a6f-ea86-4446-bc3e-5f4731f3e690,1.7773407152529966e+18
69ce9a6f-ea86-4446-bc3e-5f4731f3e690,1.7773407152863396e+18
69ce9a6f-ea86-4446-bc3e-5f4731f3e690,1.7773407153196826e+18
69ce9a6f-ea86-4446-bc3e-5f4731f3e690,1.7773407153530255e+18
69ce9a6f-ea86-4446-bc3e-5f4731f3e690,1.7773407153863685e+18
69ce9a6f-ea86-4446-bc3e-5f4731f3e690,1.7773407154197115e+18
69ce9a6f-ea86-4446-bc3e-5f4731f3e690,1.7773407154530555e+18
69ce9a6f-ea86-4446-bc3e-5f4731f3e690,1.7773407154863985e+18
69ce9a6f-ea86-4446-bc3e-5f4731f3e690,1.7773407155197414e+18
69ce9a6f-ea86-4446-bc3e-5f4731f3e690,1.7773407155530844e+18
69ce9a6f-ea86-4446-bc3e-5f4731f3e690,1.7773407155864276e+18
69ce9a6f-ea86-4446-bc3e-5f4731f3e690,1.7773407156197706e+18
69ce9a6f-ea86-4446-bc3e-5f4731f3e690,1.7773407156531136e+18
69ce9a6f-ea86-4446-bc3e-5f4731f3e690,1.7773407156864566e+18
69ce9a6f-ea86-4446-bc3e-5f4731f3e690,1.7773407157197996e+18
69ce9a6f-ea86-4446-bc3e-5f4731f3e690,1.7773407157531425e+18
69ce9a6f-ea86-4446-bc3e-5f4731f3e690,1.7773407157864855e+18
69ce9a6f-ea86-4446-bc3e-5f4731f3e690,1.7773407158198285e+18
69ce9a6f-ea86-4446-bc3e-5f4731f3e690,1.7773407158531715e+18
69ce9a6f-ea86-4446-bc3e-5f4731f3e690,1.7773407158865144e+18
69ce9a6f-ea86-4446-bc3e-5f4731f3e690,1.7773407159198577e+18
69ce9a6f-ea86-4446-bc3e-5f4731f3e690,1.7773407159532006e+18
69ce9a6f-ea86-4446-bc3e-5f4731f3e690,1.7773407159865436e+18
69ce9a6f-ea86-4446-bc3e-5f4731f3e690,1.7773407160198876e+18
69ce9a6f-ea86-4446-bc3e-5f4731f3e690,1.7773407160532306e+18
69ce9a6f-ea86-4446-bc3e-5f4731f3e690,1.7773407160865736e+18
69ce9a6f-ea86-4446-bc3e-5f4731f3e690,1.7773407161199165e+18
69ce9a6f-ea86-4446-bc3e-5f4731f3e690,1.7773407161532595e+18
69ce9a6f-ea86-4446-bc3e-5f4731f3e690,1.7773407161866025e+18
69ce9a6f-ea86-4446-bc3e-5f4731f3e690,1.7773407162199455e+18
69ce9a6f-ea86-4446-bc3e-5f4731f3e690,1.7773407162532884e+18
69ce9a6f-ea86-4446-bc3e-5f4731f3e690,1.7773407162866314e+18
69ce9a6f-ea86-4446-bc3e-5f4731f3e690,1.7773407163199747e+18
69ce9a6f-ea86-4446-bc3e-5f4731f3e690,1.7773407163533176e+18
69ce9a6f-ea86-4446-bc3e-5f4731f3e690,1.7773407163866606e+18
69ce9a6f-ea86-4446-bc3e-5f4731f3e690,1.7773407164200036e+18
69ce9a6f-ea86-4446-bc3e-5f4731f3e690,1.7773407164533466e+18
69ce9a6f-ea86-4446-bc3e-5f4731f3e690,1.7773407164866895e+18
69ce9a6f-ea86-4446-bc3e-5f4731f3e690,1.7773407165200325e+18
69ce9a6f-ea86-4446-bc3e-5f4731f3e690,1.7773407165533755e+18
69ce9a6f-ea86-4446-bc3e-5f4731f3e690,1.7773407165867195e+18
69ce9a6f-ea86-4446-bc3e-5f4731f3e690,1.7773407166200625e+18
69ce9a6f-ea86-4446-bc3e-5f4731f3e690,1.7773407166534054e+18
69ce9a6f-ea86-4446-bc3e-5f4731f3e690,1.7773407166867484e+18
69ce9a6f-ea86-4446-bc3e-5f4731f3e690,1.7773407167200916e+18
69ce9a6f-ea86-4446-bc3e-5f4731f3e690,1.7773407167534346e+18
69ce9a6f-ea86-4446-bc3e-5f4731f3e690,1.7773407167867776e+18
69ce9a6f-ea86-4446-bc3e-5f4731f3e690,1.7773407168201206e+18
69ce9a6f-ea86-4446-bc3e-5f4731f3e690,1.7773407168534636e+18
69ce9a6f-ea86-4446-bc3e-5f4731f3e690,1.7773407168868065e+18
69ce9a6f-ea86-4446-bc3e-5f4731f3e690,1.7773407169201495e+18
69ce9a6f-ea86-4446-bc3e-5f4731f3e690,1.7773407169534925e+18
69ce9a6f-ea86-4446-bc3e-5f4731f3e690,1.7773407169868355e+18
69ce9a6f-ea86-4446-bc3e-5f4731f3e690,1.7773407170201784e+18
69ce9a6f-ea86-4446-bc3e-5f4731f3e690,1.7773407170535217e+18
69ce9a6f-ea86-4446-bc3e-5f4731f3e690,1.7773407170868646e+18
69ce9a6f-ea86-4446-bc3e-5f4731f3e690,1.7773407171202076e+18
69ce9a6f-ea86-4446-bc3e-5f4731f3e690,1.7773407171535516e+18
69ce9a6f-ea86-4446-bc3e-5f4731f3e690,1.7773407171868946e+18
