recording id,timestamp [ns]
c6b1ee29-0c20-4451-be66-97c2642c3139,1.7773442899198912e+18
c6b1ee29-0c20-4451-be66-97c2642c3139,1.7773442899532342e+18
c6b1ee29-0c20-4451-be66-97c2642c3139,1.7773442899865761e+18
c6b1ee29-0c20-4451-be66-97c2642c3139,1.777344290019919e+18
c6b1ee29-0c20-4451-be66-97c2642c3139,1.777344290053261e+18
c6b1ee29-0c20-4451-be66-97c2642c3139,1.777344290086603e+18
c6b1ee29-0c20-4451-be66-97c2642c3139,1.777344290119946e+18
c6b1ee29-0c20-4451-be66-97c2642c3139,1.7773442901532882e+18
c6b1ee29-0c20-4451-be66-97c2642c3139,1.7773442901866312e+18
c6b1ee29-0c20-4451-be66-97c2642c3139,1.777344290219973e+18
c6b1ee29-0c20-4451-be66-97c2642c3139,1.777344290253316e+18
c6b1ee29-0c20-4451-be66-97c2642c3139,1.777344290286658e+18
c6b1ee29-0c20-4451-be66-97c2642c3139,1.777344290320001e+18
c6b1ee29-0c20-4451-be66-97c2642c3139,1.777344290353343e+18
c6b1ee29-0c20-4451-be66-97c2642c3139,1.7773442903866852e+18
c6b1ee29-0c20-4451-be66-97c2642c3139,1.7773442904200282e+18
c6b1ee29-0c20-4451-be66-97c2642c3139,1.77734429045337e+18
c6b1ee29-0c20-4451-be66-97c2642c3139,1.777344290486713e+18
c6b1ee29-0c20-4451-be66-97c2642c3139,1.777344290520055e+18
c6b1ee29-0c20-4451-be66-97c2642c3139,1.777344290553398e+18
c6b1ee29-0c20-4451-be66-97c2642c3139,1.77734429058674e+18
c6b1ee29-0c20-4451-be66-97c2642c3139,1.7773442906200832e+18
c6b1ee29-0c20-4451-be66-97c2642c3139,1.7773442906534252e+18
c6b1ee29-0c20-4451-be66-97c2642c3139,1.777344290686767e+18
c6b1ee29-0c20-4451-be66-97c2642c3139,1.77734429072011e+18
c6b1ee29-0c20-4451-be66-97c2642c3139,1.777344290753452e+18
c6b1ee29-0c20-4451-be66-97c2642c3139,1.777344290786795e+18
c6b1ee29-0c20-4451-be66-97c2642c3139,1.777344290820137e+18
c6b1ee29-0c20-4451-be66-97c2642c3139,1.7773442908534802e+18
c6b1ee29-0c20-4451-be66-97c2642c3139,1.7773442908868221e+18
c6b1ee29-0c20-4451-be66-97c2642c3139,1.777344290920165e+18
c6b1ee29-0c20-4451-be66-97c2642c3139,1.777344290953507e+18
c6b1ee29-0c20-4451-be66-97c2642c3139,1.77734429098685e+18
c6b1ee29-0c20-4451-be66-97c2642c3139,1.777344291020192e+18
c6b1ee29-0c20-4451-be66-97c2642c3139,1.777344291053534e+18
c6b1ee29-0c20-4451-be66-97c2642c3139,1.7773442910868772e+18
c6b1ee29-0c20-4451-be66-97c2642c3139,1.7773442911202191e+18
c6b1ee29-0c20-4451-be66-97c2642c3139,1.777344291153562e+18
c6b1ee29-0c20-4451-be66-97c2642c3139,1.777344291186904e+18
c6b1ee29-0c20-4451-be66-97c2642c3139,1.777344291220247e+18
c6b1ee29-0c20-4451-be66-97c2642c3139,1.777344291253589e+18
c6b1ee29-0c20-4451-be66-97c2642c3139,1.777344291286932e+18
c6b1ee29-0c20-4451-be66-97c2642c3139,1.7773442913202742e+18
c6b1ee29-0c20-4451-be66-97c2642c3139,1.7773442913536161e+18
c6b1ee29-0c20-4451-be66-97c2642c3139,1.777344291386959e+18
c6b1ee29-0c20-4451-be66-97c2642c3139,1.777344291420301e+18
c6b1ee29-0c20-4451-be66-97c2642c3139,1.777344291453644e+18
c6b1ee29-0c20-4451-be66-97c2642c3139,1.777344291486986e+18
c6b1ee29-0c20-4451-be66-97c2642c3139,1.777344291520329e+18
c6b1ee29-0c20-4451-be66-97c2642c3139,1.7773442915536712e+18
c6b1ee29-0c20-4451-be66-97c2642c3139,1.7773442915870141e+18
c6b1ee29-0c20-4451-be66-97c2642c3139,1.777344291620356e+18
c6b1ee29-0c20-4451-be66-97c2642c3139,1.777344291653698e+18
c6b1ee29-0c20-4451-be66-97c2642c3139,1.777344291687041e+18
c6b1ee29-0c20-4451-be66-97c2642c3139,1.777344291720383e+18
c6b1ee29-0c20-4451-be66-97c2642c3139,1.777344291753726e+18
c6b1ee29-0c20-4451-be66-97c2642c3139,1.7773442917870682e+18
c6b1ee29-0c20-4451-be66-97c2642c3139,1.7773442918204111e+18
c6b1ee29-0c20-4451-be66-97c2642c3139,1.777344291853753e+18
c6b1ee29-0c20-4451-be66-97c2642c3139,1.777344291887096e+18
c6b1ee29-0c20-4451-be66-97c2642c3139,1.777344291920438e+18
c6b1ee29-0c20-4451-be66-97c2642c3139,1.77734429195378e+18
c6b1ee29-0c20-4451-be66-97c2642c3139,1.7773442919871232e+18
c6b1ee29-0c20-4451-be66-97c2642c3139,1.7773442920204652e+18
c6b1ee29-0c20-4451-be66-97c2642c3139,1.777344292053808e+18
c6b1ee29-0c20-4451-be66-97c2642c3139,1.77734429208715e+18
c6b1ee29-0c20-4451-be66-97c2642c3139,1.777344292120493e+18
c6b1ee29-0c20-4451-be66-97c2642c3139,1.777344292153835e+18
c6b1ee29-0c20-4451-be66-97c2642c3139,1.777344292187178e+18
c6b1ee29-0c20-4451-be66-97c2642c3139,1.7773442922205202e+18
c6b1ee29-0c20-4451-be66-97c2642c3139,1.7773442922538621e+18
c6b1ee29-0c20-4451-be66-97c2642c3139,1.777344292287205e+18
c6b1ee29-0c20-4451-be66-97c2642c3139,1.777344292320547e+18
c6b1ee29-0c20-4451-be66-97c2642c3139,1.77734429235389e+18
c6b1ee29-0c20-4451-be66-97c2642c3139,1.777344292387232e+18
c6b1ee29-0c20-4451-be66-97c2642c3139,1.777344292420575e+18
c6b1ee29-0c20-4451-be66-97c2642c3139,1.7773442924539172e+18
c6b1ee29-0c20-4451-be66-97c2642c3139,1.7773442924872602e+18
c6b1ee29-0c20-4451-be66-97c2642c3139,1.777344292520602e+18
c6b1ee29-0c20-4451-be66-97c2642c3139,1.777344292553944e+18
c6b1ee29-0c20-4451-be66-97c2642c3139,1.777344292587287e+18
c6b1ee29-0c20-4451-be66-97c2642c3139,1.777344292620629e+18
c6b1ee29-0c20-4451-be66-97c2642c3139,1.777344292653972e+18
c6b1ee29-0c20-4451-be66-97c2642c3139,1.7773442926873142e+18
c6b1ee29-0c20-4451-be66-97c2642c3139,1.7773442927206572e+18
c6b1ee29-0c20-4451-be66-97c2642c3139,1.777344292753999e+18
c6b1ee29-0c20-4451-be66-97c2642c3139,1.777344292787342e+18
c6b1ee29-0c20-4451-be66-97c2642c3139,1.777344292820684e+18
c6b1ee29-0c20-4451-be66-97c2642c3139,1.777344292854027e+18
c6b1ee29-0c20-4451-be66-97c2642c3139,1.777344292887369e+18
c6b1ee29-0c20-4451-be66-97c2642c3139,1.7773442929207112e+18
c6b1ee29-0c20-4451-be66-97c2642c3139,1.7773442929540541e+18
c6b1ee29-0c20-4451-be66-97c2642c3139,1.777344292987396e+18
c6b1ee29-0c20-4451-be66-97c2642c3139,1.777344293020739e+18
c6b1ee29-0c20-4451-be66-97c2642c3139,1.777344293054081e+18
c6b1ee29-0c20-4451-be66-97c2642c3139,1.777344293087424e+18
c6b1ee29-0c20-4451-be66-97c2642c3139,1.777344293120766e+18
c6b1ee29-0c20-4451-be66-97c2642c3139,1.7773442931541092e+18
c6b1ee29-0c20-4451-be66-97c2642c3139,1.7773442931874511e+18
c6b1ee29-0c20-4451-be66-97c2642c3139,1.777344293220793e+18
c6b1ee29-0c20-4451-be66-97c2642c3139,1.777344293254136e+18
c6b1ee29-0c20-4451-be66-97c2642c3139,1.777344293287478e+18
c6b1ee29-0c20-4451-be66-97c2642c3139,1.777344293320821e+18
c6b1ee29-0c20-4451-be66-97c2642c3139,1.7773442933541632e+18
c6b1ee29-0c20-4451-be66-97c2642c3139,1.7773442933875062e+18
c6b1ee29-0c20-4451-be66-97c2642c3139,1.777344293420848e+18
c6b1ee29-0c20-4451-be66-97c2642c3139,1.777344293454191e+18
c6b1ee29-0c20-4451-be66-97c2642c3139,1.777344293487533e+18
c6b1ee29-0c20-4451-be66-97c2642c3139,1.777344293520875e+18
c6b1ee29-0c20-4451-be66-97c2642c3139,1.777344293554218e+18
c6b1ee29-0c20-4451-be66-97c2642c3139,1.7773442935875602e+18
c6b1ee29-0c20-4451-be66-97c2642c3139,1.7773442936209032e+18
c6b1ee29-0c20-4451-be66-97c2642c3139,1.777344293654245e+18
c6b1ee29-0c20-4451-be66-97c2642c3139,1.777344293687588e+18
c6b1ee29-0c20-4451-be66-97c2642c3139,1.77734429372093e+18
c6b1ee29-0c20-4451-be66-97c2642c3139,1.777344293754273e+18
c6b1ee29-0c20-4451-be66-97c2642c3139,1.777344293787615e+18
c6b1ee29-0c20-4451-be66-97c2642c3139,1.7773442938209572e+18
c6b1ee29-0c20-4451-be66-97c2642c3139,1.7773442938543002e+18
c6b1ee29-0c20-4451-be66-97c2642c3139,1.777344293887642e+18
c6b1ee29-0c20-4451-be66-97c2642c3139,1.777344293920985e+18
c6b1ee29-0c20-4451-be66-97c2642c3139,1.777344293954327e+18
c6b1ee29-0c20-4451-be66-97c2642c3139,1.77734429398767e+18
c6b1ee29-0c20-4451-be66-97c2642c3139,1.777344294021012e+18
c6b1ee29-0c20-4451-be66-97c2642c3139,1.7773442940543552e+18
c6b1ee29-0c20-4451-be66-97c2642c3139,1.7773442940876972e+18
c6b1ee29-0c20-4451-be66-97c2642c3139,1.777344294121039e+18
c6b1ee29-0c20-4451-be66-97c2642c3139,1.777344294154382e+18
c6b1ee29-0c20-4451-be66-97c2642c3139,1.777344294187724e+18
c6b1ee29-0c20-4451-be66-97c2642c3139,1.777344294221067e+18
c6b1ee29-0c20-4451-be66-97c2642c3139,1.777344294254409e+18
c6b1ee29-0c20-4451-be66-97c2642c3139,1.7773442942877522e+18
c6b1ee29-0c20-4451-be66-97c2642c3139,1.7773442943210941e+18
c6b1ee29-0c20-4451-be66-97c2642c3139,1.777344294354437e+18
c6b1ee29-0c20-4451-be66-97c2642c3139,1.777344294387779e+18
c6b1ee29-0c20-4451-be66-97c2642c3139,1.777344294421121e+18
c6b1ee29-0c20-4451-be66-97c2642c3139,1.777344294454464e+18
c6b1ee29-0c20-4451-be66-97c2642c3139,1.777344294487806e+18
c6b1ee29-0c20-4451-be66-97c2642c3139,1.7773442945211492e+18
c6b1ee29-0c20-4451-be66-97c2642c3139,1.7773442945544911e+18
c6b1ee29-0c20-4451-be66-97c2642c3139,1.777344294587834e+18
c6b1ee29-0c20-4451-be66-97c2642c3139,1.777344294621176e+18
c6b1ee29-0c20-4451-be66-97c2642c3139,1.777344294654519e+18
c6b1ee29-0c20-4451-be66-97c2642c3139,1.777344294687861e+18
c6b1ee29-0c20-4451-be66-97c2642c3139,1.777344294721204e+18
c6b1ee29-0c20-4451-be66-97c2642c3139,1.7773442947545462e+18
c6b1ee29-0c20-4451-be66-97c2642c3139,1.777344294787888e+18
c6b1ee29-0c20-4451-be66-97c2642c3139,1.777344294821231e+18
c6b1ee29-0c20-4451-be66-97c2642c3139,1.777344294854573e+18
c6b1ee29-0c20-4451-be66-97c2642c3139,1.777344294887916e+18
c6b1ee29-0c20-4451-be66-97c2642c3139,1.777344294921258e+18
c6b1ee29-0c20-4451-be66-97c2642c3139,1.777344294954601e+18
c6b1ee29-0c20-4451-be66-97c2642c3139,1.7773442949879432e+18
c6b1ee29-0c20-4451-be66-97c2642c3139,1.7773442950212861e+18
c6b1ee29-0c20-4451-be66-97c2642c3139,1.777344295054628e+18
c6b1ee29-0c20-4451-be66-97c2642c3139,1.77734429508797e+18
c6b1ee29-0c20-4451-be66-97c2642c3139,1.777344295121313e+18
c6b1ee29-0c20-4451-be66-97c2642c3139,1.777344295154655e+18
c6b1ee29-0c20-4451-be66-97c2642c3139,1.777344295187998e+18
c6b1ee29-0c20-4451-be66-97c2642c3139,1.7773442952213402e+18
c6b1ee29-0c20-4451-be66-97c2642c3139,1.7773442952546831e+18
c6b1ee29-0c20-4451-be66-97c2642c3139,1.777344295288025e+18
c6b1ee29-0c20-4451-be66-97c2642c3139,1.777344295321368e+18
c6b1ee29-0c20-4451-be66-97c2642c3139,1.77734429535471e+18
c6b1ee29-0c20-4451-be66-97c2642c3139,1.777344295388052e+18
c6b1ee29-0c20-4451-be66-97c2642c3139,1.7773442954213952e+18
c6b1ee29-0c20-4451-be66-97c2642c3139,1.7773442954547372e+18
c6b1ee29-0c20-4451-be66-97c2642c3139,1.7773442954880801e+18
c6b1ee29-0c20-4451-be66-97c2642c3139,1.777344295521422e+18
c6b1ee29-0c20-4451-be66-97c2642c3139,1.777344295554765e+18
c6b1ee29-0c20-4451-be66-97c2642c3139,1.777344295588107e+18
c6b1ee29-0c20-4451-be66-97c2642c3139,1.77734429562145e+18
c6b1ee29-0c20-4451-be66-97c2642c3139,1.7773442956547922e+18
c6b1ee29-0c20-4451-be66-97c2642c3139,1.7773442956881341e+18
c6b1ee29-0c20-4451-be66-97c2642c3139,1.777344295721477e+18
c6b1ee29-0c20-4451-be66-97c2642c3139,1.777344295754819e+18
c6b1ee29-0c20-4451-be66-97c2642c3139,1.777344295788162e+18
c6b1ee29-0c20-4451-be66-97c2642c3139,1.777344295821504e+18
c6b1ee29-0c20-4451-be66-97c2642c3139,1.777344295854847e+18
c6b1ee29-0c20-4451-be66-97c2642c3139,1.7773442958881892e+18
c6b1ee29-0c20-4451-be66-97c2642c3139,1.7773442959215322e+18
c6b1ee29-0c20-4451-be66-97c2642c3139,1.777344295954874e+18
c6b1ee29-0c20-4451-be66-97c2642c3139,1.777344295988216e+18
c6b1ee29-0c20-4451-be66-97c2642c3139,1.777344296021559e+18
c6b1ee29-0c20-4451-be66-97c2642c3139,1.777344296054901e+18
c6b1ee29-0c20-4451-be66-97c2642c3139,1.777344296088244e+18
c6b1ee29-0c20-4451-be66-97c2642c3139,1.7773442961215862e+18
c6b1ee29-0c20-4451-be66-97c2642c3139,1.7773442961549292e+18
c6b1ee29-0c20-4451-be66-97c2642c3139,1.777344296188271e+18
c6b1ee29-0c20-4451-be66-97c2642c3139,1.777344296221614e+18
c6b1ee29-0c20-4451-be66-97c2642c3139,1.777344296254956e+18
c6b1ee29-0c20-4451-be66-97c2642c3139,1.777344296288298e+18
c6b1ee29-0c20-4451-be66-97c2642c3139,1.777344296321641e+18
c6b1ee29-0c20-4451-be66-97c2642c3139,1.7773442963549832e+18
c6b1ee29-0c20-4451-be66-97c2642c3139,1.7773442963883261e+18
c6b1ee29-0c20-4451-be66-97c2642c3139,1.777344296421668e+18
c6b1ee29-0c20-4451-be66-97c2642c3139,1.777344296455011e+18
c6b1ee29-0c20-4451-be66-97c2642c3139,1.777344296488353e+18
c6b1ee29-0c20-4451-be66-97c2642c3139,1.777344296521696e+18
c6b1ee29-0c20-4451-be66-97c2642c3139,1.777344296555038e+18
c6b1ee29-0c20-4451-be66-97c2642c3139,1.7773442965883812e+18
c6b1ee29-0c20-4451-be66-97c2642c3139,1.7773442966217231e+18
c6b1ee29-0c20-4451-be66-97c2642c3139,1.777344296655065e+18
c6b1ee29-0c20-4451-be66-97c2642c3139,1.777344296688408e+18
c6b1ee29-0c20-4451-be66-97c2642c3139,1.77734429672175e+18
c6b1ee29-0c20-4451-be66-97c2642c3139,1.777344296755093e+18
c6b1ee29-0c20-4451-be66-97c2642c3139,1.7773442967884352e+18
c6b1ee29-0c20-4451-be66-97c2642c3139,1.7773442968217782e+18
c6b1ee29-0c20-4451-be66-97c2642c3139,1.7773442968551201e+18
c6b1ee29-0c20-4451-be66-97c2642c3139,1.777344296888463e+18
c6b1ee29-0c20-4451-be66-97c2642c3139,1.777344296921805e+18
c6b1ee29-0c20-4451-be66-97c2642c3139,1.777344296955147e+18
c6b1ee29-0c20-4451-be66-97c2642c3139,1.77734429698849e+18
c6b1ee29-0c20-4451-be66-97c2642c3139,1.7773442970218322e+18
c6b1ee29-0c20-4451-be66-97c2642c3139,1.7773442970551752e+18
c6b1ee29-0c20-4451-be66-97c2642c3139,1.777344297088517e+18
c6b1ee29-0c20-4451-be66-97c2642c3139,1.77734429712186e+18
c6b1ee29-0c20-4451-be66-97c2642c3139,1.777344297155202e+18
c6b1ee29-0c20-4451-be66-97c2642c3139,1.777344297188545e+18
c6b1ee29-0c20-4451-be66-97c2642c3139,1.777344297221887e+18
c6b1ee29-0c20-4451-be66-97c2642c3139,1.7773442972552292e+18
c6b1ee29-0c20-4451-be66-97c2642c3139,1.7773442972885722e+18
c6b1ee29-0c20-4451-be66-97c2642c3139,1.777344297321914e+18
c6b1ee29-0c20-4451-be66-97c2642c3139,1.777344297355257e+18
c6b1ee29-0c20-4451-be66-97c2642c3139,1.777344297388599e+18
c6b1ee29-0c20-4451-be66-97c2642c3139,1.777344297421942e+18
c6b1ee29-0c20-4451-be66-97c2642c3139,1.777344297455284e+18
c6b1ee29-0c20-4451-be66-97c2642c3139,1.7773442974886272e+18
c6b1ee29-0c20-4451-be66-97c2642c3139,1.7773442975219692e+18
c6b1ee29-0c20-4451-be66-97c2642c3139,1.777344297555311e+18
c6b1ee29-0c20-4451-be66-97c2642c3139,1.777344297588654e+18
c6b1ee29-0c20-4451-be66-97c2642c3139,1.777344297621996e+18
c6b1ee29-0c20-4451-be66-97c2642c3139,1.777344297655339e+18
c6b1ee29-0c20-4451-be66-97c2642c3139,1.777344297688681e+18
c6b1ee29-0c20-4451-be66-97c2642c3139,1.7773442977220242e+18
c6b1ee29-0c20-4451-be66-97c2642c3139,1.7773442977553661e+18
c6b1ee29-0c20-4451-be66-97c2642c3139,1.777344297788709e+18
c6b1ee29-0c20-4451-be66-97c2642c3139,1.777344297822051e+18
c6b1ee29-0c20-4451-be66-97c2642c3139,1.777344297855393e+18
c6b1ee29-0c20-4451-be66-97c2642c3139,1.777344297888736e+18
c6b1ee29-0c20-4451-be66-97c2642c3139,1.777344297922078e+18
c6b1ee29-0c20-4451-be66-97c2642c3139,1.7773442979554212e+18
c6b1ee29-0c20-4451-be66-97c2642c3139,1.7773442979887631e+18
c6b1ee29-0c20-4451-be66-97c2642c3139,1.777344298022106e+18
c6b1ee29-0c20-4451-be66-97c2642c3139,1.777344298055448e+18
c6b1ee29-0c20-4451-be66-97c2642c3139,1.777344298088791e+18
c6b1ee29-0c20-4451-be66-97c2642c3139,1.777344298122133e+18
c6b1ee29-0c20-4451-be66-97c2642c3139,1.7773442981554752e+18
c6b1ee29-0c20-4451-be66-97c2642c3139,1.7773442981888182e+18
c6b1ee29-0c20-4451-be66-97c2642c3139,1.7773442982221601e+18
c6b1ee29-0c20-4451-be66-97c2642c3139,1.777344298255503e+18
c6b1ee29-0c20-4451-be66-97c2642c3139,1.777344298288845e+18
c6b1ee29-0c20-4451-be66-97c2642c3139,1.777344298322188e+18
c6b1ee29-0c20-4451-be66-97c2642c3139,1.77734429835553e+18
c6b1ee29-0c20-4451-be66-97c2642c3139,1.777344298388873e+18
c6b1ee29-0c20-4451-be66-97c2642c3139,1.7773442984222152e+18
c6b1ee29-0c20-4451-be66-97c2642c3139,1.7773442984555581e+18
c6b1ee29-0c20-4451-be66-97c2642c3139,1.7773442984889e+18
c6b1ee29-0c20-4451-be66-97c2642c3139,1.777344298522242e+18
c6b1ee29-0c20-4451-be66-97c2642c3139,1.777344298555585e+18
c6b1ee29-0c20-4451-be66-97c2642c3139,1.777344298588927e+18
c6b1ee29-0c20-4451-be66-97c2642c3139,1.77734429862227e+18
c6b1ee29-0c20-4451-be66-97c2642c3139,1.7773442986556122e+18
c6b1ee29-0c20-4451-be66-97c2642c3139,1.7773442986889551e+18
c6b1ee29-0c20-4451-be66-97c2642c3139,1.777344298722297e+18
c6b1ee29-0c20-4451-be66-97c2642c3139,1.77734429875564e+18
c6b1ee29-0c20-4451-be66-97c2642c3139,1.777344298788982e+18
c6b1ee29-0c20-4451-be66-97c2642c3139,1.777344298822324e+18
c6b1ee29-0c20-4451-be66-97c2642c3139,1.7773442988556672e+18
c6b1ee29-0c20-4451-be66-97c2642c3139,1.7773442988890092e+18
c6b1ee29-0c20-4451-be66-97c2642c3139,1.777344298922352e+18
c6b1ee29-0c20-4451-be66-97c2642c3139,1.777344298955694e+18
c6b1ee29-0c20-4451-be66-97c2642c3139,1.777344298989037e+18
c6b1ee29-0c20-4451-be66-97c2642c3139,1.777344299022379e+18
c6b1ee29-0c20-4451-be66-97c2642c3139,1.777344299055722e+18
c6b1ee29-0c20-4451-be66-97c2642c3139,1.7773442990890642e+18
c6b1ee29-0c20-4451-be66-97c2642c3139,1.7773442991224061e+18
c6b1ee29-0c20-4451-be66-97c2642c3139,1.777344299155749e+18
c6b1ee29-0c20-4451-be66-97c2642c3139,1.777344299189091e+18
c6b1ee29-0c20-4451-be66-97c2642c3139,1.777344299222434e+18
c6b1ee29-0c20-4451-be66-97c2642c3139,1.777344299255776e+18
c6b1ee29-0c20-4451-be66-97c2642c3139,1.777344299289119e+18
c6b1ee29-0c20-4451-be66-97c2642c3139,1.7773442993224612e+18
c6b1ee29-0c20-4451-be66-97c2642c3139,1.7773442993558042e+18
c6b1ee29-0c20-4451-be66-97c2642c3139,1.777344299389146e+18
c6b1ee29-0c20-4451-be66-97c2642c3139,1.777344299422488e+18
c6b1ee29-0c20-4451-be66-97c2642c3139,1.777344299455831e+18
c6b1ee29-0c20-4451-be66-97c2642c3139,1.777344299489173e+18
c6b1ee29-0c20-4451-be66-97c2642c3139,1.777344299522516e+18
c6b1ee29-0c20-4451-be66-97c2642c3139,1.7773442995558582e+18
c6b1ee29-0c20-4451-be66-97c2642c3139,1.7773442995892012e+18
c6b1ee29-0c20-4451-be66-97c2642c3139,1.777344299622543e+18
c6b1ee29-0c20-4451-be66-97c2642c3139,1.777344299655886e+18
c6b1ee29-0c20-4451-be66-97c2642c3139,1.777344299689228e+18
c6b1ee29-0c20-4451-be66-97c2642c3139,1.77734429972257e+18
c6b1ee29-0c20-4451-be66-97c2642c3139,1.777344299755913e+18
c6b1ee29-0c20-4451-be66-97c2642c3139,1.7773442997892552e+18
c6b1ee29-0c20-4451-be66-97c2642c3139,1.7773442998225981e+18
c6b1ee29-0c20-4451-be66-97c2642c3139,1.77734429985594e+18
c6b1ee29-0c20-4451-be66-97c2642c3139,1.777344299889283e+18
c6b1ee29-0c20-4451-be66-97c2642c3139,1.777344299922625e+18
c6b1ee29-0c20-4451-be66-97c2642c3139,1.777344299955968e+18
c6b1ee29-0c20-4451-be66-97c2642c3139,1.77734429998931e+18
c6b1ee29-0c20-4451-be66-97c2642c3139,1.7773443000226522e+18
c6b1ee29-0c20-4451-be66-97c2642c3139,1.7773443000559951e+18
c6b1ee29-0c20-4451-be66-97c2642c3139,1.777344300089337e+18
c6b1ee29-0c20-4451-be66-97c2642c3139,1.77734430012268e+18
c6b1ee29-0c20-4451-be66-97c2642c3139,1.777344300156022e+18
c6b1ee29-0c20-4451-be66-97c2642c3139,1.777344300189365e+18
c6b1ee29-0c20-4451-be66-97c2642c3139,1.7773443002227072e+18
c6b1ee29-0c20-4451-be66-97c2642c3139,1.7773443002560502e+18
c6b1ee29-0c20-4451-be66-97c2642c3139,1.777344300289392e+18
c6b1ee29-0c20-4451-be66-97c2642c3139,1.777344300322735e+18
c6b1ee29-0c20-4451-be66-97c2642c3139,1.777344300356077e+18
c6b1ee29-0c20-4451-be66-97c2642c3139,1.777344300389419e+18
c6b1ee29-0c20-4451-be66-97c2642c3139,1.777344300422762e+18
c6b1ee29-0c20-4451-be66-97c2642c3139,1.7773443004561042e+18
c6b1ee29-0c20-4451-be66-97c2642c3139,1.7773443004894472e+18
c6b1ee29-0c20-4451-be66-97c2642c3139,1.777344300522789e+18
c6b1ee29-0c20-4451-be66-97c2642c3139,1.777344300556132e+18
c6b1ee29-0c20-4451-be66-97c2642c3139,1.777344300589474e+18
c6b1ee29-0c20-4451-be66-97c2642c3139,1.777344300622817e+18
c6b1ee29-0c20-4451-be66-97c2642c3139,1.777344300656159e+18
c6b1ee29-0c20-4451-be66-97c2642c3139,1.7773443006895012e+18
c6b1ee29-0c20-4451-be66-97c2642c3139,1.7773443007228442e+18
c6b1ee29-0c20-4451-be66-97c2642c3139,1.777344300756186e+18
c6b1ee29-0c20-4451-be66-97c2642c3139,1.777344300789529e+18
c6b1ee29-0c20-4451-be66-97c2642c3139,1.777344300822871e+18
c6b1ee29-0c20-4451-be66-97c2642c3139,1.777344300856214e+18
c6b1ee29-0c20-4451-be66-97c2642c3139,1.777344300889556e+18
c6b1ee29-0c20-4451-be66-97c2642c3139,1.7773443009228992e+18
c6b1ee29-0c20-4451-be66-97c2642c3139,1.7773443009562412e+18
c6b1ee29-0c20-4451-be66-97c2642c3139,1.777344300989583e+18
c6b1ee29-0c20-4451-be66-97c2642c3139,1.777344301022926e+18
c6b1ee29-0c20-4451-be66-97c2642c3139,1.777344301056268e+18
c6b1ee29-0c20-4451-be66-97c2642c3139,1.777344301089611e+18
c6b1ee29-0c20-4451-be66-97c2642c3139,1.777344301122953e+18
c6b1ee29-0c20-4451-be66-97c2642c3139,1.7773443011562962e+18
c6b1ee29-0c20-4451-be66-97c2642c3139,1.7773443011896381e+18
c6b1ee29-0c20-4451-be66-97c2642c3139,1.777344301222981e+18
c6b1ee29-0c20-4451-be66-97c2642c3139,1.777344301256323e+18
c6b1ee29-0c20-4451-be66-97c2642c3139,1.777344301289665e+18
c6b1ee29-0c20-4451-be66-97c2642c3139,1.777344301323008e+18
c6b1ee29-0c20-4451-be66-97c2642c3139,1.77734430135635e+18
c6b1ee29-0c20-4451-be66-97c2642c3139,1.7773443013896932e+18
c6b1ee29-0c20-4451-be66-97c2642c3139,1.7773443014230351e+18
c6b1ee29-0c20-4451-be66-97c2642c3139,1.777344301456378e+18
c6b1ee29-0c20-4451-be66-97c2642c3139,1.77734430148972e+18
c6b1ee29-0c20-4451-be66-97c2642c3139,1.777344301523063e+18
c6b1ee29-0c20-4451-be66-97c2642c3139,1.777344301556405e+18
c6b1ee29-0c20-4451-be66-97c2642c3139,1.777344301589748e+18
c6b1ee29-0c20-4451-be66-97c2642c3139,1.7773443016230902e+18
c6b1ee29-0c20-4451-be66-97c2642c3139,1.777344301656432e+18
c6b1ee29-0c20-4451-be66-97c2642c3139,1.777344301689775e+18
c6b1ee29-0c20-4451-be66-97c2642c3139,1.777344301723117e+18
c6b1ee29-0c20-4451-be66-97c2642c3139,1.77734430175646e+18
c6b1ee29-0c20-4451-be66-97c2642c3139,1.777344301789802e+18
c6b1ee29-0c20-4451-be66-97c2642c3139,1.777344301823145e+18
c6b1ee29-0c20-4451-be66-97c2642c3139,1.7773443018564872e+18
c6b1ee29-0c20-4451-be66-97c2642c3139,1.7773443018898301e+18
c6b1ee29-0c20-4451-be66-97c2642c3139,1.777344301923172e+18
c6b1ee29-0c20-4451-be66-97c2642c3139,1.777344301956514e+18
c6b1ee29-0c20-4451-be66-97c2642c3139,1.777344301989857e+18
c6b1ee29-0c20-4451-be66-97c2642c3139,1.777344302023199e+18
c6b1ee29-0c20-4451-be66-97c2642c3139,1.777344302056542e+18
c6b1ee29-0c20-4451-be66-97c2642c3139,1.7773443020898842e+18
c6b1ee29-0c20-4451-be66-97c2642c3139,1.7773443021232271e+18
c6b1ee29-0c20-4451-be66-97c2642c3139,1.777344302156569e+18
c6b1ee29-0c20-4451-be66-97c2642c3139,1.777344302189912e+18
c6b1ee29-0c20-4451-be66-97c2642c3139,1.777344302223254e+18
c6b1ee29-0c20-4451-be66-97c2642c3139,1.777344302256596e+18
c6b1ee29-0c20-4451-be66-97c2642c3139,1.7773443022899392e+18
c6b1ee29-0c20-4451-be66-97c2642c3139,1.7773443023232812e+18
c6b1ee29-0c20-4451-be66-97c2642c3139,1.7773443023566241e+18
c6b1ee29-0c20-4451-be66-97c2642c3139,1.777344302389966e+18
c6b1ee29-0c20-4451-be66-97c2642c3139,1.777344302423309e+18
c6b1ee29-0c20-4451-be66-97c2642c3139,1.777344302456651e+18
c6b1ee29-0c20-4451-be66-97c2642c3139,1.777344302489994e+18
c6b1ee29-0c20-4451-be66-97c2642c3139,1.7773443025233362e+18
c6b1ee29-0c20-4451-be66-97c2642c3139,1.7773443025566781e+18
c6b1ee29-0c20-4451-be66-97c2642c3139,1.777344302590021e+18
c6b1ee29-0c20-4451-be66-97c2642c3139,1.777344302623363e+18
c6b1ee29-0c20-4451-be66-97c2642c3139,1.777344302656706e+18
c6b1ee29-0c20-4451-be66-97c2642c3139,1.777344302690048e+18
c6b1ee29-0c20-4451-be66-97c2642c3139,1.777344302723391e+18
c6b1ee29-0c20-4451-be66-97c2642c3139,1.7773443027567332e+18
c6b1ee29-0c20-4451-be66-97c2642c3139,1.7773443027900762e+18
c6b1ee29-0c20-4451-be66-97c2642c3139,1.777344302823418e+18
c6b1ee29-0c20-4451-be66-97c2642c3139,1.777344302856761e+18
c6b1ee29-0c20-4451-be66-97c2642c3139,1.777344302890103e+18
c6b1ee29-0c20-4451-be66-97c2642c3139,1.777344302923445e+18
c6b1ee29-0c20-4451-be66-97c2642c3139,1.777344302956788e+18
c6b1ee29-0c20-4451-be66-97c2642c3139,1.7773443029901302e+18
c6b1ee29-0c20-4451-be66-97c2642c3139,1.7773443030234732e+18
c6b1ee29-0c20-4451-be66-97c2642c3139,1.777344303056815e+18
c6b1ee29-0c20-4451-be66-97c2642c3139,1.777344303090158e+18
c6b1ee29-0c20-4451-be66-97c2642c3139,1.7773443031235e+18
c6b1ee29-0c20-4451-be66-97c2642c3139,1.777344303156843e+18
c6b1ee29-0c20-4451-be66-97c2642c3139,1.777344303190185e+18
c6b1ee29-0c20-4451-be66-97c2642c3139,1.7773443032235272e+18
c6b1ee29-0c20-4451-be66-97c2642c3139,1.7773443032568701e+18
c6b1ee29-0c20-4451-be66-97c2642c3139,1.777344303290212e+18
c6b1ee29-0c20-4451-be66-97c2642c3139,1.777344303323555e+18
c6b1ee29-0c20-4451-be66-97c2642c3139,1.777344303356897e+18
c6b1ee29-0c20-4451-be66-97c2642c3139,1.77734430339024e+18
c6b1ee29-0c20-4451-be66-97c2642c3139,1.777344303423582e+18
c6b1ee29-0c20-4451-be66-97c2642c3139,1.7773443034569252e+18
c6b1ee29-0c20-4451-be66-97c2642c3139,1.7773443034902671e+18
c6b1ee29-0c20-4451-be66-97c2642c3139,1.777344303523609e+18
c6b1ee29-0c20-4451-be66-97c2642c3139,1.777344303556952e+18
c6b1ee29-0c20-4451-be66-97c2642c3139,1.777344303590294e+18
c6b1ee29-0c20-4451-be66-97c2642c3139,1.777344303623637e+18
c6b1ee29-0c20-4451-be66-97c2642c3139,1.7773443036569792e+18
c6b1ee29-0c20-4451-be66-97c2642c3139,1.7773443036903222e+18
c6b1ee29-0c20-4451-be66-97c2642c3139,1.7773443037236641e+18
c6b1ee29-0c20-4451-be66-97c2642c3139,1.777344303757007e+18
c6b1ee29-0c20-4451-be66-97c2642c3139,1.777344303790349e+18
c6b1ee29-0c20-4451-be66-97c2642c3139,1.777344303823691e+18
c6b1ee29-0c20-4451-be66-97c2642c3139,1.777344303857034e+18
c6b1ee29-0c20-4451-be66-97c2642c3139,1.7773443038903762e+18
c6b1ee29-0c20-4451-be66-97c2642c3139,1.7773443039237192e+18
c6b1ee29-0c20-4451-be66-97c2642c3139,1.777344303957061e+18
c6b1ee29-0c20-4451-be66-97c2642c3139,1.777344303990404e+18
c6b1ee29-0c20-4451-be66-97c2642c3139,1.777344304023746e+18
c6b1ee29-0c20-4451-be66-97c2642c3139,1.777344304057089e+18
c6b1ee29-0c20-4451-be66-97c2642c3139,1.777344304090431e+18
c6b1ee29-0c20-4451-be66-97c2642c3139,1.7773443041237732e+18
c6b1ee29-0c20-4451-be66-97c2642c3139,1.7773443041571162e+18
c6b1ee29-0c20-4451-be66-97c2642c3139,1.777344304190458e+18
c6b1ee29-0c20-4451-be66-97c2642c3139,1.777344304223801e+18
c6b1ee29-0c20-4451-be66-97c2642c3139,1.777344304257143e+18
c6b1ee29-0c20-4451-be66-97c2642c3139,1.777344304290486e+18
c6b1ee29-0c20-4451-be66-97c2642c3139,1.777344304323828e+18
c6b1ee29-0c20-4451-be66-97c2642c3139,1.7773443043571712e+18
c6b1ee29-0c20-4451-be66-97c2642c3139,1.7773443043905132e+18
c6b1ee29-0c20-4451-be66-97c2642c3139,1.777344304423855e+18
c6b1ee29-0c20-4451-be66-97c2642c3139,1.777344304457198e+18
c6b1ee29-0c20-4451-be66-97c2642c3139,1.77734430449054e+18
c6b1ee29-0c20-4451-be66-97c2642c3139,1.777344304523883e+18
c6b1ee29-0c20-4451-be66-97c2642c3139,1.777344304557225e+18
c6b1ee29-0c20-4451-be66-97c2642c3139,1.7773443045905682e+18
c6b1ee29-0c20-4451-be66-97c2642c3139,1.7773443046239101e+18
c6b1ee29-0c20-4451-be66-97c2642c3139,1.777344304657253e+18
c6b1ee29-0c20-4451-be66-97c2642c3139,1.777344304690595e+18
c6b1ee29-0c20-4451-be66-97c2642c3139,1.777344304723938e+18
c6b1ee29-0c20-4451-be66-97c2642c3139,1.77734430475728e+18
c6b1ee29-0c20-4451-be66-97c2642c3139,1.777344304790622e+18
c6b1ee29-0c20-4451-be66-97c2642c3139,1.7773443048239652e+18
c6b1ee29-0c20-4451-be66-97c2642c3139,1.7773443048573071e+18
c6b1ee29-0c20-4451-be66-97c2642c3139,1.77734430489065e+18
c6b1ee29-0c20-4451-be66-97c2642c3139,1.777344304923992e+18
c6b1ee29-0c20-4451-be66-97c2642c3139,1.777344304957335e+18
c6b1ee29-0c20-4451-be66-97c2642c3139,1.777344304990677e+18
c6b1ee29-0c20-4451-be66-97c2642c3139,1.77734430502402e+18
c6b1ee29-0c20-4451-be66-97c2642c3139,1.7773443050573622e+18
c6b1ee29-0c20-4451-be66-97c2642c3139,1.7773443050907041e+18
c6b1ee29-0c20-4451-be66-97c2642c3139,1.777344305124047e+18
c6b1ee29-0c20-4451-be66-97c2642c3139,1.777344305157389e+18
c6b1ee29-0c20-4451-be66-97c2642c3139,1.777344305190732e+18
c6b1ee29-0c20-4451-be66-97c2642c3139,1.777344305224074e+18
c6b1ee29-0c20-4451-be66-97c2642c3139,1.777344305257417e+18
c6b1ee29-0c20-4451-be66-97c2642c3139,1.7773443052907592e+18
c6b1ee29-0c20-4451-be66-97c2642c3139,1.7773443053241021e+18
c6b1ee29-0c20-4451-be66-97c2642c3139,1.777344305357444e+18
c6b1ee29-0c20-4451-be66-97c2642c3139,1.777344305390786e+18
c6b1ee29-0c20-4451-be66-97c2642c3139,1.777344305424129e+18
c6b1ee29-0c20-4451-be66-97c2642c3139,1.777344305457471e+18
c6b1ee29-0c20-4451-be66-97c2642c3139,1.777344305490814e+18
c6b1ee29-0c20-4451-be66-97c2642c3139,1.7773443055241562e+18
c6b1ee29-0c20-4451-be66-97c2642c3139,1.7773443055574991e+18
c6b1ee29-0c20-4451-be66-97c2642c3139,1.777344305590841e+18
c6b1ee29-0c20-4451-be66-97c2642c3139,1.777344305624184e+18
c6b1ee29-0c20-4451-be66-97c2642c3139,1.777344305657526e+18
c6b1ee29-0c20-4451-be66-97c2642c3139,1.777344305690868e+18
c6b1ee29-0c20-4451-be66-97c2642c3139,1.7773443057242112e+18
c6b1ee29-0c20-4451-be66-97c2642c3139,1.7773443057575532e+18
c6b1ee29-0c20-4451-be66-97c2642c3139,1.777344305790896e+18
c6b1ee29-0c20-4451-be66-97c2642c3139,1.777344305824238e+18
c6b1ee29-0c20-4451-be66-97c2642c3139,1.777344305857581e+18
c6b1ee29-0c20-4451-be66-97c2642c3139,1.777344305890923e+18
c6b1ee29-0c20-4451-be66-97c2642c3139,1.777344305924266e+18
c6b1ee29-0c20-4451-be66-97c2642c3139,1.7773443059576082e+18
c6b1ee29-0c20-4451-be66-97c2642c3139,1.7773443059909501e+18
c6b1ee29-0c20-4451-be66-97c2642c3139,1.777344306024293e+18
c6b1ee29-0c20-4451-be66-97c2642c3139,1.777344306057635e+18
c6b1ee29-0c20-4451-be66-97c2642c3139,1.777344306090978e+18
c6b1ee29-0c20-4451-be66-97c2642c3139,1.77734430612432e+18
c6b1ee29-0c20-4451-be66-97c2642c3139,1.777344306157663e+18
c6b1ee29-0c20-4451-be66-97c2642c3139,1.7773443061910052e+18
c6b1ee29-0c20-4451-be66-97c2642c3139,1.7773443062243482e+18
c6b1ee29-0c20-4451-be66-97c2642c3139,1.77734430625769e+18
c6b1ee29-0c20-4451-be66-97c2642c3139,1.777344306291032e+18
c6b1ee29-0c20-4451-be66-97c2642c3139,1.777344306324375e+18
c6b1ee29-0c20-4451-be66-97c2642c3139,1.777344306357717e+18
c6b1ee29-0c20-4451-be66-97c2642c3139,1.77734430639106e+18
c6b1ee29-0c20-4451-be66-97c2642c3139,1.7773443064244022e+18
c6b1ee29-0c20-4451-be66-97c2642c3139,1.7773443064577452e+18
c6b1ee29-0c20-4451-be66-97c2642c3139,1.777344306491087e+18
c6b1ee29-0c20-4451-be66-97c2642c3139,1.77734430652443e+18
c6b1ee29-0c20-4451-be66-97c2642c3139,1.777344306557772e+18
c6b1ee29-0c20-4451-be66-97c2642c3139,1.777344306591115e+18
c6b1ee29-0c20-4451-be66-97c2642c3139,1.777344306624457e+18
c6b1ee29-0c20-4451-be66-97c2642c3139,1.7773443066577992e+18
c6b1ee29-0c20-4451-be66-97c2642c3139,1.7773443066911421e+18
c6b1ee29-0c20-4451-be66-97c2642c3139,1.777344306724484e+18
c6b1ee29-0c20-4451-be66-97c2642c3139,1.777344306757827e+18
c6b1ee29-0c20-4451-be66-97c2642c3139,1.777344306791169e+18
c6b1ee29-0c20-4451-be66-97c2642c3139,1.777344306824512e+18
c6b1ee29-0c20-4451-be66-97c2642c3139,1.777344306857854e+18
c6b1ee29-0c20-4451-be66-97c2642c3139,1.7773443068911972e+18
c6b1ee29-0c20-4451-be66-97c2642c3139,1.7773443069245391e+18
c6b1ee29-0c20-4451-be66-97c2642c3139,1.777344306957881e+18
c6b1ee29-0c20-4451-be66-97c2642c3139,1.777344306991224e+18
c6b1ee29-0c20-4451-be66-97c2642c3139,1.777344307024566e+18
c6b1ee29-0c20-4451-be66-97c2642c3139,1.777344307057909e+18
c6b1ee29-0c20-4451-be66-97c2642c3139,1.7773443070912512e+18
c6b1ee29-0c20-4451-be66-97c2642c3139,1.7773443071245942e+18
c6b1ee29-0c20-4451-be66-97c2642c3139,1.777344307157936e+18
c6b1ee29-0c20-4451-be66-97c2642c3139,1.777344307191279e+18
c6b1ee29-0c20-4451-be66-97c2642c3139,1.777344307224621e+18
c6b1ee29-0c20-4451-be66-97c2642c3139,1.777344307257963e+18
c6b1ee29-0c20-4451-be66-97c2642c3139,1.777344307291306e+18
c6b1ee29-0c20-4451-be66-97c2642c3139,1.7773443073246482e+18
c6b1ee29-0c20-4451-be66-97c2642c3139,1.7773443073579912e+18
c6b1ee29-0c20-4451-be66-97c2642c3139,1.777344307391333e+18
c6b1ee29-0c20-4451-be66-97c2642c3139,1.777344307424676e+18
c6b1ee29-0c20-4451-be66-97c2642c3139,1.777344307458018e+18
c6b1ee29-0c20-4451-be66-97c2642c3139,1.777344307491361e+18
c6b1ee29-0c20-4451-be66-97c2642c3139,1.777344307524703e+18
c6b1ee29-0c20-4451-be66-97c2642c3139,1.7773443075580452e+18
c6b1ee29-0c20-4451-be66-97c2642c3139,1.7773443075913882e+18
c6b1ee29-0c20-4451-be66-97c2642c3139,1.77734430762473e+18
c6b1ee29-0c20-4451-be66-97c2642c3139,1.777344307658073e+18
c6b1ee29-0c20-4451-be66-97c2642c3139,1.777344307691415e+18
c6b1ee29-0c20-4451-be66-97c2642c3139,1.777344307724758e+18
c6b1ee29-0c20-4451-be66-97c2642c3139,1.7773443077581e+18
c6b1ee29-0c20-4451-be66-97c2642c3139,1.7773443077914432e+18
c6b1ee29-0c20-4451-be66-97c2642c3139,1.7773443078247852e+18
c6b1ee29-0c20-4451-be66-97c2642c3139,1.777344307858127e+18
c6b1ee29-0c20-4451-be66-97c2642c3139,1.77734430789147e+18
c6b1ee29-0c20-4451-be66-97c2642c3139,1.777344307924812e+18
c6b1ee29-0c20-4451-be66-97c2642c3139,1.777344307958155e+18
c6b1ee29-0c20-4451-be66-97c2642c3139,1.777344307991497e+18
c6b1ee29-0c20-4451-be66-97c2642c3139,1.7773443080248402e+18
c6b1ee29-0c20-4451-be66-97c2642c3139,1.7773443080581821e+18
c6b1ee29-0c20-4451-be66-97c2642c3139,1.777344308091525e+18
c6b1ee29-0c20-4451-be66-97c2642c3139,1.777344308124867e+18
c6b1ee29-0c20-4451-be66-97c2642c3139,1.777344308158209e+18
c6b1ee29-0c20-4451-be66-97c2642c3139,1.777344308191552e+18
c6b1ee29-0c20-4451-be66-97c2642c3139,1.777344308224894e+18
c6b1ee29-0c20-4451-be66-97c2642c3139,1.7773443082582372e+18
c6b1ee29-0c20-4451-be66-97c2642c3139,1.7773443082915791e+18
c6b1ee29-0c20-4451-be66-97c2642c3139,1.777344308324922e+18
c6b1ee29-0c20-4451-be66-97c2642c3139,1.777344308358264e+18
c6b1ee29-0c20-4451-be66-97c2642c3139,1.777344308391607e+18
c6b1ee29-0c20-4451-be66-97c2642c3139,1.777344308424949e+18
c6b1ee29-0c20-4451-be66-97c2642c3139,1.777344308458292e+18
c6b1ee29-0c20-4451-be66-97c2642c3139,1.7773443084916342e+18
c6b1ee29-0c20-4451-be66-97c2642c3139,1.777344308524976e+18
c6b1ee29-0c20-4451-be66-97c2642c3139,1.777344308558319e+18
c6b1ee29-0c20-4451-be66-97c2642c3139,1.777344308591661e+18
c6b1ee29-0c20-4451-be66-97c2642c3139,1.777344308625004e+18
c6b1ee29-0c20-4451-be66-97c2642c3139,1.777344308658346e+18
c6b1ee29-0c20-4451-be66-97c2642c3139,1.777344308691689e+18
c6b1ee29-0c20-4451-be66-97c2642c3139,1.7773443087250312e+18
c6b1ee29-0c20-4451-be66-97c2642c3139,1.7773443087583741e+18
c6b1ee29-0c20-4451-be66-97c2642c3139,1.777344308791716e+18
c6b1ee29-0c20-4451-be66-97c2642c3139,1.777344308825058e+18
c6b1ee29-0c20-4451-be66-97c2642c3139,1.777344308858401e+18
c6b1ee29-0c20-4451-be66-97c2642c3139,1.777344308891743e+18
c6b1ee29-0c20-4451-be66-97c2642c3139,1.777344308925086e+18
c6b1ee29-0c20-4451-be66-97c2642c3139,1.7773443089584282e+18
c6b1ee29-0c20-4451-be66-97c2642c3139,1.7773443089917711e+18
c6b1ee29-0c20-4451-be66-97c2642c3139,1.777344309025113e+18
c6b1ee29-0c20-4451-be66-97c2642c3139,1.777344309058456e+18
c6b1ee29-0c20-4451-be66-97c2642c3139,1.777344309091798e+18
c6b1ee29-0c20-4451-be66-97c2642c3139,1.77734430912514e+18
c6b1ee29-0c20-4451-be66-97c2642c3139,1.7773443091584832e+18
c6b1ee29-0c20-4451-be66-97c2642c3139,1.7773443091918252e+18
c6b1ee29-0c20-4451-be66-97c2642c3139,1.7773443092251681e+18
c6b1ee29-0c20-4451-be66-97c2642c3139,1.77734430925851e+18
c6b1ee29-0c20-4451-be66-97c2642c3139,1.777344309291853e+18
c6b1ee29-0c20-4451-be66-97c2642c3139,1.777344309325195e+18
c6b1ee29-0c20-4451-be66-97c2642c3139,1.777344309358538e+18
c6b1ee29-0c20-4451-be66-97c2642c3139,1.7773443093918802e+18
c6b1ee29-0c20-4451-be66-97c2642c3139,1.7773443094252221e+18
c6b1ee29-0c20-4451-be66-97c2642c3139,1.777344309458565e+18
c6b1ee29-0c20-4451-be66-97c2642c3139,1.777344309491907e+18
c6b1ee29-0c20-4451-be66-97c2642c3139,1.77734430952525e+18
c6b1ee29-0c20-4451-be66-97c2642c3139,1.777344309558592e+18
c6b1ee29-0c20-4451-be66-97c2642c3139,1.777344309591935e+18
c6b1ee29-0c20-4451-be66-97c2642c3139,1.7773443096252772e+18
c6b1ee29-0c20-4451-be66-97c2642c3139,1.7773443096586202e+18
c6b1ee29-0c20-4451-be66-97c2642c3139,1.777344309691962e+18
c6b1ee29-0c20-4451-be66-97c2642c3139,1.777344309725304e+18
c6b1ee29-0c20-4451-be66-97c2642c3139,1.777344309758647e+18
c6b1ee29-0c20-4451-be66-97c2642c3139,1.777344309791989e+18
c6b1ee29-0c20-4451-be66-97c2642c3139,1.777344309825332e+18
c6b1ee29-0c20-4451-be66-97c2642c3139,1.7773443098586742e+18
c6b1ee29-0c20-4451-be66-97c2642c3139,1.7773443098920172e+18
c6b1ee29-0c20-4451-be66-97c2642c3139,1.777344309925359e+18
c6b1ee29-0c20-4451-be66-97c2642c3139,1.777344309958702e+18
c6b1ee29-0c20-4451-be66-97c2642c3139,1.777344309992044e+18
c6b1ee29-0c20-4451-be66-97c2642c3139,1.777344310025386e+18
c6b1ee29-0c20-4451-be66-97c2642c3139,1.777344310058729e+18
c6b1ee29-0c20-4451-be66-97c2642c3139,1.7773443100920712e+18
c6b1ee29-0c20-4451-be66-97c2642c3139,1.7773443101254141e+18
c6b1ee29-0c20-4451-be66-97c2642c3139,1.777344310158756e+18
c6b1ee29-0c20-4451-be66-97c2642c3139,1.777344310192099e+18
c6b1ee29-0c20-4451-be66-97c2642c3139,1.777344310225441e+18
c6b1ee29-0c20-4451-be66-97c2642c3139,1.777344310258784e+18
c6b1ee29-0c20-4451-be66-97c2642c3139,1.777344310292126e+18
c6b1ee29-0c20-4451-be66-97c2642c3139,1.7773443103254692e+18
c6b1ee29-0c20-4451-be66-97c2642c3139,1.7773443103588111e+18
c6b1ee29-0c20-4451-be66-97c2642c3139,1.777344310392153e+18
c6b1ee29-0c20-4451-be66-97c2642c3139,1.777344310425496e+18
c6b1ee29-0c20-4451-be66-97c2642c3139,1.777344310458838e+18
c6b1ee29-0c20-4451-be66-97c2642c3139,1.777344310492181e+18
c6b1ee29-0c20-4451-be66-97c2642c3139,1.7773443105255232e+18
c6b1ee29-0c20-4451-be66-97c2642c3139,1.7773443105588662e+18
c6b1ee29-0c20-4451-be66-97c2642c3139,1.7773443105922081e+18
c6b1ee29-0c20-4451-be66-97c2642c3139,1.777344310625551e+18
c6b1ee29-0c20-4451-be66-97c2642c3139,1.777344310658893e+18
c6b1ee29-0c20-4451-be66-97c2642c3139,1.777344310692235e+18
c6b1ee29-0c20-4451-be66-97c2642c3139,1.777344310725578e+18
c6b1ee29-0c20-4451-be66-97c2642c3139,1.7773443107589202e+18
c6b1ee29-0c20-4451-be66-97c2642c3139,1.7773443107922632e+18
c6b1ee29-0c20-4451-be66-97c2642c3139,1.777344310825605e+18
c6b1ee29-0c20-4451-be66-97c2642c3139,1.777344310858948e+18
c6b1ee29-0c20-4451-be66-97c2642c3139,1.77734431089229e+18
c6b1ee29-0c20-4451-be66-97c2642c3139,1.777344310925633e+18
c6b1ee29-0c20-4451-be66-97c2642c3139,1.777344310958975e+18
c6b1ee29-0c20-4451-be66-97c2642c3139,1.7773443109923172e+18
c6b1ee29-0c20-4451-be66-97c2642c3139,1.7773443110256602e+18
c6b1ee29-0c20-4451-be66-97c2642c3139,1.777344311059002e+18
c6b1ee29-0c20-4451-be66-97c2642c3139,1.777344311092345e+18
c6b1ee29-0c20-4451-be66-97c2642c3139,1.777344311125687e+18
c6b1ee29-0c20-4451-be66-97c2642c3139,1.77734431115903e+18
c6b1ee29-0c20-4451-be66-97c2642c3139,1.777344311192372e+18
c6b1ee29-0c20-4451-be66-97c2642c3139,1.7773443112257152e+18
c6b1ee29-0c20-4451-be66-97c2642c3139,1.7773443112590572e+18
c6b1ee29-0c20-4451-be66-97c2642c3139,1.777344311292399e+18
c6b1ee29-0c20-4451-be66-97c2642c3139,1.777344311325742e+18
c6b1ee29-0c20-4451-be66-97c2642c3139,1.777344311359084e+18
c6b1ee29-0c20-4451-be66-97c2642c3139,1.777344311392427e+18
c6b1ee29-0c20-4451-be66-97c2642c3139,1.777344311425769e+18
c6b1ee29-0c20-4451-be66-97c2642c3139,1.7773443114591122e+18
c6b1ee29-0c20-4451-be66-97c2642c3139,1.7773443114924541e+18
c6b1ee29-0c20-4451-be66-97c2642c3139,1.777344311525797e+18
c6b1ee29-0c20-4451-be66-97c2642c3139,1.777344311559139e+18
c6b1ee29-0c20-4451-be66-97c2642c3139,1.777344311592481e+18
c6b1ee29-0c20-4451-be66-97c2642c3139,1.777344311625824e+18
c6b1ee29-0c20-4451-be66-97c2642c3139,1.777344311659166e+18
c6b1ee29-0c20-4451-be66-97c2642c3139,1.7773443116925092e+18
c6b1ee29-0c20-4451-be66-97c2642c3139,1.7773443117258511e+18
c6b1ee29-0c20-4451-be66-97c2642c3139,1.777344311759194e+18
c6b1ee29-0c20-4451-be66-97c2642c3139,1.777344311792536e+18
c6b1ee29-0c20-4451-be66-97c2642c3139,1.777344311825879e+18
c6b1ee29-0c20-4451-be66-97c2642c3139,1.777344311859221e+18
c6b1ee29-0c20-4451-be66-97c2642c3139,1.7773443118925632e+18
c6b1ee29-0c20-4451-be66-97c2642c3139,1.7773443119259062e+18
c6b1ee29-0c20-4451-be66-97c2642c3139,1.7773443119592481e+18
c6b1ee29-0c20-4451-be66-97c2642c3139,1.777344311992591e+18
c6b1ee29-0c20-4451-be66-97c2642c3139,1.777344312025933e+18
c6b1ee29-0c20-4451-be66-97c2642c3139,1.777344312059276e+18
c6b1ee29-0c20-4451-be66-97c2642c3139,1.777344312092618e+18
c6b1ee29-0c20-4451-be66-97c2642c3139,1.777344312125961e+18
c6b1ee29-0c20-4451-be66-97c2642c3139,1.7773443121593032e+18
c6b1ee29-0c20-4451-be66-97c2642c3139,1.7773443121926461e+18
c6b1ee29-0c20-4451-be66-97c2642c3139,1.777344312225988e+18
c6b1ee29-0c20-4451-be66-97c2642c3139,1.77734431225933e+18
c6b1ee29-0c20-4451-be66-97c2642c3139,1.777344312292673e+18
c6b1ee29-0c20-4451-be66-97c2642c3139,1.777344312326015e+18
c6b1ee29-0c20-4451-be66-97c2642c3139,1.777344312359358e+18
c6b1ee29-0c20-4451-be66-97c2642c3139,1.7773443123927002e+18
c6b1ee29-0c20-4451-be66-97c2642c3139,1.7773443124260431e+18
c6b1ee29-0c20-4451-be66-97c2642c3139,1.777344312459385e+18
c6b1ee29-0c20-4451-be66-97c2642c3139,1.777344312492728e+18
c6b1ee29-0c20-4451-be66-97c2642c3139,1.77734431252607e+18
c6b1ee29-0c20-4451-be66-97c2642c3139,1.777344312559412e+18
c6b1ee29-0c20-4451-be66-97c2642c3139,1.7773443125927552e+18
c6b1ee29-0c20-4451-be66-97c2642c3139,1.7773443126260972e+18
c6b1ee29-0c20-4451-be66-97c2642c3139,1.77734431265944e+18
c6b1ee29-0c20-4451-be66-97c2642c3139,1.777344312692782e+18
c6b1ee29-0c20-4451-be66-97c2642c3139,1.777344312726125e+18
c6b1ee29-0c20-4451-be66-97c2642c3139,1.777344312759467e+18
c6b1ee29-0c20-4451-be66-97c2642c3139,1.77734431279281e+18
c6b1ee29-0c20-4451-be66-97c2642c3139,1.7773443128261522e+18
c6b1ee29-0c20-4451-be66-97c2642c3139,1.7773443128594941e+18
c6b1ee29-0c20-4451-be66-97c2642c3139,1.777344312892837e+18
c6b1ee29-0c20-4451-be66-97c2642c3139,1.777344312926179e+18
c6b1ee29-0c20-4451-be66-97c2642c3139,1.777344312959522e+18
c6b1ee29-0c20-4451-be66-97c2642c3139,1.777344312992864e+18
c6b1ee29-0c20-4451-be66-97c2642c3139,1.777344313026207e+18
c6b1ee29-0c20-4451-be66-97c2642c3139,1.7773443130595492e+18
c6b1ee29-0c20-4451-be66-97c2642c3139,1.7773443130928922e+18
c6b1ee29-0c20-4451-be66-97c2642c3139,1.777344313126234e+18
c6b1ee29-0c20-4451-be66-97c2642c3139,1.777344313159576e+18
c6b1ee29-0c20-4451-be66-97c2642c3139,1.777344313192919e+18
c6b1ee29-0c20-4451-be66-97c2642c3139,1.777344313226261e+18
c6b1ee29-0c20-4451-be66-97c2642c3139,1.777344313259604e+18
c6b1ee29-0c20-4451-be66-97c2642c3139,1.7773443132929462e+18
c6b1ee29-0c20-4451-be66-97c2642c3139,1.7773443133262892e+18
c6b1ee29-0c20-4451-be66-97c2642c3139,1.777344313359631e+18
c6b1ee29-0c20-4451-be66-97c2642c3139,1.777344313392974e+18
c6b1ee29-0c20-4451-be66-97c2642c3139,1.777344313426316e+18
c6b1ee29-0c20-4451-be66-97c2642c3139,1.777344313459658e+18
c6b1ee29-0c20-4451-be66-97c2642c3139,1.777344313493001e+18
c6b1ee29-0c20-4451-be66-97c2642c3139,1.7773443135263432e+18
c6b1ee29-0c20-4451-be66-97c2642c3139,1.7773443135596861e+18
c6b1ee29-0c20-4451-be66-97c2642c3139,1.777344313593028e+18
c6b1ee29-0c20-4451-be66-97c2642c3139,1.777344313626371e+18
c6b1ee29-0c20-4451-be66-97c2642c3139,1.777344313659713e+18
c6b1ee29-0c20-4451-be66-97c2642c3139,1.777344313693056e+18
c6b1ee29-0c20-4451-be66-97c2642c3139,1.777344313726398e+18
c6b1ee29-0c20-4451-be66-97c2642c3139,1.7773443137597402e+18
c6b1ee29-0c20-4451-be66-97c2642c3139,1.7773443137930831e+18
c6b1ee29-0c20-4451-be66-97c2642c3139,1.777344313826425e+18
c6b1ee29-0c20-4451-be66-97c2642c3139,1.777344313859768e+18
c6b1ee29-0c20-4451-be66-97c2642c3139,1.77734431389311e+18
c6b1ee29-0c20-4451-be66-97c2642c3139,1.777344313926453e+18
c6b1ee29-0c20-4451-be66-97c2642c3139,1.7773443139597952e+18
c6b1ee29-0c20-4451-be66-97c2642c3139,1.7773443139931382e+18
c6b1ee29-0c20-4451-be66-97c2642c3139,1.77734431402648e+18
c6b1ee29-0c20-4451-be66-97c2642c3139,1.777344314059823e+18
c6b1ee29-0c20-4451-be66-97c2642c3139,1.777344314093165e+18
c6b1ee29-0c20-4451-be66-97c2642c3139,1.777344314126507e+18
c6b1ee29-0c20-4451-be66-97c2642c3139,1.77734431415985e+18
c6b1ee29-0c20-4451-be66-97c2642c3139,1.7773443141931922e+18
c6b1ee29-0c20-4451-be66-97c2642c3139,1.7773443142265352e+18
c6b1ee29-0c20-4451-be66-97c2642c3139,1.777344314259877e+18
c6b1ee29-0c20-4451-be66-97c2642c3139,1.77734431429322e+18
c6b1ee29-0c20-4451-be66-97c2642c3139,1.777344314326562e+18
c6b1ee29-0c20-4451-be66-97c2642c3139,1.777344314359905e+18
c6b1ee29-0c20-4451-be66-97c2642c3139,1.777344314393247e+18
c6b1ee29-0c20-4451-be66-97c2642c3139,1.7773443144265892e+18
c6b1ee29-0c20-4451-be66-97c2642c3139,1.7773443144599322e+18
c6b1ee29-0c20-4451-be66-97c2642c3139,1.777344314493274e+18
c6b1ee29-0c20-4451-be66-97c2642c3139,1.777344314526617e+18
c6b1ee29-0c20-4451-be66-97c2642c3139,1.777344314559959e+18
c6b1ee29-0c20-4451-be66-97c2642c3139,1.777344314593302e+18
c6b1ee29-0c20-4451-be66-97c2642c3139,1.777344314626644e+18
c6b1ee29-0c20-4451-be66-97c2642c3139,1.7773443146599872e+18
c6b1ee29-0c20-4451-be66-97c2642c3139,1.7773443146933292e+18
c6b1ee29-0c20-4451-be66-97c2642c3139,1.777344314726671e+18
c6b1ee29-0c20-4451-be66-97c2642c3139,1.777344314760014e+18
c6b1ee29-0c20-4451-be66-97c2642c3139,1.777344314793356e+18
c6b1ee29-0c20-4451-be66-97c2642c3139,1.777344314826699e+18
c6b1ee29-0c20-4451-be66-97c2642c3139,1.777344314860041e+18
c6b1ee29-0c20-4451-be66-97c2642c3139,1.7773443148933842e+18
c6b1ee29-0c20-4451-be66-97c2642c3139,1.7773443149267261e+18
c6b1ee29-0c20-4451-be66-97c2642c3139,1.777344314960069e+18
c6b1ee29-0c20-4451-be66-97c2642c3139,1.777344314993411e+18
c6b1ee29-0c20-4451-be66-97c2642c3139,1.777344315026753e+18
c6b1ee29-0c20-4451-be66-97c2642c3139,1.777344315060096e+18
c6b1ee29-0c20-4451-be66-97c2642c3139,1.777344315093438e+18
c6b1ee29-0c20-4451-be66-97c2642c3139,1.7773443151267812e+18
c6b1ee29-0c20-4451-be66-97c2642c3139,1.7773443151601231e+18
c6b1ee29-0c20-4451-be66-97c2642c3139,1.777344315193466e+18
c6b1ee29-0c20-4451-be66-97c2642c3139,1.777344315226808e+18
c6b1ee29-0c20-4451-be66-97c2642c3139,1.777344315260151e+18
c6b1ee29-0c20-4451-be66-97c2642c3139,1.777344315293493e+18
c6b1ee29-0c20-4451-be66-97c2642c3139,1.7773443153268352e+18
c6b1ee29-0c20-4451-be66-97c2642c3139,1.7773443153601782e+18
c6b1ee29-0c20-4451-be66-97c2642c3139,1.77734431539352e+18
c6b1ee29-0c20-4451-be66-97c2642c3139,1.777344315426863e+18
c6b1ee29-0c20-4451-be66-97c2642c3139,1.777344315460205e+18
c6b1ee29-0c20-4451-be66-97c2642c3139,1.777344315493548e+18
c6b1ee29-0c20-4451-be66-97c2642c3139,1.77734431552689e+18
c6b1ee29-0c20-4451-be66-97c2642c3139,1.777344315560233e+18
c6b1ee29-0c20-4451-be66-97c2642c3139,1.7773443155935752e+18
c6b1ee29-0c20-4451-be66-97c2642c3139,1.777344315626917e+18
c6b1ee29-0c20-4451-be66-97c2642c3139,1.77734431566026e+18
c6b1ee29-0c20-4451-be66-97c2642c3139,1.777344315693602e+18
c6b1ee29-0c20-4451-be66-97c2642c3139,1.777344315726945e+18
c6b1ee29-0c20-4451-be66-97c2642c3139,1.777344315760287e+18
c6b1ee29-0c20-4451-be66-97c2642c3139,1.77734431579363e+18
c6b1ee29-0c20-4451-be66-97c2642c3139,1.7773443158269722e+18
c6b1ee29-0c20-4451-be66-97c2642c3139,1.7773443158603151e+18
c6b1ee29-0c20-4451-be66-97c2642c3139,1.777344315893657e+18
c6b1ee29-0c20-4451-be66-97c2642c3139,1.777344315927e+18
c6b1ee29-0c20-4451-be66-97c2642c3139,1.777344315960342e+18
c6b1ee29-0c20-4451-be66-97c2642c3139,1.777344315993684e+18
c6b1ee29-0c20-4451-be66-97c2642c3139,1.7773443160270272e+18
c6b1ee29-0c20-4451-be66-97c2642c3139,1.7773443160603692e+18
c6b1ee29-0c20-4451-be66-97c2642c3139,1.7773443160937121e+18
c6b1ee29-0c20-4451-be66-97c2642c3139,1.777344316127054e+18
c6b1ee29-0c20-4451-be66-97c2642c3139,1.777344316160397e+18
c6b1ee29-0c20-4451-be66-97c2642c3139,1.777344316193739e+18
c6b1ee29-0c20-4451-be66-97c2642c3139,1.777344316227082e+18
c6b1ee29-0c20-4451-be66-97c2642c3139,1.7773443162604242e+18
c6b1ee29-0c20-4451-be66-97c2642c3139,1.7773443162937661e+18
c6b1ee29-0c20-4451-be66-97c2642c3139,1.777344316327109e+18
c6b1ee29-0c20-4451-be66-97c2642c3139,1.777344316360451e+18
c6b1ee29-0c20-4451-be66-97c2642c3139,1.777344316393794e+18
c6b1ee29-0c20-4451-be66-97c2642c3139,1.777344316427136e+18
c6b1ee29-0c20-4451-be66-97c2642c3139,1.777344316460479e+18
c6b1ee29-0c20-4451-be66-97c2642c3139,1.7773443164938212e+18
c6b1ee29-0c20-4451-be66-97c2642c3139,1.7773443165271642e+18
c6b1ee29-0c20-4451-be66-97c2642c3139,1.777344316560506e+18
c6b1ee29-0c20-4451-be66-97c2642c3139,1.777344316593848e+18
c6b1ee29-0c20-4451-be66-97c2642c3139,1.777344316627191e+18
c6b1ee29-0c20-4451-be66-97c2642c3139,1.777344316660533e+18
c6b1ee29-0c20-4451-be66-97c2642c3139,1.777344316693876e+18
c6b1ee29-0c20-4451-be66-97c2642c3139,1.7773443167272182e+18
c6b1ee29-0c20-4451-be66-97c2642c3139,1.7773443167605612e+18
c6b1ee29-0c20-4451-be66-97c2642c3139,1.777344316793903e+18
c6b1ee29-0c20-4451-be66-97c2642c3139,1.777344316827246e+18
c6b1ee29-0c20-4451-be66-97c2642c3139,1.777344316860588e+18
c6b1ee29-0c20-4451-be66-97c2642c3139,1.77734431689393e+18
c6b1ee29-0c20-4451-be66-97c2642c3139,1.777344316927273e+18
c6b1ee29-0c20-4451-be66-97c2642c3139,1.7773443169606152e+18
c6b1ee29-0c20-4451-be66-97c2642c3139,1.7773443169939581e+18
c6b1ee29-0c20-4451-be66-97c2642c3139,1.7773443170273e+18
c6b1ee29-0c20-4451-be66-97c2642c3139,1.777344317060643e+18
c6b1ee29-0c20-4451-be66-97c2642c3139,1.777344317093985e+18
c6b1ee29-0c20-4451-be66-97c2642c3139,1.777344317127328e+18
c6b1ee29-0c20-4451-be66-97c2642c3139,1.77734431716067e+18
c6b1ee29-0c20-4451-be66-97c2642c3139,1.7773443171940132e+18
c6b1ee29-0c20-4451-be66-97c2642c3139,1.7773443172273551e+18
c6b1ee29-0c20-4451-be66-97c2642c3139,1.777344317260697e+18
c6b1ee29-0c20-4451-be66-97c2642c3139,1.77734431729404e+18
c6b1ee29-0c20-4451-be66-97c2642c3139,1.777344317327382e+18
c6b1ee29-0c20-4451-be66-97c2642c3139,1.777344317360725e+18
c6b1ee29-0c20-4451-be66-97c2642c3139,1.7773443173940672e+18
c6b1ee29-0c20-4451-be66-97c2642c3139,1.7773443174274102e+18
c6b1ee29-0c20-4451-be66-97c2642c3139,1.7773443174607521e+18
c6b1ee29-0c20-4451-be66-97c2642c3139,1.777344317494095e+18
c6b1ee29-0c20-4451-be66-97c2642c3139,1.777344317527437e+18
c6b1ee29-0c20-4451-be66-97c2642c3139,1.777344317560779e+18
c6b1ee29-0c20-4451-be66-97c2642c3139,1.777344317594122e+18
c6b1ee29-0c20-4451-be66-97c2642c3139,1.7773443176274642e+18
c6b1ee29-0c20-4451-be66-97c2642c3139,1.7773443176608072e+18
c6b1ee29-0c20-4451-be66-97c2642c3139,1.777344317694149e+18
c6b1ee29-0c20-4451-be66-97c2642c3139,1.777344317727492e+18
c6b1ee29-0c20-4451-be66-97c2642c3139,1.777344317760834e+18
c6b1ee29-0c20-4451-be66-97c2642c3139,1.777344317794177e+18
c6b1ee29-0c20-4451-be66-97c2642c3139,1.777344317827519e+18
c6b1ee29-0c20-4451-be66-97c2642c3139,1.7773443178608612e+18
c6b1ee29-0c20-4451-be66-97c2642c3139,1.7773443178942042e+18
c6b1ee29-0c20-4451-be66-97c2642c3139,1.777344317927546e+18
c6b1ee29-0c20-4451-be66-97c2642c3139,1.777344317960889e+18
c6b1ee29-0c20-4451-be66-97c2642c3139,1.777344317994231e+18
c6b1ee29-0c20-4451-be66-97c2642c3139,1.777344318027574e+18
c6b1ee29-0c20-4451-be66-97c2642c3139,1.777344318060916e+18
c6b1ee29-0c20-4451-be66-97c2642c3139,1.7773443180942592e+18
c6b1ee29-0c20-4451-be66-97c2642c3139,1.7773443181276012e+18
c6b1ee29-0c20-4451-be66-97c2642c3139,1.777344318160943e+18
c6b1ee29-0c20-4451-be66-97c2642c3139,1.777344318194286e+18
c6b1ee29-0c20-4451-be66-97c2642c3139,1.777344318227628e+18
c6b1ee29-0c20-4451-be66-97c2642c3139,1.777344318260971e+18
c6b1ee29-0c20-4451-be66-97c2642c3139,1.777344318294313e+18
c6b1ee29-0c20-4451-be66-97c2642c3139,1.7773443183276562e+18
c6b1ee29-0c20-4451-be66-97c2642c3139,1.7773443183609981e+18
c6b1ee29-0c20-4451-be66-97c2642c3139,1.777344318394341e+18
c6b1ee29-0c20-4451-be66-97c2642c3139,1.777344318427683e+18
c6b1ee29-0c20-4451-be66-97c2642c3139,1.777344318461026e+18
c6b1ee29-0c20-4451-be66-97c2642c3139,1.777344318494368e+18
c6b1ee29-0c20-4451-be66-97c2642c3139,1.77734431852771e+18
c6b1ee29-0c20-4451-be66-97c2642c3139,1.7773443185610532e+18
c6b1ee29-0c20-4451-be66-97c2642c3139,1.7773443185943951e+18
c6b1ee29-0c20-4451-be66-97c2642c3139,1.777344318627738e+18
c6b1ee29-0c20-4451-be66-97c2642c3139,1.77734431866108e+18
c6b1ee29-0c20-4451-be66-97c2642c3139,1.777344318694423e+18
c6b1ee29-0c20-4451-be66-97c2642c3139,1.777344318727765e+18
c6b1ee29-0c20-4451-be66-97c2642c3139,1.777344318761108e+18
c6b1ee29-0c20-4451-be66-97c2642c3139,1.7773443187944502e+18
c6b1ee29-0c20-4451-be66-97c2642c3139,1.7773443188277921e+18
c6b1ee29-0c20-4451-be66-97c2642c3139,1.777344318861135e+18
c6b1ee29-0c20-4451-be66-97c2642c3139,1.777344318894477e+18
c6b1ee29-0c20-4451-be66-97c2642c3139,1.77734431892782e+18
c6b1ee29-0c20-4451-be66-97c2642c3139,1.777344318961162e+18
c6b1ee29-0c20-4451-be66-97c2642c3139,1.777344318994505e+18
c6b1ee29-0c20-4451-be66-97c2642c3139,1.7773443190278472e+18
c6b1ee29-0c20-4451-be66-97c2642c3139,1.7773443190611901e+18
c6b1ee29-0c20-4451-be66-97c2642c3139,1.777344319094532e+18
c6b1ee29-0c20-4451-be66-97c2642c3139,1.777344319127874e+18
c6b1ee29-0c20-4451-be66-97c2642c3139,1.777344319161217e+18
c6b1ee29-0c20-4451-be66-97c2642c3139,1.777344319194559e+18
c6b1ee29-0c20-4451-be66-97c2642c3139,1.777344319227902e+18
c6b1ee29-0c20-4451-be66-97c2642c3139,1.7773443192612442e+18
c6b1ee29-0c20-4451-be66-97c2642c3139,1.7773443192945871e+18
c6b1ee29-0c20-4451-be66-97c2642c3139,1.777344319327929e+18
c6b1ee29-0c20-4451-be66-97c2642c3139,1.777344319361272e+18
c6b1ee29-0c20-4451-be66-97c2642c3139,1.777344319394614e+18
c6b1ee29-0c20-4451-be66-97c2642c3139,1.777344319427956e+18
c6b1ee29-0c20-4451-be66-97c2642c3139,1.7773443194612992e+18
c6b1ee29-0c20-4451-be66-97c2642c3139,1.7773443194946412e+18
c6b1ee29-0c20-4451-be66-97c2642c3139,1.777344319527984e+18
c6b1ee29-0c20-4451-be66-97c2642c3139,1.777344319561326e+18
c6b1ee29-0c20-4451-be66-97c2642c3139,1.777344319594669e+18
c6b1ee29-0c20-4451-be66-97c2642c3139,1.777344319628011e+18
c6b1ee29-0c20-4451-be66-97c2642c3139,1.777344319661354e+18
c6b1ee29-0c20-4451-be66-97c2642c3139,1.7773443196946962e+18
c6b1ee29-0c20-4451-be66-97c2642c3139,1.7773443197280381e+18
c6b1ee29-0c20-4451-be66-97c2642c3139,1.777344319761381e+18
c6b1ee29-0c20-4451-be66-97c2642c3139,1.777344319794723e+18
c6b1ee29-0c20-4451-be66-97c2642c3139,1.777344319828066e+18
c6b1ee29-0c20-4451-be66-97c2642c3139,1.777344319861408e+18
c6b1ee29-0c20-4451-be66-97c2642c3139,1.777344319894751e+18
c6b1ee29-0c20-4451-be66-97c2642c3139,1.7773443199280932e+18
c6b1ee29-0c20-4451-be66-97c2642c3139,1.7773443199614362e+18
c6b1ee29-0c20-4451-be66-97c2642c3139,1.777344319994778e+18
c6b1ee29-0c20-4451-be66-97c2642c3139,1.77734432002812e+18
c6b1ee29-0c20-4451-be66-97c2642c3139,1.777344320061463e+18
c6b1ee29-0c20-4451-be66-97c2642c3139,1.777344320094805e+18
c6b1ee29-0c20-4451-be66-97c2642c3139,1.777344320128148e+18
c6b1ee29-0c20-4451-be66-97c2642c3139,1.7773443201614902e+18
c6b1ee29-0c20-4451-be66-97c2642c3139,1.7773443201948332e+18
c6b1ee29-0c20-4451-be66-97c2642c3139,1.777344320228175e+18
c6b1ee29-0c20-4451-be66-97c2642c3139,1.777344320261518e+18
c6b1ee29-0c20-4451-be66-97c2642c3139,1.77734432029486e+18
c6b1ee29-0c20-4451-be66-97c2642c3139,1.777344320328203e+18
c6b1ee29-0c20-4451-be66-97c2642c3139,1.777344320361545e+18
c6b1ee29-0c20-4451-be66-97c2642c3139,1.7773443203948872e+18
c6b1ee29-0c20-4451-be66-97c2642c3139,1.7773443204282301e+18
c6b1ee29-0c20-4451-be66-97c2642c3139,1.777344320461572e+18
c6b1ee29-0c20-4451-be66-97c2642c3139,1.777344320494915e+18
c6b1ee29-0c20-4451-be66-97c2642c3139,1.777344320528257e+18
c6b1ee29-0c20-4451-be66-97c2642c3139,1.7773443205616e+18
c6b1ee29-0c20-4451-be66-97c2642c3139,1.777344320594942e+18
c6b1ee29-0c20-4451-be66-97c2642c3139,1.7773443206282852e+18
c6b1ee29-0c20-4451-be66-97c2642c3139,1.7773443206616271e+18
c6b1ee29-0c20-4451-be66-97c2642c3139,1.777344320694969e+18
c6b1ee29-0c20-4451-be66-97c2642c3139,1.777344320728312e+18
c6b1ee29-0c20-4451-be66-97c2642c3139,1.777344320761654e+18
c6b1ee29-0c20-4451-be66-97c2642c3139,1.777344320794997e+18
c6b1ee29-0c20-4451-be66-97c2642c3139,1.7773443208283392e+18
c6b1ee29-0c20-4451-be66-97c2642c3139,1.7773443208616822e+18
c6b1ee29-0c20-4451-be66-97c2642c3139,1.777344320895024e+18
c6b1ee29-0c20-4451-be66-97c2642c3139,1.777344320928367e+18
c6b1ee29-0c20-4451-be66-97c2642c3139,1.777344320961709e+18
c6b1ee29-0c20-4451-be66-97c2642c3139,1.777344320995051e+18
c6b1ee29-0c20-4451-be66-97c2642c3139,1.777344321028394e+18
c6b1ee29-0c20-4451-be66-97c2642c3139,1.7773443210617362e+18
c6b1ee29-0c20-4451-be66-97c2642c3139,1.7773443210950792e+18
c6b1ee29-0c20-4451-be66-97c2642c3139,1.777344321128421e+18
c6b1ee29-0c20-4451-be66-97c2642c3139,1.777344321161764e+18
c6b1ee29-0c20-4451-be66-97c2642c3139,1.777344321195106e+18
c6b1ee29-0c20-4451-be66-97c2642c3139,1.777344321228449e+18
c6b1ee29-0c20-4451-be66-97c2642c3139,1.777344321261791e+18
c6b1ee29-0c20-4451-be66-97c2642c3139,1.7773443212951332e+18
c6b1ee29-0c20-4451-be66-97c2642c3139,1.7773443213284762e+18
c6b1ee29-0c20-4451-be66-97c2642c3139,1.777344321361818e+18
c6b1ee29-0c20-4451-be66-97c2642c3139,1.777344321395161e+18
c6b1ee29-0c20-4451-be66-97c2642c3139,1.777344321428503e+18
c6b1ee29-0c20-4451-be66-97c2642c3139,1.777344321461846e+18
c6b1ee29-0c20-4451-be66-97c2642c3139,1.777344321495188e+18
c6b1ee29-0c20-4451-be66-97c2642c3139,1.7773443215285312e+18
c6b1ee29-0c20-4451-be66-97c2642c3139,1.7773443215618732e+18
c6b1ee29-0c20-4451-be66-97c2642c3139,1.777344321595215e+18
c6b1ee29-0c20-4451-be66-97c2642c3139,1.777344321628558e+18
c6b1ee29-0c20-4451-be66-97c2642c3139,1.7773443216619e+18
c6b1ee29-0c20-4451-be66-97c2642c3139,1.777344321695243e+18
c6b1ee29-0c20-4451-be66-97c2642c3139,1.777344321728585e+18
c6b1ee29-0c20-4451-be66-97c2642c3139,1.7773443217619282e+18
c6b1ee29-0c20-4451-be66-97c2642c3139,1.7773443217952701e+18
c6b1ee29-0c20-4451-be66-97c2642c3139,1.777344321828613e+18
c6b1ee29-0c20-4451-be66-97c2642c3139,1.777344321861955e+18
c6b1ee29-0c20-4451-be66-97c2642c3139,1.777344321895297e+18
c6b1ee29-0c20-4451-be66-97c2642c3139,1.77734432192864e+18
c6b1ee29-0c20-4451-be66-97c2642c3139,1.777344321961982e+18
c6b1ee29-0c20-4451-be66-97c2642c3139,1.7773443219953252e+18
c6b1ee29-0c20-4451-be66-97c2642c3139,1.7773443220286671e+18
c6b1ee29-0c20-4451-be66-97c2642c3139,1.77734432206201e+18
c6b1ee29-0c20-4451-be66-97c2642c3139,1.777344322095352e+18
c6b1ee29-0c20-4451-be66-97c2642c3139,1.777344322128695e+18
c6b1ee29-0c20-4451-be66-97c2642c3139,1.777344322162037e+18
c6b1ee29-0c20-4451-be66-97c2642c3139,1.77734432219538e+18
c6b1ee29-0c20-4451-be66-97c2642c3139,1.7773443222287222e+18
c6b1ee29-0c20-4451-be66-97c2642c3139,1.777344322262064e+18
c6b1ee29-0c20-4451-be66-97c2642c3139,1.777344322295407e+18
c6b1ee29-0c20-4451-be66-97c2642c3139,1.777344322328749e+18
c6b1ee29-0c20-4451-be66-97c2642c3139,1.777344322362092e+18
c6b1ee29-0c20-4451-be66-97c2642c3139,1.777344322395434e+18
c6b1ee29-0c20-4451-be66-97c2642c3139,1.777344322428777e+18
c6b1ee29-0c20-4451-be66-97c2642c3139,1.7773443224621192e+18
c6b1ee29-0c20-4451-be66-97c2642c3139,1.7773443224954621e+18
c6b1ee29-0c20-4451-be66-97c2642c3139,1.777344322528804e+18
c6b1ee29-0c20-4451-be66-97c2642c3139,1.777344322562146e+18
c6b1ee29-0c20-4451-be66-97c2642c3139,1.777344322595489e+18
c6b1ee29-0c20-4451-be66-97c2642c3139,1.777344322628831e+18
c6b1ee29-0c20-4451-be66-97c2642c3139,1.777344322662174e+18
c6b1ee29-0c20-4451-be66-97c2642c3139,1.7773443226955162e+18
c6b1ee29-0c20-4451-be66-97c2642c3139,1.7773443227288591e+18
c6b1ee29-0c20-4451-be66-97c2642c3139,1.777344322762201e+18
c6b1ee29-0c20-4451-be66-97c2642c3139,1.777344322795544e+18
c6b1ee29-0c20-4451-be66-97c2642c3139,1.777344322828886e+18
c6b1ee29-0c20-4451-be66-97c2642c3139,1.777344322862228e+18
c6b1ee29-0c20-4451-be66-97c2642c3139,1.7773443228955712e+18
c6b1ee29-0c20-4451-be66-97c2642c3139,1.7773443229289132e+18
c6b1ee29-0c20-4451-be66-97c2642c3139,1.7773443229622561e+18
c6b1ee29-0c20-4451-be66-97c2642c3139,1.777344322995598e+18
c6b1ee29-0c20-4451-be66-97c2642c3139,1.777344323028941e+18
c6b1ee29-0c20-4451-be66-97c2642c3139,1.777344323062283e+18
c6b1ee29-0c20-4451-be66-97c2642c3139,1.777344323095626e+18
c6b1ee29-0c20-4451-be66-97c2642c3139,1.7773443231289682e+18
c6b1ee29-0c20-4451-be66-97c2642c3139,1.7773443231623101e+18
c6b1ee29-0c20-4451-be66-97c2642c3139,1.777344323195653e+18
c6b1ee29-0c20-4451-be66-97c2642c3139,1.777344323228995e+18
c6b1ee29-0c20-4451-be66-97c2642c3139,1.777344323262338e+18
c6b1ee29-0c20-4451-be66-97c2642c3139,1.77734432329568e+18
c6b1ee29-0c20-4451-be66-97c2642c3139,1.777344323329023e+18
c6b1ee29-0c20-4451-be66-97c2642c3139,1.7773443233623652e+18
c6b1ee29-0c20-4451-be66-97c2642c3139,1.7773443233957082e+18
c6b1ee29-0c20-4451-be66-97c2642c3139,1.77734432342905e+18
c6b1ee29-0c20-4451-be66-97c2642c3139,1.777344323462392e+18
c6b1ee29-0c20-4451-be66-97c2642c3139,1.777344323495735e+18
c6b1ee29-0c20-4451-be66-97c2642c3139,1.777344323529077e+18
c6b1ee29-0c20-4451-be66-97c2642c3139,1.77734432356242e+18
c6b1ee29-0c20-4451-be66-97c2642c3139,1.7773443235957622e+18
c6b1ee29-0c20-4451-be66-97c2642c3139,1.7773443236291052e+18
c6b1ee29-0c20-4451-be66-97c2642c3139,1.777344323662447e+18
c6b1ee29-0c20-4451-be66-97c2642c3139,1.77734432369579e+18
c6b1ee29-0c20-4451-be66-97c2642c3139,1.777344323729132e+18
c6b1ee29-0c20-4451-be66-97c2642c3139,1.777344323762474e+18
c6b1ee29-0c20-4451-be66-97c2642c3139,1.777344323795817e+18
c6b1ee29-0c20-4451-be66-97c2642c3139,1.7773443238291592e+18
c6b1ee29-0c20-4451-be66-97c2642c3139,1.7773443238625021e+18
c6b1ee29-0c20-4451-be66-97c2642c3139,1.777344323895844e+18
c6b1ee29-0c20-4451-be66-97c2642c3139,1.777344323929187e+18
c6b1ee29-0c20-4451-be66-97c2642c3139,1.777344323962529e+18
c6b1ee29-0c20-4451-be66-97c2642c3139,1.777344323995872e+18
c6b1ee29-0c20-4451-be66-97c2642c3139,1.777344324029214e+18
c6b1ee29-0c20-4451-be66-97c2642c3139,1.7773443240625572e+18
c6b1ee29-0c20-4451-be66-97c2642c3139,1.7773443240958991e+18
c6b1ee29-0c20-4451-be66-97c2642c3139,1.777344324129241e+18
c6b1ee29-0c20-4451-be66-97c2642c3139,1.777344324162584e+18
c6b1ee29-0c20-4451-be66-97c2642c3139,1.777344324195926e+18
c6b1ee29-0c20-4451-be66-97c2642c3139,1.777344324229269e+18
c6b1ee29-0c20-4451-be66-97c2642c3139,1.7773443242626112e+18
c6b1ee29-0c20-4451-be66-97c2642c3139,1.7773443242959542e+18
c6b1ee29-0c20-4451-be66-97c2642c3139,1.7773443243292961e+18
c6b1ee29-0c20-4451-be66-97c2642c3139,1.777344324362639e+18
c6b1ee29-0c20-4451-be66-97c2642c3139,1.777344324395981e+18
c6b1ee29-0c20-4451-be66-97c2642c3139,1.777344324429323e+18
c6b1ee29-0c20-4451-be66-97c2642c3139,1.777344324462666e+18
c6b1ee29-0c20-4451-be66-97c2642c3139,1.7773443244960082e+18
c6b1ee29-0c20-4451-be66-97c2642c3139,1.7773443245293512e+18
c6b1ee29-0c20-4451-be66-97c2642c3139,1.777344324562693e+18
c6b1ee29-0c20-4451-be66-97c2642c3139,1.777344324596036e+18
c6b1ee29-0c20-4451-be66-97c2642c3139,1.777344324629378e+18
c6b1ee29-0c20-4451-be66-97c2642c3139,1.777344324662721e+18
c6b1ee29-0c20-4451-be66-97c2642c3139,1.777344324696063e+18
c6b1ee29-0c20-4451-be66-97c2642c3139,1.7773443247294052e+18
c6b1ee29-0c20-4451-be66-97c2642c3139,1.7773443247627482e+18
c6b1ee29-0c20-4451-be66-97c2642c3139,1.77734432479609e+18
c6b1ee29-0c20-4451-be66-97c2642c3139,1.777344324829433e+18
c6b1ee29-0c20-4451-be66-97c2642c3139,1.777344324862775e+18
c6b1ee29-0c20-4451-be66-97c2642c3139,1.777344324896118e+18
c6b1ee29-0c20-4451-be66-97c2642c3139,1.77734432492946e+18
c6b1ee29-0c20-4451-be66-97c2642c3139,1.7773443249628032e+18
c6b1ee29-0c20-4451-be66-97c2642c3139,1.7773443249961452e+18
c6b1ee29-0c20-4451-be66-97c2642c3139,1.777344325029487e+18
c6b1ee29-0c20-4451-be66-97c2642c3139,1.77734432506283e+18
c6b1ee29-0c20-4451-be66-97c2642c3139,1.777344325096172e+18
c6b1ee29-0c20-4451-be66-97c2642c3139,1.777344325129515e+18
c6b1ee29-0c20-4451-be66-97c2642c3139,1.777344325162857e+18
c6b1ee29-0c20-4451-be66-97c2642c3139,1.7773443251962002e+18
c6b1ee29-0c20-4451-be66-97c2642c3139,1.7773443252295421e+18
c6b1ee29-0c20-4451-be66-97c2642c3139,1.777344325262885e+18
c6b1ee29-0c20-4451-be66-97c2642c3139,1.777344325296227e+18
c6b1ee29-0c20-4451-be66-97c2642c3139,1.777344325329569e+18
c6b1ee29-0c20-4451-be66-97c2642c3139,1.777344325362912e+18
c6b1ee29-0c20-4451-be66-97c2642c3139,1.777344325396254e+18
c6b1ee29-0c20-4451-be66-97c2642c3139,1.7773443254295972e+18
c6b1ee29-0c20-4451-be66-97c2642c3139,1.7773443254629391e+18
c6b1ee29-0c20-4451-be66-97c2642c3139,1.777344325496282e+18
c6b1ee29-0c20-4451-be66-97c2642c3139,1.777344325529624e+18
c6b1ee29-0c20-4451-be66-97c2642c3139,1.777344325562967e+18
c6b1ee29-0c20-4451-be66-97c2642c3139,1.777344325596309e+18
c6b1ee29-0c20-4451-be66-97c2642c3139,1.7773443256296512e+18
c6b1ee29-0c20-4451-be66-97c2642c3139,1.7773443256629942e+18
c6b1ee29-0c20-4451-be66-97c2642c3139,1.7773443256963361e+18
c6b1ee29-0c20-4451-be66-97c2642c3139,1.777344325729679e+18
c6b1ee29-0c20-4451-be66-97c2642c3139,1.777344325763021e+18
c6b1ee29-0c20-4451-be66-97c2642c3139,1.777344325796364e+18
c6b1ee29-0c20-4451-be66-97c2642c3139,1.777344325829706e+18
c6b1ee29-0c20-4451-be66-97c2642c3139,1.777344325863049e+18
c6b1ee29-0c20-4451-be66-97c2642c3139,1.7773443258963912e+18
c6b1ee29-0c20-4451-be66-97c2642c3139,1.7773443259297341e+18
c6b1ee29-0c20-4451-be66-97c2642c3139,1.777344325963076e+18
c6b1ee29-0c20-4451-be66-97c2642c3139,1.777344325996418e+18
c6b1ee29-0c20-4451-be66-97c2642c3139,1.777344326029761e+18
c6b1ee29-0c20-4451-be66-97c2642c3139,1.777344326063103e+18
c6b1ee29-0c20-4451-be66-97c2642c3139,1.777344326096446e+18
c6b1ee29-0c20-4451-be66-97c2642c3139,1.7773443261297882e+18
c6b1ee29-0c20-4451-be66-97c2642c3139,1.7773443261631311e+18
c6b1ee29-0c20-4451-be66-97c2642c3139,1.777344326196473e+18
c6b1ee29-0c20-4451-be66-97c2642c3139,1.777344326229816e+18
c6b1ee29-0c20-4451-be66-97c2642c3139,1.777344326263158e+18
c6b1ee29-0c20-4451-be66-97c2642c3139,1.7773443262965e+18
c6b1ee29-0c20-4451-be66-97c2642c3139,1.7773443263298432e+18
c6b1ee29-0c20-4451-be66-97c2642c3139,1.7773443263631852e+18
c6b1ee29-0c20-4451-be66-97c2642c3139,1.777344326396528e+18
c6b1ee29-0c20-4451-be66-97c2642c3139,1.77734432642987e+18
c6b1ee29-0c20-4451-be66-97c2642c3139,1.777344326463213e+18
c6b1ee29-0c20-4451-be66-97c2642c3139,1.777344326496555e+18
c6b1ee29-0c20-4451-be66-97c2642c3139,1.777344326529898e+18
c6b1ee29-0c20-4451-be66-97c2642c3139,1.7773443265632402e+18
c6b1ee29-0c20-4451-be66-97c2642c3139,1.7773443265965821e+18
c6b1ee29-0c20-4451-be66-97c2642c3139,1.777344326629925e+18
c6b1ee29-0c20-4451-be66-97c2642c3139,1.777344326663267e+18
c6b1ee29-0c20-4451-be66-97c2642c3139,1.77734432669661e+18
c6b1ee29-0c20-4451-be66-97c2642c3139,1.777344326729952e+18
c6b1ee29-0c20-4451-be66-97c2642c3139,1.777344326763295e+18
c6b1ee29-0c20-4451-be66-97c2642c3139,1.7773443267966372e+18
c6b1ee29-0c20-4451-be66-97c2642c3139,1.7773443268299802e+18
c6b1ee29-0c20-4451-be66-97c2642c3139,1.777344326863322e+18
c6b1ee29-0c20-4451-be66-97c2642c3139,1.777344326896664e+18
c6b1ee29-0c20-4451-be66-97c2642c3139,1.777344326930007e+18
c6b1ee29-0c20-4451-be66-97c2642c3139,1.777344326963349e+18
c6b1ee29-0c20-4451-be66-97c2642c3139,1.777344326996692e+18
c6b1ee29-0c20-4451-be66-97c2642c3139,1.7773443270300342e+18
c6b1ee29-0c20-4451-be66-97c2642c3139,1.7773443270633772e+18
c6b1ee29-0c20-4451-be66-97c2642c3139,1.777344327096719e+18
c6b1ee29-0c20-4451-be66-97c2642c3139,1.777344327130062e+18
c6b1ee29-0c20-4451-be66-97c2642c3139,1.777344327163404e+18
c6b1ee29-0c20-4451-be66-97c2642c3139,1.777344327196746e+18
c6b1ee29-0c20-4451-be66-97c2642c3139,1.777344327230089e+18
c6b1ee29-0c20-4451-be66-97c2642c3139,1.7773443272634312e+18
c6b1ee29-0c20-4451-be66-97c2642c3139,1.7773443272967741e+18
c6b1ee29-0c20-4451-be66-97c2642c3139,1.777344327330116e+18
c6b1ee29-0c20-4451-be66-97c2642c3139,1.777344327363459e+18
c6b1ee29-0c20-4451-be66-97c2642c3139,1.777344327396801e+18
c6b1ee29-0c20-4451-be66-97c2642c3139,1.777344327430144e+18
c6b1ee29-0c20-4451-be66-97c2642c3139,1.777344327463486e+18
c6b1ee29-0c20-4451-be66-97c2642c3139,1.7773443274968282e+18
c6b1ee29-0c20-4451-be66-97c2642c3139,1.7773443275301711e+18
c6b1ee29-0c20-4451-be66-97c2642c3139,1.777344327563513e+18
c6b1ee29-0c20-4451-be66-97c2642c3139,1.777344327596856e+18
c6b1ee29-0c20-4451-be66-97c2642c3139,1.777344327630198e+18
c6b1ee29-0c20-4451-be66-97c2642c3139,1.777344327663541e+18
c6b1ee29-0c20-4451-be66-97c2642c3139,1.7773443276968832e+18
c6b1ee29-0c20-4451-be66-97c2642c3139,1.7773443277302262e+18
c6b1ee29-0c20-4451-be66-97c2642c3139,1.777344327763568e+18
c6b1ee29-0c20-4451-be66-97c2642c3139,1.777344327796911e+18
c6b1ee29-0c20-4451-be66-97c2642c3139,1.777344327830253e+18
c6b1ee29-0c20-4451-be66-97c2642c3139,1.777344327863595e+18
c6b1ee29-0c20-4451-be66-97c2642c3139,1.777344327896938e+18
c6b1ee29-0c20-4451-be66-97c2642c3139,1.7773443279302802e+18
c6b1ee29-0c20-4451-be66-97c2642c3139,1.7773443279636232e+18
c6b1ee29-0c20-4451-be66-97c2642c3139,1.777344327996965e+18
c6b1ee29-0c20-4451-be66-97c2642c3139,1.777344328030308e+18
c6b1ee29-0c20-4451-be66-97c2642c3139,1.77734432806365e+18
c6b1ee29-0c20-4451-be66-97c2642c3139,1.777344328096993e+18
c6b1ee29-0c20-4451-be66-97c2642c3139,1.777344328130335e+18
c6b1ee29-0c20-4451-be66-97c2642c3139,1.7773443281636772e+18
c6b1ee29-0c20-4451-be66-97c2642c3139,1.7773443281970202e+18
c6b1ee29-0c20-4451-be66-97c2642c3139,1.777344328230362e+18
c6b1ee29-0c20-4451-be66-97c2642c3139,1.777344328263705e+18
c6b1ee29-0c20-4451-be66-97c2642c3139,1.777344328297047e+18
c6b1ee29-0c20-4451-be66-97c2642c3139,1.77734432833039e+18
c6b1ee29-0c20-4451-be66-97c2642c3139,1.777344328363732e+18
c6b1ee29-0c20-4451-be66-97c2642c3139,1.7773443283970752e+18
c6b1ee29-0c20-4451-be66-97c2642c3139,1.7773443284304172e+18
c6b1ee29-0c20-4451-be66-97c2642c3139,1.777344328463759e+18
c6b1ee29-0c20-4451-be66-97c2642c3139,1.777344328497102e+18
c6b1ee29-0c20-4451-be66-97c2642c3139,1.777344328530444e+18
c6b1ee29-0c20-4451-be66-97c2642c3139,1.777344328563787e+18
c6b1ee29-0c20-4451-be66-97c2642c3139,1.777344328597129e+18
c6b1ee29-0c20-4451-be66-97c2642c3139,1.7773443286304722e+18
c6b1ee29-0c20-4451-be66-97c2642c3139,1.7773443286638141e+18
c6b1ee29-0c20-4451-be66-97c2642c3139,1.777344328697157e+18
c6b1ee29-0c20-4451-be66-97c2642c3139,1.777344328730499e+18
c6b1ee29-0c20-4451-be66-97c2642c3139,1.777344328763841e+18
c6b1ee29-0c20-4451-be66-97c2642c3139,1.777344328797184e+18
c6b1ee29-0c20-4451-be66-97c2642c3139,1.777344328830526e+18
c6b1ee29-0c20-4451-be66-97c2642c3139,1.7773443288638692e+18
c6b1ee29-0c20-4451-be66-97c2642c3139,1.7773443288972111e+18
c6b1ee29-0c20-4451-be66-97c2642c3139,1.777344328930554e+18
c6b1ee29-0c20-4451-be66-97c2642c3139,1.777344328963896e+18
c6b1ee29-0c20-4451-be66-97c2642c3139,1.777344328997239e+18
c6b1ee29-0c20-4451-be66-97c2642c3139,1.777344329030581e+18
c6b1ee29-0c20-4451-be66-97c2642c3139,1.7773443290639232e+18
c6b1ee29-0c20-4451-be66-97c2642c3139,1.7773443290972662e+18
c6b1ee29-0c20-4451-be66-97c2642c3139,1.777344329130608e+18
c6b1ee29-0c20-4451-be66-97c2642c3139,1.777344329163951e+18
c6b1ee29-0c20-4451-be66-97c2642c3139,1.777344329197293e+18
c6b1ee29-0c20-4451-be66-97c2642c3139,1.777344329230636e+18
c6b1ee29-0c20-4451-be66-97c2642c3139,1.777344329263978e+18
c6b1ee29-0c20-4451-be66-97c2642c3139,1.777344329297321e+18
c6b1ee29-0c20-4451-be66-97c2642c3139,1.7773443293306632e+18
c6b1ee29-0c20-4451-be66-97c2642c3139,1.777344329364005e+18
c6b1ee29-0c20-4451-be66-97c2642c3139,1.777344329397348e+18
c6b1ee29-0c20-4451-be66-97c2642c3139,1.77734432943069e+18
c6b1ee29-0c20-4451-be66-97c2642c3139,1.777344329464033e+18
c6b1ee29-0c20-4451-be66-97c2642c3139,1.777344329497375e+18
c6b1ee29-0c20-4451-be66-97c2642c3139,1.777344329530718e+18
c6b1ee29-0c20-4451-be66-97c2642c3139,1.7773443295640602e+18
c6b1ee29-0c20-4451-be66-97c2642c3139,1.7773443295974031e+18
c6b1ee29-0c20-4451-be66-97c2642c3139,1.777344329630745e+18
c6b1ee29-0c20-4451-be66-97c2642c3139,1.777344329664088e+18
c6b1ee29-0c20-4451-be66-97c2642c3139,1.77734432969743e+18
c6b1ee29-0c20-4451-be66-97c2642c3139,1.777344329730772e+18
c6b1ee29-0c20-4451-be66-97c2642c3139,1.7773443297641152e+18
c6b1ee29-0c20-4451-be66-97c2642c3139,1.7773443297974572e+18
c6b1ee29-0c20-4451-be66-97c2642c3139,1.7773443298308001e+18
c6b1ee29-0c20-4451-be66-97c2642c3139,1.777344329864142e+18
c6b1ee29-0c20-4451-be66-97c2642c3139,1.777344329897485e+18
c6b1ee29-0c20-4451-be66-97c2642c3139,1.777344329930827e+18
c6b1ee29-0c20-4451-be66-97c2642c3139,1.77734432996417e+18
c6b1ee29-0c20-4451-be66-97c2642c3139,1.7773443299975122e+18
c6b1ee29-0c20-4451-be66-97c2642c3139,1.7773443300308541e+18
c6b1ee29-0c20-4451-be66-97c2642c3139,1.777344330064197e+18
c6b1ee29-0c20-4451-be66-97c2642c3139,1.777344330097539e+18
c6b1ee29-0c20-4451-be66-97c2642c3139,1.777344330130882e+18
c6b1ee29-0c20-4451-be66-97c2642c3139,1.777344330164224e+18
c6b1ee29-0c20-4451-be66-97c2642c3139,1.777344330197567e+18
c6b1ee29-0c20-4451-be66-97c2642c3139,1.7773443302309092e+18
c6b1ee29-0c20-4451-be66-97c2642c3139,1.7773443302642522e+18
c6b1ee29-0c20-4451-be66-97c2642c3139,1.777344330297594e+18
c6b1ee29-0c20-4451-be66-97c2642c3139,1.777344330330936e+18
c6b1ee29-0c20-4451-be66-97c2642c3139,1.777344330364279e+18
c6b1ee29-0c20-4451-be66-97c2642c3139,1.777344330397621e+18
c6b1ee29-0c20-4451-be66-97c2642c3139,1.777344330430964e+18
c6b1ee29-0c20-4451-be66-97c2642c3139,1.7773443304643062e+18
c6b1ee29-0c20-4451-be66-97c2642c3139,1.7773443304976492e+18
c6b1ee29-0c20-4451-be66-97c2642c3139,1.777344330530991e+18
c6b1ee29-0c20-4451-be66-97c2642c3139,1.777344330564334e+18
c6b1ee29-0c20-4451-be66-97c2642c3139,1.777344330597676e+18
c6b1ee29-0c20-4451-be66-97c2642c3139,1.777344330631018e+18
c6b1ee29-0c20-4451-be66-97c2642c3139,1.777344330664361e+18
c6b1ee29-0c20-4451-be66-97c2642c3139,1.7773443306977032e+18
c6b1ee29-0c20-4451-be66-97c2642c3139,1.7773443307310461e+18
c6b1ee29-0c20-4451-be66-97c2642c3139,1.777344330764388e+18
c6b1ee29-0c20-4451-be66-97c2642c3139,1.777344330797731e+18
c6b1ee29-0c20-4451-be66-97c2642c3139,1.777344330831073e+18
c6b1ee29-0c20-4451-be66-97c2642c3139,1.777344330864416e+18
c6b1ee29-0c20-4451-be66-97c2642c3139,1.777344330897758e+18
c6b1ee29-0c20-4451-be66-97c2642c3139,1.7773443309311002e+18
c6b1ee29-0c20-4451-be66-97c2642c3139,1.7773443309644431e+18
c6b1ee29-0c20-4451-be66-97c2642c3139,1.777344330997785e+18
c6b1ee29-0c20-4451-be66-97c2642c3139,1.777344331031128e+18
c6b1ee29-0c20-4451-be66-97c2642c3139,1.77734433106447e+18
c6b1ee29-0c20-4451-be66-97c2642c3139,1.777344331097813e+18
c6b1ee29-0c20-4451-be66-97c2642c3139,1.7773443311311552e+18
c6b1ee29-0c20-4451-be66-97c2642c3139,1.7773443311644982e+18
c6b1ee29-0c20-4451-be66-97c2642c3139,1.7773443311978401e+18
c6b1ee29-0c20-4451-be66-97c2642c3139,1.777344331231182e+18
c6b1ee29-0c20-4451-be66-97c2642c3139,1.777344331264525e+18
c6b1ee29-0c20-4451-be66-97c2642c3139,1.777344331297867e+18
c6b1ee29-0c20-4451-be66-97c2642c3139,1.77734433133121e+18
c6b1ee29-0c20-4451-be66-97c2642c3139,1.7773443313645522e+18
c6b1ee29-0c20-4451-be66-97c2642c3139,1.7773443313978952e+18
c6b1ee29-0c20-4451-be66-97c2642c3139,1.777344331431237e+18
c6b1ee29-0c20-4451-be66-97c2642c3139,1.77734433146458e+18
c6b1ee29-0c20-4451-be66-97c2642c3139,1.777344331497922e+18
c6b1ee29-0c20-4451-be66-97c2642c3139,1.777344331531265e+18
c6b1ee29-0c20-4451-be66-97c2642c3139,1.777344331564607e+18
c6b1ee29-0c20-4451-be66-97c2642c3139,1.7773443315979492e+18
c6b1ee29-0c20-4451-be66-97c2642c3139,1.7773443316312922e+18
c6b1ee29-0c20-4451-be66-97c2642c3139,1.777344331664634e+18
c6b1ee29-0c20-4451-be66-97c2642c3139,1.777344331697977e+18
c6b1ee29-0c20-4451-be66-97c2642c3139,1.777344331731319e+18
c6b1ee29-0c20-4451-be66-97c2642c3139,1.777344331764662e+18
c6b1ee29-0c20-4451-be66-97c2642c3139,1.777344331798004e+18
c6b1ee29-0c20-4451-be66-97c2642c3139,1.7773443318313472e+18
c6b1ee29-0c20-4451-be66-97c2642c3139,1.7773443318646892e+18
c6b1ee29-0c20-4451-be66-97c2642c3139,1.777344331898031e+18
c6b1ee29-0c20-4451-be66-97c2642c3139,1.777344331931374e+18
c6b1ee29-0c20-4451-be66-97c2642c3139,1.777344331964716e+18
c6b1ee29-0c20-4451-be66-97c2642c3139,1.777344331998059e+18
c6b1ee29-0c20-4451-be66-97c2642c3139,1.777344332031401e+18
c6b1ee29-0c20-4451-be66-97c2642c3139,1.7773443320647442e+18
c6b1ee29-0c20-4451-be66-97c2642c3139,1.7773443320980861e+18
c6b1ee29-0c20-4451-be66-97c2642c3139,1.777344332131429e+18
c6b1ee29-0c20-4451-be66-97c2642c3139,1.777344332164771e+18
c6b1ee29-0c20-4451-be66-97c2642c3139,1.777344332198113e+18
c6b1ee29-0c20-4451-be66-97c2642c3139,1.777344332231456e+18
c6b1ee29-0c20-4451-be66-97c2642c3139,1.777344332264798e+18
c6b1ee29-0c20-4451-be66-97c2642c3139,1.7773443322981412e+18
c6b1ee29-0c20-4451-be66-97c2642c3139,1.7773443323314831e+18
c6b1ee29-0c20-4451-be66-97c2642c3139,1.777344332364826e+18
c6b1ee29-0c20-4451-be66-97c2642c3139,1.777344332398168e+18
c6b1ee29-0c20-4451-be66-97c2642c3139,1.777344332431511e+18
c6b1ee29-0c20-4451-be66-97c2642c3139,1.777344332464853e+18
c6b1ee29-0c20-4451-be66-97c2642c3139,1.7773443324981952e+18
c6b1ee29-0c20-4451-be66-97c2642c3139,1.7773443325315382e+18
c6b1ee29-0c20-4451-be66-97c2642c3139,1.7773443325648801e+18
c6b1ee29-0c20-4451-be66-97c2642c3139,1.777344332598223e+18
c6b1ee29-0c20-4451-be66-97c2642c3139,1.777344332631565e+18
c6b1ee29-0c20-4451-be66-97c2642c3139,1.777344332664908e+18
c6b1ee29-0c20-4451-be66-97c2642c3139,1.77734433269825e+18
c6b1ee29-0c20-4451-be66-97c2642c3139,1.777344332731593e+18
c6b1ee29-0c20-4451-be66-97c2642c3139,1.7773443327649352e+18
c6b1ee29-0c20-4451-be66-97c2642c3139,1.7773443327982781e+18
c6b1ee29-0c20-4451-be66-97c2642c3139,1.77734433283162e+18
c6b1ee29-0c20-4451-be66-97c2642c3139,1.777344332864962e+18
c6b1ee29-0c20-4451-be66-97c2642c3139,1.777344332898305e+18
c6b1ee29-0c20-4451-be66-97c2642c3139,1.777344332931647e+18
c6b1ee29-0c20-4451-be66-97c2642c3139,1.77734433296499e+18
c6b1ee29-0c20-4451-be66-97c2642c3139,1.7773443329983322e+18
c6b1ee29-0c20-4451-be66-97c2642c3139,1.7773443330316751e+18
c6b1ee29-0c20-4451-be66-97c2642c3139,1.777344333065017e+18
c6b1ee29-0c20-4451-be66-97c2642c3139,1.77734433309836e+18
c6b1ee29-0c20-4451-be66-97c2642c3139,1.777344333131702e+18
c6b1ee29-0c20-4451-be66-97c2642c3139,1.777344333165044e+18
c6b1ee29-0c20-4451-be66-97c2642c3139,1.7773443331983872e+18
c6b1ee29-0c20-4451-be66-97c2642c3139,1.7773443332317292e+18
c6b1ee29-0c20-4451-be66-97c2642c3139,1.777344333265072e+18
c6b1ee29-0c20-4451-be66-97c2642c3139,1.777344333298414e+18
c6b1ee29-0c20-4451-be66-97c2642c3139,1.777344333331757e+18
c6b1ee29-0c20-4451-be66-97c2642c3139,1.777344333365099e+18
c6b1ee29-0c20-4451-be66-97c2642c3139,1.777344333398442e+18
c6b1ee29-0c20-4451-be66-97c2642c3139,1.7773443334317842e+18
c6b1ee29-0c20-4451-be66-97c2642c3139,1.7773443334651261e+18
c6b1ee29-0c20-4451-be66-97c2642c3139,1.777344333498469e+18
c6b1ee29-0c20-4451-be66-97c2642c3139,1.777344333531811e+18
c6b1ee29-0c20-4451-be66-97c2642c3139,1.777344333565154e+18
c6b1ee29-0c20-4451-be66-97c2642c3139,1.777344333598496e+18
c6b1ee29-0c20-4451-be66-97c2642c3139,1.777344333631839e+18
c6b1ee29-0c20-4451-be66-97c2642c3139,1.7773443336651812e+18
c6b1ee29-0c20-4451-be66-97c2642c3139,1.7773443336985242e+18
c6b1ee29-0c20-4451-be66-97c2642c3139,1.777344333731866e+18
c6b1ee29-0c20-4451-be66-97c2642c3139,1.777344333765208e+18
c6b1ee29-0c20-4451-be66-97c2642c3139,1.777344333798551e+18
c6b1ee29-0c20-4451-be66-97c2642c3139,1.777344333831893e+18
c6b1ee29-0c20-4451-be66-97c2642c3139,1.777344333865236e+18
c6b1ee29-0c20-4451-be66-97c2642c3139,1.7773443338985782e+18
c6b1ee29-0c20-4451-be66-97c2642c3139,1.7773443339319212e+18
c6b1ee29-0c20-4451-be66-97c2642c3139,1.777344333965263e+18
c6b1ee29-0c20-4451-be66-97c2642c3139,1.777344333998606e+18
c6b1ee29-0c20-4451-be66-97c2642c3139,1.777344334031948e+18
c6b1ee29-0c20-4451-be66-97c2642c3139,1.777344334065291e+18
c6b1ee29-0c20-4451-be66-97c2642c3139,1.777344334098633e+18
c6b1ee29-0c20-4451-be66-97c2642c3139,1.7773443341319752e+18
c6b1ee29-0c20-4451-be66-97c2642c3139,1.7773443341653181e+18
c6b1ee29-0c20-4451-be66-97c2642c3139,1.77734433419866e+18
c6b1ee29-0c20-4451-be66-97c2642c3139,1.777344334232003e+18
c6b1ee29-0c20-4451-be66-97c2642c3139,1.777344334265345e+18
c6b1ee29-0c20-4451-be66-97c2642c3139,1.777344334298688e+18
c6b1ee29-0c20-4451-be66-97c2642c3139,1.77734433433203e+18
c6b1ee29-0c20-4451-be66-97c2642c3139,1.7773443343653732e+18
c6b1ee29-0c20-4451-be66-97c2642c3139,1.7773443343987151e+18
c6b1ee29-0c20-4451-be66-97c2642c3139,1.777344334432057e+18
c6b1ee29-0c20-4451-be66-97c2642c3139,1.7773443344654e+18
c6b1ee29-0c20-4451-be66-97c2642c3139,1.777344334498742e+18
c6b1ee29-0c20-4451-be66-97c2642c3139,1.777344334532085e+18
c6b1ee29-0c20-4451-be66-97c2642c3139,1.7773443345654272e+18
c6b1ee29-0c20-4451-be66-97c2642c3139,1.7773443345987702e+18
c6b1ee29-0c20-4451-be66-97c2642c3139,1.777344334632112e+18
c6b1ee29-0c20-4451-be66-97c2642c3139,1.777344334665455e+18
c6b1ee29-0c20-4451-be66-97c2642c3139,1.777344334698797e+18
c6b1ee29-0c20-4451-be66-97c2642c3139,1.777344334732139e+18
c6b1ee29-0c20-4451-be66-97c2642c3139,1.777344334765482e+18
c6b1ee29-0c20-4451-be66-97c2642c3139,1.7773443347988242e+18
c6b1ee29-0c20-4451-be66-97c2642c3139,1.7773443348321672e+18
c6b1ee29-0c20-4451-be66-97c2642c3139,1.777344334865509e+18
c6b1ee29-0c20-4451-be66-97c2642c3139,1.777344334898852e+18
c6b1ee29-0c20-4451-be66-97c2642c3139,1.777344334932194e+18
c6b1ee29-0c20-4451-be66-97c2642c3139,1.777344334965537e+18
c6b1ee29-0c20-4451-be66-97c2642c3139,1.777344334998879e+18
c6b1ee29-0c20-4451-be66-97c2642c3139,1.7773443350322212e+18
c6b1ee29-0c20-4451-be66-97c2642c3139,1.7773443350655642e+18
c6b1ee29-0c20-4451-be66-97c2642c3139,1.777344335098906e+18
c6b1ee29-0c20-4451-be66-97c2642c3139,1.777344335132249e+18
c6b1ee29-0c20-4451-be66-97c2642c3139,1.777344335165591e+18
c6b1ee29-0c20-4451-be66-97c2642c3139,1.777344335198934e+18
c6b1ee29-0c20-4451-be66-97c2642c3139,1.777344335232276e+18
c6b1ee29-0c20-4451-be66-97c2642c3139,1.7773443352656192e+18
c6b1ee29-0c20-4451-be66-97c2642c3139,1.7773443352989612e+18
c6b1ee29-0c20-4451-be66-97c2642c3139,1.777344335332303e+18
c6b1ee29-0c20-4451-be66-97c2642c3139,1.777344335365646e+18
c6b1ee29-0c20-4451-be66-97c2642c3139,1.777344335398988e+18
c6b1ee29-0c20-4451-be66-97c2642c3139,1.777344335432331e+18
c6b1ee29-0c20-4451-be66-97c2642c3139,1.777344335465673e+18
c6b1ee29-0c20-4451-be66-97c2642c3139,1.7773443354990162e+18
c6b1ee29-0c20-4451-be66-97c2642c3139,1.7773443355323581e+18
c6b1ee29-0c20-4451-be66-97c2642c3139,1.777344335565701e+18
c6b1ee29-0c20-4451-be66-97c2642c3139,1.777344335599043e+18
c6b1ee29-0c20-4451-be66-97c2642c3139,1.777344335632385e+18
c6b1ee29-0c20-4451-be66-97c2642c3139,1.777344335665728e+18
c6b1ee29-0c20-4451-be66-97c2642c3139,1.77734433569907e+18
c6b1ee29-0c20-4451-be66-97c2642c3139,1.7773443357324132e+18
c6b1ee29-0c20-4451-be66-97c2642c3139,1.7773443357657551e+18
c6b1ee29-0c20-4451-be66-97c2642c3139,1.777344335799098e+18
c6b1ee29-0c20-4451-be66-97c2642c3139,1.77734433583244e+18
c6b1ee29-0c20-4451-be66-97c2642c3139,1.777344335865783e+18
c6b1ee29-0c20-4451-be66-97c2642c3139,1.777344335899125e+18
c6b1ee29-0c20-4451-be66-97c2642c3139,1.777344335932468e+18
c6b1ee29-0c20-4451-be66-97c2642c3139,1.7773443359658102e+18
c6b1ee29-0c20-4451-be66-97c2642c3139,1.777344335999152e+18
c6b1ee29-0c20-4451-be66-97c2642c3139,1.777344336032495e+18
c6b1ee29-0c20-4451-be66-97c2642c3139,1.777344336065837e+18
c6b1ee29-0c20-4451-be66-97c2642c3139,1.77734433609918e+18
c6b1ee29-0c20-4451-be66-97c2642c3139,1.777344336132522e+18
c6b1ee29-0c20-4451-be66-97c2642c3139,1.777344336165865e+18
c6b1ee29-0c20-4451-be66-97c2642c3139,1.7773443361992072e+18
c6b1ee29-0c20-4451-be66-97c2642c3139,1.7773443362325501e+18
c6b1ee29-0c20-4451-be66-97c2642c3139,1.777344336265892e+18
c6b1ee29-0c20-4451-be66-97c2642c3139,1.777344336299234e+18
c6b1ee29-0c20-4451-be66-97c2642c3139,1.777344336332577e+18
c6b1ee29-0c20-4451-be66-97c2642c3139,1.777344336365919e+18
c6b1ee29-0c20-4451-be66-97c2642c3139,1.777344336399262e+18
c6b1ee29-0c20-4451-be66-97c2642c3139,1.7773443364326042e+18
c6b1ee29-0c20-4451-be66-97c2642c3139,1.7773443364659471e+18
c6b1ee29-0c20-4451-be66-97c2642c3139,1.777344336499289e+18
c6b1ee29-0c20-4451-be66-97c2642c3139,1.777344336532632e+18
c6b1ee29-0c20-4451-be66-97c2642c3139,1.777344336565974e+18
c6b1ee29-0c20-4451-be66-97c2642c3139,1.777344336599316e+18
c6b1ee29-0c20-4451-be66-97c2642c3139,1.7773443366326592e+18
c6b1ee29-0c20-4451-be66-97c2642c3139,1.7773443366660012e+18
c6b1ee29-0c20-4451-be66-97c2642c3139,1.7773443366993441e+18
c6b1ee29-0c20-4451-be66-97c2642c3139,1.777344336732686e+18
c6b1ee29-0c20-4451-be66-97c2642c3139,1.777344336766029e+18
c6b1ee29-0c20-4451-be66-97c2642c3139,1.777344336799371e+18
c6b1ee29-0c20-4451-be66-97c2642c3139,1.777344336832714e+18
c6b1ee29-0c20-4451-be66-97c2642c3139,1.7773443368660562e+18
c6b1ee29-0c20-4451-be66-97c2642c3139,1.7773443368993981e+18
c6b1ee29-0c20-4451-be66-97c2642c3139,1.777344336932741e+18
c6b1ee29-0c20-4451-be66-97c2642c3139,1.777344336966083e+18
c6b1ee29-0c20-4451-be66-97c2642c3139,1.777344336999426e+18
c6b1ee29-0c20-4451-be66-97c2642c3139,1.777344337032768e+18
c6b1ee29-0c20-4451-be66-97c2642c3139,1.777344337066111e+18
c6b1ee29-0c20-4451-be66-97c2642c3139,1.7773443370994532e+18
c6b1ee29-0c20-4451-be66-97c2642c3139,1.7773443371327962e+18
c6b1ee29-0c20-4451-be66-97c2642c3139,1.777344337166138e+18
c6b1ee29-0c20-4451-be66-97c2642c3139,1.77734433719948e+18
c6b1ee29-0c20-4451-be66-97c2642c3139,1.777344337232823e+18
c6b1ee29-0c20-4451-be66-97c2642c3139,1.777344337266165e+18
c6b1ee29-0c20-4451-be66-97c2642c3139,1.777344337299508e+18
c6b1ee29-0c20-4451-be66-97c2642c3139,1.7773443373328502e+18
c6b1ee29-0c20-4451-be66-97c2642c3139,1.7773443373661932e+18
c6b1ee29-0c20-4451-be66-97c2642c3139,1.777344337399535e+18
c6b1ee29-0c20-4451-be66-97c2642c3139,1.777344337432878e+18
c6b1ee29-0c20-4451-be66-97c2642c3139,1.77734433746622e+18
c6b1ee29-0c20-4451-be66-97c2642c3139,1.777344337499562e+18
c6b1ee29-0c20-4451-be66-97c2642c3139,1.777344337532905e+18
c6b1ee29-0c20-4451-be66-97c2642c3139,1.7773443375662472e+18
c6b1ee29-0c20-4451-be66-97c2642c3139,1.7773443375995901e+18
c6b1ee29-0c20-4451-be66-97c2642c3139,1.777344337632932e+18
c6b1ee29-0c20-4451-be66-97c2642c3139,1.777344337666275e+18
c6b1ee29-0c20-4451-be66-97c2642c3139,1.777344337699617e+18
c6b1ee29-0c20-4451-be66-97c2642c3139,1.77734433773296e+18
c6b1ee29-0c20-4451-be66-97c2642c3139,1.777344337766302e+18
c6b1ee29-0c20-4451-be66-97c2642c3139,1.7773443377996452e+18
c6b1ee29-0c20-4451-be66-97c2642c3139,1.7773443378329871e+18
c6b1ee29-0c20-4451-be66-97c2642c3139,1.777344337866329e+18
c6b1ee29-0c20-4451-be66-97c2642c3139,1.777344337899672e+18
c6b1ee29-0c20-4451-be66-97c2642c3139,1.777344337933014e+18
c6b1ee29-0c20-4451-be66-97c2642c3139,1.777344337966357e+18
c6b1ee29-0c20-4451-be66-97c2642c3139,1.7773443379996992e+18
c6b1ee29-0c20-4451-be66-97c2642c3139,1.7773443380330422e+18
c6b1ee29-0c20-4451-be66-97c2642c3139,1.7773443380663841e+18
c6b1ee29-0c20-4451-be66-97c2642c3139,1.777344338099727e+18
c6b1ee29-0c20-4451-be66-97c2642c3139,1.777344338133069e+18
c6b1ee29-0c20-4451-be66-97c2642c3139,1.777344338166411e+18
c6b1ee29-0c20-4451-be66-97c2642c3139,1.777344338199754e+18
c6b1ee29-0c20-4451-be66-97c2642c3139,1.7773443382330962e+18
c6b1ee29-0c20-4451-be66-97c2642c3139,1.7773443382664392e+18
c6b1ee29-0c20-4451-be66-97c2642c3139,1.777344338299781e+18
c6b1ee29-0c20-4451-be66-97c2642c3139,1.777344338333124e+18
c6b1ee29-0c20-4451-be66-97c2642c3139,1.777344338366466e+18
c6b1ee29-0c20-4451-be66-97c2642c3139,1.777344338399809e+18
c6b1ee29-0c20-4451-be66-97c2642c3139,1.777344338433151e+18
c6b1ee29-0c20-4451-be66-97c2642c3139,1.7773443384664932e+18
c6b1ee29-0c20-4451-be66-97c2642c3139,1.7773443384998362e+18
c6b1ee29-0c20-4451-be66-97c2642c3139,1.777344338533178e+18
c6b1ee29-0c20-4451-be66-97c2642c3139,1.777344338566521e+18
c6b1ee29-0c20-4451-be66-97c2642c3139,1.777344338599863e+18
c6b1ee29-0c20-4451-be66-97c2642c3139,1.777344338633206e+18
c6b1ee29-0c20-4451-be66-97c2642c3139,1.777344338666548e+18
c6b1ee29-0c20-4451-be66-97c2642c3139,1.7773443386998912e+18
c6b1ee29-0c20-4451-be66-97c2642c3139,1.7773443387332332e+18
c6b1ee29-0c20-4451-be66-97c2642c3139,1.777344338766575e+18
c6b1ee29-0c20-4451-be66-97c2642c3139,1.777344338799918e+18
c6b1ee29-0c20-4451-be66-97c2642c3139,1.77734433883326e+18
c6b1ee29-0c20-4451-be66-97c2642c3139,1.777344338866603e+18
c6b1ee29-0c20-4451-be66-97c2642c3139,1.777344338899945e+18
c6b1ee29-0c20-4451-be66-97c2642c3139,1.7773443389332882e+18
c6b1ee29-0c20-4451-be66-97c2642c3139,1.7773443389666301e+18
c6b1ee29-0c20-4451-be66-97c2642c3139,1.777344338999973e+18
c6b1ee29-0c20-4451-be66-97c2642c3139,1.777344339033315e+18
c6b1ee29-0c20-4451-be66-97c2642c3139,1.777344339066657e+18
c6b1ee29-0c20-4451-be66-97c2642c3139,1.7773443391e+18
c6b1ee29-0c20-4451-be66-97c2642c3139,1.777344339133342e+18
c6b1ee29-0c20-4451-be66-97c2642c3139,1.7773443391666852e+18
c6b1ee29-0c20-4451-be66-97c2642c3139,1.7773443392000271e+18
c6b1ee29-0c20-4451-be66-97c2642c3139,1.77734433923337e+18
c6b1ee29-0c20-4451-be66-97c2642c3139,1.777344339266712e+18
c6b1ee29-0c20-4451-be66-97c2642c3139,1.777344339300055e+18
c6b1ee29-0c20-4451-be66-97c2642c3139,1.777344339333397e+18
c6b1ee29-0c20-4451-be66-97c2642c3139,1.7773443393667392e+18
c6b1ee29-0c20-4451-be66-97c2642c3139,1.7773443394000822e+18
c6b1ee29-0c20-4451-be66-97c2642c3139,1.7773443394334241e+18
c6b1ee29-0c20-4451-be66-97c2642c3139,1.777344339466767e+18
c6b1ee29-0c20-4451-be66-97c2642c3139,1.777344339500109e+18
c6b1ee29-0c20-4451-be66-97c2642c3139,1.777344339533452e+18
c6b1ee29-0c20-4451-be66-97c2642c3139,1.777344339566794e+18
c6b1ee29-0c20-4451-be66-97c2642c3139,1.777344339600137e+18
c6b1ee29-0c20-4451-be66-97c2642c3139,1.7773443396334792e+18
c6b1ee29-0c20-4451-be66-97c2642c3139,1.7773443396668221e+18
c6b1ee29-0c20-4451-be66-97c2642c3139,1.777344339700164e+18
c6b1ee29-0c20-4451-be66-97c2642c3139,1.777344339733506e+18
c6b1ee29-0c20-4451-be66-97c2642c3139,1.777344339766849e+18
c6b1ee29-0c20-4451-be66-97c2642c3139,1.777344339800191e+18
c6b1ee29-0c20-4451-be66-97c2642c3139,1.777344339833534e+18
c6b1ee29-0c20-4451-be66-97c2642c3139,1.7773443398668762e+18
c6b1ee29-0c20-4451-be66-97c2642c3139,1.7773443399002191e+18
c6b1ee29-0c20-4451-be66-97c2642c3139,1.777344339933561e+18
c6b1ee29-0c20-4451-be66-97c2642c3139,1.777344339966904e+18
c6b1ee29-0c20-4451-be66-97c2642c3139,1.777344340000246e+18
c6b1ee29-0c20-4451-be66-97c2642c3139,1.777344340033588e+18
c6b1ee29-0c20-4451-be66-97c2642c3139,1.7773443400669312e+18
c6b1ee29-0c20-4451-be66-97c2642c3139,1.7773443401002732e+18
c6b1ee29-0c20-4451-be66-97c2642c3139,1.777344340133616e+18
c6b1ee29-0c20-4451-be66-97c2642c3139,1.777344340166958e+18
c6b1ee29-0c20-4451-be66-97c2642c3139,1.777344340200301e+18
c6b1ee29-0c20-4451-be66-97c2642c3139,1.777344340233643e+18
c6b1ee29-0c20-4451-be66-97c2642c3139,1.777344340266986e+18
c6b1ee29-0c20-4451-be66-97c2642c3139,1.7773443403003282e+18
c6b1ee29-0c20-4451-be66-97c2642c3139,1.7773443403336701e+18
c6b1ee29-0c20-4451-be66-97c2642c3139,1.777344340367013e+18
c6b1ee29-0c20-4451-be66-97c2642c3139,1.777344340400355e+18
c6b1ee29-0c20-4451-be66-97c2642c3139,1.777344340433698e+18
c6b1ee29-0c20-4451-be66-97c2642c3139,1.77734434046704e+18
c6b1ee29-0c20-4451-be66-97c2642c3139,1.777344340500383e+18
c6b1ee29-0c20-4451-be66-97c2642c3139,1.7773443405337252e+18
c6b1ee29-0c20-4451-be66-97c2642c3139,1.7773443405670682e+18
c6b1ee29-0c20-4451-be66-97c2642c3139,1.77734434060041e+18
c6b1ee29-0c20-4451-be66-97c2642c3139,1.777344340633752e+18
c6b1ee29-0c20-4451-be66-97c2642c3139,1.777344340667095e+18
c6b1ee29-0c20-4451-be66-97c2642c3139,1.777344340700437e+18
c6b1ee29-0c20-4451-be66-97c2642c3139,1.77734434073378e+18
c6b1ee29-0c20-4451-be66-97c2642c3139,1.7773443407671222e+18
c6b1ee29-0c20-4451-be66-97c2642c3139,1.7773443408004652e+18
c6b1ee29-0c20-4451-be66-97c2642c3139,1.777344340833807e+18
c6b1ee29-0c20-4451-be66-97c2642c3139,1.77734434086715e+18
c6b1ee29-0c20-4451-be66-97c2642c3139,1.777344340900492e+18
c6b1ee29-0c20-4451-be66-97c2642c3139,1.777344340933834e+18
c6b1ee29-0c20-4451-be66-97c2642c3139,1.777344340967177e+18
c6b1ee29-0c20-4451-be66-97c2642c3139,1.7773443410005192e+18
c6b1ee29-0c20-4451-be66-97c2642c3139,1.7773443410338621e+18
c6b1ee29-0c20-4451-be66-97c2642c3139,1.777344341067204e+18
c6b1ee29-0c20-4451-be66-97c2642c3139,1.777344341100547e+18
c6b1ee29-0c20-4451-be66-97c2642c3139,1.777344341133889e+18
c6b1ee29-0c20-4451-be66-97c2642c3139,1.777344341167232e+18
c6b1ee29-0c20-4451-be66-97c2642c3139,1.777344341200574e+18
c6b1ee29-0c20-4451-be66-97c2642c3139,1.7773443412339162e+18
c6b1ee29-0c20-4451-be66-97c2642c3139,1.7773443412672591e+18
c6b1ee29-0c20-4451-be66-97c2642c3139,1.777344341300601e+18
c6b1ee29-0c20-4451-be66-97c2642c3139,1.777344341333944e+18
c6b1ee29-0c20-4451-be66-97c2642c3139,1.777344341367286e+18
c6b1ee29-0c20-4451-be66-97c2642c3139,1.777344341400629e+18
c6b1ee29-0c20-4451-be66-97c2642c3139,1.7773443414339712e+18
c6b1ee29-0c20-4451-be66-97c2642c3139,1.7773443414673142e+18
c6b1ee29-0c20-4451-be66-97c2642c3139,1.777344341500656e+18
c6b1ee29-0c20-4451-be66-97c2642c3139,1.777344341533999e+18
c6b1ee29-0c20-4451-be66-97c2642c3139,1.777344341567341e+18
c6b1ee29-0c20-4451-be66-97c2642c3139,1.777344341600683e+18
c6b1ee29-0c20-4451-be66-97c2642c3139,1.777344341634026e+18
c6b1ee29-0c20-4451-be66-97c2642c3139,1.7773443416673682e+18
c6b1ee29-0c20-4451-be66-97c2642c3139,1.7773443417007112e+18
c6b1ee29-0c20-4451-be66-97c2642c3139,1.777344341734053e+18
c6b1ee29-0c20-4451-be66-97c2642c3139,1.777344341767396e+18
c6b1ee29-0c20-4451-be66-97c2642c3139,1.777344341800738e+18
c6b1ee29-0c20-4451-be66-97c2642c3139,1.777344341834081e+18
c6b1ee29-0c20-4451-be66-97c2642c3139,1.777344341867423e+18
c6b1ee29-0c20-4451-be66-97c2642c3139,1.7773443419007652e+18
c6b1ee29-0c20-4451-be66-97c2642c3139,1.7773443419341082e+18
c6b1ee29-0c20-4451-be66-97c2642c3139,1.77734434196745e+18
c6b1ee29-0c20-4451-be66-97c2642c3139,1.777344342000793e+18
c6b1ee29-0c20-4451-be66-97c2642c3139,1.777344342034135e+18
c6b1ee29-0c20-4451-be66-97c2642c3139,1.777344342067478e+18
c6b1ee29-0c20-4451-be66-97c2642c3139,1.77734434210082e+18
c6b1ee29-0c20-4451-be66-97c2642c3139,1.7773443421341632e+18
c6b1ee29-0c20-4451-be66-97c2642c3139,1.7773443421675052e+18
c6b1ee29-0c20-4451-be66-97c2642c3139,1.777344342200847e+18
c6b1ee29-0c20-4451-be66-97c2642c3139,1.77734434223419e+18
c6b1ee29-0c20-4451-be66-97c2642c3139,1.777344342267532e+18
c6b1ee29-0c20-4451-be66-97c2642c3139,1.777344342300875e+18
c6b1ee29-0c20-4451-be66-97c2642c3139,1.777344342334217e+18
c6b1ee29-0c20-4451-be66-97c2642c3139,1.7773443423675602e+18
c6b1ee29-0c20-4451-be66-97c2642c3139,1.7773443424009021e+18
c6b1ee29-0c20-4451-be66-97c2642c3139,1.777344342434245e+18
c6b1ee29-0c20-4451-be66-97c2642c3139,1.777344342467587e+18
c6b1ee29-0c20-4451-be66-97c2642c3139,1.777344342500929e+18
c6b1ee29-0c20-4451-be66-97c2642c3139,1.777344342534272e+18
c6b1ee29-0c20-4451-be66-97c2642c3139,1.777344342567614e+18
c6b1ee29-0c20-4451-be66-97c2642c3139,1.7773443426009572e+18
c6b1ee29-0c20-4451-be66-97c2642c3139,1.7773443426342991e+18
c6b1ee29-0c20-4451-be66-97c2642c3139,1.777344342667642e+18
c6b1ee29-0c20-4451-be66-97c2642c3139,1.777344342700984e+18
c6b1ee29-0c20-4451-be66-97c2642c3139,1.777344342734327e+18
c6b1ee29-0c20-4451-be66-97c2642c3139,1.777344342767669e+18
c6b1ee29-0c20-4451-be66-97c2642c3139,1.7773443428010112e+18
c6b1ee29-0c20-4451-be66-97c2642c3139,1.7773443428343542e+18
c6b1ee29-0c20-4451-be66-97c2642c3139,1.777344342867696e+18
c6b1ee29-0c20-4451-be66-97c2642c3139,1.777344342901039e+18
c6b1ee29-0c20-4451-be66-97c2642c3139,1.777344342934381e+18
c6b1ee29-0c20-4451-be66-97c2642c3139,1.777344342967724e+18
c6b1ee29-0c20-4451-be66-97c2642c3139,1.777344343001066e+18
c6b1ee29-0c20-4451-be66-97c2642c3139,1.777344343034409e+18
c6b1ee29-0c20-4451-be66-97c2642c3139,1.7773443430677512e+18
c6b1ee29-0c20-4451-be66-97c2642c3139,1.777344343101093e+18
c6b1ee29-0c20-4451-be66-97c2642c3139,1.777344343134436e+18
c6b1ee29-0c20-4451-be66-97c2642c3139,1.777344343167778e+18
c6b1ee29-0c20-4451-be66-97c2642c3139,1.777344343201121e+18
c6b1ee29-0c20-4451-be66-97c2642c3139,1.777344343234463e+18
c6b1ee29-0c20-4451-be66-97c2642c3139,1.777344343267806e+18
c6b1ee29-0c20-4451-be66-97c2642c3139,1.7773443433011482e+18
c6b1ee29-0c20-4451-be66-97c2642c3139,1.7773443433344911e+18
c6b1ee29-0c20-4451-be66-97c2642c3139,1.777344343367833e+18
c6b1ee29-0c20-4451-be66-97c2642c3139,1.777344343401176e+18
c6b1ee29-0c20-4451-be66-97c2642c3139,1.777344343434518e+18
c6b1ee29-0c20-4451-be66-97c2642c3139,1.77734434346786e+18
c6b1ee29-0c20-4451-be66-97c2642c3139,1.7773443435012032e+18
c6b1ee29-0c20-4451-be66-97c2642c3139,1.7773443435345452e+18
c6b1ee29-0c20-4451-be66-97c2642c3139,1.7773443435678881e+18
c6b1ee29-0c20-4451-be66-97c2642c3139,1.77734434360123e+18
c6b1ee29-0c20-4451-be66-97c2642c3139,1.777344343634573e+18
c6b1ee29-0c20-4451-be66-97c2642c3139,1.777344343667915e+18
c6b1ee29-0c20-4451-be66-97c2642c3139,1.777344343701258e+18
c6b1ee29-0c20-4451-be66-97c2642c3139,1.7773443437346002e+18
c6b1ee29-0c20-4451-be66-97c2642c3139,1.7773443437679421e+18
c6b1ee29-0c20-4451-be66-97c2642c3139,1.777344343801285e+18
c6b1ee29-0c20-4451-be66-97c2642c3139,1.777344343834627e+18
c6b1ee29-0c20-4451-be66-97c2642c3139,1.77734434386797e+18
c6b1ee29-0c20-4451-be66-97c2642c3139,1.777344343901312e+18
c6b1ee29-0c20-4451-be66-97c2642c3139,1.777344343934655e+18
c6b1ee29-0c20-4451-be66-97c2642c3139,1.7773443439679972e+18
c6b1ee29-0c20-4451-be66-97c2642c3139,1.7773443440013402e+18
c6b1ee29-0c20-4451-be66-97c2642c3139,1.777344344034682e+18
c6b1ee29-0c20-4451-be66-97c2642c3139,1.777344344068024e+18
c6b1ee29-0c20-4451-be66-97c2642c3139,1.777344344101367e+18
c6b1ee29-0c20-4451-be66-97c2642c3139,1.777344344134709e+18
c6b1ee29-0c20-4451-be66-97c2642c3139,1.777344344168052e+18
c6b1ee29-0c20-4451-be66-97c2642c3139,1.7773443442013942e+18
c6b1ee29-0c20-4451-be66-97c2642c3139,1.7773443442347372e+18
c6b1ee29-0c20-4451-be66-97c2642c3139,1.777344344268079e+18
c6b1ee29-0c20-4451-be66-97c2642c3139,1.777344344301422e+18
c6b1ee29-0c20-4451-be66-97c2642c3139,1.777344344334764e+18
c6b1ee29-0c20-4451-be66-97c2642c3139,1.777344344368106e+18
c6b1ee29-0c20-4451-be66-97c2642c3139,1.777344344401449e+18
c6b1ee29-0c20-4451-be66-97c2642c3139,1.7773443444347912e+18
c6b1ee29-0c20-4451-be66-97c2642c3139,1.7773443444681341e+18
c6b1ee29-0c20-4451-be66-97c2642c3139,1.777344344501476e+18
c6b1ee29-0c20-4451-be66-97c2642c3139,1.777344344534819e+18
c6b1ee29-0c20-4451-be66-97c2642c3139,1.777344344568161e+18
c6b1ee29-0c20-4451-be66-97c2642c3139,1.777344344601504e+18
c6b1ee29-0c20-4451-be66-97c2642c3139,1.777344344634846e+18
c6b1ee29-0c20-4451-be66-97c2642c3139,1.7773443446681882e+18
c6b1ee29-0c20-4451-be66-97c2642c3139,1.7773443447015311e+18
c6b1ee29-0c20-4451-be66-97c2642c3139,1.777344344734873e+18
c6b1ee29-0c20-4451-be66-97c2642c3139,1.777344344768216e+18
c6b1ee29-0c20-4451-be66-97c2642c3139,1.777344344801558e+18
c6b1ee29-0c20-4451-be66-97c2642c3139,1.777344344834901e+18
c6b1ee29-0c20-4451-be66-97c2642c3139,1.7773443448682432e+18
c6b1ee29-0c20-4451-be66-97c2642c3139,1.7773443449015862e+18
c6b1ee29-0c20-4451-be66-97c2642c3139,1.7773443449349281e+18
c6b1ee29-0c20-4451-be66-97c2642c3139,1.77734434496827e+18
c6b1ee29-0c20-4451-be66-97c2642c3139,1.777344345001613e+18
c6b1ee29-0c20-4451-be66-97c2642c3139,1.777344345034955e+18
c6b1ee29-0c20-4451-be66-97c2642c3139,1.777344345068298e+18
c6b1ee29-0c20-4451-be66-97c2642c3139,1.7773443451016402e+18
c6b1ee29-0c20-4451-be66-97c2642c3139,1.7773443451349832e+18
c6b1ee29-0c20-4451-be66-97c2642c3139,1.777344345168325e+18
c6b1ee29-0c20-4451-be66-97c2642c3139,1.777344345201668e+18
c6b1ee29-0c20-4451-be66-97c2642c3139,1.77734434523501e+18
c6b1ee29-0c20-4451-be66-97c2642c3139,1.777344345268353e+18
c6b1ee29-0c20-4451-be66-97c2642c3139,1.777344345301695e+18
c6b1ee29-0c20-4451-be66-97c2642c3139,1.7773443453350372e+18
c6b1ee29-0c20-4451-be66-97c2642c3139,1.7773443453683802e+18
c6b1ee29-0c20-4451-be66-97c2642c3139,1.777344345401722e+18
c6b1ee29-0c20-4451-be66-97c2642c3139,1.777344345435065e+18
c6b1ee29-0c20-4451-be66-97c2642c3139,1.777344345468407e+18
c6b1ee29-0c20-4451-be66-97c2642c3139,1.77734434550175e+18
c6b1ee29-0c20-4451-be66-97c2642c3139,1.777344345535092e+18
c6b1ee29-0c20-4451-be66-97c2642c3139,1.7773443455684352e+18
c6b1ee29-0c20-4451-be66-97c2642c3139,1.7773443456017772e+18
c6b1ee29-0c20-4451-be66-97c2642c3139,1.777344345635119e+18
c6b1ee29-0c20-4451-be66-97c2642c3139,1.777344345668462e+18
c6b1ee29-0c20-4451-be66-97c2642c3139,1.777344345701804e+18
c6b1ee29-0c20-4451-be66-97c2642c3139,1.777344345735147e+18
c6b1ee29-0c20-4451-be66-97c2642c3139,1.777344345768489e+18
c6b1ee29-0c20-4451-be66-97c2642c3139,1.7773443458018322e+18
c6b1ee29-0c20-4451-be66-97c2642c3139,1.7773443458351741e+18
c6b1ee29-0c20-4451-be66-97c2642c3139,1.777344345868517e+18
c6b1ee29-0c20-4451-be66-97c2642c3139,1.777344345901859e+18
c6b1ee29-0c20-4451-be66-97c2642c3139,1.777344345935201e+18
c6b1ee29-0c20-4451-be66-97c2642c3139,1.777344345968544e+18
c6b1ee29-0c20-4451-be66-97c2642c3139,1.777344346001886e+18
c6b1ee29-0c20-4451-be66-97c2642c3139,1.7773443460352292e+18
c6b1ee29-0c20-4451-be66-97c2642c3139,1.7773443460685711e+18
c6b1ee29-0c20-4451-be66-97c2642c3139,1.777344346101914e+18
c6b1ee29-0c20-4451-be66-97c2642c3139,1.777344346135256e+18
c6b1ee29-0c20-4451-be66-97c2642c3139,1.777344346168599e+18
c6b1ee29-0c20-4451-be66-97c2642c3139,1.777344346201941e+18
c6b1ee29-0c20-4451-be66-97c2642c3139,1.7773443462352832e+18
c6b1ee29-0c20-4451-be66-97c2642c3139,1.7773443462686262e+18
c6b1ee29-0c20-4451-be66-97c2642c3139,1.7773443463019681e+18
c6b1ee29-0c20-4451-be66-97c2642c3139,1.777344346335311e+18
c6b1ee29-0c20-4451-be66-97c2642c3139,1.777344346368653e+18
c6b1ee29-0c20-4451-be66-97c2642c3139,1.777344346401996e+18
c6b1ee29-0c20-4451-be66-97c2642c3139,1.777344346435338e+18
c6b1ee29-0c20-4451-be66-97c2642c3139,1.777344346468681e+18
c6b1ee29-0c20-4451-be66-97c2642c3139,1.7773443465020232e+18
c6b1ee29-0c20-4451-be66-97c2642c3139,1.777344346535365e+18
c6b1ee29-0c20-4451-be66-97c2642c3139,1.777344346568708e+18
c6b1ee29-0c20-4451-be66-97c2642c3139,1.77734434660205e+18
c6b1ee29-0c20-4451-be66-97c2642c3139,1.777344346635393e+18
c6b1ee29-0c20-4451-be66-97c2642c3139,1.777344346668735e+18
c6b1ee29-0c20-4451-be66-97c2642c3139,1.777344346702078e+18
c6b1ee29-0c20-4451-be66-97c2642c3139,1.7773443467354202e+18
c6b1ee29-0c20-4451-be66-97c2642c3139,1.7773443467687631e+18
c6b1ee29-0c20-4451-be66-97c2642c3139,1.777344346802105e+18
c6b1ee29-0c20-4451-be66-97c2642c3139,1.777344346835447e+18
c6b1ee29-0c20-4451-be66-97c2642c3139,1.77734434686879e+18
c6b1ee29-0c20-4451-be66-97c2642c3139,1.777344346902132e+18
c6b1ee29-0c20-4451-be66-97c2642c3139,1.7773443469354752e+18
c6b1ee29-0c20-4451-be66-97c2642c3139,1.7773443469688172e+18
c6b1ee29-0c20-4451-be66-97c2642c3139,1.77734434700216e+18
c6b1ee29-0c20-4451-be66-97c2642c3139,1.777344347035502e+18
c6b1ee29-0c20-4451-be66-97c2642c3139,1.777344347068845e+18
c6b1ee29-0c20-4451-be66-97c2642c3139,1.777344347102187e+18
c6b1ee29-0c20-4451-be66-97c2642c3139,1.77734434713553e+18
c6b1ee29-0c20-4451-be66-97c2642c3139,1.7773443471688722e+18
c6b1ee29-0c20-4451-be66-97c2642c3139,1.7773443472022141e+18
c6b1ee29-0c20-4451-be66-97c2642c3139,1.777344347235557e+18
c6b1ee29-0c20-4451-be66-97c2642c3139,1.777344347268899e+18
c6b1ee29-0c20-4451-be66-97c2642c3139,1.777344347302242e+18
c6b1ee29-0c20-4451-be66-97c2642c3139,1.777344347335584e+18
c6b1ee29-0c20-4451-be66-97c2642c3139,1.777344347368927e+18
c6b1ee29-0c20-4451-be66-97c2642c3139,1.7773443474022692e+18
c6b1ee29-0c20-4451-be66-97c2642c3139,1.7773443474356122e+18
c6b1ee29-0c20-4451-be66-97c2642c3139,1.777344347468954e+18
c6b1ee29-0c20-4451-be66-97c2642c3139,1.777344347502296e+18
c6b1ee29-0c20-4451-be66-97c2642c3139,1.777344347535639e+18
c6b1ee29-0c20-4451-be66-97c2642c3139,1.777344347568981e+18
c6b1ee29-0c20-4451-be66-97c2642c3139,1.777344347602324e+18
c6b1ee29-0c20-4451-be66-97c2642c3139,1.7773443476356662e+18
c6b1ee29-0c20-4451-be66-97c2642c3139,1.7773443476690092e+18
c6b1ee29-0c20-4451-be66-97c2642c3139,1.777344347702351e+18
c6b1ee29-0c20-4451-be66-97c2642c3139,1.777344347735694e+18
c6b1ee29-0c20-4451-be66-97c2642c3139,1.777344347769036e+18
c6b1ee29-0c20-4451-be66-97c2642c3139,1.777344347802378e+18
c6b1ee29-0c20-4451-be66-97c2642c3139,1.777344347835721e+18
c6b1ee29-0c20-4451-be66-97c2642c3139,1.7773443478690632e+18
c6b1ee29-0c20-4451-be66-97c2642c3139,1.7773443479024061e+18
c6b1ee29-0c20-4451-be66-97c2642c3139,1.777344347935748e+18
c6b1ee29-0c20-4451-be66-97c2642c3139,1.777344347969091e+18
c6b1ee29-0c20-4451-be66-97c2642c3139,1.777344348002433e+18
c6b1ee29-0c20-4451-be66-97c2642c3139,1.777344348035776e+18
c6b1ee29-0c20-4451-be66-97c2642c3139,1.777344348069118e+18
c6b1ee29-0c20-4451-be66-97c2642c3139,1.7773443481024602e+18
c6b1ee29-0c20-4451-be66-97c2642c3139,1.7773443481358031e+18
c6b1ee29-0c20-4451-be66-97c2642c3139,1.777344348169145e+18
c6b1ee29-0c20-4451-be66-97c2642c3139,1.777344348202488e+18
c6b1ee29-0c20-4451-be66-97c2642c3139,1.77734434823583e+18
c6b1ee29-0c20-4451-be66-97c2642c3139,1.777344348269173e+18
c6b1ee29-0c20-4451-be66-97c2642c3139,1.7773443483025152e+18
c6b1ee29-0c20-4451-be66-97c2642c3139,1.7773443483358582e+18
c6b1ee29-0c20-4451-be66-97c2642c3139,1.7773443483692e+18
c6b1ee29-0c20-4451-be66-97c2642c3139,1.777344348402543e+18
c6b1ee29-0c20-4451-be66-97c2642c3139,1.777344348435885e+18
c6b1ee29-0c20-4451-be66-97c2642c3139,1.777344348469227e+18
c6b1ee29-0c20-4451-be66-97c2642c3139,1.77734434850257e+18
c6b1ee29-0c20-4451-be66-97c2642c3139,1.7773443485359122e+18
c6b1ee29-0c20-4451-be66-97c2642c3139,1.7773443485692552e+18
c6b1ee29-0c20-4451-be66-97c2642c3139,1.777344348602597e+18
c6b1ee29-0c20-4451-be66-97c2642c3139,1.77734434863594e+18
c6b1ee29-0c20-4451-be66-97c2642c3139,1.777344348669282e+18
c6b1ee29-0c20-4451-be66-97c2642c3139,1.777344348702625e+18
c6b1ee29-0c20-4451-be66-97c2642c3139,1.777344348735967e+18
c6b1ee29-0c20-4451-be66-97c2642c3139,1.7773443487693092e+18
c6b1ee29-0c20-4451-be66-97c2642c3139,1.7773443488026522e+18
c6b1ee29-0c20-4451-be66-97c2642c3139,1.777344348835994e+18
c6b1ee29-0c20-4451-be66-97c2642c3139,1.777344348869337e+18
c6b1ee29-0c20-4451-be66-97c2642c3139,1.777344348902679e+18
c6b1ee29-0c20-4451-be66-97c2642c3139,1.777344348936022e+18
c6b1ee29-0c20-4451-be66-97c2642c3139,1.777344348969364e+18
c6b1ee29-0c20-4451-be66-97c2642c3139,1.7773443490027072e+18
c6b1ee29-0c20-4451-be66-97c2642c3139,1.7773443490360492e+18
c6b1ee29-0c20-4451-be66-97c2642c3139,1.777344349069391e+18
c6b1ee29-0c20-4451-be66-97c2642c3139,1.777344349102734e+18
c6b1ee29-0c20-4451-be66-97c2642c3139,1.777344349136076e+18
c6b1ee29-0c20-4451-be66-97c2642c3139,1.777344349169419e+18
c6b1ee29-0c20-4451-be66-97c2642c3139,1.777344349202761e+18
c6b1ee29-0c20-4451-be66-97c2642c3139,1.7773443492361042e+18
c6b1ee29-0c20-4451-be66-97c2642c3139,1.7773443492694461e+18
c6b1ee29-0c20-4451-be66-97c2642c3139,1.777344349302789e+18
c6b1ee29-0c20-4451-be66-97c2642c3139,1.777344349336131e+18
c6b1ee29-0c20-4451-be66-97c2642c3139,1.777344349369473e+18
c6b1ee29-0c20-4451-be66-97c2642c3139,1.777344349402816e+18
c6b1ee29-0c20-4451-be66-97c2642c3139,1.777344349436158e+18
c6b1ee29-0c20-4451-be66-97c2642c3139,1.7773443494695012e+18
c6b1ee29-0c20-4451-be66-97c2642c3139,1.7773443495028431e+18
c6b1ee29-0c20-4451-be66-97c2642c3139,1.777344349536186e+18
c6b1ee29-0c20-4451-be66-97c2642c3139,1.777344349569528e+18
c6b1ee29-0c20-4451-be66-97c2642c3139,1.777344349602871e+18
c6b1ee29-0c20-4451-be66-97c2642c3139,1.777344349636213e+18
c6b1ee29-0c20-4451-be66-97c2642c3139,1.777344349669556e+18
c6b1ee29-0c20-4451-be66-97c2642c3139,1.7773443497028982e+18
c6b1ee29-0c20-4451-be66-97c2642c3139,1.77734434973624e+18
c6b1ee29-0c20-4451-be66-97c2642c3139,1.777344349769583e+18
c6b1ee29-0c20-4451-be66-97c2642c3139,1.777344349802925e+18
c6b1ee29-0c20-4451-be66-97c2642c3139,1.777344349836268e+18
c6b1ee29-0c20-4451-be66-97c2642c3139,1.77734434986961e+18
c6b1ee29-0c20-4451-be66-97c2642c3139,1.777344349902953e+18
c6b1ee29-0c20-4451-be66-97c2642c3139,1.7773443499362952e+18
c6b1ee29-0c20-4451-be66-97c2642c3139,1.7773443499696381e+18
c6b1ee29-0c20-4451-be66-97c2642c3139,1.77734435000298e+18
c6b1ee29-0c20-4451-be66-97c2642c3139,1.777344350036322e+18
c6b1ee29-0c20-4451-be66-97c2642c3139,1.777344350069665e+18
c6b1ee29-0c20-4451-be66-97c2642c3139,1.777344350103007e+18
c6b1ee29-0c20-4451-be66-97c2642c3139,1.77734435013635e+18
c6b1ee29-0c20-4451-be66-97c2642c3139,1.7773443501696922e+18
c6b1ee29-0c20-4451-be66-97c2642c3139,1.7773443502030351e+18
c6b1ee29-0c20-4451-be66-97c2642c3139,1.777344350236377e+18
c6b1ee29-0c20-4451-be66-97c2642c3139,1.77734435026972e+18
c6b1ee29-0c20-4451-be66-97c2642c3139,1.777344350303062e+18
c6b1ee29-0c20-4451-be66-97c2642c3139,1.777344350336404e+18
c6b1ee29-0c20-4451-be66-97c2642c3139,1.7773443503697472e+18
c6b1ee29-0c20-4451-be66-97c2642c3139,1.7773443504030892e+18
c6b1ee29-0c20-4451-be66-97c2642c3139,1.7773443504364321e+18
c6b1ee29-0c20-4451-be66-97c2642c3139,1.777344350469774e+18
c6b1ee29-0c20-4451-be66-97c2642c3139,1.777344350503117e+18
c6b1ee29-0c20-4451-be66-97c2642c3139,1.777344350536459e+18
c6b1ee29-0c20-4451-be66-97c2642c3139,1.777344350569802e+18
c6b1ee29-0c20-4451-be66-97c2642c3139,1.7773443506031442e+18
c6b1ee29-0c20-4451-be66-97c2642c3139,1.7773443506364861e+18
c6b1ee29-0c20-4451-be66-97c2642c3139,1.777344350669829e+18
c6b1ee29-0c20-4451-be66-97c2642c3139,1.777344350703171e+18
c6b1ee29-0c20-4451-be66-97c2642c3139,1.777344350736514e+18
c6b1ee29-0c20-4451-be66-97c2642c3139,1.777344350769856e+18
c6b1ee29-0c20-4451-be66-97c2642c3139,1.777344350803199e+18
c6b1ee29-0c20-4451-be66-97c2642c3139,1.7773443508365412e+18
c6b1ee29-0c20-4451-be66-97c2642c3139,1.7773443508698842e+18
c6b1ee29-0c20-4451-be66-97c2642c3139,1.777344350903226e+18
c6b1ee29-0c20-4451-be66-97c2642c3139,1.777344350936568e+18
c6b1ee29-0c20-4451-be66-97c2642c3139,1.777344350969911e+18
c6b1ee29-0c20-4451-be66-97c2642c3139,1.777344351003253e+18
c6b1ee29-0c20-4451-be66-97c2642c3139,1.777344351036596e+18
c6b1ee29-0c20-4451-be66-97c2642c3139,1.7773443510699382e+18
c6b1ee29-0c20-4451-be66-97c2642c3139,1.7773443511032812e+18
c6b1ee29-0c20-4451-be66-97c2642c3139,1.777344351136623e+18
c6b1ee29-0c20-4451-be66-97c2642c3139,1.777344351169966e+18
c6b1ee29-0c20-4451-be66-97c2642c3139,1.777344351203308e+18
c6b1ee29-0c20-4451-be66-97c2642c3139,1.77734435123665e+18
c6b1ee29-0c20-4451-be66-97c2642c3139,1.777344351269993e+18
c6b1ee29-0c20-4451-be66-97c2642c3139,1.7773443513033352e+18
c6b1ee29-0c20-4451-be66-97c2642c3139,1.7773443513366781e+18
c6b1ee29-0c20-4451-be66-97c2642c3139,1.77734435137002e+18
c6b1ee29-0c20-4451-be66-97c2642c3139,1.777344351403363e+18
c6b1ee29-0c20-4451-be66-97c2642c3139,1.777344351436705e+18
c6b1ee29-0c20-4451-be66-97c2642c3139,1.777344351470048e+18
c6b1ee29-0c20-4451-be66-97c2642c3139,1.77734435150339e+18
c6b1ee29-0c20-4451-be66-97c2642c3139,1.7773443515367332e+18
c6b1ee29-0c20-4451-be66-97c2642c3139,1.7773443515700751e+18
c6b1ee29-0c20-4451-be66-97c2642c3139,1.777344351603417e+18
c6b1ee29-0c20-4451-be66-97c2642c3139,1.77734435163676e+18
c6b1ee29-0c20-4451-be66-97c2642c3139,1.777344351670102e+18
c6b1ee29-0c20-4451-be66-97c2642c3139,1.777344351703445e+18
c6b1ee29-0c20-4451-be66-97c2642c3139,1.7773443517367872e+18
c6b1ee29-0c20-4451-be66-97c2642c3139,1.7773443517701302e+18
c6b1ee29-0c20-4451-be66-97c2642c3139,1.7773443518034721e+18
c6b1ee29-0c20-4451-be66-97c2642c3139,1.777344351836815e+18
c6b1ee29-0c20-4451-be66-97c2642c3139,1.777344351870157e+18
c6b1ee29-0c20-4451-be66-97c2642c3139,1.777344351903499e+18
c6b1ee29-0c20-4451-be66-97c2642c3139,1.777344351936842e+18
c6b1ee29-0c20-4451-be66-97c2642c3139,1.7773443519701842e+18
c6b1ee29-0c20-4451-be66-97c2642c3139,1.7773443520035272e+18
c6b1ee29-0c20-4451-be66-97c2642c3139,1.777344352036869e+18
c6b1ee29-0c20-4451-be66-97c2642c3139,1.777344352070212e+18
c6b1ee29-0c20-4451-be66-97c2642c3139,1.777344352103554e+18
c6b1ee29-0c20-4451-be66-97c2642c3139,1.777344352136897e+18
c6b1ee29-0c20-4451-be66-97c2642c3139,1.777344352170239e+18
c6b1ee29-0c20-4451-be66-97c2642c3139,1.7773443522035812e+18
c6b1ee29-0c20-4451-be66-97c2642c3139,1.7773443522369242e+18
c6b1ee29-0c20-4451-be66-97c2642c3139,1.777344352270266e+18
c6b1ee29-0c20-4451-be66-97c2642c3139,1.777344352303609e+18
c6b1ee29-0c20-4451-be66-97c2642c3139,1.777344352336951e+18
c6b1ee29-0c20-4451-be66-97c2642c3139,1.777344352370294e+18
c6b1ee29-0c20-4451-be66-97c2642c3139,1.777344352403636e+18
c6b1ee29-0c20-4451-be66-97c2642c3139,1.7773443524369792e+18
c6b1ee29-0c20-4451-be66-97c2642c3139,1.7773443524703212e+18
c6b1ee29-0c20-4451-be66-97c2642c3139,1.777344352503663e+18
c6b1ee29-0c20-4451-be66-97c2642c3139,1.777344352537006e+18
c6b1ee29-0c20-4451-be66-97c2642c3139,1.777344352570348e+18
c6b1ee29-0c20-4451-be66-97c2642c3139,1.777344352603691e+18
c6b1ee29-0c20-4451-be66-97c2642c3139,1.777344352637033e+18
c6b1ee29-0c20-4451-be66-97c2642c3139,1.7773443526703762e+18
c6b1ee29-0c20-4451-be66-97c2642c3139,1.7773443527037181e+18
c6b1ee29-0c20-4451-be66-97c2642c3139,1.777344352737061e+18
c6b1ee29-0c20-4451-be66-97c2642c3139,1.777344352770403e+18
c6b1ee29-0c20-4451-be66-97c2642c3139,1.777344352803745e+18
c6b1ee29-0c20-4451-be66-97c2642c3139,1.777344352837088e+18
c6b1ee29-0c20-4451-be66-97c2642c3139,1.77734435287043e+18
c6b1ee29-0c20-4451-be66-97c2642c3139,1.7773443529037732e+18
c6b1ee29-0c20-4451-be66-97c2642c3139,1.7773443529371151e+18
c6b1ee29-0c20-4451-be66-97c2642c3139,1.777344352970458e+18
c6b1ee29-0c20-4451-be66-97c2642c3139,1.7773443530038e+18
c6b1ee29-0c20-4451-be66-97c2642c3139,1.777344353037143e+18
c6b1ee29-0c20-4451-be66-97c2642c3139,1.777344353070485e+18
c6b1ee29-0c20-4451-be66-97c2642c3139,1.7773443531038272e+18
c6b1ee29-0c20-4451-be66-97c2642c3139,1.7773443531371702e+18
c6b1ee29-0c20-4451-be66-97c2642c3139,1.7773443531705121e+18
c6b1ee29-0c20-4451-be66-97c2642c3139,1.777344353203855e+18
c6b1ee29-0c20-4451-be66-97c2642c3139,1.777344353237197e+18
c6b1ee29-0c20-4451-be66-97c2642c3139,1.77734435327054e+18
c6b1ee29-0c20-4451-be66-97c2642c3139,1.777344353303882e+18
c6b1ee29-0c20-4451-be66-97c2642c3139,1.777344353337225e+18
c6b1ee29-0c20-4451-be66-97c2642c3139,1.7773443533705672e+18
c6b1ee29-0c20-4451-be66-97c2642c3139,1.7773443534039101e+18
c6b1ee29-0c20-4451-be66-97c2642c3139,1.777344353437252e+18
c6b1ee29-0c20-4451-be66-97c2642c3139,1.777344353470594e+18
c6b1ee29-0c20-4451-be66-97c2642c3139,1.777344353503937e+18
c6b1ee29-0c20-4451-be66-97c2642c3139,1.777344353537279e+18
c6b1ee29-0c20-4451-be66-97c2642c3139,1.777344353570622e+18
c6b1ee29-0c20-4451-be66-97c2642c3139,1.7773443536039642e+18
c6b1ee29-0c20-4451-be66-97c2642c3139,1.7773443536373071e+18
c6b1ee29-0c20-4451-be66-97c2642c3139,1.777344353670649e+18
c6b1ee29-0c20-4451-be66-97c2642c3139,1.777344353703992e+18
c6b1ee29-0c20-4451-be66-97c2642c3139,1.777344353737334e+18
c6b1ee29-0c20-4451-be66-97c2642c3139,1.777344353770676e+18
c6b1ee29-0c20-4451-be66-97c2642c3139,1.7773443538040192e+18
c6b1ee29-0c20-4451-be66-97c2642c3139,1.7773443538373612e+18
c6b1ee29-0c20-4451-be66-97c2642c3139,1.777344353870704e+18
c6b1ee29-0c20-4451-be66-97c2642c3139,1.777344353904046e+18
c6b1ee29-0c20-4451-be66-97c2642c3139,1.777344353937389e+18
c6b1ee29-0c20-4451-be66-97c2642c3139,1.777344353970731e+18
c6b1ee29-0c20-4451-be66-97c2642c3139,1.777344354004074e+18
c6b1ee29-0c20-4451-be66-97c2642c3139,1.7773443540374162e+18
c6b1ee29-0c20-4451-be66-97c2642c3139,1.7773443540707581e+18
c6b1ee29-0c20-4451-be66-97c2642c3139,1.777344354104101e+18
c6b1ee29-0c20-4451-be66-97c2642c3139,1.777344354137443e+18
c6b1ee29-0c20-4451-be66-97c2642c3139,1.777344354170786e+18
c6b1ee29-0c20-4451-be66-97c2642c3139,1.777344354204128e+18
c6b1ee29-0c20-4451-be66-97c2642c3139,1.777344354237471e+18
c6b1ee29-0c20-4451-be66-97c2642c3139,1.7773443542708132e+18
c6b1ee29-0c20-4451-be66-97c2642c3139,1.7773443543041562e+18
c6b1ee29-0c20-4451-be66-97c2642c3139,1.777344354337498e+18
c6b1ee29-0c20-4451-be66-97c2642c3139,1.77734435437084e+18
c6b1ee29-0c20-4451-be66-97c2642c3139,1.777344354404183e+18
c6b1ee29-0c20-4451-be66-97c2642c3139,1.777344354437525e+18
c6b1ee29-0c20-4451-be66-97c2642c3139,1.777344354470868e+18
c6b1ee29-0c20-4451-be66-97c2642c3139,1.7773443545042102e+18
c6b1ee29-0c20-4451-be66-97c2642c3139,1.7773443545375532e+18
c6b1ee29-0c20-4451-be66-97c2642c3139,1.777344354570895e+18
c6b1ee29-0c20-4451-be66-97c2642c3139,1.777344354604238e+18
c6b1ee29-0c20-4451-be66-97c2642c3139,1.77734435463758e+18
c6b1ee29-0c20-4451-be66-97c2642c3139,1.777344354670922e+18
c6b1ee29-0c20-4451-be66-97c2642c3139,1.777344354704265e+18
c6b1ee29-0c20-4451-be66-97c2642c3139,1.7773443547376072e+18
c6b1ee29-0c20-4451-be66-97c2642c3139,1.7773443547709501e+18
c6b1ee29-0c20-4451-be66-97c2642c3139,1.777344354804292e+18
c6b1ee29-0c20-4451-be66-97c2642c3139,1.777344354837635e+18
c6b1ee29-0c20-4451-be66-97c2642c3139,1.777344354870977e+18
c6b1ee29-0c20-4451-be66-97c2642c3139,1.77734435490432e+18
c6b1ee29-0c20-4451-be66-97c2642c3139,1.777344354937662e+18
c6b1ee29-0c20-4451-be66-97c2642c3139,1.7773443549710042e+18
c6b1ee29-0c20-4451-be66-97c2642c3139,1.7773443550043471e+18
c6b1ee29-0c20-4451-be66-97c2642c3139,1.777344355037689e+18
c6b1ee29-0c20-4451-be66-97c2642c3139,1.777344355071032e+18
c6b1ee29-0c20-4451-be66-97c2642c3139,1.777344355104374e+18
c6b1ee29-0c20-4451-be66-97c2642c3139,1.777344355137717e+18
c6b1ee29-0c20-4451-be66-97c2642c3139,1.7773443551710592e+18
c6b1ee29-0c20-4451-be66-97c2642c3139,1.7773443552044022e+18
c6b1ee29-0c20-4451-be66-97c2642c3139,1.777344355237744e+18
c6b1ee29-0c20-4451-be66-97c2642c3139,1.777344355271087e+18
c6b1ee29-0c20-4451-be66-97c2642c3139,1.777344355304429e+18
c6b1ee29-0c20-4451-be66-97c2642c3139,1.777344355337771e+18
c6b1ee29-0c20-4451-be66-97c2642c3139,1.777344355371114e+18
c6b1ee29-0c20-4451-be66-97c2642c3139,1.7773443554044562e+18
c6b1ee29-0c20-4451-be66-97c2642c3139,1.7773443554377992e+18
c6b1ee29-0c20-4451-be66-97c2642c3139,1.777344355471141e+18
c6b1ee29-0c20-4451-be66-97c2642c3139,1.777344355504484e+18
c6b1ee29-0c20-4451-be66-97c2642c3139,1.777344355537826e+18
c6b1ee29-0c20-4451-be66-97c2642c3139,1.777344355571169e+18
c6b1ee29-0c20-4451-be66-97c2642c3139,1.777344355604511e+18
c6b1ee29-0c20-4451-be66-97c2642c3139,1.7773443556378532e+18
c6b1ee29-0c20-4451-be66-97c2642c3139,1.7773443556711962e+18
c6b1ee29-0c20-4451-be66-97c2642c3139,1.777344355704538e+18
c6b1ee29-0c20-4451-be66-97c2642c3139,1.777344355737881e+18
c6b1ee29-0c20-4451-be66-97c2642c3139,1.777344355771223e+18
c6b1ee29-0c20-4451-be66-97c2642c3139,1.777344355804566e+18
c6b1ee29-0c20-4451-be66-97c2642c3139,1.777344355837908e+18
c6b1ee29-0c20-4451-be66-97c2642c3139,1.7773443558712512e+18
c6b1ee29-0c20-4451-be66-97c2642c3139,1.7773443559045932e+18
c6b1ee29-0c20-4451-be66-97c2642c3139,1.777344355937935e+18
c6b1ee29-0c20-4451-be66-97c2642c3139,1.777344355971278e+18
c6b1ee29-0c20-4451-be66-97c2642c3139,1.77734435600462e+18
c6b1ee29-0c20-4451-be66-97c2642c3139,1.777344356037963e+18
c6b1ee29-0c20-4451-be66-97c2642c3139,1.777344356071305e+18
c6b1ee29-0c20-4451-be66-97c2642c3139,1.7773443561046482e+18
c6b1ee29-0c20-4451-be66-97c2642c3139,1.7773443561379901e+18
c6b1ee29-0c20-4451-be66-97c2642c3139,1.777344356171333e+18
c6b1ee29-0c20-4451-be66-97c2642c3139,1.777344356204675e+18
c6b1ee29-0c20-4451-be66-97c2642c3139,1.777344356238017e+18
c6b1ee29-0c20-4451-be66-97c2642c3139,1.77734435627136e+18
c6b1ee29-0c20-4451-be66-97c2642c3139,1.777344356304702e+18
c6b1ee29-0c20-4451-be66-97c2642c3139,1.7773443563380452e+18
c6b1ee29-0c20-4451-be66-97c2642c3139,1.7773443563713871e+18
c6b1ee29-0c20-4451-be66-97c2642c3139,1.77734435640473e+18
c6b1ee29-0c20-4451-be66-97c2642c3139,1.777344356438072e+18
c6b1ee29-0c20-4451-be66-97c2642c3139,1.777344356471415e+18
c6b1ee29-0c20-4451-be66-97c2642c3139,1.777344356504757e+18
c6b1ee29-0c20-4451-be66-97c2642c3139,1.7773443565380992e+18
c6b1ee29-0c20-4451-be66-97c2642c3139,1.7773443565714422e+18
c6b1ee29-0c20-4451-be66-97c2642c3139,1.777344356604784e+18
c6b1ee29-0c20-4451-be66-97c2642c3139,1.777344356638127e+18
c6b1ee29-0c20-4451-be66-97c2642c3139,1.777344356671469e+18
c6b1ee29-0c20-4451-be66-97c2642c3139,1.777344356704812e+18
c6b1ee29-0c20-4451-be66-97c2642c3139,1.777344356738154e+18
c6b1ee29-0c20-4451-be66-97c2642c3139,1.777344356771497e+18
c6b1ee29-0c20-4451-be66-97c2642c3139,1.7773443568048392e+18
c6b1ee29-0c20-4451-be66-97c2642c3139,1.777344356838181e+18
c6b1ee29-0c20-4451-be66-97c2642c3139,1.777344356871524e+18
c6b1ee29-0c20-4451-be66-97c2642c3139,1.777344356904866e+18
c6b1ee29-0c20-4451-be66-97c2642c3139,1.777344356938209e+18
c6b1ee29-0c20-4451-be66-97c2642c3139,1.777344356971551e+18
c6b1ee29-0c20-4451-be66-97c2642c3139,1.777344357004894e+18
c6b1ee29-0c20-4451-be66-97c2642c3139,1.7773443570382362e+18
c6b1ee29-0c20-4451-be66-97c2642c3139,1.7773443570715791e+18
c6b1ee29-0c20-4451-be66-97c2642c3139,1.777344357104921e+18
c6b1ee29-0c20-4451-be66-97c2642c3139,1.777344357138264e+18
c6b1ee29-0c20-4451-be66-97c2642c3139,1.777344357171606e+18
c6b1ee29-0c20-4451-be66-97c2642c3139,1.777344357204948e+18
c6b1ee29-0c20-4451-be66-97c2642c3139,1.7773443572382912e+18
c6b1ee29-0c20-4451-be66-97c2642c3139,1.7773443572716332e+18
c6b1ee29-0c20-4451-be66-97c2642c3139,1.7773443573049761e+18
c6b1ee29-0c20-4451-be66-97c2642c3139,1.777344357338318e+18
c6b1ee29-0c20-4451-be66-97c2642c3139,1.777344357371661e+18
c6b1ee29-0c20-4451-be66-97c2642c3139,1.777344357405003e+18
c6b1ee29-0c20-4451-be66-97c2642c3139,1.777344357438346e+18
c6b1ee29-0c20-4451-be66-97c2642c3139,1.7773443574716882e+18
c6b1ee29-0c20-4451-be66-97c2642c3139,1.7773443575050301e+18
c6b1ee29-0c20-4451-be66-97c2642c3139,1.777344357538373e+18
c6b1ee29-0c20-4451-be66-97c2642c3139,1.777344357571715e+18
c6b1ee29-0c20-4451-be66-97c2642c3139,1.777344357605058e+18
c6b1ee29-0c20-4451-be66-97c2642c3139,1.7773443576384e+18
c6b1ee29-0c20-4451-be66-97c2642c3139,1.777344357671743e+18
c6b1ee29-0c20-4451-be66-97c2642c3139,1.7773443577050852e+18
c6b1ee29-0c20-4451-be66-97c2642c3139,1.7773443577384282e+18
c6b1ee29-0c20-4451-be66-97c2642c3139,1.77734435777177e+18
c6b1ee29-0c20-4451-be66-97c2642c3139,1.777344357805112e+18
c6b1ee29-0c20-4451-be66-97c2642c3139,1.777344357838455e+18
c6b1ee29-0c20-4451-be66-97c2642c3139,1.777344357871797e+18
c6b1ee29-0c20-4451-be66-97c2642c3139,1.77734435790514e+18
c6b1ee29-0c20-4451-be66-97c2642c3139,1.7773443579384822e+18
c6b1ee29-0c20-4451-be66-97c2642c3139,1.7773443579718252e+18
c6b1ee29-0c20-4451-be66-97c2642c3139,1.777344358005167e+18
c6b1ee29-0c20-4451-be66-97c2642c3139,1.77734435803851e+18
c6b1ee29-0c20-4451-be66-97c2642c3139,1.777344358071852e+18
c6b1ee29-0c20-4451-be66-97c2642c3139,1.777344358105194e+18
c6b1ee29-0c20-4451-be66-97c2642c3139,1.777344358138537e+18
c6b1ee29-0c20-4451-be66-97c2642c3139,1.7773443581718792e+18
c6b1ee29-0c20-4451-be66-97c2642c3139,1.7773443582052221e+18
c6b1ee29-0c20-4451-be66-97c2642c3139,1.777344358238564e+18
c6b1ee29-0c20-4451-be66-97c2642c3139,1.777344358271907e+18
c6b1ee29-0c20-4451-be66-97c2642c3139,1.777344358305249e+18
c6b1ee29-0c20-4451-be66-97c2642c3139,1.777344358338592e+18
c6b1ee29-0c20-4451-be66-97c2642c3139,1.777344358371934e+18
c6b1ee29-0c20-4451-be66-97c2642c3139,1.7773443584052762e+18
c6b1ee29-0c20-4451-be66-97c2642c3139,1.7773443584386191e+18
c6b1ee29-0c20-4451-be66-97c2642c3139,1.777344358471961e+18
c6b1ee29-0c20-4451-be66-97c2642c3139,1.777344358505304e+18
c6b1ee29-0c20-4451-be66-97c2642c3139,1.777344358538646e+18
c6b1ee29-0c20-4451-be66-97c2642c3139,1.777344358571989e+18
c6b1ee29-0c20-4451-be66-97c2642c3139,1.7773443586053312e+18
c6b1ee29-0c20-4451-be66-97c2642c3139,1.7773443586386742e+18
c6b1ee29-0c20-4451-be66-97c2642c3139,1.7773443586720161e+18
c6b1ee29-0c20-4451-be66-97c2642c3139,1.777344358705358e+18
c6b1ee29-0c20-4451-be66-97c2642c3139,1.777344358738701e+18
c6b1ee29-0c20-4451-be66-97c2642c3139,1.777344358772043e+18
c6b1ee29-0c20-4451-be66-97c2642c3139,1.777344358805386e+18
c6b1ee29-0c20-4451-be66-97c2642c3139,1.7773443588387282e+18
c6b1ee29-0c20-4451-be66-97c2642c3139,1.7773443588720712e+18
c6b1ee29-0c20-4451-be66-97c2642c3139,1.777344358905413e+18
c6b1ee29-0c20-4451-be66-97c2642c3139,1.777344358938756e+18
c6b1ee29-0c20-4451-be66-97c2642c3139,1.777344358972098e+18
c6b1ee29-0c20-4451-be66-97c2642c3139,1.777344359005441e+18
c6b1ee29-0c20-4451-be66-97c2642c3139,1.777344359038783e+18
c6b1ee29-0c20-4451-be66-97c2642c3139,1.7773443590721252e+18
c6b1ee29-0c20-4451-be66-97c2642c3139,1.7773443591054682e+18
c6b1ee29-0c20-4451-be66-97c2642c3139,1.77734435913881e+18
c6b1ee29-0c20-4451-be66-97c2642c3139,1.777344359172153e+18
c6b1ee29-0c20-4451-be66-97c2642c3139,1.777344359205495e+18
c6b1ee29-0c20-4451-be66-97c2642c3139,1.777344359238838e+18
c6b1ee29-0c20-4451-be66-97c2642c3139,1.77734435927218e+18
c6b1ee29-0c20-4451-be66-97c2642c3139,1.7773443593055232e+18
c6b1ee29-0c20-4451-be66-97c2642c3139,1.7773443593388652e+18
c6b1ee29-0c20-4451-be66-97c2642c3139,1.777344359372207e+18
c6b1ee29-0c20-4451-be66-97c2642c3139,1.77734435940555e+18
c6b1ee29-0c20-4451-be66-97c2642c3139,1.777344359438892e+18
c6b1ee29-0c20-4451-be66-97c2642c3139,1.777344359472235e+18
c6b1ee29-0c20-4451-be66-97c2642c3139,1.777344359505577e+18
c6b1ee29-0c20-4451-be66-97c2642c3139,1.7773443595389202e+18
c6b1ee29-0c20-4451-be66-97c2642c3139,1.7773443595722621e+18
c6b1ee29-0c20-4451-be66-97c2642c3139,1.777344359605605e+18
c6b1ee29-0c20-4451-be66-97c2642c3139,1.777344359638947e+18
c6b1ee29-0c20-4451-be66-97c2642c3139,1.777344359672289e+18
c6b1ee29-0c20-4451-be66-97c2642c3139,1.777344359705632e+18
c6b1ee29-0c20-4451-be66-97c2642c3139,1.777344359738974e+18
c6b1ee29-0c20-4451-be66-97c2642c3139,1.7773443597723172e+18
c6b1ee29-0c20-4451-be66-97c2642c3139,1.7773443598056591e+18
c6b1ee29-0c20-4451-be66-97c2642c3139,1.777344359839002e+18
c6b1ee29-0c20-4451-be66-97c2642c3139,1.777344359872344e+18
c6b1ee29-0c20-4451-be66-97c2642c3139,1.777344359905687e+18
c6b1ee29-0c20-4451-be66-97c2642c3139,1.777344359939029e+18
c6b1ee29-0c20-4451-be66-97c2642c3139,1.7773443599723712e+18
c6b1ee29-0c20-4451-be66-97c2642c3139,1.7773443600057142e+18
c6b1ee29-0c20-4451-be66-97c2642c3139,1.7773443600390561e+18
c6b1ee29-0c20-4451-be66-97c2642c3139,1.777344360072399e+18
c6b1ee29-0c20-4451-be66-97c2642c3139,1.777344360105741e+18
c6b1ee29-0c20-4451-be66-97c2642c3139,1.777344360139084e+18
c6b1ee29-0c20-4451-be66-97c2642c3139,1.777344360172426e+18
c6b1ee29-0c20-4451-be66-97c2642c3139,1.777344360205769e+18
c6b1ee29-0c20-4451-be66-97c2642c3139,1.7773443602391112e+18
c6b1ee29-0c20-4451-be66-97c2642c3139,1.777344360272453e+18
c6b1ee29-0c20-4451-be66-97c2642c3139,1.777344360305796e+18
c6b1ee29-0c20-4451-be66-97c2642c3139,1.777344360339138e+18
c6b1ee29-0c20-4451-be66-97c2642c3139,1.777344360372481e+18
c6b1ee29-0c20-4451-be66-97c2642c3139,1.777344360405823e+18
c6b1ee29-0c20-4451-be66-97c2642c3139,1.777344360439166e+18
c6b1ee29-0c20-4451-be66-97c2642c3139,1.7773443604725082e+18
c6b1ee29-0c20-4451-be66-97c2642c3139,1.7773443605058511e+18
c6b1ee29-0c20-4451-be66-97c2642c3139,1.777344360539193e+18
c6b1ee29-0c20-4451-be66-97c2642c3139,1.777344360572535e+18
c6b1ee29-0c20-4451-be66-97c2642c3139,1.777344360605878e+18
c6b1ee29-0c20-4451-be66-97c2642c3139,1.77734436063922e+18
c6b1ee29-0c20-4451-be66-97c2642c3139,1.7773443606725632e+18
c6b1ee29-0c20-4451-be66-97c2642c3139,1.7773443607059052e+18
c6b1ee29-0c20-4451-be66-97c2642c3139,1.777344360739248e+18
c6b1ee29-0c20-4451-be66-97c2642c3139,1.77734436077259e+18
c6b1ee29-0c20-4451-be66-97c2642c3139,1.777344360805933e+18
c6b1ee29-0c20-4451-be66-97c2642c3139,1.777344360839275e+18
c6b1ee29-0c20-4451-be66-97c2642c3139,1.777344360872618e+18
c6b1ee29-0c20-4451-be66-97c2642c3139,1.7773443609059602e+18
c6b1ee29-0c20-4451-be66-97c2642c3139,1.7773443609393021e+18
c6b1ee29-0c20-4451-be66-97c2642c3139,1.777344360972645e+18
c6b1ee29-0c20-4451-be66-97c2642c3139,1.777344361005987e+18
c6b1ee29-0c20-4451-be66-97c2642c3139,1.77734436103933e+18
c6b1ee29-0c20-4451-be66-97c2642c3139,1.777344361072672e+18
c6b1ee29-0c20-4451-be66-97c2642c3139,1.777344361106015e+18
c6b1ee29-0c20-4451-be66-97c2642c3139,1.7773443611393572e+18
c6b1ee29-0c20-4451-be66-97c2642c3139,1.7773443611727002e+18
c6b1ee29-0c20-4451-be66-97c2642c3139,1.777344361206042e+18
c6b1ee29-0c20-4451-be66-97c2642c3139,1.777344361239384e+18
c6b1ee29-0c20-4451-be66-97c2642c3139,1.777344361272727e+18
c6b1ee29-0c20-4451-be66-97c2642c3139,1.777344361306069e+18
c6b1ee29-0c20-4451-be66-97c2642c3139,1.777344361339412e+18
c6b1ee29-0c20-4451-be66-97c2642c3139,1.7773443613727542e+18
c6b1ee29-0c20-4451-be66-97c2642c3139,1.7773443614060972e+18
c6b1ee29-0c20-4451-be66-97c2642c3139,1.777344361439439e+18
c6b1ee29-0c20-4451-be66-97c2642c3139,1.777344361472782e+18
c6b1ee29-0c20-4451-be66-97c2642c3139,1.777344361506124e+18
c6b1ee29-0c20-4451-be66-97c2642c3139,1.777344361539466e+18
c6b1ee29-0c20-4451-be66-97c2642c3139,1.777344361572809e+18
c6b1ee29-0c20-4451-be66-97c2642c3139,1.7773443616061512e+18
c6b1ee29-0c20-4451-be66-97c2642c3139,1.7773443616394941e+18
c6b1ee29-0c20-4451-be66-97c2642c3139,1.777344361672836e+18
c6b1ee29-0c20-4451-be66-97c2642c3139,1.777344361706179e+18
c6b1ee29-0c20-4451-be66-97c2642c3139,1.777344361739521e+18
c6b1ee29-0c20-4451-be66-97c2642c3139,1.777344361772864e+18
c6b1ee29-0c20-4451-be66-97c2642c3139,1.777344361806206e+18
c6b1ee29-0c20-4451-be66-97c2642c3139,1.7773443618395482e+18
c6b1ee29-0c20-4451-be66-97c2642c3139,1.7773443618728911e+18
c6b1ee29-0c20-4451-be66-97c2642c3139,1.777344361906233e+18
c6b1ee29-0c20-4451-be66-97c2642c3139,1.777344361939576e+18
c6b1ee29-0c20-4451-be66-97c2642c3139,1.777344361972918e+18
c6b1ee29-0c20-4451-be66-97c2642c3139,1.777344362006261e+18
c6b1ee29-0c20-4451-be66-97c2642c3139,1.7773443620396032e+18
c6b1ee29-0c20-4451-be66-97c2642c3139,1.7773443620729462e+18
c6b1ee29-0c20-4451-be66-97c2642c3139,1.777344362106288e+18
c6b1ee29-0c20-4451-be66-97c2642c3139,1.77734436213963e+18
c6b1ee29-0c20-4451-be66-97c2642c3139,1.777344362172973e+18
c6b1ee29-0c20-4451-be66-97c2642c3139,1.777344362206315e+18
c6b1ee29-0c20-4451-be66-97c2642c3139,1.777344362239658e+18
c6b1ee29-0c20-4451-be66-97c2642c3139,1.7773443622730002e+18
c6b1ee29-0c20-4451-be66-97c2642c3139,1.7773443623063432e+18
c6b1ee29-0c20-4451-be66-97c2642c3139,1.777344362339685e+18
c6b1ee29-0c20-4451-be66-97c2642c3139,1.777344362373028e+18
c6b1ee29-0c20-4451-be66-97c2642c3139,1.77734436240637e+18
c6b1ee29-0c20-4451-be66-97c2642c3139,1.777344362439712e+18
c6b1ee29-0c20-4451-be66-97c2642c3139,1.777344362473055e+18
c6b1ee29-0c20-4451-be66-97c2642c3139,1.7773443625063972e+18
c6b1ee29-0c20-4451-be66-97c2642c3139,1.7773443625397402e+18
c6b1ee29-0c20-4451-be66-97c2642c3139,1.777344362573082e+18
c6b1ee29-0c20-4451-be66-97c2642c3139,1.777344362606425e+18
c6b1ee29-0c20-4451-be66-97c2642c3139,1.777344362639767e+18
c6b1ee29-0c20-4451-be66-97c2642c3139,1.77734436267311e+18
c6b1ee29-0c20-4451-be66-97c2642c3139,1.777344362706452e+18
c6b1ee29-0c20-4451-be66-97c2642c3139,1.7773443627397952e+18
c6b1ee29-0c20-4451-be66-97c2642c3139,1.7773443627731372e+18
c6b1ee29-0c20-4451-be66-97c2642c3139,1.777344362806479e+18
c6b1ee29-0c20-4451-be66-97c2642c3139,1.777344362839822e+18
c6b1ee29-0c20-4451-be66-97c2642c3139,1.777344362873164e+18
c6b1ee29-0c20-4451-be66-97c2642c3139,1.777344362906507e+18
c6b1ee29-0c20-4451-be66-97c2642c3139,1.777344362939849e+18
c6b1ee29-0c20-4451-be66-97c2642c3139,1.7773443629731922e+18
c6b1ee29-0c20-4451-be66-97c2642c3139,1.7773443630065341e+18
c6b1ee29-0c20-4451-be66-97c2642c3139,1.777344363039877e+18
c6b1ee29-0c20-4451-be66-97c2642c3139,1.777344363073219e+18
c6b1ee29-0c20-4451-be66-97c2642c3139,1.777344363106561e+18
c6b1ee29-0c20-4451-be66-97c2642c3139,1.777344363139904e+18
c6b1ee29-0c20-4451-be66-97c2642c3139,1.777344363173246e+18
c6b1ee29-0c20-4451-be66-97c2642c3139,1.7773443632065892e+18
c6b1ee29-0c20-4451-be66-97c2642c3139,1.7773443632399311e+18
c6b1ee29-0c20-4451-be66-97c2642c3139,1.777344363273274e+18
c6b1ee29-0c20-4451-be66-97c2642c3139,1.777344363306616e+18
c6b1ee29-0c20-4451-be66-97c2642c3139,1.777344363339959e+18
c6b1ee29-0c20-4451-be66-97c2642c3139,1.777344363373301e+18
c6b1ee29-0c20-4451-be66-97c2642c3139,1.7773443634066432e+18
c6b1ee29-0c20-4451-be66-97c2642c3139,1.7773443634399862e+18
c6b1ee29-0c20-4451-be66-97c2642c3139,1.777344363473328e+18
c6b1ee29-0c20-4451-be66-97c2642c3139,1.777344363506671e+18
c6b1ee29-0c20-4451-be66-97c2642c3139,1.777344363540013e+18
c6b1ee29-0c20-4451-be66-97c2642c3139,1.777344363573356e+18
c6b1ee29-0c20-4451-be66-97c2642c3139,1.777344363606698e+18
c6b1ee29-0c20-4451-be66-97c2642c3139,1.777344363640041e+18
c6b1ee29-0c20-4451-be66-97c2642c3139,1.7773443636733832e+18
c6b1ee29-0c20-4451-be66-97c2642c3139,1.7773443637067261e+18
c6b1ee29-0c20-4451-be66-97c2642c3139,1.777344363740068e+18
c6b1ee29-0c20-4451-be66-97c2642c3139,1.77734436377341e+18
c6b1ee29-0c20-4451-be66-97c2642c3139,1.777344363806753e+18
c6b1ee29-0c20-4451-be66-97c2642c3139,1.777344363840095e+18
c6b1ee29-0c20-4451-be66-97c2642c3139,1.777344363873438e+18
c6b1ee29-0c20-4451-be66-97c2642c3139,1.7773443639067802e+18
c6b1ee29-0c20-4451-be66-97c2642c3139,1.7773443639401231e+18
c6b1ee29-0c20-4451-be66-97c2642c3139,1.777344363973465e+18
c6b1ee29-0c20-4451-be66-97c2642c3139,1.777344364006808e+18
c6b1ee29-0c20-4451-be66-97c2642c3139,1.77734436404015e+18
c6b1ee29-0c20-4451-be66-97c2642c3139,1.777344364073492e+18
c6b1ee29-0c20-4451-be66-97c2642c3139,1.7773443641068352e+18
c6b1ee29-0c20-4451-be66-97c2642c3139,1.7773443641401772e+18
c6b1ee29-0c20-4451-be66-97c2642c3139,1.7773443641735201e+18
c6b1ee29-0c20-4451-be66-97c2642c3139,1.777344364206862e+18
c6b1ee29-0c20-4451-be66-97c2642c3139,1.777344364240205e+18
c6b1ee29-0c20-4451-be66-97c2642c3139,1.777344364273547e+18
c6b1ee29-0c20-4451-be66-97c2642c3139,1.77734436430689e+18
c6b1ee29-0c20-4451-be66-97c2642c3139,1.7773443643402322e+18
c6b1ee29-0c20-4451-be66-97c2642c3139,1.7773443643735741e+18
c6b1ee29-0c20-4451-be66-97c2642c3139,1.777344364406917e+18
c6b1ee29-0c20-4451-be66-97c2642c3139,1.777344364440259e+18
c6b1ee29-0c20-4451-be66-97c2642c3139,1.777344364473602e+18
c6b1ee29-0c20-4451-be66-97c2642c3139,1.777344364506944e+18
c6b1ee29-0c20-4451-be66-97c2642c3139,1.777344364540287e+18
c6b1ee29-0c20-4451-be66-97c2642c3139,1.7773443645736292e+18
c6b1ee29-0c20-4451-be66-97c2642c3139,1.7773443646069722e+18
c6b1ee29-0c20-4451-be66-97c2642c3139,1.777344364640314e+18
c6b1ee29-0c20-4451-be66-97c2642c3139,1.777344364673656e+18
c6b1ee29-0c20-4451-be66-97c2642c3139,1.777344364706999e+18
c6b1ee29-0c20-4451-be66-97c2642c3139,1.777344364740341e+18
c6b1ee29-0c20-4451-be66-97c2642c3139,1.777344364773684e+18
c6b1ee29-0c20-4451-be66-97c2642c3139,1.7773443648070262e+18
c6b1ee29-0c20-4451-be66-97c2642c3139,1.7773443648403692e+18
c6b1ee29-0c20-4451-be66-97c2642c3139,1.777344364873711e+18
c6b1ee29-0c20-4451-be66-97c2642c3139,1.777344364907054e+18
c6b1ee29-0c20-4451-be66-97c2642c3139,1.777344364940396e+18
c6b1ee29-0c20-4451-be66-97c2642c3139,1.777344364973738e+18
c6b1ee29-0c20-4451-be66-97c2642c3139,1.777344365007081e+18
c6b1ee29-0c20-4451-be66-97c2642c3139,1.7773443650404232e+18
c6b1ee29-0c20-4451-be66-97c2642c3139,1.7773443650737661e+18
c6b1ee29-0c20-4451-be66-97c2642c3139,1.777344365107108e+18
c6b1ee29-0c20-4451-be66-97c2642c3139,1.777344365140451e+18
c6b1ee29-0c20-4451-be66-97c2642c3139,1.777344365173793e+18
c6b1ee29-0c20-4451-be66-97c2642c3139,1.777344365207136e+18
c6b1ee29-0c20-4451-be66-97c2642c3139,1.777344365240478e+18
c6b1ee29-0c20-4451-be66-97c2642c3139,1.7773443652738212e+18
c6b1ee29-0c20-4451-be66-97c2642c3139,1.7773443653071631e+18
c6b1ee29-0c20-4451-be66-97c2642c3139,1.777344365340505e+18
c6b1ee29-0c20-4451-be66-97c2642c3139,1.777344365373848e+18
c6b1ee29-0c20-4451-be66-97c2642c3139,1.77734436540719e+18
c6b1ee29-0c20-4451-be66-97c2642c3139,1.777344365440533e+18
c6b1ee29-0c20-4451-be66-97c2642c3139,1.7773443654738752e+18
c6b1ee29-0c20-4451-be66-97c2642c3139,1.7773443655072182e+18
c6b1ee29-0c20-4451-be66-97c2642c3139,1.7773443655405601e+18
c6b1ee29-0c20-4451-be66-97c2642c3139,1.777344365573903e+18
c6b1ee29-0c20-4451-be66-97c2642c3139,1.777344365607245e+18
c6b1ee29-0c20-4451-be66-97c2642c3139,1.777344365640587e+18
c6b1ee29-0c20-4451-be66-97c2642c3139,1.77734436567393e+18
c6b1ee29-0c20-4451-be66-97c2642c3139,1.7773443657072722e+18
c6b1ee29-0c20-4451-be66-97c2642c3139,1.7773443657406152e+18
c6b1ee29-0c20-4451-be66-97c2642c3139,1.777344365773957e+18
c6b1ee29-0c20-4451-be66-97c2642c3139,1.7773443658073e+18
c6b1ee29-0c20-4451-be66-97c2642c3139,1.777344365840642e+18
c6b1ee29-0c20-4451-be66-97c2642c3139,1.777344365873985e+18
c6b1ee29-0c20-4451-be66-97c2642c3139,1.777344365907327e+18
c6b1ee29-0c20-4451-be66-97c2642c3139,1.7773443659406692e+18
c6b1ee29-0c20-4451-be66-97c2642c3139,1.7773443659740122e+18
c6b1ee29-0c20-4451-be66-97c2642c3139,1.777344366007354e+18
c6b1ee29-0c20-4451-be66-97c2642c3139,1.777344366040697e+18
c6b1ee29-0c20-4451-be66-97c2642c3139,1.777344366074039e+18
c6b1ee29-0c20-4451-be66-97c2642c3139,1.777344366107382e+18
c6b1ee29-0c20-4451-be66-97c2642c3139,1.777344366140724e+18
c6b1ee29-0c20-4451-be66-97c2642c3139,1.7773443661740672e+18
c6b1ee29-0c20-4451-be66-97c2642c3139,1.7773443662074092e+18
c6b1ee29-0c20-4451-be66-97c2642c3139,1.777344366240751e+18
c6b1ee29-0c20-4451-be66-97c2642c3139,1.777344366274094e+18
c6b1ee29-0c20-4451-be66-97c2642c3139,1.777344366307436e+18
c6b1ee29-0c20-4451-be66-97c2642c3139,1.777344366340779e+18
c6b1ee29-0c20-4451-be66-97c2642c3139,1.777344366374121e+18
c6b1ee29-0c20-4451-be66-97c2642c3139,1.7773443664074642e+18
c6b1ee29-0c20-4451-be66-97c2642c3139,1.7773443664408061e+18
c6b1ee29-0c20-4451-be66-97c2642c3139,1.777344366474149e+18
c6b1ee29-0c20-4451-be66-97c2642c3139,1.777344366507491e+18
c6b1ee29-0c20-4451-be66-97c2642c3139,1.777344366540833e+18
c6b1ee29-0c20-4451-be66-97c2642c3139,1.777344366574176e+18
c6b1ee29-0c20-4451-be66-97c2642c3139,1.777344366607518e+18
c6b1ee29-0c20-4451-be66-97c2642c3139,1.7773443666408612e+18
c6b1ee29-0c20-4451-be66-97c2642c3139,1.7773443666742031e+18
c6b1ee29-0c20-4451-be66-97c2642c3139,1.777344366707546e+18
c6b1ee29-0c20-4451-be66-97c2642c3139,1.777344366740888e+18
c6b1ee29-0c20-4451-be66-97c2642c3139,1.777344366774231e+18
c6b1ee29-0c20-4451-be66-97c2642c3139,1.777344366807573e+18
c6b1ee29-0c20-4451-be66-97c2642c3139,1.7773443668409152e+18
c6b1ee29-0c20-4451-be66-97c2642c3139,1.7773443668742582e+18
c6b1ee29-0c20-4451-be66-97c2642c3139,1.7773443669076001e+18
c6b1ee29-0c20-4451-be66-97c2642c3139,1.777344366940943e+18
c6b1ee29-0c20-4451-be66-97c2642c3139,1.777344366974285e+18
c6b1ee29-0c20-4451-be66-97c2642c3139,1.777344367007628e+18
c6b1ee29-0c20-4451-be66-97c2642c3139,1.77734436704097e+18
c6b1ee29-0c20-4451-be66-97c2642c3139,1.777344367074313e+18
c6b1ee29-0c20-4451-be66-97c2642c3139,1.7773443671076552e+18
c6b1ee29-0c20-4451-be66-97c2642c3139,1.7773443671409981e+18
c6b1ee29-0c20-4451-be66-97c2642c3139,1.77734436717434e+18
c6b1ee29-0c20-4451-be66-97c2642c3139,1.777344367207682e+18
c6b1ee29-0c20-4451-be66-97c2642c3139,1.777344367241025e+18
c6b1ee29-0c20-4451-be66-97c2642c3139,1.777344367274367e+18
c6b1ee29-0c20-4451-be66-97c2642c3139,1.77734436730771e+18
c6b1ee29-0c20-4451-be66-97c2642c3139,1.7773443673410522e+18
c6b1ee29-0c20-4451-be66-97c2642c3139,1.7773443673743951e+18
c6b1ee29-0c20-4451-be66-97c2642c3139,1.777344367407737e+18
c6b1ee29-0c20-4451-be66-97c2642c3139,1.77734436744108e+18
c6b1ee29-0c20-4451-be66-97c2642c3139,1.777344367474422e+18
c6b1ee29-0c20-4451-be66-97c2642c3139,1.777344367507764e+18
c6b1ee29-0c20-4451-be66-97c2642c3139,1.7773443675411072e+18
c6b1ee29-0c20-4451-be66-97c2642c3139,1.7773443675744492e+18
c6b1ee29-0c20-4451-be66-97c2642c3139,1.777344367607792e+18
c6b1ee29-0c20-4451-be66-97c2642c3139,1.777344367641134e+18
c6b1ee29-0c20-4451-be66-97c2642c3139,1.777344367674477e+18
c6b1ee29-0c20-4451-be66-97c2642c3139,1.777344367707819e+18
c6b1ee29-0c20-4451-be66-97c2642c3139,1.777344367741162e+18
c6b1ee29-0c20-4451-be66-97c2642c3139,1.7773443677745042e+18
c6b1ee29-0c20-4451-be66-97c2642c3139,1.7773443678078461e+18
c6b1ee29-0c20-4451-be66-97c2642c3139,1.777344367841189e+18
c6b1ee29-0c20-4451-be66-97c2642c3139,1.777344367874531e+18
c6b1ee29-0c20-4451-be66-97c2642c3139,1.777344367907874e+18
c6b1ee29-0c20-4451-be66-97c2642c3139,1.777344367941216e+18
c6b1ee29-0c20-4451-be66-97c2642c3139,1.777344367974559e+18
c6b1ee29-0c20-4451-be66-97c2642c3139,1.7773443680079012e+18
c6b1ee29-0c20-4451-be66-97c2642c3139,1.7773443680412442e+18
c6b1ee29-0c20-4451-be66-97c2642c3139,1.777344368074586e+18
c6b1ee29-0c20-4451-be66-97c2642c3139,1.777344368107928e+18
c6b1ee29-0c20-4451-be66-97c2642c3139,1.777344368141271e+18
c6b1ee29-0c20-4451-be66-97c2642c3139,1.777344368174613e+18
c6b1ee29-0c20-4451-be66-97c2642c3139,1.777344368207956e+18
c6b1ee29-0c20-4451-be66-97c2642c3139,1.7773443682412982e+18
c6b1ee29-0c20-4451-be66-97c2642c3139,1.7773443682746412e+18
c6b1ee29-0c20-4451-be66-97c2642c3139,1.777344368307983e+18
c6b1ee29-0c20-4451-be66-97c2642c3139,1.777344368341326e+18
c6b1ee29-0c20-4451-be66-97c2642c3139,1.777344368374668e+18
c6b1ee29-0c20-4451-be66-97c2642c3139,1.77734436840801e+18
c6b1ee29-0c20-4451-be66-97c2642c3139,1.777344368441353e+18
c6b1ee29-0c20-4451-be66-97c2642c3139,1.7773443684746952e+18
c6b1ee29-0c20-4451-be66-97c2642c3139,1.7773443685080381e+18
c6b1ee29-0c20-4451-be66-97c2642c3139,1.77734436854138e+18
c6b1ee29-0c20-4451-be66-97c2642c3139,1.777344368574723e+18
c6b1ee29-0c20-4451-be66-97c2642c3139,1.777344368608065e+18
c6b1ee29-0c20-4451-be66-97c2642c3139,1.777344368641408e+18
c6b1ee29-0c20-4451-be66-97c2642c3139,1.77734436867475e+18
c6b1ee29-0c20-4451-be66-97c2642c3139,1.7773443687080922e+18
c6b1ee29-0c20-4451-be66-97c2642c3139,1.7773443687414351e+18
c6b1ee29-0c20-4451-be66-97c2642c3139,1.777344368774777e+18
c6b1ee29-0c20-4451-be66-97c2642c3139,1.77734436880812e+18
c6b1ee29-0c20-4451-be66-97c2642c3139,1.777344368841462e+18
c6b1ee29-0c20-4451-be66-97c2642c3139,1.777344368874805e+18
c6b1ee29-0c20-4451-be66-97c2642c3139,1.7773443689081472e+18
c6b1ee29-0c20-4451-be66-97c2642c3139,1.7773443689414902e+18
c6b1ee29-0c20-4451-be66-97c2642c3139,1.777344368974832e+18
c6b1ee29-0c20-4451-be66-97c2642c3139,1.777344369008175e+18
c6b1ee29-0c20-4451-be66-97c2642c3139,1.777344369041517e+18
c6b1ee29-0c20-4451-be66-97c2642c3139,1.777344369074859e+18
c6b1ee29-0c20-4451-be66-97c2642c3139,1.777344369108202e+18
c6b1ee29-0c20-4451-be66-97c2642c3139,1.7773443691415442e+18
c6b1ee29-0c20-4451-be66-97c2642c3139,1.7773443691748872e+18
c6b1ee29-0c20-4451-be66-97c2642c3139,1.777344369208229e+18
c6b1ee29-0c20-4451-be66-97c2642c3139,1.777344369241572e+18
c6b1ee29-0c20-4451-be66-97c2642c3139,1.777344369274914e+18
c6b1ee29-0c20-4451-be66-97c2642c3139,1.777344369308257e+18
c6b1ee29-0c20-4451-be66-97c2642c3139,1.777344369341599e+18
c6b1ee29-0c20-4451-be66-97c2642c3139,1.7773443693749412e+18
c6b1ee29-0c20-4451-be66-97c2642c3139,1.7773443694082842e+18
c6b1ee29-0c20-4451-be66-97c2642c3139,1.777344369441626e+18
c6b1ee29-0c20-4451-be66-97c2642c3139,1.777344369474969e+18
c6b1ee29-0c20-4451-be66-97c2642c3139,1.777344369508311e+18
c6b1ee29-0c20-4451-be66-97c2642c3139,1.777344369541654e+18
c6b1ee29-0c20-4451-be66-97c2642c3139,1.777344369574996e+18
c6b1ee29-0c20-4451-be66-97c2642c3139,1.7773443696083392e+18
c6b1ee29-0c20-4451-be66-97c2642c3139,1.7773443696416812e+18
c6b1ee29-0c20-4451-be66-97c2642c3139,1.777344369675023e+18
c6b1ee29-0c20-4451-be66-97c2642c3139,1.777344369708366e+18
c6b1ee29-0c20-4451-be66-97c2642c3139,1.777344369741708e+18
c6b1ee29-0c20-4451-be66-97c2642c3139,1.777344369775051e+18
c6b1ee29-0c20-4451-be66-97c2642c3139,1.777344369808393e+18
c6b1ee29-0c20-4451-be66-97c2642c3139,1.7773443698417362e+18
c6b1ee29-0c20-4451-be66-97c2642c3139,1.7773443698750781e+18
c6b1ee29-0c20-4451-be66-97c2642c3139,1.777344369908421e+18
c6b1ee29-0c20-4451-be66-97c2642c3139,1.777344369941763e+18
c6b1ee29-0c20-4451-be66-97c2642c3139,1.777344369975105e+18
c6b1ee29-0c20-4451-be66-97c2642c3139,1.777344370008448e+18
c6b1ee29-0c20-4451-be66-97c2642c3139,1.77734437004179e+18
c6b1ee29-0c20-4451-be66-97c2642c3139,1.7773443700751332e+18
c6b1ee29-0c20-4451-be66-97c2642c3139,1.7773443701084751e+18
c6b1ee29-0c20-4451-be66-97c2642c3139,1.777344370141818e+18
c6b1ee29-0c20-4451-be66-97c2642c3139,1.77734437017516e+18
c6b1ee29-0c20-4451-be66-97c2642c3139,1.777344370208503e+18
c6b1ee29-0c20-4451-be66-97c2642c3139,1.777344370241845e+18
c6b1ee29-0c20-4451-be66-97c2642c3139,1.7773443702751872e+18
c6b1ee29-0c20-4451-be66-97c2642c3139,1.7773443703085302e+18
c6b1ee29-0c20-4451-be66-97c2642c3139,1.777344370341872e+18
c6b1ee29-0c20-4451-be66-97c2642c3139,1.777344370375215e+18
c6b1ee29-0c20-4451-be66-97c2642c3139,1.777344370408557e+18
c6b1ee29-0c20-4451-be66-97c2642c3139,1.7773443704419e+18
c6b1ee29-0c20-4451-be66-97c2642c3139,1.777344370475242e+18
c6b1ee29-0c20-4451-be66-97c2642c3139,1.777344370508585e+18
c6b1ee29-0c20-4451-be66-97c2642c3139,1.7773443705419272e+18
c6b1ee29-0c20-4451-be66-97c2642c3139,1.777344370575269e+18
c6b1ee29-0c20-4451-be66-97c2642c3139,1.777344370608612e+18
c6b1ee29-0c20-4451-be66-97c2642c3139,1.777344370641954e+18
c6b1ee29-0c20-4451-be66-97c2642c3139,1.777344370675297e+18
c6b1ee29-0c20-4451-be66-97c2642c3139,1.777344370708639e+18
c6b1ee29-0c20-4451-be66-97c2642c3139,1.777344370741982e+18
c6b1ee29-0c20-4451-be66-97c2642c3139,1.7773443707753242e+18
c6b1ee29-0c20-4451-be66-97c2642c3139,1.7773443708086671e+18
c6b1ee29-0c20-4451-be66-97c2642c3139,1.777344370842009e+18
c6b1ee29-0c20-4451-be66-97c2642c3139,1.777344370875352e+18
c6b1ee29-0c20-4451-be66-97c2642c3139,1.777344370908694e+18
c6b1ee29-0c20-4451-be66-97c2642c3139,1.777344370942036e+18
c6b1ee29-0c20-4451-be66-97c2642c3139,1.7773443709753792e+18
c6b1ee29-0c20-4451-be66-97c2642c3139,1.7773443710087212e+18
c6b1ee29-0c20-4451-be66-97c2642c3139,1.7773443710420641e+18
c6b1ee29-0c20-4451-be66-97c2642c3139,1.777344371075406e+18
c6b1ee29-0c20-4451-be66-97c2642c3139,1.777344371108749e+18
c6b1ee29-0c20-4451-be66-97c2642c3139,1.777344371142091e+18
c6b1ee29-0c20-4451-be66-97c2642c3139,1.777344371175434e+18
c6b1ee29-0c20-4451-be66-97c2642c3139,1.7773443712087762e+18
c6b1ee29-0c20-4451-be66-97c2642c3139,1.7773443712421181e+18
c6b1ee29-0c20-4451-be66-97c2642c3139,1.777344371275461e+18
c6b1ee29-0c20-4451-be66-97c2642c3139,1.777344371308803e+18
c6b1ee29-0c20-4451-be66-97c2642c3139,1.777344371342146e+18
c6b1ee29-0c20-4451-be66-97c2642c3139,1.777344371375488e+18
c6b1ee29-0c20-4451-be66-97c2642c3139,1.777344371408831e+18
c6b1ee29-0c20-4451-be66-97c2642c3139,1.7773443714421732e+18
c6b1ee29-0c20-4451-be66-97c2642c3139,1.7773443714755162e+18
c6b1ee29-0c20-4451-be66-97c2642c3139,1.777344371508858e+18
c6b1ee29-0c20-4451-be66-97c2642c3139,1.7773443715422e+18
c6b1ee29-0c20-4451-be66-97c2642c3139,1.777344371575543e+18
c6b1ee29-0c20-4451-be66-97c2642c3139,1.777344371608885e+18
c6b1ee29-0c20-4451-be66-97c2642c3139,1.777344371642228e+18
c6b1ee29-0c20-4451-be66-97c2642c3139,1.7773443716755702e+18
c6b1ee29-0c20-4451-be66-97c2642c3139,1.7773443717089132e+18
c6b1ee29-0c20-4451-be66-97c2642c3139,1.777344371742255e+18
c6b1ee29-0c20-4451-be66-97c2642c3139,1.777344371775598e+18
c6b1ee29-0c20-4451-be66-97c2642c3139,1.77734437180894e+18
c6b1ee29-0c20-4451-be66-97c2642c3139,1.777344371842282e+18
c6b1ee29-0c20-4451-be66-97c2642c3139,1.777344371875625e+18
c6b1ee29-0c20-4451-be66-97c2642c3139,1.7773443719089672e+18
c6b1ee29-0c20-4451-be66-97c2642c3139,1.7773443719423101e+18
c6b1ee29-0c20-4451-be66-97c2642c3139,1.777344371975652e+18
c6b1ee29-0c20-4451-be66-97c2642c3139,1.777344372008995e+18
c6b1ee29-0c20-4451-be66-97c2642c3139,1.777344372042337e+18
c6b1ee29-0c20-4451-be66-97c2642c3139,1.77734437207568e+18
c6b1ee29-0c20-4451-be66-97c2642c3139,1.777344372109022e+18
c6b1ee29-0c20-4451-be66-97c2642c3139,1.7773443721423642e+18
c6b1ee29-0c20-4451-be66-97c2642c3139,1.7773443721757071e+18
c6b1ee29-0c20-4451-be66-97c2642c3139,1.777344372209049e+18
c6b1ee29-0c20-4451-be66-97c2642c3139,1.777344372242392e+18
c6b1ee29-0c20-4451-be66-97c2642c3139,1.777344372275734e+18
c6b1ee29-0c20-4451-be66-97c2642c3139,1.777344372309077e+18
c6b1ee29-0c20-4451-be66-97c2642c3139,1.7773443723424192e+18
c6b1ee29-0c20-4451-be66-97c2642c3139,1.7773443723757622e+18
c6b1ee29-0c20-4451-be66-97c2642c3139,1.7773443724091041e+18
c6b1ee29-0c20-4451-be66-97c2642c3139,1.777344372442446e+18
c6b1ee29-0c20-4451-be66-97c2642c3139,1.777344372475789e+18
c6b1ee29-0c20-4451-be66-97c2642c3139,1.777344372509131e+18
c6b1ee29-0c20-4451-be66-97c2642c3139,1.777344372542474e+18
c6b1ee29-0c20-4451-be66-97c2642c3139,1.7773443725758162e+18
c6b1ee29-0c20-4451-be66-97c2642c3139,1.7773443726091592e+18
c6b1ee29-0c20-4451-be66-97c2642c3139,1.777344372642501e+18
c6b1ee29-0c20-4451-be66-97c2642c3139,1.777344372675844e+18
c6b1ee29-0c20-4451-be66-97c2642c3139,1.777344372709186e+18
c6b1ee29-0c20-4451-be66-97c2642c3139,1.777344372742529e+18
c6b1ee29-0c20-4451-be66-97c2642c3139,1.777344372775871e+18
c6b1ee29-0c20-4451-be66-97c2642c3139,1.7773443728092132e+18
c6b1ee29-0c20-4451-be66-97c2642c3139,1.7773443728425562e+18
c6b1ee29-0c20-4451-be66-97c2642c3139,1.777344372875898e+18
c6b1ee29-0c20-4451-be66-97c2642c3139,1.777344372909241e+18
c6b1ee29-0c20-4451-be66-97c2642c3139,1.777344372942583e+18
c6b1ee29-0c20-4451-be66-97c2642c3139,1.777344372975926e+18
c6b1ee29-0c20-4451-be66-97c2642c3139,1.777344373009268e+18
c6b1ee29-0c20-4451-be66-97c2642c3139,1.7773443730426112e+18
c6b1ee29-0c20-4451-be66-97c2642c3139,1.7773443730759532e+18
c6b1ee29-0c20-4451-be66-97c2642c3139,1.777344373109295e+18
c6b1ee29-0c20-4451-be66-97c2642c3139,1.777344373142638e+18
c6b1ee29-0c20-4451-be66-97c2642c3139,1.77734437317598e+18
c6b1ee29-0c20-4451-be66-97c2642c3139,1.777344373209323e+18
c6b1ee29-0c20-4451-be66-97c2642c3139,1.777344373242665e+18
c6b1ee29-0c20-4451-be66-97c2642c3139,1.7773443732760082e+18
c6b1ee29-0c20-4451-be66-97c2642c3139,1.7773443733093501e+18
c6b1ee29-0c20-4451-be66-97c2642c3139,1.777344373342693e+18
c6b1ee29-0c20-4451-be66-97c2642c3139,1.777344373376035e+18
c6b1ee29-0c20-4451-be66-97c2642c3139,1.777344373409377e+18
c6b1ee29-0c20-4451-be66-97c2642c3139,1.77734437344272e+18
c6b1ee29-0c20-4451-be66-97c2642c3139,1.777344373476062e+18
c6b1ee29-0c20-4451-be66-97c2642c3139,1.7773443735094052e+18
c6b1ee29-0c20-4451-be66-97c2642c3139,1.7773443735427471e+18
c6b1ee29-0c20-4451-be66-97c2642c3139,1.77734437357609e+18
c6b1ee29-0c20-4451-be66-97c2642c3139,1.777344373609432e+18
c6b1ee29-0c20-4451-be66-97c2642c3139,1.777344373642775e+18
c6b1ee29-0c20-4451-be66-97c2642c3139,1.777344373676117e+18
c6b1ee29-0c20-4451-be66-97c2642c3139,1.7773443737094592e+18
c6b1ee29-0c20-4451-be66-97c2642c3139,1.7773443737428022e+18
c6b1ee29-0c20-4451-be66-97c2642c3139,1.7773443737761441e+18
c6b1ee29-0c20-4451-be66-97c2642c3139,1.777344373809487e+18
c6b1ee29-0c20-4451-be66-97c2642c3139,1.777344373842829e+18
c6b1ee29-0c20-4451-be66-97c2642c3139,1.777344373876172e+18
c6b1ee29-0c20-4451-be66-97c2642c3139,1.777344373909514e+18
c6b1ee29-0c20-4451-be66-97c2642c3139,1.777344373942857e+18
c6b1ee29-0c20-4451-be66-97c2642c3139,1.7773443739761992e+18
c6b1ee29-0c20-4451-be66-97c2642c3139,1.777344374009541e+18
c6b1ee29-0c20-4451-be66-97c2642c3139,1.777344374042884e+18
c6b1ee29-0c20-4451-be66-97c2642c3139,1.777344374076226e+18
c6b1ee29-0c20-4451-be66-97c2642c3139,1.777344374109569e+18
c6b1ee29-0c20-4451-be66-97c2642c3139,1.777344374142911e+18
c6b1ee29-0c20-4451-be66-97c2642c3139,1.777344374176254e+18
c6b1ee29-0c20-4451-be66-97c2642c3139,1.7773443742095962e+18
c6b1ee29-0c20-4451-be66-97c2642c3139,1.7773443742429391e+18
c6b1ee29-0c20-4451-be66-97c2642c3139,1.777344374276281e+18
c6b1ee29-0c20-4451-be66-97c2642c3139,1.777344374309623e+18
c6b1ee29-0c20-4451-be66-97c2642c3139,1.777344374342966e+18
c6b1ee29-0c20-4451-be66-97c2642c3139,1.777344374376308e+18
c6b1ee29-0c20-4451-be66-97c2642c3139,1.7773443744096512e+18
c6b1ee29-0c20-4451-be66-97c2642c3139,1.7773443744429932e+18
c6b1ee29-0c20-4451-be66-97c2642c3139,1.777344374476336e+18
c6b1ee29-0c20-4451-be66-97c2642c3139,1.777344374509678e+18
c6b1ee29-0c20-4451-be66-97c2642c3139,1.777344374543021e+18
c6b1ee29-0c20-4451-be66-97c2642c3139,1.777344374576363e+18
c6b1ee29-0c20-4451-be66-97c2642c3139,1.777344374609706e+18
c6b1ee29-0c20-4451-be66-97c2642c3139,1.7773443746430482e+18
c6b1ee29-0c20-4451-be66-97c2642c3139,1.7773443746763901e+18
c6b1ee29-0c20-4451-be66-97c2642c3139,1.777344374709733e+18
c6b1ee29-0c20-4451-be66-97c2642c3139,1.777344374743075e+18
c6b1ee29-0c20-4451-be66-97c2642c3139,1.777344374776418e+18
c6b1ee29-0c20-4451-be66-97c2642c3139,1.77734437480976e+18
c6b1ee29-0c20-4451-be66-97c2642c3139,1.777344374843103e+18
c6b1ee29-0c20-4451-be66-97c2642c3139,1.7773443748764452e+18
c6b1ee29-0c20-4451-be66-97c2642c3139,1.7773443749097882e+18
c6b1ee29-0c20-4451-be66-97c2642c3139,1.777344374945366e+18
c6b1ee29-0c20-4451-be66-97c2642c3139,1.777344374978709e+18
c6b1ee29-0c20-4451-be66-97c2642c3139,1.777344375012052e+18
c6b1ee29-0c20-4451-be66-97c2642c3139,1.7773443750453952e+18
c6b1ee29-0c20-4451-be66-97c2642c3139,1.7773443750787382e+18
c6b1ee29-0c20-4451-be66-97c2642c3139,1.7773443751120812e+18
c6b1ee29-0c20-4451-be66-97c2642c3139,1.7773443751454241e+18
c6b1ee29-0c20-4451-be66-97c2642c3139,1.777344375178767e+18
c6b1ee29-0c20-4451-be66-97c2642c3139,1.77734437521211e+18
c6b1ee29-0c20-4451-be66-97c2642c3139,1.777344375245453e+18
c6b1ee29-0c20-4451-be66-97c2642c3139,1.777344375278796e+18
c6b1ee29-0c20-4451-be66-97c2642c3139,1.777344375312139e+18
c6b1ee29-0c20-4451-be66-97c2642c3139,1.777344375345482e+18
c6b1ee29-0c20-4451-be66-97c2642c3139,1.777344375378825e+18
c6b1ee29-0c20-4451-be66-97c2642c3139,1.7773443754121682e+18
c6b1ee29-0c20-4451-be66-97c2642c3139,1.7773443754455112e+18
c6b1ee29-0c20-4451-be66-97c2642c3139,1.7773443754788541e+18
c6b1ee29-0c20-4451-be66-97c2642c3139,1.777344375512197e+18
c6b1ee29-0c20-4451-be66-97c2642c3139,1.77734437554554e+18
c6b1ee29-0c20-4451-be66-97c2642c3139,1.777344375578883e+18
c6b1ee29-0c20-4451-be66-97c2642c3139,1.777344375612227e+18
c6b1ee29-0c20-4451-be66-97c2642c3139,1.77734437564557e+18
c6b1ee29-0c20-4451-be66-97c2642c3139,1.777344375678913e+18
c6b1ee29-0c20-4451-be66-97c2642c3139,1.777344375712256e+18
c6b1ee29-0c20-4451-be66-97c2642c3139,1.777344375745599e+18
c6b1ee29-0c20-4451-be66-97c2642c3139,1.777344375778942e+18
c6b1ee29-0c20-4451-be66-97c2642c3139,1.7773443758122852e+18
c6b1ee29-0c20-4451-be66-97c2642c3139,1.7773443758456282e+18
c6b1ee29-0c20-4451-be66-97c2642c3139,1.7773443758789711e+18
c6b1ee29-0c20-4451-be66-97c2642c3139,1.777344375912314e+18
c6b1ee29-0c20-4451-be66-97c2642c3139,1.777344375945657e+18
c6b1ee29-0c20-4451-be66-97c2642c3139,1.777344375979e+18
c6b1ee29-0c20-4451-be66-97c2642c3139,1.777344376012343e+18
c6b1ee29-0c20-4451-be66-97c2642c3139,1.777344376045686e+18
c6b1ee29-0c20-4451-be66-97c2642c3139,1.777344376079029e+18
c6b1ee29-0c20-4451-be66-97c2642c3139,1.777344376112372e+18
c6b1ee29-0c20-4451-be66-97c2642c3139,1.7773443761457152e+18
c6b1ee29-0c20-4451-be66-97c2642c3139,1.7773443761790582e+18
c6b1ee29-0c20-4451-be66-97c2642c3139,1.7773443762124012e+18
c6b1ee29-0c20-4451-be66-97c2642c3139,1.777344376245744e+18
c6b1ee29-0c20-4451-be66-97c2642c3139,1.777344376279087e+18
c6b1ee29-0c20-4451-be66-97c2642c3139,1.777344376312431e+18
c6b1ee29-0c20-4451-be66-97c2642c3139,1.777344376345774e+18
c6b1ee29-0c20-4451-be66-97c2642c3139,1.777344376379117e+18
c6b1ee29-0c20-4451-be66-97c2642c3139,1.77734437641246e+18
c6b1ee29-0c20-4451-be66-97c2642c3139,1.777344376445803e+18
c6b1ee29-0c20-4451-be66-97c2642c3139,1.777344376479146e+18
c6b1ee29-0c20-4451-be66-97c2642c3139,1.777344376512489e+18
c6b1ee29-0c20-4451-be66-97c2642c3139,1.7773443765458322e+18
c6b1ee29-0c20-4451-be66-97c2642c3139,1.7773443765791752e+18
c6b1ee29-0c20-4451-be66-97c2642c3139,1.7773443766125181e+18
c6b1ee29-0c20-4451-be66-97c2642c3139,1.777344376645861e+18
c6b1ee29-0c20-4451-be66-97c2642c3139,1.777344376679204e+18
c6b1ee29-0c20-4451-be66-97c2642c3139,1.777344376712547e+18
c6b1ee29-0c20-4451-be66-97c2642c3139,1.77734437674589e+18
c6b1ee29-0c20-4451-be66-97c2642c3139,1.777344376779233e+18
c6b1ee29-0c20-4451-be66-97c2642c3139,1.777344376812576e+18
c6b1ee29-0c20-4451-be66-97c2642c3139,1.777344376845919e+18
c6b1ee29-0c20-4451-be66-97c2642c3139,1.777344376879262e+18
c6b1ee29-0c20-4451-be66-97c2642c3139,1.7773443769126052e+18
c6b1ee29-0c20-4451-be66-97c2642c3139,1.7773443769459482e+18
c6b1ee29-0c20-4451-be66-97c2642c3139,1.7773443769792922e+18
c6b1ee29-0c20-4451-be66-97c2642c3139,1.7773443770126351e+18
c6b1ee29-0c20-4451-be66-97c2642c3139,1.777344377045978e+18
c6b1ee29-0c20-4451-be66-97c2642c3139,1.777344377079321e+18
c6b1ee29-0c20-4451-be66-97c2642c3139,1.777344377112664e+18
c6b1ee29-0c20-4451-be66-97c2642c3139,1.777344377146007e+18
c6b1ee29-0c20-4451-be66-97c2642c3139,1.77734437717935e+18
c6b1ee29-0c20-4451-be66-97c2642c3139,1.777344377212693e+18
c6b1ee29-0c20-4451-be66-97c2642c3139,1.777344377246036e+18
c6b1ee29-0c20-4451-be66-97c2642c3139,1.7773443772793792e+18
c6b1ee29-0c20-4451-be66-97c2642c3139,1.7773443773127222e+18
c6b1ee29-0c20-4451-be66-97c2642c3139,1.7773443773460652e+18
c6b1ee29-0c20-4451-be66-97c2642c3139,1.7773443773794081e+18
c6b1ee29-0c20-4451-be66-97c2642c3139,1.777344377412751e+18
c6b1ee29-0c20-4451-be66-97c2642c3139,1.777344377446094e+18
c6b1ee29-0c20-4451-be66-97c2642c3139,1.777344377479437e+18
c6b1ee29-0c20-4451-be66-97c2642c3139,1.77734437751278e+18
c6b1ee29-0c20-4451-be66-97c2642c3139,1.777344377546123e+18
c6b1ee29-0c20-4451-be66-97c2642c3139,1.777344377579466e+18
c6b1ee29-0c20-4451-be66-97c2642c3139,1.777344377612809e+18
c6b1ee29-0c20-4451-be66-97c2642c3139,1.7773443776461522e+18
c6b1ee29-0c20-4451-be66-97c2642c3139,1.7773443776794962e+18
c6b1ee29-0c20-4451-be66-97c2642c3139,1.7773443777128392e+18
c6b1ee29-0c20-4451-be66-97c2642c3139,1.7773443777461821e+18
c6b1ee29-0c20-4451-be66-97c2642c3139,1.777344377779525e+18
c6b1ee29-0c20-4451-be66-97c2642c3139,1.777344377812868e+18
c6b1ee29-0c20-4451-be66-97c2642c3139,1.777344377846211e+18
c6b1ee29-0c20-4451-be66-97c2642c3139,1.777344377879554e+18
c6b1ee29-0c20-4451-be66-97c2642c3139,1.777344377912897e+18
c6b1ee29-0c20-4451-be66-97c2642c3139,1.77734437794624e+18
c6b1ee29-0c20-4451-be66-97c2642c3139,1.777344377979583e+18
c6b1ee29-0c20-4451-be66-97c2642c3139,1.777344378012926e+18
c6b1ee29-0c20-4451-be66-97c2642c3139,1.7773443780462692e+18
c6b1ee29-0c20-4451-be66-97c2642c3139,1.7773443780796122e+18
c6b1ee29-0c20-4451-be66-97c2642c3139,1.7773443781129551e+18
c6b1ee29-0c20-4451-be66-97c2642c3139,1.777344378146298e+18
c6b1ee29-0c20-4451-be66-97c2642c3139,1.777344378179641e+18
c6b1ee29-0c20-4451-be66-97c2642c3139,1.777344378212984e+18
c6b1ee29-0c20-4451-be66-97c2642c3139,1.777344378246327e+18
c6b1ee29-0c20-4451-be66-97c2642c3139,1.77734437827967e+18
c6b1ee29-0c20-4451-be66-97c2642c3139,1.777344378313013e+18
c6b1ee29-0c20-4451-be66-97c2642c3139,1.777344378346357e+18
c6b1ee29-0c20-4451-be66-97c2642c3139,1.7773443783797e+18
c6b1ee29-0c20-4451-be66-97c2642c3139,1.7773443784130432e+18
c6b1ee29-0c20-4451-be66-97c2642c3139,1.7773443784463862e+18
c6b1ee29-0c20-4451-be66-97c2642c3139,1.7773443784797292e+18
c6b1ee29-0c20-4451-be66-97c2642c3139,1.777344378513072e+18
c6b1ee29-0c20-4451-be66-97c2642c3139,1.777344378546415e+18
c6b1ee29-0c20-4451-be66-97c2642c3139,1.777344378579758e+18
c6b1ee29-0c20-4451-be66-97c2642c3139,1.777344378613101e+18
c6b1ee29-0c20-4451-be66-97c2642c3139,1.777344378646444e+18
c6b1ee29-0c20-4451-be66-97c2642c3139,1.777344378679787e+18
c6b1ee29-0c20-4451-be66-97c2642c3139,1.77734437871313e+18
c6b1ee29-0c20-4451-be66-97c2642c3139,1.777344378746473e+18
c6b1ee29-0c20-4451-be66-97c2642c3139,1.7773443787798162e+18
c6b1ee29-0c20-4451-be66-97c2642c3139,1.7773443788131592e+18
c6b1ee29-0c20-4451-be66-97c2642c3139,1.7773443788465021e+18
c6b1ee29-0c20-4451-be66-97c2642c3139,1.777344378879845e+18
c6b1ee29-0c20-4451-be66-97c2642c3139,1.777344378913188e+18
c6b1ee29-0c20-4451-be66-97c2642c3139,1.777344378946531e+18
c6b1ee29-0c20-4451-be66-97c2642c3139,1.777344378979874e+18
c6b1ee29-0c20-4451-be66-97c2642c3139,1.777344379013218e+18
c6b1ee29-0c20-4451-be66-97c2642c3139,1.777344379046561e+18
c6b1ee29-0c20-4451-be66-97c2642c3139,1.777344379079904e+18
c6b1ee29-0c20-4451-be66-97c2642c3139,1.777344379113247e+18
c6b1ee29-0c20-4451-be66-97c2642c3139,1.77734437914659e+18
c6b1ee29-0c20-4451-be66-97c2642c3139,1.7773443791799332e+18
c6b1ee29-0c20-4451-be66-97c2642c3139,1.7773443792132762e+18
c6b1ee29-0c20-4451-be66-97c2642c3139,1.7773443792466191e+18
c6b1ee29-0c20-4451-be66-97c2642c3139,1.777344379279962e+18
c6b1ee29-0c20-4451-be66-97c2642c3139,1.777344379313305e+18
c6b1ee29-0c20-4451-be66-97c2642c3139,1.777344379346648e+18
c6b1ee29-0c20-4451-be66-97c2642c3139,1.777344379379991e+18
c6b1ee29-0c20-4451-be66-97c2642c3139,1.777344379413334e+18
c6b1ee29-0c20-4451-be66-97c2642c3139,1.777344379446677e+18
c6b1ee29-0c20-4451-be66-97c2642c3139,1.77734437948002e+18
c6b1ee29-0c20-4451-be66-97c2642c3139,1.7773443795133632e+18
c6b1ee29-0c20-4451-be66-97c2642c3139,1.7773443795467062e+18
c6b1ee29-0c20-4451-be66-97c2642c3139,1.7773443795800492e+18
c6b1ee29-0c20-4451-be66-97c2642c3139,1.7773443796133921e+18
c6b1ee29-0c20-4451-be66-97c2642c3139,1.777344379646735e+18
c6b1ee29-0c20-4451-be66-97c2642c3139,1.777344379680078e+18
c6b1ee29-0c20-4451-be66-97c2642c3139,1.777344379713422e+18
c6b1ee29-0c20-4451-be66-97c2642c3139,1.777344379746765e+18
c6b1ee29-0c20-4451-be66-97c2642c3139,1.777344379780108e+18
c6b1ee29-0c20-4451-be66-97c2642c3139,1.777344379813451e+18
c6b1ee29-0c20-4451-be66-97c2642c3139,1.777344379846794e+18
c6b1ee29-0c20-4451-be66-97c2642c3139,1.777344379880137e+18
c6b1ee29-0c20-4451-be66-97c2642c3139,1.7773443799134802e+18
c6b1ee29-0c20-4451-be66-97c2642c3139,1.7773443799468232e+18
c6b1ee29-0c20-4451-be66-97c2642c3139,1.7773443799801661e+18
c6b1ee29-0c20-4451-be66-97c2642c3139,1.777344380013509e+18
c6b1ee29-0c20-4451-be66-97c2642c3139,1.777344380046852e+18
c6b1ee29-0c20-4451-be66-97c2642c3139,1.777344380080195e+18
c6b1ee29-0c20-4451-be66-97c2642c3139,1.777344380113538e+18
c6b1ee29-0c20-4451-be66-97c2642c3139,1.777344380146881e+18
c6b1ee29-0c20-4451-be66-97c2642c3139,1.777344380180224e+18
c6b1ee29-0c20-4451-be66-97c2642c3139,1.777344380213567e+18
c6b1ee29-0c20-4451-be66-97c2642c3139,1.77734438024691e+18
c6b1ee29-0c20-4451-be66-97c2642c3139,1.7773443802802532e+18
c6b1ee29-0c20-4451-be66-97c2642c3139,1.7773443803135962e+18
c6b1ee29-0c20-4451-be66-97c2642c3139,1.7773443803469391e+18
c6b1ee29-0c20-4451-be66-97c2642c3139,1.7773443803802831e+18
c6b1ee29-0c20-4451-be66-97c2642c3139,1.777344380413626e+18
c6b1ee29-0c20-4451-be66-97c2642c3139,1.777344380446969e+18
c6b1ee29-0c20-4451-be66-97c2642c3139,1.777344380480312e+18
c6b1ee29-0c20-4451-be66-97c2642c3139,1.777344380513655e+18
c6b1ee29-0c20-4451-be66-97c2642c3139,1.777344380546998e+18
c6b1ee29-0c20-4451-be66-97c2642c3139,1.777344380580341e+18
c6b1ee29-0c20-4451-be66-97c2642c3139,1.777344380613684e+18
c6b1ee29-0c20-4451-be66-97c2642c3139,1.7773443806470272e+18
c6b1ee29-0c20-4451-be66-97c2642c3139,1.7773443806803702e+18
c6b1ee29-0c20-4451-be66-97c2642c3139,1.7773443807137132e+18
c6b1ee29-0c20-4451-be66-97c2642c3139,1.777344380747056e+18
c6b1ee29-0c20-4451-be66-97c2642c3139,1.777344380780399e+18
c6b1ee29-0c20-4451-be66-97c2642c3139,1.777344380813742e+18
c6b1ee29-0c20-4451-be66-97c2642c3139,1.777344380847085e+18
c6b1ee29-0c20-4451-be66-97c2642c3139,1.777344380880428e+18
c6b1ee29-0c20-4451-be66-97c2642c3139,1.777344380913771e+18
c6b1ee29-0c20-4451-be66-97c2642c3139,1.777344380947114e+18
c6b1ee29-0c20-4451-be66-97c2642c3139,1.777344380980457e+18
c6b1ee29-0c20-4451-be66-97c2642c3139,1.7773443810138002e+18
c6b1ee29-0c20-4451-be66-97c2642c3139,1.7773443810471432e+18
c6b1ee29-0c20-4451-be66-97c2642c3139,1.7773443810804872e+18
c6b1ee29-0c20-4451-be66-97c2642c3139,1.7773443811138301e+18
c6b1ee29-0c20-4451-be66-97c2642c3139,1.777344381147173e+18
c6b1ee29-0c20-4451-be66-97c2642c3139,1.777344381180516e+18
c6b1ee29-0c20-4451-be66-97c2642c3139,1.777344381213859e+18
c6b1ee29-0c20-4451-be66-97c2642c3139,1.777344381247202e+18
c6b1ee29-0c20-4451-be66-97c2642c3139,1.777344381280545e+18
c6b1ee29-0c20-4451-be66-97c2642c3139,1.777344381313888e+18
c6b1ee29-0c20-4451-be66-97c2642c3139,1.777344381347231e+18
c6b1ee29-0c20-4451-be66-97c2642c3139,1.777344381380574e+18
c6b1ee29-0c20-4451-be66-97c2642c3139,1.7773443814139172e+18
c6b1ee29-0c20-4451-be66-97c2642c3139,1.7773443814472602e+18
c6b1ee29-0c20-4451-be66-97c2642c3139,1.7773443814806031e+18
c6b1ee29-0c20-4451-be66-97c2642c3139,1.777344381513946e+18
c6b1ee29-0c20-4451-be66-97c2642c3139,1.777344381547289e+18
c6b1ee29-0c20-4451-be66-97c2642c3139,1.777344381580632e+18
c6b1ee29-0c20-4451-be66-97c2642c3139,1.777344381613975e+18
c6b1ee29-0c20-4451-be66-97c2642c3139,1.777344381647318e+18
c6b1ee29-0c20-4451-be66-97c2642c3139,1.777344381680661e+18
c6b1ee29-0c20-4451-be66-97c2642c3139,1.777344381714004e+18
c6b1ee29-0c20-4451-be66-97c2642c3139,1.7773443817473472e+18
c6b1ee29-0c20-4451-be66-97c2642c3139,1.7773443817806912e+18
c6b1ee29-0c20-4451-be66-97c2642c3139,1.7773443818140342e+18
c6b1ee29-0c20-4451-be66-97c2642c3139,1.7773443818473772e+18
c6b1ee29-0c20-4451-be66-97c2642c3139,1.7773443818807201e+18
c6b1ee29-0c20-4451-be66-97c2642c3139,1.777344381914063e+18
c6b1ee29-0c20-4451-be66-97c2642c3139,1.777344381947406e+18
c6b1ee29-0c20-4451-be66-97c2642c3139,1.777344381980749e+18
c6b1ee29-0c20-4451-be66-97c2642c3139,1.777344382014092e+18
c6b1ee29-0c20-4451-be66-97c2642c3139,1.777344382047435e+18
c6b1ee29-0c20-4451-be66-97c2642c3139,1.777344382080778e+18
c6b1ee29-0c20-4451-be66-97c2642c3139,1.777344382114121e+18
c6b1ee29-0c20-4451-be66-97c2642c3139,1.7773443821474642e+18
c6b1ee29-0c20-4451-be66-97c2642c3139,1.7773443821808072e+18
c6b1ee29-0c20-4451-be66-97c2642c3139,1.7773443822141501e+18
c6b1ee29-0c20-4451-be66-97c2642c3139,1.777344382247493e+18
c6b1ee29-0c20-4451-be66-97c2642c3139,1.777344382280836e+18
c6b1ee29-0c20-4451-be66-97c2642c3139,1.777344382314179e+18
c6b1ee29-0c20-4451-be66-97c2642c3139,1.777344382347522e+18
c6b1ee29-0c20-4451-be66-97c2642c3139,1.777344382380865e+18
c6b1ee29-0c20-4451-be66-97c2642c3139,1.777344382414208e+18
c6b1ee29-0c20-4451-be66-97c2642c3139,1.777344382447551e+18
c6b1ee29-0c20-4451-be66-97c2642c3139,1.777344382480895e+18
c6b1ee29-0c20-4451-be66-97c2642c3139,1.777344382514238e+18
c6b1ee29-0c20-4451-be66-97c2642c3139,1.7773443825475812e+18
c6b1ee29-0c20-4451-be66-97c2642c3139,1.7773443825809242e+18
c6b1ee29-0c20-4451-be66-97c2642c3139,1.7773443826142671e+18
c6b1ee29-0c20-4451-be66-97c2642c3139,1.77734438264761e+18
c6b1ee29-0c20-4451-be66-97c2642c3139,1.777344382680953e+18
c6b1ee29-0c20-4451-be66-97c2642c3139,1.777344382714296e+18
c6b1ee29-0c20-4451-be66-97c2642c3139,1.777344382747639e+18
c6b1ee29-0c20-4451-be66-97c2642c3139,1.777344382780982e+18
c6b1ee29-0c20-4451-be66-97c2642c3139,1.777344382814325e+18
c6b1ee29-0c20-4451-be66-97c2642c3139,1.777344382847668e+18
c6b1ee29-0c20-4451-be66-97c2642c3139,1.7773443828810112e+18
c6b1ee29-0c20-4451-be66-97c2642c3139,1.7773443829143542e+18
c6b1ee29-0c20-4451-be66-97c2642c3139,1.7773443829476972e+18
c6b1ee29-0c20-4451-be66-97c2642c3139,1.77734438298104e+18
c6b1ee29-0c20-4451-be66-97c2642c3139,1.777344383014383e+18
c6b1ee29-0c20-4451-be66-97c2642c3139,1.777344383047726e+18
c6b1ee29-0c20-4451-be66-97c2642c3139,1.777344383081069e+18
c6b1ee29-0c20-4451-be66-97c2642c3139,1.777344383114412e+18
c6b1ee29-0c20-4451-be66-97c2642c3139,1.777344383147756e+18
c6b1ee29-0c20-4451-be66-97c2642c3139,1.777344383181099e+18
c6b1ee29-0c20-4451-be66-97c2642c3139,1.777344383214442e+18
c6b1ee29-0c20-4451-be66-97c2642c3139,1.777344383247785e+18
c6b1ee29-0c20-4451-be66-97c2642c3139,1.7773443832811282e+18
c6b1ee29-0c20-4451-be66-97c2642c3139,1.7773443833144712e+18
c6b1ee29-0c20-4451-be66-97c2642c3139,1.7773443833478141e+18
c6b1ee29-0c20-4451-be66-97c2642c3139,1.777344383381157e+18
c6b1ee29-0c20-4451-be66-97c2642c3139,1.7773443834145e+18
c6b1ee29-0c20-4451-be66-97c2642c3139,1.777344383447843e+18
c6b1ee29-0c20-4451-be66-97c2642c3139,1.777344383481186e+18
c6b1ee29-0c20-4451-be66-97c2642c3139,1.777344383514529e+18
c6b1ee29-0c20-4451-be66-97c2642c3139,1.777344383547872e+18
c6b1ee29-0c20-4451-be66-97c2642c3139,1.777344383581215e+18
c6b1ee29-0c20-4451-be66-97c2642c3139,1.777344383614558e+18
c6b1ee29-0c20-4451-be66-97c2642c3139,1.7773443836479012e+18
c6b1ee29-0c20-4451-be66-97c2642c3139,1.7773443836812442e+18
c6b1ee29-0c20-4451-be66-97c2642c3139,1.7773443837145871e+18
c6b1ee29-0c20-4451-be66-97c2642c3139,1.77734438374793e+18
c6b1ee29-0c20-4451-be66-97c2642c3139,1.777344383781273e+18
c6b1ee29-0c20-4451-be66-97c2642c3139,1.777344383814617e+18
c6b1ee29-0c20-4451-be66-97c2642c3139,1.77734438384796e+18
c6b1ee29-0c20-4451-be66-97c2642c3139,1.777344383881303e+18
c6b1ee29-0c20-4451-be66-97c2642c3139,1.777344383914646e+18
c6b1ee29-0c20-4451-be66-97c2642c3139,1.777344383947989e+18
c6b1ee29-0c20-4451-be66-97c2642c3139,1.777344383981332e+18
c6b1ee29-0c20-4451-be66-97c2642c3139,1.7773443840146752e+18
c6b1ee29-0c20-4451-be66-97c2642c3139,1.7773443840480182e+18
c6b1ee29-0c20-4451-be66-97c2642c3139,1.7773443840813612e+18
c6b1ee29-0c20-4451-be66-97c2642c3139,1.7773443841147041e+18
c6b1ee29-0c20-4451-be66-97c2642c3139,1.777344384148047e+18
c6b1ee29-0c20-4451-be66-97c2642c3139,1.77734438418139e+18
c6b1ee29-0c20-4451-be66-97c2642c3139,1.777344384214733e+18
c6b1ee29-0c20-4451-be66-97c2642c3139,1.777344384248076e+18
c6b1ee29-0c20-4451-be66-97c2642c3139,1.777344384281419e+18
c6b1ee29-0c20-4451-be66-97c2642c3139,1.777344384314762e+18
c6b1ee29-0c20-4451-be66-97c2642c3139,1.777344384348105e+18
c6b1ee29-0c20-4451-be66-97c2642c3139,1.7773443843814482e+18
c6b1ee29-0c20-4451-be66-97c2642c3139,1.7773443844147912e+18
c6b1ee29-0c20-4451-be66-97c2642c3139,1.7773443844481341e+18
c6b1ee29-0c20-4451-be66-97c2642c3139,1.7773443844814781e+18
c6b1ee29-0c20-4451-be66-97c2642c3139,1.777344384514821e+18
c6b1ee29-0c20-4451-be66-97c2642c3139,1.777344384548164e+18
c6b1ee29-0c20-4451-be66-97c2642c3139,1.777344384581507e+18
c6b1ee29-0c20-4451-be66-97c2642c3139,1.77734438461485e+18
c6b1ee29-0c20-4451-be66-97c2642c3139,1.777344384648193e+18
c6b1ee29-0c20-4451-be66-97c2642c3139,1.777344384681536e+18
c6b1ee29-0c20-4451-be66-97c2642c3139,1.777344384714879e+18
c6b1ee29-0c20-4451-be66-97c2642c3139,1.777344384748222e+18
c6b1ee29-0c20-4451-be66-97c2642c3139,1.7773443847815652e+18
c6b1ee29-0c20-4451-be66-97c2642c3139,1.7773443848149082e+18
c6b1ee29-0c20-4451-be66-97c2642c3139,1.7773443848482511e+18
c6b1ee29-0c20-4451-be66-97c2642c3139,1.777344384881594e+18
c6b1ee29-0c20-4451-be66-97c2642c3139,1.777344384914937e+18
c6b1ee29-0c20-4451-be66-97c2642c3139,1.77734438494828e+18
c6b1ee29-0c20-4451-be66-97c2642c3139,1.777344384981623e+18
c6b1ee29-0c20-4451-be66-97c2642c3139,1.777344385014966e+18
c6b1ee29-0c20-4451-be66-97c2642c3139,1.777344385048309e+18
c6b1ee29-0c20-4451-be66-97c2642c3139,1.777344385081652e+18
c6b1ee29-0c20-4451-be66-97c2642c3139,1.7773443851149952e+18
c6b1ee29-0c20-4451-be66-97c2642c3139,1.7773443851483382e+18
c6b1ee29-0c20-4451-be66-97c2642c3139,1.7773443851816822e+18
c6b1ee29-0c20-4451-be66-97c2642c3139,1.7773443852150252e+18
c6b1ee29-0c20-4451-be66-97c2642c3139,1.777344385248368e+18
c6b1ee29-0c20-4451-be66-97c2642c3139,1.777344385281711e+18
c6b1ee29-0c20-4451-be66-97c2642c3139,1.777344385315054e+18
c6b1ee29-0c20-4451-be66-97c2642c3139,1.777344385348397e+18
c6b1ee29-0c20-4451-be66-97c2642c3139,1.77734438538174e+18
c6b1ee29-0c20-4451-be66-97c2642c3139,1.777344385415083e+18
c6b1ee29-0c20-4451-be66-97c2642c3139,1.777344385448426e+18
c6b1ee29-0c20-4451-be66-97c2642c3139,1.777344385481769e+18
c6b1ee29-0c20-4451-be66-97c2642c3139,1.7773443855151122e+18
c6b1ee29-0c20-4451-be66-97c2642c3139,1.7773443855484552e+18
c6b1ee29-0c20-4451-be66-97c2642c3139,1.7773443855817981e+18
c6b1ee29-0c20-4451-be66-97c2642c3139,1.777344385615141e+18
c6b1ee29-0c20-4451-be66-97c2642c3139,1.777344385648484e+18
c6b1ee29-0c20-4451-be66-97c2642c3139,1.777344385681827e+18
c6b1ee29-0c20-4451-be66-97c2642c3139,1.77734438571517e+18
c6b1ee29-0c20-4451-be66-97c2642c3139,1.777344385748513e+18
c6b1ee29-0c20-4451-be66-97c2642c3139,1.777344385781856e+18
c6b1ee29-0c20-4451-be66-97c2642c3139,1.777344385815199e+18
c6b1ee29-0c20-4451-be66-97c2642c3139,1.777344385848543e+18
c6b1ee29-0c20-4451-be66-97c2642c3139,1.777344385881886e+18
c6b1ee29-0c20-4451-be66-97c2642c3139,1.7773443859152292e+18
c6b1ee29-0c20-4451-be66-97c2642c3139,1.7773443859485722e+18
c6b1ee29-0c20-4451-be66-97c2642c3139,1.7773443859819151e+18
c6b1ee29-0c20-4451-be66-97c2642c3139,1.777344386015258e+18
c6b1ee29-0c20-4451-be66-97c2642c3139,1.777344386048601e+18
c6b1ee29-0c20-4451-be66-97c2642c3139,1.777344386081944e+18
c6b1ee29-0c20-4451-be66-97c2642c3139,1.777344386115287e+18
c6b1ee29-0c20-4451-be66-97c2642c3139,1.77734438614863e+18
c6b1ee29-0c20-4451-be66-97c2642c3139,1.777344386181973e+18
c6b1ee29-0c20-4451-be66-97c2642c3139,1.777344386215316e+18
c6b1ee29-0c20-4451-be66-97c2642c3139,1.7773443862486592e+18
c6b1ee29-0c20-4451-be66-97c2642c3139,1.7773443862820022e+18
c6b1ee29-0c20-4451-be66-97c2642c3139,1.7773443863153452e+18
c6b1ee29-0c20-4451-be66-97c2642c3139,1.7773443863486881e+18
c6b1ee29-0c20-4451-be66-97c2642c3139,1.777344386382031e+18
c6b1ee29-0c20-4451-be66-97c2642c3139,1.777344386415374e+18
c6b1ee29-0c20-4451-be66-97c2642c3139,1.777344386448717e+18
c6b1ee29-0c20-4451-be66-97c2642c3139,1.77734438648206e+18
c6b1ee29-0c20-4451-be66-97c2642c3139,1.777344386515403e+18
c6b1ee29-0c20-4451-be66-97c2642c3139,1.777344386548747e+18
c6b1ee29-0c20-4451-be66-97c2642c3139,1.77734438658209e+18
c6b1ee29-0c20-4451-be66-97c2642c3139,1.777344386615433e+18
c6b1ee29-0c20-4451-be66-97c2642c3139,1.7773443866487762e+18
c6b1ee29-0c20-4451-be66-97c2642c3139,1.7773443866821192e+18
c6b1ee29-0c20-4451-be66-97c2642c3139,1.7773443867154621e+18
c6b1ee29-0c20-4451-be66-97c2642c3139,1.777344386748805e+18
c6b1ee29-0c20-4451-be66-97c2642c3139,1.777344386782148e+18
c6b1ee29-0c20-4451-be66-97c2642c3139,1.777344386815491e+18
c6b1ee29-0c20-4451-be66-97c2642c3139,1.777344386848834e+18
c6b1ee29-0c20-4451-be66-97c2642c3139,1.777344386882177e+18
c6b1ee29-0c20-4451-be66-97c2642c3139,1.77734438691552e+18
c6b1ee29-0c20-4451-be66-97c2642c3139,1.777344386948863e+18
c6b1ee29-0c20-4451-be66-97c2642c3139,1.777344386982206e+18
c6b1ee29-0c20-4451-be66-97c2642c3139,1.7773443870155492e+18
c6b1ee29-0c20-4451-be66-97c2642c3139,1.7773443870488922e+18
c6b1ee29-0c20-4451-be66-97c2642c3139,1.7773443870822351e+18
c6b1ee29-0c20-4451-be66-97c2642c3139,1.777344387115578e+18
c6b1ee29-0c20-4451-be66-97c2642c3139,1.777344387148921e+18
c6b1ee29-0c20-4451-be66-97c2642c3139,1.777344387182264e+18
c6b1ee29-0c20-4451-be66-97c2642c3139,1.777344387215607e+18
c6b1ee29-0c20-4451-be66-97c2642c3139,1.777344387248951e+18
c6b1ee29-0c20-4451-be66-97c2642c3139,1.777344387282294e+18
c6b1ee29-0c20-4451-be66-97c2642c3139,1.777344387315637e+18
c6b1ee29-0c20-4451-be66-97c2642c3139,1.77734438734898e+18
c6b1ee29-0c20-4451-be66-97c2642c3139,1.7773443873823232e+18
c6b1ee29-0c20-4451-be66-97c2642c3139,1.7773443874156662e+18
c6b1ee29-0c20-4451-be66-97c2642c3139,1.7773443874490092e+18
c6b1ee29-0c20-4451-be66-97c2642c3139,1.777344387482352e+18
c6b1ee29-0c20-4451-be66-97c2642c3139,1.777344387515695e+18
c6b1ee29-0c20-4451-be66-97c2642c3139,1.777344387549038e+18
c6b1ee29-0c20-4451-be66-97c2642c3139,1.777344387582381e+18
c6b1ee29-0c20-4451-be66-97c2642c3139,1.777344387615724e+18
c6b1ee29-0c20-4451-be66-97c2642c3139,1.777344387649067e+18
c6b1ee29-0c20-4451-be66-97c2642c3139,1.77734438768241e+18
c6b1ee29-0c20-4451-be66-97c2642c3139,1.777344387715753e+18
c6b1ee29-0c20-4451-be66-97c2642c3139,1.7773443877490962e+18
c6b1ee29-0c20-4451-be66-97c2642c3139,1.7773443877824392e+18
c6b1ee29-0c20-4451-be66-97c2642c3139,1.7773443878157821e+18
c6b1ee29-0c20-4451-be66-97c2642c3139,1.777344387849125e+18
c6b1ee29-0c20-4451-be66-97c2642c3139,1.777344387882468e+18
c6b1ee29-0c20-4451-be66-97c2642c3139,1.777344387915811e+18
c6b1ee29-0c20-4451-be66-97c2642c3139,1.777344387949155e+18
c6b1ee29-0c20-4451-be66-97c2642c3139,1.777344387982498e+18
c6b1ee29-0c20-4451-be66-97c2642c3139,1.777344388015841e+18
c6b1ee29-0c20-4451-be66-97c2642c3139,1.777344388049184e+18
c6b1ee29-0c20-4451-be66-97c2642c3139,1.777344388082527e+18
c6b1ee29-0c20-4451-be66-97c2642c3139,1.77734438811587e+18
c6b1ee29-0c20-4451-be66-97c2642c3139,1.7773443881492132e+18
c6b1ee29-0c20-4451-be66-97c2642c3139,1.7773443881825562e+18
c6b1ee29-0c20-4451-be66-97c2642c3139,1.7773443882158991e+18
c6b1ee29-0c20-4451-be66-97c2642c3139,1.777344388249242e+18
c6b1ee29-0c20-4451-be66-97c2642c3139,1.777344388282585e+18
c6b1ee29-0c20-4451-be66-97c2642c3139,1.777344388315928e+18
c6b1ee29-0c20-4451-be66-97c2642c3139,1.777344388349271e+18
c6b1ee29-0c20-4451-be66-97c2642c3139,1.777344388382614e+18
c6b1ee29-0c20-4451-be66-97c2642c3139,1.777344388415957e+18
c6b1ee29-0c20-4451-be66-97c2642c3139,1.7773443884493e+18
c6b1ee29-0c20-4451-be66-97c2642c3139,1.7773443884826432e+18
c6b1ee29-0c20-4451-be66-97c2642c3139,1.7773443885159862e+18
c6b1ee29-0c20-4451-be66-97c2642c3139,1.7773443885493292e+18
c6b1ee29-0c20-4451-be66-97c2642c3139,1.7773443885826721e+18
c6b1ee29-0c20-4451-be66-97c2642c3139,1.7773443886160161e+18
c6b1ee29-0c20-4451-be66-97c2642c3139,1.777344388649359e+18
c6b1ee29-0c20-4451-be66-97c2642c3139,1.777344388682702e+18
c6b1ee29-0c20-4451-be66-97c2642c3139,1.777344388716045e+18
c6b1ee29-0c20-4451-be66-97c2642c3139,1.777344388749388e+18
c6b1ee29-0c20-4451-be66-97c2642c3139,1.777344388782731e+18
c6b1ee29-0c20-4451-be66-97c2642c3139,1.777344388816074e+18
c6b1ee29-0c20-4451-be66-97c2642c3139,1.777344388849417e+18
c6b1ee29-0c20-4451-be66-97c2642c3139,1.7773443888827602e+18
c6b1ee29-0c20-4451-be66-97c2642c3139,1.7773443889161032e+18
c6b1ee29-0c20-4451-be66-97c2642c3139,1.7773443889494461e+18
c6b1ee29-0c20-4451-be66-97c2642c3139,1.777344388982789e+18
c6b1ee29-0c20-4451-be66-97c2642c3139,1.777344389016132e+18
c6b1ee29-0c20-4451-be66-97c2642c3139,1.777344389049475e+18
c6b1ee29-0c20-4451-be66-97c2642c3139,1.777344389082818e+18
c6b1ee29-0c20-4451-be66-97c2642c3139,1.777344389116161e+18
c6b1ee29-0c20-4451-be66-97c2642c3139,1.777344389149504e+18
c6b1ee29-0c20-4451-be66-97c2642c3139,1.777344389182847e+18
c6b1ee29-0c20-4451-be66-97c2642c3139,1.77734438921619e+18
c6b1ee29-0c20-4451-be66-97c2642c3139,1.7773443892495332e+18
c6b1ee29-0c20-4451-be66-97c2642c3139,1.7773443892828772e+18
c6b1ee29-0c20-4451-be66-97c2642c3139,1.7773443893162202e+18
c6b1ee29-0c20-4451-be66-97c2642c3139,1.7773443893495631e+18
c6b1ee29-0c20-4451-be66-97c2642c3139,1.777344389382906e+18
c6b1ee29-0c20-4451-be66-97c2642c3139,1.777344389416249e+18
c6b1ee29-0c20-4451-be66-97c2642c3139,1.777344389449592e+18
c6b1ee29-0c20-4451-be66-97c2642c3139,1.777344389482935e+18
c6b1ee29-0c20-4451-be66-97c2642c3139,1.777344389516278e+18
c6b1ee29-0c20-4451-be66-97c2642c3139,1.777344389549621e+18
c6b1ee29-0c20-4451-be66-97c2642c3139,1.777344389582964e+18
c6b1ee29-0c20-4451-be66-97c2642c3139,1.7773443896163072e+18
c6b1ee29-0c20-4451-be66-97c2642c3139,1.7773443896496502e+18
c6b1ee29-0c20-4451-be66-97c2642c3139,1.7773443896829932e+18
c6b1ee29-0c20-4451-be66-97c2642c3139,1.777344389716336e+18
c6b1ee29-0c20-4451-be66-97c2642c3139,1.777344389749679e+18
c6b1ee29-0c20-4451-be66-97c2642c3139,1.777344389783022e+18
c6b1ee29-0c20-4451-be66-97c2642c3139,1.777344389816365e+18
c6b1ee29-0c20-4451-be66-97c2642c3139,1.777344389849708e+18
c6b1ee29-0c20-4451-be66-97c2642c3139,1.777344389883051e+18
c6b1ee29-0c20-4451-be66-97c2642c3139,1.777344389916394e+18
c6b1ee29-0c20-4451-be66-97c2642c3139,1.777344389949738e+18
c6b1ee29-0c20-4451-be66-97c2642c3139,1.777344389983081e+18
c6b1ee29-0c20-4451-be66-97c2642c3139,1.7773443900164242e+18
c6b1ee29-0c20-4451-be66-97c2642c3139,1.7773443900497672e+18
c6b1ee29-0c20-4451-be66-97c2642c3139,1.7773443900831101e+18
c6b1ee29-0c20-4451-be66-97c2642c3139,1.777344390116453e+18
c6b1ee29-0c20-4451-be66-97c2642c3139,1.777344390149796e+18
c6b1ee29-0c20-4451-be66-97c2642c3139,1.777344390183139e+18
c6b1ee29-0c20-4451-be66-97c2642c3139,1.777344390216482e+18
c6b1ee29-0c20-4451-be66-97c2642c3139,1.777344390249825e+18
c6b1ee29-0c20-4451-be66-97c2642c3139,1.777344390283168e+18
c6b1ee29-0c20-4451-be66-97c2642c3139,1.777344390316511e+18
c6b1ee29-0c20-4451-be66-97c2642c3139,1.777344390349854e+18
c6b1ee29-0c20-4451-be66-97c2642c3139,1.7773443903831972e+18
c6b1ee29-0c20-4451-be66-97c2642c3139,1.7773443904165402e+18
c6b1ee29-0c20-4451-be66-97c2642c3139,1.7773443904498831e+18
c6b1ee29-0c20-4451-be66-97c2642c3139,1.777344390483226e+18
c6b1ee29-0c20-4451-be66-97c2642c3139,1.777344390516569e+18
c6b1ee29-0c20-4451-be66-97c2642c3139,1.777344390549912e+18
c6b1ee29-0c20-4451-be66-97c2642c3139,1.777344390583255e+18
c6b1ee29-0c20-4451-be66-97c2642c3139,1.777344390616598e+18
c6b1ee29-0c20-4451-be66-97c2642c3139,1.777344390649942e+18
c6b1ee29-0c20-4451-be66-97c2642c3139,1.777344390683285e+18
c6b1ee29-0c20-4451-be66-97c2642c3139,1.777344390716628e+18
c6b1ee29-0c20-4451-be66-97c2642c3139,1.7773443907499712e+18
c6b1ee29-0c20-4451-be66-97c2642c3139,1.7773443907833142e+18
c6b1ee29-0c20-4451-be66-97c2642c3139,1.7773443908166572e+18
c6b1ee29-0c20-4451-be66-97c2642c3139,1.7773443908500001e+18
c6b1ee29-0c20-4451-be66-97c2642c3139,1.777344390883343e+18
c6b1ee29-0c20-4451-be66-97c2642c3139,1.777344390916686e+18
c6b1ee29-0c20-4451-be66-97c2642c3139,1.777344390950029e+18
c6b1ee29-0c20-4451-be66-97c2642c3139,1.777344390983372e+18
c6b1ee29-0c20-4451-be66-97c2642c3139,1.777344391016715e+18
c6b1ee29-0c20-4451-be66-97c2642c3139,1.777344391050058e+18
c6b1ee29-0c20-4451-be66-97c2642c3139,1.777344391083401e+18
c6b1ee29-0c20-4451-be66-97c2642c3139,1.7773443911167442e+18
c6b1ee29-0c20-4451-be66-97c2642c3139,1.7773443911500872e+18
c6b1ee29-0c20-4451-be66-97c2642c3139,1.7773443911834301e+18
c6b1ee29-0c20-4451-be66-97c2642c3139,1.777344391216773e+18
c6b1ee29-0c20-4451-be66-97c2642c3139,1.777344391250116e+18
c6b1ee29-0c20-4451-be66-97c2642c3139,1.777344391283459e+18
c6b1ee29-0c20-4451-be66-97c2642c3139,1.777344391316802e+18
c6b1ee29-0c20-4451-be66-97c2642c3139,1.777344391350146e+18
c6b1ee29-0c20-4451-be66-97c2642c3139,1.777344391383489e+18
c6b1ee29-0c20-4451-be66-97c2642c3139,1.777344391416832e+18
c6b1ee29-0c20-4451-be66-97c2642c3139,1.777344391450175e+18
c6b1ee29-0c20-4451-be66-97c2642c3139,1.777344391483518e+18
c6b1ee29-0c20-4451-be66-97c2642c3139,1.7773443915168612e+18
c6b1ee29-0c20-4451-be66-97c2642c3139,1.7773443915502042e+18
c6b1ee29-0c20-4451-be66-97c2642c3139,1.7773443915835471e+18
c6b1ee29-0c20-4451-be66-97c2642c3139,1.77734439161689e+18
c6b1ee29-0c20-4451-be66-97c2642c3139,1.777344391650233e+18
c6b1ee29-0c20-4451-be66-97c2642c3139,1.777344391683576e+18
c6b1ee29-0c20-4451-be66-97c2642c3139,1.777344391716919e+18
c6b1ee29-0c20-4451-be66-97c2642c3139,1.777344391750262e+18
c6b1ee29-0c20-4451-be66-97c2642c3139,1.777344391783605e+18
c6b1ee29-0c20-4451-be66-97c2642c3139,1.777344391816948e+18
c6b1ee29-0c20-4451-be66-97c2642c3139,1.7773443918502912e+18
c6b1ee29-0c20-4451-be66-97c2642c3139,1.7773443918836342e+18
c6b1ee29-0c20-4451-be66-97c2642c3139,1.7773443919169772e+18
c6b1ee29-0c20-4451-be66-97c2642c3139,1.77734439195032e+18
c6b1ee29-0c20-4451-be66-97c2642c3139,1.777344391983663e+18
c6b1ee29-0c20-4451-be66-97c2642c3139,1.777344392017007e+18
c6b1ee29-0c20-4451-be66-97c2642c3139,1.77734439205035e+18
c6b1ee29-0c20-4451-be66-97c2642c3139,1.777344392083693e+18
c6b1ee29-0c20-4451-be66-97c2642c3139,1.777344392117036e+18
c6b1ee29-0c20-4451-be66-97c2642c3139,1.777344392150379e+18
c6b1ee29-0c20-4451-be66-97c2642c3139,1.777344392183722e+18
c6b1ee29-0c20-4451-be66-97c2642c3139,1.777344392217065e+18
c6b1ee29-0c20-4451-be66-97c2642c3139,1.7773443922504082e+18
c6b1ee29-0c20-4451-be66-97c2642c3139,1.7773443922837512e+18
c6b1ee29-0c20-4451-be66-97c2642c3139,1.7773443923170941e+18
c6b1ee29-0c20-4451-be66-97c2642c3139,1.777344392350437e+18
c6b1ee29-0c20-4451-be66-97c2642c3139,1.77734439238378e+18
c6b1ee29-0c20-4451-be66-97c2642c3139,1.777344392417123e+18
c6b1ee29-0c20-4451-be66-97c2642c3139,1.777344392450466e+18
c6b1ee29-0c20-4451-be66-97c2642c3139,1.777344392483809e+18
c6b1ee29-0c20-4451-be66-97c2642c3139,1.777344392517152e+18
c6b1ee29-0c20-4451-be66-97c2642c3139,1.777344392550495e+18
c6b1ee29-0c20-4451-be66-97c2642c3139,1.777344392583838e+18
c6b1ee29-0c20-4451-be66-97c2642c3139,1.7773443926171812e+18
c6b1ee29-0c20-4451-be66-97c2642c3139,1.7773443926505242e+18
c6b1ee29-0c20-4451-be66-97c2642c3139,1.7773443926838671e+18
c6b1ee29-0c20-4451-be66-97c2642c3139,1.7773443927172111e+18
c6b1ee29-0c20-4451-be66-97c2642c3139,1.777344392750554e+18
c6b1ee29-0c20-4451-be66-97c2642c3139,1.777344392783897e+18
c6b1ee29-0c20-4451-be66-97c2642c3139,1.77734439281724e+18
c6b1ee29-0c20-4451-be66-97c2642c3139,1.777344392850583e+18
c6b1ee29-0c20-4451-be66-97c2642c3139,1.777344392883926e+18
c6b1ee29-0c20-4451-be66-97c2642c3139,1.777344392917269e+18
c6b1ee29-0c20-4451-be66-97c2642c3139,1.777344392950612e+18
c6b1ee29-0c20-4451-be66-97c2642c3139,1.7773443929839552e+18
c6b1ee29-0c20-4451-be66-97c2642c3139,1.7773443930172982e+18
c6b1ee29-0c20-4451-be66-97c2642c3139,1.7773443930506412e+18
c6b1ee29-0c20-4451-be66-97c2642c3139,1.7773443930839841e+18
c6b1ee29-0c20-4451-be66-97c2642c3139,1.777344393117327e+18
c6b1ee29-0c20-4451-be66-97c2642c3139,1.77734439315067e+18
c6b1ee29-0c20-4451-be66-97c2642c3139,1.777344393184013e+18
c6b1ee29-0c20-4451-be66-97c2642c3139,1.777344393217356e+18
c6b1ee29-0c20-4451-be66-97c2642c3139,1.777344393250699e+18
c6b1ee29-0c20-4451-be66-97c2642c3139,1.777344393284042e+18
c6b1ee29-0c20-4451-be66-97c2642c3139,1.777344393317385e+18
c6b1ee29-0c20-4451-be66-97c2642c3139,1.7773443933507282e+18
c6b1ee29-0c20-4451-be66-97c2642c3139,1.7773443933840712e+18
c6b1ee29-0c20-4451-be66-97c2642c3139,1.7773443934174152e+18
c6b1ee29-0c20-4451-be66-97c2642c3139,1.7773443934507581e+18
c6b1ee29-0c20-4451-be66-97c2642c3139,1.777344393484101e+18
c6b1ee29-0c20-4451-be66-97c2642c3139,1.777344393517444e+18
c6b1ee29-0c20-4451-be66-97c2642c3139,1.777344393550787e+18
c6b1ee29-0c20-4451-be66-97c2642c3139,1.77734439358413e+18
c6b1ee29-0c20-4451-be66-97c2642c3139,1.777344393617473e+18
c6b1ee29-0c20-4451-be66-97c2642c3139,1.777344393650816e+18
c6b1ee29-0c20-4451-be66-97c2642c3139,1.777344393684159e+18
c6b1ee29-0c20-4451-be66-97c2642c3139,1.777344393717502e+18
c6b1ee29-0c20-4451-be66-97c2642c3139,1.7773443937508452e+18
c6b1ee29-0c20-4451-be66-97c2642c3139,1.7773443937841882e+18
c6b1ee29-0c20-4451-be66-97c2642c3139,1.7773443938175311e+18
c6b1ee29-0c20-4451-be66-97c2642c3139,1.777344393850874e+18
c6b1ee29-0c20-4451-be66-97c2642c3139,1.777344393884217e+18
c6b1ee29-0c20-4451-be66-97c2642c3139,1.77734439391756e+18
c6b1ee29-0c20-4451-be66-97c2642c3139,1.777344393950903e+18
c6b1ee29-0c20-4451-be66-97c2642c3139,1.777344393984246e+18
c6b1ee29-0c20-4451-be66-97c2642c3139,1.777344394017589e+18
c6b1ee29-0c20-4451-be66-97c2642c3139,1.777344394050932e+18
c6b1ee29-0c20-4451-be66-97c2642c3139,1.777344394084276e+18
c6b1ee29-0c20-4451-be66-97c2642c3139,1.7773443941176192e+18
c6b1ee29-0c20-4451-be66-97c2642c3139,1.7773443941509622e+18
c6b1ee29-0c20-4451-be66-97c2642c3139,1.7773443941843052e+18
c6b1ee29-0c20-4451-be66-97c2642c3139,1.777344394217648e+18
c6b1ee29-0c20-4451-be66-97c2642c3139,1.777344394250991e+18
c6b1ee29-0c20-4451-be66-97c2642c3139,1.777344394284334e+18
c6b1ee29-0c20-4451-be66-97c2642c3139,1.777344394317677e+18
c6b1ee29-0c20-4451-be66-97c2642c3139,1.77734439435102e+18
c6b1ee29-0c20-4451-be66-97c2642c3139,1.777344394384363e+18
c6b1ee29-0c20-4451-be66-97c2642c3139,1.777344394417706e+18
c6b1ee29-0c20-4451-be66-97c2642c3139,1.777344394451049e+18
c6b1ee29-0c20-4451-be66-97c2642c3139,1.7773443944843922e+18
c6b1ee29-0c20-4451-be66-97c2642c3139,1.7773443945177352e+18
c6b1ee29-0c20-4451-be66-97c2642c3139,1.7773443945510781e+18
c6b1ee29-0c20-4451-be66-97c2642c3139,1.777344394584421e+18
c6b1ee29-0c20-4451-be66-97c2642c3139,1.777344394617764e+18
c6b1ee29-0c20-4451-be66-97c2642c3139,1.777344394651107e+18
c6b1ee29-0c20-4451-be66-97c2642c3139,1.77734439468445e+18
c6b1ee29-0c20-4451-be66-97c2642c3139,1.777344394717793e+18
c6b1ee29-0c20-4451-be66-97c2642c3139,1.777344394751137e+18
c6b1ee29-0c20-4451-be66-97c2642c3139,1.77734439478448e+18
c6b1ee29-0c20-4451-be66-97c2642c3139,1.777344394817823e+18
c6b1ee29-0c20-4451-be66-97c2642c3139,1.777344394851166e+18
c6b1ee29-0c20-4451-be66-97c2642c3139,1.7773443948845092e+18
c6b1ee29-0c20-4451-be66-97c2642c3139,1.7773443949178522e+18
c6b1ee29-0c20-4451-be66-97c2642c3139,1.7773443949511951e+18
c6b1ee29-0c20-4451-be66-97c2642c3139,1.777344394984538e+18
c6b1ee29-0c20-4451-be66-97c2642c3139,1.777344395017881e+18
c6b1ee29-0c20-4451-be66-97c2642c3139,1.777344395051224e+18
c6b1ee29-0c20-4451-be66-97c2642c3139,1.777344395084567e+18
c6b1ee29-0c20-4451-be66-97c2642c3139,1.77734439511791e+18
c6b1ee29-0c20-4451-be66-97c2642c3139,1.777344395151253e+18
c6b1ee29-0c20-4451-be66-97c2642c3139,1.777344395184596e+18
c6b1ee29-0c20-4451-be66-97c2642c3139,1.7773443952179392e+18
c6b1ee29-0c20-4451-be66-97c2642c3139,1.7773443952512822e+18
c6b1ee29-0c20-4451-be66-97c2642c3139,1.7773443952846252e+18
c6b1ee29-0c20-4451-be66-97c2642c3139,1.7773443953179681e+18
c6b1ee29-0c20-4451-be66-97c2642c3139,1.777344395351311e+18
c6b1ee29-0c20-4451-be66-97c2642c3139,1.777344395384654e+18
c6b1ee29-0c20-4451-be66-97c2642c3139,1.777344395417998e+18
c6b1ee29-0c20-4451-be66-97c2642c3139,1.777344395451341e+18
c6b1ee29-0c20-4451-be66-97c2642c3139,1.777344395484684e+18
c6b1ee29-0c20-4451-be66-97c2642c3139,1.777344395518027e+18
c6b1ee29-0c20-4451-be66-97c2642c3139,1.77734439555137e+18
c6b1ee29-0c20-4451-be66-97c2642c3139,1.777344395584713e+18
c6b1ee29-0c20-4451-be66-97c2642c3139,1.7773443956180562e+18
c6b1ee29-0c20-4451-be66-97c2642c3139,1.7773443956513992e+18
c6b1ee29-0c20-4451-be66-97c2642c3139,1.7773443956847421e+18
c6b1ee29-0c20-4451-be66-97c2642c3139,1.777344395718085e+18
c6b1ee29-0c20-4451-be66-97c2642c3139,1.777344395751428e+18
c6b1ee29-0c20-4451-be66-97c2642c3139,1.777344395784771e+18
c6b1ee29-0c20-4451-be66-97c2642c3139,1.777344395818114e+18
c6b1ee29-0c20-4451-be66-97c2642c3139,1.777344395851457e+18
c6b1ee29-0c20-4451-be66-97c2642c3139,1.7773443958848e+18
c6b1ee29-0c20-4451-be66-97c2642c3139,1.777344395918143e+18
c6b1ee29-0c20-4451-be66-97c2642c3139,1.777344395951486e+18
c6b1ee29-0c20-4451-be66-97c2642c3139,1.7773443959848292e+18
c6b1ee29-0c20-4451-be66-97c2642c3139,1.7773443960181722e+18
c6b1ee29-0c20-4451-be66-97c2642c3139,1.7773443960515151e+18
c6b1ee29-0c20-4451-be66-97c2642c3139,1.777344396084858e+18
c6b1ee29-0c20-4451-be66-97c2642c3139,1.777344396118202e+18
c6b1ee29-0c20-4451-be66-97c2642c3139,1.777344396151545e+18
c6b1ee29-0c20-4451-be66-97c2642c3139,1.777344396184888e+18
c6b1ee29-0c20-4451-be66-97c2642c3139,1.777344396218231e+18
c6b1ee29-0c20-4451-be66-97c2642c3139,1.777344396251574e+18
c6b1ee29-0c20-4451-be66-97c2642c3139,1.777344396284917e+18
c6b1ee29-0c20-4451-be66-97c2642c3139,1.77734439631826e+18
c6b1ee29-0c20-4451-be66-97c2642c3139,1.7773443963516032e+18
c6b1ee29-0c20-4451-be66-97c2642c3139,1.7773443963849462e+18
c6b1ee29-0c20-4451-be66-97c2642c3139,1.7773443964182892e+18
c6b1ee29-0c20-4451-be66-97c2642c3139,1.777344396451632e+18
c6b1ee29-0c20-4451-be66-97c2642c3139,1.777344396484975e+18
c6b1ee29-0c20-4451-be66-97c2642c3139,1.777344396518318e+18
c6b1ee29-0c20-4451-be66-97c2642c3139,1.777344396551661e+18
c6b1ee29-0c20-4451-be66-97c2642c3139,1.777344396585004e+18
c6b1ee29-0c20-4451-be66-97c2642c3139,1.777344396618347e+18
c6b1ee29-0c20-4451-be66-97c2642c3139,1.77734439665169e+18
c6b1ee29-0c20-4451-be66-97c2642c3139,1.777344396685033e+18
c6b1ee29-0c20-4451-be66-97c2642c3139,1.7773443967183762e+18
c6b1ee29-0c20-4451-be66-97c2642c3139,1.7773443967517192e+18
c6b1ee29-0c20-4451-be66-97c2642c3139,1.7773443967850621e+18
c6b1ee29-0c20-4451-be66-97c2642c3139,1.7773443968184061e+18
c6b1ee29-0c20-4451-be66-97c2642c3139,1.777344396851749e+18
c6b1ee29-0c20-4451-be66-97c2642c3139,1.777344396885092e+18
c6b1ee29-0c20-4451-be66-97c2642c3139,1.777344396918435e+18
c6b1ee29-0c20-4451-be66-97c2642c3139,1.777344396951778e+18
c6b1ee29-0c20-4451-be66-97c2642c3139,1.777344396985121e+18
c6b1ee29-0c20-4451-be66-97c2642c3139,1.777344397018464e+18
c6b1ee29-0c20-4451-be66-97c2642c3139,1.777344397051807e+18
c6b1ee29-0c20-4451-be66-97c2642c3139,1.77734439708515e+18
c6b1ee29-0c20-4451-be66-97c2642c3139,1.7773443971184932e+18
c6b1ee29-0c20-4451-be66-97c2642c3139,1.7773443971518362e+18
c6b1ee29-0c20-4451-be66-97c2642c3139,1.7773443971851791e+18
c6b1ee29-0c20-4451-be66-97c2642c3139,1.777344397218522e+18
c6b1ee29-0c20-4451-be66-97c2642c3139,1.777344397251865e+18
c6b1ee29-0c20-4451-be66-97c2642c3139,1.777344397285208e+18
c6b1ee29-0c20-4451-be66-97c2642c3139,1.777344397318551e+18
c6b1ee29-0c20-4451-be66-97c2642c3139,1.777344397351894e+18
c6b1ee29-0c20-4451-be66-97c2642c3139,1.777344397385237e+18
c6b1ee29-0c20-4451-be66-97c2642c3139,1.77734439741858e+18
c6b1ee29-0c20-4451-be66-97c2642c3139,1.7773443974519232e+18
c6b1ee29-0c20-4451-be66-97c2642c3139,1.7773443974852672e+18
c6b1ee29-0c20-4451-be66-97c2642c3139,1.7773443975186102e+18
c6b1ee29-0c20-4451-be66-97c2642c3139,1.7773443975519532e+18
c6b1ee29-0c20-4451-be66-97c2642c3139,1.7773443975852961e+18
c6b1ee29-0c20-4451-be66-97c2642c3139,1.777344397618639e+18
c6b1ee29-0c20-4451-be66-97c2642c3139,1.777344397651982e+18
c6b1ee29-0c20-4451-be66-97c2642c3139,1.777344397685325e+18
c6b1ee29-0c20-4451-be66-97c2642c3139,1.777344397718668e+18
c6b1ee29-0c20-4451-be66-97c2642c3139,1.777344397752011e+18
c6b1ee29-0c20-4451-be66-97c2642c3139,1.777344397785354e+18
c6b1ee29-0c20-4451-be66-97c2642c3139,1.777344397818697e+18
c6b1ee29-0c20-4451-be66-97c2642c3139,1.7773443978520402e+18
c6b1ee29-0c20-4451-be66-97c2642c3139,1.7773443978853832e+18
c6b1ee29-0c20-4451-be66-97c2642c3139,1.7773443979187261e+18
c6b1ee29-0c20-4451-be66-97c2642c3139,1.777344397952069e+18
c6b1ee29-0c20-4451-be66-97c2642c3139,1.777344397985412e+18
c6b1ee29-0c20-4451-be66-97c2642c3139,1.777344398018755e+18
c6b1ee29-0c20-4451-be66-97c2642c3139,1.777344398052098e+18
c6b1ee29-0c20-4451-be66-97c2642c3139,1.777344398085441e+18
c6b1ee29-0c20-4451-be66-97c2642c3139,1.777344398118784e+18
c6b1ee29-0c20-4451-be66-97c2642c3139,1.777344398152127e+18
c6b1ee29-0c20-4451-be66-97c2642c3139,1.777344398185471e+18
c6b1ee29-0c20-4451-be66-97c2642c3139,1.777344398218814e+18
c6b1ee29-0c20-4451-be66-97c2642c3139,1.7773443982521572e+18
c6b1ee29-0c20-4451-be66-97c2642c3139,1.7773443982855002e+18
c6b1ee29-0c20-4451-be66-97c2642c3139,1.7773443983188431e+18
c6b1ee29-0c20-4451-be66-97c2642c3139,1.777344398352186e+18
c6b1ee29-0c20-4451-be66-97c2642c3139,1.777344398385529e+18
c6b1ee29-0c20-4451-be66-97c2642c3139,1.777344398418872e+18
c6b1ee29-0c20-4451-be66-97c2642c3139,1.777344398452215e+18
c6b1ee29-0c20-4451-be66-97c2642c3139,1.777344398485558e+18
c6b1ee29-0c20-4451-be66-97c2642c3139,1.777344398518901e+18
c6b1ee29-0c20-4451-be66-97c2642c3139,1.777344398552244e+18
c6b1ee29-0c20-4451-be66-97c2642c3139,1.7773443985855872e+18
c6b1ee29-0c20-4451-be66-97c2642c3139,1.7773443986189302e+18
c6b1ee29-0c20-4451-be66-97c2642c3139,1.7773443986522732e+18
c6b1ee29-0c20-4451-be66-97c2642c3139,1.777344398685616e+18
c6b1ee29-0c20-4451-be66-97c2642c3139,1.777344398718959e+18
c6b1ee29-0c20-4451-be66-97c2642c3139,1.777344398752302e+18
c6b1ee29-0c20-4451-be66-97c2642c3139,1.777344398785645e+18
c6b1ee29-0c20-4451-be66-97c2642c3139,1.777344398818988e+18
c6b1ee29-0c20-4451-be66-97c2642c3139,1.777344398852331e+18
c6b1ee29-0c20-4451-be66-97c2642c3139,1.777344398885675e+18
c6b1ee29-0c20-4451-be66-97c2642c3139,1.777344398919018e+18
c6b1ee29-0c20-4451-be66-97c2642c3139,1.777344398952361e+18
c6b1ee29-0c20-4451-be66-97c2642c3139,1.7773443989857042e+18
c6b1ee29-0c20-4451-be66-97c2642c3139,1.7773443990190472e+18
c6b1ee29-0c20-4451-be66-97c2642c3139,1.7773443990523901e+18
c6b1ee29-0c20-4451-be66-97c2642c3139,1.777344399085733e+18
c6b1ee29-0c20-4451-be66-97c2642c3139,1.777344399119076e+18
c6b1ee29-0c20-4451-be66-97c2642c3139,1.777344399152419e+18
c6b1ee29-0c20-4451-be66-97c2642c3139,1.777344399185762e+18
c6b1ee29-0c20-4451-be66-97c2642c3139,1.777344399219105e+18
c6b1ee29-0c20-4451-be66-97c2642c3139,1.777344399252448e+18
c6b1ee29-0c20-4451-be66-97c2642c3139,1.777344399285791e+18
c6b1ee29-0c20-4451-be66-97c2642c3139,1.777344399319134e+18
c6b1ee29-0c20-4451-be66-97c2642c3139,1.7773443993524772e+18
c6b1ee29-0c20-4451-be66-97c2642c3139,1.7773443993858202e+18
c6b1ee29-0c20-4451-be66-97c2642c3139,1.7773443994191631e+18
c6b1ee29-0c20-4451-be66-97c2642c3139,1.777344399452506e+18
c6b1ee29-0c20-4451-be66-97c2642c3139,1.777344399485849e+18
c6b1ee29-0c20-4451-be66-97c2642c3139,1.777344399519192e+18
c6b1ee29-0c20-4451-be66-97c2642c3139,1.777344399552536e+18
c6b1ee29-0c20-4451-be66-97c2642c3139,1.777344399585879e+18
c6b1ee29-0c20-4451-be66-97c2642c3139,1.777344399619222e+18
c6b1ee29-0c20-4451-be66-97c2642c3139,1.777344399652565e+18
c6b1ee29-0c20-4451-be66-97c2642c3139,1.777344399685908e+18
c6b1ee29-0c20-4451-be66-97c2642c3139,1.7773443997192512e+18
c6b1ee29-0c20-4451-be66-97c2642c3139,1.7773443997525942e+18
c6b1ee29-0c20-4451-be66-97c2642c3139,1.7773443997859372e+18
c6b1ee29-0c20-4451-be66-97c2642c3139,1.7773443998192801e+18
c6b1ee29-0c20-4451-be66-97c2642c3139,1.777344399852623e+18
c6b1ee29-0c20-4451-be66-97c2642c3139,1.777344399885966e+18
c6b1ee29-0c20-4451-be66-97c2642c3139,1.777344399919309e+18
c6b1ee29-0c20-4451-be66-97c2642c3139,1.777344399952652e+18
c6b1ee29-0c20-4451-be66-97c2642c3139,1.777344399985995e+18
c6b1ee29-0c20-4451-be66-97c2642c3139,1.777344400019338e+18
c6b1ee29-0c20-4451-be66-97c2642c3139,1.777344400052681e+18
c6b1ee29-0c20-4451-be66-97c2642c3139,1.7773444000860242e+18
c6b1ee29-0c20-4451-be66-97c2642c3139,1.7773444001193672e+18
c6b1ee29-0c20-4451-be66-97c2642c3139,1.7773444001527101e+18
c6b1ee29-0c20-4451-be66-97c2642c3139,1.777344400186053e+18
c6b1ee29-0c20-4451-be66-97c2642c3139,1.777344400219397e+18
c6b1ee29-0c20-4451-be66-97c2642c3139,1.77734440025274e+18
c6b1ee29-0c20-4451-be66-97c2642c3139,1.777344400286083e+18
c6b1ee29-0c20-4451-be66-97c2642c3139,1.777344400319426e+18
c6b1ee29-0c20-4451-be66-97c2642c3139,1.777344400352769e+18
c6b1ee29-0c20-4451-be66-97c2642c3139,1.777344400386112e+18
c6b1ee29-0c20-4451-be66-97c2642c3139,1.777344400419455e+18
c6b1ee29-0c20-4451-be66-97c2642c3139,1.777344400452798e+18
c6b1ee29-0c20-4451-be66-97c2642c3139,1.7773444004861412e+18
c6b1ee29-0c20-4451-be66-97c2642c3139,1.7773444005194842e+18
c6b1ee29-0c20-4451-be66-97c2642c3139,1.7773444005528271e+18
c6b1ee29-0c20-4451-be66-97c2642c3139,1.77734440058617e+18
c6b1ee29-0c20-4451-be66-97c2642c3139,1.777344400619513e+18
c6b1ee29-0c20-4451-be66-97c2642c3139,1.777344400652856e+18
c6b1ee29-0c20-4451-be66-97c2642c3139,1.777344400686199e+18
c6b1ee29-0c20-4451-be66-97c2642c3139,1.777344400719542e+18
c6b1ee29-0c20-4451-be66-97c2642c3139,1.777344400752885e+18
c6b1ee29-0c20-4451-be66-97c2642c3139,1.777344400786228e+18
c6b1ee29-0c20-4451-be66-97c2642c3139,1.7773444008195712e+18
c6b1ee29-0c20-4451-be66-97c2642c3139,1.7773444008529142e+18
c6b1ee29-0c20-4451-be66-97c2642c3139,1.7773444008862582e+18
c6b1ee29-0c20-4451-be66-97c2642c3139,1.7773444009196012e+18
c6b1ee29-0c20-4451-be66-97c2642c3139,1.777344400952944e+18
c6b1ee29-0c20-4451-be66-97c2642c3139,1.777344400986287e+18
c6b1ee29-0c20-4451-be66-97c2642c3139,1.77734440101963e+18
c6b1ee29-0c20-4451-be66-97c2642c3139,1.777344401052973e+18
c6b1ee29-0c20-4451-be66-97c2642c3139,1.777344401086316e+18
c6b1ee29-0c20-4451-be66-97c2642c3139,1.777344401119659e+18
c6b1ee29-0c20-4451-be66-97c2642c3139,1.777344401153002e+18
c6b1ee29-0c20-4451-be66-97c2642c3139,1.777344401186345e+18
c6b1ee29-0c20-4451-be66-97c2642c3139,1.7773444012196882e+18
c6b1ee29-0c20-4451-be66-97c2642c3139,1.7773444012530312e+18
c6b1ee29-0c20-4451-be66-97c2642c3139,1.7773444012863741e+18
c6b1ee29-0c20-4451-be66-97c2642c3139,1.777344401319717e+18
c6b1ee29-0c20-4451-be66-97c2642c3139,1.77734440135306e+18
c6b1ee29-0c20-4451-be66-97c2642c3139,1.777344401386403e+18
c6b1ee29-0c20-4451-be66-97c2642c3139,1.777344401419746e+18
c6b1ee29-0c20-4451-be66-97c2642c3139,1.777344401453089e+18
c6b1ee29-0c20-4451-be66-97c2642c3139,1.777344401486432e+18
c6b1ee29-0c20-4451-be66-97c2642c3139,1.777344401519775e+18
c6b1ee29-0c20-4451-be66-97c2642c3139,1.777344401553118e+18
c6b1ee29-0c20-4451-be66-97c2642c3139,1.777344401586462e+18
c6b1ee29-0c20-4451-be66-97c2642c3139,1.7773444016198052e+18
c6b1ee29-0c20-4451-be66-97c2642c3139,1.7773444016531482e+18
c6b1ee29-0c20-4451-be66-97c2642c3139,1.7773444016864911e+18
c6b1ee29-0c20-4451-be66-97c2642c3139,1.777344401719834e+18
c6b1ee29-0c20-4451-be66-97c2642c3139,1.777344401753177e+18
c6b1ee29-0c20-4451-be66-97c2642c3139,1.77734440178652e+18
c6b1ee29-0c20-4451-be66-97c2642c3139,1.777344401819863e+18
c6b1ee29-0c20-4451-be66-97c2642c3139,1.777344401853206e+18
c6b1ee29-0c20-4451-be66-97c2642c3139,1.777344401886549e+18
c6b1ee29-0c20-4451-be66-97c2642c3139,1.777344401919892e+18
c6b1ee29-0c20-4451-be66-97c2642c3139,1.7773444019532352e+18
c6b1ee29-0c20-4451-be66-97c2642c3139,1.7773444019865782e+18
c6b1ee29-0c20-4451-be66-97c2642c3139,1.7773444020199212e+18
c6b1ee29-0c20-4451-be66-97c2642c3139,1.7773444020532641e+18
c6b1ee29-0c20-4451-be66-97c2642c3139,1.777344402086607e+18
c6b1ee29-0c20-4451-be66-97c2642c3139,1.77734440211995e+18
c6b1ee29-0c20-4451-be66-97c2642c3139,1.777344402153293e+18
c6b1ee29-0c20-4451-be66-97c2642c3139,1.777344402186636e+18
c6b1ee29-0c20-4451-be66-97c2642c3139,1.777344402219979e+18
c6b1ee29-0c20-4451-be66-97c2642c3139,1.777344402253322e+18
c6b1ee29-0c20-4451-be66-97c2642c3139,1.777344402286666e+18
c6b1ee29-0c20-4451-be66-97c2642c3139,1.777344402320009e+18
c6b1ee29-0c20-4451-be66-97c2642c3139,1.7773444023533522e+18
c6b1ee29-0c20-4451-be66-97c2642c3139,1.7773444023866952e+18
c6b1ee29-0c20-4451-be66-97c2642c3139,1.7773444024200381e+18
c6b1ee29-0c20-4451-be66-97c2642c3139,1.777344402453381e+18
c6b1ee29-0c20-4451-be66-97c2642c3139,1.777344402486724e+18
c6b1ee29-0c20-4451-be66-97c2642c3139,1.777344402520067e+18
c6b1ee29-0c20-4451-be66-97c2642c3139,1.77734440255341e+18
c6b1ee29-0c20-4451-be66-97c2642c3139,1.777344402586753e+18
c6b1ee29-0c20-4451-be66-97c2642c3139,1.777344402620096e+18
c6b1ee29-0c20-4451-be66-97c2642c3139,1.777344402653439e+18
c6b1ee29-0c20-4451-be66-97c2642c3139,1.777344402686782e+18
c6b1ee29-0c20-4451-be66-97c2642c3139,1.7773444027201252e+18
c6b1ee29-0c20-4451-be66-97c2642c3139,1.7773444027534682e+18
c6b1ee29-0c20-4451-be66-97c2642c3139,1.7773444027868111e+18
c6b1ee29-0c20-4451-be66-97c2642c3139,1.777344402820154e+18
c6b1ee29-0c20-4451-be66-97c2642c3139,1.777344402853497e+18
c6b1ee29-0c20-4451-be66-97c2642c3139,1.77734440288684e+18
c6b1ee29-0c20-4451-be66-97c2642c3139,1.777344402920183e+18
c6b1ee29-0c20-4451-be66-97c2642c3139,1.777344402953526e+18
c6b1ee29-0c20-4451-be66-97c2642c3139,1.77734440298687e+18
c6b1ee29-0c20-4451-be66-97c2642c3139,1.777344403020213e+18
c6b1ee29-0c20-4451-be66-97c2642c3139,1.777344403053556e+18
c6b1ee29-0c20-4451-be66-97c2642c3139,1.7773444030868992e+18
c6b1ee29-0c20-4451-be66-97c2642c3139,1.7773444031202422e+18
c6b1ee29-0c20-4451-be66-97c2642c3139,1.7773444031535852e+18
c6b1ee29-0c20-4451-be66-97c2642c3139,1.777344403186928e+18
c6b1ee29-0c20-4451-be66-97c2642c3139,1.777344403220271e+18
c6b1ee29-0c20-4451-be66-97c2642c3139,1.777344403253614e+18
c6b1ee29-0c20-4451-be66-97c2642c3139,1.777344403286957e+18
c6b1ee29-0c20-4451-be66-97c2642c3139,1.7773444033203e+18
c6b1ee29-0c20-4451-be66-97c2642c3139,1.777344403353643e+18
c6b1ee29-0c20-4451-be66-97c2642c3139,1.777344403386986e+18
c6b1ee29-0c20-4451-be66-97c2642c3139,1.777344403420329e+18
c6b1ee29-0c20-4451-be66-97c2642c3139,1.7773444034536722e+18
c6b1ee29-0c20-4451-be66-97c2642c3139,1.7773444034870152e+18
c6b1ee29-0c20-4451-be66-97c2642c3139,1.7773444035203581e+18
c6b1ee29-0c20-4451-be66-97c2642c3139,1.777344403553701e+18
c6b1ee29-0c20-4451-be66-97c2642c3139,1.777344403587044e+18
c6b1ee29-0c20-4451-be66-97c2642c3139,1.777344403620387e+18
c6b1ee29-0c20-4451-be66-97c2642c3139,1.777344403653731e+18
c6b1ee29-0c20-4451-be66-97c2642c3139,1.777344403687074e+18
c6b1ee29-0c20-4451-be66-97c2642c3139,1.777344403720417e+18
c6b1ee29-0c20-4451-be66-97c2642c3139,1.77734440375376e+18
c6b1ee29-0c20-4451-be66-97c2642c3139,1.777344403787103e+18
c6b1ee29-0c20-4451-be66-97c2642c3139,1.777344403820446e+18
c6b1ee29-0c20-4451-be66-97c2642c3139,1.7773444038537892e+18
c6b1ee29-0c20-4451-be66-97c2642c3139,1.7773444038871322e+18
c6b1ee29-0c20-4451-be66-97c2642c3139,1.7773444039204751e+18
c6b1ee29-0c20-4451-be66-97c2642c3139,1.777344403953818e+18
c6b1ee29-0c20-4451-be66-97c2642c3139,1.777344403987161e+18
c6b1ee29-0c20-4451-be66-97c2642c3139,1.777344404020504e+18
c6b1ee29-0c20-4451-be66-97c2642c3139,1.777344404053847e+18
c6b1ee29-0c20-4451-be66-97c2642c3139,1.77734440408719e+18
c6b1ee29-0c20-4451-be66-97c2642c3139,1.777344404120533e+18
c6b1ee29-0c20-4451-be66-97c2642c3139,1.777344404153876e+18
c6b1ee29-0c20-4451-be66-97c2642c3139,1.7773444041872192e+18
c6b1ee29-0c20-4451-be66-97c2642c3139,1.7773444042205622e+18
c6b1ee29-0c20-4451-be66-97c2642c3139,1.7773444042539052e+18
c6b1ee29-0c20-4451-be66-97c2642c3139,1.7773444042872481e+18
c6b1ee29-0c20-4451-be66-97c2642c3139,1.777344404320591e+18
c6b1ee29-0c20-4451-be66-97c2642c3139,1.777344404353935e+18
c6b1ee29-0c20-4451-be66-97c2642c3139,1.777344404387278e+18
c6b1ee29-0c20-4451-be66-97c2642c3139,1.777344404420621e+18
c6b1ee29-0c20-4451-be66-97c2642c3139,1.777344404453964e+18
c6b1ee29-0c20-4451-be66-97c2642c3139,1.777344404487307e+18
c6b1ee29-0c20-4451-be66-97c2642c3139,1.77734440452065e+18
c6b1ee29-0c20-4451-be66-97c2642c3139,1.777344404553993e+18
c6b1ee29-0c20-4451-be66-97c2642c3139,1.7773444045873362e+18
c6b1ee29-0c20-4451-be66-97c2642c3139,1.7773444046206792e+18
c6b1ee29-0c20-4451-be66-97c2642c3139,1.7773444046540221e+18
c6b1ee29-0c20-4451-be66-97c2642c3139,1.777344404687365e+18
c6b1ee29-0c20-4451-be66-97c2642c3139,1.777344404720708e+18
c6b1ee29-0c20-4451-be66-97c2642c3139,1.777344404754051e+18
c6b1ee29-0c20-4451-be66-97c2642c3139,1.777344404787394e+18
c6b1ee29-0c20-4451-be66-97c2642c3139,1.777344404820737e+18
c6b1ee29-0c20-4451-be66-97c2642c3139,1.77734440485408e+18
c6b1ee29-0c20-4451-be66-97c2642c3139,1.777344404887423e+18
c6b1ee29-0c20-4451-be66-97c2642c3139,1.777344404920766e+18
c6b1ee29-0c20-4451-be66-97c2642c3139,1.7773444049541092e+18
c6b1ee29-0c20-4451-be66-97c2642c3139,1.7773444049874522e+18
c6b1ee29-0c20-4451-be66-97c2642c3139,1.7773444050207962e+18
c6b1ee29-0c20-4451-be66-97c2642c3139,1.7773444050541391e+18
c6b1ee29-0c20-4451-be66-97c2642c3139,1.777344405087482e+18
c6b1ee29-0c20-4451-be66-97c2642c3139,1.777344405120825e+18
c6b1ee29-0c20-4451-be66-97c2642c3139,1.777344405154168e+18
c6b1ee29-0c20-4451-be66-97c2642c3139,1.777344405187511e+18
c6b1ee29-0c20-4451-be66-97c2642c3139,1.777344405220854e+18
c6b1ee29-0c20-4451-be66-97c2642c3139,1.777344405254197e+18
c6b1ee29-0c20-4451-be66-97c2642c3139,1.77734440528754e+18
c6b1ee29-0c20-4451-be66-97c2642c3139,1.7773444053208832e+18
c6b1ee29-0c20-4451-be66-97c2642c3139,1.7773444053542262e+18
c6b1ee29-0c20-4451-be66-97c2642c3139,1.7773444053875692e+18
c6b1ee29-0c20-4451-be66-97c2642c3139,1.777344405420912e+18
c6b1ee29-0c20-4451-be66-97c2642c3139,1.777344405454255e+18
c6b1ee29-0c20-4451-be66-97c2642c3139,1.777344405487598e+18
c6b1ee29-0c20-4451-be66-97c2642c3139,1.777344405520941e+18
c6b1ee29-0c20-4451-be66-97c2642c3139,1.777344405554284e+18
c6b1ee29-0c20-4451-be66-97c2642c3139,1.777344405587627e+18
c6b1ee29-0c20-4451-be66-97c2642c3139,1.77734440562097e+18
c6b1ee29-0c20-4451-be66-97c2642c3139,1.777344405654313e+18
c6b1ee29-0c20-4451-be66-97c2642c3139,1.777344405687657e+18
c6b1ee29-0c20-4451-be66-97c2642c3139,1.7773444057210002e+18
c6b1ee29-0c20-4451-be66-97c2642c3139,1.7773444057543432e+18
c6b1ee29-0c20-4451-be66-97c2642c3139,1.7773444057876861e+18
c6b1ee29-0c20-4451-be66-97c2642c3139,1.777344405821029e+18
c6b1ee29-0c20-4451-be66-97c2642c3139,1.777344405854372e+18
c6b1ee29-0c20-4451-be66-97c2642c3139,1.777344405887715e+18
c6b1ee29-0c20-4451-be66-97c2642c3139,1.777344405921058e+18
c6b1ee29-0c20-4451-be66-97c2642c3139,1.777344405954401e+18
c6b1ee29-0c20-4451-be66-97c2642c3139,1.777344405987744e+18
c6b1ee29-0c20-4451-be66-97c2642c3139,1.777344406021087e+18
c6b1ee29-0c20-4451-be66-97c2642c3139,1.77734440605443e+18
c6b1ee29-0c20-4451-be66-97c2642c3139,1.7773444060877732e+18
c6b1ee29-0c20-4451-be66-97c2642c3139,1.7773444061211162e+18
c6b1ee29-0c20-4451-be66-97c2642c3139,1.7773444061544591e+18
c6b1ee29-0c20-4451-be66-97c2642c3139,1.777344406187802e+18
c6b1ee29-0c20-4451-be66-97c2642c3139,1.777344406221145e+18
c6b1ee29-0c20-4451-be66-97c2642c3139,1.777344406254488e+18
c6b1ee29-0c20-4451-be66-97c2642c3139,1.777344406287831e+18
c6b1ee29-0c20-4451-be66-97c2642c3139,1.777344406321174e+18
c6b1ee29-0c20-4451-be66-97c2642c3139,1.777344406354518e+18
c6b1ee29-0c20-4451-be66-97c2642c3139,1.777344406387861e+18
c6b1ee29-0c20-4451-be66-97c2642c3139,1.777344406421204e+18
c6b1ee29-0c20-4451-be66-97c2642c3139,1.7773444064545472e+18
c6b1ee29-0c20-4451-be66-97c2642c3139,1.7773444064878902e+18
c6b1ee29-0c20-4451-be66-97c2642c3139,1.7773444065212332e+18
c6b1ee29-0c20-4451-be66-97c2642c3139,1.7773444065545761e+18
c6b1ee29-0c20-4451-be66-97c2642c3139,1.777344406587919e+18
c6b1ee29-0c20-4451-be66-97c2642c3139,1.777344406621262e+18
c6b1ee29-0c20-4451-be66-97c2642c3139,1.777344406654605e+18
c6b1ee29-0c20-4451-be66-97c2642c3139,1.777344406687948e+18
c6b1ee29-0c20-4451-be66-97c2642c3139,1.777344406721291e+18
c6b1ee29-0c20-4451-be66-97c2642c3139,1.777344406754634e+18
c6b1ee29-0c20-4451-be66-97c2642c3139,1.777344406787977e+18
c6b1ee29-0c20-4451-be66-97c2642c3139,1.7773444068213202e+18
c6b1ee29-0c20-4451-be66-97c2642c3139,1.7773444068546632e+18
c6b1ee29-0c20-4451-be66-97c2642c3139,1.7773444068880061e+18
c6b1ee29-0c20-4451-be66-97c2642c3139,1.777344406921349e+18
c6b1ee29-0c20-4451-be66-97c2642c3139,1.777344406954692e+18
c6b1ee29-0c20-4451-be66-97c2642c3139,1.777344406988035e+18
c6b1ee29-0c20-4451-be66-97c2642c3139,1.777344407021378e+18
c6b1ee29-0c20-4451-be66-97c2642c3139,1.777344407054722e+18
c6b1ee29-0c20-4451-be66-97c2642c3139,1.777344407088065e+18
c6b1ee29-0c20-4451-be66-97c2642c3139,1.777344407121408e+18
c6b1ee29-0c20-4451-be66-97c2642c3139,1.777344407154751e+18
c6b1ee29-0c20-4451-be66-97c2642c3139,1.777344407188094e+18
c6b1ee29-0c20-4451-be66-97c2642c3139,1.7773444072214372e+18
c6b1ee29-0c20-4451-be66-97c2642c3139,1.7773444072547802e+18
c6b1ee29-0c20-4451-be66-97c2642c3139,1.7773444072881231e+18
c6b1ee29-0c20-4451-be66-97c2642c3139,1.777344407321466e+18
c6b1ee29-0c20-4451-be66-97c2642c3139,1.777344407354809e+18
c6b1ee29-0c20-4451-be66-97c2642c3139,1.777344407388152e+18
c6b1ee29-0c20-4451-be66-97c2642c3139,1.777344407421495e+18
c6b1ee29-0c20-4451-be66-97c2642c3139,1.777344407454838e+18
c6b1ee29-0c20-4451-be66-97c2642c3139,1.777344407488181e+18
c6b1ee29-0c20-4451-be66-97c2642c3139,1.777344407521524e+18
c6b1ee29-0c20-4451-be66-97c2642c3139,1.7773444075548672e+18
c6b1ee29-0c20-4451-be66-97c2642c3139,1.7773444075882102e+18
c6b1ee29-0c20-4451-be66-97c2642c3139,1.7773444076215532e+18
c6b1ee29-0c20-4451-be66-97c2642c3139,1.777344407654896e+18
c6b1ee29-0c20-4451-be66-97c2642c3139,1.777344407688239e+18
c6b1ee29-0c20-4451-be66-97c2642c3139,1.777344407721582e+18
c6b1ee29-0c20-4451-be66-97c2642c3139,1.777344407754926e+18
c6b1ee29-0c20-4451-be66-97c2642c3139,1.777344407788269e+18
c6b1ee29-0c20-4451-be66-97c2642c3139,1.777344407821612e+18
c6b1ee29-0c20-4451-be66-97c2642c3139,1.777344407854955e+18
c6b1ee29-0c20-4451-be66-97c2642c3139,1.777344407888298e+18
c6b1ee29-0c20-4451-be66-97c2642c3139,1.777344407921641e+18
c6b1ee29-0c20-4451-be66-97c2642c3139,1.7773444079549842e+18
c6b1ee29-0c20-4451-be66-97c2642c3139,1.7773444079883272e+18
c6b1ee29-0c20-4451-be66-97c2642c3139,1.7773444080216701e+18
c6b1ee29-0c20-4451-be66-97c2642c3139,1.777344408055013e+18
c6b1ee29-0c20-4451-be66-97c2642c3139,1.777344408088356e+18
c6b1ee29-0c20-4451-be66-97c2642c3139,1.777344408121699e+18
c6b1ee29-0c20-4451-be66-97c2642c3139,1.777344408155042e+18
c6b1ee29-0c20-4451-be66-97c2642c3139,1.777344408188385e+18
c6b1ee29-0c20-4451-be66-97c2642c3139,1.777344408221728e+18
c6b1ee29-0c20-4451-be66-97c2642c3139,1.777344408255071e+18
c6b1ee29-0c20-4451-be66-97c2642c3139,1.777344408288414e+18
c6b1ee29-0c20-4451-be66-97c2642c3139,1.7773444083217572e+18
c6b1ee29-0c20-4451-be66-97c2642c3139,1.7773444083551002e+18
c6b1ee29-0c20-4451-be66-97c2642c3139,1.7773444083884431e+18
c6b1ee29-0c20-4451-be66-97c2642c3139,1.777344408421786e+18
c6b1ee29-0c20-4451-be66-97c2642c3139,1.77734440845513e+18
c6b1ee29-0c20-4451-be66-97c2642c3139,1.777344408488473e+18
c6b1ee29-0c20-4451-be66-97c2642c3139,1.777344408521816e+18
c6b1ee29-0c20-4451-be66-97c2642c3139,1.777344408555159e+18
c6b1ee29-0c20-4451-be66-97c2642c3139,1.777344408588502e+18
c6b1ee29-0c20-4451-be66-97c2642c3139,1.777344408621845e+18
c6b1ee29-0c20-4451-be66-97c2642c3139,1.777344408655188e+18
c6b1ee29-0c20-4451-be66-97c2642c3139,1.7773444086885312e+18
c6b1ee29-0c20-4451-be66-97c2642c3139,1.7773444087218742e+18
c6b1ee29-0c20-4451-be66-97c2642c3139,1.7773444087552172e+18
c6b1ee29-0c20-4451-be66-97c2642c3139,1.7773444087885601e+18
c6b1ee29-0c20-4451-be66-97c2642c3139,1.777344408821903e+18
c6b1ee29-0c20-4451-be66-97c2642c3139,1.777344408855246e+18
c6b1ee29-0c20-4451-be66-97c2642c3139,1.777344408888589e+18
c6b1ee29-0c20-4451-be66-97c2642c3139,1.777344408921932e+18
c6b1ee29-0c20-4451-be66-97c2642c3139,1.777344408955275e+18
c6b1ee29-0c20-4451-be66-97c2642c3139,1.777344408988618e+18
c6b1ee29-0c20-4451-be66-97c2642c3139,1.777344409021961e+18
c6b1ee29-0c20-4451-be66-97c2642c3139,1.7773444090553042e+18
c6b1ee29-0c20-4451-be66-97c2642c3139,1.7773444090886472e+18
c6b1ee29-0c20-4451-be66-97c2642c3139,1.7773444091219901e+18
c6b1ee29-0c20-4451-be66-97c2642c3139,1.7773444091553341e+18
c6b1ee29-0c20-4451-be66-97c2642c3139,1.777344409188677e+18
c6b1ee29-0c20-4451-be66-97c2642c3139,1.77734440922202e+18
c6b1ee29-0c20-4451-be66-97c2642c3139,1.777344409255363e+18
c6b1ee29-0c20-4451-be66-97c2642c3139,1.777344409288706e+18
c6b1ee29-0c20-4451-be66-97c2642c3139,1.777344409322049e+18
c6b1ee29-0c20-4451-be66-97c2642c3139,1.777344409355392e+18
c6b1ee29-0c20-4451-be66-97c2642c3139,1.777344409388735e+18
c6b1ee29-0c20-4451-be66-97c2642c3139,1.777344409422078e+18
c6b1ee29-0c20-4451-be66-97c2642c3139,1.7773444094554212e+18
c6b1ee29-0c20-4451-be66-97c2642c3139,1.7773444094887642e+18
c6b1ee29-0c20-4451-be66-97c2642c3139,1.7773444095221071e+18
c6b1ee29-0c20-4451-be66-97c2642c3139,1.77734440955545e+18
c6b1ee29-0c20-4451-be66-97c2642c3139,1.777344409588793e+18
c6b1ee29-0c20-4451-be66-97c2642c3139,1.777344409622136e+18
c6b1ee29-0c20-4451-be66-97c2642c3139,1.777344409655479e+18
c6b1ee29-0c20-4451-be66-97c2642c3139,1.777344409688822e+18
c6b1ee29-0c20-4451-be66-97c2642c3139,1.777344409722165e+18
c6b1ee29-0c20-4451-be66-97c2642c3139,1.777344409755508e+18
c6b1ee29-0c20-4451-be66-97c2642c3139,1.7773444097888512e+18
c6b1ee29-0c20-4451-be66-97c2642c3139,1.7773444098221952e+18
c6b1ee29-0c20-4451-be66-97c2642c3139,1.7773444098555382e+18
c6b1ee29-0c20-4451-be66-97c2642c3139,1.7773444098888812e+18
c6b1ee29-0c20-4451-be66-97c2642c3139,1.777344409922224e+18
c6b1ee29-0c20-4451-be66-97c2642c3139,1.777344409955567e+18
c6b1ee29-0c20-4451-be66-97c2642c3139,1.77734440998891e+18
c6b1ee29-0c20-4451-be66-97c2642c3139,1.777344410022253e+18
c6b1ee29-0c20-4451-be66-97c2642c3139,1.777344410055596e+18
c6b1ee29-0c20-4451-be66-97c2642c3139,1.777344410088939e+18
c6b1ee29-0c20-4451-be66-97c2642c3139,1.777344410122282e+18
c6b1ee29-0c20-4451-be66-97c2642c3139,1.777344410155625e+18
c6b1ee29-0c20-4451-be66-97c2642c3139,1.7773444101889682e+18
c6b1ee29-0c20-4451-be66-97c2642c3139,1.7773444102223112e+18
c6b1ee29-0c20-4451-be66-97c2642c3139,1.7773444102556541e+18
c6b1ee29-0c20-4451-be66-97c2642c3139,1.777344410288997e+18
c6b1ee29-0c20-4451-be66-97c2642c3139,1.77734441032234e+18
c6b1ee29-0c20-4451-be66-97c2642c3139,1.777344410355683e+18
c6b1ee29-0c20-4451-be66-97c2642c3139,1.777344410389026e+18
c6b1ee29-0c20-4451-be66-97c2642c3139,1.777344410422369e+18
c6b1ee29-0c20-4451-be66-97c2642c3139,1.777344410455712e+18
c6b1ee29-0c20-4451-be66-97c2642c3139,1.777344410489056e+18
c6b1ee29-0c20-4451-be66-97c2642c3139,1.777344410522399e+18
c6b1ee29-0c20-4451-be66-97c2642c3139,1.777344410555742e+18
c6b1ee29-0c20-4451-be66-97c2642c3139,1.7773444105890852e+18
c6b1ee29-0c20-4451-be66-97c2642c3139,1.7773444106224282e+18
c6b1ee29-0c20-4451-be66-97c2642c3139,1.7773444106557711e+18
c6b1ee29-0c20-4451-be66-97c2642c3139,1.777344410689114e+18
c6b1ee29-0c20-4451-be66-97c2642c3139,1.777344410722457e+18
c6b1ee29-0c20-4451-be66-97c2642c3139,1.7773444107558e+18
c6b1ee29-0c20-4451-be66-97c2642c3139,1.777344410789143e+18
c6b1ee29-0c20-4451-be66-97c2642c3139,1.777344410822486e+18
c6b1ee29-0c20-4451-be66-97c2642c3139,1.777344410855829e+18
c6b1ee29-0c20-4451-be66-97c2642c3139,1.777344410889172e+18
c6b1ee29-0c20-4451-be66-97c2642c3139,1.7773444109225152e+18
c6b1ee29-0c20-4451-be66-97c2642c3139,1.7773444109558582e+18
c6b1ee29-0c20-4451-be66-97c2642c3139,1.7773444109892012e+18
c6b1ee29-0c20-4451-be66-97c2642c3139,1.7773444110225441e+18
c6b1ee29-0c20-4451-be66-97c2642c3139,1.777344411055887e+18
c6b1ee29-0c20-4451-be66-97c2642c3139,1.77734441108923e+18
c6b1ee29-0c20-4451-be66-97c2642c3139,1.777344411122573e+18
c6b1ee29-0c20-4451-be66-97c2642c3139,1.777344411155917e+18
c6b1ee29-0c20-4451-be66-97c2642c3139,1.77734441118926e+18
c6b1ee29-0c20-4451-be66-97c2642c3139,1.777344411222603e+18
c6b1ee29-0c20-4451-be66-97c2642c3139,1.777344411255946e+18
c6b1ee29-0c20-4451-be66-97c2642c3139,1.777344411289289e+18
c6b1ee29-0c20-4451-be66-97c2642c3139,1.7773444113226322e+18
c6b1ee29-0c20-4451-be66-97c2642c3139,1.7773444113559752e+18
c6b1ee29-0c20-4451-be66-97c2642c3139,1.7773444113893181e+18
c6b1ee29-0c20-4451-be66-97c2642c3139,1.777344411422661e+18
c6b1ee29-0c20-4451-be66-97c2642c3139,1.777344411456004e+18
c6b1ee29-0c20-4451-be66-97c2642c3139,1.777344411489347e+18
c6b1ee29-0c20-4451-be66-97c2642c3139,1.77734441152269e+18
c6b1ee29-0c20-4451-be66-97c2642c3139,1.777344411556033e+18
c6b1ee29-0c20-4451-be66-97c2642c3139,1.777344411589376e+18
c6b1ee29-0c20-4451-be66-97c2642c3139,1.777344411622719e+18
c6b1ee29-0c20-4451-be66-97c2642c3139,1.777344411656062e+18
c6b1ee29-0c20-4451-be66-97c2642c3139,1.7773444116894052e+18
c6b1ee29-0c20-4451-be66-97c2642c3139,1.7773444117227482e+18
c6b1ee29-0c20-4451-be66-97c2642c3139,1.7773444117560911e+18
c6b1ee29-0c20-4451-be66-97c2642c3139,1.777344411789434e+18
c6b1ee29-0c20-4451-be66-97c2642c3139,1.777344411822777e+18
c6b1ee29-0c20-4451-be66-97c2642c3139,1.777344411856121e+18
c6b1ee29-0c20-4451-be66-97c2642c3139,1.777344411889464e+18
c6b1ee29-0c20-4451-be66-97c2642c3139,1.777344411922807e+18
c6b1ee29-0c20-4451-be66-97c2642c3139,1.77734441195615e+18
c6b1ee29-0c20-4451-be66-97c2642c3139,1.777344411989493e+18
c6b1ee29-0c20-4451-be66-97c2642c3139,1.777344412022836e+18
c6b1ee29-0c20-4451-be66-97c2642c3139,1.7773444120561792e+18
c6b1ee29-0c20-4451-be66-97c2642c3139,1.7773444120895222e+18
c6b1ee29-0c20-4451-be66-97c2642c3139,1.7773444121228652e+18
c6b1ee29-0c20-4451-be66-97c2642c3139,1.777344412156208e+18
c6b1ee29-0c20-4451-be66-97c2642c3139,1.777344412189551e+18
c6b1ee29-0c20-4451-be66-97c2642c3139,1.777344412222894e+18
c6b1ee29-0c20-4451-be66-97c2642c3139,1.777344412256237e+18
c6b1ee29-0c20-4451-be66-97c2642c3139,1.77734441228958e+18
c6b1ee29-0c20-4451-be66-97c2642c3139,1.777344412322923e+18
c6b1ee29-0c20-4451-be66-97c2642c3139,1.777344412356266e+18
c6b1ee29-0c20-4451-be66-97c2642c3139,1.777344412389609e+18
c6b1ee29-0c20-4451-be66-97c2642c3139,1.7773444124229522e+18
c6b1ee29-0c20-4451-be66-97c2642c3139,1.7773444124562952e+18
c6b1ee29-0c20-4451-be66-97c2642c3139,1.7773444124896381e+18
c6b1ee29-0c20-4451-be66-97c2642c3139,1.7773444125229821e+18
c6b1ee29-0c20-4451-be66-97c2642c3139,1.777344412556325e+18
c6b1ee29-0c20-4451-be66-97c2642c3139,1.777344412589668e+18
c6b1ee29-0c20-4451-be66-97c2642c3139,1.777344412623011e+18
c6b1ee29-0c20-4451-be66-97c2642c3139,1.777344412656354e+18
c6b1ee29-0c20-4451-be66-97c2642c3139,1.777344412689697e+18
c6b1ee29-0c20-4451-be66-97c2642c3139,1.77734441272304e+18
c6b1ee29-0c20-4451-be66-97c2642c3139,1.777344412756383e+18
c6b1ee29-0c20-4451-be66-97c2642c3139,1.777344412789726e+18
c6b1ee29-0c20-4451-be66-97c2642c3139,1.7773444128230692e+18
c6b1ee29-0c20-4451-be66-97c2642c3139,1.7773444128564122e+18
c6b1ee29-0c20-4451-be66-97c2642c3139,1.7773444128897551e+18
c6b1ee29-0c20-4451-be66-97c2642c3139,1.777344412923098e+18
c6b1ee29-0c20-4451-be66-97c2642c3139,1.777344412956441e+18
c6b1ee29-0c20-4451-be66-97c2642c3139,1.777344412989784e+18
c6b1ee29-0c20-4451-be66-97c2642c3139,1.777344413023127e+18
c6b1ee29-0c20-4451-be66-97c2642c3139,1.77734441305647e+18
c6b1ee29-0c20-4451-be66-97c2642c3139,1.777344413089813e+18
c6b1ee29-0c20-4451-be66-97c2642c3139,1.777344413123156e+18
c6b1ee29-0c20-4451-be66-97c2642c3139,1.7773444131564992e+18
c6b1ee29-0c20-4451-be66-97c2642c3139,1.7773444131898422e+18
c6b1ee29-0c20-4451-be66-97c2642c3139,1.7773444132231862e+18
c6b1ee29-0c20-4451-be66-97c2642c3139,1.7773444132565292e+18
c6b1ee29-0c20-4451-be66-97c2642c3139,1.7773444132898721e+18
c6b1ee29-0c20-4451-be66-97c2642c3139,1.777344413323215e+18
c6b1ee29-0c20-4451-be66-97c2642c3139,1.777344413356558e+18
c6b1ee29-0c20-4451-be66-97c2642c3139,1.777344413389901e+18
c6b1ee29-0c20-4451-be66-97c2642c3139,1.777344413423244e+18
c6b1ee29-0c20-4451-be66-97c2642c3139,1.777344413456587e+18
c6b1ee29-0c20-4451-be66-97c2642c3139,1.77734441348993e+18
c6b1ee29-0c20-4451-be66-97c2642c3139,1.777344413523273e+18
c6b1ee29-0c20-4451-be66-97c2642c3139,1.7773444135566162e+18
c6b1ee29-0c20-4451-be66-97c2642c3139,1.7773444135899592e+18
c6b1ee29-0c20-4451-be66-97c2642c3139,1.7773444136233021e+18
c6b1ee29-0c20-4451-be66-97c2642c3139,1.777344413656645e+18
c6b1ee29-0c20-4451-be66-97c2642c3139,1.777344413689988e+18
c6b1ee29-0c20-4451-be66-97c2642c3139,1.777344413723331e+18
c6b1ee29-0c20-4451-be66-97c2642c3139,1.777344413756674e+18
c6b1ee29-0c20-4451-be66-97c2642c3139,1.777344413790017e+18
c6b1ee29-0c20-4451-be66-97c2642c3139,1.77734441382336e+18
c6b1ee29-0c20-4451-be66-97c2642c3139,1.777344413856703e+18
c6b1ee29-0c20-4451-be66-97c2642c3139,1.777344413890046e+18
c6b1ee29-0c20-4451-be66-97c2642c3139,1.77734441392339e+18
c6b1ee29-0c20-4451-be66-97c2642c3139,1.7773444139567332e+18
c6b1ee29-0c20-4451-be66-97c2642c3139,1.7773444139900762e+18
c6b1ee29-0c20-4451-be66-97c2642c3139,1.7773444140234191e+18
c6b1ee29-0c20-4451-be66-97c2642c3139,1.777344414056762e+18
c6b1ee29-0c20-4451-be66-97c2642c3139,1.777344414090105e+18
c6b1ee29-0c20-4451-be66-97c2642c3139,1.777344414123448e+18
c6b1ee29-0c20-4451-be66-97c2642c3139,1.777344414156791e+18
c6b1ee29-0c20-4451-be66-97c2642c3139,1.777344414190134e+18
c6b1ee29-0c20-4451-be66-97c2642c3139,1.777344414223477e+18
c6b1ee29-0c20-4451-be66-97c2642c3139,1.77734441425682e+18
c6b1ee29-0c20-4451-be66-97c2642c3139,1.7773444142901632e+18
c6b1ee29-0c20-4451-be66-97c2642c3139,1.7773444143235062e+18
c6b1ee29-0c20-4451-be66-97c2642c3139,1.7773444143568492e+18
c6b1ee29-0c20-4451-be66-97c2642c3139,1.777344414390192e+18
c6b1ee29-0c20-4451-be66-97c2642c3139,1.777344414423535e+18
c6b1ee29-0c20-4451-be66-97c2642c3139,1.777344414456878e+18
c6b1ee29-0c20-4451-be66-97c2642c3139,1.777344414490221e+18
c6b1ee29-0c20-4451-be66-97c2642c3139,1.777344414523564e+18
c6b1ee29-0c20-4451-be66-97c2642c3139,1.777344414556907e+18
c6b1ee29-0c20-4451-be66-97c2642c3139,1.77734441459025e+18
c6b1ee29-0c20-4451-be66-97c2642c3139,1.777344414623594e+18
c6b1ee29-0c20-4451-be66-97c2642c3139,1.777344414656937e+18
c6b1ee29-0c20-4451-be66-97c2642c3139,1.7773444146902802e+18
c6b1ee29-0c20-4451-be66-97c2642c3139,1.7773444147236232e+18
c6b1ee29-0c20-4451-be66-97c2642c3139,1.7773444147569661e+18
c6b1ee29-0c20-4451-be66-97c2642c3139,1.777344414790309e+18
c6b1ee29-0c20-4451-be66-97c2642c3139,1.777344414823652e+18
c6b1ee29-0c20-4451-be66-97c2642c3139,1.777344414856995e+18
c6b1ee29-0c20-4451-be66-97c2642c3139,1.777344414890338e+18
c6b1ee29-0c20-4451-be66-97c2642c3139,1.777344414923681e+18
c6b1ee29-0c20-4451-be66-97c2642c3139,1.777344414957024e+18
c6b1ee29-0c20-4451-be66-97c2642c3139,1.777344414990367e+18
c6b1ee29-0c20-4451-be66-97c2642c3139,1.77734441502371e+18
c6b1ee29-0c20-4451-be66-97c2642c3139,1.7773444150570532e+18
c6b1ee29-0c20-4451-be66-97c2642c3139,1.7773444150903962e+18
c6b1ee29-0c20-4451-be66-97c2642c3139,1.7773444151237391e+18
c6b1ee29-0c20-4451-be66-97c2642c3139,1.777344415157082e+18
c6b1ee29-0c20-4451-be66-97c2642c3139,1.777344415190425e+18
c6b1ee29-0c20-4451-be66-97c2642c3139,1.777344415223768e+18
c6b1ee29-0c20-4451-be66-97c2642c3139,1.777344415257111e+18
c6b1ee29-0c20-4451-be66-97c2642c3139,1.777344415290455e+18
c6b1ee29-0c20-4451-be66-97c2642c3139,1.777344415323798e+18
c6b1ee29-0c20-4451-be66-97c2642c3139,1.777344415357141e+18
c6b1ee29-0c20-4451-be66-97c2642c3139,1.777344415390484e+18
c6b1ee29-0c20-4451-be66-97c2642c3139,1.7773444154238272e+18
c6b1ee29-0c20-4451-be66-97c2642c3139,1.7773444154571702e+18
c6b1ee29-0c20-4451-be66-97c2642c3139,1.7773444154905132e+18
c6b1ee29-0c20-4451-be66-97c2642c3139,1.7773444155238561e+18
c6b1ee29-0c20-4451-be66-97c2642c3139,1.777344415557199e+18
c6b1ee29-0c20-4451-be66-97c2642c3139,1.777344415590542e+18
c6b1ee29-0c20-4451-be66-97c2642c3139,1.777344415623885e+18
c6b1ee29-0c20-4451-be66-97c2642c3139,1.777344415657228e+18
c6b1ee29-0c20-4451-be66-97c2642c3139,1.777344415690571e+18
c6b1ee29-0c20-4451-be66-97c2642c3139,1.777344415723914e+18
c6b1ee29-0c20-4451-be66-97c2642c3139,1.777344415757257e+18
c6b1ee29-0c20-4451-be66-97c2642c3139,1.7773444157906002e+18
c6b1ee29-0c20-4451-be66-97c2642c3139,1.7773444158239432e+18
c6b1ee29-0c20-4451-be66-97c2642c3139,1.7773444158572861e+18
c6b1ee29-0c20-4451-be66-97c2642c3139,1.777344415890629e+18
c6b1ee29-0c20-4451-be66-97c2642c3139,1.777344415923972e+18
c6b1ee29-0c20-4451-be66-97c2642c3139,1.777344415957316e+18
c6b1ee29-0c20-4451-be66-97c2642c3139,1.777344415990659e+18
c6b1ee29-0c20-4451-be66-97c2642c3139,1.777344416024002e+18
c6b1ee29-0c20-4451-be66-97c2642c3139,1.777344416057345e+18
c6b1ee29-0c20-4451-be66-97c2642c3139,1.777344416090688e+18
c6b1ee29-0c20-4451-be66-97c2642c3139,1.777344416124031e+18
c6b1ee29-0c20-4451-be66-97c2642c3139,1.777344416157374e+18
c6b1ee29-0c20-4451-be66-97c2642c3139,1.7773444161907172e+18
c6b1ee29-0c20-4451-be66-97c2642c3139,1.7773444162240602e+18
c6b1ee29-0c20-4451-be66-97c2642c3139,1.7773444162574031e+18
c6b1ee29-0c20-4451-be66-97c2642c3139,1.777344416290746e+18
c6b1ee29-0c20-4451-be66-97c2642c3139,1.777344416324089e+18
c6b1ee29-0c20-4451-be66-97c2642c3139,1.777344416357432e+18
c6b1ee29-0c20-4451-be66-97c2642c3139,1.777344416390775e+18
c6b1ee29-0c20-4451-be66-97c2642c3139,1.777344416424118e+18
c6b1ee29-0c20-4451-be66-97c2642c3139,1.777344416457461e+18
c6b1ee29-0c20-4451-be66-97c2642c3139,1.777344416490804e+18
c6b1ee29-0c20-4451-be66-97c2642c3139,1.7773444165241472e+18
c6b1ee29-0c20-4451-be66-97c2642c3139,1.7773444165574902e+18
c6b1ee29-0c20-4451-be66-97c2642c3139,1.7773444165908332e+18
c6b1ee29-0c20-4451-be66-97c2642c3139,1.7773444166241772e+18
c6b1ee29-0c20-4451-be66-97c2642c3139,1.77734441665752e+18
c6b1ee29-0c20-4451-be66-97c2642c3139,1.777344416690863e+18
c6b1ee29-0c20-4451-be66-97c2642c3139,1.777344416724206e+18
c6b1ee29-0c20-4451-be66-97c2642c3139,1.777344416757549e+18
c6b1ee29-0c20-4451-be66-97c2642c3139,1.777344416790892e+18
c6b1ee29-0c20-4451-be66-97c2642c3139,1.777344416824235e+18
c6b1ee29-0c20-4451-be66-97c2642c3139,1.777344416857578e+18
c6b1ee29-0c20-4451-be66-97c2642c3139,1.777344416890921e+18
c6b1ee29-0c20-4451-be66-97c2642c3139,1.7773444169242642e+18
c6b1ee29-0c20-4451-be66-97c2642c3139,1.7773444169576072e+18
c6b1ee29-0c20-4451-be66-97c2642c3139,1.7773444169909501e+18
c6b1ee29-0c20-4451-be66-97c2642c3139,1.777344417024293e+18
c6b1ee29-0c20-4451-be66-97c2642c3139,1.777344417057636e+18
c6b1ee29-0c20-4451-be66-97c2642c3139,1.777344417090979e+18
c6b1ee29-0c20-4451-be66-97c2642c3139,1.777344417124322e+18
c6b1ee29-0c20-4451-be66-97c2642c3139,1.777344417157665e+18
c6b1ee29-0c20-4451-be66-97c2642c3139,1.777344417191008e+18
c6b1ee29-0c20-4451-be66-97c2642c3139,1.777344417224351e+18
c6b1ee29-0c20-4451-be66-97c2642c3139,1.777344417257694e+18
c6b1ee29-0c20-4451-be66-97c2642c3139,1.7773444172910372e+18
c6b1ee29-0c20-4451-be66-97c2642c3139,1.7773444173243812e+18
c6b1ee29-0c20-4451-be66-97c2642c3139,1.7773444173577242e+18
c6b1ee29-0c20-4451-be66-97c2642c3139,1.7773444173910671e+18
c6b1ee29-0c20-4451-be66-97c2642c3139,1.77734441742441e+18
c6b1ee29-0c20-4451-be66-97c2642c3139,1.777344417457753e+18
c6b1ee29-0c20-4451-be66-97c2642c3139,1.777344417491096e+18
c6b1ee29-0c20-4451-be66-97c2642c3139,1.777344417524439e+18
c6b1ee29-0c20-4451-be66-97c2642c3139,1.777344417557782e+18
c6b1ee29-0c20-4451-be66-97c2642c3139,1.777344417591125e+18
c6b1ee29-0c20-4451-be66-97c2642c3139,1.777344417624468e+18
c6b1ee29-0c20-4451-be66-97c2642c3139,1.7773444176578112e+18
c6b1ee29-0c20-4451-be66-97c2642c3139,1.7773444176911542e+18
c6b1ee29-0c20-4451-be66-97c2642c3139,1.7773444177244972e+18
c6b1ee29-0c20-4451-be66-97c2642c3139,1.7773444177578401e+18
c6b1ee29-0c20-4451-be66-97c2642c3139,1.777344417791183e+18
c6b1ee29-0c20-4451-be66-97c2642c3139,1.777344417824526e+18
c6b1ee29-0c20-4451-be66-97c2642c3139,1.777344417857869e+18
c6b1ee29-0c20-4451-be66-97c2642c3139,1.777344417891212e+18
c6b1ee29-0c20-4451-be66-97c2642c3139,1.777344417924555e+18
c6b1ee29-0c20-4451-be66-97c2642c3139,1.777344417957898e+18
c6b1ee29-0c20-4451-be66-97c2642c3139,1.777344417991242e+18
c6b1ee29-0c20-4451-be66-97c2642c3139,1.777344418024585e+18
c6b1ee29-0c20-4451-be66-97c2642c3139,1.7773444180579282e+18
c6b1ee29-0c20-4451-be66-97c2642c3139,1.7773444180912712e+18
c6b1ee29-0c20-4451-be66-97c2642c3139,1.7773444181246141e+18
c6b1ee29-0c20-4451-be66-97c2642c3139,1.777344418157957e+18
c6b1ee29-0c20-4451-be66-97c2642c3139,1.7773444181913e+18
c6b1ee29-0c20-4451-be66-97c2642c3139,1.777344418224643e+18
c6b1ee29-0c20-4451-be66-97c2642c3139,1.777344418257986e+18
c6b1ee29-0c20-4451-be66-97c2642c3139,1.777344418291329e+18
c6b1ee29-0c20-4451-be66-97c2642c3139,1.777344418324672e+18
c6b1ee29-0c20-4451-be66-97c2642c3139,1.777344418358015e+18
c6b1ee29-0c20-4451-be66-97c2642c3139,1.777344418391358e+18
c6b1ee29-0c20-4451-be66-97c2642c3139,1.7773444184247012e+18
c6b1ee29-0c20-4451-be66-97c2642c3139,1.7773444184580442e+18
c6b1ee29-0c20-4451-be66-97c2642c3139,1.7773444184913871e+18
c6b1ee29-0c20-4451-be66-97c2642c3139,1.77734441852473e+18
c6b1ee29-0c20-4451-be66-97c2642c3139,1.777344418558073e+18
c6b1ee29-0c20-4451-be66-97c2642c3139,1.777344418591416e+18
c6b1ee29-0c20-4451-be66-97c2642c3139,1.777344418624759e+18
c6b1ee29-0c20-4451-be66-97c2642c3139,1.777344418658102e+18
c6b1ee29-0c20-4451-be66-97c2642c3139,1.777344418691446e+18
c6b1ee29-0c20-4451-be66-97c2642c3139,1.777344418724789e+18
c6b1ee29-0c20-4451-be66-97c2642c3139,1.777344418758132e+18
c6b1ee29-0c20-4451-be66-97c2642c3139,1.7773444187914752e+18
c6b1ee29-0c20-4451-be66-97c2642c3139,1.7773444188248182e+18
c6b1ee29-0c20-4451-be66-97c2642c3139,1.7773444188581612e+18
c6b1ee29-0c20-4451-be66-97c2642c3139,1.777344418891504e+18
c6b1ee29-0c20-4451-be66-97c2642c3139,1.777344418924847e+18
c6b1ee29-0c20-4451-be66-97c2642c3139,1.77734441895819e+18
c6b1ee29-0c20-4451-be66-97c2642c3139,1.777344418991533e+18
c6b1ee29-0c20-4451-be66-97c2642c3139,1.777344419024876e+18
c6b1ee29-0c20-4451-be66-97c2642c3139,1.777344419058219e+18
c6b1ee29-0c20-4451-be66-97c2642c3139,1.777344419091562e+18
c6b1ee29-0c20-4451-be66-97c2642c3139,1.777344419124905e+18
c6b1ee29-0c20-4451-be66-97c2642c3139,1.7773444191582482e+18
c6b1ee29-0c20-4451-be66-97c2642c3139,1.7773444191915912e+18
c6b1ee29-0c20-4451-be66-97c2642c3139,1.7773444192249341e+18
c6b1ee29-0c20-4451-be66-97c2642c3139,1.777344419258277e+18
c6b1ee29-0c20-4451-be66-97c2642c3139,1.77734441929162e+18
c6b1ee29-0c20-4451-be66-97c2642c3139,1.777344419324963e+18
c6b1ee29-0c20-4451-be66-97c2642c3139,1.777344419358306e+18
c6b1ee29-0c20-4451-be66-97c2642c3139,1.77734441939165e+18
c6b1ee29-0c20-4451-be66-97c2642c3139,1.777344419424993e+18
c6b1ee29-0c20-4451-be66-97c2642c3139,1.777344419458336e+18
c6b1ee29-0c20-4451-be66-97c2642c3139,1.777344419491679e+18
c6b1ee29-0c20-4451-be66-97c2642c3139,1.777344419525022e+18
c6b1ee29-0c20-4451-be66-97c2642c3139,1.7773444195583652e+18
c6b1ee29-0c20-4451-be66-97c2642c3139,1.7773444195917082e+18
c6b1ee29-0c20-4451-be66-97c2642c3139,1.7773444196250511e+18
c6b1ee29-0c20-4451-be66-97c2642c3139,1.777344419658394e+18
c6b1ee29-0c20-4451-be66-97c2642c3139,1.777344419691737e+18
c6b1ee29-0c20-4451-be66-97c2642c3139,1.77734441972508e+18
c6b1ee29-0c20-4451-be66-97c2642c3139,1.777344419758423e+18
c6b1ee29-0c20-4451-be66-97c2642c3139,1.777344419791766e+18
c6b1ee29-0c20-4451-be66-97c2642c3139,1.777344419825109e+18
c6b1ee29-0c20-4451-be66-97c2642c3139,1.777344419858452e+18
c6b1ee29-0c20-4451-be66-97c2642c3139,1.7773444198917952e+18
c6b1ee29-0c20-4451-be66-97c2642c3139,1.7773444199251382e+18
c6b1ee29-0c20-4451-be66-97c2642c3139,1.7773444199584812e+18
c6b1ee29-0c20-4451-be66-97c2642c3139,1.7773444199918241e+18
c6b1ee29-0c20-4451-be66-97c2642c3139,1.777344420025167e+18
c6b1ee29-0c20-4451-be66-97c2642c3139,1.77734442005851e+18
c6b1ee29-0c20-4451-be66-97c2642c3139,1.777344420091854e+18
c6b1ee29-0c20-4451-be66-97c2642c3139,1.777344420125197e+18
c6b1ee29-0c20-4451-be66-97c2642c3139,1.77734442015854e+18
c6b1ee29-0c20-4451-be66-97c2642c3139,1.777344420191883e+18
c6b1ee29-0c20-4451-be66-97c2642c3139,1.777344420225226e+18
c6b1ee29-0c20-4451-be66-97c2642c3139,1.777344420258569e+18
c6b1ee29-0c20-4451-be66-97c2642c3139,1.7773444202919122e+18
c6b1ee29-0c20-4451-be66-97c2642c3139,1.7773444203252552e+18
c6b1ee29-0c20-4451-be66-97c2642c3139,1.7773444203585981e+18
c6b1ee29-0c20-4451-be66-97c2642c3139,1.777344420391941e+18
c6b1ee29-0c20-4451-be66-97c2642c3139,1.777344420425284e+18
c6b1ee29-0c20-4451-be66-97c2642c3139,1.777344420458627e+18
c6b1ee29-0c20-4451-be66-97c2642c3139,1.77734442049197e+18
c6b1ee29-0c20-4451-be66-97c2642c3139,1.777344420525313e+18
c6b1ee29-0c20-4451-be66-97c2642c3139,1.777344420558656e+18
c6b1ee29-0c20-4451-be66-97c2642c3139,1.777344420591999e+18
c6b1ee29-0c20-4451-be66-97c2642c3139,1.777344420625342e+18
c6b1ee29-0c20-4451-be66-97c2642c3139,1.7773444206586852e+18
c6b1ee29-0c20-4451-be66-97c2642c3139,1.7773444206920282e+18
c6b1ee29-0c20-4451-be66-97c2642c3139,1.7773444207253711e+18
c6b1ee29-0c20-4451-be66-97c2642c3139,1.7773444207587151e+18
c6b1ee29-0c20-4451-be66-97c2642c3139,1.777344420792058e+18
c6b1ee29-0c20-4451-be66-97c2642c3139,1.777344420825401e+18
c6b1ee29-0c20-4451-be66-97c2642c3139,1.777344420858744e+18
c6b1ee29-0c20-4451-be66-97c2642c3139,1.777344420892087e+18
c6b1ee29-0c20-4451-be66-97c2642c3139,1.77734442092543e+18
c6b1ee29-0c20-4451-be66-97c2642c3139,1.777344420958773e+18
c6b1ee29-0c20-4451-be66-97c2642c3139,1.777344420992116e+18
c6b1ee29-0c20-4451-be66-97c2642c3139,1.7773444210254592e+18
c6b1ee29-0c20-4451-be66-97c2642c3139,1.7773444210588022e+18
c6b1ee29-0c20-4451-be66-97c2642c3139,1.7773444210921452e+18
c6b1ee29-0c20-4451-be66-97c2642c3139,1.777344421125488e+18
c6b1ee29-0c20-4451-be66-97c2642c3139,1.777344421158831e+18
c6b1ee29-0c20-4451-be66-97c2642c3139,1.777344421192174e+18
c6b1ee29-0c20-4451-be66-97c2642c3139,1.777344421225517e+18
c6b1ee29-0c20-4451-be66-97c2642c3139,1.77734442125886e+18
c6b1ee29-0c20-4451-be66-97c2642c3139,1.777344421292203e+18
c6b1ee29-0c20-4451-be66-97c2642c3139,1.777344421325546e+18
c6b1ee29-0c20-4451-be66-97c2642c3139,1.777344421358889e+18
c6b1ee29-0c20-4451-be66-97c2642c3139,1.7773444213922322e+18
c6b1ee29-0c20-4451-be66-97c2642c3139,1.7773444214255762e+18
c6b1ee29-0c20-4451-be66-97c2642c3139,1.7773444214589192e+18
c6b1ee29-0c20-4451-be66-97c2642c3139,1.7773444214922621e+18
c6b1ee29-0c20-4451-be66-97c2642c3139,1.777344421525605e+18
c6b1ee29-0c20-4451-be66-97c2642c3139,1.777344421558948e+18
c6b1ee29-0c20-4451-be66-97c2642c3139,1.777344421592291e+18
c6b1ee29-0c20-4451-be66-97c2642c3139,1.777344421625634e+18
c6b1ee29-0c20-4451-be66-97c2642c3139,1.777344421658977e+18
c6b1ee29-0c20-4451-be66-97c2642c3139,1.77734442169232e+18
c6b1ee29-0c20-4451-be66-97c2642c3139,1.777344421725663e+18
c6b1ee29-0c20-4451-be66-97c2642c3139,1.777344421759006e+18
c6b1ee29-0c20-4451-be66-97c2642c3139,1.7773444217923492e+18
c6b1ee29-0c20-4451-be66-97c2642c3139,1.7773444218256922e+18
c6b1ee29-0c20-4451-be66-97c2642c3139,1.7773444218590351e+18
c6b1ee29-0c20-4451-be66-97c2642c3139,1.777344421892378e+18
c6b1ee29-0c20-4451-be66-97c2642c3139,1.777344421925721e+18
c6b1ee29-0c20-4451-be66-97c2642c3139,1.777344421959064e+18
c6b1ee29-0c20-4451-be66-97c2642c3139,1.777344421992407e+18
c6b1ee29-0c20-4451-be66-97c2642c3139,1.77734442202575e+18
c6b1ee29-0c20-4451-be66-97c2642c3139,1.777344422059093e+18
c6b1ee29-0c20-4451-be66-97c2642c3139,1.777344422092437e+18
c6b1ee29-0c20-4451-be66-97c2642c3139,1.77734442212578e+18
c6b1ee29-0c20-4451-be66-97c2642c3139,1.7773444221591232e+18
c6b1ee29-0c20-4451-be66-97c2642c3139,1.7773444221924662e+18
c6b1ee29-0c20-4451-be66-97c2642c3139,1.7773444222258092e+18
c6b1ee29-0c20-4451-be66-97c2642c3139,1.7773444222591521e+18
c6b1ee29-0c20-4451-be66-97c2642c3139,1.777344422292495e+18
c6b1ee29-0c20-4451-be66-97c2642c3139,1.777344422325838e+18
c6b1ee29-0c20-4451-be66-97c2642c3139,1.777344422359181e+18
c6b1ee29-0c20-4451-be66-97c2642c3139,1.777344422392524e+18
c6b1ee29-0c20-4451-be66-97c2642c3139,1.777344422425867e+18
c6b1ee29-0c20-4451-be66-97c2642c3139,1.77734442245921e+18
c6b1ee29-0c20-4451-be66-97c2642c3139,1.777344422492553e+18
c6b1ee29-0c20-4451-be66-97c2642c3139,1.7773444225258962e+18
c6b1ee29-0c20-4451-be66-97c2642c3139,1.7773444225592392e+18
c6b1ee29-0c20-4451-be66-97c2642c3139,1.7773444225925821e+18
c6b1ee29-0c20-4451-be66-97c2642c3139,1.777344422625925e+18
c6b1ee29-0c20-4451-be66-97c2642c3139,1.777344422659268e+18
c6b1ee29-0c20-4451-be66-97c2642c3139,1.777344422692611e+18
c6b1ee29-0c20-4451-be66-97c2642c3139,1.777344422725954e+18
c6b1ee29-0c20-4451-be66-97c2642c3139,1.777344422759297e+18
c6b1ee29-0c20-4451-be66-97c2642c3139,1.777344422792641e+18
c6b1ee29-0c20-4451-be66-97c2642c3139,1.777344422825984e+18
c6b1ee29-0c20-4451-be66-97c2642c3139,1.777344422859327e+18
c6b1ee29-0c20-4451-be66-97c2642c3139,1.77734442289267e+18
c6b1ee29-0c20-4451-be66-97c2642c3139,1.7773444229260132e+18
c6b1ee29-0c20-4451-be66-97c2642c3139,1.7773444229593562e+18
c6b1ee29-0c20-4451-be66-97c2642c3139,1.7773444229926991e+18
c6b1ee29-0c20-4451-be66-97c2642c3139,1.777344423026042e+18
c6b1ee29-0c20-4451-be66-97c2642c3139,1.777344423059385e+18
c6b1ee29-0c20-4451-be66-97c2642c3139,1.777344423092728e+18
c6b1ee29-0c20-4451-be66-97c2642c3139,1.777344423126071e+18
c6b1ee29-0c20-4451-be66-97c2642c3139,1.777344423159414e+18
c6b1ee29-0c20-4451-be66-97c2642c3139,1.777344423192757e+18
c6b1ee29-0c20-4451-be66-97c2642c3139,1.7773444232261e+18
c6b1ee29-0c20-4451-be66-97c2642c3139,1.7773444232594432e+18
c6b1ee29-0c20-4451-be66-97c2642c3139,1.7773444232927862e+18
c6b1ee29-0c20-4451-be66-97c2642c3139,1.7773444233261292e+18
c6b1ee29-0c20-4451-be66-97c2642c3139,1.777344423359472e+18
c6b1ee29-0c20-4451-be66-97c2642c3139,1.777344423392815e+18
c6b1ee29-0c20-4451-be66-97c2642c3139,1.777344423426158e+18
c6b1ee29-0c20-4451-be66-97c2642c3139,1.777344423459501e+18
c6b1ee29-0c20-4451-be66-97c2642c3139,1.777344423492845e+18
c6b1ee29-0c20-4451-be66-97c2642c3139,1.777344423526188e+18
c6b1ee29-0c20-4451-be66-97c2642c3139,1.777344423559531e+18
c6b1ee29-0c20-4451-be66-97c2642c3139,1.777344423592874e+18
c6b1ee29-0c20-4451-be66-97c2642c3139,1.777344423626217e+18
c6b1ee29-0c20-4451-be66-97c2642c3139,1.7773444236595602e+18
c6b1ee29-0c20-4451-be66-97c2642c3139,1.7773444236929032e+18
c6b1ee29-0c20-4451-be66-97c2642c3139,1.7773444237262461e+18
c6b1ee29-0c20-4451-be66-97c2642c3139,1.777344423759589e+18
c6b1ee29-0c20-4451-be66-97c2642c3139,1.777344423792932e+18
c6b1ee29-0c20-4451-be66-97c2642c3139,1.777344423826275e+18
c6b1ee29-0c20-4451-be66-97c2642c3139,1.777344423859618e+18
c6b1ee29-0c20-4451-be66-97c2642c3139,1.777344423892961e+18
c6b1ee29-0c20-4451-be66-97c2642c3139,1.777344423926304e+18
c6b1ee29-0c20-4451-be66-97c2642c3139,1.777344423959647e+18
c6b1ee29-0c20-4451-be66-97c2642c3139,1.77734442399299e+18
c6b1ee29-0c20-4451-be66-97c2642c3139,1.7773444240263332e+18
c6b1ee29-0c20-4451-be66-97c2642c3139,1.7773444240596762e+18
c6b1ee29-0c20-4451-be66-97c2642c3139,1.7773444240930191e+18
c6b1ee29-0c20-4451-be66-97c2642c3139,1.777344424126362e+18
c6b1ee29-0c20-4451-be66-97c2642c3139,1.777344424159706e+18
c6b1ee29-0c20-4451-be66-97c2642c3139,1.777344424193049e+18
c6b1ee29-0c20-4451-be66-97c2642c3139,1.777344424226392e+18
c6b1ee29-0c20-4451-be66-97c2642c3139,1.777344424259735e+18
c6b1ee29-0c20-4451-be66-97c2642c3139,1.777344424293078e+18
c6b1ee29-0c20-4451-be66-97c2642c3139,1.777344424326421e+18
c6b1ee29-0c20-4451-be66-97c2642c3139,1.777344424359764e+18
c6b1ee29-0c20-4451-be66-97c2642c3139,1.7773444243931072e+18
c6b1ee29-0c20-4451-be66-97c2642c3139,1.7773444244264502e+18
c6b1ee29-0c20-4451-be66-97c2642c3139,1.7773444244597932e+18
c6b1ee29-0c20-4451-be66-97c2642c3139,1.7773444244931361e+18
c6b1ee29-0c20-4451-be66-97c2642c3139,1.777344424526479e+18
c6b1ee29-0c20-4451-be66-97c2642c3139,1.777344424559822e+18
c6b1ee29-0c20-4451-be66-97c2642c3139,1.777344424593165e+18
c6b1ee29-0c20-4451-be66-97c2642c3139,1.777344424626508e+18
c6b1ee29-0c20-4451-be66-97c2642c3139,1.777344424659851e+18
c6b1ee29-0c20-4451-be66-97c2642c3139,1.777344424693194e+18
c6b1ee29-0c20-4451-be66-97c2642c3139,1.777344424726537e+18
c6b1ee29-0c20-4451-be66-97c2642c3139,1.7773444247598802e+18
c6b1ee29-0c20-4451-be66-97c2642c3139,1.7773444247932232e+18
c6b1ee29-0c20-4451-be66-97c2642c3139,1.7773444248265661e+18
c6b1ee29-0c20-4451-be66-97c2642c3139,1.7773444248599101e+18
c6b1ee29-0c20-4451-be66-97c2642c3139,1.777344424893253e+18
c6b1ee29-0c20-4451-be66-97c2642c3139,1.777344424926596e+18
c6b1ee29-0c20-4451-be66-97c2642c3139,1.777344424959939e+18
c6b1ee29-0c20-4451-be66-97c2642c3139,1.777344424993282e+18
c6b1ee29-0c20-4451-be66-97c2642c3139,1.777344425026625e+18
c6b1ee29-0c20-4451-be66-97c2642c3139,1.777344425059968e+18
c6b1ee29-0c20-4451-be66-97c2642c3139,1.777344425093311e+18
c6b1ee29-0c20-4451-be66-97c2642c3139,1.777344425126654e+18
c6b1ee29-0c20-4451-be66-97c2642c3139,1.7773444251599972e+18
c6b1ee29-0c20-4451-be66-97c2642c3139,1.7773444251933402e+18
c6b1ee29-0c20-4451-be66-97c2642c3139,1.7773444252266831e+18
c6b1ee29-0c20-4451-be66-97c2642c3139,1.777344425260026e+18
c6b1ee29-0c20-4451-be66-97c2642c3139,1.777344425293369e+18
c6b1ee29-0c20-4451-be66-97c2642c3139,1.777344425326712e+18
c6b1ee29-0c20-4451-be66-97c2642c3139,1.777344425360055e+18
c6b1ee29-0c20-4451-be66-97c2642c3139,1.777344425393398e+18
c6b1ee29-0c20-4451-be66-97c2642c3139,1.777344425426741e+18
c6b1ee29-0c20-4451-be66-97c2642c3139,1.777344425460084e+18
c6b1ee29-0c20-4451-be66-97c2642c3139,1.7773444254934272e+18
c6b1ee29-0c20-4451-be66-97c2642c3139,1.7773444255267702e+18
c6b1ee29-0c20-4451-be66-97c2642c3139,1.7773444255601142e+18
c6b1ee29-0c20-4451-be66-97c2642c3139,1.7773444255934572e+18
c6b1ee29-0c20-4451-be66-97c2642c3139,1.7773444256268e+18
c6b1ee29-0c20-4451-be66-97c2642c3139,1.777344425660143e+18
c6b1ee29-0c20-4451-be66-97c2642c3139,1.777344425693486e+18
c6b1ee29-0c20-4451-be66-97c2642c3139,1.777344425726829e+18
c6b1ee29-0c20-4451-be66-97c2642c3139,1.777344425760172e+18
c6b1ee29-0c20-4451-be66-97c2642c3139,1.777344425793515e+18
c6b1ee29-0c20-4451-be66-97c2642c3139,1.777344425826858e+18
c6b1ee29-0c20-4451-be66-97c2642c3139,1.777344425860201e+18
c6b1ee29-0c20-4451-be66-97c2642c3139,1.7773444258935442e+18
c6b1ee29-0c20-4451-be66-97c2642c3139,1.7773444259268872e+18
c6b1ee29-0c20-4451-be66-97c2642c3139,1.7773444259602301e+18
c6b1ee29-0c20-4451-be66-97c2642c3139,1.777344425993573e+18
c6b1ee29-0c20-4451-be66-97c2642c3139,1.777344426026916e+18
c6b1ee29-0c20-4451-be66-97c2642c3139,1.777344426060259e+18
c6b1ee29-0c20-4451-be66-97c2642c3139,1.777344426093602e+18
c6b1ee29-0c20-4451-be66-97c2642c3139,1.777344426126945e+18
c6b1ee29-0c20-4451-be66-97c2642c3139,1.777344426160288e+18
c6b1ee29-0c20-4451-be66-97c2642c3139,1.777344426193631e+18
c6b1ee29-0c20-4451-be66-97c2642c3139,1.777344426226975e+18
c6b1ee29-0c20-4451-be66-97c2642c3139,1.777344426260318e+18
c6b1ee29-0c20-4451-be66-97c2642c3139,1.7773444262936612e+18
c6b1ee29-0c20-4451-be66-97c2642c3139,1.7773444263270042e+18
c6b1ee29-0c20-4451-be66-97c2642c3139,1.7773444263603471e+18
c6b1ee29-0c20-4451-be66-97c2642c3139,1.77734442639369e+18
c6b1ee29-0c20-4451-be66-97c2642c3139,1.777344426427033e+18
c6b1ee29-0c20-4451-be66-97c2642c3139,1.777344426460376e+18
c6b1ee29-0c20-4451-be66-97c2642c3139,1.777344426493719e+18
c6b1ee29-0c20-4451-be66-97c2642c3139,1.777344426527062e+18
c6b1ee29-0c20-4451-be66-97c2642c3139,1.777344426560405e+18
c6b1ee29-0c20-4451-be66-97c2642c3139,1.777344426593748e+18
c6b1ee29-0c20-4451-be66-97c2642c3139,1.7773444266270912e+18
c6b1ee29-0c20-4451-be66-97c2642c3139,1.7773444266604342e+18
c6b1ee29-0c20-4451-be66-97c2642c3139,1.7773444266937772e+18
c6b1ee29-0c20-4451-be66-97c2642c3139,1.7773444267271201e+18
c6b1ee29-0c20-4451-be66-97c2642c3139,1.777344426760463e+18
c6b1ee29-0c20-4451-be66-97c2642c3139,1.777344426793806e+18
c6b1ee29-0c20-4451-be66-97c2642c3139,1.777344426827149e+18
c6b1ee29-0c20-4451-be66-97c2642c3139,1.777344426860492e+18
c6b1ee29-0c20-4451-be66-97c2642c3139,1.777344426893836e+18
c6b1ee29-0c20-4451-be66-97c2642c3139,1.777344426927179e+18
c6b1ee29-0c20-4451-be66-97c2642c3139,1.777344426960522e+18
c6b1ee29-0c20-4451-be66-97c2642c3139,1.777344426993865e+18
c6b1ee29-0c20-4451-be66-97c2642c3139,1.7773444270272082e+18
c6b1ee29-0c20-4451-be66-97c2642c3139,1.7773444270605512e+18
c6b1ee29-0c20-4451-be66-97c2642c3139,1.7773444270938941e+18
c6b1ee29-0c20-4451-be66-97c2642c3139,1.777344427127237e+18
c6b1ee29-0c20-4451-be66-97c2642c3139,1.77734442716058e+18
c6b1ee29-0c20-4451-be66-97c2642c3139,1.777344427193923e+18
c6b1ee29-0c20-4451-be66-97c2642c3139,1.777344427227266e+18
c6b1ee29-0c20-4451-be66-97c2642c3139,1.777344427260609e+18
c6b1ee29-0c20-4451-be66-97c2642c3139,1.777344427293952e+18
c6b1ee29-0c20-4451-be66-97c2642c3139,1.777344427327295e+18
c6b1ee29-0c20-4451-be66-97c2642c3139,1.777344427360638e+18
c6b1ee29-0c20-4451-be66-97c2642c3139,1.7773444273939812e+18
c6b1ee29-0c20-4451-be66-97c2642c3139,1.7773444274273242e+18
c6b1ee29-0c20-4451-be66-97c2642c3139,1.7773444274606671e+18
c6b1ee29-0c20-4451-be66-97c2642c3139,1.77734442749401e+18
c6b1ee29-0c20-4451-be66-97c2642c3139,1.777344427527353e+18
c6b1ee29-0c20-4451-be66-97c2642c3139,1.777344427560697e+18
c6b1ee29-0c20-4451-be66-97c2642c3139,1.77734442759404e+18
c6b1ee29-0c20-4451-be66-97c2642c3139,1.777344427627383e+18
c6b1ee29-0c20-4451-be66-97c2642c3139,1.777344427660726e+18
c6b1ee29-0c20-4451-be66-97c2642c3139,1.777344427694069e+18
c6b1ee29-0c20-4451-be66-97c2642c3139,1.777344427727412e+18
c6b1ee29-0c20-4451-be66-97c2642c3139,1.7773444277607552e+18
c6b1ee29-0c20-4451-be66-97c2642c3139,1.7773444277940982e+18
c6b1ee29-0c20-4451-be66-97c2642c3139,1.7773444278274412e+18
c6b1ee29-0c20-4451-be66-97c2642c3139,1.777344427860784e+18
c6b1ee29-0c20-4451-be66-97c2642c3139,1.777344427894127e+18
c6b1ee29-0c20-4451-be66-97c2642c3139,1.77734442792747e+18
c6b1ee29-0c20-4451-be66-97c2642c3139,1.777344427960813e+18
c6b1ee29-0c20-4451-be66-97c2642c3139,1.777344427994156e+18
c6b1ee29-0c20-4451-be66-97c2642c3139,1.777344428027499e+18
c6b1ee29-0c20-4451-be66-97c2642c3139,1.777344428060842e+18
c6b1ee29-0c20-4451-be66-97c2642c3139,1.777344428094185e+18
c6b1ee29-0c20-4451-be66-97c2642c3139,1.7773444281275282e+18
c6b1ee29-0c20-4451-be66-97c2642c3139,1.7773444281608712e+18
c6b1ee29-0c20-4451-be66-97c2642c3139,1.7773444281942141e+18
c6b1ee29-0c20-4451-be66-97c2642c3139,1.777344428227557e+18
c6b1ee29-0c20-4451-be66-97c2642c3139,1.777344428260901e+18
c6b1ee29-0c20-4451-be66-97c2642c3139,1.777344428294244e+18
c6b1ee29-0c20-4451-be66-97c2642c3139,1.777344428327587e+18
c6b1ee29-0c20-4451-be66-97c2642c3139,1.77734442836093e+18
c6b1ee29-0c20-4451-be66-97c2642c3139,1.777344428394273e+18
c6b1ee29-0c20-4451-be66-97c2642c3139,1.777344428427616e+18
c6b1ee29-0c20-4451-be66-97c2642c3139,1.777344428460959e+18
c6b1ee29-0c20-4451-be66-97c2642c3139,1.777344428494302e+18
c6b1ee29-0c20-4451-be66-97c2642c3139,1.7773444285276452e+18
c6b1ee29-0c20-4451-be66-97c2642c3139,1.7773444285609882e+18
c6b1ee29-0c20-4451-be66-97c2642c3139,1.7773444285943311e+18
c6b1ee29-0c20-4451-be66-97c2642c3139,1.777344428627674e+18
c6b1ee29-0c20-4451-be66-97c2642c3139,1.777344428661017e+18
c6b1ee29-0c20-4451-be66-97c2642c3139,1.77734442869436e+18
c6b1ee29-0c20-4451-be66-97c2642c3139,1.777344428727703e+18
c6b1ee29-0c20-4451-be66-97c2642c3139,1.777344428761046e+18
c6b1ee29-0c20-4451-be66-97c2642c3139,1.777344428794389e+18
c6b1ee29-0c20-4451-be66-97c2642c3139,1.777344428827732e+18
c6b1ee29-0c20-4451-be66-97c2642c3139,1.7773444288610752e+18
c6b1ee29-0c20-4451-be66-97c2642c3139,1.7773444288944182e+18
c6b1ee29-0c20-4451-be66-97c2642c3139,1.7773444289277612e+18
c6b1ee29-0c20-4451-be66-97c2642c3139,1.7773444289611052e+18
c6b1ee29-0c20-4451-be66-97c2642c3139,1.7773444289944481e+18
c6b1ee29-0c20-4451-be66-97c2642c3139,1.777344429027791e+18
c6b1ee29-0c20-4451-be66-97c2642c3139,1.777344429061134e+18
c6b1ee29-0c20-4451-be66-97c2642c3139,1.777344429094477e+18
c6b1ee29-0c20-4451-be66-97c2642c3139,1.77734442912782e+18
c6b1ee29-0c20-4451-be66-97c2642c3139,1.777344429161163e+18
c6b1ee29-0c20-4451-be66-97c2642c3139,1.777344429194506e+18
c6b1ee29-0c20-4451-be66-97c2642c3139,1.777344429227849e+18
c6b1ee29-0c20-4451-be66-97c2642c3139,1.7773444292611922e+18
c6b1ee29-0c20-4451-be66-97c2642c3139,1.7773444292945352e+18
c6b1ee29-0c20-4451-be66-97c2642c3139,1.7773444293278781e+18
c6b1ee29-0c20-4451-be66-97c2642c3139,1.777344429361221e+18
c6b1ee29-0c20-4451-be66-97c2642c3139,1.777344429394564e+18
c6b1ee29-0c20-4451-be66-97c2642c3139,1.777344429427907e+18
c6b1ee29-0c20-4451-be66-97c2642c3139,1.77734442946125e+18
c6b1ee29-0c20-4451-be66-97c2642c3139,1.777344429494593e+18
c6b1ee29-0c20-4451-be66-97c2642c3139,1.777344429527936e+18
c6b1ee29-0c20-4451-be66-97c2642c3139,1.777344429561279e+18
c6b1ee29-0c20-4451-be66-97c2642c3139,1.777344429594622e+18
c6b1ee29-0c20-4451-be66-97c2642c3139,1.777344429627966e+18
c6b1ee29-0c20-4451-be66-97c2642c3139,1.7773444296613092e+18
c6b1ee29-0c20-4451-be66-97c2642c3139,1.7773444296946522e+18
c6b1ee29-0c20-4451-be66-97c2642c3139,1.7773444297279951e+18
c6b1ee29-0c20-4451-be66-97c2642c3139,1.777344429761338e+18
c6b1ee29-0c20-4451-be66-97c2642c3139,1.777344429794681e+18
c6b1ee29-0c20-4451-be66-97c2642c3139,1.777344429828024e+18
c6b1ee29-0c20-4451-be66-97c2642c3139,1.777344429861367e+18
c6b1ee29-0c20-4451-be66-97c2642c3139,1.77734442989471e+18
c6b1ee29-0c20-4451-be66-97c2642c3139,1.777344429928053e+18
c6b1ee29-0c20-4451-be66-97c2642c3139,1.777344429961396e+18
c6b1ee29-0c20-4451-be66-97c2642c3139,1.7773444299947392e+18
c6b1ee29-0c20-4451-be66-97c2642c3139,1.7773444300280822e+18
c6b1ee29-0c20-4451-be66-97c2642c3139,1.7773444300614252e+18
c6b1ee29-0c20-4451-be66-97c2642c3139,1.777344430094768e+18
c6b1ee29-0c20-4451-be66-97c2642c3139,1.777344430128111e+18
c6b1ee29-0c20-4451-be66-97c2642c3139,1.777344430161454e+18
c6b1ee29-0c20-4451-be66-97c2642c3139,1.777344430194797e+18
c6b1ee29-0c20-4451-be66-97c2642c3139,1.77734443022814e+18
c6b1ee29-0c20-4451-be66-97c2642c3139,1.777344430261483e+18
c6b1ee29-0c20-4451-be66-97c2642c3139,1.777344430294826e+18
c6b1ee29-0c20-4451-be66-97c2642c3139,1.77734443032817e+18
c6b1ee29-0c20-4451-be66-97c2642c3139,1.777344430361513e+18
c6b1ee29-0c20-4451-be66-97c2642c3139,1.7773444303948562e+18
c6b1ee29-0c20-4451-be66-97c2642c3139,1.7773444304281992e+18
c6b1ee29-0c20-4451-be66-97c2642c3139,1.7773444304615421e+18
c6b1ee29-0c20-4451-be66-97c2642c3139,1.777344430494885e+18
c6b1ee29-0c20-4451-be66-97c2642c3139,1.777344430528228e+18
c6b1ee29-0c20-4451-be66-97c2642c3139,1.777344430561571e+18
c6b1ee29-0c20-4451-be66-97c2642c3139,1.777344430594914e+18
c6b1ee29-0c20-4451-be66-97c2642c3139,1.777344430628257e+18
c6b1ee29-0c20-4451-be66-97c2642c3139,1.7773444306616e+18
c6b1ee29-0c20-4451-be66-97c2642c3139,1.777344430694943e+18
c6b1ee29-0c20-4451-be66-97c2642c3139,1.777344430728286e+18
c6b1ee29-0c20-4451-be66-97c2642c3139,1.7773444307616292e+18
c6b1ee29-0c20-4451-be66-97c2642c3139,1.7773444307949722e+18
c6b1ee29-0c20-4451-be66-97c2642c3139,1.7773444308283151e+18
c6b1ee29-0c20-4451-be66-97c2642c3139,1.777344430861658e+18
c6b1ee29-0c20-4451-be66-97c2642c3139,1.777344430895001e+18
c6b1ee29-0c20-4451-be66-97c2642c3139,1.777344430928344e+18
c6b1ee29-0c20-4451-be66-97c2642c3139,1.777344430961687e+18
c6b1ee29-0c20-4451-be66-97c2642c3139,1.77734443099503e+18
c6b1ee29-0c20-4451-be66-97c2642c3139,1.777344431028374e+18
c6b1ee29-0c20-4451-be66-97c2642c3139,1.777344431061717e+18
c6b1ee29-0c20-4451-be66-97c2642c3139,1.77734443109506e+18
c6b1ee29-0c20-4451-be66-97c2642c3139,1.7773444311284032e+18
c6b1ee29-0c20-4451-be66-97c2642c3139,1.7773444311617462e+18
c6b1ee29-0c20-4451-be66-97c2642c3139,1.7773444311950892e+18
c6b1ee29-0c20-4451-be66-97c2642c3139,1.7773444312284321e+18
c6b1ee29-0c20-4451-be66-97c2642c3139,1.777344431261775e+18
c6b1ee29-0c20-4451-be66-97c2642c3139,1.777344431295118e+18
c6b1ee29-0c20-4451-be66-97c2642c3139,1.777344431328461e+18
c6b1ee29-0c20-4451-be66-97c2642c3139,1.777344431361804e+18
c6b1ee29-0c20-4451-be66-97c2642c3139,1.777344431395147e+18
c6b1ee29-0c20-4451-be66-97c2642c3139,1.77734443142849e+18
c6b1ee29-0c20-4451-be66-97c2642c3139,1.777344431461833e+18
c6b1ee29-0c20-4451-be66-97c2642c3139,1.7773444314951762e+18
c6b1ee29-0c20-4451-be66-97c2642c3139,1.7773444315285192e+18
c6b1ee29-0c20-4451-be66-97c2642c3139,1.7773444315618621e+18
c6b1ee29-0c20-4451-be66-97c2642c3139,1.777344431595205e+18
c6b1ee29-0c20-4451-be66-97c2642c3139,1.777344431628548e+18
c6b1ee29-0c20-4451-be66-97c2642c3139,1.777344431661891e+18
c6b1ee29-0c20-4451-be66-97c2642c3139,1.777344431695235e+18
c6b1ee29-0c20-4451-be66-97c2642c3139,1.777344431728578e+18
c6b1ee29-0c20-4451-be66-97c2642c3139,1.777344431761921e+18
c6b1ee29-0c20-4451-be66-97c2642c3139,1.777344431795264e+18
c6b1ee29-0c20-4451-be66-97c2642c3139,1.777344431828607e+18
c6b1ee29-0c20-4451-be66-97c2642c3139,1.77734443186195e+18
c6b1ee29-0c20-4451-be66-97c2642c3139,1.7773444318952932e+18
c6b1ee29-0c20-4451-be66-97c2642c3139,1.7773444319286362e+18
c6b1ee29-0c20-4451-be66-97c2642c3139,1.7773444319619791e+18
c6b1ee29-0c20-4451-be66-97c2642c3139,1.777344431995322e+18
c6b1ee29-0c20-4451-be66-97c2642c3139,1.777344432028665e+18
c6b1ee29-0c20-4451-be66-97c2642c3139,1.777344432062008e+18
c6b1ee29-0c20-4451-be66-97c2642c3139,1.777344432095351e+18
c6b1ee29-0c20-4451-be66-97c2642c3139,1.777344432128694e+18
c6b1ee29-0c20-4451-be66-97c2642c3139,1.777344432162037e+18
c6b1ee29-0c20-4451-be66-97c2642c3139,1.77734443219538e+18
c6b1ee29-0c20-4451-be66-97c2642c3139,1.7773444322287232e+18
c6b1ee29-0c20-4451-be66-97c2642c3139,1.7773444322620662e+18
c6b1ee29-0c20-4451-be66-97c2642c3139,1.7773444322954092e+18
c6b1ee29-0c20-4451-be66-97c2642c3139,1.777344432328752e+18
c6b1ee29-0c20-4451-be66-97c2642c3139,1.777344432362096e+18
c6b1ee29-0c20-4451-be66-97c2642c3139,1.777344432395439e+18
c6b1ee29-0c20-4451-be66-97c2642c3139,1.777344432428782e+18
c6b1ee29-0c20-4451-be66-97c2642c3139,1.777344432462125e+18
c6b1ee29-0c20-4451-be66-97c2642c3139,1.777344432495468e+18
c6b1ee29-0c20-4451-be66-97c2642c3139,1.777344432528811e+18
c6b1ee29-0c20-4451-be66-97c2642c3139,1.777344432562154e+18
c6b1ee29-0c20-4451-be66-97c2642c3139,1.777344432595497e+18
c6b1ee29-0c20-4451-be66-97c2642c3139,1.7773444326288402e+18
c6b1ee29-0c20-4451-be66-97c2642c3139,1.7773444326621832e+18
c6b1ee29-0c20-4451-be66-97c2642c3139,1.7773444326955261e+18
c6b1ee29-0c20-4451-be66-97c2642c3139,1.777344432728869e+18
c6b1ee29-0c20-4451-be66-97c2642c3139,1.777344432762212e+18
c6b1ee29-0c20-4451-be66-97c2642c3139,1.777344432795555e+18
c6b1ee29-0c20-4451-be66-97c2642c3139,1.777344432828898e+18
c6b1ee29-0c20-4451-be66-97c2642c3139,1.777344432862241e+18
c6b1ee29-0c20-4451-be66-97c2642c3139,1.777344432895584e+18
c6b1ee29-0c20-4451-be66-97c2642c3139,1.777344432928927e+18
c6b1ee29-0c20-4451-be66-97c2642c3139,1.77734443296227e+18
c6b1ee29-0c20-4451-be66-97c2642c3139,1.7773444329956132e+18
c6b1ee29-0c20-4451-be66-97c2642c3139,1.7773444330289572e+18
c6b1ee29-0c20-4451-be66-97c2642c3139,1.7773444330623002e+18
c6b1ee29-0c20-4451-be66-97c2642c3139,1.7773444330956431e+18
c6b1ee29-0c20-4451-be66-97c2642c3139,1.777344433128986e+18
c6b1ee29-0c20-4451-be66-97c2642c3139,1.777344433162329e+18
c6b1ee29-0c20-4451-be66-97c2642c3139,1.777344433195672e+18
c6b1ee29-0c20-4451-be66-97c2642c3139,1.777344433229015e+18
c6b1ee29-0c20-4451-be66-97c2642c3139,1.777344433262358e+18
c6b1ee29-0c20-4451-be66-97c2642c3139,1.777344433295701e+18
c6b1ee29-0c20-4451-be66-97c2642c3139,1.777344433329044e+18
c6b1ee29-0c20-4451-be66-97c2642c3139,1.7773444333623872e+18
c6b1ee29-0c20-4451-be66-97c2642c3139,1.7773444333957302e+18
c6b1ee29-0c20-4451-be66-97c2642c3139,1.7773444334290732e+18
c6b1ee29-0c20-4451-be66-97c2642c3139,1.7773444334624161e+18
c6b1ee29-0c20-4451-be66-97c2642c3139,1.777344433495759e+18
c6b1ee29-0c20-4451-be66-97c2642c3139,1.777344433529102e+18
c6b1ee29-0c20-4451-be66-97c2642c3139,1.777344433562445e+18
c6b1ee29-0c20-4451-be66-97c2642c3139,1.777344433595788e+18
c6b1ee29-0c20-4451-be66-97c2642c3139,1.777344433629131e+18
c6b1ee29-0c20-4451-be66-97c2642c3139,1.777344433662474e+18
c6b1ee29-0c20-4451-be66-97c2642c3139,1.777344433695817e+18
c6b1ee29-0c20-4451-be66-97c2642c3139,1.777344433729161e+18
c6b1ee29-0c20-4451-be66-97c2642c3139,1.7773444337625042e+18
c6b1ee29-0c20-4451-be66-97c2642c3139,1.7773444337958472e+18
c6b1ee29-0c20-4451-be66-97c2642c3139,1.7773444338291901e+18
c6b1ee29-0c20-4451-be66-97c2642c3139,1.777344433862533e+18
c6b1ee29-0c20-4451-be66-97c2642c3139,1.777344433895876e+18
c6b1ee29-0c20-4451-be66-97c2642c3139,1.777344433929219e+18
c6b1ee29-0c20-4451-be66-97c2642c3139,1.777344433962562e+18
c6b1ee29-0c20-4451-be66-97c2642c3139,1.777344433995905e+18
c6b1ee29-0c20-4451-be66-97c2642c3139,1.777344434029248e+18
c6b1ee29-0c20-4451-be66-97c2642c3139,1.777344434062591e+18
c6b1ee29-0c20-4451-be66-97c2642c3139,1.777344434095934e+18
c6b1ee29-0c20-4451-be66-97c2642c3139,1.7773444341292772e+18
c6b1ee29-0c20-4451-be66-97c2642c3139,1.7773444341626202e+18
c6b1ee29-0c20-4451-be66-97c2642c3139,1.7773444341959631e+18
c6b1ee29-0c20-4451-be66-97c2642c3139,1.777344434229306e+18
c6b1ee29-0c20-4451-be66-97c2642c3139,1.777344434262649e+18
c6b1ee29-0c20-4451-be66-97c2642c3139,1.777344434295992e+18
c6b1ee29-0c20-4451-be66-97c2642c3139,1.777344434329335e+18
c6b1ee29-0c20-4451-be66-97c2642c3139,1.777344434362678e+18
c6b1ee29-0c20-4451-be66-97c2642c3139,1.777344434396021e+18
c6b1ee29-0c20-4451-be66-97c2642c3139,1.777344434429365e+18
c6b1ee29-0c20-4451-be66-97c2642c3139,1.777344434462708e+18
c6b1ee29-0c20-4451-be66-97c2642c3139,1.7773444344960512e+18
c6b1ee29-0c20-4451-be66-97c2642c3139,1.7773444345293942e+18
c6b1ee29-0c20-4451-be66-97c2642c3139,1.7773444345627372e+18
c6b1ee29-0c20-4451-be66-97c2642c3139,1.77734443459608e+18
c6b1ee29-0c20-4451-be66-97c2642c3139,1.777344434629423e+18
c6b1ee29-0c20-4451-be66-97c2642c3139,1.777344434662766e+18
c6b1ee29-0c20-4451-be66-97c2642c3139,1.777344434696109e+18
c6b1ee29-0c20-4451-be66-97c2642c3139,1.777344434729452e+18
c6b1ee29-0c20-4451-be66-97c2642c3139,1.777344434762795e+18
c6b1ee29-0c20-4451-be66-97c2642c3139,1.777344434796138e+18
c6b1ee29-0c20-4451-be66-97c2642c3139,1.777344434829481e+18
c6b1ee29-0c20-4451-be66-97c2642c3139,1.7773444348628242e+18
c6b1ee29-0c20-4451-be66-97c2642c3139,1.7773444348961672e+18
c6b1ee29-0c20-4451-be66-97c2642c3139,1.7773444349295101e+18
c6b1ee29-0c20-4451-be66-97c2642c3139,1.777344434962853e+18
c6b1ee29-0c20-4451-be66-97c2642c3139,1.777344434996196e+18
c6b1ee29-0c20-4451-be66-97c2642c3139,1.777344435029539e+18
c6b1ee29-0c20-4451-be66-97c2642c3139,1.777344435062882e+18
c6b1ee29-0c20-4451-be66-97c2642c3139,1.777344435096225e+18
c6b1ee29-0c20-4451-be66-97c2642c3139,1.777344435129569e+18
c6b1ee29-0c20-4451-be66-97c2642c3139,1.777344435162912e+18
c6b1ee29-0c20-4451-be66-97c2642c3139,1.777344435196255e+18
c6b1ee29-0c20-4451-be66-97c2642c3139,1.777344435229598e+18
c6b1ee29-0c20-4451-be66-97c2642c3139,1.7773444352629412e+18
c6b1ee29-0c20-4451-be66-97c2642c3139,1.7773444352962842e+18
c6b1ee29-0c20-4451-be66-97c2642c3139,1.7773444353296271e+18
c6b1ee29-0c20-4451-be66-97c2642c3139,1.77734443536297e+18
c6b1ee29-0c20-4451-be66-97c2642c3139,1.777344435396313e+18
c6b1ee29-0c20-4451-be66-97c2642c3139,1.777344435429656e+18
c6b1ee29-0c20-4451-be66-97c2642c3139,1.777344435462999e+18
c6b1ee29-0c20-4451-be66-97c2642c3139,1.777344435496342e+18
c6b1ee29-0c20-4451-be66-97c2642c3139,1.777344435529685e+18
c6b1ee29-0c20-4451-be66-97c2642c3139,1.777344435563028e+18
c6b1ee29-0c20-4451-be66-97c2642c3139,1.7773444355963712e+18
c6b1ee29-0c20-4451-be66-97c2642c3139,1.7773444356297142e+18
c6b1ee29-0c20-4451-be66-97c2642c3139,1.7773444356630572e+18
c6b1ee29-0c20-4451-be66-97c2642c3139,1.7773444356964001e+18
c6b1ee29-0c20-4451-be66-97c2642c3139,1.777344435729743e+18
c6b1ee29-0c20-4451-be66-97c2642c3139,1.777344435763086e+18
c6b1ee29-0c20-4451-be66-97c2642c3139,1.77734443579643e+18
c6b1ee29-0c20-4451-be66-97c2642c3139,1.777344435829773e+18
c6b1ee29-0c20-4451-be66-97c2642c3139,1.777344435863116e+18
c6b1ee29-0c20-4451-be66-97c2642c3139,1.777344435896459e+18
c6b1ee29-0c20-4451-be66-97c2642c3139,1.777344435929802e+18
c6b1ee29-0c20-4451-be66-97c2642c3139,1.777344435963145e+18
c6b1ee29-0c20-4451-be66-97c2642c3139,1.7773444359964882e+18
c6b1ee29-0c20-4451-be66-97c2642c3139,1.7773444360298312e+18
c6b1ee29-0c20-4451-be66-97c2642c3139,1.7773444360631741e+18
c6b1ee29-0c20-4451-be66-97c2642c3139,1.777344436096517e+18
c6b1ee29-0c20-4451-be66-97c2642c3139,1.77734443612986e+18
c6b1ee29-0c20-4451-be66-97c2642c3139,1.777344436163203e+18
c6b1ee29-0c20-4451-be66-97c2642c3139,1.777344436196546e+18
c6b1ee29-0c20-4451-be66-97c2642c3139,1.777344436229889e+18
c6b1ee29-0c20-4451-be66-97c2642c3139,1.777344436263232e+18
c6b1ee29-0c20-4451-be66-97c2642c3139,1.777344436296575e+18
c6b1ee29-0c20-4451-be66-97c2642c3139,1.777344436329918e+18
c6b1ee29-0c20-4451-be66-97c2642c3139,1.7773444363632612e+18
c6b1ee29-0c20-4451-be66-97c2642c3139,1.7773444363966042e+18
c6b1ee29-0c20-4451-be66-97c2642c3139,1.7773444364299471e+18
c6b1ee29-0c20-4451-be66-97c2642c3139,1.77734443646329e+18
c6b1ee29-0c20-4451-be66-97c2642c3139,1.777344436496634e+18
c6b1ee29-0c20-4451-be66-97c2642c3139,1.777344436529977e+18
c6b1ee29-0c20-4451-be66-97c2642c3139,1.77734443656332e+18
c6b1ee29-0c20-4451-be66-97c2642c3139,1.777344436596663e+18
c6b1ee29-0c20-4451-be66-97c2642c3139,1.777344436630006e+18
c6b1ee29-0c20-4451-be66-97c2642c3139,1.777344436663349e+18
c6b1ee29-0c20-4451-be66-97c2642c3139,1.777344436696692e+18
c6b1ee29-0c20-4451-be66-97c2642c3139,1.7773444367300352e+18
c6b1ee29-0c20-4451-be66-97c2642c3139,1.7773444367633782e+18
c6b1ee29-0c20-4451-be66-97c2642c3139,1.7773444367967212e+18
c6b1ee29-0c20-4451-be66-97c2642c3139,1.777344436830064e+18
c6b1ee29-0c20-4451-be66-97c2642c3139,1.777344436863407e+18
c6b1ee29-0c20-4451-be66-97c2642c3139,1.77734443689675e+18
c6b1ee29-0c20-4451-be66-97c2642c3139,1.777344436930093e+18
c6b1ee29-0c20-4451-be66-97c2642c3139,1.777344436963436e+18
c6b1ee29-0c20-4451-be66-97c2642c3139,1.777344436996779e+18
c6b1ee29-0c20-4451-be66-97c2642c3139,1.777344437030122e+18
c6b1ee29-0c20-4451-be66-97c2642c3139,1.777344437063465e+18
c6b1ee29-0c20-4451-be66-97c2642c3139,1.7773444370968082e+18
c6b1ee29-0c20-4451-be66-97c2642c3139,1.7773444371301512e+18
c6b1ee29-0c20-4451-be66-97c2642c3139,1.7773444371634952e+18
c6b1ee29-0c20-4451-be66-97c2642c3139,1.7773444371968381e+18
c6b1ee29-0c20-4451-be66-97c2642c3139,1.777344437230181e+18
c6b1ee29-0c20-4451-be66-97c2642c3139,1.777344437263524e+18
c6b1ee29-0c20-4451-be66-97c2642c3139,1.777344437296867e+18
c6b1ee29-0c20-4451-be66-97c2642c3139,1.77734443733021e+18
c6b1ee29-0c20-4451-be66-97c2642c3139,1.777344437363553e+18
c6b1ee29-0c20-4451-be66-97c2642c3139,1.777344437396896e+18
c6b1ee29-0c20-4451-be66-97c2642c3139,1.777344437430239e+18
c6b1ee29-0c20-4451-be66-97c2642c3139,1.777344437463582e+18
c6b1ee29-0c20-4451-be66-97c2642c3139,1.7773444374969252e+18
c6b1ee29-0c20-4451-be66-97c2642c3139,1.7773444375302682e+18
c6b1ee29-0c20-4451-be66-97c2642c3139,1.7773444375636111e+18
c6b1ee29-0c20-4451-be66-97c2642c3139,1.777344437596954e+18
c6b1ee29-0c20-4451-be66-97c2642c3139,1.777344437630297e+18
c6b1ee29-0c20-4451-be66-97c2642c3139,1.77734443766364e+18
c6b1ee29-0c20-4451-be66-97c2642c3139,1.777344437696983e+18
c6b1ee29-0c20-4451-be66-97c2642c3139,1.777344437730326e+18
c6b1ee29-0c20-4451-be66-97c2642c3139,1.777344437763669e+18
c6b1ee29-0c20-4451-be66-97c2642c3139,1.777344437797012e+18
c6b1ee29-0c20-4451-be66-97c2642c3139,1.777344437830356e+18
c6b1ee29-0c20-4451-be66-97c2642c3139,1.7773444378636992e+18
c6b1ee29-0c20-4451-be66-97c2642c3139,1.7773444378970422e+18
c6b1ee29-0c20-4451-be66-97c2642c3139,1.7773444379303852e+18
c6b1ee29-0c20-4451-be66-97c2642c3139,1.7773444379637281e+18
c6b1ee29-0c20-4451-be66-97c2642c3139,1.777344437997071e+18
c6b1ee29-0c20-4451-be66-97c2642c3139,1.777344438030414e+18
c6b1ee29-0c20-4451-be66-97c2642c3139,1.777344438063757e+18
c6b1ee29-0c20-4451-be66-97c2642c3139,1.7773444380971e+18
c6b1ee29-0c20-4451-be66-97c2642c3139,1.777344438130443e+18
c6b1ee29-0c20-4451-be66-97c2642c3139,1.777344438163786e+18
c6b1ee29-0c20-4451-be66-97c2642c3139,1.777344438197129e+18
c6b1ee29-0c20-4451-be66-97c2642c3139,1.7773444382304722e+18
c6b1ee29-0c20-4451-be66-97c2642c3139,1.7773444382638152e+18
c6b1ee29-0c20-4451-be66-97c2642c3139,1.7773444382971581e+18
c6b1ee29-0c20-4451-be66-97c2642c3139,1.777344438330501e+18
c6b1ee29-0c20-4451-be66-97c2642c3139,1.777344438363844e+18
c6b1ee29-0c20-4451-be66-97c2642c3139,1.777344438397187e+18
c6b1ee29-0c20-4451-be66-97c2642c3139,1.77734443843053e+18
c6b1ee29-0c20-4451-be66-97c2642c3139,1.777344438463873e+18
c6b1ee29-0c20-4451-be66-97c2642c3139,1.777344438497217e+18
c6b1ee29-0c20-4451-be66-97c2642c3139,1.77734443853056e+18
c6b1ee29-0c20-4451-be66-97c2642c3139,1.777344438563903e+18
c6b1ee29-0c20-4451-be66-97c2642c3139,1.777344438597246e+18
c6b1ee29-0c20-4451-be66-97c2642c3139,1.7773444386305892e+18
c6b1ee29-0c20-4451-be66-97c2642c3139,1.7773444386639322e+18
c6b1ee29-0c20-4451-be66-97c2642c3139,1.7773444386972751e+18
c6b1ee29-0c20-4451-be66-97c2642c3139,1.777344438730618e+18
c6b1ee29-0c20-4451-be66-97c2642c3139,1.777344438763961e+18
c6b1ee29-0c20-4451-be66-97c2642c3139,1.777344438797304e+18
c6b1ee29-0c20-4451-be66-97c2642c3139,1.777344438830647e+18
c6b1ee29-0c20-4451-be66-97c2642c3139,1.77734443886399e+18
c6b1ee29-0c20-4451-be66-97c2642c3139,1.777344438897333e+18
c6b1ee29-0c20-4451-be66-97c2642c3139,1.777344438930676e+18
c6b1ee29-0c20-4451-be66-97c2642c3139,1.7773444389640192e+18
c6b1ee29-0c20-4451-be66-97c2642c3139,1.7773444389973622e+18
c6b1ee29-0c20-4451-be66-97c2642c3139,1.7773444390307052e+18
c6b1ee29-0c20-4451-be66-97c2642c3139,1.777344439064048e+18
c6b1ee29-0c20-4451-be66-97c2642c3139,1.777344439097391e+18
c6b1ee29-0c20-4451-be66-97c2642c3139,1.777344439130734e+18
c6b1ee29-0c20-4451-be66-97c2642c3139,1.777344439164077e+18
c6b1ee29-0c20-4451-be66-97c2642c3139,1.777344439197421e+18
c6b1ee29-0c20-4451-be66-97c2642c3139,1.777344439230764e+18
c6b1ee29-0c20-4451-be66-97c2642c3139,1.777344439264107e+18
c6b1ee29-0c20-4451-be66-97c2642c3139,1.77734443929745e+18
c6b1ee29-0c20-4451-be66-97c2642c3139,1.777344439330793e+18
c6b1ee29-0c20-4451-be66-97c2642c3139,1.7773444393641362e+18
c6b1ee29-0c20-4451-be66-97c2642c3139,1.7773444393974792e+18
c6b1ee29-0c20-4451-be66-97c2642c3139,1.7773444394308221e+18
c6b1ee29-0c20-4451-be66-97c2642c3139,1.777344439464165e+18
c6b1ee29-0c20-4451-be66-97c2642c3139,1.777344439497508e+18
c6b1ee29-0c20-4451-be66-97c2642c3139,1.777344439530851e+18
c6b1ee29-0c20-4451-be66-97c2642c3139,1.777344439564194e+18
c6b1ee29-0c20-4451-be66-97c2642c3139,1.777344439597537e+18
c6b1ee29-0c20-4451-be66-97c2642c3139,1.77734443963088e+18
c6b1ee29-0c20-4451-be66-97c2642c3139,1.777344439664223e+18
c6b1ee29-0c20-4451-be66-97c2642c3139,1.777344439697566e+18
c6b1ee29-0c20-4451-be66-97c2642c3139,1.7773444397309092e+18
c6b1ee29-0c20-4451-be66-97c2642c3139,1.7773444397642522e+18
c6b1ee29-0c20-4451-be66-97c2642c3139,1.7773444397975951e+18
c6b1ee29-0c20-4451-be66-97c2642c3139,1.777344439830938e+18
c6b1ee29-0c20-4451-be66-97c2642c3139,1.777344439864281e+18
c6b1ee29-0c20-4451-be66-97c2642c3139,1.777344439897625e+18
c6b1ee29-0c20-4451-be66-97c2642c3139,1.777344439930968e+18
c6b1ee29-0c20-4451-be66-97c2642c3139,1.777344439964311e+18
c6b1ee29-0c20-4451-be66-97c2642c3139,1.777344439997654e+18
c6b1ee29-0c20-4451-be66-97c2642c3139,1.777344440030997e+18
c6b1ee29-0c20-4451-be66-97c2642c3139,1.77734444006434e+18
c6b1ee29-0c20-4451-be66-97c2642c3139,1.7773444400976832e+18
c6b1ee29-0c20-4451-be66-97c2642c3139,1.7773444401310262e+18
c6b1ee29-0c20-4451-be66-97c2642c3139,1.7773444401643692e+18
c6b1ee29-0c20-4451-be66-97c2642c3139,1.7773444401977121e+18
c6b1ee29-0c20-4451-be66-97c2642c3139,1.777344440231055e+18
c6b1ee29-0c20-4451-be66-97c2642c3139,1.777344440264398e+18
c6b1ee29-0c20-4451-be66-97c2642c3139,1.777344440297741e+18
c6b1ee29-0c20-4451-be66-97c2642c3139,1.777344440331084e+18
c6b1ee29-0c20-4451-be66-97c2642c3139,1.777344440364427e+18
c6b1ee29-0c20-4451-be66-97c2642c3139,1.77734444039777e+18
c6b1ee29-0c20-4451-be66-97c2642c3139,1.777344440431113e+18
c6b1ee29-0c20-4451-be66-97c2642c3139,1.7773444404644562e+18
c6b1ee29-0c20-4451-be66-97c2642c3139,1.7773444404977992e+18
c6b1ee29-0c20-4451-be66-97c2642c3139,1.7773444405311421e+18
c6b1ee29-0c20-4451-be66-97c2642c3139,1.777344440564485e+18
c6b1ee29-0c20-4451-be66-97c2642c3139,1.777344440597829e+18
c6b1ee29-0c20-4451-be66-97c2642c3139,1.777344440631172e+18
c6b1ee29-0c20-4451-be66-97c2642c3139,1.777344440664515e+18
c6b1ee29-0c20-4451-be66-97c2642c3139,1.777344440697858e+18
c6b1ee29-0c20-4451-be66-97c2642c3139,1.777344440731201e+18
c6b1ee29-0c20-4451-be66-97c2642c3139,1.777344440764544e+18
c6b1ee29-0c20-4451-be66-97c2642c3139,1.777344440797887e+18
c6b1ee29-0c20-4451-be66-97c2642c3139,1.77734444083123e+18
c6b1ee29-0c20-4451-be66-97c2642c3139,1.7773444408645732e+18
c6b1ee29-0c20-4451-be66-97c2642c3139,1.7773444408979162e+18
c6b1ee29-0c20-4451-be66-97c2642c3139,1.7773444409312591e+18
c6b1ee29-0c20-4451-be66-97c2642c3139,1.777344440964602e+18
c6b1ee29-0c20-4451-be66-97c2642c3139,1.777344440997945e+18
c6b1ee29-0c20-4451-be66-97c2642c3139,1.777344441031288e+18
c6b1ee29-0c20-4451-be66-97c2642c3139,1.777344441064631e+18
c6b1ee29-0c20-4451-be66-97c2642c3139,1.777344441097974e+18
c6b1ee29-0c20-4451-be66-97c2642c3139,1.777344441131317e+18
c6b1ee29-0c20-4451-be66-97c2642c3139,1.77734444116466e+18
c6b1ee29-0c20-4451-be66-97c2642c3139,1.7773444411980032e+18
c6b1ee29-0c20-4451-be66-97c2642c3139,1.7773444412313462e+18
c6b1ee29-0c20-4451-be66-97c2642c3139,1.7773444412646892e+18
c6b1ee29-0c20-4451-be66-97c2642c3139,1.7773444412980332e+18
c6b1ee29-0c20-4451-be66-97c2642c3139,1.777344441331376e+18
c6b1ee29-0c20-4451-be66-97c2642c3139,1.777344441364719e+18
c6b1ee29-0c20-4451-be66-97c2642c3139,1.777344441398062e+18
c6b1ee29-0c20-4451-be66-97c2642c3139,1.777344441431405e+18
c6b1ee29-0c20-4451-be66-97c2642c3139,1.777344441464748e+18
c6b1ee29-0c20-4451-be66-97c2642c3139,1.777344441498091e+18
c6b1ee29-0c20-4451-be66-97c2642c3139,1.777344441531434e+18
c6b1ee29-0c20-4451-be66-97c2642c3139,1.777344441564777e+18
c6b1ee29-0c20-4451-be66-97c2642c3139,1.7773444415981202e+18
c6b1ee29-0c20-4451-be66-97c2642c3139,1.7773444416314632e+18
c6b1ee29-0c20-4451-be66-97c2642c3139,1.7773444416648061e+18
c6b1ee29-0c20-4451-be66-97c2642c3139,1.777344441698149e+18
c6b1ee29-0c20-4451-be66-97c2642c3139,1.777344441731492e+18
c6b1ee29-0c20-4451-be66-97c2642c3139,1.777344441764835e+18
c6b1ee29-0c20-4451-be66-97c2642c3139,1.777344441798178e+18
c6b1ee29-0c20-4451-be66-97c2642c3139,1.777344441831521e+18
c6b1ee29-0c20-4451-be66-97c2642c3139,1.777344441864864e+18
c6b1ee29-0c20-4451-be66-97c2642c3139,1.777344441898207e+18
c6b1ee29-0c20-4451-be66-97c2642c3139,1.77734444193155e+18
c6b1ee29-0c20-4451-be66-97c2642c3139,1.777344441964894e+18
c6b1ee29-0c20-4451-be66-97c2642c3139,1.7773444419982372e+18
c6b1ee29-0c20-4451-be66-97c2642c3139,1.7773444420315802e+18
c6b1ee29-0c20-4451-be66-97c2642c3139,1.7773444420649231e+18
c6b1ee29-0c20-4451-be66-97c2642c3139,1.777344442098266e+18
c6b1ee29-0c20-4451-be66-97c2642c3139,1.777344442131609e+18
c6b1ee29-0c20-4451-be66-97c2642c3139,1.777344442164952e+18
c6b1ee29-0c20-4451-be66-97c2642c3139,1.777344442198295e+18
c6b1ee29-0c20-4451-be66-97c2642c3139,1.777344442231638e+18
c6b1ee29-0c20-4451-be66-97c2642c3139,1.777344442264981e+18
c6b1ee29-0c20-4451-be66-97c2642c3139,1.777344442298324e+18
c6b1ee29-0c20-4451-be66-97c2642c3139,1.7773444423316672e+18
c6b1ee29-0c20-4451-be66-97c2642c3139,1.7773444423650102e+18
c6b1ee29-0c20-4451-be66-97c2642c3139,1.7773444423983532e+18
c6b1ee29-0c20-4451-be66-97c2642c3139,1.7773444424316961e+18
c6b1ee29-0c20-4451-be66-97c2642c3139,1.777344442465039e+18
c6b1ee29-0c20-4451-be66-97c2642c3139,1.777344442498382e+18
c6b1ee29-0c20-4451-be66-97c2642c3139,1.777344442531725e+18
c6b1ee29-0c20-4451-be66-97c2642c3139,1.777344442565068e+18
c6b1ee29-0c20-4451-be66-97c2642c3139,1.777344442598411e+18
c6b1ee29-0c20-4451-be66-97c2642c3139,1.777344442631755e+18
c6b1ee29-0c20-4451-be66-97c2642c3139,1.777344442665098e+18
c6b1ee29-0c20-4451-be66-97c2642c3139,1.777344442698441e+18
c6b1ee29-0c20-4451-be66-97c2642c3139,1.7773444427317842e+18
c6b1ee29-0c20-4451-be66-97c2642c3139,1.7773444427651272e+18
c6b1ee29-0c20-4451-be66-97c2642c3139,1.7773444427984701e+18
c6b1ee29-0c20-4451-be66-97c2642c3139,1.777344442831813e+18
c6b1ee29-0c20-4451-be66-97c2642c3139,1.777344442865156e+18
c6b1ee29-0c20-4451-be66-97c2642c3139,1.777344442898499e+18
c6b1ee29-0c20-4451-be66-97c2642c3139,1.777344442931842e+18
c6b1ee29-0c20-4451-be66-97c2642c3139,1.777344442965185e+18
c6b1ee29-0c20-4451-be66-97c2642c3139,1.777344442998528e+18
c6b1ee29-0c20-4451-be66-97c2642c3139,1.777344443031871e+18
c6b1ee29-0c20-4451-be66-97c2642c3139,1.777344443065214e+18
c6b1ee29-0c20-4451-be66-97c2642c3139,1.7773444430985572e+18
c6b1ee29-0c20-4451-be66-97c2642c3139,1.7773444431319002e+18
c6b1ee29-0c20-4451-be66-97c2642c3139,1.7773444431652431e+18
c6b1ee29-0c20-4451-be66-97c2642c3139,1.777344443198586e+18
c6b1ee29-0c20-4451-be66-97c2642c3139,1.777344443231929e+18
c6b1ee29-0c20-4451-be66-97c2642c3139,1.777344443265272e+18
c6b1ee29-0c20-4451-be66-97c2642c3139,1.777344443298616e+18
c6b1ee29-0c20-4451-be66-97c2642c3139,1.777344443331959e+18
c6b1ee29-0c20-4451-be66-97c2642c3139,1.777344443365302e+18
c6b1ee29-0c20-4451-be66-97c2642c3139,1.777344443398645e+18
c6b1ee29-0c20-4451-be66-97c2642c3139,1.777344443431988e+18
c6b1ee29-0c20-4451-be66-97c2642c3139,1.7773444434653312e+18
c6b1ee29-0c20-4451-be66-97c2642c3139,1.7773444434986742e+18
c6b1ee29-0c20-4451-be66-97c2642c3139,1.7773444435320172e+18
c6b1ee29-0c20-4451-be66-97c2642c3139,1.77734444356536e+18
c6b1ee29-0c20-4451-be66-97c2642c3139,1.777344443598703e+18
c6b1ee29-0c20-4451-be66-97c2642c3139,1.777344443632046e+18
c6b1ee29-0c20-4451-be66-97c2642c3139,1.777344443665389e+18
c6b1ee29-0c20-4451-be66-97c2642c3139,1.777344443698732e+18
c6b1ee29-0c20-4451-be66-97c2642c3139,1.777344443732075e+18
c6b1ee29-0c20-4451-be66-97c2642c3139,1.777344443765418e+18
c6b1ee29-0c20-4451-be66-97c2642c3139,1.777344443798761e+18
c6b1ee29-0c20-4451-be66-97c2642c3139,1.7773444438321042e+18
c6b1ee29-0c20-4451-be66-97c2642c3139,1.7773444438654472e+18
c6b1ee29-0c20-4451-be66-97c2642c3139,1.7773444438987901e+18
c6b1ee29-0c20-4451-be66-97c2642c3139,1.777344443932133e+18
c6b1ee29-0c20-4451-be66-97c2642c3139,1.777344443965476e+18
c6b1ee29-0c20-4451-be66-97c2642c3139,1.77734444399882e+18
c6b1ee29-0c20-4451-be66-97c2642c3139,1.777344444032163e+18
c6b1ee29-0c20-4451-be66-97c2642c3139,1.777344444065506e+18
c6b1ee29-0c20-4451-be66-97c2642c3139,1.777344444098849e+18
c6b1ee29-0c20-4451-be66-97c2642c3139,1.777344444132192e+18
c6b1ee29-0c20-4451-be66-97c2642c3139,1.777344444165535e+18
c6b1ee29-0c20-4451-be66-97c2642c3139,1.777344444198878e+18
c6b1ee29-0c20-4451-be66-97c2642c3139,1.7773444442322212e+18
c6b1ee29-0c20-4451-be66-97c2642c3139,1.7773444442655642e+18
c6b1ee29-0c20-4451-be66-97c2642c3139,1.7773444442989071e+18
c6b1ee29-0c20-4451-be66-97c2642c3139,1.77734444433225e+18
c6b1ee29-0c20-4451-be66-97c2642c3139,1.777344444365593e+18
c6b1ee29-0c20-4451-be66-97c2642c3139,1.777344444398936e+18
c6b1ee29-0c20-4451-be66-97c2642c3139,1.777344444432279e+18
c6b1ee29-0c20-4451-be66-97c2642c3139,1.777344444465622e+18
c6b1ee29-0c20-4451-be66-97c2642c3139,1.777344444498965e+18
c6b1ee29-0c20-4451-be66-97c2642c3139,1.777344444532308e+18
c6b1ee29-0c20-4451-be66-97c2642c3139,1.7773444445656512e+18
c6b1ee29-0c20-4451-be66-97c2642c3139,1.7773444445989942e+18
c6b1ee29-0c20-4451-be66-97c2642c3139,1.7773444446323372e+18
c6b1ee29-0c20-4451-be66-97c2642c3139,1.7773444446656812e+18
c6b1ee29-0c20-4451-be66-97c2642c3139,1.7773444446990241e+18
c6b1ee29-0c20-4451-be66-97c2642c3139,1.777344444732367e+18
c6b1ee29-0c20-4451-be66-97c2642c3139,1.77734444476571e+18
c6b1ee29-0c20-4451-be66-97c2642c3139,1.777344444799053e+18
c6b1ee29-0c20-4451-be66-97c2642c3139,1.777344444832396e+18
c6b1ee29-0c20-4451-be66-97c2642c3139,1.777344444865739e+18
c6b1ee29-0c20-4451-be66-97c2642c3139,1.777344444899082e+18
c6b1ee29-0c20-4451-be66-97c2642c3139,1.777344444932425e+18
c6b1ee29-0c20-4451-be66-97c2642c3139,1.7773444449657682e+18
c6b1ee29-0c20-4451-be66-97c2642c3139,1.7773444449991112e+18
c6b1ee29-0c20-4451-be66-97c2642c3139,1.7773444450324541e+18
c6b1ee29-0c20-4451-be66-97c2642c3139,1.777344445065797e+18
c6b1ee29-0c20-4451-be66-97c2642c3139,1.77734444509914e+18
c6b1ee29-0c20-4451-be66-97c2642c3139,1.777344445132483e+18
c6b1ee29-0c20-4451-be66-97c2642c3139,1.777344445165826e+18
c6b1ee29-0c20-4451-be66-97c2642c3139,1.777344445199169e+18
c6b1ee29-0c20-4451-be66-97c2642c3139,1.777344445232512e+18
c6b1ee29-0c20-4451-be66-97c2642c3139,1.777344445265855e+18
c6b1ee29-0c20-4451-be66-97c2642c3139,1.777344445299198e+18
c6b1ee29-0c20-4451-be66-97c2642c3139,1.7773444453325412e+18
c6b1ee29-0c20-4451-be66-97c2642c3139,1.7773444453658852e+18
c6b1ee29-0c20-4451-be66-97c2642c3139,1.7773444453992282e+18
c6b1ee29-0c20-4451-be66-97c2642c3139,1.7773444454325711e+18
c6b1ee29-0c20-4451-be66-97c2642c3139,1.777344445465914e+18
c6b1ee29-0c20-4451-be66-97c2642c3139,1.777344445499257e+18
c6b1ee29-0c20-4451-be66-97c2642c3139,1.7773444455326e+18
c6b1ee29-0c20-4451-be66-97c2642c3139,1.777344445565943e+18
c6b1ee29-0c20-4451-be66-97c2642c3139,1.777344445599286e+18
c6b1ee29-0c20-4451-be66-97c2642c3139,1.777344445632629e+18
c6b1ee29-0c20-4451-be66-97c2642c3139,1.777344445665972e+18
c6b1ee29-0c20-4451-be66-97c2642c3139,1.7773444456993152e+18
c6b1ee29-0c20-4451-be66-97c2642c3139,1.7773444457326582e+18
c6b1ee29-0c20-4451-be66-97c2642c3139,1.7773444457660012e+18
c6b1ee29-0c20-4451-be66-97c2642c3139,1.777344445799344e+18
c6b1ee29-0c20-4451-be66-97c2642c3139,1.777344445832687e+18
c6b1ee29-0c20-4451-be66-97c2642c3139,1.77734444586603e+18
c6b1ee29-0c20-4451-be66-97c2642c3139,1.777344445899373e+18
c6b1ee29-0c20-4451-be66-97c2642c3139,1.777344445932716e+18
c6b1ee29-0c20-4451-be66-97c2642c3139,1.777344445966059e+18
c6b1ee29-0c20-4451-be66-97c2642c3139,1.777344445999402e+18
c6b1ee29-0c20-4451-be66-97c2642c3139,1.777344446032745e+18
c6b1ee29-0c20-4451-be66-97c2642c3139,1.777344446066089e+18
c6b1ee29-0c20-4451-be66-97c2642c3139,1.7773444460994322e+18
c6b1ee29-0c20-4451-be66-97c2642c3139,1.7773444461327752e+18
c6b1ee29-0c20-4451-be66-97c2642c3139,1.7773444461661181e+18
c6b1ee29-0c20-4451-be66-97c2642c3139,1.777344446199461e+18
c6b1ee29-0c20-4451-be66-97c2642c3139,1.777344446232804e+18
c6b1ee29-0c20-4451-be66-97c2642c3139,1.777344446266147e+18
c6b1ee29-0c20-4451-be66-97c2642c3139,1.77734444629949e+18
c6b1ee29-0c20-4451-be66-97c2642c3139,1.777344446332833e+18
c6b1ee29-0c20-4451-be66-97c2642c3139,1.777344446366176e+18
c6b1ee29-0c20-4451-be66-97c2642c3139,1.777344446399519e+18
c6b1ee29-0c20-4451-be66-97c2642c3139,1.777344446432862e+18
c6b1ee29-0c20-4451-be66-97c2642c3139,1.7773444464662052e+18
c6b1ee29-0c20-4451-be66-97c2642c3139,1.7773444464995482e+18
c6b1ee29-0c20-4451-be66-97c2642c3139,1.7773444465328911e+18
c6b1ee29-0c20-4451-be66-97c2642c3139,1.777344446566234e+18
c6b1ee29-0c20-4451-be66-97c2642c3139,1.777344446599577e+18
c6b1ee29-0c20-4451-be66-97c2642c3139,1.77734444663292e+18
c6b1ee29-0c20-4451-be66-97c2642c3139,1.777344446666263e+18
c6b1ee29-0c20-4451-be66-97c2642c3139,1.777344446699606e+18
c6b1ee29-0c20-4451-be66-97c2642c3139,1.777344446732949e+18
c6b1ee29-0c20-4451-be66-97c2642c3139,1.777344446766293e+18
c6b1ee29-0c20-4451-be66-97c2642c3139,1.777344446799636e+18
c6b1ee29-0c20-4451-be66-97c2642c3139,1.7773444468329792e+18
c6b1ee29-0c20-4451-be66-97c2642c3139,1.7773444468663222e+18
c6b1ee29-0c20-4451-be66-97c2642c3139,1.7773444468996652e+18
c6b1ee29-0c20-4451-be66-97c2642c3139,1.7773444469330081e+18
c6b1ee29-0c20-4451-be66-97c2642c3139,1.777344446966351e+18
c6b1ee29-0c20-4451-be66-97c2642c3139,1.777344446999694e+18
c6b1ee29-0c20-4451-be66-97c2642c3139,1.777344447033037e+18
c6b1ee29-0c20-4451-be66-97c2642c3139,1.77734444706638e+18
c6b1ee29-0c20-4451-be66-97c2642c3139,1.777344447099723e+18
c6b1ee29-0c20-4451-be66-97c2642c3139,1.777344447133066e+18
c6b1ee29-0c20-4451-be66-97c2642c3139,1.777344447166409e+18
c6b1ee29-0c20-4451-be66-97c2642c3139,1.7773444471997522e+18
c6b1ee29-0c20-4451-be66-97c2642c3139,1.7773444472330952e+18
c6b1ee29-0c20-4451-be66-97c2642c3139,1.7773444472664381e+18
c6b1ee29-0c20-4451-be66-97c2642c3139,1.777344447299781e+18
c6b1ee29-0c20-4451-be66-97c2642c3139,1.777344447333124e+18
c6b1ee29-0c20-4451-be66-97c2642c3139,1.777344447366467e+18
c6b1ee29-0c20-4451-be66-97c2642c3139,1.77734444739981e+18
c6b1ee29-0c20-4451-be66-97c2642c3139,1.777344447433154e+18
c6b1ee29-0c20-4451-be66-97c2642c3139,1.777344447466497e+18
c6b1ee29-0c20-4451-be66-97c2642c3139,1.77734444749984e+18
c6b1ee29-0c20-4451-be66-97c2642c3139,1.777344447533183e+18
c6b1ee29-0c20-4451-be66-97c2642c3139,1.777344447566526e+18
c6b1ee29-0c20-4451-be66-97c2642c3139,1.7773444475998692e+18
c6b1ee29-0c20-4451-be66-97c2642c3139,1.7773444476332122e+18
c6b1ee29-0c20-4451-be66-97c2642c3139,1.7773444476665551e+18
c6b1ee29-0c20-4451-be66-97c2642c3139,1.777344447699898e+18
c6b1ee29-0c20-4451-be66-97c2642c3139,1.777344447733241e+18
c6b1ee29-0c20-4451-be66-97c2642c3139,1.777344447766584e+18
c6b1ee29-0c20-4451-be66-97c2642c3139,1.777344447799927e+18
c6b1ee29-0c20-4451-be66-97c2642c3139,1.77734444783327e+18
c6b1ee29-0c20-4451-be66-97c2642c3139,1.777344447866613e+18
c6b1ee29-0c20-4451-be66-97c2642c3139,1.777344447899956e+18
c6b1ee29-0c20-4451-be66-97c2642c3139,1.7773444479332992e+18
c6b1ee29-0c20-4451-be66-97c2642c3139,1.7773444479666422e+18
c6b1ee29-0c20-4451-be66-97c2642c3139,1.7773444479999852e+18
c6b1ee29-0c20-4451-be66-97c2642c3139,1.777344448033328e+18
c6b1ee29-0c20-4451-be66-97c2642c3139,1.777344448066671e+18
c6b1ee29-0c20-4451-be66-97c2642c3139,1.777344448100015e+18
c6b1ee29-0c20-4451-be66-97c2642c3139,1.777344448133358e+18
c6b1ee29-0c20-4451-be66-97c2642c3139,1.777344448166701e+18
c6b1ee29-0c20-4451-be66-97c2642c3139,1.777344448200044e+18
c6b1ee29-0c20-4451-be66-97c2642c3139,1.777344448233387e+18
c6b1ee29-0c20-4451-be66-97c2642c3139,1.77734444826673e+18
c6b1ee29-0c20-4451-be66-97c2642c3139,1.777344448300073e+18
c6b1ee29-0c20-4451-be66-97c2642c3139,1.7773444483334162e+18
c6b1ee29-0c20-4451-be66-97c2642c3139,1.7773444483667592e+18
c6b1ee29-0c20-4451-be66-97c2642c3139,1.7773444484001021e+18
c6b1ee29-0c20-4451-be66-97c2642c3139,1.777344448433445e+18
c6b1ee29-0c20-4451-be66-97c2642c3139,1.777344448466788e+18
c6b1ee29-0c20-4451-be66-97c2642c3139,1.777344448500131e+18
c6b1ee29-0c20-4451-be66-97c2642c3139,1.777344448533474e+18
c6b1ee29-0c20-4451-be66-97c2642c3139,1.777344448566817e+18
c6b1ee29-0c20-4451-be66-97c2642c3139,1.77734444860016e+18
c6b1ee29-0c20-4451-be66-97c2642c3139,1.777344448633503e+18
c6b1ee29-0c20-4451-be66-97c2642c3139,1.777344448666846e+18
c6b1ee29-0c20-4451-be66-97c2642c3139,1.7773444487001892e+18
c6b1ee29-0c20-4451-be66-97c2642c3139,1.7773444487335322e+18
c6b1ee29-0c20-4451-be66-97c2642c3139,1.7773444487668762e+18
c6b1ee29-0c20-4451-be66-97c2642c3139,1.7773444488002191e+18
c6b1ee29-0c20-4451-be66-97c2642c3139,1.777344448833562e+18
c6b1ee29-0c20-4451-be66-97c2642c3139,1.777344448866905e+18
c6b1ee29-0c20-4451-be66-97c2642c3139,1.777344448900248e+18
c6b1ee29-0c20-4451-be66-97c2642c3139,1.777344448933591e+18
c6b1ee29-0c20-4451-be66-97c2642c3139,1.777344448966934e+18
c6b1ee29-0c20-4451-be66-97c2642c3139,1.777344449000277e+18
c6b1ee29-0c20-4451-be66-97c2642c3139,1.77734444903362e+18
c6b1ee29-0c20-4451-be66-97c2642c3139,1.7773444490669632e+18
c6b1ee29-0c20-4451-be66-97c2642c3139,1.7773444491003062e+18
c6b1ee29-0c20-4451-be66-97c2642c3139,1.7773444491336492e+18
c6b1ee29-0c20-4451-be66-97c2642c3139,1.7773444491669921e+18
c6b1ee29-0c20-4451-be66-97c2642c3139,1.777344449200335e+18
c6b1ee29-0c20-4451-be66-97c2642c3139,1.777344449233678e+18
c6b1ee29-0c20-4451-be66-97c2642c3139,1.777344449267021e+18
c6b1ee29-0c20-4451-be66-97c2642c3139,1.777344449300364e+18
c6b1ee29-0c20-4451-be66-97c2642c3139,1.777344449333707e+18
c6b1ee29-0c20-4451-be66-97c2642c3139,1.77734444936705e+18
c6b1ee29-0c20-4451-be66-97c2642c3139,1.777344449400393e+18
c6b1ee29-0c20-4451-be66-97c2642c3139,1.7773444494337362e+18
c6b1ee29-0c20-4451-be66-97c2642c3139,1.7773444494670802e+18
c6b1ee29-0c20-4451-be66-97c2642c3139,1.7773444495004232e+18
c6b1ee29-0c20-4451-be66-97c2642c3139,1.7773444495337661e+18
c6b1ee29-0c20-4451-be66-97c2642c3139,1.777344449567109e+18
c6b1ee29-0c20-4451-be66-97c2642c3139,1.777344449600452e+18
c6b1ee29-0c20-4451-be66-97c2642c3139,1.777344449633795e+18
c6b1ee29-0c20-4451-be66-97c2642c3139,1.777344449667138e+18
c6b1ee29-0c20-4451-be66-97c2642c3139,1.777344449700481e+18
c6b1ee29-0c20-4451-be66-97c2642c3139,1.777344449733824e+18
c6b1ee29-0c20-4451-be66-97c2642c3139,1.777344449767167e+18
c6b1ee29-0c20-4451-be66-97c2642c3139,1.77734444980051e+18
c6b1ee29-0c20-4451-be66-97c2642c3139,1.7773444498338532e+18
c6b1ee29-0c20-4451-be66-97c2642c3139,1.7773444498671962e+18
c6b1ee29-0c20-4451-be66-97c2642c3139,1.7773444499005391e+18
c6b1ee29-0c20-4451-be66-97c2642c3139,1.777344449933882e+18
c6b1ee29-0c20-4451-be66-97c2642c3139,1.777344449967225e+18
c6b1ee29-0c20-4451-be66-97c2642c3139,1.777344450000568e+18
c6b1ee29-0c20-4451-be66-97c2642c3139,1.777344450033911e+18
c6b1ee29-0c20-4451-be66-97c2642c3139,1.777344450067254e+18
c6b1ee29-0c20-4451-be66-97c2642c3139,1.777344450100597e+18
c6b1ee29-0c20-4451-be66-97c2642c3139,1.777344450133941e+18
c6b1ee29-0c20-4451-be66-97c2642c3139,1.777344450167284e+18
c6b1ee29-0c20-4451-be66-97c2642c3139,1.7773444502006272e+18
c6b1ee29-0c20-4451-be66-97c2642c3139,1.7773444502339702e+18
c6b1ee29-0c20-4451-be66-97c2642c3139,1.7773444502673132e+18
c6b1ee29-0c20-4451-be66-97c2642c3139,1.777344450300656e+18
c6b1ee29-0c20-4451-be66-97c2642c3139,1.777344450333999e+18
c6b1ee29-0c20-4451-be66-97c2642c3139,1.777344450367342e+18
c6b1ee29-0c20-4451-be66-97c2642c3139,1.777344450400685e+18
c6b1ee29-0c20-4451-be66-97c2642c3139,1.777344450434028e+18
c6b1ee29-0c20-4451-be66-97c2642c3139,1.777344450467371e+18
c6b1ee29-0c20-4451-be66-97c2642c3139,1.777344450500714e+18
c6b1ee29-0c20-4451-be66-97c2642c3139,1.777344450534057e+18
c6b1ee29-0c20-4451-be66-97c2642c3139,1.7773444505674002e+18
c6b1ee29-0c20-4451-be66-97c2642c3139,1.7773444506007432e+18
c6b1ee29-0c20-4451-be66-97c2642c3139,1.7773444506340861e+18
c6b1ee29-0c20-4451-be66-97c2642c3139,1.777344450667429e+18
c6b1ee29-0c20-4451-be66-97c2642c3139,1.777344450700772e+18
c6b1ee29-0c20-4451-be66-97c2642c3139,1.777344450734115e+18
c6b1ee29-0c20-4451-be66-97c2642c3139,1.777344450767458e+18
c6b1ee29-0c20-4451-be66-97c2642c3139,1.777344450800801e+18
c6b1ee29-0c20-4451-be66-97c2642c3139,1.777344450834145e+18
c6b1ee29-0c20-4451-be66-97c2642c3139,1.777344450867488e+18
c6b1ee29-0c20-4451-be66-97c2642c3139,1.777344450900831e+18
c6b1ee29-0c20-4451-be66-97c2642c3139,1.777344450934174e+18
c6b1ee29-0c20-4451-be66-97c2642c3139,1.7773444509675172e+18
c6b1ee29-0c20-4451-be66-97c2642c3139,1.7773444510008602e+18
c6b1ee29-0c20-4451-be66-97c2642c3139,1.7773444510342031e+18
c6b1ee29-0c20-4451-be66-97c2642c3139,1.777344451067546e+18
c6b1ee29-0c20-4451-be66-97c2642c3139,1.777344451100889e+18
c6b1ee29-0c20-4451-be66-97c2642c3139,1.777344451134232e+18
c6b1ee29-0c20-4451-be66-97c2642c3139,1.777344451167575e+18
c6b1ee29-0c20-4451-be66-97c2642c3139,1.777344451200918e+18
c6b1ee29-0c20-4451-be66-97c2642c3139,1.777344451234261e+18
c6b1ee29-0c20-4451-be66-97c2642c3139,1.777344451267604e+18
c6b1ee29-0c20-4451-be66-97c2642c3139,1.7773444513009472e+18
c6b1ee29-0c20-4451-be66-97c2642c3139,1.7773444513342902e+18
c6b1ee29-0c20-4451-be66-97c2642c3139,1.7773444513676332e+18
c6b1ee29-0c20-4451-be66-97c2642c3139,1.7773444514009761e+18
c6b1ee29-0c20-4451-be66-97c2642c3139,1.777344451434319e+18
c6b1ee29-0c20-4451-be66-97c2642c3139,1.777344451467662e+18
c6b1ee29-0c20-4451-be66-97c2642c3139,1.777344451501005e+18
c6b1ee29-0c20-4451-be66-97c2642c3139,1.777344451534349e+18
c6b1ee29-0c20-4451-be66-97c2642c3139,1.777344451567692e+18
c6b1ee29-0c20-4451-be66-97c2642c3139,1.777344451601035e+18
c6b1ee29-0c20-4451-be66-97c2642c3139,1.777344451634378e+18
c6b1ee29-0c20-4451-be66-97c2642c3139,1.777344451667721e+18
c6b1ee29-0c20-4451-be66-97c2642c3139,1.7773444517010642e+18
c6b1ee29-0c20-4451-be66-97c2642c3139,1.7773444517344072e+18
c6b1ee29-0c20-4451-be66-97c2642c3139,1.7773444517677501e+18
c6b1ee29-0c20-4451-be66-97c2642c3139,1.777344451801093e+18
c6b1ee29-0c20-4451-be66-97c2642c3139,1.777344451834436e+18
c6b1ee29-0c20-4451-be66-97c2642c3139,1.777344451867779e+18
c6b1ee29-0c20-4451-be66-97c2642c3139,1.777344451901122e+18
c6b1ee29-0c20-4451-be66-97c2642c3139,1.777344451934465e+18
c6b1ee29-0c20-4451-be66-97c2642c3139,1.777344451967808e+18
c6b1ee29-0c20-4451-be66-97c2642c3139,1.777344452001151e+18
c6b1ee29-0c20-4451-be66-97c2642c3139,1.777344452034494e+18
c6b1ee29-0c20-4451-be66-97c2642c3139,1.7773444520678372e+18
c6b1ee29-0c20-4451-be66-97c2642c3139,1.7773444521011802e+18
c6b1ee29-0c20-4451-be66-97c2642c3139,1.7773444521345231e+18
c6b1ee29-0c20-4451-be66-97c2642c3139,1.777344452167866e+18
c6b1ee29-0c20-4451-be66-97c2642c3139,1.777344452201209e+18
c6b1ee29-0c20-4451-be66-97c2642c3139,1.777344452234553e+18
c6b1ee29-0c20-4451-be66-97c2642c3139,1.777344452267896e+18
c6b1ee29-0c20-4451-be66-97c2642c3139,1.777344452301239e+18
c6b1ee29-0c20-4451-be66-97c2642c3139,1.777344452334582e+18
c6b1ee29-0c20-4451-be66-97c2642c3139,1.777344452367925e+18
c6b1ee29-0c20-4451-be66-97c2642c3139,1.777344452401268e+18
c6b1ee29-0c20-4451-be66-97c2642c3139,1.7773444524346112e+18
c6b1ee29-0c20-4451-be66-97c2642c3139,1.7773444524679542e+18
c6b1ee29-0c20-4451-be66-97c2642c3139,1.7773444525012972e+18
c6b1ee29-0c20-4451-be66-97c2642c3139,1.77734445253464e+18
c6b1ee29-0c20-4451-be66-97c2642c3139,1.777344452567983e+18
c6b1ee29-0c20-4451-be66-97c2642c3139,1.777344452601326e+18
c6b1ee29-0c20-4451-be66-97c2642c3139,1.777344452634669e+18
c6b1ee29-0c20-4451-be66-97c2642c3139,1.777344452668012e+18
c6b1ee29-0c20-4451-be66-97c2642c3139,1.777344452701355e+18
c6b1ee29-0c20-4451-be66-97c2642c3139,1.777344452734698e+18
c6b1ee29-0c20-4451-be66-97c2642c3139,1.777344452768041e+18
c6b1ee29-0c20-4451-be66-97c2642c3139,1.7773444528013842e+18
c6b1ee29-0c20-4451-be66-97c2642c3139,1.7773444528347272e+18
c6b1ee29-0c20-4451-be66-97c2642c3139,1.7773444528680701e+18
c6b1ee29-0c20-4451-be66-97c2642c3139,1.7773444529014141e+18
c6b1ee29-0c20-4451-be66-97c2642c3139,1.777344452934757e+18
c6b1ee29-0c20-4451-be66-97c2642c3139,1.7773444529681e+18
c6b1ee29-0c20-4451-be66-97c2642c3139,1.777344453001443e+18
c6b1ee29-0c20-4451-be66-97c2642c3139,1.777344453034786e+18
c6b1ee29-0c20-4451-be66-97c2642c3139,1.777344453068129e+18
c6b1ee29-0c20-4451-be66-97c2642c3139,1.777344453101472e+18
c6b1ee29-0c20-4451-be66-97c2642c3139,1.777344453134815e+18
c6b1ee29-0c20-4451-be66-97c2642c3139,1.777344453168158e+18
c6b1ee29-0c20-4451-be66-97c2642c3139,1.7773444532015012e+18
c6b1ee29-0c20-4451-be66-97c2642c3139,1.7773444532348442e+18
c6b1ee29-0c20-4451-be66-97c2642c3139,1.7773444532681871e+18
c6b1ee29-0c20-4451-be66-97c2642c3139,1.77734445330153e+18
c6b1ee29-0c20-4451-be66-97c2642c3139,1.777344453334873e+18
c6b1ee29-0c20-4451-be66-97c2642c3139,1.777344453368216e+18
c6b1ee29-0c20-4451-be66-97c2642c3139,1.777344453401559e+18
c6b1ee29-0c20-4451-be66-97c2642c3139,1.777344453434902e+18
c6b1ee29-0c20-4451-be66-97c2642c3139,1.777344453468245e+18
c6b1ee29-0c20-4451-be66-97c2642c3139,1.777344453501588e+18
c6b1ee29-0c20-4451-be66-97c2642c3139,1.7773444535349312e+18
c6b1ee29-0c20-4451-be66-97c2642c3139,1.7773444535682752e+18
c6b1ee29-0c20-4451-be66-97c2642c3139,1.7773444536016182e+18
c6b1ee29-0c20-4451-be66-97c2642c3139,1.7773444536349612e+18
c6b1ee29-0c20-4451-be66-97c2642c3139,1.7773444536683041e+18
c6b1ee29-0c20-4451-be66-97c2642c3139,1.777344453701647e+18
c6b1ee29-0c20-4451-be66-97c2642c3139,1.77734445373499e+18
c6b1ee29-0c20-4451-be66-97c2642c3139,1.777344453768333e+18
c6b1ee29-0c20-4451-be66-97c2642c3139,1.777344453801676e+18
c6b1ee29-0c20-4451-be66-97c2642c3139,1.777344453835019e+18
c6b1ee29-0c20-4451-be66-97c2642c3139,1.777344453868362e+18
c6b1ee29-0c20-4451-be66-97c2642c3139,1.777344453901705e+18
c6b1ee29-0c20-4451-be66-97c2642c3139,1.7773444539350482e+18
c6b1ee29-0c20-4451-be66-97c2642c3139,1.7773444539683912e+18
c6b1ee29-0c20-4451-be66-97c2642c3139,1.7773444540017341e+18
c6b1ee29-0c20-4451-be66-97c2642c3139,1.777344454035077e+18
c6b1ee29-0c20-4451-be66-97c2642c3139,1.77734445406842e+18
c6b1ee29-0c20-4451-be66-97c2642c3139,1.777344454101763e+18
c6b1ee29-0c20-4451-be66-97c2642c3139,1.777344454135106e+18
c6b1ee29-0c20-4451-be66-97c2642c3139,1.777344454168449e+18
c6b1ee29-0c20-4451-be66-97c2642c3139,1.777344454201792e+18
c6b1ee29-0c20-4451-be66-97c2642c3139,1.777344454235136e+18
c6b1ee29-0c20-4451-be66-97c2642c3139,1.777344454268479e+18
c6b1ee29-0c20-4451-be66-97c2642c3139,1.777344454301822e+18
c6b1ee29-0c20-4451-be66-97c2642c3139,1.7773444543351652e+18
c6b1ee29-0c20-4451-be66-97c2642c3139,1.7773444543685082e+18
c6b1ee29-0c20-4451-be66-97c2642c3139,1.7773444544018511e+18
c6b1ee29-0c20-4451-be66-97c2642c3139,1.777344454435194e+18
c6b1ee29-0c20-4451-be66-97c2642c3139,1.777344454468537e+18
c6b1ee29-0c20-4451-be66-97c2642c3139,1.77734445450188e+18
c6b1ee29-0c20-4451-be66-97c2642c3139,1.777344454535223e+18
c6b1ee29-0c20-4451-be66-97c2642c3139,1.777344454568566e+18
c6b1ee29-0c20-4451-be66-97c2642c3139,1.777344454601909e+18
c6b1ee29-0c20-4451-be66-97c2642c3139,1.777344454635252e+18
c6b1ee29-0c20-4451-be66-97c2642c3139,1.7773444546685952e+18
c6b1ee29-0c20-4451-be66-97c2642c3139,1.7773444547019382e+18
c6b1ee29-0c20-4451-be66-97c2642c3139,1.7773444547352812e+18
c6b1ee29-0c20-4451-be66-97c2642c3139,1.777344454768624e+18
c6b1ee29-0c20-4451-be66-97c2642c3139,1.777344454801967e+18
c6b1ee29-0c20-4451-be66-97c2642c3139,1.77734445483531e+18
c6b1ee29-0c20-4451-be66-97c2642c3139,1.777344454868653e+18
c6b1ee29-0c20-4451-be66-97c2642c3139,1.777344454901996e+18
c6b1ee29-0c20-4451-be66-97c2642c3139,1.77734445493534e+18
c6b1ee29-0c20-4451-be66-97c2642c3139,1.777344454968683e+18
c6b1ee29-0c20-4451-be66-97c2642c3139,1.777344455002026e+18
c6b1ee29-0c20-4451-be66-97c2642c3139,1.777344455035369e+18
c6b1ee29-0c20-4451-be66-97c2642c3139,1.7773444550687122e+18
c6b1ee29-0c20-4451-be66-97c2642c3139,1.7773444551020552e+18
c6b1ee29-0c20-4451-be66-97c2642c3139,1.7773444551353981e+18
c6b1ee29-0c20-4451-be66-97c2642c3139,1.777344455168741e+18
c6b1ee29-0c20-4451-be66-97c2642c3139,1.777344455202084e+18
c6b1ee29-0c20-4451-be66-97c2642c3139,1.777344455235427e+18
c6b1ee29-0c20-4451-be66-97c2642c3139,1.77734445526877e+18
c6b1ee29-0c20-4451-be66-97c2642c3139,1.777344455302113e+18
c6b1ee29-0c20-4451-be66-97c2642c3139,1.777344455335456e+18
c6b1ee29-0c20-4451-be66-97c2642c3139,1.777344455368799e+18
c6b1ee29-0c20-4451-be66-97c2642c3139,1.777344455402142e+18
c6b1ee29-0c20-4451-be66-97c2642c3139,1.7773444554354852e+18
c6b1ee29-0c20-4451-be66-97c2642c3139,1.7773444554688282e+18
c6b1ee29-0c20-4451-be66-97c2642c3139,1.7773444555021711e+18
c6b1ee29-0c20-4451-be66-97c2642c3139,1.777344455535514e+18
c6b1ee29-0c20-4451-be66-97c2642c3139,1.777344455568857e+18
c6b1ee29-0c20-4451-be66-97c2642c3139,1.7773444556022e+18
c6b1ee29-0c20-4451-be66-97c2642c3139,1.777344455635544e+18
c6b1ee29-0c20-4451-be66-97c2642c3139,1.777344455668887e+18
c6b1ee29-0c20-4451-be66-97c2642c3139,1.77734445570223e+18
c6b1ee29-0c20-4451-be66-97c2642c3139,1.777344455735573e+18
c6b1ee29-0c20-4451-be66-97c2642c3139,1.777344455768916e+18
c6b1ee29-0c20-4451-be66-97c2642c3139,1.7773444558022592e+18
c6b1ee29-0c20-4451-be66-97c2642c3139,1.7773444558356022e+18
c6b1ee29-0c20-4451-be66-97c2642c3139,1.7773444558689452e+18
c6b1ee29-0c20-4451-be66-97c2642c3139,1.7773444559022881e+18
c6b1ee29-0c20-4451-be66-97c2642c3139,1.777344455935631e+18
c6b1ee29-0c20-4451-be66-97c2642c3139,1.777344455968974e+18
c6b1ee29-0c20-4451-be66-97c2642c3139,1.777344456002317e+18
c6b1ee29-0c20-4451-be66-97c2642c3139,1.77734445603566e+18
c6b1ee29-0c20-4451-be66-97c2642c3139,1.777344456069003e+18
c6b1ee29-0c20-4451-be66-97c2642c3139,1.777344456102346e+18
c6b1ee29-0c20-4451-be66-97c2642c3139,1.777344456135689e+18
c6b1ee29-0c20-4451-be66-97c2642c3139,1.7773444561690322e+18
c6b1ee29-0c20-4451-be66-97c2642c3139,1.7773444562023752e+18
c6b1ee29-0c20-4451-be66-97c2642c3139,1.7773444562357181e+18
c6b1ee29-0c20-4451-be66-97c2642c3139,1.777344456269061e+18
c6b1ee29-0c20-4451-be66-97c2642c3139,1.777344456302405e+18
c6b1ee29-0c20-4451-be66-97c2642c3139,1.777344456335748e+18
c6b1ee29-0c20-4451-be66-97c2642c3139,1.777344456369091e+18
c6b1ee29-0c20-4451-be66-97c2642c3139,1.777344456402434e+18
c6b1ee29-0c20-4451-be66-97c2642c3139,1.777344456435777e+18
c6b1ee29-0c20-4451-be66-97c2642c3139,1.77734445646912e+18
c6b1ee29-0c20-4451-be66-97c2642c3139,1.777344456502463e+18
c6b1ee29-0c20-4451-be66-97c2642c3139,1.777344456535806e+18
c6b1ee29-0c20-4451-be66-97c2642c3139,1.7773444565691492e+18
c6b1ee29-0c20-4451-be66-97c2642c3139,1.7773444566024922e+18
c6b1ee29-0c20-4451-be66-97c2642c3139,1.7773444566358351e+18
c6b1ee29-0c20-4451-be66-97c2642c3139,1.777344456669178e+18
c6b1ee29-0c20-4451-be66-97c2642c3139,1.777344456702521e+18
c6b1ee29-0c20-4451-be66-97c2642c3139,1.777344456735864e+18
c6b1ee29-0c20-4451-be66-97c2642c3139,1.777344456769207e+18
c6b1ee29-0c20-4451-be66-97c2642c3139,1.77734445680255e+18
c6b1ee29-0c20-4451-be66-97c2642c3139,1.777344456835893e+18
c6b1ee29-0c20-4451-be66-97c2642c3139,1.777344456869236e+18
c6b1ee29-0c20-4451-be66-97c2642c3139,1.7773444569025792e+18
c6b1ee29-0c20-4451-be66-97c2642c3139,1.7773444569359222e+18
c6b1ee29-0c20-4451-be66-97c2642c3139,1.7773444569692652e+18
c6b1ee29-0c20-4451-be66-97c2642c3139,1.7773444570026092e+18
c6b1ee29-0c20-4451-be66-97c2642c3139,1.777344457035952e+18
c6b1ee29-0c20-4451-be66-97c2642c3139,1.777344457069295e+18
c6b1ee29-0c20-4451-be66-97c2642c3139,1.777344457102638e+18
c6b1ee29-0c20-4451-be66-97c2642c3139,1.777344457135981e+18
c6b1ee29-0c20-4451-be66-97c2642c3139,1.777344457169324e+18
c6b1ee29-0c20-4451-be66-97c2642c3139,1.777344457202667e+18
c6b1ee29-0c20-4451-be66-97c2642c3139,1.77734445723601e+18
c6b1ee29-0c20-4451-be66-97c2642c3139,1.777344457269353e+18
c6b1ee29-0c20-4451-be66-97c2642c3139,1.7773444573026962e+18
c6b1ee29-0c20-4451-be66-97c2642c3139,1.7773444573360392e+18
c6b1ee29-0c20-4451-be66-97c2642c3139,1.7773444573693821e+18
c6b1ee29-0c20-4451-be66-97c2642c3139,1.777344457402725e+18
c6b1ee29-0c20-4451-be66-97c2642c3139,1.777344457436068e+18
c6b1ee29-0c20-4451-be66-97c2642c3139,1.777344457469411e+18
c6b1ee29-0c20-4451-be66-97c2642c3139,1.777344457502754e+18
c6b1ee29-0c20-4451-be66-97c2642c3139,1.777344457536097e+18
c6b1ee29-0c20-4451-be66-97c2642c3139,1.77734445756944e+18
c6b1ee29-0c20-4451-be66-97c2642c3139,1.777344457602783e+18
c6b1ee29-0c20-4451-be66-97c2642c3139,1.777344457636126e+18
c6b1ee29-0c20-4451-be66-97c2642c3139,1.7773444576694692e+18
c6b1ee29-0c20-4451-be66-97c2642c3139,1.7773444577028132e+18
c6b1ee29-0c20-4451-be66-97c2642c3139,1.7773444577361562e+18
c6b1ee29-0c20-4451-be66-97c2642c3139,1.7773444577694991e+18
c6b1ee29-0c20-4451-be66-97c2642c3139,1.777344457802842e+18
c6b1ee29-0c20-4451-be66-97c2642c3139,1.777344457836185e+18
c6b1ee29-0c20-4451-be66-97c2642c3139,1.777344457869528e+18
c6b1ee29-0c20-4451-be66-97c2642c3139,1.777344457902871e+18
c6b1ee29-0c20-4451-be66-97c2642c3139,1.777344457936214e+18
c6b1ee29-0c20-4451-be66-97c2642c3139,1.777344457969557e+18
c6b1ee29-0c20-4451-be66-97c2642c3139,1.7773444580029e+18
c6b1ee29-0c20-4451-be66-97c2642c3139,1.7773444580362432e+18
c6b1ee29-0c20-4451-be66-97c2642c3139,1.7773444580695862e+18
c6b1ee29-0c20-4451-be66-97c2642c3139,1.7773444581029292e+18
c6b1ee29-0c20-4451-be66-97c2642c3139,1.7773444581362721e+18
c6b1ee29-0c20-4451-be66-97c2642c3139,1.777344458169615e+18
c6b1ee29-0c20-4451-be66-97c2642c3139,1.777344458202958e+18
c6b1ee29-0c20-4451-be66-97c2642c3139,1.777344458236301e+18
c6b1ee29-0c20-4451-be66-97c2642c3139,1.777344458269644e+18
c6b1ee29-0c20-4451-be66-97c2642c3139,1.777344458302987e+18
c6b1ee29-0c20-4451-be66-97c2642c3139,1.77734445833633e+18
c6b1ee29-0c20-4451-be66-97c2642c3139,1.777344458369674e+18
c6b1ee29-0c20-4451-be66-97c2642c3139,1.777344458403017e+18
c6b1ee29-0c20-4451-be66-97c2642c3139,1.7773444584363602e+18
c6b1ee29-0c20-4451-be66-97c2642c3139,1.7773444584697032e+18
c6b1ee29-0c20-4451-be66-97c2642c3139,1.7773444585030461e+18
c6b1ee29-0c20-4451-be66-97c2642c3139,1.777344458536389e+18
c6b1ee29-0c20-4451-be66-97c2642c3139,1.777344458569732e+18
c6b1ee29-0c20-4451-be66-97c2642c3139,1.777344458603075e+18
c6b1ee29-0c20-4451-be66-97c2642c3139,1.777344458636418e+18
c6b1ee29-0c20-4451-be66-97c2642c3139,1.777344458669761e+18
c6b1ee29-0c20-4451-be66-97c2642c3139,1.777344458703104e+18
c6b1ee29-0c20-4451-be66-97c2642c3139,1.777344458736447e+18
c6b1ee29-0c20-4451-be66-97c2642c3139,1.77734445876979e+18
c6b1ee29-0c20-4451-be66-97c2642c3139,1.7773444588031332e+18
c6b1ee29-0c20-4451-be66-97c2642c3139,1.7773444588364762e+18
c6b1ee29-0c20-4451-be66-97c2642c3139,1.7773444588698191e+18
c6b1ee29-0c20-4451-be66-97c2642c3139,1.777344458903162e+18
c6b1ee29-0c20-4451-be66-97c2642c3139,1.777344458936505e+18
c6b1ee29-0c20-4451-be66-97c2642c3139,1.777344458969848e+18
c6b1ee29-0c20-4451-be66-97c2642c3139,1.777344459003191e+18
c6b1ee29-0c20-4451-be66-97c2642c3139,1.777344459036535e+18
c6b1ee29-0c20-4451-be66-97c2642c3139,1.777344459069878e+18
c6b1ee29-0c20-4451-be66-97c2642c3139,1.777344459103221e+18
c6b1ee29-0c20-4451-be66-97c2642c3139,1.777344459136564e+18
c6b1ee29-0c20-4451-be66-97c2642c3139,1.7773444591699072e+18
c6b1ee29-0c20-4451-be66-97c2642c3139,1.7773444592032502e+18
c6b1ee29-0c20-4451-be66-97c2642c3139,1.7773444592365932e+18
c6b1ee29-0c20-4451-be66-97c2642c3139,1.777344459269936e+18
c6b1ee29-0c20-4451-be66-97c2642c3139,1.777344459303279e+18
c6b1ee29-0c20-4451-be66-97c2642c3139,1.777344459336622e+18
c6b1ee29-0c20-4451-be66-97c2642c3139,1.777344459369965e+18
c6b1ee29-0c20-4451-be66-97c2642c3139,1.777344459403308e+18
c6b1ee29-0c20-4451-be66-97c2642c3139,1.777344459436651e+18
c6b1ee29-0c20-4451-be66-97c2642c3139,1.777344459469994e+18
c6b1ee29-0c20-4451-be66-97c2642c3139,1.777344459503337e+18
c6b1ee29-0c20-4451-be66-97c2642c3139,1.7773444595366802e+18
c6b1ee29-0c20-4451-be66-97c2642c3139,1.7773444595700232e+18
c6b1ee29-0c20-4451-be66-97c2642c3139,1.7773444596033661e+18
c6b1ee29-0c20-4451-be66-97c2642c3139,1.777344459636709e+18
c6b1ee29-0c20-4451-be66-97c2642c3139,1.777344459670052e+18
c6b1ee29-0c20-4451-be66-97c2642c3139,1.777344459703396e+18
c6b1ee29-0c20-4451-be66-97c2642c3139,1.777344459736739e+18
c6b1ee29-0c20-4451-be66-97c2642c3139,1.777344459770082e+18
c6b1ee29-0c20-4451-be66-97c2642c3139,1.777344459803425e+18
c6b1ee29-0c20-4451-be66-97c2642c3139,1.777344459836768e+18
c6b1ee29-0c20-4451-be66-97c2642c3139,1.777344459870111e+18
c6b1ee29-0c20-4451-be66-97c2642c3139,1.777344459903454e+18
c6b1ee29-0c20-4451-be66-97c2642c3139,1.7773444599367972e+18
c6b1ee29-0c20-4451-be66-97c2642c3139,1.7773444599701402e+18
c6b1ee29-0c20-4451-be66-97c2642c3139,1.7773444600034831e+18
c6b1ee29-0c20-4451-be66-97c2642c3139,1.777344460036826e+18
c6b1ee29-0c20-4451-be66-97c2642c3139,1.777344460070169e+18
c6b1ee29-0c20-4451-be66-97c2642c3139,1.777344460103512e+18
c6b1ee29-0c20-4451-be66-97c2642c3139,1.777344460136855e+18
c6b1ee29-0c20-4451-be66-97c2642c3139,1.777344460170198e+18
c6b1ee29-0c20-4451-be66-97c2642c3139,1.777344460203541e+18
c6b1ee29-0c20-4451-be66-97c2642c3139,1.777344460236884e+18
c6b1ee29-0c20-4451-be66-97c2642c3139,1.7773444602702272e+18
c6b1ee29-0c20-4451-be66-97c2642c3139,1.7773444603035702e+18
c6b1ee29-0c20-4451-be66-97c2642c3139,1.7773444603369132e+18
c6b1ee29-0c20-4451-be66-97c2642c3139,1.7773444603702561e+18
c6b1ee29-0c20-4451-be66-97c2642c3139,1.7773444604036001e+18
c6b1ee29-0c20-4451-be66-97c2642c3139,1.777344460436943e+18
c6b1ee29-0c20-4451-be66-97c2642c3139,1.777344460470286e+18
c6b1ee29-0c20-4451-be66-97c2642c3139,1.777344460503629e+18
c6b1ee29-0c20-4451-be66-97c2642c3139,1.777344460536972e+18
c6b1ee29-0c20-4451-be66-97c2642c3139,1.777344460570315e+18
c6b1ee29-0c20-4451-be66-97c2642c3139,1.777344460603658e+18
c6b1ee29-0c20-4451-be66-97c2642c3139,1.777344460637001e+18
c6b1ee29-0c20-4451-be66-97c2642c3139,1.7773444606703442e+18
c6b1ee29-0c20-4451-be66-97c2642c3139,1.7773444607036872e+18
c6b1ee29-0c20-4451-be66-97c2642c3139,1.7773444607370301e+18
c6b1ee29-0c20-4451-be66-97c2642c3139,1.777344460770373e+18
c6b1ee29-0c20-4451-be66-97c2642c3139,1.777344460803716e+18
c6b1ee29-0c20-4451-be66-97c2642c3139,1.777344460837059e+18
c6b1ee29-0c20-4451-be66-97c2642c3139,1.777344460870402e+18
c6b1ee29-0c20-4451-be66-97c2642c3139,1.777344460903745e+18
c6b1ee29-0c20-4451-be66-97c2642c3139,1.777344460937088e+18
c6b1ee29-0c20-4451-be66-97c2642c3139,1.777344460970431e+18
c6b1ee29-0c20-4451-be66-97c2642c3139,1.777344461003774e+18
c6b1ee29-0c20-4451-be66-97c2642c3139,1.7773444610371172e+18
c6b1ee29-0c20-4451-be66-97c2642c3139,1.7773444610704602e+18
c6b1ee29-0c20-4451-be66-97c2642c3139,1.7773444611038042e+18
c6b1ee29-0c20-4451-be66-97c2642c3139,1.7773444611371471e+18
c6b1ee29-0c20-4451-be66-97c2642c3139,1.77734446117049e+18
c6b1ee29-0c20-4451-be66-97c2642c3139,1.777344461203833e+18
c6b1ee29-0c20-4451-be66-97c2642c3139,1.777344461237176e+18
c6b1ee29-0c20-4451-be66-97c2642c3139,1.777344461270519e+18
c6b1ee29-0c20-4451-be66-97c2642c3139,1.777344461303862e+18
c6b1ee29-0c20-4451-be66-97c2642c3139,1.777344461337205e+18
c6b1ee29-0c20-4451-be66-97c2642c3139,1.777344461370548e+18
c6b1ee29-0c20-4451-be66-97c2642c3139,1.7773444614038912e+18
c6b1ee29-0c20-4451-be66-97c2642c3139,1.7773444614372342e+18
c6b1ee29-0c20-4451-be66-97c2642c3139,1.7773444614705772e+18
c6b1ee29-0c20-4451-be66-97c2642c3139,1.77734446150392e+18
c6b1ee29-0c20-4451-be66-97c2642c3139,1.777344461537263e+18
c6b1ee29-0c20-4451-be66-97c2642c3139,1.777344461570606e+18
c6b1ee29-0c20-4451-be66-97c2642c3139,1.777344461603949e+18
c6b1ee29-0c20-4451-be66-97c2642c3139,1.777344461637292e+18
c6b1ee29-0c20-4451-be66-97c2642c3139,1.777344461670635e+18
c6b1ee29-0c20-4451-be66-97c2642c3139,1.777344461703978e+18
c6b1ee29-0c20-4451-be66-97c2642c3139,1.777344461737321e+18
c6b1ee29-0c20-4451-be66-97c2642c3139,1.7773444617706642e+18
c6b1ee29-0c20-4451-be66-97c2642c3139,1.7773444618040082e+18
c6b1ee29-0c20-4451-be66-97c2642c3139,1.7773444618373512e+18
c6b1ee29-0c20-4451-be66-97c2642c3139,1.7773444618706941e+18
c6b1ee29-0c20-4451-be66-97c2642c3139,1.777344461904037e+18
c6b1ee29-0c20-4451-be66-97c2642c3139,1.77734446193738e+18
c6b1ee29-0c20-4451-be66-97c2642c3139,1.777344461970723e+18
c6b1ee29-0c20-4451-be66-97c2642c3139,1.777344462004066e+18
c6b1ee29-0c20-4451-be66-97c2642c3139,1.777344462037409e+18
c6b1ee29-0c20-4451-be66-97c2642c3139,1.777344462070752e+18
c6b1ee29-0c20-4451-be66-97c2642c3139,1.777344462104095e+18
c6b1ee29-0c20-4451-be66-97c2642c3139,1.777344462137438e+18
c6b1ee29-0c20-4451-be66-97c2642c3139,1.7773444621707812e+18
c6b1ee29-0c20-4451-be66-97c2642c3139,1.7773444622041242e+18
c6b1ee29-0c20-4451-be66-97c2642c3139,1.7773444622374671e+18
c6b1ee29-0c20-4451-be66-97c2642c3139,1.77734446227081e+18
c6b1ee29-0c20-4451-be66-97c2642c3139,1.777344462304153e+18
c6b1ee29-0c20-4451-be66-97c2642c3139,1.777344462337496e+18
c6b1ee29-0c20-4451-be66-97c2642c3139,1.777344462370839e+18
c6b1ee29-0c20-4451-be66-97c2642c3139,1.777344462404182e+18
c6b1ee29-0c20-4451-be66-97c2642c3139,1.777344462437525e+18
c6b1ee29-0c20-4451-be66-97c2642c3139,1.777344462470869e+18
c6b1ee29-0c20-4451-be66-97c2642c3139,1.777344462504212e+18
c6b1ee29-0c20-4451-be66-97c2642c3139,1.7773444625375552e+18
c6b1ee29-0c20-4451-be66-97c2642c3139,1.7773444625708982e+18
c6b1ee29-0c20-4451-be66-97c2642c3139,1.7773444626042412e+18
c6b1ee29-0c20-4451-be66-97c2642c3139,1.7773444626375841e+18
c6b1ee29-0c20-4451-be66-97c2642c3139,1.777344462670927e+18
c6b1ee29-0c20-4451-be66-97c2642c3139,1.77734446270427e+18
c6b1ee29-0c20-4451-be66-97c2642c3139,1.777344462737613e+18
c6b1ee29-0c20-4451-be66-97c2642c3139,1.777344462770956e+18
c6b1ee29-0c20-4451-be66-97c2642c3139,1.777344462804299e+18
c6b1ee29-0c20-4451-be66-97c2642c3139,1.777344462837642e+18
c6b1ee29-0c20-4451-be66-97c2642c3139,1.777344462870985e+18
c6b1ee29-0c20-4451-be66-97c2642c3139,1.7773444629043282e+18
c6b1ee29-0c20-4451-be66-97c2642c3139,1.7773444629376712e+18
c6b1ee29-0c20-4451-be66-97c2642c3139,1.7773444629710141e+18
c6b1ee29-0c20-4451-be66-97c2642c3139,1.777344463004357e+18
c6b1ee29-0c20-4451-be66-97c2642c3139,1.7773444630377e+18
c6b1ee29-0c20-4451-be66-97c2642c3139,1.777344463071043e+18
c6b1ee29-0c20-4451-be66-97c2642c3139,1.777344463104386e+18
c6b1ee29-0c20-4451-be66-97c2642c3139,1.777344463137729e+18
c6b1ee29-0c20-4451-be66-97c2642c3139,1.777344463171073e+18
c6b1ee29-0c20-4451-be66-97c2642c3139,1.777344463204416e+18
c6b1ee29-0c20-4451-be66-97c2642c3139,1.777344463237759e+18
c6b1ee29-0c20-4451-be66-97c2642c3139,1.777344463271102e+18
c6b1ee29-0c20-4451-be66-97c2642c3139,1.7773444633044452e+18
c6b1ee29-0c20-4451-be66-97c2642c3139,1.7773444633377882e+18
c6b1ee29-0c20-4451-be66-97c2642c3139,1.7773444633711311e+18
c6b1ee29-0c20-4451-be66-97c2642c3139,1.777344463404474e+18
c6b1ee29-0c20-4451-be66-97c2642c3139,1.777344463437817e+18
c6b1ee29-0c20-4451-be66-97c2642c3139,1.77734446347116e+18
c6b1ee29-0c20-4451-be66-97c2642c3139,1.777344463504503e+18
c6b1ee29-0c20-4451-be66-97c2642c3139,1.777344463537846e+18
c6b1ee29-0c20-4451-be66-97c2642c3139,1.777344463571189e+18
c6b1ee29-0c20-4451-be66-97c2642c3139,1.777344463604532e+18
c6b1ee29-0c20-4451-be66-97c2642c3139,1.7773444636378752e+18
c6b1ee29-0c20-4451-be66-97c2642c3139,1.7773444636712182e+18
c6b1ee29-0c20-4451-be66-97c2642c3139,1.7773444637045612e+18
c6b1ee29-0c20-4451-be66-97c2642c3139,1.777344463737904e+18
c6b1ee29-0c20-4451-be66-97c2642c3139,1.777344463771247e+18
c6b1ee29-0c20-4451-be66-97c2642c3139,1.77734446380459e+18
c6b1ee29-0c20-4451-be66-97c2642c3139,1.777344463837934e+18
c6b1ee29-0c20-4451-be66-97c2642c3139,1.777344463871277e+18
c6b1ee29-0c20-4451-be66-97c2642c3139,1.77734446390462e+18
c6b1ee29-0c20-4451-be66-97c2642c3139,1.777344463937963e+18
c6b1ee29-0c20-4451-be66-97c2642c3139,1.777344463971306e+18
c6b1ee29-0c20-4451-be66-97c2642c3139,1.777344464004649e+18
c6b1ee29-0c20-4451-be66-97c2642c3139,1.7773444640379922e+18
c6b1ee29-0c20-4451-be66-97c2642c3139,1.7773444640713352e+18
c6b1ee29-0c20-4451-be66-97c2642c3139,1.7773444641046781e+18
c6b1ee29-0c20-4451-be66-97c2642c3139,1.777344464138021e+18
c6b1ee29-0c20-4451-be66-97c2642c3139,1.777344464171364e+18
c6b1ee29-0c20-4451-be66-97c2642c3139,1.777344464204707e+18
c6b1ee29-0c20-4451-be66-97c2642c3139,1.77734446423805e+18
c6b1ee29-0c20-4451-be66-97c2642c3139,1.777344464271393e+18
c6b1ee29-0c20-4451-be66-97c2642c3139,1.777344464304736e+18
c6b1ee29-0c20-4451-be66-97c2642c3139,1.777344464338079e+18
c6b1ee29-0c20-4451-be66-97c2642c3139,1.777344464371422e+18
c6b1ee29-0c20-4451-be66-97c2642c3139,1.7773444644047652e+18
c6b1ee29-0c20-4451-be66-97c2642c3139,1.7773444644381082e+18
c6b1ee29-0c20-4451-be66-97c2642c3139,1.7773444644714511e+18
c6b1ee29-0c20-4451-be66-97c2642c3139,1.7773444645047951e+18
c6b1ee29-0c20-4451-be66-97c2642c3139,1.777344464538138e+18
c6b1ee29-0c20-4451-be66-97c2642c3139,1.777344464571481e+18
c6b1ee29-0c20-4451-be66-97c2642c3139,1.777344464604824e+18
c6b1ee29-0c20-4451-be66-97c2642c3139,1.777344464638167e+18
c6b1ee29-0c20-4451-be66-97c2642c3139,1.77734446467151e+18
c6b1ee29-0c20-4451-be66-97c2642c3139,1.777344464704853e+18
c6b1ee29-0c20-4451-be66-97c2642c3139,1.777344464738196e+18
c6b1ee29-0c20-4451-be66-97c2642c3139,1.7773444647715392e+18
c6b1ee29-0c20-4451-be66-97c2642c3139,1.7773444648048822e+18
c6b1ee29-0c20-4451-be66-97c2642c3139,1.7773444648382252e+18
c6b1ee29-0c20-4451-be66-97c2642c3139,1.7773444648715681e+18
c6b1ee29-0c20-4451-be66-97c2642c3139,1.777344464904911e+18
c6b1ee29-0c20-4451-be66-97c2642c3139,1.777344464938254e+18
c6b1ee29-0c20-4451-be66-97c2642c3139,1.777344464971597e+18
c6b1ee29-0c20-4451-be66-97c2642c3139,1.77734446500494e+18
c6b1ee29-0c20-4451-be66-97c2642c3139,1.777344465038283e+18
c6b1ee29-0c20-4451-be66-97c2642c3139,1.777344465071626e+18
c6b1ee29-0c20-4451-be66-97c2642c3139,1.777344465104969e+18
c6b1ee29-0c20-4451-be66-97c2642c3139,1.7773444651383122e+18
c6b1ee29-0c20-4451-be66-97c2642c3139,1.7773444651716562e+18
c6b1ee29-0c20-4451-be66-97c2642c3139,1.7773444652049992e+18
c6b1ee29-0c20-4451-be66-97c2642c3139,1.7773444652383421e+18
c6b1ee29-0c20-4451-be66-97c2642c3139,1.777344465271685e+18
c6b1ee29-0c20-4451-be66-97c2642c3139,1.777344465305028e+18
c6b1ee29-0c20-4451-be66-97c2642c3139,1.777344465338371e+18
c6b1ee29-0c20-4451-be66-97c2642c3139,1.777344465371714e+18
c6b1ee29-0c20-4451-be66-97c2642c3139,1.777344465405057e+18
c6b1ee29-0c20-4451-be66-97c2642c3139,1.7773444654384e+18
c6b1ee29-0c20-4451-be66-97c2642c3139,1.777344465471743e+18
c6b1ee29-0c20-4451-be66-97c2642c3139,1.777344465505086e+18
c6b1ee29-0c20-4451-be66-97c2642c3139,1.7773444655384292e+18
c6b1ee29-0c20-4451-be66-97c2642c3139,1.7773444655717722e+18
c6b1ee29-0c20-4451-be66-97c2642c3139,1.7773444656051151e+18
c6b1ee29-0c20-4451-be66-97c2642c3139,1.777344465638458e+18
c6b1ee29-0c20-4451-be66-97c2642c3139,1.777344465671801e+18
c6b1ee29-0c20-4451-be66-97c2642c3139,1.777344465705144e+18
c6b1ee29-0c20-4451-be66-97c2642c3139,1.777344465738487e+18
c6b1ee29-0c20-4451-be66-97c2642c3139,1.77734446577183e+18
c6b1ee29-0c20-4451-be66-97c2642c3139,1.777344465805173e+18
c6b1ee29-0c20-4451-be66-97c2642c3139,1.777344465838516e+18
c6b1ee29-0c20-4451-be66-97c2642c3139,1.77734446587186e+18
c6b1ee29-0c20-4451-be66-97c2642c3139,1.7773444659052032e+18
c6b1ee29-0c20-4451-be66-97c2642c3139,1.7773444659385462e+18
c6b1ee29-0c20-4451-be66-97c2642c3139,1.7773444659718892e+18
c6b1ee29-0c20-4451-be66-97c2642c3139,1.777344466005232e+18
c6b1ee29-0c20-4451-be66-97c2642c3139,1.777344466038575e+18
c6b1ee29-0c20-4451-be66-97c2642c3139,1.777344466071918e+18
c6b1ee29-0c20-4451-be66-97c2642c3139,1.777344466105261e+18
c6b1ee29-0c20-4451-be66-97c2642c3139,1.777344466138604e+18
c6b1ee29-0c20-4451-be66-97c2642c3139,1.777344466171947e+18
c6b1ee29-0c20-4451-be66-97c2642c3139,1.77734446620529e+18
c6b1ee29-0c20-4451-be66-97c2642c3139,1.777344466238633e+18
c6b1ee29-0c20-4451-be66-97c2642c3139,1.7773444662719762e+18
c6b1ee29-0c20-4451-be66-97c2642c3139,1.7773444663053192e+18
c6b1ee29-0c20-4451-be66-97c2642c3139,1.7773444663386621e+18
c6b1ee29-0c20-4451-be66-97c2642c3139,1.777344466372005e+18
c6b1ee29-0c20-4451-be66-97c2642c3139,1.777344466405348e+18
c6b1ee29-0c20-4451-be66-97c2642c3139,1.777344466438691e+18
c6b1ee29-0c20-4451-be66-97c2642c3139,1.777344466472034e+18
c6b1ee29-0c20-4451-be66-97c2642c3139,1.777344466505377e+18
c6b1ee29-0c20-4451-be66-97c2642c3139,1.77734446653872e+18
c6b1ee29-0c20-4451-be66-97c2642c3139,1.777344466572064e+18
c6b1ee29-0c20-4451-be66-97c2642c3139,1.777344466605407e+18
c6b1ee29-0c20-4451-be66-97c2642c3139,1.77734446663875e+18
c6b1ee29-0c20-4451-be66-97c2642c3139,1.7773444666720932e+18
c6b1ee29-0c20-4451-be66-97c2642c3139,1.7773444667054362e+18
c6b1ee29-0c20-4451-be66-97c2642c3139,1.7773444667387791e+18
c6b1ee29-0c20-4451-be66-97c2642c3139,1.777344466772122e+18
c6b1ee29-0c20-4451-be66-97c2642c3139,1.777344466805465e+18
c6b1ee29-0c20-4451-be66-97c2642c3139,1.777344466838808e+18
c6b1ee29-0c20-4451-be66-97c2642c3139,1.777344466872151e+18
c6b1ee29-0c20-4451-be66-97c2642c3139,1.777344466905494e+18
c6b1ee29-0c20-4451-be66-97c2642c3139,1.777344466938837e+18
c6b1ee29-0c20-4451-be66-97c2642c3139,1.77734446697218e+18
c6b1ee29-0c20-4451-be66-97c2642c3139,1.7773444670055232e+18
c6b1ee29-0c20-4451-be66-97c2642c3139,1.7773444670388662e+18
c6b1ee29-0c20-4451-be66-97c2642c3139,1.7773444670722092e+18
c6b1ee29-0c20-4451-be66-97c2642c3139,1.7773444671055521e+18
c6b1ee29-0c20-4451-be66-97c2642c3139,1.777344467138895e+18
c6b1ee29-0c20-4451-be66-97c2642c3139,1.777344467172238e+18
c6b1ee29-0c20-4451-be66-97c2642c3139,1.777344467205581e+18
c6b1ee29-0c20-4451-be66-97c2642c3139,1.777344467238924e+18
c6b1ee29-0c20-4451-be66-97c2642c3139,1.777344467272268e+18
c6b1ee29-0c20-4451-be66-97c2642c3139,1.777344467305611e+18
c6b1ee29-0c20-4451-be66-97c2642c3139,1.777344467338954e+18
c6b1ee29-0c20-4451-be66-97c2642c3139,1.777344467372297e+18
c6b1ee29-0c20-4451-be66-97c2642c3139,1.7773444674056402e+18
c6b1ee29-0c20-4451-be66-97c2642c3139,1.7773444674389832e+18
c6b1ee29-0c20-4451-be66-97c2642c3139,1.7773444674723261e+18
c6b1ee29-0c20-4451-be66-97c2642c3139,1.777344467505669e+18
c6b1ee29-0c20-4451-be66-97c2642c3139,1.777344467539012e+18
c6b1ee29-0c20-4451-be66-97c2642c3139,1.777344467572355e+18
c6b1ee29-0c20-4451-be66-97c2642c3139,1.777344467605698e+18
c6b1ee29-0c20-4451-be66-97c2642c3139,1.777344467639041e+18
c6b1ee29-0c20-4451-be66-97c2642c3139,1.777344467672384e+18
c6b1ee29-0c20-4451-be66-97c2642c3139,1.777344467705727e+18
c6b1ee29-0c20-4451-be66-97c2642c3139,1.77734446773907e+18
c6b1ee29-0c20-4451-be66-97c2642c3139,1.7773444677724132e+18
c6b1ee29-0c20-4451-be66-97c2642c3139,1.7773444678057562e+18
c6b1ee29-0c20-4451-be66-97c2642c3139,1.7773444678390991e+18
c6b1ee29-0c20-4451-be66-97c2642c3139,1.777344467872442e+18
c6b1ee29-0c20-4451-be66-97c2642c3139,1.777344467905785e+18
c6b1ee29-0c20-4451-be66-97c2642c3139,1.777344467939129e+18
c6b1ee29-0c20-4451-be66-97c2642c3139,1.777344467972472e+18
c6b1ee29-0c20-4451-be66-97c2642c3139,1.777344468005815e+18
c6b1ee29-0c20-4451-be66-97c2642c3139,1.777344468039158e+18
c6b1ee29-0c20-4451-be66-97c2642c3139,1.777344468072501e+18
c6b1ee29-0c20-4451-be66-97c2642c3139,1.777344468105844e+18
c6b1ee29-0c20-4451-be66-97c2642c3139,1.7773444681391872e+18
c6b1ee29-0c20-4451-be66-97c2642c3139,1.7773444681725302e+18
c6b1ee29-0c20-4451-be66-97c2642c3139,1.7773444682058732e+18
c6b1ee29-0c20-4451-be66-97c2642c3139,1.777344468239216e+18
c6b1ee29-0c20-4451-be66-97c2642c3139,1.777344468272559e+18
c6b1ee29-0c20-4451-be66-97c2642c3139,1.777344468305902e+18
c6b1ee29-0c20-4451-be66-97c2642c3139,1.777344468339245e+18
c6b1ee29-0c20-4451-be66-97c2642c3139,1.777344468372588e+18
c6b1ee29-0c20-4451-be66-97c2642c3139,1.777344468405931e+18
c6b1ee29-0c20-4451-be66-97c2642c3139,1.777344468439274e+18
c6b1ee29-0c20-4451-be66-97c2642c3139,1.777344468472617e+18
c6b1ee29-0c20-4451-be66-97c2642c3139,1.7773444685059602e+18
c6b1ee29-0c20-4451-be66-97c2642c3139,1.7773444685393032e+18
c6b1ee29-0c20-4451-be66-97c2642c3139,1.7773444685726461e+18
c6b1ee29-0c20-4451-be66-97c2642c3139,1.777344468605989e+18
c6b1ee29-0c20-4451-be66-97c2642c3139,1.777344468639333e+18
c6b1ee29-0c20-4451-be66-97c2642c3139,1.777344468672676e+18
c6b1ee29-0c20-4451-be66-97c2642c3139,1.777344468706019e+18
c6b1ee29-0c20-4451-be66-97c2642c3139,1.777344468739362e+18
c6b1ee29-0c20-4451-be66-97c2642c3139,1.777344468772705e+18
c6b1ee29-0c20-4451-be66-97c2642c3139,1.777344468806048e+18
c6b1ee29-0c20-4451-be66-97c2642c3139,1.777344468839391e+18
c6b1ee29-0c20-4451-be66-97c2642c3139,1.777344468872734e+18
c6b1ee29-0c20-4451-be66-97c2642c3139,1.7773444689060772e+18
c6b1ee29-0c20-4451-be66-97c2642c3139,1.7773444689394202e+18
c6b1ee29-0c20-4451-be66-97c2642c3139,1.7773444689727631e+18
c6b1ee29-0c20-4451-be66-97c2642c3139,1.777344469006106e+18
c6b1ee29-0c20-4451-be66-97c2642c3139,1.777344469039449e+18
c6b1ee29-0c20-4451-be66-97c2642c3139,1.777344469072792e+18
c6b1ee29-0c20-4451-be66-97c2642c3139,1.777344469106135e+18
c6b1ee29-0c20-4451-be66-97c2642c3139,1.777344469139478e+18
c6b1ee29-0c20-4451-be66-97c2642c3139,1.777344469172821e+18
c6b1ee29-0c20-4451-be66-97c2642c3139,1.777344469206164e+18
c6b1ee29-0c20-4451-be66-97c2642c3139,1.7773444692395072e+18
c6b1ee29-0c20-4451-be66-97c2642c3139,1.7773444692728502e+18
c6b1ee29-0c20-4451-be66-97c2642c3139,1.7773444693061942e+18
c6b1ee29-0c20-4451-be66-97c2642c3139,1.7773444693395372e+18
c6b1ee29-0c20-4451-be66-97c2642c3139,1.7773444693728801e+18
c6b1ee29-0c20-4451-be66-97c2642c3139,1.777344469406223e+18
c6b1ee29-0c20-4451-be66-97c2642c3139,1.777344469439566e+18
c6b1ee29-0c20-4451-be66-97c2642c3139,1.777344469472909e+18
