recording id,timestamp [ns]
7b2ef3c7-166d-4072-933c-0fa27d5a9c8c,1.7773433801198764e+18
7b2ef3c7-166d-4072-933c-0fa27d5a9c8c,1.7773433801532183e+18
7b2ef3c7-166d-4072-933c-0fa27d5a9c8c,1.7773433801865603e+18
7b2ef3c7-166d-4072-933c-0fa27d5a9c8c,1.7773433802199032e+18
7b2ef3c7-166d-4072-933c-0fa27d5a9c8c,1.7773433802532452e+18
7b2ef3c7-166d-4072-933c-0fa27d5a9c8c,1.7773433802865882e+18
7b2ef3c7-166d-4072-933c-0fa27d5a9c8c,1.7773433803199304e+18
7b2ef3c7-166d-4072-933c-0fa27d5a9c8c,1.7773433803532733e+18
7b2ef3c7-166d-4072-933c-0fa27d5a9c8c,1.7773433803866153e+18
7b2ef3c7-166d-4072-933c-0fa27d5a9c8c,1.7773433804199583e+18
7b2ef3c7-166d-4072-933c-0fa27d5a9c8c,1.7773433804533002e+18
7b2ef3c7-166d-4072-933c-0fa27d5a9c8c,1.7773433804866422e+18
7b2ef3c7-166d-4072-933c-0fa27d5a9c8c,1.7773433805199852e+18
7b2ef3c7-166d-4072-933c-0fa27d5a9c8c,1.7773433805533274e+18
7b2ef3c7-166d-4072-933c-0fa27d5a9c8c,1.7773433805866703e+18
7b2ef3c7-166d-4072-933c-0fa27d5a9c8c,1.7773433806200123e+18
7b2ef3c7-166d-4072-933c-0fa27d5a9c8c,1.7773433806533553e+18
7b2ef3c7-166d-4072-933c-0fa27d5a9c8c,1.7773433806866972e+18
7b2ef3c7-166d-4072-933c-0fa27d5a9c8c,1.7773433807200402e+18
7b2ef3c7-166d-4072-933c-0fa27d5a9c8c,1.7773433807533821e+18
7b2ef3c7-166d-4072-933c-0fa27d5a9c8c,1.7773433807867244e+18
7b2ef3c7-166d-4072-933c-0fa27d5a9c8c,1.7773433808200673e+18
7b2ef3c7-166d-4072-933c-0fa27d5a9c8c,1.7773433808534093e+18
7b2ef3c7-166d-4072-933c-0fa27d5a9c8c,1.7773433808867523e+18
7b2ef3c7-166d-4072-933c-0fa27d5a9c8c,1.7773433809200942e+18
7b2ef3c7-166d-4072-933c-0fa27d5a9c8c,1.7773433809534372e+18
7b2ef3c7-166d-4072-933c-0fa27d5a9c8c,1.7773433809867794e+18
7b2ef3c7-166d-4072-933c-0fa27d5a9c8c,1.7773433810201224e+18
7b2ef3c7-166d-4072-933c-0fa27d5a9c8c,1.7773433810534643e+18
7b2ef3c7-166d-4072-933c-0fa27d5a9c8c,1.7773433810868073e+18
7b2ef3c7-166d-4072-933c-0fa27d5a9c8c,1.7773433811201492e+18
7b2ef3c7-166d-4072-933c-0fa27d5a9c8c,1.7773433811534912e+18
7b2ef3c7-166d-4072-933c-0fa27d5a9c8c,1.7773433811868342e+18
7b2ef3c7-166d-4072-933c-0fa27d5a9c8c,1.7773433812201764e+18
7b2ef3c7-166d-4072-933c-0fa27d5a9c8c,1.7773433812535194e+18
7b2ef3c7-166d-4072-933c-0fa27d5a9c8c,1.7773433812868613e+18
7b2ef3c7-166d-4072-933c-0fa27d5a9c8c,1.7773433813202043e+18
7b2ef3c7-166d-4072-933c-0fa27d5a9c8c,1.7773433813535462e+18
7b2ef3c7-166d-4072-933c-0fa27d5a9c8c,1.7773433813868892e+18
7b2ef3c7-166d-4072-933c-0fa27d5a9c8c,1.7773433814202312e+18
7b2ef3c7-166d-4072-933c-0fa27d5a9c8c,1.7773433814535734e+18
7b2ef3c7-166d-4072-933c-0fa27d5a9c8c,1.7773433814869164e+18
7b2ef3c7-166d-4072-933c-0fa27d5a9c8c,1.7773433815202583e+18
7b2ef3c7-166d-4072-933c-0fa27d5a9c8c,1.7773433815536013e+18
7b2ef3c7-166d-4072-933c-0fa27d5a9c8c,1.7773433815869432e+18
7b2ef3c7-166d-4072-933c-0fa27d5a9c8c,1.7773433816202862e+18
7b2ef3c7-166d-4072-933c-0fa27d5a9c8c,1.7773433816536282e+18
7b2ef3c7-166d-4072-933c-0fa27d5a9c8c,1.7773433816869714e+18
7b2ef3c7-166d-4072-933c-0fa27d5a9c8c,1.7773433817203133e+18
7b2ef3c7-166d-4072-933c-0fa27d5a9c8c,1.7773433817536553e+18
7b2ef3c7-166d-4072-933c-0fa27d5a9c8c,1.7773433817869983e+18
7b2ef3c7-166d-4072-933c-0fa27d5a9c8c,1.7773433818203402e+18
7b2ef3c7-166d-4072-933c-0fa27d5a9c8c,1.7773433818536832e+18
7b2ef3c7-166d-4072-933c-0fa27d5a9c8c,1.7773433818870252e+18
7b2ef3c7-166d-4072-933c-0fa27d5a9c8c,1.7773433819203684e+18
7b2ef3c7-166d-4072-933c-0fa27d5a9c8c,1.7773433819537103e+18
7b2ef3c7-166d-4072-933c-0fa27d5a9c8c,1.7773433819870533e+18
7b2ef3c7-166d-4072-933c-0fa27d5a9c8c,1.7773433820203953e+18
7b2ef3c7-166d-4072-933c-0fa27d5a9c8c,1.7773433820537372e+18
7b2ef3c7-166d-4072-933c-0fa27d5a9c8c,1.7773433820870802e+18
7b2ef3c7-166d-4072-933c-0fa27d5a9c8c,1.7773433821204221e+18
7b2ef3c7-166d-4072-933c-0fa27d5a9c8c,1.7773433821537654e+18
7b2ef3c7-166d-4072-933c-0fa27d5a9c8c,1.7773433821871073e+18
7b2ef3c7-166d-4072-933c-0fa27d5a9c8c,1.7773433822204503e+18
7b2ef3c7-166d-4072-933c-0fa27d5a9c8c,1.7773433822537923e+18
7b2ef3c7-166d-4072-933c-0fa27d5a9c8c,1.7773433822871352e+18
7b2ef3c7-166d-4072-933c-0fa27d5a9c8c,1.7773433823204772e+18
7b2ef3c7-166d-4072-933c-0fa27d5a9c8c,1.7773433823538194e+18
7b2ef3c7-166d-4072-933c-0fa27d5a9c8c,1.7773433823871624e+18
7b2ef3c7-166d-4072-933c-0fa27d5a9c8c,1.7773433824205043e+18
7b2ef3c7-166d-4072-933c-0fa27d5a9c8c,1.7773433824538473e+18
7b2ef3c7-166d-4072-933c-0fa27d5a9c8c,1.7773433824871892e+18
7b2ef3c7-166d-4072-933c-0fa27d5a9c8c,1.7773433825205322e+18
7b2ef3c7-166d-4072-933c-0fa27d5a9c8c,1.7773433825538742e+18
7b2ef3c7-166d-4072-933c-0fa27d5a9c8c,1.7773433825872172e+18
7b2ef3c7-166d-4072-933c-0fa27d5a9c8c,1.7773433826205594e+18
7b2ef3c7-166d-4072-933c-0fa27d5a9c8c,1.7773433826539013e+18
7b2ef3c7-166d-4072-933c-0fa27d5a9c8c,1.7773433826872443e+18
7b2ef3c7-166d-4072-933c-0fa27d5a9c8c,1.7773433827205862e+18
7b2ef3c7-166d-4072-933c-0fa27d5a9c8c,1.7773433827539292e+18
7b2ef3c7-166d-4072-933c-0fa27d5a9c8c,1.7773433827872712e+18
7b2ef3c7-166d-4072-933c-0fa27d5a9c8c,1.7773433828206141e+18
7b2ef3c7-166d-4072-933c-0fa27d5a9c8c,1.7773433828539564e+18
7b2ef3c7-166d-4072-933c-0fa27d5a9c8c,1.7773433828872993e+18
7b2ef3c7-166d-4072-933c-0fa27d5a9c8c,1.7773433829206413e+18
7b2ef3c7-166d-4072-933c-0fa27d5a9c8c,1.7773433829539843e+18
7b2ef3c7-166d-4072-933c-0fa27d5a9c8c,1.7773433829873262e+18
7b2ef3c7-166d-4072-933c-0fa27d5a9c8c,1.7773433830206682e+18
7b2ef3c7-166d-4072-933c-0fa27d5a9c8c,1.7773433830540114e+18
7b2ef3c7-166d-4072-933c-0fa27d5a9c8c,1.7773433830873533e+18
7b2ef3c7-166d-4072-933c-0fa27d5a9c8c,1.7773433831206963e+18
7b2ef3c7-166d-4072-933c-0fa27d5a9c8c,1.7773433831540383e+18
7b2ef3c7-166d-4072-933c-0fa27d5a9c8c,1.7773433831873812e+18
7b2ef3c7-166d-4072-933c-0fa27d5a9c8c,1.7773433832207232e+18
7b2ef3c7-166d-4072-933c-0fa27d5a9c8c,1.7773433832540662e+18
7b2ef3c7-166d-4072-933c-0fa27d5a9c8c,1.7773433832874084e+18
7b2ef3c7-166d-4072-933c-0fa27d5a9c8c,1.7773433833207503e+18
7b2ef3c7-166d-4072-933c-0fa27d5a9c8c,1.7773433833540933e+18
7b2ef3c7-166d-4072-933c-0fa27d5a9c8c,1.7773433833874353e+18
7b2ef3c7-166d-4072-933c-0fa27d5a9c8c,1.7773433834207782e+18
7b2ef3c7-166d-4072-933c-0fa27d5a9c8c,1.7773433834541202e+18
7b2ef3c7-166d-4072-933c-0fa27d5a9c8c,1.7773433834874632e+18
7b2ef3c7-166d-4072-933c-0fa27d5a9c8c,1.7773433835208054e+18
7b2ef3c7-166d-4072-933c-0fa27d5a9c8c,1.7773433835541484e+18
7b2ef3c7-166d-4072-933c-0fa27d5a9c8c,1.7773433835874903e+18
7b2ef3c7-166d-4072-933c-0fa27d5a9c8c,1.7773433836208323e+18
7b2ef3c7-166d-4072-933c-0fa27d5a9c8c,1.7773433836541752e+18
7b2ef3c7-166d-4072-933c-0fa27d5a9c8c,1.7773433836875172e+18
7b2ef3c7-166d-4072-933c-0fa27d5a9c8c,1.7773433837208602e+18
7b2ef3c7-166d-4072-933c-0fa27d5a9c8c,1.7773433837542024e+18
7b2ef3c7-166d-4072-933c-0fa27d5a9c8c,1.7773433837875453e+18
7b2ef3c7-166d-4072-933c-0fa27d5a9c8c,1.7773433838208873e+18
7b2ef3c7-166d-4072-933c-0fa27d5a9c8c,1.7773433838542303e+18
7b2ef3c7-166d-4072-933c-0fa27d5a9c8c,1.7773433838875722e+18
7b2ef3c7-166d-4072-933c-0fa27d5a9c8c,1.7773433839209142e+18
7b2ef3c7-166d-4072-933c-0fa27d5a9c8c,1.7773433839542572e+18
7b2ef3c7-166d-4072-933c-0fa27d5a9c8c,1.7773433839875994e+18
7b2ef3c7-166d-4072-933c-0fa27d5a9c8c,1.7773433840209423e+18
7b2ef3c7-166d-4072-933c-0fa27d5a9c8c,1.7773433840542843e+18
7b2ef3c7-166d-4072-933c-0fa27d5a9c8c,1.7773433840876273e+18
7b2ef3c7-166d-4072-933c-0fa27d5a9c8c,1.7773433841209692e+18
7b2ef3c7-166d-4072-933c-0fa27d5a9c8c,1.7773433841543122e+18
7b2ef3c7-166d-4072-933c-0fa27d5a9c8c,1.7773433841876541e+18
7b2ef3c7-166d-4072-933c-0fa27d5a9c8c,1.7773433842209964e+18
7b2ef3c7-166d-4072-933c-0fa27d5a9c8c,1.7773433842543393e+18
7b2ef3c7-166d-4072-933c-0fa27d5a9c8c,1.7773433842876813e+18
7b2ef3c7-166d-4072-933c-0fa27d5a9c8c,1.7773433843210243e+18
7b2ef3c7-166d-4072-933c-0fa27d5a9c8c,1.7773433843543662e+18
7b2ef3c7-166d-4072-933c-0fa27d5a9c8c,1.7773433843877092e+18
7b2ef3c7-166d-4072-933c-0fa27d5a9c8c,1.7773433844210514e+18
7b2ef3c7-166d-4072-933c-0fa27d5a9c8c,1.7773433844543944e+18
7b2ef3c7-166d-4072-933c-0fa27d5a9c8c,1.7773433844877363e+18
7b2ef3c7-166d-4072-933c-0fa27d5a9c8c,1.7773433845210783e+18
7b2ef3c7-166d-4072-933c-0fa27d5a9c8c,1.7773433845544212e+18
7b2ef3c7-166d-4072-933c-0fa27d5a9c8c,1.7773433845877632e+18
7b2ef3c7-166d-4072-933c-0fa27d5a9c8c,1.7773433846211062e+18
7b2ef3c7-166d-4072-933c-0fa27d5a9c8c,1.7773433846544484e+18
7b2ef3c7-166d-4072-933c-0fa27d5a9c8c,1.7773433846877914e+18
7b2ef3c7-166d-4072-933c-0fa27d5a9c8c,1.7773433847211333e+18
7b2ef3c7-166d-4072-933c-0fa27d5a9c8c,1.7773433847544763e+18
7b2ef3c7-166d-4072-933c-0fa27d5a9c8c,1.7773433847878182e+18
7b2ef3c7-166d-4072-933c-0fa27d5a9c8c,1.7773433848211612e+18
7b2ef3c7-166d-4072-933c-0fa27d5a9c8c,1.7773433848545032e+18
7b2ef3c7-166d-4072-933c-0fa27d5a9c8c,1.7773433848878454e+18
7b2ef3c7-166d-4072-933c-0fa27d5a9c8c,1.7773433849211884e+18
7b2ef3c7-166d-4072-933c-0fa27d5a9c8c,1.7773433849545303e+18
7b2ef3c7-166d-4072-933c-0fa27d5a9c8c,1.7773433849878733e+18
7b2ef3c7-166d-4072-933c-0fa27d5a9c8c,1.7773433850212152e+18
7b2ef3c7-166d-4072-933c-0fa27d5a9c8c,1.7773433850545582e+18
7b2ef3c7-166d-4072-933c-0fa27d5a9c8c,1.7773433850879002e+18
7b2ef3c7-166d-4072-933c-0fa27d5a9c8c,1.7773433851212434e+18
7b2ef3c7-166d-4072-933c-0fa27d5a9c8c,1.7773433851545853e+18
7b2ef3c7-166d-4072-933c-0fa27d5a9c8c,1.7773433851879273e+18
7b2ef3c7-166d-4072-933c-0fa27d5a9c8c,1.7773433852212703e+18
7b2ef3c7-166d-4072-933c-0fa27d5a9c8c,1.7773433852546122e+18
7b2ef3c7-166d-4072-933c-0fa27d5a9c8c,1.7773433852879552e+18
7b2ef3c7-166d-4072-933c-0fa27d5a9c8c,1.7773433853212972e+18
7b2ef3c7-166d-4072-933c-0fa27d5a9c8c,1.7773433853546404e+18
7b2ef3c7-166d-4072-933c-0fa27d5a9c8c,1.7773433853879823e+18
7b2ef3c7-166d-4072-933c-0fa27d5a9c8c,1.7773433854213253e+18
7b2ef3c7-166d-4072-933c-0fa27d5a9c8c,1.7773433854546673e+18
7b2ef3c7-166d-4072-933c-0fa27d5a9c8c,1.7773433854880092e+18
7b2ef3c7-166d-4072-933c-0fa27d5a9c8c,1.7773433855213522e+18
7b2ef3c7-166d-4072-933c-0fa27d5a9c8c,1.7773433855546941e+18
7b2ef3c7-166d-4072-933c-0fa27d5a9c8c,1.7773433855880374e+18
7b2ef3c7-166d-4072-933c-0fa27d5a9c8c,1.7773433856213793e+18
7b2ef3c7-166d-4072-933c-0fa27d5a9c8c,1.7773433856547223e+18
7b2ef3c7-166d-4072-933c-0fa27d5a9c8c,1.7773433856880643e+18
7b2ef3c7-166d-4072-933c-0fa27d5a9c8c,1.7773433857214072e+18
7b2ef3c7-166d-4072-933c-0fa27d5a9c8c,1.7773433857547492e+18
7b2ef3c7-166d-4072-933c-0fa27d5a9c8c,1.7773433857880914e+18
7b2ef3c7-166d-4072-933c-0fa27d5a9c8c,1.7773433858214344e+18
7b2ef3c7-166d-4072-933c-0fa27d5a9c8c,1.7773433858547763e+18
7b2ef3c7-166d-4072-933c-0fa27d5a9c8c,1.7773433858881193e+18
7b2ef3c7-166d-4072-933c-0fa27d5a9c8c,1.7773433859214612e+18
7b2ef3c7-166d-4072-933c-0fa27d5a9c8c,1.7773433859548042e+18
7b2ef3c7-166d-4072-933c-0fa27d5a9c8c,1.7773433859881462e+18
7b2ef3c7-166d-4072-933c-0fa27d5a9c8c,1.7773433860214892e+18
7b2ef3c7-166d-4072-933c-0fa27d5a9c8c,1.7773433860548314e+18
7b2ef3c7-166d-4072-933c-0fa27d5a9c8c,1.7773433860881733e+18
7b2ef3c7-166d-4072-933c-0fa27d5a9c8c,1.7773433861215163e+18
7b2ef3c7-166d-4072-933c-0fa27d5a9c8c,1.7773433861548582e+18
7b2ef3c7-166d-4072-933c-0fa27d5a9c8c,1.7773433861882012e+18
7b2ef3c7-166d-4072-933c-0fa27d5a9c8c,1.7773433862215432e+18
7b2ef3c7-166d-4072-933c-0fa27d5a9c8c,1.7773433862548861e+18
7b2ef3c7-166d-4072-933c-0fa27d5a9c8c,1.7773433862882284e+18
7b2ef3c7-166d-4072-933c-0fa27d5a9c8c,1.7773433863215713e+18
7b2ef3c7-166d-4072-933c-0fa27d5a9c8c,1.7773433863549133e+18
7b2ef3c7-166d-4072-933c-0fa27d5a9c8c,1.7773433863882552e+18
7b2ef3c7-166d-4072-933c-0fa27d5a9c8c,1.7773433864215982e+18
7b2ef3c7-166d-4072-933c-0fa27d5a9c8c,1.7773433864549402e+18
7b2ef3c7-166d-4072-933c-0fa27d5a9c8c,1.7773433864882834e+18
7b2ef3c7-166d-4072-933c-0fa27d5a9c8c,1.7773433865216253e+18
7b2ef3c7-166d-4072-933c-0fa27d5a9c8c,1.7773433865549683e+18
7b2ef3c7-166d-4072-933c-0fa27d5a9c8c,1.7773433865883103e+18
7b2ef3c7-166d-4072-933c-0fa27d5a9c8c,1.7773433866216532e+18
7b2ef3c7-166d-4072-933c-0fa27d5a9c8c,1.7773433866549952e+18
7b2ef3c7-166d-4072-933c-0fa27d5a9c8c,1.7773433866883382e+18
7b2ef3c7-166d-4072-933c-0fa27d5a9c8c,1.7773433867216804e+18
7b2ef3c7-166d-4072-933c-0fa27d5a9c8c,1.7773433867550223e+18
7b2ef3c7-166d-4072-933c-0fa27d5a9c8c,1.7773433867883653e+18
7b2ef3c7-166d-4072-933c-0fa27d5a9c8c,1.7773433868217073e+18
7b2ef3c7-166d-4072-933c-0fa27d5a9c8c,1.7773433868550502e+18
7b2ef3c7-166d-4072-933c-0fa27d5a9c8c,1.7773433868883922e+18
7b2ef3c7-166d-4072-933c-0fa27d5a9c8c,1.7773433869217352e+18
7b2ef3c7-166d-4072-933c-0fa27d5a9c8c,1.7773433869550774e+18
7b2ef3c7-166d-4072-933c-0fa27d5a9c8c,1.7773433869884204e+18
7b2ef3c7-166d-4072-933c-0fa27d5a9c8c,1.7773433870217623e+18
7b2ef3c7-166d-4072-933c-0fa27d5a9c8c,1.7773433870551043e+18
7b2ef3c7-166d-4072-933c-0fa27d5a9c8c,1.7773433870884472e+18
7b2ef3c7-166d-4072-933c-0fa27d5a9c8c,1.7773433871217892e+18
7b2ef3c7-166d-4072-933c-0fa27d5a9c8c,1.7773433871551322e+18
7b2ef3c7-166d-4072-933c-0fa27d5a9c8c,1.7773433871884744e+18
7b2ef3c7-166d-4072-933c-0fa27d5a9c8c,1.7773433872218173e+18
7b2ef3c7-166d-4072-933c-0fa27d5a9c8c,1.7773433872551593e+18
7b2ef3c7-166d-4072-933c-0fa27d5a9c8c,1.7773433872885023e+18
7b2ef3c7-166d-4072-933c-0fa27d5a9c8c,1.7773433873218442e+18
7b2ef3c7-166d-4072-933c-0fa27d5a9c8c,1.7773433873551862e+18
7b2ef3c7-166d-4072-933c-0fa27d5a9c8c,1.7773433873885292e+18
7b2ef3c7-166d-4072-933c-0fa27d5a9c8c,1.7773433874218714e+18
7b2ef3c7-166d-4072-933c-0fa27d5a9c8c,1.7773433874552143e+18
7b2ef3c7-166d-4072-933c-0fa27d5a9c8c,1.7773433874885563e+18
7b2ef3c7-166d-4072-933c-0fa27d5a9c8c,1.7773433875218993e+18
7b2ef3c7-166d-4072-933c-0fa27d5a9c8c,1.7773433875552412e+18
7b2ef3c7-166d-4072-933c-0fa27d5a9c8c,1.7773433875885842e+18
7b2ef3c7-166d-4072-933c-0fa27d5a9c8c,1.7773433876219261e+18
7b2ef3c7-166d-4072-933c-0fa27d5a9c8c,1.7773433876552684e+18
7b2ef3c7-166d-4072-933c-0fa27d5a9c8c,1.7773433876886113e+18
7b2ef3c7-166d-4072-933c-0fa27d5a9c8c,1.7773433877219533e+18
7b2ef3c7-166d-4072-933c-0fa27d5a9c8c,1.7773433877552963e+18
7b2ef3c7-166d-4072-933c-0fa27d5a9c8c,1.7773433877886382e+18
7b2ef3c7-166d-4072-933c-0fa27d5a9c8c,1.7773433878219812e+18
7b2ef3c7-166d-4072-933c-0fa27d5a9c8c,1.7773433878553234e+18
7b2ef3c7-166d-4072-933c-0fa27d5a9c8c,1.7773433878886664e+18
7b2ef3c7-166d-4072-933c-0fa27d5a9c8c,1.7773433879220083e+18
7b2ef3c7-166d-4072-933c-0fa27d5a9c8c,1.7773433879553503e+18
7b2ef3c7-166d-4072-933c-0fa27d5a9c8c,1.7773433879886932e+18
7b2ef3c7-166d-4072-933c-0fa27d5a9c8c,1.7773433880220352e+18
7b2ef3c7-166d-4072-933c-0fa27d5a9c8c,1.7773433880553782e+18
7b2ef3c7-166d-4072-933c-0fa27d5a9c8c,1.7773433880887204e+18
7b2ef3c7-166d-4072-933c-0fa27d5a9c8c,1.7773433881220634e+18
7b2ef3c7-166d-4072-933c-0fa27d5a9c8c,1.7773433881554053e+18
7b2ef3c7-166d-4072-933c-0fa27d5a9c8c,1.7773433881887483e+18
7b2ef3c7-166d-4072-933c-0fa27d5a9c8c,1.7773433882220902e+18
7b2ef3c7-166d-4072-933c-0fa27d5a9c8c,1.7773433882554322e+18
7b2ef3c7-166d-4072-933c-0fa27d5a9c8c,1.7773433882887752e+18
7b2ef3c7-166d-4072-933c-0fa27d5a9c8c,1.7773433883221174e+18
7b2ef3c7-166d-4072-933c-0fa27d5a9c8c,1.7773433883554604e+18
7b2ef3c7-166d-4072-933c-0fa27d5a9c8c,1.7773433883888023e+18
7b2ef3c7-166d-4072-933c-0fa27d5a9c8c,1.7773433884221453e+18
7b2ef3c7-166d-4072-933c-0fa27d5a9c8c,1.7773433884554872e+18
7b2ef3c7-166d-4072-933c-0fa27d5a9c8c,1.7773433884888302e+18
7b2ef3c7-166d-4072-933c-0fa27d5a9c8c,1.7773433885221722e+18
7b2ef3c7-166d-4072-933c-0fa27d5a9c8c,1.7773433885555154e+18
7b2ef3c7-166d-4072-933c-0fa27d5a9c8c,1.7773433885888573e+18
7b2ef3c7-166d-4072-933c-0fa27d5a9c8c,1.7773433886221993e+18
7b2ef3c7-166d-4072-933c-0fa27d5a9c8c,1.7773433886555423e+18
7b2ef3c7-166d-4072-933c-0fa27d5a9c8c,1.7773433886888842e+18
7b2ef3c7-166d-4072-933c-0fa27d5a9c8c,1.7773433887222272e+18
7b2ef3c7-166d-4072-933c-0fa27d5a9c8c,1.7773433887555692e+18
7b2ef3c7-166d-4072-933c-0fa27d5a9c8c,1.7773433887889124e+18
7b2ef3c7-166d-4072-933c-0fa27d5a9c8c,1.7773433888222543e+18
7b2ef3c7-166d-4072-933c-0fa27d5a9c8c,1.7773433888555973e+18
7b2ef3c7-166d-4072-933c-0fa27d5a9c8c,1.7773433888889393e+18
7b2ef3c7-166d-4072-933c-0fa27d5a9c8c,1.7773433889222812e+18
7b2ef3c7-166d-4072-933c-0fa27d5a9c8c,1.7773433889556242e+18
7b2ef3c7-166d-4072-933c-0fa27d5a9c8c,1.7773433889889661e+18
7b2ef3c7-166d-4072-933c-0fa27d5a9c8c,1.7773433890223094e+18
7b2ef3c7-166d-4072-933c-0fa27d5a9c8c,1.7773433890556513e+18
7b2ef3c7-166d-4072-933c-0fa27d5a9c8c,1.7773433890889943e+18
7b2ef3c7-166d-4072-933c-0fa27d5a9c8c,1.7773433891223363e+18
7b2ef3c7-166d-4072-933c-0fa27d5a9c8c,1.7773433891556792e+18
7b2ef3c7-166d-4072-933c-0fa27d5a9c8c,1.7773433891890212e+18
7b2ef3c7-166d-4072-933c-0fa27d5a9c8c,1.7773433892223634e+18
7b2ef3c7-166d-4072-933c-0fa27d5a9c8c,1.7773433892557064e+18
7b2ef3c7-166d-4072-933c-0fa27d5a9c8c,1.7773433892890483e+18
7b2ef3c7-166d-4072-933c-0fa27d5a9c8c,1.7773433893223913e+18
7b2ef3c7-166d-4072-933c-0fa27d5a9c8c,1.7773433893557332e+18
7b2ef3c7-166d-4072-933c-0fa27d5a9c8c,1.7773433893890762e+18
7b2ef3c7-166d-4072-933c-0fa27d5a9c8c,1.7773433894224182e+18
7b2ef3c7-166d-4072-933c-0fa27d5a9c8c,1.7773433894557612e+18
7b2ef3c7-166d-4072-933c-0fa27d5a9c8c,1.7773433894891034e+18
7b2ef3c7-166d-4072-933c-0fa27d5a9c8c,1.7773433895224453e+18
7b2ef3c7-166d-4072-933c-0fa27d5a9c8c,1.7773433895557883e+18
7b2ef3c7-166d-4072-933c-0fa27d5a9c8c,1.7773433895891302e+18
7b2ef3c7-166d-4072-933c-0fa27d5a9c8c,1.7773433896224732e+18
7b2ef3c7-166d-4072-933c-0fa27d5a9c8c,1.7773433896558152e+18
7b2ef3c7-166d-4072-933c-0fa27d5a9c8c,1.7773433896891581e+18
7b2ef3c7-166d-4072-933c-0fa27d5a9c8c,1.7773433897225004e+18
7b2ef3c7-166d-4072-933c-0fa27d5a9c8c,1.7773433897558433e+18
7b2ef3c7-166d-4072-933c-0fa27d5a9c8c,1.7773433897891853e+18
7b2ef3c7-166d-4072-933c-0fa27d5a9c8c,1.7773433898225272e+18
7b2ef3c7-166d-4072-933c-0fa27d5a9c8c,1.7773433898558702e+18
7b2ef3c7-166d-4072-933c-0fa27d5a9c8c,1.7773433898892122e+18
7b2ef3c7-166d-4072-933c-0fa27d5a9c8c,1.7773433899225554e+18
7b2ef3c7-166d-4072-933c-0fa27d5a9c8c,1.7773433899558973e+18
7b2ef3c7-166d-4072-933c-0fa27d5a9c8c,1.7773433899892403e+18
7b2ef3c7-166d-4072-933c-0fa27d5a9c8c,1.7773433900225823e+18
7b2ef3c7-166d-4072-933c-0fa27d5a9c8c,1.7773433900559252e+18
7b2ef3c7-166d-4072-933c-0fa27d5a9c8c,1.7773433900892672e+18
7b2ef3c7-166d-4072-933c-0fa27d5a9c8c,1.7773433901226092e+18
7b2ef3c7-166d-4072-933c-0fa27d5a9c8c,1.7773433901559524e+18
7b2ef3c7-166d-4072-933c-0fa27d5a9c8c,1.7773433901892943e+18
7b2ef3c7-166d-4072-933c-0fa27d5a9c8c,1.7773433902226373e+18
7b2ef3c7-166d-4072-933c-0fa27d5a9c8c,1.7773433902559793e+18
7b2ef3c7-166d-4072-933c-0fa27d5a9c8c,1.7773433902893222e+18
7b2ef3c7-166d-4072-933c-0fa27d5a9c8c,1.7773433903226642e+18
7b2ef3c7-166d-4072-933c-0fa27d5a9c8c,1.7773433903560072e+18
7b2ef3c7-166d-4072-933c-0fa27d5a9c8c,1.7773433903893494e+18
7b2ef3c7-166d-4072-933c-0fa27d5a9c8c,1.7773433904226924e+18
7b2ef3c7-166d-4072-933c-0fa27d5a9c8c,1.7773433904560343e+18
7b2ef3c7-166d-4072-933c-0fa27d5a9c8c,1.7773433904893763e+18
7b2ef3c7-166d-4072-933c-0fa27d5a9c8c,1.7773433905227192e+18
7b2ef3c7-166d-4072-933c-0fa27d5a9c8c,1.7773433905560612e+18
7b2ef3c7-166d-4072-933c-0fa27d5a9c8c,1.7773433905894042e+18
7b2ef3c7-166d-4072-933c-0fa27d5a9c8c,1.7773433906227464e+18
7b2ef3c7-166d-4072-933c-0fa27d5a9c8c,1.7773433906560893e+18
7b2ef3c7-166d-4072-933c-0fa27d5a9c8c,1.7773433906894313e+18
7b2ef3c7-166d-4072-933c-0fa27d5a9c8c,1.7773433907227743e+18
7b2ef3c7-166d-4072-933c-0fa27d5a9c8c,1.7773433907561162e+18
7b2ef3c7-166d-4072-933c-0fa27d5a9c8c,1.7773433907894582e+18
7b2ef3c7-166d-4072-933c-0fa27d5a9c8c,1.7773433908228012e+18
7b2ef3c7-166d-4072-933c-0fa27d5a9c8c,1.7773433908561434e+18
7b2ef3c7-166d-4072-933c-0fa27d5a9c8c,1.7773433908894863e+18
7b2ef3c7-166d-4072-933c-0fa27d5a9c8c,1.7773433909228283e+18
7b2ef3c7-166d-4072-933c-0fa27d5a9c8c,1.7773433909561713e+18
7b2ef3c7-166d-4072-933c-0fa27d5a9c8c,1.7773433909895132e+18
7b2ef3c7-166d-4072-933c-0fa27d5a9c8c,1.7773433910228562e+18
7b2ef3c7-166d-4072-933c-0fa27d5a9c8c,1.7773433910561981e+18
7b2ef3c7-166d-4072-933c-0fa27d5a9c8c,1.7773433910895404e+18
7b2ef3c7-166d-4072-933c-0fa27d5a9c8c,1.7773433911228833e+18
7b2ef3c7-166d-4072-933c-0fa27d5a9c8c,1.7773433911562253e+18
7b2ef3c7-166d-4072-933c-0fa27d5a9c8c,1.7773433911895683e+18
7b2ef3c7-166d-4072-933c-0fa27d5a9c8c,1.7773433912229102e+18
7b2ef3c7-166d-4072-933c-0fa27d5a9c8c,1.7773433912562532e+18
7b2ef3c7-166d-4072-933c-0fa27d5a9c8c,1.7773433912895954e+18
7b2ef3c7-166d-4072-933c-0fa27d5a9c8c,1.7773433913229384e+18
7b2ef3c7-166d-4072-933c-0fa27d5a9c8c,1.7773433913562803e+18
7b2ef3c7-166d-4072-933c-0fa27d5a9c8c,1.7773433913896223e+18
7b2ef3c7-166d-4072-933c-0fa27d5a9c8c,1.7773433914229652e+18
7b2ef3c7-166d-4072-933c-0fa27d5a9c8c,1.7773433914563072e+18
7b2ef3c7-166d-4072-933c-0fa27d5a9c8c,1.7773433914896502e+18
7b2ef3c7-166d-4072-933c-0fa27d5a9c8c,1.7773433915229924e+18
7b2ef3c7-166d-4072-933c-0fa27d5a9c8c,1.7773433915563354e+18
7b2ef3c7-166d-4072-933c-0fa27d5a9c8c,1.7773433915896773e+18
7b2ef3c7-166d-4072-933c-0fa27d5a9c8c,1.7773433916230203e+18
7b2ef3c7-166d-4072-933c-0fa27d5a9c8c,1.7773433916563622e+18
7b2ef3c7-166d-4072-933c-0fa27d5a9c8c,1.7773433916897042e+18
7b2ef3c7-166d-4072-933c-0fa27d5a9c8c,1.7773433917230472e+18
7b2ef3c7-166d-4072-933c-0fa27d5a9c8c,1.7773433917563894e+18
7b2ef3c7-166d-4072-933c-0fa27d5a9c8c,1.7773433917897324e+18
7b2ef3c7-166d-4072-933c-0fa27d5a9c8c,1.7773433918230743e+18
7b2ef3c7-166d-4072-933c-0fa27d5a9c8c,1.7773433918564173e+18
7b2ef3c7-166d-4072-933c-0fa27d5a9c8c,1.7773433918897592e+18
7b2ef3c7-166d-4072-933c-0fa27d5a9c8c,1.7773433919231022e+18
7b2ef3c7-166d-4072-933c-0fa27d5a9c8c,1.7773433919564442e+18
7b2ef3c7-166d-4072-933c-0fa27d5a9c8c,1.7773433919897864e+18
7b2ef3c7-166d-4072-933c-0fa27d5a9c8c,1.7773433920231293e+18
7b2ef3c7-166d-4072-933c-0fa27d5a9c8c,1.7773433920564713e+18
7b2ef3c7-166d-4072-933c-0fa27d5a9c8c,1.7773433920898143e+18
7b2ef3c7-166d-4072-933c-0fa27d5a9c8c,1.7773433921231562e+18
7b2ef3c7-166d-4072-933c-0fa27d5a9c8c,1.7773433921564992e+18
7b2ef3c7-166d-4072-933c-0fa27d5a9c8c,1.7773433921898412e+18
7b2ef3c7-166d-4072-933c-0fa27d5a9c8c,1.7773433922231844e+18
7b2ef3c7-166d-4072-933c-0fa27d5a9c8c,1.7773433922565263e+18
7b2ef3c7-166d-4072-933c-0fa27d5a9c8c,1.7773433922898693e+18
7b2ef3c7-166d-4072-933c-0fa27d5a9c8c,1.7773433923232113e+18
7b2ef3c7-166d-4072-933c-0fa27d5a9c8c,1.7773433923565532e+18
7b2ef3c7-166d-4072-933c-0fa27d5a9c8c,1.7773433923898962e+18
7b2ef3c7-166d-4072-933c-0fa27d5a9c8c,1.7773433924232381e+18
7b2ef3c7-166d-4072-933c-0fa27d5a9c8c,1.7773433924565814e+18
7b2ef3c7-166d-4072-933c-0fa27d5a9c8c,1.7773433924899233e+18
7b2ef3c7-166d-4072-933c-0fa27d5a9c8c,1.7773433925232663e+18
7b2ef3c7-166d-4072-933c-0fa27d5a9c8c,1.7773433925566083e+18
7b2ef3c7-166d-4072-933c-0fa27d5a9c8c,1.7773433925899512e+18
7b2ef3c7-166d-4072-933c-0fa27d5a9c8c,1.7773433926232932e+18
7b2ef3c7-166d-4072-933c-0fa27d5a9c8c,1.7773433926566354e+18
7b2ef3c7-166d-4072-933c-0fa27d5a9c8c,1.7773433926899784e+18
7b2ef3c7-166d-4072-933c-0fa27d5a9c8c,1.7773433927233203e+18
7b2ef3c7-166d-4072-933c-0fa27d5a9c8c,1.7773433927566633e+18
7b2ef3c7-166d-4072-933c-0fa27d5a9c8c,1.7773433927900052e+18
7b2ef3c7-166d-4072-933c-0fa27d5a9c8c,1.7773433928233482e+18
7b2ef3c7-166d-4072-933c-0fa27d5a9c8c,1.7773433928566902e+18
7b2ef3c7-166d-4072-933c-0fa27d5a9c8c,1.7773433928900332e+18
7b2ef3c7-166d-4072-933c-0fa27d5a9c8c,1.7773433929233754e+18
7b2ef3c7-166d-4072-933c-0fa27d5a9c8c,1.7773433929567173e+18
7b2ef3c7-166d-4072-933c-0fa27d5a9c8c,1.7773433929900603e+18
7b2ef3c7-166d-4072-933c-0fa27d5a9c8c,1.7773433930234022e+18
7b2ef3c7-166d-4072-933c-0fa27d5a9c8c,1.7773433930567452e+18
7b2ef3c7-166d-4072-933c-0fa27d5a9c8c,1.7773433930900872e+18
7b2ef3c7-166d-4072-933c-0fa27d5a9c8c,1.7773433931234301e+18
7b2ef3c7-166d-4072-933c-0fa27d5a9c8c,1.7773433931567724e+18
7b2ef3c7-166d-4072-933c-0fa27d5a9c8c,1.7773433931901153e+18
7b2ef3c7-166d-4072-933c-0fa27d5a9c8c,1.7773433932234573e+18
7b2ef3c7-166d-4072-933c-0fa27d5a9c8c,1.7773433932567992e+18
7b2ef3c7-166d-4072-933c-0fa27d5a9c8c,1.7773433932901422e+18
7b2ef3c7-166d-4072-933c-0fa27d5a9c8c,1.7773433933234842e+18
7b2ef3c7-166d-4072-933c-0fa27d5a9c8c,1.7773433933568274e+18
7b2ef3c7-166d-4072-933c-0fa27d5a9c8c,1.7773433933901693e+18
7b2ef3c7-166d-4072-933c-0fa27d5a9c8c,1.7773433934235123e+18
7b2ef3c7-166d-4072-933c-0fa27d5a9c8c,1.7773433934568543e+18
7b2ef3c7-166d-4072-933c-0fa27d5a9c8c,1.7773433934901972e+18
7b2ef3c7-166d-4072-933c-0fa27d5a9c8c,1.7773433935235392e+18
7b2ef3c7-166d-4072-933c-0fa27d5a9c8c,1.7773433935568812e+18
7b2ef3c7-166d-4072-933c-0fa27d5a9c8c,1.7773433935902244e+18
7b2ef3c7-166d-4072-933c-0fa27d5a9c8c,1.7773433936235663e+18
7b2ef3c7-166d-4072-933c-0fa27d5a9c8c,1.7773433936569093e+18
7b2ef3c7-166d-4072-933c-0fa27d5a9c8c,1.7773433936902513e+18
7b2ef3c7-166d-4072-933c-0fa27d5a9c8c,1.7773433937235942e+18
7b2ef3c7-166d-4072-933c-0fa27d5a9c8c,1.7773433937569362e+18
7b2ef3c7-166d-4072-933c-0fa27d5a9c8c,1.7773433937902792e+18
7b2ef3c7-166d-4072-933c-0fa27d5a9c8c,1.7773433938236214e+18
7b2ef3c7-166d-4072-933c-0fa27d5a9c8c,1.7773433938569633e+18
7b2ef3c7-166d-4072-933c-0fa27d5a9c8c,1.7773433938903063e+18
7b2ef3c7-166d-4072-933c-0fa27d5a9c8c,1.7773433939236483e+18
7b2ef3c7-166d-4072-933c-0fa27d5a9c8c,1.7773433939569912e+18
7b2ef3c7-166d-4072-933c-0fa27d5a9c8c,1.7773433939903332e+18
7b2ef3c7-166d-4072-933c-0fa27d5a9c8c,1.7773433940236762e+18
7b2ef3c7-166d-4072-933c-0fa27d5a9c8c,1.7773433940570184e+18
7b2ef3c7-166d-4072-933c-0fa27d5a9c8c,1.7773433940903613e+18
7b2ef3c7-166d-4072-933c-0fa27d5a9c8c,1.7773433941237033e+18
7b2ef3c7-166d-4072-933c-0fa27d5a9c8c,1.7773433941570463e+18
7b2ef3c7-166d-4072-933c-0fa27d5a9c8c,1.7773433941903882e+18
7b2ef3c7-166d-4072-933c-0fa27d5a9c8c,1.7773433942237302e+18
7b2ef3c7-166d-4072-933c-0fa27d5a9c8c,1.7773433942570732e+18
7b2ef3c7-166d-4072-933c-0fa27d5a9c8c,1.7773433942904154e+18
7b2ef3c7-166d-4072-933c-0fa27d5a9c8c,1.7773433943237583e+18
7b2ef3c7-166d-4072-933c-0fa27d5a9c8c,1.7773433943571003e+18
7b2ef3c7-166d-4072-933c-0fa27d5a9c8c,1.7773433943904433e+18
7b2ef3c7-166d-4072-933c-0fa27d5a9c8c,1.7773433944237852e+18
7b2ef3c7-166d-4072-933c-0fa27d5a9c8c,1.7773433944571282e+18
7b2ef3c7-166d-4072-933c-0fa27d5a9c8c,1.7773433944904701e+18
7b2ef3c7-166d-4072-933c-0fa27d5a9c8c,1.7773433945238124e+18
7b2ef3c7-166d-4072-933c-0fa27d5a9c8c,1.7773433945571553e+18
7b2ef3c7-166d-4072-933c-0fa27d5a9c8c,1.7773433945904973e+18
7b2ef3c7-166d-4072-933c-0fa27d5a9c8c,1.7773433946238403e+18
7b2ef3c7-166d-4072-933c-0fa27d5a9c8c,1.7773433946571822e+18
7b2ef3c7-166d-4072-933c-0fa27d5a9c8c,1.7773433946905252e+18
7b2ef3c7-166d-4072-933c-0fa27d5a9c8c,1.7773433947238674e+18
7b2ef3c7-166d-4072-933c-0fa27d5a9c8c,1.7773433947572104e+18
7b2ef3c7-166d-4072-933c-0fa27d5a9c8c,1.7773433947905523e+18
7b2ef3c7-166d-4072-933c-0fa27d5a9c8c,1.7773433948238943e+18
7b2ef3c7-166d-4072-933c-0fa27d5a9c8c,1.7773433948572372e+18
7b2ef3c7-166d-4072-933c-0fa27d5a9c8c,1.7773433948905792e+18
7b2ef3c7-166d-4072-933c-0fa27d5a9c8c,1.7773433949239222e+18
7b2ef3c7-166d-4072-933c-0fa27d5a9c8c,1.7773433949572644e+18
7b2ef3c7-166d-4072-933c-0fa27d5a9c8c,1.7773433949906074e+18
7b2ef3c7-166d-4072-933c-0fa27d5a9c8c,1.7773433950239493e+18
7b2ef3c7-166d-4072-933c-0fa27d5a9c8c,1.7773433950572923e+18
7b2ef3c7-166d-4072-933c-0fa27d5a9c8c,1.7773433950906342e+18
7b2ef3c7-166d-4072-933c-0fa27d5a9c8c,1.7773433951239762e+18
7b2ef3c7-166d-4072-933c-0fa27d5a9c8c,1.7773433951573192e+18
7b2ef3c7-166d-4072-933c-0fa27d5a9c8c,1.7773433951906614e+18
7b2ef3c7-166d-4072-933c-0fa27d5a9c8c,1.7773433952240044e+18
7b2ef3c7-166d-4072-933c-0fa27d5a9c8c,1.7773433952573463e+18
7b2ef3c7-166d-4072-933c-0fa27d5a9c8c,1.7773433952906893e+18
7b2ef3c7-166d-4072-933c-0fa27d5a9c8c,1.7773433953240312e+18
7b2ef3c7-166d-4072-933c-0fa27d5a9c8c,1.7773433953573742e+18
7b2ef3c7-166d-4072-933c-0fa27d5a9c8c,1.7773433953907162e+18
7b2ef3c7-166d-4072-933c-0fa27d5a9c8c,1.7773433954240594e+18
7b2ef3c7-166d-4072-933c-0fa27d5a9c8c,1.7773433954574013e+18
7b2ef3c7-166d-4072-933c-0fa27d5a9c8c,1.7773433954907433e+18
7b2ef3c7-166d-4072-933c-0fa27d5a9c8c,1.7773433955240863e+18
7b2ef3c7-166d-4072-933c-0fa27d5a9c8c,1.7773433955574282e+18
7b2ef3c7-166d-4072-933c-0fa27d5a9c8c,1.7773433955907712e+18
7b2ef3c7-166d-4072-933c-0fa27d5a9c8c,1.7773433956241132e+18
7b2ef3c7-166d-4072-933c-0fa27d5a9c8c,1.7773433956574564e+18
7b2ef3c7-166d-4072-933c-0fa27d5a9c8c,1.7773433956907983e+18
7b2ef3c7-166d-4072-933c-0fa27d5a9c8c,1.7773433957241413e+18
7b2ef3c7-166d-4072-933c-0fa27d5a9c8c,1.7773433957574833e+18
7b2ef3c7-166d-4072-933c-0fa27d5a9c8c,1.7773433957908252e+18
7b2ef3c7-166d-4072-933c-0fa27d5a9c8c,1.7773433958241682e+18
7b2ef3c7-166d-4072-933c-0fa27d5a9c8c,1.7773433958575101e+18
7b2ef3c7-166d-4072-933c-0fa27d5a9c8c,1.7773433958908534e+18
7b2ef3c7-166d-4072-933c-0fa27d5a9c8c,1.7773433959241953e+18
7b2ef3c7-166d-4072-933c-0fa27d5a9c8c,1.7773433959575383e+18
7b2ef3c7-166d-4072-933c-0fa27d5a9c8c,1.7773433959908803e+18
7b2ef3c7-166d-4072-933c-0fa27d5a9c8c,1.7773433960242232e+18
7b2ef3c7-166d-4072-933c-0fa27d5a9c8c,1.7773433960575652e+18
7b2ef3c7-166d-4072-933c-0fa27d5a9c8c,1.7773433960909074e+18
7b2ef3c7-166d-4072-933c-0fa27d5a9c8c,1.7773433961242504e+18
7b2ef3c7-166d-4072-933c-0fa27d5a9c8c,1.7773433961575923e+18
7b2ef3c7-166d-4072-933c-0fa27d5a9c8c,1.7773433961909353e+18
7b2ef3c7-166d-4072-933c-0fa27d5a9c8c,1.7773433962242772e+18
7b2ef3c7-166d-4072-933c-0fa27d5a9c8c,1.7773433962576202e+18
7b2ef3c7-166d-4072-933c-0fa27d5a9c8c,1.7773433962909622e+18
7b2ef3c7-166d-4072-933c-0fa27d5a9c8c,1.7773433963243052e+18
7b2ef3c7-166d-4072-933c-0fa27d5a9c8c,1.7773433963576474e+18
7b2ef3c7-166d-4072-933c-0fa27d5a9c8c,1.7773433963909893e+18
7b2ef3c7-166d-4072-933c-0fa27d5a9c8c,1.7773433964243323e+18
7b2ef3c7-166d-4072-933c-0fa27d5a9c8c,1.7773433964576742e+18
7b2ef3c7-166d-4072-933c-0fa27d5a9c8c,1.7773433964910172e+18
7b2ef3c7-166d-4072-933c-0fa27d5a9c8c,1.7773433965243592e+18
7b2ef3c7-166d-4072-933c-0fa27d5a9c8c,1.7773433965577021e+18
7b2ef3c7-166d-4072-933c-0fa27d5a9c8c,1.7773433965910444e+18
7b2ef3c7-166d-4072-933c-0fa27d5a9c8c,1.7773433966243873e+18
7b2ef3c7-166d-4072-933c-0fa27d5a9c8c,1.7773433966577293e+18
7b2ef3c7-166d-4072-933c-0fa27d5a9c8c,1.7773433966910723e+18
7b2ef3c7-166d-4072-933c-0fa27d5a9c8c,1.7773433967244142e+18
7b2ef3c7-166d-4072-933c-0fa27d5a9c8c,1.7773433967577562e+18
7b2ef3c7-166d-4072-933c-0fa27d5a9c8c,1.7773433967910994e+18
7b2ef3c7-166d-4072-933c-0fa27d5a9c8c,1.7773433968244413e+18
7b2ef3c7-166d-4072-933c-0fa27d5a9c8c,1.7773433968577843e+18
7b2ef3c7-166d-4072-933c-0fa27d5a9c8c,1.7773433968911263e+18
7b2ef3c7-166d-4072-933c-0fa27d5a9c8c,1.7773433969244692e+18
7b2ef3c7-166d-4072-933c-0fa27d5a9c8c,1.7773433969578112e+18
7b2ef3c7-166d-4072-933c-0fa27d5a9c8c,1.7773433969911542e+18
7b2ef3c7-166d-4072-933c-0fa27d5a9c8c,1.7773433970244964e+18
7b2ef3c7-166d-4072-933c-0fa27d5a9c8c,1.7773433970578383e+18
7b2ef3c7-166d-4072-933c-0fa27d5a9c8c,1.7773433970911813e+18
7b2ef3c7-166d-4072-933c-0fa27d5a9c8c,1.7773433971245233e+18
7b2ef3c7-166d-4072-933c-0fa27d5a9c8c,1.7773433971578662e+18
7b2ef3c7-166d-4072-933c-0fa27d5a9c8c,1.7773433971912082e+18
7b2ef3c7-166d-4072-933c-0fa27d5a9c8c,1.7773433972245512e+18
7b2ef3c7-166d-4072-933c-0fa27d5a9c8c,1.7773433972578934e+18
7b2ef3c7-166d-4072-933c-0fa27d5a9c8c,1.7773433972912364e+18
7b2ef3c7-166d-4072-933c-0fa27d5a9c8c,1.7773433973245783e+18
7b2ef3c7-166d-4072-933c-0fa27d5a9c8c,1.7773433973579203e+18
7b2ef3c7-166d-4072-933c-0fa27d5a9c8c,1.7773433973912632e+18
7b2ef3c7-166d-4072-933c-0fa27d5a9c8c,1.7773433974246052e+18
7b2ef3c7-166d-4072-933c-0fa27d5a9c8c,1.7773433974579482e+18
7b2ef3c7-166d-4072-933c-0fa27d5a9c8c,1.7773433974912904e+18
7b2ef3c7-166d-4072-933c-0fa27d5a9c8c,1.7773433975246333e+18
7b2ef3c7-166d-4072-933c-0fa27d5a9c8c,1.7773433975579753e+18
7b2ef3c7-166d-4072-933c-0fa27d5a9c8c,1.7773433975913183e+18
7b2ef3c7-166d-4072-933c-0fa27d5a9c8c,1.7773433976246602e+18
7b2ef3c7-166d-4072-933c-0fa27d5a9c8c,1.7773433976580022e+18
7b2ef3c7-166d-4072-933c-0fa27d5a9c8c,1.7773433976913452e+18
7b2ef3c7-166d-4072-933c-0fa27d5a9c8c,1.7773433977246874e+18
7b2ef3c7-166d-4072-933c-0fa27d5a9c8c,1.7773433977580303e+18
7b2ef3c7-166d-4072-933c-0fa27d5a9c8c,1.7773433977913723e+18
7b2ef3c7-166d-4072-933c-0fa27d5a9c8c,1.7773433978247153e+18
7b2ef3c7-166d-4072-933c-0fa27d5a9c8c,1.7773433978580572e+18
7b2ef3c7-166d-4072-933c-0fa27d5a9c8c,1.7773433978914002e+18
7b2ef3c7-166d-4072-933c-0fa27d5a9c8c,1.7773433979247421e+18
7b2ef3c7-166d-4072-933c-0fa27d5a9c8c,1.7773433979580844e+18
7b2ef3c7-166d-4072-933c-0fa27d5a9c8c,1.7773433979914273e+18
7b2ef3c7-166d-4072-933c-0fa27d5a9c8c,1.7773433980247693e+18
7b2ef3c7-166d-4072-933c-0fa27d5a9c8c,1.7773433980581123e+18
7b2ef3c7-166d-4072-933c-0fa27d5a9c8c,1.7773433980914542e+18
7b2ef3c7-166d-4072-933c-0fa27d5a9c8c,1.7773433981247972e+18
7b2ef3c7-166d-4072-933c-0fa27d5a9c8c,1.7773433981581394e+18
7b2ef3c7-166d-4072-933c-0fa27d5a9c8c,1.7773433981914824e+18
7b2ef3c7-166d-4072-933c-0fa27d5a9c8c,1.7773433982248243e+18
7b2ef3c7-166d-4072-933c-0fa27d5a9c8c,1.7773433982581663e+18
7b2ef3c7-166d-4072-933c-0fa27d5a9c8c,1.7773433982915092e+18
7b2ef3c7-166d-4072-933c-0fa27d5a9c8c,1.7773433983248512e+18
7b2ef3c7-166d-4072-933c-0fa27d5a9c8c,1.7773433983581942e+18
7b2ef3c7-166d-4072-933c-0fa27d5a9c8c,1.7773433983915364e+18
7b2ef3c7-166d-4072-933c-0fa27d5a9c8c,1.7773433984248794e+18
7b2ef3c7-166d-4072-933c-0fa27d5a9c8c,1.7773433984582213e+18
7b2ef3c7-166d-4072-933c-0fa27d5a9c8c,1.7773433984915643e+18
7b2ef3c7-166d-4072-933c-0fa27d5a9c8c,1.7773433985249062e+18
7b2ef3c7-166d-4072-933c-0fa27d5a9c8c,1.7773433985582492e+18
7b2ef3c7-166d-4072-933c-0fa27d5a9c8c,1.7773433985915912e+18
7b2ef3c7-166d-4072-933c-0fa27d5a9c8c,1.7773433986249334e+18
7b2ef3c7-166d-4072-933c-0fa27d5a9c8c,1.7773433986582764e+18
7b2ef3c7-166d-4072-933c-0fa27d5a9c8c,1.7773433986916183e+18
7b2ef3c7-166d-4072-933c-0fa27d5a9c8c,1.7773433987249613e+18
7b2ef3c7-166d-4072-933c-0fa27d5a9c8c,1.7773433987583032e+18
7b2ef3c7-166d-4072-933c-0fa27d5a9c8c,1.7773433987916462e+18
7b2ef3c7-166d-4072-933c-0fa27d5a9c8c,1.7773433988249882e+18
7b2ef3c7-166d-4072-933c-0fa27d5a9c8c,1.7773433988583314e+18
7b2ef3c7-166d-4072-933c-0fa27d5a9c8c,1.7773433988916733e+18
7b2ef3c7-166d-4072-933c-0fa27d5a9c8c,1.7773433989250153e+18
7b2ef3c7-166d-4072-933c-0fa27d5a9c8c,1.7773433989583583e+18
7b2ef3c7-166d-4072-933c-0fa27d5a9c8c,1.7773433989917002e+18
7b2ef3c7-166d-4072-933c-0fa27d5a9c8c,1.7773433990250432e+18
7b2ef3c7-166d-4072-933c-0fa27d5a9c8c,1.7773433990583852e+18
7b2ef3c7-166d-4072-933c-0fa27d5a9c8c,1.7773433990917284e+18
7b2ef3c7-166d-4072-933c-0fa27d5a9c8c,1.7773433991250703e+18
7b2ef3c7-166d-4072-933c-0fa27d5a9c8c,1.7773433991584133e+18
7b2ef3c7-166d-4072-933c-0fa27d5a9c8c,1.7773433991917553e+18
7b2ef3c7-166d-4072-933c-0fa27d5a9c8c,1.7773433992250972e+18
7b2ef3c7-166d-4072-933c-0fa27d5a9c8c,1.7773433992584402e+18
7b2ef3c7-166d-4072-933c-0fa27d5a9c8c,1.7773433992917821e+18
7b2ef3c7-166d-4072-933c-0fa27d5a9c8c,1.7773433993251254e+18
7b2ef3c7-166d-4072-933c-0fa27d5a9c8c,1.7773433993584673e+18
7b2ef3c7-166d-4072-933c-0fa27d5a9c8c,1.7773433993918103e+18
7b2ef3c7-166d-4072-933c-0fa27d5a9c8c,1.7773433994251523e+18
7b2ef3c7-166d-4072-933c-0fa27d5a9c8c,1.7773433994584952e+18
7b2ef3c7-166d-4072-933c-0fa27d5a9c8c,1.7773433994918372e+18
7b2ef3c7-166d-4072-933c-0fa27d5a9c8c,1.7773433995251794e+18
7b2ef3c7-166d-4072-933c-0fa27d5a9c8c,1.7773433995585224e+18
7b2ef3c7-166d-4072-933c-0fa27d5a9c8c,1.7773433995918643e+18
7b2ef3c7-166d-4072-933c-0fa27d5a9c8c,1.7773433996252073e+18
7b2ef3c7-166d-4072-933c-0fa27d5a9c8c,1.7773433996585492e+18
7b2ef3c7-166d-4072-933c-0fa27d5a9c8c,1.7773433996918922e+18
7b2ef3c7-166d-4072-933c-0fa27d5a9c8c,1.7773433997252342e+18
7b2ef3c7-166d-4072-933c-0fa27d5a9c8c,1.7773433997585772e+18
7b2ef3c7-166d-4072-933c-0fa27d5a9c8c,1.7773433997919194e+18
7b2ef3c7-166d-4072-933c-0fa27d5a9c8c,1.7773433998252613e+18
7b2ef3c7-166d-4072-933c-0fa27d5a9c8c,1.7773433998586043e+18
7b2ef3c7-166d-4072-933c-0fa27d5a9c8c,1.7773433998919462e+18
7b2ef3c7-166d-4072-933c-0fa27d5a9c8c,1.7773433999252892e+18
7b2ef3c7-166d-4072-933c-0fa27d5a9c8c,1.7773433999586312e+18
7b2ef3c7-166d-4072-933c-0fa27d5a9c8c,1.7773433999919741e+18
7b2ef3c7-166d-4072-933c-0fa27d5a9c8c,1.7773434000253164e+18
7b2ef3c7-166d-4072-933c-0fa27d5a9c8c,1.7773434000586593e+18
7b2ef3c7-166d-4072-933c-0fa27d5a9c8c,1.7773434000920013e+18
7b2ef3c7-166d-4072-933c-0fa27d5a9c8c,1.7773434001253432e+18
7b2ef3c7-166d-4072-933c-0fa27d5a9c8c,1.7773434001586862e+18
7b2ef3c7-166d-4072-933c-0fa27d5a9c8c,1.7773434001920282e+18
7b2ef3c7-166d-4072-933c-0fa27d5a9c8c,1.7773434002253714e+18
7b2ef3c7-166d-4072-933c-0fa27d5a9c8c,1.7773434002587133e+18
7b2ef3c7-166d-4072-933c-0fa27d5a9c8c,1.7773434002920563e+18
7b2ef3c7-166d-4072-933c-0fa27d5a9c8c,1.7773434003253983e+18
7b2ef3c7-166d-4072-933c-0fa27d5a9c8c,1.7773434003587412e+18
7b2ef3c7-166d-4072-933c-0fa27d5a9c8c,1.7773434003920832e+18
7b2ef3c7-166d-4072-933c-0fa27d5a9c8c,1.7773434004254262e+18
7b2ef3c7-166d-4072-933c-0fa27d5a9c8c,1.7773434004587684e+18
7b2ef3c7-166d-4072-933c-0fa27d5a9c8c,1.7773434004921103e+18
7b2ef3c7-166d-4072-933c-0fa27d5a9c8c,1.7773434005254533e+18
7b2ef3c7-166d-4072-933c-0fa27d5a9c8c,1.7773434005587953e+18
7b2ef3c7-166d-4072-933c-0fa27d5a9c8c,1.7773434005921382e+18
7b2ef3c7-166d-4072-933c-0fa27d5a9c8c,1.7773434006254802e+18
7b2ef3c7-166d-4072-933c-0fa27d5a9c8c,1.7773434006588232e+18
7b2ef3c7-166d-4072-933c-0fa27d5a9c8c,1.7773434006921654e+18
7b2ef3c7-166d-4072-933c-0fa27d5a9c8c,1.7773434007255084e+18
7b2ef3c7-166d-4072-933c-0fa27d5a9c8c,1.7773434007588503e+18
7b2ef3c7-166d-4072-933c-0fa27d5a9c8c,1.7773434007921923e+18
7b2ef3c7-166d-4072-933c-0fa27d5a9c8c,1.7773434008255352e+18
7b2ef3c7-166d-4072-933c-0fa27d5a9c8c,1.7773434008588772e+18
7b2ef3c7-166d-4072-933c-0fa27d5a9c8c,1.7773434008922202e+18
7b2ef3c7-166d-4072-933c-0fa27d5a9c8c,1.7773434009255624e+18
7b2ef3c7-166d-4072-933c-0fa27d5a9c8c,1.7773434009589053e+18
7b2ef3c7-166d-4072-933c-0fa27d5a9c8c,1.7773434009922473e+18
7b2ef3c7-166d-4072-933c-0fa27d5a9c8c,1.7773434010255903e+18
7b2ef3c7-166d-4072-933c-0fa27d5a9c8c,1.7773434010589322e+18
7b2ef3c7-166d-4072-933c-0fa27d5a9c8c,1.7773434010922742e+18
7b2ef3c7-166d-4072-933c-0fa27d5a9c8c,1.7773434011256172e+18
7b2ef3c7-166d-4072-933c-0fa27d5a9c8c,1.7773434011589594e+18
7b2ef3c7-166d-4072-933c-0fa27d5a9c8c,1.7773434011923023e+18
7b2ef3c7-166d-4072-933c-0fa27d5a9c8c,1.7773434012256443e+18
7b2ef3c7-166d-4072-933c-0fa27d5a9c8c,1.7773434012589873e+18
7b2ef3c7-166d-4072-933c-0fa27d5a9c8c,1.7773434012923292e+18
7b2ef3c7-166d-4072-933c-0fa27d5a9c8c,1.7773434013256722e+18
7b2ef3c7-166d-4072-933c-0fa27d5a9c8c,1.7773434013590141e+18
7b2ef3c7-166d-4072-933c-0fa27d5a9c8c,1.7773434013923564e+18
7b2ef3c7-166d-4072-933c-0fa27d5a9c8c,1.7773434014256993e+18
7b2ef3c7-166d-4072-933c-0fa27d5a9c8c,1.7773434014590413e+18
7b2ef3c7-166d-4072-933c-0fa27d5a9c8c,1.7773434014923843e+18
7b2ef3c7-166d-4072-933c-0fa27d5a9c8c,1.7773434015257262e+18
7b2ef3c7-166d-4072-933c-0fa27d5a9c8c,1.7773434015590692e+18
7b2ef3c7-166d-4072-933c-0fa27d5a9c8c,1.7773434015924114e+18
7b2ef3c7-166d-4072-933c-0fa27d5a9c8c,1.7773434016257544e+18
7b2ef3c7-166d-4072-933c-0fa27d5a9c8c,1.7773434016590963e+18
7b2ef3c7-166d-4072-933c-0fa27d5a9c8c,1.7773434016924383e+18
7b2ef3c7-166d-4072-933c-0fa27d5a9c8c,1.7773434017257812e+18
7b2ef3c7-166d-4072-933c-0fa27d5a9c8c,1.7773434017591232e+18
7b2ef3c7-166d-4072-933c-0fa27d5a9c8c,1.7773434017924662e+18
7b2ef3c7-166d-4072-933c-0fa27d5a9c8c,1.7773434018258084e+18
7b2ef3c7-166d-4072-933c-0fa27d5a9c8c,1.7773434018591514e+18
7b2ef3c7-166d-4072-933c-0fa27d5a9c8c,1.7773434018924933e+18
7b2ef3c7-166d-4072-933c-0fa27d5a9c8c,1.7773434019258363e+18
7b2ef3c7-166d-4072-933c-0fa27d5a9c8c,1.7773434019591782e+18
7b2ef3c7-166d-4072-933c-0fa27d5a9c8c,1.7773434019925202e+18
7b2ef3c7-166d-4072-933c-0fa27d5a9c8c,1.7773434020258632e+18
7b2ef3c7-166d-4072-933c-0fa27d5a9c8c,1.7773434020592054e+18
7b2ef3c7-166d-4072-933c-0fa27d5a9c8c,1.7773434020925484e+18
7b2ef3c7-166d-4072-933c-0fa27d5a9c8c,1.7773434021258903e+18
7b2ef3c7-166d-4072-933c-0fa27d5a9c8c,1.7773434021592333e+18
7b2ef3c7-166d-4072-933c-0fa27d5a9c8c,1.7773434021925752e+18
7b2ef3c7-166d-4072-933c-0fa27d5a9c8c,1.7773434022259182e+18
7b2ef3c7-166d-4072-933c-0fa27d5a9c8c,1.7773434022592602e+18
7b2ef3c7-166d-4072-933c-0fa27d5a9c8c,1.7773434022926034e+18
7b2ef3c7-166d-4072-933c-0fa27d5a9c8c,1.7773434023259453e+18
7b2ef3c7-166d-4072-933c-0fa27d5a9c8c,1.7773434023592873e+18
7b2ef3c7-166d-4072-933c-0fa27d5a9c8c,1.7773434023926303e+18
7b2ef3c7-166d-4072-933c-0fa27d5a9c8c,1.7773434024259722e+18
7b2ef3c7-166d-4072-933c-0fa27d5a9c8c,1.7773434024593152e+18
7b2ef3c7-166d-4072-933c-0fa27d5a9c8c,1.7773434024926572e+18
7b2ef3c7-166d-4072-933c-0fa27d5a9c8c,1.7773434025260004e+18
7b2ef3c7-166d-4072-933c-0fa27d5a9c8c,1.7773434025593423e+18
7b2ef3c7-166d-4072-933c-0fa27d5a9c8c,1.7773434025926853e+18
7b2ef3c7-166d-4072-933c-0fa27d5a9c8c,1.7773434026260273e+18
7b2ef3c7-166d-4072-933c-0fa27d5a9c8c,1.7773434026593692e+18
7b2ef3c7-166d-4072-933c-0fa27d5a9c8c,1.7773434026927122e+18
7b2ef3c7-166d-4072-933c-0fa27d5a9c8c,1.7773434027260541e+18
7b2ef3c7-166d-4072-933c-0fa27d5a9c8c,1.7773434027593974e+18
7b2ef3c7-166d-4072-933c-0fa27d5a9c8c,1.7773434027927393e+18
7b2ef3c7-166d-4072-933c-0fa27d5a9c8c,1.7773434028260823e+18
7b2ef3c7-166d-4072-933c-0fa27d5a9c8c,1.7773434028594243e+18
7b2ef3c7-166d-4072-933c-0fa27d5a9c8c,1.7773434028927672e+18
7b2ef3c7-166d-4072-933c-0fa27d5a9c8c,1.7773434029261092e+18
7b2ef3c7-166d-4072-933c-0fa27d5a9c8c,1.7773434029594514e+18
7b2ef3c7-166d-4072-933c-0fa27d5a9c8c,1.7773434029927944e+18
7b2ef3c7-166d-4072-933c-0fa27d5a9c8c,1.7773434030261363e+18
7b2ef3c7-166d-4072-933c-0fa27d5a9c8c,1.7773434030594793e+18
7b2ef3c7-166d-4072-933c-0fa27d5a9c8c,1.7773434030928212e+18
7b2ef3c7-166d-4072-933c-0fa27d5a9c8c,1.7773434031261642e+18
7b2ef3c7-166d-4072-933c-0fa27d5a9c8c,1.7773434031595062e+18
7b2ef3c7-166d-4072-933c-0fa27d5a9c8c,1.7773434031928492e+18
7b2ef3c7-166d-4072-933c-0fa27d5a9c8c,1.7773434032261914e+18
7b2ef3c7-166d-4072-933c-0fa27d5a9c8c,1.7773434032595333e+18
7b2ef3c7-166d-4072-933c-0fa27d5a9c8c,1.7773434032928763e+18
7b2ef3c7-166d-4072-933c-0fa27d5a9c8c,1.7773434033262182e+18
7b2ef3c7-166d-4072-933c-0fa27d5a9c8c,1.7773434033595612e+18
7b2ef3c7-166d-4072-933c-0fa27d5a9c8c,1.7773434033929032e+18
7b2ef3c7-166d-4072-933c-0fa27d5a9c8c,1.7773434034262461e+18
7b2ef3c7-166d-4072-933c-0fa27d5a9c8c,1.7773434034595884e+18
7b2ef3c7-166d-4072-933c-0fa27d5a9c8c,1.7773434034929313e+18
7b2ef3c7-166d-4072-933c-0fa27d5a9c8c,1.7773434035262733e+18
7b2ef3c7-166d-4072-933c-0fa27d5a9c8c,1.7773434035596152e+18
7b2ef3c7-166d-4072-933c-0fa27d5a9c8c,1.7773434035929582e+18
7b2ef3c7-166d-4072-933c-0fa27d5a9c8c,1.7773434036263002e+18
7b2ef3c7-166d-4072-933c-0fa27d5a9c8c,1.7773434036596434e+18
7b2ef3c7-166d-4072-933c-0fa27d5a9c8c,1.7773434036929853e+18
7b2ef3c7-166d-4072-933c-0fa27d5a9c8c,1.7773434037263283e+18
7b2ef3c7-166d-4072-933c-0fa27d5a9c8c,1.7773434037596703e+18
7b2ef3c7-166d-4072-933c-0fa27d5a9c8c,1.7773434037930132e+18
7b2ef3c7-166d-4072-933c-0fa27d5a9c8c,1.7773434038263552e+18
7b2ef3c7-166d-4072-933c-0fa27d5a9c8c,1.7773434038596972e+18
7b2ef3c7-166d-4072-933c-0fa27d5a9c8c,1.7773434038930404e+18
7b2ef3c7-166d-4072-933c-0fa27d5a9c8c,1.7773434039263823e+18
7b2ef3c7-166d-4072-933c-0fa27d5a9c8c,1.7773434039597253e+18
7b2ef3c7-166d-4072-933c-0fa27d5a9c8c,1.7773434039930673e+18
7b2ef3c7-166d-4072-933c-0fa27d5a9c8c,1.7773434040264102e+18
7b2ef3c7-166d-4072-933c-0fa27d5a9c8c,1.7773434040597522e+18
7b2ef3c7-166d-4072-933c-0fa27d5a9c8c,1.7773434040930952e+18
7b2ef3c7-166d-4072-933c-0fa27d5a9c8c,1.7773434041264374e+18
7b2ef3c7-166d-4072-933c-0fa27d5a9c8c,1.7773434041597804e+18
7b2ef3c7-166d-4072-933c-0fa27d5a9c8c,1.7773434041931223e+18
7b2ef3c7-166d-4072-933c-0fa27d5a9c8c,1.7773434042264643e+18
7b2ef3c7-166d-4072-933c-0fa27d5a9c8c,1.7773434042598072e+18
7b2ef3c7-166d-4072-933c-0fa27d5a9c8c,1.7773434042931492e+18
7b2ef3c7-166d-4072-933c-0fa27d5a9c8c,1.7773434043264922e+18
7b2ef3c7-166d-4072-933c-0fa27d5a9c8c,1.7773434043598344e+18
7b2ef3c7-166d-4072-933c-0fa27d5a9c8c,1.7773434043931773e+18
7b2ef3c7-166d-4072-933c-0fa27d5a9c8c,1.7773434044265193e+18
7b2ef3c7-166d-4072-933c-0fa27d5a9c8c,1.7773434044598623e+18
7b2ef3c7-166d-4072-933c-0fa27d5a9c8c,1.7773434044932042e+18
7b2ef3c7-166d-4072-933c-0fa27d5a9c8c,1.7773434045265462e+18
7b2ef3c7-166d-4072-933c-0fa27d5a9c8c,1.7773434045598892e+18
7b2ef3c7-166d-4072-933c-0fa27d5a9c8c,1.7773434045932314e+18
7b2ef3c7-166d-4072-933c-0fa27d5a9c8c,1.7773434046265743e+18
7b2ef3c7-166d-4072-933c-0fa27d5a9c8c,1.7773434046599163e+18
7b2ef3c7-166d-4072-933c-0fa27d5a9c8c,1.7773434046932593e+18
7b2ef3c7-166d-4072-933c-0fa27d5a9c8c,1.7773434047266012e+18
7b2ef3c7-166d-4072-933c-0fa27d5a9c8c,1.7773434047599442e+18
7b2ef3c7-166d-4072-933c-0fa27d5a9c8c,1.7773434047932861e+18
7b2ef3c7-166d-4072-933c-0fa27d5a9c8c,1.7773434048266284e+18
7b2ef3c7-166d-4072-933c-0fa27d5a9c8c,1.7773434048599713e+18
7b2ef3c7-166d-4072-933c-0fa27d5a9c8c,1.7773434048933133e+18
7b2ef3c7-166d-4072-933c-0fa27d5a9c8c,1.7773434049266563e+18
7b2ef3c7-166d-4072-933c-0fa27d5a9c8c,1.7773434049599982e+18
7b2ef3c7-166d-4072-933c-0fa27d5a9c8c,1.7773434049933412e+18
7b2ef3c7-166d-4072-933c-0fa27d5a9c8c,1.7773434050266834e+18
7b2ef3c7-166d-4072-933c-0fa27d5a9c8c,1.7773434050600264e+18
7b2ef3c7-166d-4072-933c-0fa27d5a9c8c,1.7773434050933683e+18
7b2ef3c7-166d-4072-933c-0fa27d5a9c8c,1.7773434051267103e+18
7b2ef3c7-166d-4072-933c-0fa27d5a9c8c,1.7773434051600532e+18
7b2ef3c7-166d-4072-933c-0fa27d5a9c8c,1.7773434051933952e+18
7b2ef3c7-166d-4072-933c-0fa27d5a9c8c,1.7773434052267382e+18
7b2ef3c7-166d-4072-933c-0fa27d5a9c8c,1.7773434052600804e+18
7b2ef3c7-166d-4072-933c-0fa27d5a9c8c,1.7773434052934234e+18
7b2ef3c7-166d-4072-933c-0fa27d5a9c8c,1.7773434053267653e+18
7b2ef3c7-166d-4072-933c-0fa27d5a9c8c,1.7773434053601083e+18
7b2ef3c7-166d-4072-933c-0fa27d5a9c8c,1.7773434053934502e+18
7b2ef3c7-166d-4072-933c-0fa27d5a9c8c,1.7773434054267922e+18
7b2ef3c7-166d-4072-933c-0fa27d5a9c8c,1.7773434054601352e+18
7b2ef3c7-166d-4072-933c-0fa27d5a9c8c,1.7773434054934774e+18
7b2ef3c7-166d-4072-933c-0fa27d5a9c8c,1.7773434055268204e+18
7b2ef3c7-166d-4072-933c-0fa27d5a9c8c,1.7773434055601623e+18
7b2ef3c7-166d-4072-933c-0fa27d5a9c8c,1.7773434055935053e+18
7b2ef3c7-166d-4072-933c-0fa27d5a9c8c,1.7773434056268472e+18
7b2ef3c7-166d-4072-933c-0fa27d5a9c8c,1.7773434056601902e+18
7b2ef3c7-166d-4072-933c-0fa27d5a9c8c,1.7773434056935322e+18
7b2ef3c7-166d-4072-933c-0fa27d5a9c8c,1.7773434057268744e+18
7b2ef3c7-166d-4072-933c-0fa27d5a9c8c,1.7773434057602173e+18
7b2ef3c7-166d-4072-933c-0fa27d5a9c8c,1.7773434057935593e+18
7b2ef3c7-166d-4072-933c-0fa27d5a9c8c,1.7773434058269023e+18
7b2ef3c7-166d-4072-933c-0fa27d5a9c8c,1.7773434058602442e+18
7b2ef3c7-166d-4072-933c-0fa27d5a9c8c,1.7773434058935872e+18
7b2ef3c7-166d-4072-933c-0fa27d5a9c8c,1.7773434059269292e+18
7b2ef3c7-166d-4072-933c-0fa27d5a9c8c,1.7773434059602724e+18
7b2ef3c7-166d-4072-933c-0fa27d5a9c8c,1.7773434059936143e+18
7b2ef3c7-166d-4072-933c-0fa27d5a9c8c,1.7773434060269573e+18
7b2ef3c7-166d-4072-933c-0fa27d5a9c8c,1.7773434060602993e+18
7b2ef3c7-166d-4072-933c-0fa27d5a9c8c,1.7773434060936412e+18
7b2ef3c7-166d-4072-933c-0fa27d5a9c8c,1.7773434061269842e+18
7b2ef3c7-166d-4072-933c-0fa27d5a9c8c,1.7773434061603261e+18
7b2ef3c7-166d-4072-933c-0fa27d5a9c8c,1.7773434061936694e+18
7b2ef3c7-166d-4072-933c-0fa27d5a9c8c,1.7773434062270113e+18
7b2ef3c7-166d-4072-933c-0fa27d5a9c8c,1.7773434062603543e+18
7b2ef3c7-166d-4072-933c-0fa27d5a9c8c,1.7773434062936963e+18
7b2ef3c7-166d-4072-933c-0fa27d5a9c8c,1.7773434063270392e+18
7b2ef3c7-166d-4072-933c-0fa27d5a9c8c,1.7773434063603812e+18
7b2ef3c7-166d-4072-933c-0fa27d5a9c8c,1.7773434063937234e+18
7b2ef3c7-166d-4072-933c-0fa27d5a9c8c,1.7773434064270664e+18
7b2ef3c7-166d-4072-933c-0fa27d5a9c8c,1.7773434064604083e+18
7b2ef3c7-166d-4072-933c-0fa27d5a9c8c,1.7773434064937513e+18
7b2ef3c7-166d-4072-933c-0fa27d5a9c8c,1.7773434065270932e+18
7b2ef3c7-166d-4072-933c-0fa27d5a9c8c,1.7773434065604362e+18
7b2ef3c7-166d-4072-933c-0fa27d5a9c8c,1.7773434065937782e+18
7b2ef3c7-166d-4072-933c-0fa27d5a9c8c,1.7773434066271212e+18
7b2ef3c7-166d-4072-933c-0fa27d5a9c8c,1.7773434066604634e+18
7b2ef3c7-166d-4072-933c-0fa27d5a9c8c,1.7773434066938053e+18
7b2ef3c7-166d-4072-933c-0fa27d5a9c8c,1.7773434067271483e+18
7b2ef3c7-166d-4072-933c-0fa27d5a9c8c,1.7773434067604902e+18
7b2ef3c7-166d-4072-933c-0fa27d5a9c8c,1.7773434067938332e+18
7b2ef3c7-166d-4072-933c-0fa27d5a9c8c,1.7773434068271752e+18
7b2ef3c7-166d-4072-933c-0fa27d5a9c8c,1.7773434068605181e+18
7b2ef3c7-166d-4072-933c-0fa27d5a9c8c,1.7773434068938604e+18
7b2ef3c7-166d-4072-933c-0fa27d5a9c8c,1.7773434069272033e+18
7b2ef3c7-166d-4072-933c-0fa27d5a9c8c,1.7773434069605453e+18
7b2ef3c7-166d-4072-933c-0fa27d5a9c8c,1.7773434069938872e+18
7b2ef3c7-166d-4072-933c-0fa27d5a9c8c,1.7773434070272302e+18
7b2ef3c7-166d-4072-933c-0fa27d5a9c8c,1.7773434070605722e+18
7b2ef3c7-166d-4072-933c-0fa27d5a9c8c,1.7773434070939154e+18
7b2ef3c7-166d-4072-933c-0fa27d5a9c8c,1.7773434071272573e+18
7b2ef3c7-166d-4072-933c-0fa27d5a9c8c,1.7773434071606003e+18
7b2ef3c7-166d-4072-933c-0fa27d5a9c8c,1.7773434071939423e+18
7b2ef3c7-166d-4072-933c-0fa27d5a9c8c,1.7773434072272852e+18
7b2ef3c7-166d-4072-933c-0fa27d5a9c8c,1.7773434072606272e+18
7b2ef3c7-166d-4072-933c-0fa27d5a9c8c,1.7773434072939692e+18
7b2ef3c7-166d-4072-933c-0fa27d5a9c8c,1.7773434073273124e+18
7b2ef3c7-166d-4072-933c-0fa27d5a9c8c,1.7773434073606543e+18
7b2ef3c7-166d-4072-933c-0fa27d5a9c8c,1.7773434073939973e+18
7b2ef3c7-166d-4072-933c-0fa27d5a9c8c,1.7773434074273393e+18
7b2ef3c7-166d-4072-933c-0fa27d5a9c8c,1.7773434074606822e+18
7b2ef3c7-166d-4072-933c-0fa27d5a9c8c,1.7773434074940242e+18
7b2ef3c7-166d-4072-933c-0fa27d5a9c8c,1.7773434075273672e+18
7b2ef3c7-166d-4072-933c-0fa27d5a9c8c,1.7773434075607094e+18
7b2ef3c7-166d-4072-933c-0fa27d5a9c8c,1.7773434075940513e+18
7b2ef3c7-166d-4072-933c-0fa27d5a9c8c,1.7773434076273943e+18
7b2ef3c7-166d-4072-933c-0fa27d5a9c8c,1.7773434076607363e+18
7b2ef3c7-166d-4072-933c-0fa27d5a9c8c,1.7773434076940792e+18
7b2ef3c7-166d-4072-933c-0fa27d5a9c8c,1.7773434077274212e+18
7b2ef3c7-166d-4072-933c-0fa27d5a9c8c,1.7773434077607642e+18
7b2ef3c7-166d-4072-933c-0fa27d5a9c8c,1.7773434077941064e+18
7b2ef3c7-166d-4072-933c-0fa27d5a9c8c,1.7773434078274493e+18
7b2ef3c7-166d-4072-933c-0fa27d5a9c8c,1.7773434078607913e+18
7b2ef3c7-166d-4072-933c-0fa27d5a9c8c,1.7773434078941343e+18
7b2ef3c7-166d-4072-933c-0fa27d5a9c8c,1.7773434079274762e+18
7b2ef3c7-166d-4072-933c-0fa27d5a9c8c,1.7773434079608182e+18
7b2ef3c7-166d-4072-933c-0fa27d5a9c8c,1.7773434079941612e+18
7b2ef3c7-166d-4072-933c-0fa27d5a9c8c,1.7773434080275034e+18
7b2ef3c7-166d-4072-933c-0fa27d5a9c8c,1.7773434080608463e+18
7b2ef3c7-166d-4072-933c-0fa27d5a9c8c,1.7773434080941883e+18
7b2ef3c7-166d-4072-933c-0fa27d5a9c8c,1.7773434081275313e+18
7b2ef3c7-166d-4072-933c-0fa27d5a9c8c,1.7773434081608732e+18
7b2ef3c7-166d-4072-933c-0fa27d5a9c8c,1.7773434081942162e+18
7b2ef3c7-166d-4072-933c-0fa27d5a9c8c,1.7773434082275581e+18
7b2ef3c7-166d-4072-933c-0fa27d5a9c8c,1.7773434082609004e+18
7b2ef3c7-166d-4072-933c-0fa27d5a9c8c,1.7773434082942433e+18
7b2ef3c7-166d-4072-933c-0fa27d5a9c8c,1.7773434083275853e+18
7b2ef3c7-166d-4072-933c-0fa27d5a9c8c,1.7773434083609283e+18
7b2ef3c7-166d-4072-933c-0fa27d5a9c8c,1.7773434083942702e+18
7b2ef3c7-166d-4072-933c-0fa27d5a9c8c,1.7773434084276132e+18
7b2ef3c7-166d-4072-933c-0fa27d5a9c8c,1.7773434084609554e+18
7b2ef3c7-166d-4072-933c-0fa27d5a9c8c,1.7773434084942984e+18
7b2ef3c7-166d-4072-933c-0fa27d5a9c8c,1.7773434085276403e+18
7b2ef3c7-166d-4072-933c-0fa27d5a9c8c,1.7773434085609823e+18
7b2ef3c7-166d-4072-933c-0fa27d5a9c8c,1.7773434085943252e+18
7b2ef3c7-166d-4072-933c-0fa27d5a9c8c,1.7773434086276672e+18
7b2ef3c7-166d-4072-933c-0fa27d5a9c8c,1.7773434086610102e+18
7b2ef3c7-166d-4072-933c-0fa27d5a9c8c,1.7773434086943524e+18
7b2ef3c7-166d-4072-933c-0fa27d5a9c8c,1.7773434087276954e+18
7b2ef3c7-166d-4072-933c-0fa27d5a9c8c,1.7773434087610373e+18
7b2ef3c7-166d-4072-933c-0fa27d5a9c8c,1.7773434087943803e+18
7b2ef3c7-166d-4072-933c-0fa27d5a9c8c,1.7773434088277222e+18
7b2ef3c7-166d-4072-933c-0fa27d5a9c8c,1.7773434088610642e+18
7b2ef3c7-166d-4072-933c-0fa27d5a9c8c,1.7773434088944072e+18
7b2ef3c7-166d-4072-933c-0fa27d5a9c8c,1.7773434089277494e+18
7b2ef3c7-166d-4072-933c-0fa27d5a9c8c,1.7773434089610924e+18
7b2ef3c7-166d-4072-933c-0fa27d5a9c8c,1.7773434089944343e+18
7b2ef3c7-166d-4072-933c-0fa27d5a9c8c,1.7773434090277773e+18
7b2ef3c7-166d-4072-933c-0fa27d5a9c8c,1.7773434090611192e+18
7b2ef3c7-166d-4072-933c-0fa27d5a9c8c,1.7773434090944622e+18
7b2ef3c7-166d-4072-933c-0fa27d5a9c8c,1.7773434091278042e+18
7b2ef3c7-166d-4072-933c-0fa27d5a9c8c,1.7773434091611464e+18
7b2ef3c7-166d-4072-933c-0fa27d5a9c8c,1.7773434091944893e+18
7b2ef3c7-166d-4072-933c-0fa27d5a9c8c,1.7773434092278313e+18
7b2ef3c7-166d-4072-933c-0fa27d5a9c8c,1.7773434092611743e+18
7b2ef3c7-166d-4072-933c-0fa27d5a9c8c,1.7773434092945162e+18
7b2ef3c7-166d-4072-933c-0fa27d5a9c8c,1.7773434093278592e+18
7b2ef3c7-166d-4072-933c-0fa27d5a9c8c,1.7773434093612012e+18
7b2ef3c7-166d-4072-933c-0fa27d5a9c8c,1.7773434093945444e+18
7b2ef3c7-166d-4072-933c-0fa27d5a9c8c,1.7773434094278863e+18
7b2ef3c7-166d-4072-933c-0fa27d5a9c8c,1.7773434094612283e+18
7b2ef3c7-166d-4072-933c-0fa27d5a9c8c,1.7773434094945713e+18
7b2ef3c7-166d-4072-933c-0fa27d5a9c8c,1.7773434095279132e+18
7b2ef3c7-166d-4072-933c-0fa27d5a9c8c,1.7773434095612562e+18
7b2ef3c7-166d-4072-933c-0fa27d5a9c8c,1.7773434095945981e+18
7b2ef3c7-166d-4072-933c-0fa27d5a9c8c,1.7773434096279414e+18
7b2ef3c7-166d-4072-933c-0fa27d5a9c8c,1.7773434096612833e+18
7b2ef3c7-166d-4072-933c-0fa27d5a9c8c,1.7773434096946263e+18
7b2ef3c7-166d-4072-933c-0fa27d5a9c8c,1.7773434097279683e+18
7b2ef3c7-166d-4072-933c-0fa27d5a9c8c,1.7773434097613112e+18
7b2ef3c7-166d-4072-933c-0fa27d5a9c8c,1.7773434097946532e+18
7b2ef3c7-166d-4072-933c-0fa27d5a9c8c,1.7773434098279954e+18
7b2ef3c7-166d-4072-933c-0fa27d5a9c8c,1.7773434098613384e+18
7b2ef3c7-166d-4072-933c-0fa27d5a9c8c,1.7773434098946803e+18
7b2ef3c7-166d-4072-933c-0fa27d5a9c8c,1.7773434099280233e+18
7b2ef3c7-166d-4072-933c-0fa27d5a9c8c,1.7773434099613652e+18
7b2ef3c7-166d-4072-933c-0fa27d5a9c8c,1.7773434099947082e+18
7b2ef3c7-166d-4072-933c-0fa27d5a9c8c,1.7773434100280502e+18
7b2ef3c7-166d-4072-933c-0fa27d5a9c8c,1.7773434100613932e+18
7b2ef3c7-166d-4072-933c-0fa27d5a9c8c,1.7773434100947354e+18
7b2ef3c7-166d-4072-933c-0fa27d5a9c8c,1.7773434101280773e+18
7b2ef3c7-166d-4072-933c-0fa27d5a9c8c,1.7773434101614203e+18
7b2ef3c7-166d-4072-933c-0fa27d5a9c8c,1.7773434101947622e+18
7b2ef3c7-166d-4072-933c-0fa27d5a9c8c,1.7773434102281052e+18
7b2ef3c7-166d-4072-933c-0fa27d5a9c8c,1.7773434102614472e+18
7b2ef3c7-166d-4072-933c-0fa27d5a9c8c,1.7773434102947901e+18
7b2ef3c7-166d-4072-933c-0fa27d5a9c8c,1.7773434103281324e+18
7b2ef3c7-166d-4072-933c-0fa27d5a9c8c,1.7773434103614753e+18
7b2ef3c7-166d-4072-933c-0fa27d5a9c8c,1.7773434103948173e+18
7b2ef3c7-166d-4072-933c-0fa27d5a9c8c,1.7773434104281592e+18
7b2ef3c7-166d-4072-933c-0fa27d5a9c8c,1.7773434104615022e+18
7b2ef3c7-166d-4072-933c-0fa27d5a9c8c,1.7773434104948442e+18
7b2ef3c7-166d-4072-933c-0fa27d5a9c8c,1.7773434105281874e+18
7b2ef3c7-166d-4072-933c-0fa27d5a9c8c,1.7773434105615293e+18
7b2ef3c7-166d-4072-933c-0fa27d5a9c8c,1.7773434105948723e+18
7b2ef3c7-166d-4072-933c-0fa27d5a9c8c,1.7773434106282143e+18
7b2ef3c7-166d-4072-933c-0fa27d5a9c8c,1.7773434106615572e+18
7b2ef3c7-166d-4072-933c-0fa27d5a9c8c,1.7773434106948992e+18
7b2ef3c7-166d-4072-933c-0fa27d5a9c8c,1.7773434107282422e+18
7b2ef3c7-166d-4072-933c-0fa27d5a9c8c,1.7773434107615844e+18
7b2ef3c7-166d-4072-933c-0fa27d5a9c8c,1.7773434107949263e+18
7b2ef3c7-166d-4072-933c-0fa27d5a9c8c,1.7773434108282693e+18
7b2ef3c7-166d-4072-933c-0fa27d5a9c8c,1.7773434108616113e+18
7b2ef3c7-166d-4072-933c-0fa27d5a9c8c,1.7773434108949542e+18
7b2ef3c7-166d-4072-933c-0fa27d5a9c8c,1.7773434109282962e+18
7b2ef3c7-166d-4072-933c-0fa27d5a9c8c,1.7773434109616392e+18
7b2ef3c7-166d-4072-933c-0fa27d5a9c8c,1.7773434109949814e+18
7b2ef3c7-166d-4072-933c-0fa27d5a9c8c,1.7773434110283244e+18
7b2ef3c7-166d-4072-933c-0fa27d5a9c8c,1.7773434110616663e+18
7b2ef3c7-166d-4072-933c-0fa27d5a9c8c,1.7773434110950083e+18
7b2ef3c7-166d-4072-933c-0fa27d5a9c8c,1.7773434111283512e+18
7b2ef3c7-166d-4072-933c-0fa27d5a9c8c,1.7773434111616932e+18
7b2ef3c7-166d-4072-933c-0fa27d5a9c8c,1.7773434111950362e+18
7b2ef3c7-166d-4072-933c-0fa27d5a9c8c,1.7773434112283784e+18
7b2ef3c7-166d-4072-933c-0fa27d5a9c8c,1.7773434112617213e+18
7b2ef3c7-166d-4072-933c-0fa27d5a9c8c,1.7773434112950633e+18
7b2ef3c7-166d-4072-933c-0fa27d5a9c8c,1.7773434113284063e+18
7b2ef3c7-166d-4072-933c-0fa27d5a9c8c,1.7773434113617482e+18
7b2ef3c7-166d-4072-933c-0fa27d5a9c8c,1.7773434113950902e+18
7b2ef3c7-166d-4072-933c-0fa27d5a9c8c,1.7773434114284332e+18
7b2ef3c7-166d-4072-933c-0fa27d5a9c8c,1.7773434114617754e+18
7b2ef3c7-166d-4072-933c-0fa27d5a9c8c,1.7773434114951183e+18
7b2ef3c7-166d-4072-933c-0fa27d5a9c8c,1.7773434115284603e+18
7b2ef3c7-166d-4072-933c-0fa27d5a9c8c,1.7773434115618033e+18
7b2ef3c7-166d-4072-933c-0fa27d5a9c8c,1.7773434115951452e+18
7b2ef3c7-166d-4072-933c-0fa27d5a9c8c,1.7773434116284882e+18
7b2ef3c7-166d-4072-933c-0fa27d5a9c8c,1.7773434116618301e+18
7b2ef3c7-166d-4072-933c-0fa27d5a9c8c,1.7773434116951724e+18
7b2ef3c7-166d-4072-933c-0fa27d5a9c8c,1.7773434117285153e+18
7b2ef3c7-166d-4072-933c-0fa27d5a9c8c,1.7773434117618573e+18
7b2ef3c7-166d-4072-933c-0fa27d5a9c8c,1.7773434117952003e+18
7b2ef3c7-166d-4072-933c-0fa27d5a9c8c,1.7773434118285422e+18
7b2ef3c7-166d-4072-933c-0fa27d5a9c8c,1.7773434118618852e+18
7b2ef3c7-166d-4072-933c-0fa27d5a9c8c,1.7773434118952274e+18
7b2ef3c7-166d-4072-933c-0fa27d5a9c8c,1.7773434119285704e+18
7b2ef3c7-166d-4072-933c-0fa27d5a9c8c,1.7773434119619123e+18
7b2ef3c7-166d-4072-933c-0fa27d5a9c8c,1.7773434119952543e+18
7b2ef3c7-166d-4072-933c-0fa27d5a9c8c,1.7773434120285972e+18
7b2ef3c7-166d-4072-933c-0fa27d5a9c8c,1.7773434120619392e+18
7b2ef3c7-166d-4072-933c-0fa27d5a9c8c,1.7773434120952822e+18
7b2ef3c7-166d-4072-933c-0fa27d5a9c8c,1.7773434121286244e+18
7b2ef3c7-166d-4072-933c-0fa27d5a9c8c,1.7773434121619674e+18
7b2ef3c7-166d-4072-933c-0fa27d5a9c8c,1.7773434121953093e+18
7b2ef3c7-166d-4072-933c-0fa27d5a9c8c,1.7773434122286523e+18
7b2ef3c7-166d-4072-933c-0fa27d5a9c8c,1.7773434122619942e+18
7b2ef3c7-166d-4072-933c-0fa27d5a9c8c,1.7773434122953372e+18
7b2ef3c7-166d-4072-933c-0fa27d5a9c8c,1.7773434123286792e+18
7b2ef3c7-166d-4072-933c-0fa27d5a9c8c,1.7773434123620214e+18
7b2ef3c7-166d-4072-933c-0fa27d5a9c8c,1.7773434123953644e+18
7b2ef3c7-166d-4072-933c-0fa27d5a9c8c,1.7773434124287063e+18
7b2ef3c7-166d-4072-933c-0fa27d5a9c8c,1.7773434124620493e+18
7b2ef3c7-166d-4072-933c-0fa27d5a9c8c,1.7773434124953912e+18
7b2ef3c7-166d-4072-933c-0fa27d5a9c8c,1.7773434125287342e+18
7b2ef3c7-166d-4072-933c-0fa27d5a9c8c,1.7773434125620762e+18
7b2ef3c7-166d-4072-933c-0fa27d5a9c8c,1.7773434125954194e+18
7b2ef3c7-166d-4072-933c-0fa27d5a9c8c,1.7773434126287613e+18
7b2ef3c7-166d-4072-933c-0fa27d5a9c8c,1.7773434126621033e+18
7b2ef3c7-166d-4072-933c-0fa27d5a9c8c,1.7773434126954463e+18
7b2ef3c7-166d-4072-933c-0fa27d5a9c8c,1.7773434127287882e+18
7b2ef3c7-166d-4072-933c-0fa27d5a9c8c,1.7773434127621312e+18
7b2ef3c7-166d-4072-933c-0fa27d5a9c8c,1.7773434127954732e+18
7b2ef3c7-166d-4072-933c-0fa27d5a9c8c,1.7773434128288164e+18
7b2ef3c7-166d-4072-933c-0fa27d5a9c8c,1.7773434128621583e+18
7b2ef3c7-166d-4072-933c-0fa27d5a9c8c,1.7773434128955013e+18
7b2ef3c7-166d-4072-933c-0fa27d5a9c8c,1.7773434129288433e+18
7b2ef3c7-166d-4072-933c-0fa27d5a9c8c,1.7773434129621852e+18
7b2ef3c7-166d-4072-933c-0fa27d5a9c8c,1.7773434129955282e+18
7b2ef3c7-166d-4072-933c-0fa27d5a9c8c,1.7773434130288701e+18
7b2ef3c7-166d-4072-933c-0fa27d5a9c8c,1.7773434130622134e+18
7b2ef3c7-166d-4072-933c-0fa27d5a9c8c,1.7773434130955553e+18
7b2ef3c7-166d-4072-933c-0fa27d5a9c8c,1.7773434131288983e+18
7b2ef3c7-166d-4072-933c-0fa27d5a9c8c,1.7773434131622403e+18
7b2ef3c7-166d-4072-933c-0fa27d5a9c8c,1.7773434131955832e+18
7b2ef3c7-166d-4072-933c-0fa27d5a9c8c,1.7773434132289252e+18
7b2ef3c7-166d-4072-933c-0fa27d5a9c8c,1.7773434132622674e+18
7b2ef3c7-166d-4072-933c-0fa27d5a9c8c,1.7773434132956104e+18
7b2ef3c7-166d-4072-933c-0fa27d5a9c8c,1.7773434133289523e+18
7b2ef3c7-166d-4072-933c-0fa27d5a9c8c,1.7773434133622953e+18
7b2ef3c7-166d-4072-933c-0fa27d5a9c8c,1.7773434133956372e+18
7b2ef3c7-166d-4072-933c-0fa27d5a9c8c,1.7773434134289802e+18
7b2ef3c7-166d-4072-933c-0fa27d5a9c8c,1.7773434134623222e+18
7b2ef3c7-166d-4072-933c-0fa27d5a9c8c,1.7773434134956652e+18
7b2ef3c7-166d-4072-933c-0fa27d5a9c8c,1.7773434135290074e+18
7b2ef3c7-166d-4072-933c-0fa27d5a9c8c,1.7773434135623493e+18
7b2ef3c7-166d-4072-933c-0fa27d5a9c8c,1.7773434135956923e+18
7b2ef3c7-166d-4072-933c-0fa27d5a9c8c,1.7773434136290342e+18
7b2ef3c7-166d-4072-933c-0fa27d5a9c8c,1.7773434136623772e+18
7b2ef3c7-166d-4072-933c-0fa27d5a9c8c,1.7773434136957192e+18
7b2ef3c7-166d-4072-933c-0fa27d5a9c8c,1.7773434137290621e+18
7b2ef3c7-166d-4072-933c-0fa27d5a9c8c,1.7773434137624044e+18
7b2ef3c7-166d-4072-933c-0fa27d5a9c8c,1.7773434137957473e+18
7b2ef3c7-166d-4072-933c-0fa27d5a9c8c,1.7773434138290893e+18
7b2ef3c7-166d-4072-933c-0fa27d5a9c8c,1.7773434138624312e+18
7b2ef3c7-166d-4072-933c-0fa27d5a9c8c,1.7773434138957742e+18
7b2ef3c7-166d-4072-933c-0fa27d5a9c8c,1.7773434139291162e+18
7b2ef3c7-166d-4072-933c-0fa27d5a9c8c,1.7773434139624594e+18
7b2ef3c7-166d-4072-933c-0fa27d5a9c8c,1.7773434139958013e+18
7b2ef3c7-166d-4072-933c-0fa27d5a9c8c,1.7773434140291443e+18
7b2ef3c7-166d-4072-933c-0fa27d5a9c8c,1.7773434140624863e+18
7b2ef3c7-166d-4072-933c-0fa27d5a9c8c,1.7773434140958292e+18
7b2ef3c7-166d-4072-933c-0fa27d5a9c8c,1.7773434141291712e+18
7b2ef3c7-166d-4072-933c-0fa27d5a9c8c,1.7773434141625142e+18
7b2ef3c7-166d-4072-933c-0fa27d5a9c8c,1.7773434141958564e+18
7b2ef3c7-166d-4072-933c-0fa27d5a9c8c,1.7773434142291983e+18
7b2ef3c7-166d-4072-933c-0fa27d5a9c8c,1.7773434142625413e+18
7b2ef3c7-166d-4072-933c-0fa27d5a9c8c,1.7773434142958833e+18
7b2ef3c7-166d-4072-933c-0fa27d5a9c8c,1.7773434143292262e+18
7b2ef3c7-166d-4072-933c-0fa27d5a9c8c,1.7773434143625682e+18
7b2ef3c7-166d-4072-933c-0fa27d5a9c8c,1.7773434143959112e+18
7b2ef3c7-166d-4072-933c-0fa27d5a9c8c,1.7773434144292534e+18
7b2ef3c7-166d-4072-933c-0fa27d5a9c8c,1.7773434144625964e+18
7b2ef3c7-166d-4072-933c-0fa27d5a9c8c,1.7773434144959383e+18
7b2ef3c7-166d-4072-933c-0fa27d5a9c8c,1.7773434145292803e+18
7b2ef3c7-166d-4072-933c-0fa27d5a9c8c,1.7773434145626232e+18
7b2ef3c7-166d-4072-933c-0fa27d5a9c8c,1.7773434145959652e+18
7b2ef3c7-166d-4072-933c-0fa27d5a9c8c,1.7773434146293082e+18
7b2ef3c7-166d-4072-933c-0fa27d5a9c8c,1.7773434146626504e+18
7b2ef3c7-166d-4072-933c-0fa27d5a9c8c,1.7773434146959933e+18
7b2ef3c7-166d-4072-933c-0fa27d5a9c8c,1.7773434147293353e+18
7b2ef3c7-166d-4072-933c-0fa27d5a9c8c,1.7773434147626783e+18
7b2ef3c7-166d-4072-933c-0fa27d5a9c8c,1.7773434147960202e+18
7b2ef3c7-166d-4072-933c-0fa27d5a9c8c,1.7773434148293622e+18
7b2ef3c7-166d-4072-933c-0fa27d5a9c8c,1.7773434148627052e+18
7b2ef3c7-166d-4072-933c-0fa27d5a9c8c,1.7773434148960474e+18
7b2ef3c7-166d-4072-933c-0fa27d5a9c8c,1.7773434149293903e+18
7b2ef3c7-166d-4072-933c-0fa27d5a9c8c,1.7773434149627323e+18
7b2ef3c7-166d-4072-933c-0fa27d5a9c8c,1.7773434149960753e+18
7b2ef3c7-166d-4072-933c-0fa27d5a9c8c,1.7773434150294172e+18
7b2ef3c7-166d-4072-933c-0fa27d5a9c8c,1.7773434150627602e+18
7b2ef3c7-166d-4072-933c-0fa27d5a9c8c,1.7773434150961021e+18
7b2ef3c7-166d-4072-933c-0fa27d5a9c8c,1.7773434151294444e+18
7b2ef3c7-166d-4072-933c-0fa27d5a9c8c,1.7773434151627873e+18
7b2ef3c7-166d-4072-933c-0fa27d5a9c8c,1.7773434151961293e+18
7b2ef3c7-166d-4072-933c-0fa27d5a9c8c,1.7773434152294723e+18
7b2ef3c7-166d-4072-933c-0fa27d5a9c8c,1.7773434152628142e+18
7b2ef3c7-166d-4072-933c-0fa27d5a9c8c,1.7773434152961572e+18
7b2ef3c7-166d-4072-933c-0fa27d5a9c8c,1.7773434153294994e+18
7b2ef3c7-166d-4072-933c-0fa27d5a9c8c,1.7773434153628424e+18
7b2ef3c7-166d-4072-933c-0fa27d5a9c8c,1.7773434153961843e+18
7b2ef3c7-166d-4072-933c-0fa27d5a9c8c,1.7773434154295263e+18
7b2ef3c7-166d-4072-933c-0fa27d5a9c8c,1.7773434154628692e+18
7b2ef3c7-166d-4072-933c-0fa27d5a9c8c,1.7773434154962112e+18
7b2ef3c7-166d-4072-933c-0fa27d5a9c8c,1.7773434155295542e+18
7b2ef3c7-166d-4072-933c-0fa27d5a9c8c,1.7773434155628964e+18
7b2ef3c7-166d-4072-933c-0fa27d5a9c8c,1.7773434155962394e+18
7b2ef3c7-166d-4072-933c-0fa27d5a9c8c,1.7773434156295813e+18
7b2ef3c7-166d-4072-933c-0fa27d5a9c8c,1.7773434156629243e+18
7b2ef3c7-166d-4072-933c-0fa27d5a9c8c,1.7773434156962662e+18
7b2ef3c7-166d-4072-933c-0fa27d5a9c8c,1.7773434157296082e+18
7b2ef3c7-166d-4072-933c-0fa27d5a9c8c,1.7773434157629512e+18
7b2ef3c7-166d-4072-933c-0fa27d5a9c8c,1.7773434157962934e+18
7b2ef3c7-166d-4072-933c-0fa27d5a9c8c,1.7773434158296364e+18
7b2ef3c7-166d-4072-933c-0fa27d5a9c8c,1.7773434158629783e+18
7b2ef3c7-166d-4072-933c-0fa27d5a9c8c,1.7773434158963213e+18
7b2ef3c7-166d-4072-933c-0fa27d5a9c8c,1.7773434159296632e+18
7b2ef3c7-166d-4072-933c-0fa27d5a9c8c,1.7773434159630062e+18
7b2ef3c7-166d-4072-933c-0fa27d5a9c8c,1.7773434159963482e+18
7b2ef3c7-166d-4072-933c-0fa27d5a9c8c,1.7773434160296914e+18
7b2ef3c7-166d-4072-933c-0fa27d5a9c8c,1.7773434160630333e+18
7b2ef3c7-166d-4072-933c-0fa27d5a9c8c,1.7773434160963753e+18
7b2ef3c7-166d-4072-933c-0fa27d5a9c8c,1.7773434161297183e+18
7b2ef3c7-166d-4072-933c-0fa27d5a9c8c,1.7773434161630602e+18
7b2ef3c7-166d-4072-933c-0fa27d5a9c8c,1.7773434161964032e+18
7b2ef3c7-166d-4072-933c-0fa27d5a9c8c,1.7773434162297452e+18
7b2ef3c7-166d-4072-933c-0fa27d5a9c8c,1.7773434162630884e+18
7b2ef3c7-166d-4072-933c-0fa27d5a9c8c,1.7773434162964303e+18
7b2ef3c7-166d-4072-933c-0fa27d5a9c8c,1.7773434163297733e+18
7b2ef3c7-166d-4072-933c-0fa27d5a9c8c,1.7773434163631153e+18
7b2ef3c7-166d-4072-933c-0fa27d5a9c8c,1.7773434163964572e+18
7b2ef3c7-166d-4072-933c-0fa27d5a9c8c,1.7773434164298002e+18
7b2ef3c7-166d-4072-933c-0fa27d5a9c8c,1.7773434164631421e+18
7b2ef3c7-166d-4072-933c-0fa27d5a9c8c,1.7773434164964854e+18
7b2ef3c7-166d-4072-933c-0fa27d5a9c8c,1.7773434165298273e+18
7b2ef3c7-166d-4072-933c-0fa27d5a9c8c,1.7773434165631703e+18
7b2ef3c7-166d-4072-933c-0fa27d5a9c8c,1.7773434165965123e+18
7b2ef3c7-166d-4072-933c-0fa27d5a9c8c,1.7773434166298552e+18
7b2ef3c7-166d-4072-933c-0fa27d5a9c8c,1.7773434166631972e+18
7b2ef3c7-166d-4072-933c-0fa27d5a9c8c,1.7773434166965394e+18
7b2ef3c7-166d-4072-933c-0fa27d5a9c8c,1.7773434167298824e+18
7b2ef3c7-166d-4072-933c-0fa27d5a9c8c,1.7773434167632243e+18
7b2ef3c7-166d-4072-933c-0fa27d5a9c8c,1.7773434167965673e+18
7b2ef3c7-166d-4072-933c-0fa27d5a9c8c,1.7773434168299092e+18
7b2ef3c7-166d-4072-933c-0fa27d5a9c8c,1.7773434168632522e+18
7b2ef3c7-166d-4072-933c-0fa27d5a9c8c,1.7773434168965942e+18
7b2ef3c7-166d-4072-933c-0fa27d5a9c8c,1.7773434169299372e+18
7b2ef3c7-166d-4072-933c-0fa27d5a9c8c,1.7773434169632794e+18
7b2ef3c7-166d-4072-933c-0fa27d5a9c8c,1.7773434169966213e+18
7b2ef3c7-166d-4072-933c-0fa27d5a9c8c,1.7773434170299643e+18
7b2ef3c7-166d-4072-933c-0fa27d5a9c8c,1.7773434170633062e+18
7b2ef3c7-166d-4072-933c-0fa27d5a9c8c,1.7773434170966492e+18
7b2ef3c7-166d-4072-933c-0fa27d5a9c8c,1.7773434171299912e+18
7b2ef3c7-166d-4072-933c-0fa27d5a9c8c,1.7773434171633341e+18
7b2ef3c7-166d-4072-933c-0fa27d5a9c8c,1.7773434171966764e+18
7b2ef3c7-166d-4072-933c-0fa27d5a9c8c,1.7773434172300193e+18
7b2ef3c7-166d-4072-933c-0fa27d5a9c8c,1.7773434172633613e+18
7b2ef3c7-166d-4072-933c-0fa27d5a9c8c,1.7773434172967032e+18
7b2ef3c7-166d-4072-933c-0fa27d5a9c8c,1.7773434173300462e+18
7b2ef3c7-166d-4072-933c-0fa27d5a9c8c,1.7773434173633882e+18
7b2ef3c7-166d-4072-933c-0fa27d5a9c8c,1.7773434173967314e+18
7b2ef3c7-166d-4072-933c-0fa27d5a9c8c,1.7773434174300733e+18
7b2ef3c7-166d-4072-933c-0fa27d5a9c8c,1.7773434174634163e+18
7b2ef3c7-166d-4072-933c-0fa27d5a9c8c,1.7773434174967583e+18
7b2ef3c7-166d-4072-933c-0fa27d5a9c8c,1.7773434175301012e+18
7b2ef3c7-166d-4072-933c-0fa27d5a9c8c,1.7773434175634432e+18
7b2ef3c7-166d-4072-933c-0fa27d5a9c8c,1.7773434175967852e+18
7b2ef3c7-166d-4072-933c-0fa27d5a9c8c,1.7773434176301284e+18
7b2ef3c7-166d-4072-933c-0fa27d5a9c8c,1.7773434176634703e+18
7b2ef3c7-166d-4072-933c-0fa27d5a9c8c,1.7773434176968133e+18
7b2ef3c7-166d-4072-933c-0fa27d5a9c8c,1.7773434177301553e+18
7b2ef3c7-166d-4072-933c-0fa27d5a9c8c,1.7773434177634982e+18
7b2ef3c7-166d-4072-933c-0fa27d5a9c8c,1.7773434177968402e+18
7b2ef3c7-166d-4072-933c-0fa27d5a9c8c,1.7773434178301832e+18
7b2ef3c7-166d-4072-933c-0fa27d5a9c8c,1.7773434178635254e+18
7b2ef3c7-166d-4072-933c-0fa27d5a9c8c,1.7773434178968684e+18
7b2ef3c7-166d-4072-933c-0fa27d5a9c8c,1.7773434179302103e+18
7b2ef3c7-166d-4072-933c-0fa27d5a9c8c,1.7773434179635523e+18
7b2ef3c7-166d-4072-933c-0fa27d5a9c8c,1.7773434179968952e+18
7b2ef3c7-166d-4072-933c-0fa27d5a9c8c,1.7773434180302372e+18
7b2ef3c7-166d-4072-933c-0fa27d5a9c8c,1.7773434180635802e+18
7b2ef3c7-166d-4072-933c-0fa27d5a9c8c,1.7773434180969224e+18
7b2ef3c7-166d-4072-933c-0fa27d5a9c8c,1.7773434181302653e+18
7b2ef3c7-166d-4072-933c-0fa27d5a9c8c,1.7773434181636073e+18
7b2ef3c7-166d-4072-933c-0fa27d5a9c8c,1.7773434181969503e+18
7b2ef3c7-166d-4072-933c-0fa27d5a9c8c,1.7773434182302922e+18
7b2ef3c7-166d-4072-933c-0fa27d5a9c8c,1.7773434182636342e+18
7b2ef3c7-166d-4072-933c-0fa27d5a9c8c,1.7773434182969772e+18
7b2ef3c7-166d-4072-933c-0fa27d5a9c8c,1.7773434183303194e+18
7b2ef3c7-166d-4072-933c-0fa27d5a9c8c,1.7773434183636623e+18
7b2ef3c7-166d-4072-933c-0fa27d5a9c8c,1.7773434183970043e+18
7b2ef3c7-166d-4072-933c-0fa27d5a9c8c,1.7773434184303473e+18
7b2ef3c7-166d-4072-933c-0fa27d5a9c8c,1.7773434184636892e+18
7b2ef3c7-166d-4072-933c-0fa27d5a9c8c,1.7773434184970322e+18
7b2ef3c7-166d-4072-933c-0fa27d5a9c8c,1.7773434185303741e+18
7b2ef3c7-166d-4072-933c-0fa27d5a9c8c,1.7773434185637164e+18
7b2ef3c7-166d-4072-933c-0fa27d5a9c8c,1.7773434185970593e+18
7b2ef3c7-166d-4072-933c-0fa27d5a9c8c,1.7773434186304013e+18
7b2ef3c7-166d-4072-933c-0fa27d5a9c8c,1.7773434186637443e+18
7b2ef3c7-166d-4072-933c-0fa27d5a9c8c,1.7773434186970862e+18
7b2ef3c7-166d-4072-933c-0fa27d5a9c8c,1.7773434187304292e+18
7b2ef3c7-166d-4072-933c-0fa27d5a9c8c,1.7773434187637714e+18
7b2ef3c7-166d-4072-933c-0fa27d5a9c8c,1.7773434187971144e+18
7b2ef3c7-166d-4072-933c-0fa27d5a9c8c,1.7773434188304563e+18
7b2ef3c7-166d-4072-933c-0fa27d5a9c8c,1.7773434188637983e+18
7b2ef3c7-166d-4072-933c-0fa27d5a9c8c,1.7773434188971412e+18
7b2ef3c7-166d-4072-933c-0fa27d5a9c8c,1.7773434189304832e+18
7b2ef3c7-166d-4072-933c-0fa27d5a9c8c,1.7773434189638262e+18
7b2ef3c7-166d-4072-933c-0fa27d5a9c8c,1.7773434189971684e+18
7b2ef3c7-166d-4072-933c-0fa27d5a9c8c,1.7773434190305114e+18
7b2ef3c7-166d-4072-933c-0fa27d5a9c8c,1.7773434190638533e+18
7b2ef3c7-166d-4072-933c-0fa27d5a9c8c,1.7773434190971963e+18
7b2ef3c7-166d-4072-933c-0fa27d5a9c8c,1.7773434191305382e+18
7b2ef3c7-166d-4072-933c-0fa27d5a9c8c,1.7773434191638802e+18
7b2ef3c7-166d-4072-933c-0fa27d5a9c8c,1.7773434191972232e+18
7b2ef3c7-166d-4072-933c-0fa27d5a9c8c,1.7773434192305654e+18
7b2ef3c7-166d-4072-933c-0fa27d5a9c8c,1.7773434192639084e+18
7b2ef3c7-166d-4072-933c-0fa27d5a9c8c,1.7773434192972503e+18
7b2ef3c7-166d-4072-933c-0fa27d5a9c8c,1.7773434193305933e+18
7b2ef3c7-166d-4072-933c-0fa27d5a9c8c,1.7773434193639352e+18
7b2ef3c7-166d-4072-933c-0fa27d5a9c8c,1.7773434193972782e+18
7b2ef3c7-166d-4072-933c-0fa27d5a9c8c,1.7773434194306202e+18
7b2ef3c7-166d-4072-933c-0fa27d5a9c8c,1.7773434194639624e+18
7b2ef3c7-166d-4072-933c-0fa27d5a9c8c,1.7773434194973053e+18
7b2ef3c7-166d-4072-933c-0fa27d5a9c8c,1.7773434195306473e+18
7b2ef3c7-166d-4072-933c-0fa27d5a9c8c,1.7773434195639903e+18
7b2ef3c7-166d-4072-933c-0fa27d5a9c8c,1.7773434195973322e+18
7b2ef3c7-166d-4072-933c-0fa27d5a9c8c,1.7773434196306752e+18
7b2ef3c7-166d-4072-933c-0fa27d5a9c8c,1.7773434196640172e+18
7b2ef3c7-166d-4072-933c-0fa27d5a9c8c,1.7773434196973604e+18
7b2ef3c7-166d-4072-933c-0fa27d5a9c8c,1.7773434197307023e+18
7b2ef3c7-166d-4072-933c-0fa27d5a9c8c,1.7773434197640453e+18
7b2ef3c7-166d-4072-933c-0fa27d5a9c8c,1.7773434197973873e+18
7b2ef3c7-166d-4072-933c-0fa27d5a9c8c,1.7773434198307292e+18
7b2ef3c7-166d-4072-933c-0fa27d5a9c8c,1.7773434198640722e+18
7b2ef3c7-166d-4072-933c-0fa27d5a9c8c,1.7773434198974141e+18
7b2ef3c7-166d-4072-933c-0fa27d5a9c8c,1.7773434199307574e+18
7b2ef3c7-166d-4072-933c-0fa27d5a9c8c,1.7773434199640993e+18
7b2ef3c7-166d-4072-933c-0fa27d5a9c8c,1.7773434199974423e+18
7b2ef3c7-166d-4072-933c-0fa27d5a9c8c,1.7773434200307843e+18
7b2ef3c7-166d-4072-933c-0fa27d5a9c8c,1.7773434200641272e+18
7b2ef3c7-166d-4072-933c-0fa27d5a9c8c,1.7773434200974692e+18
7b2ef3c7-166d-4072-933c-0fa27d5a9c8c,1.7773434201308114e+18
7b2ef3c7-166d-4072-933c-0fa27d5a9c8c,1.7773434201641544e+18
7b2ef3c7-166d-4072-933c-0fa27d5a9c8c,1.7773434201974963e+18
7b2ef3c7-166d-4072-933c-0fa27d5a9c8c,1.7773434202308393e+18
7b2ef3c7-166d-4072-933c-0fa27d5a9c8c,1.7773434202641812e+18
7b2ef3c7-166d-4072-933c-0fa27d5a9c8c,1.7773434202975242e+18
7b2ef3c7-166d-4072-933c-0fa27d5a9c8c,1.7773434203308662e+18
7b2ef3c7-166d-4072-933c-0fa27d5a9c8c,1.7773434203642092e+18
7b2ef3c7-166d-4072-933c-0fa27d5a9c8c,1.7773434203975514e+18
7b2ef3c7-166d-4072-933c-0fa27d5a9c8c,1.7773434204308933e+18
7b2ef3c7-166d-4072-933c-0fa27d5a9c8c,1.7773434204642363e+18
7b2ef3c7-166d-4072-933c-0fa27d5a9c8c,1.7773434204975782e+18
7b2ef3c7-166d-4072-933c-0fa27d5a9c8c,1.7773434205309212e+18
7b2ef3c7-166d-4072-933c-0fa27d5a9c8c,1.7773434205642632e+18
7b2ef3c7-166d-4072-933c-0fa27d5a9c8c,1.7773434205976061e+18
7b2ef3c7-166d-4072-933c-0fa27d5a9c8c,1.7773434206309484e+18
7b2ef3c7-166d-4072-933c-0fa27d5a9c8c,1.7773434206642913e+18
7b2ef3c7-166d-4072-933c-0fa27d5a9c8c,1.7773434206976333e+18
7b2ef3c7-166d-4072-933c-0fa27d5a9c8c,1.7773434207309752e+18
7b2ef3c7-166d-4072-933c-0fa27d5a9c8c,1.7773434207643182e+18
7b2ef3c7-166d-4072-933c-0fa27d5a9c8c,1.7773434207976602e+18
7b2ef3c7-166d-4072-933c-0fa27d5a9c8c,1.7773434208310034e+18
7b2ef3c7-166d-4072-933c-0fa27d5a9c8c,1.7773434208643453e+18
7b2ef3c7-166d-4072-933c-0fa27d5a9c8c,1.7773434208976883e+18
7b2ef3c7-166d-4072-933c-0fa27d5a9c8c,1.7773434209310303e+18
7b2ef3c7-166d-4072-933c-0fa27d5a9c8c,1.7773434209643732e+18
7b2ef3c7-166d-4072-933c-0fa27d5a9c8c,1.7773434209977152e+18
7b2ef3c7-166d-4072-933c-0fa27d5a9c8c,1.7773434210310572e+18
7b2ef3c7-166d-4072-933c-0fa27d5a9c8c,1.7773434210644004e+18
7b2ef3c7-166d-4072-933c-0fa27d5a9c8c,1.7773434210977423e+18
7b2ef3c7-166d-4072-933c-0fa27d5a9c8c,1.7773434211310853e+18
7b2ef3c7-166d-4072-933c-0fa27d5a9c8c,1.7773434211644273e+18
7b2ef3c7-166d-4072-933c-0fa27d5a9c8c,1.7773434211977702e+18
7b2ef3c7-166d-4072-933c-0fa27d5a9c8c,1.7773434212311122e+18
7b2ef3c7-166d-4072-933c-0fa27d5a9c8c,1.7773434212644552e+18
7b2ef3c7-166d-4072-933c-0fa27d5a9c8c,1.7773434212977974e+18
7b2ef3c7-166d-4072-933c-0fa27d5a9c8c,1.7773434213311393e+18
7b2ef3c7-166d-4072-933c-0fa27d5a9c8c,1.7773434213644823e+18
7b2ef3c7-166d-4072-933c-0fa27d5a9c8c,1.7773434213978243e+18
7b2ef3c7-166d-4072-933c-0fa27d5a9c8c,1.7773434214311672e+18
7b2ef3c7-166d-4072-933c-0fa27d5a9c8c,1.7773434214645092e+18
7b2ef3c7-166d-4072-933c-0fa27d5a9c8c,1.7773434214978522e+18
7b2ef3c7-166d-4072-933c-0fa27d5a9c8c,1.7773434215311944e+18
7b2ef3c7-166d-4072-933c-0fa27d5a9c8c,1.7773434215645373e+18
7b2ef3c7-166d-4072-933c-0fa27d5a9c8c,1.7773434215978793e+18
7b2ef3c7-166d-4072-933c-0fa27d5a9c8c,1.7773434216312223e+18
7b2ef3c7-166d-4072-933c-0fa27d5a9c8c,1.7773434216645642e+18
7b2ef3c7-166d-4072-933c-0fa27d5a9c8c,1.7773434216979062e+18
7b2ef3c7-166d-4072-933c-0fa27d5a9c8c,1.7773434217312492e+18
7b2ef3c7-166d-4072-933c-0fa27d5a9c8c,1.7773434217645914e+18
7b2ef3c7-166d-4072-933c-0fa27d5a9c8c,1.7773434217979343e+18
7b2ef3c7-166d-4072-933c-0fa27d5a9c8c,1.7773434218312763e+18
7b2ef3c7-166d-4072-933c-0fa27d5a9c8c,1.7773434218646193e+18
7b2ef3c7-166d-4072-933c-0fa27d5a9c8c,1.7773434218979612e+18
7b2ef3c7-166d-4072-933c-0fa27d5a9c8c,1.7773434219313042e+18
7b2ef3c7-166d-4072-933c-0fa27d5a9c8c,1.7773434219646461e+18
7b2ef3c7-166d-4072-933c-0fa27d5a9c8c,1.7773434219979884e+18
7b2ef3c7-166d-4072-933c-0fa27d5a9c8c,1.7773434220313313e+18
7b2ef3c7-166d-4072-933c-0fa27d5a9c8c,1.7773434220646733e+18
7b2ef3c7-166d-4072-933c-0fa27d5a9c8c,1.7773434220980163e+18
7b2ef3c7-166d-4072-933c-0fa27d5a9c8c,1.7773434221313582e+18
7b2ef3c7-166d-4072-933c-0fa27d5a9c8c,1.7773434221647012e+18
7b2ef3c7-166d-4072-933c-0fa27d5a9c8c,1.7773434221980434e+18
7b2ef3c7-166d-4072-933c-0fa27d5a9c8c,1.7773434222313864e+18
7b2ef3c7-166d-4072-933c-0fa27d5a9c8c,1.7773434222647283e+18
7b2ef3c7-166d-4072-933c-0fa27d5a9c8c,1.7773434222980703e+18
7b2ef3c7-166d-4072-933c-0fa27d5a9c8c,1.7773434223314132e+18
7b2ef3c7-166d-4072-933c-0fa27d5a9c8c,1.7773434223647552e+18
7b2ef3c7-166d-4072-933c-0fa27d5a9c8c,1.7773434223980982e+18
7b2ef3c7-166d-4072-933c-0fa27d5a9c8c,1.7773434224314404e+18
7b2ef3c7-166d-4072-933c-0fa27d5a9c8c,1.7773434224647834e+18
7b2ef3c7-166d-4072-933c-0fa27d5a9c8c,1.7773434224981253e+18
7b2ef3c7-166d-4072-933c-0fa27d5a9c8c,1.7773434225314683e+18
7b2ef3c7-166d-4072-933c-0fa27d5a9c8c,1.7773434225648102e+18
7b2ef3c7-166d-4072-933c-0fa27d5a9c8c,1.7773434225981522e+18
7b2ef3c7-166d-4072-933c-0fa27d5a9c8c,1.7773434226314952e+18
7b2ef3c7-166d-4072-933c-0fa27d5a9c8c,1.7773434226648374e+18
7b2ef3c7-166d-4072-933c-0fa27d5a9c8c,1.7773434226981804e+18
7b2ef3c7-166d-4072-933c-0fa27d5a9c8c,1.7773434227315223e+18
7b2ef3c7-166d-4072-933c-0fa27d5a9c8c,1.7773434227648653e+18
7b2ef3c7-166d-4072-933c-0fa27d5a9c8c,1.7773434227982072e+18
7b2ef3c7-166d-4072-933c-0fa27d5a9c8c,1.7773434228315502e+18
7b2ef3c7-166d-4072-933c-0fa27d5a9c8c,1.7773434228648922e+18
7b2ef3c7-166d-4072-933c-0fa27d5a9c8c,1.7773434228982344e+18
7b2ef3c7-166d-4072-933c-0fa27d5a9c8c,1.7773434229315773e+18
7b2ef3c7-166d-4072-933c-0fa27d5a9c8c,1.7773434229649193e+18
7b2ef3c7-166d-4072-933c-0fa27d5a9c8c,1.7773434229982623e+18
7b2ef3c7-166d-4072-933c-0fa27d5a9c8c,1.7773434230316042e+18
7b2ef3c7-166d-4072-933c-0fa27d5a9c8c,1.7773434230649472e+18
7b2ef3c7-166d-4072-933c-0fa27d5a9c8c,1.7773434230982892e+18
7b2ef3c7-166d-4072-933c-0fa27d5a9c8c,1.7773434231316324e+18
7b2ef3c7-166d-4072-933c-0fa27d5a9c8c,1.7773434231649743e+18
7b2ef3c7-166d-4072-933c-0fa27d5a9c8c,1.7773434231983163e+18
7b2ef3c7-166d-4072-933c-0fa27d5a9c8c,1.7773434232316593e+18
7b2ef3c7-166d-4072-933c-0fa27d5a9c8c,1.7773434232650012e+18
7b2ef3c7-166d-4072-933c-0fa27d5a9c8c,1.7773434232983442e+18
7b2ef3c7-166d-4072-933c-0fa27d5a9c8c,1.7773434233316861e+18
7b2ef3c7-166d-4072-933c-0fa27d5a9c8c,1.7773434233650294e+18
7b2ef3c7-166d-4072-933c-0fa27d5a9c8c,1.7773434233983713e+18
7b2ef3c7-166d-4072-933c-0fa27d5a9c8c,1.7773434234317143e+18
7b2ef3c7-166d-4072-933c-0fa27d5a9c8c,1.7773434234650563e+18
7b2ef3c7-166d-4072-933c-0fa27d5a9c8c,1.7773434234983992e+18
7b2ef3c7-166d-4072-933c-0fa27d5a9c8c,1.7773434235317412e+18
7b2ef3c7-166d-4072-933c-0fa27d5a9c8c,1.7773434235650834e+18
7b2ef3c7-166d-4072-933c-0fa27d5a9c8c,1.7773434235984264e+18
7b2ef3c7-166d-4072-933c-0fa27d5a9c8c,1.7773434236317683e+18
7b2ef3c7-166d-4072-933c-0fa27d5a9c8c,1.7773434236651113e+18
7b2ef3c7-166d-4072-933c-0fa27d5a9c8c,1.7773434236984532e+18
7b2ef3c7-166d-4072-933c-0fa27d5a9c8c,1.7773434237317962e+18
7b2ef3c7-166d-4072-933c-0fa27d5a9c8c,1.7773434237651382e+18
7b2ef3c7-166d-4072-933c-0fa27d5a9c8c,1.7773434237984812e+18
7b2ef3c7-166d-4072-933c-0fa27d5a9c8c,1.7773434238318234e+18
7b2ef3c7-166d-4072-933c-0fa27d5a9c8c,1.7773434238651653e+18
7b2ef3c7-166d-4072-933c-0fa27d5a9c8c,1.7773434238985083e+18
7b2ef3c7-166d-4072-933c-0fa27d5a9c8c,1.7773434239318502e+18
7b2ef3c7-166d-4072-933c-0fa27d5a9c8c,1.7773434239651932e+18
7b2ef3c7-166d-4072-933c-0fa27d5a9c8c,1.7773434239985352e+18
7b2ef3c7-166d-4072-933c-0fa27d5a9c8c,1.7773434240318781e+18
7b2ef3c7-166d-4072-933c-0fa27d5a9c8c,1.7773434240652204e+18
7b2ef3c7-166d-4072-933c-0fa27d5a9c8c,1.7773434240985633e+18
7b2ef3c7-166d-4072-933c-0fa27d5a9c8c,1.7773434241319053e+18
7b2ef3c7-166d-4072-933c-0fa27d5a9c8c,1.7773434241652472e+18
7b2ef3c7-166d-4072-933c-0fa27d5a9c8c,1.7773434241985902e+18
7b2ef3c7-166d-4072-933c-0fa27d5a9c8c,1.7773434242319322e+18
7b2ef3c7-166d-4072-933c-0fa27d5a9c8c,1.7773434242652754e+18
7b2ef3c7-166d-4072-933c-0fa27d5a9c8c,1.7773434242986173e+18
7b2ef3c7-166d-4072-933c-0fa27d5a9c8c,1.7773434243319603e+18
7b2ef3c7-166d-4072-933c-0fa27d5a9c8c,1.7773434243653023e+18
7b2ef3c7-166d-4072-933c-0fa27d5a9c8c,1.7773434243986452e+18
7b2ef3c7-166d-4072-933c-0fa27d5a9c8c,1.7773434244319872e+18
7b2ef3c7-166d-4072-933c-0fa27d5a9c8c,1.7773434244653292e+18
7b2ef3c7-166d-4072-933c-0fa27d5a9c8c,1.7773434244986724e+18
7b2ef3c7-166d-4072-933c-0fa27d5a9c8c,1.7773434245320143e+18
7b2ef3c7-166d-4072-933c-0fa27d5a9c8c,1.7773434245653573e+18
7b2ef3c7-166d-4072-933c-0fa27d5a9c8c,1.7773434245986993e+18
7b2ef3c7-166d-4072-933c-0fa27d5a9c8c,1.7773434246320422e+18
7b2ef3c7-166d-4072-933c-0fa27d5a9c8c,1.7773434246653842e+18
7b2ef3c7-166d-4072-933c-0fa27d5a9c8c,1.7773434246987272e+18
7b2ef3c7-166d-4072-933c-0fa27d5a9c8c,1.7773434247320694e+18
7b2ef3c7-166d-4072-933c-0fa27d5a9c8c,1.7773434247654113e+18
7b2ef3c7-166d-4072-933c-0fa27d5a9c8c,1.7773434247987543e+18
7b2ef3c7-166d-4072-933c-0fa27d5a9c8c,1.7773434248320963e+18
7b2ef3c7-166d-4072-933c-0fa27d5a9c8c,1.7773434248654392e+18
7b2ef3c7-166d-4072-933c-0fa27d5a9c8c,1.7773434248987812e+18
7b2ef3c7-166d-4072-933c-0fa27d5a9c8c,1.7773434249321242e+18
7b2ef3c7-166d-4072-933c-0fa27d5a9c8c,1.7773434249654664e+18
7b2ef3c7-166d-4072-933c-0fa27d5a9c8c,1.7773434249988093e+18
7b2ef3c7-166d-4072-933c-0fa27d5a9c8c,1.7773434250321513e+18
7b2ef3c7-166d-4072-933c-0fa27d5a9c8c,1.7773434250654932e+18
7b2ef3c7-166d-4072-933c-0fa27d5a9c8c,1.7773434250988362e+18
7b2ef3c7-166d-4072-933c-0fa27d5a9c8c,1.7773434251321782e+18
7b2ef3c7-166d-4072-933c-0fa27d5a9c8c,1.7773434251655212e+18
7b2ef3c7-166d-4072-933c-0fa27d5a9c8c,1.7773434251988634e+18
7b2ef3c7-166d-4072-933c-0fa27d5a9c8c,1.7773434252322063e+18
7b2ef3c7-166d-4072-933c-0fa27d5a9c8c,1.7773434252655483e+18
7b2ef3c7-166d-4072-933c-0fa27d5a9c8c,1.7773434252988913e+18
7b2ef3c7-166d-4072-933c-0fa27d5a9c8c,1.7773434253322332e+18
7b2ef3c7-166d-4072-933c-0fa27d5a9c8c,1.7773434253655762e+18
7b2ef3c7-166d-4072-933c-0fa27d5a9c8c,1.7773434253989181e+18
7b2ef3c7-166d-4072-933c-0fa27d5a9c8c,1.7773434254322604e+18
7b2ef3c7-166d-4072-933c-0fa27d5a9c8c,1.7773434254656033e+18
7b2ef3c7-166d-4072-933c-0fa27d5a9c8c,1.7773434254989453e+18
7b2ef3c7-166d-4072-933c-0fa27d5a9c8c,1.7773434255322883e+18
7b2ef3c7-166d-4072-933c-0fa27d5a9c8c,1.7773434255656302e+18
7b2ef3c7-166d-4072-933c-0fa27d5a9c8c,1.7773434255989732e+18
7b2ef3c7-166d-4072-933c-0fa27d5a9c8c,1.7773434256323154e+18
7b2ef3c7-166d-4072-933c-0fa27d5a9c8c,1.7773434256656584e+18
7b2ef3c7-166d-4072-933c-0fa27d5a9c8c,1.7773434256990003e+18
7b2ef3c7-166d-4072-933c-0fa27d5a9c8c,1.7773434257323423e+18
7b2ef3c7-166d-4072-933c-0fa27d5a9c8c,1.7773434257656852e+18
7b2ef3c7-166d-4072-933c-0fa27d5a9c8c,1.7773434257990272e+18
7b2ef3c7-166d-4072-933c-0fa27d5a9c8c,1.7773434258323702e+18
7b2ef3c7-166d-4072-933c-0fa27d5a9c8c,1.7773434258657124e+18
7b2ef3c7-166d-4072-933c-0fa27d5a9c8c,1.7773434258990554e+18
7b2ef3c7-166d-4072-933c-0fa27d5a9c8c,1.7773434259323973e+18
7b2ef3c7-166d-4072-933c-0fa27d5a9c8c,1.7773434259657403e+18
7b2ef3c7-166d-4072-933c-0fa27d5a9c8c,1.7773434259990822e+18
7b2ef3c7-166d-4072-933c-0fa27d5a9c8c,1.7773434260324242e+18
7b2ef3c7-166d-4072-933c-0fa27d5a9c8c,1.7773434260657672e+18
7b2ef3c7-166d-4072-933c-0fa27d5a9c8c,1.7773434260991094e+18
7b2ef3c7-166d-4072-933c-0fa27d5a9c8c,1.7773434261324524e+18
7b2ef3c7-166d-4072-933c-0fa27d5a9c8c,1.7773434261657943e+18
7b2ef3c7-166d-4072-933c-0fa27d5a9c8c,1.7773434261991373e+18
7b2ef3c7-166d-4072-933c-0fa27d5a9c8c,1.7773434262324792e+18
7b2ef3c7-166d-4072-933c-0fa27d5a9c8c,1.7773434262658222e+18
7b2ef3c7-166d-4072-933c-0fa27d5a9c8c,1.7773434262991642e+18
7b2ef3c7-166d-4072-933c-0fa27d5a9c8c,1.7773434263325074e+18
7b2ef3c7-166d-4072-933c-0fa27d5a9c8c,1.7773434263658493e+18
7b2ef3c7-166d-4072-933c-0fa27d5a9c8c,1.7773434263991913e+18
7b2ef3c7-166d-4072-933c-0fa27d5a9c8c,1.7773434264325343e+18
7b2ef3c7-166d-4072-933c-0fa27d5a9c8c,1.7773434264658762e+18
7b2ef3c7-166d-4072-933c-0fa27d5a9c8c,1.7773434264992192e+18
7b2ef3c7-166d-4072-933c-0fa27d5a9c8c,1.7773434265325612e+18
7b2ef3c7-166d-4072-933c-0fa27d5a9c8c,1.7773434265659044e+18
7b2ef3c7-166d-4072-933c-0fa27d5a9c8c,1.7773434265992463e+18
7b2ef3c7-166d-4072-933c-0fa27d5a9c8c,1.7773434266325893e+18
7b2ef3c7-166d-4072-933c-0fa27d5a9c8c,1.7773434266659313e+18
7b2ef3c7-166d-4072-933c-0fa27d5a9c8c,1.7773434266992732e+18
7b2ef3c7-166d-4072-933c-0fa27d5a9c8c,1.7773434267326162e+18
7b2ef3c7-166d-4072-933c-0fa27d5a9c8c,1.7773434267659581e+18
7b2ef3c7-166d-4072-933c-0fa27d5a9c8c,1.7773434267993014e+18
7b2ef3c7-166d-4072-933c-0fa27d5a9c8c,1.7773434268326433e+18
7b2ef3c7-166d-4072-933c-0fa27d5a9c8c,1.7773434268659863e+18
7b2ef3c7-166d-4072-933c-0fa27d5a9c8c,1.7773434268993283e+18
7b2ef3c7-166d-4072-933c-0fa27d5a9c8c,1.7773434269326712e+18
7b2ef3c7-166d-4072-933c-0fa27d5a9c8c,1.7773434269660132e+18
7b2ef3c7-166d-4072-933c-0fa27d5a9c8c,1.7773434269993554e+18
7b2ef3c7-166d-4072-933c-0fa27d5a9c8c,1.7773434270326984e+18
7b2ef3c7-166d-4072-933c-0fa27d5a9c8c,1.7773434270660403e+18
7b2ef3c7-166d-4072-933c-0fa27d5a9c8c,1.7773434270993833e+18
7b2ef3c7-166d-4072-933c-0fa27d5a9c8c,1.7773434271327252e+18
7b2ef3c7-166d-4072-933c-0fa27d5a9c8c,1.7773434271660682e+18
7b2ef3c7-166d-4072-933c-0fa27d5a9c8c,1.7773434271994102e+18
7b2ef3c7-166d-4072-933c-0fa27d5a9c8c,1.7773434272327532e+18
7b2ef3c7-166d-4072-933c-0fa27d5a9c8c,1.7773434272660954e+18
7b2ef3c7-166d-4072-933c-0fa27d5a9c8c,1.7773434272994373e+18
7b2ef3c7-166d-4072-933c-0fa27d5a9c8c,1.7773434273327803e+18
7b2ef3c7-166d-4072-933c-0fa27d5a9c8c,1.7773434273661222e+18
7b2ef3c7-166d-4072-933c-0fa27d5a9c8c,1.7773434273994652e+18
7b2ef3c7-166d-4072-933c-0fa27d5a9c8c,1.7773434274328072e+18
7b2ef3c7-166d-4072-933c-0fa27d5a9c8c,1.7773434274661501e+18
7b2ef3c7-166d-4072-933c-0fa27d5a9c8c,1.7773434274994924e+18
7b2ef3c7-166d-4072-933c-0fa27d5a9c8c,1.7773434275328353e+18
7b2ef3c7-166d-4072-933c-0fa27d5a9c8c,1.7773434275661773e+18
7b2ef3c7-166d-4072-933c-0fa27d5a9c8c,1.7773434275995192e+18
7b2ef3c7-166d-4072-933c-0fa27d5a9c8c,1.7773434276328622e+18
7b2ef3c7-166d-4072-933c-0fa27d5a9c8c,1.7773434276662042e+18
7b2ef3c7-166d-4072-933c-0fa27d5a9c8c,1.7773434276995474e+18
7b2ef3c7-166d-4072-933c-0fa27d5a9c8c,1.7773434277328893e+18
7b2ef3c7-166d-4072-933c-0fa27d5a9c8c,1.7773434277662323e+18
7b2ef3c7-166d-4072-933c-0fa27d5a9c8c,1.7773434277995743e+18
7b2ef3c7-166d-4072-933c-0fa27d5a9c8c,1.7773434278329172e+18
7b2ef3c7-166d-4072-933c-0fa27d5a9c8c,1.7773434278662592e+18
7b2ef3c7-166d-4072-933c-0fa27d5a9c8c,1.7773434278996022e+18
7b2ef3c7-166d-4072-933c-0fa27d5a9c8c,1.7773434279329444e+18
7b2ef3c7-166d-4072-933c-0fa27d5a9c8c,1.7773434279662863e+18
7b2ef3c7-166d-4072-933c-0fa27d5a9c8c,1.7773434279996293e+18
7b2ef3c7-166d-4072-933c-0fa27d5a9c8c,1.7773434280329713e+18
7b2ef3c7-166d-4072-933c-0fa27d5a9c8c,1.7773434280663142e+18
7b2ef3c7-166d-4072-933c-0fa27d5a9c8c,1.7773434280996562e+18
7b2ef3c7-166d-4072-933c-0fa27d5a9c8c,1.7773434281329992e+18
7b2ef3c7-166d-4072-933c-0fa27d5a9c8c,1.7773434281663414e+18
7b2ef3c7-166d-4072-933c-0fa27d5a9c8c,1.7773434281996844e+18
7b2ef3c7-166d-4072-933c-0fa27d5a9c8c,1.7773434282330263e+18
7b2ef3c7-166d-4072-933c-0fa27d5a9c8c,1.7773434282663683e+18
7b2ef3c7-166d-4072-933c-0fa27d5a9c8c,1.7773434282997112e+18
7b2ef3c7-166d-4072-933c-0fa27d5a9c8c,1.7773434283330532e+18
7b2ef3c7-166d-4072-933c-0fa27d5a9c8c,1.7773434283663962e+18
7b2ef3c7-166d-4072-933c-0fa27d5a9c8c,1.7773434283997384e+18
7b2ef3c7-166d-4072-933c-0fa27d5a9c8c,1.7773434284330813e+18
7b2ef3c7-166d-4072-933c-0fa27d5a9c8c,1.7773434284664233e+18
7b2ef3c7-166d-4072-933c-0fa27d5a9c8c,1.7773434284997663e+18
7b2ef3c7-166d-4072-933c-0fa27d5a9c8c,1.7773434285331082e+18
7b2ef3c7-166d-4072-933c-0fa27d5a9c8c,1.7773434285664502e+18
7b2ef3c7-166d-4072-933c-0fa27d5a9c8c,1.7773434285997932e+18
7b2ef3c7-166d-4072-933c-0fa27d5a9c8c,1.7773434286331354e+18
7b2ef3c7-166d-4072-933c-0fa27d5a9c8c,1.7773434286664783e+18
7b2ef3c7-166d-4072-933c-0fa27d5a9c8c,1.7773434286998203e+18
7b2ef3c7-166d-4072-933c-0fa27d5a9c8c,1.7773434287331633e+18
7b2ef3c7-166d-4072-933c-0fa27d5a9c8c,1.7773434287665052e+18
7b2ef3c7-166d-4072-933c-0fa27d5a9c8c,1.7773434287998482e+18
7b2ef3c7-166d-4072-933c-0fa27d5a9c8c,1.7773434288331901e+18
7b2ef3c7-166d-4072-933c-0fa27d5a9c8c,1.7773434288665324e+18
7b2ef3c7-166d-4072-933c-0fa27d5a9c8c,1.7773434288998753e+18
7b2ef3c7-166d-4072-933c-0fa27d5a9c8c,1.7773434289332173e+18
7b2ef3c7-166d-4072-933c-0fa27d5a9c8c,1.7773434289665603e+18
7b2ef3c7-166d-4072-933c-0fa27d5a9c8c,1.7773434289999022e+18
7b2ef3c7-166d-4072-933c-0fa27d5a9c8c,1.7773434290332452e+18
7b2ef3c7-166d-4072-933c-0fa27d5a9c8c,1.7773434290665874e+18
7b2ef3c7-166d-4072-933c-0fa27d5a9c8c,1.7773434290999304e+18
7b2ef3c7-166d-4072-933c-0fa27d5a9c8c,1.7773434291332723e+18
7b2ef3c7-166d-4072-933c-0fa27d5a9c8c,1.7773434291666143e+18
7b2ef3c7-166d-4072-933c-0fa27d5a9c8c,1.7773434291999572e+18
7b2ef3c7-166d-4072-933c-0fa27d5a9c8c,1.7773434292332992e+18
7b2ef3c7-166d-4072-933c-0fa27d5a9c8c,1.7773434292666422e+18
7b2ef3c7-166d-4072-933c-0fa27d5a9c8c,1.7773434292999844e+18
7b2ef3c7-166d-4072-933c-0fa27d5a9c8c,1.7773434293333274e+18
7b2ef3c7-166d-4072-933c-0fa27d5a9c8c,1.7773434293666693e+18
7b2ef3c7-166d-4072-933c-0fa27d5a9c8c,1.7773434294000123e+18
7b2ef3c7-166d-4072-933c-0fa27d5a9c8c,1.7773434294333542e+18
7b2ef3c7-166d-4072-933c-0fa27d5a9c8c,1.7773434294666962e+18
7b2ef3c7-166d-4072-933c-0fa27d5a9c8c,1.7773434295000392e+18
7b2ef3c7-166d-4072-933c-0fa27d5a9c8c,1.7773434295333814e+18
7b2ef3c7-166d-4072-933c-0fa27d5a9c8c,1.7773434295667244e+18
7b2ef3c7-166d-4072-933c-0fa27d5a9c8c,1.7773434296000663e+18
7b2ef3c7-166d-4072-933c-0fa27d5a9c8c,1.7773434296334093e+18
7b2ef3c7-166d-4072-933c-0fa27d5a9c8c,1.7773434296667512e+18
7b2ef3c7-166d-4072-933c-0fa27d5a9c8c,1.7773434297000942e+18
7b2ef3c7-166d-4072-933c-0fa27d5a9c8c,1.7773434297334362e+18
7b2ef3c7-166d-4072-933c-0fa27d5a9c8c,1.7773434297667794e+18
7b2ef3c7-166d-4072-933c-0fa27d5a9c8c,1.7773434298001213e+18
7b2ef3c7-166d-4072-933c-0fa27d5a9c8c,1.7773434298334633e+18
7b2ef3c7-166d-4072-933c-0fa27d5a9c8c,1.7773434298668063e+18
7b2ef3c7-166d-4072-933c-0fa27d5a9c8c,1.7773434299001482e+18
7b2ef3c7-166d-4072-933c-0fa27d5a9c8c,1.7773434299334912e+18
7b2ef3c7-166d-4072-933c-0fa27d5a9c8c,1.7773434299668332e+18
7b2ef3c7-166d-4072-933c-0fa27d5a9c8c,1.7773434300001764e+18
7b2ef3c7-166d-4072-933c-0fa27d5a9c8c,1.7773434300335183e+18
7b2ef3c7-166d-4072-933c-0fa27d5a9c8c,1.7773434300668613e+18
7b2ef3c7-166d-4072-933c-0fa27d5a9c8c,1.7773434301002033e+18
7b2ef3c7-166d-4072-933c-0fa27d5a9c8c,1.7773434301335452e+18
7b2ef3c7-166d-4072-933c-0fa27d5a9c8c,1.7773434301668882e+18
7b2ef3c7-166d-4072-933c-0fa27d5a9c8c,1.7773434302002301e+18
7b2ef3c7-166d-4072-933c-0fa27d5a9c8c,1.7773434302335734e+18
7b2ef3c7-166d-4072-933c-0fa27d5a9c8c,1.7773434302669153e+18
7b2ef3c7-166d-4072-933c-0fa27d5a9c8c,1.7773434303002583e+18
7b2ef3c7-166d-4072-933c-0fa27d5a9c8c,1.7773434303336003e+18
7b2ef3c7-166d-4072-933c-0fa27d5a9c8c,1.7773434303669432e+18
7b2ef3c7-166d-4072-933c-0fa27d5a9c8c,1.7773434304002852e+18
7b2ef3c7-166d-4072-933c-0fa27d5a9c8c,1.7773434304336274e+18
7b2ef3c7-166d-4072-933c-0fa27d5a9c8c,1.7773434304669704e+18
7b2ef3c7-166d-4072-933c-0fa27d5a9c8c,1.7773434305003123e+18
7b2ef3c7-166d-4072-933c-0fa27d5a9c8c,1.7773434305336553e+18
7b2ef3c7-166d-4072-933c-0fa27d5a9c8c,1.7773434305669972e+18
7b2ef3c7-166d-4072-933c-0fa27d5a9c8c,1.7773434306003402e+18
7b2ef3c7-166d-4072-933c-0fa27d5a9c8c,1.7773434306336822e+18
7b2ef3c7-166d-4072-933c-0fa27d5a9c8c,1.7773434306670252e+18
7b2ef3c7-166d-4072-933c-0fa27d5a9c8c,1.7773434307003674e+18
7b2ef3c7-166d-4072-933c-0fa27d5a9c8c,1.7773434307337093e+18
7b2ef3c7-166d-4072-933c-0fa27d5a9c8c,1.7773434307670523e+18
7b2ef3c7-166d-4072-933c-0fa27d5a9c8c,1.7773434308003942e+18
7b2ef3c7-166d-4072-933c-0fa27d5a9c8c,1.7773434308337372e+18
7b2ef3c7-166d-4072-933c-0fa27d5a9c8c,1.7773434308670792e+18
7b2ef3c7-166d-4072-933c-0fa27d5a9c8c,1.7773434309004221e+18
7b2ef3c7-166d-4072-933c-0fa27d5a9c8c,1.7773434309337644e+18
7b2ef3c7-166d-4072-933c-0fa27d5a9c8c,1.7773434309671073e+18
7b2ef3c7-166d-4072-933c-0fa27d5a9c8c,1.7773434310004493e+18
7b2ef3c7-166d-4072-933c-0fa27d5a9c8c,1.7773434310337912e+18
7b2ef3c7-166d-4072-933c-0fa27d5a9c8c,1.7773434310671342e+18
7b2ef3c7-166d-4072-933c-0fa27d5a9c8c,1.7773434311004762e+18
7b2ef3c7-166d-4072-933c-0fa27d5a9c8c,1.7773434311338194e+18
7b2ef3c7-166d-4072-933c-0fa27d5a9c8c,1.7773434311671613e+18
7b2ef3c7-166d-4072-933c-0fa27d5a9c8c,1.7773434312005043e+18
7b2ef3c7-166d-4072-933c-0fa27d5a9c8c,1.7773434312338463e+18
7b2ef3c7-166d-4072-933c-0fa27d5a9c8c,1.7773434312671892e+18
7b2ef3c7-166d-4072-933c-0fa27d5a9c8c,1.7773434313005312e+18
7b2ef3c7-166d-4072-933c-0fa27d5a9c8c,1.7773434313338732e+18
7b2ef3c7-166d-4072-933c-0fa27d5a9c8c,1.7773434313672164e+18
7b2ef3c7-166d-4072-933c-0fa27d5a9c8c,1.7773434314005583e+18
7b2ef3c7-166d-4072-933c-0fa27d5a9c8c,1.7773434314339013e+18
7b2ef3c7-166d-4072-933c-0fa27d5a9c8c,1.7773434314672433e+18
7b2ef3c7-166d-4072-933c-0fa27d5a9c8c,1.7773434315005862e+18
7b2ef3c7-166d-4072-933c-0fa27d5a9c8c,1.7773434315339282e+18
7b2ef3c7-166d-4072-933c-0fa27d5a9c8c,1.7773434315672712e+18
7b2ef3c7-166d-4072-933c-0fa27d5a9c8c,1.7773434316006134e+18
7b2ef3c7-166d-4072-933c-0fa27d5a9c8c,1.7773434316339564e+18
7b2ef3c7-166d-4072-933c-0fa27d5a9c8c,1.7773434316672983e+18
7b2ef3c7-166d-4072-933c-0fa27d5a9c8c,1.7773434317006403e+18
7b2ef3c7-166d-4072-933c-0fa27d5a9c8c,1.7773434317339832e+18
7b2ef3c7-166d-4072-933c-0fa27d5a9c8c,1.7773434317673252e+18
7b2ef3c7-166d-4072-933c-0fa27d5a9c8c,1.7773434318006682e+18
7b2ef3c7-166d-4072-933c-0fa27d5a9c8c,1.7773434318340104e+18
7b2ef3c7-166d-4072-933c-0fa27d5a9c8c,1.7773434318673533e+18
7b2ef3c7-166d-4072-933c-0fa27d5a9c8c,1.7773434319006953e+18
7b2ef3c7-166d-4072-933c-0fa27d5a9c8c,1.7773434319340383e+18
7b2ef3c7-166d-4072-933c-0fa27d5a9c8c,1.7773434319673802e+18
7b2ef3c7-166d-4072-933c-0fa27d5a9c8c,1.7773434320007222e+18
7b2ef3c7-166d-4072-933c-0fa27d5a9c8c,1.7773434320340652e+18
7b2ef3c7-166d-4072-933c-0fa27d5a9c8c,1.7773434320674074e+18
7b2ef3c7-166d-4072-933c-0fa27d5a9c8c,1.7773434321007503e+18
7b2ef3c7-166d-4072-933c-0fa27d5a9c8c,1.7773434321340923e+18
7b2ef3c7-166d-4072-933c-0fa27d5a9c8c,1.7773434321674353e+18
7b2ef3c7-166d-4072-933c-0fa27d5a9c8c,1.7773434322007772e+18
7b2ef3c7-166d-4072-933c-0fa27d5a9c8c,1.7773434322341202e+18
7b2ef3c7-166d-4072-933c-0fa27d5a9c8c,1.7773434322674621e+18
7b2ef3c7-166d-4072-933c-0fa27d5a9c8c,1.7773434323008044e+18
7b2ef3c7-166d-4072-933c-0fa27d5a9c8c,1.7773434323341473e+18
7b2ef3c7-166d-4072-933c-0fa27d5a9c8c,1.7773434323674893e+18
7b2ef3c7-166d-4072-933c-0fa27d5a9c8c,1.7773434324008323e+18
7b2ef3c7-166d-4072-933c-0fa27d5a9c8c,1.7773434324341742e+18
7b2ef3c7-166d-4072-933c-0fa27d5a9c8c,1.7773434324675172e+18
7b2ef3c7-166d-4072-933c-0fa27d5a9c8c,1.7773434325008594e+18
7b2ef3c7-166d-4072-933c-0fa27d5a9c8c,1.7773434325342024e+18
7b2ef3c7-166d-4072-933c-0fa27d5a9c8c,1.7773434325675443e+18
7b2ef3c7-166d-4072-933c-0fa27d5a9c8c,1.7773434326008863e+18
7b2ef3c7-166d-4072-933c-0fa27d5a9c8c,1.7773434326342292e+18
7b2ef3c7-166d-4072-933c-0fa27d5a9c8c,1.7773434326675712e+18
7b2ef3c7-166d-4072-933c-0fa27d5a9c8c,1.7773434327009142e+18
7b2ef3c7-166d-4072-933c-0fa27d5a9c8c,1.7773434327342564e+18
7b2ef3c7-166d-4072-933c-0fa27d5a9c8c,1.7773434327675994e+18
7b2ef3c7-166d-4072-933c-0fa27d5a9c8c,1.7773434328009413e+18
7b2ef3c7-166d-4072-933c-0fa27d5a9c8c,1.7773434328342843e+18
7b2ef3c7-166d-4072-933c-0fa27d5a9c8c,1.7773434328676262e+18
7b2ef3c7-166d-4072-933c-0fa27d5a9c8c,1.7773434329009682e+18
7b2ef3c7-166d-4072-933c-0fa27d5a9c8c,1.7773434329343112e+18
7b2ef3c7-166d-4072-933c-0fa27d5a9c8c,1.7773434329676534e+18
7b2ef3c7-166d-4072-933c-0fa27d5a9c8c,1.7773434330009964e+18
7b2ef3c7-166d-4072-933c-0fa27d5a9c8c,1.7773434330343383e+18
7b2ef3c7-166d-4072-933c-0fa27d5a9c8c,1.7773434330676813e+18
7b2ef3c7-166d-4072-933c-0fa27d5a9c8c,1.7773434331010232e+18
7b2ef3c7-166d-4072-933c-0fa27d5a9c8c,1.7773434331343662e+18
7b2ef3c7-166d-4072-933c-0fa27d5a9c8c,1.7773434331677082e+18
7b2ef3c7-166d-4072-933c-0fa27d5a9c8c,1.7773434332010504e+18
7b2ef3c7-166d-4072-933c-0fa27d5a9c8c,1.7773434332343933e+18
7b2ef3c7-166d-4072-933c-0fa27d5a9c8c,1.7773434332677353e+18
7b2ef3c7-166d-4072-933c-0fa27d5a9c8c,1.7773434333010783e+18
7b2ef3c7-166d-4072-933c-0fa27d5a9c8c,1.7773434333344202e+18
7b2ef3c7-166d-4072-933c-0fa27d5a9c8c,1.7773434333677632e+18
7b2ef3c7-166d-4072-933c-0fa27d5a9c8c,1.7773434334011052e+18
7b2ef3c7-166d-4072-933c-0fa27d5a9c8c,1.7773434334344484e+18
7b2ef3c7-166d-4072-933c-0fa27d5a9c8c,1.7773434334677903e+18
7b2ef3c7-166d-4072-933c-0fa27d5a9c8c,1.7773434335011333e+18
7b2ef3c7-166d-4072-933c-0fa27d5a9c8c,1.7773434335344753e+18
7b2ef3c7-166d-4072-933c-0fa27d5a9c8c,1.7773434335678172e+18
7b2ef3c7-166d-4072-933c-0fa27d5a9c8c,1.7773434336011602e+18
7b2ef3c7-166d-4072-933c-0fa27d5a9c8c,1.7773434336345021e+18
7b2ef3c7-166d-4072-933c-0fa27d5a9c8c,1.7773434336678454e+18
7b2ef3c7-166d-4072-933c-0fa27d5a9c8c,1.7773434337011873e+18
7b2ef3c7-166d-4072-933c-0fa27d5a9c8c,1.7773434337345303e+18
7b2ef3c7-166d-4072-933c-0fa27d5a9c8c,1.7773434337678723e+18
7b2ef3c7-166d-4072-933c-0fa27d5a9c8c,1.7773434338012152e+18
7b2ef3c7-166d-4072-933c-0fa27d5a9c8c,1.7773434338345572e+18
7b2ef3c7-166d-4072-933c-0fa27d5a9c8c,1.7773434338678994e+18
7b2ef3c7-166d-4072-933c-0fa27d5a9c8c,1.7773434339012424e+18
7b2ef3c7-166d-4072-933c-0fa27d5a9c8c,1.7773434339345843e+18
7b2ef3c7-166d-4072-933c-0fa27d5a9c8c,1.7773434339679273e+18
7b2ef3c7-166d-4072-933c-0fa27d5a9c8c,1.7773434340012692e+18
7b2ef3c7-166d-4072-933c-0fa27d5a9c8c,1.7773434340346122e+18
7b2ef3c7-166d-4072-933c-0fa27d5a9c8c,1.7773434340679542e+18
7b2ef3c7-166d-4072-933c-0fa27d5a9c8c,1.7773434341012972e+18
7b2ef3c7-166d-4072-933c-0fa27d5a9c8c,1.7773434341346394e+18
7b2ef3c7-166d-4072-933c-0fa27d5a9c8c,1.7773434341679813e+18
7b2ef3c7-166d-4072-933c-0fa27d5a9c8c,1.7773434342013243e+18
7b2ef3c7-166d-4072-933c-0fa27d5a9c8c,1.7773434342346662e+18
7b2ef3c7-166d-4072-933c-0fa27d5a9c8c,1.7773434342680092e+18
7b2ef3c7-166d-4072-933c-0fa27d5a9c8c,1.7773434343013512e+18
7b2ef3c7-166d-4072-933c-0fa27d5a9c8c,1.7773434343346941e+18
7b2ef3c7-166d-4072-933c-0fa27d5a9c8c,1.7773434343680364e+18
7b2ef3c7-166d-4072-933c-0fa27d5a9c8c,1.7773434344013793e+18
7b2ef3c7-166d-4072-933c-0fa27d5a9c8c,1.7773434344347213e+18
7b2ef3c7-166d-4072-933c-0fa27d5a9c8c,1.7773434344680632e+18
7b2ef3c7-166d-4072-933c-0fa27d5a9c8c,1.7773434345014062e+18
7b2ef3c7-166d-4072-933c-0fa27d5a9c8c,1.7773434345347482e+18
7b2ef3c7-166d-4072-933c-0fa27d5a9c8c,1.7773434345680914e+18
7b2ef3c7-166d-4072-933c-0fa27d5a9c8c,1.7773434346014333e+18
7b2ef3c7-166d-4072-933c-0fa27d5a9c8c,1.7773434346347763e+18
7b2ef3c7-166d-4072-933c-0fa27d5a9c8c,1.7773434346681183e+18
7b2ef3c7-166d-4072-933c-0fa27d5a9c8c,1.7773434347014612e+18
7b2ef3c7-166d-4072-933c-0fa27d5a9c8c,1.7773434347348032e+18
7b2ef3c7-166d-4072-933c-0fa27d5a9c8c,1.7773434347681452e+18
7b2ef3c7-166d-4072-933c-0fa27d5a9c8c,1.7773434348014884e+18
7b2ef3c7-166d-4072-933c-0fa27d5a9c8c,1.7773434348348303e+18
7b2ef3c7-166d-4072-933c-0fa27d5a9c8c,1.7773434348681733e+18
7b2ef3c7-166d-4072-933c-0fa27d5a9c8c,1.7773434349015153e+18
7b2ef3c7-166d-4072-933c-0fa27d5a9c8c,1.7773434349348582e+18
7b2ef3c7-166d-4072-933c-0fa27d5a9c8c,1.7773434349682002e+18
7b2ef3c7-166d-4072-933c-0fa27d5a9c8c,1.7773434350015432e+18
7b2ef3c7-166d-4072-933c-0fa27d5a9c8c,1.7773434350348854e+18
7b2ef3c7-166d-4072-933c-0fa27d5a9c8c,1.7773434350682273e+18
7b2ef3c7-166d-4072-933c-0fa27d5a9c8c,1.7773434351015703e+18
7b2ef3c7-166d-4072-933c-0fa27d5a9c8c,1.7773434351349123e+18
7b2ef3c7-166d-4072-933c-0fa27d5a9c8c,1.7773434351682552e+18
7b2ef3c7-166d-4072-933c-0fa27d5a9c8c,1.7773434352015972e+18
7b2ef3c7-166d-4072-933c-0fa27d5a9c8c,1.7773434352349402e+18
7b2ef3c7-166d-4072-933c-0fa27d5a9c8c,1.7773434352682824e+18
7b2ef3c7-166d-4072-933c-0fa27d5a9c8c,1.7773434353016253e+18
7b2ef3c7-166d-4072-933c-0fa27d5a9c8c,1.7773434353349673e+18
7b2ef3c7-166d-4072-933c-0fa27d5a9c8c,1.7773434353683103e+18
7b2ef3c7-166d-4072-933c-0fa27d5a9c8c,1.7773434354016522e+18
7b2ef3c7-166d-4072-933c-0fa27d5a9c8c,1.7773434354349942e+18
7b2ef3c7-166d-4072-933c-0fa27d5a9c8c,1.7773434354683372e+18
7b2ef3c7-166d-4072-933c-0fa27d5a9c8c,1.7773434355016794e+18
7b2ef3c7-166d-4072-933c-0fa27d5a9c8c,1.7773434355350223e+18
7b2ef3c7-166d-4072-933c-0fa27d5a9c8c,1.7773434355683643e+18
7b2ef3c7-166d-4072-933c-0fa27d5a9c8c,1.7773434356017073e+18
7b2ef3c7-166d-4072-933c-0fa27d5a9c8c,1.7773434356350492e+18
7b2ef3c7-166d-4072-933c-0fa27d5a9c8c,1.7773434356683922e+18
7b2ef3c7-166d-4072-933c-0fa27d5a9c8c,1.7773434357017341e+18
7b2ef3c7-166d-4072-933c-0fa27d5a9c8c,1.7773434357350764e+18
7b2ef3c7-166d-4072-933c-0fa27d5a9c8c,1.7773434357684193e+18
7b2ef3c7-166d-4072-933c-0fa27d5a9c8c,1.7773434358017613e+18
7b2ef3c7-166d-4072-933c-0fa27d5a9c8c,1.7773434358351043e+18
7b2ef3c7-166d-4072-933c-0fa27d5a9c8c,1.7773434358684462e+18
7b2ef3c7-166d-4072-933c-0fa27d5a9c8c,1.7773434359017892e+18
7b2ef3c7-166d-4072-933c-0fa27d5a9c8c,1.7773434359351314e+18
7b2ef3c7-166d-4072-933c-0fa27d5a9c8c,1.7773434359684744e+18
7b2ef3c7-166d-4072-933c-0fa27d5a9c8c,1.7773434360018163e+18
7b2ef3c7-166d-4072-933c-0fa27d5a9c8c,1.7773434360351583e+18
7b2ef3c7-166d-4072-933c-0fa27d5a9c8c,1.7773434360685012e+18
7b2ef3c7-166d-4072-933c-0fa27d5a9c8c,1.7773434361018432e+18
7b2ef3c7-166d-4072-933c-0fa27d5a9c8c,1.7773434361351862e+18
7b2ef3c7-166d-4072-933c-0fa27d5a9c8c,1.7773434361685284e+18
7b2ef3c7-166d-4072-933c-0fa27d5a9c8c,1.7773434362018714e+18
7b2ef3c7-166d-4072-933c-0fa27d5a9c8c,1.7773434362352133e+18
7b2ef3c7-166d-4072-933c-0fa27d5a9c8c,1.7773434362685563e+18
7b2ef3c7-166d-4072-933c-0fa27d5a9c8c,1.7773434363018982e+18
7b2ef3c7-166d-4072-933c-0fa27d5a9c8c,1.7773434363352402e+18
7b2ef3c7-166d-4072-933c-0fa27d5a9c8c,1.7773434363685832e+18
7b2ef3c7-166d-4072-933c-0fa27d5a9c8c,1.7773434364019254e+18
7b2ef3c7-166d-4072-933c-0fa27d5a9c8c,1.7773434364352684e+18
7b2ef3c7-166d-4072-933c-0fa27d5a9c8c,1.7773434364686103e+18
7b2ef3c7-166d-4072-933c-0fa27d5a9c8c,1.7773434365019533e+18
7b2ef3c7-166d-4072-933c-0fa27d5a9c8c,1.7773434365352952e+18
7b2ef3c7-166d-4072-933c-0fa27d5a9c8c,1.7773434365686382e+18
7b2ef3c7-166d-4072-933c-0fa27d5a9c8c,1.7773434366019802e+18
7b2ef3c7-166d-4072-933c-0fa27d5a9c8c,1.7773434366353224e+18
7b2ef3c7-166d-4072-933c-0fa27d5a9c8c,1.7773434366686653e+18
7b2ef3c7-166d-4072-933c-0fa27d5a9c8c,1.7773434367020073e+18
7b2ef3c7-166d-4072-933c-0fa27d5a9c8c,1.7773434367353503e+18
7b2ef3c7-166d-4072-933c-0fa27d5a9c8c,1.7773434367686922e+18
7b2ef3c7-166d-4072-933c-0fa27d5a9c8c,1.7773434368020352e+18
7b2ef3c7-166d-4072-933c-0fa27d5a9c8c,1.7773434368353772e+18
7b2ef3c7-166d-4072-933c-0fa27d5a9c8c,1.7773434368687204e+18
7b2ef3c7-166d-4072-933c-0fa27d5a9c8c,1.7773434369020623e+18
7b2ef3c7-166d-4072-933c-0fa27d5a9c8c,1.7773434369354043e+18
7b2ef3c7-166d-4072-933c-0fa27d5a9c8c,1.7773434369687473e+18
7b2ef3c7-166d-4072-933c-0fa27d5a9c8c,1.7773434370020892e+18
7b2ef3c7-166d-4072-933c-0fa27d5a9c8c,1.7773434370354322e+18
7b2ef3c7-166d-4072-933c-0fa27d5a9c8c,1.7773434370687741e+18
7b2ef3c7-166d-4072-933c-0fa27d5a9c8c,1.7773434371021174e+18
7b2ef3c7-166d-4072-933c-0fa27d5a9c8c,1.7773434371354593e+18
7b2ef3c7-166d-4072-933c-0fa27d5a9c8c,1.7773434371688023e+18
7b2ef3c7-166d-4072-933c-0fa27d5a9c8c,1.7773434372021443e+18
7b2ef3c7-166d-4072-933c-0fa27d5a9c8c,1.7773434372354872e+18
7b2ef3c7-166d-4072-933c-0fa27d5a9c8c,1.7773434372688292e+18
7b2ef3c7-166d-4072-933c-0fa27d5a9c8c,1.7773434373021714e+18
7b2ef3c7-166d-4072-933c-0fa27d5a9c8c,1.7773434373355144e+18
7b2ef3c7-166d-4072-933c-0fa27d5a9c8c,1.7773434373688563e+18
7b2ef3c7-166d-4072-933c-0fa27d5a9c8c,1.7773434374021993e+18
7b2ef3c7-166d-4072-933c-0fa27d5a9c8c,1.7773434374355412e+18
7b2ef3c7-166d-4072-933c-0fa27d5a9c8c,1.7773434374688842e+18
7b2ef3c7-166d-4072-933c-0fa27d5a9c8c,1.7773434375022262e+18
7b2ef3c7-166d-4072-933c-0fa27d5a9c8c,1.7773434375355692e+18
7b2ef3c7-166d-4072-933c-0fa27d5a9c8c,1.7773434375689114e+18
7b2ef3c7-166d-4072-933c-0fa27d5a9c8c,1.7773434376022533e+18
7b2ef3c7-166d-4072-933c-0fa27d5a9c8c,1.7773434376355963e+18
7b2ef3c7-166d-4072-933c-0fa27d5a9c8c,1.7773434376689382e+18
7b2ef3c7-166d-4072-933c-0fa27d5a9c8c,1.7773434377022812e+18
7b2ef3c7-166d-4072-933c-0fa27d5a9c8c,1.7773434377356232e+18
7b2ef3c7-166d-4072-933c-0fa27d5a9c8c,1.7773434377689661e+18
7b2ef3c7-166d-4072-933c-0fa27d5a9c8c,1.7773434378023084e+18
7b2ef3c7-166d-4072-933c-0fa27d5a9c8c,1.7773434378356513e+18
7b2ef3c7-166d-4072-933c-0fa27d5a9c8c,1.7773434378689933e+18
7b2ef3c7-166d-4072-933c-0fa27d5a9c8c,1.7773434379023352e+18
7b2ef3c7-166d-4072-933c-0fa27d5a9c8c,1.7773434379356782e+18
7b2ef3c7-166d-4072-933c-0fa27d5a9c8c,1.7773434379690202e+18
7b2ef3c7-166d-4072-933c-0fa27d5a9c8c,1.7773434380023634e+18
7b2ef3c7-166d-4072-933c-0fa27d5a9c8c,1.7773434380357053e+18
7b2ef3c7-166d-4072-933c-0fa27d5a9c8c,1.7773434380690483e+18
7b2ef3c7-166d-4072-933c-0fa27d5a9c8c,1.7773434381023903e+18
7b2ef3c7-166d-4072-933c-0fa27d5a9c8c,1.7773434381357332e+18
7b2ef3c7-166d-4072-933c-0fa27d5a9c8c,1.7773434381690752e+18
7b2ef3c7-166d-4072-933c-0fa27d5a9c8c,1.7773434382024172e+18
7b2ef3c7-166d-4072-933c-0fa27d5a9c8c,1.7773434382357604e+18
7b2ef3c7-166d-4072-933c-0fa27d5a9c8c,1.7773434382691023e+18
7b2ef3c7-166d-4072-933c-0fa27d5a9c8c,1.7773434383024453e+18
7b2ef3c7-166d-4072-933c-0fa27d5a9c8c,1.7773434383357873e+18
7b2ef3c7-166d-4072-933c-0fa27d5a9c8c,1.7773434383691302e+18
7b2ef3c7-166d-4072-933c-0fa27d5a9c8c,1.7773434384024722e+18
7b2ef3c7-166d-4072-933c-0fa27d5a9c8c,1.7773434384358152e+18
7b2ef3c7-166d-4072-933c-0fa27d5a9c8c,1.7773434384691574e+18
7b2ef3c7-166d-4072-933c-0fa27d5a9c8c,1.7773434385024993e+18
7b2ef3c7-166d-4072-933c-0fa27d5a9c8c,1.7773434385358423e+18
7b2ef3c7-166d-4072-933c-0fa27d5a9c8c,1.7773434385691843e+18
7b2ef3c7-166d-4072-933c-0fa27d5a9c8c,1.7773434386025272e+18
7b2ef3c7-166d-4072-933c-0fa27d5a9c8c,1.7773434386358692e+18
7b2ef3c7-166d-4072-933c-0fa27d5a9c8c,1.7773434386692122e+18
7b2ef3c7-166d-4072-933c-0fa27d5a9c8c,1.7773434387025544e+18
7b2ef3c7-166d-4072-933c-0fa27d5a9c8c,1.7773434387358973e+18
7b2ef3c7-166d-4072-933c-0fa27d5a9c8c,1.7773434387692393e+18
7b2ef3c7-166d-4072-933c-0fa27d5a9c8c,1.7773434388025812e+18
7b2ef3c7-166d-4072-933c-0fa27d5a9c8c,1.7773434388359242e+18
7b2ef3c7-166d-4072-933c-0fa27d5a9c8c,1.7773434388692662e+18
7b2ef3c7-166d-4072-933c-0fa27d5a9c8c,1.7773434389026092e+18
7b2ef3c7-166d-4072-933c-0fa27d5a9c8c,1.7773434389359514e+18
7b2ef3c7-166d-4072-933c-0fa27d5a9c8c,1.7773434389692943e+18
7b2ef3c7-166d-4072-933c-0fa27d5a9c8c,1.7773434390026363e+18
7b2ef3c7-166d-4072-933c-0fa27d5a9c8c,1.7773434390359793e+18
7b2ef3c7-166d-4072-933c-0fa27d5a9c8c,1.7773434390693212e+18
7b2ef3c7-166d-4072-933c-0fa27d5a9c8c,1.7773434391026642e+18
7b2ef3c7-166d-4072-933c-0fa27d5a9c8c,1.7773434391360061e+18
7b2ef3c7-166d-4072-933c-0fa27d5a9c8c,1.7773434391693484e+18
7b2ef3c7-166d-4072-933c-0fa27d5a9c8c,1.7773434392026913e+18
7b2ef3c7-166d-4072-933c-0fa27d5a9c8c,1.7773434392360333e+18
7b2ef3c7-166d-4072-933c-0fa27d5a9c8c,1.7773434392693763e+18
7b2ef3c7-166d-4072-933c-0fa27d5a9c8c,1.7773434393027182e+18
7b2ef3c7-166d-4072-933c-0fa27d5a9c8c,1.7773434393360612e+18
7b2ef3c7-166d-4072-933c-0fa27d5a9c8c,1.7773434393694034e+18
7b2ef3c7-166d-4072-933c-0fa27d5a9c8c,1.7773434394027464e+18
7b2ef3c7-166d-4072-933c-0fa27d5a9c8c,1.7773434394360883e+18
7b2ef3c7-166d-4072-933c-0fa27d5a9c8c,1.7773434394694303e+18
7b2ef3c7-166d-4072-933c-0fa27d5a9c8c,1.7773434395027732e+18
7b2ef3c7-166d-4072-933c-0fa27d5a9c8c,1.7773434395361152e+18
7b2ef3c7-166d-4072-933c-0fa27d5a9c8c,1.7773434395694582e+18
7b2ef3c7-166d-4072-933c-0fa27d5a9c8c,1.7773434396028004e+18
7b2ef3c7-166d-4072-933c-0fa27d5a9c8c,1.7773434396361434e+18
7b2ef3c7-166d-4072-933c-0fa27d5a9c8c,1.7773434396694853e+18
7b2ef3c7-166d-4072-933c-0fa27d5a9c8c,1.7773434397028283e+18
7b2ef3c7-166d-4072-933c-0fa27d5a9c8c,1.7773434397361702e+18
7b2ef3c7-166d-4072-933c-0fa27d5a9c8c,1.7773434397695122e+18
7b2ef3c7-166d-4072-933c-0fa27d5a9c8c,1.7773434398028552e+18
7b2ef3c7-166d-4072-933c-0fa27d5a9c8c,1.7773434398361974e+18
7b2ef3c7-166d-4072-933c-0fa27d5a9c8c,1.7773434398695404e+18
7b2ef3c7-166d-4072-933c-0fa27d5a9c8c,1.7773434399028823e+18
7b2ef3c7-166d-4072-933c-0fa27d5a9c8c,1.7773434399362253e+18
7b2ef3c7-166d-4072-933c-0fa27d5a9c8c,1.7773434399695672e+18
7b2ef3c7-166d-4072-933c-0fa27d5a9c8c,1.7773434400029102e+18
7b2ef3c7-166d-4072-933c-0fa27d5a9c8c,1.7773434400362522e+18
7b2ef3c7-166d-4072-933c-0fa27d5a9c8c,1.7773434400695944e+18
7b2ef3c7-166d-4072-933c-0fa27d5a9c8c,1.7773434401029373e+18
7b2ef3c7-166d-4072-933c-0fa27d5a9c8c,1.7773434401362793e+18
7b2ef3c7-166d-4072-933c-0fa27d5a9c8c,1.7773434401696223e+18
7b2ef3c7-166d-4072-933c-0fa27d5a9c8c,1.7773434402029642e+18
7b2ef3c7-166d-4072-933c-0fa27d5a9c8c,1.7773434402363072e+18
7b2ef3c7-166d-4072-933c-0fa27d5a9c8c,1.7773434402696492e+18
7b2ef3c7-166d-4072-933c-0fa27d5a9c8c,1.7773434403029924e+18
7b2ef3c7-166d-4072-933c-0fa27d5a9c8c,1.7773434403363343e+18
7b2ef3c7-166d-4072-933c-0fa27d5a9c8c,1.7773434403696763e+18
7b2ef3c7-166d-4072-933c-0fa27d5a9c8c,1.7773434404030193e+18
7b2ef3c7-166d-4072-933c-0fa27d5a9c8c,1.7773434404363612e+18
7b2ef3c7-166d-4072-933c-0fa27d5a9c8c,1.7773434404697042e+18
7b2ef3c7-166d-4072-933c-0fa27d5a9c8c,1.7773434405030461e+18
7b2ef3c7-166d-4072-933c-0fa27d5a9c8c,1.7773434405363894e+18
7b2ef3c7-166d-4072-933c-0fa27d5a9c8c,1.7773434405697313e+18
7b2ef3c7-166d-4072-933c-0fa27d5a9c8c,1.7773434406030743e+18
7b2ef3c7-166d-4072-933c-0fa27d5a9c8c,1.7773434406364163e+18
7b2ef3c7-166d-4072-933c-0fa27d5a9c8c,1.7773434406697582e+18
7b2ef3c7-166d-4072-933c-0fa27d5a9c8c,1.7773434407031012e+18
7b2ef3c7-166d-4072-933c-0fa27d5a9c8c,1.7773434407364434e+18
7b2ef3c7-166d-4072-933c-0fa27d5a9c8c,1.7773434407697864e+18
7b2ef3c7-166d-4072-933c-0fa27d5a9c8c,1.7773434408031283e+18
7b2ef3c7-166d-4072-933c-0fa27d5a9c8c,1.7773434408364713e+18
7b2ef3c7-166d-4072-933c-0fa27d5a9c8c,1.7773434408698132e+18
7b2ef3c7-166d-4072-933c-0fa27d5a9c8c,1.7773434409031562e+18
7b2ef3c7-166d-4072-933c-0fa27d5a9c8c,1.7773434409364982e+18
7b2ef3c7-166d-4072-933c-0fa27d5a9c8c,1.7773434409698412e+18
7b2ef3c7-166d-4072-933c-0fa27d5a9c8c,1.7773434410031834e+18
7b2ef3c7-166d-4072-933c-0fa27d5a9c8c,1.7773434410365253e+18
7b2ef3c7-166d-4072-933c-0fa27d5a9c8c,1.7773434410698683e+18
7b2ef3c7-166d-4072-933c-0fa27d5a9c8c,1.7773434411032102e+18
7b2ef3c7-166d-4072-933c-0fa27d5a9c8c,1.7773434411365532e+18
7b2ef3c7-166d-4072-933c-0fa27d5a9c8c,1.7773434411698952e+18
7b2ef3c7-166d-4072-933c-0fa27d5a9c8c,1.7773434412032381e+18
7b2ef3c7-166d-4072-933c-0fa27d5a9c8c,1.7773434412365804e+18
7b2ef3c7-166d-4072-933c-0fa27d5a9c8c,1.7773434412699233e+18
7b2ef3c7-166d-4072-933c-0fa27d5a9c8c,1.7773434413032653e+18
7b2ef3c7-166d-4072-933c-0fa27d5a9c8c,1.7773434413366072e+18
7b2ef3c7-166d-4072-933c-0fa27d5a9c8c,1.7773434413699502e+18
7b2ef3c7-166d-4072-933c-0fa27d5a9c8c,1.7773434414032922e+18
7b2ef3c7-166d-4072-933c-0fa27d5a9c8c,1.7773434414366354e+18
7b2ef3c7-166d-4072-933c-0fa27d5a9c8c,1.7773434414699773e+18
7b2ef3c7-166d-4072-933c-0fa27d5a9c8c,1.7773434415033203e+18
7b2ef3c7-166d-4072-933c-0fa27d5a9c8c,1.7773434415366623e+18
7b2ef3c7-166d-4072-933c-0fa27d5a9c8c,1.7773434415700052e+18
7b2ef3c7-166d-4072-933c-0fa27d5a9c8c,1.7773434416033472e+18
7b2ef3c7-166d-4072-933c-0fa27d5a9c8c,1.7773434416366892e+18
7b2ef3c7-166d-4072-933c-0fa27d5a9c8c,1.7773434416700324e+18
7b2ef3c7-166d-4072-933c-0fa27d5a9c8c,1.7773434417033743e+18
7b2ef3c7-166d-4072-933c-0fa27d5a9c8c,1.7773434417367173e+18
7b2ef3c7-166d-4072-933c-0fa27d5a9c8c,1.7773434417700593e+18
7b2ef3c7-166d-4072-933c-0fa27d5a9c8c,1.7773434418034022e+18
7b2ef3c7-166d-4072-933c-0fa27d5a9c8c,1.7773434418367442e+18
7b2ef3c7-166d-4072-933c-0fa27d5a9c8c,1.7773434418700872e+18
7b2ef3c7-166d-4072-933c-0fa27d5a9c8c,1.7773434419034294e+18
7b2ef3c7-166d-4072-933c-0fa27d5a9c8c,1.7773434419367724e+18
7b2ef3c7-166d-4072-933c-0fa27d5a9c8c,1.7773434419701143e+18
7b2ef3c7-166d-4072-933c-0fa27d5a9c8c,1.7773434420034563e+18
7b2ef3c7-166d-4072-933c-0fa27d5a9c8c,1.7773434420367992e+18
7b2ef3c7-166d-4072-933c-0fa27d5a9c8c,1.7773434420701412e+18
7b2ef3c7-166d-4072-933c-0fa27d5a9c8c,1.7773434421034842e+18
7b2ef3c7-166d-4072-933c-0fa27d5a9c8c,1.7773434421368264e+18
7b2ef3c7-166d-4072-933c-0fa27d5a9c8c,1.7773434421701693e+18
7b2ef3c7-166d-4072-933c-0fa27d5a9c8c,1.7773434422035113e+18
7b2ef3c7-166d-4072-933c-0fa27d5a9c8c,1.7773434422368543e+18
7b2ef3c7-166d-4072-933c-0fa27d5a9c8c,1.7773434422701962e+18
7b2ef3c7-166d-4072-933c-0fa27d5a9c8c,1.7773434423035382e+18
7b2ef3c7-166d-4072-933c-0fa27d5a9c8c,1.7773434423368812e+18
7b2ef3c7-166d-4072-933c-0fa27d5a9c8c,1.7773434423702234e+18
7b2ef3c7-166d-4072-933c-0fa27d5a9c8c,1.7773434424035663e+18
7b2ef3c7-166d-4072-933c-0fa27d5a9c8c,1.7773434424369083e+18
7b2ef3c7-166d-4072-933c-0fa27d5a9c8c,1.7773434424702513e+18
7b2ef3c7-166d-4072-933c-0fa27d5a9c8c,1.7773434425035932e+18
7b2ef3c7-166d-4072-933c-0fa27d5a9c8c,1.7773434425369362e+18
7b2ef3c7-166d-4072-933c-0fa27d5a9c8c,1.7773434425702781e+18
7b2ef3c7-166d-4072-933c-0fa27d5a9c8c,1.7773434426036204e+18
7b2ef3c7-166d-4072-933c-0fa27d5a9c8c,1.7773434426369633e+18
7b2ef3c7-166d-4072-933c-0fa27d5a9c8c,1.7773434426703053e+18
7b2ef3c7-166d-4072-933c-0fa27d5a9c8c,1.7773434427036483e+18
7b2ef3c7-166d-4072-933c-0fa27d5a9c8c,1.7773434427369902e+18
7b2ef3c7-166d-4072-933c-0fa27d5a9c8c,1.7773434427703332e+18
7b2ef3c7-166d-4072-933c-0fa27d5a9c8c,1.7773434428036754e+18
7b2ef3c7-166d-4072-933c-0fa27d5a9c8c,1.7773434428370184e+18
7b2ef3c7-166d-4072-933c-0fa27d5a9c8c,1.7773434428703603e+18
7b2ef3c7-166d-4072-933c-0fa27d5a9c8c,1.7773434429037023e+18
7b2ef3c7-166d-4072-933c-0fa27d5a9c8c,1.7773434429370452e+18
7b2ef3c7-166d-4072-933c-0fa27d5a9c8c,1.7773434429703872e+18
7b2ef3c7-166d-4072-933c-0fa27d5a9c8c,1.7773434430037302e+18
7b2ef3c7-166d-4072-933c-0fa27d5a9c8c,1.7773434430370724e+18
7b2ef3c7-166d-4072-933c-0fa27d5a9c8c,1.7773434430704154e+18
7b2ef3c7-166d-4072-933c-0fa27d5a9c8c,1.7773434431037573e+18
7b2ef3c7-166d-4072-933c-0fa27d5a9c8c,1.7773434431371003e+18
7b2ef3c7-166d-4072-933c-0fa27d5a9c8c,1.7773434431704422e+18
7b2ef3c7-166d-4072-933c-0fa27d5a9c8c,1.7773434432037842e+18
7b2ef3c7-166d-4072-933c-0fa27d5a9c8c,1.7773434432371272e+18
7b2ef3c7-166d-4072-933c-0fa27d5a9c8c,1.7773434432704694e+18
7b2ef3c7-166d-4072-933c-0fa27d5a9c8c,1.7773434433038124e+18
7b2ef3c7-166d-4072-933c-0fa27d5a9c8c,1.7773434433371543e+18
7b2ef3c7-166d-4072-933c-0fa27d5a9c8c,1.7773434433704973e+18
7b2ef3c7-166d-4072-933c-0fa27d5a9c8c,1.7773434434038392e+18
7b2ef3c7-166d-4072-933c-0fa27d5a9c8c,1.7773434434371822e+18
7b2ef3c7-166d-4072-933c-0fa27d5a9c8c,1.7773434434705242e+18
7b2ef3c7-166d-4072-933c-0fa27d5a9c8c,1.7773434435038674e+18
7b2ef3c7-166d-4072-933c-0fa27d5a9c8c,1.7773434435372093e+18
7b2ef3c7-166d-4072-933c-0fa27d5a9c8c,1.7773434435705513e+18
7b2ef3c7-166d-4072-933c-0fa27d5a9c8c,1.7773434436038943e+18
7b2ef3c7-166d-4072-933c-0fa27d5a9c8c,1.7773434436372362e+18
7b2ef3c7-166d-4072-933c-0fa27d5a9c8c,1.7773434436705792e+18
7b2ef3c7-166d-4072-933c-0fa27d5a9c8c,1.7773434437039212e+18
7b2ef3c7-166d-4072-933c-0fa27d5a9c8c,1.7773434437372644e+18
7b2ef3c7-166d-4072-933c-0fa27d5a9c8c,1.7773434437706063e+18
7b2ef3c7-166d-4072-933c-0fa27d5a9c8c,1.7773434438039493e+18
7b2ef3c7-166d-4072-933c-0fa27d5a9c8c,1.7773434438372913e+18
7b2ef3c7-166d-4072-933c-0fa27d5a9c8c,1.7773434438706332e+18
7b2ef3c7-166d-4072-933c-0fa27d5a9c8c,1.7773434439039762e+18
7b2ef3c7-166d-4072-933c-0fa27d5a9c8c,1.7773434439373181e+18
7b2ef3c7-166d-4072-933c-0fa27d5a9c8c,1.7773434439706614e+18
7b2ef3c7-166d-4072-933c-0fa27d5a9c8c,1.7773434440040033e+18
7b2ef3c7-166d-4072-933c-0fa27d5a9c8c,1.7773434440373463e+18
7b2ef3c7-166d-4072-933c-0fa27d5a9c8c,1.7773434440706883e+18
7b2ef3c7-166d-4072-933c-0fa27d5a9c8c,1.7773434441040312e+18
7b2ef3c7-166d-4072-933c-0fa27d5a9c8c,1.7773434441373732e+18
7b2ef3c7-166d-4072-933c-0fa27d5a9c8c,1.7773434441707154e+18
7b2ef3c7-166d-4072-933c-0fa27d5a9c8c,1.7773434442040584e+18
7b2ef3c7-166d-4072-933c-0fa27d5a9c8c,1.7773434442374003e+18
7b2ef3c7-166d-4072-933c-0fa27d5a9c8c,1.7773434442707433e+18
7b2ef3c7-166d-4072-933c-0fa27d5a9c8c,1.7773434443040852e+18
7b2ef3c7-166d-4072-933c-0fa27d5a9c8c,1.7773434443374282e+18
7b2ef3c7-166d-4072-933c-0fa27d5a9c8c,1.7773434443707702e+18
7b2ef3c7-166d-4072-933c-0fa27d5a9c8c,1.7773434444041132e+18
7b2ef3c7-166d-4072-933c-0fa27d5a9c8c,1.7773434444374554e+18
7b2ef3c7-166d-4072-933c-0fa27d5a9c8c,1.7773434444707973e+18
7b2ef3c7-166d-4072-933c-0fa27d5a9c8c,1.7773434445041403e+18
7b2ef3c7-166d-4072-933c-0fa27d5a9c8c,1.7773434445374822e+18
7b2ef3c7-166d-4072-933c-0fa27d5a9c8c,1.7773434445708252e+18
7b2ef3c7-166d-4072-933c-0fa27d5a9c8c,1.7773434446041672e+18
7b2ef3c7-166d-4072-933c-0fa27d5a9c8c,1.7773434446375101e+18
7b2ef3c7-166d-4072-933c-0fa27d5a9c8c,1.7773434446708524e+18
7b2ef3c7-166d-4072-933c-0fa27d5a9c8c,1.7773434447041953e+18
7b2ef3c7-166d-4072-933c-0fa27d5a9c8c,1.7773434447375373e+18
7b2ef3c7-166d-4072-933c-0fa27d5a9c8c,1.7773434447708792e+18
7b2ef3c7-166d-4072-933c-0fa27d5a9c8c,1.7773434448042222e+18
7b2ef3c7-166d-4072-933c-0fa27d5a9c8c,1.7773434448375642e+18
7b2ef3c7-166d-4072-933c-0fa27d5a9c8c,1.7773434448709074e+18
7b2ef3c7-166d-4072-933c-0fa27d5a9c8c,1.7773434449042493e+18
7b2ef3c7-166d-4072-933c-0fa27d5a9c8c,1.7773434449375923e+18
7b2ef3c7-166d-4072-933c-0fa27d5a9c8c,1.7773434449709343e+18
7b2ef3c7-166d-4072-933c-0fa27d5a9c8c,1.7773434450042772e+18
7b2ef3c7-166d-4072-933c-0fa27d5a9c8c,1.7773434450376192e+18
7b2ef3c7-166d-4072-933c-0fa27d5a9c8c,1.7773434450709612e+18
7b2ef3c7-166d-4072-933c-0fa27d5a9c8c,1.7773434451043044e+18
7b2ef3c7-166d-4072-933c-0fa27d5a9c8c,1.7773434451376463e+18
7b2ef3c7-166d-4072-933c-0fa27d5a9c8c,1.7773434451709893e+18
7b2ef3c7-166d-4072-933c-0fa27d5a9c8c,1.7773434452043313e+18
7b2ef3c7-166d-4072-933c-0fa27d5a9c8c,1.7773434452376742e+18
7b2ef3c7-166d-4072-933c-0fa27d5a9c8c,1.7773434452710162e+18
7b2ef3c7-166d-4072-933c-0fa27d5a9c8c,1.7773434453043592e+18
7b2ef3c7-166d-4072-933c-0fa27d5a9c8c,1.7773434453377014e+18
7b2ef3c7-166d-4072-933c-0fa27d5a9c8c,1.7773434453710444e+18
7b2ef3c7-166d-4072-933c-0fa27d5a9c8c,1.7773434454043863e+18
7b2ef3c7-166d-4072-933c-0fa27d5a9c8c,1.7773434454377283e+18
7b2ef3c7-166d-4072-933c-0fa27d5a9c8c,1.7773434454710712e+18
7b2ef3c7-166d-4072-933c-0fa27d5a9c8c,1.7773434455044132e+18
7b2ef3c7-166d-4072-933c-0fa27d5a9c8c,1.7773434455377562e+18
7b2ef3c7-166d-4072-933c-0fa27d5a9c8c,1.7773434455710984e+18
7b2ef3c7-166d-4072-933c-0fa27d5a9c8c,1.7773434456044413e+18
7b2ef3c7-166d-4072-933c-0fa27d5a9c8c,1.7773434456377833e+18
7b2ef3c7-166d-4072-933c-0fa27d5a9c8c,1.7773434456711263e+18
7b2ef3c7-166d-4072-933c-0fa27d5a9c8c,1.7773434457044682e+18
7b2ef3c7-166d-4072-933c-0fa27d5a9c8c,1.7773434457378102e+18
7b2ef3c7-166d-4072-933c-0fa27d5a9c8c,1.7773434457711532e+18
7b2ef3c7-166d-4072-933c-0fa27d5a9c8c,1.7773434458044954e+18
7b2ef3c7-166d-4072-933c-0fa27d5a9c8c,1.7773434458378383e+18
7b2ef3c7-166d-4072-933c-0fa27d5a9c8c,1.7773434458711803e+18
7b2ef3c7-166d-4072-933c-0fa27d5a9c8c,1.7773434459045233e+18
7b2ef3c7-166d-4072-933c-0fa27d5a9c8c,1.7773434459378652e+18
7b2ef3c7-166d-4072-933c-0fa27d5a9c8c,1.7773434459712082e+18
7b2ef3c7-166d-4072-933c-0fa27d5a9c8c,1.7773434460045501e+18
7b2ef3c7-166d-4072-933c-0fa27d5a9c8c,1.7773434460378924e+18
7b2ef3c7-166d-4072-933c-0fa27d5a9c8c,1.7773434460712353e+18
7b2ef3c7-166d-4072-933c-0fa27d5a9c8c,1.7773434461045773e+18
7b2ef3c7-166d-4072-933c-0fa27d5a9c8c,1.7773434461379203e+18
7b2ef3c7-166d-4072-933c-0fa27d5a9c8c,1.7773434461712622e+18
7b2ef3c7-166d-4072-933c-0fa27d5a9c8c,1.7773434462046052e+18
7b2ef3c7-166d-4072-933c-0fa27d5a9c8c,1.7773434462379474e+18
7b2ef3c7-166d-4072-933c-0fa27d5a9c8c,1.7773434462712904e+18
7b2ef3c7-166d-4072-933c-0fa27d5a9c8c,1.7773434463046323e+18
7b2ef3c7-166d-4072-933c-0fa27d5a9c8c,1.7773434463379743e+18
7b2ef3c7-166d-4072-933c-0fa27d5a9c8c,1.7773434463713172e+18
7b2ef3c7-166d-4072-933c-0fa27d5a9c8c,1.7773434464046592e+18
7b2ef3c7-166d-4072-933c-0fa27d5a9c8c,1.7773434464380022e+18
7b2ef3c7-166d-4072-933c-0fa27d5a9c8c,1.7773434464713444e+18
7b2ef3c7-166d-4072-933c-0fa27d5a9c8c,1.7773434465046874e+18
7b2ef3c7-166d-4072-933c-0fa27d5a9c8c,1.7773434465380293e+18
7b2ef3c7-166d-4072-933c-0fa27d5a9c8c,1.7773434465713723e+18
7b2ef3c7-166d-4072-933c-0fa27d5a9c8c,1.7773434466047142e+18
7b2ef3c7-166d-4072-933c-0fa27d5a9c8c,1.7773434466380562e+18
7b2ef3c7-166d-4072-933c-0fa27d5a9c8c,1.7773434466713992e+18
7b2ef3c7-166d-4072-933c-0fa27d5a9c8c,1.7773434467047414e+18
7b2ef3c7-166d-4072-933c-0fa27d5a9c8c,1.7773434467380844e+18
7b2ef3c7-166d-4072-933c-0fa27d5a9c8c,1.7773434467714263e+18
7b2ef3c7-166d-4072-933c-0fa27d5a9c8c,1.7773434468047693e+18
7b2ef3c7-166d-4072-933c-0fa27d5a9c8c,1.7773434468381112e+18
7b2ef3c7-166d-4072-933c-0fa27d5a9c8c,1.7773434468714542e+18
7b2ef3c7-166d-4072-933c-0fa27d5a9c8c,1.7773434469047962e+18
7b2ef3c7-166d-4072-933c-0fa27d5a9c8c,1.7773434469381384e+18
7b2ef3c7-166d-4072-933c-0fa27d5a9c8c,1.7773434469714813e+18
7b2ef3c7-166d-4072-933c-0fa27d5a9c8c,1.7773434470048233e+18
7b2ef3c7-166d-4072-933c-0fa27d5a9c8c,1.7773434470381663e+18
7b2ef3c7-166d-4072-933c-0fa27d5a9c8c,1.7773434470715082e+18
7b2ef3c7-166d-4072-933c-0fa27d5a9c8c,1.7773434471048512e+18
7b2ef3c7-166d-4072-933c-0fa27d5a9c8c,1.7773434471381932e+18
7b2ef3c7-166d-4072-933c-0fa27d5a9c8c,1.7773434471715364e+18
7b2ef3c7-166d-4072-933c-0fa27d5a9c8c,1.7773434472048783e+18
7b2ef3c7-166d-4072-933c-0fa27d5a9c8c,1.7773434472382213e+18
7b2ef3c7-166d-4072-933c-0fa27d5a9c8c,1.7773434472715633e+18
7b2ef3c7-166d-4072-933c-0fa27d5a9c8c,1.7773434473049052e+18
7b2ef3c7-166d-4072-933c-0fa27d5a9c8c,1.7773434473382482e+18
7b2ef3c7-166d-4072-933c-0fa27d5a9c8c,1.7773434473715901e+18
7b2ef3c7-166d-4072-933c-0fa27d5a9c8c,1.7773434474049334e+18
7b2ef3c7-166d-4072-933c-0fa27d5a9c8c,1.7773434474382753e+18
7b2ef3c7-166d-4072-933c-0fa27d5a9c8c,1.7773434474716183e+18
7b2ef3c7-166d-4072-933c-0fa27d5a9c8c,1.7773434475049603e+18
7b2ef3c7-166d-4072-933c-0fa27d5a9c8c,1.7773434475383032e+18
7b2ef3c7-166d-4072-933c-0fa27d5a9c8c,1.7773434475716452e+18
7b2ef3c7-166d-4072-933c-0fa27d5a9c8c,1.7773434476049874e+18
7b2ef3c7-166d-4072-933c-0fa27d5a9c8c,1.7773434476383304e+18
7b2ef3c7-166d-4072-933c-0fa27d5a9c8c,1.7773434476716723e+18
7b2ef3c7-166d-4072-933c-0fa27d5a9c8c,1.7773434477050153e+18
7b2ef3c7-166d-4072-933c-0fa27d5a9c8c,1.7773434477383572e+18
7b2ef3c7-166d-4072-933c-0fa27d5a9c8c,1.7773434477717002e+18
7b2ef3c7-166d-4072-933c-0fa27d5a9c8c,1.7773434478050422e+18
7b2ef3c7-166d-4072-933c-0fa27d5a9c8c,1.7773434478383852e+18
7b2ef3c7-166d-4072-933c-0fa27d5a9c8c,1.7773434478717274e+18
7b2ef3c7-166d-4072-933c-0fa27d5a9c8c,1.7773434479050693e+18
7b2ef3c7-166d-4072-933c-0fa27d5a9c8c,1.7773434479384123e+18
7b2ef3c7-166d-4072-933c-0fa27d5a9c8c,1.7773434479717542e+18
7b2ef3c7-166d-4072-933c-0fa27d5a9c8c,1.7773434480050972e+18
7b2ef3c7-166d-4072-933c-0fa27d5a9c8c,1.7773434480384392e+18
7b2ef3c7-166d-4072-933c-0fa27d5a9c8c,1.7773434480717821e+18
7b2ef3c7-166d-4072-933c-0fa27d5a9c8c,1.7773434481051244e+18
7b2ef3c7-166d-4072-933c-0fa27d5a9c8c,1.7773434481384673e+18
7b2ef3c7-166d-4072-933c-0fa27d5a9c8c,1.7773434481718093e+18
7b2ef3c7-166d-4072-933c-0fa27d5a9c8c,1.7773434482051512e+18
7b2ef3c7-166d-4072-933c-0fa27d5a9c8c,1.7773434482384942e+18
7b2ef3c7-166d-4072-933c-0fa27d5a9c8c,1.7773434482718362e+18
7b2ef3c7-166d-4072-933c-0fa27d5a9c8c,1.7773434483051794e+18
7b2ef3c7-166d-4072-933c-0fa27d5a9c8c,1.7773434483385213e+18
7b2ef3c7-166d-4072-933c-0fa27d5a9c8c,1.7773434483718643e+18
7b2ef3c7-166d-4072-933c-0fa27d5a9c8c,1.7773434484052063e+18
7b2ef3c7-166d-4072-933c-0fa27d5a9c8c,1.7773434484385492e+18
7b2ef3c7-166d-4072-933c-0fa27d5a9c8c,1.7773434484718912e+18
7b2ef3c7-166d-4072-933c-0fa27d5a9c8c,1.7773434485052332e+18
7b2ef3c7-166d-4072-933c-0fa27d5a9c8c,1.7773434485385764e+18
7b2ef3c7-166d-4072-933c-0fa27d5a9c8c,1.7773434485719183e+18
7b2ef3c7-166d-4072-933c-0fa27d5a9c8c,1.7773434486052613e+18
7b2ef3c7-166d-4072-933c-0fa27d5a9c8c,1.7773434486386033e+18
7b2ef3c7-166d-4072-933c-0fa27d5a9c8c,1.7773434486719462e+18
7b2ef3c7-166d-4072-933c-0fa27d5a9c8c,1.7773434487052882e+18
7b2ef3c7-166d-4072-933c-0fa27d5a9c8c,1.7773434487386312e+18
7b2ef3c7-166d-4072-933c-0fa27d5a9c8c,1.7773434487719734e+18
7b2ef3c7-166d-4072-933c-0fa27d5a9c8c,1.7773434488053153e+18
7b2ef3c7-166d-4072-933c-0fa27d5a9c8c,1.7773434488386583e+18
7b2ef3c7-166d-4072-933c-0fa27d5a9c8c,1.7773434488720003e+18
7b2ef3c7-166d-4072-933c-0fa27d5a9c8c,1.7773434489053432e+18
7b2ef3c7-166d-4072-933c-0fa27d5a9c8c,1.7773434489386852e+18
7b2ef3c7-166d-4072-933c-0fa27d5a9c8c,1.7773434489720282e+18
7b2ef3c7-166d-4072-933c-0fa27d5a9c8c,1.7773434490053704e+18
7b2ef3c7-166d-4072-933c-0fa27d5a9c8c,1.7773434490387133e+18
7b2ef3c7-166d-4072-933c-0fa27d5a9c8c,1.7773434490720553e+18
7b2ef3c7-166d-4072-933c-0fa27d5a9c8c,1.7773434491053983e+18
7b2ef3c7-166d-4072-933c-0fa27d5a9c8c,1.7773434491387402e+18
7b2ef3c7-166d-4072-933c-0fa27d5a9c8c,1.7773434491720822e+18
7b2ef3c7-166d-4072-933c-0fa27d5a9c8c,1.7773434492054252e+18
7b2ef3c7-166d-4072-933c-0fa27d5a9c8c,1.7773434492387674e+18
7b2ef3c7-166d-4072-933c-0fa27d5a9c8c,1.7773434492721103e+18
7b2ef3c7-166d-4072-933c-0fa27d5a9c8c,1.7773434493054523e+18
7b2ef3c7-166d-4072-933c-0fa27d5a9c8c,1.7773434493387953e+18
7b2ef3c7-166d-4072-933c-0fa27d5a9c8c,1.7773434493721372e+18
7b2ef3c7-166d-4072-933c-0fa27d5a9c8c,1.7773434494054802e+18
7b2ef3c7-166d-4072-933c-0fa27d5a9c8c,1.7773434494388221e+18
7b2ef3c7-166d-4072-933c-0fa27d5a9c8c,1.7773434494721644e+18
7b2ef3c7-166d-4072-933c-0fa27d5a9c8c,1.7773434495055073e+18
7b2ef3c7-166d-4072-933c-0fa27d5a9c8c,1.7773434495388493e+18
7b2ef3c7-166d-4072-933c-0fa27d5a9c8c,1.7773434495721923e+18
7b2ef3c7-166d-4072-933c-0fa27d5a9c8c,1.7773434496055342e+18
7b2ef3c7-166d-4072-933c-0fa27d5a9c8c,1.7773434496388772e+18
7b2ef3c7-166d-4072-933c-0fa27d5a9c8c,1.7773434496722194e+18
7b2ef3c7-166d-4072-933c-0fa27d5a9c8c,1.7773434497055624e+18
7b2ef3c7-166d-4072-933c-0fa27d5a9c8c,1.7773434497389043e+18
7b2ef3c7-166d-4072-933c-0fa27d5a9c8c,1.7773434497722463e+18
7b2ef3c7-166d-4072-933c-0fa27d5a9c8c,1.7773434498055892e+18
7b2ef3c7-166d-4072-933c-0fa27d5a9c8c,1.7773434498389312e+18
7b2ef3c7-166d-4072-933c-0fa27d5a9c8c,1.7773434498722742e+18
7b2ef3c7-166d-4072-933c-0fa27d5a9c8c,1.7773434499056164e+18
7b2ef3c7-166d-4072-933c-0fa27d5a9c8c,1.7773434499389594e+18
7b2ef3c7-166d-4072-933c-0fa27d5a9c8c,1.7773434499723013e+18
7b2ef3c7-166d-4072-933c-0fa27d5a9c8c,1.7773434500056443e+18
7b2ef3c7-166d-4072-933c-0fa27d5a9c8c,1.7773434500389862e+18
7b2ef3c7-166d-4072-933c-0fa27d5a9c8c,1.7773434500723282e+18
7b2ef3c7-166d-4072-933c-0fa27d5a9c8c,1.7773434501056712e+18
7b2ef3c7-166d-4072-933c-0fa27d5a9c8c,1.7773434501390134e+18
7b2ef3c7-166d-4072-933c-0fa27d5a9c8c,1.7773434501723564e+18
7b2ef3c7-166d-4072-933c-0fa27d5a9c8c,1.7773434502056983e+18
7b2ef3c7-166d-4072-933c-0fa27d5a9c8c,1.7773434502390413e+18
7b2ef3c7-166d-4072-933c-0fa27d5a9c8c,1.7773434502723832e+18
7b2ef3c7-166d-4072-933c-0fa27d5a9c8c,1.7773434503057262e+18
7b2ef3c7-166d-4072-933c-0fa27d5a9c8c,1.7773434503390682e+18
7b2ef3c7-166d-4072-933c-0fa27d5a9c8c,1.7773434503724104e+18
7b2ef3c7-166d-4072-933c-0fa27d5a9c8c,1.7773434504057533e+18
7b2ef3c7-166d-4072-933c-0fa27d5a9c8c,1.7773434504390953e+18
7b2ef3c7-166d-4072-933c-0fa27d5a9c8c,1.7773434504724383e+18
7b2ef3c7-166d-4072-933c-0fa27d5a9c8c,1.7773434505057802e+18
7b2ef3c7-166d-4072-933c-0fa27d5a9c8c,1.7773434505391232e+18
7b2ef3c7-166d-4072-933c-0fa27d5a9c8c,1.7773434505724652e+18
7b2ef3c7-166d-4072-933c-0fa27d5a9c8c,1.7773434506058084e+18
7b2ef3c7-166d-4072-933c-0fa27d5a9c8c,1.7773434506391503e+18
7b2ef3c7-166d-4072-933c-0fa27d5a9c8c,1.7773434506724923e+18
7b2ef3c7-166d-4072-933c-0fa27d5a9c8c,1.7773434507058353e+18
7b2ef3c7-166d-4072-933c-0fa27d5a9c8c,1.7773434507391772e+18
7b2ef3c7-166d-4072-933c-0fa27d5a9c8c,1.7773434507725202e+18
7b2ef3c7-166d-4072-933c-0fa27d5a9c8c,1.7773434508058621e+18
7b2ef3c7-166d-4072-933c-0fa27d5a9c8c,1.7773434508392054e+18
7b2ef3c7-166d-4072-933c-0fa27d5a9c8c,1.7773434508725473e+18
7b2ef3c7-166d-4072-933c-0fa27d5a9c8c,1.7773434509058903e+18
7b2ef3c7-166d-4072-933c-0fa27d5a9c8c,1.7773434509392323e+18
7b2ef3c7-166d-4072-933c-0fa27d5a9c8c,1.7773434509725752e+18
7b2ef3c7-166d-4072-933c-0fa27d5a9c8c,1.7773434510059172e+18
7b2ef3c7-166d-4072-933c-0fa27d5a9c8c,1.7773434510392594e+18
7b2ef3c7-166d-4072-933c-0fa27d5a9c8c,1.7773434510726024e+18
7b2ef3c7-166d-4072-933c-0fa27d5a9c8c,1.7773434511059443e+18
7b2ef3c7-166d-4072-933c-0fa27d5a9c8c,1.7773434511392873e+18
7b2ef3c7-166d-4072-933c-0fa27d5a9c8c,1.7773434511726292e+18
7b2ef3c7-166d-4072-933c-0fa27d5a9c8c,1.7773434512059722e+18
7b2ef3c7-166d-4072-933c-0fa27d5a9c8c,1.7773434512393142e+18
7b2ef3c7-166d-4072-933c-0fa27d5a9c8c,1.7773434512726572e+18
7b2ef3c7-166d-4072-933c-0fa27d5a9c8c,1.7773434513059994e+18
7b2ef3c7-166d-4072-933c-0fa27d5a9c8c,1.7773434513393413e+18
7b2ef3c7-166d-4072-933c-0fa27d5a9c8c,1.7773434513726843e+18
7b2ef3c7-166d-4072-933c-0fa27d5a9c8c,1.7773434514060262e+18
7b2ef3c7-166d-4072-933c-0fa27d5a9c8c,1.7773434514393692e+18
7b2ef3c7-166d-4072-933c-0fa27d5a9c8c,1.7773434514727112e+18
7b2ef3c7-166d-4072-933c-0fa27d5a9c8c,1.7773434515060541e+18
7b2ef3c7-166d-4072-933c-0fa27d5a9c8c,1.7773434515393964e+18
7b2ef3c7-166d-4072-933c-0fa27d5a9c8c,1.7773434515727393e+18
7b2ef3c7-166d-4072-933c-0fa27d5a9c8c,1.7773434516060813e+18
7b2ef3c7-166d-4072-933c-0fa27d5a9c8c,1.7773434516394232e+18
7b2ef3c7-166d-4072-933c-0fa27d5a9c8c,1.7773434516727662e+18
7b2ef3c7-166d-4072-933c-0fa27d5a9c8c,1.7773434517061082e+18
7b2ef3c7-166d-4072-933c-0fa27d5a9c8c,1.7773434517394514e+18
7b2ef3c7-166d-4072-933c-0fa27d5a9c8c,1.7773434517727933e+18
7b2ef3c7-166d-4072-933c-0fa27d5a9c8c,1.7773434518061363e+18
7b2ef3c7-166d-4072-933c-0fa27d5a9c8c,1.7773434518394783e+18
7b2ef3c7-166d-4072-933c-0fa27d5a9c8c,1.7773434518728212e+18
7b2ef3c7-166d-4072-933c-0fa27d5a9c8c,1.7773434519061632e+18
7b2ef3c7-166d-4072-933c-0fa27d5a9c8c,1.7773434519395052e+18
7b2ef3c7-166d-4072-933c-0fa27d5a9c8c,1.7773434519728484e+18
7b2ef3c7-166d-4072-933c-0fa27d5a9c8c,1.7773434520061903e+18
7b2ef3c7-166d-4072-933c-0fa27d5a9c8c,1.7773434520395333e+18
7b2ef3c7-166d-4072-933c-0fa27d5a9c8c,1.7773434520728753e+18
7b2ef3c7-166d-4072-933c-0fa27d5a9c8c,1.7773434521062182e+18
7b2ef3c7-166d-4072-933c-0fa27d5a9c8c,1.7773434521395602e+18
7b2ef3c7-166d-4072-933c-0fa27d5a9c8c,1.7773434521729032e+18
7b2ef3c7-166d-4072-933c-0fa27d5a9c8c,1.7773434522062454e+18
7b2ef3c7-166d-4072-933c-0fa27d5a9c8c,1.7773434522395873e+18
7b2ef3c7-166d-4072-933c-0fa27d5a9c8c,1.7773434522729303e+18
7b2ef3c7-166d-4072-933c-0fa27d5a9c8c,1.7773434523062723e+18
7b2ef3c7-166d-4072-933c-0fa27d5a9c8c,1.7773434523396152e+18
7b2ef3c7-166d-4072-933c-0fa27d5a9c8c,1.7773434523729572e+18
7b2ef3c7-166d-4072-933c-0fa27d5a9c8c,1.7773434524063002e+18
7b2ef3c7-166d-4072-933c-0fa27d5a9c8c,1.7773434524396424e+18
7b2ef3c7-166d-4072-933c-0fa27d5a9c8c,1.7773434524729853e+18
7b2ef3c7-166d-4072-933c-0fa27d5a9c8c,1.7773434525063273e+18
7b2ef3c7-166d-4072-933c-0fa27d5a9c8c,1.7773434525396692e+18
7b2ef3c7-166d-4072-933c-0fa27d5a9c8c,1.7773434525730122e+18
7b2ef3c7-166d-4072-933c-0fa27d5a9c8c,1.7773434526063542e+18
7b2ef3c7-166d-4072-933c-0fa27d5a9c8c,1.7773434526396972e+18
7b2ef3c7-166d-4072-933c-0fa27d5a9c8c,1.7773434526730394e+18
7b2ef3c7-166d-4072-933c-0fa27d5a9c8c,1.7773434527063823e+18
7b2ef3c7-166d-4072-933c-0fa27d5a9c8c,1.7773434527397243e+18
7b2ef3c7-166d-4072-933c-0fa27d5a9c8c,1.7773434527730673e+18
7b2ef3c7-166d-4072-933c-0fa27d5a9c8c,1.7773434528064092e+18
7b2ef3c7-166d-4072-933c-0fa27d5a9c8c,1.7773434528397522e+18
7b2ef3c7-166d-4072-933c-0fa27d5a9c8c,1.7773434528730941e+18
7b2ef3c7-166d-4072-933c-0fa27d5a9c8c,1.7773434529064364e+18
7b2ef3c7-166d-4072-933c-0fa27d5a9c8c,1.7773434529397793e+18
7b2ef3c7-166d-4072-933c-0fa27d5a9c8c,1.7773434529731213e+18
7b2ef3c7-166d-4072-933c-0fa27d5a9c8c,1.7773434530064643e+18
7b2ef3c7-166d-4072-933c-0fa27d5a9c8c,1.7773434530398062e+18
7b2ef3c7-166d-4072-933c-0fa27d5a9c8c,1.7773434530731492e+18
7b2ef3c7-166d-4072-933c-0fa27d5a9c8c,1.7773434531064914e+18
7b2ef3c7-166d-4072-933c-0fa27d5a9c8c,1.7773434531398344e+18
7b2ef3c7-166d-4072-933c-0fa27d5a9c8c,1.7773434531731763e+18
7b2ef3c7-166d-4072-933c-0fa27d5a9c8c,1.7773434532065183e+18
7b2ef3c7-166d-4072-933c-0fa27d5a9c8c,1.7773434532398612e+18
7b2ef3c7-166d-4072-933c-0fa27d5a9c8c,1.7773434532732032e+18
7b2ef3c7-166d-4072-933c-0fa27d5a9c8c,1.7773434533065462e+18
7b2ef3c7-166d-4072-933c-0fa27d5a9c8c,1.7773434533398884e+18
7b2ef3c7-166d-4072-933c-0fa27d5a9c8c,1.7773434533732314e+18
7b2ef3c7-166d-4072-933c-0fa27d5a9c8c,1.7773434534065733e+18
7b2ef3c7-166d-4072-933c-0fa27d5a9c8c,1.7773434534399163e+18
7b2ef3c7-166d-4072-933c-0fa27d5a9c8c,1.7773434534732582e+18
7b2ef3c7-166d-4072-933c-0fa27d5a9c8c,1.7773434535066002e+18
7b2ef3c7-166d-4072-933c-0fa27d5a9c8c,1.7773434535399432e+18
7b2ef3c7-166d-4072-933c-0fa27d5a9c8c,1.7773434535732854e+18
7b2ef3c7-166d-4072-933c-0fa27d5a9c8c,1.7773434536066284e+18
7b2ef3c7-166d-4072-933c-0fa27d5a9c8c,1.7773434536399703e+18
7b2ef3c7-166d-4072-933c-0fa27d5a9c8c,1.7773434536733133e+18
7b2ef3c7-166d-4072-933c-0fa27d5a9c8c,1.7773434537066552e+18
7b2ef3c7-166d-4072-933c-0fa27d5a9c8c,1.7773434537399982e+18
7b2ef3c7-166d-4072-933c-0fa27d5a9c8c,1.7773434537733402e+18
7b2ef3c7-166d-4072-933c-0fa27d5a9c8c,1.7773434538066824e+18
7b2ef3c7-166d-4072-933c-0fa27d5a9c8c,1.7773434538400253e+18
7b2ef3c7-166d-4072-933c-0fa27d5a9c8c,1.7773434538733673e+18
7b2ef3c7-166d-4072-933c-0fa27d5a9c8c,1.7773434539067103e+18
7b2ef3c7-166d-4072-933c-0fa27d5a9c8c,1.7773434539400522e+18
7b2ef3c7-166d-4072-933c-0fa27d5a9c8c,1.7773434539733952e+18
7b2ef3c7-166d-4072-933c-0fa27d5a9c8c,1.7773434540067372e+18
7b2ef3c7-166d-4072-933c-0fa27d5a9c8c,1.7773434540400804e+18
7b2ef3c7-166d-4072-933c-0fa27d5a9c8c,1.7773434540734223e+18
7b2ef3c7-166d-4072-933c-0fa27d5a9c8c,1.7773434541067643e+18
7b2ef3c7-166d-4072-933c-0fa27d5a9c8c,1.7773434541401073e+18
7b2ef3c7-166d-4072-933c-0fa27d5a9c8c,1.7773434541734492e+18
7b2ef3c7-166d-4072-933c-0fa27d5a9c8c,1.7773434542067922e+18
7b2ef3c7-166d-4072-933c-0fa27d5a9c8c,1.7773434542401341e+18
7b2ef3c7-166d-4072-933c-0fa27d5a9c8c,1.7773434542734774e+18
7b2ef3c7-166d-4072-933c-0fa27d5a9c8c,1.7773434543068193e+18
7b2ef3c7-166d-4072-933c-0fa27d5a9c8c,1.7773434543401623e+18
7b2ef3c7-166d-4072-933c-0fa27d5a9c8c,1.7773434543735043e+18
7b2ef3c7-166d-4072-933c-0fa27d5a9c8c,1.7773434544068462e+18
7b2ef3c7-166d-4072-933c-0fa27d5a9c8c,1.7773434544401892e+18
7b2ef3c7-166d-4072-933c-0fa27d5a9c8c,1.7773434544735314e+18
7b2ef3c7-166d-4072-933c-0fa27d5a9c8c,1.7773434545068744e+18
7b2ef3c7-166d-4072-933c-0fa27d5a9c8c,1.7773434545402163e+18
7b2ef3c7-166d-4072-933c-0fa27d5a9c8c,1.7773434545735593e+18
7b2ef3c7-166d-4072-933c-0fa27d5a9c8c,1.7773434546069012e+18
7b2ef3c7-166d-4072-933c-0fa27d5a9c8c,1.7773434546402442e+18
7b2ef3c7-166d-4072-933c-0fa27d5a9c8c,1.7773434546735862e+18
7b2ef3c7-166d-4072-933c-0fa27d5a9c8c,1.7773434547069292e+18
7b2ef3c7-166d-4072-933c-0fa27d5a9c8c,1.7773434547402714e+18
7b2ef3c7-166d-4072-933c-0fa27d5a9c8c,1.7773434547736133e+18
7b2ef3c7-166d-4072-933c-0fa27d5a9c8c,1.7773434548069563e+18
7b2ef3c7-166d-4072-933c-0fa27d5a9c8c,1.7773434548402982e+18
7b2ef3c7-166d-4072-933c-0fa27d5a9c8c,1.7773434548736412e+18
7b2ef3c7-166d-4072-933c-0fa27d5a9c8c,1.7773434549069832e+18
7b2ef3c7-166d-4072-933c-0fa27d5a9c8c,1.7773434549403261e+18
7b2ef3c7-166d-4072-933c-0fa27d5a9c8c,1.7773434549736684e+18
7b2ef3c7-166d-4072-933c-0fa27d5a9c8c,1.7773434550070113e+18
7b2ef3c7-166d-4072-933c-0fa27d5a9c8c,1.7773434550403533e+18
7b2ef3c7-166d-4072-933c-0fa27d5a9c8c,1.7773434550736952e+18
7b2ef3c7-166d-4072-933c-0fa27d5a9c8c,1.7773434551070382e+18
7b2ef3c7-166d-4072-933c-0fa27d5a9c8c,1.7773434551403802e+18
7b2ef3c7-166d-4072-933c-0fa27d5a9c8c,1.7773434551737234e+18
7b2ef3c7-166d-4072-933c-0fa27d5a9c8c,1.7773434552070653e+18
7b2ef3c7-166d-4072-933c-0fa27d5a9c8c,1.7773434552404083e+18
7b2ef3c7-166d-4072-933c-0fa27d5a9c8c,1.7773434552737503e+18
7b2ef3c7-166d-4072-933c-0fa27d5a9c8c,1.7773434553070932e+18
7b2ef3c7-166d-4072-933c-0fa27d5a9c8c,1.7773434553404352e+18
7b2ef3c7-166d-4072-933c-0fa27d5a9c8c,1.7773434553737772e+18
7b2ef3c7-166d-4072-933c-0fa27d5a9c8c,1.7773434554071204e+18
7b2ef3c7-166d-4072-933c-0fa27d5a9c8c,1.7773434554404623e+18
7b2ef3c7-166d-4072-933c-0fa27d5a9c8c,1.7773434554738053e+18
7b2ef3c7-166d-4072-933c-0fa27d5a9c8c,1.7773434555071473e+18
7b2ef3c7-166d-4072-933c-0fa27d5a9c8c,1.7773434555404902e+18
7b2ef3c7-166d-4072-933c-0fa27d5a9c8c,1.7773434555738322e+18
7b2ef3c7-166d-4072-933c-0fa27d5a9c8c,1.7773434556071752e+18
7b2ef3c7-166d-4072-933c-0fa27d5a9c8c,1.7773434556405174e+18
7b2ef3c7-166d-4072-933c-0fa27d5a9c8c,1.7773434556738593e+18
7b2ef3c7-166d-4072-933c-0fa27d5a9c8c,1.7773434557072023e+18
7b2ef3c7-166d-4072-933c-0fa27d5a9c8c,1.7773434557405443e+18
7b2ef3c7-166d-4072-933c-0fa27d5a9c8c,1.7773434557738872e+18
7b2ef3c7-166d-4072-933c-0fa27d5a9c8c,1.7773434558072292e+18
7b2ef3c7-166d-4072-933c-0fa27d5a9c8c,1.7773434558405722e+18
7b2ef3c7-166d-4072-933c-0fa27d5a9c8c,1.7773434558739144e+18
7b2ef3c7-166d-4072-933c-0fa27d5a9c8c,1.7773434559072573e+18
7b2ef3c7-166d-4072-933c-0fa27d5a9c8c,1.7773434559405993e+18
7b2ef3c7-166d-4072-933c-0fa27d5a9c8c,1.7773434559739412e+18
7b2ef3c7-166d-4072-933c-0fa27d5a9c8c,1.7773434560072842e+18
7b2ef3c7-166d-4072-933c-0fa27d5a9c8c,1.7773434560406262e+18
7b2ef3c7-166d-4072-933c-0fa27d5a9c8c,1.7773434560739692e+18
7b2ef3c7-166d-4072-933c-0fa27d5a9c8c,1.7773434561073114e+18
7b2ef3c7-166d-4072-933c-0fa27d5a9c8c,1.7773434561406543e+18
7b2ef3c7-166d-4072-933c-0fa27d5a9c8c,1.7773434561739963e+18
7b2ef3c7-166d-4072-933c-0fa27d5a9c8c,1.7773434562073393e+18
7b2ef3c7-166d-4072-933c-0fa27d5a9c8c,1.7773434562406812e+18
7b2ef3c7-166d-4072-933c-0fa27d5a9c8c,1.7773434562740232e+18
7b2ef3c7-166d-4072-933c-0fa27d5a9c8c,1.7773434563073661e+18
7b2ef3c7-166d-4072-933c-0fa27d5a9c8c,1.7773434563407084e+18
7b2ef3c7-166d-4072-933c-0fa27d5a9c8c,1.7773434563740513e+18
7b2ef3c7-166d-4072-933c-0fa27d5a9c8c,1.7773434564073933e+18
7b2ef3c7-166d-4072-933c-0fa27d5a9c8c,1.7773434564407363e+18
7b2ef3c7-166d-4072-933c-0fa27d5a9c8c,1.7773434564740782e+18
7b2ef3c7-166d-4072-933c-0fa27d5a9c8c,1.7773434565074212e+18
7b2ef3c7-166d-4072-933c-0fa27d5a9c8c,1.7773434565407634e+18
7b2ef3c7-166d-4072-933c-0fa27d5a9c8c,1.7773434565741064e+18
7b2ef3c7-166d-4072-933c-0fa27d5a9c8c,1.7773434566074483e+18
7b2ef3c7-166d-4072-933c-0fa27d5a9c8c,1.7773434566407903e+18
7b2ef3c7-166d-4072-933c-0fa27d5a9c8c,1.7773434566741332e+18
7b2ef3c7-166d-4072-933c-0fa27d5a9c8c,1.7773434567074752e+18
7b2ef3c7-166d-4072-933c-0fa27d5a9c8c,1.7773434567408182e+18
7b2ef3c7-166d-4072-933c-0fa27d5a9c8c,1.7773434567741604e+18
7b2ef3c7-166d-4072-933c-0fa27d5a9c8c,1.7773434568075034e+18
7b2ef3c7-166d-4072-933c-0fa27d5a9c8c,1.7773434568408453e+18
7b2ef3c7-166d-4072-933c-0fa27d5a9c8c,1.7773434568741883e+18
7b2ef3c7-166d-4072-933c-0fa27d5a9c8c,1.7773434569075302e+18
7b2ef3c7-166d-4072-933c-0fa27d5a9c8c,1.7773434569408722e+18
7b2ef3c7-166d-4072-933c-0fa27d5a9c8c,1.7773434569742152e+18
7b2ef3c7-166d-4072-933c-0fa27d5a9c8c,1.7773434570075574e+18
7b2ef3c7-166d-4072-933c-0fa27d5a9c8c,1.7773434570409004e+18
7b2ef3c7-166d-4072-933c-0fa27d5a9c8c,1.7773434570742423e+18
7b2ef3c7-166d-4072-933c-0fa27d5a9c8c,1.7773434571075853e+18
7b2ef3c7-166d-4072-933c-0fa27d5a9c8c,1.7773434571409272e+18
7b2ef3c7-166d-4072-933c-0fa27d5a9c8c,1.7773434571742702e+18
7b2ef3c7-166d-4072-933c-0fa27d5a9c8c,1.7773434572076122e+18
7b2ef3c7-166d-4072-933c-0fa27d5a9c8c,1.7773434572409544e+18
7b2ef3c7-166d-4072-933c-0fa27d5a9c8c,1.7773434572742973e+18
7b2ef3c7-166d-4072-933c-0fa27d5a9c8c,1.7773434573076393e+18
7b2ef3c7-166d-4072-933c-0fa27d5a9c8c,1.7773434573409823e+18
7b2ef3c7-166d-4072-933c-0fa27d5a9c8c,1.7773434573743242e+18
7b2ef3c7-166d-4072-933c-0fa27d5a9c8c,1.7773434574076672e+18
7b2ef3c7-166d-4072-933c-0fa27d5a9c8c,1.7773434574410092e+18
7b2ef3c7-166d-4072-933c-0fa27d5a9c8c,1.7773434574743524e+18
7b2ef3c7-166d-4072-933c-0fa27d5a9c8c,1.7773434575076943e+18
7b2ef3c7-166d-4072-933c-0fa27d5a9c8c,1.7773434575410373e+18
7b2ef3c7-166d-4072-933c-0fa27d5a9c8c,1.7773434575743793e+18
7b2ef3c7-166d-4072-933c-0fa27d5a9c8c,1.7773434576077212e+18
7b2ef3c7-166d-4072-933c-0fa27d5a9c8c,1.7773434576410642e+18
7b2ef3c7-166d-4072-933c-0fa27d5a9c8c,1.7773434576744061e+18
7b2ef3c7-166d-4072-933c-0fa27d5a9c8c,1.7773434577077494e+18
7b2ef3c7-166d-4072-933c-0fa27d5a9c8c,1.7773434577410913e+18
7b2ef3c7-166d-4072-933c-0fa27d5a9c8c,1.7773434577744343e+18
7b2ef3c7-166d-4072-933c-0fa27d5a9c8c,1.7773434578077763e+18
7b2ef3c7-166d-4072-933c-0fa27d5a9c8c,1.7773434578411192e+18
7b2ef3c7-166d-4072-933c-0fa27d5a9c8c,1.7773434578744612e+18
7b2ef3c7-166d-4072-933c-0fa27d5a9c8c,1.7773434579078034e+18
7b2ef3c7-166d-4072-933c-0fa27d5a9c8c,1.7773434579411464e+18
7b2ef3c7-166d-4072-933c-0fa27d5a9c8c,1.7773434579744883e+18
7b2ef3c7-166d-4072-933c-0fa27d5a9c8c,1.7773434580078313e+18
7b2ef3c7-166d-4072-933c-0fa27d5a9c8c,1.7773434580411732e+18
7b2ef3c7-166d-4072-933c-0fa27d5a9c8c,1.7773434580745162e+18
7b2ef3c7-166d-4072-933c-0fa27d5a9c8c,1.7773434581078582e+18
7b2ef3c7-166d-4072-933c-0fa27d5a9c8c,1.7773434581412012e+18
7b2ef3c7-166d-4072-933c-0fa27d5a9c8c,1.7773434581745434e+18
7b2ef3c7-166d-4072-933c-0fa27d5a9c8c,1.7773434582078853e+18
7b2ef3c7-166d-4072-933c-0fa27d5a9c8c,1.7773434582412283e+18
7b2ef3c7-166d-4072-933c-0fa27d5a9c8c,1.7773434582745702e+18
7b2ef3c7-166d-4072-933c-0fa27d5a9c8c,1.7773434583079132e+18
7b2ef3c7-166d-4072-933c-0fa27d5a9c8c,1.7773434583412552e+18
7b2ef3c7-166d-4072-933c-0fa27d5a9c8c,1.7773434583745981e+18
7b2ef3c7-166d-4072-933c-0fa27d5a9c8c,1.7773434584079404e+18
7b2ef3c7-166d-4072-933c-0fa27d5a9c8c,1.7773434584412833e+18
7b2ef3c7-166d-4072-933c-0fa27d5a9c8c,1.7773434584746253e+18
7b2ef3c7-166d-4072-933c-0fa27d5a9c8c,1.7773434585079672e+18
7b2ef3c7-166d-4072-933c-0fa27d5a9c8c,1.7773434585413102e+18
7b2ef3c7-166d-4072-933c-0fa27d5a9c8c,1.7773434585746522e+18
7b2ef3c7-166d-4072-933c-0fa27d5a9c8c,1.7773434586079954e+18
7b2ef3c7-166d-4072-933c-0fa27d5a9c8c,1.7773434586413373e+18
7b2ef3c7-166d-4072-933c-0fa27d5a9c8c,1.7773434586746803e+18
7b2ef3c7-166d-4072-933c-0fa27d5a9c8c,1.7773434587080223e+18
7b2ef3c7-166d-4072-933c-0fa27d5a9c8c,1.7773434587413652e+18
7b2ef3c7-166d-4072-933c-0fa27d5a9c8c,1.7773434587747072e+18
7b2ef3c7-166d-4072-933c-0fa27d5a9c8c,1.7773434588080492e+18
7b2ef3c7-166d-4072-933c-0fa27d5a9c8c,1.7773434588413924e+18
7b2ef3c7-166d-4072-933c-0fa27d5a9c8c,1.7773434588747343e+18
7b2ef3c7-166d-4072-933c-0fa27d5a9c8c,1.7773434589080773e+18
7b2ef3c7-166d-4072-933c-0fa27d5a9c8c,1.7773434589414193e+18
7b2ef3c7-166d-4072-933c-0fa27d5a9c8c,1.7773434589747622e+18
7b2ef3c7-166d-4072-933c-0fa27d5a9c8c,1.7773434590081042e+18
7b2ef3c7-166d-4072-933c-0fa27d5a9c8c,1.7773434590414472e+18
7b2ef3c7-166d-4072-933c-0fa27d5a9c8c,1.7773434590747894e+18
7b2ef3c7-166d-4072-933c-0fa27d5a9c8c,1.7773434591081324e+18
7b2ef3c7-166d-4072-933c-0fa27d5a9c8c,1.7773434591414743e+18
7b2ef3c7-166d-4072-933c-0fa27d5a9c8c,1.7773434591748163e+18
7b2ef3c7-166d-4072-933c-0fa27d5a9c8c,1.7773434592081592e+18
7b2ef3c7-166d-4072-933c-0fa27d5a9c8c,1.7773434592415012e+18
7b2ef3c7-166d-4072-933c-0fa27d5a9c8c,1.7773434592748442e+18
7b2ef3c7-166d-4072-933c-0fa27d5a9c8c,1.7773434593081864e+18
7b2ef3c7-166d-4072-933c-0fa27d5a9c8c,1.7773434593415293e+18
7b2ef3c7-166d-4072-933c-0fa27d5a9c8c,1.7773434593748713e+18
7b2ef3c7-166d-4072-933c-0fa27d5a9c8c,1.7773434594082143e+18
7b2ef3c7-166d-4072-933c-0fa27d5a9c8c,1.7773434594415562e+18
7b2ef3c7-166d-4072-933c-0fa27d5a9c8c,1.7773434594748982e+18
7b2ef3c7-166d-4072-933c-0fa27d5a9c8c,1.7773434595082412e+18
7b2ef3c7-166d-4072-933c-0fa27d5a9c8c,1.7773434595415834e+18
7b2ef3c7-166d-4072-933c-0fa27d5a9c8c,1.7773434595749263e+18
7b2ef3c7-166d-4072-933c-0fa27d5a9c8c,1.7773434596082683e+18
7b2ef3c7-166d-4072-933c-0fa27d5a9c8c,1.7773434596416113e+18
7b2ef3c7-166d-4072-933c-0fa27d5a9c8c,1.7773434596749532e+18
7b2ef3c7-166d-4072-933c-0fa27d5a9c8c,1.7773434597082962e+18
7b2ef3c7-166d-4072-933c-0fa27d5a9c8c,1.7773434597416381e+18
7b2ef3c7-166d-4072-933c-0fa27d5a9c8c,1.7773434597749804e+18
7b2ef3c7-166d-4072-933c-0fa27d5a9c8c,1.7773434598083233e+18
7b2ef3c7-166d-4072-933c-0fa27d5a9c8c,1.7773434598416653e+18
7b2ef3c7-166d-4072-933c-0fa27d5a9c8c,1.7773434598750083e+18
7b2ef3c7-166d-4072-933c-0fa27d5a9c8c,1.7773434599083502e+18
7b2ef3c7-166d-4072-933c-0fa27d5a9c8c,1.7773434599416932e+18
7b2ef3c7-166d-4072-933c-0fa27d5a9c8c,1.7773434599750354e+18
7b2ef3c7-166d-4072-933c-0fa27d5a9c8c,1.7773434600083784e+18
7b2ef3c7-166d-4072-933c-0fa27d5a9c8c,1.7773434600417203e+18
7b2ef3c7-166d-4072-933c-0fa27d5a9c8c,1.7773434600750623e+18
7b2ef3c7-166d-4072-933c-0fa27d5a9c8c,1.7773434601084052e+18
7b2ef3c7-166d-4072-933c-0fa27d5a9c8c,1.7773434601417472e+18
7b2ef3c7-166d-4072-933c-0fa27d5a9c8c,1.7773434601750902e+18
7b2ef3c7-166d-4072-933c-0fa27d5a9c8c,1.7773434602084324e+18
7b2ef3c7-166d-4072-933c-0fa27d5a9c8c,1.7773434602417754e+18
7b2ef3c7-166d-4072-933c-0fa27d5a9c8c,1.7773434602751173e+18
7b2ef3c7-166d-4072-933c-0fa27d5a9c8c,1.7773434603084603e+18
7b2ef3c7-166d-4072-933c-0fa27d5a9c8c,1.7773434603418022e+18
7b2ef3c7-166d-4072-933c-0fa27d5a9c8c,1.7773434603751442e+18
7b2ef3c7-166d-4072-933c-0fa27d5a9c8c,1.7773434604084872e+18
7b2ef3c7-166d-4072-933c-0fa27d5a9c8c,1.7773434604418294e+18
7b2ef3c7-166d-4072-933c-0fa27d5a9c8c,1.7773434604751724e+18
7b2ef3c7-166d-4072-933c-0fa27d5a9c8c,1.7773434605085143e+18
7b2ef3c7-166d-4072-933c-0fa27d5a9c8c,1.7773434605418573e+18
7b2ef3c7-166d-4072-933c-0fa27d5a9c8c,1.7773434605751992e+18
7b2ef3c7-166d-4072-933c-0fa27d5a9c8c,1.7773434606085422e+18
7b2ef3c7-166d-4072-933c-0fa27d5a9c8c,1.7773434606418842e+18
7b2ef3c7-166d-4072-933c-0fa27d5a9c8c,1.7773434606752264e+18
7b2ef3c7-166d-4072-933c-0fa27d5a9c8c,1.7773434607085693e+18
7b2ef3c7-166d-4072-933c-0fa27d5a9c8c,1.7773434607419113e+18
7b2ef3c7-166d-4072-933c-0fa27d5a9c8c,1.7773434607752543e+18
7b2ef3c7-166d-4072-933c-0fa27d5a9c8c,1.7773434608085962e+18
7b2ef3c7-166d-4072-933c-0fa27d5a9c8c,1.7773434608419392e+18
7b2ef3c7-166d-4072-933c-0fa27d5a9c8c,1.7773434608752812e+18
7b2ef3c7-166d-4072-933c-0fa27d5a9c8c,1.7773434609086244e+18
7b2ef3c7-166d-4072-933c-0fa27d5a9c8c,1.7773434609419663e+18
7b2ef3c7-166d-4072-933c-0fa27d5a9c8c,1.7773434609753093e+18
7b2ef3c7-166d-4072-933c-0fa27d5a9c8c,1.7773434610086513e+18
7b2ef3c7-166d-4072-933c-0fa27d5a9c8c,1.7773434610419932e+18
7b2ef3c7-166d-4072-933c-0fa27d5a9c8c,1.7773434610753362e+18
7b2ef3c7-166d-4072-933c-0fa27d5a9c8c,1.7773434611086781e+18
7b2ef3c7-166d-4072-933c-0fa27d5a9c8c,1.7773434611420214e+18
7b2ef3c7-166d-4072-933c-0fa27d5a9c8c,1.7773434611753633e+18
7b2ef3c7-166d-4072-933c-0fa27d5a9c8c,1.7773434612087063e+18
7b2ef3c7-166d-4072-933c-0fa27d5a9c8c,1.7773434612420483e+18
7b2ef3c7-166d-4072-933c-0fa27d5a9c8c,1.7773434612753912e+18
7b2ef3c7-166d-4072-933c-0fa27d5a9c8c,1.7773434613087332e+18
7b2ef3c7-166d-4072-933c-0fa27d5a9c8c,1.7773434613420754e+18
7b2ef3c7-166d-4072-933c-0fa27d5a9c8c,1.7773434613754184e+18
7b2ef3c7-166d-4072-933c-0fa27d5a9c8c,1.7773434614087603e+18
7b2ef3c7-166d-4072-933c-0fa27d5a9c8c,1.7773434614421033e+18
7b2ef3c7-166d-4072-933c-0fa27d5a9c8c,1.7773434614754452e+18
7b2ef3c7-166d-4072-933c-0fa27d5a9c8c,1.7773434615087882e+18
7b2ef3c7-166d-4072-933c-0fa27d5a9c8c,1.7773434615421302e+18
7b2ef3c7-166d-4072-933c-0fa27d5a9c8c,1.7773434615754732e+18
7b2ef3c7-166d-4072-933c-0fa27d5a9c8c,1.7773434616088154e+18
7b2ef3c7-166d-4072-933c-0fa27d5a9c8c,1.7773434616421573e+18
7b2ef3c7-166d-4072-933c-0fa27d5a9c8c,1.7773434616755003e+18
7b2ef3c7-166d-4072-933c-0fa27d5a9c8c,1.7773434617088422e+18
7b2ef3c7-166d-4072-933c-0fa27d5a9c8c,1.7773434617421852e+18
7b2ef3c7-166d-4072-933c-0fa27d5a9c8c,1.7773434617755272e+18
7b2ef3c7-166d-4072-933c-0fa27d5a9c8c,1.7773434618088701e+18
7b2ef3c7-166d-4072-933c-0fa27d5a9c8c,1.7773434618422124e+18
7b2ef3c7-166d-4072-933c-0fa27d5a9c8c,1.7773434618755553e+18
7b2ef3c7-166d-4072-933c-0fa27d5a9c8c,1.7773434619088973e+18
7b2ef3c7-166d-4072-933c-0fa27d5a9c8c,1.7773434619422392e+18
7b2ef3c7-166d-4072-933c-0fa27d5a9c8c,1.7773434619755822e+18
7b2ef3c7-166d-4072-933c-0fa27d5a9c8c,1.7773434620089242e+18
7b2ef3c7-166d-4072-933c-0fa27d5a9c8c,1.7773434620422674e+18
7b2ef3c7-166d-4072-933c-0fa27d5a9c8c,1.7773434620756093e+18
7b2ef3c7-166d-4072-933c-0fa27d5a9c8c,1.7773434621089523e+18
7b2ef3c7-166d-4072-933c-0fa27d5a9c8c,1.7773434621422943e+18
7b2ef3c7-166d-4072-933c-0fa27d5a9c8c,1.7773434621756372e+18
7b2ef3c7-166d-4072-933c-0fa27d5a9c8c,1.7773434622089792e+18
7b2ef3c7-166d-4072-933c-0fa27d5a9c8c,1.7773434622423212e+18
7b2ef3c7-166d-4072-933c-0fa27d5a9c8c,1.7773434622756644e+18
7b2ef3c7-166d-4072-933c-0fa27d5a9c8c,1.7773434623090063e+18
7b2ef3c7-166d-4072-933c-0fa27d5a9c8c,1.7773434623423493e+18
7b2ef3c7-166d-4072-933c-0fa27d5a9c8c,1.7773434623756913e+18
7b2ef3c7-166d-4072-933c-0fa27d5a9c8c,1.7773434624090342e+18
7b2ef3c7-166d-4072-933c-0fa27d5a9c8c,1.7773434624423762e+18
7b2ef3c7-166d-4072-933c-0fa27d5a9c8c,1.7773434624757192e+18
7b2ef3c7-166d-4072-933c-0fa27d5a9c8c,1.7773434625090614e+18
7b2ef3c7-166d-4072-933c-0fa27d5a9c8c,1.7773434625424033e+18
7b2ef3c7-166d-4072-933c-0fa27d5a9c8c,1.7773434625757463e+18
7b2ef3c7-166d-4072-933c-0fa27d5a9c8c,1.7773434626090883e+18
7b2ef3c7-166d-4072-933c-0fa27d5a9c8c,1.7773434626424312e+18
7b2ef3c7-166d-4072-933c-0fa27d5a9c8c,1.7773434626757732e+18
7b2ef3c7-166d-4072-933c-0fa27d5a9c8c,1.7773434627091162e+18
7b2ef3c7-166d-4072-933c-0fa27d5a9c8c,1.7773434627424584e+18
7b2ef3c7-166d-4072-933c-0fa27d5a9c8c,1.7773434627758013e+18
7b2ef3c7-166d-4072-933c-0fa27d5a9c8c,1.7773434628091433e+18
7b2ef3c7-166d-4072-933c-0fa27d5a9c8c,1.7773434628424863e+18
7b2ef3c7-166d-4072-933c-0fa27d5a9c8c,1.7773434628758282e+18
7b2ef3c7-166d-4072-933c-0fa27d5a9c8c,1.7773434629091702e+18
7b2ef3c7-166d-4072-933c-0fa27d5a9c8c,1.7773434629425132e+18
7b2ef3c7-166d-4072-933c-0fa27d5a9c8c,1.7773434629758554e+18
7b2ef3c7-166d-4072-933c-0fa27d5a9c8c,1.7773434630091983e+18
7b2ef3c7-166d-4072-933c-0fa27d5a9c8c,1.7773434630425403e+18
7b2ef3c7-166d-4072-933c-0fa27d5a9c8c,1.7773434630758833e+18
7b2ef3c7-166d-4072-933c-0fa27d5a9c8c,1.7773434631092252e+18
7b2ef3c7-166d-4072-933c-0fa27d5a9c8c,1.7773434631425682e+18
7b2ef3c7-166d-4072-933c-0fa27d5a9c8c,1.7773434631759101e+18
7b2ef3c7-166d-4072-933c-0fa27d5a9c8c,1.7773434632092524e+18
7b2ef3c7-166d-4072-933c-0fa27d5a9c8c,1.7773434632425953e+18
7b2ef3c7-166d-4072-933c-0fa27d5a9c8c,1.7773434632759373e+18
7b2ef3c7-166d-4072-933c-0fa27d5a9c8c,1.7773434633092803e+18
7b2ef3c7-166d-4072-933c-0fa27d5a9c8c,1.7773434633426222e+18
7b2ef3c7-166d-4072-933c-0fa27d5a9c8c,1.7773434633759652e+18
7b2ef3c7-166d-4072-933c-0fa27d5a9c8c,1.7773434634093074e+18
7b2ef3c7-166d-4072-933c-0fa27d5a9c8c,1.7773434634426504e+18
7b2ef3c7-166d-4072-933c-0fa27d5a9c8c,1.7773434634759923e+18
7b2ef3c7-166d-4072-933c-0fa27d5a9c8c,1.7773434635093343e+18
7b2ef3c7-166d-4072-933c-0fa27d5a9c8c,1.7773434635426772e+18
7b2ef3c7-166d-4072-933c-0fa27d5a9c8c,1.7773434635760192e+18
7b2ef3c7-166d-4072-933c-0fa27d5a9c8c,1.7773434636093622e+18
7b2ef3c7-166d-4072-933c-0fa27d5a9c8c,1.7773434636427044e+18
7b2ef3c7-166d-4072-933c-0fa27d5a9c8c,1.7773434636760474e+18
7b2ef3c7-166d-4072-933c-0fa27d5a9c8c,1.7773434637093893e+18
7b2ef3c7-166d-4072-933c-0fa27d5a9c8c,1.7773434637427323e+18
7b2ef3c7-166d-4072-933c-0fa27d5a9c8c,1.7773434637760742e+18
7b2ef3c7-166d-4072-933c-0fa27d5a9c8c,1.7773434638094162e+18
7b2ef3c7-166d-4072-933c-0fa27d5a9c8c,1.7773434638427592e+18
7b2ef3c7-166d-4072-933c-0fa27d5a9c8c,1.7773434638761014e+18
7b2ef3c7-166d-4072-933c-0fa27d5a9c8c,1.7773434639094444e+18
7b2ef3c7-166d-4072-933c-0fa27d5a9c8c,1.7773434639427863e+18
7b2ef3c7-166d-4072-933c-0fa27d5a9c8c,1.7773434639761293e+18
7b2ef3c7-166d-4072-933c-0fa27d5a9c8c,1.7773434640094712e+18
7b2ef3c7-166d-4072-933c-0fa27d5a9c8c,1.7773434640428142e+18
7b2ef3c7-166d-4072-933c-0fa27d5a9c8c,1.7773434640761562e+18
7b2ef3c7-166d-4072-933c-0fa27d5a9c8c,1.7773434641094984e+18
7b2ef3c7-166d-4072-933c-0fa27d5a9c8c,1.7773434641428413e+18
7b2ef3c7-166d-4072-933c-0fa27d5a9c8c,1.7773434641761833e+18
7b2ef3c7-166d-4072-933c-0fa27d5a9c8c,1.7773434642095263e+18
7b2ef3c7-166d-4072-933c-0fa27d5a9c8c,1.7773434642428682e+18
7b2ef3c7-166d-4072-933c-0fa27d5a9c8c,1.7773434642762112e+18
7b2ef3c7-166d-4072-933c-0fa27d5a9c8c,1.7773434643095532e+18
7b2ef3c7-166d-4072-933c-0fa27d5a9c8c,1.7773434643428964e+18
7b2ef3c7-166d-4072-933c-0fa27d5a9c8c,1.7773434643762383e+18
7b2ef3c7-166d-4072-933c-0fa27d5a9c8c,1.7773434644095803e+18
7b2ef3c7-166d-4072-933c-0fa27d5a9c8c,1.7773434644429233e+18
7b2ef3c7-166d-4072-933c-0fa27d5a9c8c,1.7773434644762652e+18
7b2ef3c7-166d-4072-933c-0fa27d5a9c8c,1.7773434645096082e+18
7b2ef3c7-166d-4072-933c-0fa27d5a9c8c,1.7773434645429501e+18
7b2ef3c7-166d-4072-933c-0fa27d5a9c8c,1.7773434645762934e+18
7b2ef3c7-166d-4072-933c-0fa27d5a9c8c,1.7773434646096353e+18
7b2ef3c7-166d-4072-933c-0fa27d5a9c8c,1.7773434646429783e+18
7b2ef3c7-166d-4072-933c-0fa27d5a9c8c,1.7773434646763203e+18
7b2ef3c7-166d-4072-933c-0fa27d5a9c8c,1.7773434647096632e+18
7b2ef3c7-166d-4072-933c-0fa27d5a9c8c,1.7773434647430052e+18
7b2ef3c7-166d-4072-933c-0fa27d5a9c8c,1.7773434647763474e+18
7b2ef3c7-166d-4072-933c-0fa27d5a9c8c,1.7773434648096904e+18
7b2ef3c7-166d-4072-933c-0fa27d5a9c8c,1.7773434648430323e+18
7b2ef3c7-166d-4072-933c-0fa27d5a9c8c,1.7773434648763753e+18
7b2ef3c7-166d-4072-933c-0fa27d5a9c8c,1.7773434649097172e+18
7b2ef3c7-166d-4072-933c-0fa27d5a9c8c,1.7773434649430602e+18
7b2ef3c7-166d-4072-933c-0fa27d5a9c8c,1.7773434649764022e+18
7b2ef3c7-166d-4072-933c-0fa27d5a9c8c,1.7773434650097452e+18
7b2ef3c7-166d-4072-933c-0fa27d5a9c8c,1.7773434650430874e+18
7b2ef3c7-166d-4072-933c-0fa27d5a9c8c,1.7773434650764293e+18
7b2ef3c7-166d-4072-933c-0fa27d5a9c8c,1.7773434651097723e+18
7b2ef3c7-166d-4072-933c-0fa27d5a9c8c,1.7773434651431142e+18
7b2ef3c7-166d-4072-933c-0fa27d5a9c8c,1.7773434651764572e+18
7b2ef3c7-166d-4072-933c-0fa27d5a9c8c,1.7773434652097992e+18
7b2ef3c7-166d-4072-933c-0fa27d5a9c8c,1.7773434652431421e+18
7b2ef3c7-166d-4072-933c-0fa27d5a9c8c,1.7773434652764844e+18
7b2ef3c7-166d-4072-933c-0fa27d5a9c8c,1.7773434653098273e+18
7b2ef3c7-166d-4072-933c-0fa27d5a9c8c,1.7773434653431693e+18
7b2ef3c7-166d-4072-933c-0fa27d5a9c8c,1.7773434653765112e+18
7b2ef3c7-166d-4072-933c-0fa27d5a9c8c,1.7773434654098542e+18
7b2ef3c7-166d-4072-933c-0fa27d5a9c8c,1.7773434654431962e+18
7b2ef3c7-166d-4072-933c-0fa27d5a9c8c,1.7773434654765394e+18
7b2ef3c7-166d-4072-933c-0fa27d5a9c8c,1.7773434655098813e+18
7b2ef3c7-166d-4072-933c-0fa27d5a9c8c,1.7773434655432243e+18
7b2ef3c7-166d-4072-933c-0fa27d5a9c8c,1.7773434655765663e+18
7b2ef3c7-166d-4072-933c-0fa27d5a9c8c,1.7773434656099092e+18
7b2ef3c7-166d-4072-933c-0fa27d5a9c8c,1.7773434656432512e+18
7b2ef3c7-166d-4072-933c-0fa27d5a9c8c,1.7773434656765932e+18
7b2ef3c7-166d-4072-933c-0fa27d5a9c8c,1.7773434657099364e+18
7b2ef3c7-166d-4072-933c-0fa27d5a9c8c,1.7773434657432783e+18
7b2ef3c7-166d-4072-933c-0fa27d5a9c8c,1.7773434657766213e+18
7b2ef3c7-166d-4072-933c-0fa27d5a9c8c,1.7773434658099633e+18
7b2ef3c7-166d-4072-933c-0fa27d5a9c8c,1.7773434658433062e+18
7b2ef3c7-166d-4072-933c-0fa27d5a9c8c,1.7773434658766482e+18
7b2ef3c7-166d-4072-933c-0fa27d5a9c8c,1.7773434659099912e+18
7b2ef3c7-166d-4072-933c-0fa27d5a9c8c,1.7773434659433334e+18
7b2ef3c7-166d-4072-933c-0fa27d5a9c8c,1.7773434659766753e+18
7b2ef3c7-166d-4072-933c-0fa27d5a9c8c,1.7773434660100183e+18
7b2ef3c7-166d-4072-933c-0fa27d5a9c8c,1.7773434660433603e+18
7b2ef3c7-166d-4072-933c-0fa27d5a9c8c,1.7773434660767032e+18
7b2ef3c7-166d-4072-933c-0fa27d5a9c8c,1.7773434661100452e+18
7b2ef3c7-166d-4072-933c-0fa27d5a9c8c,1.7773434661433882e+18
7b2ef3c7-166d-4072-933c-0fa27d5a9c8c,1.7773434661767304e+18
7b2ef3c7-166d-4072-933c-0fa27d5a9c8c,1.7773434662100733e+18
7b2ef3c7-166d-4072-933c-0fa27d5a9c8c,1.7773434662434153e+18
7b2ef3c7-166d-4072-933c-0fa27d5a9c8c,1.7773434662767572e+18
7b2ef3c7-166d-4072-933c-0fa27d5a9c8c,1.7773434663101002e+18
7b2ef3c7-166d-4072-933c-0fa27d5a9c8c,1.7773434663434422e+18
7b2ef3c7-166d-4072-933c-0fa27d5a9c8c,1.7773434663767852e+18
7b2ef3c7-166d-4072-933c-0fa27d5a9c8c,1.7773434664101274e+18
7b2ef3c7-166d-4072-933c-0fa27d5a9c8c,1.7773434664434703e+18
7b2ef3c7-166d-4072-933c-0fa27d5a9c8c,1.7773434664768123e+18
7b2ef3c7-166d-4072-933c-0fa27d5a9c8c,1.7773434665101553e+18
7b2ef3c7-166d-4072-933c-0fa27d5a9c8c,1.7773434665434972e+18
7b2ef3c7-166d-4072-933c-0fa27d5a9c8c,1.7773434665768402e+18
7b2ef3c7-166d-4072-933c-0fa27d5a9c8c,1.7773434666101821e+18
7b2ef3c7-166d-4072-933c-0fa27d5a9c8c,1.7773434666435244e+18
7b2ef3c7-166d-4072-933c-0fa27d5a9c8c,1.7773434666768673e+18
7b2ef3c7-166d-4072-933c-0fa27d5a9c8c,1.7773434667102093e+18
7b2ef3c7-166d-4072-933c-0fa27d5a9c8c,1.7773434667435523e+18
7b2ef3c7-166d-4072-933c-0fa27d5a9c8c,1.7773434667768942e+18
7b2ef3c7-166d-4072-933c-0fa27d5a9c8c,1.7773434668102372e+18
7b2ef3c7-166d-4072-933c-0fa27d5a9c8c,1.7773434668435794e+18
7b2ef3c7-166d-4072-933c-0fa27d5a9c8c,1.7773434668769224e+18
7b2ef3c7-166d-4072-933c-0fa27d5a9c8c,1.7773434669102643e+18
7b2ef3c7-166d-4072-933c-0fa27d5a9c8c,1.7773434669436063e+18
7b2ef3c7-166d-4072-933c-0fa27d5a9c8c,1.7773434669769492e+18
7b2ef3c7-166d-4072-933c-0fa27d5a9c8c,1.7773434670102912e+18
7b2ef3c7-166d-4072-933c-0fa27d5a9c8c,1.7773434670436342e+18
7b2ef3c7-166d-4072-933c-0fa27d5a9c8c,1.7773434670769764e+18
7b2ef3c7-166d-4072-933c-0fa27d5a9c8c,1.7773434671103194e+18
7b2ef3c7-166d-4072-933c-0fa27d5a9c8c,1.7773434671436613e+18
7b2ef3c7-166d-4072-933c-0fa27d5a9c8c,1.7773434671770043e+18
7b2ef3c7-166d-4072-933c-0fa27d5a9c8c,1.7773434672103462e+18
7b2ef3c7-166d-4072-933c-0fa27d5a9c8c,1.7773434672436882e+18
7b2ef3c7-166d-4072-933c-0fa27d5a9c8c,1.7773434672770312e+18
7b2ef3c7-166d-4072-933c-0fa27d5a9c8c,1.7773434673103734e+18
7b2ef3c7-166d-4072-933c-0fa27d5a9c8c,1.7773434673437164e+18
7b2ef3c7-166d-4072-933c-0fa27d5a9c8c,1.7773434673770583e+18
7b2ef3c7-166d-4072-933c-0fa27d5a9c8c,1.7773434674104013e+18
7b2ef3c7-166d-4072-933c-0fa27d5a9c8c,1.7773434674437432e+18
7b2ef3c7-166d-4072-933c-0fa27d5a9c8c,1.7773434674770862e+18
7b2ef3c7-166d-4072-933c-0fa27d5a9c8c,1.7773434675104282e+18
7b2ef3c7-166d-4072-933c-0fa27d5a9c8c,1.7773434675437704e+18
7b2ef3c7-166d-4072-933c-0fa27d5a9c8c,1.7773434675771133e+18
7b2ef3c7-166d-4072-933c-0fa27d5a9c8c,1.7773434676104553e+18
7b2ef3c7-166d-4072-933c-0fa27d5a9c8c,1.7773434676437983e+18
7b2ef3c7-166d-4072-933c-0fa27d5a9c8c,1.7773434676771402e+18
7b2ef3c7-166d-4072-933c-0fa27d5a9c8c,1.7773434677104832e+18
7b2ef3c7-166d-4072-933c-0fa27d5a9c8c,1.7773434677438252e+18
7b2ef3c7-166d-4072-933c-0fa27d5a9c8c,1.7773434677771684e+18
7b2ef3c7-166d-4072-933c-0fa27d5a9c8c,1.7773434678105103e+18
7b2ef3c7-166d-4072-933c-0fa27d5a9c8c,1.7773434678438523e+18
7b2ef3c7-166d-4072-933c-0fa27d5a9c8c,1.7773434678771953e+18
7b2ef3c7-166d-4072-933c-0fa27d5a9c8c,1.7773434679105372e+18
7b2ef3c7-166d-4072-933c-0fa27d5a9c8c,1.7773434679438802e+18
7b2ef3c7-166d-4072-933c-0fa27d5a9c8c,1.7773434679772221e+18
7b2ef3c7-166d-4072-933c-0fa27d5a9c8c,1.7773434680105654e+18
7b2ef3c7-166d-4072-933c-0fa27d5a9c8c,1.7773434680439073e+18
7b2ef3c7-166d-4072-933c-0fa27d5a9c8c,1.7773434680772503e+18
7b2ef3c7-166d-4072-933c-0fa27d5a9c8c,1.7773434681105923e+18
7b2ef3c7-166d-4072-933c-0fa27d5a9c8c,1.7773434681439342e+18
7b2ef3c7-166d-4072-933c-0fa27d5a9c8c,1.7773434681772772e+18
7b2ef3c7-166d-4072-933c-0fa27d5a9c8c,1.7773434682106194e+18
7b2ef3c7-166d-4072-933c-0fa27d5a9c8c,1.7773434682439624e+18
7b2ef3c7-166d-4072-933c-0fa27d5a9c8c,1.7773434682773043e+18
7b2ef3c7-166d-4072-933c-0fa27d5a9c8c,1.7773434683106473e+18
7b2ef3c7-166d-4072-933c-0fa27d5a9c8c,1.7773434683439892e+18
7b2ef3c7-166d-4072-933c-0fa27d5a9c8c,1.7773434683773322e+18
7b2ef3c7-166d-4072-933c-0fa27d5a9c8c,1.7773434684106742e+18
7b2ef3c7-166d-4072-933c-0fa27d5a9c8c,1.7773434684440172e+18
7b2ef3c7-166d-4072-933c-0fa27d5a9c8c,1.7773434684773594e+18
7b2ef3c7-166d-4072-933c-0fa27d5a9c8c,1.7773434685107013e+18
7b2ef3c7-166d-4072-933c-0fa27d5a9c8c,1.7773434685440443e+18
7b2ef3c7-166d-4072-933c-0fa27d5a9c8c,1.7773434685773862e+18
7b2ef3c7-166d-4072-933c-0fa27d5a9c8c,1.7773434686107292e+18
7b2ef3c7-166d-4072-933c-0fa27d5a9c8c,1.7773434686440712e+18
7b2ef3c7-166d-4072-933c-0fa27d5a9c8c,1.7773434686774141e+18
7b2ef3c7-166d-4072-933c-0fa27d5a9c8c,1.7773434687107564e+18
7b2ef3c7-166d-4072-933c-0fa27d5a9c8c,1.7773434687440993e+18
7b2ef3c7-166d-4072-933c-0fa27d5a9c8c,1.7773434687774413e+18
7b2ef3c7-166d-4072-933c-0fa27d5a9c8c,1.7773434688107832e+18
7b2ef3c7-166d-4072-933c-0fa27d5a9c8c,1.7773434688441262e+18
7b2ef3c7-166d-4072-933c-0fa27d5a9c8c,1.7773434688774682e+18
7b2ef3c7-166d-4072-933c-0fa27d5a9c8c,1.7773434689108114e+18
7b2ef3c7-166d-4072-933c-0fa27d5a9c8c,1.7773434689441533e+18
7b2ef3c7-166d-4072-933c-0fa27d5a9c8c,1.7773434689774963e+18
7b2ef3c7-166d-4072-933c-0fa27d5a9c8c,1.7773434690108383e+18
7b2ef3c7-166d-4072-933c-0fa27d5a9c8c,1.7773434690441812e+18
7b2ef3c7-166d-4072-933c-0fa27d5a9c8c,1.7773434690775232e+18
7b2ef3c7-166d-4072-933c-0fa27d5a9c8c,1.7773434691108652e+18
7b2ef3c7-166d-4072-933c-0fa27d5a9c8c,1.7773434691442084e+18
7b2ef3c7-166d-4072-933c-0fa27d5a9c8c,1.7773434691775503e+18
7b2ef3c7-166d-4072-933c-0fa27d5a9c8c,1.7773434692108933e+18
7b2ef3c7-166d-4072-933c-0fa27d5a9c8c,1.7773434692442353e+18
7b2ef3c7-166d-4072-933c-0fa27d5a9c8c,1.7773434692775782e+18
7b2ef3c7-166d-4072-933c-0fa27d5a9c8c,1.7773434693140713e+18
7b2ef3c7-166d-4072-933c-0fa27d5a9c8c,1.7773434693474143e+18
7b2ef3c7-166d-4072-933c-0fa27d5a9c8c,1.7773434693807572e+18
7b2ef3c7-166d-4072-933c-0fa27d5a9c8c,1.7773434694141002e+18
7b2ef3c7-166d-4072-933c-0fa27d5a9c8c,1.7773434694474432e+18
7b2ef3c7-166d-4072-933c-0fa27d5a9c8c,1.7773434694807862e+18
7b2ef3c7-166d-4072-933c-0fa27d5a9c8c,1.7773434695141292e+18
7b2ef3c7-166d-4072-933c-0fa27d5a9c8c,1.7773434695474724e+18
7b2ef3c7-166d-4072-933c-0fa27d5a9c8c,1.7773434695808154e+18
7b2ef3c7-166d-4072-933c-0fa27d5a9c8c,1.7773434696141583e+18
7b2ef3c7-166d-4072-933c-0fa27d5a9c8c,1.7773434696475013e+18
7b2ef3c7-166d-4072-933c-0fa27d5a9c8c,1.7773434696808443e+18
7b2ef3c7-166d-4072-933c-0fa27d5a9c8c,1.7773434697141873e+18
7b2ef3c7-166d-4072-933c-0fa27d5a9c8c,1.7773434697475302e+18
7b2ef3c7-166d-4072-933c-0fa27d5a9c8c,1.7773434697808732e+18
7b2ef3c7-166d-4072-933c-0fa27d5a9c8c,1.7773434698142162e+18
7b2ef3c7-166d-4072-933c-0fa27d5a9c8c,1.7773434698475592e+18
7b2ef3c7-166d-4072-933c-0fa27d5a9c8c,1.7773434698809021e+18
7b2ef3c7-166d-4072-933c-0fa27d5a9c8c,1.7773434699142454e+18
7b2ef3c7-166d-4072-933c-0fa27d5a9c8c,1.7773434699475884e+18
7b2ef3c7-166d-4072-933c-0fa27d5a9c8c,1.7773434699809313e+18
7b2ef3c7-166d-4072-933c-0fa27d5a9c8c,1.7773434700142743e+18
7b2ef3c7-166d-4072-933c-0fa27d5a9c8c,1.7773434700476173e+18
7b2ef3c7-166d-4072-933c-0fa27d5a9c8c,1.7773434700809603e+18
7b2ef3c7-166d-4072-933c-0fa27d5a9c8c,1.7773434701143032e+18
7b2ef3c7-166d-4072-933c-0fa27d5a9c8c,1.7773434701476462e+18
7b2ef3c7-166d-4072-933c-0fa27d5a9c8c,1.7773434701809892e+18
7b2ef3c7-166d-4072-933c-0fa27d5a9c8c,1.7773434702143322e+18
7b2ef3c7-166d-4072-933c-0fa27d5a9c8c,1.7773434702476754e+18
7b2ef3c7-166d-4072-933c-0fa27d5a9c8c,1.7773434702810184e+18
7b2ef3c7-166d-4072-933c-0fa27d5a9c8c,1.7773434703143624e+18
7b2ef3c7-166d-4072-933c-0fa27d5a9c8c,1.7773434703477053e+18
7b2ef3c7-166d-4072-933c-0fa27d5a9c8c,1.7773434703810483e+18
7b2ef3c7-166d-4072-933c-0fa27d5a9c8c,1.7773434704143913e+18
7b2ef3c7-166d-4072-933c-0fa27d5a9c8c,1.7773434704477343e+18
7b2ef3c7-166d-4072-933c-0fa27d5a9c8c,1.7773434704810772e+18
7b2ef3c7-166d-4072-933c-0fa27d5a9c8c,1.7773434705144202e+18
7b2ef3c7-166d-4072-933c-0fa27d5a9c8c,1.7773434705477632e+18
7b2ef3c7-166d-4072-933c-0fa27d5a9c8c,1.7773434705811062e+18
7b2ef3c7-166d-4072-933c-0fa27d5a9c8c,1.7773434706144492e+18
7b2ef3c7-166d-4072-933c-0fa27d5a9c8c,1.7773434706477924e+18
7b2ef3c7-166d-4072-933c-0fa27d5a9c8c,1.7773434706811354e+18
7b2ef3c7-166d-4072-933c-0fa27d5a9c8c,1.7773434707144783e+18
7b2ef3c7-166d-4072-933c-0fa27d5a9c8c,1.7773434707478213e+18
7b2ef3c7-166d-4072-933c-0fa27d5a9c8c,1.7773434707811643e+18
7b2ef3c7-166d-4072-933c-0fa27d5a9c8c,1.7773434708145073e+18
7b2ef3c7-166d-4072-933c-0fa27d5a9c8c,1.7773434708478502e+18
7b2ef3c7-166d-4072-933c-0fa27d5a9c8c,1.7773434708811932e+18
7b2ef3c7-166d-4072-933c-0fa27d5a9c8c,1.7773434709145362e+18
7b2ef3c7-166d-4072-933c-0fa27d5a9c8c,1.7773434709478792e+18
7b2ef3c7-166d-4072-933c-0fa27d5a9c8c,1.7773434709812221e+18
7b2ef3c7-166d-4072-933c-0fa27d5a9c8c,1.7773434710145654e+18
7b2ef3c7-166d-4072-933c-0fa27d5a9c8c,1.7773434710479084e+18
7b2ef3c7-166d-4072-933c-0fa27d5a9c8c,1.7773434710812513e+18
7b2ef3c7-166d-4072-933c-0fa27d5a9c8c,1.7773434711145943e+18
7b2ef3c7-166d-4072-933c-0fa27d5a9c8c,1.7773434711479373e+18
7b2ef3c7-166d-4072-933c-0fa27d5a9c8c,1.7773434711812803e+18
7b2ef3c7-166d-4072-933c-0fa27d5a9c8c,1.7773434712146232e+18
7b2ef3c7-166d-4072-933c-0fa27d5a9c8c,1.7773434712479662e+18
7b2ef3c7-166d-4072-933c-0fa27d5a9c8c,1.7773434712813092e+18
7b2ef3c7-166d-4072-933c-0fa27d5a9c8c,1.7773434713146522e+18
7b2ef3c7-166d-4072-933c-0fa27d5a9c8c,1.7773434713479954e+18
7b2ef3c7-166d-4072-933c-0fa27d5a9c8c,1.7773434713813384e+18
7b2ef3c7-166d-4072-933c-0fa27d5a9c8c,1.7773434714146813e+18
7b2ef3c7-166d-4072-933c-0fa27d5a9c8c,1.7773434714480243e+18
7b2ef3c7-166d-4072-933c-0fa27d5a9c8c,1.7773434714813673e+18
7b2ef3c7-166d-4072-933c-0fa27d5a9c8c,1.7773434715147103e+18
7b2ef3c7-166d-4072-933c-0fa27d5a9c8c,1.7773434715480532e+18
7b2ef3c7-166d-4072-933c-0fa27d5a9c8c,1.7773434715813962e+18
7b2ef3c7-166d-4072-933c-0fa27d5a9c8c,1.7773434716147392e+18
7b2ef3c7-166d-4072-933c-0fa27d5a9c8c,1.7773434716480832e+18
7b2ef3c7-166d-4072-933c-0fa27d5a9c8c,1.7773434716814262e+18
7b2ef3c7-166d-4072-933c-0fa27d5a9c8c,1.7773434717147692e+18
7b2ef3c7-166d-4072-933c-0fa27d5a9c8c,1.7773434717481124e+18
7b2ef3c7-166d-4072-933c-0fa27d5a9c8c,1.7773434717814554e+18
7b2ef3c7-166d-4072-933c-0fa27d5a9c8c,1.7773434718147983e+18
7b2ef3c7-166d-4072-933c-0fa27d5a9c8c,1.7773434718481413e+18
7b2ef3c7-166d-4072-933c-0fa27d5a9c8c,1.7773434718814843e+18
7b2ef3c7-166d-4072-933c-0fa27d5a9c8c,1.7773434719148273e+18
7b2ef3c7-166d-4072-933c-0fa27d5a9c8c,1.7773434719481702e+18
7b2ef3c7-166d-4072-933c-0fa27d5a9c8c,1.7773434719815132e+18
7b2ef3c7-166d-4072-933c-0fa27d5a9c8c,1.7773434720148562e+18
7b2ef3c7-166d-4072-933c-0fa27d5a9c8c,1.7773434720481992e+18
7b2ef3c7-166d-4072-933c-0fa27d5a9c8c,1.7773434720815421e+18
7b2ef3c7-166d-4072-933c-0fa27d5a9c8c,1.7773434721148854e+18
7b2ef3c7-166d-4072-933c-0fa27d5a9c8c,1.7773434721482284e+18
7b2ef3c7-166d-4072-933c-0fa27d5a9c8c,1.7773434721815713e+18
7b2ef3c7-166d-4072-933c-0fa27d5a9c8c,1.7773434722149143e+18
7b2ef3c7-166d-4072-933c-0fa27d5a9c8c,1.7773434722482573e+18
7b2ef3c7-166d-4072-933c-0fa27d5a9c8c,1.7773434722816003e+18
7b2ef3c7-166d-4072-933c-0fa27d5a9c8c,1.7773434723149432e+18
7b2ef3c7-166d-4072-933c-0fa27d5a9c8c,1.7773434723482862e+18
7b2ef3c7-166d-4072-933c-0fa27d5a9c8c,1.7773434723816292e+18
7b2ef3c7-166d-4072-933c-0fa27d5a9c8c,1.7773434724149722e+18
7b2ef3c7-166d-4072-933c-0fa27d5a9c8c,1.7773434724483154e+18
7b2ef3c7-166d-4072-933c-0fa27d5a9c8c,1.7773434724816584e+18
7b2ef3c7-166d-4072-933c-0fa27d5a9c8c,1.7773434725150013e+18
7b2ef3c7-166d-4072-933c-0fa27d5a9c8c,1.7773434725483443e+18
7b2ef3c7-166d-4072-933c-0fa27d5a9c8c,1.7773434725816873e+18
7b2ef3c7-166d-4072-933c-0fa27d5a9c8c,1.7773434726150303e+18
7b2ef3c7-166d-4072-933c-0fa27d5a9c8c,1.7773434726483732e+18
7b2ef3c7-166d-4072-933c-0fa27d5a9c8c,1.7773434726817162e+18
7b2ef3c7-166d-4072-933c-0fa27d5a9c8c,1.7773434727150592e+18
7b2ef3c7-166d-4072-933c-0fa27d5a9c8c,1.7773434727484022e+18
7b2ef3c7-166d-4072-933c-0fa27d5a9c8c,1.7773434727817452e+18
7b2ef3c7-166d-4072-933c-0fa27d5a9c8c,1.7773434728150884e+18
7b2ef3c7-166d-4072-933c-0fa27d5a9c8c,1.7773434728484314e+18
7b2ef3c7-166d-4072-933c-0fa27d5a9c8c,1.7773434728817743e+18
7b2ef3c7-166d-4072-933c-0fa27d5a9c8c,1.7773434729151173e+18
7b2ef3c7-166d-4072-933c-0fa27d5a9c8c,1.7773434729484603e+18
7b2ef3c7-166d-4072-933c-0fa27d5a9c8c,1.7773434729818033e+18
7b2ef3c7-166d-4072-933c-0fa27d5a9c8c,1.7773434730151462e+18
7b2ef3c7-166d-4072-933c-0fa27d5a9c8c,1.7773434730484892e+18
7b2ef3c7-166d-4072-933c-0fa27d5a9c8c,1.7773434730818322e+18
7b2ef3c7-166d-4072-933c-0fa27d5a9c8c,1.7773434731151762e+18
7b2ef3c7-166d-4072-933c-0fa27d5a9c8c,1.7773434731485192e+18
7b2ef3c7-166d-4072-933c-0fa27d5a9c8c,1.7773434731818621e+18
7b2ef3c7-166d-4072-933c-0fa27d5a9c8c,1.7773434732152054e+18
7b2ef3c7-166d-4072-933c-0fa27d5a9c8c,1.7773434732485484e+18
7b2ef3c7-166d-4072-933c-0fa27d5a9c8c,1.7773434732818913e+18
7b2ef3c7-166d-4072-933c-0fa27d5a9c8c,1.7773434733152343e+18
7b2ef3c7-166d-4072-933c-0fa27d5a9c8c,1.7773434733485773e+18
7b2ef3c7-166d-4072-933c-0fa27d5a9c8c,1.7773434733819203e+18
7b2ef3c7-166d-4072-933c-0fa27d5a9c8c,1.7773434734152632e+18
7b2ef3c7-166d-4072-933c-0fa27d5a9c8c,1.7773434734486062e+18
7b2ef3c7-166d-4072-933c-0fa27d5a9c8c,1.7773434734819492e+18
7b2ef3c7-166d-4072-933c-0fa27d5a9c8c,1.7773434735152922e+18
7b2ef3c7-166d-4072-933c-0fa27d5a9c8c,1.7773434735486354e+18
7b2ef3c7-166d-4072-933c-0fa27d5a9c8c,1.7773434735819784e+18
7b2ef3c7-166d-4072-933c-0fa27d5a9c8c,1.7773434736153213e+18
7b2ef3c7-166d-4072-933c-0fa27d5a9c8c,1.7773434736486643e+18
7b2ef3c7-166d-4072-933c-0fa27d5a9c8c,1.7773434736820073e+18
7b2ef3c7-166d-4072-933c-0fa27d5a9c8c,1.7773434737153503e+18
7b2ef3c7-166d-4072-933c-0fa27d5a9c8c,1.7773434737486932e+18
7b2ef3c7-166d-4072-933c-0fa27d5a9c8c,1.7773434737820362e+18
7b2ef3c7-166d-4072-933c-0fa27d5a9c8c,1.7773434738153792e+18
7b2ef3c7-166d-4072-933c-0fa27d5a9c8c,1.7773434738487222e+18
7b2ef3c7-166d-4072-933c-0fa27d5a9c8c,1.7773434738820652e+18
7b2ef3c7-166d-4072-933c-0fa27d5a9c8c,1.7773434739154084e+18
7b2ef3c7-166d-4072-933c-0fa27d5a9c8c,1.7773434739487514e+18
7b2ef3c7-166d-4072-933c-0fa27d5a9c8c,1.7773434739820943e+18
7b2ef3c7-166d-4072-933c-0fa27d5a9c8c,1.7773434740154373e+18
7b2ef3c7-166d-4072-933c-0fa27d5a9c8c,1.7773434740487803e+18
7b2ef3c7-166d-4072-933c-0fa27d5a9c8c,1.7773434740821233e+18
7b2ef3c7-166d-4072-933c-0fa27d5a9c8c,1.7773434741154662e+18
7b2ef3c7-166d-4072-933c-0fa27d5a9c8c,1.7773434741488092e+18
7b2ef3c7-166d-4072-933c-0fa27d5a9c8c,1.7773434741821522e+18
7b2ef3c7-166d-4072-933c-0fa27d5a9c8c,1.7773434742154952e+18
7b2ef3c7-166d-4072-933c-0fa27d5a9c8c,1.7773434742488381e+18
7b2ef3c7-166d-4072-933c-0fa27d5a9c8c,1.7773434742821814e+18
7b2ef3c7-166d-4072-933c-0fa27d5a9c8c,1.7773434743155244e+18
7b2ef3c7-166d-4072-933c-0fa27d5a9c8c,1.7773434743488673e+18
7b2ef3c7-166d-4072-933c-0fa27d5a9c8c,1.7773434743822103e+18
7b2ef3c7-166d-4072-933c-0fa27d5a9c8c,1.7773434744155533e+18
7b2ef3c7-166d-4072-933c-0fa27d5a9c8c,1.7773434744488973e+18
7b2ef3c7-166d-4072-933c-0fa27d5a9c8c,1.7773434744822403e+18
7b2ef3c7-166d-4072-933c-0fa27d5a9c8c,1.7773434745155832e+18
7b2ef3c7-166d-4072-933c-0fa27d5a9c8c,1.7773434745489262e+18
7b2ef3c7-166d-4072-933c-0fa27d5a9c8c,1.7773434745822692e+18
7b2ef3c7-166d-4072-933c-0fa27d5a9c8c,1.7773434746156122e+18
7b2ef3c7-166d-4072-933c-0fa27d5a9c8c,1.7773434746489554e+18
7b2ef3c7-166d-4072-933c-0fa27d5a9c8c,1.7773434746822984e+18
7b2ef3c7-166d-4072-933c-0fa27d5a9c8c,1.7773434747156413e+18
7b2ef3c7-166d-4072-933c-0fa27d5a9c8c,1.7773434747489843e+18
7b2ef3c7-166d-4072-933c-0fa27d5a9c8c,1.7773434747823273e+18
7b2ef3c7-166d-4072-933c-0fa27d5a9c8c,1.7773434748156703e+18
7b2ef3c7-166d-4072-933c-0fa27d5a9c8c,1.7773434748490132e+18
7b2ef3c7-166d-4072-933c-0fa27d5a9c8c,1.7773434748823562e+18
7b2ef3c7-166d-4072-933c-0fa27d5a9c8c,1.7773434749156992e+18
7b2ef3c7-166d-4072-933c-0fa27d5a9c8c,1.7773434749490422e+18
7b2ef3c7-166d-4072-933c-0fa27d5a9c8c,1.7773434749823852e+18
7b2ef3c7-166d-4072-933c-0fa27d5a9c8c,1.7773434750157284e+18
7b2ef3c7-166d-4072-933c-0fa27d5a9c8c,1.7773434750490714e+18
7b2ef3c7-166d-4072-933c-0fa27d5a9c8c,1.7773434750824143e+18
7b2ef3c7-166d-4072-933c-0fa27d5a9c8c,1.7773434751157573e+18
7b2ef3c7-166d-4072-933c-0fa27d5a9c8c,1.7773434751491003e+18
7b2ef3c7-166d-4072-933c-0fa27d5a9c8c,1.7773434751824433e+18
7b2ef3c7-166d-4072-933c-0fa27d5a9c8c,1.7773434752157862e+18
7b2ef3c7-166d-4072-933c-0fa27d5a9c8c,1.7773434752491292e+18
7b2ef3c7-166d-4072-933c-0fa27d5a9c8c,1.7773434752824722e+18
7b2ef3c7-166d-4072-933c-0fa27d5a9c8c,1.7773434753158152e+18
7b2ef3c7-166d-4072-933c-0fa27d5a9c8c,1.7773434753491581e+18
7b2ef3c7-166d-4072-933c-0fa27d5a9c8c,1.7773434753825014e+18
7b2ef3c7-166d-4072-933c-0fa27d5a9c8c,1.7773434754158444e+18
7b2ef3c7-166d-4072-933c-0fa27d5a9c8c,1.7773434754491873e+18
7b2ef3c7-166d-4072-933c-0fa27d5a9c8c,1.7773434754825303e+18
7b2ef3c7-166d-4072-933c-0fa27d5a9c8c,1.7773434755158733e+18
7b2ef3c7-166d-4072-933c-0fa27d5a9c8c,1.7773434755492163e+18
7b2ef3c7-166d-4072-933c-0fa27d5a9c8c,1.7773434755825592e+18
7b2ef3c7-166d-4072-933c-0fa27d5a9c8c,1.7773434756159022e+18
7b2ef3c7-166d-4072-933c-0fa27d5a9c8c,1.7773434756492452e+18
7b2ef3c7-166d-4072-933c-0fa27d5a9c8c,1.7773434756825882e+18
7b2ef3c7-166d-4072-933c-0fa27d5a9c8c,1.7773434757159314e+18
7b2ef3c7-166d-4072-933c-0fa27d5a9c8c,1.7773434757492744e+18
7b2ef3c7-166d-4072-933c-0fa27d5a9c8c,1.7773434757826184e+18
7b2ef3c7-166d-4072-933c-0fa27d5a9c8c,1.7773434758159613e+18
7b2ef3c7-166d-4072-933c-0fa27d5a9c8c,1.7773434758493043e+18
7b2ef3c7-166d-4072-933c-0fa27d5a9c8c,1.7773434758826473e+18
7b2ef3c7-166d-4072-933c-0fa27d5a9c8c,1.7773434759159903e+18
7b2ef3c7-166d-4072-933c-0fa27d5a9c8c,1.7773434759493332e+18
7b2ef3c7-166d-4072-933c-0fa27d5a9c8c,1.7773434759826762e+18
7b2ef3c7-166d-4072-933c-0fa27d5a9c8c,1.7773434760160192e+18
7b2ef3c7-166d-4072-933c-0fa27d5a9c8c,1.7773434760493622e+18
7b2ef3c7-166d-4072-933c-0fa27d5a9c8c,1.7773434760827052e+18
7b2ef3c7-166d-4072-933c-0fa27d5a9c8c,1.7773434761160484e+18
7b2ef3c7-166d-4072-933c-0fa27d5a9c8c,1.7773434761493914e+18
7b2ef3c7-166d-4072-933c-0fa27d5a9c8c,1.7773434761827343e+18
7b2ef3c7-166d-4072-933c-0fa27d5a9c8c,1.7773434762160773e+18
7b2ef3c7-166d-4072-933c-0fa27d5a9c8c,1.7773434762494203e+18
7b2ef3c7-166d-4072-933c-0fa27d5a9c8c,1.7773434762827633e+18
7b2ef3c7-166d-4072-933c-0fa27d5a9c8c,1.7773434763161062e+18
7b2ef3c7-166d-4072-933c-0fa27d5a9c8c,1.7773434763494492e+18
7b2ef3c7-166d-4072-933c-0fa27d5a9c8c,1.7773434763827922e+18
7b2ef3c7-166d-4072-933c-0fa27d5a9c8c,1.7773434764161352e+18
7b2ef3c7-166d-4072-933c-0fa27d5a9c8c,1.7773434764494781e+18
7b2ef3c7-166d-4072-933c-0fa27d5a9c8c,1.7773434764828214e+18
7b2ef3c7-166d-4072-933c-0fa27d5a9c8c,1.7773434765161644e+18
7b2ef3c7-166d-4072-933c-0fa27d5a9c8c,1.7773434765495073e+18
7b2ef3c7-166d-4072-933c-0fa27d5a9c8c,1.7773434765828503e+18
7b2ef3c7-166d-4072-933c-0fa27d5a9c8c,1.7773434766161933e+18
7b2ef3c7-166d-4072-933c-0fa27d5a9c8c,1.7773434766495363e+18
7b2ef3c7-166d-4072-933c-0fa27d5a9c8c,1.7773434766828792e+18
7b2ef3c7-166d-4072-933c-0fa27d5a9c8c,1.7773434767162222e+18
7b2ef3c7-166d-4072-933c-0fa27d5a9c8c,1.7773434767495652e+18
7b2ef3c7-166d-4072-933c-0fa27d5a9c8c,1.7773434767829082e+18
7b2ef3c7-166d-4072-933c-0fa27d5a9c8c,1.7773434768162514e+18
7b2ef3c7-166d-4072-933c-0fa27d5a9c8c,1.7773434768495944e+18
7b2ef3c7-166d-4072-933c-0fa27d5a9c8c,1.7773434768829373e+18
7b2ef3c7-166d-4072-933c-0fa27d5a9c8c,1.7773434769162803e+18
7b2ef3c7-166d-4072-933c-0fa27d5a9c8c,1.7773434769496233e+18
7b2ef3c7-166d-4072-933c-0fa27d5a9c8c,1.7773434769829663e+18
7b2ef3c7-166d-4072-933c-0fa27d5a9c8c,1.7773434770163092e+18
7b2ef3c7-166d-4072-933c-0fa27d5a9c8c,1.7773434770496522e+18
7b2ef3c7-166d-4072-933c-0fa27d5a9c8c,1.7773434770829952e+18
7b2ef3c7-166d-4072-933c-0fa27d5a9c8c,1.7773434771163382e+18
7b2ef3c7-166d-4072-933c-0fa27d5a9c8c,1.7773434771496812e+18
7b2ef3c7-166d-4072-933c-0fa27d5a9c8c,1.7773434771830252e+18
7b2ef3c7-166d-4072-933c-0fa27d5a9c8c,1.7773434772163684e+18
7b2ef3c7-166d-4072-933c-0fa27d5a9c8c,1.7773434772497114e+18
7b2ef3c7-166d-4072-933c-0fa27d5a9c8c,1.7773434772830543e+18
7b2ef3c7-166d-4072-933c-0fa27d5a9c8c,1.7773434773163973e+18
7b2ef3c7-166d-4072-933c-0fa27d5a9c8c,1.7773434773497403e+18
7b2ef3c7-166d-4072-933c-0fa27d5a9c8c,1.7773434773830833e+18
7b2ef3c7-166d-4072-933c-0fa27d5a9c8c,1.7773434774164262e+18
7b2ef3c7-166d-4072-933c-0fa27d5a9c8c,1.7773434774497692e+18
7b2ef3c7-166d-4072-933c-0fa27d5a9c8c,1.7773434774831122e+18
7b2ef3c7-166d-4072-933c-0fa27d5a9c8c,1.7773434775164552e+18
7b2ef3c7-166d-4072-933c-0fa27d5a9c8c,1.7773434775497981e+18
7b2ef3c7-166d-4072-933c-0fa27d5a9c8c,1.7773434775831414e+18
7b2ef3c7-166d-4072-933c-0fa27d5a9c8c,1.7773434776164844e+18
7b2ef3c7-166d-4072-933c-0fa27d5a9c8c,1.7773434776498273e+18
7b2ef3c7-166d-4072-933c-0fa27d5a9c8c,1.7773434776831703e+18
7b2ef3c7-166d-4072-933c-0fa27d5a9c8c,1.7773434777165133e+18
7b2ef3c7-166d-4072-933c-0fa27d5a9c8c,1.7773434777498563e+18
7b2ef3c7-166d-4072-933c-0fa27d5a9c8c,1.7773434777831992e+18
7b2ef3c7-166d-4072-933c-0fa27d5a9c8c,1.7773434778165422e+18
7b2ef3c7-166d-4072-933c-0fa27d5a9c8c,1.7773434778498852e+18
7b2ef3c7-166d-4072-933c-0fa27d5a9c8c,1.7773434778832282e+18
7b2ef3c7-166d-4072-933c-0fa27d5a9c8c,1.7773434779165714e+18
7b2ef3c7-166d-4072-933c-0fa27d5a9c8c,1.7773434779499144e+18
7b2ef3c7-166d-4072-933c-0fa27d5a9c8c,1.7773434779832573e+18
7b2ef3c7-166d-4072-933c-0fa27d5a9c8c,1.7773434780166003e+18
7b2ef3c7-166d-4072-933c-0fa27d5a9c8c,1.7773434780499433e+18
7b2ef3c7-166d-4072-933c-0fa27d5a9c8c,1.7773434780832863e+18
7b2ef3c7-166d-4072-933c-0fa27d5a9c8c,1.7773434781166292e+18
7b2ef3c7-166d-4072-933c-0fa27d5a9c8c,1.7773434781499722e+18
7b2ef3c7-166d-4072-933c-0fa27d5a9c8c,1.7773434781833152e+18
7b2ef3c7-166d-4072-933c-0fa27d5a9c8c,1.7773434782166582e+18
7b2ef3c7-166d-4072-933c-0fa27d5a9c8c,1.7773434782500012e+18
7b2ef3c7-166d-4072-933c-0fa27d5a9c8c,1.7773434782833444e+18
7b2ef3c7-166d-4072-933c-0fa27d5a9c8c,1.7773434783166874e+18
7b2ef3c7-166d-4072-933c-0fa27d5a9c8c,1.7773434783500303e+18
7b2ef3c7-166d-4072-933c-0fa27d5a9c8c,1.7773434783833733e+18
7b2ef3c7-166d-4072-933c-0fa27d5a9c8c,1.7773434784167163e+18
7b2ef3c7-166d-4072-933c-0fa27d5a9c8c,1.7773434784500593e+18
7b2ef3c7-166d-4072-933c-0fa27d5a9c8c,1.7773434784834022e+18
7b2ef3c7-166d-4072-933c-0fa27d5a9c8c,1.7773434785167452e+18
7b2ef3c7-166d-4072-933c-0fa27d5a9c8c,1.7773434785500882e+18
7b2ef3c7-166d-4072-933c-0fa27d5a9c8c,1.7773434785834322e+18
7b2ef3c7-166d-4072-933c-0fa27d5a9c8c,1.7773434786167752e+18
7b2ef3c7-166d-4072-933c-0fa27d5a9c8c,1.7773434786501181e+18
7b2ef3c7-166d-4072-933c-0fa27d5a9c8c,1.7773434786834614e+18
7b2ef3c7-166d-4072-933c-0fa27d5a9c8c,1.7773434787168044e+18
7b2ef3c7-166d-4072-933c-0fa27d5a9c8c,1.7773434787501473e+18
7b2ef3c7-166d-4072-933c-0fa27d5a9c8c,1.7773434787834903e+18
7b2ef3c7-166d-4072-933c-0fa27d5a9c8c,1.7773434788168333e+18
7b2ef3c7-166d-4072-933c-0fa27d5a9c8c,1.7773434788501763e+18
7b2ef3c7-166d-4072-933c-0fa27d5a9c8c,1.7773434788835192e+18
7b2ef3c7-166d-4072-933c-0fa27d5a9c8c,1.7773434789168622e+18
7b2ef3c7-166d-4072-933c-0fa27d5a9c8c,1.7773434789502052e+18
7b2ef3c7-166d-4072-933c-0fa27d5a9c8c,1.7773434789835482e+18
7b2ef3c7-166d-4072-933c-0fa27d5a9c8c,1.7773434790168914e+18
7b2ef3c7-166d-4072-933c-0fa27d5a9c8c,1.7773434790502344e+18
7b2ef3c7-166d-4072-933c-0fa27d5a9c8c,1.7773434790835773e+18
7b2ef3c7-166d-4072-933c-0fa27d5a9c8c,1.7773434791169203e+18
7b2ef3c7-166d-4072-933c-0fa27d5a9c8c,1.7773434791502633e+18
7b2ef3c7-166d-4072-933c-0fa27d5a9c8c,1.7773434791836063e+18
7b2ef3c7-166d-4072-933c-0fa27d5a9c8c,1.7773434792169492e+18
7b2ef3c7-166d-4072-933c-0fa27d5a9c8c,1.7773434792502922e+18
7b2ef3c7-166d-4072-933c-0fa27d5a9c8c,1.7773434792836352e+18
7b2ef3c7-166d-4072-933c-0fa27d5a9c8c,1.7773434793169782e+18
7b2ef3c7-166d-4072-933c-0fa27d5a9c8c,1.7773434793503212e+18
7b2ef3c7-166d-4072-933c-0fa27d5a9c8c,1.7773434793836644e+18
7b2ef3c7-166d-4072-933c-0fa27d5a9c8c,1.7773434794170074e+18
7b2ef3c7-166d-4072-933c-0fa27d5a9c8c,1.7773434794503503e+18
7b2ef3c7-166d-4072-933c-0fa27d5a9c8c,1.7773434794836933e+18
7b2ef3c7-166d-4072-933c-0fa27d5a9c8c,1.7773434795170363e+18
7b2ef3c7-166d-4072-933c-0fa27d5a9c8c,1.7773434795503793e+18
7b2ef3c7-166d-4072-933c-0fa27d5a9c8c,1.7773434795837222e+18
7b2ef3c7-166d-4072-933c-0fa27d5a9c8c,1.7773434796170652e+18
7b2ef3c7-166d-4072-933c-0fa27d5a9c8c,1.7773434796504082e+18
7b2ef3c7-166d-4072-933c-0fa27d5a9c8c,1.7773434796837512e+18
7b2ef3c7-166d-4072-933c-0fa27d5a9c8c,1.7773434797170941e+18
7b2ef3c7-166d-4072-933c-0fa27d5a9c8c,1.7773434797504374e+18
7b2ef3c7-166d-4072-933c-0fa27d5a9c8c,1.7773434797837804e+18
7b2ef3c7-166d-4072-933c-0fa27d5a9c8c,1.7773434798171233e+18
7b2ef3c7-166d-4072-933c-0fa27d5a9c8c,1.7773434798504663e+18
7b2ef3c7-166d-4072-933c-0fa27d5a9c8c,1.7773434798838093e+18
7b2ef3c7-166d-4072-933c-0fa27d5a9c8c,1.7773434799171533e+18
7b2ef3c7-166d-4072-933c-0fa27d5a9c8c,1.7773434799504963e+18
7b2ef3c7-166d-4072-933c-0fa27d5a9c8c,1.7773434799838392e+18
7b2ef3c7-166d-4072-933c-0fa27d5a9c8c,1.7773434800171822e+18
7b2ef3c7-166d-4072-933c-0fa27d5a9c8c,1.7773434800505252e+18
7b2ef3c7-166d-4072-933c-0fa27d5a9c8c,1.7773434800838682e+18
7b2ef3c7-166d-4072-933c-0fa27d5a9c8c,1.7773434801172114e+18
7b2ef3c7-166d-4072-933c-0fa27d5a9c8c,1.7773434801505544e+18
7b2ef3c7-166d-4072-933c-0fa27d5a9c8c,1.7773434801838973e+18
7b2ef3c7-166d-4072-933c-0fa27d5a9c8c,1.7773434802172403e+18
7b2ef3c7-166d-4072-933c-0fa27d5a9c8c,1.7773434802505833e+18
7b2ef3c7-166d-4072-933c-0fa27d5a9c8c,1.7773434802839263e+18
7b2ef3c7-166d-4072-933c-0fa27d5a9c8c,1.7773434803172692e+18
7b2ef3c7-166d-4072-933c-0fa27d5a9c8c,1.7773434803506122e+18
7b2ef3c7-166d-4072-933c-0fa27d5a9c8c,1.7773434803839552e+18
7b2ef3c7-166d-4072-933c-0fa27d5a9c8c,1.7773434804172982e+18
7b2ef3c7-166d-4072-933c-0fa27d5a9c8c,1.7773434804506412e+18
7b2ef3c7-166d-4072-933c-0fa27d5a9c8c,1.7773434804839844e+18
7b2ef3c7-166d-4072-933c-0fa27d5a9c8c,1.7773434805173274e+18
7b2ef3c7-166d-4072-933c-0fa27d5a9c8c,1.7773434805506703e+18
7b2ef3c7-166d-4072-933c-0fa27d5a9c8c,1.7773434805840133e+18
7b2ef3c7-166d-4072-933c-0fa27d5a9c8c,1.7773434806173563e+18
7b2ef3c7-166d-4072-933c-0fa27d5a9c8c,1.7773434806506993e+18
7b2ef3c7-166d-4072-933c-0fa27d5a9c8c,1.7773434806840422e+18
7b2ef3c7-166d-4072-933c-0fa27d5a9c8c,1.7773434807173852e+18
7b2ef3c7-166d-4072-933c-0fa27d5a9c8c,1.7773434807507282e+18
7b2ef3c7-166d-4072-933c-0fa27d5a9c8c,1.7773434807840712e+18
7b2ef3c7-166d-4072-933c-0fa27d5a9c8c,1.7773434808174141e+18
7b2ef3c7-166d-4072-933c-0fa27d5a9c8c,1.7773434808507574e+18
7b2ef3c7-166d-4072-933c-0fa27d5a9c8c,1.7773434808841004e+18
7b2ef3c7-166d-4072-933c-0fa27d5a9c8c,1.7773434809174433e+18
7b2ef3c7-166d-4072-933c-0fa27d5a9c8c,1.7773434809507863e+18
7b2ef3c7-166d-4072-933c-0fa27d5a9c8c,1.7773434809841293e+18
7b2ef3c7-166d-4072-933c-0fa27d5a9c8c,1.7773434810174723e+18
7b2ef3c7-166d-4072-933c-0fa27d5a9c8c,1.7773434810508152e+18
7b2ef3c7-166d-4072-933c-0fa27d5a9c8c,1.7773434810841582e+18
7b2ef3c7-166d-4072-933c-0fa27d5a9c8c,1.7773434811175012e+18
7b2ef3c7-166d-4072-933c-0fa27d5a9c8c,1.7773434811508442e+18
7b2ef3c7-166d-4072-933c-0fa27d5a9c8c,1.7773434811841874e+18
7b2ef3c7-166d-4072-933c-0fa27d5a9c8c,1.7773434812175304e+18
7b2ef3c7-166d-4072-933c-0fa27d5a9c8c,1.7773434812508744e+18
7b2ef3c7-166d-4072-933c-0fa27d5a9c8c,1.7773434812842173e+18
7b2ef3c7-166d-4072-933c-0fa27d5a9c8c,1.7773434813175603e+18
7b2ef3c7-166d-4072-933c-0fa27d5a9c8c,1.7773434813509033e+18
7b2ef3c7-166d-4072-933c-0fa27d5a9c8c,1.7773434813842463e+18
7b2ef3c7-166d-4072-933c-0fa27d5a9c8c,1.7773434814175892e+18
7b2ef3c7-166d-4072-933c-0fa27d5a9c8c,1.7773434814509322e+18
7b2ef3c7-166d-4072-933c-0fa27d5a9c8c,1.7773434814842752e+18
7b2ef3c7-166d-4072-933c-0fa27d5a9c8c,1.7773434815176182e+18
7b2ef3c7-166d-4072-933c-0fa27d5a9c8c,1.7773434815509612e+18
7b2ef3c7-166d-4072-933c-0fa27d5a9c8c,1.7773434815843044e+18
7b2ef3c7-166d-4072-933c-0fa27d5a9c8c,1.7773434816176474e+18
7b2ef3c7-166d-4072-933c-0fa27d5a9c8c,1.7773434816509903e+18
7b2ef3c7-166d-4072-933c-0fa27d5a9c8c,1.7773434816843333e+18
7b2ef3c7-166d-4072-933c-0fa27d5a9c8c,1.7773434817176763e+18
7b2ef3c7-166d-4072-933c-0fa27d5a9c8c,1.7773434817510193e+18
7b2ef3c7-166d-4072-933c-0fa27d5a9c8c,1.7773434817843622e+18
7b2ef3c7-166d-4072-933c-0fa27d5a9c8c,1.7773434818177052e+18
7b2ef3c7-166d-4072-933c-0fa27d5a9c8c,1.7773434818510482e+18
7b2ef3c7-166d-4072-933c-0fa27d5a9c8c,1.7773434818843912e+18
7b2ef3c7-166d-4072-933c-0fa27d5a9c8c,1.7773434819177341e+18
7b2ef3c7-166d-4072-933c-0fa27d5a9c8c,1.7773434819510774e+18
7b2ef3c7-166d-4072-933c-0fa27d5a9c8c,1.7773434819844204e+18
7b2ef3c7-166d-4072-933c-0fa27d5a9c8c,1.7773434820177633e+18
7b2ef3c7-166d-4072-933c-0fa27d5a9c8c,1.7773434820511063e+18
7b2ef3c7-166d-4072-933c-0fa27d5a9c8c,1.7773434820844493e+18
7b2ef3c7-166d-4072-933c-0fa27d5a9c8c,1.7773434821177923e+18
7b2ef3c7-166d-4072-933c-0fa27d5a9c8c,1.7773434821511352e+18
7b2ef3c7-166d-4072-933c-0fa27d5a9c8c,1.7773434821844782e+18
7b2ef3c7-166d-4072-933c-0fa27d5a9c8c,1.7773434822178212e+18
7b2ef3c7-166d-4072-933c-0fa27d5a9c8c,1.7773434822511642e+18
7b2ef3c7-166d-4072-933c-0fa27d5a9c8c,1.7773434822845074e+18
7b2ef3c7-166d-4072-933c-0fa27d5a9c8c,1.7773434823178504e+18
7b2ef3c7-166d-4072-933c-0fa27d5a9c8c,1.7773434823511933e+18
7b2ef3c7-166d-4072-933c-0fa27d5a9c8c,1.7773434823845363e+18
7b2ef3c7-166d-4072-933c-0fa27d5a9c8c,1.7773434824178793e+18
7b2ef3c7-166d-4072-933c-0fa27d5a9c8c,1.7773434824512223e+18
7b2ef3c7-166d-4072-933c-0fa27d5a9c8c,1.7773434824845652e+18
7b2ef3c7-166d-4072-933c-0fa27d5a9c8c,1.7773434825179082e+18
7b2ef3c7-166d-4072-933c-0fa27d5a9c8c,1.7773434825512512e+18
7b2ef3c7-166d-4072-933c-0fa27d5a9c8c,1.7773434825845942e+18
7b2ef3c7-166d-4072-933c-0fa27d5a9c8c,1.7773434826179372e+18
7b2ef3c7-166d-4072-933c-0fa27d5a9c8c,1.7773434826512804e+18
7b2ef3c7-166d-4072-933c-0fa27d5a9c8c,1.7773434826846234e+18
7b2ef3c7-166d-4072-933c-0fa27d5a9c8c,1.7773434827179674e+18
7b2ef3c7-166d-4072-933c-0fa27d5a9c8c,1.7773434827513103e+18
7b2ef3c7-166d-4072-933c-0fa27d5a9c8c,1.7773434827846533e+18
7b2ef3c7-166d-4072-933c-0fa27d5a9c8c,1.7773434828179963e+18
7b2ef3c7-166d-4072-933c-0fa27d5a9c8c,1.7773434828513393e+18
7b2ef3c7-166d-4072-933c-0fa27d5a9c8c,1.7773434828846822e+18
7b2ef3c7-166d-4072-933c-0fa27d5a9c8c,1.7773434829180252e+18
7b2ef3c7-166d-4072-933c-0fa27d5a9c8c,1.7773434829513682e+18
7b2ef3c7-166d-4072-933c-0fa27d5a9c8c,1.7773434829847112e+18
7b2ef3c7-166d-4072-933c-0fa27d5a9c8c,1.7773434830180541e+18
7b2ef3c7-166d-4072-933c-0fa27d5a9c8c,1.7773434830513974e+18
7b2ef3c7-166d-4072-933c-0fa27d5a9c8c,1.7773434830847404e+18
7b2ef3c7-166d-4072-933c-0fa27d5a9c8c,1.7773434831180833e+18
7b2ef3c7-166d-4072-933c-0fa27d5a9c8c,1.7773434831514263e+18
7b2ef3c7-166d-4072-933c-0fa27d5a9c8c,1.7773434831847693e+18
7b2ef3c7-166d-4072-933c-0fa27d5a9c8c,1.7773434832181123e+18
7b2ef3c7-166d-4072-933c-0fa27d5a9c8c,1.7773434832514552e+18
7b2ef3c7-166d-4072-933c-0fa27d5a9c8c,1.7773434832847982e+18
7b2ef3c7-166d-4072-933c-0fa27d5a9c8c,1.7773434833181412e+18
7b2ef3c7-166d-4072-933c-0fa27d5a9c8c,1.7773434833514842e+18
7b2ef3c7-166d-4072-933c-0fa27d5a9c8c,1.7773434833848274e+18
7b2ef3c7-166d-4072-933c-0fa27d5a9c8c,1.7773434834181704e+18
7b2ef3c7-166d-4072-933c-0fa27d5a9c8c,1.7773434834515133e+18
7b2ef3c7-166d-4072-933c-0fa27d5a9c8c,1.7773434834848563e+18
7b2ef3c7-166d-4072-933c-0fa27d5a9c8c,1.7773434835181993e+18
7b2ef3c7-166d-4072-933c-0fa27d5a9c8c,1.7773434835515423e+18
7b2ef3c7-166d-4072-933c-0fa27d5a9c8c,1.7773434835848852e+18
7b2ef3c7-166d-4072-933c-0fa27d5a9c8c,1.7773434836182282e+18
7b2ef3c7-166d-4072-933c-0fa27d5a9c8c,1.7773434836515712e+18
7b2ef3c7-166d-4072-933c-0fa27d5a9c8c,1.7773434836849142e+18
7b2ef3c7-166d-4072-933c-0fa27d5a9c8c,1.7773434837182572e+18
7b2ef3c7-166d-4072-933c-0fa27d5a9c8c,1.7773434837516004e+18
7b2ef3c7-166d-4072-933c-0fa27d5a9c8c,1.7773434837849434e+18
7b2ef3c7-166d-4072-933c-0fa27d5a9c8c,1.7773434838182863e+18
7b2ef3c7-166d-4072-933c-0fa27d5a9c8c,1.7773434838516293e+18
7b2ef3c7-166d-4072-933c-0fa27d5a9c8c,1.7773434838849723e+18
7b2ef3c7-166d-4072-933c-0fa27d5a9c8c,1.7773434839183153e+18
7b2ef3c7-166d-4072-933c-0fa27d5a9c8c,1.7773434839516582e+18
7b2ef3c7-166d-4072-933c-0fa27d5a9c8c,1.7773434839850012e+18
7b2ef3c7-166d-4072-933c-0fa27d5a9c8c,1.7773434840183442e+18
7b2ef3c7-166d-4072-933c-0fa27d5a9c8c,1.7773434840516882e+18
7b2ef3c7-166d-4072-933c-0fa27d5a9c8c,1.7773434840850312e+18
7b2ef3c7-166d-4072-933c-0fa27d5a9c8c,1.7773434841183741e+18
7b2ef3c7-166d-4072-933c-0fa27d5a9c8c,1.7773434841517174e+18
7b2ef3c7-166d-4072-933c-0fa27d5a9c8c,1.7773434841850604e+18
7b2ef3c7-166d-4072-933c-0fa27d5a9c8c,1.7773434842184033e+18
7b2ef3c7-166d-4072-933c-0fa27d5a9c8c,1.7773434842517463e+18
7b2ef3c7-166d-4072-933c-0fa27d5a9c8c,1.7773434842850893e+18
7b2ef3c7-166d-4072-933c-0fa27d5a9c8c,1.7773434843184323e+18
7b2ef3c7-166d-4072-933c-0fa27d5a9c8c,1.7773434843517752e+18
7b2ef3c7-166d-4072-933c-0fa27d5a9c8c,1.7773434843851182e+18
7b2ef3c7-166d-4072-933c-0fa27d5a9c8c,1.7773434844184612e+18
7b2ef3c7-166d-4072-933c-0fa27d5a9c8c,1.7773434844518042e+18
7b2ef3c7-166d-4072-933c-0fa27d5a9c8c,1.7773434844851474e+18
7b2ef3c7-166d-4072-933c-0fa27d5a9c8c,1.7773434845184904e+18
7b2ef3c7-166d-4072-933c-0fa27d5a9c8c,1.7773434845518333e+18
7b2ef3c7-166d-4072-933c-0fa27d5a9c8c,1.7773434845851763e+18
7b2ef3c7-166d-4072-933c-0fa27d5a9c8c,1.7773434846185193e+18
7b2ef3c7-166d-4072-933c-0fa27d5a9c8c,1.7773434846518623e+18
7b2ef3c7-166d-4072-933c-0fa27d5a9c8c,1.7773434846852052e+18
7b2ef3c7-166d-4072-933c-0fa27d5a9c8c,1.7773434847185482e+18
7b2ef3c7-166d-4072-933c-0fa27d5a9c8c,1.7773434847518912e+18
7b2ef3c7-166d-4072-933c-0fa27d5a9c8c,1.7773434847852342e+18
7b2ef3c7-166d-4072-933c-0fa27d5a9c8c,1.7773434848185772e+18
7b2ef3c7-166d-4072-933c-0fa27d5a9c8c,1.7773434848519204e+18
7b2ef3c7-166d-4072-933c-0fa27d5a9c8c,1.7773434848852634e+18
7b2ef3c7-166d-4072-933c-0fa27d5a9c8c,1.7773434849186063e+18
7b2ef3c7-166d-4072-933c-0fa27d5a9c8c,1.7773434849519493e+18
7b2ef3c7-166d-4072-933c-0fa27d5a9c8c,1.7773434849852923e+18
7b2ef3c7-166d-4072-933c-0fa27d5a9c8c,1.7773434850186353e+18
7b2ef3c7-166d-4072-933c-0fa27d5a9c8c,1.7773434850519782e+18
7b2ef3c7-166d-4072-933c-0fa27d5a9c8c,1.7773434850853212e+18
7b2ef3c7-166d-4072-933c-0fa27d5a9c8c,1.7773434851186642e+18
7b2ef3c7-166d-4072-933c-0fa27d5a9c8c,1.7773434851520072e+18
7b2ef3c7-166d-4072-933c-0fa27d5a9c8c,1.7773434851853501e+18
7b2ef3c7-166d-4072-933c-0fa27d5a9c8c,1.7773434852186934e+18
7b2ef3c7-166d-4072-933c-0fa27d5a9c8c,1.7773434852520364e+18
7b2ef3c7-166d-4072-933c-0fa27d5a9c8c,1.7773434852853793e+18
7b2ef3c7-166d-4072-933c-0fa27d5a9c8c,1.7773434853187223e+18
7b2ef3c7-166d-4072-933c-0fa27d5a9c8c,1.7773434853520653e+18
7b2ef3c7-166d-4072-933c-0fa27d5a9c8c,1.7773434853854093e+18
7b2ef3c7-166d-4072-933c-0fa27d5a9c8c,1.7773434854187523e+18
7b2ef3c7-166d-4072-933c-0fa27d5a9c8c,1.7773434854520952e+18
7b2ef3c7-166d-4072-933c-0fa27d5a9c8c,1.7773434854854382e+18
7b2ef3c7-166d-4072-933c-0fa27d5a9c8c,1.7773434855187812e+18
7b2ef3c7-166d-4072-933c-0fa27d5a9c8c,1.7773434855521242e+18
7b2ef3c7-166d-4072-933c-0fa27d5a9c8c,1.7773434855854674e+18
7b2ef3c7-166d-4072-933c-0fa27d5a9c8c,1.7773434856188104e+18
7b2ef3c7-166d-4072-933c-0fa27d5a9c8c,1.7773434856521533e+18
7b2ef3c7-166d-4072-933c-0fa27d5a9c8c,1.7773434856854963e+18
7b2ef3c7-166d-4072-933c-0fa27d5a9c8c,1.7773434857188393e+18
7b2ef3c7-166d-4072-933c-0fa27d5a9c8c,1.7773434857521823e+18
7b2ef3c7-166d-4072-933c-0fa27d5a9c8c,1.7773434857855252e+18
7b2ef3c7-166d-4072-933c-0fa27d5a9c8c,1.7773434858188682e+18
7b2ef3c7-166d-4072-933c-0fa27d5a9c8c,1.7773434858522112e+18
7b2ef3c7-166d-4072-933c-0fa27d5a9c8c,1.7773434858855542e+18
7b2ef3c7-166d-4072-933c-0fa27d5a9c8c,1.7773434859188972e+18
7b2ef3c7-166d-4072-933c-0fa27d5a9c8c,1.7773434859522404e+18
7b2ef3c7-166d-4072-933c-0fa27d5a9c8c,1.7773434859855834e+18
7b2ef3c7-166d-4072-933c-0fa27d5a9c8c,1.7773434860189263e+18
7b2ef3c7-166d-4072-933c-0fa27d5a9c8c,1.7773434860522693e+18
7b2ef3c7-166d-4072-933c-0fa27d5a9c8c,1.7773434860856123e+18
7b2ef3c7-166d-4072-933c-0fa27d5a9c8c,1.7773434861189553e+18
7b2ef3c7-166d-4072-933c-0fa27d5a9c8c,1.7773434861522982e+18
7b2ef3c7-166d-4072-933c-0fa27d5a9c8c,1.7773434861856412e+18
7b2ef3c7-166d-4072-933c-0fa27d5a9c8c,1.7773434862189842e+18
7b2ef3c7-166d-4072-933c-0fa27d5a9c8c,1.7773434862523272e+18
7b2ef3c7-166d-4072-933c-0fa27d5a9c8c,1.7773434862856701e+18
7b2ef3c7-166d-4072-933c-0fa27d5a9c8c,1.7773434863190134e+18
7b2ef3c7-166d-4072-933c-0fa27d5a9c8c,1.7773434863523564e+18
7b2ef3c7-166d-4072-933c-0fa27d5a9c8c,1.7773434863856993e+18
7b2ef3c7-166d-4072-933c-0fa27d5a9c8c,1.7773434864190423e+18
7b2ef3c7-166d-4072-933c-0fa27d5a9c8c,1.7773434864523853e+18
7b2ef3c7-166d-4072-933c-0fa27d5a9c8c,1.7773434864857283e+18
7b2ef3c7-166d-4072-933c-0fa27d5a9c8c,1.7773434865190712e+18
7b2ef3c7-166d-4072-933c-0fa27d5a9c8c,1.7773434865524142e+18
7b2ef3c7-166d-4072-933c-0fa27d5a9c8c,1.7773434865857572e+18
7b2ef3c7-166d-4072-933c-0fa27d5a9c8c,1.7773434866191002e+18
7b2ef3c7-166d-4072-933c-0fa27d5a9c8c,1.7773434866524434e+18
7b2ef3c7-166d-4072-933c-0fa27d5a9c8c,1.7773434866857864e+18
7b2ef3c7-166d-4072-933c-0fa27d5a9c8c,1.7773434867191293e+18
7b2ef3c7-166d-4072-933c-0fa27d5a9c8c,1.7773434867524723e+18
7b2ef3c7-166d-4072-933c-0fa27d5a9c8c,1.7773434867858163e+18
7b2ef3c7-166d-4072-933c-0fa27d5a9c8c,1.7773434868191593e+18
7b2ef3c7-166d-4072-933c-0fa27d5a9c8c,1.7773434868525023e+18
7b2ef3c7-166d-4072-933c-0fa27d5a9c8c,1.7773434868858452e+18
7b2ef3c7-166d-4072-933c-0fa27d5a9c8c,1.7773434869191882e+18
7b2ef3c7-166d-4072-933c-0fa27d5a9c8c,1.7773434869525312e+18
7b2ef3c7-166d-4072-933c-0fa27d5a9c8c,1.7773434869858742e+18
7b2ef3c7-166d-4072-933c-0fa27d5a9c8c,1.7773434870192172e+18
7b2ef3c7-166d-4072-933c-0fa27d5a9c8c,1.7773434870525604e+18
7b2ef3c7-166d-4072-933c-0fa27d5a9c8c,1.7773434870859034e+18
7b2ef3c7-166d-4072-933c-0fa27d5a9c8c,1.7773434871192463e+18
7b2ef3c7-166d-4072-933c-0fa27d5a9c8c,1.7773434871525893e+18
7b2ef3c7-166d-4072-933c-0fa27d5a9c8c,1.7773434871859323e+18
7b2ef3c7-166d-4072-933c-0fa27d5a9c8c,1.7773434872192753e+18
7b2ef3c7-166d-4072-933c-0fa27d5a9c8c,1.7773434872526182e+18
7b2ef3c7-166d-4072-933c-0fa27d5a9c8c,1.7773434872859612e+18
7b2ef3c7-166d-4072-933c-0fa27d5a9c8c,1.7773434873193042e+18
7b2ef3c7-166d-4072-933c-0fa27d5a9c8c,1.7773434873526472e+18
7b2ef3c7-166d-4072-933c-0fa27d5a9c8c,1.7773434873859901e+18
7b2ef3c7-166d-4072-933c-0fa27d5a9c8c,1.7773434874193334e+18
7b2ef3c7-166d-4072-933c-0fa27d5a9c8c,1.7773434874526764e+18
7b2ef3c7-166d-4072-933c-0fa27d5a9c8c,1.7773434874860193e+18
7b2ef3c7-166d-4072-933c-0fa27d5a9c8c,1.7773434875193623e+18
7b2ef3c7-166d-4072-933c-0fa27d5a9c8c,1.7773434875527053e+18
7b2ef3c7-166d-4072-933c-0fa27d5a9c8c,1.7773434875860483e+18
7b2ef3c7-166d-4072-933c-0fa27d5a9c8c,1.7773434876193912e+18
7b2ef3c7-166d-4072-933c-0fa27d5a9c8c,1.7773434876527342e+18
7b2ef3c7-166d-4072-933c-0fa27d5a9c8c,1.7773434876860772e+18
7b2ef3c7-166d-4072-933c-0fa27d5a9c8c,1.7773434877194202e+18
7b2ef3c7-166d-4072-933c-0fa27d5a9c8c,1.7773434877527634e+18
7b2ef3c7-166d-4072-933c-0fa27d5a9c8c,1.7773434877861064e+18
7b2ef3c7-166d-4072-933c-0fa27d5a9c8c,1.7773434878194493e+18
7b2ef3c7-166d-4072-933c-0fa27d5a9c8c,1.7773434878527923e+18
7b2ef3c7-166d-4072-933c-0fa27d5a9c8c,1.7773434878861353e+18
7b2ef3c7-166d-4072-933c-0fa27d5a9c8c,1.7773434879194783e+18
7b2ef3c7-166d-4072-933c-0fa27d5a9c8c,1.7773434879528212e+18
7b2ef3c7-166d-4072-933c-0fa27d5a9c8c,1.7773434879861642e+18
7b2ef3c7-166d-4072-933c-0fa27d5a9c8c,1.7773434880195072e+18
7b2ef3c7-166d-4072-933c-0fa27d5a9c8c,1.7773434880528502e+18
7b2ef3c7-166d-4072-933c-0fa27d5a9c8c,1.7773434880861932e+18
7b2ef3c7-166d-4072-933c-0fa27d5a9c8c,1.7773434881195364e+18
7b2ef3c7-166d-4072-933c-0fa27d5a9c8c,1.7773434881528794e+18
7b2ef3c7-166d-4072-933c-0fa27d5a9c8c,1.7773434881862234e+18
7b2ef3c7-166d-4072-933c-0fa27d5a9c8c,1.7773434882195663e+18
7b2ef3c7-166d-4072-933c-0fa27d5a9c8c,1.7773434882529093e+18
7b2ef3c7-166d-4072-933c-0fa27d5a9c8c,1.7773434882862523e+18
7b2ef3c7-166d-4072-933c-0fa27d5a9c8c,1.7773434883195953e+18
7b2ef3c7-166d-4072-933c-0fa27d5a9c8c,1.7773434883529382e+18
7b2ef3c7-166d-4072-933c-0fa27d5a9c8c,1.7773434883862812e+18
7b2ef3c7-166d-4072-933c-0fa27d5a9c8c,1.7773434884196242e+18
7b2ef3c7-166d-4072-933c-0fa27d5a9c8c,1.7773434884529672e+18
7b2ef3c7-166d-4072-933c-0fa27d5a9c8c,1.7773434884863101e+18
7b2ef3c7-166d-4072-933c-0fa27d5a9c8c,1.7773434885196534e+18
7b2ef3c7-166d-4072-933c-0fa27d5a9c8c,1.7773434885529964e+18
7b2ef3c7-166d-4072-933c-0fa27d5a9c8c,1.7773434885863393e+18
7b2ef3c7-166d-4072-933c-0fa27d5a9c8c,1.7773434886196823e+18
7b2ef3c7-166d-4072-933c-0fa27d5a9c8c,1.7773434886530253e+18
7b2ef3c7-166d-4072-933c-0fa27d5a9c8c,1.7773434886863683e+18
7b2ef3c7-166d-4072-933c-0fa27d5a9c8c,1.7773434887197112e+18
7b2ef3c7-166d-4072-933c-0fa27d5a9c8c,1.7773434887530542e+18
7b2ef3c7-166d-4072-933c-0fa27d5a9c8c,1.7773434887863972e+18
7b2ef3c7-166d-4072-933c-0fa27d5a9c8c,1.7773434888197402e+18
7b2ef3c7-166d-4072-933c-0fa27d5a9c8c,1.7773434888530834e+18
7b2ef3c7-166d-4072-933c-0fa27d5a9c8c,1.7773434888864264e+18
7b2ef3c7-166d-4072-933c-0fa27d5a9c8c,1.7773434889197693e+18
7b2ef3c7-166d-4072-933c-0fa27d5a9c8c,1.7773434889531123e+18
7b2ef3c7-166d-4072-933c-0fa27d5a9c8c,1.7773434889864553e+18
7b2ef3c7-166d-4072-933c-0fa27d5a9c8c,1.7773434890197983e+18
7b2ef3c7-166d-4072-933c-0fa27d5a9c8c,1.7773434890531412e+18
7b2ef3c7-166d-4072-933c-0fa27d5a9c8c,1.7773434890864842e+18
7b2ef3c7-166d-4072-933c-0fa27d5a9c8c,1.7773434891198272e+18
7b2ef3c7-166d-4072-933c-0fa27d5a9c8c,1.7773434891531702e+18
7b2ef3c7-166d-4072-933c-0fa27d5a9c8c,1.7773434891865132e+18
7b2ef3c7-166d-4072-933c-0fa27d5a9c8c,1.7773434892198564e+18
7b2ef3c7-166d-4072-933c-0fa27d5a9c8c,1.7773434892531994e+18
7b2ef3c7-166d-4072-933c-0fa27d5a9c8c,1.7773434892865423e+18
7b2ef3c7-166d-4072-933c-0fa27d5a9c8c,1.7773434893198853e+18
7b2ef3c7-166d-4072-933c-0fa27d5a9c8c,1.7773434893532283e+18
7b2ef3c7-166d-4072-933c-0fa27d5a9c8c,1.7773434893865713e+18
7b2ef3c7-166d-4072-933c-0fa27d5a9c8c,1.7773434894199142e+18
7b2ef3c7-166d-4072-933c-0fa27d5a9c8c,1.7773434894532572e+18
7b2ef3c7-166d-4072-933c-0fa27d5a9c8c,1.7773434894866002e+18
7b2ef3c7-166d-4072-933c-0fa27d5a9c8c,1.7773434895199442e+18
7b2ef3c7-166d-4072-933c-0fa27d5a9c8c,1.7773434895532872e+18
7b2ef3c7-166d-4072-933c-0fa27d5a9c8c,1.7773434895866301e+18
7b2ef3c7-166d-4072-933c-0fa27d5a9c8c,1.7773434896199734e+18
7b2ef3c7-166d-4072-933c-0fa27d5a9c8c,1.7773434896533164e+18
7b2ef3c7-166d-4072-933c-0fa27d5a9c8c,1.7773434896866593e+18
7b2ef3c7-166d-4072-933c-0fa27d5a9c8c,1.7773434897200023e+18
7b2ef3c7-166d-4072-933c-0fa27d5a9c8c,1.7773434897533453e+18
7b2ef3c7-166d-4072-933c-0fa27d5a9c8c,1.7773434897866883e+18
7b2ef3c7-166d-4072-933c-0fa27d5a9c8c,1.7773434898200312e+18
7b2ef3c7-166d-4072-933c-0fa27d5a9c8c,1.7773434898533742e+18
7b2ef3c7-166d-4072-933c-0fa27d5a9c8c,1.7773434898867172e+18
7b2ef3c7-166d-4072-933c-0fa27d5a9c8c,1.7773434899200602e+18
7b2ef3c7-166d-4072-933c-0fa27d5a9c8c,1.7773434899534034e+18
7b2ef3c7-166d-4072-933c-0fa27d5a9c8c,1.7773434899867464e+18
7b2ef3c7-166d-4072-933c-0fa27d5a9c8c,1.7773434900200893e+18
7b2ef3c7-166d-4072-933c-0fa27d5a9c8c,1.7773434900534323e+18
7b2ef3c7-166d-4072-933c-0fa27d5a9c8c,1.7773434900867753e+18
7b2ef3c7-166d-4072-933c-0fa27d5a9c8c,1.7773434901201183e+18
7b2ef3c7-166d-4072-933c-0fa27d5a9c8c,1.7773434901534612e+18
7b2ef3c7-166d-4072-933c-0fa27d5a9c8c,1.7773434901868042e+18
7b2ef3c7-166d-4072-933c-0fa27d5a9c8c,1.7773434902201472e+18
7b2ef3c7-166d-4072-933c-0fa27d5a9c8c,1.7773434902534902e+18
7b2ef3c7-166d-4072-933c-0fa27d5a9c8c,1.7773434902868332e+18
7b2ef3c7-166d-4072-933c-0fa27d5a9c8c,1.7773434903201764e+18
7b2ef3c7-166d-4072-933c-0fa27d5a9c8c,1.7773434903535194e+18
7b2ef3c7-166d-4072-933c-0fa27d5a9c8c,1.7773434903868623e+18
7b2ef3c7-166d-4072-933c-0fa27d5a9c8c,1.7773434904202053e+18
7b2ef3c7-166d-4072-933c-0fa27d5a9c8c,1.7773434904535483e+18
7b2ef3c7-166d-4072-933c-0fa27d5a9c8c,1.7773434904868913e+18
7b2ef3c7-166d-4072-933c-0fa27d5a9c8c,1.7773434905202342e+18
7b2ef3c7-166d-4072-933c-0fa27d5a9c8c,1.7773434905535772e+18
7b2ef3c7-166d-4072-933c-0fa27d5a9c8c,1.7773434905869202e+18
7b2ef3c7-166d-4072-933c-0fa27d5a9c8c,1.7773434906202632e+18
7b2ef3c7-166d-4072-933c-0fa27d5a9c8c,1.7773434906536061e+18
7b2ef3c7-166d-4072-933c-0fa27d5a9c8c,1.7773434906869494e+18
7b2ef3c7-166d-4072-933c-0fa27d5a9c8c,1.7773434907202924e+18
7b2ef3c7-166d-4072-933c-0fa27d5a9c8c,1.7773434907536353e+18
7b2ef3c7-166d-4072-933c-0fa27d5a9c8c,1.7773434907869783e+18
7b2ef3c7-166d-4072-933c-0fa27d5a9c8c,1.7773434908203213e+18
7b2ef3c7-166d-4072-933c-0fa27d5a9c8c,1.7773434908536653e+18
7b2ef3c7-166d-4072-933c-0fa27d5a9c8c,1.7773434908870083e+18
7b2ef3c7-166d-4072-933c-0fa27d5a9c8c,1.7773434909203512e+18
7b2ef3c7-166d-4072-933c-0fa27d5a9c8c,1.7773434909536942e+18
7b2ef3c7-166d-4072-933c-0fa27d5a9c8c,1.7773434909870372e+18
7b2ef3c7-166d-4072-933c-0fa27d5a9c8c,1.7773434910203802e+18
7b2ef3c7-166d-4072-933c-0fa27d5a9c8c,1.7773434910537234e+18
7b2ef3c7-166d-4072-933c-0fa27d5a9c8c,1.7773434910870664e+18
7b2ef3c7-166d-4072-933c-0fa27d5a9c8c,1.7773434911204093e+18
7b2ef3c7-166d-4072-933c-0fa27d5a9c8c,1.7773434911537523e+18
7b2ef3c7-166d-4072-933c-0fa27d5a9c8c,1.7773434911870953e+18
7b2ef3c7-166d-4072-933c-0fa27d5a9c8c,1.7773434912204383e+18
7b2ef3c7-166d-4072-933c-0fa27d5a9c8c,1.7773434912537812e+18
7b2ef3c7-166d-4072-933c-0fa27d5a9c8c,1.7773434912871242e+18
7b2ef3c7-166d-4072-933c-0fa27d5a9c8c,1.7773434913204672e+18
7b2ef3c7-166d-4072-933c-0fa27d5a9c8c,1.7773434913538102e+18
7b2ef3c7-166d-4072-933c-0fa27d5a9c8c,1.7773434913871532e+18
7b2ef3c7-166d-4072-933c-0fa27d5a9c8c,1.7773434914204964e+18
7b2ef3c7-166d-4072-933c-0fa27d5a9c8c,1.7773434914538394e+18
7b2ef3c7-166d-4072-933c-0fa27d5a9c8c,1.7773434914871823e+18
7b2ef3c7-166d-4072-933c-0fa27d5a9c8c,1.7773434915205253e+18
7b2ef3c7-166d-4072-933c-0fa27d5a9c8c,1.7773434915538683e+18
7b2ef3c7-166d-4072-933c-0fa27d5a9c8c,1.7773434915872113e+18
7b2ef3c7-166d-4072-933c-0fa27d5a9c8c,1.7773434916205542e+18
7b2ef3c7-166d-4072-933c-0fa27d5a9c8c,1.7773434916538972e+18
7b2ef3c7-166d-4072-933c-0fa27d5a9c8c,1.7773434916872402e+18
7b2ef3c7-166d-4072-933c-0fa27d5a9c8c,1.7773434917205832e+18
7b2ef3c7-166d-4072-933c-0fa27d5a9c8c,1.7773434917539261e+18
7b2ef3c7-166d-4072-933c-0fa27d5a9c8c,1.7773434917872694e+18
7b2ef3c7-166d-4072-933c-0fa27d5a9c8c,1.7773434918206124e+18
7b2ef3c7-166d-4072-933c-0fa27d5a9c8c,1.7773434918539553e+18
7b2ef3c7-166d-4072-933c-0fa27d5a9c8c,1.7773434918872983e+18
7b2ef3c7-166d-4072-933c-0fa27d5a9c8c,1.7773434919206413e+18
7b2ef3c7-166d-4072-933c-0fa27d5a9c8c,1.7773434919539843e+18
7b2ef3c7-166d-4072-933c-0fa27d5a9c8c,1.7773434919873272e+18
7b2ef3c7-166d-4072-933c-0fa27d5a9c8c,1.7773434920206702e+18
7b2ef3c7-166d-4072-933c-0fa27d5a9c8c,1.7773434920540132e+18
7b2ef3c7-166d-4072-933c-0fa27d5a9c8c,1.7773434920873562e+18
7b2ef3c7-166d-4072-933c-0fa27d5a9c8c,1.7773434921206994e+18
7b2ef3c7-166d-4072-933c-0fa27d5a9c8c,1.7773434921540424e+18
7b2ef3c7-166d-4072-933c-0fa27d5a9c8c,1.7773434921873853e+18
7b2ef3c7-166d-4072-933c-0fa27d5a9c8c,1.7773434922207283e+18
7b2ef3c7-166d-4072-933c-0fa27d5a9c8c,1.7773434922540713e+18
7b2ef3c7-166d-4072-933c-0fa27d5a9c8c,1.7773434922874153e+18
7b2ef3c7-166d-4072-933c-0fa27d5a9c8c,1.7773434923207583e+18
7b2ef3c7-166d-4072-933c-0fa27d5a9c8c,1.7773434923541012e+18
7b2ef3c7-166d-4072-933c-0fa27d5a9c8c,1.7773434923874442e+18
7b2ef3c7-166d-4072-933c-0fa27d5a9c8c,1.7773434924207872e+18
7b2ef3c7-166d-4072-933c-0fa27d5a9c8c,1.7773434924541302e+18
7b2ef3c7-166d-4072-933c-0fa27d5a9c8c,1.7773434924874732e+18
7b2ef3c7-166d-4072-933c-0fa27d5a9c8c,1.7773434925208164e+18
7b2ef3c7-166d-4072-933c-0fa27d5a9c8c,1.7773434925541594e+18
7b2ef3c7-166d-4072-933c-0fa27d5a9c8c,1.7773434925875023e+18
7b2ef3c7-166d-4072-933c-0fa27d5a9c8c,1.7773434926208453e+18
7b2ef3c7-166d-4072-933c-0fa27d5a9c8c,1.7773434926541883e+18
7b2ef3c7-166d-4072-933c-0fa27d5a9c8c,1.7773434926875313e+18
7b2ef3c7-166d-4072-933c-0fa27d5a9c8c,1.7773434927208742e+18
7b2ef3c7-166d-4072-933c-0fa27d5a9c8c,1.7773434927542172e+18
7b2ef3c7-166d-4072-933c-0fa27d5a9c8c,1.7773434927875602e+18
7b2ef3c7-166d-4072-933c-0fa27d5a9c8c,1.7773434928209032e+18
7b2ef3c7-166d-4072-933c-0fa27d5a9c8c,1.7773434928542461e+18
7b2ef3c7-166d-4072-933c-0fa27d5a9c8c,1.7773434928875894e+18
7b2ef3c7-166d-4072-933c-0fa27d5a9c8c,1.7773434929209324e+18
7b2ef3c7-166d-4072-933c-0fa27d5a9c8c,1.7773434929542753e+18
7b2ef3c7-166d-4072-933c-0fa27d5a9c8c,1.7773434929876183e+18
7b2ef3c7-166d-4072-933c-0fa27d5a9c8c,1.7773434930209613e+18
7b2ef3c7-166d-4072-933c-0fa27d5a9c8c,1.7773434930543043e+18
7b2ef3c7-166d-4072-933c-0fa27d5a9c8c,1.7773434930876472e+18
7b2ef3c7-166d-4072-933c-0fa27d5a9c8c,1.7773434931209902e+18
7b2ef3c7-166d-4072-933c-0fa27d5a9c8c,1.7773434931543332e+18
7b2ef3c7-166d-4072-933c-0fa27d5a9c8c,1.7773434931876762e+18
7b2ef3c7-166d-4072-933c-0fa27d5a9c8c,1.7773434932210194e+18
7b2ef3c7-166d-4072-933c-0fa27d5a9c8c,1.7773434932543624e+18
7b2ef3c7-166d-4072-933c-0fa27d5a9c8c,1.7773434932877053e+18
7b2ef3c7-166d-4072-933c-0fa27d5a9c8c,1.7773434933210483e+18
7b2ef3c7-166d-4072-933c-0fa27d5a9c8c,1.7773434933543913e+18
7b2ef3c7-166d-4072-933c-0fa27d5a9c8c,1.7773434933877343e+18
7b2ef3c7-166d-4072-933c-0fa27d5a9c8c,1.7773434934210772e+18
7b2ef3c7-166d-4072-933c-0fa27d5a9c8c,1.7773434934544202e+18
7b2ef3c7-166d-4072-933c-0fa27d5a9c8c,1.7773434934877632e+18
7b2ef3c7-166d-4072-933c-0fa27d5a9c8c,1.7773434935211062e+18
7b2ef3c7-166d-4072-933c-0fa27d5a9c8c,1.7773434935544492e+18
7b2ef3c7-166d-4072-933c-0fa27d5a9c8c,1.7773434935877924e+18
7b2ef3c7-166d-4072-933c-0fa27d5a9c8c,1.7773434936211354e+18
7b2ef3c7-166d-4072-933c-0fa27d5a9c8c,1.7773434936544794e+18
7b2ef3c7-166d-4072-933c-0fa27d5a9c8c,1.7773434936878223e+18
7b2ef3c7-166d-4072-933c-0fa27d5a9c8c,1.7773434937211653e+18
7b2ef3c7-166d-4072-933c-0fa27d5a9c8c,1.7773434937545083e+18
7b2ef3c7-166d-4072-933c-0fa27d5a9c8c,1.7773434937878513e+18
7b2ef3c7-166d-4072-933c-0fa27d5a9c8c,1.7773434938211942e+18
7b2ef3c7-166d-4072-933c-0fa27d5a9c8c,1.7773434938545372e+18
7b2ef3c7-166d-4072-933c-0fa27d5a9c8c,1.7773434938878802e+18
7b2ef3c7-166d-4072-933c-0fa27d5a9c8c,1.7773434939212232e+18
7b2ef3c7-166d-4072-933c-0fa27d5a9c8c,1.7773434939545661e+18
7b2ef3c7-166d-4072-933c-0fa27d5a9c8c,1.7773434939879094e+18
7b2ef3c7-166d-4072-933c-0fa27d5a9c8c,1.7773434940212524e+18
7b2ef3c7-166d-4072-933c-0fa27d5a9c8c,1.7773434940545953e+18
7b2ef3c7-166d-4072-933c-0fa27d5a9c8c,1.7773434940879383e+18
7b2ef3c7-166d-4072-933c-0fa27d5a9c8c,1.7773434941212813e+18
7b2ef3c7-166d-4072-933c-0fa27d5a9c8c,1.7773434941546243e+18
7b2ef3c7-166d-4072-933c-0fa27d5a9c8c,1.7773434941879672e+18
7b2ef3c7-166d-4072-933c-0fa27d5a9c8c,1.7773434942213102e+18
7b2ef3c7-166d-4072-933c-0fa27d5a9c8c,1.7773434942546532e+18
7b2ef3c7-166d-4072-933c-0fa27d5a9c8c,1.7773434942879962e+18
7b2ef3c7-166d-4072-933c-0fa27d5a9c8c,1.7773434943213394e+18
7b2ef3c7-166d-4072-933c-0fa27d5a9c8c,1.7773434943546824e+18
7b2ef3c7-166d-4072-933c-0fa27d5a9c8c,1.7773434943880253e+18
7b2ef3c7-166d-4072-933c-0fa27d5a9c8c,1.7773434944213683e+18
7b2ef3c7-166d-4072-933c-0fa27d5a9c8c,1.7773434944547113e+18
7b2ef3c7-166d-4072-933c-0fa27d5a9c8c,1.7773434944880543e+18
7b2ef3c7-166d-4072-933c-0fa27d5a9c8c,1.7773434945213972e+18
7b2ef3c7-166d-4072-933c-0fa27d5a9c8c,1.7773434945547402e+18
7b2ef3c7-166d-4072-933c-0fa27d5a9c8c,1.7773434945880832e+18
7b2ef3c7-166d-4072-933c-0fa27d5a9c8c,1.7773434946214262e+18
7b2ef3c7-166d-4072-933c-0fa27d5a9c8c,1.7773434946547692e+18
7b2ef3c7-166d-4072-933c-0fa27d5a9c8c,1.7773434946881124e+18
7b2ef3c7-166d-4072-933c-0fa27d5a9c8c,1.7773434947214554e+18
7b2ef3c7-166d-4072-933c-0fa27d5a9c8c,1.7773434947547983e+18
7b2ef3c7-166d-4072-933c-0fa27d5a9c8c,1.7773434947881413e+18
7b2ef3c7-166d-4072-933c-0fa27d5a9c8c,1.7773434948214843e+18
7b2ef3c7-166d-4072-933c-0fa27d5a9c8c,1.7773434948548273e+18
7b2ef3c7-166d-4072-933c-0fa27d5a9c8c,1.7773434948881702e+18
7b2ef3c7-166d-4072-933c-0fa27d5a9c8c,1.7773434949215132e+18
7b2ef3c7-166d-4072-933c-0fa27d5a9c8c,1.7773434949548562e+18
7b2ef3c7-166d-4072-933c-0fa27d5a9c8c,1.7773434949882002e+18
7b2ef3c7-166d-4072-933c-0fa27d5a9c8c,1.7773434950215432e+18
7b2ef3c7-166d-4072-933c-0fa27d5a9c8c,1.7773434950548861e+18
7b2ef3c7-166d-4072-933c-0fa27d5a9c8c,1.7773434950882294e+18
7b2ef3c7-166d-4072-933c-0fa27d5a9c8c,1.7773434951215724e+18
7b2ef3c7-166d-4072-933c-0fa27d5a9c8c,1.7773434951549153e+18
7b2ef3c7-166d-4072-933c-0fa27d5a9c8c,1.7773434951882583e+18
7b2ef3c7-166d-4072-933c-0fa27d5a9c8c,1.7773434952216013e+18
7b2ef3c7-166d-4072-933c-0fa27d5a9c8c,1.7773434952549443e+18
7b2ef3c7-166d-4072-933c-0fa27d5a9c8c,1.7773434952882872e+18
7b2ef3c7-166d-4072-933c-0fa27d5a9c8c,1.7773434953216302e+18
7b2ef3c7-166d-4072-933c-0fa27d5a9c8c,1.7773434953549732e+18
7b2ef3c7-166d-4072-933c-0fa27d5a9c8c,1.7773434953883162e+18
7b2ef3c7-166d-4072-933c-0fa27d5a9c8c,1.7773434954216594e+18
7b2ef3c7-166d-4072-933c-0fa27d5a9c8c,1.7773434954550024e+18
7b2ef3c7-166d-4072-933c-0fa27d5a9c8c,1.7773434954883453e+18
7b2ef3c7-166d-4072-933c-0fa27d5a9c8c,1.7773434955216883e+18
7b2ef3c7-166d-4072-933c-0fa27d5a9c8c,1.7773434955550313e+18
7b2ef3c7-166d-4072-933c-0fa27d5a9c8c,1.7773434955883743e+18
7b2ef3c7-166d-4072-933c-0fa27d5a9c8c,1.7773434956217172e+18
7b2ef3c7-166d-4072-933c-0fa27d5a9c8c,1.7773434956550602e+18
7b2ef3c7-166d-4072-933c-0fa27d5a9c8c,1.7773434956884032e+18
7b2ef3c7-166d-4072-933c-0fa27d5a9c8c,1.7773434957217462e+18
7b2ef3c7-166d-4072-933c-0fa27d5a9c8c,1.7773434957550892e+18
7b2ef3c7-166d-4072-933c-0fa27d5a9c8c,1.7773434957884324e+18
7b2ef3c7-166d-4072-933c-0fa27d5a9c8c,1.7773434958217754e+18
7b2ef3c7-166d-4072-933c-0fa27d5a9c8c,1.7773434958551183e+18
7b2ef3c7-166d-4072-933c-0fa27d5a9c8c,1.7773434958884613e+18
7b2ef3c7-166d-4072-933c-0fa27d5a9c8c,1.7773434959218043e+18
7b2ef3c7-166d-4072-933c-0fa27d5a9c8c,1.7773434959551473e+18
7b2ef3c7-166d-4072-933c-0fa27d5a9c8c,1.7773434959884902e+18
7b2ef3c7-166d-4072-933c-0fa27d5a9c8c,1.7773434960218332e+18
7b2ef3c7-166d-4072-933c-0fa27d5a9c8c,1.7773434960551762e+18
7b2ef3c7-166d-4072-933c-0fa27d5a9c8c,1.7773434960885192e+18
7b2ef3c7-166d-4072-933c-0fa27d5a9c8c,1.7773434961218621e+18
7b2ef3c7-166d-4072-933c-0fa27d5a9c8c,1.7773434961552054e+18
7b2ef3c7-166d-4072-933c-0fa27d5a9c8c,1.7773434961885484e+18
7b2ef3c7-166d-4072-933c-0fa27d5a9c8c,1.7773434962218913e+18
7b2ef3c7-166d-4072-933c-0fa27d5a9c8c,1.7773434962552343e+18
7b2ef3c7-166d-4072-933c-0fa27d5a9c8c,1.7773434962885773e+18
7b2ef3c7-166d-4072-933c-0fa27d5a9c8c,1.7773434963219203e+18
7b2ef3c7-166d-4072-933c-0fa27d5a9c8c,1.7773434963552632e+18
7b2ef3c7-166d-4072-933c-0fa27d5a9c8c,1.7773434963886072e+18
7b2ef3c7-166d-4072-933c-0fa27d5a9c8c,1.7773434964219502e+18
7b2ef3c7-166d-4072-933c-0fa27d5a9c8c,1.7773434964552932e+18
7b2ef3c7-166d-4072-933c-0fa27d5a9c8c,1.7773434964886362e+18
7b2ef3c7-166d-4072-933c-0fa27d5a9c8c,1.7773434965219794e+18
7b2ef3c7-166d-4072-933c-0fa27d5a9c8c,1.7773434965553224e+18
7b2ef3c7-166d-4072-933c-0fa27d5a9c8c,1.7773434965886653e+18
7b2ef3c7-166d-4072-933c-0fa27d5a9c8c,1.7773434966220083e+18
7b2ef3c7-166d-4072-933c-0fa27d5a9c8c,1.7773434966553513e+18
7b2ef3c7-166d-4072-933c-0fa27d5a9c8c,1.7773434966886943e+18
7b2ef3c7-166d-4072-933c-0fa27d5a9c8c,1.7773434967220372e+18
7b2ef3c7-166d-4072-933c-0fa27d5a9c8c,1.7773434967553802e+18
7b2ef3c7-166d-4072-933c-0fa27d5a9c8c,1.7773434967887232e+18
7b2ef3c7-166d-4072-933c-0fa27d5a9c8c,1.7773434968220662e+18
7b2ef3c7-166d-4072-933c-0fa27d5a9c8c,1.7773434968554092e+18
7b2ef3c7-166d-4072-933c-0fa27d5a9c8c,1.7773434968887524e+18
7b2ef3c7-166d-4072-933c-0fa27d5a9c8c,1.7773434969220954e+18
7b2ef3c7-166d-4072-933c-0fa27d5a9c8c,1.7773434969554383e+18
7b2ef3c7-166d-4072-933c-0fa27d5a9c8c,1.7773434969887813e+18
7b2ef3c7-166d-4072-933c-0fa27d5a9c8c,1.7773434970221243e+18
7b2ef3c7-166d-4072-933c-0fa27d5a9c8c,1.7773434970554673e+18
7b2ef3c7-166d-4072-933c-0fa27d5a9c8c,1.7773434970888102e+18
7b2ef3c7-166d-4072-933c-0fa27d5a9c8c,1.7773434971221532e+18
7b2ef3c7-166d-4072-933c-0fa27d5a9c8c,1.7773434971554962e+18
7b2ef3c7-166d-4072-933c-0fa27d5a9c8c,1.7773434971888392e+18
7b2ef3c7-166d-4072-933c-0fa27d5a9c8c,1.7773434972221821e+18
7b2ef3c7-166d-4072-933c-0fa27d5a9c8c,1.7773434972555254e+18
7b2ef3c7-166d-4072-933c-0fa27d5a9c8c,1.7773434972888684e+18
7b2ef3c7-166d-4072-933c-0fa27d5a9c8c,1.7773434973222113e+18
7b2ef3c7-166d-4072-933c-0fa27d5a9c8c,1.7773434973555543e+18
7b2ef3c7-166d-4072-933c-0fa27d5a9c8c,1.7773434973888973e+18
7b2ef3c7-166d-4072-933c-0fa27d5a9c8c,1.7773434974222403e+18
7b2ef3c7-166d-4072-933c-0fa27d5a9c8c,1.7773434974555832e+18
7b2ef3c7-166d-4072-933c-0fa27d5a9c8c,1.7773434974889262e+18
7b2ef3c7-166d-4072-933c-0fa27d5a9c8c,1.7773434975222692e+18
7b2ef3c7-166d-4072-933c-0fa27d5a9c8c,1.7773434975556122e+18
7b2ef3c7-166d-4072-933c-0fa27d5a9c8c,1.7773434975889554e+18
7b2ef3c7-166d-4072-933c-0fa27d5a9c8c,1.7773434976222984e+18
7b2ef3c7-166d-4072-933c-0fa27d5a9c8c,1.7773434976556413e+18
7b2ef3c7-166d-4072-933c-0fa27d5a9c8c,1.7773434976889843e+18
7b2ef3c7-166d-4072-933c-0fa27d5a9c8c,1.7773434977223273e+18
7b2ef3c7-166d-4072-933c-0fa27d5a9c8c,1.7773434977556703e+18
7b2ef3c7-166d-4072-933c-0fa27d5a9c8c,1.7773434977890143e+18
7b2ef3c7-166d-4072-933c-0fa27d5a9c8c,1.7773434978223572e+18
7b2ef3c7-166d-4072-933c-0fa27d5a9c8c,1.7773434978557002e+18
7b2ef3c7-166d-4072-933c-0fa27d5a9c8c,1.7773434978890432e+18
7b2ef3c7-166d-4072-933c-0fa27d5a9c8c,1.7773434979223862e+18
7b2ef3c7-166d-4072-933c-0fa27d5a9c8c,1.7773434979557292e+18
7b2ef3c7-166d-4072-933c-0fa27d5a9c8c,1.7773434979890724e+18
7b2ef3c7-166d-4072-933c-0fa27d5a9c8c,1.7773434980224154e+18
7b2ef3c7-166d-4072-933c-0fa27d5a9c8c,1.7773434980557583e+18
7b2ef3c7-166d-4072-933c-0fa27d5a9c8c,1.7773434980891013e+18
7b2ef3c7-166d-4072-933c-0fa27d5a9c8c,1.7773434981224443e+18
7b2ef3c7-166d-4072-933c-0fa27d5a9c8c,1.7773434981557873e+18
7b2ef3c7-166d-4072-933c-0fa27d5a9c8c,1.7773434981891302e+18
7b2ef3c7-166d-4072-933c-0fa27d5a9c8c,1.7773434982224732e+18
7b2ef3c7-166d-4072-933c-0fa27d5a9c8c,1.7773434982558162e+18
7b2ef3c7-166d-4072-933c-0fa27d5a9c8c,1.7773434982891592e+18
7b2ef3c7-166d-4072-933c-0fa27d5a9c8c,1.7773434983225021e+18
7b2ef3c7-166d-4072-933c-0fa27d5a9c8c,1.7773434983558454e+18
7b2ef3c7-166d-4072-933c-0fa27d5a9c8c,1.7773434983891884e+18
7b2ef3c7-166d-4072-933c-0fa27d5a9c8c,1.7773434984225313e+18
7b2ef3c7-166d-4072-933c-0fa27d5a9c8c,1.7773434984558743e+18
7b2ef3c7-166d-4072-933c-0fa27d5a9c8c,1.7773434984892173e+18
7b2ef3c7-166d-4072-933c-0fa27d5a9c8c,1.7773434985225603e+18
7b2ef3c7-166d-4072-933c-0fa27d5a9c8c,1.7773434985559032e+18
7b2ef3c7-166d-4072-933c-0fa27d5a9c8c,1.7773434985892462e+18
7b2ef3c7-166d-4072-933c-0fa27d5a9c8c,1.7773434986225892e+18
7b2ef3c7-166d-4072-933c-0fa27d5a9c8c,1.7773434986559322e+18
7b2ef3c7-166d-4072-933c-0fa27d5a9c8c,1.7773434986892754e+18
7b2ef3c7-166d-4072-933c-0fa27d5a9c8c,1.7773434987226184e+18
7b2ef3c7-166d-4072-933c-0fa27d5a9c8c,1.7773434987559613e+18
7b2ef3c7-166d-4072-933c-0fa27d5a9c8c,1.7773434987893043e+18
7b2ef3c7-166d-4072-933c-0fa27d5a9c8c,1.7773434988226473e+18
7b2ef3c7-166d-4072-933c-0fa27d5a9c8c,1.7773434988559903e+18
7b2ef3c7-166d-4072-933c-0fa27d5a9c8c,1.7773434988893332e+18
7b2ef3c7-166d-4072-933c-0fa27d5a9c8c,1.7773434989226762e+18
7b2ef3c7-166d-4072-933c-0fa27d5a9c8c,1.7773434989560192e+18
7b2ef3c7-166d-4072-933c-0fa27d5a9c8c,1.7773434989893622e+18
7b2ef3c7-166d-4072-933c-0fa27d5a9c8c,1.7773434990227052e+18
7b2ef3c7-166d-4072-933c-0fa27d5a9c8c,1.7773434990560484e+18
7b2ef3c7-166d-4072-933c-0fa27d5a9c8c,1.7773434990893914e+18
7b2ef3c7-166d-4072-933c-0fa27d5a9c8c,1.7773434991227354e+18
7b2ef3c7-166d-4072-933c-0fa27d5a9c8c,1.7773434991560783e+18
7b2ef3c7-166d-4072-933c-0fa27d5a9c8c,1.7773434991894213e+18
7b2ef3c7-166d-4072-933c-0fa27d5a9c8c,1.7773434992227643e+18
7b2ef3c7-166d-4072-933c-0fa27d5a9c8c,1.7773434992561073e+18
7b2ef3c7-166d-4072-933c-0fa27d5a9c8c,1.7773434992894502e+18
7b2ef3c7-166d-4072-933c-0fa27d5a9c8c,1.7773434993227932e+18
7b2ef3c7-166d-4072-933c-0fa27d5a9c8c,1.7773434993561362e+18
7b2ef3c7-166d-4072-933c-0fa27d5a9c8c,1.7773434993894792e+18
7b2ef3c7-166d-4072-933c-0fa27d5a9c8c,1.7773434994228221e+18
7b2ef3c7-166d-4072-933c-0fa27d5a9c8c,1.7773434994561654e+18
7b2ef3c7-166d-4072-933c-0fa27d5a9c8c,1.7773434994895084e+18
7b2ef3c7-166d-4072-933c-0fa27d5a9c8c,1.7773434995228513e+18
7b2ef3c7-166d-4072-933c-0fa27d5a9c8c,1.7773434995561943e+18
7b2ef3c7-166d-4072-933c-0fa27d5a9c8c,1.7773434995895373e+18
7b2ef3c7-166d-4072-933c-0fa27d5a9c8c,1.7773434996228803e+18
7b2ef3c7-166d-4072-933c-0fa27d5a9c8c,1.7773434996562232e+18
7b2ef3c7-166d-4072-933c-0fa27d5a9c8c,1.7773434996895662e+18
7b2ef3c7-166d-4072-933c-0fa27d5a9c8c,1.7773434997229092e+18
7b2ef3c7-166d-4072-933c-0fa27d5a9c8c,1.7773434997562522e+18
7b2ef3c7-166d-4072-933c-0fa27d5a9c8c,1.7773434997895954e+18
7b2ef3c7-166d-4072-933c-0fa27d5a9c8c,1.7773434998229384e+18
7b2ef3c7-166d-4072-933c-0fa27d5a9c8c,1.7773434998562813e+18
7b2ef3c7-166d-4072-933c-0fa27d5a9c8c,1.7773434998896243e+18
7b2ef3c7-166d-4072-933c-0fa27d5a9c8c,1.7773434999229673e+18
7b2ef3c7-166d-4072-933c-0fa27d5a9c8c,1.7773434999563103e+18
7b2ef3c7-166d-4072-933c-0fa27d5a9c8c,1.7773434999896532e+18
7b2ef3c7-166d-4072-933c-0fa27d5a9c8c,1.7773435000229962e+18
7b2ef3c7-166d-4072-933c-0fa27d5a9c8c,1.7773435000563392e+18
7b2ef3c7-166d-4072-933c-0fa27d5a9c8c,1.7773435000896822e+18
7b2ef3c7-166d-4072-933c-0fa27d5a9c8c,1.7773435001230252e+18
7b2ef3c7-166d-4072-933c-0fa27d5a9c8c,1.7773435001563684e+18
7b2ef3c7-166d-4072-933c-0fa27d5a9c8c,1.7773435001897114e+18
7b2ef3c7-166d-4072-933c-0fa27d5a9c8c,1.7773435002230543e+18
7b2ef3c7-166d-4072-933c-0fa27d5a9c8c,1.7773435002563973e+18
7b2ef3c7-166d-4072-933c-0fa27d5a9c8c,1.7773435002897403e+18
7b2ef3c7-166d-4072-933c-0fa27d5a9c8c,1.7773435003230833e+18
7b2ef3c7-166d-4072-933c-0fa27d5a9c8c,1.7773435003564262e+18
7b2ef3c7-166d-4072-933c-0fa27d5a9c8c,1.7773435003897692e+18
7b2ef3c7-166d-4072-933c-0fa27d5a9c8c,1.7773435004231122e+18
7b2ef3c7-166d-4072-933c-0fa27d5a9c8c,1.7773435004564562e+18
7b2ef3c7-166d-4072-933c-0fa27d5a9c8c,1.7773435004897992e+18
7b2ef3c7-166d-4072-933c-0fa27d5a9c8c,1.7773435005231421e+18
7b2ef3c7-166d-4072-933c-0fa27d5a9c8c,1.7773435005564854e+18
7b2ef3c7-166d-4072-933c-0fa27d5a9c8c,1.7773435005898284e+18
7b2ef3c7-166d-4072-933c-0fa27d5a9c8c,1.7773435006231713e+18
7b2ef3c7-166d-4072-933c-0fa27d5a9c8c,1.7773435006565143e+18
7b2ef3c7-166d-4072-933c-0fa27d5a9c8c,1.7773435006898573e+18
7b2ef3c7-166d-4072-933c-0fa27d5a9c8c,1.7773435007232003e+18
7b2ef3c7-166d-4072-933c-0fa27d5a9c8c,1.7773435007565432e+18
7b2ef3c7-166d-4072-933c-0fa27d5a9c8c,1.7773435007898862e+18
7b2ef3c7-166d-4072-933c-0fa27d5a9c8c,1.7773435008232292e+18
7b2ef3c7-166d-4072-933c-0fa27d5a9c8c,1.7773435008565722e+18
7b2ef3c7-166d-4072-933c-0fa27d5a9c8c,1.7773435008899154e+18
7b2ef3c7-166d-4072-933c-0fa27d5a9c8c,1.7773435009232584e+18
7b2ef3c7-166d-4072-933c-0fa27d5a9c8c,1.7773435009566013e+18
7b2ef3c7-166d-4072-933c-0fa27d5a9c8c,1.7773435009899443e+18
7b2ef3c7-166d-4072-933c-0fa27d5a9c8c,1.7773435010232873e+18
7b2ef3c7-166d-4072-933c-0fa27d5a9c8c,1.7773435010566303e+18
7b2ef3c7-166d-4072-933c-0fa27d5a9c8c,1.7773435010899732e+18
7b2ef3c7-166d-4072-933c-0fa27d5a9c8c,1.7773435011233162e+18
7b2ef3c7-166d-4072-933c-0fa27d5a9c8c,1.7773435011566592e+18
7b2ef3c7-166d-4072-933c-0fa27d5a9c8c,1.7773435011900022e+18
7b2ef3c7-166d-4072-933c-0fa27d5a9c8c,1.7773435012233452e+18
7b2ef3c7-166d-4072-933c-0fa27d5a9c8c,1.7773435012566884e+18
7b2ef3c7-166d-4072-933c-0fa27d5a9c8c,1.7773435012900314e+18
7b2ef3c7-166d-4072-933c-0fa27d5a9c8c,1.7773435013233743e+18
7b2ef3c7-166d-4072-933c-0fa27d5a9c8c,1.7773435013567173e+18
7b2ef3c7-166d-4072-933c-0fa27d5a9c8c,1.7773435013900603e+18
7b2ef3c7-166d-4072-933c-0fa27d5a9c8c,1.7773435014234033e+18
7b2ef3c7-166d-4072-933c-0fa27d5a9c8c,1.7773435014567462e+18
7b2ef3c7-166d-4072-933c-0fa27d5a9c8c,1.7773435014900892e+18
7b2ef3c7-166d-4072-933c-0fa27d5a9c8c,1.7773435015234322e+18
7b2ef3c7-166d-4072-933c-0fa27d5a9c8c,1.7773435015567752e+18
7b2ef3c7-166d-4072-933c-0fa27d5a9c8c,1.7773435015901181e+18
7b2ef3c7-166d-4072-933c-0fa27d5a9c8c,1.7773435016234614e+18
7b2ef3c7-166d-4072-933c-0fa27d5a9c8c,1.7773435016568044e+18
7b2ef3c7-166d-4072-933c-0fa27d5a9c8c,1.7773435016901473e+18
7b2ef3c7-166d-4072-933c-0fa27d5a9c8c,1.7773435017234903e+18
7b2ef3c7-166d-4072-933c-0fa27d5a9c8c,1.7773435017568333e+18
7b2ef3c7-166d-4072-933c-0fa27d5a9c8c,1.7773435017901763e+18
7b2ef3c7-166d-4072-933c-0fa27d5a9c8c,1.7773435018235192e+18
7b2ef3c7-166d-4072-933c-0fa27d5a9c8c,1.7773435018568622e+18
7b2ef3c7-166d-4072-933c-0fa27d5a9c8c,1.7773435018902062e+18
7b2ef3c7-166d-4072-933c-0fa27d5a9c8c,1.7773435019235492e+18
7b2ef3c7-166d-4072-933c-0fa27d5a9c8c,1.7773435019568922e+18
7b2ef3c7-166d-4072-933c-0fa27d5a9c8c,1.7773435019902354e+18
7b2ef3c7-166d-4072-933c-0fa27d5a9c8c,1.7773435020235784e+18
7b2ef3c7-166d-4072-933c-0fa27d5a9c8c,1.7773435020569213e+18
7b2ef3c7-166d-4072-933c-0fa27d5a9c8c,1.7773435020902643e+18
7b2ef3c7-166d-4072-933c-0fa27d5a9c8c,1.7773435021236073e+18
7b2ef3c7-166d-4072-933c-0fa27d5a9c8c,1.7773435021569503e+18
7b2ef3c7-166d-4072-933c-0fa27d5a9c8c,1.7773435021902932e+18
7b2ef3c7-166d-4072-933c-0fa27d5a9c8c,1.7773435022236362e+18
7b2ef3c7-166d-4072-933c-0fa27d5a9c8c,1.7773435022569792e+18
7b2ef3c7-166d-4072-933c-0fa27d5a9c8c,1.7773435022903222e+18
7b2ef3c7-166d-4072-933c-0fa27d5a9c8c,1.7773435023236652e+18
7b2ef3c7-166d-4072-933c-0fa27d5a9c8c,1.7773435023570084e+18
7b2ef3c7-166d-4072-933c-0fa27d5a9c8c,1.7773435023903514e+18
7b2ef3c7-166d-4072-933c-0fa27d5a9c8c,1.7773435024236943e+18
7b2ef3c7-166d-4072-933c-0fa27d5a9c8c,1.7773435024570373e+18
7b2ef3c7-166d-4072-933c-0fa27d5a9c8c,1.7773435024903803e+18
7b2ef3c7-166d-4072-933c-0fa27d5a9c8c,1.7773435025237233e+18
7b2ef3c7-166d-4072-933c-0fa27d5a9c8c,1.7773435025570662e+18
7b2ef3c7-166d-4072-933c-0fa27d5a9c8c,1.7773435025904092e+18
7b2ef3c7-166d-4072-933c-0fa27d5a9c8c,1.7773435026237522e+18
7b2ef3c7-166d-4072-933c-0fa27d5a9c8c,1.7773435026570952e+18
7b2ef3c7-166d-4072-933c-0fa27d5a9c8c,1.7773435026904381e+18
7b2ef3c7-166d-4072-933c-0fa27d5a9c8c,1.7773435027237814e+18
7b2ef3c7-166d-4072-933c-0fa27d5a9c8c,1.7773435027571244e+18
7b2ef3c7-166d-4072-933c-0fa27d5a9c8c,1.7773435027904673e+18
7b2ef3c7-166d-4072-933c-0fa27d5a9c8c,1.7773435028238103e+18
7b2ef3c7-166d-4072-933c-0fa27d5a9c8c,1.7773435028571533e+18
7b2ef3c7-166d-4072-933c-0fa27d5a9c8c,1.7773435028904963e+18
7b2ef3c7-166d-4072-933c-0fa27d5a9c8c,1.7773435029238392e+18
7b2ef3c7-166d-4072-933c-0fa27d5a9c8c,1.7773435029571822e+18
7b2ef3c7-166d-4072-933c-0fa27d5a9c8c,1.7773435029905252e+18
7b2ef3c7-166d-4072-933c-0fa27d5a9c8c,1.7773435030238682e+18
7b2ef3c7-166d-4072-933c-0fa27d5a9c8c,1.7773435030572114e+18
7b2ef3c7-166d-4072-933c-0fa27d5a9c8c,1.7773435030905544e+18
7b2ef3c7-166d-4072-933c-0fa27d5a9c8c,1.7773435031238973e+18
7b2ef3c7-166d-4072-933c-0fa27d5a9c8c,1.7773435031572403e+18
7b2ef3c7-166d-4072-933c-0fa27d5a9c8c,1.7773435031905833e+18
7b2ef3c7-166d-4072-933c-0fa27d5a9c8c,1.7773435032239263e+18
7b2ef3c7-166d-4072-933c-0fa27d5a9c8c,1.7773435032572703e+18
7b2ef3c7-166d-4072-933c-0fa27d5a9c8c,1.7773435032906132e+18
7b2ef3c7-166d-4072-933c-0fa27d5a9c8c,1.7773435033239562e+18
7b2ef3c7-166d-4072-933c-0fa27d5a9c8c,1.7773435033572992e+18
7b2ef3c7-166d-4072-933c-0fa27d5a9c8c,1.7773435033906422e+18
7b2ef3c7-166d-4072-933c-0fa27d5a9c8c,1.7773435034239852e+18
7b2ef3c7-166d-4072-933c-0fa27d5a9c8c,1.7773435034573284e+18
7b2ef3c7-166d-4072-933c-0fa27d5a9c8c,1.7773435034906714e+18
7b2ef3c7-166d-4072-933c-0fa27d5a9c8c,1.7773435035240143e+18
7b2ef3c7-166d-4072-933c-0fa27d5a9c8c,1.7773435035573573e+18
7b2ef3c7-166d-4072-933c-0fa27d5a9c8c,1.7773435035907003e+18
7b2ef3c7-166d-4072-933c-0fa27d5a9c8c,1.7773435036240433e+18
7b2ef3c7-166d-4072-933c-0fa27d5a9c8c,1.7773435036573862e+18
7b2ef3c7-166d-4072-933c-0fa27d5a9c8c,1.7773435036907292e+18
7b2ef3c7-166d-4072-933c-0fa27d5a9c8c,1.7773435037240722e+18
7b2ef3c7-166d-4072-933c-0fa27d5a9c8c,1.7773435037574152e+18
7b2ef3c7-166d-4072-933c-0fa27d5a9c8c,1.7773435037907581e+18
7b2ef3c7-166d-4072-933c-0fa27d5a9c8c,1.7773435038241014e+18
7b2ef3c7-166d-4072-933c-0fa27d5a9c8c,1.7773435038574444e+18
7b2ef3c7-166d-4072-933c-0fa27d5a9c8c,1.7773435038907873e+18
7b2ef3c7-166d-4072-933c-0fa27d5a9c8c,1.7773435039241303e+18
7b2ef3c7-166d-4072-933c-0fa27d5a9c8c,1.7773435039574733e+18
7b2ef3c7-166d-4072-933c-0fa27d5a9c8c,1.7773435039908163e+18
7b2ef3c7-166d-4072-933c-0fa27d5a9c8c,1.7773435040241592e+18
7b2ef3c7-166d-4072-933c-0fa27d5a9c8c,1.7773435040575022e+18
7b2ef3c7-166d-4072-933c-0fa27d5a9c8c,1.7773435040908452e+18
7b2ef3c7-166d-4072-933c-0fa27d5a9c8c,1.7773435041241882e+18
7b2ef3c7-166d-4072-933c-0fa27d5a9c8c,1.7773435041575314e+18
7b2ef3c7-166d-4072-933c-0fa27d5a9c8c,1.7773435041908744e+18
7b2ef3c7-166d-4072-933c-0fa27d5a9c8c,1.7773435042242173e+18
7b2ef3c7-166d-4072-933c-0fa27d5a9c8c,1.7773435042575603e+18
7b2ef3c7-166d-4072-933c-0fa27d5a9c8c,1.7773435042909033e+18
7b2ef3c7-166d-4072-933c-0fa27d5a9c8c,1.7773435043242463e+18
7b2ef3c7-166d-4072-933c-0fa27d5a9c8c,1.7773435043575892e+18
7b2ef3c7-166d-4072-933c-0fa27d5a9c8c,1.7773435043909322e+18
7b2ef3c7-166d-4072-933c-0fa27d5a9c8c,1.7773435044242752e+18
7b2ef3c7-166d-4072-933c-0fa27d5a9c8c,1.7773435044576182e+18
7b2ef3c7-166d-4072-933c-0fa27d5a9c8c,1.7773435044909612e+18
7b2ef3c7-166d-4072-933c-0fa27d5a9c8c,1.7773435045243044e+18
7b2ef3c7-166d-4072-933c-0fa27d5a9c8c,1.7773435045576474e+18
7b2ef3c7-166d-4072-933c-0fa27d5a9c8c,1.7773435045909914e+18
7b2ef3c7-166d-4072-933c-0fa27d5a9c8c,1.7773435046243343e+18
7b2ef3c7-166d-4072-933c-0fa27d5a9c8c,1.7773435046576773e+18
7b2ef3c7-166d-4072-933c-0fa27d5a9c8c,1.7773435046910203e+18
7b2ef3c7-166d-4072-933c-0fa27d5a9c8c,1.7773435047243633e+18
7b2ef3c7-166d-4072-933c-0fa27d5a9c8c,1.7773435047577062e+18
7b2ef3c7-166d-4072-933c-0fa27d5a9c8c,1.7773435047910492e+18
7b2ef3c7-166d-4072-933c-0fa27d5a9c8c,1.7773435048243922e+18
7b2ef3c7-166d-4072-933c-0fa27d5a9c8c,1.7773435048577352e+18
7b2ef3c7-166d-4072-933c-0fa27d5a9c8c,1.7773435048910781e+18
7b2ef3c7-166d-4072-933c-0fa27d5a9c8c,1.7773435049244214e+18
7b2ef3c7-166d-4072-933c-0fa27d5a9c8c,1.7773435049577644e+18
7b2ef3c7-166d-4072-933c-0fa27d5a9c8c,1.7773435049911073e+18
7b2ef3c7-166d-4072-933c-0fa27d5a9c8c,1.7773435050244503e+18
7b2ef3c7-166d-4072-933c-0fa27d5a9c8c,1.7773435050577933e+18
7b2ef3c7-166d-4072-933c-0fa27d5a9c8c,1.7773435050911363e+18
7b2ef3c7-166d-4072-933c-0fa27d5a9c8c,1.7773435051244792e+18
7b2ef3c7-166d-4072-933c-0fa27d5a9c8c,1.7773435051578222e+18
7b2ef3c7-166d-4072-933c-0fa27d5a9c8c,1.7773435051911652e+18
7b2ef3c7-166d-4072-933c-0fa27d5a9c8c,1.7773435052245082e+18
7b2ef3c7-166d-4072-933c-0fa27d5a9c8c,1.7773435052578514e+18
7b2ef3c7-166d-4072-933c-0fa27d5a9c8c,1.7773435052911944e+18
7b2ef3c7-166d-4072-933c-0fa27d5a9c8c,1.7773435053245373e+18
7b2ef3c7-166d-4072-933c-0fa27d5a9c8c,1.7773435053578803e+18
7b2ef3c7-166d-4072-933c-0fa27d5a9c8c,1.7773435053912233e+18
7b2ef3c7-166d-4072-933c-0fa27d5a9c8c,1.7773435054245663e+18
7b2ef3c7-166d-4072-933c-0fa27d5a9c8c,1.7773435054579092e+18
7b2ef3c7-166d-4072-933c-0fa27d5a9c8c,1.7773435054912522e+18
7b2ef3c7-166d-4072-933c-0fa27d5a9c8c,1.7773435055245952e+18
7b2ef3c7-166d-4072-933c-0fa27d5a9c8c,1.7773435055579382e+18
7b2ef3c7-166d-4072-933c-0fa27d5a9c8c,1.7773435055912812e+18
7b2ef3c7-166d-4072-933c-0fa27d5a9c8c,1.7773435056246244e+18
7b2ef3c7-166d-4072-933c-0fa27d5a9c8c,1.7773435056579674e+18
7b2ef3c7-166d-4072-933c-0fa27d5a9c8c,1.7773435056913103e+18
7b2ef3c7-166d-4072-933c-0fa27d5a9c8c,1.7773435057246533e+18
7b2ef3c7-166d-4072-933c-0fa27d5a9c8c,1.7773435057579963e+18
7b2ef3c7-166d-4072-933c-0fa27d5a9c8c,1.7773435057913393e+18
7b2ef3c7-166d-4072-933c-0fa27d5a9c8c,1.7773435058246822e+18
7b2ef3c7-166d-4072-933c-0fa27d5a9c8c,1.7773435058580252e+18
7b2ef3c7-166d-4072-933c-0fa27d5a9c8c,1.7773435058913682e+18
7b2ef3c7-166d-4072-933c-0fa27d5a9c8c,1.7773435059247112e+18
7b2ef3c7-166d-4072-933c-0fa27d5a9c8c,1.7773435059580552e+18
7b2ef3c7-166d-4072-933c-0fa27d5a9c8c,1.7773435059913981e+18
7b2ef3c7-166d-4072-933c-0fa27d5a9c8c,1.7773435060247414e+18
7b2ef3c7-166d-4072-933c-0fa27d5a9c8c,1.7773435060580844e+18
7b2ef3c7-166d-4072-933c-0fa27d5a9c8c,1.7773435060914273e+18
7b2ef3c7-166d-4072-933c-0fa27d5a9c8c,1.7773435061247703e+18
7b2ef3c7-166d-4072-933c-0fa27d5a9c8c,1.7773435061581133e+18
7b2ef3c7-166d-4072-933c-0fa27d5a9c8c,1.7773435061914563e+18
7b2ef3c7-166d-4072-933c-0fa27d5a9c8c,1.7773435062247992e+18
7b2ef3c7-166d-4072-933c-0fa27d5a9c8c,1.7773435062581422e+18
7b2ef3c7-166d-4072-933c-0fa27d5a9c8c,1.7773435062914852e+18
7b2ef3c7-166d-4072-933c-0fa27d5a9c8c,1.7773435063248282e+18
7b2ef3c7-166d-4072-933c-0fa27d5a9c8c,1.7773435063581714e+18
7b2ef3c7-166d-4072-933c-0fa27d5a9c8c,1.7773435063915144e+18
7b2ef3c7-166d-4072-933c-0fa27d5a9c8c,1.7773435064248573e+18
7b2ef3c7-166d-4072-933c-0fa27d5a9c8c,1.7773435064582003e+18
7b2ef3c7-166d-4072-933c-0fa27d5a9c8c,1.7773435064915433e+18
7b2ef3c7-166d-4072-933c-0fa27d5a9c8c,1.7773435065248863e+18
7b2ef3c7-166d-4072-933c-0fa27d5a9c8c,1.7773435065582292e+18
7b2ef3c7-166d-4072-933c-0fa27d5a9c8c,1.7773435065915722e+18
7b2ef3c7-166d-4072-933c-0fa27d5a9c8c,1.7773435066249152e+18
7b2ef3c7-166d-4072-933c-0fa27d5a9c8c,1.7773435066582582e+18
7b2ef3c7-166d-4072-933c-0fa27d5a9c8c,1.7773435066916012e+18
7b2ef3c7-166d-4072-933c-0fa27d5a9c8c,1.7773435067249444e+18
7b2ef3c7-166d-4072-933c-0fa27d5a9c8c,1.7773435067582874e+18
7b2ef3c7-166d-4072-933c-0fa27d5a9c8c,1.7773435067916303e+18
7b2ef3c7-166d-4072-933c-0fa27d5a9c8c,1.7773435068249733e+18
7b2ef3c7-166d-4072-933c-0fa27d5a9c8c,1.7773435068583163e+18
7b2ef3c7-166d-4072-933c-0fa27d5a9c8c,1.7773435068916593e+18
7b2ef3c7-166d-4072-933c-0fa27d5a9c8c,1.7773435069250022e+18
7b2ef3c7-166d-4072-933c-0fa27d5a9c8c,1.7773435069583452e+18
7b2ef3c7-166d-4072-933c-0fa27d5a9c8c,1.7773435069916882e+18
7b2ef3c7-166d-4072-933c-0fa27d5a9c8c,1.7773435070250312e+18
7b2ef3c7-166d-4072-933c-0fa27d5a9c8c,1.7773435070583741e+18
7b2ef3c7-166d-4072-933c-0fa27d5a9c8c,1.7773435070917174e+18
7b2ef3c7-166d-4072-933c-0fa27d5a9c8c,1.7773435071250604e+18
7b2ef3c7-166d-4072-933c-0fa27d5a9c8c,1.7773435071584033e+18
7b2ef3c7-166d-4072-933c-0fa27d5a9c8c,1.7773435071917463e+18
7b2ef3c7-166d-4072-933c-0fa27d5a9c8c,1.7773435072250893e+18
7b2ef3c7-166d-4072-933c-0fa27d5a9c8c,1.7773435072584323e+18
7b2ef3c7-166d-4072-933c-0fa27d5a9c8c,1.7773435072917752e+18
7b2ef3c7-166d-4072-933c-0fa27d5a9c8c,1.7773435073251182e+18
7b2ef3c7-166d-4072-933c-0fa27d5a9c8c,1.7773435073584612e+18
7b2ef3c7-166d-4072-933c-0fa27d5a9c8c,1.7773435073918052e+18
7b2ef3c7-166d-4072-933c-0fa27d5a9c8c,1.7773435074251482e+18
7b2ef3c7-166d-4072-933c-0fa27d5a9c8c,1.7773435074584914e+18
7b2ef3c7-166d-4072-933c-0fa27d5a9c8c,1.7773435074918344e+18
7b2ef3c7-166d-4072-933c-0fa27d5a9c8c,1.7773435075251773e+18
7b2ef3c7-166d-4072-933c-0fa27d5a9c8c,1.7773435075585203e+18
7b2ef3c7-166d-4072-933c-0fa27d5a9c8c,1.7773435075918633e+18
7b2ef3c7-166d-4072-933c-0fa27d5a9c8c,1.7773435076252063e+18
7b2ef3c7-166d-4072-933c-0fa27d5a9c8c,1.7773435076585492e+18
7b2ef3c7-166d-4072-933c-0fa27d5a9c8c,1.7773435076918922e+18
7b2ef3c7-166d-4072-933c-0fa27d5a9c8c,1.7773435077252352e+18
7b2ef3c7-166d-4072-933c-0fa27d5a9c8c,1.7773435077585782e+18
7b2ef3c7-166d-4072-933c-0fa27d5a9c8c,1.7773435077919212e+18
7b2ef3c7-166d-4072-933c-0fa27d5a9c8c,1.7773435078252644e+18
7b2ef3c7-166d-4072-933c-0fa27d5a9c8c,1.7773435078586074e+18
7b2ef3c7-166d-4072-933c-0fa27d5a9c8c,1.7773435078919503e+18
7b2ef3c7-166d-4072-933c-0fa27d5a9c8c,1.7773435079252933e+18
7b2ef3c7-166d-4072-933c-0fa27d5a9c8c,1.7773435079586363e+18
7b2ef3c7-166d-4072-933c-0fa27d5a9c8c,1.7773435079919793e+18
7b2ef3c7-166d-4072-933c-0fa27d5a9c8c,1.7773435080253222e+18
7b2ef3c7-166d-4072-933c-0fa27d5a9c8c,1.7773435080586652e+18
7b2ef3c7-166d-4072-933c-0fa27d5a9c8c,1.7773435080920082e+18
7b2ef3c7-166d-4072-933c-0fa27d5a9c8c,1.7773435081253512e+18
7b2ef3c7-166d-4072-933c-0fa27d5a9c8c,1.7773435081586941e+18
7b2ef3c7-166d-4072-933c-0fa27d5a9c8c,1.7773435081920374e+18
7b2ef3c7-166d-4072-933c-0fa27d5a9c8c,1.7773435082253804e+18
7b2ef3c7-166d-4072-933c-0fa27d5a9c8c,1.7773435082587233e+18
7b2ef3c7-166d-4072-933c-0fa27d5a9c8c,1.7773435082920663e+18
7b2ef3c7-166d-4072-933c-0fa27d5a9c8c,1.7773435083254093e+18
7b2ef3c7-166d-4072-933c-0fa27d5a9c8c,1.7773435083587523e+18
7b2ef3c7-166d-4072-933c-0fa27d5a9c8c,1.7773435083920952e+18
7b2ef3c7-166d-4072-933c-0fa27d5a9c8c,1.7773435084254382e+18
7b2ef3c7-166d-4072-933c-0fa27d5a9c8c,1.7773435084587812e+18
7b2ef3c7-166d-4072-933c-0fa27d5a9c8c,1.7773435084921242e+18
7b2ef3c7-166d-4072-933c-0fa27d5a9c8c,1.7773435085254674e+18
7b2ef3c7-166d-4072-933c-0fa27d5a9c8c,1.7773435085588104e+18
7b2ef3c7-166d-4072-933c-0fa27d5a9c8c,1.7773435085921533e+18
7b2ef3c7-166d-4072-933c-0fa27d5a9c8c,1.7773435086254963e+18
7b2ef3c7-166d-4072-933c-0fa27d5a9c8c,1.7773435086588393e+18
7b2ef3c7-166d-4072-933c-0fa27d5a9c8c,1.7773435086921823e+18
7b2ef3c7-166d-4072-933c-0fa27d5a9c8c,1.7773435087255263e+18
7b2ef3c7-166d-4072-933c-0fa27d5a9c8c,1.7773435087588692e+18
7b2ef3c7-166d-4072-933c-0fa27d5a9c8c,1.7773435087922122e+18
7b2ef3c7-166d-4072-933c-0fa27d5a9c8c,1.7773435088255552e+18
7b2ef3c7-166d-4072-933c-0fa27d5a9c8c,1.7773435088588982e+18
7b2ef3c7-166d-4072-933c-0fa27d5a9c8c,1.7773435088922412e+18
7b2ef3c7-166d-4072-933c-0fa27d5a9c8c,1.7773435089255844e+18
7b2ef3c7-166d-4072-933c-0fa27d5a9c8c,1.7773435089589274e+18
7b2ef3c7-166d-4072-933c-0fa27d5a9c8c,1.7773435089922703e+18
7b2ef3c7-166d-4072-933c-0fa27d5a9c8c,1.7773435090256133e+18
7b2ef3c7-166d-4072-933c-0fa27d5a9c8c,1.7773435090589563e+18
7b2ef3c7-166d-4072-933c-0fa27d5a9c8c,1.7773435090922993e+18
7b2ef3c7-166d-4072-933c-0fa27d5a9c8c,1.7773435091256422e+18
7b2ef3c7-166d-4072-933c-0fa27d5a9c8c,1.7773435091589852e+18
7b2ef3c7-166d-4072-933c-0fa27d5a9c8c,1.7773435091923282e+18
7b2ef3c7-166d-4072-933c-0fa27d5a9c8c,1.7773435092256712e+18
7b2ef3c7-166d-4072-933c-0fa27d5a9c8c,1.7773435092590141e+18
7b2ef3c7-166d-4072-933c-0fa27d5a9c8c,1.7773435092923574e+18
7b2ef3c7-166d-4072-933c-0fa27d5a9c8c,1.7773435093257004e+18
7b2ef3c7-166d-4072-933c-0fa27d5a9c8c,1.7773435093590433e+18
7b2ef3c7-166d-4072-933c-0fa27d5a9c8c,1.7773435093923863e+18
7b2ef3c7-166d-4072-933c-0fa27d5a9c8c,1.7773435094257293e+18
7b2ef3c7-166d-4072-933c-0fa27d5a9c8c,1.7773435094590723e+18
7b2ef3c7-166d-4072-933c-0fa27d5a9c8c,1.7773435094924152e+18
7b2ef3c7-166d-4072-933c-0fa27d5a9c8c,1.7773435095257582e+18
7b2ef3c7-166d-4072-933c-0fa27d5a9c8c,1.7773435095591012e+18
7b2ef3c7-166d-4072-933c-0fa27d5a9c8c,1.7773435095924442e+18
7b2ef3c7-166d-4072-933c-0fa27d5a9c8c,1.7773435096257874e+18
7b2ef3c7-166d-4072-933c-0fa27d5a9c8c,1.7773435096591304e+18
7b2ef3c7-166d-4072-933c-0fa27d5a9c8c,1.7773435096924733e+18
7b2ef3c7-166d-4072-933c-0fa27d5a9c8c,1.7773435097258163e+18
7b2ef3c7-166d-4072-933c-0fa27d5a9c8c,1.7773435097591593e+18
7b2ef3c7-166d-4072-933c-0fa27d5a9c8c,1.7773435097925023e+18
7b2ef3c7-166d-4072-933c-0fa27d5a9c8c,1.7773435098258452e+18
7b2ef3c7-166d-4072-933c-0fa27d5a9c8c,1.7773435098591882e+18
7b2ef3c7-166d-4072-933c-0fa27d5a9c8c,1.7773435098925312e+18
7b2ef3c7-166d-4072-933c-0fa27d5a9c8c,1.7773435099258742e+18
7b2ef3c7-166d-4072-933c-0fa27d5a9c8c,1.7773435099592172e+18
7b2ef3c7-166d-4072-933c-0fa27d5a9c8c,1.7773435099925604e+18
7b2ef3c7-166d-4072-933c-0fa27d5a9c8c,1.7773435100259034e+18
7b2ef3c7-166d-4072-933c-0fa27d5a9c8c,1.7773435100592474e+18
7b2ef3c7-166d-4072-933c-0fa27d5a9c8c,1.7773435100925903e+18
7b2ef3c7-166d-4072-933c-0fa27d5a9c8c,1.7773435101259333e+18
7b2ef3c7-166d-4072-933c-0fa27d5a9c8c,1.7773435101592763e+18
7b2ef3c7-166d-4072-933c-0fa27d5a9c8c,1.7773435101926193e+18
7b2ef3c7-166d-4072-933c-0fa27d5a9c8c,1.7773435102259622e+18
7b2ef3c7-166d-4072-933c-0fa27d5a9c8c,1.7773435102593052e+18
7b2ef3c7-166d-4072-933c-0fa27d5a9c8c,1.7773435102926482e+18
7b2ef3c7-166d-4072-933c-0fa27d5a9c8c,1.7773435103259912e+18
7b2ef3c7-166d-4072-933c-0fa27d5a9c8c,1.7773435103593341e+18
7b2ef3c7-166d-4072-933c-0fa27d5a9c8c,1.7773435103926774e+18
7b2ef3c7-166d-4072-933c-0fa27d5a9c8c,1.7773435104260204e+18
7b2ef3c7-166d-4072-933c-0fa27d5a9c8c,1.7773435104593633e+18
7b2ef3c7-166d-4072-933c-0fa27d5a9c8c,1.7773435104927063e+18
7b2ef3c7-166d-4072-933c-0fa27d5a9c8c,1.7773435105260493e+18
7b2ef3c7-166d-4072-933c-0fa27d5a9c8c,1.7773435105593923e+18
7b2ef3c7-166d-4072-933c-0fa27d5a9c8c,1.7773435105927352e+18
7b2ef3c7-166d-4072-933c-0fa27d5a9c8c,1.7773435106260782e+18
7b2ef3c7-166d-4072-933c-0fa27d5a9c8c,1.7773435106594212e+18
7b2ef3c7-166d-4072-933c-0fa27d5a9c8c,1.7773435106927642e+18
7b2ef3c7-166d-4072-933c-0fa27d5a9c8c,1.7773435107261074e+18
7b2ef3c7-166d-4072-933c-0fa27d5a9c8c,1.7773435107594504e+18
7b2ef3c7-166d-4072-933c-0fa27d5a9c8c,1.7773435107927933e+18
7b2ef3c7-166d-4072-933c-0fa27d5a9c8c,1.7773435108261363e+18
7b2ef3c7-166d-4072-933c-0fa27d5a9c8c,1.7773435108594793e+18
7b2ef3c7-166d-4072-933c-0fa27d5a9c8c,1.7773435108928223e+18
7b2ef3c7-166d-4072-933c-0fa27d5a9c8c,1.7773435109261652e+18
7b2ef3c7-166d-4072-933c-0fa27d5a9c8c,1.7773435109595082e+18
7b2ef3c7-166d-4072-933c-0fa27d5a9c8c,1.7773435109928512e+18
7b2ef3c7-166d-4072-933c-0fa27d5a9c8c,1.7773435110261942e+18
7b2ef3c7-166d-4072-933c-0fa27d5a9c8c,1.7773435110595372e+18
7b2ef3c7-166d-4072-933c-0fa27d5a9c8c,1.7773435110928804e+18
7b2ef3c7-166d-4072-933c-0fa27d5a9c8c,1.7773435111262234e+18
7b2ef3c7-166d-4072-933c-0fa27d5a9c8c,1.7773435111595663e+18
7b2ef3c7-166d-4072-933c-0fa27d5a9c8c,1.7773435111929093e+18
7b2ef3c7-166d-4072-933c-0fa27d5a9c8c,1.7773435112262523e+18
7b2ef3c7-166d-4072-933c-0fa27d5a9c8c,1.7773435112595953e+18
7b2ef3c7-166d-4072-933c-0fa27d5a9c8c,1.7773435112929382e+18
7b2ef3c7-166d-4072-933c-0fa27d5a9c8c,1.7773435113262812e+18
7b2ef3c7-166d-4072-933c-0fa27d5a9c8c,1.7773435113596242e+18
7b2ef3c7-166d-4072-933c-0fa27d5a9c8c,1.7773435113929672e+18
7b2ef3c7-166d-4072-933c-0fa27d5a9c8c,1.7773435114263101e+18
7b2ef3c7-166d-4072-933c-0fa27d5a9c8c,1.7773435114596534e+18
7b2ef3c7-166d-4072-933c-0fa27d5a9c8c,1.7773435114929974e+18
7b2ef3c7-166d-4072-933c-0fa27d5a9c8c,1.7773435115263404e+18
7b2ef3c7-166d-4072-933c-0fa27d5a9c8c,1.7773435115596833e+18
7b2ef3c7-166d-4072-933c-0fa27d5a9c8c,1.7773435115930263e+18
7b2ef3c7-166d-4072-933c-0fa27d5a9c8c,1.7773435116263693e+18
7b2ef3c7-166d-4072-933c-0fa27d5a9c8c,1.7773435116597123e+18
7b2ef3c7-166d-4072-933c-0fa27d5a9c8c,1.7773435116930552e+18
7b2ef3c7-166d-4072-933c-0fa27d5a9c8c,1.7773435117263982e+18
7b2ef3c7-166d-4072-933c-0fa27d5a9c8c,1.7773435117597412e+18
7b2ef3c7-166d-4072-933c-0fa27d5a9c8c,1.7773435117930842e+18
7b2ef3c7-166d-4072-933c-0fa27d5a9c8c,1.7773435118264274e+18
7b2ef3c7-166d-4072-933c-0fa27d5a9c8c,1.7773435118597704e+18
7b2ef3c7-166d-4072-933c-0fa27d5a9c8c,1.7773435118931133e+18
7b2ef3c7-166d-4072-933c-0fa27d5a9c8c,1.7773435119264563e+18
7b2ef3c7-166d-4072-933c-0fa27d5a9c8c,1.7773435119597993e+18
7b2ef3c7-166d-4072-933c-0fa27d5a9c8c,1.7773435119931423e+18
7b2ef3c7-166d-4072-933c-0fa27d5a9c8c,1.7773435120264852e+18
7b2ef3c7-166d-4072-933c-0fa27d5a9c8c,1.7773435120598282e+18
7b2ef3c7-166d-4072-933c-0fa27d5a9c8c,1.7773435120931712e+18
7b2ef3c7-166d-4072-933c-0fa27d5a9c8c,1.7773435121265142e+18
7b2ef3c7-166d-4072-933c-0fa27d5a9c8c,1.7773435121598572e+18
7b2ef3c7-166d-4072-933c-0fa27d5a9c8c,1.7773435121932004e+18
7b2ef3c7-166d-4072-933c-0fa27d5a9c8c,1.7773435122265434e+18
7b2ef3c7-166d-4072-933c-0fa27d5a9c8c,1.7773435122598863e+18
7b2ef3c7-166d-4072-933c-0fa27d5a9c8c,1.7773435122932293e+18
7b2ef3c7-166d-4072-933c-0fa27d5a9c8c,1.7773435123265723e+18
7b2ef3c7-166d-4072-933c-0fa27d5a9c8c,1.7773435123599153e+18
7b2ef3c7-166d-4072-933c-0fa27d5a9c8c,1.7773435123932582e+18
7b2ef3c7-166d-4072-933c-0fa27d5a9c8c,1.7773435124266012e+18
7b2ef3c7-166d-4072-933c-0fa27d5a9c8c,1.7773435124599442e+18
7b2ef3c7-166d-4072-933c-0fa27d5a9c8c,1.7773435124932872e+18
7b2ef3c7-166d-4072-933c-0fa27d5a9c8c,1.7773435125266301e+18
7b2ef3c7-166d-4072-933c-0fa27d5a9c8c,1.7773435125599734e+18
7b2ef3c7-166d-4072-933c-0fa27d5a9c8c,1.7773435125933164e+18
7b2ef3c7-166d-4072-933c-0fa27d5a9c8c,1.7773435126266593e+18
7b2ef3c7-166d-4072-933c-0fa27d5a9c8c,1.7773435126600023e+18
7b2ef3c7-166d-4072-933c-0fa27d5a9c8c,1.7773435126933453e+18
7b2ef3c7-166d-4072-933c-0fa27d5a9c8c,1.7773435127266883e+18
7b2ef3c7-166d-4072-933c-0fa27d5a9c8c,1.7773435127600312e+18
7b2ef3c7-166d-4072-933c-0fa27d5a9c8c,1.7773435127933742e+18
7b2ef3c7-166d-4072-933c-0fa27d5a9c8c,1.7773435128267172e+18
7b2ef3c7-166d-4072-933c-0fa27d5a9c8c,1.7773435128600612e+18
7b2ef3c7-166d-4072-933c-0fa27d5a9c8c,1.7773435128934042e+18
7b2ef3c7-166d-4072-933c-0fa27d5a9c8c,1.7773435129267474e+18
7b2ef3c7-166d-4072-933c-0fa27d5a9c8c,1.7773435129600904e+18
7b2ef3c7-166d-4072-933c-0fa27d5a9c8c,1.7773435129934333e+18
7b2ef3c7-166d-4072-933c-0fa27d5a9c8c,1.7773435130267763e+18
7b2ef3c7-166d-4072-933c-0fa27d5a9c8c,1.7773435130601193e+18
7b2ef3c7-166d-4072-933c-0fa27d5a9c8c,1.7773435130934623e+18
7b2ef3c7-166d-4072-933c-0fa27d5a9c8c,1.7773435131268052e+18
7b2ef3c7-166d-4072-933c-0fa27d5a9c8c,1.7773435131601482e+18
7b2ef3c7-166d-4072-933c-0fa27d5a9c8c,1.7773435131934912e+18
7b2ef3c7-166d-4072-933c-0fa27d5a9c8c,1.7773435132268342e+18
7b2ef3c7-166d-4072-933c-0fa27d5a9c8c,1.7773435132601772e+18
7b2ef3c7-166d-4072-933c-0fa27d5a9c8c,1.7773435132935204e+18
7b2ef3c7-166d-4072-933c-0fa27d5a9c8c,1.7773435133268634e+18
7b2ef3c7-166d-4072-933c-0fa27d5a9c8c,1.7773435133602063e+18
7b2ef3c7-166d-4072-933c-0fa27d5a9c8c,1.7773435133935493e+18
7b2ef3c7-166d-4072-933c-0fa27d5a9c8c,1.7773435134268923e+18
7b2ef3c7-166d-4072-933c-0fa27d5a9c8c,1.7773435134602353e+18
7b2ef3c7-166d-4072-933c-0fa27d5a9c8c,1.7773435134935782e+18
7b2ef3c7-166d-4072-933c-0fa27d5a9c8c,1.7773435135269212e+18
7b2ef3c7-166d-4072-933c-0fa27d5a9c8c,1.7773435135602642e+18
7b2ef3c7-166d-4072-933c-0fa27d5a9c8c,1.7773435135936072e+18
7b2ef3c7-166d-4072-933c-0fa27d5a9c8c,1.7773435136269501e+18
7b2ef3c7-166d-4072-933c-0fa27d5a9c8c,1.7773435136602934e+18
7b2ef3c7-166d-4072-933c-0fa27d5a9c8c,1.7773435136936364e+18
7b2ef3c7-166d-4072-933c-0fa27d5a9c8c,1.7773435137269793e+18
7b2ef3c7-166d-4072-933c-0fa27d5a9c8c,1.7773435137603223e+18
7b2ef3c7-166d-4072-933c-0fa27d5a9c8c,1.7773435137936653e+18
7b2ef3c7-166d-4072-933c-0fa27d5a9c8c,1.7773435138270083e+18
7b2ef3c7-166d-4072-933c-0fa27d5a9c8c,1.7773435138603512e+18
7b2ef3c7-166d-4072-933c-0fa27d5a9c8c,1.7773435138936942e+18
7b2ef3c7-166d-4072-933c-0fa27d5a9c8c,1.7773435139270372e+18
7b2ef3c7-166d-4072-933c-0fa27d5a9c8c,1.7773435139603802e+18
7b2ef3c7-166d-4072-933c-0fa27d5a9c8c,1.7773435139937234e+18
7b2ef3c7-166d-4072-933c-0fa27d5a9c8c,1.7773435140270664e+18
7b2ef3c7-166d-4072-933c-0fa27d5a9c8c,1.7773435140604093e+18
7b2ef3c7-166d-4072-933c-0fa27d5a9c8c,1.7773435140937523e+18
7b2ef3c7-166d-4072-933c-0fa27d5a9c8c,1.7773435141270953e+18
7b2ef3c7-166d-4072-933c-0fa27d5a9c8c,1.7773435141604383e+18
7b2ef3c7-166d-4072-933c-0fa27d5a9c8c,1.7773435141937823e+18
7b2ef3c7-166d-4072-933c-0fa27d5a9c8c,1.7773435142271252e+18
7b2ef3c7-166d-4072-933c-0fa27d5a9c8c,1.7773435142604682e+18
7b2ef3c7-166d-4072-933c-0fa27d5a9c8c,1.7773435142938112e+18
7b2ef3c7-166d-4072-933c-0fa27d5a9c8c,1.7773435143271542e+18
7b2ef3c7-166d-4072-933c-0fa27d5a9c8c,1.7773435143604972e+18
7b2ef3c7-166d-4072-933c-0fa27d5a9c8c,1.7773435143938404e+18
7b2ef3c7-166d-4072-933c-0fa27d5a9c8c,1.7773435144271834e+18
7b2ef3c7-166d-4072-933c-0fa27d5a9c8c,1.7773435144605263e+18
7b2ef3c7-166d-4072-933c-0fa27d5a9c8c,1.7773435144938693e+18
7b2ef3c7-166d-4072-933c-0fa27d5a9c8c,1.7773435145272123e+18
7b2ef3c7-166d-4072-933c-0fa27d5a9c8c,1.7773435145605553e+18
7b2ef3c7-166d-4072-933c-0fa27d5a9c8c,1.7773435145938982e+18
7b2ef3c7-166d-4072-933c-0fa27d5a9c8c,1.7773435146272412e+18
7b2ef3c7-166d-4072-933c-0fa27d5a9c8c,1.7773435146605842e+18
7b2ef3c7-166d-4072-933c-0fa27d5a9c8c,1.7773435146939272e+18
7b2ef3c7-166d-4072-933c-0fa27d5a9c8c,1.7773435147272701e+18
7b2ef3c7-166d-4072-933c-0fa27d5a9c8c,1.7773435147606134e+18
7b2ef3c7-166d-4072-933c-0fa27d5a9c8c,1.7773435147939564e+18
7b2ef3c7-166d-4072-933c-0fa27d5a9c8c,1.7773435148272993e+18
7b2ef3c7-166d-4072-933c-0fa27d5a9c8c,1.7773435148606423e+18
7b2ef3c7-166d-4072-933c-0fa27d5a9c8c,1.7773435148939853e+18
7b2ef3c7-166d-4072-933c-0fa27d5a9c8c,1.7773435149273283e+18
7b2ef3c7-166d-4072-933c-0fa27d5a9c8c,1.7773435149606712e+18
7b2ef3c7-166d-4072-933c-0fa27d5a9c8c,1.7773435149940142e+18
7b2ef3c7-166d-4072-933c-0fa27d5a9c8c,1.7773435150273572e+18
7b2ef3c7-166d-4072-933c-0fa27d5a9c8c,1.7773435150607002e+18
7b2ef3c7-166d-4072-933c-0fa27d5a9c8c,1.7773435150940434e+18
7b2ef3c7-166d-4072-933c-0fa27d5a9c8c,1.7773435151273864e+18
7b2ef3c7-166d-4072-933c-0fa27d5a9c8c,1.7773435151607293e+18
7b2ef3c7-166d-4072-933c-0fa27d5a9c8c,1.7773435151940723e+18
7b2ef3c7-166d-4072-933c-0fa27d5a9c8c,1.7773435152274153e+18
7b2ef3c7-166d-4072-933c-0fa27d5a9c8c,1.7773435152607583e+18
7b2ef3c7-166d-4072-933c-0fa27d5a9c8c,1.7773435152941012e+18
7b2ef3c7-166d-4072-933c-0fa27d5a9c8c,1.7773435153274442e+18
7b2ef3c7-166d-4072-933c-0fa27d5a9c8c,1.7773435153607872e+18
7b2ef3c7-166d-4072-933c-0fa27d5a9c8c,1.7773435153941302e+18
7b2ef3c7-166d-4072-933c-0fa27d5a9c8c,1.7773435154274732e+18
7b2ef3c7-166d-4072-933c-0fa27d5a9c8c,1.7773435154608164e+18
7b2ef3c7-166d-4072-933c-0fa27d5a9c8c,1.7773435154941594e+18
7b2ef3c7-166d-4072-933c-0fa27d5a9c8c,1.7773435155275023e+18
7b2ef3c7-166d-4072-933c-0fa27d5a9c8c,1.7773435155608463e+18
7b2ef3c7-166d-4072-933c-0fa27d5a9c8c,1.7773435155941893e+18
7b2ef3c7-166d-4072-933c-0fa27d5a9c8c,1.7773435156275323e+18
7b2ef3c7-166d-4072-933c-0fa27d5a9c8c,1.7773435156608753e+18
7b2ef3c7-166d-4072-933c-0fa27d5a9c8c,1.7773435156942182e+18
7b2ef3c7-166d-4072-933c-0fa27d5a9c8c,1.7773435157275612e+18
7b2ef3c7-166d-4072-933c-0fa27d5a9c8c,1.7773435157609042e+18
7b2ef3c7-166d-4072-933c-0fa27d5a9c8c,1.7773435157942472e+18
7b2ef3c7-166d-4072-933c-0fa27d5a9c8c,1.7773435158275901e+18
7b2ef3c7-166d-4072-933c-0fa27d5a9c8c,1.7773435158609334e+18
7b2ef3c7-166d-4072-933c-0fa27d5a9c8c,1.7773435158942764e+18
7b2ef3c7-166d-4072-933c-0fa27d5a9c8c,1.7773435159276193e+18
7b2ef3c7-166d-4072-933c-0fa27d5a9c8c,1.7773435159609623e+18
7b2ef3c7-166d-4072-933c-0fa27d5a9c8c,1.7773435159943053e+18
7b2ef3c7-166d-4072-933c-0fa27d5a9c8c,1.7773435160276483e+18
7b2ef3c7-166d-4072-933c-0fa27d5a9c8c,1.7773435160609912e+18
7b2ef3c7-166d-4072-933c-0fa27d5a9c8c,1.7773435160943342e+18
7b2ef3c7-166d-4072-933c-0fa27d5a9c8c,1.7773435161276772e+18
7b2ef3c7-166d-4072-933c-0fa27d5a9c8c,1.7773435161610202e+18
7b2ef3c7-166d-4072-933c-0fa27d5a9c8c,1.7773435161943634e+18
7b2ef3c7-166d-4072-933c-0fa27d5a9c8c,1.7773435162277064e+18
7b2ef3c7-166d-4072-933c-0fa27d5a9c8c,1.7773435162610493e+18
7b2ef3c7-166d-4072-933c-0fa27d5a9c8c,1.7773435162943923e+18
7b2ef3c7-166d-4072-933c-0fa27d5a9c8c,1.7773435163277353e+18
7b2ef3c7-166d-4072-933c-0fa27d5a9c8c,1.7773435163610783e+18
7b2ef3c7-166d-4072-933c-0fa27d5a9c8c,1.7773435163944212e+18
7b2ef3c7-166d-4072-933c-0fa27d5a9c8c,1.7773435164277642e+18
7b2ef3c7-166d-4072-933c-0fa27d5a9c8c,1.7773435164611072e+18
7b2ef3c7-166d-4072-933c-0fa27d5a9c8c,1.7773435164944502e+18
7b2ef3c7-166d-4072-933c-0fa27d5a9c8c,1.7773435165277932e+18
7b2ef3c7-166d-4072-933c-0fa27d5a9c8c,1.7773435165611364e+18
7b2ef3c7-166d-4072-933c-0fa27d5a9c8c,1.7773435165944794e+18
7b2ef3c7-166d-4072-933c-0fa27d5a9c8c,1.7773435166278223e+18
7b2ef3c7-166d-4072-933c-0fa27d5a9c8c,1.7773435166611653e+18
7b2ef3c7-166d-4072-933c-0fa27d5a9c8c,1.7773435166945083e+18
7b2ef3c7-166d-4072-933c-0fa27d5a9c8c,1.7773435167278513e+18
7b2ef3c7-166d-4072-933c-0fa27d5a9c8c,1.7773435167611942e+18
7b2ef3c7-166d-4072-933c-0fa27d5a9c8c,1.7773435167945372e+18
7b2ef3c7-166d-4072-933c-0fa27d5a9c8c,1.7773435168278802e+18
7b2ef3c7-166d-4072-933c-0fa27d5a9c8c,1.7773435168612232e+18
7b2ef3c7-166d-4072-933c-0fa27d5a9c8c,1.7773435168945661e+18
7b2ef3c7-166d-4072-933c-0fa27d5a9c8c,1.7773435169279094e+18
7b2ef3c7-166d-4072-933c-0fa27d5a9c8c,1.7773435169612524e+18
7b2ef3c7-166d-4072-933c-0fa27d5a9c8c,1.7773435169945964e+18
7b2ef3c7-166d-4072-933c-0fa27d5a9c8c,1.7773435170279393e+18
7b2ef3c7-166d-4072-933c-0fa27d5a9c8c,1.7773435170612823e+18
7b2ef3c7-166d-4072-933c-0fa27d5a9c8c,1.7773435170946253e+18
7b2ef3c7-166d-4072-933c-0fa27d5a9c8c,1.7773435171279683e+18
7b2ef3c7-166d-4072-933c-0fa27d5a9c8c,1.7773435171613112e+18
7b2ef3c7-166d-4072-933c-0fa27d5a9c8c,1.7773435171946542e+18
7b2ef3c7-166d-4072-933c-0fa27d5a9c8c,1.7773435172279972e+18
7b2ef3c7-166d-4072-933c-0fa27d5a9c8c,1.7773435172613402e+18
7b2ef3c7-166d-4072-933c-0fa27d5a9c8c,1.7773435172946834e+18
7b2ef3c7-166d-4072-933c-0fa27d5a9c8c,1.7773435173280264e+18
7b2ef3c7-166d-4072-933c-0fa27d5a9c8c,1.7773435173613693e+18
7b2ef3c7-166d-4072-933c-0fa27d5a9c8c,1.7773435173947123e+18
7b2ef3c7-166d-4072-933c-0fa27d5a9c8c,1.7773435174280553e+18
7b2ef3c7-166d-4072-933c-0fa27d5a9c8c,1.7773435174613983e+18
7b2ef3c7-166d-4072-933c-0fa27d5a9c8c,1.7773435174947412e+18
7b2ef3c7-166d-4072-933c-0fa27d5a9c8c,1.7773435175280842e+18
7b2ef3c7-166d-4072-933c-0fa27d5a9c8c,1.7773435175614272e+18
7b2ef3c7-166d-4072-933c-0fa27d5a9c8c,1.7773435175947702e+18
7b2ef3c7-166d-4072-933c-0fa27d5a9c8c,1.7773435176281132e+18
7b2ef3c7-166d-4072-933c-0fa27d5a9c8c,1.7773435176614564e+18
7b2ef3c7-166d-4072-933c-0fa27d5a9c8c,1.7773435176947994e+18
7b2ef3c7-166d-4072-933c-0fa27d5a9c8c,1.7773435177281423e+18
7b2ef3c7-166d-4072-933c-0fa27d5a9c8c,1.7773435177614853e+18
7b2ef3c7-166d-4072-933c-0fa27d5a9c8c,1.7773435177948283e+18
7b2ef3c7-166d-4072-933c-0fa27d5a9c8c,1.7773435178281713e+18
7b2ef3c7-166d-4072-933c-0fa27d5a9c8c,1.7773435178615142e+18
7b2ef3c7-166d-4072-933c-0fa27d5a9c8c,1.7773435178948572e+18
7b2ef3c7-166d-4072-933c-0fa27d5a9c8c,1.7773435179282002e+18
7b2ef3c7-166d-4072-933c-0fa27d5a9c8c,1.7773435179615432e+18
7b2ef3c7-166d-4072-933c-0fa27d5a9c8c,1.7773435179948861e+18
7b2ef3c7-166d-4072-933c-0fa27d5a9c8c,1.7773435180282294e+18
7b2ef3c7-166d-4072-933c-0fa27d5a9c8c,1.7773435180615724e+18
7b2ef3c7-166d-4072-933c-0fa27d5a9c8c,1.7773435180949153e+18
7b2ef3c7-166d-4072-933c-0fa27d5a9c8c,1.7773435181282583e+18
7b2ef3c7-166d-4072-933c-0fa27d5a9c8c,1.7773435181616013e+18
7b2ef3c7-166d-4072-933c-0fa27d5a9c8c,1.7773435181949443e+18
7b2ef3c7-166d-4072-933c-0fa27d5a9c8c,1.7773435182282872e+18
7b2ef3c7-166d-4072-933c-0fa27d5a9c8c,1.7773435182616302e+18
7b2ef3c7-166d-4072-933c-0fa27d5a9c8c,1.7773435182949732e+18
7b2ef3c7-166d-4072-933c-0fa27d5a9c8c,1.7773435183283172e+18
7b2ef3c7-166d-4072-933c-0fa27d5a9c8c,1.7773435183616602e+18
7b2ef3c7-166d-4072-933c-0fa27d5a9c8c,1.7773435183950034e+18
7b2ef3c7-166d-4072-933c-0fa27d5a9c8c,1.7773435184283464e+18
7b2ef3c7-166d-4072-933c-0fa27d5a9c8c,1.7773435184616893e+18
7b2ef3c7-166d-4072-933c-0fa27d5a9c8c,1.7773435184950323e+18
7b2ef3c7-166d-4072-933c-0fa27d5a9c8c,1.7773435185283753e+18
7b2ef3c7-166d-4072-933c-0fa27d5a9c8c,1.7773435185617183e+18
7b2ef3c7-166d-4072-933c-0fa27d5a9c8c,1.7773435185950612e+18
7b2ef3c7-166d-4072-933c-0fa27d5a9c8c,1.7773435186284042e+18
7b2ef3c7-166d-4072-933c-0fa27d5a9c8c,1.7773435186617472e+18
7b2ef3c7-166d-4072-933c-0fa27d5a9c8c,1.7773435186950902e+18
7b2ef3c7-166d-4072-933c-0fa27d5a9c8c,1.7773435187284332e+18
7b2ef3c7-166d-4072-933c-0fa27d5a9c8c,1.7773435187617764e+18
7b2ef3c7-166d-4072-933c-0fa27d5a9c8c,1.7773435187951194e+18
7b2ef3c7-166d-4072-933c-0fa27d5a9c8c,1.7773435188284623e+18
7b2ef3c7-166d-4072-933c-0fa27d5a9c8c,1.7773435188618053e+18
7b2ef3c7-166d-4072-933c-0fa27d5a9c8c,1.7773435188951483e+18
7b2ef3c7-166d-4072-933c-0fa27d5a9c8c,1.7773435189284913e+18
7b2ef3c7-166d-4072-933c-0fa27d5a9c8c,1.7773435189618342e+18
7b2ef3c7-166d-4072-933c-0fa27d5a9c8c,1.7773435189951772e+18
7b2ef3c7-166d-4072-933c-0fa27d5a9c8c,1.7773435190285202e+18
7b2ef3c7-166d-4072-933c-0fa27d5a9c8c,1.7773435190618632e+18
7b2ef3c7-166d-4072-933c-0fa27d5a9c8c,1.7773435190952061e+18
7b2ef3c7-166d-4072-933c-0fa27d5a9c8c,1.7773435191285494e+18
7b2ef3c7-166d-4072-933c-0fa27d5a9c8c,1.7773435191618924e+18
7b2ef3c7-166d-4072-933c-0fa27d5a9c8c,1.7773435191952353e+18
7b2ef3c7-166d-4072-933c-0fa27d5a9c8c,1.7773435192285783e+18
7b2ef3c7-166d-4072-933c-0fa27d5a9c8c,1.7773435192619213e+18
7b2ef3c7-166d-4072-933c-0fa27d5a9c8c,1.7773435192952643e+18
7b2ef3c7-166d-4072-933c-0fa27d5a9c8c,1.7773435193286072e+18
7b2ef3c7-166d-4072-933c-0fa27d5a9c8c,1.7773435193619502e+18
7b2ef3c7-166d-4072-933c-0fa27d5a9c8c,1.7773435193952932e+18
7b2ef3c7-166d-4072-933c-0fa27d5a9c8c,1.7773435194286362e+18
7b2ef3c7-166d-4072-933c-0fa27d5a9c8c,1.7773435194619794e+18
7b2ef3c7-166d-4072-933c-0fa27d5a9c8c,1.7773435194953224e+18
7b2ef3c7-166d-4072-933c-0fa27d5a9c8c,1.7773435195286653e+18
7b2ef3c7-166d-4072-933c-0fa27d5a9c8c,1.7773435195620083e+18
7b2ef3c7-166d-4072-933c-0fa27d5a9c8c,1.7773435195953513e+18
7b2ef3c7-166d-4072-933c-0fa27d5a9c8c,1.7773435196286943e+18
7b2ef3c7-166d-4072-933c-0fa27d5a9c8c,1.7773435196620383e+18
7b2ef3c7-166d-4072-933c-0fa27d5a9c8c,1.7773435196953812e+18
7b2ef3c7-166d-4072-933c-0fa27d5a9c8c,1.7773435197287242e+18
7b2ef3c7-166d-4072-933c-0fa27d5a9c8c,1.7773435197620672e+18
7b2ef3c7-166d-4072-933c-0fa27d5a9c8c,1.7773435197954102e+18
7b2ef3c7-166d-4072-933c-0fa27d5a9c8c,1.7773435198287532e+18
7b2ef3c7-166d-4072-933c-0fa27d5a9c8c,1.7773435198620964e+18
7b2ef3c7-166d-4072-933c-0fa27d5a9c8c,1.7773435198954394e+18
7b2ef3c7-166d-4072-933c-0fa27d5a9c8c,1.7773435199287823e+18
7b2ef3c7-166d-4072-933c-0fa27d5a9c8c,1.7773435199621253e+18
7b2ef3c7-166d-4072-933c-0fa27d5a9c8c,1.7773435199954683e+18
7b2ef3c7-166d-4072-933c-0fa27d5a9c8c,1.7773435200288113e+18
7b2ef3c7-166d-4072-933c-0fa27d5a9c8c,1.7773435200621542e+18
7b2ef3c7-166d-4072-933c-0fa27d5a9c8c,1.7773435200954972e+18
7b2ef3c7-166d-4072-933c-0fa27d5a9c8c,1.7773435201288402e+18
7b2ef3c7-166d-4072-933c-0fa27d5a9c8c,1.7773435201621832e+18
7b2ef3c7-166d-4072-933c-0fa27d5a9c8c,1.7773435201955261e+18
7b2ef3c7-166d-4072-933c-0fa27d5a9c8c,1.7773435202288694e+18
7b2ef3c7-166d-4072-933c-0fa27d5a9c8c,1.7773435202622124e+18
7b2ef3c7-166d-4072-933c-0fa27d5a9c8c,1.7773435202955553e+18
7b2ef3c7-166d-4072-933c-0fa27d5a9c8c,1.7773435203288983e+18
7b2ef3c7-166d-4072-933c-0fa27d5a9c8c,1.7773435203622413e+18
7b2ef3c7-166d-4072-933c-0fa27d5a9c8c,1.7773435203955843e+18
7b2ef3c7-166d-4072-933c-0fa27d5a9c8c,1.7773435204289272e+18
7b2ef3c7-166d-4072-933c-0fa27d5a9c8c,1.7773435204622702e+18
7b2ef3c7-166d-4072-933c-0fa27d5a9c8c,1.7773435204956132e+18
7b2ef3c7-166d-4072-933c-0fa27d5a9c8c,1.7773435205289562e+18
7b2ef3c7-166d-4072-933c-0fa27d5a9c8c,1.7773435205622994e+18
7b2ef3c7-166d-4072-933c-0fa27d5a9c8c,1.7773435205956424e+18
7b2ef3c7-166d-4072-933c-0fa27d5a9c8c,1.7773435206289853e+18
7b2ef3c7-166d-4072-933c-0fa27d5a9c8c,1.7773435206623283e+18
7b2ef3c7-166d-4072-933c-0fa27d5a9c8c,1.7773435206956713e+18
7b2ef3c7-166d-4072-933c-0fa27d5a9c8c,1.7773435207290143e+18
7b2ef3c7-166d-4072-933c-0fa27d5a9c8c,1.7773435207623572e+18
7b2ef3c7-166d-4072-933c-0fa27d5a9c8c,1.7773435207957002e+18
7b2ef3c7-166d-4072-933c-0fa27d5a9c8c,1.7773435208290432e+18
7b2ef3c7-166d-4072-933c-0fa27d5a9c8c,1.7773435208623862e+18
7b2ef3c7-166d-4072-933c-0fa27d5a9c8c,1.7773435208957292e+18
7b2ef3c7-166d-4072-933c-0fa27d5a9c8c,1.7773435209290724e+18
7b2ef3c7-166d-4072-933c-0fa27d5a9c8c,1.7773435209624154e+18
7b2ef3c7-166d-4072-933c-0fa27d5a9c8c,1.7773435209957583e+18
7b2ef3c7-166d-4072-933c-0fa27d5a9c8c,1.7773435210291013e+18
7b2ef3c7-166d-4072-933c-0fa27d5a9c8c,1.7773435210624443e+18
7b2ef3c7-166d-4072-933c-0fa27d5a9c8c,1.7773435210957883e+18
7b2ef3c7-166d-4072-933c-0fa27d5a9c8c,1.7773435211291313e+18
7b2ef3c7-166d-4072-933c-0fa27d5a9c8c,1.7773435211624742e+18
7b2ef3c7-166d-4072-933c-0fa27d5a9c8c,1.7773435211958172e+18
7b2ef3c7-166d-4072-933c-0fa27d5a9c8c,1.7773435212291602e+18
7b2ef3c7-166d-4072-933c-0fa27d5a9c8c,1.7773435212625032e+18
7b2ef3c7-166d-4072-933c-0fa27d5a9c8c,1.7773435212958461e+18
7b2ef3c7-166d-4072-933c-0fa27d5a9c8c,1.7773435213291894e+18
7b2ef3c7-166d-4072-933c-0fa27d5a9c8c,1.7773435213625324e+18
7b2ef3c7-166d-4072-933c-0fa27d5a9c8c,1.7773435213958753e+18
7b2ef3c7-166d-4072-933c-0fa27d5a9c8c,1.7773435214292183e+18
7b2ef3c7-166d-4072-933c-0fa27d5a9c8c,1.7773435214625613e+18
7b2ef3c7-166d-4072-933c-0fa27d5a9c8c,1.7773435214959043e+18
7b2ef3c7-166d-4072-933c-0fa27d5a9c8c,1.7773435215292472e+18
7b2ef3c7-166d-4072-933c-0fa27d5a9c8c,1.7773435215625902e+18
7b2ef3c7-166d-4072-933c-0fa27d5a9c8c,1.7773435215959332e+18
7b2ef3c7-166d-4072-933c-0fa27d5a9c8c,1.7773435216292762e+18
7b2ef3c7-166d-4072-933c-0fa27d5a9c8c,1.7773435216626194e+18
7b2ef3c7-166d-4072-933c-0fa27d5a9c8c,1.7773435216959624e+18
7b2ef3c7-166d-4072-933c-0fa27d5a9c8c,1.7773435217293053e+18
7b2ef3c7-166d-4072-933c-0fa27d5a9c8c,1.7773435217626483e+18
7b2ef3c7-166d-4072-933c-0fa27d5a9c8c,1.7773435217959913e+18
7b2ef3c7-166d-4072-933c-0fa27d5a9c8c,1.7773435218293343e+18
7b2ef3c7-166d-4072-933c-0fa27d5a9c8c,1.7773435218626772e+18
7b2ef3c7-166d-4072-933c-0fa27d5a9c8c,1.7773435218960202e+18
7b2ef3c7-166d-4072-933c-0fa27d5a9c8c,1.7773435219293632e+18
7b2ef3c7-166d-4072-933c-0fa27d5a9c8c,1.7773435219627062e+18
7b2ef3c7-166d-4072-933c-0fa27d5a9c8c,1.7773435219960492e+18
7b2ef3c7-166d-4072-933c-0fa27d5a9c8c,1.7773435220293924e+18
7b2ef3c7-166d-4072-933c-0fa27d5a9c8c,1.7773435220627354e+18
7b2ef3c7-166d-4072-933c-0fa27d5a9c8c,1.7773435220960783e+18
7b2ef3c7-166d-4072-933c-0fa27d5a9c8c,1.7773435221294213e+18
7b2ef3c7-166d-4072-933c-0fa27d5a9c8c,1.7773435221627643e+18
7b2ef3c7-166d-4072-933c-0fa27d5a9c8c,1.7773435221961073e+18
7b2ef3c7-166d-4072-933c-0fa27d5a9c8c,1.7773435222294502e+18
7b2ef3c7-166d-4072-933c-0fa27d5a9c8c,1.7773435222627932e+18
7b2ef3c7-166d-4072-933c-0fa27d5a9c8c,1.7773435222961362e+18
7b2ef3c7-166d-4072-933c-0fa27d5a9c8c,1.7773435223294792e+18
7b2ef3c7-166d-4072-933c-0fa27d5a9c8c,1.7773435223628221e+18
7b2ef3c7-166d-4072-933c-0fa27d5a9c8c,1.7773435223961654e+18
7b2ef3c7-166d-4072-933c-0fa27d5a9c8c,1.7773435224295084e+18
7b2ef3c7-166d-4072-933c-0fa27d5a9c8c,1.7773435224628524e+18
7b2ef3c7-166d-4072-933c-0fa27d5a9c8c,1.7773435224961953e+18
7b2ef3c7-166d-4072-933c-0fa27d5a9c8c,1.7773435225295383e+18
7b2ef3c7-166d-4072-933c-0fa27d5a9c8c,1.7773435225628813e+18
7b2ef3c7-166d-4072-933c-0fa27d5a9c8c,1.7773435225962243e+18
7b2ef3c7-166d-4072-933c-0fa27d5a9c8c,1.7773435226295672e+18
7b2ef3c7-166d-4072-933c-0fa27d5a9c8c,1.7773435226629102e+18
7b2ef3c7-166d-4072-933c-0fa27d5a9c8c,1.7773435226962532e+18
7b2ef3c7-166d-4072-933c-0fa27d5a9c8c,1.7773435227295962e+18
7b2ef3c7-166d-4072-933c-0fa27d5a9c8c,1.7773435227629394e+18
7b2ef3c7-166d-4072-933c-0fa27d5a9c8c,1.7773435227962824e+18
7b2ef3c7-166d-4072-933c-0fa27d5a9c8c,1.7773435228296253e+18
7b2ef3c7-166d-4072-933c-0fa27d5a9c8c,1.7773435228629683e+18
7b2ef3c7-166d-4072-933c-0fa27d5a9c8c,1.7773435228963113e+18
7b2ef3c7-166d-4072-933c-0fa27d5a9c8c,1.7773435229296543e+18
7b2ef3c7-166d-4072-933c-0fa27d5a9c8c,1.7773435229629972e+18
7b2ef3c7-166d-4072-933c-0fa27d5a9c8c,1.7773435229963402e+18
7b2ef3c7-166d-4072-933c-0fa27d5a9c8c,1.7773435230296832e+18
7b2ef3c7-166d-4072-933c-0fa27d5a9c8c,1.7773435230630262e+18
7b2ef3c7-166d-4072-933c-0fa27d5a9c8c,1.7773435230963692e+18
7b2ef3c7-166d-4072-933c-0fa27d5a9c8c,1.7773435231297124e+18
7b2ef3c7-166d-4072-933c-0fa27d5a9c8c,1.7773435231630554e+18
7b2ef3c7-166d-4072-933c-0fa27d5a9c8c,1.7773435231963983e+18
7b2ef3c7-166d-4072-933c-0fa27d5a9c8c,1.7773435232297413e+18
7b2ef3c7-166d-4072-933c-0fa27d5a9c8c,1.7773435232630843e+18
7b2ef3c7-166d-4072-933c-0fa27d5a9c8c,1.7773435232964273e+18
7b2ef3c7-166d-4072-933c-0fa27d5a9c8c,1.7773435233297702e+18
7b2ef3c7-166d-4072-933c-0fa27d5a9c8c,1.7773435233631132e+18
7b2ef3c7-166d-4072-933c-0fa27d5a9c8c,1.7773435233964562e+18
7b2ef3c7-166d-4072-933c-0fa27d5a9c8c,1.7773435234297992e+18
7b2ef3c7-166d-4072-933c-0fa27d5a9c8c,1.7773435234631421e+18
7b2ef3c7-166d-4072-933c-0fa27d5a9c8c,1.7773435234964854e+18
7b2ef3c7-166d-4072-933c-0fa27d5a9c8c,1.7773435235298284e+18
7b2ef3c7-166d-4072-933c-0fa27d5a9c8c,1.7773435235631713e+18
7b2ef3c7-166d-4072-933c-0fa27d5a9c8c,1.7773435235965143e+18
7b2ef3c7-166d-4072-933c-0fa27d5a9c8c,1.7773435236298573e+18
7b2ef3c7-166d-4072-933c-0fa27d5a9c8c,1.7773435236632003e+18
7b2ef3c7-166d-4072-933c-0fa27d5a9c8c,1.7773435236965432e+18
7b2ef3c7-166d-4072-933c-0fa27d5a9c8c,1.7773435237298862e+18
7b2ef3c7-166d-4072-933c-0fa27d5a9c8c,1.7773435237632292e+18
7b2ef3c7-166d-4072-933c-0fa27d5a9c8c,1.7773435237965732e+18
7b2ef3c7-166d-4072-933c-0fa27d5a9c8c,1.7773435238299162e+18
7b2ef3c7-166d-4072-933c-0fa27d5a9c8c,1.7773435238632594e+18
7b2ef3c7-166d-4072-933c-0fa27d5a9c8c,1.7773435238966024e+18
7b2ef3c7-166d-4072-933c-0fa27d5a9c8c,1.7773435239299453e+18
7b2ef3c7-166d-4072-933c-0fa27d5a9c8c,1.7773435239632883e+18
7b2ef3c7-166d-4072-933c-0fa27d5a9c8c,1.7773435239966313e+18
7b2ef3c7-166d-4072-933c-0fa27d5a9c8c,1.7773435240299743e+18
7b2ef3c7-166d-4072-933c-0fa27d5a9c8c,1.7773435240633172e+18
7b2ef3c7-166d-4072-933c-0fa27d5a9c8c,1.7773435240966602e+18
7b2ef3c7-166d-4072-933c-0fa27d5a9c8c,1.7773435241300032e+18
7b2ef3c7-166d-4072-933c-0fa27d5a9c8c,1.7773435241633462e+18
7b2ef3c7-166d-4072-933c-0fa27d5a9c8c,1.7773435241966892e+18
7b2ef3c7-166d-4072-933c-0fa27d5a9c8c,1.7773435242300324e+18
7b2ef3c7-166d-4072-933c-0fa27d5a9c8c,1.7773435242633754e+18
7b2ef3c7-166d-4072-933c-0fa27d5a9c8c,1.7773435242967183e+18
7b2ef3c7-166d-4072-933c-0fa27d5a9c8c,1.7773435243300613e+18
7b2ef3c7-166d-4072-933c-0fa27d5a9c8c,1.7773435243634043e+18
7b2ef3c7-166d-4072-933c-0fa27d5a9c8c,1.7773435243967473e+18
7b2ef3c7-166d-4072-933c-0fa27d5a9c8c,1.7773435244300902e+18
7b2ef3c7-166d-4072-933c-0fa27d5a9c8c,1.7773435244634332e+18
7b2ef3c7-166d-4072-933c-0fa27d5a9c8c,1.7773435244967762e+18
7b2ef3c7-166d-4072-933c-0fa27d5a9c8c,1.7773435245301192e+18
7b2ef3c7-166d-4072-933c-0fa27d5a9c8c,1.7773435245634621e+18
7b2ef3c7-166d-4072-933c-0fa27d5a9c8c,1.7773435245968054e+18
7b2ef3c7-166d-4072-933c-0fa27d5a9c8c,1.7773435246301484e+18
7b2ef3c7-166d-4072-933c-0fa27d5a9c8c,1.7773435246634913e+18
7b2ef3c7-166d-4072-933c-0fa27d5a9c8c,1.7773435246968343e+18
7b2ef3c7-166d-4072-933c-0fa27d5a9c8c,1.7773435247301773e+18
7b2ef3c7-166d-4072-933c-0fa27d5a9c8c,1.7773435247635203e+18
7b2ef3c7-166d-4072-933c-0fa27d5a9c8c,1.7773435247968632e+18
7b2ef3c7-166d-4072-933c-0fa27d5a9c8c,1.7773435248302062e+18
7b2ef3c7-166d-4072-933c-0fa27d5a9c8c,1.7773435248635492e+18
7b2ef3c7-166d-4072-933c-0fa27d5a9c8c,1.7773435248968922e+18
7b2ef3c7-166d-4072-933c-0fa27d5a9c8c,1.7773435249302354e+18
7b2ef3c7-166d-4072-933c-0fa27d5a9c8c,1.7773435249635784e+18
7b2ef3c7-166d-4072-933c-0fa27d5a9c8c,1.7773435249969213e+18
7b2ef3c7-166d-4072-933c-0fa27d5a9c8c,1.7773435250302643e+18
7b2ef3c7-166d-4072-933c-0fa27d5a9c8c,1.7773435250636073e+18
7b2ef3c7-166d-4072-933c-0fa27d5a9c8c,1.7773435250969503e+18
7b2ef3c7-166d-4072-933c-0fa27d5a9c8c,1.7773435251302932e+18
7b2ef3c7-166d-4072-933c-0fa27d5a9c8c,1.7773435251636372e+18
7b2ef3c7-166d-4072-933c-0fa27d5a9c8c,1.7773435251969802e+18
7b2ef3c7-166d-4072-933c-0fa27d5a9c8c,1.7773435252303232e+18
7b2ef3c7-166d-4072-933c-0fa27d5a9c8c,1.7773435252636662e+18
7b2ef3c7-166d-4072-933c-0fa27d5a9c8c,1.7773435252970092e+18
7b2ef3c7-166d-4072-933c-0fa27d5a9c8c,1.7773435253303524e+18
7b2ef3c7-166d-4072-933c-0fa27d5a9c8c,1.7773435253636954e+18
7b2ef3c7-166d-4072-933c-0fa27d5a9c8c,1.7773435253970383e+18
7b2ef3c7-166d-4072-933c-0fa27d5a9c8c,1.7773435254303813e+18
7b2ef3c7-166d-4072-933c-0fa27d5a9c8c,1.7773435254637243e+18
7b2ef3c7-166d-4072-933c-0fa27d5a9c8c,1.7773435254970673e+18
7b2ef3c7-166d-4072-933c-0fa27d5a9c8c,1.7773435255304102e+18
7b2ef3c7-166d-4072-933c-0fa27d5a9c8c,1.7773435255637532e+18
7b2ef3c7-166d-4072-933c-0fa27d5a9c8c,1.7773435255970962e+18
7b2ef3c7-166d-4072-933c-0fa27d5a9c8c,1.7773435256304392e+18
7b2ef3c7-166d-4072-933c-0fa27d5a9c8c,1.7773435256637821e+18
7b2ef3c7-166d-4072-933c-0fa27d5a9c8c,1.7773435256971254e+18
7b2ef3c7-166d-4072-933c-0fa27d5a9c8c,1.7773435257304684e+18
7b2ef3c7-166d-4072-933c-0fa27d5a9c8c,1.7773435257638113e+18
7b2ef3c7-166d-4072-933c-0fa27d5a9c8c,1.7773435257971543e+18
7b2ef3c7-166d-4072-933c-0fa27d5a9c8c,1.7773435258304973e+18
7b2ef3c7-166d-4072-933c-0fa27d5a9c8c,1.7773435258638403e+18
7b2ef3c7-166d-4072-933c-0fa27d5a9c8c,1.7773435258971832e+18
7b2ef3c7-166d-4072-933c-0fa27d5a9c8c,1.7773435259305262e+18
7b2ef3c7-166d-4072-933c-0fa27d5a9c8c,1.7773435259638692e+18
7b2ef3c7-166d-4072-933c-0fa27d5a9c8c,1.7773435259972122e+18
7b2ef3c7-166d-4072-933c-0fa27d5a9c8c,1.7773435260305554e+18
7b2ef3c7-166d-4072-933c-0fa27d5a9c8c,1.7773435260638984e+18
7b2ef3c7-166d-4072-933c-0fa27d5a9c8c,1.7773435260972413e+18
7b2ef3c7-166d-4072-933c-0fa27d5a9c8c,1.7773435261305843e+18
7b2ef3c7-166d-4072-933c-0fa27d5a9c8c,1.7773435261639273e+18
7b2ef3c7-166d-4072-933c-0fa27d5a9c8c,1.7773435261972703e+18
7b2ef3c7-166d-4072-933c-0fa27d5a9c8c,1.7773435262306132e+18
7b2ef3c7-166d-4072-933c-0fa27d5a9c8c,1.7773435262639562e+18
7b2ef3c7-166d-4072-933c-0fa27d5a9c8c,1.7773435262972992e+18
7b2ef3c7-166d-4072-933c-0fa27d5a9c8c,1.7773435263306422e+18
7b2ef3c7-166d-4072-933c-0fa27d5a9c8c,1.7773435263639852e+18
7b2ef3c7-166d-4072-933c-0fa27d5a9c8c,1.7773435263973284e+18
7b2ef3c7-166d-4072-933c-0fa27d5a9c8c,1.7773435264306714e+18
7b2ef3c7-166d-4072-933c-0fa27d5a9c8c,1.7773435264640143e+18
7b2ef3c7-166d-4072-933c-0fa27d5a9c8c,1.7773435264973573e+18
7b2ef3c7-166d-4072-933c-0fa27d5a9c8c,1.7773435265307003e+18
7b2ef3c7-166d-4072-933c-0fa27d5a9c8c,1.7773435265640433e+18
7b2ef3c7-166d-4072-933c-0fa27d5a9c8c,1.7773435265973873e+18
7b2ef3c7-166d-4072-933c-0fa27d5a9c8c,1.7773435266307302e+18
7b2ef3c7-166d-4072-933c-0fa27d5a9c8c,1.7773435266640732e+18
7b2ef3c7-166d-4072-933c-0fa27d5a9c8c,1.7773435266974162e+18
7b2ef3c7-166d-4072-933c-0fa27d5a9c8c,1.7773435267307592e+18
7b2ef3c7-166d-4072-933c-0fa27d5a9c8c,1.7773435267641021e+18
7b2ef3c7-166d-4072-933c-0fa27d5a9c8c,1.7773435267974454e+18
7b2ef3c7-166d-4072-933c-0fa27d5a9c8c,1.7773435268307884e+18
7b2ef3c7-166d-4072-933c-0fa27d5a9c8c,1.7773435268641313e+18
7b2ef3c7-166d-4072-933c-0fa27d5a9c8c,1.7773435268974743e+18
7b2ef3c7-166d-4072-933c-0fa27d5a9c8c,1.7773435269308173e+18
7b2ef3c7-166d-4072-933c-0fa27d5a9c8c,1.7773435269641603e+18
7b2ef3c7-166d-4072-933c-0fa27d5a9c8c,1.7773435269975032e+18
7b2ef3c7-166d-4072-933c-0fa27d5a9c8c,1.7773435270308462e+18
7b2ef3c7-166d-4072-933c-0fa27d5a9c8c,1.7773435270641892e+18
7b2ef3c7-166d-4072-933c-0fa27d5a9c8c,1.7773435270975322e+18
7b2ef3c7-166d-4072-933c-0fa27d5a9c8c,1.7773435271308754e+18
7b2ef3c7-166d-4072-933c-0fa27d5a9c8c,1.7773435271642184e+18
7b2ef3c7-166d-4072-933c-0fa27d5a9c8c,1.7773435271975613e+18
7b2ef3c7-166d-4072-933c-0fa27d5a9c8c,1.7773435272309043e+18
7b2ef3c7-166d-4072-933c-0fa27d5a9c8c,1.7773435272642473e+18
7b2ef3c7-166d-4072-933c-0fa27d5a9c8c,1.7773435272975903e+18
7b2ef3c7-166d-4072-933c-0fa27d5a9c8c,1.7773435273309332e+18
7b2ef3c7-166d-4072-933c-0fa27d5a9c8c,1.7773435273642762e+18
7b2ef3c7-166d-4072-933c-0fa27d5a9c8c,1.7773435273976192e+18
7b2ef3c7-166d-4072-933c-0fa27d5a9c8c,1.7773435274309622e+18
7b2ef3c7-166d-4072-933c-0fa27d5a9c8c,1.7773435274643052e+18
7b2ef3c7-166d-4072-933c-0fa27d5a9c8c,1.7773435274976484e+18
7b2ef3c7-166d-4072-933c-0fa27d5a9c8c,1.7773435275309914e+18
7b2ef3c7-166d-4072-933c-0fa27d5a9c8c,1.7773435275643343e+18
7b2ef3c7-166d-4072-933c-0fa27d5a9c8c,1.7773435275976773e+18
7b2ef3c7-166d-4072-933c-0fa27d5a9c8c,1.7773435276310203e+18
7b2ef3c7-166d-4072-933c-0fa27d5a9c8c,1.7773435276643633e+18
7b2ef3c7-166d-4072-933c-0fa27d5a9c8c,1.7773435276977062e+18
7b2ef3c7-166d-4072-933c-0fa27d5a9c8c,1.7773435277310492e+18
7b2ef3c7-166d-4072-933c-0fa27d5a9c8c,1.7773435277643922e+18
7b2ef3c7-166d-4072-933c-0fa27d5a9c8c,1.7773435277977352e+18
7b2ef3c7-166d-4072-933c-0fa27d5a9c8c,1.7773435278310781e+18
7b2ef3c7-166d-4072-933c-0fa27d5a9c8c,1.7773435278644214e+18
7b2ef3c7-166d-4072-933c-0fa27d5a9c8c,1.7773435278977644e+18
7b2ef3c7-166d-4072-933c-0fa27d5a9c8c,1.7773435279311084e+18
7b2ef3c7-166d-4072-933c-0fa27d5a9c8c,1.7773435279644513e+18
7b2ef3c7-166d-4072-933c-0fa27d5a9c8c,1.7773435279977943e+18
7b2ef3c7-166d-4072-933c-0fa27d5a9c8c,1.7773435280311373e+18
7b2ef3c7-166d-4072-933c-0fa27d5a9c8c,1.7773435280644803e+18
7b2ef3c7-166d-4072-933c-0fa27d5a9c8c,1.7773435280978232e+18
7b2ef3c7-166d-4072-933c-0fa27d5a9c8c,1.7773435281311662e+18
7b2ef3c7-166d-4072-933c-0fa27d5a9c8c,1.7773435281645092e+18
7b2ef3c7-166d-4072-933c-0fa27d5a9c8c,1.7773435281978522e+18
7b2ef3c7-166d-4072-933c-0fa27d5a9c8c,1.7773435282311954e+18
7b2ef3c7-166d-4072-933c-0fa27d5a9c8c,1.7773435282645384e+18
7b2ef3c7-166d-4072-933c-0fa27d5a9c8c,1.7773435282978813e+18
7b2ef3c7-166d-4072-933c-0fa27d5a9c8c,1.7773435283312243e+18
7b2ef3c7-166d-4072-933c-0fa27d5a9c8c,1.7773435283645673e+18
7b2ef3c7-166d-4072-933c-0fa27d5a9c8c,1.7773435283979103e+18
7b2ef3c7-166d-4072-933c-0fa27d5a9c8c,1.7773435284312532e+18
7b2ef3c7-166d-4072-933c-0fa27d5a9c8c,1.7773435284645962e+18
7b2ef3c7-166d-4072-933c-0fa27d5a9c8c,1.7773435284979392e+18
7b2ef3c7-166d-4072-933c-0fa27d5a9c8c,1.7773435285312822e+18
7b2ef3c7-166d-4072-933c-0fa27d5a9c8c,1.7773435285646252e+18
7b2ef3c7-166d-4072-933c-0fa27d5a9c8c,1.7773435285979684e+18
7b2ef3c7-166d-4072-933c-0fa27d5a9c8c,1.7773435286313114e+18
7b2ef3c7-166d-4072-933c-0fa27d5a9c8c,1.7773435286646543e+18
7b2ef3c7-166d-4072-933c-0fa27d5a9c8c,1.7773435286979973e+18
7b2ef3c7-166d-4072-933c-0fa27d5a9c8c,1.7773435287313403e+18
7b2ef3c7-166d-4072-933c-0fa27d5a9c8c,1.7773435287646833e+18
7b2ef3c7-166d-4072-933c-0fa27d5a9c8c,1.7773435287980262e+18
7b2ef3c7-166d-4072-933c-0fa27d5a9c8c,1.7773435288313692e+18
7b2ef3c7-166d-4072-933c-0fa27d5a9c8c,1.7773435288647122e+18
7b2ef3c7-166d-4072-933c-0fa27d5a9c8c,1.7773435288980552e+18
7b2ef3c7-166d-4072-933c-0fa27d5a9c8c,1.7773435289313981e+18
7b2ef3c7-166d-4072-933c-0fa27d5a9c8c,1.7773435289647414e+18
7b2ef3c7-166d-4072-933c-0fa27d5a9c8c,1.7773435289980844e+18
7b2ef3c7-166d-4072-933c-0fa27d5a9c8c,1.7773435290314273e+18
7b2ef3c7-166d-4072-933c-0fa27d5a9c8c,1.7773435290647703e+18
7b2ef3c7-166d-4072-933c-0fa27d5a9c8c,1.7773435290981133e+18
7b2ef3c7-166d-4072-933c-0fa27d5a9c8c,1.7773435291314563e+18
7b2ef3c7-166d-4072-933c-0fa27d5a9c8c,1.7773435291647992e+18
7b2ef3c7-166d-4072-933c-0fa27d5a9c8c,1.7773435291981422e+18
7b2ef3c7-166d-4072-933c-0fa27d5a9c8c,1.7773435292314852e+18
7b2ef3c7-166d-4072-933c-0fa27d5a9c8c,1.7773435292648292e+18
7b2ef3c7-166d-4072-933c-0fa27d5a9c8c,1.7773435292981722e+18
7b2ef3c7-166d-4072-933c-0fa27d5a9c8c,1.7773435293315154e+18
7b2ef3c7-166d-4072-933c-0fa27d5a9c8c,1.7773435293648584e+18
7b2ef3c7-166d-4072-933c-0fa27d5a9c8c,1.7773435293982013e+18
7b2ef3c7-166d-4072-933c-0fa27d5a9c8c,1.7773435294315443e+18
7b2ef3c7-166d-4072-933c-0fa27d5a9c8c,1.7773435294648873e+18
7b2ef3c7-166d-4072-933c-0fa27d5a9c8c,1.7773435294982303e+18
7b2ef3c7-166d-4072-933c-0fa27d5a9c8c,1.7773435295315732e+18
7b2ef3c7-166d-4072-933c-0fa27d5a9c8c,1.7773435295649162e+18
7b2ef3c7-166d-4072-933c-0fa27d5a9c8c,1.7773435295982592e+18
7b2ef3c7-166d-4072-933c-0fa27d5a9c8c,1.7773435296316022e+18
7b2ef3c7-166d-4072-933c-0fa27d5a9c8c,1.7773435296649452e+18
7b2ef3c7-166d-4072-933c-0fa27d5a9c8c,1.7773435296982884e+18
7b2ef3c7-166d-4072-933c-0fa27d5a9c8c,1.7773435297316314e+18
7b2ef3c7-166d-4072-933c-0fa27d5a9c8c,1.7773435297649743e+18
7b2ef3c7-166d-4072-933c-0fa27d5a9c8c,1.7773435297983173e+18
7b2ef3c7-166d-4072-933c-0fa27d5a9c8c,1.7773435298316603e+18
7b2ef3c7-166d-4072-933c-0fa27d5a9c8c,1.7773435298650033e+18
7b2ef3c7-166d-4072-933c-0fa27d5a9c8c,1.7773435298983462e+18
7b2ef3c7-166d-4072-933c-0fa27d5a9c8c,1.7773435299316892e+18
7b2ef3c7-166d-4072-933c-0fa27d5a9c8c,1.7773435299650322e+18
7b2ef3c7-166d-4072-933c-0fa27d5a9c8c,1.7773435299983752e+18
7b2ef3c7-166d-4072-933c-0fa27d5a9c8c,1.7773435300317181e+18
7b2ef3c7-166d-4072-933c-0fa27d5a9c8c,1.7773435300650614e+18
7b2ef3c7-166d-4072-933c-0fa27d5a9c8c,1.7773435300984044e+18
7b2ef3c7-166d-4072-933c-0fa27d5a9c8c,1.7773435301317473e+18
7b2ef3c7-166d-4072-933c-0fa27d5a9c8c,1.7773435301650903e+18
7b2ef3c7-166d-4072-933c-0fa27d5a9c8c,1.7773435301984333e+18
7b2ef3c7-166d-4072-933c-0fa27d5a9c8c,1.7773435302317763e+18
7b2ef3c7-166d-4072-933c-0fa27d5a9c8c,1.7773435302651192e+18
7b2ef3c7-166d-4072-933c-0fa27d5a9c8c,1.7773435302984622e+18
7b2ef3c7-166d-4072-933c-0fa27d5a9c8c,1.7773435303318052e+18
7b2ef3c7-166d-4072-933c-0fa27d5a9c8c,1.7773435303651482e+18
7b2ef3c7-166d-4072-933c-0fa27d5a9c8c,1.7773435303984914e+18
7b2ef3c7-166d-4072-933c-0fa27d5a9c8c,1.7773435304318344e+18
7b2ef3c7-166d-4072-933c-0fa27d5a9c8c,1.7773435304651773e+18
7b2ef3c7-166d-4072-933c-0fa27d5a9c8c,1.7773435304985203e+18
7b2ef3c7-166d-4072-933c-0fa27d5a9c8c,1.7773435305318633e+18
7b2ef3c7-166d-4072-933c-0fa27d5a9c8c,1.7773435305652063e+18
7b2ef3c7-166d-4072-933c-0fa27d5a9c8c,1.7773435305985492e+18
7b2ef3c7-166d-4072-933c-0fa27d5a9c8c,1.7773435306318922e+18
7b2ef3c7-166d-4072-933c-0fa27d5a9c8c,1.7773435306652352e+18
7b2ef3c7-166d-4072-933c-0fa27d5a9c8c,1.7773435306985792e+18
7b2ef3c7-166d-4072-933c-0fa27d5a9c8c,1.7773435307319222e+18
7b2ef3c7-166d-4072-933c-0fa27d5a9c8c,1.7773435307652652e+18
7b2ef3c7-166d-4072-933c-0fa27d5a9c8c,1.7773435307986084e+18
7b2ef3c7-166d-4072-933c-0fa27d5a9c8c,1.7773435308319514e+18
7b2ef3c7-166d-4072-933c-0fa27d5a9c8c,1.7773435308652943e+18
7b2ef3c7-166d-4072-933c-0fa27d5a9c8c,1.7773435308986373e+18
7b2ef3c7-166d-4072-933c-0fa27d5a9c8c,1.7773435309319803e+18
7b2ef3c7-166d-4072-933c-0fa27d5a9c8c,1.7773435309653233e+18
7b2ef3c7-166d-4072-933c-0fa27d5a9c8c,1.7773435309986662e+18
7b2ef3c7-166d-4072-933c-0fa27d5a9c8c,1.7773435310320092e+18
7b2ef3c7-166d-4072-933c-0fa27d5a9c8c,1.7773435310653522e+18
7b2ef3c7-166d-4072-933c-0fa27d5a9c8c,1.7773435310986952e+18
7b2ef3c7-166d-4072-933c-0fa27d5a9c8c,1.7773435311320381e+18
7b2ef3c7-166d-4072-933c-0fa27d5a9c8c,1.7773435311653814e+18
7b2ef3c7-166d-4072-933c-0fa27d5a9c8c,1.7773435311987244e+18
7b2ef3c7-166d-4072-933c-0fa27d5a9c8c,1.7773435312320673e+18
7b2ef3c7-166d-4072-933c-0fa27d5a9c8c,1.7773435312654103e+18
7b2ef3c7-166d-4072-933c-0fa27d5a9c8c,1.7773435312987533e+18
7b2ef3c7-166d-4072-933c-0fa27d5a9c8c,1.7773435313320963e+18
7b2ef3c7-166d-4072-933c-0fa27d5a9c8c,1.7773435313654392e+18
7b2ef3c7-166d-4072-933c-0fa27d5a9c8c,1.7773435313987822e+18
7b2ef3c7-166d-4072-933c-0fa27d5a9c8c,1.7773435314321252e+18
7b2ef3c7-166d-4072-933c-0fa27d5a9c8c,1.7773435314654682e+18
7b2ef3c7-166d-4072-933c-0fa27d5a9c8c,1.7773435314988114e+18
7b2ef3c7-166d-4072-933c-0fa27d5a9c8c,1.7773435315321544e+18
7b2ef3c7-166d-4072-933c-0fa27d5a9c8c,1.7773435315654973e+18
7b2ef3c7-166d-4072-933c-0fa27d5a9c8c,1.7773435315988403e+18
7b2ef3c7-166d-4072-933c-0fa27d5a9c8c,1.7773435316321833e+18
7b2ef3c7-166d-4072-933c-0fa27d5a9c8c,1.7773435316655263e+18
7b2ef3c7-166d-4072-933c-0fa27d5a9c8c,1.7773435316988692e+18
7b2ef3c7-166d-4072-933c-0fa27d5a9c8c,1.7773435317322122e+18
7b2ef3c7-166d-4072-933c-0fa27d5a9c8c,1.7773435317655552e+18
7b2ef3c7-166d-4072-933c-0fa27d5a9c8c,1.7773435317988982e+18
7b2ef3c7-166d-4072-933c-0fa27d5a9c8c,1.7773435318322412e+18
7b2ef3c7-166d-4072-933c-0fa27d5a9c8c,1.7773435318655844e+18
7b2ef3c7-166d-4072-933c-0fa27d5a9c8c,1.7773435318989274e+18
7b2ef3c7-166d-4072-933c-0fa27d5a9c8c,1.7773435319322703e+18
7b2ef3c7-166d-4072-933c-0fa27d5a9c8c,1.7773435319656133e+18
7b2ef3c7-166d-4072-933c-0fa27d5a9c8c,1.7773435319989563e+18
7b2ef3c7-166d-4072-933c-0fa27d5a9c8c,1.7773435320322993e+18
7b2ef3c7-166d-4072-933c-0fa27d5a9c8c,1.7773435320656433e+18
7b2ef3c7-166d-4072-933c-0fa27d5a9c8c,1.7773435320989862e+18
7b2ef3c7-166d-4072-933c-0fa27d5a9c8c,1.7773435321323292e+18
7b2ef3c7-166d-4072-933c-0fa27d5a9c8c,1.7773435321656722e+18
7b2ef3c7-166d-4072-933c-0fa27d5a9c8c,1.7773435321990152e+18
7b2ef3c7-166d-4072-933c-0fa27d5a9c8c,1.7773435322323581e+18
7b2ef3c7-166d-4072-933c-0fa27d5a9c8c,1.7773435322657014e+18
7b2ef3c7-166d-4072-933c-0fa27d5a9c8c,1.7773435322990444e+18
7b2ef3c7-166d-4072-933c-0fa27d5a9c8c,1.7773435323323873e+18
7b2ef3c7-166d-4072-933c-0fa27d5a9c8c,1.7773435323657303e+18
7b2ef3c7-166d-4072-933c-0fa27d5a9c8c,1.7773435323990733e+18
7b2ef3c7-166d-4072-933c-0fa27d5a9c8c,1.7773435324324163e+18
7b2ef3c7-166d-4072-933c-0fa27d5a9c8c,1.7773435324657592e+18
7b2ef3c7-166d-4072-933c-0fa27d5a9c8c,1.7773435324991022e+18
7b2ef3c7-166d-4072-933c-0fa27d5a9c8c,1.7773435325324452e+18
7b2ef3c7-166d-4072-933c-0fa27d5a9c8c,1.7773435325657882e+18
7b2ef3c7-166d-4072-933c-0fa27d5a9c8c,1.7773435325991314e+18
7b2ef3c7-166d-4072-933c-0fa27d5a9c8c,1.7773435326324744e+18
7b2ef3c7-166d-4072-933c-0fa27d5a9c8c,1.7773435326658173e+18
7b2ef3c7-166d-4072-933c-0fa27d5a9c8c,1.7773435326991603e+18
7b2ef3c7-166d-4072-933c-0fa27d5a9c8c,1.7773435327325033e+18
7b2ef3c7-166d-4072-933c-0fa27d5a9c8c,1.7773435327658463e+18
7b2ef3c7-166d-4072-933c-0fa27d5a9c8c,1.7773435327991892e+18
7b2ef3c7-166d-4072-933c-0fa27d5a9c8c,1.7773435328325322e+18
7b2ef3c7-166d-4072-933c-0fa27d5a9c8c,1.7773435328658752e+18
7b2ef3c7-166d-4072-933c-0fa27d5a9c8c,1.7773435328992182e+18
7b2ef3c7-166d-4072-933c-0fa27d5a9c8c,1.7773435329325612e+18
7b2ef3c7-166d-4072-933c-0fa27d5a9c8c,1.7773435329659044e+18
7b2ef3c7-166d-4072-933c-0fa27d5a9c8c,1.7773435329992474e+18
7b2ef3c7-166d-4072-933c-0fa27d5a9c8c,1.7773435330325903e+18
7b2ef3c7-166d-4072-933c-0fa27d5a9c8c,1.7773435330659333e+18
7b2ef3c7-166d-4072-933c-0fa27d5a9c8c,1.7773435330992763e+18
7b2ef3c7-166d-4072-933c-0fa27d5a9c8c,1.7773435331326193e+18
7b2ef3c7-166d-4072-933c-0fa27d5a9c8c,1.7773435331659622e+18
7b2ef3c7-166d-4072-933c-0fa27d5a9c8c,1.7773435331993052e+18
7b2ef3c7-166d-4072-933c-0fa27d5a9c8c,1.7773435332326482e+18
7b2ef3c7-166d-4072-933c-0fa27d5a9c8c,1.7773435332659912e+18
7b2ef3c7-166d-4072-933c-0fa27d5a9c8c,1.7773435332993341e+18
7b2ef3c7-166d-4072-933c-0fa27d5a9c8c,1.7773435333326774e+18
7b2ef3c7-166d-4072-933c-0fa27d5a9c8c,1.7773435333660204e+18
7b2ef3c7-166d-4072-933c-0fa27d5a9c8c,1.7773435333993644e+18
7b2ef3c7-166d-4072-933c-0fa27d5a9c8c,1.7773435334327073e+18
7b2ef3c7-166d-4072-933c-0fa27d5a9c8c,1.7773435334660503e+18
7b2ef3c7-166d-4072-933c-0fa27d5a9c8c,1.7773435334993933e+18
7b2ef3c7-166d-4072-933c-0fa27d5a9c8c,1.7773435335327363e+18
7b2ef3c7-166d-4072-933c-0fa27d5a9c8c,1.7773435335660792e+18
7b2ef3c7-166d-4072-933c-0fa27d5a9c8c,1.7773435335994222e+18
7b2ef3c7-166d-4072-933c-0fa27d5a9c8c,1.7773435336327652e+18
7b2ef3c7-166d-4072-933c-0fa27d5a9c8c,1.7773435336661082e+18
7b2ef3c7-166d-4072-933c-0fa27d5a9c8c,1.7773435336994514e+18
7b2ef3c7-166d-4072-933c-0fa27d5a9c8c,1.7773435337327944e+18
7b2ef3c7-166d-4072-933c-0fa27d5a9c8c,1.7773435337661373e+18
7b2ef3c7-166d-4072-933c-0fa27d5a9c8c,1.7773435337994803e+18
7b2ef3c7-166d-4072-933c-0fa27d5a9c8c,1.7773435338328233e+18
7b2ef3c7-166d-4072-933c-0fa27d5a9c8c,1.7773435338661663e+18
7b2ef3c7-166d-4072-933c-0fa27d5a9c8c,1.7773435338995092e+18
7b2ef3c7-166d-4072-933c-0fa27d5a9c8c,1.7773435339328522e+18
7b2ef3c7-166d-4072-933c-0fa27d5a9c8c,1.7773435339661952e+18
7b2ef3c7-166d-4072-933c-0fa27d5a9c8c,1.7773435339995382e+18
7b2ef3c7-166d-4072-933c-0fa27d5a9c8c,1.7773435340328812e+18
7b2ef3c7-166d-4072-933c-0fa27d5a9c8c,1.7773435340662244e+18
7b2ef3c7-166d-4072-933c-0fa27d5a9c8c,1.7773435340995674e+18
7b2ef3c7-166d-4072-933c-0fa27d5a9c8c,1.7773435341329103e+18
7b2ef3c7-166d-4072-933c-0fa27d5a9c8c,1.7773435341662533e+18
7b2ef3c7-166d-4072-933c-0fa27d5a9c8c,1.7773435341995963e+18
7b2ef3c7-166d-4072-933c-0fa27d5a9c8c,1.7773435342329393e+18
7b2ef3c7-166d-4072-933c-0fa27d5a9c8c,1.7773435342662822e+18
7b2ef3c7-166d-4072-933c-0fa27d5a9c8c,1.7773435342996252e+18
7b2ef3c7-166d-4072-933c-0fa27d5a9c8c,1.7773435343329682e+18
7b2ef3c7-166d-4072-933c-0fa27d5a9c8c,1.7773435343663112e+18
7b2ef3c7-166d-4072-933c-0fa27d5a9c8c,1.7773435343996541e+18
7b2ef3c7-166d-4072-933c-0fa27d5a9c8c,1.7773435344329974e+18
7b2ef3c7-166d-4072-933c-0fa27d5a9c8c,1.7773435344663404e+18
7b2ef3c7-166d-4072-933c-0fa27d5a9c8c,1.7773435344996833e+18
7b2ef3c7-166d-4072-933c-0fa27d5a9c8c,1.7773435345330263e+18
7b2ef3c7-166d-4072-933c-0fa27d5a9c8c,1.7773435345663693e+18
7b2ef3c7-166d-4072-933c-0fa27d5a9c8c,1.7773435345997123e+18
7b2ef3c7-166d-4072-933c-0fa27d5a9c8c,1.7773435346330552e+18
7b2ef3c7-166d-4072-933c-0fa27d5a9c8c,1.7773435346663982e+18
7b2ef3c7-166d-4072-933c-0fa27d5a9c8c,1.7773435346997412e+18
7b2ef3c7-166d-4072-933c-0fa27d5a9c8c,1.7773435347330842e+18
7b2ef3c7-166d-4072-933c-0fa27d5a9c8c,1.7773435347664282e+18
7b2ef3c7-166d-4072-933c-0fa27d5a9c8c,1.7773435347997714e+18
7b2ef3c7-166d-4072-933c-0fa27d5a9c8c,1.7773435348331144e+18
7b2ef3c7-166d-4072-933c-0fa27d5a9c8c,1.7773435348664573e+18
7b2ef3c7-166d-4072-933c-0fa27d5a9c8c,1.7773435348998003e+18
7b2ef3c7-166d-4072-933c-0fa27d5a9c8c,1.7773435349331433e+18
7b2ef3c7-166d-4072-933c-0fa27d5a9c8c,1.7773435349664863e+18
