recording id,timestamp [ns]
b60b8918-719d-474c-bc87-7b7478d24056,1.7773440622308183e+18
b60b8918-719d-474c-bc87-7b7478d24056,1.7773440622641603e+18
b60b8918-719d-474c-bc87-7b7478d24056,1.7773440622975032e+18
b60b8918-719d-474c-bc87-7b7478d24056,1.7773440623308454e+18
b60b8918-719d-474c-bc87-7b7478d24056,1.7773440623641874e+18
b60b8918-719d-474c-bc87-7b7478d24056,1.7773440623975304e+18
b60b8918-719d-474c-bc87-7b7478d24056,1.7773440624308723e+18
b60b8918-719d-474c-bc87-7b7478d24056,1.7773440624642153e+18
b60b8918-719d-474c-bc87-7b7478d24056,1.7773440624975572e+18
b60b8918-719d-474c-bc87-7b7478d24056,1.7773440625309002e+18
b60b8918-719d-474c-bc87-7b7478d24056,1.7773440625642424e+18
b60b8918-719d-474c-bc87-7b7478d24056,1.7773440625975854e+18
b60b8918-719d-474c-bc87-7b7478d24056,1.7773440626309274e+18
b60b8918-719d-474c-bc87-7b7478d24056,1.7773440626642693e+18
b60b8918-719d-474c-bc87-7b7478d24056,1.7773440626976123e+18
b60b8918-719d-474c-bc87-7b7478d24056,1.7773440627309542e+18
b60b8918-719d-474c-bc87-7b7478d24056,1.7773440627642975e+18
b60b8918-719d-474c-bc87-7b7478d24056,1.7773440627976394e+18
b60b8918-719d-474c-bc87-7b7478d24056,1.7773440628309824e+18
b60b8918-719d-474c-bc87-7b7478d24056,1.7773440628643244e+18
b60b8918-719d-474c-bc87-7b7478d24056,1.7773440628976673e+18
b60b8918-719d-474c-bc87-7b7478d24056,1.7773440629310093e+18
b60b8918-719d-474c-bc87-7b7478d24056,1.7773440629643523e+18
b60b8918-719d-474c-bc87-7b7478d24056,1.7773440629976945e+18
b60b8918-719d-474c-bc87-7b7478d24056,1.7773440630310364e+18
b60b8918-719d-474c-bc87-7b7478d24056,1.7773440630643794e+18
b60b8918-719d-474c-bc87-7b7478d24056,1.7773440630977213e+18
b60b8918-719d-474c-bc87-7b7478d24056,1.7773440631310643e+18
b60b8918-719d-474c-bc87-7b7478d24056,1.7773440631644063e+18
b60b8918-719d-474c-bc87-7b7478d24056,1.7773440631977492e+18
b60b8918-719d-474c-bc87-7b7478d24056,1.7773440632310915e+18
b60b8918-719d-474c-bc87-7b7478d24056,1.7773440632644334e+18
b60b8918-719d-474c-bc87-7b7478d24056,1.7773440632977764e+18
b60b8918-719d-474c-bc87-7b7478d24056,1.7773440633311183e+18
b60b8918-719d-474c-bc87-7b7478d24056,1.7773440633644613e+18
b60b8918-719d-474c-bc87-7b7478d24056,1.7773440633978033e+18
b60b8918-719d-474c-bc87-7b7478d24056,1.7773440634311462e+18
b60b8918-719d-474c-bc87-7b7478d24056,1.7773440634644884e+18
b60b8918-719d-474c-bc87-7b7478d24056,1.7773440634978314e+18
b60b8918-719d-474c-bc87-7b7478d24056,1.7773440635311734e+18
b60b8918-719d-474c-bc87-7b7478d24056,1.7773440635645164e+18
b60b8918-719d-474c-bc87-7b7478d24056,1.7773440635978583e+18
b60b8918-719d-474c-bc87-7b7478d24056,1.7773440636312003e+18
b60b8918-719d-474c-bc87-7b7478d24056,1.7773440636645432e+18
b60b8918-719d-474c-bc87-7b7478d24056,1.7773440636978854e+18
b60b8918-719d-474c-bc87-7b7478d24056,1.7773440637312284e+18
b60b8918-719d-474c-bc87-7b7478d24056,1.7773440637645704e+18
b60b8918-719d-474c-bc87-7b7478d24056,1.7773440637979133e+18
b60b8918-719d-474c-bc87-7b7478d24056,1.7773440638312553e+18
b60b8918-719d-474c-bc87-7b7478d24056,1.7773440638645983e+18
b60b8918-719d-474c-bc87-7b7478d24056,1.7773440638979402e+18
b60b8918-719d-474c-bc87-7b7478d24056,1.7773440639312824e+18
b60b8918-719d-474c-bc87-7b7478d24056,1.7773440639646254e+18
b60b8918-719d-474c-bc87-7b7478d24056,1.7773440639979674e+18
b60b8918-719d-474c-bc87-7b7478d24056,1.7773440640313103e+18
b60b8918-719d-474c-bc87-7b7478d24056,1.7773440640646523e+18
b60b8918-719d-474c-bc87-7b7478d24056,1.7773440640979953e+18
b60b8918-719d-474c-bc87-7b7478d24056,1.7773440641313375e+18
b60b8918-719d-474c-bc87-7b7478d24056,1.7773440641646804e+18
b60b8918-719d-474c-bc87-7b7478d24056,1.7773440641980224e+18
b60b8918-719d-474c-bc87-7b7478d24056,1.7773440642313644e+18
b60b8918-719d-474c-bc87-7b7478d24056,1.7773440642647073e+18
b60b8918-719d-474c-bc87-7b7478d24056,1.7773440642980493e+18
b60b8918-719d-474c-bc87-7b7478d24056,1.7773440643313923e+18
b60b8918-719d-474c-bc87-7b7478d24056,1.7773440643647345e+18
b60b8918-719d-474c-bc87-7b7478d24056,1.7773440643980774e+18
b60b8918-719d-474c-bc87-7b7478d24056,1.7773440644314194e+18
b60b8918-719d-474c-bc87-7b7478d24056,1.7773440644647624e+18
b60b8918-719d-474c-bc87-7b7478d24056,1.7773440644981043e+18
b60b8918-719d-474c-bc87-7b7478d24056,1.7773440645314463e+18
b60b8918-719d-474c-bc87-7b7478d24056,1.7773440645647892e+18
b60b8918-719d-474c-bc87-7b7478d24056,1.7773440645981315e+18
b60b8918-719d-474c-bc87-7b7478d24056,1.7773440646314744e+18
b60b8918-719d-474c-bc87-7b7478d24056,1.7773440646648164e+18
b60b8918-719d-474c-bc87-7b7478d24056,1.7773440646981594e+18
b60b8918-719d-474c-bc87-7b7478d24056,1.7773440647315013e+18
b60b8918-719d-474c-bc87-7b7478d24056,1.7773440647648443e+18
b60b8918-719d-474c-bc87-7b7478d24056,1.7773440647981862e+18
b60b8918-719d-474c-bc87-7b7478d24056,1.7773440648315295e+18
b60b8918-719d-474c-bc87-7b7478d24056,1.7773440648648714e+18
b60b8918-719d-474c-bc87-7b7478d24056,1.7773440648982134e+18
b60b8918-719d-474c-bc87-7b7478d24056,1.7773440649315564e+18
b60b8918-719d-474c-bc87-7b7478d24056,1.7773440649648983e+18
b60b8918-719d-474c-bc87-7b7478d24056,1.7773440649982413e+18
b60b8918-719d-474c-bc87-7b7478d24056,1.7773440650315832e+18
b60b8918-719d-474c-bc87-7b7478d24056,1.7773440650649265e+18
b60b8918-719d-474c-bc87-7b7478d24056,1.7773440650982684e+18
b60b8918-719d-474c-bc87-7b7478d24056,1.7773440651316104e+18
b60b8918-719d-474c-bc87-7b7478d24056,1.7773440651649533e+18
b60b8918-719d-474c-bc87-7b7478d24056,1.7773440651982953e+18
b60b8918-719d-474c-bc87-7b7478d24056,1.7773440652316383e+18
b60b8918-719d-474c-bc87-7b7478d24056,1.7773440652649802e+18
b60b8918-719d-474c-bc87-7b7478d24056,1.7773440652983235e+18
b60b8918-719d-474c-bc87-7b7478d24056,1.7773440653316654e+18
b60b8918-719d-474c-bc87-7b7478d24056,1.7773440653650084e+18
b60b8918-719d-474c-bc87-7b7478d24056,1.7773440653983503e+18
b60b8918-719d-474c-bc87-7b7478d24056,1.7773440654316933e+18
b60b8918-719d-474c-bc87-7b7478d24056,1.7773440654650353e+18
b60b8918-719d-474c-bc87-7b7478d24056,1.7773440654983775e+18
b60b8918-719d-474c-bc87-7b7478d24056,1.7773440655317204e+18
b60b8918-719d-474c-bc87-7b7478d24056,1.7773440655650624e+18
b60b8918-719d-474c-bc87-7b7478d24056,1.7773440655984054e+18
b60b8918-719d-474c-bc87-7b7478d24056,1.7773440656317473e+18
b60b8918-719d-474c-bc87-7b7478d24056,1.7773440656650903e+18
b60b8918-719d-474c-bc87-7b7478d24056,1.7773440656984323e+18
b60b8918-719d-474c-bc87-7b7478d24056,1.7773440657317752e+18
b60b8918-719d-474c-bc87-7b7478d24056,1.7773440657651174e+18
b60b8918-719d-474c-bc87-7b7478d24056,1.7773440657984594e+18
b60b8918-719d-474c-bc87-7b7478d24056,1.7773440658318024e+18
b60b8918-719d-474c-bc87-7b7478d24056,1.7773440658651443e+18
b60b8918-719d-474c-bc87-7b7478d24056,1.7773440658984873e+18
b60b8918-719d-474c-bc87-7b7478d24056,1.7773440659318292e+18
b60b8918-719d-474c-bc87-7b7478d24056,1.7773440659651722e+18
b60b8918-719d-474c-bc87-7b7478d24056,1.7773440659985144e+18
b60b8918-719d-474c-bc87-7b7478d24056,1.7773440660318574e+18
b60b8918-719d-474c-bc87-7b7478d24056,1.7773440660651994e+18
b60b8918-719d-474c-bc87-7b7478d24056,1.7773440660985413e+18
b60b8918-719d-474c-bc87-7b7478d24056,1.7773440661318843e+18
b60b8918-719d-474c-bc87-7b7478d24056,1.7773440661652262e+18
b60b8918-719d-474c-bc87-7b7478d24056,1.7773440661985695e+18
b60b8918-719d-474c-bc87-7b7478d24056,1.7773440662319114e+18
b60b8918-719d-474c-bc87-7b7478d24056,1.7773440662652544e+18
b60b8918-719d-474c-bc87-7b7478d24056,1.7773440662985964e+18
b60b8918-719d-474c-bc87-7b7478d24056,1.7773440663319393e+18
b60b8918-719d-474c-bc87-7b7478d24056,1.7773440663652813e+18
b60b8918-719d-474c-bc87-7b7478d24056,1.7773440663986232e+18
b60b8918-719d-474c-bc87-7b7478d24056,1.7773440664319665e+18
b60b8918-719d-474c-bc87-7b7478d24056,1.7773440664653084e+18
b60b8918-719d-474c-bc87-7b7478d24056,1.7773440664986514e+18
b60b8918-719d-474c-bc87-7b7478d24056,1.7773440665319933e+18
b60b8918-719d-474c-bc87-7b7478d24056,1.7773440665653363e+18
b60b8918-719d-474c-bc87-7b7478d24056,1.7773440665986783e+18
b60b8918-719d-474c-bc87-7b7478d24056,1.7773440666320212e+18
b60b8918-719d-474c-bc87-7b7478d24056,1.7773440666653635e+18
b60b8918-719d-474c-bc87-7b7478d24056,1.7773440666987064e+18
b60b8918-719d-474c-bc87-7b7478d24056,1.7773440667320484e+18
b60b8918-719d-474c-bc87-7b7478d24056,1.7773440667653903e+18
b60b8918-719d-474c-bc87-7b7478d24056,1.7773440667987333e+18
b60b8918-719d-474c-bc87-7b7478d24056,1.7773440668320753e+18
b60b8918-719d-474c-bc87-7b7478d24056,1.7773440668654182e+18
b60b8918-719d-474c-bc87-7b7478d24056,1.7773440668987604e+18
b60b8918-719d-474c-bc87-7b7478d24056,1.7773440669321034e+18
b60b8918-719d-474c-bc87-7b7478d24056,1.7773440669654454e+18
b60b8918-719d-474c-bc87-7b7478d24056,1.7773440669987873e+18
b60b8918-719d-474c-bc87-7b7478d24056,1.7773440670321303e+18
b60b8918-719d-474c-bc87-7b7478d24056,1.7773440670654723e+18
b60b8918-719d-474c-bc87-7b7478d24056,1.7773440670988152e+18
b60b8918-719d-474c-bc87-7b7478d24056,1.7773440671321574e+18
b60b8918-719d-474c-bc87-7b7478d24056,1.7773440671655004e+18
b60b8918-719d-474c-bc87-7b7478d24056,1.7773440671988424e+18
b60b8918-719d-474c-bc87-7b7478d24056,1.7773440672321853e+18
b60b8918-719d-474c-bc87-7b7478d24056,1.7773440672655273e+18
b60b8918-719d-474c-bc87-7b7478d24056,1.7773440672988703e+18
b60b8918-719d-474c-bc87-7b7478d24056,1.7773440673322122e+18
b60b8918-719d-474c-bc87-7b7478d24056,1.7773440673655544e+18
b60b8918-719d-474c-bc87-7b7478d24056,1.7773440673988974e+18
b60b8918-719d-474c-bc87-7b7478d24056,1.7773440674322394e+18
b60b8918-719d-474c-bc87-7b7478d24056,1.7773440674655823e+18
b60b8918-719d-474c-bc87-7b7478d24056,1.7773440674989243e+18
b60b8918-719d-474c-bc87-7b7478d24056,1.7773440675322673e+18
b60b8918-719d-474c-bc87-7b7478d24056,1.7773440675656095e+18
b60b8918-719d-474c-bc87-7b7478d24056,1.7773440675989524e+18
b60b8918-719d-474c-bc87-7b7478d24056,1.7773440676322944e+18
b60b8918-719d-474c-bc87-7b7478d24056,1.7773440676656364e+18
b60b8918-719d-474c-bc87-7b7478d24056,1.7773440676989793e+18
b60b8918-719d-474c-bc87-7b7478d24056,1.7773440677323213e+18
b60b8918-719d-474c-bc87-7b7478d24056,1.7773440677656643e+18
b60b8918-719d-474c-bc87-7b7478d24056,1.7773440677990065e+18
b60b8918-719d-474c-bc87-7b7478d24056,1.7773440678323494e+18
b60b8918-719d-474c-bc87-7b7478d24056,1.7773440678656914e+18
b60b8918-719d-474c-bc87-7b7478d24056,1.7773440678990344e+18
b60b8918-719d-474c-bc87-7b7478d24056,1.7773440679323763e+18
b60b8918-719d-474c-bc87-7b7478d24056,1.7773440679657183e+18
b60b8918-719d-474c-bc87-7b7478d24056,1.7773440679990612e+18
b60b8918-719d-474c-bc87-7b7478d24056,1.7773440680324035e+18
b60b8918-719d-474c-bc87-7b7478d24056,1.7773440680657464e+18
b60b8918-719d-474c-bc87-7b7478d24056,1.7773440680990884e+18
b60b8918-719d-474c-bc87-7b7478d24056,1.7773440681324314e+18
b60b8918-719d-474c-bc87-7b7478d24056,1.7773440681657733e+18
b60b8918-719d-474c-bc87-7b7478d24056,1.7773440681991163e+18
b60b8918-719d-474c-bc87-7b7478d24056,1.7773440682324582e+18
b60b8918-719d-474c-bc87-7b7478d24056,1.7773440682658004e+18
b60b8918-719d-474c-bc87-7b7478d24056,1.7773440682991434e+18
b60b8918-719d-474c-bc87-7b7478d24056,1.7773440683324854e+18
b60b8918-719d-474c-bc87-7b7478d24056,1.7773440683658284e+18
b60b8918-719d-474c-bc87-7b7478d24056,1.7773440683991703e+18
b60b8918-719d-474c-bc87-7b7478d24056,1.7773440684325133e+18
b60b8918-719d-474c-bc87-7b7478d24056,1.7773440684658552e+18
b60b8918-719d-474c-bc87-7b7478d24056,1.7773440684991985e+18
b60b8918-719d-474c-bc87-7b7478d24056,1.7773440685325404e+18
b60b8918-719d-474c-bc87-7b7478d24056,1.7773440685658834e+18
b60b8918-719d-474c-bc87-7b7478d24056,1.7773440685992253e+18
b60b8918-719d-474c-bc87-7b7478d24056,1.7773440686325673e+18
b60b8918-719d-474c-bc87-7b7478d24056,1.7773440686659103e+18
b60b8918-719d-474c-bc87-7b7478d24056,1.7773440686992522e+18
b60b8918-719d-474c-bc87-7b7478d24056,1.7773440687325955e+18
b60b8918-719d-474c-bc87-7b7478d24056,1.7773440687659374e+18
b60b8918-719d-474c-bc87-7b7478d24056,1.7773440687992804e+18
b60b8918-719d-474c-bc87-7b7478d24056,1.7773440688326223e+18
b60b8918-719d-474c-bc87-7b7478d24056,1.7773440688659643e+18
b60b8918-719d-474c-bc87-7b7478d24056,1.7773440688993073e+18
b60b8918-719d-474c-bc87-7b7478d24056,1.7773440689326495e+18
b60b8918-719d-474c-bc87-7b7478d24056,1.7773440689659924e+18
b60b8918-719d-474c-bc87-7b7478d24056,1.7773440689993344e+18
b60b8918-719d-474c-bc87-7b7478d24056,1.7773440690326774e+18
b60b8918-719d-474c-bc87-7b7478d24056,1.7773440690660193e+18
b60b8918-719d-474c-bc87-7b7478d24056,1.7773440690993623e+18
b60b8918-719d-474c-bc87-7b7478d24056,1.7773440691327043e+18
b60b8918-719d-474c-bc87-7b7478d24056,1.7773440691660472e+18
b60b8918-719d-474c-bc87-7b7478d24056,1.7773440691993894e+18
b60b8918-719d-474c-bc87-7b7478d24056,1.7773440692327314e+18
b60b8918-719d-474c-bc87-7b7478d24056,1.7773440692660744e+18
b60b8918-719d-474c-bc87-7b7478d24056,1.7773440692994163e+18
b60b8918-719d-474c-bc87-7b7478d24056,1.7773440693327593e+18
b60b8918-719d-474c-bc87-7b7478d24056,1.7773440693661012e+18
b60b8918-719d-474c-bc87-7b7478d24056,1.7773440693994442e+18
b60b8918-719d-474c-bc87-7b7478d24056,1.7773440694327864e+18
b60b8918-719d-474c-bc87-7b7478d24056,1.7773440694661294e+18
b60b8918-719d-474c-bc87-7b7478d24056,1.7773440694994714e+18
b60b8918-719d-474c-bc87-7b7478d24056,1.7773440695328133e+18
b60b8918-719d-474c-bc87-7b7478d24056,1.7773440695661563e+18
b60b8918-719d-474c-bc87-7b7478d24056,1.7773440695994982e+18
b60b8918-719d-474c-bc87-7b7478d24056,1.7773440696328415e+18
b60b8918-719d-474c-bc87-7b7478d24056,1.7773440696661834e+18
b60b8918-719d-474c-bc87-7b7478d24056,1.7773440696995264e+18
b60b8918-719d-474c-bc87-7b7478d24056,1.7773440697328684e+18
b60b8918-719d-474c-bc87-7b7478d24056,1.7773440697662113e+18
b60b8918-719d-474c-bc87-7b7478d24056,1.7773440697995533e+18
b60b8918-719d-474c-bc87-7b7478d24056,1.7773440698328952e+18
b60b8918-719d-474c-bc87-7b7478d24056,1.7773440698662385e+18
b60b8918-719d-474c-bc87-7b7478d24056,1.7773440698995804e+18
b60b8918-719d-474c-bc87-7b7478d24056,1.7773440699329234e+18
b60b8918-719d-474c-bc87-7b7478d24056,1.7773440699662653e+18
b60b8918-719d-474c-bc87-7b7478d24056,1.7773440699996083e+18
b60b8918-719d-474c-bc87-7b7478d24056,1.7773440700329503e+18
b60b8918-719d-474c-bc87-7b7478d24056,1.7773440700662932e+18
b60b8918-719d-474c-bc87-7b7478d24056,1.7773440700996355e+18
b60b8918-719d-474c-bc87-7b7478d24056,1.7773440701329774e+18
b60b8918-719d-474c-bc87-7b7478d24056,1.7773440701663204e+18
b60b8918-719d-474c-bc87-7b7478d24056,1.7773440701996623e+18
b60b8918-719d-474c-bc87-7b7478d24056,1.7773440702330053e+18
b60b8918-719d-474c-bc87-7b7478d24056,1.7773440702663473e+18
b60b8918-719d-474c-bc87-7b7478d24056,1.7773440702996902e+18
b60b8918-719d-474c-bc87-7b7478d24056,1.7773440703330324e+18
b60b8918-719d-474c-bc87-7b7478d24056,1.7773440703663754e+18
b60b8918-719d-474c-bc87-7b7478d24056,1.7773440703997174e+18
b60b8918-719d-474c-bc87-7b7478d24056,1.7773440704330604e+18
b60b8918-719d-474c-bc87-7b7478d24056,1.7773440704664023e+18
b60b8918-719d-474c-bc87-7b7478d24056,1.7773440704997443e+18
b60b8918-719d-474c-bc87-7b7478d24056,1.7773440705330872e+18
b60b8918-719d-474c-bc87-7b7478d24056,1.7773440705664294e+18
b60b8918-719d-474c-bc87-7b7478d24056,1.7773440705997724e+18
b60b8918-719d-474c-bc87-7b7478d24056,1.7773440706331144e+18
b60b8918-719d-474c-bc87-7b7478d24056,1.7773440706664573e+18
b60b8918-719d-474c-bc87-7b7478d24056,1.7773440706997993e+18
b60b8918-719d-474c-bc87-7b7478d24056,1.7773440707331412e+18
b60b8918-719d-474c-bc87-7b7478d24056,1.7773440707664842e+18
b60b8918-719d-474c-bc87-7b7478d24056,1.7773440707998264e+18
b60b8918-719d-474c-bc87-7b7478d24056,1.7773440708331694e+18
b60b8918-719d-474c-bc87-7b7478d24056,1.7773440708665114e+18
b60b8918-719d-474c-bc87-7b7478d24056,1.7773440708998543e+18
b60b8918-719d-474c-bc87-7b7478d24056,1.7773440709331963e+18
b60b8918-719d-474c-bc87-7b7478d24056,1.7773440709665393e+18
b60b8918-719d-474c-bc87-7b7478d24056,1.7773440709998815e+18
b60b8918-719d-474c-bc87-7b7478d24056,1.7773440710332244e+18
b60b8918-719d-474c-bc87-7b7478d24056,1.7773440710665664e+18
b60b8918-719d-474c-bc87-7b7478d24056,1.7773440710999084e+18
b60b8918-719d-474c-bc87-7b7478d24056,1.7773440711332513e+18
b60b8918-719d-474c-bc87-7b7478d24056,1.7773440711665933e+18
b60b8918-719d-474c-bc87-7b7478d24056,1.7773440711999363e+18
b60b8918-719d-474c-bc87-7b7478d24056,1.7773440712332785e+18
b60b8918-719d-474c-bc87-7b7478d24056,1.7773440712666214e+18
b60b8918-719d-474c-bc87-7b7478d24056,1.7773440712999634e+18
b60b8918-719d-474c-bc87-7b7478d24056,1.7773440713333064e+18
b60b8918-719d-474c-bc87-7b7478d24056,1.7773440713666483e+18
b60b8918-719d-474c-bc87-7b7478d24056,1.7773440713999903e+18
b60b8918-719d-474c-bc87-7b7478d24056,1.7773440714333332e+18
b60b8918-719d-474c-bc87-7b7478d24056,1.7773440714666755e+18
b60b8918-719d-474c-bc87-7b7478d24056,1.7773440715000184e+18
b60b8918-719d-474c-bc87-7b7478d24056,1.7773440715333604e+18
b60b8918-719d-474c-bc87-7b7478d24056,1.7773440715667034e+18
b60b8918-719d-474c-bc87-7b7478d24056,1.7773440716000453e+18
b60b8918-719d-474c-bc87-7b7478d24056,1.7773440716333883e+18
b60b8918-719d-474c-bc87-7b7478d24056,1.7773440716667302e+18
b60b8918-719d-474c-bc87-7b7478d24056,1.7773440717000724e+18
b60b8918-719d-474c-bc87-7b7478d24056,1.7773440717334154e+18
b60b8918-719d-474c-bc87-7b7478d24056,1.7773440717667574e+18
b60b8918-719d-474c-bc87-7b7478d24056,1.7773440718001004e+18
b60b8918-719d-474c-bc87-7b7478d24056,1.7773440718334423e+18
b60b8918-719d-474c-bc87-7b7478d24056,1.7773440718667853e+18
b60b8918-719d-474c-bc87-7b7478d24056,1.7773440719001272e+18
b60b8918-719d-474c-bc87-7b7478d24056,1.7773440719334705e+18
b60b8918-719d-474c-bc87-7b7478d24056,1.7773440719668124e+18
b60b8918-719d-474c-bc87-7b7478d24056,1.7773440720001544e+18
b60b8918-719d-474c-bc87-7b7478d24056,1.7773440720334973e+18
b60b8918-719d-474c-bc87-7b7478d24056,1.7773440720668393e+18
b60b8918-719d-474c-bc87-7b7478d24056,1.7773440721001823e+18
b60b8918-719d-474c-bc87-7b7478d24056,1.7773440721335242e+18
b60b8918-719d-474c-bc87-7b7478d24056,1.7773440721668675e+18
b60b8918-719d-474c-bc87-7b7478d24056,1.7773440722002094e+18
b60b8918-719d-474c-bc87-7b7478d24056,1.7773440722335524e+18
b60b8918-719d-474c-bc87-7b7478d24056,1.7773440722668943e+18
b60b8918-719d-474c-bc87-7b7478d24056,1.7773440723002373e+18
b60b8918-719d-474c-bc87-7b7478d24056,1.7773440723335793e+18
b60b8918-719d-474c-bc87-7b7478d24056,1.7773440723669215e+18
b60b8918-719d-474c-bc87-7b7478d24056,1.7773440724002644e+18
b60b8918-719d-474c-bc87-7b7478d24056,1.7773440724336064e+18
b60b8918-719d-474c-bc87-7b7478d24056,1.7773440724669494e+18
b60b8918-719d-474c-bc87-7b7478d24056,1.7773440725002913e+18
b60b8918-719d-474c-bc87-7b7478d24056,1.7773440725336343e+18
b60b8918-719d-474c-bc87-7b7478d24056,1.7773440725669763e+18
b60b8918-719d-474c-bc87-7b7478d24056,1.7773440726003185e+18
b60b8918-719d-474c-bc87-7b7478d24056,1.7773440726336614e+18
b60b8918-719d-474c-bc87-7b7478d24056,1.7773440726670034e+18
b60b8918-719d-474c-bc87-7b7478d24056,1.7773440727003464e+18
b60b8918-719d-474c-bc87-7b7478d24056,1.7773440727336883e+18
b60b8918-719d-474c-bc87-7b7478d24056,1.7773440727670313e+18
b60b8918-719d-474c-bc87-7b7478d24056,1.7773440728003732e+18
b60b8918-719d-474c-bc87-7b7478d24056,1.7773440728337162e+18
b60b8918-719d-474c-bc87-7b7478d24056,1.7773440728670584e+18
b60b8918-719d-474c-bc87-7b7478d24056,1.7773440729004014e+18
b60b8918-719d-474c-bc87-7b7478d24056,1.7773440729337434e+18
b60b8918-719d-474c-bc87-7b7478d24056,1.7773440729670853e+18
b60b8918-719d-474c-bc87-7b7478d24056,1.7773440730004283e+18
b60b8918-719d-474c-bc87-7b7478d24056,1.7773440730337702e+18
b60b8918-719d-474c-bc87-7b7478d24056,1.7773440730671135e+18
b60b8918-719d-474c-bc87-7b7478d24056,1.7773440731004554e+18
b60b8918-719d-474c-bc87-7b7478d24056,1.7773440731337984e+18
b60b8918-719d-474c-bc87-7b7478d24056,1.7773440731671404e+18
b60b8918-719d-474c-bc87-7b7478d24056,1.7773440732004833e+18
b60b8918-719d-474c-bc87-7b7478d24056,1.7773440732338253e+18
b60b8918-719d-474c-bc87-7b7478d24056,1.7773440732671672e+18
b60b8918-719d-474c-bc87-7b7478d24056,1.7773440733005105e+18
b60b8918-719d-474c-bc87-7b7478d24056,1.7773440733338524e+18
b60b8918-719d-474c-bc87-7b7478d24056,1.7773440733671954e+18
b60b8918-719d-474c-bc87-7b7478d24056,1.7773440734005373e+18
b60b8918-719d-474c-bc87-7b7478d24056,1.7773440734338803e+18
b60b8918-719d-474c-bc87-7b7478d24056,1.7773440734672223e+18
b60b8918-719d-474c-bc87-7b7478d24056,1.7773440735005652e+18
b60b8918-719d-474c-bc87-7b7478d24056,1.7773440735339075e+18
b60b8918-719d-474c-bc87-7b7478d24056,1.7773440735672494e+18
b60b8918-719d-474c-bc87-7b7478d24056,1.7773440736005924e+18
b60b8918-719d-474c-bc87-7b7478d24056,1.7773440736339343e+18
b60b8918-719d-474c-bc87-7b7478d24056,1.7773440736672773e+18
b60b8918-719d-474c-bc87-7b7478d24056,1.7773440737006193e+18
b60b8918-719d-474c-bc87-7b7478d24056,1.7773440737339622e+18
b60b8918-719d-474c-bc87-7b7478d24056,1.7773440737673044e+18
b60b8918-719d-474c-bc87-7b7478d24056,1.7773440738006474e+18
b60b8918-719d-474c-bc87-7b7478d24056,1.7773440738339894e+18
b60b8918-719d-474c-bc87-7b7478d24056,1.7773440738673313e+18
b60b8918-719d-474c-bc87-7b7478d24056,1.7773440739006743e+18
b60b8918-719d-474c-bc87-7b7478d24056,1.7773440739340163e+18
b60b8918-719d-474c-bc87-7b7478d24056,1.7773440739673592e+18
b60b8918-719d-474c-bc87-7b7478d24056,1.7773440740007014e+18
b60b8918-719d-474c-bc87-7b7478d24056,1.7773440740340444e+18
b60b8918-719d-474c-bc87-7b7478d24056,1.7773440740673864e+18
b60b8918-719d-474c-bc87-7b7478d24056,1.7773440741007293e+18
b60b8918-719d-474c-bc87-7b7478d24056,1.7773440741340713e+18
b60b8918-719d-474c-bc87-7b7478d24056,1.7773440741674143e+18
b60b8918-719d-474c-bc87-7b7478d24056,1.7773440742007562e+18
b60b8918-719d-474c-bc87-7b7478d24056,1.7773440742340984e+18
b60b8918-719d-474c-bc87-7b7478d24056,1.7773440742674414e+18
b60b8918-719d-474c-bc87-7b7478d24056,1.7773440743007834e+18
b60b8918-719d-474c-bc87-7b7478d24056,1.7773440743341263e+18
b60b8918-719d-474c-bc87-7b7478d24056,1.7773440743674683e+18
b60b8918-719d-474c-bc87-7b7478d24056,1.7773440744008113e+18
b60b8918-719d-474c-bc87-7b7478d24056,1.7773440744341535e+18
b60b8918-719d-474c-bc87-7b7478d24056,1.7773440744674964e+18
b60b8918-719d-474c-bc87-7b7478d24056,1.7773440745008384e+18
b60b8918-719d-474c-bc87-7b7478d24056,1.7773440745341804e+18
b60b8918-719d-474c-bc87-7b7478d24056,1.7773440745675233e+18
b60b8918-719d-474c-bc87-7b7478d24056,1.7773440746008653e+18
b60b8918-719d-474c-bc87-7b7478d24056,1.7773440746342083e+18
b60b8918-719d-474c-bc87-7b7478d24056,1.7773440746675505e+18
b60b8918-719d-474c-bc87-7b7478d24056,1.7773440747008934e+18
b60b8918-719d-474c-bc87-7b7478d24056,1.7773440747342354e+18
b60b8918-719d-474c-bc87-7b7478d24056,1.7773440747675784e+18
b60b8918-719d-474c-bc87-7b7478d24056,1.7773440748009203e+18
b60b8918-719d-474c-bc87-7b7478d24056,1.7773440748342633e+18
b60b8918-719d-474c-bc87-7b7478d24056,1.7773440748676052e+18
b60b8918-719d-474c-bc87-7b7478d24056,1.7773440749009475e+18
b60b8918-719d-474c-bc87-7b7478d24056,1.7773440749342904e+18
b60b8918-719d-474c-bc87-7b7478d24056,1.7773440749676324e+18
b60b8918-719d-474c-bc87-7b7478d24056,1.7773440750009754e+18
b60b8918-719d-474c-bc87-7b7478d24056,1.7773440750343173e+18
b60b8918-719d-474c-bc87-7b7478d24056,1.7773440750676603e+18
b60b8918-719d-474c-bc87-7b7478d24056,1.7773440751010022e+18
b60b8918-719d-474c-bc87-7b7478d24056,1.7773440751343444e+18
b60b8918-719d-474c-bc87-7b7478d24056,1.7773440751676874e+18
b60b8918-719d-474c-bc87-7b7478d24056,1.7773440752010294e+18
b60b8918-719d-474c-bc87-7b7478d24056,1.7773440752343724e+18
b60b8918-719d-474c-bc87-7b7478d24056,1.7773440752677143e+18
b60b8918-719d-474c-bc87-7b7478d24056,1.7773440753010573e+18
b60b8918-719d-474c-bc87-7b7478d24056,1.7773440753343992e+18
b60b8918-719d-474c-bc87-7b7478d24056,1.7773440753677425e+18
b60b8918-719d-474c-bc87-7b7478d24056,1.7773440754010844e+18
b60b8918-719d-474c-bc87-7b7478d24056,1.7773440754344274e+18
b60b8918-719d-474c-bc87-7b7478d24056,1.7773440754677693e+18
b60b8918-719d-474c-bc87-7b7478d24056,1.7773440755011113e+18
b60b8918-719d-474c-bc87-7b7478d24056,1.7773440755344543e+18
b60b8918-719d-474c-bc87-7b7478d24056,1.7773440755677962e+18
b60b8918-719d-474c-bc87-7b7478d24056,1.7773440756011395e+18
b60b8918-719d-474c-bc87-7b7478d24056,1.7773440756344814e+18
b60b8918-719d-474c-bc87-7b7478d24056,1.7773440756678244e+18
b60b8918-719d-474c-bc87-7b7478d24056,1.7773440757011663e+18
b60b8918-719d-474c-bc87-7b7478d24056,1.7773440757345093e+18
b60b8918-719d-474c-bc87-7b7478d24056,1.7773440757678513e+18
b60b8918-719d-474c-bc87-7b7478d24056,1.7773440758011935e+18
b60b8918-719d-474c-bc87-7b7478d24056,1.7773440758345364e+18
b60b8918-719d-474c-bc87-7b7478d24056,1.7773440758678784e+18
b60b8918-719d-474c-bc87-7b7478d24056,1.7773440759012214e+18
b60b8918-719d-474c-bc87-7b7478d24056,1.7773440759345633e+18
b60b8918-719d-474c-bc87-7b7478d24056,1.7773440759679063e+18
b60b8918-719d-474c-bc87-7b7478d24056,1.7773440760012483e+18
b60b8918-719d-474c-bc87-7b7478d24056,1.7773440760345912e+18
b60b8918-719d-474c-bc87-7b7478d24056,1.7773440760679334e+18
b60b8918-719d-474c-bc87-7b7478d24056,1.7773440761012754e+18
b60b8918-719d-474c-bc87-7b7478d24056,1.7773440761346184e+18
b60b8918-719d-474c-bc87-7b7478d24056,1.7773440761679603e+18
b60b8918-719d-474c-bc87-7b7478d24056,1.7773440762013033e+18
b60b8918-719d-474c-bc87-7b7478d24056,1.7773440762346452e+18
b60b8918-719d-474c-bc87-7b7478d24056,1.7773440762679882e+18
b60b8918-719d-474c-bc87-7b7478d24056,1.7773440763013304e+18
b60b8918-719d-474c-bc87-7b7478d24056,1.7773440763346734e+18
b60b8918-719d-474c-bc87-7b7478d24056,1.7773440763680154e+18
b60b8918-719d-474c-bc87-7b7478d24056,1.7773440764013573e+18
b60b8918-719d-474c-bc87-7b7478d24056,1.7773440764347003e+18
b60b8918-719d-474c-bc87-7b7478d24056,1.7773440764680422e+18
b60b8918-719d-474c-bc87-7b7478d24056,1.7773440765013855e+18
b60b8918-719d-474c-bc87-7b7478d24056,1.7773440765347274e+18
b60b8918-719d-474c-bc87-7b7478d24056,1.7773440765680704e+18
b60b8918-719d-474c-bc87-7b7478d24056,1.7773440766014124e+18
b60b8918-719d-474c-bc87-7b7478d24056,1.7773440766347553e+18
b60b8918-719d-474c-bc87-7b7478d24056,1.7773440766680973e+18
b60b8918-719d-474c-bc87-7b7478d24056,1.7773440767014403e+18
b60b8918-719d-474c-bc87-7b7478d24056,1.7773440767347825e+18
b60b8918-719d-474c-bc87-7b7478d24056,1.7773440767681244e+18
b60b8918-719d-474c-bc87-7b7478d24056,1.7773440768014674e+18
b60b8918-719d-474c-bc87-7b7478d24056,1.7773440768348093e+18
b60b8918-719d-474c-bc87-7b7478d24056,1.7773440768681523e+18
b60b8918-719d-474c-bc87-7b7478d24056,1.7773440769014943e+18
b60b8918-719d-474c-bc87-7b7478d24056,1.7773440769348372e+18
b60b8918-719d-474c-bc87-7b7478d24056,1.7773440769681795e+18
b60b8918-719d-474c-bc87-7b7478d24056,1.7773440770015214e+18
b60b8918-719d-474c-bc87-7b7478d24056,1.7773440770348644e+18
b60b8918-719d-474c-bc87-7b7478d24056,1.7773440770682063e+18
b60b8918-719d-474c-bc87-7b7478d24056,1.7773440771015493e+18
b60b8918-719d-474c-bc87-7b7478d24056,1.7773440771348913e+18
b60b8918-719d-474c-bc87-7b7478d24056,1.7773440771682342e+18
b60b8918-719d-474c-bc87-7b7478d24056,1.7773440772015764e+18
b60b8918-719d-474c-bc87-7b7478d24056,1.7773440772349194e+18
b60b8918-719d-474c-bc87-7b7478d24056,1.7773440772682614e+18
b60b8918-719d-474c-bc87-7b7478d24056,1.7773440773016044e+18
b60b8918-719d-474c-bc87-7b7478d24056,1.7773440773349463e+18
b60b8918-719d-474c-bc87-7b7478d24056,1.7773440773682883e+18
b60b8918-719d-474c-bc87-7b7478d24056,1.7773440774016312e+18
b60b8918-719d-474c-bc87-7b7478d24056,1.7773440774349734e+18
b60b8918-719d-474c-bc87-7b7478d24056,1.7773440774683164e+18
b60b8918-719d-474c-bc87-7b7478d24056,1.7773440775016584e+18
b60b8918-719d-474c-bc87-7b7478d24056,1.7773440775350013e+18
b60b8918-719d-474c-bc87-7b7478d24056,1.7773440775683433e+18
b60b8918-719d-474c-bc87-7b7478d24056,1.7773440776016863e+18
b60b8918-719d-474c-bc87-7b7478d24056,1.7773440776350282e+18
b60b8918-719d-474c-bc87-7b7478d24056,1.7773440776683704e+18
b60b8918-719d-474c-bc87-7b7478d24056,1.7773440777017134e+18
b60b8918-719d-474c-bc87-7b7478d24056,1.7773440777350554e+18
b60b8918-719d-474c-bc87-7b7478d24056,1.7773440777683983e+18
b60b8918-719d-474c-bc87-7b7478d24056,1.7773440778017403e+18
b60b8918-719d-474c-bc87-7b7478d24056,1.7773440778350833e+18
b60b8918-719d-474c-bc87-7b7478d24056,1.7773440778684255e+18
b60b8918-719d-474c-bc87-7b7478d24056,1.7773440779017684e+18
b60b8918-719d-474c-bc87-7b7478d24056,1.7773440779351104e+18
b60b8918-719d-474c-bc87-7b7478d24056,1.7773440779684524e+18
b60b8918-719d-474c-bc87-7b7478d24056,1.7773440780017953e+18
b60b8918-719d-474c-bc87-7b7478d24056,1.7773440780351373e+18
b60b8918-719d-474c-bc87-7b7478d24056,1.7773440780684803e+18
b60b8918-719d-474c-bc87-7b7478d24056,1.7773440781018225e+18
b60b8918-719d-474c-bc87-7b7478d24056,1.7773440781351654e+18
b60b8918-719d-474c-bc87-7b7478d24056,1.7773440781685074e+18
b60b8918-719d-474c-bc87-7b7478d24056,1.7773440782018504e+18
b60b8918-719d-474c-bc87-7b7478d24056,1.7773440782351923e+18
b60b8918-719d-474c-bc87-7b7478d24056,1.7773440782685343e+18
b60b8918-719d-474c-bc87-7b7478d24056,1.7773440783018772e+18
b60b8918-719d-474c-bc87-7b7478d24056,1.7773440783352195e+18
b60b8918-719d-474c-bc87-7b7478d24056,1.7773440783685624e+18
b60b8918-719d-474c-bc87-7b7478d24056,1.7773440784019044e+18
b60b8918-719d-474c-bc87-7b7478d24056,1.7773440784352474e+18
b60b8918-719d-474c-bc87-7b7478d24056,1.7773440784685893e+18
b60b8918-719d-474c-bc87-7b7478d24056,1.7773440785019323e+18
b60b8918-719d-474c-bc87-7b7478d24056,1.7773440785352742e+18
b60b8918-719d-474c-bc87-7b7478d24056,1.7773440785686175e+18
b60b8918-719d-474c-bc87-7b7478d24056,1.7773440786019594e+18
b60b8918-719d-474c-bc87-7b7478d24056,1.7773440786353014e+18
b60b8918-719d-474c-bc87-7b7478d24056,1.7773440786686444e+18
b60b8918-719d-474c-bc87-7b7478d24056,1.7773440787019863e+18
b60b8918-719d-474c-bc87-7b7478d24056,1.7773440787353293e+18
b60b8918-719d-474c-bc87-7b7478d24056,1.7773440787686712e+18
b60b8918-719d-474c-bc87-7b7478d24056,1.7773440788020145e+18
b60b8918-719d-474c-bc87-7b7478d24056,1.7773440788353564e+18
b60b8918-719d-474c-bc87-7b7478d24056,1.7773440788686984e+18
b60b8918-719d-474c-bc87-7b7478d24056,1.7773440789020413e+18
b60b8918-719d-474c-bc87-7b7478d24056,1.7773440789353833e+18
b60b8918-719d-474c-bc87-7b7478d24056,1.7773440789687263e+18
b60b8918-719d-474c-bc87-7b7478d24056,1.7773440790020682e+18
b60b8918-719d-474c-bc87-7b7478d24056,1.7773440790354115e+18
b60b8918-719d-474c-bc87-7b7478d24056,1.7773440790687534e+18
b60b8918-719d-474c-bc87-7b7478d24056,1.7773440791020964e+18
b60b8918-719d-474c-bc87-7b7478d24056,1.7773440791354383e+18
b60b8918-719d-474c-bc87-7b7478d24056,1.7773440791687813e+18
b60b8918-719d-474c-bc87-7b7478d24056,1.7773440792021233e+18
b60b8918-719d-474c-bc87-7b7478d24056,1.7773440792354655e+18
b60b8918-719d-474c-bc87-7b7478d24056,1.7773440792688084e+18
b60b8918-719d-474c-bc87-7b7478d24056,1.7773440793021504e+18
b60b8918-719d-474c-bc87-7b7478d24056,1.7773440793354934e+18
b60b8918-719d-474c-bc87-7b7478d24056,1.7773440793688353e+18
b60b8918-719d-474c-bc87-7b7478d24056,1.7773440794021783e+18
b60b8918-719d-474c-bc87-7b7478d24056,1.7773440794355203e+18
b60b8918-719d-474c-bc87-7b7478d24056,1.7773440794688632e+18
b60b8918-719d-474c-bc87-7b7478d24056,1.7773440795022054e+18
b60b8918-719d-474c-bc87-7b7478d24056,1.7773440795355474e+18
b60b8918-719d-474c-bc87-7b7478d24056,1.7773440795688904e+18
b60b8918-719d-474c-bc87-7b7478d24056,1.7773440796022323e+18
b60b8918-719d-474c-bc87-7b7478d24056,1.7773440796355753e+18
b60b8918-719d-474c-bc87-7b7478d24056,1.7773440796689172e+18
b60b8918-719d-474c-bc87-7b7478d24056,1.7773440797022602e+18
b60b8918-719d-474c-bc87-7b7478d24056,1.7773440797356024e+18
b60b8918-719d-474c-bc87-7b7478d24056,1.7773440797689454e+18
b60b8918-719d-474c-bc87-7b7478d24056,1.7773440798022874e+18
b60b8918-719d-474c-bc87-7b7478d24056,1.7773440798356293e+18
b60b8918-719d-474c-bc87-7b7478d24056,1.7773440798689723e+18
b60b8918-719d-474c-bc87-7b7478d24056,1.7773440799023142e+18
b60b8918-719d-474c-bc87-7b7478d24056,1.7773440799356575e+18
b60b8918-719d-474c-bc87-7b7478d24056,1.7773440799689994e+18
b60b8918-719d-474c-bc87-7b7478d24056,1.7773440800023424e+18
b60b8918-719d-474c-bc87-7b7478d24056,1.7773440800356844e+18
b60b8918-719d-474c-bc87-7b7478d24056,1.7773440800690273e+18
b60b8918-719d-474c-bc87-7b7478d24056,1.7773440801023693e+18
b60b8918-719d-474c-bc87-7b7478d24056,1.7773440801357112e+18
b60b8918-719d-474c-bc87-7b7478d24056,1.7773440801690545e+18
b60b8918-719d-474c-bc87-7b7478d24056,1.7773440802023964e+18
b60b8918-719d-474c-bc87-7b7478d24056,1.7773440802357394e+18
b60b8918-719d-474c-bc87-7b7478d24056,1.7773440802690813e+18
b60b8918-719d-474c-bc87-7b7478d24056,1.7773440803024243e+18
b60b8918-719d-474c-bc87-7b7478d24056,1.7773440803357663e+18
b60b8918-719d-474c-bc87-7b7478d24056,1.7773440803691092e+18
b60b8918-719d-474c-bc87-7b7478d24056,1.7773440804024515e+18
b60b8918-719d-474c-bc87-7b7478d24056,1.7773440804357944e+18
b60b8918-719d-474c-bc87-7b7478d24056,1.7773440804691364e+18
b60b8918-719d-474c-bc87-7b7478d24056,1.7773440805024783e+18
b60b8918-719d-474c-bc87-7b7478d24056,1.7773440805358213e+18
b60b8918-719d-474c-bc87-7b7478d24056,1.7773440805691633e+18
b60b8918-719d-474c-bc87-7b7478d24056,1.7773440806025062e+18
b60b8918-719d-474c-bc87-7b7478d24056,1.7773440806358484e+18
b60b8918-719d-474c-bc87-7b7478d24056,1.7773440806691914e+18
b60b8918-719d-474c-bc87-7b7478d24056,1.7773440807025334e+18
b60b8918-719d-474c-bc87-7b7478d24056,1.7773440807358753e+18
b60b8918-719d-474c-bc87-7b7478d24056,1.7773440807692183e+18
b60b8918-719d-474c-bc87-7b7478d24056,1.7773440808025603e+18
b60b8918-719d-474c-bc87-7b7478d24056,1.7773440808359032e+18
b60b8918-719d-474c-bc87-7b7478d24056,1.7773440808692454e+18
b60b8918-719d-474c-bc87-7b7478d24056,1.7773440809025884e+18
b60b8918-719d-474c-bc87-7b7478d24056,1.7773440809359304e+18
b60b8918-719d-474c-bc87-7b7478d24056,1.7773440809692733e+18
b60b8918-719d-474c-bc87-7b7478d24056,1.7773440810026153e+18
b60b8918-719d-474c-bc87-7b7478d24056,1.7773440810359583e+18
b60b8918-719d-474c-bc87-7b7478d24056,1.7773440810693002e+18
b60b8918-719d-474c-bc87-7b7478d24056,1.7773440811026424e+18
b60b8918-719d-474c-bc87-7b7478d24056,1.7773440811359854e+18
b60b8918-719d-474c-bc87-7b7478d24056,1.7773440811693274e+18
b60b8918-719d-474c-bc87-7b7478d24056,1.7773440812026703e+18
b60b8918-719d-474c-bc87-7b7478d24056,1.7773440812360123e+18
b60b8918-719d-474c-bc87-7b7478d24056,1.7773440812693553e+18
b60b8918-719d-474c-bc87-7b7478d24056,1.7773440813026975e+18
b60b8918-719d-474c-bc87-7b7478d24056,1.7773440813360404e+18
b60b8918-719d-474c-bc87-7b7478d24056,1.7773440813693824e+18
b60b8918-719d-474c-bc87-7b7478d24056,1.7773440814027244e+18
b60b8918-719d-474c-bc87-7b7478d24056,1.7773440814360673e+18
b60b8918-719d-474c-bc87-7b7478d24056,1.7773440814694093e+18
b60b8918-719d-474c-bc87-7b7478d24056,1.7773440815027523e+18
b60b8918-719d-474c-bc87-7b7478d24056,1.7773440815360945e+18
b60b8918-719d-474c-bc87-7b7478d24056,1.7773440815694374e+18
b60b8918-719d-474c-bc87-7b7478d24056,1.7773440816027794e+18
b60b8918-719d-474c-bc87-7b7478d24056,1.7773440816361224e+18
b60b8918-719d-474c-bc87-7b7478d24056,1.7773440816694643e+18
b60b8918-719d-474c-bc87-7b7478d24056,1.7773440817028063e+18
b60b8918-719d-474c-bc87-7b7478d24056,1.7773440817361492e+18
b60b8918-719d-474c-bc87-7b7478d24056,1.7773440817694915e+18
b60b8918-719d-474c-bc87-7b7478d24056,1.7773440818028344e+18
b60b8918-719d-474c-bc87-7b7478d24056,1.7773440818361764e+18
b60b8918-719d-474c-bc87-7b7478d24056,1.7773440818695194e+18
b60b8918-719d-474c-bc87-7b7478d24056,1.7773440819028613e+18
b60b8918-719d-474c-bc87-7b7478d24056,1.7773440819362043e+18
b60b8918-719d-474c-bc87-7b7478d24056,1.7773440819695462e+18
b60b8918-719d-474c-bc87-7b7478d24056,1.7773440820028884e+18
b60b8918-719d-474c-bc87-7b7478d24056,1.7773440820362314e+18
b60b8918-719d-474c-bc87-7b7478d24056,1.7773440820695734e+18
b60b8918-719d-474c-bc87-7b7478d24056,1.7773440821029164e+18
b60b8918-719d-474c-bc87-7b7478d24056,1.7773440821362583e+18
b60b8918-719d-474c-bc87-7b7478d24056,1.7773440821696013e+18
b60b8918-719d-474c-bc87-7b7478d24056,1.7773440822029432e+18
b60b8918-719d-474c-bc87-7b7478d24056,1.7773440822362865e+18
b60b8918-719d-474c-bc87-7b7478d24056,1.7773440822696284e+18
b60b8918-719d-474c-bc87-7b7478d24056,1.7773440823029714e+18
b60b8918-719d-474c-bc87-7b7478d24056,1.7773440823363133e+18
b60b8918-719d-474c-bc87-7b7478d24056,1.7773440823696553e+18
b60b8918-719d-474c-bc87-7b7478d24056,1.7773440824029983e+18
b60b8918-719d-474c-bc87-7b7478d24056,1.7773440824363402e+18
b60b8918-719d-474c-bc87-7b7478d24056,1.7773440824696835e+18
b60b8918-719d-474c-bc87-7b7478d24056,1.7773440825030254e+18
b60b8918-719d-474c-bc87-7b7478d24056,1.7773440825363684e+18
b60b8918-719d-474c-bc87-7b7478d24056,1.7773440825697103e+18
b60b8918-719d-474c-bc87-7b7478d24056,1.7773440826030523e+18
b60b8918-719d-474c-bc87-7b7478d24056,1.7773440826363953e+18
b60b8918-719d-474c-bc87-7b7478d24056,1.7773440826697375e+18
b60b8918-719d-474c-bc87-7b7478d24056,1.7773440827030804e+18
b60b8918-719d-474c-bc87-7b7478d24056,1.7773440827364224e+18
b60b8918-719d-474c-bc87-7b7478d24056,1.7773440827697654e+18
b60b8918-719d-474c-bc87-7b7478d24056,1.7773440828031073e+18
b60b8918-719d-474c-bc87-7b7478d24056,1.7773440828364503e+18
b60b8918-719d-474c-bc87-7b7478d24056,1.7773440828697923e+18
b60b8918-719d-474c-bc87-7b7478d24056,1.7773440829031352e+18
b60b8918-719d-474c-bc87-7b7478d24056,1.7773440829364774e+18
b60b8918-719d-474c-bc87-7b7478d24056,1.7773440829698194e+18
b60b8918-719d-474c-bc87-7b7478d24056,1.7773440830031624e+18
b60b8918-719d-474c-bc87-7b7478d24056,1.7773440830365043e+18
b60b8918-719d-474c-bc87-7b7478d24056,1.7773440830698473e+18
b60b8918-719d-474c-bc87-7b7478d24056,1.7773440831031892e+18
b60b8918-719d-474c-bc87-7b7478d24056,1.7773440831365322e+18
b60b8918-719d-474c-bc87-7b7478d24056,1.7773440831698744e+18
b60b8918-719d-474c-bc87-7b7478d24056,1.7773440832032174e+18
b60b8918-719d-474c-bc87-7b7478d24056,1.7773440832365594e+18
b60b8918-719d-474c-bc87-7b7478d24056,1.7773440832699013e+18
b60b8918-719d-474c-bc87-7b7478d24056,1.7773440833032443e+18
b60b8918-719d-474c-bc87-7b7478d24056,1.7773440833365862e+18
b60b8918-719d-474c-bc87-7b7478d24056,1.7773440833699295e+18
b60b8918-719d-474c-bc87-7b7478d24056,1.7773440834032714e+18
b60b8918-719d-474c-bc87-7b7478d24056,1.7773440834366144e+18
b60b8918-719d-474c-bc87-7b7478d24056,1.7773440834699564e+18
b60b8918-719d-474c-bc87-7b7478d24056,1.7773440835032993e+18
b60b8918-719d-474c-bc87-7b7478d24056,1.7773440835366413e+18
b60b8918-719d-474c-bc87-7b7478d24056,1.7773440835699832e+18
b60b8918-719d-474c-bc87-7b7478d24056,1.7773440836033265e+18
b60b8918-719d-474c-bc87-7b7478d24056,1.7773440836366684e+18
b60b8918-719d-474c-bc87-7b7478d24056,1.7773440836700114e+18
b60b8918-719d-474c-bc87-7b7478d24056,1.7773440837033533e+18
b60b8918-719d-474c-bc87-7b7478d24056,1.7773440837366963e+18
b60b8918-719d-474c-bc87-7b7478d24056,1.7773440837700383e+18
b60b8918-719d-474c-bc87-7b7478d24056,1.7773440838033812e+18
b60b8918-719d-474c-bc87-7b7478d24056,1.7773440838367235e+18
b60b8918-719d-474c-bc87-7b7478d24056,1.7773440838700654e+18
b60b8918-719d-474c-bc87-7b7478d24056,1.7773440839034084e+18
b60b8918-719d-474c-bc87-7b7478d24056,1.7773440839367503e+18
b60b8918-719d-474c-bc87-7b7478d24056,1.7773440839700933e+18
b60b8918-719d-474c-bc87-7b7478d24056,1.7773440840034353e+18
b60b8918-719d-474c-bc87-7b7478d24056,1.7773440840367782e+18
b60b8918-719d-474c-bc87-7b7478d24056,1.7773440840701204e+18
b60b8918-719d-474c-bc87-7b7478d24056,1.7773440841034634e+18
b60b8918-719d-474c-bc87-7b7478d24056,1.7773440841368054e+18
b60b8918-719d-474c-bc87-7b7478d24056,1.7773440841701484e+18
b60b8918-719d-474c-bc87-7b7478d24056,1.7773440842034903e+18
b60b8918-719d-474c-bc87-7b7478d24056,1.7773440842368323e+18
b60b8918-719d-474c-bc87-7b7478d24056,1.7773440842701752e+18
b60b8918-719d-474c-bc87-7b7478d24056,1.7773440843035174e+18
b60b8918-719d-474c-bc87-7b7478d24056,1.7773440843368604e+18
b60b8918-719d-474c-bc87-7b7478d24056,1.7773440843702024e+18
b60b8918-719d-474c-bc87-7b7478d24056,1.7773440844035453e+18
b60b8918-719d-474c-bc87-7b7478d24056,1.7773440844368873e+18
b60b8918-719d-474c-bc87-7b7478d24056,1.7773440844702292e+18
b60b8918-719d-474c-bc87-7b7478d24056,1.7773440845035722e+18
b60b8918-719d-474c-bc87-7b7478d24056,1.7773440845369144e+18
b60b8918-719d-474c-bc87-7b7478d24056,1.7773440845702574e+18
b60b8918-719d-474c-bc87-7b7478d24056,1.7773440846035994e+18
b60b8918-719d-474c-bc87-7b7478d24056,1.7773440846369423e+18
b60b8918-719d-474c-bc87-7b7478d24056,1.7773440846702843e+18
b60b8918-719d-474c-bc87-7b7478d24056,1.7773440847036273e+18
b60b8918-719d-474c-bc87-7b7478d24056,1.7773440847369695e+18
b60b8918-719d-474c-bc87-7b7478d24056,1.7773440847703124e+18
b60b8918-719d-474c-bc87-7b7478d24056,1.7773440848036544e+18
b60b8918-719d-474c-bc87-7b7478d24056,1.7773440848369964e+18
b60b8918-719d-474c-bc87-7b7478d24056,1.7773440848703393e+18
b60b8918-719d-474c-bc87-7b7478d24056,1.7773440849036813e+18
b60b8918-719d-474c-bc87-7b7478d24056,1.7773440849370243e+18
b60b8918-719d-474c-bc87-7b7478d24056,1.7773440849703665e+18
b60b8918-719d-474c-bc87-7b7478d24056,1.7773440850037094e+18
b60b8918-719d-474c-bc87-7b7478d24056,1.7773440850370514e+18
b60b8918-719d-474c-bc87-7b7478d24056,1.7773440850703944e+18
b60b8918-719d-474c-bc87-7b7478d24056,1.7773440851037363e+18
b60b8918-719d-474c-bc87-7b7478d24056,1.7773440851370783e+18
b60b8918-719d-474c-bc87-7b7478d24056,1.7773440851704212e+18
b60b8918-719d-474c-bc87-7b7478d24056,1.7773440852037635e+18
b60b8918-719d-474c-bc87-7b7478d24056,1.7773440852371064e+18
b60b8918-719d-474c-bc87-7b7478d24056,1.7773440852704484e+18
b60b8918-719d-474c-bc87-7b7478d24056,1.7773440853037914e+18
b60b8918-719d-474c-bc87-7b7478d24056,1.7773440853371333e+18
b60b8918-719d-474c-bc87-7b7478d24056,1.7773440853704763e+18
b60b8918-719d-474c-bc87-7b7478d24056,1.7773440854038182e+18
b60b8918-719d-474c-bc87-7b7478d24056,1.7773440854371604e+18
b60b8918-719d-474c-bc87-7b7478d24056,1.7773440854705034e+18
b60b8918-719d-474c-bc87-7b7478d24056,1.7773440855038454e+18
b60b8918-719d-474c-bc87-7b7478d24056,1.7773440855371884e+18
b60b8918-719d-474c-bc87-7b7478d24056,1.7773440855705303e+18
b60b8918-719d-474c-bc87-7b7478d24056,1.7773440856038733e+18
b60b8918-719d-474c-bc87-7b7478d24056,1.7773440856372152e+18
b60b8918-719d-474c-bc87-7b7478d24056,1.7773440856705585e+18
b60b8918-719d-474c-bc87-7b7478d24056,1.7773440857039004e+18
b60b8918-719d-474c-bc87-7b7478d24056,1.7773440857372424e+18
b60b8918-719d-474c-bc87-7b7478d24056,1.7773440857705853e+18
b60b8918-719d-474c-bc87-7b7478d24056,1.7773440858039273e+18
b60b8918-719d-474c-bc87-7b7478d24056,1.7773440858372703e+18
b60b8918-719d-474c-bc87-7b7478d24056,1.7773440858706122e+18
b60b8918-719d-474c-bc87-7b7478d24056,1.7773440859039555e+18
b60b8918-719d-474c-bc87-7b7478d24056,1.7773440859372974e+18
b60b8918-719d-474c-bc87-7b7478d24056,1.7773440859706404e+18
b60b8918-719d-474c-bc87-7b7478d24056,1.7773440860039823e+18
b60b8918-719d-474c-bc87-7b7478d24056,1.7773440860373253e+18
b60b8918-719d-474c-bc87-7b7478d24056,1.7773440860706673e+18
b60b8918-719d-474c-bc87-7b7478d24056,1.7773440861040095e+18
b60b8918-719d-474c-bc87-7b7478d24056,1.7773440861373524e+18
b60b8918-719d-474c-bc87-7b7478d24056,1.7773440861706944e+18
b60b8918-719d-474c-bc87-7b7478d24056,1.7773440862040374e+18
b60b8918-719d-474c-bc87-7b7478d24056,1.7773440862373793e+18
b60b8918-719d-474c-bc87-7b7478d24056,1.7773440862707223e+18
b60b8918-719d-474c-bc87-7b7478d24056,1.7773440863040643e+18
b60b8918-719d-474c-bc87-7b7478d24056,1.7773440863374065e+18
b60b8918-719d-474c-bc87-7b7478d24056,1.7773440863707494e+18
b60b8918-719d-474c-bc87-7b7478d24056,1.7773440864040914e+18
b60b8918-719d-474c-bc87-7b7478d24056,1.7773440864374344e+18
b60b8918-719d-474c-bc87-7b7478d24056,1.7773440864707763e+18
b60b8918-719d-474c-bc87-7b7478d24056,1.7773440865041193e+18
b60b8918-719d-474c-bc87-7b7478d24056,1.7773440865374612e+18
b60b8918-719d-474c-bc87-7b7478d24056,1.7773440865708042e+18
b60b8918-719d-474c-bc87-7b7478d24056,1.7773440866041464e+18
b60b8918-719d-474c-bc87-7b7478d24056,1.7773440866374894e+18
b60b8918-719d-474c-bc87-7b7478d24056,1.7773440866708314e+18
b60b8918-719d-474c-bc87-7b7478d24056,1.7773440867041733e+18
b60b8918-719d-474c-bc87-7b7478d24056,1.7773440867375163e+18
b60b8918-719d-474c-bc87-7b7478d24056,1.7773440867708582e+18
b60b8918-719d-474c-bc87-7b7478d24056,1.7773440868042015e+18
b60b8918-719d-474c-bc87-7b7478d24056,1.7773440868375434e+18
b60b8918-719d-474c-bc87-7b7478d24056,1.7773440868708864e+18
b60b8918-719d-474c-bc87-7b7478d24056,1.7773440869042284e+18
b60b8918-719d-474c-bc87-7b7478d24056,1.7773440869375713e+18
b60b8918-719d-474c-bc87-7b7478d24056,1.7773440869709133e+18
b60b8918-719d-474c-bc87-7b7478d24056,1.7773440870042552e+18
b60b8918-719d-474c-bc87-7b7478d24056,1.7773440870375985e+18
b60b8918-719d-474c-bc87-7b7478d24056,1.7773440870709404e+18
b60b8918-719d-474c-bc87-7b7478d24056,1.7773440871042834e+18
b60b8918-719d-474c-bc87-7b7478d24056,1.7773440871376253e+18
b60b8918-719d-474c-bc87-7b7478d24056,1.7773440871709683e+18
b60b8918-719d-474c-bc87-7b7478d24056,1.7773440872043103e+18
b60b8918-719d-474c-bc87-7b7478d24056,1.7773440872376532e+18
b60b8918-719d-474c-bc87-7b7478d24056,1.7773440872709955e+18
b60b8918-719d-474c-bc87-7b7478d24056,1.7773440873043374e+18
b60b8918-719d-474c-bc87-7b7478d24056,1.7773440873376804e+18
b60b8918-719d-474c-bc87-7b7478d24056,1.7773440873710223e+18
b60b8918-719d-474c-bc87-7b7478d24056,1.7773440874043653e+18
b60b8918-719d-474c-bc87-7b7478d24056,1.7773440874377073e+18
b60b8918-719d-474c-bc87-7b7478d24056,1.7773440874710502e+18
b60b8918-719d-474c-bc87-7b7478d24056,1.7773440875043924e+18
b60b8918-719d-474c-bc87-7b7478d24056,1.7773440875377354e+18
b60b8918-719d-474c-bc87-7b7478d24056,1.7773440875710774e+18
b60b8918-719d-474c-bc87-7b7478d24056,1.7773440876044193e+18
b60b8918-719d-474c-bc87-7b7478d24056,1.7773440876377623e+18
b60b8918-719d-474c-bc87-7b7478d24056,1.7773440876711043e+18
b60b8918-719d-474c-bc87-7b7478d24056,1.7773440877044472e+18
b60b8918-719d-474c-bc87-7b7478d24056,1.7773440877377894e+18
b60b8918-719d-474c-bc87-7b7478d24056,1.7773440877711324e+18
b60b8918-719d-474c-bc87-7b7478d24056,1.7773440878044744e+18
b60b8918-719d-474c-bc87-7b7478d24056,1.7773440878378173e+18
b60b8918-719d-474c-bc87-7b7478d24056,1.7773440878711593e+18
b60b8918-719d-474c-bc87-7b7478d24056,1.7773440879045023e+18
b60b8918-719d-474c-bc87-7b7478d24056,1.7773440879378442e+18
b60b8918-719d-474c-bc87-7b7478d24056,1.7773440879711864e+18
b60b8918-719d-474c-bc87-7b7478d24056,1.7773440880045294e+18
b60b8918-719d-474c-bc87-7b7478d24056,1.7773440880378714e+18
b60b8918-719d-474c-bc87-7b7478d24056,1.7773440880712143e+18
b60b8918-719d-474c-bc87-7b7478d24056,1.7773440881045563e+18
b60b8918-719d-474c-bc87-7b7478d24056,1.7773440881378993e+18
b60b8918-719d-474c-bc87-7b7478d24056,1.7773440881712415e+18
b60b8918-719d-474c-bc87-7b7478d24056,1.7773440882045834e+18
b60b8918-719d-474c-bc87-7b7478d24056,1.7773440882379264e+18
b60b8918-719d-474c-bc87-7b7478d24056,1.7773440882712684e+18
b60b8918-719d-474c-bc87-7b7478d24056,1.7773440883046113e+18
b60b8918-719d-474c-bc87-7b7478d24056,1.7773440883379533e+18
b60b8918-719d-474c-bc87-7b7478d24056,1.7773440883712963e+18
b60b8918-719d-474c-bc87-7b7478d24056,1.7773440884046385e+18
b60b8918-719d-474c-bc87-7b7478d24056,1.7773440884379814e+18
b60b8918-719d-474c-bc87-7b7478d24056,1.7773440884713234e+18
b60b8918-719d-474c-bc87-7b7478d24056,1.7773440885046664e+18
b60b8918-719d-474c-bc87-7b7478d24056,1.7773440885380083e+18
b60b8918-719d-474c-bc87-7b7478d24056,1.7773440885713503e+18
b60b8918-719d-474c-bc87-7b7478d24056,1.7773440886046932e+18
b60b8918-719d-474c-bc87-7b7478d24056,1.7773440886380355e+18
b60b8918-719d-474c-bc87-7b7478d24056,1.7773440886713784e+18
b60b8918-719d-474c-bc87-7b7478d24056,1.7773440887047204e+18
b60b8918-719d-474c-bc87-7b7478d24056,1.7773440887380634e+18
b60b8918-719d-474c-bc87-7b7478d24056,1.7773440887714053e+18
b60b8918-719d-474c-bc87-7b7478d24056,1.7773440888047483e+18
b60b8918-719d-474c-bc87-7b7478d24056,1.7773440888380902e+18
b60b8918-719d-474c-bc87-7b7478d24056,1.7773440888714324e+18
b60b8918-719d-474c-bc87-7b7478d24056,1.7773440889047754e+18
b60b8918-719d-474c-bc87-7b7478d24056,1.7773440889381174e+18
b60b8918-719d-474c-bc87-7b7478d24056,1.7773440889714604e+18
b60b8918-719d-474c-bc87-7b7478d24056,1.7773440890048023e+18
b60b8918-719d-474c-bc87-7b7478d24056,1.7773440890381453e+18
b60b8918-719d-474c-bc87-7b7478d24056,1.7773440890714872e+18
b60b8918-719d-474c-bc87-7b7478d24056,1.7773440891048305e+18
b60b8918-719d-474c-bc87-7b7478d24056,1.7773440891381724e+18
b60b8918-719d-474c-bc87-7b7478d24056,1.7773440891715144e+18
b60b8918-719d-474c-bc87-7b7478d24056,1.7773440892048573e+18
b60b8918-719d-474c-bc87-7b7478d24056,1.7773440892381993e+18
b60b8918-719d-474c-bc87-7b7478d24056,1.7773440892715423e+18
b60b8918-719d-474c-bc87-7b7478d24056,1.7773440893048842e+18
b60b8918-719d-474c-bc87-7b7478d24056,1.7773440893382275e+18
b60b8918-719d-474c-bc87-7b7478d24056,1.7773440893715694e+18
b60b8918-719d-474c-bc87-7b7478d24056,1.7773440894049124e+18
b60b8918-719d-474c-bc87-7b7478d24056,1.7773440894382543e+18
b60b8918-719d-474c-bc87-7b7478d24056,1.7773440894715973e+18
b60b8918-719d-474c-bc87-7b7478d24056,1.7773440895049393e+18
b60b8918-719d-474c-bc87-7b7478d24056,1.7773440895382815e+18
b60b8918-719d-474c-bc87-7b7478d24056,1.7773440895716244e+18
b60b8918-719d-474c-bc87-7b7478d24056,1.7773440896049664e+18
b60b8918-719d-474c-bc87-7b7478d24056,1.7773440896383094e+18
b60b8918-719d-474c-bc87-7b7478d24056,1.7773440896716513e+18
b60b8918-719d-474c-bc87-7b7478d24056,1.7773440897049943e+18
b60b8918-719d-474c-bc87-7b7478d24056,1.7773440897383363e+18
b60b8918-719d-474c-bc87-7b7478d24056,1.7773440897716792e+18
b60b8918-719d-474c-bc87-7b7478d24056,1.7773440898050214e+18
b60b8918-719d-474c-bc87-7b7478d24056,1.7773440898383634e+18
b60b8918-719d-474c-bc87-7b7478d24056,1.7773440898717064e+18
b60b8918-719d-474c-bc87-7b7478d24056,1.7773440899050483e+18
b60b8918-719d-474c-bc87-7b7478d24056,1.7773440899383913e+18
b60b8918-719d-474c-bc87-7b7478d24056,1.7773440899717332e+18
b60b8918-719d-474c-bc87-7b7478d24056,1.7773440900050762e+18
b60b8918-719d-474c-bc87-7b7478d24056,1.7773440900384184e+18
b60b8918-719d-474c-bc87-7b7478d24056,1.7773440900717614e+18
b60b8918-719d-474c-bc87-7b7478d24056,1.7773440901051034e+18
b60b8918-719d-474c-bc87-7b7478d24056,1.7773440901384453e+18
b60b8918-719d-474c-bc87-7b7478d24056,1.7773440901717883e+18
b60b8918-719d-474c-bc87-7b7478d24056,1.7773440902051302e+18
b60b8918-719d-474c-bc87-7b7478d24056,1.7773440902384735e+18
b60b8918-719d-474c-bc87-7b7478d24056,1.7773440902718154e+18
b60b8918-719d-474c-bc87-7b7478d24056,1.7773440903051584e+18
b60b8918-719d-474c-bc87-7b7478d24056,1.7773440903385004e+18
b60b8918-719d-474c-bc87-7b7478d24056,1.7773440903718433e+18
b60b8918-719d-474c-bc87-7b7478d24056,1.7773440904051853e+18
b60b8918-719d-474c-bc87-7b7478d24056,1.7773440904385283e+18
b60b8918-719d-474c-bc87-7b7478d24056,1.7773440904718705e+18
b60b8918-719d-474c-bc87-7b7478d24056,1.7773440905052124e+18
b60b8918-719d-474c-bc87-7b7478d24056,1.7773440905385554e+18
b60b8918-719d-474c-bc87-7b7478d24056,1.7773440905718973e+18
b60b8918-719d-474c-bc87-7b7478d24056,1.7773440906052403e+18
b60b8918-719d-474c-bc87-7b7478d24056,1.7773440906385823e+18
b60b8918-719d-474c-bc87-7b7478d24056,1.7773440906719252e+18
b60b8918-719d-474c-bc87-7b7478d24056,1.7773440907052675e+18
b60b8918-719d-474c-bc87-7b7478d24056,1.7773440907386094e+18
b60b8918-719d-474c-bc87-7b7478d24056,1.7773440907719524e+18
b60b8918-719d-474c-bc87-7b7478d24056,1.7773440908052943e+18
b60b8918-719d-474c-bc87-7b7478d24056,1.7773440908386373e+18
b60b8918-719d-474c-bc87-7b7478d24056,1.7773440908719793e+18
b60b8918-719d-474c-bc87-7b7478d24056,1.7773440909053222e+18
b60b8918-719d-474c-bc87-7b7478d24056,1.7773440909386644e+18
b60b8918-719d-474c-bc87-7b7478d24056,1.7773440909720074e+18
b60b8918-719d-474c-bc87-7b7478d24056,1.7773440910053494e+18
b60b8918-719d-474c-bc87-7b7478d24056,1.7773440910386924e+18
b60b8918-719d-474c-bc87-7b7478d24056,1.7773440910720343e+18
b60b8918-719d-474c-bc87-7b7478d24056,1.7773440911053763e+18
b60b8918-719d-474c-bc87-7b7478d24056,1.7773440911387192e+18
b60b8918-719d-474c-bc87-7b7478d24056,1.7773440911720614e+18
b60b8918-719d-474c-bc87-7b7478d24056,1.7773440912054044e+18
b60b8918-719d-474c-bc87-7b7478d24056,1.7773440912387464e+18
b60b8918-719d-474c-bc87-7b7478d24056,1.7773440912720893e+18
b60b8918-719d-474c-bc87-7b7478d24056,1.7773440913054313e+18
b60b8918-719d-474c-bc87-7b7478d24056,1.7773440913387743e+18
b60b8918-719d-474c-bc87-7b7478d24056,1.7773440913721162e+18
b60b8918-719d-474c-bc87-7b7478d24056,1.7773440914054584e+18
b60b8918-719d-474c-bc87-7b7478d24056,1.7773440914388014e+18
b60b8918-719d-474c-bc87-7b7478d24056,1.7773440914721434e+18
b60b8918-719d-474c-bc87-7b7478d24056,1.7773440915054863e+18
b60b8918-719d-474c-bc87-7b7478d24056,1.7773440915388283e+18
b60b8918-719d-474c-bc87-7b7478d24056,1.7773440915721713e+18
b60b8918-719d-474c-bc87-7b7478d24056,1.7773440916055135e+18
b60b8918-719d-474c-bc87-7b7478d24056,1.7773440916388564e+18
b60b8918-719d-474c-bc87-7b7478d24056,1.7773440916721984e+18
b60b8918-719d-474c-bc87-7b7478d24056,1.7773440917055404e+18
b60b8918-719d-474c-bc87-7b7478d24056,1.7773440917388833e+18
b60b8918-719d-474c-bc87-7b7478d24056,1.7773440917722253e+18
b60b8918-719d-474c-bc87-7b7478d24056,1.7773440918055683e+18
b60b8918-719d-474c-bc87-7b7478d24056,1.7773440918389105e+18
b60b8918-719d-474c-bc87-7b7478d24056,1.7773440918722534e+18
b60b8918-719d-474c-bc87-7b7478d24056,1.7773440919055954e+18
b60b8918-719d-474c-bc87-7b7478d24056,1.7773440919389384e+18
b60b8918-719d-474c-bc87-7b7478d24056,1.7773440919722803e+18
b60b8918-719d-474c-bc87-7b7478d24056,1.7773440920056223e+18
b60b8918-719d-474c-bc87-7b7478d24056,1.7773440920389652e+18
b60b8918-719d-474c-bc87-7b7478d24056,1.7773440920723075e+18
b60b8918-719d-474c-bc87-7b7478d24056,1.7773440921056504e+18
b60b8918-719d-474c-bc87-7b7478d24056,1.7773440921389924e+18
b60b8918-719d-474c-bc87-7b7478d24056,1.7773440921723354e+18
b60b8918-719d-474c-bc87-7b7478d24056,1.7773440922056773e+18
b60b8918-719d-474c-bc87-7b7478d24056,1.7773440922390203e+18
b60b8918-719d-474c-bc87-7b7478d24056,1.7773440922723622e+18
b60b8918-719d-474c-bc87-7b7478d24056,1.7773440923057055e+18
b60b8918-719d-474c-bc87-7b7478d24056,1.7773440923390474e+18
b60b8918-719d-474c-bc87-7b7478d24056,1.7773440923723894e+18
b60b8918-719d-474c-bc87-7b7478d24056,1.7773440924057324e+18
b60b8918-719d-474c-bc87-7b7478d24056,1.7773440924390743e+18
b60b8918-719d-474c-bc87-7b7478d24056,1.7773440924724173e+18
b60b8918-719d-474c-bc87-7b7478d24056,1.7773440925057592e+18
b60b8918-719d-474c-bc87-7b7478d24056,1.7773440925391025e+18
b60b8918-719d-474c-bc87-7b7478d24056,1.7773440925724444e+18
b60b8918-719d-474c-bc87-7b7478d24056,1.7773440926057864e+18
b60b8918-719d-474c-bc87-7b7478d24056,1.7773440926391293e+18
b60b8918-719d-474c-bc87-7b7478d24056,1.7773440926724713e+18
b60b8918-719d-474c-bc87-7b7478d24056,1.7773440927058143e+18
b60b8918-719d-474c-bc87-7b7478d24056,1.7773440927391562e+18
b60b8918-719d-474c-bc87-7b7478d24056,1.7773440927724995e+18
b60b8918-719d-474c-bc87-7b7478d24056,1.7773440928058414e+18
b60b8918-719d-474c-bc87-7b7478d24056,1.7773440928391844e+18
b60b8918-719d-474c-bc87-7b7478d24056,1.7773440928725263e+18
b60b8918-719d-474c-bc87-7b7478d24056,1.7773440929058693e+18
b60b8918-719d-474c-bc87-7b7478d24056,1.7773440929392113e+18
b60b8918-719d-474c-bc87-7b7478d24056,1.7773440929725535e+18
b60b8918-719d-474c-bc87-7b7478d24056,1.7773440930058964e+18
b60b8918-719d-474c-bc87-7b7478d24056,1.7773440930392384e+18
b60b8918-719d-474c-bc87-7b7478d24056,1.7773440930725814e+18
b60b8918-719d-474c-bc87-7b7478d24056,1.7773440931059233e+18
b60b8918-719d-474c-bc87-7b7478d24056,1.7773440931392663e+18
b60b8918-719d-474c-bc87-7b7478d24056,1.7773440931726083e+18
b60b8918-719d-474c-bc87-7b7478d24056,1.7773440932059512e+18
b60b8918-719d-474c-bc87-7b7478d24056,1.7773440932392934e+18
b60b8918-719d-474c-bc87-7b7478d24056,1.7773440932726354e+18
b60b8918-719d-474c-bc87-7b7478d24056,1.7773440933059784e+18
b60b8918-719d-474c-bc87-7b7478d24056,1.7773440933393203e+18
b60b8918-719d-474c-bc87-7b7478d24056,1.7773440933726633e+18
b60b8918-719d-474c-bc87-7b7478d24056,1.7773440934060052e+18
b60b8918-719d-474c-bc87-7b7478d24056,1.7773440934393482e+18
b60b8918-719d-474c-bc87-7b7478d24056,1.7773440934726904e+18
b60b8918-719d-474c-bc87-7b7478d24056,1.7773440935060334e+18
b60b8918-719d-474c-bc87-7b7478d24056,1.7773440935393754e+18
b60b8918-719d-474c-bc87-7b7478d24056,1.7773440935727173e+18
b60b8918-719d-474c-bc87-7b7478d24056,1.7773440936060603e+18
b60b8918-719d-474c-bc87-7b7478d24056,1.7773440936394022e+18
b60b8918-719d-474c-bc87-7b7478d24056,1.7773440936727455e+18
b60b8918-719d-474c-bc87-7b7478d24056,1.7773440937060874e+18
b60b8918-719d-474c-bc87-7b7478d24056,1.7773440937394304e+18
b60b8918-719d-474c-bc87-7b7478d24056,1.7773440937727724e+18
b60b8918-719d-474c-bc87-7b7478d24056,1.7773440938061153e+18
b60b8918-719d-474c-bc87-7b7478d24056,1.7773440938394573e+18
b60b8918-719d-474c-bc87-7b7478d24056,1.7773440938727992e+18
b60b8918-719d-474c-bc87-7b7478d24056,1.7773440939061425e+18
b60b8918-719d-474c-bc87-7b7478d24056,1.7773440939394844e+18
b60b8918-719d-474c-bc87-7b7478d24056,1.7773440939728274e+18
b60b8918-719d-474c-bc87-7b7478d24056,1.7773440940061693e+18
b60b8918-719d-474c-bc87-7b7478d24056,1.7773440940395123e+18
b60b8918-719d-474c-bc87-7b7478d24056,1.7773440940728543e+18
b60b8918-719d-474c-bc87-7b7478d24056,1.7773440941061972e+18
b60b8918-719d-474c-bc87-7b7478d24056,1.7773440941395395e+18
b60b8918-719d-474c-bc87-7b7478d24056,1.7773440941728824e+18
b60b8918-719d-474c-bc87-7b7478d24056,1.7773440942062244e+18
b60b8918-719d-474c-bc87-7b7478d24056,1.7773440942395663e+18
b60b8918-719d-474c-bc87-7b7478d24056,1.7773440942729093e+18
b60b8918-719d-474c-bc87-7b7478d24056,1.7773440943062513e+18
b60b8918-719d-474c-bc87-7b7478d24056,1.7773440943395942e+18
b60b8918-719d-474c-bc87-7b7478d24056,1.7773440943729364e+18
b60b8918-719d-474c-bc87-7b7478d24056,1.7773440944062794e+18
b60b8918-719d-474c-bc87-7b7478d24056,1.7773440944396214e+18
b60b8918-719d-474c-bc87-7b7478d24056,1.7773440944729633e+18
b60b8918-719d-474c-bc87-7b7478d24056,1.7773440945063063e+18
b60b8918-719d-474c-bc87-7b7478d24056,1.7773440945396483e+18
b60b8918-719d-474c-bc87-7b7478d24056,1.7773440945729912e+18
b60b8918-719d-474c-bc87-7b7478d24056,1.7773440946063334e+18
b60b8918-719d-474c-bc87-7b7478d24056,1.7773440946396764e+18
b60b8918-719d-474c-bc87-7b7478d24056,1.7773440946730184e+18
b60b8918-719d-474c-bc87-7b7478d24056,1.7773440947063613e+18
b60b8918-719d-474c-bc87-7b7478d24056,1.7773440947397033e+18
b60b8918-719d-474c-bc87-7b7478d24056,1.7773440947730463e+18
b60b8918-719d-474c-bc87-7b7478d24056,1.7773440948063882e+18
b60b8918-719d-474c-bc87-7b7478d24056,1.7773440948397304e+18
b60b8918-719d-474c-bc87-7b7478d24056,1.7773440948730734e+18
b60b8918-719d-474c-bc87-7b7478d24056,1.7773440949064154e+18
b60b8918-719d-474c-bc87-7b7478d24056,1.7773440949397583e+18
b60b8918-719d-474c-bc87-7b7478d24056,1.7773440949731003e+18
b60b8918-719d-474c-bc87-7b7478d24056,1.7773440950064433e+18
b60b8918-719d-474c-bc87-7b7478d24056,1.7773440950397855e+18
b60b8918-719d-474c-bc87-7b7478d24056,1.7773440950731284e+18
b60b8918-719d-474c-bc87-7b7478d24056,1.7773440951064704e+18
b60b8918-719d-474c-bc87-7b7478d24056,1.7773440951398124e+18
b60b8918-719d-474c-bc87-7b7478d24056,1.7773440951731553e+18
b60b8918-719d-474c-bc87-7b7478d24056,1.7773440952064973e+18
b60b8918-719d-474c-bc87-7b7478d24056,1.7773440952398403e+18
b60b8918-719d-474c-bc87-7b7478d24056,1.7773440952731825e+18
b60b8918-719d-474c-bc87-7b7478d24056,1.7773440953065254e+18
b60b8918-719d-474c-bc87-7b7478d24056,1.7773440953398674e+18
b60b8918-719d-474c-bc87-7b7478d24056,1.7773440953732104e+18
b60b8918-719d-474c-bc87-7b7478d24056,1.7773440954065523e+18
b60b8918-719d-474c-bc87-7b7478d24056,1.7773440954398943e+18
b60b8918-719d-474c-bc87-7b7478d24056,1.7773440954732372e+18
b60b8918-719d-474c-bc87-7b7478d24056,1.7773440955065795e+18
b60b8918-719d-474c-bc87-7b7478d24056,1.7773440955399224e+18
b60b8918-719d-474c-bc87-7b7478d24056,1.7773440955732644e+18
b60b8918-719d-474c-bc87-7b7478d24056,1.7773440956066074e+18
b60b8918-719d-474c-bc87-7b7478d24056,1.7773440956399493e+18
b60b8918-719d-474c-bc87-7b7478d24056,1.7773440956732923e+18
b60b8918-719d-474c-bc87-7b7478d24056,1.7773440957066342e+18
b60b8918-719d-474c-bc87-7b7478d24056,1.7773440957399764e+18
b60b8918-719d-474c-bc87-7b7478d24056,1.7773440957733194e+18
b60b8918-719d-474c-bc87-7b7478d24056,1.7773440958066614e+18
b60b8918-719d-474c-bc87-7b7478d24056,1.7773440958400044e+18
b60b8918-719d-474c-bc87-7b7478d24056,1.7773440958733463e+18
b60b8918-719d-474c-bc87-7b7478d24056,1.7773440959066893e+18
b60b8918-719d-474c-bc87-7b7478d24056,1.7773440959400312e+18
b60b8918-719d-474c-bc87-7b7478d24056,1.7773440959733745e+18
b60b8918-719d-474c-bc87-7b7478d24056,1.7773440960067164e+18
b60b8918-719d-474c-bc87-7b7478d24056,1.7773440960400594e+18
b60b8918-719d-474c-bc87-7b7478d24056,1.7773440960734013e+18
b60b8918-719d-474c-bc87-7b7478d24056,1.7773440961067433e+18
b60b8918-719d-474c-bc87-7b7478d24056,1.7773440961400863e+18
b60b8918-719d-474c-bc87-7b7478d24056,1.7773440961734282e+18
b60b8918-719d-474c-bc87-7b7478d24056,1.7773440962067715e+18
b60b8918-719d-474c-bc87-7b7478d24056,1.7773440962401134e+18
b60b8918-719d-474c-bc87-7b7478d24056,1.7773440962734564e+18
b60b8918-719d-474c-bc87-7b7478d24056,1.7773440963067983e+18
b60b8918-719d-474c-bc87-7b7478d24056,1.7773440963401403e+18
b60b8918-719d-474c-bc87-7b7478d24056,1.7773440963734833e+18
b60b8918-719d-474c-bc87-7b7478d24056,1.7773440964068255e+18
b60b8918-719d-474c-bc87-7b7478d24056,1.7773440964401684e+18
b60b8918-719d-474c-bc87-7b7478d24056,1.7773440964735104e+18
b60b8918-719d-474c-bc87-7b7478d24056,1.7773440965068534e+18
b60b8918-719d-474c-bc87-7b7478d24056,1.7773440965401953e+18
b60b8918-719d-474c-bc87-7b7478d24056,1.7773440965735383e+18
b60b8918-719d-474c-bc87-7b7478d24056,1.7773440966068803e+18
b60b8918-719d-474c-bc87-7b7478d24056,1.7773440966402232e+18
b60b8918-719d-474c-bc87-7b7478d24056,1.7773440966735654e+18
b60b8918-719d-474c-bc87-7b7478d24056,1.7773440967069074e+18
b60b8918-719d-474c-bc87-7b7478d24056,1.7773440967402504e+18
b60b8918-719d-474c-bc87-7b7478d24056,1.7773440967735923e+18
b60b8918-719d-474c-bc87-7b7478d24056,1.7773440968069353e+18
b60b8918-719d-474c-bc87-7b7478d24056,1.7773440968402772e+18
b60b8918-719d-474c-bc87-7b7478d24056,1.7773440968736202e+18
b60b8918-719d-474c-bc87-7b7478d24056,1.7773440969069624e+18
b60b8918-719d-474c-bc87-7b7478d24056,1.7773440969403054e+18
b60b8918-719d-474c-bc87-7b7478d24056,1.7773440969736474e+18
b60b8918-719d-474c-bc87-7b7478d24056,1.7773440970069893e+18
b60b8918-719d-474c-bc87-7b7478d24056,1.7773440970403323e+18
b60b8918-719d-474c-bc87-7b7478d24056,1.7773440970736742e+18
b60b8918-719d-474c-bc87-7b7478d24056,1.7773440971070175e+18
b60b8918-719d-474c-bc87-7b7478d24056,1.7773440971403594e+18
b60b8918-719d-474c-bc87-7b7478d24056,1.7773440971737024e+18
b60b8918-719d-474c-bc87-7b7478d24056,1.7773440972070444e+18
b60b8918-719d-474c-bc87-7b7478d24056,1.7773440972403873e+18
b60b8918-719d-474c-bc87-7b7478d24056,1.7773440972737293e+18
b60b8918-719d-474c-bc87-7b7478d24056,1.7773440973070712e+18
b60b8918-719d-474c-bc87-7b7478d24056,1.7773440973404145e+18
b60b8918-719d-474c-bc87-7b7478d24056,1.7773440973737564e+18
b60b8918-719d-474c-bc87-7b7478d24056,1.7773440974070994e+18
b60b8918-719d-474c-bc87-7b7478d24056,1.7773440974404413e+18
b60b8918-719d-474c-bc87-7b7478d24056,1.7773440974737843e+18
b60b8918-719d-474c-bc87-7b7478d24056,1.7773440975071263e+18
b60b8918-719d-474c-bc87-7b7478d24056,1.7773440975404692e+18
b60b8918-719d-474c-bc87-7b7478d24056,1.7773440975738115e+18
b60b8918-719d-474c-bc87-7b7478d24056,1.7773440976071534e+18
b60b8918-719d-474c-bc87-7b7478d24056,1.7773440976404964e+18
b60b8918-719d-474c-bc87-7b7478d24056,1.7773440976738383e+18
b60b8918-719d-474c-bc87-7b7478d24056,1.7773440977071813e+18
b60b8918-719d-474c-bc87-7b7478d24056,1.7773440977405233e+18
b60b8918-719d-474c-bc87-7b7478d24056,1.7773440977738662e+18
b60b8918-719d-474c-bc87-7b7478d24056,1.7773440978072084e+18
b60b8918-719d-474c-bc87-7b7478d24056,1.7773440978405514e+18
b60b8918-719d-474c-bc87-7b7478d24056,1.7773440978738934e+18
b60b8918-719d-474c-bc87-7b7478d24056,1.7773440979072364e+18
b60b8918-719d-474c-bc87-7b7478d24056,1.7773440979405783e+18
b60b8918-719d-474c-bc87-7b7478d24056,1.7773440979739203e+18
b60b8918-719d-474c-bc87-7b7478d24056,1.7773440980072632e+18
b60b8918-719d-474c-bc87-7b7478d24056,1.7773440980406054e+18
b60b8918-719d-474c-bc87-7b7478d24056,1.7773440980739484e+18
b60b8918-719d-474c-bc87-7b7478d24056,1.7773440981072904e+18
b60b8918-719d-474c-bc87-7b7478d24056,1.7773440981406333e+18
b60b8918-719d-474c-bc87-7b7478d24056,1.7773440981739753e+18
b60b8918-719d-474c-bc87-7b7478d24056,1.7773440982073172e+18
b60b8918-719d-474c-bc87-7b7478d24056,1.7773440982406602e+18
b60b8918-719d-474c-bc87-7b7478d24056,1.7773440982740024e+18
b60b8918-719d-474c-bc87-7b7478d24056,1.7773440983073454e+18
b60b8918-719d-474c-bc87-7b7478d24056,1.7773440983406874e+18
b60b8918-719d-474c-bc87-7b7478d24056,1.7773440983740303e+18
b60b8918-719d-474c-bc87-7b7478d24056,1.7773440984073723e+18
b60b8918-719d-474c-bc87-7b7478d24056,1.7773440984407153e+18
b60b8918-719d-474c-bc87-7b7478d24056,1.7773440984740575e+18
b60b8918-719d-474c-bc87-7b7478d24056,1.7773440985074004e+18
b60b8918-719d-474c-bc87-7b7478d24056,1.7773440985407424e+18
b60b8918-719d-474c-bc87-7b7478d24056,1.7773440985740844e+18
b60b8918-719d-474c-bc87-7b7478d24056,1.7773440986074273e+18
b60b8918-719d-474c-bc87-7b7478d24056,1.7773440986407693e+18
b60b8918-719d-474c-bc87-7b7478d24056,1.7773440986741123e+18
b60b8918-719d-474c-bc87-7b7478d24056,1.7773440987074545e+18
b60b8918-719d-474c-bc87-7b7478d24056,1.7773440987407974e+18
b60b8918-719d-474c-bc87-7b7478d24056,1.7773440987741394e+18
b60b8918-719d-474c-bc87-7b7478d24056,1.7773440988074824e+18
b60b8918-719d-474c-bc87-7b7478d24056,1.7773440988408243e+18
b60b8918-719d-474c-bc87-7b7478d24056,1.7773440988741663e+18
b60b8918-719d-474c-bc87-7b7478d24056,1.7773440989075092e+18
b60b8918-719d-474c-bc87-7b7478d24056,1.7773440989408515e+18
b60b8918-719d-474c-bc87-7b7478d24056,1.7773440989741944e+18
b60b8918-719d-474c-bc87-7b7478d24056,1.7773440990075364e+18
b60b8918-719d-474c-bc87-7b7478d24056,1.7773440990408794e+18
b60b8918-719d-474c-bc87-7b7478d24056,1.7773440990742213e+18
b60b8918-719d-474c-bc87-7b7478d24056,1.7773440991075643e+18
b60b8918-719d-474c-bc87-7b7478d24056,1.7773440991409062e+18
b60b8918-719d-474c-bc87-7b7478d24056,1.7773440991742484e+18
b60b8918-719d-474c-bc87-7b7478d24056,1.7773440992075914e+18
b60b8918-719d-474c-bc87-7b7478d24056,1.7773440992409334e+18
b60b8918-719d-474c-bc87-7b7478d24056,1.7773440992742764e+18
b60b8918-719d-474c-bc87-7b7478d24056,1.7773440993076183e+18
b60b8918-719d-474c-bc87-7b7478d24056,1.7773440993409613e+18
b60b8918-719d-474c-bc87-7b7478d24056,1.7773440993743032e+18
b60b8918-719d-474c-bc87-7b7478d24056,1.7773440994076465e+18
b60b8918-719d-474c-bc87-7b7478d24056,1.7773440994409884e+18
b60b8918-719d-474c-bc87-7b7478d24056,1.7773440994743304e+18
b60b8918-719d-474c-bc87-7b7478d24056,1.7773440995076733e+18
b60b8918-719d-474c-bc87-7b7478d24056,1.7773440995410153e+18
b60b8918-719d-474c-bc87-7b7478d24056,1.7773440995743583e+18
b60b8918-719d-474c-bc87-7b7478d24056,1.7773440996077002e+18
b60b8918-719d-474c-bc87-7b7478d24056,1.7773440996410435e+18
b60b8918-719d-474c-bc87-7b7478d24056,1.7773440996743854e+18
b60b8918-719d-474c-bc87-7b7478d24056,1.7773440997077284e+18
b60b8918-719d-474c-bc87-7b7478d24056,1.7773440997410703e+18
b60b8918-719d-474c-bc87-7b7478d24056,1.7773440997744133e+18
b60b8918-719d-474c-bc87-7b7478d24056,1.7773440998077553e+18
b60b8918-719d-474c-bc87-7b7478d24056,1.7773440998410975e+18
b60b8918-719d-474c-bc87-7b7478d24056,1.7773440998744404e+18
b60b8918-719d-474c-bc87-7b7478d24056,1.7773440999077824e+18
b60b8918-719d-474c-bc87-7b7478d24056,1.7773440999411254e+18
b60b8918-719d-474c-bc87-7b7478d24056,1.7773440999744673e+18
b60b8918-719d-474c-bc87-7b7478d24056,1.7773441000078103e+18
b60b8918-719d-474c-bc87-7b7478d24056,1.7773441000411523e+18
b60b8918-719d-474c-bc87-7b7478d24056,1.7773441000744945e+18
b60b8918-719d-474c-bc87-7b7478d24056,1.7773441001078374e+18
b60b8918-719d-474c-bc87-7b7478d24056,1.7773441001411794e+18
b60b8918-719d-474c-bc87-7b7478d24056,1.7773441001745224e+18
b60b8918-719d-474c-bc87-7b7478d24056,1.7773441002078643e+18
b60b8918-719d-474c-bc87-7b7478d24056,1.7773441002412073e+18
b60b8918-719d-474c-bc87-7b7478d24056,1.7773441002745492e+18
b60b8918-719d-474c-bc87-7b7478d24056,1.7773441003078922e+18
b60b8918-719d-474c-bc87-7b7478d24056,1.7773441003412344e+18
b60b8918-719d-474c-bc87-7b7478d24056,1.7773441003745774e+18
b60b8918-719d-474c-bc87-7b7478d24056,1.7773441004079194e+18
b60b8918-719d-474c-bc87-7b7478d24056,1.7773441004412613e+18
b60b8918-719d-474c-bc87-7b7478d24056,1.7773441004746043e+18
b60b8918-719d-474c-bc87-7b7478d24056,1.7773441005079462e+18
b60b8918-719d-474c-bc87-7b7478d24056,1.7773441005412895e+18
b60b8918-719d-474c-bc87-7b7478d24056,1.7773441005746314e+18
b60b8918-719d-474c-bc87-7b7478d24056,1.7773441006079744e+18
b60b8918-719d-474c-bc87-7b7478d24056,1.7773441006413164e+18
b60b8918-719d-474c-bc87-7b7478d24056,1.7773441006746593e+18
b60b8918-719d-474c-bc87-7b7478d24056,1.7773441007080013e+18
b60b8918-719d-474c-bc87-7b7478d24056,1.7773441007413432e+18
b60b8918-719d-474c-bc87-7b7478d24056,1.7773441007746865e+18
b60b8918-719d-474c-bc87-7b7478d24056,1.7773441008080284e+18
b60b8918-719d-474c-bc87-7b7478d24056,1.7773441008413714e+18
b60b8918-719d-474c-bc87-7b7478d24056,1.7773441008747133e+18
b60b8918-719d-474c-bc87-7b7478d24056,1.7773441009080563e+18
b60b8918-719d-474c-bc87-7b7478d24056,1.7773441009413983e+18
b60b8918-719d-474c-bc87-7b7478d24056,1.7773441009747412e+18
b60b8918-719d-474c-bc87-7b7478d24056,1.7773441010080835e+18
b60b8918-719d-474c-bc87-7b7478d24056,1.7773441010414254e+18
b60b8918-719d-474c-bc87-7b7478d24056,1.7773441010747684e+18
b60b8918-719d-474c-bc87-7b7478d24056,1.7773441011081103e+18
b60b8918-719d-474c-bc87-7b7478d24056,1.7773441011414533e+18
b60b8918-719d-474c-bc87-7b7478d24056,1.7773441011747953e+18
b60b8918-719d-474c-bc87-7b7478d24056,1.7773441012081382e+18
b60b8918-719d-474c-bc87-7b7478d24056,1.7773441012414804e+18
b60b8918-719d-474c-bc87-7b7478d24056,1.7773441012748234e+18
b60b8918-719d-474c-bc87-7b7478d24056,1.7773441013081654e+18
b60b8918-719d-474c-bc87-7b7478d24056,1.7773441013415073e+18
b60b8918-719d-474c-bc87-7b7478d24056,1.7773441013748503e+18
b60b8918-719d-474c-bc87-7b7478d24056,1.7773441014081923e+18
b60b8918-719d-474c-bc87-7b7478d24056,1.7773441014415352e+18
b60b8918-719d-474c-bc87-7b7478d24056,1.7773441014748774e+18
b60b8918-719d-474c-bc87-7b7478d24056,1.7773441015082204e+18
b60b8918-719d-474c-bc87-7b7478d24056,1.7773441015415624e+18
b60b8918-719d-474c-bc87-7b7478d24056,1.7773441015749053e+18
b60b8918-719d-474c-bc87-7b7478d24056,1.7773441016082473e+18
b60b8918-719d-474c-bc87-7b7478d24056,1.7773441016415903e+18
b60b8918-719d-474c-bc87-7b7478d24056,1.7773441016749322e+18
b60b8918-719d-474c-bc87-7b7478d24056,1.7773441017082744e+18
b60b8918-719d-474c-bc87-7b7478d24056,1.7773441017416174e+18
b60b8918-719d-474c-bc87-7b7478d24056,1.7773441017749594e+18
b60b8918-719d-474c-bc87-7b7478d24056,1.7773441018083023e+18
b60b8918-719d-474c-bc87-7b7478d24056,1.7773441018416443e+18
b60b8918-719d-474c-bc87-7b7478d24056,1.7773441018749873e+18
b60b8918-719d-474c-bc87-7b7478d24056,1.7773441019083295e+18
b60b8918-719d-474c-bc87-7b7478d24056,1.7773441019416714e+18
b60b8918-719d-474c-bc87-7b7478d24056,1.7773441019750144e+18
b60b8918-719d-474c-bc87-7b7478d24056,1.7773441020083564e+18
b60b8918-719d-474c-bc87-7b7478d24056,1.7773441020416993e+18
b60b8918-719d-474c-bc87-7b7478d24056,1.7773441020750413e+18
b60b8918-719d-474c-bc87-7b7478d24056,1.7773441021083843e+18
b60b8918-719d-474c-bc87-7b7478d24056,1.7773441021417265e+18
b60b8918-719d-474c-bc87-7b7478d24056,1.7773441021750694e+18
b60b8918-719d-474c-bc87-7b7478d24056,1.7773441022084114e+18
b60b8918-719d-474c-bc87-7b7478d24056,1.7773441022417544e+18
b60b8918-719d-474c-bc87-7b7478d24056,1.7773441022750963e+18
b60b8918-719d-474c-bc87-7b7478d24056,1.7773441023084383e+18
b60b8918-719d-474c-bc87-7b7478d24056,1.7773441023417812e+18
b60b8918-719d-474c-bc87-7b7478d24056,1.7773441023751235e+18
b60b8918-719d-474c-bc87-7b7478d24056,1.7773441024084664e+18
b60b8918-719d-474c-bc87-7b7478d24056,1.7773441024418084e+18
b60b8918-719d-474c-bc87-7b7478d24056,1.7773441024751514e+18
b60b8918-719d-474c-bc87-7b7478d24056,1.7773441025084933e+18
b60b8918-719d-474c-bc87-7b7478d24056,1.7773441025418363e+18
b60b8918-719d-474c-bc87-7b7478d24056,1.7773441025751782e+18
b60b8918-719d-474c-bc87-7b7478d24056,1.7773441026085204e+18
b60b8918-719d-474c-bc87-7b7478d24056,1.7773441026418634e+18
b60b8918-719d-474c-bc87-7b7478d24056,1.7773441026752054e+18
b60b8918-719d-474c-bc87-7b7478d24056,1.7773441027085484e+18
b60b8918-719d-474c-bc87-7b7478d24056,1.7773441027418903e+18
b60b8918-719d-474c-bc87-7b7478d24056,1.7773441027752333e+18
b60b8918-719d-474c-bc87-7b7478d24056,1.7773441028085752e+18
b60b8918-719d-474c-bc87-7b7478d24056,1.7773441028419185e+18
b60b8918-719d-474c-bc87-7b7478d24056,1.7773441028752604e+18
b60b8918-719d-474c-bc87-7b7478d24056,1.7773441029086024e+18
b60b8918-719d-474c-bc87-7b7478d24056,1.7773441029419453e+18
b60b8918-719d-474c-bc87-7b7478d24056,1.7773441029752873e+18
b60b8918-719d-474c-bc87-7b7478d24056,1.7773441030086303e+18
b60b8918-719d-474c-bc87-7b7478d24056,1.7773441030419722e+18
b60b8918-719d-474c-bc87-7b7478d24056,1.7773441030753155e+18
b60b8918-719d-474c-bc87-7b7478d24056,1.7773441031086574e+18
b60b8918-719d-474c-bc87-7b7478d24056,1.7773441031420004e+18
b60b8918-719d-474c-bc87-7b7478d24056,1.7773441031753423e+18
b60b8918-719d-474c-bc87-7b7478d24056,1.7773441032086843e+18
b60b8918-719d-474c-bc87-7b7478d24056,1.7773441032420273e+18
b60b8918-719d-474c-bc87-7b7478d24056,1.7773441032753695e+18
b60b8918-719d-474c-bc87-7b7478d24056,1.7773441033087124e+18
b60b8918-719d-474c-bc87-7b7478d24056,1.7773441033420544e+18
b60b8918-719d-474c-bc87-7b7478d24056,1.7773441033753974e+18
b60b8918-719d-474c-bc87-7b7478d24056,1.7773441034087393e+18
b60b8918-719d-474c-bc87-7b7478d24056,1.7773441034420823e+18
b60b8918-719d-474c-bc87-7b7478d24056,1.7773441034754243e+18
b60b8918-719d-474c-bc87-7b7478d24056,1.7773441035087672e+18
b60b8918-719d-474c-bc87-7b7478d24056,1.7773441035421094e+18
b60b8918-719d-474c-bc87-7b7478d24056,1.7773441035754514e+18
b60b8918-719d-474c-bc87-7b7478d24056,1.7773441036087944e+18
b60b8918-719d-474c-bc87-7b7478d24056,1.7773441036421363e+18
b60b8918-719d-474c-bc87-7b7478d24056,1.7773441036754793e+18
b60b8918-719d-474c-bc87-7b7478d24056,1.7773441037088212e+18
b60b8918-719d-474c-bc87-7b7478d24056,1.7773441037421642e+18
b60b8918-719d-474c-bc87-7b7478d24056,1.7773441037755064e+18
b60b8918-719d-474c-bc87-7b7478d24056,1.7773441038088484e+18
b60b8918-719d-474c-bc87-7b7478d24056,1.7773441038421914e+18
b60b8918-719d-474c-bc87-7b7478d24056,1.7773441038755333e+18
b60b8918-719d-474c-bc87-7b7478d24056,1.7773441039088763e+18
b60b8918-719d-474c-bc87-7b7478d24056,1.7773441039422182e+18
b60b8918-719d-474c-bc87-7b7478d24056,1.7773441039755615e+18
b60b8918-719d-474c-bc87-7b7478d24056,1.7773441040089034e+18
b60b8918-719d-474c-bc87-7b7478d24056,1.7773441040422464e+18
b60b8918-719d-474c-bc87-7b7478d24056,1.7773441040755884e+18
b60b8918-719d-474c-bc87-7b7478d24056,1.7773441041089313e+18
b60b8918-719d-474c-bc87-7b7478d24056,1.7773441041422733e+18
b60b8918-719d-474c-bc87-7b7478d24056,1.7773441041756152e+18
b60b8918-719d-474c-bc87-7b7478d24056,1.7773441042089585e+18
b60b8918-719d-474c-bc87-7b7478d24056,1.7773441042423004e+18
b60b8918-719d-474c-bc87-7b7478d24056,1.7773441042756434e+18
b60b8918-719d-474c-bc87-7b7478d24056,1.7773441043089853e+18
b60b8918-719d-474c-bc87-7b7478d24056,1.7773441043423283e+18
b60b8918-719d-474c-bc87-7b7478d24056,1.7773441043756703e+18
b60b8918-719d-474c-bc87-7b7478d24056,1.7773441044090132e+18
b60b8918-719d-474c-bc87-7b7478d24056,1.7773441044423555e+18
b60b8918-719d-474c-bc87-7b7478d24056,1.7773441044756974e+18
b60b8918-719d-474c-bc87-7b7478d24056,1.7773441045090404e+18
b60b8918-719d-474c-bc87-7b7478d24056,1.7773441045423823e+18
b60b8918-719d-474c-bc87-7b7478d24056,1.7773441045757253e+18
b60b8918-719d-474c-bc87-7b7478d24056,1.7773441046090673e+18
b60b8918-719d-474c-bc87-7b7478d24056,1.7773441046424102e+18
b60b8918-719d-474c-bc87-7b7478d24056,1.7773441046757524e+18
b60b8918-719d-474c-bc87-7b7478d24056,1.7773441047090954e+18
b60b8918-719d-474c-bc87-7b7478d24056,1.7773441047424374e+18
b60b8918-719d-474c-bc87-7b7478d24056,1.7773441047757793e+18
b60b8918-719d-474c-bc87-7b7478d24056,1.7773441048091223e+18
b60b8918-719d-474c-bc87-7b7478d24056,1.7773441048424643e+18
b60b8918-719d-474c-bc87-7b7478d24056,1.7773441048758072e+18
b60b8918-719d-474c-bc87-7b7478d24056,1.7773441049091494e+18
b60b8918-719d-474c-bc87-7b7478d24056,1.7773441049424924e+18
b60b8918-719d-474c-bc87-7b7478d24056,1.7773441049758344e+18
b60b8918-719d-474c-bc87-7b7478d24056,1.7773441050091773e+18
b60b8918-719d-474c-bc87-7b7478d24056,1.7773441050425193e+18
b60b8918-719d-474c-bc87-7b7478d24056,1.7773441050758623e+18
b60b8918-719d-474c-bc87-7b7478d24056,1.7773441051092042e+18
b60b8918-719d-474c-bc87-7b7478d24056,1.7773441051425464e+18
b60b8918-719d-474c-bc87-7b7478d24056,1.7773441051758894e+18
b60b8918-719d-474c-bc87-7b7478d24056,1.7773441052092314e+18
b60b8918-719d-474c-bc87-7b7478d24056,1.7773441052425743e+18
b60b8918-719d-474c-bc87-7b7478d24056,1.7773441052759163e+18
b60b8918-719d-474c-bc87-7b7478d24056,1.7773441053092593e+18
b60b8918-719d-474c-bc87-7b7478d24056,1.7773441053426015e+18
b60b8918-719d-474c-bc87-7b7478d24056,1.7773441053759444e+18
b60b8918-719d-474c-bc87-7b7478d24056,1.7773441054092864e+18
b60b8918-719d-474c-bc87-7b7478d24056,1.7773441054426284e+18
b60b8918-719d-474c-bc87-7b7478d24056,1.7773441054759713e+18
b60b8918-719d-474c-bc87-7b7478d24056,1.7773441055093133e+18
b60b8918-719d-474c-bc87-7b7478d24056,1.7773441055426563e+18
b60b8918-719d-474c-bc87-7b7478d24056,1.7773441055759985e+18
b60b8918-719d-474c-bc87-7b7478d24056,1.7773441056093414e+18
b60b8918-719d-474c-bc87-7b7478d24056,1.7773441056426834e+18
b60b8918-719d-474c-bc87-7b7478d24056,1.7773441056760264e+18
b60b8918-719d-474c-bc87-7b7478d24056,1.7773441057093683e+18
b60b8918-719d-474c-bc87-7b7478d24056,1.7773441057427103e+18
b60b8918-719d-474c-bc87-7b7478d24056,1.7773441057760532e+18
b60b8918-719d-474c-bc87-7b7478d24056,1.7773441058093955e+18
b60b8918-719d-474c-bc87-7b7478d24056,1.7773441058427384e+18
b60b8918-719d-474c-bc87-7b7478d24056,1.7773441058760804e+18
b60b8918-719d-474c-bc87-7b7478d24056,1.7773441059094234e+18
b60b8918-719d-474c-bc87-7b7478d24056,1.7773441059427653e+18
b60b8918-719d-474c-bc87-7b7478d24056,1.7773441059761083e+18
b60b8918-719d-474c-bc87-7b7478d24056,1.7773441060094502e+18
b60b8918-719d-474c-bc87-7b7478d24056,1.7773441060427935e+18
b60b8918-719d-474c-bc87-7b7478d24056,1.7773441060761354e+18
b60b8918-719d-474c-bc87-7b7478d24056,1.7773441061094774e+18
b60b8918-719d-474c-bc87-7b7478d24056,1.7773441061428204e+18
b60b8918-719d-474c-bc87-7b7478d24056,1.7773441061761623e+18
b60b8918-719d-474c-bc87-7b7478d24056,1.7773441062095053e+18
b60b8918-719d-474c-bc87-7b7478d24056,1.7773441062428472e+18
b60b8918-719d-474c-bc87-7b7478d24056,1.7773441062761905e+18
b60b8918-719d-474c-bc87-7b7478d24056,1.7773441063095324e+18
b60b8918-719d-474c-bc87-7b7478d24056,1.7773441063428744e+18
b60b8918-719d-474c-bc87-7b7478d24056,1.7773441063762173e+18
b60b8918-719d-474c-bc87-7b7478d24056,1.7773441064095593e+18
b60b8918-719d-474c-bc87-7b7478d24056,1.7773441064429023e+18
b60b8918-719d-474c-bc87-7b7478d24056,1.7773441064762442e+18
b60b8918-719d-474c-bc87-7b7478d24056,1.7773441065095875e+18
b60b8918-719d-474c-bc87-7b7478d24056,1.7773441065429294e+18
b60b8918-719d-474c-bc87-7b7478d24056,1.7773441065762724e+18
b60b8918-719d-474c-bc87-7b7478d24056,1.7773441066096143e+18
b60b8918-719d-474c-bc87-7b7478d24056,1.7773441066429573e+18
b60b8918-719d-474c-bc87-7b7478d24056,1.7773441066762993e+18
b60b8918-719d-474c-bc87-7b7478d24056,1.7773441067096415e+18
b60b8918-719d-474c-bc87-7b7478d24056,1.7773441067429844e+18
b60b8918-719d-474c-bc87-7b7478d24056,1.7773441067763264e+18
b60b8918-719d-474c-bc87-7b7478d24056,1.7773441068096694e+18
b60b8918-719d-474c-bc87-7b7478d24056,1.7773441068430113e+18
b60b8918-719d-474c-bc87-7b7478d24056,1.7773441068763543e+18
b60b8918-719d-474c-bc87-7b7478d24056,1.7773441069096963e+18
b60b8918-719d-474c-bc87-7b7478d24056,1.7773441069430392e+18
b60b8918-719d-474c-bc87-7b7478d24056,1.7773441069763814e+18
b60b8918-719d-474c-bc87-7b7478d24056,1.7773441070097234e+18
b60b8918-719d-474c-bc87-7b7478d24056,1.7773441070430664e+18
b60b8918-719d-474c-bc87-7b7478d24056,1.7773441070764083e+18
b60b8918-719d-474c-bc87-7b7478d24056,1.7773441071097513e+18
b60b8918-719d-474c-bc87-7b7478d24056,1.7773441071430932e+18
b60b8918-719d-474c-bc87-7b7478d24056,1.7773441071764362e+18
b60b8918-719d-474c-bc87-7b7478d24056,1.7773441072097784e+18
b60b8918-719d-474c-bc87-7b7478d24056,1.7773441072431214e+18
b60b8918-719d-474c-bc87-7b7478d24056,1.7773441072764634e+18
b60b8918-719d-474c-bc87-7b7478d24056,1.7773441073098053e+18
b60b8918-719d-474c-bc87-7b7478d24056,1.7773441073431483e+18
b60b8918-719d-474c-bc87-7b7478d24056,1.7773441073764902e+18
b60b8918-719d-474c-bc87-7b7478d24056,1.7773441074098335e+18
b60b8918-719d-474c-bc87-7b7478d24056,1.7773441074431754e+18
b60b8918-719d-474c-bc87-7b7478d24056,1.7773441074765184e+18
b60b8918-719d-474c-bc87-7b7478d24056,1.7773441075098604e+18
b60b8918-719d-474c-bc87-7b7478d24056,1.7773441075432033e+18
b60b8918-719d-474c-bc87-7b7478d24056,1.7773441075765453e+18
b60b8918-719d-474c-bc87-7b7478d24056,1.7773441076098872e+18
b60b8918-719d-474c-bc87-7b7478d24056,1.7773441076432305e+18
b60b8918-719d-474c-bc87-7b7478d24056,1.7773441076765724e+18
b60b8918-719d-474c-bc87-7b7478d24056,1.7773441077099154e+18
b60b8918-719d-474c-bc87-7b7478d24056,1.7773441077432573e+18
b60b8918-719d-474c-bc87-7b7478d24056,1.7773441077766003e+18
b60b8918-719d-474c-bc87-7b7478d24056,1.7773441078099423e+18
b60b8918-719d-474c-bc87-7b7478d24056,1.7773441078432852e+18
b60b8918-719d-474c-bc87-7b7478d24056,1.7773441078766275e+18
b60b8918-719d-474c-bc87-7b7478d24056,1.7773441079099704e+18
b60b8918-719d-474c-bc87-7b7478d24056,1.7773441079433124e+18
b60b8918-719d-474c-bc87-7b7478d24056,1.7773441079766543e+18
b60b8918-719d-474c-bc87-7b7478d24056,1.7773441080099973e+18
b60b8918-719d-474c-bc87-7b7478d24056,1.7773441080433393e+18
b60b8918-719d-474c-bc87-7b7478d24056,1.7773441080766822e+18
b60b8918-719d-474c-bc87-7b7478d24056,1.7773441081100244e+18
b60b8918-719d-474c-bc87-7b7478d24056,1.7773441081433674e+18
b60b8918-719d-474c-bc87-7b7478d24056,1.7773441081767094e+18
b60b8918-719d-474c-bc87-7b7478d24056,1.7773441082100513e+18
b60b8918-719d-474c-bc87-7b7478d24056,1.7773441082433943e+18
b60b8918-719d-474c-bc87-7b7478d24056,1.7773441082767363e+18
b60b8918-719d-474c-bc87-7b7478d24056,1.7773441083100792e+18
b60b8918-719d-474c-bc87-7b7478d24056,1.7773441083434214e+18
b60b8918-719d-474c-bc87-7b7478d24056,1.7773441083767644e+18
b60b8918-719d-474c-bc87-7b7478d24056,1.7773441084101064e+18
b60b8918-719d-474c-bc87-7b7478d24056,1.7773441084434493e+18
b60b8918-719d-474c-bc87-7b7478d24056,1.7773441084767913e+18
b60b8918-719d-474c-bc87-7b7478d24056,1.7773441085101343e+18
b60b8918-719d-474c-bc87-7b7478d24056,1.7773441085434762e+18
b60b8918-719d-474c-bc87-7b7478d24056,1.7773441085768184e+18
b60b8918-719d-474c-bc87-7b7478d24056,1.7773441086101614e+18
b60b8918-719d-474c-bc87-7b7478d24056,1.7773441086435034e+18
b60b8918-719d-474c-bc87-7b7478d24056,1.7773441086768463e+18
b60b8918-719d-474c-bc87-7b7478d24056,1.7773441087101883e+18
b60b8918-719d-474c-bc87-7b7478d24056,1.7773441087435313e+18
b60b8918-719d-474c-bc87-7b7478d24056,1.7773441087768735e+18
b60b8918-719d-474c-bc87-7b7478d24056,1.7773441088102164e+18
b60b8918-719d-474c-bc87-7b7478d24056,1.7773441088435584e+18
b60b8918-719d-474c-bc87-7b7478d24056,1.7773441088769004e+18
b60b8918-719d-474c-bc87-7b7478d24056,1.7773441089102433e+18
b60b8918-719d-474c-bc87-7b7478d24056,1.7773441089435853e+18
b60b8918-719d-474c-bc87-7b7478d24056,1.7773441089769283e+18
b60b8918-719d-474c-bc87-7b7478d24056,1.7773441090102705e+18
b60b8918-719d-474c-bc87-7b7478d24056,1.7773441090436134e+18
b60b8918-719d-474c-bc87-7b7478d24056,1.7773441090769554e+18
b60b8918-719d-474c-bc87-7b7478d24056,1.7773441091102984e+18
b60b8918-719d-474c-bc87-7b7478d24056,1.7773441091436403e+18
b60b8918-719d-474c-bc87-7b7478d24056,1.7773441091769823e+18
b60b8918-719d-474c-bc87-7b7478d24056,1.7773441092103252e+18
b60b8918-719d-474c-bc87-7b7478d24056,1.7773441092436675e+18
b60b8918-719d-474c-bc87-7b7478d24056,1.7773441092770104e+18
b60b8918-719d-474c-bc87-7b7478d24056,1.7773441093103524e+18
b60b8918-719d-474c-bc87-7b7478d24056,1.7773441093436954e+18
b60b8918-719d-474c-bc87-7b7478d24056,1.7773441093770373e+18
b60b8918-719d-474c-bc87-7b7478d24056,1.7773441094103803e+18
b60b8918-719d-474c-bc87-7b7478d24056,1.7773441094437222e+18
b60b8918-719d-474c-bc87-7b7478d24056,1.7773441094770644e+18
b60b8918-719d-474c-bc87-7b7478d24056,1.7773441095104074e+18
b60b8918-719d-474c-bc87-7b7478d24056,1.7773441095437494e+18
b60b8918-719d-474c-bc87-7b7478d24056,1.7773441095770924e+18
b60b8918-719d-474c-bc87-7b7478d24056,1.7773441096104343e+18
b60b8918-719d-474c-bc87-7b7478d24056,1.7773441096437773e+18
b60b8918-719d-474c-bc87-7b7478d24056,1.7773441096771192e+18
b60b8918-719d-474c-bc87-7b7478d24056,1.7773441097104625e+18
b60b8918-719d-474c-bc87-7b7478d24056,1.7773441097438044e+18
b60b8918-719d-474c-bc87-7b7478d24056,1.7773441097771474e+18
b60b8918-719d-474c-bc87-7b7478d24056,1.7773441098104893e+18
b60b8918-719d-474c-bc87-7b7478d24056,1.7773441098438313e+18
b60b8918-719d-474c-bc87-7b7478d24056,1.7773441098771743e+18
b60b8918-719d-474c-bc87-7b7478d24056,1.7773441099105162e+18
b60b8918-719d-474c-bc87-7b7478d24056,1.7773441099438595e+18
b60b8918-719d-474c-bc87-7b7478d24056,1.7773441099772014e+18
b60b8918-719d-474c-bc87-7b7478d24056,1.7773441100105444e+18
b60b8918-719d-474c-bc87-7b7478d24056,1.7773441100438863e+18
b60b8918-719d-474c-bc87-7b7478d24056,1.7773441100772283e+18
b60b8918-719d-474c-bc87-7b7478d24056,1.7773441101105713e+18
b60b8918-719d-474c-bc87-7b7478d24056,1.7773441101439135e+18
b60b8918-719d-474c-bc87-7b7478d24056,1.7773441101772564e+18
b60b8918-719d-474c-bc87-7b7478d24056,1.7773441102105984e+18
b60b8918-719d-474c-bc87-7b7478d24056,1.7773441102439414e+18
b60b8918-719d-474c-bc87-7b7478d24056,1.7773441102772833e+18
b60b8918-719d-474c-bc87-7b7478d24056,1.7773441103106263e+18
b60b8918-719d-474c-bc87-7b7478d24056,1.7773441103439683e+18
b60b8918-719d-474c-bc87-7b7478d24056,1.7773441103773112e+18
b60b8918-719d-474c-bc87-7b7478d24056,1.7773441104106534e+18
b60b8918-719d-474c-bc87-7b7478d24056,1.7773441104439954e+18
b60b8918-719d-474c-bc87-7b7478d24056,1.7773441104773384e+18
b60b8918-719d-474c-bc87-7b7478d24056,1.7773441105106803e+18
b60b8918-719d-474c-bc87-7b7478d24056,1.7773441105440233e+18
b60b8918-719d-474c-bc87-7b7478d24056,1.7773441105773652e+18
b60b8918-719d-474c-bc87-7b7478d24056,1.7773441106107082e+18
b60b8918-719d-474c-bc87-7b7478d24056,1.7773441106440504e+18
b60b8918-719d-474c-bc87-7b7478d24056,1.7773441106773934e+18
b60b8918-719d-474c-bc87-7b7478d24056,1.7773441107107354e+18
b60b8918-719d-474c-bc87-7b7478d24056,1.7773441107440773e+18
b60b8918-719d-474c-bc87-7b7478d24056,1.7773441107774203e+18
b60b8918-719d-474c-bc87-7b7478d24056,1.7773441108107622e+18
b60b8918-719d-474c-bc87-7b7478d24056,1.7773441108441055e+18
b60b8918-719d-474c-bc87-7b7478d24056,1.7773441108774474e+18
b60b8918-719d-474c-bc87-7b7478d24056,1.7773441109107904e+18
b60b8918-719d-474c-bc87-7b7478d24056,1.7773441109441324e+18
b60b8918-719d-474c-bc87-7b7478d24056,1.7773441109774753e+18
b60b8918-719d-474c-bc87-7b7478d24056,1.7773441110108173e+18
b60b8918-719d-474c-bc87-7b7478d24056,1.7773441110441592e+18
b60b8918-719d-474c-bc87-7b7478d24056,1.7773441110775025e+18
b60b8918-719d-474c-bc87-7b7478d24056,1.7773441111108444e+18
b60b8918-719d-474c-bc87-7b7478d24056,1.7773441111441874e+18
b60b8918-719d-474c-bc87-7b7478d24056,1.7773441111775293e+18
b60b8918-719d-474c-bc87-7b7478d24056,1.7773441112108723e+18
b60b8918-719d-474c-bc87-7b7478d24056,1.7773441112442143e+18
b60b8918-719d-474c-bc87-7b7478d24056,1.7773441112775572e+18
b60b8918-719d-474c-bc87-7b7478d24056,1.7773441113108995e+18
b60b8918-719d-474c-bc87-7b7478d24056,1.7773441113442414e+18
b60b8918-719d-474c-bc87-7b7478d24056,1.7773441113775844e+18
b60b8918-719d-474c-bc87-7b7478d24056,1.7773441114109263e+18
b60b8918-719d-474c-bc87-7b7478d24056,1.7773441114442693e+18
b60b8918-719d-474c-bc87-7b7478d24056,1.7773441114776113e+18
b60b8918-719d-474c-bc87-7b7478d24056,1.7773441115109542e+18
b60b8918-719d-474c-bc87-7b7478d24056,1.7773441115442964e+18
b60b8918-719d-474c-bc87-7b7478d24056,1.7773441115776394e+18
b60b8918-719d-474c-bc87-7b7478d24056,1.7773441116109814e+18
b60b8918-719d-474c-bc87-7b7478d24056,1.7773441116443244e+18
b60b8918-719d-474c-bc87-7b7478d24056,1.7773441116776663e+18
b60b8918-719d-474c-bc87-7b7478d24056,1.7773441117110083e+18
b60b8918-719d-474c-bc87-7b7478d24056,1.7773441117443512e+18
b60b8918-719d-474c-bc87-7b7478d24056,1.7773441117776934e+18
b60b8918-719d-474c-bc87-7b7478d24056,1.7773441118110364e+18
b60b8918-719d-474c-bc87-7b7478d24056,1.7773441118443784e+18
b60b8918-719d-474c-bc87-7b7478d24056,1.7773441118777213e+18
b60b8918-719d-474c-bc87-7b7478d24056,1.7773441119110633e+18
b60b8918-719d-474c-bc87-7b7478d24056,1.7773441119444052e+18
b60b8918-719d-474c-bc87-7b7478d24056,1.7773441119777482e+18
b60b8918-719d-474c-bc87-7b7478d24056,1.7773441120110904e+18
b60b8918-719d-474c-bc87-7b7478d24056,1.7773441120444334e+18
b60b8918-719d-474c-bc87-7b7478d24056,1.7773441120777754e+18
b60b8918-719d-474c-bc87-7b7478d24056,1.7773441121111183e+18
b60b8918-719d-474c-bc87-7b7478d24056,1.7773441121444603e+18
b60b8918-719d-474c-bc87-7b7478d24056,1.7773441121778033e+18
b60b8918-719d-474c-bc87-7b7478d24056,1.7773441122111455e+18
b60b8918-719d-474c-bc87-7b7478d24056,1.7773441122444884e+18
b60b8918-719d-474c-bc87-7b7478d24056,1.7773441122778304e+18
b60b8918-719d-474c-bc87-7b7478d24056,1.7773441123111724e+18
b60b8918-719d-474c-bc87-7b7478d24056,1.7773441123445153e+18
b60b8918-719d-474c-bc87-7b7478d24056,1.7773441123778573e+18
b60b8918-719d-474c-bc87-7b7478d24056,1.7773441124112003e+18
b60b8918-719d-474c-bc87-7b7478d24056,1.7773441124445425e+18
b60b8918-719d-474c-bc87-7b7478d24056,1.7773441124778854e+18
b60b8918-719d-474c-bc87-7b7478d24056,1.7773441125112274e+18
b60b8918-719d-474c-bc87-7b7478d24056,1.7773441125445704e+18
b60b8918-719d-474c-bc87-7b7478d24056,1.7773441125779123e+18
b60b8918-719d-474c-bc87-7b7478d24056,1.7773441126112543e+18
b60b8918-719d-474c-bc87-7b7478d24056,1.7773441126445972e+18
b60b8918-719d-474c-bc87-7b7478d24056,1.7773441126779395e+18
b60b8918-719d-474c-bc87-7b7478d24056,1.7773441127112824e+18
b60b8918-719d-474c-bc87-7b7478d24056,1.7773441127446244e+18
b60b8918-719d-474c-bc87-7b7478d24056,1.7773441127779674e+18
b60b8918-719d-474c-bc87-7b7478d24056,1.7773441128113093e+18
b60b8918-719d-474c-bc87-7b7478d24056,1.7773441128446523e+18
b60b8918-719d-474c-bc87-7b7478d24056,1.7773441128779942e+18
b60b8918-719d-474c-bc87-7b7478d24056,1.7773441129113364e+18
b60b8918-719d-474c-bc87-7b7478d24056,1.7773441129446794e+18
b60b8918-719d-474c-bc87-7b7478d24056,1.7773441129780214e+18
b60b8918-719d-474c-bc87-7b7478d24056,1.7773441130113644e+18
b60b8918-719d-474c-bc87-7b7478d24056,1.7773441130447063e+18
b60b8918-719d-474c-bc87-7b7478d24056,1.7773441130780493e+18
b60b8918-719d-474c-bc87-7b7478d24056,1.7773441131113912e+18
b60b8918-719d-474c-bc87-7b7478d24056,1.7773441131447345e+18
b60b8918-719d-474c-bc87-7b7478d24056,1.7773441131780764e+18
b60b8918-719d-474c-bc87-7b7478d24056,1.7773441132114184e+18
b60b8918-719d-474c-bc87-7b7478d24056,1.7773441132447613e+18
b60b8918-719d-474c-bc87-7b7478d24056,1.7773441132781033e+18
b60b8918-719d-474c-bc87-7b7478d24056,1.7773441133114463e+18
b60b8918-719d-474c-bc87-7b7478d24056,1.7773441133447882e+18
b60b8918-719d-474c-bc87-7b7478d24056,1.7773441133781315e+18
b60b8918-719d-474c-bc87-7b7478d24056,1.7773441134114734e+18
b60b8918-719d-474c-bc87-7b7478d24056,1.7773441134448164e+18
b60b8918-719d-474c-bc87-7b7478d24056,1.7773441134781583e+18
b60b8918-719d-474c-bc87-7b7478d24056,1.7773441135115013e+18
b60b8918-719d-474c-bc87-7b7478d24056,1.7773441135448433e+18
b60b8918-719d-474c-bc87-7b7478d24056,1.7773441135781855e+18
b60b8918-719d-474c-bc87-7b7478d24056,1.7773441136115284e+18
b60b8918-719d-474c-bc87-7b7478d24056,1.7773441136448704e+18
b60b8918-719d-474c-bc87-7b7478d24056,1.7773441136782134e+18
b60b8918-719d-474c-bc87-7b7478d24056,1.7773441137115553e+18
b60b8918-719d-474c-bc87-7b7478d24056,1.7773441137448983e+18
b60b8918-719d-474c-bc87-7b7478d24056,1.7773441137782403e+18
b60b8918-719d-474c-bc87-7b7478d24056,1.7773441138115825e+18
b60b8918-719d-474c-bc87-7b7478d24056,1.7773441138449254e+18
b60b8918-719d-474c-bc87-7b7478d24056,1.7773441138782674e+18
b60b8918-719d-474c-bc87-7b7478d24056,1.7773441139116104e+18
b60b8918-719d-474c-bc87-7b7478d24056,1.7773441139449523e+18
b60b8918-719d-474c-bc87-7b7478d24056,1.7773441139782953e+18
b60b8918-719d-474c-bc87-7b7478d24056,1.7773441140116372e+18
b60b8918-719d-474c-bc87-7b7478d24056,1.7773441140449802e+18
b60b8918-719d-474c-bc87-7b7478d24056,1.7773441140783224e+18
b60b8918-719d-474c-bc87-7b7478d24056,1.7773441141116654e+18
b60b8918-719d-474c-bc87-7b7478d24056,1.7773441141450074e+18
b60b8918-719d-474c-bc87-7b7478d24056,1.7773441141783493e+18
b60b8918-719d-474c-bc87-7b7478d24056,1.7773441142116923e+18
b60b8918-719d-474c-bc87-7b7478d24056,1.7773441142450342e+18
b60b8918-719d-474c-bc87-7b7478d24056,1.7773441142783775e+18
b60b8918-719d-474c-bc87-7b7478d24056,1.7773441143117194e+18
b60b8918-719d-474c-bc87-7b7478d24056,1.7773441143450624e+18
b60b8918-719d-474c-bc87-7b7478d24056,1.7773441143784044e+18
b60b8918-719d-474c-bc87-7b7478d24056,1.7773441144117473e+18
b60b8918-719d-474c-bc87-7b7478d24056,1.7773441144450893e+18
b60b8918-719d-474c-bc87-7b7478d24056,1.7773441144784312e+18
b60b8918-719d-474c-bc87-7b7478d24056,1.7773441145117745e+18
b60b8918-719d-474c-bc87-7b7478d24056,1.7773441145451164e+18
b60b8918-719d-474c-bc87-7b7478d24056,1.7773441145784594e+18
b60b8918-719d-474c-bc87-7b7478d24056,1.7773441146118013e+18
b60b8918-719d-474c-bc87-7b7478d24056,1.7773441146451443e+18
b60b8918-719d-474c-bc87-7b7478d24056,1.7773441146784863e+18
b60b8918-719d-474c-bc87-7b7478d24056,1.7773441147118292e+18
b60b8918-719d-474c-bc87-7b7478d24056,1.7773441147451715e+18
b60b8918-719d-474c-bc87-7b7478d24056,1.7773441147785134e+18
b60b8918-719d-474c-bc87-7b7478d24056,1.7773441148118564e+18
b60b8918-719d-474c-bc87-7b7478d24056,1.7773441148451983e+18
b60b8918-719d-474c-bc87-7b7478d24056,1.7773441148785413e+18
b60b8918-719d-474c-bc87-7b7478d24056,1.7773441149118833e+18
b60b8918-719d-474c-bc87-7b7478d24056,1.7773441149452262e+18
b60b8918-719d-474c-bc87-7b7478d24056,1.7773441149785684e+18
b60b8918-719d-474c-bc87-7b7478d24056,1.7773441150119114e+18
b60b8918-719d-474c-bc87-7b7478d24056,1.7773441150452534e+18
b60b8918-719d-474c-bc87-7b7478d24056,1.7773441150785953e+18
b60b8918-719d-474c-bc87-7b7478d24056,1.7773441151119383e+18
b60b8918-719d-474c-bc87-7b7478d24056,1.7773441151452803e+18
b60b8918-719d-474c-bc87-7b7478d24056,1.7773441151786232e+18
b60b8918-719d-474c-bc87-7b7478d24056,1.7773441152119654e+18
b60b8918-719d-474c-bc87-7b7478d24056,1.7773441152453084e+18
b60b8918-719d-474c-bc87-7b7478d24056,1.7773441152786504e+18
b60b8918-719d-474c-bc87-7b7478d24056,1.7773441153119933e+18
b60b8918-719d-474c-bc87-7b7478d24056,1.7773441153453353e+18
b60b8918-719d-474c-bc87-7b7478d24056,1.7773441153786783e+18
b60b8918-719d-474c-bc87-7b7478d24056,1.7773441154120202e+18
b60b8918-719d-474c-bc87-7b7478d24056,1.7773441154453624e+18
b60b8918-719d-474c-bc87-7b7478d24056,1.7773441154787054e+18
b60b8918-719d-474c-bc87-7b7478d24056,1.7773441155120474e+18
b60b8918-719d-474c-bc87-7b7478d24056,1.7773441155453903e+18
b60b8918-719d-474c-bc87-7b7478d24056,1.7773441155787323e+18
b60b8918-719d-474c-bc87-7b7478d24056,1.7773441156120753e+18
b60b8918-719d-474c-bc87-7b7478d24056,1.7773441156454175e+18
b60b8918-719d-474c-bc87-7b7478d24056,1.7773441156787594e+18
b60b8918-719d-474c-bc87-7b7478d24056,1.7773441157121024e+18
b60b8918-719d-474c-bc87-7b7478d24056,1.7773441157454444e+18
b60b8918-719d-474c-bc87-7b7478d24056,1.7773441157787873e+18
b60b8918-719d-474c-bc87-7b7478d24056,1.7773441158121293e+18
b60b8918-719d-474c-bc87-7b7478d24056,1.7773441158454723e+18
b60b8918-719d-474c-bc87-7b7478d24056,1.7773441158788145e+18
b60b8918-719d-474c-bc87-7b7478d24056,1.7773441159121574e+18
b60b8918-719d-474c-bc87-7b7478d24056,1.7773441159454994e+18
b60b8918-719d-474c-bc87-7b7478d24056,1.7773441159788424e+18
b60b8918-719d-474c-bc87-7b7478d24056,1.7773441160121843e+18
b60b8918-719d-474c-bc87-7b7478d24056,1.7773441160455263e+18
b60b8918-719d-474c-bc87-7b7478d24056,1.7773441160788692e+18
b60b8918-719d-474c-bc87-7b7478d24056,1.7773441161122115e+18
b60b8918-719d-474c-bc87-7b7478d24056,1.7773441161455544e+18
b60b8918-719d-474c-bc87-7b7478d24056,1.7773441161788964e+18
b60b8918-719d-474c-bc87-7b7478d24056,1.7773441162122394e+18
b60b8918-719d-474c-bc87-7b7478d24056,1.7773441162455813e+18
b60b8918-719d-474c-bc87-7b7478d24056,1.7773441162789243e+18
b60b8918-719d-474c-bc87-7b7478d24056,1.7773441163122662e+18
b60b8918-719d-474c-bc87-7b7478d24056,1.7773441163456084e+18
b60b8918-719d-474c-bc87-7b7478d24056,1.7773441163789514e+18
b60b8918-719d-474c-bc87-7b7478d24056,1.7773441164122934e+18
b60b8918-719d-474c-bc87-7b7478d24056,1.7773441164456364e+18
b60b8918-719d-474c-bc87-7b7478d24056,1.7773441164789783e+18
b60b8918-719d-474c-bc87-7b7478d24056,1.7773441165123213e+18
b60b8918-719d-474c-bc87-7b7478d24056,1.7773441165456632e+18
b60b8918-719d-474c-bc87-7b7478d24056,1.7773441165790065e+18
b60b8918-719d-474c-bc87-7b7478d24056,1.7773441166123484e+18
b60b8918-719d-474c-bc87-7b7478d24056,1.7773441166456904e+18
b60b8918-719d-474c-bc87-7b7478d24056,1.7773441166790333e+18
b60b8918-719d-474c-bc87-7b7478d24056,1.7773441167123753e+18
b60b8918-719d-474c-bc87-7b7478d24056,1.7773441167457183e+18
b60b8918-719d-474c-bc87-7b7478d24056,1.7773441167790602e+18
b60b8918-719d-474c-bc87-7b7478d24056,1.7773441168124035e+18
b60b8918-719d-474c-bc87-7b7478d24056,1.7773441168457454e+18
b60b8918-719d-474c-bc87-7b7478d24056,1.7773441168790884e+18
b60b8918-719d-474c-bc87-7b7478d24056,1.7773441169124303e+18
b60b8918-719d-474c-bc87-7b7478d24056,1.7773441169457723e+18
b60b8918-719d-474c-bc87-7b7478d24056,1.7773441169791153e+18
b60b8918-719d-474c-bc87-7b7478d24056,1.7773441170124575e+18
b60b8918-719d-474c-bc87-7b7478d24056,1.7773441170458004e+18
b60b8918-719d-474c-bc87-7b7478d24056,1.7773441170791424e+18
b60b8918-719d-474c-bc87-7b7478d24056,1.7773441171124854e+18
b60b8918-719d-474c-bc87-7b7478d24056,1.7773441171458273e+18
b60b8918-719d-474c-bc87-7b7478d24056,1.7773441171791703e+18
b60b8918-719d-474c-bc87-7b7478d24056,1.7773441172125123e+18
b60b8918-719d-474c-bc87-7b7478d24056,1.7773441172458552e+18
b60b8918-719d-474c-bc87-7b7478d24056,1.7773441172791974e+18
b60b8918-719d-474c-bc87-7b7478d24056,1.7773441173125394e+18
b60b8918-719d-474c-bc87-7b7478d24056,1.7773441173458824e+18
b60b8918-719d-474c-bc87-7b7478d24056,1.7773441173792243e+18
b60b8918-719d-474c-bc87-7b7478d24056,1.7773441174125673e+18
b60b8918-719d-474c-bc87-7b7478d24056,1.7773441174459092e+18
b60b8918-719d-474c-bc87-7b7478d24056,1.7773441174792522e+18
b60b8918-719d-474c-bc87-7b7478d24056,1.7773441175125944e+18
b60b8918-719d-474c-bc87-7b7478d24056,1.7773441175459364e+18
b60b8918-719d-474c-bc87-7b7478d24056,1.7773441175792794e+18
b60b8918-719d-474c-bc87-7b7478d24056,1.7773441176126213e+18
b60b8918-719d-474c-bc87-7b7478d24056,1.7773441176459643e+18
b60b8918-719d-474c-bc87-7b7478d24056,1.7773441176793062e+18
b60b8918-719d-474c-bc87-7b7478d24056,1.7773441177126495e+18
b60b8918-719d-474c-bc87-7b7478d24056,1.7773441177459914e+18
b60b8918-719d-474c-bc87-7b7478d24056,1.7773441177793344e+18
b60b8918-719d-474c-bc87-7b7478d24056,1.7773441178126764e+18
b60b8918-719d-474c-bc87-7b7478d24056,1.7773441178460193e+18
b60b8918-719d-474c-bc87-7b7478d24056,1.7773441178793613e+18
b60b8918-719d-474c-bc87-7b7478d24056,1.7773441179127032e+18
b60b8918-719d-474c-bc87-7b7478d24056,1.7773441179460465e+18
b60b8918-719d-474c-bc87-7b7478d24056,1.7773441179793884e+18
b60b8918-719d-474c-bc87-7b7478d24056,1.7773441180127314e+18
b60b8918-719d-474c-bc87-7b7478d24056,1.7773441180460733e+18
b60b8918-719d-474c-bc87-7b7478d24056,1.7773441180794163e+18
b60b8918-719d-474c-bc87-7b7478d24056,1.7773441181127583e+18
b60b8918-719d-474c-bc87-7b7478d24056,1.7773441181461012e+18
b60b8918-719d-474c-bc87-7b7478d24056,1.7773441181794435e+18
b60b8918-719d-474c-bc87-7b7478d24056,1.7773441182127854e+18
b60b8918-719d-474c-bc87-7b7478d24056,1.7773441182461284e+18
b60b8918-719d-474c-bc87-7b7478d24056,1.7773441182794703e+18
b60b8918-719d-474c-bc87-7b7478d24056,1.7773441183128133e+18
b60b8918-719d-474c-bc87-7b7478d24056,1.7773441183461553e+18
b60b8918-719d-474c-bc87-7b7478d24056,1.7773441183794982e+18
b60b8918-719d-474c-bc87-7b7478d24056,1.7773441184128404e+18
b60b8918-719d-474c-bc87-7b7478d24056,1.7773441184461834e+18
b60b8918-719d-474c-bc87-7b7478d24056,1.7773441184795254e+18
b60b8918-719d-474c-bc87-7b7478d24056,1.7773441185128673e+18
b60b8918-719d-474c-bc87-7b7478d24056,1.7773441185462103e+18
b60b8918-719d-474c-bc87-7b7478d24056,1.7773441185795523e+18
b60b8918-719d-474c-bc87-7b7478d24056,1.7773441186128952e+18
b60b8918-719d-474c-bc87-7b7478d24056,1.7773441186462374e+18
b60b8918-719d-474c-bc87-7b7478d24056,1.7773441186795804e+18
b60b8918-719d-474c-bc87-7b7478d24056,1.7773441187129224e+18
b60b8918-719d-474c-bc87-7b7478d24056,1.7773441187462653e+18
b60b8918-719d-474c-bc87-7b7478d24056,1.7773441187796073e+18
b60b8918-719d-474c-bc87-7b7478d24056,1.7773441188129492e+18
b60b8918-719d-474c-bc87-7b7478d24056,1.7773441188462922e+18
b60b8918-719d-474c-bc87-7b7478d24056,1.7773441188796344e+18
b60b8918-719d-474c-bc87-7b7478d24056,1.7773441189129774e+18
b60b8918-719d-474c-bc87-7b7478d24056,1.7773441189463194e+18
b60b8918-719d-474c-bc87-7b7478d24056,1.7773441189796623e+18
b60b8918-719d-474c-bc87-7b7478d24056,1.7773441190130043e+18
b60b8918-719d-474c-bc87-7b7478d24056,1.7773441190463473e+18
b60b8918-719d-474c-bc87-7b7478d24056,1.7773441190796895e+18
b60b8918-719d-474c-bc87-7b7478d24056,1.7773441191130324e+18
b60b8918-719d-474c-bc87-7b7478d24056,1.7773441191463744e+18
b60b8918-719d-474c-bc87-7b7478d24056,1.7773441191797164e+18
b60b8918-719d-474c-bc87-7b7478d24056,1.7773441192130593e+18
b60b8918-719d-474c-bc87-7b7478d24056,1.7773441192464013e+18
b60b8918-719d-474c-bc87-7b7478d24056,1.7773441192797443e+18
b60b8918-719d-474c-bc87-7b7478d24056,1.7773441193130865e+18
b60b8918-719d-474c-bc87-7b7478d24056,1.7773441193464294e+18
b60b8918-719d-474c-bc87-7b7478d24056,1.7773441193797714e+18
b60b8918-719d-474c-bc87-7b7478d24056,1.7773441194131133e+18
b60b8918-719d-474c-bc87-7b7478d24056,1.7773441194464563e+18
b60b8918-719d-474c-bc87-7b7478d24056,1.7773441194797983e+18
b60b8918-719d-474c-bc87-7b7478d24056,1.7773441195131412e+18
b60b8918-719d-474c-bc87-7b7478d24056,1.7773441195464835e+18
b60b8918-719d-474c-bc87-7b7478d24056,1.7773441195798264e+18
b60b8918-719d-474c-bc87-7b7478d24056,1.7773441196131684e+18
b60b8918-719d-474c-bc87-7b7478d24056,1.7773441196465114e+18
b60b8918-719d-474c-bc87-7b7478d24056,1.7773441196798533e+18
b60b8918-719d-474c-bc87-7b7478d24056,1.7773441197131963e+18
b60b8918-719d-474c-bc87-7b7478d24056,1.7773441197465382e+18
b60b8918-719d-474c-bc87-7b7478d24056,1.7773441197798804e+18
b60b8918-719d-474c-bc87-7b7478d24056,1.7773441198132234e+18
b60b8918-719d-474c-bc87-7b7478d24056,1.7773441198465654e+18
b60b8918-719d-474c-bc87-7b7478d24056,1.7773441198799084e+18
b60b8918-719d-474c-bc87-7b7478d24056,1.7773441199132503e+18
b60b8918-719d-474c-bc87-7b7478d24056,1.7773441199465933e+18
b60b8918-719d-474c-bc87-7b7478d24056,1.7773441199799352e+18
b60b8918-719d-474c-bc87-7b7478d24056,1.7773441200132785e+18
b60b8918-719d-474c-bc87-7b7478d24056,1.7773441200466204e+18
b60b8918-719d-474c-bc87-7b7478d24056,1.7773441200799624e+18
b60b8918-719d-474c-bc87-7b7478d24056,1.7773441201133053e+18
b60b8918-719d-474c-bc87-7b7478d24056,1.7773441201466473e+18
b60b8918-719d-474c-bc87-7b7478d24056,1.7773441201799903e+18
b60b8918-719d-474c-bc87-7b7478d24056,1.7773441202133322e+18
b60b8918-719d-474c-bc87-7b7478d24056,1.7773441202466755e+18
b60b8918-719d-474c-bc87-7b7478d24056,1.7773441202800174e+18
b60b8918-719d-474c-bc87-7b7478d24056,1.7773441203133604e+18
b60b8918-719d-474c-bc87-7b7478d24056,1.7773441203467023e+18
b60b8918-719d-474c-bc87-7b7478d24056,1.7773441203800443e+18
b60b8918-719d-474c-bc87-7b7478d24056,1.7773441204133873e+18
b60b8918-719d-474c-bc87-7b7478d24056,1.7773441204467295e+18
b60b8918-719d-474c-bc87-7b7478d24056,1.7773441204800724e+18
b60b8918-719d-474c-bc87-7b7478d24056,1.7773441205134144e+18
b60b8918-719d-474c-bc87-7b7478d24056,1.7773441205467574e+18
b60b8918-719d-474c-bc87-7b7478d24056,1.7773441205800993e+18
b60b8918-719d-474c-bc87-7b7478d24056,1.7773441206134423e+18
b60b8918-719d-474c-bc87-7b7478d24056,1.7773441206467843e+18
b60b8918-719d-474c-bc87-7b7478d24056,1.7773441206801272e+18
b60b8918-719d-474c-bc87-7b7478d24056,1.7773441207134694e+18
b60b8918-719d-474c-bc87-7b7478d24056,1.7773441207468114e+18
b60b8918-719d-474c-bc87-7b7478d24056,1.7773441207801544e+18
b60b8918-719d-474c-bc87-7b7478d24056,1.7773441208134963e+18
b60b8918-719d-474c-bc87-7b7478d24056,1.7773441208468393e+18
b60b8918-719d-474c-bc87-7b7478d24056,1.7773441208801812e+18
b60b8918-719d-474c-bc87-7b7478d24056,1.7773441209135242e+18
b60b8918-719d-474c-bc87-7b7478d24056,1.7773441209468664e+18
b60b8918-719d-474c-bc87-7b7478d24056,1.7773441209802094e+18
b60b8918-719d-474c-bc87-7b7478d24056,1.7773441210135514e+18
b60b8918-719d-474c-bc87-7b7478d24056,1.7773441210468933e+18
b60b8918-719d-474c-bc87-7b7478d24056,1.7773441210802363e+18
b60b8918-719d-474c-bc87-7b7478d24056,1.7773441211135782e+18
b60b8918-719d-474c-bc87-7b7478d24056,1.7773441211469215e+18
b60b8918-719d-474c-bc87-7b7478d24056,1.7773441211802634e+18
b60b8918-719d-474c-bc87-7b7478d24056,1.7773441212136064e+18
b60b8918-719d-474c-bc87-7b7478d24056,1.7773441212469484e+18
b60b8918-719d-474c-bc87-7b7478d24056,1.7773441212802913e+18
b60b8918-719d-474c-bc87-7b7478d24056,1.7773441213136333e+18
b60b8918-719d-474c-bc87-7b7478d24056,1.7773441213469752e+18
b60b8918-719d-474c-bc87-7b7478d24056,1.7773441213803185e+18
b60b8918-719d-474c-bc87-7b7478d24056,1.7773441214136604e+18
b60b8918-719d-474c-bc87-7b7478d24056,1.7773441214470034e+18
b60b8918-719d-474c-bc87-7b7478d24056,1.7773441214803453e+18
b60b8918-719d-474c-bc87-7b7478d24056,1.7773441215136883e+18
b60b8918-719d-474c-bc87-7b7478d24056,1.7773441215470303e+18
b60b8918-719d-474c-bc87-7b7478d24056,1.7773441215803732e+18
b60b8918-719d-474c-bc87-7b7478d24056,1.7773441216137155e+18
b60b8918-719d-474c-bc87-7b7478d24056,1.7773441216470584e+18
b60b8918-719d-474c-bc87-7b7478d24056,1.7773441216804004e+18
b60b8918-719d-474c-bc87-7b7478d24056,1.7773441217137423e+18
b60b8918-719d-474c-bc87-7b7478d24056,1.7773441217470853e+18
b60b8918-719d-474c-bc87-7b7478d24056,1.7773441217804273e+18
b60b8918-719d-474c-bc87-7b7478d24056,1.7773441218137702e+18
b60b8918-719d-474c-bc87-7b7478d24056,1.7773441218471124e+18
b60b8918-719d-474c-bc87-7b7478d24056,1.7773441218804554e+18
b60b8918-719d-474c-bc87-7b7478d24056,1.7773441219137974e+18
b60b8918-719d-474c-bc87-7b7478d24056,1.7773441219471393e+18
b60b8918-719d-474c-bc87-7b7478d24056,1.7773441219804823e+18
b60b8918-719d-474c-bc87-7b7478d24056,1.7773441220138243e+18
b60b8918-719d-474c-bc87-7b7478d24056,1.7773441220471672e+18
b60b8918-719d-474c-bc87-7b7478d24056,1.7773441220805094e+18
b60b8918-719d-474c-bc87-7b7478d24056,1.7773441221138524e+18
b60b8918-719d-474c-bc87-7b7478d24056,1.7773441221471944e+18
b60b8918-719d-474c-bc87-7b7478d24056,1.7773441221805373e+18
b60b8918-719d-474c-bc87-7b7478d24056,1.7773441222138793e+18
b60b8918-719d-474c-bc87-7b7478d24056,1.7773441222472223e+18
b60b8918-719d-474c-bc87-7b7478d24056,1.7773441222805642e+18
b60b8918-719d-474c-bc87-7b7478d24056,1.7773441223139064e+18
b60b8918-719d-474c-bc87-7b7478d24056,1.7773441223472494e+18
b60b8918-719d-474c-bc87-7b7478d24056,1.7773441223805914e+18
b60b8918-719d-474c-bc87-7b7478d24056,1.7773441224139343e+18
b60b8918-719d-474c-bc87-7b7478d24056,1.7773441224472763e+18
b60b8918-719d-474c-bc87-7b7478d24056,1.7773441224806193e+18
b60b8918-719d-474c-bc87-7b7478d24056,1.7773441225139615e+18
b60b8918-719d-474c-bc87-7b7478d24056,1.7773441225473044e+18
b60b8918-719d-474c-bc87-7b7478d24056,1.7773441225806464e+18
b60b8918-719d-474c-bc87-7b7478d24056,1.7773441226139884e+18
b60b8918-719d-474c-bc87-7b7478d24056,1.7773441226473313e+18
b60b8918-719d-474c-bc87-7b7478d24056,1.7773441226806733e+18
b60b8918-719d-474c-bc87-7b7478d24056,1.7773441227140163e+18
b60b8918-719d-474c-bc87-7b7478d24056,1.7773441227473585e+18
b60b8918-719d-474c-bc87-7b7478d24056,1.7773441227807014e+18
b60b8918-719d-474c-bc87-7b7478d24056,1.7773441228140434e+18
b60b8918-719d-474c-bc87-7b7478d24056,1.7773441228473864e+18
b60b8918-719d-474c-bc87-7b7478d24056,1.7773441228807283e+18
b60b8918-719d-474c-bc87-7b7478d24056,1.7773441229140703e+18
b60b8918-719d-474c-bc87-7b7478d24056,1.7773441229474132e+18
b60b8918-719d-474c-bc87-7b7478d24056,1.7773441229807555e+18
b60b8918-719d-474c-bc87-7b7478d24056,1.7773441230140984e+18
b60b8918-719d-474c-bc87-7b7478d24056,1.7773441230474404e+18
b60b8918-719d-474c-bc87-7b7478d24056,1.7773441230807834e+18
b60b8918-719d-474c-bc87-7b7478d24056,1.7773441231141253e+18
b60b8918-719d-474c-bc87-7b7478d24056,1.7773441231474683e+18
b60b8918-719d-474c-bc87-7b7478d24056,1.7773441231808102e+18
b60b8918-719d-474c-bc87-7b7478d24056,1.7773441232141524e+18
b60b8918-719d-474c-bc87-7b7478d24056,1.7773441232474954e+18
b60b8918-719d-474c-bc87-7b7478d24056,1.7773441232808374e+18
b60b8918-719d-474c-bc87-7b7478d24056,1.7773441233141804e+18
b60b8918-719d-474c-bc87-7b7478d24056,1.7773441233475223e+18
b60b8918-719d-474c-bc87-7b7478d24056,1.7773441233808653e+18
b60b8918-719d-474c-bc87-7b7478d24056,1.7773441234142072e+18
b60b8918-719d-474c-bc87-7b7478d24056,1.7773441234475505e+18
b60b8918-719d-474c-bc87-7b7478d24056,1.7773441234808924e+18
b60b8918-719d-474c-bc87-7b7478d24056,1.7773441235142354e+18
b60b8918-719d-474c-bc87-7b7478d24056,1.7773441235475773e+18
b60b8918-719d-474c-bc87-7b7478d24056,1.7773441235809193e+18
b60b8918-719d-474c-bc87-7b7478d24056,1.7773441236142623e+18
b60b8918-719d-474c-bc87-7b7478d24056,1.7773441236476042e+18
b60b8918-719d-474c-bc87-7b7478d24056,1.7773441236809475e+18
b60b8918-719d-474c-bc87-7b7478d24056,1.7773441237142894e+18
b60b8918-719d-474c-bc87-7b7478d24056,1.7773441237476324e+18
b60b8918-719d-474c-bc87-7b7478d24056,1.7773441237809743e+18
b60b8918-719d-474c-bc87-7b7478d24056,1.7773441238143163e+18
b60b8918-719d-474c-bc87-7b7478d24056,1.7773441238476593e+18
b60b8918-719d-474c-bc87-7b7478d24056,1.7773441238810015e+18
b60b8918-719d-474c-bc87-7b7478d24056,1.7773441239143444e+18
b60b8918-719d-474c-bc87-7b7478d24056,1.7773441239476864e+18
b60b8918-719d-474c-bc87-7b7478d24056,1.7773441239810294e+18
b60b8918-719d-474c-bc87-7b7478d24056,1.7773441240143713e+18
b60b8918-719d-474c-bc87-7b7478d24056,1.7773441240477143e+18
b60b8918-719d-474c-bc87-7b7478d24056,1.7773441240810563e+18
b60b8918-719d-474c-bc87-7b7478d24056,1.7773441241143992e+18
b60b8918-719d-474c-bc87-7b7478d24056,1.7773441241477414e+18
b60b8918-719d-474c-bc87-7b7478d24056,1.7773441241810834e+18
b60b8918-719d-474c-bc87-7b7478d24056,1.7773441242144264e+18
b60b8918-719d-474c-bc87-7b7478d24056,1.7773441242477683e+18
b60b8918-719d-474c-bc87-7b7478d24056,1.7773441242811113e+18
b60b8918-719d-474c-bc87-7b7478d24056,1.7773441243144532e+18
b60b8918-719d-474c-bc87-7b7478d24056,1.7773441243477962e+18
b60b8918-719d-474c-bc87-7b7478d24056,1.7773441243811384e+18
b60b8918-719d-474c-bc87-7b7478d24056,1.7773441244144814e+18
b60b8918-719d-474c-bc87-7b7478d24056,1.7773441244478234e+18
b60b8918-719d-474c-bc87-7b7478d24056,1.7773441244811653e+18
b60b8918-719d-474c-bc87-7b7478d24056,1.7773441245145083e+18
b60b8918-719d-474c-bc87-7b7478d24056,1.7773441245478502e+18
b60b8918-719d-474c-bc87-7b7478d24056,1.7773441245811935e+18
b60b8918-719d-474c-bc87-7b7478d24056,1.7773441246145354e+18
b60b8918-719d-474c-bc87-7b7478d24056,1.7773441246478784e+18
b60b8918-719d-474c-bc87-7b7478d24056,1.7773441246812204e+18
b60b8918-719d-474c-bc87-7b7478d24056,1.7773441247145633e+18
b60b8918-719d-474c-bc87-7b7478d24056,1.7773441247479053e+18
b60b8918-719d-474c-bc87-7b7478d24056,1.7773441247812472e+18
b60b8918-719d-474c-bc87-7b7478d24056,1.7773441248145905e+18
b60b8918-719d-474c-bc87-7b7478d24056,1.7773441248479324e+18
b60b8918-719d-474c-bc87-7b7478d24056,1.7773441248812754e+18
b60b8918-719d-474c-bc87-7b7478d24056,1.7773441249146173e+18
b60b8918-719d-474c-bc87-7b7478d24056,1.7773441249479603e+18
b60b8918-719d-474c-bc87-7b7478d24056,1.7773441249813023e+18
b60b8918-719d-474c-bc87-7b7478d24056,1.7773441250146452e+18
b60b8918-719d-474c-bc87-7b7478d24056,1.7773441250479875e+18
b60b8918-719d-474c-bc87-7b7478d24056,1.7773441250813294e+18
b60b8918-719d-474c-bc87-7b7478d24056,1.7773441251146724e+18
b60b8918-719d-474c-bc87-7b7478d24056,1.7773441251480143e+18
b60b8918-719d-474c-bc87-7b7478d24056,1.7773441251813573e+18
b60b8918-719d-474c-bc87-7b7478d24056,1.7773441252146993e+18
b60b8918-719d-474c-bc87-7b7478d24056,1.7773441252480422e+18
b60b8918-719d-474c-bc87-7b7478d24056,1.7773441252813844e+18
b60b8918-719d-474c-bc87-7b7478d24056,1.7773441253147274e+18
b60b8918-719d-474c-bc87-7b7478d24056,1.7773441253480694e+18
b60b8918-719d-474c-bc87-7b7478d24056,1.7773441253814124e+18
b60b8918-719d-474c-bc87-7b7478d24056,1.7773441254147543e+18
b60b8918-719d-474c-bc87-7b7478d24056,1.7773441254480963e+18
b60b8918-719d-474c-bc87-7b7478d24056,1.7773441254814392e+18
b60b8918-719d-474c-bc87-7b7478d24056,1.7773441255147814e+18
b60b8918-719d-474c-bc87-7b7478d24056,1.7773441255481244e+18
b60b8918-719d-474c-bc87-7b7478d24056,1.7773441255814664e+18
b60b8918-719d-474c-bc87-7b7478d24056,1.7773441256148093e+18
b60b8918-719d-474c-bc87-7b7478d24056,1.7773441256481513e+18
b60b8918-719d-474c-bc87-7b7478d24056,1.7773441256814932e+18
b60b8918-719d-474c-bc87-7b7478d24056,1.7773441257148362e+18
b60b8918-719d-474c-bc87-7b7478d24056,1.7773441257481784e+18
b60b8918-719d-474c-bc87-7b7478d24056,1.7773441257815214e+18
b60b8918-719d-474c-bc87-7b7478d24056,1.7773441258148634e+18
b60b8918-719d-474c-bc87-7b7478d24056,1.7773441258482063e+18
b60b8918-719d-474c-bc87-7b7478d24056,1.7773441258815483e+18
b60b8918-719d-474c-bc87-7b7478d24056,1.7773441259148913e+18
b60b8918-719d-474c-bc87-7b7478d24056,1.7773441259482335e+18
b60b8918-719d-474c-bc87-7b7478d24056,1.7773441259815764e+18
b60b8918-719d-474c-bc87-7b7478d24056,1.7773441260149184e+18
b60b8918-719d-474c-bc87-7b7478d24056,1.7773441260482604e+18
b60b8918-719d-474c-bc87-7b7478d24056,1.7773441260816033e+18
b60b8918-719d-474c-bc87-7b7478d24056,1.7773441261149453e+18
b60b8918-719d-474c-bc87-7b7478d24056,1.7773441261482883e+18
b60b8918-719d-474c-bc87-7b7478d24056,1.7773441261816305e+18
b60b8918-719d-474c-bc87-7b7478d24056,1.7773441262149734e+18
b60b8918-719d-474c-bc87-7b7478d24056,1.7773441262483154e+18
b60b8918-719d-474c-bc87-7b7478d24056,1.7773441262816584e+18
b60b8918-719d-474c-bc87-7b7478d24056,1.7773441263150003e+18
b60b8918-719d-474c-bc87-7b7478d24056,1.7773441263483423e+18
b60b8918-719d-474c-bc87-7b7478d24056,1.7773441263816852e+18
b60b8918-719d-474c-bc87-7b7478d24056,1.7773441264150275e+18
b60b8918-719d-474c-bc87-7b7478d24056,1.7773441264483704e+18
b60b8918-719d-474c-bc87-7b7478d24056,1.7773441264817124e+18
b60b8918-719d-474c-bc87-7b7478d24056,1.7773441265150554e+18
b60b8918-719d-474c-bc87-7b7478d24056,1.7773441265483973e+18
b60b8918-719d-474c-bc87-7b7478d24056,1.7773441265817403e+18
b60b8918-719d-474c-bc87-7b7478d24056,1.7773441266150822e+18
b60b8918-719d-474c-bc87-7b7478d24056,1.7773441266484244e+18
b60b8918-719d-474c-bc87-7b7478d24056,1.7773441266817674e+18
b60b8918-719d-474c-bc87-7b7478d24056,1.7773441267151094e+18
b60b8918-719d-474c-bc87-7b7478d24056,1.7773441267484524e+18
b60b8918-719d-474c-bc87-7b7478d24056,1.7773441267817943e+18
b60b8918-719d-474c-bc87-7b7478d24056,1.7773441268151373e+18
b60b8918-719d-474c-bc87-7b7478d24056,1.7773441268484792e+18
b60b8918-719d-474c-bc87-7b7478d24056,1.7773441268818225e+18
b60b8918-719d-474c-bc87-7b7478d24056,1.7773441269151644e+18
b60b8918-719d-474c-bc87-7b7478d24056,1.7773441269485064e+18
b60b8918-719d-474c-bc87-7b7478d24056,1.7773441269818493e+18
b60b8918-719d-474c-bc87-7b7478d24056,1.7773441270151913e+18
b60b8918-719d-474c-bc87-7b7478d24056,1.7773441270485343e+18
b60b8918-719d-474c-bc87-7b7478d24056,1.7773441270818762e+18
b60b8918-719d-474c-bc87-7b7478d24056,1.7773441271152195e+18
b60b8918-719d-474c-bc87-7b7478d24056,1.7773441271485614e+18
b60b8918-719d-474c-bc87-7b7478d24056,1.7773441271819044e+18
b60b8918-719d-474c-bc87-7b7478d24056,1.7773441272152463e+18
b60b8918-719d-474c-bc87-7b7478d24056,1.7773441272485893e+18
b60b8918-719d-474c-bc87-7b7478d24056,1.7773441272819313e+18
b60b8918-719d-474c-bc87-7b7478d24056,1.7773441273152735e+18
b60b8918-719d-474c-bc87-7b7478d24056,1.7773441273486164e+18
b60b8918-719d-474c-bc87-7b7478d24056,1.7773441273819584e+18
b60b8918-719d-474c-bc87-7b7478d24056,1.7773441274153014e+18
b60b8918-719d-474c-bc87-7b7478d24056,1.7773441274486433e+18
b60b8918-719d-474c-bc87-7b7478d24056,1.7773441274819863e+18
b60b8918-719d-474c-bc87-7b7478d24056,1.7773441275153283e+18
b60b8918-719d-474c-bc87-7b7478d24056,1.7773441275486705e+18
b60b8918-719d-474c-bc87-7b7478d24056,1.7773441275820134e+18
b60b8918-719d-474c-bc87-7b7478d24056,1.7773441276153554e+18
b60b8918-719d-474c-bc87-7b7478d24056,1.7773441276486984e+18
b60b8918-719d-474c-bc87-7b7478d24056,1.7773441276820403e+18
b60b8918-719d-474c-bc87-7b7478d24056,1.7773441277153833e+18
b60b8918-719d-474c-bc87-7b7478d24056,1.7773441277487252e+18
b60b8918-719d-474c-bc87-7b7478d24056,1.7773441277820682e+18
b60b8918-719d-474c-bc87-7b7478d24056,1.7773441278154104e+18
b60b8918-719d-474c-bc87-7b7478d24056,1.7773441278487534e+18
b60b8918-719d-474c-bc87-7b7478d24056,1.7773441278820954e+18
b60b8918-719d-474c-bc87-7b7478d24056,1.7773441279154373e+18
b60b8918-719d-474c-bc87-7b7478d24056,1.7773441279487803e+18
b60b8918-719d-474c-bc87-7b7478d24056,1.7773441279821222e+18
b60b8918-719d-474c-bc87-7b7478d24056,1.7773441280154655e+18
b60b8918-719d-474c-bc87-7b7478d24056,1.7773441280488074e+18
b60b8918-719d-474c-bc87-7b7478d24056,1.7773441280821504e+18
b60b8918-719d-474c-bc87-7b7478d24056,1.7773441281154924e+18
b60b8918-719d-474c-bc87-7b7478d24056,1.7773441281488353e+18
b60b8918-719d-474c-bc87-7b7478d24056,1.7773441281821773e+18
b60b8918-719d-474c-bc87-7b7478d24056,1.7773441282155192e+18
b60b8918-719d-474c-bc87-7b7478d24056,1.7773441282488625e+18
b60b8918-719d-474c-bc87-7b7478d24056,1.7773441282822044e+18
b60b8918-719d-474c-bc87-7b7478d24056,1.7773441283155474e+18
b60b8918-719d-474c-bc87-7b7478d24056,1.7773441283488893e+18
b60b8918-719d-474c-bc87-7b7478d24056,1.7773441283822323e+18
b60b8918-719d-474c-bc87-7b7478d24056,1.7773441284155743e+18
b60b8918-719d-474c-bc87-7b7478d24056,1.7773441284489172e+18
b60b8918-719d-474c-bc87-7b7478d24056,1.7773441284822595e+18
b60b8918-719d-474c-bc87-7b7478d24056,1.7773441285156014e+18
b60b8918-719d-474c-bc87-7b7478d24056,1.7773441285489444e+18
b60b8918-719d-474c-bc87-7b7478d24056,1.7773441285822863e+18
b60b8918-719d-474c-bc87-7b7478d24056,1.7773441286156293e+18
b60b8918-719d-474c-bc87-7b7478d24056,1.7773441286489713e+18
b60b8918-719d-474c-bc87-7b7478d24056,1.7773441286823142e+18
b60b8918-719d-474c-bc87-7b7478d24056,1.7773441287156564e+18
b60b8918-719d-474c-bc87-7b7478d24056,1.7773441287489994e+18
b60b8918-719d-474c-bc87-7b7478d24056,1.7773441287823414e+18
b60b8918-719d-474c-bc87-7b7478d24056,1.7773441288156833e+18
b60b8918-719d-474c-bc87-7b7478d24056,1.7773441288490263e+18
b60b8918-719d-474c-bc87-7b7478d24056,1.7773441288823683e+18
b60b8918-719d-474c-bc87-7b7478d24056,1.7773441289157112e+18
b60b8918-719d-474c-bc87-7b7478d24056,1.7773441289490534e+18
b60b8918-719d-474c-bc87-7b7478d24056,1.7773441289823964e+18
b60b8918-719d-474c-bc87-7b7478d24056,1.7773441290157384e+18
b60b8918-719d-474c-bc87-7b7478d24056,1.7773441290490813e+18
b60b8918-719d-474c-bc87-7b7478d24056,1.7773441290824233e+18
b60b8918-719d-474c-bc87-7b7478d24056,1.7773441291157663e+18
b60b8918-719d-474c-bc87-7b7478d24056,1.7773441291491082e+18
b60b8918-719d-474c-bc87-7b7478d24056,1.7773441291824504e+18
b60b8918-719d-474c-bc87-7b7478d24056,1.7773441292157934e+18
b60b8918-719d-474c-bc87-7b7478d24056,1.7773441292491354e+18
b60b8918-719d-474c-bc87-7b7478d24056,1.7773441292824783e+18
b60b8918-719d-474c-bc87-7b7478d24056,1.7773441293158203e+18
b60b8918-719d-474c-bc87-7b7478d24056,1.7773441293491633e+18
b60b8918-719d-474c-bc87-7b7478d24056,1.7773441293825055e+18
b60b8918-719d-474c-bc87-7b7478d24056,1.7773441294158474e+18
b60b8918-719d-474c-bc87-7b7478d24056,1.7773441294491904e+18
b60b8918-719d-474c-bc87-7b7478d24056,1.7773441294825324e+18
b60b8918-719d-474c-bc87-7b7478d24056,1.7773441295158753e+18
b60b8918-719d-474c-bc87-7b7478d24056,1.7773441295492173e+18
b60b8918-719d-474c-bc87-7b7478d24056,1.7773441295825603e+18
b60b8918-719d-474c-bc87-7b7478d24056,1.7773441296159025e+18
b60b8918-719d-474c-bc87-7b7478d24056,1.7773441296492454e+18
b60b8918-719d-474c-bc87-7b7478d24056,1.7773441296825874e+18
b60b8918-719d-474c-bc87-7b7478d24056,1.7773441297159304e+18
b60b8918-719d-474c-bc87-7b7478d24056,1.7773441297492723e+18
b60b8918-719d-474c-bc87-7b7478d24056,1.7773441297826143e+18
b60b8918-719d-474c-bc87-7b7478d24056,1.7773441298159572e+18
b60b8918-719d-474c-bc87-7b7478d24056,1.7773441298492995e+18
b60b8918-719d-474c-bc87-7b7478d24056,1.7773441298826424e+18
b60b8918-719d-474c-bc87-7b7478d24056,1.7773441299159844e+18
b60b8918-719d-474c-bc87-7b7478d24056,1.7773441299493274e+18
b60b8918-719d-474c-bc87-7b7478d24056,1.7773441299826693e+18
b60b8918-719d-474c-bc87-7b7478d24056,1.7773441300160123e+18
b60b8918-719d-474c-bc87-7b7478d24056,1.7773441300493542e+18
b60b8918-719d-474c-bc87-7b7478d24056,1.7773441300826964e+18
b60b8918-719d-474c-bc87-7b7478d24056,1.7773441301160394e+18
b60b8918-719d-474c-bc87-7b7478d24056,1.7773441301493814e+18
b60b8918-719d-474c-bc87-7b7478d24056,1.7773441301827244e+18
b60b8918-719d-474c-bc87-7b7478d24056,1.7773441302160663e+18
b60b8918-719d-474c-bc87-7b7478d24056,1.7773441302494093e+18
b60b8918-719d-474c-bc87-7b7478d24056,1.7773441302827512e+18
b60b8918-719d-474c-bc87-7b7478d24056,1.7773441303160945e+18
b60b8918-719d-474c-bc87-7b7478d24056,1.7773441303494364e+18
b60b8918-719d-474c-bc87-7b7478d24056,1.7773441303827784e+18
b60b8918-719d-474c-bc87-7b7478d24056,1.7773441304161213e+18
b60b8918-719d-474c-bc87-7b7478d24056,1.7773441304494633e+18
b60b8918-719d-474c-bc87-7b7478d24056,1.7773441304828063e+18
b60b8918-719d-474c-bc87-7b7478d24056,1.7773441305161482e+18
b60b8918-719d-474c-bc87-7b7478d24056,1.7773441305494915e+18
b60b8918-719d-474c-bc87-7b7478d24056,1.7773441305828334e+18
b60b8918-719d-474c-bc87-7b7478d24056,1.7773441306161764e+18
b60b8918-719d-474c-bc87-7b7478d24056,1.7773441306495183e+18
b60b8918-719d-474c-bc87-7b7478d24056,1.7773441306828603e+18
b60b8918-719d-474c-bc87-7b7478d24056,1.7773441307162033e+18
b60b8918-719d-474c-bc87-7b7478d24056,1.7773441307495455e+18
b60b8918-719d-474c-bc87-7b7478d24056,1.7773441307828884e+18
b60b8918-719d-474c-bc87-7b7478d24056,1.7773441308162304e+18
b60b8918-719d-474c-bc87-7b7478d24056,1.7773441308495734e+18
b60b8918-719d-474c-bc87-7b7478d24056,1.7773441308829153e+18
b60b8918-719d-474c-bc87-7b7478d24056,1.7773441309162583e+18
b60b8918-719d-474c-bc87-7b7478d24056,1.7773441309496003e+18
b60b8918-719d-474c-bc87-7b7478d24056,1.7773441309829432e+18
b60b8918-719d-474c-bc87-7b7478d24056,1.7773441310162854e+18
b60b8918-719d-474c-bc87-7b7478d24056,1.7773441310496274e+18
b60b8918-719d-474c-bc87-7b7478d24056,1.7773441310829704e+18
b60b8918-719d-474c-bc87-7b7478d24056,1.7773441311163123e+18
b60b8918-719d-474c-bc87-7b7478d24056,1.7773441311496553e+18
b60b8918-719d-474c-bc87-7b7478d24056,1.7773441311829972e+18
b60b8918-719d-474c-bc87-7b7478d24056,1.7773441312163402e+18
b60b8918-719d-474c-bc87-7b7478d24056,1.7773441312496824e+18
b60b8918-719d-474c-bc87-7b7478d24056,1.7773441312830244e+18
b60b8918-719d-474c-bc87-7b7478d24056,1.7773441313163674e+18
b60b8918-719d-474c-bc87-7b7478d24056,1.7773441313497093e+18
b60b8918-719d-474c-bc87-7b7478d24056,1.7773441313830523e+18
b60b8918-719d-474c-bc87-7b7478d24056,1.7773441314163942e+18
b60b8918-719d-474c-bc87-7b7478d24056,1.7773441314497375e+18
b60b8918-719d-474c-bc87-7b7478d24056,1.7773441314830794e+18
b60b8918-719d-474c-bc87-7b7478d24056,1.7773441315164224e+18
b60b8918-719d-474c-bc87-7b7478d24056,1.7773441315497644e+18
b60b8918-719d-474c-bc87-7b7478d24056,1.7773441315831073e+18
b60b8918-719d-474c-bc87-7b7478d24056,1.7773441316164493e+18
b60b8918-719d-474c-bc87-7b7478d24056,1.7773441316497912e+18
b60b8918-719d-474c-bc87-7b7478d24056,1.7773441316831345e+18
b60b8918-719d-474c-bc87-7b7478d24056,1.7773441317164764e+18
b60b8918-719d-474c-bc87-7b7478d24056,1.7773441317498194e+18
b60b8918-719d-474c-bc87-7b7478d24056,1.7773441317831613e+18
b60b8918-719d-474c-bc87-7b7478d24056,1.7773441318165043e+18
b60b8918-719d-474c-bc87-7b7478d24056,1.7773441318498463e+18
b60b8918-719d-474c-bc87-7b7478d24056,1.7773441318831892e+18
b60b8918-719d-474c-bc87-7b7478d24056,1.7773441319165315e+18
b60b8918-719d-474c-bc87-7b7478d24056,1.7773441319498734e+18
b60b8918-719d-474c-bc87-7b7478d24056,1.7773441319832164e+18
b60b8918-719d-474c-bc87-7b7478d24056,1.7773441320165583e+18
b60b8918-719d-474c-bc87-7b7478d24056,1.7773441320499013e+18
b60b8918-719d-474c-bc87-7b7478d24056,1.7773441320832433e+18
b60b8918-719d-474c-bc87-7b7478d24056,1.7773441321165862e+18
b60b8918-719d-474c-bc87-7b7478d24056,1.7773441321499284e+18
b60b8918-719d-474c-bc87-7b7478d24056,1.7773441321832714e+18
b60b8918-719d-474c-bc87-7b7478d24056,1.7773441322166134e+18
b60b8918-719d-474c-bc87-7b7478d24056,1.7773441322499553e+18
b60b8918-719d-474c-bc87-7b7478d24056,1.7773441322832983e+18
b60b8918-719d-474c-bc87-7b7478d24056,1.7773441323166403e+18
b60b8918-719d-474c-bc87-7b7478d24056,1.7773441323499832e+18
b60b8918-719d-474c-bc87-7b7478d24056,1.7773441323833254e+18
b60b8918-719d-474c-bc87-7b7478d24056,1.7773441324166684e+18
b60b8918-719d-474c-bc87-7b7478d24056,1.7773441324500104e+18
b60b8918-719d-474c-bc87-7b7478d24056,1.7773441324833533e+18
b60b8918-719d-474c-bc87-7b7478d24056,1.7773441325166953e+18
b60b8918-719d-474c-bc87-7b7478d24056,1.7773441325500372e+18
b60b8918-719d-474c-bc87-7b7478d24056,1.7773441325833802e+18
b60b8918-719d-474c-bc87-7b7478d24056,1.7773441326167224e+18
b60b8918-719d-474c-bc87-7b7478d24056,1.7773441326500654e+18
b60b8918-719d-474c-bc87-7b7478d24056,1.7773441326834074e+18
b60b8918-719d-474c-bc87-7b7478d24056,1.7773441327167503e+18
b60b8918-719d-474c-bc87-7b7478d24056,1.7773441327500923e+18
b60b8918-719d-474c-bc87-7b7478d24056,1.7773441327834353e+18
b60b8918-719d-474c-bc87-7b7478d24056,1.7773441328167775e+18
b60b8918-719d-474c-bc87-7b7478d24056,1.7773441328501204e+18
b60b8918-719d-474c-bc87-7b7478d24056,1.7773441328834624e+18
b60b8918-719d-474c-bc87-7b7478d24056,1.7773441329168044e+18
b60b8918-719d-474c-bc87-7b7478d24056,1.7773441329501473e+18
b60b8918-719d-474c-bc87-7b7478d24056,1.7773441329834893e+18
b60b8918-719d-474c-bc87-7b7478d24056,1.7773441330168323e+18
b60b8918-719d-474c-bc87-7b7478d24056,1.7773441330501745e+18
b60b8918-719d-474c-bc87-7b7478d24056,1.7773441330835174e+18
b60b8918-719d-474c-bc87-7b7478d24056,1.7773441331168594e+18
b60b8918-719d-474c-bc87-7b7478d24056,1.7773441331502013e+18
b60b8918-719d-474c-bc87-7b7478d24056,1.7773441331835443e+18
b60b8918-719d-474c-bc87-7b7478d24056,1.7773441332168863e+18
b60b8918-719d-474c-bc87-7b7478d24056,1.7773441332502292e+18
b60b8918-719d-474c-bc87-7b7478d24056,1.7773441332835715e+18
b60b8918-719d-474c-bc87-7b7478d24056,1.7773441333169144e+18
b60b8918-719d-474c-bc87-7b7478d24056,1.7773441333502564e+18
b60b8918-719d-474c-bc87-7b7478d24056,1.7773441333835994e+18
b60b8918-719d-474c-bc87-7b7478d24056,1.7773441334169413e+18
b60b8918-719d-474c-bc87-7b7478d24056,1.7773441334502843e+18
b60b8918-719d-474c-bc87-7b7478d24056,1.7773441334836262e+18
b60b8918-719d-474c-bc87-7b7478d24056,1.7773441335169684e+18
b60b8918-719d-474c-bc87-7b7478d24056,1.7773441335503114e+18
b60b8918-719d-474c-bc87-7b7478d24056,1.7773441335836534e+18
b60b8918-719d-474c-bc87-7b7478d24056,1.7773441336169964e+18
b60b8918-719d-474c-bc87-7b7478d24056,1.7773441336503383e+18
b60b8918-719d-474c-bc87-7b7478d24056,1.7773441336836813e+18
b60b8918-719d-474c-bc87-7b7478d24056,1.7773441337170232e+18
b60b8918-719d-474c-bc87-7b7478d24056,1.7773441337503665e+18
b60b8918-719d-474c-bc87-7b7478d24056,1.7773441337837084e+18
b60b8918-719d-474c-bc87-7b7478d24056,1.7773441338170504e+18
b60b8918-719d-474c-bc87-7b7478d24056,1.7773441338503933e+18
b60b8918-719d-474c-bc87-7b7478d24056,1.7773441338837353e+18
b60b8918-719d-474c-bc87-7b7478d24056,1.7773441339170783e+18
b60b8918-719d-474c-bc87-7b7478d24056,1.7773441339504202e+18
b60b8918-719d-474c-bc87-7b7478d24056,1.7773441339837635e+18
b60b8918-719d-474c-bc87-7b7478d24056,1.7773441340171054e+18
b60b8918-719d-474c-bc87-7b7478d24056,1.7773441340504484e+18
b60b8918-719d-474c-bc87-7b7478d24056,1.7773441340837903e+18
b60b8918-719d-474c-bc87-7b7478d24056,1.7773441341171323e+18
b60b8918-719d-474c-bc87-7b7478d24056,1.7773441341504753e+18
b60b8918-719d-474c-bc87-7b7478d24056,1.7773441341838175e+18
b60b8918-719d-474c-bc87-7b7478d24056,1.7773441342171604e+18
b60b8918-719d-474c-bc87-7b7478d24056,1.7773441342505024e+18
b60b8918-719d-474c-bc87-7b7478d24056,1.7773441342838454e+18
b60b8918-719d-474c-bc87-7b7478d24056,1.7773441343171873e+18
b60b8918-719d-474c-bc87-7b7478d24056,1.7773441343505303e+18
b60b8918-719d-474c-bc87-7b7478d24056,1.7773441343838723e+18
b60b8918-719d-474c-bc87-7b7478d24056,1.7773441344172145e+18
b60b8918-719d-474c-bc87-7b7478d24056,1.7773441344505574e+18
b60b8918-719d-474c-bc87-7b7478d24056,1.7773441344838994e+18
b60b8918-719d-474c-bc87-7b7478d24056,1.7773441345172424e+18
b60b8918-719d-474c-bc87-7b7478d24056,1.7773441345505843e+18
b60b8918-719d-474c-bc87-7b7478d24056,1.7773441345839273e+18
b60b8918-719d-474c-bc87-7b7478d24056,1.7773441346172692e+18
b60b8918-719d-474c-bc87-7b7478d24056,1.7773441346506122e+18
b60b8918-719d-474c-bc87-7b7478d24056,1.7773441346839544e+18
b60b8918-719d-474c-bc87-7b7478d24056,1.7773441347172974e+18
b60b8918-719d-474c-bc87-7b7478d24056,1.7773441347506394e+18
b60b8918-719d-474c-bc87-7b7478d24056,1.7773441347839813e+18
b60b8918-719d-474c-bc87-7b7478d24056,1.7773441348173243e+18
b60b8918-719d-474c-bc87-7b7478d24056,1.7773441348506662e+18
b60b8918-719d-474c-bc87-7b7478d24056,1.7773441348840095e+18
b60b8918-719d-474c-bc87-7b7478d24056,1.7773441349173514e+18
b60b8918-719d-474c-bc87-7b7478d24056,1.7773441349506944e+18
b60b8918-719d-474c-bc87-7b7478d24056,1.7773441349840364e+18
b60b8918-719d-474c-bc87-7b7478d24056,1.7773441350173783e+18
b60b8918-719d-474c-bc87-7b7478d24056,1.7773441350507213e+18
b60b8918-719d-474c-bc87-7b7478d24056,1.7773441350840632e+18
b60b8918-719d-474c-bc87-7b7478d24056,1.7773441351174065e+18
b60b8918-719d-474c-bc87-7b7478d24056,1.7773441351507484e+18
b60b8918-719d-474c-bc87-7b7478d24056,1.7773441351840914e+18
b60b8918-719d-474c-bc87-7b7478d24056,1.7773441352174333e+18
b60b8918-719d-474c-bc87-7b7478d24056,1.7773441352507763e+18
b60b8918-719d-474c-bc87-7b7478d24056,1.7773441352841183e+18
b60b8918-719d-474c-bc87-7b7478d24056,1.7773441353174612e+18
b60b8918-719d-474c-bc87-7b7478d24056,1.7773441353508035e+18
b60b8918-719d-474c-bc87-7b7478d24056,1.7773441353841454e+18
b60b8918-719d-474c-bc87-7b7478d24056,1.7773441354174884e+18
b60b8918-719d-474c-bc87-7b7478d24056,1.7773441354508303e+18
b60b8918-719d-474c-bc87-7b7478d24056,1.7773441354841733e+18
b60b8918-719d-474c-bc87-7b7478d24056,1.7773441355175153e+18
b60b8918-719d-474c-bc87-7b7478d24056,1.7773441355508582e+18
b60b8918-719d-474c-bc87-7b7478d24056,1.7773441355842004e+18
b60b8918-719d-474c-bc87-7b7478d24056,1.7773441356175434e+18
b60b8918-719d-474c-bc87-7b7478d24056,1.7773441356508854e+18
b60b8918-719d-474c-bc87-7b7478d24056,1.7773441356842273e+18
b60b8918-719d-474c-bc87-7b7478d24056,1.7773441357175703e+18
b60b8918-719d-474c-bc87-7b7478d24056,1.7773441357509123e+18
b60b8918-719d-474c-bc87-7b7478d24056,1.7773441357842552e+18
b60b8918-719d-474c-bc87-7b7478d24056,1.7773441358175974e+18
b60b8918-719d-474c-bc87-7b7478d24056,1.7773441358509404e+18
b60b8918-719d-474c-bc87-7b7478d24056,1.7773441358842824e+18
b60b8918-719d-474c-bc87-7b7478d24056,1.7773441359176253e+18
b60b8918-719d-474c-bc87-7b7478d24056,1.7773441359509673e+18
b60b8918-719d-474c-bc87-7b7478d24056,1.7773441359843092e+18
b60b8918-719d-474c-bc87-7b7478d24056,1.7773441360176522e+18
b60b8918-719d-474c-bc87-7b7478d24056,1.7773441360509944e+18
b60b8918-719d-474c-bc87-7b7478d24056,1.7773441360843374e+18
b60b8918-719d-474c-bc87-7b7478d24056,1.7773441361176794e+18
b60b8918-719d-474c-bc87-7b7478d24056,1.7773441361510223e+18
b60b8918-719d-474c-bc87-7b7478d24056,1.7773441361843643e+18
b60b8918-719d-474c-bc87-7b7478d24056,1.7773441362177073e+18
b60b8918-719d-474c-bc87-7b7478d24056,1.7773441362510495e+18
b60b8918-719d-474c-bc87-7b7478d24056,1.7773441362843924e+18
b60b8918-719d-474c-bc87-7b7478d24056,1.7773441363177344e+18
b60b8918-719d-474c-bc87-7b7478d24056,1.7773441363510764e+18
b60b8918-719d-474c-bc87-7b7478d24056,1.7773441363844193e+18
b60b8918-719d-474c-bc87-7b7478d24056,1.7773441364177613e+18
b60b8918-719d-474c-bc87-7b7478d24056,1.7773441364511043e+18
b60b8918-719d-474c-bc87-7b7478d24056,1.7773441364844465e+18
b60b8918-719d-474c-bc87-7b7478d24056,1.7773441365177894e+18
b60b8918-719d-474c-bc87-7b7478d24056,1.7773441365511314e+18
b60b8918-719d-474c-bc87-7b7478d24056,1.7773441365844744e+18
b60b8918-719d-474c-bc87-7b7478d24056,1.7773441366178163e+18
b60b8918-719d-474c-bc87-7b7478d24056,1.7773441366511583e+18
b60b8918-719d-474c-bc87-7b7478d24056,1.7773441366845012e+18
b60b8918-719d-474c-bc87-7b7478d24056,1.7773441367178435e+18
b60b8918-719d-474c-bc87-7b7478d24056,1.7773441367511864e+18
b60b8918-719d-474c-bc87-7b7478d24056,1.7773441367845284e+18
b60b8918-719d-474c-bc87-7b7478d24056,1.7773441368178714e+18
b60b8918-719d-474c-bc87-7b7478d24056,1.7773441368512133e+18
b60b8918-719d-474c-bc87-7b7478d24056,1.7773441368845563e+18
b60b8918-719d-474c-bc87-7b7478d24056,1.7773441369178982e+18
b60b8918-719d-474c-bc87-7b7478d24056,1.7773441369512404e+18
b60b8918-719d-474c-bc87-7b7478d24056,1.7773441369845834e+18
b60b8918-719d-474c-bc87-7b7478d24056,1.7773441370179254e+18
b60b8918-719d-474c-bc87-7b7478d24056,1.7773441370512684e+18
b60b8918-719d-474c-bc87-7b7478d24056,1.7773441370846103e+18
b60b8918-719d-474c-bc87-7b7478d24056,1.7773441371179533e+18
b60b8918-719d-474c-bc87-7b7478d24056,1.7773441371512952e+18
b60b8918-719d-474c-bc87-7b7478d24056,1.7773441371846385e+18
b60b8918-719d-474c-bc87-7b7478d24056,1.7773441372179804e+18
b60b8918-719d-474c-bc87-7b7478d24056,1.7773441372513234e+18
b60b8918-719d-474c-bc87-7b7478d24056,1.7773441372846653e+18
b60b8918-719d-474c-bc87-7b7478d24056,1.7773441373180073e+18
b60b8918-719d-474c-bc87-7b7478d24056,1.7773441373513503e+18
b60b8918-719d-474c-bc87-7b7478d24056,1.7773441373846922e+18
b60b8918-719d-474c-bc87-7b7478d24056,1.7773441374180355e+18
b60b8918-719d-474c-bc87-7b7478d24056,1.7773441374513774e+18
b60b8918-719d-474c-bc87-7b7478d24056,1.7773441374847204e+18
b60b8918-719d-474c-bc87-7b7478d24056,1.7773441375180623e+18
b60b8918-719d-474c-bc87-7b7478d24056,1.7773441375514043e+18
b60b8918-719d-474c-bc87-7b7478d24056,1.7773441375847473e+18
b60b8918-719d-474c-bc87-7b7478d24056,1.7773441376180895e+18
b60b8918-719d-474c-bc87-7b7478d24056,1.7773441376514324e+18
b60b8918-719d-474c-bc87-7b7478d24056,1.7773441376847744e+18
b60b8918-719d-474c-bc87-7b7478d24056,1.7773441377181174e+18
b60b8918-719d-474c-bc87-7b7478d24056,1.7773441377514593e+18
b60b8918-719d-474c-bc87-7b7478d24056,1.7773441377848023e+18
b60b8918-719d-474c-bc87-7b7478d24056,1.7773441378181443e+18
b60b8918-719d-474c-bc87-7b7478d24056,1.7773441378514872e+18
b60b8918-719d-474c-bc87-7b7478d24056,1.7773441378848294e+18
b60b8918-719d-474c-bc87-7b7478d24056,1.7773441379181714e+18
b60b8918-719d-474c-bc87-7b7478d24056,1.7773441379515144e+18
b60b8918-719d-474c-bc87-7b7478d24056,1.7773441379848563e+18
b60b8918-719d-474c-bc87-7b7478d24056,1.7773441380181993e+18
b60b8918-719d-474c-bc87-7b7478d24056,1.7773441380515412e+18
b60b8918-719d-474c-bc87-7b7478d24056,1.7773441380848842e+18
b60b8918-719d-474c-bc87-7b7478d24056,1.7773441381182264e+18
b60b8918-719d-474c-bc87-7b7478d24056,1.7773441381515694e+18
b60b8918-719d-474c-bc87-7b7478d24056,1.7773441381849114e+18
b60b8918-719d-474c-bc87-7b7478d24056,1.7773441382182533e+18
b60b8918-719d-474c-bc87-7b7478d24056,1.7773441382515963e+18
b60b8918-719d-474c-bc87-7b7478d24056,1.7773441382849382e+18
b60b8918-719d-474c-bc87-7b7478d24056,1.7773441383182815e+18
b60b8918-719d-474c-bc87-7b7478d24056,1.7773441383516234e+18
b60b8918-719d-474c-bc87-7b7478d24056,1.7773441383849664e+18
b60b8918-719d-474c-bc87-7b7478d24056,1.7773441384183084e+18
b60b8918-719d-474c-bc87-7b7478d24056,1.7773441384516513e+18
b60b8918-719d-474c-bc87-7b7478d24056,1.7773441384849933e+18
b60b8918-719d-474c-bc87-7b7478d24056,1.7773441385183352e+18
b60b8918-719d-474c-bc87-7b7478d24056,1.7773441385516785e+18
b60b8918-719d-474c-bc87-7b7478d24056,1.7773441385850204e+18
b60b8918-719d-474c-bc87-7b7478d24056,1.7773441386183634e+18
b60b8918-719d-474c-bc87-7b7478d24056,1.7773441386517053e+18
b60b8918-719d-474c-bc87-7b7478d24056,1.7773441386850483e+18
b60b8918-719d-474c-bc87-7b7478d24056,1.7773441387183903e+18
b60b8918-719d-474c-bc87-7b7478d24056,1.7773441387517332e+18
b60b8918-719d-474c-bc87-7b7478d24056,1.7773441387850755e+18
b60b8918-719d-474c-bc87-7b7478d24056,1.7773441388184174e+18
b60b8918-719d-474c-bc87-7b7478d24056,1.7773441388517604e+18
b60b8918-719d-474c-bc87-7b7478d24056,1.7773441388851023e+18
b60b8918-719d-474c-bc87-7b7478d24056,1.7773441389184453e+18
b60b8918-719d-474c-bc87-7b7478d24056,1.7773441389517873e+18
b60b8918-719d-474c-bc87-7b7478d24056,1.7773441389851302e+18
b60b8918-719d-474c-bc87-7b7478d24056,1.7773441390184724e+18
b60b8918-719d-474c-bc87-7b7478d24056,1.7773441390518154e+18
b60b8918-719d-474c-bc87-7b7478d24056,1.7773441390851574e+18
b60b8918-719d-474c-bc87-7b7478d24056,1.7773441391185004e+18
b60b8918-719d-474c-bc87-7b7478d24056,1.7773441391518423e+18
b60b8918-719d-474c-bc87-7b7478d24056,1.7773441391851843e+18
b60b8918-719d-474c-bc87-7b7478d24056,1.7773441392185272e+18
b60b8918-719d-474c-bc87-7b7478d24056,1.7773441392518694e+18
b60b8918-719d-474c-bc87-7b7478d24056,1.7773441392852124e+18
b60b8918-719d-474c-bc87-7b7478d24056,1.7773441393185544e+18
b60b8918-719d-474c-bc87-7b7478d24056,1.7773441393518973e+18
b60b8918-719d-474c-bc87-7b7478d24056,1.7773441393852393e+18
b60b8918-719d-474c-bc87-7b7478d24056,1.7773441394185812e+18
b60b8918-719d-474c-bc87-7b7478d24056,1.7773441394519242e+18
b60b8918-719d-474c-bc87-7b7478d24056,1.7773441394852664e+18
b60b8918-719d-474c-bc87-7b7478d24056,1.7773441395186094e+18
b60b8918-719d-474c-bc87-7b7478d24056,1.7773441395519514e+18
b60b8918-719d-474c-bc87-7b7478d24056,1.7773441395852943e+18
b60b8918-719d-474c-bc87-7b7478d24056,1.7773441396186363e+18
b60b8918-719d-474c-bc87-7b7478d24056,1.7773441396519793e+18
b60b8918-719d-474c-bc87-7b7478d24056,1.7773441396853215e+18
b60b8918-719d-474c-bc87-7b7478d24056,1.7773441397186644e+18
b60b8918-719d-474c-bc87-7b7478d24056,1.7773441397520064e+18
b60b8918-719d-474c-bc87-7b7478d24056,1.7773441397853484e+18
b60b8918-719d-474c-bc87-7b7478d24056,1.7773441398186913e+18
b60b8918-719d-474c-bc87-7b7478d24056,1.7773441398520333e+18
b60b8918-719d-474c-bc87-7b7478d24056,1.7773441398853763e+18
b60b8918-719d-474c-bc87-7b7478d24056,1.7773441399187185e+18
b60b8918-719d-474c-bc87-7b7478d24056,1.7773441399520614e+18
b60b8918-719d-474c-bc87-7b7478d24056,1.7773441399854034e+18
b60b8918-719d-474c-bc87-7b7478d24056,1.7773441400187464e+18
b60b8918-719d-474c-bc87-7b7478d24056,1.7773441400520883e+18
b60b8918-719d-474c-bc87-7b7478d24056,1.7773441400854303e+18
b60b8918-719d-474c-bc87-7b7478d24056,1.7773441401187732e+18
b60b8918-719d-474c-bc87-7b7478d24056,1.7773441401521155e+18
b60b8918-719d-474c-bc87-7b7478d24056,1.7773441401854584e+18
b60b8918-719d-474c-bc87-7b7478d24056,1.7773441402188004e+18
b60b8918-719d-474c-bc87-7b7478d24056,1.7773441402521434e+18
b60b8918-719d-474c-bc87-7b7478d24056,1.7773441402854853e+18
b60b8918-719d-474c-bc87-7b7478d24056,1.7773441403188283e+18
b60b8918-719d-474c-bc87-7b7478d24056,1.7773441403521702e+18
b60b8918-719d-474c-bc87-7b7478d24056,1.7773441403855124e+18
b60b8918-719d-474c-bc87-7b7478d24056,1.7773441404188554e+18
b60b8918-719d-474c-bc87-7b7478d24056,1.7773441404521974e+18
b60b8918-719d-474c-bc87-7b7478d24056,1.7773441404855404e+18
b60b8918-719d-474c-bc87-7b7478d24056,1.7773441405188823e+18
b60b8918-719d-474c-bc87-7b7478d24056,1.7773441405522253e+18
b60b8918-719d-474c-bc87-7b7478d24056,1.7773441405855672e+18
b60b8918-719d-474c-bc87-7b7478d24056,1.7773441406189105e+18
b60b8918-719d-474c-bc87-7b7478d24056,1.7773441406522524e+18
b60b8918-719d-474c-bc87-7b7478d24056,1.7773441406855944e+18
b60b8918-719d-474c-bc87-7b7478d24056,1.7773441407189373e+18
b60b8918-719d-474c-bc87-7b7478d24056,1.7773441407522793e+18
b60b8918-719d-474c-bc87-7b7478d24056,1.7773441407856223e+18
b60b8918-719d-474c-bc87-7b7478d24056,1.7773441408189642e+18
b60b8918-719d-474c-bc87-7b7478d24056,1.7773441408523075e+18
b60b8918-719d-474c-bc87-7b7478d24056,1.7773441408856494e+18
b60b8918-719d-474c-bc87-7b7478d24056,1.7773441409189924e+18
b60b8918-719d-474c-bc87-7b7478d24056,1.7773441409523343e+18
b60b8918-719d-474c-bc87-7b7478d24056,1.7773441409856773e+18
b60b8918-719d-474c-bc87-7b7478d24056,1.7773441410190193e+18
b60b8918-719d-474c-bc87-7b7478d24056,1.7773441410523615e+18
b60b8918-719d-474c-bc87-7b7478d24056,1.7773441410857044e+18
b60b8918-719d-474c-bc87-7b7478d24056,1.7773441411190464e+18
b60b8918-719d-474c-bc87-7b7478d24056,1.7773441411523894e+18
b60b8918-719d-474c-bc87-7b7478d24056,1.7773441411857313e+18
b60b8918-719d-474c-bc87-7b7478d24056,1.7773441412190743e+18
b60b8918-719d-474c-bc87-7b7478d24056,1.7773441412524163e+18
b60b8918-719d-474c-bc87-7b7478d24056,1.7773441412857585e+18
b60b8918-719d-474c-bc87-7b7478d24056,1.7773441413191014e+18
b60b8918-719d-474c-bc87-7b7478d24056,1.7773441413524434e+18
b60b8918-719d-474c-bc87-7b7478d24056,1.7773441413857864e+18
b60b8918-719d-474c-bc87-7b7478d24056,1.7773441414191283e+18
b60b8918-719d-474c-bc87-7b7478d24056,1.7773441414524713e+18
b60b8918-719d-474c-bc87-7b7478d24056,1.7773441414858132e+18
b60b8918-719d-474c-bc87-7b7478d24056,1.7773441415191562e+18
b60b8918-719d-474c-bc87-7b7478d24056,1.7773441415524984e+18
b60b8918-719d-474c-bc87-7b7478d24056,1.7773441415858414e+18
b60b8918-719d-474c-bc87-7b7478d24056,1.7773441416191834e+18
b60b8918-719d-474c-bc87-7b7478d24056,1.7773441416525253e+18
b60b8918-719d-474c-bc87-7b7478d24056,1.7773441416858683e+18
b60b8918-719d-474c-bc87-7b7478d24056,1.7773441417192102e+18
b60b8918-719d-474c-bc87-7b7478d24056,1.7773441417525535e+18
b60b8918-719d-474c-bc87-7b7478d24056,1.7773441417858954e+18
b60b8918-719d-474c-bc87-7b7478d24056,1.7773441418192384e+18
b60b8918-719d-474c-bc87-7b7478d24056,1.7773441418525804e+18
b60b8918-719d-474c-bc87-7b7478d24056,1.7773441418859233e+18
b60b8918-719d-474c-bc87-7b7478d24056,1.7773441419192653e+18
b60b8918-719d-474c-bc87-7b7478d24056,1.7773441419526072e+18
b60b8918-719d-474c-bc87-7b7478d24056,1.7773441419859505e+18
b60b8918-719d-474c-bc87-7b7478d24056,1.7773441420192924e+18
b60b8918-719d-474c-bc87-7b7478d24056,1.7773441420526354e+18
b60b8918-719d-474c-bc87-7b7478d24056,1.7773441420859773e+18
b60b8918-719d-474c-bc87-7b7478d24056,1.7773441421193203e+18
b60b8918-719d-474c-bc87-7b7478d24056,1.7773441421526623e+18
b60b8918-719d-474c-bc87-7b7478d24056,1.7773441421860052e+18
b60b8918-719d-474c-bc87-7b7478d24056,1.7773441422193475e+18
b60b8918-719d-474c-bc87-7b7478d24056,1.7773441422526894e+18
b60b8918-719d-474c-bc87-7b7478d24056,1.7773441422860324e+18
b60b8918-719d-474c-bc87-7b7478d24056,1.7773441423193743e+18
b60b8918-719d-474c-bc87-7b7478d24056,1.7773441423527173e+18
b60b8918-719d-474c-bc87-7b7478d24056,1.7773441423860593e+18
b60b8918-719d-474c-bc87-7b7478d24056,1.7773441424194022e+18
b60b8918-719d-474c-bc87-7b7478d24056,1.7773441424527444e+18
b60b8918-719d-474c-bc87-7b7478d24056,1.7773441424860874e+18
b60b8918-719d-474c-bc87-7b7478d24056,1.7773441425194294e+18
b60b8918-719d-474c-bc87-7b7478d24056,1.7773441425527713e+18
b60b8918-719d-474c-bc87-7b7478d24056,1.7773441425861143e+18
b60b8918-719d-474c-bc87-7b7478d24056,1.7773441426194563e+18
b60b8918-719d-474c-bc87-7b7478d24056,1.7773441426527992e+18
b60b8918-719d-474c-bc87-7b7478d24056,1.7773441426861414e+18
b60b8918-719d-474c-bc87-7b7478d24056,1.7773441427194844e+18
b60b8918-719d-474c-bc87-7b7478d24056,1.7773441427528264e+18
b60b8918-719d-474c-bc87-7b7478d24056,1.7773441427861693e+18
b60b8918-719d-474c-bc87-7b7478d24056,1.7773441428195113e+18
b60b8918-719d-474c-bc87-7b7478d24056,1.7773441428528543e+18
b60b8918-719d-474c-bc87-7b7478d24056,1.7773441428861962e+18
b60b8918-719d-474c-bc87-7b7478d24056,1.7773441429195384e+18
b60b8918-719d-474c-bc87-7b7478d24056,1.7773441429528814e+18
b60b8918-719d-474c-bc87-7b7478d24056,1.7773441429862234e+18
b60b8918-719d-474c-bc87-7b7478d24056,1.7773441430195663e+18
b60b8918-719d-474c-bc87-7b7478d24056,1.7773441430529083e+18
b60b8918-719d-474c-bc87-7b7478d24056,1.7773441430862513e+18
b60b8918-719d-474c-bc87-7b7478d24056,1.7773441431195935e+18
b60b8918-719d-474c-bc87-7b7478d24056,1.7773441431529354e+18
b60b8918-719d-474c-bc87-7b7478d24056,1.7773441431862784e+18
b60b8918-719d-474c-bc87-7b7478d24056,1.7773441432196204e+18
b60b8918-719d-474c-bc87-7b7478d24056,1.7773441432529633e+18
b60b8918-719d-474c-bc87-7b7478d24056,1.7773441432863053e+18
b60b8918-719d-474c-bc87-7b7478d24056,1.7773441433196483e+18
b60b8918-719d-474c-bc87-7b7478d24056,1.7773441433529905e+18
b60b8918-719d-474c-bc87-7b7478d24056,1.7773441433863334e+18
b60b8918-719d-474c-bc87-7b7478d24056,1.7773441434196754e+18
b60b8918-719d-474c-bc87-7b7478d24056,1.7773441434530184e+18
b60b8918-719d-474c-bc87-7b7478d24056,1.7773441434863603e+18
b60b8918-719d-474c-bc87-7b7478d24056,1.7773441435197023e+18
b60b8918-719d-474c-bc87-7b7478d24056,1.7773441435530452e+18
b60b8918-719d-474c-bc87-7b7478d24056,1.7773441435863875e+18
b60b8918-719d-474c-bc87-7b7478d24056,1.7773441436197304e+18
b60b8918-719d-474c-bc87-7b7478d24056,1.7773441436530724e+18
b60b8918-719d-474c-bc87-7b7478d24056,1.7773441436864154e+18
b60b8918-719d-474c-bc87-7b7478d24056,1.7773441437197573e+18
b60b8918-719d-474c-bc87-7b7478d24056,1.7773441437531003e+18
b60b8918-719d-474c-bc87-7b7478d24056,1.7773441437864422e+18
b60b8918-719d-474c-bc87-7b7478d24056,1.7773441438197844e+18
b60b8918-719d-474c-bc87-7b7478d24056,1.7773441438531274e+18
b60b8918-719d-474c-bc87-7b7478d24056,1.7773441438864694e+18
b60b8918-719d-474c-bc87-7b7478d24056,1.7773441439198124e+18
b60b8918-719d-474c-bc87-7b7478d24056,1.7773441439531543e+18
b60b8918-719d-474c-bc87-7b7478d24056,1.7773441439864973e+18
b60b8918-719d-474c-bc87-7b7478d24056,1.7773441440198392e+18
b60b8918-719d-474c-bc87-7b7478d24056,1.7773441440531825e+18
b60b8918-719d-474c-bc87-7b7478d24056,1.7773441440865244e+18
b60b8918-719d-474c-bc87-7b7478d24056,1.7773441441198664e+18
b60b8918-719d-474c-bc87-7b7478d24056,1.7773441441532093e+18
b60b8918-719d-474c-bc87-7b7478d24056,1.7773441441865513e+18
b60b8918-719d-474c-bc87-7b7478d24056,1.7773441442198943e+18
b60b8918-719d-474c-bc87-7b7478d24056,1.7773441442532362e+18
b60b8918-719d-474c-bc87-7b7478d24056,1.7773441442865795e+18
b60b8918-719d-474c-bc87-7b7478d24056,1.7773441443199214e+18
b60b8918-719d-474c-bc87-7b7478d24056,1.7773441443532644e+18
b60b8918-719d-474c-bc87-7b7478d24056,1.7773441443866063e+18
b60b8918-719d-474c-bc87-7b7478d24056,1.7773441444199483e+18
b60b8918-719d-474c-bc87-7b7478d24056,1.7773441444532913e+18
b60b8918-719d-474c-bc87-7b7478d24056,1.7773441444866335e+18
b60b8918-719d-474c-bc87-7b7478d24056,1.7773441445199764e+18
b60b8918-719d-474c-bc87-7b7478d24056,1.7773441445533184e+18
b60b8918-719d-474c-bc87-7b7478d24056,1.7773441445866614e+18
b60b8918-719d-474c-bc87-7b7478d24056,1.7773441446200033e+18
b60b8918-719d-474c-bc87-7b7478d24056,1.7773441446533463e+18
b60b8918-719d-474c-bc87-7b7478d24056,1.7773441446866883e+18
b60b8918-719d-474c-bc87-7b7478d24056,1.7773441447200312e+18
b60b8918-719d-474c-bc87-7b7478d24056,1.7773441447533734e+18
b60b8918-719d-474c-bc87-7b7478d24056,1.7773441447867154e+18
b60b8918-719d-474c-bc87-7b7478d24056,1.7773441448200584e+18
b60b8918-719d-474c-bc87-7b7478d24056,1.7773441448534003e+18
b60b8918-719d-474c-bc87-7b7478d24056,1.7773441448867433e+18
b60b8918-719d-474c-bc87-7b7478d24056,1.7773441449200852e+18
b60b8918-719d-474c-bc87-7b7478d24056,1.7773441449534282e+18
b60b8918-719d-474c-bc87-7b7478d24056,1.7773441449867704e+18
b60b8918-719d-474c-bc87-7b7478d24056,1.7773441450201124e+18
b60b8918-719d-474c-bc87-7b7478d24056,1.7773441450534554e+18
b60b8918-719d-474c-bc87-7b7478d24056,1.7773441450867973e+18
b60b8918-719d-474c-bc87-7b7478d24056,1.7773441451201403e+18
b60b8918-719d-474c-bc87-7b7478d24056,1.7773441451534822e+18
b60b8918-719d-474c-bc87-7b7478d24056,1.7773441451868255e+18
b60b8918-719d-474c-bc87-7b7478d24056,1.7773441452201674e+18
b60b8918-719d-474c-bc87-7b7478d24056,1.7773441452535104e+18
b60b8918-719d-474c-bc87-7b7478d24056,1.7773441452868524e+18
b60b8918-719d-474c-bc87-7b7478d24056,1.7773441453201953e+18
b60b8918-719d-474c-bc87-7b7478d24056,1.7773441453535373e+18
b60b8918-719d-474c-bc87-7b7478d24056,1.7773441453868792e+18
b60b8918-719d-474c-bc87-7b7478d24056,1.7773441454202225e+18
b60b8918-719d-474c-bc87-7b7478d24056,1.7773441454535644e+18
b60b8918-719d-474c-bc87-7b7478d24056,1.7773441454869074e+18
b60b8918-719d-474c-bc87-7b7478d24056,1.7773441455202493e+18
b60b8918-719d-474c-bc87-7b7478d24056,1.7773441455535923e+18
b60b8918-719d-474c-bc87-7b7478d24056,1.7773441455869343e+18
b60b8918-719d-474c-bc87-7b7478d24056,1.7773441456202772e+18
b60b8918-719d-474c-bc87-7b7478d24056,1.7773441456536195e+18
b60b8918-719d-474c-bc87-7b7478d24056,1.7773441456869614e+18
b60b8918-719d-474c-bc87-7b7478d24056,1.7773441457203044e+18
b60b8918-719d-474c-bc87-7b7478d24056,1.7773441457536463e+18
b60b8918-719d-474c-bc87-7b7478d24056,1.7773441457869893e+18
b60b8918-719d-474c-bc87-7b7478d24056,1.7773441458203313e+18
b60b8918-719d-474c-bc87-7b7478d24056,1.7773441458536742e+18
b60b8918-719d-474c-bc87-7b7478d24056,1.7773441458870164e+18
b60b8918-719d-474c-bc87-7b7478d24056,1.7773441459203594e+18
b60b8918-719d-474c-bc87-7b7478d24056,1.7773441459537014e+18
b60b8918-719d-474c-bc87-7b7478d24056,1.7773441459870433e+18
b60b8918-719d-474c-bc87-7b7478d24056,1.7773441460203863e+18
b60b8918-719d-474c-bc87-7b7478d24056,1.7773441460537283e+18
b60b8918-719d-474c-bc87-7b7478d24056,1.7773441460870712e+18
b60b8918-719d-474c-bc87-7b7478d24056,1.7773441461204134e+18
b60b8918-719d-474c-bc87-7b7478d24056,1.7773441461537564e+18
b60b8918-719d-474c-bc87-7b7478d24056,1.7773441461870984e+18
b60b8918-719d-474c-bc87-7b7478d24056,1.7773441462204413e+18
b60b8918-719d-474c-bc87-7b7478d24056,1.7773441462537833e+18
b60b8918-719d-474c-bc87-7b7478d24056,1.7773441462871252e+18
b60b8918-719d-474c-bc87-7b7478d24056,1.7773441463204682e+18
b60b8918-719d-474c-bc87-7b7478d24056,1.7773441463538104e+18
b60b8918-719d-474c-bc87-7b7478d24056,1.7773441463871534e+18
b60b8918-719d-474c-bc87-7b7478d24056,1.7773441464204954e+18
b60b8918-719d-474c-bc87-7b7478d24056,1.7773441464538383e+18
b60b8918-719d-474c-bc87-7b7478d24056,1.7773441464871803e+18
b60b8918-719d-474c-bc87-7b7478d24056,1.7773441465205233e+18
b60b8918-719d-474c-bc87-7b7478d24056,1.7773441465538655e+18
b60b8918-719d-474c-bc87-7b7478d24056,1.7773441465872084e+18
b60b8918-719d-474c-bc87-7b7478d24056,1.7773441466205504e+18
b60b8918-719d-474c-bc87-7b7478d24056,1.7773441466538924e+18
b60b8918-719d-474c-bc87-7b7478d24056,1.7773441466872353e+18
b60b8918-719d-474c-bc87-7b7478d24056,1.7773441467205773e+18
b60b8918-719d-474c-bc87-7b7478d24056,1.7773441467539203e+18
b60b8918-719d-474c-bc87-7b7478d24056,1.7773441467872625e+18
b60b8918-719d-474c-bc87-7b7478d24056,1.7773441468206054e+18
b60b8918-719d-474c-bc87-7b7478d24056,1.7773441468539474e+18
b60b8918-719d-474c-bc87-7b7478d24056,1.7773441468872893e+18
b60b8918-719d-474c-bc87-7b7478d24056,1.7773441469206323e+18
b60b8918-719d-474c-bc87-7b7478d24056,1.7773441469539743e+18
b60b8918-719d-474c-bc87-7b7478d24056,1.7773441469873172e+18
b60b8918-719d-474c-bc87-7b7478d24056,1.7773441470206595e+18
b60b8918-719d-474c-bc87-7b7478d24056,1.7773441470540024e+18
b60b8918-719d-474c-bc87-7b7478d24056,1.7773441470873444e+18
b60b8918-719d-474c-bc87-7b7478d24056,1.7773441471206874e+18
b60b8918-719d-474c-bc87-7b7478d24056,1.7773441471540293e+18
b60b8918-719d-474c-bc87-7b7478d24056,1.7773441471873723e+18
b60b8918-719d-474c-bc87-7b7478d24056,1.7773441472207142e+18
b60b8918-719d-474c-bc87-7b7478d24056,1.7773441472540564e+18
b60b8918-719d-474c-bc87-7b7478d24056,1.7773441472873994e+18
b60b8918-719d-474c-bc87-7b7478d24056,1.7773441473207414e+18
b60b8918-719d-474c-bc87-7b7478d24056,1.7773441473540844e+18
b60b8918-719d-474c-bc87-7b7478d24056,1.7773441473874263e+18
b60b8918-719d-474c-bc87-7b7478d24056,1.7773441474207693e+18
b60b8918-719d-474c-bc87-7b7478d24056,1.7773441474541112e+18
b60b8918-719d-474c-bc87-7b7478d24056,1.7773441474874545e+18
b60b8918-719d-474c-bc87-7b7478d24056,1.7773441475207964e+18
b60b8918-719d-474c-bc87-7b7478d24056,1.7773441475541384e+18
b60b8918-719d-474c-bc87-7b7478d24056,1.7773441475874813e+18
b60b8918-719d-474c-bc87-7b7478d24056,1.7773441476208233e+18
b60b8918-719d-474c-bc87-7b7478d24056,1.7773441476541663e+18
b60b8918-719d-474c-bc87-7b7478d24056,1.7773441476875082e+18
b60b8918-719d-474c-bc87-7b7478d24056,1.7773441477208515e+18
b60b8918-719d-474c-bc87-7b7478d24056,1.7773441477541934e+18
b60b8918-719d-474c-bc87-7b7478d24056,1.7773441477875364e+18
b60b8918-719d-474c-bc87-7b7478d24056,1.7773441478208783e+18
b60b8918-719d-474c-bc87-7b7478d24056,1.7773441478542203e+18
b60b8918-719d-474c-bc87-7b7478d24056,1.7773441478875633e+18
b60b8918-719d-474c-bc87-7b7478d24056,1.7773441479209055e+18
b60b8918-719d-474c-bc87-7b7478d24056,1.7773441479542484e+18
b60b8918-719d-474c-bc87-7b7478d24056,1.7773441479875904e+18
b60b8918-719d-474c-bc87-7b7478d24056,1.7773441480209334e+18
b60b8918-719d-474c-bc87-7b7478d24056,1.7773441480542753e+18
b60b8918-719d-474c-bc87-7b7478d24056,1.7773441480876183e+18
b60b8918-719d-474c-bc87-7b7478d24056,1.7773441481209603e+18
b60b8918-719d-474c-bc87-7b7478d24056,1.7773441481543025e+18
b60b8918-719d-474c-bc87-7b7478d24056,1.7773441481876454e+18
b60b8918-719d-474c-bc87-7b7478d24056,1.7773441482209874e+18
b60b8918-719d-474c-bc87-7b7478d24056,1.7773441482543304e+18
b60b8918-719d-474c-bc87-7b7478d24056,1.7773441482876723e+18
b60b8918-719d-474c-bc87-7b7478d24056,1.7773441483210153e+18
b60b8918-719d-474c-bc87-7b7478d24056,1.7773441483543572e+18
b60b8918-719d-474c-bc87-7b7478d24056,1.7773441483877002e+18
b60b8918-719d-474c-bc87-7b7478d24056,1.7773441484210424e+18
b60b8918-719d-474c-bc87-7b7478d24056,1.7773441484543854e+18
b60b8918-719d-474c-bc87-7b7478d24056,1.7773441484877274e+18
b60b8918-719d-474c-bc87-7b7478d24056,1.7773441485210693e+18
b60b8918-719d-474c-bc87-7b7478d24056,1.7773441485544123e+18
b60b8918-719d-474c-bc87-7b7478d24056,1.7773441485877542e+18
b60b8918-719d-474c-bc87-7b7478d24056,1.7773441486210975e+18
b60b8918-719d-474c-bc87-7b7478d24056,1.7773441486544394e+18
b60b8918-719d-474c-bc87-7b7478d24056,1.7773441486877824e+18
b60b8918-719d-474c-bc87-7b7478d24056,1.7773441487211244e+18
b60b8918-719d-474c-bc87-7b7478d24056,1.7773441487544663e+18
b60b8918-719d-474c-bc87-7b7478d24056,1.7773441487878093e+18
b60b8918-719d-474c-bc87-7b7478d24056,1.7773441488211512e+18
b60b8918-719d-474c-bc87-7b7478d24056,1.7773441488544945e+18
b60b8918-719d-474c-bc87-7b7478d24056,1.7773441488878364e+18
b60b8918-719d-474c-bc87-7b7478d24056,1.7773441489211794e+18
b60b8918-719d-474c-bc87-7b7478d24056,1.7773441489545213e+18
b60b8918-719d-474c-bc87-7b7478d24056,1.7773441489878643e+18
b60b8918-719d-474c-bc87-7b7478d24056,1.7773441490212063e+18
b60b8918-719d-474c-bc87-7b7478d24056,1.7773441490545492e+18
b60b8918-719d-474c-bc87-7b7478d24056,1.7773441490878915e+18
b60b8918-719d-474c-bc87-7b7478d24056,1.7773441491212334e+18
b60b8918-719d-474c-bc87-7b7478d24056,1.7773441491545764e+18
b60b8918-719d-474c-bc87-7b7478d24056,1.7773441491879183e+18
b60b8918-719d-474c-bc87-7b7478d24056,1.7773441492212613e+18
b60b8918-719d-474c-bc87-7b7478d24056,1.7773441492546033e+18
b60b8918-719d-474c-bc87-7b7478d24056,1.7773441492879462e+18
b60b8918-719d-474c-bc87-7b7478d24056,1.7773441493212884e+18
b60b8918-719d-474c-bc87-7b7478d24056,1.7773441493546314e+18
b60b8918-719d-474c-bc87-7b7478d24056,1.7773441493879734e+18
b60b8918-719d-474c-bc87-7b7478d24056,1.7773441494213153e+18
b60b8918-719d-474c-bc87-7b7478d24056,1.7773441494546583e+18
b60b8918-719d-474c-bc87-7b7478d24056,1.7773441494880003e+18
b60b8918-719d-474c-bc87-7b7478d24056,1.7773441495213432e+18
b60b8918-719d-474c-bc87-7b7478d24056,1.7773441495546854e+18
b60b8918-719d-474c-bc87-7b7478d24056,1.7773441495880284e+18
b60b8918-719d-474c-bc87-7b7478d24056,1.7773441496213704e+18
b60b8918-719d-474c-bc87-7b7478d24056,1.7773441496547133e+18
b60b8918-719d-474c-bc87-7b7478d24056,1.7773441496880553e+18
b60b8918-719d-474c-bc87-7b7478d24056,1.7773441497213972e+18
b60b8918-719d-474c-bc87-7b7478d24056,1.7773441497547402e+18
b60b8918-719d-474c-bc87-7b7478d24056,1.7773441497880824e+18
b60b8918-719d-474c-bc87-7b7478d24056,1.7773441498214254e+18
b60b8918-719d-474c-bc87-7b7478d24056,1.7773441498547674e+18
b60b8918-719d-474c-bc87-7b7478d24056,1.7773441498881103e+18
b60b8918-719d-474c-bc87-7b7478d24056,1.7773441499214523e+18
b60b8918-719d-474c-bc87-7b7478d24056,1.7773441499547953e+18
b60b8918-719d-474c-bc87-7b7478d24056,1.7773441499881375e+18
b60b8918-719d-474c-bc87-7b7478d24056,1.7773441500214794e+18
b60b8918-719d-474c-bc87-7b7478d24056,1.7773441500548224e+18
b60b8918-719d-474c-bc87-7b7478d24056,1.7773441500881644e+18
b60b8918-719d-474c-bc87-7b7478d24056,1.7773441501215073e+18
b60b8918-719d-474c-bc87-7b7478d24056,1.7773441501548493e+18
b60b8918-719d-474c-bc87-7b7478d24056,1.7773441501881923e+18
b60b8918-719d-474c-bc87-7b7478d24056,1.7773441502263304e+18
b60b8918-719d-474c-bc87-7b7478d24056,1.7773441502596733e+18
b60b8918-719d-474c-bc87-7b7478d24056,1.7773441502930163e+18
b60b8918-719d-474c-bc87-7b7478d24056,1.7773441503263593e+18
b60b8918-719d-474c-bc87-7b7478d24056,1.7773441503597023e+18
b60b8918-719d-474c-bc87-7b7478d24056,1.7773441503930452e+18
b60b8918-719d-474c-bc87-7b7478d24056,1.7773441504263882e+18
b60b8918-719d-474c-bc87-7b7478d24056,1.7773441504597315e+18
b60b8918-719d-474c-bc87-7b7478d24056,1.7773441504930744e+18
b60b8918-719d-474c-bc87-7b7478d24056,1.7773441505264174e+18
b60b8918-719d-474c-bc87-7b7478d24056,1.7773441505597604e+18
b60b8918-719d-474c-bc87-7b7478d24056,1.7773441505931034e+18
b60b8918-719d-474c-bc87-7b7478d24056,1.7773441506264463e+18
b60b8918-719d-474c-bc87-7b7478d24056,1.7773441506597893e+18
b60b8918-719d-474c-bc87-7b7478d24056,1.7773441506931323e+18
b60b8918-719d-474c-bc87-7b7478d24056,1.7773441507264763e+18
b60b8918-719d-474c-bc87-7b7478d24056,1.7773441507598193e+18
b60b8918-719d-474c-bc87-7b7478d24056,1.7773441507931622e+18
b60b8918-719d-474c-bc87-7b7478d24056,1.7773441508265055e+18
b60b8918-719d-474c-bc87-7b7478d24056,1.7773441508598484e+18
b60b8918-719d-474c-bc87-7b7478d24056,1.7773441508931914e+18
b60b8918-719d-474c-bc87-7b7478d24056,1.7773441509265344e+18
b60b8918-719d-474c-bc87-7b7478d24056,1.7773441509598774e+18
b60b8918-719d-474c-bc87-7b7478d24056,1.7773441509932204e+18
b60b8918-719d-474c-bc87-7b7478d24056,1.7773441510265633e+18
b60b8918-719d-474c-bc87-7b7478d24056,1.7773441510599063e+18
b60b8918-719d-474c-bc87-7b7478d24056,1.7773441510932493e+18
b60b8918-719d-474c-bc87-7b7478d24056,1.7773441511265923e+18
b60b8918-719d-474c-bc87-7b7478d24056,1.7773441511599352e+18
b60b8918-719d-474c-bc87-7b7478d24056,1.7773441511932785e+18
b60b8918-719d-474c-bc87-7b7478d24056,1.7773441512266214e+18
b60b8918-719d-474c-bc87-7b7478d24056,1.7773441512599644e+18
b60b8918-719d-474c-bc87-7b7478d24056,1.7773441512933074e+18
b60b8918-719d-474c-bc87-7b7478d24056,1.7773441513266504e+18
b60b8918-719d-474c-bc87-7b7478d24056,1.7773441513599933e+18
b60b8918-719d-474c-bc87-7b7478d24056,1.7773441513933373e+18
b60b8918-719d-474c-bc87-7b7478d24056,1.7773441514266803e+18
b60b8918-719d-474c-bc87-7b7478d24056,1.7773441514600233e+18
b60b8918-719d-474c-bc87-7b7478d24056,1.7773441514933663e+18
b60b8918-719d-474c-bc87-7b7478d24056,1.7773441515267092e+18
b60b8918-719d-474c-bc87-7b7478d24056,1.7773441515600522e+18
b60b8918-719d-474c-bc87-7b7478d24056,1.7773441515933955e+18
b60b8918-719d-474c-bc87-7b7478d24056,1.7773441516267384e+18
b60b8918-719d-474c-bc87-7b7478d24056,1.7773441516600814e+18
b60b8918-719d-474c-bc87-7b7478d24056,1.7773441516934244e+18
b60b8918-719d-474c-bc87-7b7478d24056,1.7773441517267674e+18
b60b8918-719d-474c-bc87-7b7478d24056,1.7773441517601103e+18
b60b8918-719d-474c-bc87-7b7478d24056,1.7773441517934533e+18
b60b8918-719d-474c-bc87-7b7478d24056,1.7773441518267963e+18
b60b8918-719d-474c-bc87-7b7478d24056,1.7773441518601393e+18
b60b8918-719d-474c-bc87-7b7478d24056,1.7773441518934822e+18
b60b8918-719d-474c-bc87-7b7478d24056,1.7773441519268255e+18
b60b8918-719d-474c-bc87-7b7478d24056,1.7773441519601684e+18
b60b8918-719d-474c-bc87-7b7478d24056,1.7773441519935124e+18
b60b8918-719d-474c-bc87-7b7478d24056,1.7773441520268554e+18
b60b8918-719d-474c-bc87-7b7478d24056,1.7773441520601984e+18
b60b8918-719d-474c-bc87-7b7478d24056,1.7773441520935414e+18
b60b8918-719d-474c-bc87-7b7478d24056,1.7773441521268844e+18
b60b8918-719d-474c-bc87-7b7478d24056,1.7773441521602273e+18
b60b8918-719d-474c-bc87-7b7478d24056,1.7773441521935703e+18
b60b8918-719d-474c-bc87-7b7478d24056,1.7773441522269133e+18
b60b8918-719d-474c-bc87-7b7478d24056,1.7773441522602563e+18
b60b8918-719d-474c-bc87-7b7478d24056,1.7773441522935992e+18
b60b8918-719d-474c-bc87-7b7478d24056,1.7773441523269425e+18
b60b8918-719d-474c-bc87-7b7478d24056,1.7773441523602854e+18
b60b8918-719d-474c-bc87-7b7478d24056,1.7773441523936284e+18
b60b8918-719d-474c-bc87-7b7478d24056,1.7773441524269714e+18
b60b8918-719d-474c-bc87-7b7478d24056,1.7773441524603144e+18
b60b8918-719d-474c-bc87-7b7478d24056,1.7773441524936573e+18
b60b8918-719d-474c-bc87-7b7478d24056,1.7773441525270003e+18
b60b8918-719d-474c-bc87-7b7478d24056,1.7773441525603433e+18
b60b8918-719d-474c-bc87-7b7478d24056,1.7773441525936873e+18
b60b8918-719d-474c-bc87-7b7478d24056,1.7773441526270292e+18
b60b8918-719d-474c-bc87-7b7478d24056,1.7773441526603732e+18
b60b8918-719d-474c-bc87-7b7478d24056,1.7773441526937162e+18
b60b8918-719d-474c-bc87-7b7478d24056,1.7773441527270595e+18
b60b8918-719d-474c-bc87-7b7478d24056,1.7773441527604024e+18
b60b8918-719d-474c-bc87-7b7478d24056,1.7773441527937454e+18
b60b8918-719d-474c-bc87-7b7478d24056,1.7773441528270884e+18
b60b8918-719d-474c-bc87-7b7478d24056,1.7773441528604314e+18
b60b8918-719d-474c-bc87-7b7478d24056,1.7773441528937743e+18
b60b8918-719d-474c-bc87-7b7478d24056,1.7773441529271173e+18
b60b8918-719d-474c-bc87-7b7478d24056,1.7773441529604603e+18
b60b8918-719d-474c-bc87-7b7478d24056,1.7773441529938033e+18
b60b8918-719d-474c-bc87-7b7478d24056,1.7773441530271462e+18
b60b8918-719d-474c-bc87-7b7478d24056,1.7773441530604895e+18
b60b8918-719d-474c-bc87-7b7478d24056,1.7773441530938324e+18
b60b8918-719d-474c-bc87-7b7478d24056,1.7773441531271754e+18
b60b8918-719d-474c-bc87-7b7478d24056,1.7773441531605184e+18
b60b8918-719d-474c-bc87-7b7478d24056,1.7773441531938614e+18
b60b8918-719d-474c-bc87-7b7478d24056,1.7773441532272044e+18
b60b8918-719d-474c-bc87-7b7478d24056,1.7773441532605484e+18
b60b8918-719d-474c-bc87-7b7478d24056,1.7773441532938913e+18
b60b8918-719d-474c-bc87-7b7478d24056,1.7773441533272343e+18
b60b8918-719d-474c-bc87-7b7478d24056,1.7773441533605773e+18
b60b8918-719d-474c-bc87-7b7478d24056,1.7773441533939203e+18
b60b8918-719d-474c-bc87-7b7478d24056,1.7773441534272632e+18
b60b8918-719d-474c-bc87-7b7478d24056,1.7773441534606065e+18
b60b8918-719d-474c-bc87-7b7478d24056,1.7773441534939494e+18
b60b8918-719d-474c-bc87-7b7478d24056,1.7773441535272924e+18
b60b8918-719d-474c-bc87-7b7478d24056,1.7773441535606354e+18
b60b8918-719d-474c-bc87-7b7478d24056,1.7773441535939784e+18
b60b8918-719d-474c-bc87-7b7478d24056,1.7773441536273213e+18
b60b8918-719d-474c-bc87-7b7478d24056,1.7773441536606643e+18
b60b8918-719d-474c-bc87-7b7478d24056,1.7773441536940073e+18
b60b8918-719d-474c-bc87-7b7478d24056,1.7773441537273503e+18
b60b8918-719d-474c-bc87-7b7478d24056,1.7773441537606932e+18
b60b8918-719d-474c-bc87-7b7478d24056,1.7773441537940362e+18
b60b8918-719d-474c-bc87-7b7478d24056,1.7773441538273795e+18
b60b8918-719d-474c-bc87-7b7478d24056,1.7773441538607235e+18
b60b8918-719d-474c-bc87-7b7478d24056,1.7773441538940664e+18
b60b8918-719d-474c-bc87-7b7478d24056,1.7773441539274094e+18
b60b8918-719d-474c-bc87-7b7478d24056,1.7773441539607524e+18
b60b8918-719d-474c-bc87-7b7478d24056,1.7773441539940954e+18
b60b8918-719d-474c-bc87-7b7478d24056,1.7773441540274383e+18
b60b8918-719d-474c-bc87-7b7478d24056,1.7773441540607813e+18
b60b8918-719d-474c-bc87-7b7478d24056,1.7773441540941243e+18
b60b8918-719d-474c-bc87-7b7478d24056,1.7773441541274673e+18
b60b8918-719d-474c-bc87-7b7478d24056,1.7773441541608102e+18
b60b8918-719d-474c-bc87-7b7478d24056,1.7773441541941535e+18
b60b8918-719d-474c-bc87-7b7478d24056,1.7773441542274964e+18
b60b8918-719d-474c-bc87-7b7478d24056,1.7773441542608394e+18
b60b8918-719d-474c-bc87-7b7478d24056,1.7773441542941824e+18
b60b8918-719d-474c-bc87-7b7478d24056,1.7773441543275254e+18
b60b8918-719d-474c-bc87-7b7478d24056,1.7773441543608684e+18
b60b8918-719d-474c-bc87-7b7478d24056,1.7773441543942113e+18
b60b8918-719d-474c-bc87-7b7478d24056,1.7773441544275543e+18
b60b8918-719d-474c-bc87-7b7478d24056,1.7773441544608973e+18
b60b8918-719d-474c-bc87-7b7478d24056,1.7773441544942403e+18
b60b8918-719d-474c-bc87-7b7478d24056,1.7773441545275843e+18
b60b8918-719d-474c-bc87-7b7478d24056,1.7773441545609272e+18
b60b8918-719d-474c-bc87-7b7478d24056,1.7773441545942705e+18
b60b8918-719d-474c-bc87-7b7478d24056,1.7773441546276134e+18
b60b8918-719d-474c-bc87-7b7478d24056,1.7773441546609564e+18
b60b8918-719d-474c-bc87-7b7478d24056,1.7773441546942994e+18
b60b8918-719d-474c-bc87-7b7478d24056,1.7773441547276424e+18
b60b8918-719d-474c-bc87-7b7478d24056,1.7773441547609853e+18
b60b8918-719d-474c-bc87-7b7478d24056,1.7773441547943283e+18
b60b8918-719d-474c-bc87-7b7478d24056,1.7773441548276713e+18
b60b8918-719d-474c-bc87-7b7478d24056,1.7773441548610143e+18
b60b8918-719d-474c-bc87-7b7478d24056,1.7773441548943572e+18
b60b8918-719d-474c-bc87-7b7478d24056,1.7773441549277002e+18
b60b8918-719d-474c-bc87-7b7478d24056,1.7773441549610435e+18
b60b8918-719d-474c-bc87-7b7478d24056,1.7773441549943864e+18
b60b8918-719d-474c-bc87-7b7478d24056,1.7773441550277294e+18
b60b8918-719d-474c-bc87-7b7478d24056,1.7773441550610724e+18
b60b8918-719d-474c-bc87-7b7478d24056,1.7773441550944154e+18
b60b8918-719d-474c-bc87-7b7478d24056,1.7773441551277594e+18
b60b8918-719d-474c-bc87-7b7478d24056,1.7773441551611023e+18
b60b8918-719d-474c-bc87-7b7478d24056,1.7773441551944453e+18
b60b8918-719d-474c-bc87-7b7478d24056,1.7773441552277883e+18
b60b8918-719d-474c-bc87-7b7478d24056,1.7773441552611313e+18
b60b8918-719d-474c-bc87-7b7478d24056,1.7773441552944742e+18
b60b8918-719d-474c-bc87-7b7478d24056,1.7773441553278175e+18
b60b8918-719d-474c-bc87-7b7478d24056,1.7773441553611604e+18
b60b8918-719d-474c-bc87-7b7478d24056,1.7773441553945034e+18
b60b8918-719d-474c-bc87-7b7478d24056,1.7773441554278464e+18
b60b8918-719d-474c-bc87-7b7478d24056,1.7773441554611894e+18
b60b8918-719d-474c-bc87-7b7478d24056,1.7773441554945324e+18
b60b8918-719d-474c-bc87-7b7478d24056,1.7773441555278753e+18
b60b8918-719d-474c-bc87-7b7478d24056,1.7773441555612183e+18
b60b8918-719d-474c-bc87-7b7478d24056,1.7773441555945613e+18
b60b8918-719d-474c-bc87-7b7478d24056,1.7773441556279043e+18
b60b8918-719d-474c-bc87-7b7478d24056,1.7773441556612472e+18
b60b8918-719d-474c-bc87-7b7478d24056,1.7773441556945905e+18
b60b8918-719d-474c-bc87-7b7478d24056,1.7773441557279334e+18
b60b8918-719d-474c-bc87-7b7478d24056,1.7773441557612774e+18
b60b8918-719d-474c-bc87-7b7478d24056,1.7773441557946204e+18
b60b8918-719d-474c-bc87-7b7478d24056,1.7773441558279634e+18
b60b8918-719d-474c-bc87-7b7478d24056,1.7773441558613064e+18
b60b8918-719d-474c-bc87-7b7478d24056,1.7773441558946493e+18
b60b8918-719d-474c-bc87-7b7478d24056,1.7773441559279923e+18
b60b8918-719d-474c-bc87-7b7478d24056,1.7773441559613353e+18
b60b8918-719d-474c-bc87-7b7478d24056,1.7773441559946783e+18
b60b8918-719d-474c-bc87-7b7478d24056,1.7773441560280212e+18
b60b8918-719d-474c-bc87-7b7478d24056,1.7773441560613642e+18
b60b8918-719d-474c-bc87-7b7478d24056,1.7773441560947075e+18
b60b8918-719d-474c-bc87-7b7478d24056,1.7773441561280504e+18
b60b8918-719d-474c-bc87-7b7478d24056,1.7773441561613934e+18
b60b8918-719d-474c-bc87-7b7478d24056,1.7773441561947364e+18
b60b8918-719d-474c-bc87-7b7478d24056,1.7773441562280794e+18
b60b8918-719d-474c-bc87-7b7478d24056,1.7773441562614223e+18
b60b8918-719d-474c-bc87-7b7478d24056,1.7773441562947653e+18
b60b8918-719d-474c-bc87-7b7478d24056,1.7773441563281083e+18
b60b8918-719d-474c-bc87-7b7478d24056,1.7773441563614513e+18
b60b8918-719d-474c-bc87-7b7478d24056,1.7773441563947953e+18
b60b8918-719d-474c-bc87-7b7478d24056,1.7773441564281382e+18
b60b8918-719d-474c-bc87-7b7478d24056,1.7773441564614815e+18
b60b8918-719d-474c-bc87-7b7478d24056,1.7773441564948244e+18
b60b8918-719d-474c-bc87-7b7478d24056,1.7773441565281674e+18
b60b8918-719d-474c-bc87-7b7478d24056,1.7773441565615104e+18
b60b8918-719d-474c-bc87-7b7478d24056,1.7773441565948534e+18
b60b8918-719d-474c-bc87-7b7478d24056,1.7773441566281964e+18
b60b8918-719d-474c-bc87-7b7478d24056,1.7773441566615393e+18
b60b8918-719d-474c-bc87-7b7478d24056,1.7773441566948823e+18
b60b8918-719d-474c-bc87-7b7478d24056,1.7773441567282253e+18
b60b8918-719d-474c-bc87-7b7478d24056,1.7773441567615683e+18
b60b8918-719d-474c-bc87-7b7478d24056,1.7773441567949112e+18
b60b8918-719d-474c-bc87-7b7478d24056,1.7773441568282545e+18
b60b8918-719d-474c-bc87-7b7478d24056,1.7773441568615974e+18
b60b8918-719d-474c-bc87-7b7478d24056,1.7773441568949404e+18
b60b8918-719d-474c-bc87-7b7478d24056,1.7773441569282834e+18
b60b8918-719d-474c-bc87-7b7478d24056,1.7773441569616264e+18
b60b8918-719d-474c-bc87-7b7478d24056,1.7773441569949704e+18
b60b8918-719d-474c-bc87-7b7478d24056,1.7773441570283133e+18
b60b8918-719d-474c-bc87-7b7478d24056,1.7773441570616563e+18
b60b8918-719d-474c-bc87-7b7478d24056,1.7773441570949993e+18
b60b8918-719d-474c-bc87-7b7478d24056,1.7773441571283423e+18
b60b8918-719d-474c-bc87-7b7478d24056,1.7773441571616852e+18
b60b8918-719d-474c-bc87-7b7478d24056,1.7773441571950282e+18
b60b8918-719d-474c-bc87-7b7478d24056,1.7773441572283715e+18
b60b8918-719d-474c-bc87-7b7478d24056,1.7773441572617144e+18
b60b8918-719d-474c-bc87-7b7478d24056,1.7773441572950574e+18
b60b8918-719d-474c-bc87-7b7478d24056,1.7773441573284004e+18
b60b8918-719d-474c-bc87-7b7478d24056,1.7773441573617434e+18
b60b8918-719d-474c-bc87-7b7478d24056,1.7773441573950863e+18
b60b8918-719d-474c-bc87-7b7478d24056,1.7773441574284293e+18
b60b8918-719d-474c-bc87-7b7478d24056,1.7773441574617723e+18
b60b8918-719d-474c-bc87-7b7478d24056,1.7773441574951153e+18
b60b8918-719d-474c-bc87-7b7478d24056,1.7773441575284582e+18
b60b8918-719d-474c-bc87-7b7478d24056,1.7773441575618015e+18
b60b8918-719d-474c-bc87-7b7478d24056,1.7773441575951444e+18
b60b8918-719d-474c-bc87-7b7478d24056,1.7773441576284874e+18
b60b8918-719d-474c-bc87-7b7478d24056,1.7773441576618314e+18
b60b8918-719d-474c-bc87-7b7478d24056,1.7773441576951744e+18
b60b8918-719d-474c-bc87-7b7478d24056,1.7773441577285174e+18
b60b8918-719d-474c-bc87-7b7478d24056,1.7773441577618604e+18
b60b8918-719d-474c-bc87-7b7478d24056,1.7773441577952033e+18
b60b8918-719d-474c-bc87-7b7478d24056,1.7773441578285463e+18
b60b8918-719d-474c-bc87-7b7478d24056,1.7773441578618893e+18
b60b8918-719d-474c-bc87-7b7478d24056,1.7773441578952323e+18
b60b8918-719d-474c-bc87-7b7478d24056,1.7773441579285752e+18
b60b8918-719d-474c-bc87-7b7478d24056,1.7773441579619185e+18
b60b8918-719d-474c-bc87-7b7478d24056,1.7773441579952614e+18
b60b8918-719d-474c-bc87-7b7478d24056,1.7773441580286044e+18
b60b8918-719d-474c-bc87-7b7478d24056,1.7773441580619474e+18
b60b8918-719d-474c-bc87-7b7478d24056,1.7773441580952904e+18
b60b8918-719d-474c-bc87-7b7478d24056,1.7773441581286333e+18
b60b8918-719d-474c-bc87-7b7478d24056,1.7773441581619763e+18
b60b8918-719d-474c-bc87-7b7478d24056,1.7773441581953193e+18
b60b8918-719d-474c-bc87-7b7478d24056,1.7773441582286623e+18
b60b8918-719d-474c-bc87-7b7478d24056,1.7773441582620063e+18
b60b8918-719d-474c-bc87-7b7478d24056,1.7773441582953492e+18
b60b8918-719d-474c-bc87-7b7478d24056,1.7773441583286922e+18
b60b8918-719d-474c-bc87-7b7478d24056,1.7773441583620355e+18
b60b8918-719d-474c-bc87-7b7478d24056,1.7773441583953784e+18
b60b8918-719d-474c-bc87-7b7478d24056,1.7773441584287214e+18
b60b8918-719d-474c-bc87-7b7478d24056,1.7773441584620644e+18
b60b8918-719d-474c-bc87-7b7478d24056,1.7773441584954074e+18
b60b8918-719d-474c-bc87-7b7478d24056,1.7773441585287503e+18
b60b8918-719d-474c-bc87-7b7478d24056,1.7773441585620933e+18
b60b8918-719d-474c-bc87-7b7478d24056,1.7773441585954363e+18
b60b8918-719d-474c-bc87-7b7478d24056,1.7773441586287793e+18
b60b8918-719d-474c-bc87-7b7478d24056,1.7773441586621222e+18
b60b8918-719d-474c-bc87-7b7478d24056,1.7773441586954655e+18
b60b8918-719d-474c-bc87-7b7478d24056,1.7773441587288084e+18
b60b8918-719d-474c-bc87-7b7478d24056,1.7773441587621514e+18
b60b8918-719d-474c-bc87-7b7478d24056,1.7773441587954944e+18
b60b8918-719d-474c-bc87-7b7478d24056,1.7773441588288374e+18
b60b8918-719d-474c-bc87-7b7478d24056,1.7773441588621814e+18
b60b8918-719d-474c-bc87-7b7478d24056,1.7773441588955233e+18
b60b8918-719d-474c-bc87-7b7478d24056,1.7773441589288673e+18
b60b8918-719d-474c-bc87-7b7478d24056,1.7773441589622103e+18
b60b8918-719d-474c-bc87-7b7478d24056,1.7773441589955533e+18
b60b8918-719d-474c-bc87-7b7478d24056,1.7773441590288963e+18
b60b8918-719d-474c-bc87-7b7478d24056,1.7773441590622392e+18
b60b8918-719d-474c-bc87-7b7478d24056,1.7773441590955825e+18
b60b8918-719d-474c-bc87-7b7478d24056,1.7773441591289254e+18
b60b8918-719d-474c-bc87-7b7478d24056,1.7773441591622684e+18
b60b8918-719d-474c-bc87-7b7478d24056,1.7773441591956114e+18
b60b8918-719d-474c-bc87-7b7478d24056,1.7773441592289544e+18
b60b8918-719d-474c-bc87-7b7478d24056,1.7773441592622973e+18
b60b8918-719d-474c-bc87-7b7478d24056,1.7773441592956403e+18
b60b8918-719d-474c-bc87-7b7478d24056,1.7773441593289833e+18
b60b8918-719d-474c-bc87-7b7478d24056,1.7773441593623263e+18
b60b8918-719d-474c-bc87-7b7478d24056,1.7773441593956692e+18
b60b8918-719d-474c-bc87-7b7478d24056,1.7773441594290122e+18
b60b8918-719d-474c-bc87-7b7478d24056,1.7773441594623555e+18
b60b8918-719d-474c-bc87-7b7478d24056,1.7773441594956984e+18
b60b8918-719d-474c-bc87-7b7478d24056,1.7773441595290424e+18
b60b8918-719d-474c-bc87-7b7478d24056,1.7773441595623854e+18
b60b8918-719d-474c-bc87-7b7478d24056,1.7773441595957284e+18
b60b8918-719d-474c-bc87-7b7478d24056,1.7773441596290714e+18
b60b8918-719d-474c-bc87-7b7478d24056,1.7773441596624143e+18
b60b8918-719d-474c-bc87-7b7478d24056,1.7773441596957573e+18
b60b8918-719d-474c-bc87-7b7478d24056,1.7773441597291003e+18
b60b8918-719d-474c-bc87-7b7478d24056,1.7773441597624433e+18
b60b8918-719d-474c-bc87-7b7478d24056,1.7773441597957862e+18
b60b8918-719d-474c-bc87-7b7478d24056,1.7773441598291295e+18
b60b8918-719d-474c-bc87-7b7478d24056,1.7773441598624724e+18
b60b8918-719d-474c-bc87-7b7478d24056,1.7773441598958154e+18
b60b8918-719d-474c-bc87-7b7478d24056,1.7773441599291584e+18
b60b8918-719d-474c-bc87-7b7478d24056,1.7773441599625014e+18
b60b8918-719d-474c-bc87-7b7478d24056,1.7773441599958444e+18
b60b8918-719d-474c-bc87-7b7478d24056,1.7773441600291873e+18
b60b8918-719d-474c-bc87-7b7478d24056,1.7773441600625303e+18
b60b8918-719d-474c-bc87-7b7478d24056,1.7773441600958733e+18
b60b8918-719d-474c-bc87-7b7478d24056,1.7773441601292173e+18
b60b8918-719d-474c-bc87-7b7478d24056,1.7773441601625603e+18
b60b8918-719d-474c-bc87-7b7478d24056,1.7773441601959032e+18
b60b8918-719d-474c-bc87-7b7478d24056,1.7773441602292465e+18
b60b8918-719d-474c-bc87-7b7478d24056,1.7773441602625894e+18
b60b8918-719d-474c-bc87-7b7478d24056,1.7773441602959324e+18
b60b8918-719d-474c-bc87-7b7478d24056,1.7773441603292754e+18
b60b8918-719d-474c-bc87-7b7478d24056,1.7773441603626184e+18
b60b8918-719d-474c-bc87-7b7478d24056,1.7773441603959613e+18
b60b8918-719d-474c-bc87-7b7478d24056,1.7773441604293043e+18
b60b8918-719d-474c-bc87-7b7478d24056,1.7773441604626473e+18
b60b8918-719d-474c-bc87-7b7478d24056,1.7773441604959903e+18
b60b8918-719d-474c-bc87-7b7478d24056,1.7773441605293332e+18
b60b8918-719d-474c-bc87-7b7478d24056,1.7773441605626762e+18
b60b8918-719d-474c-bc87-7b7478d24056,1.7773441605960195e+18
b60b8918-719d-474c-bc87-7b7478d24056,1.7773441606293624e+18
b60b8918-719d-474c-bc87-7b7478d24056,1.7773441606627054e+18
b60b8918-719d-474c-bc87-7b7478d24056,1.7773441606960484e+18
b60b8918-719d-474c-bc87-7b7478d24056,1.7773441607293914e+18
b60b8918-719d-474c-bc87-7b7478d24056,1.7773441607627343e+18
b60b8918-719d-474c-bc87-7b7478d24056,1.7773441607960783e+18
b60b8918-719d-474c-bc87-7b7478d24056,1.7773441608294213e+18
b60b8918-719d-474c-bc87-7b7478d24056,1.7773441608627643e+18
b60b8918-719d-474c-bc87-7b7478d24056,1.7773441608961073e+18
b60b8918-719d-474c-bc87-7b7478d24056,1.7773441609294502e+18
b60b8918-719d-474c-bc87-7b7478d24056,1.7773441609627935e+18
b60b8918-719d-474c-bc87-7b7478d24056,1.7773441609961364e+18
b60b8918-719d-474c-bc87-7b7478d24056,1.7773441610294794e+18
b60b8918-719d-474c-bc87-7b7478d24056,1.7773441610628224e+18
b60b8918-719d-474c-bc87-7b7478d24056,1.7773441610961654e+18
b60b8918-719d-474c-bc87-7b7478d24056,1.7773441611295084e+18
b60b8918-719d-474c-bc87-7b7478d24056,1.7773441611628513e+18
b60b8918-719d-474c-bc87-7b7478d24056,1.7773441611961943e+18
b60b8918-719d-474c-bc87-7b7478d24056,1.7773441612295373e+18
b60b8918-719d-474c-bc87-7b7478d24056,1.7773441612628803e+18
b60b8918-719d-474c-bc87-7b7478d24056,1.7773441612962232e+18
b60b8918-719d-474c-bc87-7b7478d24056,1.7773441613295665e+18
b60b8918-719d-474c-bc87-7b7478d24056,1.7773441613629094e+18
b60b8918-719d-474c-bc87-7b7478d24056,1.7773441613962534e+18
b60b8918-719d-474c-bc87-7b7478d24056,1.7773441614295964e+18
b60b8918-719d-474c-bc87-7b7478d24056,1.7773441614629394e+18
b60b8918-719d-474c-bc87-7b7478d24056,1.7773441614962824e+18
b60b8918-719d-474c-bc87-7b7478d24056,1.7773441615296253e+18
b60b8918-719d-474c-bc87-7b7478d24056,1.7773441615629683e+18
b60b8918-719d-474c-bc87-7b7478d24056,1.7773441615963113e+18
b60b8918-719d-474c-bc87-7b7478d24056,1.7773441616296543e+18
b60b8918-719d-474c-bc87-7b7478d24056,1.7773441616629972e+18
b60b8918-719d-474c-bc87-7b7478d24056,1.7773441616963402e+18
b60b8918-719d-474c-bc87-7b7478d24056,1.7773441617296835e+18
b60b8918-719d-474c-bc87-7b7478d24056,1.7773441617630264e+18
b60b8918-719d-474c-bc87-7b7478d24056,1.7773441617963694e+18
b60b8918-719d-474c-bc87-7b7478d24056,1.7773441618297124e+18
b60b8918-719d-474c-bc87-7b7478d24056,1.7773441618630554e+18
b60b8918-719d-474c-bc87-7b7478d24056,1.7773441618963983e+18
b60b8918-719d-474c-bc87-7b7478d24056,1.7773441619297413e+18
b60b8918-719d-474c-bc87-7b7478d24056,1.7773441619630843e+18
b60b8918-719d-474c-bc87-7b7478d24056,1.7773441619964273e+18
b60b8918-719d-474c-bc87-7b7478d24056,1.7773441620297713e+18
b60b8918-719d-474c-bc87-7b7478d24056,1.7773441620631142e+18
b60b8918-719d-474c-bc87-7b7478d24056,1.7773441620964575e+18
b60b8918-719d-474c-bc87-7b7478d24056,1.7773441621298004e+18
b60b8918-719d-474c-bc87-7b7478d24056,1.7773441621631434e+18
b60b8918-719d-474c-bc87-7b7478d24056,1.7773441621964864e+18
b60b8918-719d-474c-bc87-7b7478d24056,1.7773441622298294e+18
b60b8918-719d-474c-bc87-7b7478d24056,1.7773441622631724e+18
b60b8918-719d-474c-bc87-7b7478d24056,1.7773441622965153e+18
b60b8918-719d-474c-bc87-7b7478d24056,1.7773441623298583e+18
b60b8918-719d-474c-bc87-7b7478d24056,1.7773441623632013e+18
b60b8918-719d-474c-bc87-7b7478d24056,1.7773441623965443e+18
b60b8918-719d-474c-bc87-7b7478d24056,1.7773441624298872e+18
b60b8918-719d-474c-bc87-7b7478d24056,1.7773441624632305e+18
b60b8918-719d-474c-bc87-7b7478d24056,1.7773441624965734e+18
b60b8918-719d-474c-bc87-7b7478d24056,1.7773441625299164e+18
b60b8918-719d-474c-bc87-7b7478d24056,1.7773441625632594e+18
b60b8918-719d-474c-bc87-7b7478d24056,1.7773441625966024e+18
b60b8918-719d-474c-bc87-7b7478d24056,1.7773441626299453e+18
b60b8918-719d-474c-bc87-7b7478d24056,1.7773441626632893e+18
b60b8918-719d-474c-bc87-7b7478d24056,1.7773441626966323e+18
b60b8918-719d-474c-bc87-7b7478d24056,1.7773441627299753e+18
b60b8918-719d-474c-bc87-7b7478d24056,1.7773441627633183e+18
b60b8918-719d-474c-bc87-7b7478d24056,1.7773441627966612e+18
b60b8918-719d-474c-bc87-7b7478d24056,1.7773441628300042e+18
b60b8918-719d-474c-bc87-7b7478d24056,1.7773441628633475e+18
b60b8918-719d-474c-bc87-7b7478d24056,1.7773441628966904e+18
b60b8918-719d-474c-bc87-7b7478d24056,1.7773441629300334e+18
b60b8918-719d-474c-bc87-7b7478d24056,1.7773441629633764e+18
b60b8918-719d-474c-bc87-7b7478d24056,1.7773441629967194e+18
b60b8918-719d-474c-bc87-7b7478d24056,1.7773441630300623e+18
b60b8918-719d-474c-bc87-7b7478d24056,1.7773441630634053e+18
b60b8918-719d-474c-bc87-7b7478d24056,1.7773441630967483e+18
b60b8918-719d-474c-bc87-7b7478d24056,1.7773441631300913e+18
b60b8918-719d-474c-bc87-7b7478d24056,1.7773441631634342e+18
b60b8918-719d-474c-bc87-7b7478d24056,1.7773441631967775e+18
b60b8918-719d-474c-bc87-7b7478d24056,1.7773441632301204e+18
b60b8918-719d-474c-bc87-7b7478d24056,1.7773441632634644e+18
b60b8918-719d-474c-bc87-7b7478d24056,1.7773441632968074e+18
b60b8918-719d-474c-bc87-7b7478d24056,1.7773441633301504e+18
b60b8918-719d-474c-bc87-7b7478d24056,1.7773441633634934e+18
b60b8918-719d-474c-bc87-7b7478d24056,1.7773441633968364e+18
b60b8918-719d-474c-bc87-7b7478d24056,1.7773441634301793e+18
b60b8918-719d-474c-bc87-7b7478d24056,1.7773441634635223e+18
b60b8918-719d-474c-bc87-7b7478d24056,1.7773441634968653e+18
b60b8918-719d-474c-bc87-7b7478d24056,1.7773441635302083e+18
b60b8918-719d-474c-bc87-7b7478d24056,1.7773441635635512e+18
b60b8918-719d-474c-bc87-7b7478d24056,1.7773441635968945e+18
b60b8918-719d-474c-bc87-7b7478d24056,1.7773441636302374e+18
b60b8918-719d-474c-bc87-7b7478d24056,1.7773441636635804e+18
b60b8918-719d-474c-bc87-7b7478d24056,1.7773441636969234e+18
b60b8918-719d-474c-bc87-7b7478d24056,1.7773441637302664e+18
b60b8918-719d-474c-bc87-7b7478d24056,1.7773441637636093e+18
b60b8918-719d-474c-bc87-7b7478d24056,1.7773441637969523e+18
b60b8918-719d-474c-bc87-7b7478d24056,1.7773441638302953e+18
b60b8918-719d-474c-bc87-7b7478d24056,1.7773441638636383e+18
b60b8918-719d-474c-bc87-7b7478d24056,1.7773441638969812e+18
b60b8918-719d-474c-bc87-7b7478d24056,1.7773441639303252e+18
b60b8918-719d-474c-bc87-7b7478d24056,1.7773441639636682e+18
b60b8918-719d-474c-bc87-7b7478d24056,1.7773441639970115e+18
b60b8918-719d-474c-bc87-7b7478d24056,1.7773441640303544e+18
b60b8918-719d-474c-bc87-7b7478d24056,1.7773441640636974e+18
b60b8918-719d-474c-bc87-7b7478d24056,1.7773441640970404e+18
b60b8918-719d-474c-bc87-7b7478d24056,1.7773441641303834e+18
b60b8918-719d-474c-bc87-7b7478d24056,1.7773441641637263e+18
b60b8918-719d-474c-bc87-7b7478d24056,1.7773441641970693e+18
b60b8918-719d-474c-bc87-7b7478d24056,1.7773441642304123e+18
b60b8918-719d-474c-bc87-7b7478d24056,1.7773441642637553e+18
b60b8918-719d-474c-bc87-7b7478d24056,1.7773441642970982e+18
b60b8918-719d-474c-bc87-7b7478d24056,1.7773441643304415e+18
b60b8918-719d-474c-bc87-7b7478d24056,1.7773441643637844e+18
b60b8918-719d-474c-bc87-7b7478d24056,1.7773441643971274e+18
b60b8918-719d-474c-bc87-7b7478d24056,1.7773441644304704e+18
b60b8918-719d-474c-bc87-7b7478d24056,1.7773441644638134e+18
b60b8918-719d-474c-bc87-7b7478d24056,1.7773441644971564e+18
b60b8918-719d-474c-bc87-7b7478d24056,1.7773441645305004e+18
b60b8918-719d-474c-bc87-7b7478d24056,1.7773441645638433e+18
b60b8918-719d-474c-bc87-7b7478d24056,1.7773441645971863e+18
b60b8918-719d-474c-bc87-7b7478d24056,1.7773441646305293e+18
b60b8918-719d-474c-bc87-7b7478d24056,1.7773441646638723e+18
b60b8918-719d-474c-bc87-7b7478d24056,1.7773441646972152e+18
b60b8918-719d-474c-bc87-7b7478d24056,1.7773441647305585e+18
b60b8918-719d-474c-bc87-7b7478d24056,1.7773441647639014e+18
b60b8918-719d-474c-bc87-7b7478d24056,1.7773441647972444e+18
b60b8918-719d-474c-bc87-7b7478d24056,1.7773441648305874e+18
b60b8918-719d-474c-bc87-7b7478d24056,1.7773441648639304e+18
b60b8918-719d-474c-bc87-7b7478d24056,1.7773441648972733e+18
b60b8918-719d-474c-bc87-7b7478d24056,1.7773441649306163e+18
b60b8918-719d-474c-bc87-7b7478d24056,1.7773441649639593e+18
b60b8918-719d-474c-bc87-7b7478d24056,1.7773441649973023e+18
b60b8918-719d-474c-bc87-7b7478d24056,1.7773441650306452e+18
b60b8918-719d-474c-bc87-7b7478d24056,1.7773441650639882e+18
b60b8918-719d-474c-bc87-7b7478d24056,1.7773441650973315e+18
b60b8918-719d-474c-bc87-7b7478d24056,1.7773441651306755e+18
b60b8918-719d-474c-bc87-7b7478d24056,1.7773441651640174e+18
b60b8918-719d-474c-bc87-7b7478d24056,1.7773441651973614e+18
b60b8918-719d-474c-bc87-7b7478d24056,1.7773441652307044e+18
b60b8918-719d-474c-bc87-7b7478d24056,1.7773441652640474e+18
b60b8918-719d-474c-bc87-7b7478d24056,1.7773441652973903e+18
b60b8918-719d-474c-bc87-7b7478d24056,1.7773441653307333e+18
b60b8918-719d-474c-bc87-7b7478d24056,1.7773441653640763e+18
b60b8918-719d-474c-bc87-7b7478d24056,1.7773441653974193e+18
b60b8918-719d-474c-bc87-7b7478d24056,1.7773441654307622e+18
b60b8918-719d-474c-bc87-7b7478d24056,1.7773441654641055e+18
b60b8918-719d-474c-bc87-7b7478d24056,1.7773441654974484e+18
b60b8918-719d-474c-bc87-7b7478d24056,1.7773441655307914e+18
b60b8918-719d-474c-bc87-7b7478d24056,1.7773441655641344e+18
b60b8918-719d-474c-bc87-7b7478d24056,1.7773441655974774e+18
b60b8918-719d-474c-bc87-7b7478d24056,1.7773441656308204e+18
b60b8918-719d-474c-bc87-7b7478d24056,1.7773441656641633e+18
b60b8918-719d-474c-bc87-7b7478d24056,1.7773441656975063e+18
b60b8918-719d-474c-bc87-7b7478d24056,1.7773441657308493e+18
b60b8918-719d-474c-bc87-7b7478d24056,1.7773441657641923e+18
b60b8918-719d-474c-bc87-7b7478d24056,1.7773441657975363e+18
b60b8918-719d-474c-bc87-7b7478d24056,1.7773441658308792e+18
b60b8918-719d-474c-bc87-7b7478d24056,1.7773441658642225e+18
b60b8918-719d-474c-bc87-7b7478d24056,1.7773441658975654e+18
b60b8918-719d-474c-bc87-7b7478d24056,1.7773441659309084e+18
b60b8918-719d-474c-bc87-7b7478d24056,1.7773441659642514e+18
b60b8918-719d-474c-bc87-7b7478d24056,1.7773441659975944e+18
b60b8918-719d-474c-bc87-7b7478d24056,1.7773441660309373e+18
b60b8918-719d-474c-bc87-7b7478d24056,1.7773441660642803e+18
b60b8918-719d-474c-bc87-7b7478d24056,1.7773441660976233e+18
b60b8918-719d-474c-bc87-7b7478d24056,1.7773441661309663e+18
b60b8918-719d-474c-bc87-7b7478d24056,1.7773441661643092e+18
b60b8918-719d-474c-bc87-7b7478d24056,1.7773441661976522e+18
b60b8918-719d-474c-bc87-7b7478d24056,1.7773441662309955e+18
b60b8918-719d-474c-bc87-7b7478d24056,1.7773441662643384e+18
b60b8918-719d-474c-bc87-7b7478d24056,1.7773441662976814e+18
b60b8918-719d-474c-bc87-7b7478d24056,1.7773441663310244e+18
b60b8918-719d-474c-bc87-7b7478d24056,1.7773441663643674e+18
b60b8918-719d-474c-bc87-7b7478d24056,1.7773441663977114e+18
b60b8918-719d-474c-bc87-7b7478d24056,1.7773441664310543e+18
b60b8918-719d-474c-bc87-7b7478d24056,1.7773441664643973e+18
b60b8918-719d-474c-bc87-7b7478d24056,1.7773441664977403e+18
b60b8918-719d-474c-bc87-7b7478d24056,1.7773441665310833e+18
b60b8918-719d-474c-bc87-7b7478d24056,1.7773441665644262e+18
b60b8918-719d-474c-bc87-7b7478d24056,1.7773441665977695e+18
b60b8918-719d-474c-bc87-7b7478d24056,1.7773441666311124e+18
b60b8918-719d-474c-bc87-7b7478d24056,1.7773441666644554e+18
b60b8918-719d-474c-bc87-7b7478d24056,1.7773441666977984e+18
b60b8918-719d-474c-bc87-7b7478d24056,1.7773441667311414e+18
b60b8918-719d-474c-bc87-7b7478d24056,1.7773441667644844e+18
b60b8918-719d-474c-bc87-7b7478d24056,1.7773441667978273e+18
b60b8918-719d-474c-bc87-7b7478d24056,1.7773441668311703e+18
b60b8918-719d-474c-bc87-7b7478d24056,1.7773441668645133e+18
b60b8918-719d-474c-bc87-7b7478d24056,1.7773441668978563e+18
b60b8918-719d-474c-bc87-7b7478d24056,1.7773441669311992e+18
b60b8918-719d-474c-bc87-7b7478d24056,1.7773441669645425e+18
b60b8918-719d-474c-bc87-7b7478d24056,1.7773441669978854e+18
b60b8918-719d-474c-bc87-7b7478d24056,1.7773441670312284e+18
b60b8918-719d-474c-bc87-7b7478d24056,1.7773441670645724e+18
b60b8918-719d-474c-bc87-7b7478d24056,1.7773441670979154e+18
b60b8918-719d-474c-bc87-7b7478d24056,1.7773441671312584e+18
b60b8918-719d-474c-bc87-7b7478d24056,1.7773441671646013e+18
b60b8918-719d-474c-bc87-7b7478d24056,1.7773441671979443e+18
b60b8918-719d-474c-bc87-7b7478d24056,1.7773441672312873e+18
b60b8918-719d-474c-bc87-7b7478d24056,1.7773441672646303e+18
b60b8918-719d-474c-bc87-7b7478d24056,1.7773441672979732e+18
b60b8918-719d-474c-bc87-7b7478d24056,1.7773441673313162e+18
b60b8918-719d-474c-bc87-7b7478d24056,1.7773441673646595e+18
b60b8918-719d-474c-bc87-7b7478d24056,1.7773441673980024e+18
b60b8918-719d-474c-bc87-7b7478d24056,1.7773441674313454e+18
b60b8918-719d-474c-bc87-7b7478d24056,1.7773441674646884e+18
b60b8918-719d-474c-bc87-7b7478d24056,1.7773441674980314e+18
b60b8918-719d-474c-bc87-7b7478d24056,1.7773441675313743e+18
b60b8918-719d-474c-bc87-7b7478d24056,1.7773441675647173e+18
b60b8918-719d-474c-bc87-7b7478d24056,1.7773441675980603e+18
b60b8918-719d-474c-bc87-7b7478d24056,1.7773441676314033e+18
b60b8918-719d-474c-bc87-7b7478d24056,1.7773441676647473e+18
b60b8918-719d-474c-bc87-7b7478d24056,1.7773441676980902e+18
b60b8918-719d-474c-bc87-7b7478d24056,1.7773441677314335e+18
b60b8918-719d-474c-bc87-7b7478d24056,1.7773441677647764e+18
b60b8918-719d-474c-bc87-7b7478d24056,1.7773441677981194e+18
b60b8918-719d-474c-bc87-7b7478d24056,1.7773441678314624e+18
b60b8918-719d-474c-bc87-7b7478d24056,1.7773441678648054e+18
b60b8918-719d-474c-bc87-7b7478d24056,1.7773441678981484e+18
b60b8918-719d-474c-bc87-7b7478d24056,1.7773441679314913e+18
b60b8918-719d-474c-bc87-7b7478d24056,1.7773441679648343e+18
b60b8918-719d-474c-bc87-7b7478d24056,1.7773441679981773e+18
b60b8918-719d-474c-bc87-7b7478d24056,1.7773441680315203e+18
b60b8918-719d-474c-bc87-7b7478d24056,1.7773441680648632e+18
b60b8918-719d-474c-bc87-7b7478d24056,1.7773441680982065e+18
b60b8918-719d-474c-bc87-7b7478d24056,1.7773441681315494e+18
b60b8918-719d-474c-bc87-7b7478d24056,1.7773441681648924e+18
b60b8918-719d-474c-bc87-7b7478d24056,1.7773441681982354e+18
b60b8918-719d-474c-bc87-7b7478d24056,1.7773441682315784e+18
b60b8918-719d-474c-bc87-7b7478d24056,1.7773441682649213e+18
b60b8918-719d-474c-bc87-7b7478d24056,1.7773441682982653e+18
b60b8918-719d-474c-bc87-7b7478d24056,1.7773441683316083e+18
b60b8918-719d-474c-bc87-7b7478d24056,1.7773441683649513e+18
b60b8918-719d-474c-bc87-7b7478d24056,1.7773441683982943e+18
b60b8918-719d-474c-bc87-7b7478d24056,1.7773441684316372e+18
b60b8918-719d-474c-bc87-7b7478d24056,1.7773441684649802e+18
b60b8918-719d-474c-bc87-7b7478d24056,1.7773441684983235e+18
b60b8918-719d-474c-bc87-7b7478d24056,1.7773441685316664e+18
b60b8918-719d-474c-bc87-7b7478d24056,1.7773441685650094e+18
b60b8918-719d-474c-bc87-7b7478d24056,1.7773441685983524e+18
b60b8918-719d-474c-bc87-7b7478d24056,1.7773441686316954e+18
b60b8918-719d-474c-bc87-7b7478d24056,1.7773441686650383e+18
b60b8918-719d-474c-bc87-7b7478d24056,1.7773441686983813e+18
b60b8918-719d-474c-bc87-7b7478d24056,1.7773441687317243e+18
b60b8918-719d-474c-bc87-7b7478d24056,1.7773441687650673e+18
b60b8918-719d-474c-bc87-7b7478d24056,1.7773441687984102e+18
b60b8918-719d-474c-bc87-7b7478d24056,1.7773441688317535e+18
b60b8918-719d-474c-bc87-7b7478d24056,1.7773441688650964e+18
b60b8918-719d-474c-bc87-7b7478d24056,1.7773441688984394e+18
b60b8918-719d-474c-bc87-7b7478d24056,1.7773441689317834e+18
b60b8918-719d-474c-bc87-7b7478d24056,1.7773441689651264e+18
b60b8918-719d-474c-bc87-7b7478d24056,1.7773441689984694e+18
b60b8918-719d-474c-bc87-7b7478d24056,1.7773441690318124e+18
b60b8918-719d-474c-bc87-7b7478d24056,1.7773441690651553e+18
b60b8918-719d-474c-bc87-7b7478d24056,1.7773441690984983e+18
b60b8918-719d-474c-bc87-7b7478d24056,1.7773441691318413e+18
b60b8918-719d-474c-bc87-7b7478d24056,1.7773441691651843e+18
b60b8918-719d-474c-bc87-7b7478d24056,1.7773441691985272e+18
b60b8918-719d-474c-bc87-7b7478d24056,1.7773441692318705e+18
b60b8918-719d-474c-bc87-7b7478d24056,1.7773441692652134e+18
b60b8918-719d-474c-bc87-7b7478d24056,1.7773441692985564e+18
b60b8918-719d-474c-bc87-7b7478d24056,1.7773441693318994e+18
b60b8918-719d-474c-bc87-7b7478d24056,1.7773441693652424e+18
b60b8918-719d-474c-bc87-7b7478d24056,1.7773441693985853e+18
b60b8918-719d-474c-bc87-7b7478d24056,1.7773441694319283e+18
b60b8918-719d-474c-bc87-7b7478d24056,1.7773441694652713e+18
b60b8918-719d-474c-bc87-7b7478d24056,1.7773441694986143e+18
b60b8918-719d-474c-bc87-7b7478d24056,1.7773441695319583e+18
b60b8918-719d-474c-bc87-7b7478d24056,1.7773441695653012e+18
b60b8918-719d-474c-bc87-7b7478d24056,1.7773441695986442e+18
b60b8918-719d-474c-bc87-7b7478d24056,1.7773441696319875e+18
b60b8918-719d-474c-bc87-7b7478d24056,1.7773441696653304e+18
b60b8918-719d-474c-bc87-7b7478d24056,1.7773441696986734e+18
b60b8918-719d-474c-bc87-7b7478d24056,1.7773441697320164e+18
b60b8918-719d-474c-bc87-7b7478d24056,1.7773441697653594e+18
b60b8918-719d-474c-bc87-7b7478d24056,1.7773441697987023e+18
b60b8918-719d-474c-bc87-7b7478d24056,1.7773441698320453e+18
b60b8918-719d-474c-bc87-7b7478d24056,1.7773441698653883e+18
b60b8918-719d-474c-bc87-7b7478d24056,1.7773441698987313e+18
b60b8918-719d-474c-bc87-7b7478d24056,1.7773441699320742e+18
b60b8918-719d-474c-bc87-7b7478d24056,1.7773441699654175e+18
b60b8918-719d-474c-bc87-7b7478d24056,1.7773441699987604e+18
b60b8918-719d-474c-bc87-7b7478d24056,1.7773441700321034e+18
b60b8918-719d-474c-bc87-7b7478d24056,1.7773441700654464e+18
b60b8918-719d-474c-bc87-7b7478d24056,1.7773441700987894e+18
b60b8918-719d-474c-bc87-7b7478d24056,1.7773441701321324e+18
b60b8918-719d-474c-bc87-7b7478d24056,1.7773441701654753e+18
b60b8918-719d-474c-bc87-7b7478d24056,1.7773441701988193e+18
b60b8918-719d-474c-bc87-7b7478d24056,1.7773441702321623e+18
b60b8918-719d-474c-bc87-7b7478d24056,1.7773441702655053e+18
b60b8918-719d-474c-bc87-7b7478d24056,1.7773441702988483e+18
b60b8918-719d-474c-bc87-7b7478d24056,1.7773441703321912e+18
b60b8918-719d-474c-bc87-7b7478d24056,1.7773441703655345e+18
b60b8918-719d-474c-bc87-7b7478d24056,1.7773441703988774e+18
b60b8918-719d-474c-bc87-7b7478d24056,1.7773441704322204e+18
b60b8918-719d-474c-bc87-7b7478d24056,1.7773441704655634e+18
b60b8918-719d-474c-bc87-7b7478d24056,1.7773441704989064e+18
b60b8918-719d-474c-bc87-7b7478d24056,1.7773441705322493e+18
b60b8918-719d-474c-bc87-7b7478d24056,1.7773441705655923e+18
b60b8918-719d-474c-bc87-7b7478d24056,1.7773441705989353e+18
b60b8918-719d-474c-bc87-7b7478d24056,1.7773441706322783e+18
b60b8918-719d-474c-bc87-7b7478d24056,1.7773441706656212e+18
b60b8918-719d-474c-bc87-7b7478d24056,1.7773441706989642e+18
b60b8918-719d-474c-bc87-7b7478d24056,1.7773441707323075e+18
b60b8918-719d-474c-bc87-7b7478d24056,1.7773441707656504e+18
b60b8918-719d-474c-bc87-7b7478d24056,1.7773441707989944e+18
b60b8918-719d-474c-bc87-7b7478d24056,1.7773441708323374e+18
b60b8918-719d-474c-bc87-7b7478d24056,1.7773441708656804e+18
b60b8918-719d-474c-bc87-7b7478d24056,1.7773441708990234e+18
b60b8918-719d-474c-bc87-7b7478d24056,1.7773441709323663e+18
b60b8918-719d-474c-bc87-7b7478d24056,1.7773441709657093e+18
b60b8918-719d-474c-bc87-7b7478d24056,1.7773441709990523e+18
b60b8918-719d-474c-bc87-7b7478d24056,1.7773441710323953e+18
b60b8918-719d-474c-bc87-7b7478d24056,1.7773441710657382e+18
b60b8918-719d-474c-bc87-7b7478d24056,1.7773441710990815e+18
b60b8918-719d-474c-bc87-7b7478d24056,1.7773441711324244e+18
b60b8918-719d-474c-bc87-7b7478d24056,1.7773441711657674e+18
b60b8918-719d-474c-bc87-7b7478d24056,1.7773441711991104e+18
b60b8918-719d-474c-bc87-7b7478d24056,1.7773441712324534e+18
b60b8918-719d-474c-bc87-7b7478d24056,1.7773441712657964e+18
b60b8918-719d-474c-bc87-7b7478d24056,1.7773441712991393e+18
b60b8918-719d-474c-bc87-7b7478d24056,1.7773441713324823e+18
b60b8918-719d-474c-bc87-7b7478d24056,1.7773441713658253e+18
b60b8918-719d-474c-bc87-7b7478d24056,1.7773441713991693e+18
b60b8918-719d-474c-bc87-7b7478d24056,1.7773441714325112e+18
b60b8918-719d-474c-bc87-7b7478d24056,1.7773441714658552e+18
b60b8918-719d-474c-bc87-7b7478d24056,1.7773441714991985e+18
b60b8918-719d-474c-bc87-7b7478d24056,1.7773441715325414e+18
b60b8918-719d-474c-bc87-7b7478d24056,1.7773441715658844e+18
b60b8918-719d-474c-bc87-7b7478d24056,1.7773441715992274e+18
b60b8918-719d-474c-bc87-7b7478d24056,1.7773441716325704e+18
b60b8918-719d-474c-bc87-7b7478d24056,1.7773441716659133e+18
b60b8918-719d-474c-bc87-7b7478d24056,1.7773441716992563e+18
b60b8918-719d-474c-bc87-7b7478d24056,1.7773441717325993e+18
b60b8918-719d-474c-bc87-7b7478d24056,1.7773441717659423e+18
b60b8918-719d-474c-bc87-7b7478d24056,1.7773441717992852e+18
b60b8918-719d-474c-bc87-7b7478d24056,1.7773441718326282e+18
b60b8918-719d-474c-bc87-7b7478d24056,1.7773441718659715e+18
b60b8918-719d-474c-bc87-7b7478d24056,1.7773441718993144e+18
b60b8918-719d-474c-bc87-7b7478d24056,1.7773441719326574e+18
b60b8918-719d-474c-bc87-7b7478d24056,1.7773441719660004e+18
b60b8918-719d-474c-bc87-7b7478d24056,1.7773441719993434e+18
b60b8918-719d-474c-bc87-7b7478d24056,1.7773441720326863e+18
b60b8918-719d-474c-bc87-7b7478d24056,1.7773441720660303e+18
b60b8918-719d-474c-bc87-7b7478d24056,1.7773441720993733e+18
b60b8918-719d-474c-bc87-7b7478d24056,1.7773441721327163e+18
b60b8918-719d-474c-bc87-7b7478d24056,1.7773441721660593e+18
b60b8918-719d-474c-bc87-7b7478d24056,1.7773441721994022e+18
b60b8918-719d-474c-bc87-7b7478d24056,1.7773441722327455e+18
b60b8918-719d-474c-bc87-7b7478d24056,1.7773441722660884e+18
b60b8918-719d-474c-bc87-7b7478d24056,1.7773441722994314e+18
b60b8918-719d-474c-bc87-7b7478d24056,1.7773441723327744e+18
b60b8918-719d-474c-bc87-7b7478d24056,1.7773441723661174e+18
b60b8918-719d-474c-bc87-7b7478d24056,1.7773441723994604e+18
b60b8918-719d-474c-bc87-7b7478d24056,1.7773441724328033e+18
b60b8918-719d-474c-bc87-7b7478d24056,1.7773441724661463e+18
b60b8918-719d-474c-bc87-7b7478d24056,1.7773441724994893e+18
b60b8918-719d-474c-bc87-7b7478d24056,1.7773441725328323e+18
b60b8918-719d-474c-bc87-7b7478d24056,1.7773441725661752e+18
b60b8918-719d-474c-bc87-7b7478d24056,1.7773441725995185e+18
b60b8918-719d-474c-bc87-7b7478d24056,1.7773441726328614e+18
b60b8918-719d-474c-bc87-7b7478d24056,1.7773441726662054e+18
b60b8918-719d-474c-bc87-7b7478d24056,1.7773441726995484e+18
b60b8918-719d-474c-bc87-7b7478d24056,1.7773441727328914e+18
b60b8918-719d-474c-bc87-7b7478d24056,1.7773441727662344e+18
b60b8918-719d-474c-bc87-7b7478d24056,1.7773441727995773e+18
b60b8918-719d-474c-bc87-7b7478d24056,1.7773441728329203e+18
b60b8918-719d-474c-bc87-7b7478d24056,1.7773441728662633e+18
b60b8918-719d-474c-bc87-7b7478d24056,1.7773441728996063e+18
b60b8918-719d-474c-bc87-7b7478d24056,1.7773441729329492e+18
b60b8918-719d-474c-bc87-7b7478d24056,1.7773441729662922e+18
b60b8918-719d-474c-bc87-7b7478d24056,1.7773441729996355e+18
b60b8918-719d-474c-bc87-7b7478d24056,1.7773441730329784e+18
b60b8918-719d-474c-bc87-7b7478d24056,1.7773441730663214e+18
b60b8918-719d-474c-bc87-7b7478d24056,1.7773441730996644e+18
b60b8918-719d-474c-bc87-7b7478d24056,1.7773441731330074e+18
b60b8918-719d-474c-bc87-7b7478d24056,1.7773441731663503e+18
b60b8918-719d-474c-bc87-7b7478d24056,1.7773441731996933e+18
b60b8918-719d-474c-bc87-7b7478d24056,1.7773441732330363e+18
b60b8918-719d-474c-bc87-7b7478d24056,1.7773441732663793e+18
b60b8918-719d-474c-bc87-7b7478d24056,1.7773441732997222e+18
b60b8918-719d-474c-bc87-7b7478d24056,1.7773441733330662e+18
b60b8918-719d-474c-bc87-7b7478d24056,1.7773441733664095e+18
b60b8918-719d-474c-bc87-7b7478d24056,1.7773441733997524e+18
b60b8918-719d-474c-bc87-7b7478d24056,1.7773441734330954e+18
b60b8918-719d-474c-bc87-7b7478d24056,1.7773441734664384e+18
b60b8918-719d-474c-bc87-7b7478d24056,1.7773441734997814e+18
b60b8918-719d-474c-bc87-7b7478d24056,1.7773441735331244e+18
b60b8918-719d-474c-bc87-7b7478d24056,1.7773441735664673e+18
b60b8918-719d-474c-bc87-7b7478d24056,1.7773441735998103e+18
b60b8918-719d-474c-bc87-7b7478d24056,1.7773441736331533e+18
b60b8918-719d-474c-bc87-7b7478d24056,1.7773441736664963e+18
b60b8918-719d-474c-bc87-7b7478d24056,1.7773441736998392e+18
b60b8918-719d-474c-bc87-7b7478d24056,1.7773441737331825e+18
b60b8918-719d-474c-bc87-7b7478d24056,1.7773441737665254e+18
b60b8918-719d-474c-bc87-7b7478d24056,1.7773441737998684e+18
b60b8918-719d-474c-bc87-7b7478d24056,1.7773441738332114e+18
b60b8918-719d-474c-bc87-7b7478d24056,1.7773441738665544e+18
b60b8918-719d-474c-bc87-7b7478d24056,1.7773441738998973e+18
b60b8918-719d-474c-bc87-7b7478d24056,1.7773441739332413e+18
b60b8918-719d-474c-bc87-7b7478d24056,1.7773441739665843e+18
b60b8918-719d-474c-bc87-7b7478d24056,1.7773441739999273e+18
b60b8918-719d-474c-bc87-7b7478d24056,1.7773441740332703e+18
b60b8918-719d-474c-bc87-7b7478d24056,1.7773441740666132e+18
b60b8918-719d-474c-bc87-7b7478d24056,1.7773441740999562e+18
b60b8918-719d-474c-bc87-7b7478d24056,1.7773441741332995e+18
b60b8918-719d-474c-bc87-7b7478d24056,1.7773441741666424e+18
b60b8918-719d-474c-bc87-7b7478d24056,1.7773441741999854e+18
b60b8918-719d-474c-bc87-7b7478d24056,1.7773441742333284e+18
b60b8918-719d-474c-bc87-7b7478d24056,1.7773441742666714e+18
b60b8918-719d-474c-bc87-7b7478d24056,1.7773441743000143e+18
b60b8918-719d-474c-bc87-7b7478d24056,1.7773441743333573e+18
b60b8918-719d-474c-bc87-7b7478d24056,1.7773441743667003e+18
b60b8918-719d-474c-bc87-7b7478d24056,1.7773441744000433e+18
b60b8918-719d-474c-bc87-7b7478d24056,1.7773441744333862e+18
b60b8918-719d-474c-bc87-7b7478d24056,1.7773441744667295e+18
b60b8918-719d-474c-bc87-7b7478d24056,1.7773441745000724e+18
b60b8918-719d-474c-bc87-7b7478d24056,1.7773441745334154e+18
b60b8918-719d-474c-bc87-7b7478d24056,1.7773441745667594e+18
b60b8918-719d-474c-bc87-7b7478d24056,1.7773441746001024e+18
b60b8918-719d-474c-bc87-7b7478d24056,1.7773441746334454e+18
b60b8918-719d-474c-bc87-7b7478d24056,1.7773441746667884e+18
b60b8918-719d-474c-bc87-7b7478d24056,1.7773441747001313e+18
b60b8918-719d-474c-bc87-7b7478d24056,1.7773441747334743e+18
b60b8918-719d-474c-bc87-7b7478d24056,1.7773441747668173e+18
b60b8918-719d-474c-bc87-7b7478d24056,1.7773441748001603e+18
b60b8918-719d-474c-bc87-7b7478d24056,1.7773441748335032e+18
b60b8918-719d-474c-bc87-7b7478d24056,1.7773441748668465e+18
b60b8918-719d-474c-bc87-7b7478d24056,1.7773441749001894e+18
b60b8918-719d-474c-bc87-7b7478d24056,1.7773441749335324e+18
b60b8918-719d-474c-bc87-7b7478d24056,1.7773441749668754e+18
b60b8918-719d-474c-bc87-7b7478d24056,1.7773441750002184e+18
b60b8918-719d-474c-bc87-7b7478d24056,1.7773441750335613e+18
b60b8918-719d-474c-bc87-7b7478d24056,1.7773441750669043e+18
b60b8918-719d-474c-bc87-7b7478d24056,1.7773441751002473e+18
b60b8918-719d-474c-bc87-7b7478d24056,1.7773441751335903e+18
b60b8918-719d-474c-bc87-7b7478d24056,1.7773441751669332e+18
b60b8918-719d-474c-bc87-7b7478d24056,1.7773441752002772e+18
b60b8918-719d-474c-bc87-7b7478d24056,1.7773441752336202e+18
b60b8918-719d-474c-bc87-7b7478d24056,1.7773441752669635e+18
b60b8918-719d-474c-bc87-7b7478d24056,1.7773441753003064e+18
b60b8918-719d-474c-bc87-7b7478d24056,1.7773441753336494e+18
b60b8918-719d-474c-bc87-7b7478d24056,1.7773441753669924e+18
b60b8918-719d-474c-bc87-7b7478d24056,1.7773441754003354e+18
b60b8918-719d-474c-bc87-7b7478d24056,1.7773441754336783e+18
b60b8918-719d-474c-bc87-7b7478d24056,1.7773441754670213e+18
b60b8918-719d-474c-bc87-7b7478d24056,1.7773441755003643e+18
b60b8918-719d-474c-bc87-7b7478d24056,1.7773441755337073e+18
b60b8918-719d-474c-bc87-7b7478d24056,1.7773441755670502e+18
b60b8918-719d-474c-bc87-7b7478d24056,1.7773441756003935e+18
b60b8918-719d-474c-bc87-7b7478d24056,1.7773441756337364e+18
b60b8918-719d-474c-bc87-7b7478d24056,1.7773441756670794e+18
b60b8918-719d-474c-bc87-7b7478d24056,1.7773441757004224e+18
b60b8918-719d-474c-bc87-7b7478d24056,1.7773441757337654e+18
b60b8918-719d-474c-bc87-7b7478d24056,1.7773441757671084e+18
b60b8918-719d-474c-bc87-7b7478d24056,1.7773441758004524e+18
b60b8918-719d-474c-bc87-7b7478d24056,1.7773441758337953e+18
b60b8918-719d-474c-bc87-7b7478d24056,1.7773441758671383e+18
b60b8918-719d-474c-bc87-7b7478d24056,1.7773441759004813e+18
b60b8918-719d-474c-bc87-7b7478d24056,1.7773441759338243e+18
b60b8918-719d-474c-bc87-7b7478d24056,1.7773441759671672e+18
b60b8918-719d-474c-bc87-7b7478d24056,1.7773441760005105e+18
b60b8918-719d-474c-bc87-7b7478d24056,1.7773441760338534e+18
b60b8918-719d-474c-bc87-7b7478d24056,1.7773441760671964e+18
b60b8918-719d-474c-bc87-7b7478d24056,1.7773441761005394e+18
b60b8918-719d-474c-bc87-7b7478d24056,1.7773441761338824e+18
b60b8918-719d-474c-bc87-7b7478d24056,1.7773441761672253e+18
b60b8918-719d-474c-bc87-7b7478d24056,1.7773441762005683e+18
b60b8918-719d-474c-bc87-7b7478d24056,1.7773441762339113e+18
b60b8918-719d-474c-bc87-7b7478d24056,1.7773441762672543e+18
b60b8918-719d-474c-bc87-7b7478d24056,1.7773441763005972e+18
b60b8918-719d-474c-bc87-7b7478d24056,1.7773441763339402e+18
b60b8918-719d-474c-bc87-7b7478d24056,1.7773441763672835e+18
b60b8918-719d-474c-bc87-7b7478d24056,1.7773441764006264e+18
b60b8918-719d-474c-bc87-7b7478d24056,1.7773441764339694e+18
b60b8918-719d-474c-bc87-7b7478d24056,1.7773441764673134e+18
b60b8918-719d-474c-bc87-7b7478d24056,1.7773441765006564e+18
b60b8918-719d-474c-bc87-7b7478d24056,1.7773441765339994e+18
b60b8918-719d-474c-bc87-7b7478d24056,1.7773441765673423e+18
b60b8918-719d-474c-bc87-7b7478d24056,1.7773441766006853e+18
b60b8918-719d-474c-bc87-7b7478d24056,1.7773441766340283e+18
b60b8918-719d-474c-bc87-7b7478d24056,1.7773441766673713e+18
b60b8918-719d-474c-bc87-7b7478d24056,1.7773441767007142e+18
b60b8918-719d-474c-bc87-7b7478d24056,1.7773441767340575e+18
b60b8918-719d-474c-bc87-7b7478d24056,1.7773441767674004e+18
b60b8918-719d-474c-bc87-7b7478d24056,1.7773441768007434e+18
b60b8918-719d-474c-bc87-7b7478d24056,1.7773441768340864e+18
b60b8918-719d-474c-bc87-7b7478d24056,1.7773441768674294e+18
b60b8918-719d-474c-bc87-7b7478d24056,1.7773441769007724e+18
b60b8918-719d-474c-bc87-7b7478d24056,1.7773441769341153e+18
b60b8918-719d-474c-bc87-7b7478d24056,1.7773441769674583e+18
b60b8918-719d-474c-bc87-7b7478d24056,1.7773441770008013e+18
b60b8918-719d-474c-bc87-7b7478d24056,1.7773441770341443e+18
b60b8918-719d-474c-bc87-7b7478d24056,1.7773441770674883e+18
b60b8918-719d-474c-bc87-7b7478d24056,1.7773441771008312e+18
b60b8918-719d-474c-bc87-7b7478d24056,1.7773441771341745e+18
b60b8918-719d-474c-bc87-7b7478d24056,1.7773441771675174e+18
b60b8918-719d-474c-bc87-7b7478d24056,1.7773441772008604e+18
b60b8918-719d-474c-bc87-7b7478d24056,1.7773441772342034e+18
b60b8918-719d-474c-bc87-7b7478d24056,1.7773441772675464e+18
b60b8918-719d-474c-bc87-7b7478d24056,1.7773441773008893e+18
b60b8918-719d-474c-bc87-7b7478d24056,1.7773441773342323e+18
b60b8918-719d-474c-bc87-7b7478d24056,1.7773441773675753e+18
b60b8918-719d-474c-bc87-7b7478d24056,1.7773441774009183e+18
b60b8918-719d-474c-bc87-7b7478d24056,1.7773441774342612e+18
b60b8918-719d-474c-bc87-7b7478d24056,1.7773441774676042e+18
b60b8918-719d-474c-bc87-7b7478d24056,1.7773441775009475e+18
b60b8918-719d-474c-bc87-7b7478d24056,1.7773441775342904e+18
b60b8918-719d-474c-bc87-7b7478d24056,1.7773441775676334e+18
b60b8918-719d-474c-bc87-7b7478d24056,1.7773441776009764e+18
b60b8918-719d-474c-bc87-7b7478d24056,1.7773441776343194e+18
b60b8918-719d-474c-bc87-7b7478d24056,1.7773441776676634e+18
b60b8918-719d-474c-bc87-7b7478d24056,1.7773441777010053e+18
b60b8918-719d-474c-bc87-7b7478d24056,1.7773441777343493e+18
b60b8918-719d-474c-bc87-7b7478d24056,1.7773441777676923e+18
b60b8918-719d-474c-bc87-7b7478d24056,1.7773441778010353e+18
b60b8918-719d-474c-bc87-7b7478d24056,1.7773441778343782e+18
b60b8918-719d-474c-bc87-7b7478d24056,1.7773441778677215e+18
b60b8918-719d-474c-bc87-7b7478d24056,1.7773441779010644e+18
b60b8918-719d-474c-bc87-7b7478d24056,1.7773441779344074e+18
b60b8918-719d-474c-bc87-7b7478d24056,1.7773441779677504e+18
b60b8918-719d-474c-bc87-7b7478d24056,1.7773441780010934e+18
b60b8918-719d-474c-bc87-7b7478d24056,1.7773441780344364e+18
b60b8918-719d-474c-bc87-7b7478d24056,1.7773441780677793e+18
b60b8918-719d-474c-bc87-7b7478d24056,1.7773441781011223e+18
b60b8918-719d-474c-bc87-7b7478d24056,1.7773441781344653e+18
b60b8918-719d-474c-bc87-7b7478d24056,1.7773441781678083e+18
b60b8918-719d-474c-bc87-7b7478d24056,1.7773441782011512e+18
b60b8918-719d-474c-bc87-7b7478d24056,1.7773441782344945e+18
b60b8918-719d-474c-bc87-7b7478d24056,1.7773441782678374e+18
b60b8918-719d-474c-bc87-7b7478d24056,1.7773441783011804e+18
b60b8918-719d-474c-bc87-7b7478d24056,1.7773441783345244e+18
b60b8918-719d-474c-bc87-7b7478d24056,1.7773441783678674e+18
b60b8918-719d-474c-bc87-7b7478d24056,1.7773441784012104e+18
b60b8918-719d-474c-bc87-7b7478d24056,1.7773441784345533e+18
b60b8918-719d-474c-bc87-7b7478d24056,1.7773441784678963e+18
b60b8918-719d-474c-bc87-7b7478d24056,1.7773441785012393e+18
b60b8918-719d-474c-bc87-7b7478d24056,1.7773441785345823e+18
b60b8918-719d-474c-bc87-7b7478d24056,1.7773441785679252e+18
b60b8918-719d-474c-bc87-7b7478d24056,1.7773441786012682e+18
b60b8918-719d-474c-bc87-7b7478d24056,1.7773441786346115e+18
b60b8918-719d-474c-bc87-7b7478d24056,1.7773441786679544e+18
b60b8918-719d-474c-bc87-7b7478d24056,1.7773441787012974e+18
b60b8918-719d-474c-bc87-7b7478d24056,1.7773441787346404e+18
b60b8918-719d-474c-bc87-7b7478d24056,1.7773441787679834e+18
b60b8918-719d-474c-bc87-7b7478d24056,1.7773441788013263e+18
b60b8918-719d-474c-bc87-7b7478d24056,1.7773441788346693e+18
b60b8918-719d-474c-bc87-7b7478d24056,1.7773441788680123e+18
b60b8918-719d-474c-bc87-7b7478d24056,1.7773441789013553e+18
b60b8918-719d-474c-bc87-7b7478d24056,1.7773441789346993e+18
b60b8918-719d-474c-bc87-7b7478d24056,1.7773441789680422e+18
b60b8918-719d-474c-bc87-7b7478d24056,1.7773441790013855e+18
b60b8918-719d-474c-bc87-7b7478d24056,1.7773441790347284e+18
b60b8918-719d-474c-bc87-7b7478d24056,1.7773441790680714e+18
b60b8918-719d-474c-bc87-7b7478d24056,1.7773441791014144e+18
b60b8918-719d-474c-bc87-7b7478d24056,1.7773441791347574e+18
b60b8918-719d-474c-bc87-7b7478d24056,1.7773441791681004e+18
b60b8918-719d-474c-bc87-7b7478d24056,1.7773441792014433e+18
b60b8918-719d-474c-bc87-7b7478d24056,1.7773441792347863e+18
b60b8918-719d-474c-bc87-7b7478d24056,1.7773441792681293e+18
b60b8918-719d-474c-bc87-7b7478d24056,1.7773441793014723e+18
b60b8918-719d-474c-bc87-7b7478d24056,1.7773441793348152e+18
b60b8918-719d-474c-bc87-7b7478d24056,1.7773441793681585e+18
b60b8918-719d-474c-bc87-7b7478d24056,1.7773441794015014e+18
b60b8918-719d-474c-bc87-7b7478d24056,1.7773441794348444e+18
b60b8918-719d-474c-bc87-7b7478d24056,1.7773441794681874e+18
b60b8918-719d-474c-bc87-7b7478d24056,1.7773441795015304e+18
b60b8918-719d-474c-bc87-7b7478d24056,1.7773441795348733e+18
b60b8918-719d-474c-bc87-7b7478d24056,1.7773441795682163e+18
b60b8918-719d-474c-bc87-7b7478d24056,1.7773441796015603e+18
b60b8918-719d-474c-bc87-7b7478d24056,1.7773441796349033e+18
b60b8918-719d-474c-bc87-7b7478d24056,1.7773441796682463e+18
b60b8918-719d-474c-bc87-7b7478d24056,1.7773441797015892e+18
b60b8918-719d-474c-bc87-7b7478d24056,1.7773441797349322e+18
b60b8918-719d-474c-bc87-7b7478d24056,1.7773441797682755e+18
b60b8918-719d-474c-bc87-7b7478d24056,1.7773441798016184e+18
b60b8918-719d-474c-bc87-7b7478d24056,1.7773441798349614e+18
b60b8918-719d-474c-bc87-7b7478d24056,1.7773441798683044e+18
b60b8918-719d-474c-bc87-7b7478d24056,1.7773441799016474e+18
b60b8918-719d-474c-bc87-7b7478d24056,1.7773441799349903e+18
b60b8918-719d-474c-bc87-7b7478d24056,1.7773441799683333e+18
b60b8918-719d-474c-bc87-7b7478d24056,1.7773441800016763e+18
b60b8918-719d-474c-bc87-7b7478d24056,1.7773441800350193e+18
b60b8918-719d-474c-bc87-7b7478d24056,1.7773441800683622e+18
b60b8918-719d-474c-bc87-7b7478d24056,1.7773441801017055e+18
b60b8918-719d-474c-bc87-7b7478d24056,1.7773441801350484e+18
b60b8918-719d-474c-bc87-7b7478d24056,1.7773441801683914e+18
b60b8918-719d-474c-bc87-7b7478d24056,1.7773441802017354e+18
b60b8918-719d-474c-bc87-7b7478d24056,1.7773441802350784e+18
b60b8918-719d-474c-bc87-7b7478d24056,1.7773441802684214e+18
b60b8918-719d-474c-bc87-7b7478d24056,1.7773441803017644e+18
b60b8918-719d-474c-bc87-7b7478d24056,1.7773441803351073e+18
b60b8918-719d-474c-bc87-7b7478d24056,1.7773441803684503e+18
b60b8918-719d-474c-bc87-7b7478d24056,1.7773441804017933e+18
b60b8918-719d-474c-bc87-7b7478d24056,1.7773441804351363e+18
b60b8918-719d-474c-bc87-7b7478d24056,1.7773441804684792e+18
b60b8918-719d-474c-bc87-7b7478d24056,1.7773441805018225e+18
b60b8918-719d-474c-bc87-7b7478d24056,1.7773441805351654e+18
b60b8918-719d-474c-bc87-7b7478d24056,1.7773441805685084e+18
b60b8918-719d-474c-bc87-7b7478d24056,1.7773441806018514e+18
b60b8918-719d-474c-bc87-7b7478d24056,1.7773441806351944e+18
b60b8918-719d-474c-bc87-7b7478d24056,1.7773441806685373e+18
b60b8918-719d-474c-bc87-7b7478d24056,1.7773441807018803e+18
b60b8918-719d-474c-bc87-7b7478d24056,1.7773441807352233e+18
b60b8918-719d-474c-bc87-7b7478d24056,1.7773441807685663e+18
b60b8918-719d-474c-bc87-7b7478d24056,1.7773441808019092e+18
b60b8918-719d-474c-bc87-7b7478d24056,1.7773441808352532e+18
b60b8918-719d-474c-bc87-7b7478d24056,1.7773441808685962e+18
b60b8918-719d-474c-bc87-7b7478d24056,1.7773441809019395e+18
b60b8918-719d-474c-bc87-7b7478d24056,1.7773441809352824e+18
b60b8918-719d-474c-bc87-7b7478d24056,1.7773441809686254e+18
b60b8918-719d-474c-bc87-7b7478d24056,1.7773441810019684e+18
b60b8918-719d-474c-bc87-7b7478d24056,1.7773441810353114e+18
b60b8918-719d-474c-bc87-7b7478d24056,1.7773441810686543e+18
b60b8918-719d-474c-bc87-7b7478d24056,1.7773441811019973e+18
b60b8918-719d-474c-bc87-7b7478d24056,1.7773441811353403e+18
b60b8918-719d-474c-bc87-7b7478d24056,1.7773441811686833e+18
b60b8918-719d-474c-bc87-7b7478d24056,1.7773441812020262e+18
b60b8918-719d-474c-bc87-7b7478d24056,1.7773441812353695e+18
b60b8918-719d-474c-bc87-7b7478d24056,1.7773441812687124e+18
b60b8918-719d-474c-bc87-7b7478d24056,1.7773441813020554e+18
b60b8918-719d-474c-bc87-7b7478d24056,1.7773441813353984e+18
b60b8918-719d-474c-bc87-7b7478d24056,1.7773441813687414e+18
b60b8918-719d-474c-bc87-7b7478d24056,1.7773441814020844e+18
b60b8918-719d-474c-bc87-7b7478d24056,1.7773441814354273e+18
b60b8918-719d-474c-bc87-7b7478d24056,1.7773441814687713e+18
b60b8918-719d-474c-bc87-7b7478d24056,1.7773441815021143e+18
b60b8918-719d-474c-bc87-7b7478d24056,1.7773441815354573e+18
b60b8918-719d-474c-bc87-7b7478d24056,1.7773441815688003e+18
b60b8918-719d-474c-bc87-7b7478d24056,1.7773441816021432e+18
b60b8918-719d-474c-bc87-7b7478d24056,1.7773441816354865e+18
b60b8918-719d-474c-bc87-7b7478d24056,1.7773441816688294e+18
b60b8918-719d-474c-bc87-7b7478d24056,1.7773441817021724e+18
b60b8918-719d-474c-bc87-7b7478d24056,1.7773441817355154e+18
b60b8918-719d-474c-bc87-7b7478d24056,1.7773441817688584e+18
b60b8918-719d-474c-bc87-7b7478d24056,1.7773441818022013e+18
b60b8918-719d-474c-bc87-7b7478d24056,1.7773441818355443e+18
b60b8918-719d-474c-bc87-7b7478d24056,1.7773441818688873e+18
b60b8918-719d-474c-bc87-7b7478d24056,1.7773441819022303e+18
b60b8918-719d-474c-bc87-7b7478d24056,1.7773441819355732e+18
b60b8918-719d-474c-bc87-7b7478d24056,1.7773441819689162e+18
b60b8918-719d-474c-bc87-7b7478d24056,1.7773441820022595e+18
b60b8918-719d-474c-bc87-7b7478d24056,1.7773441820356024e+18
b60b8918-719d-474c-bc87-7b7478d24056,1.7773441820689464e+18
b60b8918-719d-474c-bc87-7b7478d24056,1.7773441821022894e+18
b60b8918-719d-474c-bc87-7b7478d24056,1.7773441821356324e+18
b60b8918-719d-474c-bc87-7b7478d24056,1.7773441821689754e+18
b60b8918-719d-474c-bc87-7b7478d24056,1.7773441822023183e+18
b60b8918-719d-474c-bc87-7b7478d24056,1.7773441822356613e+18
b60b8918-719d-474c-bc87-7b7478d24056,1.7773441822690043e+18
b60b8918-719d-474c-bc87-7b7478d24056,1.7773441823023473e+18
b60b8918-719d-474c-bc87-7b7478d24056,1.7773441823356902e+18
b60b8918-719d-474c-bc87-7b7478d24056,1.7773441823690335e+18
b60b8918-719d-474c-bc87-7b7478d24056,1.7773441824023764e+18
b60b8918-719d-474c-bc87-7b7478d24056,1.7773441824357194e+18
b60b8918-719d-474c-bc87-7b7478d24056,1.7773441824690624e+18
b60b8918-719d-474c-bc87-7b7478d24056,1.7773441825024054e+18
b60b8918-719d-474c-bc87-7b7478d24056,1.7773441825357484e+18
b60b8918-719d-474c-bc87-7b7478d24056,1.7773441825690913e+18
b60b8918-719d-474c-bc87-7b7478d24056,1.7773441826024343e+18
b60b8918-719d-474c-bc87-7b7478d24056,1.7773441826357773e+18
b60b8918-719d-474c-bc87-7b7478d24056,1.7773441826691203e+18
b60b8918-719d-474c-bc87-7b7478d24056,1.7773441827024643e+18
b60b8918-719d-474c-bc87-7b7478d24056,1.7773441827358072e+18
b60b8918-719d-474c-bc87-7b7478d24056,1.7773441827691505e+18
b60b8918-719d-474c-bc87-7b7478d24056,1.7773441828024934e+18
b60b8918-719d-474c-bc87-7b7478d24056,1.7773441828358364e+18
b60b8918-719d-474c-bc87-7b7478d24056,1.7773441828691794e+18
b60b8918-719d-474c-bc87-7b7478d24056,1.7773441829025224e+18
b60b8918-719d-474c-bc87-7b7478d24056,1.7773441829358653e+18
b60b8918-719d-474c-bc87-7b7478d24056,1.7773441829692083e+18
b60b8918-719d-474c-bc87-7b7478d24056,1.7773441830025513e+18
b60b8918-719d-474c-bc87-7b7478d24056,1.7773441830358943e+18
b60b8918-719d-474c-bc87-7b7478d24056,1.7773441830692372e+18
b60b8918-719d-474c-bc87-7b7478d24056,1.7773441831025802e+18
b60b8918-719d-474c-bc87-7b7478d24056,1.7773441831359235e+18
b60b8918-719d-474c-bc87-7b7478d24056,1.7773441831692664e+18
b60b8918-719d-474c-bc87-7b7478d24056,1.7773441832026094e+18
b60b8918-719d-474c-bc87-7b7478d24056,1.7773441832359524e+18
b60b8918-719d-474c-bc87-7b7478d24056,1.7773441832692954e+18
b60b8918-719d-474c-bc87-7b7478d24056,1.7773441833026383e+18
b60b8918-719d-474c-bc87-7b7478d24056,1.7773441833359823e+18
b60b8918-719d-474c-bc87-7b7478d24056,1.7773441833693253e+18
b60b8918-719d-474c-bc87-7b7478d24056,1.7773441834026683e+18
b60b8918-719d-474c-bc87-7b7478d24056,1.7773441834360113e+18
b60b8918-719d-474c-bc87-7b7478d24056,1.7773441834693542e+18
b60b8918-719d-474c-bc87-7b7478d24056,1.7773441835026975e+18
b60b8918-719d-474c-bc87-7b7478d24056,1.7773441835360404e+18
b60b8918-719d-474c-bc87-7b7478d24056,1.7773441835693834e+18
b60b8918-719d-474c-bc87-7b7478d24056,1.7773441836027264e+18
b60b8918-719d-474c-bc87-7b7478d24056,1.7773441836360694e+18
b60b8918-719d-474c-bc87-7b7478d24056,1.7773441836694124e+18
b60b8918-719d-474c-bc87-7b7478d24056,1.7773441837027553e+18
b60b8918-719d-474c-bc87-7b7478d24056,1.7773441837360983e+18
b60b8918-719d-474c-bc87-7b7478d24056,1.7773441837694413e+18
b60b8918-719d-474c-bc87-7b7478d24056,1.7773441838027843e+18
b60b8918-719d-474c-bc87-7b7478d24056,1.7773441838361272e+18
b60b8918-719d-474c-bc87-7b7478d24056,1.7773441838694705e+18
b60b8918-719d-474c-bc87-7b7478d24056,1.7773441839028134e+18
b60b8918-719d-474c-bc87-7b7478d24056,1.7773441839361574e+18
b60b8918-719d-474c-bc87-7b7478d24056,1.7773441839694994e+18
b60b8918-719d-474c-bc87-7b7478d24056,1.7773441840028434e+18
b60b8918-719d-474c-bc87-7b7478d24056,1.7773441840361864e+18
b60b8918-719d-474c-bc87-7b7478d24056,1.7773441840695293e+18
b60b8918-719d-474c-bc87-7b7478d24056,1.7773441841028723e+18
b60b8918-719d-474c-bc87-7b7478d24056,1.7773441841362153e+18
b60b8918-719d-474c-bc87-7b7478d24056,1.7773441841695583e+18
b60b8918-719d-474c-bc87-7b7478d24056,1.7773441842029012e+18
b60b8918-719d-474c-bc87-7b7478d24056,1.7773441842362442e+18
b60b8918-719d-474c-bc87-7b7478d24056,1.7773441842695875e+18
b60b8918-719d-474c-bc87-7b7478d24056,1.7773441843029304e+18
b60b8918-719d-474c-bc87-7b7478d24056,1.7773441843362734e+18
b60b8918-719d-474c-bc87-7b7478d24056,1.7773441843696164e+18
b60b8918-719d-474c-bc87-7b7478d24056,1.7773441844029594e+18
b60b8918-719d-474c-bc87-7b7478d24056,1.7773441844363023e+18
b60b8918-719d-474c-bc87-7b7478d24056,1.7773441844696453e+18
b60b8918-719d-474c-bc87-7b7478d24056,1.7773441845029883e+18
b60b8918-719d-474c-bc87-7b7478d24056,1.7773441845363313e+18
b60b8918-719d-474c-bc87-7b7478d24056,1.7773441845696742e+18
b60b8918-719d-474c-bc87-7b7478d24056,1.7773441846030182e+18
b60b8918-719d-474c-bc87-7b7478d24056,1.7773441846363615e+18
b60b8918-719d-474c-bc87-7b7478d24056,1.7773441846697044e+18
b60b8918-719d-474c-bc87-7b7478d24056,1.7773441847030474e+18
b60b8918-719d-474c-bc87-7b7478d24056,1.7773441847363904e+18
b60b8918-719d-474c-bc87-7b7478d24056,1.7773441847697334e+18
b60b8918-719d-474c-bc87-7b7478d24056,1.7773441848030764e+18
b60b8918-719d-474c-bc87-7b7478d24056,1.7773441848364193e+18
b60b8918-719d-474c-bc87-7b7478d24056,1.7773441848697623e+18
b60b8918-719d-474c-bc87-7b7478d24056,1.7773441849031053e+18
b60b8918-719d-474c-bc87-7b7478d24056,1.7773441849364483e+18
b60b8918-719d-474c-bc87-7b7478d24056,1.7773441849697912e+18
b60b8918-719d-474c-bc87-7b7478d24056,1.7773441850031345e+18
b60b8918-719d-474c-bc87-7b7478d24056,1.7773441850364774e+18
b60b8918-719d-474c-bc87-7b7478d24056,1.7773441850698204e+18
b60b8918-719d-474c-bc87-7b7478d24056,1.7773441851031634e+18
b60b8918-719d-474c-bc87-7b7478d24056,1.7773441851365064e+18
b60b8918-719d-474c-bc87-7b7478d24056,1.7773441851698493e+18
b60b8918-719d-474c-bc87-7b7478d24056,1.7773441852031933e+18
b60b8918-719d-474c-bc87-7b7478d24056,1.7773441852365363e+18
b60b8918-719d-474c-bc87-7b7478d24056,1.7773441852698793e+18
b60b8918-719d-474c-bc87-7b7478d24056,1.7773441853032223e+18
b60b8918-719d-474c-bc87-7b7478d24056,1.7773441853365652e+18
b60b8918-719d-474c-bc87-7b7478d24056,1.7773441853699082e+18
b60b8918-719d-474c-bc87-7b7478d24056,1.7773441854032515e+18
b60b8918-719d-474c-bc87-7b7478d24056,1.7773441854365944e+18
b60b8918-719d-474c-bc87-7b7478d24056,1.7773441854699374e+18
b60b8918-719d-474c-bc87-7b7478d24056,1.7773441855032804e+18
b60b8918-719d-474c-bc87-7b7478d24056,1.7773441855366234e+18
b60b8918-719d-474c-bc87-7b7478d24056,1.7773441855699663e+18
b60b8918-719d-474c-bc87-7b7478d24056,1.7773441856033093e+18
b60b8918-719d-474c-bc87-7b7478d24056,1.7773441856366523e+18
b60b8918-719d-474c-bc87-7b7478d24056,1.7773441856699953e+18
b60b8918-719d-474c-bc87-7b7478d24056,1.7773441857033382e+18
b60b8918-719d-474c-bc87-7b7478d24056,1.7773441857366815e+18
b60b8918-719d-474c-bc87-7b7478d24056,1.7773441857700244e+18
b60b8918-719d-474c-bc87-7b7478d24056,1.7773441858033674e+18
b60b8918-719d-474c-bc87-7b7478d24056,1.7773441858367104e+18
b60b8918-719d-474c-bc87-7b7478d24056,1.7773441858700544e+18
b60b8918-719d-474c-bc87-7b7478d24056,1.7773441859033974e+18
b60b8918-719d-474c-bc87-7b7478d24056,1.7773441859367404e+18
b60b8918-719d-474c-bc87-7b7478d24056,1.7773441859700833e+18
b60b8918-719d-474c-bc87-7b7478d24056,1.7773441860034263e+18
b60b8918-719d-474c-bc87-7b7478d24056,1.7773441860367693e+18
b60b8918-719d-474c-bc87-7b7478d24056,1.7773441860701123e+18
b60b8918-719d-474c-bc87-7b7478d24056,1.7773441861034552e+18
b60b8918-719d-474c-bc87-7b7478d24056,1.7773441861367985e+18
b60b8918-719d-474c-bc87-7b7478d24056,1.7773441861701414e+18
b60b8918-719d-474c-bc87-7b7478d24056,1.7773441862034844e+18
b60b8918-719d-474c-bc87-7b7478d24056,1.7773441862368274e+18
b60b8918-719d-474c-bc87-7b7478d24056,1.7773441862701704e+18
b60b8918-719d-474c-bc87-7b7478d24056,1.7773441863035133e+18
b60b8918-719d-474c-bc87-7b7478d24056,1.7773441863368563e+18
b60b8918-719d-474c-bc87-7b7478d24056,1.7773441863701993e+18
b60b8918-719d-474c-bc87-7b7478d24056,1.7773441864035423e+18
b60b8918-719d-474c-bc87-7b7478d24056,1.7773441864368852e+18
b60b8918-719d-474c-bc87-7b7478d24056,1.7773441864702292e+18
b60b8918-719d-474c-bc87-7b7478d24056,1.7773441865035722e+18
b60b8918-719d-474c-bc87-7b7478d24056,1.7773441865369155e+18
b60b8918-719d-474c-bc87-7b7478d24056,1.7773441865702584e+18
b60b8918-719d-474c-bc87-7b7478d24056,1.7773441866036014e+18
b60b8918-719d-474c-bc87-7b7478d24056,1.7773441866369444e+18
b60b8918-719d-474c-bc87-7b7478d24056,1.7773441866702874e+18
b60b8918-719d-474c-bc87-7b7478d24056,1.7773441867036303e+18
b60b8918-719d-474c-bc87-7b7478d24056,1.7773441867369733e+18
b60b8918-719d-474c-bc87-7b7478d24056,1.7773441867703163e+18
b60b8918-719d-474c-bc87-7b7478d24056,1.7773441868036593e+18
b60b8918-719d-474c-bc87-7b7478d24056,1.7773441868370022e+18
b60b8918-719d-474c-bc87-7b7478d24056,1.7773441868703455e+18
b60b8918-719d-474c-bc87-7b7478d24056,1.7773441869036884e+18
b60b8918-719d-474c-bc87-7b7478d24056,1.7773441869370314e+18
b60b8918-719d-474c-bc87-7b7478d24056,1.7773441869703744e+18
b60b8918-719d-474c-bc87-7b7478d24056,1.7773441870037174e+18
b60b8918-719d-474c-bc87-7b7478d24056,1.7773441870370604e+18
b60b8918-719d-474c-bc87-7b7478d24056,1.7773441870704033e+18
b60b8918-719d-474c-bc87-7b7478d24056,1.7773441871037473e+18
b60b8918-719d-474c-bc87-7b7478d24056,1.7773441871370903e+18
b60b8918-719d-474c-bc87-7b7478d24056,1.7773441871704333e+18
b60b8918-719d-474c-bc87-7b7478d24056,1.7773441872037763e+18
b60b8918-719d-474c-bc87-7b7478d24056,1.7773441872371192e+18
b60b8918-719d-474c-bc87-7b7478d24056,1.7773441872704625e+18
b60b8918-719d-474c-bc87-7b7478d24056,1.7773441873038054e+18
b60b8918-719d-474c-bc87-7b7478d24056,1.7773441873371484e+18
b60b8918-719d-474c-bc87-7b7478d24056,1.7773441873704914e+18
b60b8918-719d-474c-bc87-7b7478d24056,1.7773441874038344e+18
b60b8918-719d-474c-bc87-7b7478d24056,1.7773441874371773e+18
b60b8918-719d-474c-bc87-7b7478d24056,1.7773441874705203e+18
b60b8918-719d-474c-bc87-7b7478d24056,1.7773441875038633e+18
b60b8918-719d-474c-bc87-7b7478d24056,1.7773441875372063e+18
b60b8918-719d-474c-bc87-7b7478d24056,1.7773441875705492e+18
b60b8918-719d-474c-bc87-7b7478d24056,1.7773441876038922e+18
b60b8918-719d-474c-bc87-7b7478d24056,1.7773441876372355e+18
b60b8918-719d-474c-bc87-7b7478d24056,1.7773441876705784e+18
b60b8918-719d-474c-bc87-7b7478d24056,1.7773441877039214e+18
b60b8918-719d-474c-bc87-7b7478d24056,1.7773441877372654e+18
b60b8918-719d-474c-bc87-7b7478d24056,1.7773441877706084e+18
b60b8918-719d-474c-bc87-7b7478d24056,1.7773441878039514e+18
b60b8918-719d-474c-bc87-7b7478d24056,1.7773441878372943e+18
b60b8918-719d-474c-bc87-7b7478d24056,1.7773441878706373e+18
b60b8918-719d-474c-bc87-7b7478d24056,1.7773441879039803e+18
b60b8918-719d-474c-bc87-7b7478d24056,1.7773441879373233e+18
b60b8918-719d-474c-bc87-7b7478d24056,1.7773441879706662e+18
b60b8918-719d-474c-bc87-7b7478d24056,1.7773441880040095e+18
b60b8918-719d-474c-bc87-7b7478d24056,1.7773441880373524e+18
b60b8918-719d-474c-bc87-7b7478d24056,1.7773441880706954e+18
b60b8918-719d-474c-bc87-7b7478d24056,1.7773441881040384e+18
b60b8918-719d-474c-bc87-7b7478d24056,1.7773441881373814e+18
b60b8918-719d-474c-bc87-7b7478d24056,1.7773441881707244e+18
b60b8918-719d-474c-bc87-7b7478d24056,1.7773441882040673e+18
b60b8918-719d-474c-bc87-7b7478d24056,1.7773441882374103e+18
b60b8918-719d-474c-bc87-7b7478d24056,1.7773441882707533e+18
b60b8918-719d-474c-bc87-7b7478d24056,1.7773441883040963e+18
b60b8918-719d-474c-bc87-7b7478d24056,1.7773441883374403e+18
b60b8918-719d-474c-bc87-7b7478d24056,1.7773441883707832e+18
b60b8918-719d-474c-bc87-7b7478d24056,1.7773441884041265e+18
b60b8918-719d-474c-bc87-7b7478d24056,1.7773441884374694e+18
b60b8918-719d-474c-bc87-7b7478d24056,1.7773441884708124e+18
b60b8918-719d-474c-bc87-7b7478d24056,1.7773441885041554e+18
b60b8918-719d-474c-bc87-7b7478d24056,1.7773441885374984e+18
b60b8918-719d-474c-bc87-7b7478d24056,1.7773441885708413e+18
b60b8918-719d-474c-bc87-7b7478d24056,1.7773441886041843e+18
b60b8918-719d-474c-bc87-7b7478d24056,1.7773441886375273e+18
b60b8918-719d-474c-bc87-7b7478d24056,1.7773441886708703e+18
b60b8918-719d-474c-bc87-7b7478d24056,1.7773441887042132e+18
b60b8918-719d-474c-bc87-7b7478d24056,1.7773441887375562e+18
b60b8918-719d-474c-bc87-7b7478d24056,1.7773441887708995e+18
b60b8918-719d-474c-bc87-7b7478d24056,1.7773441888042424e+18
b60b8918-719d-474c-bc87-7b7478d24056,1.7773441888375854e+18
b60b8918-719d-474c-bc87-7b7478d24056,1.7773441888709284e+18
b60b8918-719d-474c-bc87-7b7478d24056,1.7773441889042714e+18
b60b8918-719d-474c-bc87-7b7478d24056,1.7773441889376143e+18
b60b8918-719d-474c-bc87-7b7478d24056,1.7773441889709583e+18
b60b8918-719d-474c-bc87-7b7478d24056,1.7773441890043013e+18
b60b8918-719d-474c-bc87-7b7478d24056,1.7773441890376443e+18
b60b8918-719d-474c-bc87-7b7478d24056,1.7773441890709873e+18
b60b8918-719d-474c-bc87-7b7478d24056,1.7773441891043302e+18
b60b8918-719d-474c-bc87-7b7478d24056,1.7773441891376735e+18
b60b8918-719d-474c-bc87-7b7478d24056,1.7773441891710164e+18
b60b8918-719d-474c-bc87-7b7478d24056,1.7773441892043594e+18
b60b8918-719d-474c-bc87-7b7478d24056,1.7773441892377024e+18
b60b8918-719d-474c-bc87-7b7478d24056,1.7773441892710454e+18
b60b8918-719d-474c-bc87-7b7478d24056,1.7773441893043884e+18
b60b8918-719d-474c-bc87-7b7478d24056,1.7773441893377313e+18
b60b8918-719d-474c-bc87-7b7478d24056,1.7773441893710743e+18
b60b8918-719d-474c-bc87-7b7478d24056,1.7773441894044173e+18
b60b8918-719d-474c-bc87-7b7478d24056,1.7773441894377603e+18
b60b8918-719d-474c-bc87-7b7478d24056,1.7773441894711032e+18
b60b8918-719d-474c-bc87-7b7478d24056,1.7773441895044465e+18
b60b8918-719d-474c-bc87-7b7478d24056,1.7773441895377894e+18
b60b8918-719d-474c-bc87-7b7478d24056,1.7773441895711324e+18
b60b8918-719d-474c-bc87-7b7478d24056,1.7773441896044764e+18
b60b8918-719d-474c-bc87-7b7478d24056,1.7773441896378194e+18
b60b8918-719d-474c-bc87-7b7478d24056,1.7773441896711624e+18
b60b8918-719d-474c-bc87-7b7478d24056,1.7773441897045053e+18
b60b8918-719d-474c-bc87-7b7478d24056,1.7773441897378483e+18
b60b8918-719d-474c-bc87-7b7478d24056,1.7773441897711913e+18
b60b8918-719d-474c-bc87-7b7478d24056,1.7773441898045343e+18
b60b8918-719d-474c-bc87-7b7478d24056,1.7773441898378772e+18
b60b8918-719d-474c-bc87-7b7478d24056,1.7773441898712202e+18
b60b8918-719d-474c-bc87-7b7478d24056,1.7773441899045635e+18
b60b8918-719d-474c-bc87-7b7478d24056,1.7773441899379064e+18
b60b8918-719d-474c-bc87-7b7478d24056,1.7773441899712494e+18
b60b8918-719d-474c-bc87-7b7478d24056,1.7773441900045924e+18
b60b8918-719d-474c-bc87-7b7478d24056,1.7773441900379354e+18
b60b8918-719d-474c-bc87-7b7478d24056,1.7773441900712783e+18
b60b8918-719d-474c-bc87-7b7478d24056,1.7773441901046213e+18
b60b8918-719d-474c-bc87-7b7478d24056,1.7773441901379643e+18
b60b8918-719d-474c-bc87-7b7478d24056,1.7773441901713073e+18
b60b8918-719d-474c-bc87-7b7478d24056,1.7773441902046513e+18
b60b8918-719d-474c-bc87-7b7478d24056,1.7773441902379935e+18
b60b8918-719d-474c-bc87-7b7478d24056,1.7773441902713375e+18
b60b8918-719d-474c-bc87-7b7478d24056,1.7773441903046804e+18
b60b8918-719d-474c-bc87-7b7478d24056,1.7773441903380234e+18
b60b8918-719d-474c-bc87-7b7478d24056,1.7773441903713664e+18
b60b8918-719d-474c-bc87-7b7478d24056,1.7773441904047094e+18
b60b8918-719d-474c-bc87-7b7478d24056,1.7773441904380524e+18
b60b8918-719d-474c-bc87-7b7478d24056,1.7773441904713953e+18
b60b8918-719d-474c-bc87-7b7478d24056,1.7773441905047383e+18
b60b8918-719d-474c-bc87-7b7478d24056,1.7773441905380813e+18
b60b8918-719d-474c-bc87-7b7478d24056,1.7773441905714243e+18
b60b8918-719d-474c-bc87-7b7478d24056,1.7773441906047672e+18
b60b8918-719d-474c-bc87-7b7478d24056,1.7773441906381105e+18
b60b8918-719d-474c-bc87-7b7478d24056,1.7773441906714534e+18
b60b8918-719d-474c-bc87-7b7478d24056,1.7773441907047964e+18
b60b8918-719d-474c-bc87-7b7478d24056,1.7773441907381394e+18
b60b8918-719d-474c-bc87-7b7478d24056,1.7773441907714824e+18
b60b8918-719d-474c-bc87-7b7478d24056,1.7773441908048253e+18
b60b8918-719d-474c-bc87-7b7478d24056,1.7773441908381683e+18
b60b8918-719d-474c-bc87-7b7478d24056,1.7773441908715123e+18
b60b8918-719d-474c-bc87-7b7478d24056,1.7773441909048553e+18
b60b8918-719d-474c-bc87-7b7478d24056,1.7773441909381983e+18
b60b8918-719d-474c-bc87-7b7478d24056,1.7773441909715412e+18
b60b8918-719d-474c-bc87-7b7478d24056,1.7773441910048842e+18
b60b8918-719d-474c-bc87-7b7478d24056,1.7773441910382275e+18
b60b8918-719d-474c-bc87-7b7478d24056,1.7773441910715704e+18
b60b8918-719d-474c-bc87-7b7478d24056,1.7773441911049134e+18
b60b8918-719d-474c-bc87-7b7478d24056,1.7773441911382564e+18
b60b8918-719d-474c-bc87-7b7478d24056,1.7773441911715994e+18
b60b8918-719d-474c-bc87-7b7478d24056,1.7773441912049423e+18
b60b8918-719d-474c-bc87-7b7478d24056,1.7773441912382853e+18
b60b8918-719d-474c-bc87-7b7478d24056,1.7773441912716283e+18
b60b8918-719d-474c-bc87-7b7478d24056,1.7773441913049713e+18
b60b8918-719d-474c-bc87-7b7478d24056,1.7773441913383142e+18
b60b8918-719d-474c-bc87-7b7478d24056,1.7773441913716575e+18
b60b8918-719d-474c-bc87-7b7478d24056,1.7773441914050004e+18
b60b8918-719d-474c-bc87-7b7478d24056,1.7773441914383434e+18
b60b8918-719d-474c-bc87-7b7478d24056,1.7773441914716874e+18
b60b8918-719d-474c-bc87-7b7478d24056,1.7773441915050304e+18
b60b8918-719d-474c-bc87-7b7478d24056,1.7773441915383734e+18
b60b8918-719d-474c-bc87-7b7478d24056,1.7773441915717164e+18
b60b8918-719d-474c-bc87-7b7478d24056,1.7773441916050593e+18
b60b8918-719d-474c-bc87-7b7478d24056,1.7773441916384023e+18
b60b8918-719d-474c-bc87-7b7478d24056,1.7773441916717453e+18
b60b8918-719d-474c-bc87-7b7478d24056,1.7773441917050883e+18
b60b8918-719d-474c-bc87-7b7478d24056,1.7773441917384312e+18
b60b8918-719d-474c-bc87-7b7478d24056,1.7773441917717745e+18
b60b8918-719d-474c-bc87-7b7478d24056,1.7773441918051174e+18
b60b8918-719d-474c-bc87-7b7478d24056,1.7773441918384604e+18
b60b8918-719d-474c-bc87-7b7478d24056,1.7773441918718034e+18
b60b8918-719d-474c-bc87-7b7478d24056,1.7773441919051464e+18
b60b8918-719d-474c-bc87-7b7478d24056,1.7773441919384893e+18
b60b8918-719d-474c-bc87-7b7478d24056,1.7773441919718323e+18
b60b8918-719d-474c-bc87-7b7478d24056,1.7773441920051753e+18
b60b8918-719d-474c-bc87-7b7478d24056,1.7773441920385183e+18
b60b8918-719d-474c-bc87-7b7478d24056,1.7773441920718612e+18
b60b8918-719d-474c-bc87-7b7478d24056,1.7773441921052042e+18
b60b8918-719d-474c-bc87-7b7478d24056,1.7773441921385482e+18
b60b8918-719d-474c-bc87-7b7478d24056,1.7773441921718915e+18
b60b8918-719d-474c-bc87-7b7478d24056,1.7773441922052344e+18
b60b8918-719d-474c-bc87-7b7478d24056,1.7773441922385774e+18
b60b8918-719d-474c-bc87-7b7478d24056,1.7773441922719204e+18
b60b8918-719d-474c-bc87-7b7478d24056,1.7773441923052634e+18
b60b8918-719d-474c-bc87-7b7478d24056,1.7773441923386063e+18
b60b8918-719d-474c-bc87-7b7478d24056,1.7773441923719493e+18
b60b8918-719d-474c-bc87-7b7478d24056,1.7773441924052923e+18
b60b8918-719d-474c-bc87-7b7478d24056,1.7773441924386353e+18
b60b8918-719d-474c-bc87-7b7478d24056,1.7773441924719782e+18
b60b8918-719d-474c-bc87-7b7478d24056,1.7773441925053215e+18
b60b8918-719d-474c-bc87-7b7478d24056,1.7773441925386644e+18
b60b8918-719d-474c-bc87-7b7478d24056,1.7773441925720074e+18
b60b8918-719d-474c-bc87-7b7478d24056,1.7773441926053504e+18
b60b8918-719d-474c-bc87-7b7478d24056,1.7773441926386934e+18
b60b8918-719d-474c-bc87-7b7478d24056,1.7773441926720364e+18
b60b8918-719d-474c-bc87-7b7478d24056,1.7773441927053793e+18
b60b8918-719d-474c-bc87-7b7478d24056,1.7773441927387233e+18
b60b8918-719d-474c-bc87-7b7478d24056,1.7773441927720663e+18
b60b8918-719d-474c-bc87-7b7478d24056,1.7773441928054093e+18
b60b8918-719d-474c-bc87-7b7478d24056,1.7773441928387523e+18
b60b8918-719d-474c-bc87-7b7478d24056,1.7773441928720952e+18
b60b8918-719d-474c-bc87-7b7478d24056,1.7773441929054385e+18
b60b8918-719d-474c-bc87-7b7478d24056,1.7773441929387814e+18
b60b8918-719d-474c-bc87-7b7478d24056,1.7773441929721244e+18
b60b8918-719d-474c-bc87-7b7478d24056,1.7773441930054674e+18
b60b8918-719d-474c-bc87-7b7478d24056,1.7773441930388104e+18
b60b8918-719d-474c-bc87-7b7478d24056,1.7773441930721533e+18
b60b8918-719d-474c-bc87-7b7478d24056,1.7773441931054963e+18
b60b8918-719d-474c-bc87-7b7478d24056,1.7773441931388393e+18
b60b8918-719d-474c-bc87-7b7478d24056,1.7773441931721823e+18
b60b8918-719d-474c-bc87-7b7478d24056,1.7773441932055252e+18
b60b8918-719d-474c-bc87-7b7478d24056,1.7773441932388682e+18
b60b8918-719d-474c-bc87-7b7478d24056,1.7773441932722115e+18
b60b8918-719d-474c-bc87-7b7478d24056,1.7773441933055544e+18
b60b8918-719d-474c-bc87-7b7478d24056,1.7773441933388974e+18
b60b8918-719d-474c-bc87-7b7478d24056,1.7773441933722414e+18
b60b8918-719d-474c-bc87-7b7478d24056,1.7773441934055844e+18
b60b8918-719d-474c-bc87-7b7478d24056,1.7773441934389274e+18
b60b8918-719d-474c-bc87-7b7478d24056,1.7773441934722703e+18
b60b8918-719d-474c-bc87-7b7478d24056,1.7773441935056133e+18
b60b8918-719d-474c-bc87-7b7478d24056,1.7773441935389563e+18
b60b8918-719d-474c-bc87-7b7478d24056,1.7773441935722993e+18
b60b8918-719d-474c-bc87-7b7478d24056,1.7773441936056422e+18
b60b8918-719d-474c-bc87-7b7478d24056,1.7773441936389855e+18
b60b8918-719d-474c-bc87-7b7478d24056,1.7773441936723284e+18
b60b8918-719d-474c-bc87-7b7478d24056,1.7773441937056714e+18
b60b8918-719d-474c-bc87-7b7478d24056,1.7773441937390144e+18
b60b8918-719d-474c-bc87-7b7478d24056,1.7773441937723574e+18
b60b8918-719d-474c-bc87-7b7478d24056,1.7773441938057004e+18
b60b8918-719d-474c-bc87-7b7478d24056,1.7773441938390433e+18
b60b8918-719d-474c-bc87-7b7478d24056,1.7773441938723863e+18
b60b8918-719d-474c-bc87-7b7478d24056,1.7773441939057293e+18
b60b8918-719d-474c-bc87-7b7478d24056,1.7773441939390723e+18
b60b8918-719d-474c-bc87-7b7478d24056,1.7773441939724152e+18
b60b8918-719d-474c-bc87-7b7478d24056,1.7773441940057592e+18
b60b8918-719d-474c-bc87-7b7478d24056,1.7773441940391025e+18
b60b8918-719d-474c-bc87-7b7478d24056,1.7773441940724454e+18
b60b8918-719d-474c-bc87-7b7478d24056,1.7773441941057884e+18
b60b8918-719d-474c-bc87-7b7478d24056,1.7773441941391314e+18
b60b8918-719d-474c-bc87-7b7478d24056,1.7773441941724744e+18
b60b8918-719d-474c-bc87-7b7478d24056,1.7773441942058173e+18
b60b8918-719d-474c-bc87-7b7478d24056,1.7773441942391603e+18
b60b8918-719d-474c-bc87-7b7478d24056,1.7773441942725033e+18
b60b8918-719d-474c-bc87-7b7478d24056,1.7773441943058463e+18
b60b8918-719d-474c-bc87-7b7478d24056,1.7773441943391892e+18
b60b8918-719d-474c-bc87-7b7478d24056,1.7773441943725322e+18
b60b8918-719d-474c-bc87-7b7478d24056,1.7773441944058755e+18
b60b8918-719d-474c-bc87-7b7478d24056,1.7773441944392184e+18
b60b8918-719d-474c-bc87-7b7478d24056,1.7773441944725614e+18
b60b8918-719d-474c-bc87-7b7478d24056,1.7773441945059044e+18
b60b8918-719d-474c-bc87-7b7478d24056,1.7773441945392474e+18
b60b8918-719d-474c-bc87-7b7478d24056,1.7773441945725903e+18
b60b8918-719d-474c-bc87-7b7478d24056,1.7773441946059343e+18
b60b8918-719d-474c-bc87-7b7478d24056,1.7773441946392773e+18
b60b8918-719d-474c-bc87-7b7478d24056,1.7773441946726203e+18
b60b8918-719d-474c-bc87-7b7478d24056,1.7773441947059633e+18
b60b8918-719d-474c-bc87-7b7478d24056,1.7773441947393062e+18
b60b8918-719d-474c-bc87-7b7478d24056,1.7773441947726495e+18
b60b8918-719d-474c-bc87-7b7478d24056,1.7773441948059924e+18
b60b8918-719d-474c-bc87-7b7478d24056,1.7773441948393354e+18
b60b8918-719d-474c-bc87-7b7478d24056,1.7773441948726784e+18
b60b8918-719d-474c-bc87-7b7478d24056,1.7773441949060214e+18
b60b8918-719d-474c-bc87-7b7478d24056,1.7773441949393644e+18
b60b8918-719d-474c-bc87-7b7478d24056,1.7773441949727073e+18
b60b8918-719d-474c-bc87-7b7478d24056,1.7773441950060503e+18
b60b8918-719d-474c-bc87-7b7478d24056,1.7773441950393933e+18
b60b8918-719d-474c-bc87-7b7478d24056,1.7773441950727363e+18
b60b8918-719d-474c-bc87-7b7478d24056,1.7773441951060792e+18
b60b8918-719d-474c-bc87-7b7478d24056,1.7773441951394225e+18
b60b8918-719d-474c-bc87-7b7478d24056,1.7773441951727654e+18
b60b8918-719d-474c-bc87-7b7478d24056,1.7773441952061084e+18
b60b8918-719d-474c-bc87-7b7478d24056,1.7773441952394524e+18
b60b8918-719d-474c-bc87-7b7478d24056,1.7773441952727954e+18
b60b8918-719d-474c-bc87-7b7478d24056,1.7773441953061384e+18
b60b8918-719d-474c-bc87-7b7478d24056,1.7773441953394813e+18
b60b8918-719d-474c-bc87-7b7478d24056,1.7773441953728243e+18
b60b8918-719d-474c-bc87-7b7478d24056,1.7773441954061673e+18
b60b8918-719d-474c-bc87-7b7478d24056,1.7773441954395103e+18
b60b8918-719d-474c-bc87-7b7478d24056,1.7773441954728532e+18
b60b8918-719d-474c-bc87-7b7478d24056,1.7773441955061962e+18
b60b8918-719d-474c-bc87-7b7478d24056,1.7773441955395395e+18
b60b8918-719d-474c-bc87-7b7478d24056,1.7773441955728824e+18
b60b8918-719d-474c-bc87-7b7478d24056,1.7773441956062254e+18
b60b8918-719d-474c-bc87-7b7478d24056,1.7773441956395684e+18
b60b8918-719d-474c-bc87-7b7478d24056,1.7773441956729114e+18
b60b8918-719d-474c-bc87-7b7478d24056,1.7773441957062543e+18
b60b8918-719d-474c-bc87-7b7478d24056,1.7773441957395973e+18
b60b8918-719d-474c-bc87-7b7478d24056,1.7773441957729403e+18
b60b8918-719d-474c-bc87-7b7478d24056,1.7773441958062833e+18
b60b8918-719d-474c-bc87-7b7478d24056,1.7773441958396262e+18
b60b8918-719d-474c-bc87-7b7478d24056,1.7773441958729702e+18
b60b8918-719d-474c-bc87-7b7478d24056,1.7773441959063135e+18
b60b8918-719d-474c-bc87-7b7478d24056,1.7773441959396564e+18
b60b8918-719d-474c-bc87-7b7478d24056,1.7773441959729994e+18
b60b8918-719d-474c-bc87-7b7478d24056,1.7773441960063424e+18
b60b8918-719d-474c-bc87-7b7478d24056,1.7773441960396854e+18
b60b8918-719d-474c-bc87-7b7478d24056,1.7773441960730284e+18
b60b8918-719d-474c-bc87-7b7478d24056,1.7773441961063713e+18
b60b8918-719d-474c-bc87-7b7478d24056,1.7773441961397143e+18
b60b8918-719d-474c-bc87-7b7478d24056,1.7773441961730573e+18
b60b8918-719d-474c-bc87-7b7478d24056,1.7773441962064003e+18
b60b8918-719d-474c-bc87-7b7478d24056,1.7773441962397432e+18
b60b8918-719d-474c-bc87-7b7478d24056,1.7773441962730865e+18
b60b8918-719d-474c-bc87-7b7478d24056,1.7773441963064294e+18
b60b8918-719d-474c-bc87-7b7478d24056,1.7773441963397724e+18
b60b8918-719d-474c-bc87-7b7478d24056,1.7773441963731154e+18
b60b8918-719d-474c-bc87-7b7478d24056,1.7773441964064584e+18
b60b8918-719d-474c-bc87-7b7478d24056,1.7773441964398013e+18
b60b8918-719d-474c-bc87-7b7478d24056,1.7773441964731453e+18
b60b8918-719d-474c-bc87-7b7478d24056,1.7773441965064873e+18
b60b8918-719d-474c-bc87-7b7478d24056,1.7773441965398313e+18
b60b8918-719d-474c-bc87-7b7478d24056,1.7773441965731743e+18
b60b8918-719d-474c-bc87-7b7478d24056,1.7773441966065172e+18
b60b8918-719d-474c-bc87-7b7478d24056,1.7773441966398602e+18
b60b8918-719d-474c-bc87-7b7478d24056,1.7773441966732035e+18
b60b8918-719d-474c-bc87-7b7478d24056,1.7773441967065464e+18
b60b8918-719d-474c-bc87-7b7478d24056,1.7773441967398894e+18
b60b8918-719d-474c-bc87-7b7478d24056,1.7773441967732324e+18
b60b8918-719d-474c-bc87-7b7478d24056,1.7773441968065754e+18
b60b8918-719d-474c-bc87-7b7478d24056,1.7773441968399183e+18
b60b8918-719d-474c-bc87-7b7478d24056,1.7773441968732613e+18
b60b8918-719d-474c-bc87-7b7478d24056,1.7773441969066043e+18
b60b8918-719d-474c-bc87-7b7478d24056,1.7773441969399473e+18
b60b8918-719d-474c-bc87-7b7478d24056,1.7773441969732902e+18
b60b8918-719d-474c-bc87-7b7478d24056,1.7773441970066335e+18
b60b8918-719d-474c-bc87-7b7478d24056,1.7773441970399764e+18
b60b8918-719d-474c-bc87-7b7478d24056,1.7773441970733194e+18
b60b8918-719d-474c-bc87-7b7478d24056,1.7773441971066624e+18
b60b8918-719d-474c-bc87-7b7478d24056,1.7773441971400064e+18
b60b8918-719d-474c-bc87-7b7478d24056,1.7773441971733494e+18
b60b8918-719d-474c-bc87-7b7478d24056,1.7773441972066924e+18
b60b8918-719d-474c-bc87-7b7478d24056,1.7773441972400353e+18
b60b8918-719d-474c-bc87-7b7478d24056,1.7773441972733783e+18
b60b8918-719d-474c-bc87-7b7478d24056,1.7773441973067213e+18
b60b8918-719d-474c-bc87-7b7478d24056,1.7773441973400643e+18
b60b8918-719d-474c-bc87-7b7478d24056,1.7773441973734072e+18
b60b8918-719d-474c-bc87-7b7478d24056,1.7773441974067505e+18
b60b8918-719d-474c-bc87-7b7478d24056,1.7773441974400934e+18
b60b8918-719d-474c-bc87-7b7478d24056,1.7773441974734364e+18
b60b8918-719d-474c-bc87-7b7478d24056,1.7773441975067794e+18
b60b8918-719d-474c-bc87-7b7478d24056,1.7773441975401224e+18
b60b8918-719d-474c-bc87-7b7478d24056,1.7773441975734653e+18
b60b8918-719d-474c-bc87-7b7478d24056,1.7773441976068083e+18
b60b8918-719d-474c-bc87-7b7478d24056,1.7773441976401513e+18
b60b8918-719d-474c-bc87-7b7478d24056,1.7773441976734943e+18
b60b8918-719d-474c-bc87-7b7478d24056,1.7773441977068372e+18
b60b8918-719d-474c-bc87-7b7478d24056,1.7773441977401812e+18
b60b8918-719d-474c-bc87-7b7478d24056,1.7773441977735242e+18
b60b8918-719d-474c-bc87-7b7478d24056,1.7773441978068675e+18
b60b8918-719d-474c-bc87-7b7478d24056,1.7773441978402104e+18
b60b8918-719d-474c-bc87-7b7478d24056,1.7773441978735534e+18
b60b8918-719d-474c-bc87-7b7478d24056,1.7773441979068964e+18
b60b8918-719d-474c-bc87-7b7478d24056,1.7773441979402394e+18
b60b8918-719d-474c-bc87-7b7478d24056,1.7773441979735823e+18
b60b8918-719d-474c-bc87-7b7478d24056,1.7773441980069253e+18
b60b8918-719d-474c-bc87-7b7478d24056,1.7773441980402683e+18
b60b8918-719d-474c-bc87-7b7478d24056,1.7773441980736113e+18
b60b8918-719d-474c-bc87-7b7478d24056,1.7773441981069542e+18
b60b8918-719d-474c-bc87-7b7478d24056,1.7773441981402975e+18
b60b8918-719d-474c-bc87-7b7478d24056,1.7773441981736404e+18
b60b8918-719d-474c-bc87-7b7478d24056,1.7773441982069834e+18
b60b8918-719d-474c-bc87-7b7478d24056,1.7773441982403264e+18
b60b8918-719d-474c-bc87-7b7478d24056,1.7773441982736694e+18
b60b8918-719d-474c-bc87-7b7478d24056,1.7773441983070124e+18
b60b8918-719d-474c-bc87-7b7478d24056,1.7773441983403564e+18
b60b8918-719d-474c-bc87-7b7478d24056,1.7773441983736983e+18
b60b8918-719d-474c-bc87-7b7478d24056,1.7773441984070423e+18
b60b8918-719d-474c-bc87-7b7478d24056,1.7773441984403853e+18
b60b8918-719d-474c-bc87-7b7478d24056,1.7773441984737283e+18
b60b8918-719d-474c-bc87-7b7478d24056,1.7773441985070712e+18
b60b8918-719d-474c-bc87-7b7478d24056,1.7773441985404145e+18
b60b8918-719d-474c-bc87-7b7478d24056,1.7773441985737574e+18
b60b8918-719d-474c-bc87-7b7478d24056,1.7773441986071004e+18
b60b8918-719d-474c-bc87-7b7478d24056,1.7773441986404434e+18
b60b8918-719d-474c-bc87-7b7478d24056,1.7773441986737864e+18
b60b8918-719d-474c-bc87-7b7478d24056,1.7773441987071293e+18
b60b8918-719d-474c-bc87-7b7478d24056,1.7773441987404723e+18
b60b8918-719d-474c-bc87-7b7478d24056,1.7773441987738153e+18
b60b8918-719d-474c-bc87-7b7478d24056,1.7773441988071583e+18
b60b8918-719d-474c-bc87-7b7478d24056,1.7773441988405012e+18
b60b8918-719d-474c-bc87-7b7478d24056,1.7773441988738442e+18
b60b8918-719d-474c-bc87-7b7478d24056,1.7773441989071875e+18
b60b8918-719d-474c-bc87-7b7478d24056,1.7773441989405304e+18
b60b8918-719d-474c-bc87-7b7478d24056,1.7773441989738734e+18
b60b8918-719d-474c-bc87-7b7478d24056,1.7773441990072174e+18
b60b8918-719d-474c-bc87-7b7478d24056,1.7773441990405604e+18
b60b8918-719d-474c-bc87-7b7478d24056,1.7773441990739034e+18
b60b8918-719d-474c-bc87-7b7478d24056,1.7773441991072463e+18
b60b8918-719d-474c-bc87-7b7478d24056,1.7773441991405893e+18
b60b8918-719d-474c-bc87-7b7478d24056,1.7773441991739323e+18
b60b8918-719d-474c-bc87-7b7478d24056,1.7773441992072753e+18
b60b8918-719d-474c-bc87-7b7478d24056,1.7773441992406182e+18
b60b8918-719d-474c-bc87-7b7478d24056,1.7773441992739615e+18
b60b8918-719d-474c-bc87-7b7478d24056,1.7773441993073044e+18
b60b8918-719d-474c-bc87-7b7478d24056,1.7773441993406474e+18
b60b8918-719d-474c-bc87-7b7478d24056,1.7773441993739904e+18
b60b8918-719d-474c-bc87-7b7478d24056,1.7773441994073334e+18
b60b8918-719d-474c-bc87-7b7478d24056,1.7773441994406764e+18
b60b8918-719d-474c-bc87-7b7478d24056,1.7773441994740193e+18
b60b8918-719d-474c-bc87-7b7478d24056,1.7773441995073623e+18
b60b8918-719d-474c-bc87-7b7478d24056,1.7773441995407053e+18
b60b8918-719d-474c-bc87-7b7478d24056,1.7773441995740483e+18
b60b8918-719d-474c-bc87-7b7478d24056,1.7773441996073912e+18
b60b8918-719d-474c-bc87-7b7478d24056,1.7773441996407352e+18
b60b8918-719d-474c-bc87-7b7478d24056,1.7773441996740785e+18
b60b8918-719d-474c-bc87-7b7478d24056,1.7773441997074214e+18
b60b8918-719d-474c-bc87-7b7478d24056,1.7773441997407644e+18
b60b8918-719d-474c-bc87-7b7478d24056,1.7773441997741074e+18
b60b8918-719d-474c-bc87-7b7478d24056,1.7773441998074504e+18
b60b8918-719d-474c-bc87-7b7478d24056,1.7773441998407933e+18
b60b8918-719d-474c-bc87-7b7478d24056,1.7773441998741363e+18
b60b8918-719d-474c-bc87-7b7478d24056,1.7773441999074793e+18
b60b8918-719d-474c-bc87-7b7478d24056,1.7773441999408223e+18
b60b8918-719d-474c-bc87-7b7478d24056,1.7773441999741652e+18
b60b8918-719d-474c-bc87-7b7478d24056,1.7773442000075082e+18
b60b8918-719d-474c-bc87-7b7478d24056,1.7773442000408515e+18
b60b8918-719d-474c-bc87-7b7478d24056,1.7773442000741944e+18
b60b8918-719d-474c-bc87-7b7478d24056,1.7773442001075374e+18
b60b8918-719d-474c-bc87-7b7478d24056,1.7773442001408804e+18
b60b8918-719d-474c-bc87-7b7478d24056,1.7773442001742234e+18
b60b8918-719d-474c-bc87-7b7478d24056,1.7773442002075663e+18
b60b8918-719d-474c-bc87-7b7478d24056,1.7773442002409093e+18
b60b8918-719d-474c-bc87-7b7478d24056,1.7773442002742533e+18
b60b8918-719d-474c-bc87-7b7478d24056,1.7773442003075963e+18
b60b8918-719d-474c-bc87-7b7478d24056,1.7773442003409393e+18
b60b8918-719d-474c-bc87-7b7478d24056,1.7773442003742822e+18
b60b8918-719d-474c-bc87-7b7478d24056,1.7773442004076255e+18
b60b8918-719d-474c-bc87-7b7478d24056,1.7773442004409684e+18
b60b8918-719d-474c-bc87-7b7478d24056,1.7773442004743114e+18
b60b8918-719d-474c-bc87-7b7478d24056,1.7773442005076544e+18
b60b8918-719d-474c-bc87-7b7478d24056,1.7773442005409974e+18
b60b8918-719d-474c-bc87-7b7478d24056,1.7773442005743404e+18
b60b8918-719d-474c-bc87-7b7478d24056,1.7773442006076833e+18
b60b8918-719d-474c-bc87-7b7478d24056,1.7773442006410263e+18
b60b8918-719d-474c-bc87-7b7478d24056,1.7773442006743693e+18
b60b8918-719d-474c-bc87-7b7478d24056,1.7773442007077123e+18
b60b8918-719d-474c-bc87-7b7478d24056,1.7773442007410552e+18
b60b8918-719d-474c-bc87-7b7478d24056,1.7773442007743985e+18
b60b8918-719d-474c-bc87-7b7478d24056,1.7773442008077414e+18
b60b8918-719d-474c-bc87-7b7478d24056,1.7773442008410844e+18
b60b8918-719d-474c-bc87-7b7478d24056,1.7773442008744284e+18
b60b8918-719d-474c-bc87-7b7478d24056,1.7773442009077714e+18
b60b8918-719d-474c-bc87-7b7478d24056,1.7773442009411144e+18
b60b8918-719d-474c-bc87-7b7478d24056,1.7773442009744573e+18
b60b8918-719d-474c-bc87-7b7478d24056,1.7773442010078003e+18
b60b8918-719d-474c-bc87-7b7478d24056,1.7773442010411433e+18
b60b8918-719d-474c-bc87-7b7478d24056,1.7773442010744863e+18
b60b8918-719d-474c-bc87-7b7478d24056,1.7773442011078292e+18
b60b8918-719d-474c-bc87-7b7478d24056,1.7773442011411722e+18
b60b8918-719d-474c-bc87-7b7478d24056,1.7773442011745155e+18
b60b8918-719d-474c-bc87-7b7478d24056,1.7773442012078584e+18
b60b8918-719d-474c-bc87-7b7478d24056,1.7773442012412014e+18
b60b8918-719d-474c-bc87-7b7478d24056,1.7773442012745444e+18
b60b8918-719d-474c-bc87-7b7478d24056,1.7773442013078874e+18
b60b8918-719d-474c-bc87-7b7478d24056,1.7773442013412303e+18
b60b8918-719d-474c-bc87-7b7478d24056,1.7773442013745733e+18
b60b8918-719d-474c-bc87-7b7478d24056,1.7773442014079163e+18
b60b8918-719d-474c-bc87-7b7478d24056,1.7773442014412593e+18
b60b8918-719d-474c-bc87-7b7478d24056,1.7773442014746022e+18
b60b8918-719d-474c-bc87-7b7478d24056,1.7773442015079462e+18
b60b8918-719d-474c-bc87-7b7478d24056,1.7773442015412895e+18
b60b8918-719d-474c-bc87-7b7478d24056,1.7773442015746324e+18
b60b8918-719d-474c-bc87-7b7478d24056,1.7773442016079754e+18
b60b8918-719d-474c-bc87-7b7478d24056,1.7773442016413184e+18
b60b8918-719d-474c-bc87-7b7478d24056,1.7773442016746614e+18
b60b8918-719d-474c-bc87-7b7478d24056,1.7773442017080044e+18
b60b8918-719d-474c-bc87-7b7478d24056,1.7773442017413473e+18
b60b8918-719d-474c-bc87-7b7478d24056,1.7773442017746903e+18
b60b8918-719d-474c-bc87-7b7478d24056,1.7773442018080333e+18
b60b8918-719d-474c-bc87-7b7478d24056,1.7773442018413763e+18
b60b8918-719d-474c-bc87-7b7478d24056,1.7773442018747192e+18
b60b8918-719d-474c-bc87-7b7478d24056,1.7773442019080625e+18
b60b8918-719d-474c-bc87-7b7478d24056,1.7773442019414054e+18
b60b8918-719d-474c-bc87-7b7478d24056,1.7773442019747484e+18
b60b8918-719d-474c-bc87-7b7478d24056,1.7773442020080914e+18
b60b8918-719d-474c-bc87-7b7478d24056,1.7773442020414344e+18
b60b8918-719d-474c-bc87-7b7478d24056,1.7773442020747773e+18
b60b8918-719d-474c-bc87-7b7478d24056,1.7773442021081203e+18
b60b8918-719d-474c-bc87-7b7478d24056,1.7773442021414643e+18
b60b8918-719d-474c-bc87-7b7478d24056,1.7773442021748073e+18
