recording id,timestamp [ns]
3e62bb71-dc9a-4585-98d1-4262d162dcfb,1.777340146061632e+18
3e62bb71-dc9a-4585-98d1-4262d162dcfb,1.777340146094975e+18
3e62bb71-dc9a-4585-98d1-4262d162dcfb,1.7773401461283172e+18
3e62bb71-dc9a-4585-98d1-4262d162dcfb,1.7773401461616602e+18
3e62bb71-dc9a-4585-98d1-4262d162dcfb,1.777340146195002e+18
3e62bb71-dc9a-4585-98d1-4262d162dcfb,1.777340146228345e+18
3e62bb71-dc9a-4585-98d1-4262d162dcfb,1.777340146261687e+18
3e62bb71-dc9a-4585-98d1-4262d162dcfb,1.777340146295029e+18
3e62bb71-dc9a-4585-98d1-4262d162dcfb,1.777340146328372e+18
3e62bb71-dc9a-4585-98d1-4262d162dcfb,1.7773401463617142e+18
3e62bb71-dc9a-4585-98d1-4262d162dcfb,1.7773401463950572e+18
3e62bb71-dc9a-4585-98d1-4262d162dcfb,1.777340146428399e+18
3e62bb71-dc9a-4585-98d1-4262d162dcfb,1.777340146461742e+18
3e62bb71-dc9a-4585-98d1-4262d162dcfb,1.777340146495084e+18
3e62bb71-dc9a-4585-98d1-4262d162dcfb,1.777340146528427e+18
3e62bb71-dc9a-4585-98d1-4262d162dcfb,1.777340146561769e+18
3e62bb71-dc9a-4585-98d1-4262d162dcfb,1.7773401465951112e+18
3e62bb71-dc9a-4585-98d1-4262d162dcfb,1.7773401466284541e+18
3e62bb71-dc9a-4585-98d1-4262d162dcfb,1.777340146661796e+18
3e62bb71-dc9a-4585-98d1-4262d162dcfb,1.777340146695139e+18
3e62bb71-dc9a-4585-98d1-4262d162dcfb,1.777340146728481e+18
3e62bb71-dc9a-4585-98d1-4262d162dcfb,1.777340146761824e+18
3e62bb71-dc9a-4585-98d1-4262d162dcfb,1.777340146795166e+18
3e62bb71-dc9a-4585-98d1-4262d162dcfb,1.7773401468285092e+18
3e62bb71-dc9a-4585-98d1-4262d162dcfb,1.7773401468618511e+18
3e62bb71-dc9a-4585-98d1-4262d162dcfb,1.777340146895193e+18
3e62bb71-dc9a-4585-98d1-4262d162dcfb,1.777340146928536e+18
3e62bb71-dc9a-4585-98d1-4262d162dcfb,1.777340146961878e+18
3e62bb71-dc9a-4585-98d1-4262d162dcfb,1.777340146995221e+18
3e62bb71-dc9a-4585-98d1-4262d162dcfb,1.777340147028563e+18
3e62bb71-dc9a-4585-98d1-4262d162dcfb,1.7773401470619062e+18
3e62bb71-dc9a-4585-98d1-4262d162dcfb,1.7773401470952481e+18
3e62bb71-dc9a-4585-98d1-4262d162dcfb,1.777340147128591e+18
3e62bb71-dc9a-4585-98d1-4262d162dcfb,1.777340147161933e+18
3e62bb71-dc9a-4585-98d1-4262d162dcfb,1.777340147195276e+18
3e62bb71-dc9a-4585-98d1-4262d162dcfb,1.777340147228618e+18
3e62bb71-dc9a-4585-98d1-4262d162dcfb,1.7773401472619602e+18
3e62bb71-dc9a-4585-98d1-4262d162dcfb,1.7773401472953032e+18
3e62bb71-dc9a-4585-98d1-4262d162dcfb,1.777340147328645e+18
3e62bb71-dc9a-4585-98d1-4262d162dcfb,1.777340147361988e+18
3e62bb71-dc9a-4585-98d1-4262d162dcfb,1.77734014739533e+18
3e62bb71-dc9a-4585-98d1-4262d162dcfb,1.777340147428673e+18
3e62bb71-dc9a-4585-98d1-4262d162dcfb,1.777340147462015e+18
3e62bb71-dc9a-4585-98d1-4262d162dcfb,1.777340147495358e+18
3e62bb71-dc9a-4585-98d1-4262d162dcfb,1.7773401475287002e+18
3e62bb71-dc9a-4585-98d1-4262d162dcfb,1.777340147562042e+18
3e62bb71-dc9a-4585-98d1-4262d162dcfb,1.777340147595385e+18
3e62bb71-dc9a-4585-98d1-4262d162dcfb,1.777340147628727e+18
3e62bb71-dc9a-4585-98d1-4262d162dcfb,1.77734014766207e+18
3e62bb71-dc9a-4585-98d1-4262d162dcfb,1.777340147695412e+18
3e62bb71-dc9a-4585-98d1-4262d162dcfb,1.777340147728755e+18
3e62bb71-dc9a-4585-98d1-4262d162dcfb,1.7773401477620972e+18
3e62bb71-dc9a-4585-98d1-4262d162dcfb,1.77734014779544e+18
3e62bb71-dc9a-4585-98d1-4262d162dcfb,1.777340147828782e+18
3e62bb71-dc9a-4585-98d1-4262d162dcfb,1.777340147862124e+18
3e62bb71-dc9a-4585-98d1-4262d162dcfb,1.777340147895467e+18
3e62bb71-dc9a-4585-98d1-4262d162dcfb,1.777340147928809e+18
3e62bb71-dc9a-4585-98d1-4262d162dcfb,1.7773401479621522e+18
3e62bb71-dc9a-4585-98d1-4262d162dcfb,1.7773401479954941e+18
3e62bb71-dc9a-4585-98d1-4262d162dcfb,1.777340148028837e+18
3e62bb71-dc9a-4585-98d1-4262d162dcfb,1.777340148062179e+18
3e62bb71-dc9a-4585-98d1-4262d162dcfb,1.777340148095522e+18
3e62bb71-dc9a-4585-98d1-4262d162dcfb,1.777340148128864e+18
3e62bb71-dc9a-4585-98d1-4262d162dcfb,1.777340148162206e+18
3e62bb71-dc9a-4585-98d1-4262d162dcfb,1.7773401481955492e+18
3e62bb71-dc9a-4585-98d1-4262d162dcfb,1.7773401482288911e+18
3e62bb71-dc9a-4585-98d1-4262d162dcfb,1.777340148262234e+18
3e62bb71-dc9a-4585-98d1-4262d162dcfb,1.777340148295576e+18
3e62bb71-dc9a-4585-98d1-4262d162dcfb,1.777340148328919e+18
3e62bb71-dc9a-4585-98d1-4262d162dcfb,1.777340148362261e+18
3e62bb71-dc9a-4585-98d1-4262d162dcfb,1.777340148395604e+18
3e62bb71-dc9a-4585-98d1-4262d162dcfb,1.7773401484289462e+18
3e62bb71-dc9a-4585-98d1-4262d162dcfb,1.7773401484622881e+18
3e62bb71-dc9a-4585-98d1-4262d162dcfb,1.777340148495631e+18
3e62bb71-dc9a-4585-98d1-4262d162dcfb,1.777340148528973e+18
3e62bb71-dc9a-4585-98d1-4262d162dcfb,1.777340148562316e+18
3e62bb71-dc9a-4585-98d1-4262d162dcfb,1.777340148595658e+18
3e62bb71-dc9a-4585-98d1-4262d162dcfb,1.777340148629001e+18
3e62bb71-dc9a-4585-98d1-4262d162dcfb,1.7773401486623432e+18
3e62bb71-dc9a-4585-98d1-4262d162dcfb,1.7773401486956861e+18
3e62bb71-dc9a-4585-98d1-4262d162dcfb,1.777340148729028e+18
3e62bb71-dc9a-4585-98d1-4262d162dcfb,1.777340148762371e+18
3e62bb71-dc9a-4585-98d1-4262d162dcfb,1.777340148795713e+18
3e62bb71-dc9a-4585-98d1-4262d162dcfb,1.777340148829055e+18
3e62bb71-dc9a-4585-98d1-4262d162dcfb,1.777340148862398e+18
3e62bb71-dc9a-4585-98d1-4262d162dcfb,1.7773401488957402e+18
3e62bb71-dc9a-4585-98d1-4262d162dcfb,1.7773401489290831e+18
3e62bb71-dc9a-4585-98d1-4262d162dcfb,1.777340148962425e+18
3e62bb71-dc9a-4585-98d1-4262d162dcfb,1.777340148995768e+18
3e62bb71-dc9a-4585-98d1-4262d162dcfb,1.77734014902911e+18
3e62bb71-dc9a-4585-98d1-4262d162dcfb,1.777340149062453e+18
3e62bb71-dc9a-4585-98d1-4262d162dcfb,1.777340149095795e+18
3e62bb71-dc9a-4585-98d1-4262d162dcfb,1.7773401491291372e+18
3e62bb71-dc9a-4585-98d1-4262d162dcfb,1.77734014916248e+18
3e62bb71-dc9a-4585-98d1-4262d162dcfb,1.777340149195822e+18
3e62bb71-dc9a-4585-98d1-4262d162dcfb,1.777340149229165e+18
3e62bb71-dc9a-4585-98d1-4262d162dcfb,1.777340149262507e+18
3e62bb71-dc9a-4585-98d1-4262d162dcfb,1.77734014929585e+18
3e62bb71-dc9a-4585-98d1-4262d162dcfb,1.7773401493291922e+18
3e62bb71-dc9a-4585-98d1-4262d162dcfb,1.7773401493625352e+18
3e62bb71-dc9a-4585-98d1-4262d162dcfb,1.777340149395877e+18
3e62bb71-dc9a-4585-98d1-4262d162dcfb,1.777340149429219e+18
3e62bb71-dc9a-4585-98d1-4262d162dcfb,1.777340149462562e+18
3e62bb71-dc9a-4585-98d1-4262d162dcfb,1.777340149495904e+18
3e62bb71-dc9a-4585-98d1-4262d162dcfb,1.777340149529247e+18
3e62bb71-dc9a-4585-98d1-4262d162dcfb,1.7773401495625892e+18
3e62bb71-dc9a-4585-98d1-4262d162dcfb,1.7773401495959322e+18
3e62bb71-dc9a-4585-98d1-4262d162dcfb,1.777340149629274e+18
3e62bb71-dc9a-4585-98d1-4262d162dcfb,1.777340149662617e+18
3e62bb71-dc9a-4585-98d1-4262d162dcfb,1.777340149695959e+18
3e62bb71-dc9a-4585-98d1-4262d162dcfb,1.777340149729301e+18
3e62bb71-dc9a-4585-98d1-4262d162dcfb,1.777340149762644e+18
3e62bb71-dc9a-4585-98d1-4262d162dcfb,1.7773401497959862e+18
3e62bb71-dc9a-4585-98d1-4262d162dcfb,1.7773401498293292e+18
3e62bb71-dc9a-4585-98d1-4262d162dcfb,1.777340149862671e+18
3e62bb71-dc9a-4585-98d1-4262d162dcfb,1.777340149896014e+18
3e62bb71-dc9a-4585-98d1-4262d162dcfb,1.777340149929356e+18
3e62bb71-dc9a-4585-98d1-4262d162dcfb,1.777340149962699e+18
3e62bb71-dc9a-4585-98d1-4262d162dcfb,1.777340149996041e+18
3e62bb71-dc9a-4585-98d1-4262d162dcfb,1.7773401500293832e+18
3e62bb71-dc9a-4585-98d1-4262d162dcfb,1.7773401500627261e+18
3e62bb71-dc9a-4585-98d1-4262d162dcfb,1.777340150096068e+18
3e62bb71-dc9a-4585-98d1-4262d162dcfb,1.777340150129411e+18
3e62bb71-dc9a-4585-98d1-4262d162dcfb,1.777340150162753e+18
3e62bb71-dc9a-4585-98d1-4262d162dcfb,1.777340150196096e+18
3e62bb71-dc9a-4585-98d1-4262d162dcfb,1.777340150229438e+18
3e62bb71-dc9a-4585-98d1-4262d162dcfb,1.7773401502627812e+18
3e62bb71-dc9a-4585-98d1-4262d162dcfb,1.7773401502961231e+18
3e62bb71-dc9a-4585-98d1-4262d162dcfb,1.777340150329465e+18
3e62bb71-dc9a-4585-98d1-4262d162dcfb,1.777340150362808e+18
3e62bb71-dc9a-4585-98d1-4262d162dcfb,1.77734015039615e+18
3e62bb71-dc9a-4585-98d1-4262d162dcfb,1.777340150429493e+18
3e62bb71-dc9a-4585-98d1-4262d162dcfb,1.777340150462835e+18
3e62bb71-dc9a-4585-98d1-4262d162dcfb,1.7773401504961782e+18
3e62bb71-dc9a-4585-98d1-4262d162dcfb,1.77734015052952e+18
3e62bb71-dc9a-4585-98d1-4262d162dcfb,1.777340150562863e+18
3e62bb71-dc9a-4585-98d1-4262d162dcfb,1.777340150596205e+18
3e62bb71-dc9a-4585-98d1-4262d162dcfb,1.777340150629548e+18
3e62bb71-dc9a-4585-98d1-4262d162dcfb,1.77734015066289e+18
3e62bb71-dc9a-4585-98d1-4262d162dcfb,1.7773401506962322e+18
3e62bb71-dc9a-4585-98d1-4262d162dcfb,1.7773401507295752e+18
3e62bb71-dc9a-4585-98d1-4262d162dcfb,1.777340150762917e+18
3e62bb71-dc9a-4585-98d1-4262d162dcfb,1.77734015079626e+18
3e62bb71-dc9a-4585-98d1-4262d162dcfb,1.777340150829602e+18
3e62bb71-dc9a-4585-98d1-4262d162dcfb,1.777340150862945e+18
3e62bb71-dc9a-4585-98d1-4262d162dcfb,1.777340150896287e+18
3e62bb71-dc9a-4585-98d1-4262d162dcfb,1.77734015092963e+18
3e62bb71-dc9a-4585-98d1-4262d162dcfb,1.7773401509629722e+18
3e62bb71-dc9a-4585-98d1-4262d162dcfb,1.777340150996314e+18
3e62bb71-dc9a-4585-98d1-4262d162dcfb,1.777340151029657e+18
3e62bb71-dc9a-4585-98d1-4262d162dcfb,1.777340151062999e+18
3e62bb71-dc9a-4585-98d1-4262d162dcfb,1.777340151096342e+18
3e62bb71-dc9a-4585-98d1-4262d162dcfb,1.777340151129684e+18
3e62bb71-dc9a-4585-98d1-4262d162dcfb,1.777340151163027e+18
3e62bb71-dc9a-4585-98d1-4262d162dcfb,1.7773401511963692e+18
3e62bb71-dc9a-4585-98d1-4262d162dcfb,1.7773401512297121e+18
3e62bb71-dc9a-4585-98d1-4262d162dcfb,1.777340151263054e+18
3e62bb71-dc9a-4585-98d1-4262d162dcfb,1.777340151296396e+18
3e62bb71-dc9a-4585-98d1-4262d162dcfb,1.777340151329739e+18
3e62bb71-dc9a-4585-98d1-4262d162dcfb,1.777340151363081e+18
3e62bb71-dc9a-4585-98d1-4262d162dcfb,1.7773401513964242e+18
3e62bb71-dc9a-4585-98d1-4262d162dcfb,1.7773401514297661e+18
3e62bb71-dc9a-4585-98d1-4262d162dcfb,1.777340151463109e+18
3e62bb71-dc9a-4585-98d1-4262d162dcfb,1.777340151496451e+18
3e62bb71-dc9a-4585-98d1-4262d162dcfb,1.777340151529794e+18
3e62bb71-dc9a-4585-98d1-4262d162dcfb,1.777340151563136e+18
3e62bb71-dc9a-4585-98d1-4262d162dcfb,1.777340151596478e+18
3e62bb71-dc9a-4585-98d1-4262d162dcfb,1.7773401516298212e+18
3e62bb71-dc9a-4585-98d1-4262d162dcfb,1.7773401516631631e+18
3e62bb71-dc9a-4585-98d1-4262d162dcfb,1.777340151696506e+18
3e62bb71-dc9a-4585-98d1-4262d162dcfb,1.777340151729848e+18
3e62bb71-dc9a-4585-98d1-4262d162dcfb,1.777340151763191e+18
3e62bb71-dc9a-4585-98d1-4262d162dcfb,1.777340151796533e+18
3e62bb71-dc9a-4585-98d1-4262d162dcfb,1.777340151829876e+18
3e62bb71-dc9a-4585-98d1-4262d162dcfb,1.7773401518632182e+18
3e62bb71-dc9a-4585-98d1-4262d162dcfb,1.77734015189656e+18
3e62bb71-dc9a-4585-98d1-4262d162dcfb,1.777340151929903e+18
3e62bb71-dc9a-4585-98d1-4262d162dcfb,1.777340151963245e+18
3e62bb71-dc9a-4585-98d1-4262d162dcfb,1.777340151996588e+18
3e62bb71-dc9a-4585-98d1-4262d162dcfb,1.77734015202993e+18
3e62bb71-dc9a-4585-98d1-4262d162dcfb,1.777340152063273e+18
3e62bb71-dc9a-4585-98d1-4262d162dcfb,1.7773401520966152e+18
3e62bb71-dc9a-4585-98d1-4262d162dcfb,1.7773401521299581e+18
3e62bb71-dc9a-4585-98d1-4262d162dcfb,1.7773401521633e+18
3e62bb71-dc9a-4585-98d1-4262d162dcfb,1.777340152196642e+18
3e62bb71-dc9a-4585-98d1-4262d162dcfb,1.777340152229985e+18
3e62bb71-dc9a-4585-98d1-4262d162dcfb,1.777340152263327e+18
3e62bb71-dc9a-4585-98d1-4262d162dcfb,1.77734015229667e+18
3e62bb71-dc9a-4585-98d1-4262d162dcfb,1.7773401523300122e+18
3e62bb71-dc9a-4585-98d1-4262d162dcfb,1.7773401523633551e+18
3e62bb71-dc9a-4585-98d1-4262d162dcfb,1.777340152396697e+18
3e62bb71-dc9a-4585-98d1-4262d162dcfb,1.77734015243004e+18
3e62bb71-dc9a-4585-98d1-4262d162dcfb,1.777340152463382e+18
3e62bb71-dc9a-4585-98d1-4262d162dcfb,1.777340152496725e+18
3e62bb71-dc9a-4585-98d1-4262d162dcfb,1.777340152530067e+18
3e62bb71-dc9a-4585-98d1-4262d162dcfb,1.7773401525634092e+18
3e62bb71-dc9a-4585-98d1-4262d162dcfb,1.7773401525967521e+18
3e62bb71-dc9a-4585-98d1-4262d162dcfb,1.777340152630094e+18
3e62bb71-dc9a-4585-98d1-4262d162dcfb,1.777340152663437e+18
3e62bb71-dc9a-4585-98d1-4262d162dcfb,1.777340152696779e+18
3e62bb71-dc9a-4585-98d1-4262d162dcfb,1.777340152730122e+18
3e62bb71-dc9a-4585-98d1-4262d162dcfb,1.7773401527634642e+18
3e62bb71-dc9a-4585-98d1-4262d162dcfb,1.7773401527968072e+18
3e62bb71-dc9a-4585-98d1-4262d162dcfb,1.777340152830149e+18
3e62bb71-dc9a-4585-98d1-4262d162dcfb,1.777340152863491e+18
3e62bb71-dc9a-4585-98d1-4262d162dcfb,1.777340152896834e+18
3e62bb71-dc9a-4585-98d1-4262d162dcfb,1.777340152930176e+18
3e62bb71-dc9a-4585-98d1-4262d162dcfb,1.777340152963519e+18
3e62bb71-dc9a-4585-98d1-4262d162dcfb,1.7773401529968612e+18
3e62bb71-dc9a-4585-98d1-4262d162dcfb,1.7773401530302042e+18
3e62bb71-dc9a-4585-98d1-4262d162dcfb,1.777340153063546e+18
3e62bb71-dc9a-4585-98d1-4262d162dcfb,1.777340153096889e+18
3e62bb71-dc9a-4585-98d1-4262d162dcfb,1.777340153130231e+18
3e62bb71-dc9a-4585-98d1-4262d162dcfb,1.777340153163573e+18
3e62bb71-dc9a-4585-98d1-4262d162dcfb,1.777340153196916e+18
3e62bb71-dc9a-4585-98d1-4262d162dcfb,1.7773401532302582e+18
3e62bb71-dc9a-4585-98d1-4262d162dcfb,1.7773401532636012e+18
3e62bb71-dc9a-4585-98d1-4262d162dcfb,1.777340153296943e+18
3e62bb71-dc9a-4585-98d1-4262d162dcfb,1.777340153330286e+18
3e62bb71-dc9a-4585-98d1-4262d162dcfb,1.777340153363628e+18
3e62bb71-dc9a-4585-98d1-4262d162dcfb,1.777340153396971e+18
3e62bb71-dc9a-4585-98d1-4262d162dcfb,1.777340153430313e+18
3e62bb71-dc9a-4585-98d1-4262d162dcfb,1.7773401534636552e+18
3e62bb71-dc9a-4585-98d1-4262d162dcfb,1.7773401534969981e+18
3e62bb71-dc9a-4585-98d1-4262d162dcfb,1.77734015353034e+18
3e62bb71-dc9a-4585-98d1-4262d162dcfb,1.777340153563683e+18
3e62bb71-dc9a-4585-98d1-4262d162dcfb,1.777340153597025e+18
3e62bb71-dc9a-4585-98d1-4262d162dcfb,1.777340153630368e+18
3e62bb71-dc9a-4585-98d1-4262d162dcfb,1.77734015366371e+18
3e62bb71-dc9a-4585-98d1-4262d162dcfb,1.7773401536970532e+18
3e62bb71-dc9a-4585-98d1-4262d162dcfb,1.7773401537303951e+18
3e62bb71-dc9a-4585-98d1-4262d162dcfb,1.777340153763738e+18
3e62bb71-dc9a-4585-98d1-4262d162dcfb,1.77734015379708e+18
3e62bb71-dc9a-4585-98d1-4262d162dcfb,1.777340153830422e+18
3e62bb71-dc9a-4585-98d1-4262d162dcfb,1.777340153863765e+18
3e62bb71-dc9a-4585-98d1-4262d162dcfb,1.777340153897107e+18
3e62bb71-dc9a-4585-98d1-4262d162dcfb,1.7773401539304502e+18
3e62bb71-dc9a-4585-98d1-4262d162dcfb,1.7773401539637921e+18
3e62bb71-dc9a-4585-98d1-4262d162dcfb,1.777340153997135e+18
3e62bb71-dc9a-4585-98d1-4262d162dcfb,1.777340154030477e+18
3e62bb71-dc9a-4585-98d1-4262d162dcfb,1.777340154063819e+18
3e62bb71-dc9a-4585-98d1-4262d162dcfb,1.777340154097162e+18
3e62bb71-dc9a-4585-98d1-4262d162dcfb,1.7773401541305042e+18
3e62bb71-dc9a-4585-98d1-4262d162dcfb,1.7773401541638472e+18
3e62bb71-dc9a-4585-98d1-4262d162dcfb,1.777340154197189e+18
3e62bb71-dc9a-4585-98d1-4262d162dcfb,1.777340154230532e+18
3e62bb71-dc9a-4585-98d1-4262d162dcfb,1.777340154263874e+18
3e62bb71-dc9a-4585-98d1-4262d162dcfb,1.777340154297217e+18
3e62bb71-dc9a-4585-98d1-4262d162dcfb,1.777340154330559e+18
3e62bb71-dc9a-4585-98d1-4262d162dcfb,1.777340154363902e+18
3e62bb71-dc9a-4585-98d1-4262d162dcfb,1.7773401543972442e+18
3e62bb71-dc9a-4585-98d1-4262d162dcfb,1.777340154430586e+18
3e62bb71-dc9a-4585-98d1-4262d162dcfb,1.777340154463929e+18
3e62bb71-dc9a-4585-98d1-4262d162dcfb,1.777340154497271e+18
3e62bb71-dc9a-4585-98d1-4262d162dcfb,1.777340154530614e+18
3e62bb71-dc9a-4585-98d1-4262d162dcfb,1.777340154563956e+18
3e62bb71-dc9a-4585-98d1-4262d162dcfb,1.777340154597299e+18
3e62bb71-dc9a-4585-98d1-4262d162dcfb,1.7773401546306412e+18
3e62bb71-dc9a-4585-98d1-4262d162dcfb,1.777340154663984e+18
3e62bb71-dc9a-4585-98d1-4262d162dcfb,1.777340154697326e+18
3e62bb71-dc9a-4585-98d1-4262d162dcfb,1.777340154730668e+18
3e62bb71-dc9a-4585-98d1-4262d162dcfb,1.777340154764011e+18
3e62bb71-dc9a-4585-98d1-4262d162dcfb,1.777340154797353e+18
3e62bb71-dc9a-4585-98d1-4262d162dcfb,1.7773401548306962e+18
3e62bb71-dc9a-4585-98d1-4262d162dcfb,1.7773401548640381e+18
3e62bb71-dc9a-4585-98d1-4262d162dcfb,1.777340154897381e+18
3e62bb71-dc9a-4585-98d1-4262d162dcfb,1.777340154930723e+18
3e62bb71-dc9a-4585-98d1-4262d162dcfb,1.777340154964066e+18
3e62bb71-dc9a-4585-98d1-4262d162dcfb,1.777340154997408e+18
3e62bb71-dc9a-4585-98d1-4262d162dcfb,1.77734015503075e+18
3e62bb71-dc9a-4585-98d1-4262d162dcfb,1.7773401550640932e+18
3e62bb71-dc9a-4585-98d1-4262d162dcfb,1.7773401550974351e+18
3e62bb71-dc9a-4585-98d1-4262d162dcfb,1.777340155130778e+18
3e62bb71-dc9a-4585-98d1-4262d162dcfb,1.77734015516412e+18
3e62bb71-dc9a-4585-98d1-4262d162dcfb,1.777340155197463e+18
3e62bb71-dc9a-4585-98d1-4262d162dcfb,1.777340155230805e+18
3e62bb71-dc9a-4585-98d1-4262d162dcfb,1.777340155264148e+18
3e62bb71-dc9a-4585-98d1-4262d162dcfb,1.7773401552974902e+18
3e62bb71-dc9a-4585-98d1-4262d162dcfb,1.7773401553308321e+18
3e62bb71-dc9a-4585-98d1-4262d162dcfb,1.777340155364175e+18
3e62bb71-dc9a-4585-98d1-4262d162dcfb,1.777340155397517e+18
3e62bb71-dc9a-4585-98d1-4262d162dcfb,1.77734015543086e+18
3e62bb71-dc9a-4585-98d1-4262d162dcfb,1.777340155464202e+18
3e62bb71-dc9a-4585-98d1-4262d162dcfb,1.777340155497545e+18
3e62bb71-dc9a-4585-98d1-4262d162dcfb,1.7773401555308872e+18
3e62bb71-dc9a-4585-98d1-4262d162dcfb,1.7773401555642301e+18
3e62bb71-dc9a-4585-98d1-4262d162dcfb,1.777340155597572e+18
3e62bb71-dc9a-4585-98d1-4262d162dcfb,1.777340155630914e+18
3e62bb71-dc9a-4585-98d1-4262d162dcfb,1.777340155664257e+18
3e62bb71-dc9a-4585-98d1-4262d162dcfb,1.777340155697599e+18
3e62bb71-dc9a-4585-98d1-4262d162dcfb,1.777340155730942e+18
3e62bb71-dc9a-4585-98d1-4262d162dcfb,1.7773401557642842e+18
3e62bb71-dc9a-4585-98d1-4262d162dcfb,1.7773401557976271e+18
3e62bb71-dc9a-4585-98d1-4262d162dcfb,1.777340155830969e+18
3e62bb71-dc9a-4585-98d1-4262d162dcfb,1.777340155864312e+18
3e62bb71-dc9a-4585-98d1-4262d162dcfb,1.777340155897654e+18
3e62bb71-dc9a-4585-98d1-4262d162dcfb,1.777340155930996e+18
3e62bb71-dc9a-4585-98d1-4262d162dcfb,1.777340155964339e+18
3e62bb71-dc9a-4585-98d1-4262d162dcfb,1.7773401559976812e+18
3e62bb71-dc9a-4585-98d1-4262d162dcfb,1.777340156031024e+18
3e62bb71-dc9a-4585-98d1-4262d162dcfb,1.777340156064366e+18
3e62bb71-dc9a-4585-98d1-4262d162dcfb,1.777340156097709e+18
3e62bb71-dc9a-4585-98d1-4262d162dcfb,1.777340156131051e+18
3e62bb71-dc9a-4585-98d1-4262d162dcfb,1.777340156164394e+18
3e62bb71-dc9a-4585-98d1-4262d162dcfb,1.7773401561977362e+18
3e62bb71-dc9a-4585-98d1-4262d162dcfb,1.7773401562310792e+18
3e62bb71-dc9a-4585-98d1-4262d162dcfb,1.777340156264421e+18
3e62bb71-dc9a-4585-98d1-4262d162dcfb,1.777340156297763e+18
3e62bb71-dc9a-4585-98d1-4262d162dcfb,1.777340156331106e+18
3e62bb71-dc9a-4585-98d1-4262d162dcfb,1.777340156364448e+18
3e62bb71-dc9a-4585-98d1-4262d162dcfb,1.777340156397791e+18
3e62bb71-dc9a-4585-98d1-4262d162dcfb,1.7773401564311332e+18
3e62bb71-dc9a-4585-98d1-4262d162dcfb,1.7773401564644762e+18
3e62bb71-dc9a-4585-98d1-4262d162dcfb,1.777340156497818e+18
3e62bb71-dc9a-4585-98d1-4262d162dcfb,1.777340156531161e+18
3e62bb71-dc9a-4585-98d1-4262d162dcfb,1.777340156564503e+18
3e62bb71-dc9a-4585-98d1-4262d162dcfb,1.777340156597845e+18
3e62bb71-dc9a-4585-98d1-4262d162dcfb,1.777340156631188e+18
3e62bb71-dc9a-4585-98d1-4262d162dcfb,1.7773401566645302e+18
3e62bb71-dc9a-4585-98d1-4262d162dcfb,1.7773401566978732e+18
3e62bb71-dc9a-4585-98d1-4262d162dcfb,1.777340156731215e+18
3e62bb71-dc9a-4585-98d1-4262d162dcfb,1.777340156764558e+18
3e62bb71-dc9a-4585-98d1-4262d162dcfb,1.7773401567979e+18
3e62bb71-dc9a-4585-98d1-4262d162dcfb,1.777340156831243e+18
3e62bb71-dc9a-4585-98d1-4262d162dcfb,1.777340156864585e+18
3e62bb71-dc9a-4585-98d1-4262d162dcfb,1.7773401568979272e+18
3e62bb71-dc9a-4585-98d1-4262d162dcfb,1.7773401569312701e+18
3e62bb71-dc9a-4585-98d1-4262d162dcfb,1.777340156964612e+18
3e62bb71-dc9a-4585-98d1-4262d162dcfb,1.777340156997955e+18
3e62bb71-dc9a-4585-98d1-4262d162dcfb,1.777340157031297e+18
3e62bb71-dc9a-4585-98d1-4262d162dcfb,1.77734015706464e+18
3e62bb71-dc9a-4585-98d1-4262d162dcfb,1.777340157097982e+18
3e62bb71-dc9a-4585-98d1-4262d162dcfb,1.7773401571313252e+18
3e62bb71-dc9a-4585-98d1-4262d162dcfb,1.7773401571646671e+18
3e62bb71-dc9a-4585-98d1-4262d162dcfb,1.777340157198009e+18
3e62bb71-dc9a-4585-98d1-4262d162dcfb,1.777340157231352e+18
3e62bb71-dc9a-4585-98d1-4262d162dcfb,1.777340157264694e+18
3e62bb71-dc9a-4585-98d1-4262d162dcfb,1.777340157298037e+18
3e62bb71-dc9a-4585-98d1-4262d162dcfb,1.777340157331379e+18
3e62bb71-dc9a-4585-98d1-4262d162dcfb,1.7773401573647222e+18
3e62bb71-dc9a-4585-98d1-4262d162dcfb,1.777340157398064e+18
3e62bb71-dc9a-4585-98d1-4262d162dcfb,1.777340157431407e+18
3e62bb71-dc9a-4585-98d1-4262d162dcfb,1.777340157464749e+18
3e62bb71-dc9a-4585-98d1-4262d162dcfb,1.777340157498091e+18
3e62bb71-dc9a-4585-98d1-4262d162dcfb,1.777340157531434e+18
3e62bb71-dc9a-4585-98d1-4262d162dcfb,1.7773401575647762e+18
3e62bb71-dc9a-4585-98d1-4262d162dcfb,1.7773401575981192e+18
3e62bb71-dc9a-4585-98d1-4262d162dcfb,1.777340157631461e+18
3e62bb71-dc9a-4585-98d1-4262d162dcfb,1.777340157664804e+18
3e62bb71-dc9a-4585-98d1-4262d162dcfb,1.777340157698146e+18
3e62bb71-dc9a-4585-98d1-4262d162dcfb,1.777340157731489e+18
3e62bb71-dc9a-4585-98d1-4262d162dcfb,1.777340157764831e+18
3e62bb71-dc9a-4585-98d1-4262d162dcfb,1.7773401577981732e+18
3e62bb71-dc9a-4585-98d1-4262d162dcfb,1.7773401578315162e+18
3e62bb71-dc9a-4585-98d1-4262d162dcfb,1.777340157864858e+18
3e62bb71-dc9a-4585-98d1-4262d162dcfb,1.777340157898201e+18
3e62bb71-dc9a-4585-98d1-4262d162dcfb,1.777340157931543e+18
3e62bb71-dc9a-4585-98d1-4262d162dcfb,1.777340157964886e+18
3e62bb71-dc9a-4585-98d1-4262d162dcfb,1.777340157998228e+18
3e62bb71-dc9a-4585-98d1-4262d162dcfb,1.777340158031571e+18
3e62bb71-dc9a-4585-98d1-4262d162dcfb,1.7773401580649132e+18
3e62bb71-dc9a-4585-98d1-4262d162dcfb,1.7773401580982561e+18
3e62bb71-dc9a-4585-98d1-4262d162dcfb,1.777340158131598e+18
3e62bb71-dc9a-4585-98d1-4262d162dcfb,1.77734015816494e+18
3e62bb71-dc9a-4585-98d1-4262d162dcfb,1.777340158198283e+18
3e62bb71-dc9a-4585-98d1-4262d162dcfb,1.777340158231625e+18
3e62bb71-dc9a-4585-98d1-4262d162dcfb,1.7773401582649682e+18
3e62bb71-dc9a-4585-98d1-4262d162dcfb,1.7773401582983101e+18
3e62bb71-dc9a-4585-98d1-4262d162dcfb,1.777340158331653e+18
3e62bb71-dc9a-4585-98d1-4262d162dcfb,1.777340158364995e+18
3e62bb71-dc9a-4585-98d1-4262d162dcfb,1.777340158398338e+18
3e62bb71-dc9a-4585-98d1-4262d162dcfb,1.77734015843168e+18
3e62bb71-dc9a-4585-98d1-4262d162dcfb,1.777340158465022e+18
3e62bb71-dc9a-4585-98d1-4262d162dcfb,1.7773401584983652e+18
3e62bb71-dc9a-4585-98d1-4262d162dcfb,1.7773401585317071e+18
3e62bb71-dc9a-4585-98d1-4262d162dcfb,1.77734015856505e+18
3e62bb71-dc9a-4585-98d1-4262d162dcfb,1.777340158598392e+18
3e62bb71-dc9a-4585-98d1-4262d162dcfb,1.777340158631735e+18
3e62bb71-dc9a-4585-98d1-4262d162dcfb,1.777340158665077e+18
3e62bb71-dc9a-4585-98d1-4262d162dcfb,1.77734015869842e+18
3e62bb71-dc9a-4585-98d1-4262d162dcfb,1.7773401587317622e+18
3e62bb71-dc9a-4585-98d1-4262d162dcfb,1.777340158765104e+18
3e62bb71-dc9a-4585-98d1-4262d162dcfb,1.777340158798447e+18
3e62bb71-dc9a-4585-98d1-4262d162dcfb,1.777340158831789e+18
3e62bb71-dc9a-4585-98d1-4262d162dcfb,1.777340158865132e+18
3e62bb71-dc9a-4585-98d1-4262d162dcfb,1.777340158898474e+18
3e62bb71-dc9a-4585-98d1-4262d162dcfb,1.777340158931817e+18
3e62bb71-dc9a-4585-98d1-4262d162dcfb,1.7773401589651592e+18
3e62bb71-dc9a-4585-98d1-4262d162dcfb,1.7773401589985021e+18
3e62bb71-dc9a-4585-98d1-4262d162dcfb,1.777340159031844e+18
3e62bb71-dc9a-4585-98d1-4262d162dcfb,1.777340159065186e+18
3e62bb71-dc9a-4585-98d1-4262d162dcfb,1.777340159098529e+18
3e62bb71-dc9a-4585-98d1-4262d162dcfb,1.777340159131871e+18
3e62bb71-dc9a-4585-98d1-4262d162dcfb,1.777340159165214e+18
3e62bb71-dc9a-4585-98d1-4262d162dcfb,1.7773401591985562e+18
3e62bb71-dc9a-4585-98d1-4262d162dcfb,1.7773401592318991e+18
3e62bb71-dc9a-4585-98d1-4262d162dcfb,1.777340159265241e+18
3e62bb71-dc9a-4585-98d1-4262d162dcfb,1.777340159298584e+18
3e62bb71-dc9a-4585-98d1-4262d162dcfb,1.777340159331926e+18
3e62bb71-dc9a-4585-98d1-4262d162dcfb,1.777340159365268e+18
3e62bb71-dc9a-4585-98d1-4262d162dcfb,1.777340159398611e+18
3e62bb71-dc9a-4585-98d1-4262d162dcfb,1.7773401594319532e+18
3e62bb71-dc9a-4585-98d1-4262d162dcfb,1.7773401594652961e+18
3e62bb71-dc9a-4585-98d1-4262d162dcfb,1.777340159498638e+18
3e62bb71-dc9a-4585-98d1-4262d162dcfb,1.777340159531981e+18
3e62bb71-dc9a-4585-98d1-4262d162dcfb,1.777340159565323e+18
3e62bb71-dc9a-4585-98d1-4262d162dcfb,1.777340159598666e+18
3e62bb71-dc9a-4585-98d1-4262d162dcfb,1.7773401596320082e+18
3e62bb71-dc9a-4585-98d1-4262d162dcfb,1.7773401596653501e+18
3e62bb71-dc9a-4585-98d1-4262d162dcfb,1.777340159698693e+18
3e62bb71-dc9a-4585-98d1-4262d162dcfb,1.777340159732035e+18
3e62bb71-dc9a-4585-98d1-4262d162dcfb,1.777340159765378e+18
3e62bb71-dc9a-4585-98d1-4262d162dcfb,1.77734015979872e+18
3e62bb71-dc9a-4585-98d1-4262d162dcfb,1.777340159832063e+18
3e62bb71-dc9a-4585-98d1-4262d162dcfb,1.7773401598654052e+18
3e62bb71-dc9a-4585-98d1-4262d162dcfb,1.7773401598987482e+18
3e62bb71-dc9a-4585-98d1-4262d162dcfb,1.77734015993209e+18
3e62bb71-dc9a-4585-98d1-4262d162dcfb,1.777340159965433e+18
3e62bb71-dc9a-4585-98d1-4262d162dcfb,1.777340159998775e+18
3e62bb71-dc9a-4585-98d1-4262d162dcfb,1.777340160032117e+18
3e62bb71-dc9a-4585-98d1-4262d162dcfb,1.77734016006546e+18
3e62bb71-dc9a-4585-98d1-4262d162dcfb,1.7773401600988022e+18
3e62bb71-dc9a-4585-98d1-4262d162dcfb,1.7773401601321452e+18
3e62bb71-dc9a-4585-98d1-4262d162dcfb,1.777340160165487e+18
3e62bb71-dc9a-4585-98d1-4262d162dcfb,1.77734016019883e+18
3e62bb71-dc9a-4585-98d1-4262d162dcfb,1.777340160232172e+18
3e62bb71-dc9a-4585-98d1-4262d162dcfb,1.777340160265515e+18
3e62bb71-dc9a-4585-98d1-4262d162dcfb,1.777340160298857e+18
3e62bb71-dc9a-4585-98d1-4262d162dcfb,1.7773401603321992e+18
3e62bb71-dc9a-4585-98d1-4262d162dcfb,1.7773401603655421e+18
3e62bb71-dc9a-4585-98d1-4262d162dcfb,1.777340160398884e+18
3e62bb71-dc9a-4585-98d1-4262d162dcfb,1.777340160432227e+18
3e62bb71-dc9a-4585-98d1-4262d162dcfb,1.777340160465569e+18
3e62bb71-dc9a-4585-98d1-4262d162dcfb,1.777340160498912e+18
3e62bb71-dc9a-4585-98d1-4262d162dcfb,1.777340160532254e+18
3e62bb71-dc9a-4585-98d1-4262d162dcfb,1.7773401605655972e+18
3e62bb71-dc9a-4585-98d1-4262d162dcfb,1.7773401605989391e+18
3e62bb71-dc9a-4585-98d1-4262d162dcfb,1.777340160632281e+18
3e62bb71-dc9a-4585-98d1-4262d162dcfb,1.777340160665624e+18
3e62bb71-dc9a-4585-98d1-4262d162dcfb,1.777340160698966e+18
3e62bb71-dc9a-4585-98d1-4262d162dcfb,1.777340160732309e+18
3e62bb71-dc9a-4585-98d1-4262d162dcfb,1.777340160765651e+18
3e62bb71-dc9a-4585-98d1-4262d162dcfb,1.7773401607989942e+18
3e62bb71-dc9a-4585-98d1-4262d162dcfb,1.7773401608323361e+18
3e62bb71-dc9a-4585-98d1-4262d162dcfb,1.777340160865679e+18
3e62bb71-dc9a-4585-98d1-4262d162dcfb,1.777340160899021e+18
3e62bb71-dc9a-4585-98d1-4262d162dcfb,1.777340160932363e+18
3e62bb71-dc9a-4585-98d1-4262d162dcfb,1.777340160965706e+18
3e62bb71-dc9a-4585-98d1-4262d162dcfb,1.7773401609990482e+18
3e62bb71-dc9a-4585-98d1-4262d162dcfb,1.7773401610323912e+18
3e62bb71-dc9a-4585-98d1-4262d162dcfb,1.777340161065733e+18
3e62bb71-dc9a-4585-98d1-4262d162dcfb,1.777340161099076e+18
3e62bb71-dc9a-4585-98d1-4262d162dcfb,1.777340161132418e+18
3e62bb71-dc9a-4585-98d1-4262d162dcfb,1.777340161165761e+18
3e62bb71-dc9a-4585-98d1-4262d162dcfb,1.777340161199103e+18
3e62bb71-dc9a-4585-98d1-4262d162dcfb,1.7773401612324452e+18
3e62bb71-dc9a-4585-98d1-4262d162dcfb,1.7773401612657882e+18
3e62bb71-dc9a-4585-98d1-4262d162dcfb,1.77734016129913e+18
3e62bb71-dc9a-4585-98d1-4262d162dcfb,1.777340161332473e+18
3e62bb71-dc9a-4585-98d1-4262d162dcfb,1.777340161365815e+18
3e62bb71-dc9a-4585-98d1-4262d162dcfb,1.777340161399158e+18
3e62bb71-dc9a-4585-98d1-4262d162dcfb,1.7773401614325e+18
3e62bb71-dc9a-4585-98d1-4262d162dcfb,1.777340161465843e+18
3e62bb71-dc9a-4585-98d1-4262d162dcfb,1.7773401614991852e+18
3e62bb71-dc9a-4585-98d1-4262d162dcfb,1.777340161532527e+18
3e62bb71-dc9a-4585-98d1-4262d162dcfb,1.77734016156587e+18
3e62bb71-dc9a-4585-98d1-4262d162dcfb,1.777340161599212e+18
3e62bb71-dc9a-4585-98d1-4262d162dcfb,1.777340161632555e+18
3e62bb71-dc9a-4585-98d1-4262d162dcfb,1.777340161665897e+18
3e62bb71-dc9a-4585-98d1-4262d162dcfb,1.7773401616992402e+18
3e62bb71-dc9a-4585-98d1-4262d162dcfb,1.7773401617325821e+18
3e62bb71-dc9a-4585-98d1-4262d162dcfb,1.777340161765925e+18
3e62bb71-dc9a-4585-98d1-4262d162dcfb,1.777340161799267e+18
3e62bb71-dc9a-4585-98d1-4262d162dcfb,1.77734016183261e+18
3e62bb71-dc9a-4585-98d1-4262d162dcfb,1.777340161865952e+18
3e62bb71-dc9a-4585-98d1-4262d162dcfb,1.777340161899294e+18
3e62bb71-dc9a-4585-98d1-4262d162dcfb,1.7773401619326372e+18
3e62bb71-dc9a-4585-98d1-4262d162dcfb,1.7773401619659791e+18
3e62bb71-dc9a-4585-98d1-4262d162dcfb,1.777340161999322e+18
3e62bb71-dc9a-4585-98d1-4262d162dcfb,1.777340162032664e+18
3e62bb71-dc9a-4585-98d1-4262d162dcfb,1.777340162066007e+18
3e62bb71-dc9a-4585-98d1-4262d162dcfb,1.777340162099349e+18
3e62bb71-dc9a-4585-98d1-4262d162dcfb,1.777340162132692e+18
3e62bb71-dc9a-4585-98d1-4262d162dcfb,1.7773401621660342e+18
3e62bb71-dc9a-4585-98d1-4262d162dcfb,1.7773401621993761e+18
3e62bb71-dc9a-4585-98d1-4262d162dcfb,1.777340162232719e+18
3e62bb71-dc9a-4585-98d1-4262d162dcfb,1.777340162266061e+18
3e62bb71-dc9a-4585-98d1-4262d162dcfb,1.777340162299404e+18
3e62bb71-dc9a-4585-98d1-4262d162dcfb,1.777340162332746e+18
3e62bb71-dc9a-4585-98d1-4262d162dcfb,1.777340162366089e+18
3e62bb71-dc9a-4585-98d1-4262d162dcfb,1.7773401623994312e+18
3e62bb71-dc9a-4585-98d1-4262d162dcfb,1.7773401624327741e+18
3e62bb71-dc9a-4585-98d1-4262d162dcfb,1.777340162466116e+18
3e62bb71-dc9a-4585-98d1-4262d162dcfb,1.777340162499458e+18
3e62bb71-dc9a-4585-98d1-4262d162dcfb,1.777340162532801e+18
3e62bb71-dc9a-4585-98d1-4262d162dcfb,1.777340162566143e+18
3e62bb71-dc9a-4585-98d1-4262d162dcfb,1.777340162599486e+18
3e62bb71-dc9a-4585-98d1-4262d162dcfb,1.7773401626328282e+18
3e62bb71-dc9a-4585-98d1-4262d162dcfb,1.7773401626661711e+18
3e62bb71-dc9a-4585-98d1-4262d162dcfb,1.777340162699513e+18
3e62bb71-dc9a-4585-98d1-4262d162dcfb,1.777340162732856e+18
3e62bb71-dc9a-4585-98d1-4262d162dcfb,1.777340162766198e+18
3e62bb71-dc9a-4585-98d1-4262d162dcfb,1.777340162799541e+18
3e62bb71-dc9a-4585-98d1-4262d162dcfb,1.777340162832883e+18
3e62bb71-dc9a-4585-98d1-4262d162dcfb,1.7773401628662252e+18
3e62bb71-dc9a-4585-98d1-4262d162dcfb,1.777340162899568e+18
3e62bb71-dc9a-4585-98d1-4262d162dcfb,1.77734016293291e+18
3e62bb71-dc9a-4585-98d1-4262d162dcfb,1.777340162966253e+18
3e62bb71-dc9a-4585-98d1-4262d162dcfb,1.777340162999595e+18
3e62bb71-dc9a-4585-98d1-4262d162dcfb,1.777340163032938e+18
3e62bb71-dc9a-4585-98d1-4262d162dcfb,1.7773401630662802e+18
3e62bb71-dc9a-4585-98d1-4262d162dcfb,1.7773401630996232e+18
3e62bb71-dc9a-4585-98d1-4262d162dcfb,1.777340163132965e+18
3e62bb71-dc9a-4585-98d1-4262d162dcfb,1.777340163166307e+18
3e62bb71-dc9a-4585-98d1-4262d162dcfb,1.77734016319965e+18
3e62bb71-dc9a-4585-98d1-4262d162dcfb,1.777340163232992e+18
3e62bb71-dc9a-4585-98d1-4262d162dcfb,1.777340163266335e+18
3e62bb71-dc9a-4585-98d1-4262d162dcfb,1.7773401632996772e+18
3e62bb71-dc9a-4585-98d1-4262d162dcfb,1.7773401633330202e+18
3e62bb71-dc9a-4585-98d1-4262d162dcfb,1.777340163366362e+18
3e62bb71-dc9a-4585-98d1-4262d162dcfb,1.777340163399705e+18
3e62bb71-dc9a-4585-98d1-4262d162dcfb,1.777340163433047e+18
3e62bb71-dc9a-4585-98d1-4262d162dcfb,1.777340163466389e+18
3e62bb71-dc9a-4585-98d1-4262d162dcfb,1.777340163499732e+18
3e62bb71-dc9a-4585-98d1-4262d162dcfb,1.7773401635330742e+18
3e62bb71-dc9a-4585-98d1-4262d162dcfb,1.7773401635664172e+18
3e62bb71-dc9a-4585-98d1-4262d162dcfb,1.777340163599759e+18
3e62bb71-dc9a-4585-98d1-4262d162dcfb,1.777340163633102e+18
3e62bb71-dc9a-4585-98d1-4262d162dcfb,1.777340163666444e+18
3e62bb71-dc9a-4585-98d1-4262d162dcfb,1.777340163699787e+18
3e62bb71-dc9a-4585-98d1-4262d162dcfb,1.777340163733129e+18
3e62bb71-dc9a-4585-98d1-4262d162dcfb,1.7773401637664722e+18
3e62bb71-dc9a-4585-98d1-4262d162dcfb,1.7773401637998141e+18
3e62bb71-dc9a-4585-98d1-4262d162dcfb,1.777340163833156e+18
3e62bb71-dc9a-4585-98d1-4262d162dcfb,1.777340163866499e+18
3e62bb71-dc9a-4585-98d1-4262d162dcfb,1.777340163899841e+18
3e62bb71-dc9a-4585-98d1-4262d162dcfb,1.777340163933184e+18
3e62bb71-dc9a-4585-98d1-4262d162dcfb,1.777340163966526e+18
3e62bb71-dc9a-4585-98d1-4262d162dcfb,1.7773401639998692e+18
3e62bb71-dc9a-4585-98d1-4262d162dcfb,1.7773401640332111e+18
3e62bb71-dc9a-4585-98d1-4262d162dcfb,1.777340164066553e+18
3e62bb71-dc9a-4585-98d1-4262d162dcfb,1.777340164099896e+18
3e62bb71-dc9a-4585-98d1-4262d162dcfb,1.777340164133238e+18
3e62bb71-dc9a-4585-98d1-4262d162dcfb,1.777340164166581e+18
3e62bb71-dc9a-4585-98d1-4262d162dcfb,1.777340164199923e+18
3e62bb71-dc9a-4585-98d1-4262d162dcfb,1.7773401642332662e+18
3e62bb71-dc9a-4585-98d1-4262d162dcfb,1.777340164266608e+18
3e62bb71-dc9a-4585-98d1-4262d162dcfb,1.777340164299951e+18
3e62bb71-dc9a-4585-98d1-4262d162dcfb,1.777340164333293e+18
3e62bb71-dc9a-4585-98d1-4262d162dcfb,1.777340164366636e+18
3e62bb71-dc9a-4585-98d1-4262d162dcfb,1.777340164399978e+18
3e62bb71-dc9a-4585-98d1-4262d162dcfb,1.7773401644333202e+18
3e62bb71-dc9a-4585-98d1-4262d162dcfb,1.7773401644666632e+18
3e62bb71-dc9a-4585-98d1-4262d162dcfb,1.777340164500005e+18
3e62bb71-dc9a-4585-98d1-4262d162dcfb,1.777340164533348e+18
3e62bb71-dc9a-4585-98d1-4262d162dcfb,1.77734016456669e+18
3e62bb71-dc9a-4585-98d1-4262d162dcfb,1.777340164600033e+18
3e62bb71-dc9a-4585-98d1-4262d162dcfb,1.777340164633375e+18
3e62bb71-dc9a-4585-98d1-4262d162dcfb,1.777340164666718e+18
3e62bb71-dc9a-4585-98d1-4262d162dcfb,1.7773401647000602e+18
3e62bb71-dc9a-4585-98d1-4262d162dcfb,1.777340164733402e+18
3e62bb71-dc9a-4585-98d1-4262d162dcfb,1.777340164766745e+18
3e62bb71-dc9a-4585-98d1-4262d162dcfb,1.777340164800087e+18
3e62bb71-dc9a-4585-98d1-4262d162dcfb,1.77734016483343e+18
3e62bb71-dc9a-4585-98d1-4262d162dcfb,1.777340164866772e+18
3e62bb71-dc9a-4585-98d1-4262d162dcfb,1.777340164900115e+18
3e62bb71-dc9a-4585-98d1-4262d162dcfb,1.7773401649334572e+18
3e62bb71-dc9a-4585-98d1-4262d162dcfb,1.7773401649668001e+18
3e62bb71-dc9a-4585-98d1-4262d162dcfb,1.777340165000142e+18
3e62bb71-dc9a-4585-98d1-4262d162dcfb,1.777340165033484e+18
3e62bb71-dc9a-4585-98d1-4262d162dcfb,1.777340165066827e+18
3e62bb71-dc9a-4585-98d1-4262d162dcfb,1.777340165100169e+18
3e62bb71-dc9a-4585-98d1-4262d162dcfb,1.7773401651335122e+18
3e62bb71-dc9a-4585-98d1-4262d162dcfb,1.7773401651668541e+18
3e62bb71-dc9a-4585-98d1-4262d162dcfb,1.777340165200197e+18
3e62bb71-dc9a-4585-98d1-4262d162dcfb,1.777340165233539e+18
3e62bb71-dc9a-4585-98d1-4262d162dcfb,1.777340165266882e+18
3e62bb71-dc9a-4585-98d1-4262d162dcfb,1.777340165300224e+18
3e62bb71-dc9a-4585-98d1-4262d162dcfb,1.777340165333566e+18
3e62bb71-dc9a-4585-98d1-4262d162dcfb,1.7773401653669092e+18
3e62bb71-dc9a-4585-98d1-4262d162dcfb,1.7773401654002511e+18
3e62bb71-dc9a-4585-98d1-4262d162dcfb,1.777340165433594e+18
3e62bb71-dc9a-4585-98d1-4262d162dcfb,1.777340165466936e+18
3e62bb71-dc9a-4585-98d1-4262d162dcfb,1.777340165500279e+18
3e62bb71-dc9a-4585-98d1-4262d162dcfb,1.777340165533621e+18
3e62bb71-dc9a-4585-98d1-4262d162dcfb,1.777340165566964e+18
3e62bb71-dc9a-4585-98d1-4262d162dcfb,1.7773401656003062e+18
3e62bb71-dc9a-4585-98d1-4262d162dcfb,1.777340165633648e+18
3e62bb71-dc9a-4585-98d1-4262d162dcfb,1.777340165666991e+18
3e62bb71-dc9a-4585-98d1-4262d162dcfb,1.777340165700333e+18
3e62bb71-dc9a-4585-98d1-4262d162dcfb,1.777340165733676e+18
3e62bb71-dc9a-4585-98d1-4262d162dcfb,1.777340165767018e+18
3e62bb71-dc9a-4585-98d1-4262d162dcfb,1.777340165800361e+18
3e62bb71-dc9a-4585-98d1-4262d162dcfb,1.7773401658337032e+18
3e62bb71-dc9a-4585-98d1-4262d162dcfb,1.7773401658670461e+18
3e62bb71-dc9a-4585-98d1-4262d162dcfb,1.777340165900388e+18
3e62bb71-dc9a-4585-98d1-4262d162dcfb,1.77734016593373e+18
3e62bb71-dc9a-4585-98d1-4262d162dcfb,1.777340165967073e+18
3e62bb71-dc9a-4585-98d1-4262d162dcfb,1.777340166000415e+18
3e62bb71-dc9a-4585-98d1-4262d162dcfb,1.777340166033758e+18
3e62bb71-dc9a-4585-98d1-4262d162dcfb,1.7773401660671002e+18
3e62bb71-dc9a-4585-98d1-4262d162dcfb,1.7773401661004431e+18
3e62bb71-dc9a-4585-98d1-4262d162dcfb,1.777340166133785e+18
3e62bb71-dc9a-4585-98d1-4262d162dcfb,1.777340166167128e+18
3e62bb71-dc9a-4585-98d1-4262d162dcfb,1.77734016620047e+18
3e62bb71-dc9a-4585-98d1-4262d162dcfb,1.777340166233813e+18
3e62bb71-dc9a-4585-98d1-4262d162dcfb,1.777340166267155e+18
3e62bb71-dc9a-4585-98d1-4262d162dcfb,1.7773401663004972e+18
3e62bb71-dc9a-4585-98d1-4262d162dcfb,1.7773401663338401e+18
3e62bb71-dc9a-4585-98d1-4262d162dcfb,1.777340166367182e+18
3e62bb71-dc9a-4585-98d1-4262d162dcfb,1.777340166400525e+18
3e62bb71-dc9a-4585-98d1-4262d162dcfb,1.777340166433867e+18
3e62bb71-dc9a-4585-98d1-4262d162dcfb,1.77734016646721e+18
3e62bb71-dc9a-4585-98d1-4262d162dcfb,1.7773401665005522e+18
3e62bb71-dc9a-4585-98d1-4262d162dcfb,1.7773401665338952e+18
3e62bb71-dc9a-4585-98d1-4262d162dcfb,1.777340166567237e+18
3e62bb71-dc9a-4585-98d1-4262d162dcfb,1.777340166600579e+18
3e62bb71-dc9a-4585-98d1-4262d162dcfb,1.777340166633922e+18
3e62bb71-dc9a-4585-98d1-4262d162dcfb,1.777340166667264e+18
3e62bb71-dc9a-4585-98d1-4262d162dcfb,1.777340166700607e+18
3e62bb71-dc9a-4585-98d1-4262d162dcfb,1.7773401667339492e+18
3e62bb71-dc9a-4585-98d1-4262d162dcfb,1.7773401667672922e+18
3e62bb71-dc9a-4585-98d1-4262d162dcfb,1.777340166800634e+18
3e62bb71-dc9a-4585-98d1-4262d162dcfb,1.777340166833977e+18
3e62bb71-dc9a-4585-98d1-4262d162dcfb,1.777340166867319e+18
3e62bb71-dc9a-4585-98d1-4262d162dcfb,1.777340166900661e+18
3e62bb71-dc9a-4585-98d1-4262d162dcfb,1.777340166934004e+18
3e62bb71-dc9a-4585-98d1-4262d162dcfb,1.7773401669673462e+18
3e62bb71-dc9a-4585-98d1-4262d162dcfb,1.7773401670006892e+18
3e62bb71-dc9a-4585-98d1-4262d162dcfb,1.777340167034031e+18
3e62bb71-dc9a-4585-98d1-4262d162dcfb,1.777340167067374e+18
3e62bb71-dc9a-4585-98d1-4262d162dcfb,1.777340167100716e+18
3e62bb71-dc9a-4585-98d1-4262d162dcfb,1.777340167134059e+18
3e62bb71-dc9a-4585-98d1-4262d162dcfb,1.777340167167401e+18
3e62bb71-dc9a-4585-98d1-4262d162dcfb,1.7773401672007432e+18
3e62bb71-dc9a-4585-98d1-4262d162dcfb,1.7773401672340861e+18
3e62bb71-dc9a-4585-98d1-4262d162dcfb,1.777340167267428e+18
3e62bb71-dc9a-4585-98d1-4262d162dcfb,1.777340167300771e+18
3e62bb71-dc9a-4585-98d1-4262d162dcfb,1.777340167334113e+18
3e62bb71-dc9a-4585-98d1-4262d162dcfb,1.777340167367456e+18
3e62bb71-dc9a-4585-98d1-4262d162dcfb,1.777340167400798e+18
3e62bb71-dc9a-4585-98d1-4262d162dcfb,1.7773401674341412e+18
3e62bb71-dc9a-4585-98d1-4262d162dcfb,1.7773401674674831e+18
3e62bb71-dc9a-4585-98d1-4262d162dcfb,1.777340167500825e+18
3e62bb71-dc9a-4585-98d1-4262d162dcfb,1.777340167534168e+18
3e62bb71-dc9a-4585-98d1-4262d162dcfb,1.77734016756751e+18
3e62bb71-dc9a-4585-98d1-4262d162dcfb,1.777340167600853e+18
3e62bb71-dc9a-4585-98d1-4262d162dcfb,1.777340167634195e+18
3e62bb71-dc9a-4585-98d1-4262d162dcfb,1.7773401676675382e+18
3e62bb71-dc9a-4585-98d1-4262d162dcfb,1.7773401677008801e+18
3e62bb71-dc9a-4585-98d1-4262d162dcfb,1.777340167734223e+18
3e62bb71-dc9a-4585-98d1-4262d162dcfb,1.777340167767565e+18
3e62bb71-dc9a-4585-98d1-4262d162dcfb,1.777340167800907e+18
3e62bb71-dc9a-4585-98d1-4262d162dcfb,1.77734016783425e+18
3e62bb71-dc9a-4585-98d1-4262d162dcfb,1.7773401678675922e+18
3e62bb71-dc9a-4585-98d1-4262d162dcfb,1.7773401679009352e+18
3e62bb71-dc9a-4585-98d1-4262d162dcfb,1.777340167934277e+18
3e62bb71-dc9a-4585-98d1-4262d162dcfb,1.77734016796762e+18
3e62bb71-dc9a-4585-98d1-4262d162dcfb,1.777340168000962e+18
3e62bb71-dc9a-4585-98d1-4262d162dcfb,1.777340168034305e+18
3e62bb71-dc9a-4585-98d1-4262d162dcfb,1.777340168067647e+18
3e62bb71-dc9a-4585-98d1-4262d162dcfb,1.77734016810099e+18
3e62bb71-dc9a-4585-98d1-4262d162dcfb,1.7773401681343322e+18
3e62bb71-dc9a-4585-98d1-4262d162dcfb,1.777340168167674e+18
3e62bb71-dc9a-4585-98d1-4262d162dcfb,1.777340168201017e+18
3e62bb71-dc9a-4585-98d1-4262d162dcfb,1.777340168234359e+18
3e62bb71-dc9a-4585-98d1-4262d162dcfb,1.777340168267702e+18
3e62bb71-dc9a-4585-98d1-4262d162dcfb,1.777340168301044e+18
3e62bb71-dc9a-4585-98d1-4262d162dcfb,1.777340168334387e+18
3e62bb71-dc9a-4585-98d1-4262d162dcfb,1.7773401683677292e+18
3e62bb71-dc9a-4585-98d1-4262d162dcfb,1.777340168401072e+18
3e62bb71-dc9a-4585-98d1-4262d162dcfb,1.777340168434414e+18
3e62bb71-dc9a-4585-98d1-4262d162dcfb,1.777340168467756e+18
3e62bb71-dc9a-4585-98d1-4262d162dcfb,1.777340168501099e+18
3e62bb71-dc9a-4585-98d1-4262d162dcfb,1.777340168534441e+18
3e62bb71-dc9a-4585-98d1-4262d162dcfb,1.7773401685677842e+18
3e62bb71-dc9a-4585-98d1-4262d162dcfb,1.7773401686011261e+18
3e62bb71-dc9a-4585-98d1-4262d162dcfb,1.777340168634469e+18
3e62bb71-dc9a-4585-98d1-4262d162dcfb,1.777340168667811e+18
3e62bb71-dc9a-4585-98d1-4262d162dcfb,1.777340168701154e+18
3e62bb71-dc9a-4585-98d1-4262d162dcfb,1.777340168734496e+18
3e62bb71-dc9a-4585-98d1-4262d162dcfb,1.777340168767838e+18
3e62bb71-dc9a-4585-98d1-4262d162dcfb,1.7773401688011812e+18
3e62bb71-dc9a-4585-98d1-4262d162dcfb,1.7773401688345231e+18
3e62bb71-dc9a-4585-98d1-4262d162dcfb,1.777340168867866e+18
3e62bb71-dc9a-4585-98d1-4262d162dcfb,1.777340168901208e+18
3e62bb71-dc9a-4585-98d1-4262d162dcfb,1.777340168934551e+18
3e62bb71-dc9a-4585-98d1-4262d162dcfb,1.777340168967893e+18
3e62bb71-dc9a-4585-98d1-4262d162dcfb,1.777340169001236e+18
3e62bb71-dc9a-4585-98d1-4262d162dcfb,1.7773401690345782e+18
3e62bb71-dc9a-4585-98d1-4262d162dcfb,1.7773401690679201e+18
3e62bb71-dc9a-4585-98d1-4262d162dcfb,1.777340169101263e+18
3e62bb71-dc9a-4585-98d1-4262d162dcfb,1.777340169134605e+18
3e62bb71-dc9a-4585-98d1-4262d162dcfb,1.777340169167948e+18
3e62bb71-dc9a-4585-98d1-4262d162dcfb,1.77734016920129e+18
3e62bb71-dc9a-4585-98d1-4262d162dcfb,1.777340169234633e+18
3e62bb71-dc9a-4585-98d1-4262d162dcfb,1.7773401692679752e+18
3e62bb71-dc9a-4585-98d1-4262d162dcfb,1.7773401693013181e+18
3e62bb71-dc9a-4585-98d1-4262d162dcfb,1.77734016933466e+18
3e62bb71-dc9a-4585-98d1-4262d162dcfb,1.777340169368002e+18
3e62bb71-dc9a-4585-98d1-4262d162dcfb,1.777340169401345e+18
3e62bb71-dc9a-4585-98d1-4262d162dcfb,1.777340169434687e+18
3e62bb71-dc9a-4585-98d1-4262d162dcfb,1.77734016946803e+18
3e62bb71-dc9a-4585-98d1-4262d162dcfb,1.7773401695013722e+18
3e62bb71-dc9a-4585-98d1-4262d162dcfb,1.7773401695347151e+18
3e62bb71-dc9a-4585-98d1-4262d162dcfb,1.777340169568057e+18
3e62bb71-dc9a-4585-98d1-4262d162dcfb,1.7773401696014e+18
3e62bb71-dc9a-4585-98d1-4262d162dcfb,1.777340169634742e+18
3e62bb71-dc9a-4585-98d1-4262d162dcfb,1.777340169668084e+18
3e62bb71-dc9a-4585-98d1-4262d162dcfb,1.777340169701427e+18
3e62bb71-dc9a-4585-98d1-4262d162dcfb,1.7773401697347692e+18
3e62bb71-dc9a-4585-98d1-4262d162dcfb,1.777340169768112e+18
3e62bb71-dc9a-4585-98d1-4262d162dcfb,1.777340169801454e+18
3e62bb71-dc9a-4585-98d1-4262d162dcfb,1.777340169834797e+18
3e62bb71-dc9a-4585-98d1-4262d162dcfb,1.777340169868139e+18
3e62bb71-dc9a-4585-98d1-4262d162dcfb,1.777340169901482e+18
3e62bb71-dc9a-4585-98d1-4262d162dcfb,1.7773401699348242e+18
3e62bb71-dc9a-4585-98d1-4262d162dcfb,1.7773401699681672e+18
3e62bb71-dc9a-4585-98d1-4262d162dcfb,1.777340170001509e+18
3e62bb71-dc9a-4585-98d1-4262d162dcfb,1.777340170034851e+18
3e62bb71-dc9a-4585-98d1-4262d162dcfb,1.777340170068194e+18
3e62bb71-dc9a-4585-98d1-4262d162dcfb,1.777340170101536e+18
3e62bb71-dc9a-4585-98d1-4262d162dcfb,1.777340170134879e+18
3e62bb71-dc9a-4585-98d1-4262d162dcfb,1.7773401701682212e+18
3e62bb71-dc9a-4585-98d1-4262d162dcfb,1.7773401702015642e+18
3e62bb71-dc9a-4585-98d1-4262d162dcfb,1.777340170234906e+18
3e62bb71-dc9a-4585-98d1-4262d162dcfb,1.777340170268249e+18
3e62bb71-dc9a-4585-98d1-4262d162dcfb,1.777340170301591e+18
3e62bb71-dc9a-4585-98d1-4262d162dcfb,1.777340170334933e+18
3e62bb71-dc9a-4585-98d1-4262d162dcfb,1.777340170368276e+18
3e62bb71-dc9a-4585-98d1-4262d162dcfb,1.7773401704016182e+18
3e62bb71-dc9a-4585-98d1-4262d162dcfb,1.7773401704349612e+18
3e62bb71-dc9a-4585-98d1-4262d162dcfb,1.777340170468303e+18
3e62bb71-dc9a-4585-98d1-4262d162dcfb,1.777340170501646e+18
3e62bb71-dc9a-4585-98d1-4262d162dcfb,1.777340170534988e+18
3e62bb71-dc9a-4585-98d1-4262d162dcfb,1.777340170568331e+18
3e62bb71-dc9a-4585-98d1-4262d162dcfb,1.777340170601673e+18
3e62bb71-dc9a-4585-98d1-4262d162dcfb,1.7773401706350152e+18
3e62bb71-dc9a-4585-98d1-4262d162dcfb,1.7773401706683581e+18
3e62bb71-dc9a-4585-98d1-4262d162dcfb,1.7773401707017e+18
3e62bb71-dc9a-4585-98d1-4262d162dcfb,1.777340170735043e+18
3e62bb71-dc9a-4585-98d1-4262d162dcfb,1.777340170768385e+18
3e62bb71-dc9a-4585-98d1-4262d162dcfb,1.777340170801728e+18
3e62bb71-dc9a-4585-98d1-4262d162dcfb,1.77734017083507e+18
3e62bb71-dc9a-4585-98d1-4262d162dcfb,1.7773401708684132e+18
3e62bb71-dc9a-4585-98d1-4262d162dcfb,1.7773401709017551e+18
3e62bb71-dc9a-4585-98d1-4262d162dcfb,1.777340170935097e+18
3e62bb71-dc9a-4585-98d1-4262d162dcfb,1.77734017096844e+18
3e62bb71-dc9a-4585-98d1-4262d162dcfb,1.777340171001782e+18
3e62bb71-dc9a-4585-98d1-4262d162dcfb,1.777340171035125e+18
3e62bb71-dc9a-4585-98d1-4262d162dcfb,1.777340171068467e+18
3e62bb71-dc9a-4585-98d1-4262d162dcfb,1.7773401711018102e+18
3e62bb71-dc9a-4585-98d1-4262d162dcfb,1.777340171135152e+18
3e62bb71-dc9a-4585-98d1-4262d162dcfb,1.777340171168495e+18
3e62bb71-dc9a-4585-98d1-4262d162dcfb,1.777340171201837e+18
3e62bb71-dc9a-4585-98d1-4262d162dcfb,1.777340171235179e+18
3e62bb71-dc9a-4585-98d1-4262d162dcfb,1.777340171268522e+18
3e62bb71-dc9a-4585-98d1-4262d162dcfb,1.7773401713018642e+18
3e62bb71-dc9a-4585-98d1-4262d162dcfb,1.7773401713352072e+18
3e62bb71-dc9a-4585-98d1-4262d162dcfb,1.777340171368549e+18
3e62bb71-dc9a-4585-98d1-4262d162dcfb,1.777340171401892e+18
3e62bb71-dc9a-4585-98d1-4262d162dcfb,1.777340171435234e+18
3e62bb71-dc9a-4585-98d1-4262d162dcfb,1.777340171468577e+18
3e62bb71-dc9a-4585-98d1-4262d162dcfb,1.777340171501919e+18
3e62bb71-dc9a-4585-98d1-4262d162dcfb,1.7773401715352612e+18
3e62bb71-dc9a-4585-98d1-4262d162dcfb,1.7773401715686042e+18
3e62bb71-dc9a-4585-98d1-4262d162dcfb,1.777340171601946e+18
3e62bb71-dc9a-4585-98d1-4262d162dcfb,1.777340171635289e+18
3e62bb71-dc9a-4585-98d1-4262d162dcfb,1.777340171668631e+18
3e62bb71-dc9a-4585-98d1-4262d162dcfb,1.777340171701974e+18
3e62bb71-dc9a-4585-98d1-4262d162dcfb,1.777340171735316e+18
3e62bb71-dc9a-4585-98d1-4262d162dcfb,1.777340171768659e+18
3e62bb71-dc9a-4585-98d1-4262d162dcfb,1.7773401718020012e+18
3e62bb71-dc9a-4585-98d1-4262d162dcfb,1.7773401718353441e+18
3e62bb71-dc9a-4585-98d1-4262d162dcfb,1.777340171868686e+18
3e62bb71-dc9a-4585-98d1-4262d162dcfb,1.777340171902028e+18
3e62bb71-dc9a-4585-98d1-4262d162dcfb,1.777340171935371e+18
3e62bb71-dc9a-4585-98d1-4262d162dcfb,1.777340171968713e+18
3e62bb71-dc9a-4585-98d1-4262d162dcfb,1.7773401720020562e+18
3e62bb71-dc9a-4585-98d1-4262d162dcfb,1.7773401720353981e+18
3e62bb71-dc9a-4585-98d1-4262d162dcfb,1.777340172068741e+18
3e62bb71-dc9a-4585-98d1-4262d162dcfb,1.777340172102083e+18
3e62bb71-dc9a-4585-98d1-4262d162dcfb,1.777340172135426e+18
3e62bb71-dc9a-4585-98d1-4262d162dcfb,1.777340172168768e+18
3e62bb71-dc9a-4585-98d1-4262d162dcfb,1.77734017220211e+18
3e62bb71-dc9a-4585-98d1-4262d162dcfb,1.7773401722354532e+18
3e62bb71-dc9a-4585-98d1-4262d162dcfb,1.7773401722687951e+18
3e62bb71-dc9a-4585-98d1-4262d162dcfb,1.777340172302138e+18
3e62bb71-dc9a-4585-98d1-4262d162dcfb,1.77734017233548e+18
3e62bb71-dc9a-4585-98d1-4262d162dcfb,1.777340172368823e+18
3e62bb71-dc9a-4585-98d1-4262d162dcfb,1.777340172402165e+18
3e62bb71-dc9a-4585-98d1-4262d162dcfb,1.777340172435508e+18
3e62bb71-dc9a-4585-98d1-4262d162dcfb,1.7773401724688502e+18
3e62bb71-dc9a-4585-98d1-4262d162dcfb,1.777340172502192e+18
3e62bb71-dc9a-4585-98d1-4262d162dcfb,1.777340172535535e+18
3e62bb71-dc9a-4585-98d1-4262d162dcfb,1.777340172568877e+18
3e62bb71-dc9a-4585-98d1-4262d162dcfb,1.77734017260222e+18
3e62bb71-dc9a-4585-98d1-4262d162dcfb,1.777340172635562e+18
3e62bb71-dc9a-4585-98d1-4262d162dcfb,1.777340172668905e+18
3e62bb71-dc9a-4585-98d1-4262d162dcfb,1.7773401727022472e+18
3e62bb71-dc9a-4585-98d1-4262d162dcfb,1.7773401727355901e+18
3e62bb71-dc9a-4585-98d1-4262d162dcfb,1.777340172768932e+18
3e62bb71-dc9a-4585-98d1-4262d162dcfb,1.777340172802274e+18
3e62bb71-dc9a-4585-98d1-4262d162dcfb,1.777340172835617e+18
3e62bb71-dc9a-4585-98d1-4262d162dcfb,1.777340172868959e+18
3e62bb71-dc9a-4585-98d1-4262d162dcfb,1.777340172902302e+18
3e62bb71-dc9a-4585-98d1-4262d162dcfb,1.7773401729356442e+18
3e62bb71-dc9a-4585-98d1-4262d162dcfb,1.7773401729689871e+18
3e62bb71-dc9a-4585-98d1-4262d162dcfb,1.777340173002329e+18
3e62bb71-dc9a-4585-98d1-4262d162dcfb,1.777340173035672e+18
3e62bb71-dc9a-4585-98d1-4262d162dcfb,1.777340173069014e+18
3e62bb71-dc9a-4585-98d1-4262d162dcfb,1.777340173102357e+18
3e62bb71-dc9a-4585-98d1-4262d162dcfb,1.777340173135699e+18
3e62bb71-dc9a-4585-98d1-4262d162dcfb,1.7773401731690412e+18
3e62bb71-dc9a-4585-98d1-4262d162dcfb,1.7773401732023841e+18
3e62bb71-dc9a-4585-98d1-4262d162dcfb,1.777340173235726e+18
3e62bb71-dc9a-4585-98d1-4262d162dcfb,1.777340173269069e+18
3e62bb71-dc9a-4585-98d1-4262d162dcfb,1.777340173302411e+18
3e62bb71-dc9a-4585-98d1-4262d162dcfb,1.777340173335754e+18
3e62bb71-dc9a-4585-98d1-4262d162dcfb,1.7773401733690962e+18
3e62bb71-dc9a-4585-98d1-4262d162dcfb,1.7773401734024381e+18
3e62bb71-dc9a-4585-98d1-4262d162dcfb,1.777340173435781e+18
3e62bb71-dc9a-4585-98d1-4262d162dcfb,1.777340173469123e+18
3e62bb71-dc9a-4585-98d1-4262d162dcfb,1.777340173502466e+18
3e62bb71-dc9a-4585-98d1-4262d162dcfb,1.777340173535808e+18
3e62bb71-dc9a-4585-98d1-4262d162dcfb,1.777340173569151e+18
3e62bb71-dc9a-4585-98d1-4262d162dcfb,1.7773401736024932e+18
3e62bb71-dc9a-4585-98d1-4262d162dcfb,1.7773401736358362e+18
3e62bb71-dc9a-4585-98d1-4262d162dcfb,1.777340173669178e+18
3e62bb71-dc9a-4585-98d1-4262d162dcfb,1.777340173702521e+18
3e62bb71-dc9a-4585-98d1-4262d162dcfb,1.777340173735863e+18
3e62bb71-dc9a-4585-98d1-4262d162dcfb,1.777340173769205e+18
3e62bb71-dc9a-4585-98d1-4262d162dcfb,1.777340173802548e+18
3e62bb71-dc9a-4585-98d1-4262d162dcfb,1.7773401738358902e+18
3e62bb71-dc9a-4585-98d1-4262d162dcfb,1.7773401738692332e+18
3e62bb71-dc9a-4585-98d1-4262d162dcfb,1.777340173902575e+18
3e62bb71-dc9a-4585-98d1-4262d162dcfb,1.777340173935918e+18
3e62bb71-dc9a-4585-98d1-4262d162dcfb,1.77734017396926e+18
3e62bb71-dc9a-4585-98d1-4262d162dcfb,1.777340174002603e+18
3e62bb71-dc9a-4585-98d1-4262d162dcfb,1.777340174035945e+18
3e62bb71-dc9a-4585-98d1-4262d162dcfb,1.7773401740692872e+18
3e62bb71-dc9a-4585-98d1-4262d162dcfb,1.7773401741026301e+18
3e62bb71-dc9a-4585-98d1-4262d162dcfb,1.777340174135972e+18
3e62bb71-dc9a-4585-98d1-4262d162dcfb,1.777340174169315e+18
3e62bb71-dc9a-4585-98d1-4262d162dcfb,1.777340174202657e+18
3e62bb71-dc9a-4585-98d1-4262d162dcfb,1.777340174236e+18
3e62bb71-dc9a-4585-98d1-4262d162dcfb,1.777340174269342e+18
3e62bb71-dc9a-4585-98d1-4262d162dcfb,1.7773401743026852e+18
3e62bb71-dc9a-4585-98d1-4262d162dcfb,1.7773401743360271e+18
3e62bb71-dc9a-4585-98d1-4262d162dcfb,1.777340174369369e+18
3e62bb71-dc9a-4585-98d1-4262d162dcfb,1.777340174402712e+18
3e62bb71-dc9a-4585-98d1-4262d162dcfb,1.777340174436054e+18
3e62bb71-dc9a-4585-98d1-4262d162dcfb,1.777340174469397e+18
3e62bb71-dc9a-4585-98d1-4262d162dcfb,1.777340174502739e+18
3e62bb71-dc9a-4585-98d1-4262d162dcfb,1.7773401745360822e+18
3e62bb71-dc9a-4585-98d1-4262d162dcfb,1.7773401745694241e+18
3e62bb71-dc9a-4585-98d1-4262d162dcfb,1.777340174602767e+18
3e62bb71-dc9a-4585-98d1-4262d162dcfb,1.777340174636109e+18
3e62bb71-dc9a-4585-98d1-4262d162dcfb,1.777340174669451e+18
3e62bb71-dc9a-4585-98d1-4262d162dcfb,1.777340174702794e+18
3e62bb71-dc9a-4585-98d1-4262d162dcfb,1.7773401747361362e+18
3e62bb71-dc9a-4585-98d1-4262d162dcfb,1.7773401747694792e+18
3e62bb71-dc9a-4585-98d1-4262d162dcfb,1.777340174802821e+18
3e62bb71-dc9a-4585-98d1-4262d162dcfb,1.777340174836164e+18
3e62bb71-dc9a-4585-98d1-4262d162dcfb,1.777340174869506e+18
3e62bb71-dc9a-4585-98d1-4262d162dcfb,1.777340174902849e+18
3e62bb71-dc9a-4585-98d1-4262d162dcfb,1.777340174936191e+18
3e62bb71-dc9a-4585-98d1-4262d162dcfb,1.7773401749695332e+18
3e62bb71-dc9a-4585-98d1-4262d162dcfb,1.7773401750028762e+18
3e62bb71-dc9a-4585-98d1-4262d162dcfb,1.777340175036218e+18
3e62bb71-dc9a-4585-98d1-4262d162dcfb,1.777340175069561e+18
3e62bb71-dc9a-4585-98d1-4262d162dcfb,1.777340175102903e+18
3e62bb71-dc9a-4585-98d1-4262d162dcfb,1.777340175136246e+18
3e62bb71-dc9a-4585-98d1-4262d162dcfb,1.777340175169588e+18
3e62bb71-dc9a-4585-98d1-4262d162dcfb,1.777340175202931e+18
3e62bb71-dc9a-4585-98d1-4262d162dcfb,1.7773401752362732e+18
3e62bb71-dc9a-4585-98d1-4262d162dcfb,1.777340175269615e+18
3e62bb71-dc9a-4585-98d1-4262d162dcfb,1.777340175302958e+18
3e62bb71-dc9a-4585-98d1-4262d162dcfb,1.7773401753363e+18
3e62bb71-dc9a-4585-98d1-4262d162dcfb,1.777340175369643e+18
3e62bb71-dc9a-4585-98d1-4262d162dcfb,1.777340175402985e+18
3e62bb71-dc9a-4585-98d1-4262d162dcfb,1.7773401754363282e+18
3e62bb71-dc9a-4585-98d1-4262d162dcfb,1.7773401754696701e+18
3e62bb71-dc9a-4585-98d1-4262d162dcfb,1.777340175503013e+18
3e62bb71-dc9a-4585-98d1-4262d162dcfb,1.777340175536355e+18
3e62bb71-dc9a-4585-98d1-4262d162dcfb,1.777340175569698e+18
3e62bb71-dc9a-4585-98d1-4262d162dcfb,1.77734017560304e+18
3e62bb71-dc9a-4585-98d1-4262d162dcfb,1.777340175636382e+18
3e62bb71-dc9a-4585-98d1-4262d162dcfb,1.7773401756697252e+18
3e62bb71-dc9a-4585-98d1-4262d162dcfb,1.7773401757030671e+18
3e62bb71-dc9a-4585-98d1-4262d162dcfb,1.77734017573641e+18
3e62bb71-dc9a-4585-98d1-4262d162dcfb,1.777340175769752e+18
3e62bb71-dc9a-4585-98d1-4262d162dcfb,1.777340175803095e+18
3e62bb71-dc9a-4585-98d1-4262d162dcfb,1.777340175836437e+18
3e62bb71-dc9a-4585-98d1-4262d162dcfb,1.77734017586978e+18
3e62bb71-dc9a-4585-98d1-4262d162dcfb,1.7773401759031222e+18
3e62bb71-dc9a-4585-98d1-4262d162dcfb,1.7773401759364641e+18
3e62bb71-dc9a-4585-98d1-4262d162dcfb,1.777340175969807e+18
3e62bb71-dc9a-4585-98d1-4262d162dcfb,1.777340176003149e+18
3e62bb71-dc9a-4585-98d1-4262d162dcfb,1.777340176036492e+18
3e62bb71-dc9a-4585-98d1-4262d162dcfb,1.777340176069834e+18
3e62bb71-dc9a-4585-98d1-4262d162dcfb,1.777340176103177e+18
3e62bb71-dc9a-4585-98d1-4262d162dcfb,1.7773401761365192e+18
3e62bb71-dc9a-4585-98d1-4262d162dcfb,1.7773401761698621e+18
3e62bb71-dc9a-4585-98d1-4262d162dcfb,1.777340176203204e+18
3e62bb71-dc9a-4585-98d1-4262d162dcfb,1.777340176236546e+18
3e62bb71-dc9a-4585-98d1-4262d162dcfb,1.777340176269889e+18
3e62bb71-dc9a-4585-98d1-4262d162dcfb,1.777340176303231e+18
3e62bb71-dc9a-4585-98d1-4262d162dcfb,1.777340176336574e+18
3e62bb71-dc9a-4585-98d1-4262d162dcfb,1.7773401763699162e+18
3e62bb71-dc9a-4585-98d1-4262d162dcfb,1.7773401764032591e+18
3e62bb71-dc9a-4585-98d1-4262d162dcfb,1.777340176436601e+18
3e62bb71-dc9a-4585-98d1-4262d162dcfb,1.777340176469944e+18
3e62bb71-dc9a-4585-98d1-4262d162dcfb,1.777340176503286e+18
3e62bb71-dc9a-4585-98d1-4262d162dcfb,1.777340176536628e+18
3e62bb71-dc9a-4585-98d1-4262d162dcfb,1.777340176569971e+18
3e62bb71-dc9a-4585-98d1-4262d162dcfb,1.7773401766033132e+18
3e62bb71-dc9a-4585-98d1-4262d162dcfb,1.777340176636656e+18
3e62bb71-dc9a-4585-98d1-4262d162dcfb,1.777340176669998e+18
3e62bb71-dc9a-4585-98d1-4262d162dcfb,1.777340176703341e+18
3e62bb71-dc9a-4585-98d1-4262d162dcfb,1.777340176736683e+18
3e62bb71-dc9a-4585-98d1-4262d162dcfb,1.777340176770026e+18
3e62bb71-dc9a-4585-98d1-4262d162dcfb,1.7773401768033682e+18
3e62bb71-dc9a-4585-98d1-4262d162dcfb,1.7773401768367101e+18
3e62bb71-dc9a-4585-98d1-4262d162dcfb,1.777340176870053e+18
3e62bb71-dc9a-4585-98d1-4262d162dcfb,1.777340176903395e+18
3e62bb71-dc9a-4585-98d1-4262d162dcfb,1.777340176936738e+18
3e62bb71-dc9a-4585-98d1-4262d162dcfb,1.77734017697008e+18
3e62bb71-dc9a-4585-98d1-4262d162dcfb,1.777340177003423e+18
3e62bb71-dc9a-4585-98d1-4262d162dcfb,1.7773401770367652e+18
3e62bb71-dc9a-4585-98d1-4262d162dcfb,1.7773401770701082e+18
3e62bb71-dc9a-4585-98d1-4262d162dcfb,1.77734017710345e+18
3e62bb71-dc9a-4585-98d1-4262d162dcfb,1.777340177136792e+18
3e62bb71-dc9a-4585-98d1-4262d162dcfb,1.777340177170135e+18
3e62bb71-dc9a-4585-98d1-4262d162dcfb,1.777340177203477e+18
3e62bb71-dc9a-4585-98d1-4262d162dcfb,1.77734017723682e+18
3e62bb71-dc9a-4585-98d1-4262d162dcfb,1.7773401772701622e+18
3e62bb71-dc9a-4585-98d1-4262d162dcfb,1.7773401773035052e+18
3e62bb71-dc9a-4585-98d1-4262d162dcfb,1.777340177336847e+18
3e62bb71-dc9a-4585-98d1-4262d162dcfb,1.77734017737019e+18
3e62bb71-dc9a-4585-98d1-4262d162dcfb,1.777340177403532e+18
3e62bb71-dc9a-4585-98d1-4262d162dcfb,1.777340177436875e+18
3e62bb71-dc9a-4585-98d1-4262d162dcfb,1.777340177470217e+18
3e62bb71-dc9a-4585-98d1-4262d162dcfb,1.7773401775035592e+18
3e62bb71-dc9a-4585-98d1-4262d162dcfb,1.7773401775369021e+18
3e62bb71-dc9a-4585-98d1-4262d162dcfb,1.777340177570244e+18
3e62bb71-dc9a-4585-98d1-4262d162dcfb,1.777340177603587e+18
3e62bb71-dc9a-4585-98d1-4262d162dcfb,1.777340177636929e+18
3e62bb71-dc9a-4585-98d1-4262d162dcfb,1.777340177670272e+18
3e62bb71-dc9a-4585-98d1-4262d162dcfb,1.777340177703614e+18
3e62bb71-dc9a-4585-98d1-4262d162dcfb,1.7773401777369572e+18
3e62bb71-dc9a-4585-98d1-4262d162dcfb,1.7773401777702991e+18
3e62bb71-dc9a-4585-98d1-4262d162dcfb,1.777340177803641e+18
3e62bb71-dc9a-4585-98d1-4262d162dcfb,1.777340177836984e+18
3e62bb71-dc9a-4585-98d1-4262d162dcfb,1.777340177870326e+18
3e62bb71-dc9a-4585-98d1-4262d162dcfb,1.777340177903669e+18
3e62bb71-dc9a-4585-98d1-4262d162dcfb,1.777340177937011e+18
3e62bb71-dc9a-4585-98d1-4262d162dcfb,1.7773401779703542e+18
3e62bb71-dc9a-4585-98d1-4262d162dcfb,1.777340178003696e+18
3e62bb71-dc9a-4585-98d1-4262d162dcfb,1.777340178037039e+18
3e62bb71-dc9a-4585-98d1-4262d162dcfb,1.777340178070381e+18
3e62bb71-dc9a-4585-98d1-4262d162dcfb,1.777340178103724e+18
3e62bb71-dc9a-4585-98d1-4262d162dcfb,1.777340178137066e+18
3e62bb71-dc9a-4585-98d1-4262d162dcfb,1.7773401781704082e+18
3e62bb71-dc9a-4585-98d1-4262d162dcfb,1.7773401782037512e+18
3e62bb71-dc9a-4585-98d1-4262d162dcfb,1.777340178237093e+18
3e62bb71-dc9a-4585-98d1-4262d162dcfb,1.777340178270436e+18
3e62bb71-dc9a-4585-98d1-4262d162dcfb,1.777340178303778e+18
3e62bb71-dc9a-4585-98d1-4262d162dcfb,1.777340178337121e+18
3e62bb71-dc9a-4585-98d1-4262d162dcfb,1.777340178370463e+18
3e62bb71-dc9a-4585-98d1-4262d162dcfb,1.777340178403806e+18
3e62bb71-dc9a-4585-98d1-4262d162dcfb,1.7773401784371482e+18
3e62bb71-dc9a-4585-98d1-4262d162dcfb,1.77734017847049e+18
3e62bb71-dc9a-4585-98d1-4262d162dcfb,1.777340178503833e+18
3e62bb71-dc9a-4585-98d1-4262d162dcfb,1.777340178537175e+18
3e62bb71-dc9a-4585-98d1-4262d162dcfb,1.777340178570518e+18
3e62bb71-dc9a-4585-98d1-4262d162dcfb,1.77734017860386e+18
3e62bb71-dc9a-4585-98d1-4262d162dcfb,1.777340178637203e+18
3e62bb71-dc9a-4585-98d1-4262d162dcfb,1.7773401786705452e+18
3e62bb71-dc9a-4585-98d1-4262d162dcfb,1.7773401787038881e+18
3e62bb71-dc9a-4585-98d1-4262d162dcfb,1.77734017873723e+18
3e62bb71-dc9a-4585-98d1-4262d162dcfb,1.777340178770572e+18
3e62bb71-dc9a-4585-98d1-4262d162dcfb,1.777340178803915e+18
3e62bb71-dc9a-4585-98d1-4262d162dcfb,1.777340178837257e+18
3e62bb71-dc9a-4585-98d1-4262d162dcfb,1.7773401788706002e+18
3e62bb71-dc9a-4585-98d1-4262d162dcfb,1.7773401789039421e+18
3e62bb71-dc9a-4585-98d1-4262d162dcfb,1.777340178937285e+18
3e62bb71-dc9a-4585-98d1-4262d162dcfb,1.777340178970627e+18
3e62bb71-dc9a-4585-98d1-4262d162dcfb,1.77734017900397e+18
3e62bb71-dc9a-4585-98d1-4262d162dcfb,1.777340179037312e+18
3e62bb71-dc9a-4585-98d1-4262d162dcfb,1.777340179070654e+18
3e62bb71-dc9a-4585-98d1-4262d162dcfb,1.7773401791039972e+18
3e62bb71-dc9a-4585-98d1-4262d162dcfb,1.7773401791373391e+18
3e62bb71-dc9a-4585-98d1-4262d162dcfb,1.777340179170682e+18
3e62bb71-dc9a-4585-98d1-4262d162dcfb,1.777340179204024e+18
3e62bb71-dc9a-4585-98d1-4262d162dcfb,1.777340179237367e+18
3e62bb71-dc9a-4585-98d1-4262d162dcfb,1.777340179270709e+18
3e62bb71-dc9a-4585-98d1-4262d162dcfb,1.777340179304052e+18
3e62bb71-dc9a-4585-98d1-4262d162dcfb,1.7773401793373942e+18
3e62bb71-dc9a-4585-98d1-4262d162dcfb,1.777340179370736e+18
3e62bb71-dc9a-4585-98d1-4262d162dcfb,1.777340179404079e+18
3e62bb71-dc9a-4585-98d1-4262d162dcfb,1.777340179437421e+18
3e62bb71-dc9a-4585-98d1-4262d162dcfb,1.777340179470764e+18
3e62bb71-dc9a-4585-98d1-4262d162dcfb,1.777340179504106e+18
3e62bb71-dc9a-4585-98d1-4262d162dcfb,1.777340179537449e+18
3e62bb71-dc9a-4585-98d1-4262d162dcfb,1.7773401795707912e+18
3e62bb71-dc9a-4585-98d1-4262d162dcfb,1.7773401796041341e+18
3e62bb71-dc9a-4585-98d1-4262d162dcfb,1.777340179637476e+18
3e62bb71-dc9a-4585-98d1-4262d162dcfb,1.777340179670818e+18
3e62bb71-dc9a-4585-98d1-4262d162dcfb,1.777340179704161e+18
3e62bb71-dc9a-4585-98d1-4262d162dcfb,1.777340179737503e+18
3e62bb71-dc9a-4585-98d1-4262d162dcfb,1.777340179770846e+18
3e62bb71-dc9a-4585-98d1-4262d162dcfb,1.7773401798041882e+18
3e62bb71-dc9a-4585-98d1-4262d162dcfb,1.7773401798375311e+18
3e62bb71-dc9a-4585-98d1-4262d162dcfb,1.777340179870873e+18
3e62bb71-dc9a-4585-98d1-4262d162dcfb,1.777340179904216e+18
3e62bb71-dc9a-4585-98d1-4262d162dcfb,1.777340179937558e+18
3e62bb71-dc9a-4585-98d1-4262d162dcfb,1.777340179970901e+18
3e62bb71-dc9a-4585-98d1-4262d162dcfb,1.777340180004243e+18
3e62bb71-dc9a-4585-98d1-4262d162dcfb,1.7773401800375852e+18
3e62bb71-dc9a-4585-98d1-4262d162dcfb,1.7773401800709281e+18
3e62bb71-dc9a-4585-98d1-4262d162dcfb,1.77734018010427e+18
3e62bb71-dc9a-4585-98d1-4262d162dcfb,1.777340180137613e+18
3e62bb71-dc9a-4585-98d1-4262d162dcfb,1.777340180170955e+18
3e62bb71-dc9a-4585-98d1-4262d162dcfb,1.777340180204298e+18
3e62bb71-dc9a-4585-98d1-4262d162dcfb,1.7773401802376402e+18
3e62bb71-dc9a-4585-98d1-4262d162dcfb,1.7773401802709832e+18
3e62bb71-dc9a-4585-98d1-4262d162dcfb,1.777340180304325e+18
3e62bb71-dc9a-4585-98d1-4262d162dcfb,1.777340180337667e+18
3e62bb71-dc9a-4585-98d1-4262d162dcfb,1.77734018037101e+18
3e62bb71-dc9a-4585-98d1-4262d162dcfb,1.777340180404352e+18
3e62bb71-dc9a-4585-98d1-4262d162dcfb,1.777340180437695e+18
3e62bb71-dc9a-4585-98d1-4262d162dcfb,1.7773401804710372e+18
3e62bb71-dc9a-4585-98d1-4262d162dcfb,1.7773401805043802e+18
3e62bb71-dc9a-4585-98d1-4262d162dcfb,1.777340180537722e+18
3e62bb71-dc9a-4585-98d1-4262d162dcfb,1.777340180571065e+18
3e62bb71-dc9a-4585-98d1-4262d162dcfb,1.777340180604407e+18
3e62bb71-dc9a-4585-98d1-4262d162dcfb,1.777340180637749e+18
3e62bb71-dc9a-4585-98d1-4262d162dcfb,1.777340180671092e+18
3e62bb71-dc9a-4585-98d1-4262d162dcfb,1.7773401807044342e+18
3e62bb71-dc9a-4585-98d1-4262d162dcfb,1.7773401807377772e+18
3e62bb71-dc9a-4585-98d1-4262d162dcfb,1.777340180771119e+18
3e62bb71-dc9a-4585-98d1-4262d162dcfb,1.777340180804462e+18
3e62bb71-dc9a-4585-98d1-4262d162dcfb,1.777340180837804e+18
3e62bb71-dc9a-4585-98d1-4262d162dcfb,1.777340180871147e+18
3e62bb71-dc9a-4585-98d1-4262d162dcfb,1.777340180904489e+18
3e62bb71-dc9a-4585-98d1-4262d162dcfb,1.7773401809378312e+18
3e62bb71-dc9a-4585-98d1-4262d162dcfb,1.7773401809711741e+18
3e62bb71-dc9a-4585-98d1-4262d162dcfb,1.777340181004516e+18
3e62bb71-dc9a-4585-98d1-4262d162dcfb,1.777340181037859e+18
3e62bb71-dc9a-4585-98d1-4262d162dcfb,1.777340181071201e+18
3e62bb71-dc9a-4585-98d1-4262d162dcfb,1.777340181104544e+18
3e62bb71-dc9a-4585-98d1-4262d162dcfb,1.777340181137886e+18
3e62bb71-dc9a-4585-98d1-4262d162dcfb,1.7773401811712292e+18
3e62bb71-dc9a-4585-98d1-4262d162dcfb,1.7773401812045711e+18
3e62bb71-dc9a-4585-98d1-4262d162dcfb,1.777340181237913e+18
3e62bb71-dc9a-4585-98d1-4262d162dcfb,1.777340181271256e+18
3e62bb71-dc9a-4585-98d1-4262d162dcfb,1.777340181304598e+18
3e62bb71-dc9a-4585-98d1-4262d162dcfb,1.777340181337941e+18
3e62bb71-dc9a-4585-98d1-4262d162dcfb,1.777340181371283e+18
3e62bb71-dc9a-4585-98d1-4262d162dcfb,1.7773401814046262e+18
3e62bb71-dc9a-4585-98d1-4262d162dcfb,1.7773401814379681e+18
3e62bb71-dc9a-4585-98d1-4262d162dcfb,1.777340181471311e+18
3e62bb71-dc9a-4585-98d1-4262d162dcfb,1.777340181504653e+18
3e62bb71-dc9a-4585-98d1-4262d162dcfb,1.777340181537995e+18
3e62bb71-dc9a-4585-98d1-4262d162dcfb,1.777340181571338e+18
3e62bb71-dc9a-4585-98d1-4262d162dcfb,1.7773401816046802e+18
3e62bb71-dc9a-4585-98d1-4262d162dcfb,1.7773401816380232e+18
3e62bb71-dc9a-4585-98d1-4262d162dcfb,1.777340181671365e+18
3e62bb71-dc9a-4585-98d1-4262d162dcfb,1.777340181704708e+18
3e62bb71-dc9a-4585-98d1-4262d162dcfb,1.77734018173805e+18
3e62bb71-dc9a-4585-98d1-4262d162dcfb,1.777340181771393e+18
3e62bb71-dc9a-4585-98d1-4262d162dcfb,1.777340181804735e+18
3e62bb71-dc9a-4585-98d1-4262d162dcfb,1.777340181838078e+18
3e62bb71-dc9a-4585-98d1-4262d162dcfb,1.7773401818714202e+18
3e62bb71-dc9a-4585-98d1-4262d162dcfb,1.777340181904762e+18
3e62bb71-dc9a-4585-98d1-4262d162dcfb,1.777340181938105e+18
3e62bb71-dc9a-4585-98d1-4262d162dcfb,1.777340181971447e+18
3e62bb71-dc9a-4585-98d1-4262d162dcfb,1.77734018200479e+18
3e62bb71-dc9a-4585-98d1-4262d162dcfb,1.777340182038132e+18
3e62bb71-dc9a-4585-98d1-4262d162dcfb,1.777340182071475e+18
3e62bb71-dc9a-4585-98d1-4262d162dcfb,1.7773401821048172e+18
3e62bb71-dc9a-4585-98d1-4262d162dcfb,1.77734018213816e+18
3e62bb71-dc9a-4585-98d1-4262d162dcfb,1.777340182171502e+18
3e62bb71-dc9a-4585-98d1-4262d162dcfb,1.777340182204844e+18
3e62bb71-dc9a-4585-98d1-4262d162dcfb,1.777340182238187e+18
3e62bb71-dc9a-4585-98d1-4262d162dcfb,1.777340182271529e+18
3e62bb71-dc9a-4585-98d1-4262d162dcfb,1.7773401823048722e+18
3e62bb71-dc9a-4585-98d1-4262d162dcfb,1.7773401823382141e+18
3e62bb71-dc9a-4585-98d1-4262d162dcfb,1.777340182371557e+18
3e62bb71-dc9a-4585-98d1-4262d162dcfb,1.777340182404899e+18
3e62bb71-dc9a-4585-98d1-4262d162dcfb,1.777340182438242e+18
3e62bb71-dc9a-4585-98d1-4262d162dcfb,1.777340182471584e+18
3e62bb71-dc9a-4585-98d1-4262d162dcfb,1.777340182504926e+18
3e62bb71-dc9a-4585-98d1-4262d162dcfb,1.7773401825382692e+18
3e62bb71-dc9a-4585-98d1-4262d162dcfb,1.7773401825716111e+18
3e62bb71-dc9a-4585-98d1-4262d162dcfb,1.777340182604954e+18
3e62bb71-dc9a-4585-98d1-4262d162dcfb,1.777340182638296e+18
3e62bb71-dc9a-4585-98d1-4262d162dcfb,1.777340182671639e+18
3e62bb71-dc9a-4585-98d1-4262d162dcfb,1.777340182704981e+18
3e62bb71-dc9a-4585-98d1-4262d162dcfb,1.777340182738324e+18
3e62bb71-dc9a-4585-98d1-4262d162dcfb,1.7773401827716662e+18
3e62bb71-dc9a-4585-98d1-4262d162dcfb,1.7773401828050081e+18
3e62bb71-dc9a-4585-98d1-4262d162dcfb,1.777340182838351e+18
3e62bb71-dc9a-4585-98d1-4262d162dcfb,1.777340182871693e+18
3e62bb71-dc9a-4585-98d1-4262d162dcfb,1.777340182905036e+18
3e62bb71-dc9a-4585-98d1-4262d162dcfb,1.777340182938378e+18
3e62bb71-dc9a-4585-98d1-4262d162dcfb,1.777340182971721e+18
3e62bb71-dc9a-4585-98d1-4262d162dcfb,1.7773401830050632e+18
3e62bb71-dc9a-4585-98d1-4262d162dcfb,1.7773401830384061e+18
3e62bb71-dc9a-4585-98d1-4262d162dcfb,1.777340183071748e+18
3e62bb71-dc9a-4585-98d1-4262d162dcfb,1.777340183105091e+18
3e62bb71-dc9a-4585-98d1-4262d162dcfb,1.777340183138433e+18
3e62bb71-dc9a-4585-98d1-4262d162dcfb,1.777340183171775e+18
3e62bb71-dc9a-4585-98d1-4262d162dcfb,1.777340183205118e+18
3e62bb71-dc9a-4585-98d1-4262d162dcfb,1.7773401832384602e+18
3e62bb71-dc9a-4585-98d1-4262d162dcfb,1.7773401832718031e+18
3e62bb71-dc9a-4585-98d1-4262d162dcfb,1.777340183305145e+18
3e62bb71-dc9a-4585-98d1-4262d162dcfb,1.777340183338488e+18
3e62bb71-dc9a-4585-98d1-4262d162dcfb,1.77734018337183e+18
3e62bb71-dc9a-4585-98d1-4262d162dcfb,1.777340183405172e+18
3e62bb71-dc9a-4585-98d1-4262d162dcfb,1.777340183438515e+18
3e62bb71-dc9a-4585-98d1-4262d162dcfb,1.7773401834718572e+18
3e62bb71-dc9a-4585-98d1-4262d162dcfb,1.7773401835052e+18
3e62bb71-dc9a-4585-98d1-4262d162dcfb,1.777340183538542e+18
3e62bb71-dc9a-4585-98d1-4262d162dcfb,1.777340183571885e+18
3e62bb71-dc9a-4585-98d1-4262d162dcfb,1.777340183605227e+18
3e62bb71-dc9a-4585-98d1-4262d162dcfb,1.77734018363857e+18
3e62bb71-dc9a-4585-98d1-4262d162dcfb,1.7773401836719122e+18
3e62bb71-dc9a-4585-98d1-4262d162dcfb,1.7773401837052552e+18
3e62bb71-dc9a-4585-98d1-4262d162dcfb,1.777340183738597e+18
3e62bb71-dc9a-4585-98d1-4262d162dcfb,1.777340183771939e+18
3e62bb71-dc9a-4585-98d1-4262d162dcfb,1.777340183805282e+18
3e62bb71-dc9a-4585-98d1-4262d162dcfb,1.777340183838624e+18
3e62bb71-dc9a-4585-98d1-4262d162dcfb,1.777340183871967e+18
3e62bb71-dc9a-4585-98d1-4262d162dcfb,1.7773401839053092e+18
3e62bb71-dc9a-4585-98d1-4262d162dcfb,1.7773401839386522e+18
3e62bb71-dc9a-4585-98d1-4262d162dcfb,1.777340183971994e+18
3e62bb71-dc9a-4585-98d1-4262d162dcfb,1.777340184005337e+18
3e62bb71-dc9a-4585-98d1-4262d162dcfb,1.777340184038679e+18
3e62bb71-dc9a-4585-98d1-4262d162dcfb,1.777340184072021e+18
3e62bb71-dc9a-4585-98d1-4262d162dcfb,1.777340184105364e+18
3e62bb71-dc9a-4585-98d1-4262d162dcfb,1.7773401841387062e+18
3e62bb71-dc9a-4585-98d1-4262d162dcfb,1.7773401841720492e+18
3e62bb71-dc9a-4585-98d1-4262d162dcfb,1.777340184205391e+18
3e62bb71-dc9a-4585-98d1-4262d162dcfb,1.777340184238734e+18
3e62bb71-dc9a-4585-98d1-4262d162dcfb,1.777340184272076e+18
3e62bb71-dc9a-4585-98d1-4262d162dcfb,1.777340184305419e+18
3e62bb71-dc9a-4585-98d1-4262d162dcfb,1.777340184338761e+18
3e62bb71-dc9a-4585-98d1-4262d162dcfb,1.7773401843721032e+18
3e62bb71-dc9a-4585-98d1-4262d162dcfb,1.7773401844054461e+18
3e62bb71-dc9a-4585-98d1-4262d162dcfb,1.777340184438788e+18
3e62bb71-dc9a-4585-98d1-4262d162dcfb,1.777340184472131e+18
3e62bb71-dc9a-4585-98d1-4262d162dcfb,1.777340184505473e+18
3e62bb71-dc9a-4585-98d1-4262d162dcfb,1.777340184538816e+18
3e62bb71-dc9a-4585-98d1-4262d162dcfb,1.777340184572158e+18
3e62bb71-dc9a-4585-98d1-4262d162dcfb,1.7773401846055012e+18
3e62bb71-dc9a-4585-98d1-4262d162dcfb,1.7773401846388431e+18
3e62bb71-dc9a-4585-98d1-4262d162dcfb,1.777340184672185e+18
3e62bb71-dc9a-4585-98d1-4262d162dcfb,1.777340184705528e+18
3e62bb71-dc9a-4585-98d1-4262d162dcfb,1.77734018473887e+18
3e62bb71-dc9a-4585-98d1-4262d162dcfb,1.777340184772213e+18
3e62bb71-dc9a-4585-98d1-4262d162dcfb,1.777340184805555e+18
3e62bb71-dc9a-4585-98d1-4262d162dcfb,1.7773401848388982e+18
3e62bb71-dc9a-4585-98d1-4262d162dcfb,1.77734018487224e+18
3e62bb71-dc9a-4585-98d1-4262d162dcfb,1.777340184905583e+18
3e62bb71-dc9a-4585-98d1-4262d162dcfb,1.777340184938925e+18
3e62bb71-dc9a-4585-98d1-4262d162dcfb,1.777340184972267e+18
3e62bb71-dc9a-4585-98d1-4262d162dcfb,1.77734018500561e+18
3e62bb71-dc9a-4585-98d1-4262d162dcfb,1.7773401850389522e+18
3e62bb71-dc9a-4585-98d1-4262d162dcfb,1.7773401850722952e+18
3e62bb71-dc9a-4585-98d1-4262d162dcfb,1.777340185105637e+18
3e62bb71-dc9a-4585-98d1-4262d162dcfb,1.77734018513898e+18
3e62bb71-dc9a-4585-98d1-4262d162dcfb,1.777340185172322e+18
3e62bb71-dc9a-4585-98d1-4262d162dcfb,1.777340185205665e+18
3e62bb71-dc9a-4585-98d1-4262d162dcfb,1.777340185239007e+18
3e62bb71-dc9a-4585-98d1-4262d162dcfb,1.7773401852723492e+18
3e62bb71-dc9a-4585-98d1-4262d162dcfb,1.7773401853056922e+18
3e62bb71-dc9a-4585-98d1-4262d162dcfb,1.777340185339034e+18
3e62bb71-dc9a-4585-98d1-4262d162dcfb,1.777340185372377e+18
3e62bb71-dc9a-4585-98d1-4262d162dcfb,1.777340185405719e+18
3e62bb71-dc9a-4585-98d1-4262d162dcfb,1.777340185439062e+18
3e62bb71-dc9a-4585-98d1-4262d162dcfb,1.777340185472404e+18
3e62bb71-dc9a-4585-98d1-4262d162dcfb,1.777340185505747e+18
3e62bb71-dc9a-4585-98d1-4262d162dcfb,1.7773401855390892e+18
3e62bb71-dc9a-4585-98d1-4262d162dcfb,1.7773401855724321e+18
3e62bb71-dc9a-4585-98d1-4262d162dcfb,1.777340185605774e+18
3e62bb71-dc9a-4585-98d1-4262d162dcfb,1.777340185639116e+18
3e62bb71-dc9a-4585-98d1-4262d162dcfb,1.777340185672459e+18
3e62bb71-dc9a-4585-98d1-4262d162dcfb,1.777340185705801e+18
3e62bb71-dc9a-4585-98d1-4262d162dcfb,1.7773401857391442e+18
3e62bb71-dc9a-4585-98d1-4262d162dcfb,1.7773401857724861e+18
3e62bb71-dc9a-4585-98d1-4262d162dcfb,1.777340185805829e+18
3e62bb71-dc9a-4585-98d1-4262d162dcfb,1.777340185839171e+18
3e62bb71-dc9a-4585-98d1-4262d162dcfb,1.777340185872514e+18
3e62bb71-dc9a-4585-98d1-4262d162dcfb,1.777340185905856e+18
3e62bb71-dc9a-4585-98d1-4262d162dcfb,1.777340185939198e+18
3e62bb71-dc9a-4585-98d1-4262d162dcfb,1.7773401859725412e+18
3e62bb71-dc9a-4585-98d1-4262d162dcfb,1.7773401860058831e+18
3e62bb71-dc9a-4585-98d1-4262d162dcfb,1.777340186039226e+18
3e62bb71-dc9a-4585-98d1-4262d162dcfb,1.777340186072568e+18
3e62bb71-dc9a-4585-98d1-4262d162dcfb,1.777340186105911e+18
3e62bb71-dc9a-4585-98d1-4262d162dcfb,1.777340186139253e+18
3e62bb71-dc9a-4585-98d1-4262d162dcfb,1.777340186172596e+18
3e62bb71-dc9a-4585-98d1-4262d162dcfb,1.7773401862059382e+18
3e62bb71-dc9a-4585-98d1-4262d162dcfb,1.77734018623928e+18
3e62bb71-dc9a-4585-98d1-4262d162dcfb,1.777340186272623e+18
3e62bb71-dc9a-4585-98d1-4262d162dcfb,1.777340186305965e+18
3e62bb71-dc9a-4585-98d1-4262d162dcfb,1.777340186339308e+18
3e62bb71-dc9a-4585-98d1-4262d162dcfb,1.77734018637265e+18
3e62bb71-dc9a-4585-98d1-4262d162dcfb,1.777340186405993e+18
3e62bb71-dc9a-4585-98d1-4262d162dcfb,1.7773401864393352e+18
3e62bb71-dc9a-4585-98d1-4262d162dcfb,1.7773401864726781e+18
3e62bb71-dc9a-4585-98d1-4262d162dcfb,1.77734018650602e+18
3e62bb71-dc9a-4585-98d1-4262d162dcfb,1.777340186539362e+18
3e62bb71-dc9a-4585-98d1-4262d162dcfb,1.777340186572705e+18
3e62bb71-dc9a-4585-98d1-4262d162dcfb,1.777340186606047e+18
3e62bb71-dc9a-4585-98d1-4262d162dcfb,1.77734018663939e+18
3e62bb71-dc9a-4585-98d1-4262d162dcfb,1.7773401866727322e+18
3e62bb71-dc9a-4585-98d1-4262d162dcfb,1.7773401867060751e+18
3e62bb71-dc9a-4585-98d1-4262d162dcfb,1.777340186739417e+18
3e62bb71-dc9a-4585-98d1-4262d162dcfb,1.77734018677276e+18
3e62bb71-dc9a-4585-98d1-4262d162dcfb,1.777340186806102e+18
3e62bb71-dc9a-4585-98d1-4262d162dcfb,1.777340186839444e+18
3e62bb71-dc9a-4585-98d1-4262d162dcfb,1.777340186872787e+18
3e62bb71-dc9a-4585-98d1-4262d162dcfb,1.7773401869061292e+18
3e62bb71-dc9a-4585-98d1-4262d162dcfb,1.7773401869394721e+18
3e62bb71-dc9a-4585-98d1-4262d162dcfb,1.777340186972814e+18
3e62bb71-dc9a-4585-98d1-4262d162dcfb,1.777340187006157e+18
3e62bb71-dc9a-4585-98d1-4262d162dcfb,1.777340187039499e+18
3e62bb71-dc9a-4585-98d1-4262d162dcfb,1.777340187072842e+18
3e62bb71-dc9a-4585-98d1-4262d162dcfb,1.7773401871061842e+18
3e62bb71-dc9a-4585-98d1-4262d162dcfb,1.7773401871395261e+18
3e62bb71-dc9a-4585-98d1-4262d162dcfb,1.777340187172869e+18
3e62bb71-dc9a-4585-98d1-4262d162dcfb,1.777340187206211e+18
3e62bb71-dc9a-4585-98d1-4262d162dcfb,1.777340187239554e+18
3e62bb71-dc9a-4585-98d1-4262d162dcfb,1.777340187272896e+18
3e62bb71-dc9a-4585-98d1-4262d162dcfb,1.777340187306239e+18
3e62bb71-dc9a-4585-98d1-4262d162dcfb,1.7773401873395812e+18
3e62bb71-dc9a-4585-98d1-4262d162dcfb,1.7773401873729242e+18
3e62bb71-dc9a-4585-98d1-4262d162dcfb,1.777340187406266e+18
3e62bb71-dc9a-4585-98d1-4262d162dcfb,1.777340187439609e+18
3e62bb71-dc9a-4585-98d1-4262d162dcfb,1.777340187472951e+18
3e62bb71-dc9a-4585-98d1-4262d162dcfb,1.777340187506293e+18
3e62bb71-dc9a-4585-98d1-4262d162dcfb,1.777340187539636e+18
3e62bb71-dc9a-4585-98d1-4262d162dcfb,1.7773401875729782e+18
3e62bb71-dc9a-4585-98d1-4262d162dcfb,1.7773401876063212e+18
3e62bb71-dc9a-4585-98d1-4262d162dcfb,1.777340187639663e+18
3e62bb71-dc9a-4585-98d1-4262d162dcfb,1.777340187673006e+18
3e62bb71-dc9a-4585-98d1-4262d162dcfb,1.777340187706348e+18
3e62bb71-dc9a-4585-98d1-4262d162dcfb,1.777340187739691e+18
3e62bb71-dc9a-4585-98d1-4262d162dcfb,1.777340187773033e+18
3e62bb71-dc9a-4585-98d1-4262d162dcfb,1.7773401878063752e+18
3e62bb71-dc9a-4585-98d1-4262d162dcfb,1.7773401878397181e+18
3e62bb71-dc9a-4585-98d1-4262d162dcfb,1.77734018787306e+18
3e62bb71-dc9a-4585-98d1-4262d162dcfb,1.777340187906403e+18
3e62bb71-dc9a-4585-98d1-4262d162dcfb,1.777340187939745e+18
3e62bb71-dc9a-4585-98d1-4262d162dcfb,1.777340187973088e+18
3e62bb71-dc9a-4585-98d1-4262d162dcfb,1.77734018800643e+18
3e62bb71-dc9a-4585-98d1-4262d162dcfb,1.7773401880397732e+18
3e62bb71-dc9a-4585-98d1-4262d162dcfb,1.7773401880731151e+18
3e62bb71-dc9a-4585-98d1-4262d162dcfb,1.777340188106457e+18
3e62bb71-dc9a-4585-98d1-4262d162dcfb,1.7773401881398e+18
3e62bb71-dc9a-4585-98d1-4262d162dcfb,1.777340188173142e+18
3e62bb71-dc9a-4585-98d1-4262d162dcfb,1.777340188206485e+18
3e62bb71-dc9a-4585-98d1-4262d162dcfb,1.777340188239827e+18
3e62bb71-dc9a-4585-98d1-4262d162dcfb,1.7773401882731702e+18
3e62bb71-dc9a-4585-98d1-4262d162dcfb,1.7773401883065121e+18
3e62bb71-dc9a-4585-98d1-4262d162dcfb,1.777340188339855e+18
3e62bb71-dc9a-4585-98d1-4262d162dcfb,1.777340188373197e+18
3e62bb71-dc9a-4585-98d1-4262d162dcfb,1.777340188406539e+18
3e62bb71-dc9a-4585-98d1-4262d162dcfb,1.777340188439882e+18
3e62bb71-dc9a-4585-98d1-4262d162dcfb,1.7773401884732242e+18
3e62bb71-dc9a-4585-98d1-4262d162dcfb,1.7773401885065672e+18
3e62bb71-dc9a-4585-98d1-4262d162dcfb,1.777340188539909e+18
3e62bb71-dc9a-4585-98d1-4262d162dcfb,1.777340188573252e+18
3e62bb71-dc9a-4585-98d1-4262d162dcfb,1.777340188606594e+18
3e62bb71-dc9a-4585-98d1-4262d162dcfb,1.777340188639937e+18
3e62bb71-dc9a-4585-98d1-4262d162dcfb,1.777340188673279e+18
3e62bb71-dc9a-4585-98d1-4262d162dcfb,1.7773401887066212e+18
3e62bb71-dc9a-4585-98d1-4262d162dcfb,1.7773401887399642e+18
3e62bb71-dc9a-4585-98d1-4262d162dcfb,1.777340188773306e+18
3e62bb71-dc9a-4585-98d1-4262d162dcfb,1.777340188806649e+18
3e62bb71-dc9a-4585-98d1-4262d162dcfb,1.777340188839991e+18
3e62bb71-dc9a-4585-98d1-4262d162dcfb,1.777340188873334e+18
3e62bb71-dc9a-4585-98d1-4262d162dcfb,1.777340188906676e+18
3e62bb71-dc9a-4585-98d1-4262d162dcfb,1.777340188940019e+18
3e62bb71-dc9a-4585-98d1-4262d162dcfb,1.7773401889733612e+18
3e62bb71-dc9a-4585-98d1-4262d162dcfb,1.777340189006703e+18
3e62bb71-dc9a-4585-98d1-4262d162dcfb,1.777340189040046e+18
3e62bb71-dc9a-4585-98d1-4262d162dcfb,1.777340189073388e+18
3e62bb71-dc9a-4585-98d1-4262d162dcfb,1.777340189106731e+18
3e62bb71-dc9a-4585-98d1-4262d162dcfb,1.777340189140073e+18
3e62bb71-dc9a-4585-98d1-4262d162dcfb,1.7773401891734162e+18
3e62bb71-dc9a-4585-98d1-4262d162dcfb,1.7773401892067581e+18
3e62bb71-dc9a-4585-98d1-4262d162dcfb,1.777340189240101e+18
3e62bb71-dc9a-4585-98d1-4262d162dcfb,1.777340189273443e+18
3e62bb71-dc9a-4585-98d1-4262d162dcfb,1.777340189306786e+18
3e62bb71-dc9a-4585-98d1-4262d162dcfb,1.777340189340128e+18
3e62bb71-dc9a-4585-98d1-4262d162dcfb,1.77734018937347e+18
3e62bb71-dc9a-4585-98d1-4262d162dcfb,1.7773401894068132e+18
3e62bb71-dc9a-4585-98d1-4262d162dcfb,1.7773401894401551e+18
3e62bb71-dc9a-4585-98d1-4262d162dcfb,1.777340189473498e+18
3e62bb71-dc9a-4585-98d1-4262d162dcfb,1.77734018950684e+18
3e62bb71-dc9a-4585-98d1-4262d162dcfb,1.777340189540183e+18
3e62bb71-dc9a-4585-98d1-4262d162dcfb,1.777340189573525e+18
3e62bb71-dc9a-4585-98d1-4262d162dcfb,1.777340189606868e+18
3e62bb71-dc9a-4585-98d1-4262d162dcfb,1.7773401896402102e+18
3e62bb71-dc9a-4585-98d1-4262d162dcfb,1.7773401896735521e+18
3e62bb71-dc9a-4585-98d1-4262d162dcfb,1.777340189706895e+18
3e62bb71-dc9a-4585-98d1-4262d162dcfb,1.777340189740237e+18
3e62bb71-dc9a-4585-98d1-4262d162dcfb,1.77734018977358e+18
3e62bb71-dc9a-4585-98d1-4262d162dcfb,1.777340189806922e+18
3e62bb71-dc9a-4585-98d1-4262d162dcfb,1.777340189840265e+18
3e62bb71-dc9a-4585-98d1-4262d162dcfb,1.7773401898736072e+18
3e62bb71-dc9a-4585-98d1-4262d162dcfb,1.7773401899069501e+18
3e62bb71-dc9a-4585-98d1-4262d162dcfb,1.777340189940292e+18
3e62bb71-dc9a-4585-98d1-4262d162dcfb,1.777340189973634e+18
3e62bb71-dc9a-4585-98d1-4262d162dcfb,1.777340190006977e+18
3e62bb71-dc9a-4585-98d1-4262d162dcfb,1.777340190040319e+18
3e62bb71-dc9a-4585-98d1-4262d162dcfb,1.777340190073662e+18
3e62bb71-dc9a-4585-98d1-4262d162dcfb,1.7773401901070042e+18
3e62bb71-dc9a-4585-98d1-4262d162dcfb,1.7773401901403471e+18
3e62bb71-dc9a-4585-98d1-4262d162dcfb,1.777340190173689e+18
3e62bb71-dc9a-4585-98d1-4262d162dcfb,1.777340190207032e+18
3e62bb71-dc9a-4585-98d1-4262d162dcfb,1.777340190240374e+18
3e62bb71-dc9a-4585-98d1-4262d162dcfb,1.777340190273716e+18
3e62bb71-dc9a-4585-98d1-4262d162dcfb,1.777340190307059e+18
3e62bb71-dc9a-4585-98d1-4262d162dcfb,1.7773401903404012e+18
3e62bb71-dc9a-4585-98d1-4262d162dcfb,1.777340190373744e+18
3e62bb71-dc9a-4585-98d1-4262d162dcfb,1.777340190407086e+18
3e62bb71-dc9a-4585-98d1-4262d162dcfb,1.777340190440429e+18
3e62bb71-dc9a-4585-98d1-4262d162dcfb,1.777340190473771e+18
3e62bb71-dc9a-4585-98d1-4262d162dcfb,1.777340190507114e+18
3e62bb71-dc9a-4585-98d1-4262d162dcfb,1.7773401905404562e+18
3e62bb71-dc9a-4585-98d1-4262d162dcfb,1.7773401905737981e+18
3e62bb71-dc9a-4585-98d1-4262d162dcfb,1.777340190607141e+18
3e62bb71-dc9a-4585-98d1-4262d162dcfb,1.777340190640483e+18
3e62bb71-dc9a-4585-98d1-4262d162dcfb,1.777340190673826e+18
3e62bb71-dc9a-4585-98d1-4262d162dcfb,1.777340190707168e+18
3e62bb71-dc9a-4585-98d1-4262d162dcfb,1.777340190740511e+18
3e62bb71-dc9a-4585-98d1-4262d162dcfb,1.7773401907738532e+18
3e62bb71-dc9a-4585-98d1-4262d162dcfb,1.7773401908071962e+18
3e62bb71-dc9a-4585-98d1-4262d162dcfb,1.777340190840538e+18
3e62bb71-dc9a-4585-98d1-4262d162dcfb,1.77734019087388e+18
3e62bb71-dc9a-4585-98d1-4262d162dcfb,1.777340190907223e+18
3e62bb71-dc9a-4585-98d1-4262d162dcfb,1.777340190940565e+18
3e62bb71-dc9a-4585-98d1-4262d162dcfb,1.777340190973908e+18
3e62bb71-dc9a-4585-98d1-4262d162dcfb,1.7773401910072502e+18
3e62bb71-dc9a-4585-98d1-4262d162dcfb,1.7773401910405932e+18
3e62bb71-dc9a-4585-98d1-4262d162dcfb,1.777340191073935e+18
3e62bb71-dc9a-4585-98d1-4262d162dcfb,1.777340191107278e+18
3e62bb71-dc9a-4585-98d1-4262d162dcfb,1.77734019114062e+18
3e62bb71-dc9a-4585-98d1-4262d162dcfb,1.777340191173963e+18
3e62bb71-dc9a-4585-98d1-4262d162dcfb,1.777340191207305e+18
3e62bb71-dc9a-4585-98d1-4262d162dcfb,1.7773401912406472e+18
3e62bb71-dc9a-4585-98d1-4262d162dcfb,1.7773401912739901e+18
3e62bb71-dc9a-4585-98d1-4262d162dcfb,1.777340191307332e+18
3e62bb71-dc9a-4585-98d1-4262d162dcfb,1.777340191340675e+18
3e62bb71-dc9a-4585-98d1-4262d162dcfb,1.777340191374017e+18
3e62bb71-dc9a-4585-98d1-4262d162dcfb,1.77734019140736e+18
3e62bb71-dc9a-4585-98d1-4262d162dcfb,1.777340191440702e+18
3e62bb71-dc9a-4585-98d1-4262d162dcfb,1.7773401914740452e+18
3e62bb71-dc9a-4585-98d1-4262d162dcfb,1.7773401915073871e+18
3e62bb71-dc9a-4585-98d1-4262d162dcfb,1.777340191540729e+18
3e62bb71-dc9a-4585-98d1-4262d162dcfb,1.777340191574072e+18
3e62bb71-dc9a-4585-98d1-4262d162dcfb,1.777340191607414e+18
3e62bb71-dc9a-4585-98d1-4262d162dcfb,1.777340191640757e+18
3e62bb71-dc9a-4585-98d1-4262d162dcfb,1.777340191674099e+18
3e62bb71-dc9a-4585-98d1-4262d162dcfb,1.7773401917074422e+18
3e62bb71-dc9a-4585-98d1-4262d162dcfb,1.777340191740784e+18
3e62bb71-dc9a-4585-98d1-4262d162dcfb,1.777340191774127e+18
3e62bb71-dc9a-4585-98d1-4262d162dcfb,1.777340191807469e+18
3e62bb71-dc9a-4585-98d1-4262d162dcfb,1.777340191840811e+18
3e62bb71-dc9a-4585-98d1-4262d162dcfb,1.777340191874154e+18
3e62bb71-dc9a-4585-98d1-4262d162dcfb,1.7773401919074962e+18
3e62bb71-dc9a-4585-98d1-4262d162dcfb,1.7773401919408392e+18
3e62bb71-dc9a-4585-98d1-4262d162dcfb,1.777340191974181e+18
3e62bb71-dc9a-4585-98d1-4262d162dcfb,1.777340192007524e+18
3e62bb71-dc9a-4585-98d1-4262d162dcfb,1.777340192040866e+18
3e62bb71-dc9a-4585-98d1-4262d162dcfb,1.777340192074209e+18
3e62bb71-dc9a-4585-98d1-4262d162dcfb,1.777340192107551e+18
3e62bb71-dc9a-4585-98d1-4262d162dcfb,1.7773401921408932e+18
3e62bb71-dc9a-4585-98d1-4262d162dcfb,1.7773401921742362e+18
3e62bb71-dc9a-4585-98d1-4262d162dcfb,1.777340192207578e+18
3e62bb71-dc9a-4585-98d1-4262d162dcfb,1.777340192240921e+18
3e62bb71-dc9a-4585-98d1-4262d162dcfb,1.777340192274263e+18
3e62bb71-dc9a-4585-98d1-4262d162dcfb,1.777340192307606e+18
3e62bb71-dc9a-4585-98d1-4262d162dcfb,1.777340192340948e+18
3e62bb71-dc9a-4585-98d1-4262d162dcfb,1.777340192374291e+18
3e62bb71-dc9a-4585-98d1-4262d162dcfb,1.7773401924076332e+18
3e62bb71-dc9a-4585-98d1-4262d162dcfb,1.7773401924409761e+18
3e62bb71-dc9a-4585-98d1-4262d162dcfb,1.777340192474318e+18
3e62bb71-dc9a-4585-98d1-4262d162dcfb,1.77734019250766e+18
3e62bb71-dc9a-4585-98d1-4262d162dcfb,1.777340192541003e+18
3e62bb71-dc9a-4585-98d1-4262d162dcfb,1.777340192574345e+18
3e62bb71-dc9a-4585-98d1-4262d162dcfb,1.7773401926076882e+18
3e62bb71-dc9a-4585-98d1-4262d162dcfb,1.7773401926410301e+18
3e62bb71-dc9a-4585-98d1-4262d162dcfb,1.777340192674373e+18
3e62bb71-dc9a-4585-98d1-4262d162dcfb,1.777340192707715e+18
3e62bb71-dc9a-4585-98d1-4262d162dcfb,1.777340192741058e+18
3e62bb71-dc9a-4585-98d1-4262d162dcfb,1.7773401927744e+18
3e62bb71-dc9a-4585-98d1-4262d162dcfb,1.777340192807742e+18
3e62bb71-dc9a-4585-98d1-4262d162dcfb,1.7773401928410852e+18
3e62bb71-dc9a-4585-98d1-4262d162dcfb,1.7773401928744271e+18
3e62bb71-dc9a-4585-98d1-4262d162dcfb,1.77734019290777e+18
3e62bb71-dc9a-4585-98d1-4262d162dcfb,1.777340192941112e+18
3e62bb71-dc9a-4585-98d1-4262d162dcfb,1.777340192974455e+18
3e62bb71-dc9a-4585-98d1-4262d162dcfb,1.777340193007797e+18
3e62bb71-dc9a-4585-98d1-4262d162dcfb,1.77734019304114e+18
3e62bb71-dc9a-4585-98d1-4262d162dcfb,1.7773401930744822e+18
3e62bb71-dc9a-4585-98d1-4262d162dcfb,1.777340193107824e+18
3e62bb71-dc9a-4585-98d1-4262d162dcfb,1.777340193141167e+18
3e62bb71-dc9a-4585-98d1-4262d162dcfb,1.777340193174509e+18
3e62bb71-dc9a-4585-98d1-4262d162dcfb,1.777340193207852e+18
3e62bb71-dc9a-4585-98d1-4262d162dcfb,1.777340193241194e+18
3e62bb71-dc9a-4585-98d1-4262d162dcfb,1.777340193274537e+18
3e62bb71-dc9a-4585-98d1-4262d162dcfb,1.7773401933078792e+18
3e62bb71-dc9a-4585-98d1-4262d162dcfb,1.7773401933412221e+18
3e62bb71-dc9a-4585-98d1-4262d162dcfb,1.777340193374564e+18
3e62bb71-dc9a-4585-98d1-4262d162dcfb,1.777340193407906e+18
3e62bb71-dc9a-4585-98d1-4262d162dcfb,1.777340193441249e+18
3e62bb71-dc9a-4585-98d1-4262d162dcfb,1.777340193474591e+18
3e62bb71-dc9a-4585-98d1-4262d162dcfb,1.777340193507934e+18
3e62bb71-dc9a-4585-98d1-4262d162dcfb,1.7773401935412762e+18
3e62bb71-dc9a-4585-98d1-4262d162dcfb,1.7773401935746191e+18
3e62bb71-dc9a-4585-98d1-4262d162dcfb,1.777340193607961e+18
3e62bb71-dc9a-4585-98d1-4262d162dcfb,1.777340193641304e+18
3e62bb71-dc9a-4585-98d1-4262d162dcfb,1.777340193674646e+18
3e62bb71-dc9a-4585-98d1-4262d162dcfb,1.777340193707989e+18
3e62bb71-dc9a-4585-98d1-4262d162dcfb,1.777340193741331e+18
3e62bb71-dc9a-4585-98d1-4262d162dcfb,1.7773401937746732e+18
3e62bb71-dc9a-4585-98d1-4262d162dcfb,1.7773401938080161e+18
3e62bb71-dc9a-4585-98d1-4262d162dcfb,1.777340193841358e+18
3e62bb71-dc9a-4585-98d1-4262d162dcfb,1.777340193874701e+18
3e62bb71-dc9a-4585-98d1-4262d162dcfb,1.777340193908043e+18
3e62bb71-dc9a-4585-98d1-4262d162dcfb,1.777340193941386e+18
3e62bb71-dc9a-4585-98d1-4262d162dcfb,1.7773401939747282e+18
3e62bb71-dc9a-4585-98d1-4262d162dcfb,1.7773401940080712e+18
3e62bb71-dc9a-4585-98d1-4262d162dcfb,1.777340194041413e+18
3e62bb71-dc9a-4585-98d1-4262d162dcfb,1.777340194074755e+18
3e62bb71-dc9a-4585-98d1-4262d162dcfb,1.777340194108098e+18
3e62bb71-dc9a-4585-98d1-4262d162dcfb,1.77734019414144e+18
3e62bb71-dc9a-4585-98d1-4262d162dcfb,1.777340194174783e+18
3e62bb71-dc9a-4585-98d1-4262d162dcfb,1.7773401942081252e+18
3e62bb71-dc9a-4585-98d1-4262d162dcfb,1.7773401942414682e+18
3e62bb71-dc9a-4585-98d1-4262d162dcfb,1.77734019427481e+18
3e62bb71-dc9a-4585-98d1-4262d162dcfb,1.777340194308153e+18
3e62bb71-dc9a-4585-98d1-4262d162dcfb,1.777340194341495e+18
3e62bb71-dc9a-4585-98d1-4262d162dcfb,1.777340194374837e+18
3e62bb71-dc9a-4585-98d1-4262d162dcfb,1.77734019440818e+18
3e62bb71-dc9a-4585-98d1-4262d162dcfb,1.7773401944415222e+18
3e62bb71-dc9a-4585-98d1-4262d162dcfb,1.7773401944748652e+18
3e62bb71-dc9a-4585-98d1-4262d162dcfb,1.777340194508207e+18
3e62bb71-dc9a-4585-98d1-4262d162dcfb,1.77734019454155e+18
3e62bb71-dc9a-4585-98d1-4262d162dcfb,1.777340194574892e+18
3e62bb71-dc9a-4585-98d1-4262d162dcfb,1.777340194608235e+18
3e62bb71-dc9a-4585-98d1-4262d162dcfb,1.777340194641577e+18
3e62bb71-dc9a-4585-98d1-4262d162dcfb,1.7773401946749192e+18
3e62bb71-dc9a-4585-98d1-4262d162dcfb,1.7773401947082621e+18
3e62bb71-dc9a-4585-98d1-4262d162dcfb,1.777340194741604e+18
3e62bb71-dc9a-4585-98d1-4262d162dcfb,1.777340194774947e+18
3e62bb71-dc9a-4585-98d1-4262d162dcfb,1.777340194808289e+18
3e62bb71-dc9a-4585-98d1-4262d162dcfb,1.777340194841632e+18
3e62bb71-dc9a-4585-98d1-4262d162dcfb,1.777340194874974e+18
3e62bb71-dc9a-4585-98d1-4262d162dcfb,1.7773401949083172e+18
3e62bb71-dc9a-4585-98d1-4262d162dcfb,1.7773401949416591e+18
3e62bb71-dc9a-4585-98d1-4262d162dcfb,1.777340194975001e+18
3e62bb71-dc9a-4585-98d1-4262d162dcfb,1.777340195008344e+18
3e62bb71-dc9a-4585-98d1-4262d162dcfb,1.777340195041686e+18
3e62bb71-dc9a-4585-98d1-4262d162dcfb,1.777340195075029e+18
3e62bb71-dc9a-4585-98d1-4262d162dcfb,1.777340195108371e+18
3e62bb71-dc9a-4585-98d1-4262d162dcfb,1.7773401951417142e+18
3e62bb71-dc9a-4585-98d1-4262d162dcfb,1.7773401951750561e+18
3e62bb71-dc9a-4585-98d1-4262d162dcfb,1.777340195208399e+18
3e62bb71-dc9a-4585-98d1-4262d162dcfb,1.777340195241741e+18
3e62bb71-dc9a-4585-98d1-4262d162dcfb,1.777340195275083e+18
3e62bb71-dc9a-4585-98d1-4262d162dcfb,1.777340195308426e+18
3e62bb71-dc9a-4585-98d1-4262d162dcfb,1.7773401953417682e+18
3e62bb71-dc9a-4585-98d1-4262d162dcfb,1.7773401953751112e+18
3e62bb71-dc9a-4585-98d1-4262d162dcfb,1.777340195408453e+18
3e62bb71-dc9a-4585-98d1-4262d162dcfb,1.777340195441796e+18
3e62bb71-dc9a-4585-98d1-4262d162dcfb,1.777340195475138e+18
3e62bb71-dc9a-4585-98d1-4262d162dcfb,1.777340195508481e+18
3e62bb71-dc9a-4585-98d1-4262d162dcfb,1.777340195541823e+18
3e62bb71-dc9a-4585-98d1-4262d162dcfb,1.777340195575166e+18
3e62bb71-dc9a-4585-98d1-4262d162dcfb,1.7773401956085082e+18
3e62bb71-dc9a-4585-98d1-4262d162dcfb,1.77734019564185e+18
3e62bb71-dc9a-4585-98d1-4262d162dcfb,1.777340195675193e+18
3e62bb71-dc9a-4585-98d1-4262d162dcfb,1.777340195708535e+18
3e62bb71-dc9a-4585-98d1-4262d162dcfb,1.777340195741878e+18
3e62bb71-dc9a-4585-98d1-4262d162dcfb,1.77734019577522e+18
3e62bb71-dc9a-4585-98d1-4262d162dcfb,1.777340195808563e+18
3e62bb71-dc9a-4585-98d1-4262d162dcfb,1.7773401958419052e+18
3e62bb71-dc9a-4585-98d1-4262d162dcfb,1.777340195875248e+18
3e62bb71-dc9a-4585-98d1-4262d162dcfb,1.77734019590859e+18
3e62bb71-dc9a-4585-98d1-4262d162dcfb,1.777340195941932e+18
3e62bb71-dc9a-4585-98d1-4262d162dcfb,1.777340195975275e+18
3e62bb71-dc9a-4585-98d1-4262d162dcfb,1.777340196008617e+18
3e62bb71-dc9a-4585-98d1-4262d162dcfb,1.7773401960419602e+18
3e62bb71-dc9a-4585-98d1-4262d162dcfb,1.7773401960753021e+18
3e62bb71-dc9a-4585-98d1-4262d162dcfb,1.777340196108645e+18
3e62bb71-dc9a-4585-98d1-4262d162dcfb,1.777340196141987e+18
3e62bb71-dc9a-4585-98d1-4262d162dcfb,1.77734019617533e+18
3e62bb71-dc9a-4585-98d1-4262d162dcfb,1.777340196208672e+18
3e62bb71-dc9a-4585-98d1-4262d162dcfb,1.777340196242014e+18
3e62bb71-dc9a-4585-98d1-4262d162dcfb,1.7773401962753572e+18
3e62bb71-dc9a-4585-98d1-4262d162dcfb,1.7773401963086991e+18
3e62bb71-dc9a-4585-98d1-4262d162dcfb,1.777340196342042e+18
3e62bb71-dc9a-4585-98d1-4262d162dcfb,1.777340196375384e+18
3e62bb71-dc9a-4585-98d1-4262d162dcfb,1.777340196408727e+18
3e62bb71-dc9a-4585-98d1-4262d162dcfb,1.777340196442069e+18
3e62bb71-dc9a-4585-98d1-4262d162dcfb,1.777340196475412e+18
3e62bb71-dc9a-4585-98d1-4262d162dcfb,1.7773401965087542e+18
3e62bb71-dc9a-4585-98d1-4262d162dcfb,1.7773401965420961e+18
3e62bb71-dc9a-4585-98d1-4262d162dcfb,1.777340196575439e+18
3e62bb71-dc9a-4585-98d1-4262d162dcfb,1.777340196608781e+18
3e62bb71-dc9a-4585-98d1-4262d162dcfb,1.777340196642124e+18
3e62bb71-dc9a-4585-98d1-4262d162dcfb,1.777340196675466e+18
3e62bb71-dc9a-4585-98d1-4262d162dcfb,1.777340196708809e+18
3e62bb71-dc9a-4585-98d1-4262d162dcfb,1.7773401967421512e+18
3e62bb71-dc9a-4585-98d1-4262d162dcfb,1.7773401967754941e+18
3e62bb71-dc9a-4585-98d1-4262d162dcfb,1.777340196808836e+18
3e62bb71-dc9a-4585-98d1-4262d162dcfb,1.777340196842178e+18
3e62bb71-dc9a-4585-98d1-4262d162dcfb,1.777340196875521e+18
3e62bb71-dc9a-4585-98d1-4262d162dcfb,1.777340196908863e+18
3e62bb71-dc9a-4585-98d1-4262d162dcfb,1.777340196942206e+18
3e62bb71-dc9a-4585-98d1-4262d162dcfb,1.7773401969755482e+18
3e62bb71-dc9a-4585-98d1-4262d162dcfb,1.7773401970088911e+18
3e62bb71-dc9a-4585-98d1-4262d162dcfb,1.777340197042233e+18
3e62bb71-dc9a-4585-98d1-4262d162dcfb,1.777340197075576e+18
3e62bb71-dc9a-4585-98d1-4262d162dcfb,1.777340197108918e+18
3e62bb71-dc9a-4585-98d1-4262d162dcfb,1.77734019714226e+18
3e62bb71-dc9a-4585-98d1-4262d162dcfb,1.777340197175603e+18
3e62bb71-dc9a-4585-98d1-4262d162dcfb,1.7773401972089452e+18
3e62bb71-dc9a-4585-98d1-4262d162dcfb,1.777340197242288e+18
3e62bb71-dc9a-4585-98d1-4262d162dcfb,1.77734019727563e+18
3e62bb71-dc9a-4585-98d1-4262d162dcfb,1.777340197308973e+18
3e62bb71-dc9a-4585-98d1-4262d162dcfb,1.777340197342315e+18
3e62bb71-dc9a-4585-98d1-4262d162dcfb,1.777340197375658e+18
3e62bb71-dc9a-4585-98d1-4262d162dcfb,1.7773401974090002e+18
3e62bb71-dc9a-4585-98d1-4262d162dcfb,1.7773401974423432e+18
3e62bb71-dc9a-4585-98d1-4262d162dcfb,1.777340197475685e+18
3e62bb71-dc9a-4585-98d1-4262d162dcfb,1.777340197509027e+18
3e62bb71-dc9a-4585-98d1-4262d162dcfb,1.77734019754237e+18
3e62bb71-dc9a-4585-98d1-4262d162dcfb,1.777340197575712e+18
3e62bb71-dc9a-4585-98d1-4262d162dcfb,1.777340197609055e+18
3e62bb71-dc9a-4585-98d1-4262d162dcfb,1.7773401976423972e+18
3e62bb71-dc9a-4585-98d1-4262d162dcfb,1.7773401976757402e+18
3e62bb71-dc9a-4585-98d1-4262d162dcfb,1.777340197709082e+18
3e62bb71-dc9a-4585-98d1-4262d162dcfb,1.777340197742425e+18
3e62bb71-dc9a-4585-98d1-4262d162dcfb,1.777340197775767e+18
3e62bb71-dc9a-4585-98d1-4262d162dcfb,1.777340197809109e+18
3e62bb71-dc9a-4585-98d1-4262d162dcfb,1.777340197842452e+18
3e62bb71-dc9a-4585-98d1-4262d162dcfb,1.7773401978757942e+18
3e62bb71-dc9a-4585-98d1-4262d162dcfb,1.7773401979091372e+18
3e62bb71-dc9a-4585-98d1-4262d162dcfb,1.777340197942479e+18
3e62bb71-dc9a-4585-98d1-4262d162dcfb,1.777340197975822e+18
3e62bb71-dc9a-4585-98d1-4262d162dcfb,1.777340198009164e+18
3e62bb71-dc9a-4585-98d1-4262d162dcfb,1.777340198042507e+18
3e62bb71-dc9a-4585-98d1-4262d162dcfb,1.777340198075849e+18
3e62bb71-dc9a-4585-98d1-4262d162dcfb,1.7773401981091912e+18
3e62bb71-dc9a-4585-98d1-4262d162dcfb,1.7773401981425341e+18
3e62bb71-dc9a-4585-98d1-4262d162dcfb,1.777340198175876e+18
3e62bb71-dc9a-4585-98d1-4262d162dcfb,1.777340198209219e+18
3e62bb71-dc9a-4585-98d1-4262d162dcfb,1.777340198242561e+18
3e62bb71-dc9a-4585-98d1-4262d162dcfb,1.777340198275904e+18
3e62bb71-dc9a-4585-98d1-4262d162dcfb,1.777340198309246e+18
3e62bb71-dc9a-4585-98d1-4262d162dcfb,1.7773401983425892e+18
3e62bb71-dc9a-4585-98d1-4262d162dcfb,1.7773401983759311e+18
3e62bb71-dc9a-4585-98d1-4262d162dcfb,1.777340198409273e+18
3e62bb71-dc9a-4585-98d1-4262d162dcfb,1.777340198442616e+18
3e62bb71-dc9a-4585-98d1-4262d162dcfb,1.777340198475958e+18
3e62bb71-dc9a-4585-98d1-4262d162dcfb,1.777340198509301e+18
3e62bb71-dc9a-4585-98d1-4262d162dcfb,1.777340198542643e+18
3e62bb71-dc9a-4585-98d1-4262d162dcfb,1.7773401985759862e+18
3e62bb71-dc9a-4585-98d1-4262d162dcfb,1.777340198609328e+18
3e62bb71-dc9a-4585-98d1-4262d162dcfb,1.777340198642671e+18
3e62bb71-dc9a-4585-98d1-4262d162dcfb,1.777340198676013e+18
3e62bb71-dc9a-4585-98d1-4262d162dcfb,1.777340198709355e+18
3e62bb71-dc9a-4585-98d1-4262d162dcfb,1.777340198742698e+18
3e62bb71-dc9a-4585-98d1-4262d162dcfb,1.7773401987760402e+18
3e62bb71-dc9a-4585-98d1-4262d162dcfb,1.7773401988093832e+18
3e62bb71-dc9a-4585-98d1-4262d162dcfb,1.777340198842725e+18
3e62bb71-dc9a-4585-98d1-4262d162dcfb,1.777340198876068e+18
3e62bb71-dc9a-4585-98d1-4262d162dcfb,1.77734019890941e+18
3e62bb71-dc9a-4585-98d1-4262d162dcfb,1.777340198942753e+18
3e62bb71-dc9a-4585-98d1-4262d162dcfb,1.777340198976095e+18
3e62bb71-dc9a-4585-98d1-4262d162dcfb,1.7773401990094372e+18
3e62bb71-dc9a-4585-98d1-4262d162dcfb,1.7773401990427802e+18
3e62bb71-dc9a-4585-98d1-4262d162dcfb,1.777340199076122e+18
3e62bb71-dc9a-4585-98d1-4262d162dcfb,1.777340199109465e+18
3e62bb71-dc9a-4585-98d1-4262d162dcfb,1.777340199142807e+18
3e62bb71-dc9a-4585-98d1-4262d162dcfb,1.77734019917615e+18
3e62bb71-dc9a-4585-98d1-4262d162dcfb,1.777340199209492e+18
3e62bb71-dc9a-4585-98d1-4262d162dcfb,1.777340199242835e+18
3e62bb71-dc9a-4585-98d1-4262d162dcfb,1.7773401992761772e+18
3e62bb71-dc9a-4585-98d1-4262d162dcfb,1.7773401993095201e+18
3e62bb71-dc9a-4585-98d1-4262d162dcfb,1.777340199342862e+18
3e62bb71-dc9a-4585-98d1-4262d162dcfb,1.777340199376204e+18
3e62bb71-dc9a-4585-98d1-4262d162dcfb,1.777340199409547e+18
3e62bb71-dc9a-4585-98d1-4262d162dcfb,1.777340199442889e+18
3e62bb71-dc9a-4585-98d1-4262d162dcfb,1.7773401994762322e+18
3e62bb71-dc9a-4585-98d1-4262d162dcfb,1.7773401995095741e+18
3e62bb71-dc9a-4585-98d1-4262d162dcfb,1.777340199542917e+18
3e62bb71-dc9a-4585-98d1-4262d162dcfb,1.777340199576259e+18
3e62bb71-dc9a-4585-98d1-4262d162dcfb,1.777340199609602e+18
3e62bb71-dc9a-4585-98d1-4262d162dcfb,1.777340199642944e+18
3e62bb71-dc9a-4585-98d1-4262d162dcfb,1.777340199676286e+18
3e62bb71-dc9a-4585-98d1-4262d162dcfb,1.7773401997096292e+18
3e62bb71-dc9a-4585-98d1-4262d162dcfb,1.7773401997429711e+18
3e62bb71-dc9a-4585-98d1-4262d162dcfb,1.777340199776314e+18
3e62bb71-dc9a-4585-98d1-4262d162dcfb,1.777340199809656e+18
3e62bb71-dc9a-4585-98d1-4262d162dcfb,1.777340199842999e+18
3e62bb71-dc9a-4585-98d1-4262d162dcfb,1.777340199876341e+18
3e62bb71-dc9a-4585-98d1-4262d162dcfb,1.777340199909684e+18
3e62bb71-dc9a-4585-98d1-4262d162dcfb,1.7773401999430262e+18
3e62bb71-dc9a-4585-98d1-4262d162dcfb,1.777340199976368e+18
3e62bb71-dc9a-4585-98d1-4262d162dcfb,1.777340200009711e+18
3e62bb71-dc9a-4585-98d1-4262d162dcfb,1.777340200043053e+18
3e62bb71-dc9a-4585-98d1-4262d162dcfb,1.777340200076396e+18
3e62bb71-dc9a-4585-98d1-4262d162dcfb,1.777340200109738e+18
3e62bb71-dc9a-4585-98d1-4262d162dcfb,1.777340200143081e+18
3e62bb71-dc9a-4585-98d1-4262d162dcfb,1.7773402001764232e+18
3e62bb71-dc9a-4585-98d1-4262d162dcfb,1.7773402002097661e+18
3e62bb71-dc9a-4585-98d1-4262d162dcfb,1.777340200243108e+18
3e62bb71-dc9a-4585-98d1-4262d162dcfb,1.77734020027645e+18
3e62bb71-dc9a-4585-98d1-4262d162dcfb,1.777340200309793e+18
3e62bb71-dc9a-4585-98d1-4262d162dcfb,1.777340200343135e+18
3e62bb71-dc9a-4585-98d1-4262d162dcfb,1.777340200376478e+18
3e62bb71-dc9a-4585-98d1-4262d162dcfb,1.7773402004098202e+18
3e62bb71-dc9a-4585-98d1-4262d162dcfb,1.7773402004431631e+18
3e62bb71-dc9a-4585-98d1-4262d162dcfb,1.777340200476505e+18
3e62bb71-dc9a-4585-98d1-4262d162dcfb,1.777340200509848e+18
3e62bb71-dc9a-4585-98d1-4262d162dcfb,1.77734020054319e+18
3e62bb71-dc9a-4585-98d1-4262d162dcfb,1.777340200576532e+18
3e62bb71-dc9a-4585-98d1-4262d162dcfb,1.777340200609875e+18
3e62bb71-dc9a-4585-98d1-4262d162dcfb,1.7773402006432172e+18
3e62bb71-dc9a-4585-98d1-4262d162dcfb,1.7773402006765601e+18
3e62bb71-dc9a-4585-98d1-4262d162dcfb,1.777340200709902e+18
3e62bb71-dc9a-4585-98d1-4262d162dcfb,1.777340200743245e+18
3e62bb71-dc9a-4585-98d1-4262d162dcfb,1.777340200776587e+18
3e62bb71-dc9a-4585-98d1-4262d162dcfb,1.77734020080993e+18
3e62bb71-dc9a-4585-98d1-4262d162dcfb,1.7773402008432722e+18
3e62bb71-dc9a-4585-98d1-4262d162dcfb,1.7773402008766141e+18
3e62bb71-dc9a-4585-98d1-4262d162dcfb,1.777340200909957e+18
3e62bb71-dc9a-4585-98d1-4262d162dcfb,1.777340200943299e+18
3e62bb71-dc9a-4585-98d1-4262d162dcfb,1.777340200976642e+18
3e62bb71-dc9a-4585-98d1-4262d162dcfb,1.777340201009984e+18
3e62bb71-dc9a-4585-98d1-4262d162dcfb,1.777340201043327e+18
3e62bb71-dc9a-4585-98d1-4262d162dcfb,1.7773402010766692e+18
3e62bb71-dc9a-4585-98d1-4262d162dcfb,1.7773402011100122e+18
3e62bb71-dc9a-4585-98d1-4262d162dcfb,1.777340201143354e+18
3e62bb71-dc9a-4585-98d1-4262d162dcfb,1.777340201176697e+18
3e62bb71-dc9a-4585-98d1-4262d162dcfb,1.777340201210039e+18
3e62bb71-dc9a-4585-98d1-4262d162dcfb,1.777340201243381e+18
3e62bb71-dc9a-4585-98d1-4262d162dcfb,1.777340201276724e+18
3e62bb71-dc9a-4585-98d1-4262d162dcfb,1.7773402013100662e+18
3e62bb71-dc9a-4585-98d1-4262d162dcfb,1.7773402013434092e+18
3e62bb71-dc9a-4585-98d1-4262d162dcfb,1.777340201376751e+18
3e62bb71-dc9a-4585-98d1-4262d162dcfb,1.777340201410094e+18
3e62bb71-dc9a-4585-98d1-4262d162dcfb,1.777340201443436e+18
3e62bb71-dc9a-4585-98d1-4262d162dcfb,1.777340201476779e+18
3e62bb71-dc9a-4585-98d1-4262d162dcfb,1.777340201510121e+18
3e62bb71-dc9a-4585-98d1-4262d162dcfb,1.7773402015434632e+18
3e62bb71-dc9a-4585-98d1-4262d162dcfb,1.7773402015768061e+18
3e62bb71-dc9a-4585-98d1-4262d162dcfb,1.777340201610148e+18
3e62bb71-dc9a-4585-98d1-4262d162dcfb,1.777340201643491e+18
3e62bb71-dc9a-4585-98d1-4262d162dcfb,1.777340201676833e+18
3e62bb71-dc9a-4585-98d1-4262d162dcfb,1.777340201710176e+18
3e62bb71-dc9a-4585-98d1-4262d162dcfb,1.777340201743518e+18
3e62bb71-dc9a-4585-98d1-4262d162dcfb,1.7773402017768612e+18
3e62bb71-dc9a-4585-98d1-4262d162dcfb,1.7773402018102031e+18
3e62bb71-dc9a-4585-98d1-4262d162dcfb,1.777340201843545e+18
3e62bb71-dc9a-4585-98d1-4262d162dcfb,1.777340201876888e+18
3e62bb71-dc9a-4585-98d1-4262d162dcfb,1.77734020191023e+18
3e62bb71-dc9a-4585-98d1-4262d162dcfb,1.777340201943573e+18
3e62bb71-dc9a-4585-98d1-4262d162dcfb,1.777340201976915e+18
3e62bb71-dc9a-4585-98d1-4262d162dcfb,1.7773402020102582e+18
3e62bb71-dc9a-4585-98d1-4262d162dcfb,1.7773402020436001e+18
3e62bb71-dc9a-4585-98d1-4262d162dcfb,1.777340202076943e+18
3e62bb71-dc9a-4585-98d1-4262d162dcfb,1.777340202110285e+18
3e62bb71-dc9a-4585-98d1-4262d162dcfb,1.777340202143627e+18
3e62bb71-dc9a-4585-98d1-4262d162dcfb,1.77734020217697e+18
3e62bb71-dc9a-4585-98d1-4262d162dcfb,1.7773402022103122e+18
3e62bb71-dc9a-4585-98d1-4262d162dcfb,1.7773402022436552e+18
3e62bb71-dc9a-4585-98d1-4262d162dcfb,1.777340202276997e+18
3e62bb71-dc9a-4585-98d1-4262d162dcfb,1.77734020231034e+18
3e62bb71-dc9a-4585-98d1-4262d162dcfb,1.777340202343682e+18
3e62bb71-dc9a-4585-98d1-4262d162dcfb,1.777340202377025e+18
3e62bb71-dc9a-4585-98d1-4262d162dcfb,1.777340202410367e+18
3e62bb71-dc9a-4585-98d1-4262d162dcfb,1.77734020244371e+18
3e62bb71-dc9a-4585-98d1-4262d162dcfb,1.7773402024770522e+18
3e62bb71-dc9a-4585-98d1-4262d162dcfb,1.777340202510394e+18
3e62bb71-dc9a-4585-98d1-4262d162dcfb,1.777340202543737e+18
3e62bb71-dc9a-4585-98d1-4262d162dcfb,1.777340202577079e+18
3e62bb71-dc9a-4585-98d1-4262d162dcfb,1.777340202610422e+18
3e62bb71-dc9a-4585-98d1-4262d162dcfb,1.777340202643764e+18
3e62bb71-dc9a-4585-98d1-4262d162dcfb,1.777340202677107e+18
3e62bb71-dc9a-4585-98d1-4262d162dcfb,1.7773402027104492e+18
3e62bb71-dc9a-4585-98d1-4262d162dcfb,1.777340202743791e+18
3e62bb71-dc9a-4585-98d1-4262d162dcfb,1.777340202777134e+18
3e62bb71-dc9a-4585-98d1-4262d162dcfb,1.777340202810476e+18
3e62bb71-dc9a-4585-98d1-4262d162dcfb,1.777340202843819e+18
3e62bb71-dc9a-4585-98d1-4262d162dcfb,1.777340202877161e+18
3e62bb71-dc9a-4585-98d1-4262d162dcfb,1.7773402029105042e+18
3e62bb71-dc9a-4585-98d1-4262d162dcfb,1.7773402029438461e+18
3e62bb71-dc9a-4585-98d1-4262d162dcfb,1.777340202977189e+18
3e62bb71-dc9a-4585-98d1-4262d162dcfb,1.777340203010531e+18
3e62bb71-dc9a-4585-98d1-4262d162dcfb,1.777340203043874e+18
3e62bb71-dc9a-4585-98d1-4262d162dcfb,1.777340203077216e+18
3e62bb71-dc9a-4585-98d1-4262d162dcfb,1.777340203110558e+18
3e62bb71-dc9a-4585-98d1-4262d162dcfb,1.7773402031439012e+18
3e62bb71-dc9a-4585-98d1-4262d162dcfb,1.7773402031772431e+18
3e62bb71-dc9a-4585-98d1-4262d162dcfb,1.777340203210586e+18
3e62bb71-dc9a-4585-98d1-4262d162dcfb,1.777340203243928e+18
3e62bb71-dc9a-4585-98d1-4262d162dcfb,1.777340203277271e+18
3e62bb71-dc9a-4585-98d1-4262d162dcfb,1.777340203310613e+18
3e62bb71-dc9a-4585-98d1-4262d162dcfb,1.777340203343956e+18
3e62bb71-dc9a-4585-98d1-4262d162dcfb,1.7773402033772982e+18
3e62bb71-dc9a-4585-98d1-4262d162dcfb,1.7773402034106401e+18
3e62bb71-dc9a-4585-98d1-4262d162dcfb,1.777340203443983e+18
3e62bb71-dc9a-4585-98d1-4262d162dcfb,1.777340203477325e+18
3e62bb71-dc9a-4585-98d1-4262d162dcfb,1.777340203510668e+18
3e62bb71-dc9a-4585-98d1-4262d162dcfb,1.77734020354401e+18
3e62bb71-dc9a-4585-98d1-4262d162dcfb,1.777340203577353e+18
3e62bb71-dc9a-4585-98d1-4262d162dcfb,1.7773402036106952e+18
3e62bb71-dc9a-4585-98d1-4262d162dcfb,1.7773402036440381e+18
3e62bb71-dc9a-4585-98d1-4262d162dcfb,1.77734020367738e+18
3e62bb71-dc9a-4585-98d1-4262d162dcfb,1.777340203710722e+18
3e62bb71-dc9a-4585-98d1-4262d162dcfb,1.777340203744065e+18
3e62bb71-dc9a-4585-98d1-4262d162dcfb,1.777340203777407e+18
3e62bb71-dc9a-4585-98d1-4262d162dcfb,1.77734020381075e+18
3e62bb71-dc9a-4585-98d1-4262d162dcfb,1.7773402038440922e+18
3e62bb71-dc9a-4585-98d1-4262d162dcfb,1.7773402038774351e+18
3e62bb71-dc9a-4585-98d1-4262d162dcfb,1.777340203910777e+18
3e62bb71-dc9a-4585-98d1-4262d162dcfb,1.77734020394412e+18
3e62bb71-dc9a-4585-98d1-4262d162dcfb,1.777340203977462e+18
3e62bb71-dc9a-4585-98d1-4262d162dcfb,1.777340204010804e+18
3e62bb71-dc9a-4585-98d1-4262d162dcfb,1.777340204044147e+18
3e62bb71-dc9a-4585-98d1-4262d162dcfb,1.7773402040774892e+18
3e62bb71-dc9a-4585-98d1-4262d162dcfb,1.777340204110832e+18
3e62bb71-dc9a-4585-98d1-4262d162dcfb,1.777340204144174e+18
3e62bb71-dc9a-4585-98d1-4262d162dcfb,1.777340204177517e+18
3e62bb71-dc9a-4585-98d1-4262d162dcfb,1.777340204210859e+18
3e62bb71-dc9a-4585-98d1-4262d162dcfb,1.777340204244202e+18
3e62bb71-dc9a-4585-98d1-4262d162dcfb,1.7773402042775442e+18
3e62bb71-dc9a-4585-98d1-4262d162dcfb,1.7773402043108861e+18
3e62bb71-dc9a-4585-98d1-4262d162dcfb,1.777340204344229e+18
3e62bb71-dc9a-4585-98d1-4262d162dcfb,1.777340204377571e+18
3e62bb71-dc9a-4585-98d1-4262d162dcfb,1.777340204410914e+18
3e62bb71-dc9a-4585-98d1-4262d162dcfb,1.777340204444256e+18
3e62bb71-dc9a-4585-98d1-4262d162dcfb,1.777340204477599e+18
3e62bb71-dc9a-4585-98d1-4262d162dcfb,1.7773402045109412e+18
3e62bb71-dc9a-4585-98d1-4262d162dcfb,1.7773402045442842e+18
3e62bb71-dc9a-4585-98d1-4262d162dcfb,1.777340204577626e+18
3e62bb71-dc9a-4585-98d1-4262d162dcfb,1.777340204610968e+18
3e62bb71-dc9a-4585-98d1-4262d162dcfb,1.777340204644311e+18
3e62bb71-dc9a-4585-98d1-4262d162dcfb,1.777340204677653e+18
3e62bb71-dc9a-4585-98d1-4262d162dcfb,1.777340204710996e+18
3e62bb71-dc9a-4585-98d1-4262d162dcfb,1.7773402047443382e+18
3e62bb71-dc9a-4585-98d1-4262d162dcfb,1.7773402047776812e+18
3e62bb71-dc9a-4585-98d1-4262d162dcfb,1.777340204811023e+18
3e62bb71-dc9a-4585-98d1-4262d162dcfb,1.777340204844366e+18
3e62bb71-dc9a-4585-98d1-4262d162dcfb,1.777340204877708e+18
3e62bb71-dc9a-4585-98d1-4262d162dcfb,1.777340204911051e+18
3e62bb71-dc9a-4585-98d1-4262d162dcfb,1.777340204944393e+18
3e62bb71-dc9a-4585-98d1-4262d162dcfb,1.7773402049777352e+18
3e62bb71-dc9a-4585-98d1-4262d162dcfb,1.7773402050110781e+18
3e62bb71-dc9a-4585-98d1-4262d162dcfb,1.77734020504442e+18
3e62bb71-dc9a-4585-98d1-4262d162dcfb,1.777340205077763e+18
3e62bb71-dc9a-4585-98d1-4262d162dcfb,1.777340205111105e+18
3e62bb71-dc9a-4585-98d1-4262d162dcfb,1.777340205144448e+18
3e62bb71-dc9a-4585-98d1-4262d162dcfb,1.77734020517779e+18
3e62bb71-dc9a-4585-98d1-4262d162dcfb,1.7773402052111332e+18
3e62bb71-dc9a-4585-98d1-4262d162dcfb,1.7773402052444751e+18
3e62bb71-dc9a-4585-98d1-4262d162dcfb,1.777340205277817e+18
3e62bb71-dc9a-4585-98d1-4262d162dcfb,1.77734020531116e+18
3e62bb71-dc9a-4585-98d1-4262d162dcfb,1.777340205344502e+18
3e62bb71-dc9a-4585-98d1-4262d162dcfb,1.777340205377845e+18
3e62bb71-dc9a-4585-98d1-4262d162dcfb,1.777340205411187e+18
3e62bb71-dc9a-4585-98d1-4262d162dcfb,1.7773402054445302e+18
3e62bb71-dc9a-4585-98d1-4262d162dcfb,1.777340205477872e+18
3e62bb71-dc9a-4585-98d1-4262d162dcfb,1.777340205511215e+18
3e62bb71-dc9a-4585-98d1-4262d162dcfb,1.777340205544557e+18
3e62bb71-dc9a-4585-98d1-4262d162dcfb,1.777340205577899e+18
3e62bb71-dc9a-4585-98d1-4262d162dcfb,1.777340205611242e+18
3e62bb71-dc9a-4585-98d1-4262d162dcfb,1.7773402056445842e+18
3e62bb71-dc9a-4585-98d1-4262d162dcfb,1.7773402056779272e+18
3e62bb71-dc9a-4585-98d1-4262d162dcfb,1.777340205711269e+18
3e62bb71-dc9a-4585-98d1-4262d162dcfb,1.777340205744612e+18
3e62bb71-dc9a-4585-98d1-4262d162dcfb,1.777340205777954e+18
3e62bb71-dc9a-4585-98d1-4262d162dcfb,1.777340205811297e+18
3e62bb71-dc9a-4585-98d1-4262d162dcfb,1.777340205844639e+18
3e62bb71-dc9a-4585-98d1-4262d162dcfb,1.7773402058779812e+18
3e62bb71-dc9a-4585-98d1-4262d162dcfb,1.7773402059113242e+18
3e62bb71-dc9a-4585-98d1-4262d162dcfb,1.777340205944666e+18
3e62bb71-dc9a-4585-98d1-4262d162dcfb,1.777340205978009e+18
3e62bb71-dc9a-4585-98d1-4262d162dcfb,1.777340206011351e+18
3e62bb71-dc9a-4585-98d1-4262d162dcfb,1.777340206044694e+18
3e62bb71-dc9a-4585-98d1-4262d162dcfb,1.777340206078036e+18
3e62bb71-dc9a-4585-98d1-4262d162dcfb,1.777340206111379e+18
3e62bb71-dc9a-4585-98d1-4262d162dcfb,1.7773402061447212e+18
3e62bb71-dc9a-4585-98d1-4262d162dcfb,1.777340206178063e+18
3e62bb71-dc9a-4585-98d1-4262d162dcfb,1.777340206211406e+18
3e62bb71-dc9a-4585-98d1-4262d162dcfb,1.777340206244748e+18
3e62bb71-dc9a-4585-98d1-4262d162dcfb,1.777340206278091e+18
3e62bb71-dc9a-4585-98d1-4262d162dcfb,1.777340206311433e+18
3e62bb71-dc9a-4585-98d1-4262d162dcfb,1.7773402063447762e+18
3e62bb71-dc9a-4585-98d1-4262d162dcfb,1.7773402063781181e+18
3e62bb71-dc9a-4585-98d1-4262d162dcfb,1.777340206411461e+18
3e62bb71-dc9a-4585-98d1-4262d162dcfb,1.777340206444803e+18
3e62bb71-dc9a-4585-98d1-4262d162dcfb,1.777340206478145e+18
3e62bb71-dc9a-4585-98d1-4262d162dcfb,1.777340206511488e+18
3e62bb71-dc9a-4585-98d1-4262d162dcfb,1.77734020654483e+18
3e62bb71-dc9a-4585-98d1-4262d162dcfb,1.7773402065781732e+18
3e62bb71-dc9a-4585-98d1-4262d162dcfb,1.7773402066115151e+18
3e62bb71-dc9a-4585-98d1-4262d162dcfb,1.777340206644858e+18
3e62bb71-dc9a-4585-98d1-4262d162dcfb,1.7773402066782e+18
3e62bb71-dc9a-4585-98d1-4262d162dcfb,1.777340206711543e+18
3e62bb71-dc9a-4585-98d1-4262d162dcfb,1.777340206744885e+18
3e62bb71-dc9a-4585-98d1-4262d162dcfb,1.777340206778228e+18
3e62bb71-dc9a-4585-98d1-4262d162dcfb,1.7773402068115702e+18
3e62bb71-dc9a-4585-98d1-4262d162dcfb,1.777340206844912e+18
3e62bb71-dc9a-4585-98d1-4262d162dcfb,1.777340206878255e+18
3e62bb71-dc9a-4585-98d1-4262d162dcfb,1.777340206911597e+18
3e62bb71-dc9a-4585-98d1-4262d162dcfb,1.77734020694494e+18
3e62bb71-dc9a-4585-98d1-4262d162dcfb,1.777340206978282e+18
3e62bb71-dc9a-4585-98d1-4262d162dcfb,1.777340207011625e+18
3e62bb71-dc9a-4585-98d1-4262d162dcfb,1.7773402070449672e+18
3e62bb71-dc9a-4585-98d1-4262d162dcfb,1.7773402070783101e+18
3e62bb71-dc9a-4585-98d1-4262d162dcfb,1.777340207111652e+18
3e62bb71-dc9a-4585-98d1-4262d162dcfb,1.777340207144994e+18
3e62bb71-dc9a-4585-98d1-4262d162dcfb,1.777340207178337e+18
3e62bb71-dc9a-4585-98d1-4262d162dcfb,1.777340207211679e+18
3e62bb71-dc9a-4585-98d1-4262d162dcfb,1.777340207245022e+18
3e62bb71-dc9a-4585-98d1-4262d162dcfb,1.7773402072783642e+18
3e62bb71-dc9a-4585-98d1-4262d162dcfb,1.7773402073117071e+18
3e62bb71-dc9a-4585-98d1-4262d162dcfb,1.777340207345049e+18
3e62bb71-dc9a-4585-98d1-4262d162dcfb,1.777340207378392e+18
3e62bb71-dc9a-4585-98d1-4262d162dcfb,1.777340207411734e+18
3e62bb71-dc9a-4585-98d1-4262d162dcfb,1.777340207445076e+18
3e62bb71-dc9a-4585-98d1-4262d162dcfb,1.777340207478419e+18
3e62bb71-dc9a-4585-98d1-4262d162dcfb,1.7773402075117612e+18
3e62bb71-dc9a-4585-98d1-4262d162dcfb,1.7773402075451041e+18
3e62bb71-dc9a-4585-98d1-4262d162dcfb,1.777340207578446e+18
3e62bb71-dc9a-4585-98d1-4262d162dcfb,1.777340207611789e+18
3e62bb71-dc9a-4585-98d1-4262d162dcfb,1.777340207645131e+18
3e62bb71-dc9a-4585-98d1-4262d162dcfb,1.777340207678474e+18
3e62bb71-dc9a-4585-98d1-4262d162dcfb,1.7773402077118162e+18
3e62bb71-dc9a-4585-98d1-4262d162dcfb,1.7773402077451581e+18
3e62bb71-dc9a-4585-98d1-4262d162dcfb,1.777340207778501e+18
3e62bb71-dc9a-4585-98d1-4262d162dcfb,1.777340207811843e+18
3e62bb71-dc9a-4585-98d1-4262d162dcfb,1.777340207845186e+18
3e62bb71-dc9a-4585-98d1-4262d162dcfb,1.777340207878528e+18
3e62bb71-dc9a-4585-98d1-4262d162dcfb,1.777340207911871e+18
3e62bb71-dc9a-4585-98d1-4262d162dcfb,1.7773402079452132e+18
3e62bb71-dc9a-4585-98d1-4262d162dcfb,1.7773402079785562e+18
3e62bb71-dc9a-4585-98d1-4262d162dcfb,1.777340208011898e+18
3e62bb71-dc9a-4585-98d1-4262d162dcfb,1.77734020804524e+18
3e62bb71-dc9a-4585-98d1-4262d162dcfb,1.777340208078583e+18
3e62bb71-dc9a-4585-98d1-4262d162dcfb,1.777340208111925e+18
3e62bb71-dc9a-4585-98d1-4262d162dcfb,1.777340208145268e+18
3e62bb71-dc9a-4585-98d1-4262d162dcfb,1.7773402081786102e+18
3e62bb71-dc9a-4585-98d1-4262d162dcfb,1.7773402082119532e+18
3e62bb71-dc9a-4585-98d1-4262d162dcfb,1.777340208245295e+18
3e62bb71-dc9a-4585-98d1-4262d162dcfb,1.777340208278638e+18
3e62bb71-dc9a-4585-98d1-4262d162dcfb,1.77734020831198e+18
3e62bb71-dc9a-4585-98d1-4262d162dcfb,1.777340208345323e+18
3e62bb71-dc9a-4585-98d1-4262d162dcfb,1.777340208378665e+18
3e62bb71-dc9a-4585-98d1-4262d162dcfb,1.7773402084120072e+18
3e62bb71-dc9a-4585-98d1-4262d162dcfb,1.7773402084453501e+18
3e62bb71-dc9a-4585-98d1-4262d162dcfb,1.777340208478692e+18
3e62bb71-dc9a-4585-98d1-4262d162dcfb,1.777340208512035e+18
3e62bb71-dc9a-4585-98d1-4262d162dcfb,1.777340208545377e+18
3e62bb71-dc9a-4585-98d1-4262d162dcfb,1.77734020857872e+18
3e62bb71-dc9a-4585-98d1-4262d162dcfb,1.777340208612062e+18
3e62bb71-dc9a-4585-98d1-4262d162dcfb,1.7773402086454052e+18
3e62bb71-dc9a-4585-98d1-4262d162dcfb,1.7773402086787471e+18
3e62bb71-dc9a-4585-98d1-4262d162dcfb,1.777340208712089e+18
3e62bb71-dc9a-4585-98d1-4262d162dcfb,1.777340208745432e+18
3e62bb71-dc9a-4585-98d1-4262d162dcfb,1.777340208778774e+18
3e62bb71-dc9a-4585-98d1-4262d162dcfb,1.777340208812117e+18
3e62bb71-dc9a-4585-98d1-4262d162dcfb,1.777340208845459e+18
3e62bb71-dc9a-4585-98d1-4262d162dcfb,1.7773402088788022e+18
3e62bb71-dc9a-4585-98d1-4262d162dcfb,1.7773402089121441e+18
3e62bb71-dc9a-4585-98d1-4262d162dcfb,1.777340208945487e+18
3e62bb71-dc9a-4585-98d1-4262d162dcfb,1.777340208978829e+18
3e62bb71-dc9a-4585-98d1-4262d162dcfb,1.777340209012171e+18
3e62bb71-dc9a-4585-98d1-4262d162dcfb,1.777340209045514e+18
3e62bb71-dc9a-4585-98d1-4262d162dcfb,1.7773402090788562e+18
3e62bb71-dc9a-4585-98d1-4262d162dcfb,1.7773402091121992e+18
3e62bb71-dc9a-4585-98d1-4262d162dcfb,1.777340209145541e+18
3e62bb71-dc9a-4585-98d1-4262d162dcfb,1.777340209178884e+18
3e62bb71-dc9a-4585-98d1-4262d162dcfb,1.777340209212226e+18
3e62bb71-dc9a-4585-98d1-4262d162dcfb,1.777340209245569e+18
3e62bb71-dc9a-4585-98d1-4262d162dcfb,1.777340209278911e+18
3e62bb71-dc9a-4585-98d1-4262d162dcfb,1.777340209312254e+18
3e62bb71-dc9a-4585-98d1-4262d162dcfb,1.7773402093455962e+18
3e62bb71-dc9a-4585-98d1-4262d162dcfb,1.777340209378938e+18
3e62bb71-dc9a-4585-98d1-4262d162dcfb,1.777340209412281e+18
3e62bb71-dc9a-4585-98d1-4262d162dcfb,1.777340209445623e+18
3e62bb71-dc9a-4585-98d1-4262d162dcfb,1.777340209478966e+18
3e62bb71-dc9a-4585-98d1-4262d162dcfb,1.777340209512308e+18
3e62bb71-dc9a-4585-98d1-4262d162dcfb,1.777340209545651e+18
3e62bb71-dc9a-4585-98d1-4262d162dcfb,1.7773402095789932e+18
3e62bb71-dc9a-4585-98d1-4262d162dcfb,1.777340209612336e+18
3e62bb71-dc9a-4585-98d1-4262d162dcfb,1.777340209645678e+18
3e62bb71-dc9a-4585-98d1-4262d162dcfb,1.77734020967902e+18
3e62bb71-dc9a-4585-98d1-4262d162dcfb,1.777340209712363e+18
3e62bb71-dc9a-4585-98d1-4262d162dcfb,1.777340209745705e+18
3e62bb71-dc9a-4585-98d1-4262d162dcfb,1.7773402097790482e+18
3e62bb71-dc9a-4585-98d1-4262d162dcfb,1.7773402098123901e+18
3e62bb71-dc9a-4585-98d1-4262d162dcfb,1.777340209845733e+18
3e62bb71-dc9a-4585-98d1-4262d162dcfb,1.777340209879075e+18
3e62bb71-dc9a-4585-98d1-4262d162dcfb,1.777340209912418e+18
3e62bb71-dc9a-4585-98d1-4262d162dcfb,1.77734020994576e+18
3e62bb71-dc9a-4585-98d1-4262d162dcfb,1.777340209979102e+18
3e62bb71-dc9a-4585-98d1-4262d162dcfb,1.7773402100124452e+18
3e62bb71-dc9a-4585-98d1-4262d162dcfb,1.7773402100457871e+18
3e62bb71-dc9a-4585-98d1-4262d162dcfb,1.77734021007913e+18
3e62bb71-dc9a-4585-98d1-4262d162dcfb,1.777340210112472e+18
3e62bb71-dc9a-4585-98d1-4262d162dcfb,1.777340210145815e+18
3e62bb71-dc9a-4585-98d1-4262d162dcfb,1.777340210179157e+18
3e62bb71-dc9a-4585-98d1-4262d162dcfb,1.7773402102125e+18
3e62bb71-dc9a-4585-98d1-4262d162dcfb,1.7773402102458422e+18
3e62bb71-dc9a-4585-98d1-4262d162dcfb,1.7773402102791841e+18
3e62bb71-dc9a-4585-98d1-4262d162dcfb,1.777340210312527e+18
3e62bb71-dc9a-4585-98d1-4262d162dcfb,1.777340210345869e+18
3e62bb71-dc9a-4585-98d1-4262d162dcfb,1.777340210379212e+18
3e62bb71-dc9a-4585-98d1-4262d162dcfb,1.777340210412554e+18
3e62bb71-dc9a-4585-98d1-4262d162dcfb,1.777340210445897e+18
3e62bb71-dc9a-4585-98d1-4262d162dcfb,1.7773402104792392e+18
3e62bb71-dc9a-4585-98d1-4262d162dcfb,1.7773402105125821e+18
3e62bb71-dc9a-4585-98d1-4262d162dcfb,1.777340210545924e+18
3e62bb71-dc9a-4585-98d1-4262d162dcfb,1.777340210579266e+18
3e62bb71-dc9a-4585-98d1-4262d162dcfb,1.777340210612609e+18
3e62bb71-dc9a-4585-98d1-4262d162dcfb,1.777340210645951e+18
3e62bb71-dc9a-4585-98d1-4262d162dcfb,1.777340210679294e+18
3e62bb71-dc9a-4585-98d1-4262d162dcfb,1.7773402107126362e+18
3e62bb71-dc9a-4585-98d1-4262d162dcfb,1.7773402107459791e+18
3e62bb71-dc9a-4585-98d1-4262d162dcfb,1.777340210779321e+18
3e62bb71-dc9a-4585-98d1-4262d162dcfb,1.777340210812664e+18
3e62bb71-dc9a-4585-98d1-4262d162dcfb,1.777340210846006e+18
3e62bb71-dc9a-4585-98d1-4262d162dcfb,1.777340210879348e+18
3e62bb71-dc9a-4585-98d1-4262d162dcfb,1.777340210912691e+18
3e62bb71-dc9a-4585-98d1-4262d162dcfb,1.7773402109460332e+18
3e62bb71-dc9a-4585-98d1-4262d162dcfb,1.777340210979376e+18
3e62bb71-dc9a-4585-98d1-4262d162dcfb,1.777340211012718e+18
3e62bb71-dc9a-4585-98d1-4262d162dcfb,1.777340211046061e+18
3e62bb71-dc9a-4585-98d1-4262d162dcfb,1.777340211079403e+18
3e62bb71-dc9a-4585-98d1-4262d162dcfb,1.777340211112746e+18
3e62bb71-dc9a-4585-98d1-4262d162dcfb,1.7773402111460882e+18
3e62bb71-dc9a-4585-98d1-4262d162dcfb,1.7773402111794312e+18
3e62bb71-dc9a-4585-98d1-4262d162dcfb,1.777340211212773e+18
3e62bb71-dc9a-4585-98d1-4262d162dcfb,1.777340211246115e+18
3e62bb71-dc9a-4585-98d1-4262d162dcfb,1.777340211279458e+18
3e62bb71-dc9a-4585-98d1-4262d162dcfb,1.7773402113128e+18
3e62bb71-dc9a-4585-98d1-4262d162dcfb,1.777340211346143e+18
3e62bb71-dc9a-4585-98d1-4262d162dcfb,1.7773402113794852e+18
3e62bb71-dc9a-4585-98d1-4262d162dcfb,1.7773402114128282e+18
3e62bb71-dc9a-4585-98d1-4262d162dcfb,1.77734021144617e+18
3e62bb71-dc9a-4585-98d1-4262d162dcfb,1.777340211479513e+18
3e62bb71-dc9a-4585-98d1-4262d162dcfb,1.777340211512855e+18
3e62bb71-dc9a-4585-98d1-4262d162dcfb,1.777340211546197e+18
3e62bb71-dc9a-4585-98d1-4262d162dcfb,1.77734021157954e+18
3e62bb71-dc9a-4585-98d1-4262d162dcfb,1.7773402116128822e+18
3e62bb71-dc9a-4585-98d1-4262d162dcfb,1.7773402116462252e+18
3e62bb71-dc9a-4585-98d1-4262d162dcfb,1.777340211679567e+18
3e62bb71-dc9a-4585-98d1-4262d162dcfb,1.77734021171291e+18
3e62bb71-dc9a-4585-98d1-4262d162dcfb,1.777340211746252e+18
3e62bb71-dc9a-4585-98d1-4262d162dcfb,1.777340211779595e+18
3e62bb71-dc9a-4585-98d1-4262d162dcfb,1.777340211812937e+18
3e62bb71-dc9a-4585-98d1-4262d162dcfb,1.7773402118462792e+18
3e62bb71-dc9a-4585-98d1-4262d162dcfb,1.7773402118796221e+18
3e62bb71-dc9a-4585-98d1-4262d162dcfb,1.777340211912964e+18
3e62bb71-dc9a-4585-98d1-4262d162dcfb,1.777340211946307e+18
3e62bb71-dc9a-4585-98d1-4262d162dcfb,1.777340211979649e+18
3e62bb71-dc9a-4585-98d1-4262d162dcfb,1.777340212012992e+18
3e62bb71-dc9a-4585-98d1-4262d162dcfb,1.777340212046334e+18
3e62bb71-dc9a-4585-98d1-4262d162dcfb,1.7773402120796772e+18
3e62bb71-dc9a-4585-98d1-4262d162dcfb,1.7773402121130191e+18
3e62bb71-dc9a-4585-98d1-4262d162dcfb,1.777340212146361e+18
3e62bb71-dc9a-4585-98d1-4262d162dcfb,1.777340212179704e+18
3e62bb71-dc9a-4585-98d1-4262d162dcfb,1.777340212213046e+18
3e62bb71-dc9a-4585-98d1-4262d162dcfb,1.777340212246389e+18
3e62bb71-dc9a-4585-98d1-4262d162dcfb,1.777340212279731e+18
3e62bb71-dc9a-4585-98d1-4262d162dcfb,1.7773402123130742e+18
3e62bb71-dc9a-4585-98d1-4262d162dcfb,1.777340212346416e+18
3e62bb71-dc9a-4585-98d1-4262d162dcfb,1.777340212379759e+18
3e62bb71-dc9a-4585-98d1-4262d162dcfb,1.777340212413101e+18
3e62bb71-dc9a-4585-98d1-4262d162dcfb,1.777340212446444e+18
3e62bb71-dc9a-4585-98d1-4262d162dcfb,1.777340212479786e+18
3e62bb71-dc9a-4585-98d1-4262d162dcfb,1.7773402125131282e+18
3e62bb71-dc9a-4585-98d1-4262d162dcfb,1.7773402125464712e+18
3e62bb71-dc9a-4585-98d1-4262d162dcfb,1.777340212579813e+18
3e62bb71-dc9a-4585-98d1-4262d162dcfb,1.777340212613156e+18
3e62bb71-dc9a-4585-98d1-4262d162dcfb,1.777340212646498e+18
3e62bb71-dc9a-4585-98d1-4262d162dcfb,1.777340212679841e+18
3e62bb71-dc9a-4585-98d1-4262d162dcfb,1.777340212713183e+18
3e62bb71-dc9a-4585-98d1-4262d162dcfb,1.7773402127465252e+18
3e62bb71-dc9a-4585-98d1-4262d162dcfb,1.7773402127798682e+18
3e62bb71-dc9a-4585-98d1-4262d162dcfb,1.77734021281321e+18
3e62bb71-dc9a-4585-98d1-4262d162dcfb,1.777340212846553e+18
3e62bb71-dc9a-4585-98d1-4262d162dcfb,1.777340212879895e+18
3e62bb71-dc9a-4585-98d1-4262d162dcfb,1.777340212913238e+18
3e62bb71-dc9a-4585-98d1-4262d162dcfb,1.77734021294658e+18
3e62bb71-dc9a-4585-98d1-4262d162dcfb,1.777340212979923e+18
3e62bb71-dc9a-4585-98d1-4262d162dcfb,1.7773402130132652e+18
3e62bb71-dc9a-4585-98d1-4262d162dcfb,1.7773402130466081e+18
3e62bb71-dc9a-4585-98d1-4262d162dcfb,1.77734021307995e+18
3e62bb71-dc9a-4585-98d1-4262d162dcfb,1.777340213113292e+18
3e62bb71-dc9a-4585-98d1-4262d162dcfb,1.777340213146635e+18
3e62bb71-dc9a-4585-98d1-4262d162dcfb,1.777340213179977e+18
3e62bb71-dc9a-4585-98d1-4262d162dcfb,1.7773402132133202e+18
3e62bb71-dc9a-4585-98d1-4262d162dcfb,1.7773402132466621e+18
3e62bb71-dc9a-4585-98d1-4262d162dcfb,1.777340213280005e+18
3e62bb71-dc9a-4585-98d1-4262d162dcfb,1.777340213313347e+18
3e62bb71-dc9a-4585-98d1-4262d162dcfb,1.77734021334669e+18
3e62bb71-dc9a-4585-98d1-4262d162dcfb,1.777340213380032e+18
3e62bb71-dc9a-4585-98d1-4262d162dcfb,1.777340213413374e+18
3e62bb71-dc9a-4585-98d1-4262d162dcfb,1.7773402134467172e+18
3e62bb71-dc9a-4585-98d1-4262d162dcfb,1.7773402134800591e+18
3e62bb71-dc9a-4585-98d1-4262d162dcfb,1.777340213513402e+18
3e62bb71-dc9a-4585-98d1-4262d162dcfb,1.777340213546744e+18
3e62bb71-dc9a-4585-98d1-4262d162dcfb,1.777340213580087e+18
3e62bb71-dc9a-4585-98d1-4262d162dcfb,1.777340213613429e+18
3e62bb71-dc9a-4585-98d1-4262d162dcfb,1.777340213646772e+18
3e62bb71-dc9a-4585-98d1-4262d162dcfb,1.7773402136801142e+18
3e62bb71-dc9a-4585-98d1-4262d162dcfb,1.777340213713456e+18
3e62bb71-dc9a-4585-98d1-4262d162dcfb,1.777340213746799e+18
3e62bb71-dc9a-4585-98d1-4262d162dcfb,1.777340213780141e+18
3e62bb71-dc9a-4585-98d1-4262d162dcfb,1.777340213813484e+18
3e62bb71-dc9a-4585-98d1-4262d162dcfb,1.777340213846826e+18
3e62bb71-dc9a-4585-98d1-4262d162dcfb,1.777340213880169e+18
3e62bb71-dc9a-4585-98d1-4262d162dcfb,1.7773402139135112e+18
3e62bb71-dc9a-4585-98d1-4262d162dcfb,1.7773402139468541e+18
3e62bb71-dc9a-4585-98d1-4262d162dcfb,1.777340213980196e+18
3e62bb71-dc9a-4585-98d1-4262d162dcfb,1.777340214013538e+18
3e62bb71-dc9a-4585-98d1-4262d162dcfb,1.777340214046881e+18
3e62bb71-dc9a-4585-98d1-4262d162dcfb,1.777340214080223e+18
3e62bb71-dc9a-4585-98d1-4262d162dcfb,1.777340214113566e+18
3e62bb71-dc9a-4585-98d1-4262d162dcfb,1.7773402141469082e+18
3e62bb71-dc9a-4585-98d1-4262d162dcfb,1.7773402141802511e+18
3e62bb71-dc9a-4585-98d1-4262d162dcfb,1.777340214213593e+18
3e62bb71-dc9a-4585-98d1-4262d162dcfb,1.777340214246936e+18
3e62bb71-dc9a-4585-98d1-4262d162dcfb,1.777340214280278e+18
3e62bb71-dc9a-4585-98d1-4262d162dcfb,1.77734021431362e+18
3e62bb71-dc9a-4585-98d1-4262d162dcfb,1.777340214346963e+18
3e62bb71-dc9a-4585-98d1-4262d162dcfb,1.7773402143803052e+18
3e62bb71-dc9a-4585-98d1-4262d162dcfb,1.7773402144136481e+18
3e62bb71-dc9a-4585-98d1-4262d162dcfb,1.77734021444699e+18
3e62bb71-dc9a-4585-98d1-4262d162dcfb,1.777340214480333e+18
3e62bb71-dc9a-4585-98d1-4262d162dcfb,1.777340214513675e+18
3e62bb71-dc9a-4585-98d1-4262d162dcfb,1.777340214547018e+18
3e62bb71-dc9a-4585-98d1-4262d162dcfb,1.7773402145803602e+18
3e62bb71-dc9a-4585-98d1-4262d162dcfb,1.7773402146137021e+18
3e62bb71-dc9a-4585-98d1-4262d162dcfb,1.777340214647045e+18
3e62bb71-dc9a-4585-98d1-4262d162dcfb,1.777340214680387e+18
3e62bb71-dc9a-4585-98d1-4262d162dcfb,1.77734021471373e+18
3e62bb71-dc9a-4585-98d1-4262d162dcfb,1.777340214747072e+18
3e62bb71-dc9a-4585-98d1-4262d162dcfb,1.777340214780415e+18
3e62bb71-dc9a-4585-98d1-4262d162dcfb,1.7773402148137572e+18
3e62bb71-dc9a-4585-98d1-4262d162dcfb,1.7773402148471002e+18
3e62bb71-dc9a-4585-98d1-4262d162dcfb,1.777340214880442e+18
3e62bb71-dc9a-4585-98d1-4262d162dcfb,1.777340214913785e+18
3e62bb71-dc9a-4585-98d1-4262d162dcfb,1.777340214947127e+18
3e62bb71-dc9a-4585-98d1-4262d162dcfb,1.777340214980469e+18
3e62bb71-dc9a-4585-98d1-4262d162dcfb,1.777340215013812e+18
3e62bb71-dc9a-4585-98d1-4262d162dcfb,1.7773402150471542e+18
3e62bb71-dc9a-4585-98d1-4262d162dcfb,1.7773402150804972e+18
3e62bb71-dc9a-4585-98d1-4262d162dcfb,1.777340215113839e+18
3e62bb71-dc9a-4585-98d1-4262d162dcfb,1.777340215147182e+18
3e62bb71-dc9a-4585-98d1-4262d162dcfb,1.777340215180524e+18
3e62bb71-dc9a-4585-98d1-4262d162dcfb,1.777340215213867e+18
3e62bb71-dc9a-4585-98d1-4262d162dcfb,1.777340215247209e+18
3e62bb71-dc9a-4585-98d1-4262d162dcfb,1.7773402152805512e+18
3e62bb71-dc9a-4585-98d1-4262d162dcfb,1.7773402153138941e+18
3e62bb71-dc9a-4585-98d1-4262d162dcfb,1.777340215347236e+18
3e62bb71-dc9a-4585-98d1-4262d162dcfb,1.777340215380579e+18
3e62bb71-dc9a-4585-98d1-4262d162dcfb,1.777340215413921e+18
3e62bb71-dc9a-4585-98d1-4262d162dcfb,1.777340215447264e+18
3e62bb71-dc9a-4585-98d1-4262d162dcfb,1.777340215480606e+18
3e62bb71-dc9a-4585-98d1-4262d162dcfb,1.7773402155139492e+18
3e62bb71-dc9a-4585-98d1-4262d162dcfb,1.7773402155472911e+18
3e62bb71-dc9a-4585-98d1-4262d162dcfb,1.777340215580633e+18
3e62bb71-dc9a-4585-98d1-4262d162dcfb,1.777340215613976e+18
3e62bb71-dc9a-4585-98d1-4262d162dcfb,1.777340215647318e+18
3e62bb71-dc9a-4585-98d1-4262d162dcfb,1.777340215680661e+18
3e62bb71-dc9a-4585-98d1-4262d162dcfb,1.777340215714003e+18
3e62bb71-dc9a-4585-98d1-4262d162dcfb,1.7773402157473462e+18
3e62bb71-dc9a-4585-98d1-4262d162dcfb,1.7773402157806881e+18
3e62bb71-dc9a-4585-98d1-4262d162dcfb,1.777340215814031e+18
3e62bb71-dc9a-4585-98d1-4262d162dcfb,1.777340215847373e+18
3e62bb71-dc9a-4585-98d1-4262d162dcfb,1.777340215880715e+18
3e62bb71-dc9a-4585-98d1-4262d162dcfb,1.777340215914058e+18
3e62bb71-dc9a-4585-98d1-4262d162dcfb,1.7773402159474002e+18
3e62bb71-dc9a-4585-98d1-4262d162dcfb,1.7773402159807432e+18
3e62bb71-dc9a-4585-98d1-4262d162dcfb,1.777340216014085e+18
3e62bb71-dc9a-4585-98d1-4262d162dcfb,1.777340216047428e+18
3e62bb71-dc9a-4585-98d1-4262d162dcfb,1.77734021608077e+18
3e62bb71-dc9a-4585-98d1-4262d162dcfb,1.777340216114113e+18
3e62bb71-dc9a-4585-98d1-4262d162dcfb,1.777340216147455e+18
3e62bb71-dc9a-4585-98d1-4262d162dcfb,1.7773402161807972e+18
3e62bb71-dc9a-4585-98d1-4262d162dcfb,1.7773402162141402e+18
3e62bb71-dc9a-4585-98d1-4262d162dcfb,1.777340216247482e+18
3e62bb71-dc9a-4585-98d1-4262d162dcfb,1.777340216280825e+18
3e62bb71-dc9a-4585-98d1-4262d162dcfb,1.777340216314167e+18
3e62bb71-dc9a-4585-98d1-4262d162dcfb,1.77734021634751e+18
3e62bb71-dc9a-4585-98d1-4262d162dcfb,1.777340216380852e+18
3e62bb71-dc9a-4585-98d1-4262d162dcfb,1.777340216414195e+18
3e62bb71-dc9a-4585-98d1-4262d162dcfb,1.7773402164475372e+18
3e62bb71-dc9a-4585-98d1-4262d162dcfb,1.777340216480879e+18
3e62bb71-dc9a-4585-98d1-4262d162dcfb,1.777340216514222e+18
3e62bb71-dc9a-4585-98d1-4262d162dcfb,1.777340216547564e+18
3e62bb71-dc9a-4585-98d1-4262d162dcfb,1.777340216580907e+18
3e62bb71-dc9a-4585-98d1-4262d162dcfb,1.777340216614249e+18
3e62bb71-dc9a-4585-98d1-4262d162dcfb,1.7773402166475922e+18
3e62bb71-dc9a-4585-98d1-4262d162dcfb,1.7773402166809341e+18
3e62bb71-dc9a-4585-98d1-4262d162dcfb,1.777340216714277e+18
3e62bb71-dc9a-4585-98d1-4262d162dcfb,1.777340216747619e+18
3e62bb71-dc9a-4585-98d1-4262d162dcfb,1.777340216780962e+18
3e62bb71-dc9a-4585-98d1-4262d162dcfb,1.777340216814304e+18
3e62bb71-dc9a-4585-98d1-4262d162dcfb,1.777340216847646e+18
3e62bb71-dc9a-4585-98d1-4262d162dcfb,1.7773402168809892e+18
3e62bb71-dc9a-4585-98d1-4262d162dcfb,1.7773402169143311e+18
3e62bb71-dc9a-4585-98d1-4262d162dcfb,1.777340216947674e+18
3e62bb71-dc9a-4585-98d1-4262d162dcfb,1.777340216981016e+18
3e62bb71-dc9a-4585-98d1-4262d162dcfb,1.777340217014359e+18
3e62bb71-dc9a-4585-98d1-4262d162dcfb,1.777340217047701e+18
3e62bb71-dc9a-4585-98d1-4262d162dcfb,1.777340217081044e+18
3e62bb71-dc9a-4585-98d1-4262d162dcfb,1.7773402171143862e+18
3e62bb71-dc9a-4585-98d1-4262d162dcfb,1.7773402171477281e+18
3e62bb71-dc9a-4585-98d1-4262d162dcfb,1.777340217181071e+18
3e62bb71-dc9a-4585-98d1-4262d162dcfb,1.777340217214413e+18
3e62bb71-dc9a-4585-98d1-4262d162dcfb,1.777340217247756e+18
3e62bb71-dc9a-4585-98d1-4262d162dcfb,1.777340217281098e+18
3e62bb71-dc9a-4585-98d1-4262d162dcfb,1.777340217314441e+18
3e62bb71-dc9a-4585-98d1-4262d162dcfb,1.7773402173477832e+18
3e62bb71-dc9a-4585-98d1-4262d162dcfb,1.7773402173811261e+18
3e62bb71-dc9a-4585-98d1-4262d162dcfb,1.777340217414468e+18
3e62bb71-dc9a-4585-98d1-4262d162dcfb,1.77734021744781e+18
3e62bb71-dc9a-4585-98d1-4262d162dcfb,1.777340217481153e+18
3e62bb71-dc9a-4585-98d1-4262d162dcfb,1.777340217514495e+18
3e62bb71-dc9a-4585-98d1-4262d162dcfb,1.777340217547838e+18
3e62bb71-dc9a-4585-98d1-4262d162dcfb,1.7773402175811802e+18
3e62bb71-dc9a-4585-98d1-4262d162dcfb,1.7773402176145231e+18
3e62bb71-dc9a-4585-98d1-4262d162dcfb,1.777340217647865e+18
3e62bb71-dc9a-4585-98d1-4262d162dcfb,1.777340217681208e+18
3e62bb71-dc9a-4585-98d1-4262d162dcfb,1.77734021771455e+18
3e62bb71-dc9a-4585-98d1-4262d162dcfb,1.777340217747892e+18
3e62bb71-dc9a-4585-98d1-4262d162dcfb,1.777340217781235e+18
3e62bb71-dc9a-4585-98d1-4262d162dcfb,1.7773402178145772e+18
3e62bb71-dc9a-4585-98d1-4262d162dcfb,1.77734021784792e+18
3e62bb71-dc9a-4585-98d1-4262d162dcfb,1.777340217881262e+18
3e62bb71-dc9a-4585-98d1-4262d162dcfb,1.777340217914605e+18
3e62bb71-dc9a-4585-98d1-4262d162dcfb,1.777340217947947e+18
3e62bb71-dc9a-4585-98d1-4262d162dcfb,1.77734021798129e+18
3e62bb71-dc9a-4585-98d1-4262d162dcfb,1.7773402180146322e+18
3e62bb71-dc9a-4585-98d1-4262d162dcfb,1.7773402180479741e+18
3e62bb71-dc9a-4585-98d1-4262d162dcfb,1.777340218081317e+18
3e62bb71-dc9a-4585-98d1-4262d162dcfb,1.777340218114659e+18
3e62bb71-dc9a-4585-98d1-4262d162dcfb,1.777340218148002e+18
3e62bb71-dc9a-4585-98d1-4262d162dcfb,1.777340218181344e+18
3e62bb71-dc9a-4585-98d1-4262d162dcfb,1.777340218214687e+18
3e62bb71-dc9a-4585-98d1-4262d162dcfb,1.7773402182480292e+18
3e62bb71-dc9a-4585-98d1-4262d162dcfb,1.7773402182813722e+18
3e62bb71-dc9a-4585-98d1-4262d162dcfb,1.777340218314714e+18
3e62bb71-dc9a-4585-98d1-4262d162dcfb,1.777340218348056e+18
3e62bb71-dc9a-4585-98d1-4262d162dcfb,1.777340218381399e+18
3e62bb71-dc9a-4585-98d1-4262d162dcfb,1.777340218414741e+18
3e62bb71-dc9a-4585-98d1-4262d162dcfb,1.777340218448084e+18
3e62bb71-dc9a-4585-98d1-4262d162dcfb,1.7773402184814262e+18
3e62bb71-dc9a-4585-98d1-4262d162dcfb,1.7773402185147692e+18
3e62bb71-dc9a-4585-98d1-4262d162dcfb,1.777340218548111e+18
3e62bb71-dc9a-4585-98d1-4262d162dcfb,1.777340218581454e+18
3e62bb71-dc9a-4585-98d1-4262d162dcfb,1.777340218614796e+18
3e62bb71-dc9a-4585-98d1-4262d162dcfb,1.777340218648139e+18
3e62bb71-dc9a-4585-98d1-4262d162dcfb,1.777340218681481e+18
3e62bb71-dc9a-4585-98d1-4262d162dcfb,1.7773402187148232e+18
3e62bb71-dc9a-4585-98d1-4262d162dcfb,1.7773402187481661e+18
3e62bb71-dc9a-4585-98d1-4262d162dcfb,1.777340218781508e+18
3e62bb71-dc9a-4585-98d1-4262d162dcfb,1.777340218814851e+18
3e62bb71-dc9a-4585-98d1-4262d162dcfb,1.777340218848193e+18
3e62bb71-dc9a-4585-98d1-4262d162dcfb,1.777340218881536e+18
3e62bb71-dc9a-4585-98d1-4262d162dcfb,1.777340218914878e+18
3e62bb71-dc9a-4585-98d1-4262d162dcfb,1.7773402189482212e+18
3e62bb71-dc9a-4585-98d1-4262d162dcfb,1.7773402189815631e+18
3e62bb71-dc9a-4585-98d1-4262d162dcfb,1.777340219014905e+18
3e62bb71-dc9a-4585-98d1-4262d162dcfb,1.777340219048248e+18
3e62bb71-dc9a-4585-98d1-4262d162dcfb,1.77734021908159e+18
3e62bb71-dc9a-4585-98d1-4262d162dcfb,1.777340219114933e+18
3e62bb71-dc9a-4585-98d1-4262d162dcfb,1.777340219148275e+18
3e62bb71-dc9a-4585-98d1-4262d162dcfb,1.7773402191816182e+18
3e62bb71-dc9a-4585-98d1-4262d162dcfb,1.77734021921496e+18
3e62bb71-dc9a-4585-98d1-4262d162dcfb,1.777340219248303e+18
3e62bb71-dc9a-4585-98d1-4262d162dcfb,1.777340219281645e+18
3e62bb71-dc9a-4585-98d1-4262d162dcfb,1.777340219314987e+18
3e62bb71-dc9a-4585-98d1-4262d162dcfb,1.77734021934833e+18
3e62bb71-dc9a-4585-98d1-4262d162dcfb,1.7773402193816722e+18
3e62bb71-dc9a-4585-98d1-4262d162dcfb,1.7773402194150152e+18
3e62bb71-dc9a-4585-98d1-4262d162dcfb,1.777340219448357e+18
3e62bb71-dc9a-4585-98d1-4262d162dcfb,1.7773402194817e+18
3e62bb71-dc9a-4585-98d1-4262d162dcfb,1.777340219515042e+18
3e62bb71-dc9a-4585-98d1-4262d162dcfb,1.777340219548385e+18
3e62bb71-dc9a-4585-98d1-4262d162dcfb,1.777340219581727e+18
3e62bb71-dc9a-4585-98d1-4262d162dcfb,1.7773402196150692e+18
3e62bb71-dc9a-4585-98d1-4262d162dcfb,1.7773402196484122e+18
3e62bb71-dc9a-4585-98d1-4262d162dcfb,1.777340219681754e+18
3e62bb71-dc9a-4585-98d1-4262d162dcfb,1.777340219715097e+18
3e62bb71-dc9a-4585-98d1-4262d162dcfb,1.777340219748439e+18
3e62bb71-dc9a-4585-98d1-4262d162dcfb,1.777340219781782e+18
3e62bb71-dc9a-4585-98d1-4262d162dcfb,1.777340219815124e+18
3e62bb71-dc9a-4585-98d1-4262d162dcfb,1.777340219848467e+18
3e62bb71-dc9a-4585-98d1-4262d162dcfb,1.7773402198818092e+18
3e62bb71-dc9a-4585-98d1-4262d162dcfb,1.777340219915151e+18
3e62bb71-dc9a-4585-98d1-4262d162dcfb,1.777340219948494e+18
3e62bb71-dc9a-4585-98d1-4262d162dcfb,1.777340219981836e+18
3e62bb71-dc9a-4585-98d1-4262d162dcfb,1.777340220015179e+18
3e62bb71-dc9a-4585-98d1-4262d162dcfb,1.777340220048521e+18
3e62bb71-dc9a-4585-98d1-4262d162dcfb,1.7773402200818642e+18
3e62bb71-dc9a-4585-98d1-4262d162dcfb,1.7773402201152061e+18
3e62bb71-dc9a-4585-98d1-4262d162dcfb,1.777340220148549e+18
3e62bb71-dc9a-4585-98d1-4262d162dcfb,1.777340220181891e+18
3e62bb71-dc9a-4585-98d1-4262d162dcfb,1.777340220215233e+18
3e62bb71-dc9a-4585-98d1-4262d162dcfb,1.777340220248576e+18
3e62bb71-dc9a-4585-98d1-4262d162dcfb,1.777340220281918e+18
3e62bb71-dc9a-4585-98d1-4262d162dcfb,1.7773402203152612e+18
3e62bb71-dc9a-4585-98d1-4262d162dcfb,1.7773402203486031e+18
3e62bb71-dc9a-4585-98d1-4262d162dcfb,1.777340220381946e+18
3e62bb71-dc9a-4585-98d1-4262d162dcfb,1.777340220415288e+18
3e62bb71-dc9a-4585-98d1-4262d162dcfb,1.777340220448631e+18
3e62bb71-dc9a-4585-98d1-4262d162dcfb,1.777340220481973e+18
3e62bb71-dc9a-4585-98d1-4262d162dcfb,1.777340220515316e+18
3e62bb71-dc9a-4585-98d1-4262d162dcfb,1.7773402205486582e+18
3e62bb71-dc9a-4585-98d1-4262d162dcfb,1.777340220582e+18
3e62bb71-dc9a-4585-98d1-4262d162dcfb,1.777340220615343e+18
3e62bb71-dc9a-4585-98d1-4262d162dcfb,1.777340220648685e+18
3e62bb71-dc9a-4585-98d1-4262d162dcfb,1.777340220682028e+18
3e62bb71-dc9a-4585-98d1-4262d162dcfb,1.77734022071537e+18
3e62bb71-dc9a-4585-98d1-4262d162dcfb,1.777340220748713e+18
3e62bb71-dc9a-4585-98d1-4262d162dcfb,1.7773402207820552e+18
3e62bb71-dc9a-4585-98d1-4262d162dcfb,1.7773402208153981e+18
3e62bb71-dc9a-4585-98d1-4262d162dcfb,1.77734022084874e+18
3e62bb71-dc9a-4585-98d1-4262d162dcfb,1.777340220882082e+18
3e62bb71-dc9a-4585-98d1-4262d162dcfb,1.777340220915425e+18
3e62bb71-dc9a-4585-98d1-4262d162dcfb,1.777340220948767e+18
3e62bb71-dc9a-4585-98d1-4262d162dcfb,1.77734022098211e+18
3e62bb71-dc9a-4585-98d1-4262d162dcfb,1.7773402210154522e+18
3e62bb71-dc9a-4585-98d1-4262d162dcfb,1.7773402210487951e+18
3e62bb71-dc9a-4585-98d1-4262d162dcfb,1.777340221082137e+18
3e62bb71-dc9a-4585-98d1-4262d162dcfb,1.77734022111548e+18
3e62bb71-dc9a-4585-98d1-4262d162dcfb,1.777340221148822e+18
3e62bb71-dc9a-4585-98d1-4262d162dcfb,1.777340221182164e+18
3e62bb71-dc9a-4585-98d1-4262d162dcfb,1.777340221215507e+18
3e62bb71-dc9a-4585-98d1-4262d162dcfb,1.7773402212488492e+18
3e62bb71-dc9a-4585-98d1-4262d162dcfb,1.7773402212821921e+18
3e62bb71-dc9a-4585-98d1-4262d162dcfb,1.777340221315534e+18
3e62bb71-dc9a-4585-98d1-4262d162dcfb,1.777340221348877e+18
3e62bb71-dc9a-4585-98d1-4262d162dcfb,1.777340221382219e+18
3e62bb71-dc9a-4585-98d1-4262d162dcfb,1.777340221415562e+18
3e62bb71-dc9a-4585-98d1-4262d162dcfb,1.7773402214489042e+18
3e62bb71-dc9a-4585-98d1-4262d162dcfb,1.7773402214822461e+18
3e62bb71-dc9a-4585-98d1-4262d162dcfb,1.777340221515589e+18
3e62bb71-dc9a-4585-98d1-4262d162dcfb,1.777340221548931e+18
3e62bb71-dc9a-4585-98d1-4262d162dcfb,1.777340221582274e+18
3e62bb71-dc9a-4585-98d1-4262d162dcfb,1.777340221615616e+18
3e62bb71-dc9a-4585-98d1-4262d162dcfb,1.777340221648959e+18
3e62bb71-dc9a-4585-98d1-4262d162dcfb,1.7773402216823012e+18
3e62bb71-dc9a-4585-98d1-4262d162dcfb,1.7773402217156442e+18
3e62bb71-dc9a-4585-98d1-4262d162dcfb,1.777340221748986e+18
3e62bb71-dc9a-4585-98d1-4262d162dcfb,1.777340221782329e+18
3e62bb71-dc9a-4585-98d1-4262d162dcfb,1.777340221815671e+18
3e62bb71-dc9a-4585-98d1-4262d162dcfb,1.777340221849013e+18
3e62bb71-dc9a-4585-98d1-4262d162dcfb,1.777340221882356e+18
3e62bb71-dc9a-4585-98d1-4262d162dcfb,1.7773402219156982e+18
3e62bb71-dc9a-4585-98d1-4262d162dcfb,1.7773402219490412e+18
3e62bb71-dc9a-4585-98d1-4262d162dcfb,1.777340221982383e+18
3e62bb71-dc9a-4585-98d1-4262d162dcfb,1.777340222015726e+18
3e62bb71-dc9a-4585-98d1-4262d162dcfb,1.777340222049068e+18
3e62bb71-dc9a-4585-98d1-4262d162dcfb,1.77734022208241e+18
3e62bb71-dc9a-4585-98d1-4262d162dcfb,1.777340222115753e+18
3e62bb71-dc9a-4585-98d1-4262d162dcfb,1.7773402221490952e+18
3e62bb71-dc9a-4585-98d1-4262d162dcfb,1.7773402221824381e+18
3e62bb71-dc9a-4585-98d1-4262d162dcfb,1.77734022221578e+18
3e62bb71-dc9a-4585-98d1-4262d162dcfb,1.777340222249123e+18
3e62bb71-dc9a-4585-98d1-4262d162dcfb,1.777340222282465e+18
3e62bb71-dc9a-4585-98d1-4262d162dcfb,1.777340222315808e+18
3e62bb71-dc9a-4585-98d1-4262d162dcfb,1.77734022234915e+18
3e62bb71-dc9a-4585-98d1-4262d162dcfb,1.7773402223824932e+18
3e62bb71-dc9a-4585-98d1-4262d162dcfb,1.7773402224158351e+18
3e62bb71-dc9a-4585-98d1-4262d162dcfb,1.777340222449177e+18
3e62bb71-dc9a-4585-98d1-4262d162dcfb,1.77734022248252e+18
3e62bb71-dc9a-4585-98d1-4262d162dcfb,1.777340222515862e+18
3e62bb71-dc9a-4585-98d1-4262d162dcfb,1.777340222549205e+18
3e62bb71-dc9a-4585-98d1-4262d162dcfb,1.777340222582547e+18
3e62bb71-dc9a-4585-98d1-4262d162dcfb,1.7773402226158902e+18
3e62bb71-dc9a-4585-98d1-4262d162dcfb,1.7773402226492321e+18
3e62bb71-dc9a-4585-98d1-4262d162dcfb,1.777340222682575e+18
3e62bb71-dc9a-4585-98d1-4262d162dcfb,1.777340222715917e+18
3e62bb71-dc9a-4585-98d1-4262d162dcfb,1.777340222749259e+18
3e62bb71-dc9a-4585-98d1-4262d162dcfb,1.777340222782602e+18
3e62bb71-dc9a-4585-98d1-4262d162dcfb,1.7773402228159442e+18
3e62bb71-dc9a-4585-98d1-4262d162dcfb,1.7773402228492872e+18
3e62bb71-dc9a-4585-98d1-4262d162dcfb,1.777340222882629e+18
3e62bb71-dc9a-4585-98d1-4262d162dcfb,1.777340222915972e+18
3e62bb71-dc9a-4585-98d1-4262d162dcfb,1.777340222949314e+18
3e62bb71-dc9a-4585-98d1-4262d162dcfb,1.777340222982657e+18
3e62bb71-dc9a-4585-98d1-4262d162dcfb,1.777340223015999e+18
3e62bb71-dc9a-4585-98d1-4262d162dcfb,1.7773402230493412e+18
3e62bb71-dc9a-4585-98d1-4262d162dcfb,1.7773402230826842e+18
3e62bb71-dc9a-4585-98d1-4262d162dcfb,1.777340223116026e+18
3e62bb71-dc9a-4585-98d1-4262d162dcfb,1.777340223149369e+18
3e62bb71-dc9a-4585-98d1-4262d162dcfb,1.777340223182711e+18
3e62bb71-dc9a-4585-98d1-4262d162dcfb,1.777340223216054e+18
3e62bb71-dc9a-4585-98d1-4262d162dcfb,1.777340223249396e+18
3e62bb71-dc9a-4585-98d1-4262d162dcfb,1.777340223282739e+18
3e62bb71-dc9a-4585-98d1-4262d162dcfb,1.7773402233160812e+18
3e62bb71-dc9a-4585-98d1-4262d162dcfb,1.777340223349423e+18
3e62bb71-dc9a-4585-98d1-4262d162dcfb,1.777340223382766e+18
3e62bb71-dc9a-4585-98d1-4262d162dcfb,1.777340223416108e+18
3e62bb71-dc9a-4585-98d1-4262d162dcfb,1.777340223449451e+18
3e62bb71-dc9a-4585-98d1-4262d162dcfb,1.777340223482793e+18
3e62bb71-dc9a-4585-98d1-4262d162dcfb,1.7773402235161362e+18
3e62bb71-dc9a-4585-98d1-4262d162dcfb,1.7773402235494781e+18
3e62bb71-dc9a-4585-98d1-4262d162dcfb,1.777340223582821e+18
3e62bb71-dc9a-4585-98d1-4262d162dcfb,1.777340223616163e+18
3e62bb71-dc9a-4585-98d1-4262d162dcfb,1.777340223649505e+18
3e62bb71-dc9a-4585-98d1-4262d162dcfb,1.777340223682848e+18
3e62bb71-dc9a-4585-98d1-4262d162dcfb,1.77734022371619e+18
3e62bb71-dc9a-4585-98d1-4262d162dcfb,1.7773402237495332e+18
3e62bb71-dc9a-4585-98d1-4262d162dcfb,1.7773402237828751e+18
3e62bb71-dc9a-4585-98d1-4262d162dcfb,1.777340223816218e+18
3e62bb71-dc9a-4585-98d1-4262d162dcfb,1.77734022384956e+18
3e62bb71-dc9a-4585-98d1-4262d162dcfb,1.777340223882903e+18
3e62bb71-dc9a-4585-98d1-4262d162dcfb,1.777340223916245e+18
3e62bb71-dc9a-4585-98d1-4262d162dcfb,1.777340223949588e+18
3e62bb71-dc9a-4585-98d1-4262d162dcfb,1.7773402239829302e+18
3e62bb71-dc9a-4585-98d1-4262d162dcfb,1.7773402240162721e+18
3e62bb71-dc9a-4585-98d1-4262d162dcfb,1.777340224049615e+18
3e62bb71-dc9a-4585-98d1-4262d162dcfb,1.777340224082957e+18
3e62bb71-dc9a-4585-98d1-4262d162dcfb,1.7773402241163e+18
3e62bb71-dc9a-4585-98d1-4262d162dcfb,1.777340224149642e+18
3e62bb71-dc9a-4585-98d1-4262d162dcfb,1.777340224182985e+18
3e62bb71-dc9a-4585-98d1-4262d162dcfb,1.7773402242163272e+18
3e62bb71-dc9a-4585-98d1-4262d162dcfb,1.7773402242496701e+18
3e62bb71-dc9a-4585-98d1-4262d162dcfb,1.777340224283012e+18
3e62bb71-dc9a-4585-98d1-4262d162dcfb,1.777340224316354e+18
3e62bb71-dc9a-4585-98d1-4262d162dcfb,1.777340224349697e+18
3e62bb71-dc9a-4585-98d1-4262d162dcfb,1.777340224383039e+18
3e62bb71-dc9a-4585-98d1-4262d162dcfb,1.777340224416382e+18
3e62bb71-dc9a-4585-98d1-4262d162dcfb,1.7773402244497242e+18
3e62bb71-dc9a-4585-98d1-4262d162dcfb,1.7773402244830671e+18
3e62bb71-dc9a-4585-98d1-4262d162dcfb,1.777340224516409e+18
3e62bb71-dc9a-4585-98d1-4262d162dcfb,1.777340224549752e+18
3e62bb71-dc9a-4585-98d1-4262d162dcfb,1.777340224583094e+18
3e62bb71-dc9a-4585-98d1-4262d162dcfb,1.777340224616436e+18
3e62bb71-dc9a-4585-98d1-4262d162dcfb,1.777340224649779e+18
3e62bb71-dc9a-4585-98d1-4262d162dcfb,1.7773402246831212e+18
3e62bb71-dc9a-4585-98d1-4262d162dcfb,1.777340224716464e+18
3e62bb71-dc9a-4585-98d1-4262d162dcfb,1.777340224749806e+18
3e62bb71-dc9a-4585-98d1-4262d162dcfb,1.777340224783149e+18
3e62bb71-dc9a-4585-98d1-4262d162dcfb,1.777340224816491e+18
3e62bb71-dc9a-4585-98d1-4262d162dcfb,1.777340224849834e+18
3e62bb71-dc9a-4585-98d1-4262d162dcfb,1.7773402248831762e+18
3e62bb71-dc9a-4585-98d1-4262d162dcfb,1.7773402249165192e+18
3e62bb71-dc9a-4585-98d1-4262d162dcfb,1.777340224949861e+18
3e62bb71-dc9a-4585-98d1-4262d162dcfb,1.777340224983203e+18
3e62bb71-dc9a-4585-98d1-4262d162dcfb,1.777340225016546e+18
3e62bb71-dc9a-4585-98d1-4262d162dcfb,1.777340225049888e+18
3e62bb71-dc9a-4585-98d1-4262d162dcfb,1.777340225083231e+18
3e62bb71-dc9a-4585-98d1-4262d162dcfb,1.7773402251165732e+18
3e62bb71-dc9a-4585-98d1-4262d162dcfb,1.7773402251499162e+18
3e62bb71-dc9a-4585-98d1-4262d162dcfb,1.777340225183258e+18
3e62bb71-dc9a-4585-98d1-4262d162dcfb,1.777340225216601e+18
3e62bb71-dc9a-4585-98d1-4262d162dcfb,1.777340225249943e+18
3e62bb71-dc9a-4585-98d1-4262d162dcfb,1.777340225283285e+18
3e62bb71-dc9a-4585-98d1-4262d162dcfb,1.777340225316628e+18
3e62bb71-dc9a-4585-98d1-4262d162dcfb,1.7773402253499702e+18
3e62bb71-dc9a-4585-98d1-4262d162dcfb,1.7773402253833132e+18
3e62bb71-dc9a-4585-98d1-4262d162dcfb,1.777340225416655e+18
3e62bb71-dc9a-4585-98d1-4262d162dcfb,1.777340225449998e+18
3e62bb71-dc9a-4585-98d1-4262d162dcfb,1.77734022548334e+18
3e62bb71-dc9a-4585-98d1-4262d162dcfb,1.777340225516683e+18
3e62bb71-dc9a-4585-98d1-4262d162dcfb,1.777340225550025e+18
3e62bb71-dc9a-4585-98d1-4262d162dcfb,1.7773402255833672e+18
3e62bb71-dc9a-4585-98d1-4262d162dcfb,1.7773402256167101e+18
3e62bb71-dc9a-4585-98d1-4262d162dcfb,1.777340225650052e+18
3e62bb71-dc9a-4585-98d1-4262d162dcfb,1.777340225683395e+18
3e62bb71-dc9a-4585-98d1-4262d162dcfb,1.777340225716737e+18
3e62bb71-dc9a-4585-98d1-4262d162dcfb,1.77734022575008e+18
3e62bb71-dc9a-4585-98d1-4262d162dcfb,1.777340225783422e+18
3e62bb71-dc9a-4585-98d1-4262d162dcfb,1.7773402258167652e+18
3e62bb71-dc9a-4585-98d1-4262d162dcfb,1.7773402258501071e+18
3e62bb71-dc9a-4585-98d1-4262d162dcfb,1.777340225883449e+18
3e62bb71-dc9a-4585-98d1-4262d162dcfb,1.777340225916792e+18
3e62bb71-dc9a-4585-98d1-4262d162dcfb,1.777340225950134e+18
3e62bb71-dc9a-4585-98d1-4262d162dcfb,1.777340225983477e+18
3e62bb71-dc9a-4585-98d1-4262d162dcfb,1.777340226016819e+18
3e62bb71-dc9a-4585-98d1-4262d162dcfb,1.7773402260501622e+18
3e62bb71-dc9a-4585-98d1-4262d162dcfb,1.777340226083504e+18
3e62bb71-dc9a-4585-98d1-4262d162dcfb,1.777340226116847e+18
3e62bb71-dc9a-4585-98d1-4262d162dcfb,1.777340226150189e+18
3e62bb71-dc9a-4585-98d1-4262d162dcfb,1.777340226183531e+18
3e62bb71-dc9a-4585-98d1-4262d162dcfb,1.777340226216874e+18
3e62bb71-dc9a-4585-98d1-4262d162dcfb,1.7773402262502162e+18
3e62bb71-dc9a-4585-98d1-4262d162dcfb,1.7773402262835592e+18
3e62bb71-dc9a-4585-98d1-4262d162dcfb,1.777340226316901e+18
3e62bb71-dc9a-4585-98d1-4262d162dcfb,1.777340226350244e+18
3e62bb71-dc9a-4585-98d1-4262d162dcfb,1.777340226383586e+18
3e62bb71-dc9a-4585-98d1-4262d162dcfb,1.777340226416929e+18
3e62bb71-dc9a-4585-98d1-4262d162dcfb,1.777340226450271e+18
3e62bb71-dc9a-4585-98d1-4262d162dcfb,1.7773402264836132e+18
3e62bb71-dc9a-4585-98d1-4262d162dcfb,1.7773402265169562e+18
3e62bb71-dc9a-4585-98d1-4262d162dcfb,1.777340226550298e+18
3e62bb71-dc9a-4585-98d1-4262d162dcfb,1.777340226583641e+18
3e62bb71-dc9a-4585-98d1-4262d162dcfb,1.777340226616983e+18
3e62bb71-dc9a-4585-98d1-4262d162dcfb,1.777340226650326e+18
3e62bb71-dc9a-4585-98d1-4262d162dcfb,1.777340226683668e+18
3e62bb71-dc9a-4585-98d1-4262d162dcfb,1.777340226717011e+18
3e62bb71-dc9a-4585-98d1-4262d162dcfb,1.7773402267503532e+18
3e62bb71-dc9a-4585-98d1-4262d162dcfb,1.7773402267836961e+18
3e62bb71-dc9a-4585-98d1-4262d162dcfb,1.777340226817038e+18
3e62bb71-dc9a-4585-98d1-4262d162dcfb,1.77734022685038e+18
3e62bb71-dc9a-4585-98d1-4262d162dcfb,1.777340226883723e+18
3e62bb71-dc9a-4585-98d1-4262d162dcfb,1.777340226917065e+18
3e62bb71-dc9a-4585-98d1-4262d162dcfb,1.7773402269504082e+18
3e62bb71-dc9a-4585-98d1-4262d162dcfb,1.7773402269837501e+18
3e62bb71-dc9a-4585-98d1-4262d162dcfb,1.777340227017093e+18
3e62bb71-dc9a-4585-98d1-4262d162dcfb,1.777340227050435e+18
3e62bb71-dc9a-4585-98d1-4262d162dcfb,1.777340227083778e+18
3e62bb71-dc9a-4585-98d1-4262d162dcfb,1.77734022711712e+18
3e62bb71-dc9a-4585-98d1-4262d162dcfb,1.777340227150462e+18
3e62bb71-dc9a-4585-98d1-4262d162dcfb,1.7773402271838052e+18
3e62bb71-dc9a-4585-98d1-4262d162dcfb,1.7773402272171471e+18
3e62bb71-dc9a-4585-98d1-4262d162dcfb,1.77734022725049e+18
3e62bb71-dc9a-4585-98d1-4262d162dcfb,1.777340227283832e+18
3e62bb71-dc9a-4585-98d1-4262d162dcfb,1.777340227317175e+18
3e62bb71-dc9a-4585-98d1-4262d162dcfb,1.777340227350517e+18
3e62bb71-dc9a-4585-98d1-4262d162dcfb,1.77734022738386e+18
3e62bb71-dc9a-4585-98d1-4262d162dcfb,1.7773402274172022e+18
3e62bb71-dc9a-4585-98d1-4262d162dcfb,1.777340227450544e+18
3e62bb71-dc9a-4585-98d1-4262d162dcfb,1.777340227483887e+18
3e62bb71-dc9a-4585-98d1-4262d162dcfb,1.777340227517229e+18
3e62bb71-dc9a-4585-98d1-4262d162dcfb,1.777340227550572e+18
3e62bb71-dc9a-4585-98d1-4262d162dcfb,1.777340227583914e+18
3e62bb71-dc9a-4585-98d1-4262d162dcfb,1.777340227617257e+18
3e62bb71-dc9a-4585-98d1-4262d162dcfb,1.7773402276505992e+18
3e62bb71-dc9a-4585-98d1-4262d162dcfb,1.7773402276839421e+18
3e62bb71-dc9a-4585-98d1-4262d162dcfb,1.777340227717284e+18
3e62bb71-dc9a-4585-98d1-4262d162dcfb,1.777340227750626e+18
3e62bb71-dc9a-4585-98d1-4262d162dcfb,1.777340227783969e+18
3e62bb71-dc9a-4585-98d1-4262d162dcfb,1.777340227817311e+18
3e62bb71-dc9a-4585-98d1-4262d162dcfb,1.777340227850654e+18
3e62bb71-dc9a-4585-98d1-4262d162dcfb,1.7773402278839962e+18
3e62bb71-dc9a-4585-98d1-4262d162dcfb,1.7773402279173391e+18
3e62bb71-dc9a-4585-98d1-4262d162dcfb,1.777340227950681e+18
3e62bb71-dc9a-4585-98d1-4262d162dcfb,1.777340227984024e+18
3e62bb71-dc9a-4585-98d1-4262d162dcfb,1.777340228017366e+18
3e62bb71-dc9a-4585-98d1-4262d162dcfb,1.777340228050708e+18
3e62bb71-dc9a-4585-98d1-4262d162dcfb,1.777340228084051e+18
3e62bb71-dc9a-4585-98d1-4262d162dcfb,1.7773402281173932e+18
3e62bb71-dc9a-4585-98d1-4262d162dcfb,1.7773402281507361e+18
3e62bb71-dc9a-4585-98d1-4262d162dcfb,1.777340228184078e+18
3e62bb71-dc9a-4585-98d1-4262d162dcfb,1.777340228217421e+18
3e62bb71-dc9a-4585-98d1-4262d162dcfb,1.777340228250763e+18
3e62bb71-dc9a-4585-98d1-4262d162dcfb,1.777340228284106e+18
3e62bb71-dc9a-4585-98d1-4262d162dcfb,1.7773402283174482e+18
3e62bb71-dc9a-4585-98d1-4262d162dcfb,1.7773402283507901e+18
3e62bb71-dc9a-4585-98d1-4262d162dcfb,1.777340228384133e+18
3e62bb71-dc9a-4585-98d1-4262d162dcfb,1.777340228417475e+18
3e62bb71-dc9a-4585-98d1-4262d162dcfb,1.777340228450818e+18
3e62bb71-dc9a-4585-98d1-4262d162dcfb,1.77734022848416e+18
3e62bb71-dc9a-4585-98d1-4262d162dcfb,1.777340228517503e+18
3e62bb71-dc9a-4585-98d1-4262d162dcfb,1.7773402285508452e+18
3e62bb71-dc9a-4585-98d1-4262d162dcfb,1.7773402285841882e+18
3e62bb71-dc9a-4585-98d1-4262d162dcfb,1.77734022861753e+18
3e62bb71-dc9a-4585-98d1-4262d162dcfb,1.777340228650873e+18
3e62bb71-dc9a-4585-98d1-4262d162dcfb,1.777340228684215e+18
3e62bb71-dc9a-4585-98d1-4262d162dcfb,1.777340228717557e+18
3e62bb71-dc9a-4585-98d1-4262d162dcfb,1.7773402287509e+18
3e62bb71-dc9a-4585-98d1-4262d162dcfb,1.7773402287842422e+18
3e62bb71-dc9a-4585-98d1-4262d162dcfb,1.7773402288175852e+18
3e62bb71-dc9a-4585-98d1-4262d162dcfb,1.777340228850927e+18
3e62bb71-dc9a-4585-98d1-4262d162dcfb,1.77734022888427e+18
3e62bb71-dc9a-4585-98d1-4262d162dcfb,1.777340228917612e+18
3e62bb71-dc9a-4585-98d1-4262d162dcfb,1.777340228950955e+18
3e62bb71-dc9a-4585-98d1-4262d162dcfb,1.777340228984297e+18
3e62bb71-dc9a-4585-98d1-4262d162dcfb,1.7773402290176392e+18
3e62bb71-dc9a-4585-98d1-4262d162dcfb,1.7773402290509821e+18
3e62bb71-dc9a-4585-98d1-4262d162dcfb,1.777340229084324e+18
3e62bb71-dc9a-4585-98d1-4262d162dcfb,1.777340229117667e+18
3e62bb71-dc9a-4585-98d1-4262d162dcfb,1.777340229151009e+18
3e62bb71-dc9a-4585-98d1-4262d162dcfb,1.777340229184352e+18
3e62bb71-dc9a-4585-98d1-4262d162dcfb,1.777340229217694e+18
3e62bb71-dc9a-4585-98d1-4262d162dcfb,1.7773402292510372e+18
3e62bb71-dc9a-4585-98d1-4262d162dcfb,1.7773402292843791e+18
3e62bb71-dc9a-4585-98d1-4262d162dcfb,1.777340229317721e+18
3e62bb71-dc9a-4585-98d1-4262d162dcfb,1.777340229351064e+18
3e62bb71-dc9a-4585-98d1-4262d162dcfb,1.777340229384406e+18
3e62bb71-dc9a-4585-98d1-4262d162dcfb,1.777340229417749e+18
3e62bb71-dc9a-4585-98d1-4262d162dcfb,1.777340229451091e+18
3e62bb71-dc9a-4585-98d1-4262d162dcfb,1.7773402294844342e+18
3e62bb71-dc9a-4585-98d1-4262d162dcfb,1.7773402295177761e+18
3e62bb71-dc9a-4585-98d1-4262d162dcfb,1.777340229551119e+18
3e62bb71-dc9a-4585-98d1-4262d162dcfb,1.777340229584461e+18
3e62bb71-dc9a-4585-98d1-4262d162dcfb,1.777340229617803e+18
3e62bb71-dc9a-4585-98d1-4262d162dcfb,1.777340229651146e+18
3e62bb71-dc9a-4585-98d1-4262d162dcfb,1.7773402296844882e+18
3e62bb71-dc9a-4585-98d1-4262d162dcfb,1.7773402297178312e+18
3e62bb71-dc9a-4585-98d1-4262d162dcfb,1.777340229751173e+18
3e62bb71-dc9a-4585-98d1-4262d162dcfb,1.777340229784516e+18
3e62bb71-dc9a-4585-98d1-4262d162dcfb,1.777340229817858e+18
3e62bb71-dc9a-4585-98d1-4262d162dcfb,1.777340229851201e+18
3e62bb71-dc9a-4585-98d1-4262d162dcfb,1.777340229884543e+18
3e62bb71-dc9a-4585-98d1-4262d162dcfb,1.7773402299178852e+18
3e62bb71-dc9a-4585-98d1-4262d162dcfb,1.7773402299512282e+18
3e62bb71-dc9a-4585-98d1-4262d162dcfb,1.77734022998457e+18
3e62bb71-dc9a-4585-98d1-4262d162dcfb,1.777340230017913e+18
3e62bb71-dc9a-4585-98d1-4262d162dcfb,1.777340230051255e+18
3e62bb71-dc9a-4585-98d1-4262d162dcfb,1.777340230084598e+18
3e62bb71-dc9a-4585-98d1-4262d162dcfb,1.77734023011794e+18
3e62bb71-dc9a-4585-98d1-4262d162dcfb,1.777340230151283e+18
3e62bb71-dc9a-4585-98d1-4262d162dcfb,1.7773402301846252e+18
3e62bb71-dc9a-4585-98d1-4262d162dcfb,1.777340230217967e+18
3e62bb71-dc9a-4585-98d1-4262d162dcfb,1.77734023025131e+18
3e62bb71-dc9a-4585-98d1-4262d162dcfb,1.777340230284652e+18
3e62bb71-dc9a-4585-98d1-4262d162dcfb,1.777340230317995e+18
3e62bb71-dc9a-4585-98d1-4262d162dcfb,1.777340230351337e+18
3e62bb71-dc9a-4585-98d1-4262d162dcfb,1.7773402303846802e+18
3e62bb71-dc9a-4585-98d1-4262d162dcfb,1.7773402304180221e+18
3e62bb71-dc9a-4585-98d1-4262d162dcfb,1.777340230451365e+18
3e62bb71-dc9a-4585-98d1-4262d162dcfb,1.777340230484707e+18
3e62bb71-dc9a-4585-98d1-4262d162dcfb,1.77734023051805e+18
3e62bb71-dc9a-4585-98d1-4262d162dcfb,1.777340230551392e+18
3e62bb71-dc9a-4585-98d1-4262d162dcfb,1.777340230584734e+18
3e62bb71-dc9a-4585-98d1-4262d162dcfb,1.7773402306180772e+18
3e62bb71-dc9a-4585-98d1-4262d162dcfb,1.7773402306514191e+18
3e62bb71-dc9a-4585-98d1-4262d162dcfb,1.777340230684762e+18
3e62bb71-dc9a-4585-98d1-4262d162dcfb,1.777340230718104e+18
3e62bb71-dc9a-4585-98d1-4262d162dcfb,1.777340230751447e+18
3e62bb71-dc9a-4585-98d1-4262d162dcfb,1.777340230784789e+18
3e62bb71-dc9a-4585-98d1-4262d162dcfb,1.777340230818132e+18
3e62bb71-dc9a-4585-98d1-4262d162dcfb,1.7773402308514742e+18
3e62bb71-dc9a-4585-98d1-4262d162dcfb,1.7773402308848161e+18
3e62bb71-dc9a-4585-98d1-4262d162dcfb,1.777340230918159e+18
3e62bb71-dc9a-4585-98d1-4262d162dcfb,1.777340230951501e+18
3e62bb71-dc9a-4585-98d1-4262d162dcfb,1.777340230984844e+18
3e62bb71-dc9a-4585-98d1-4262d162dcfb,1.777340231018186e+18
3e62bb71-dc9a-4585-98d1-4262d162dcfb,1.777340231051529e+18
3e62bb71-dc9a-4585-98d1-4262d162dcfb,1.7773402310848712e+18
3e62bb71-dc9a-4585-98d1-4262d162dcfb,1.7773402311182141e+18
3e62bb71-dc9a-4585-98d1-4262d162dcfb,1.777340231151556e+18
3e62bb71-dc9a-4585-98d1-4262d162dcfb,1.777340231184898e+18
3e62bb71-dc9a-4585-98d1-4262d162dcfb,1.777340231218241e+18
3e62bb71-dc9a-4585-98d1-4262d162dcfb,1.777340231251583e+18
3e62bb71-dc9a-4585-98d1-4262d162dcfb,1.777340231284926e+18
3e62bb71-dc9a-4585-98d1-4262d162dcfb,1.7773402313182682e+18
3e62bb71-dc9a-4585-98d1-4262d162dcfb,1.7773402313516111e+18
3e62bb71-dc9a-4585-98d1-4262d162dcfb,1.777340231384953e+18
3e62bb71-dc9a-4585-98d1-4262d162dcfb,1.777340231418296e+18
3e62bb71-dc9a-4585-98d1-4262d162dcfb,1.777340231451638e+18
3e62bb71-dc9a-4585-98d1-4262d162dcfb,1.77734023148498e+18
3e62bb71-dc9a-4585-98d1-4262d162dcfb,1.777340231518323e+18
3e62bb71-dc9a-4585-98d1-4262d162dcfb,1.7773402315516652e+18
3e62bb71-dc9a-4585-98d1-4262d162dcfb,1.777340231585008e+18
3e62bb71-dc9a-4585-98d1-4262d162dcfb,1.77734023161835e+18
3e62bb71-dc9a-4585-98d1-4262d162dcfb,1.777340231651693e+18
3e62bb71-dc9a-4585-98d1-4262d162dcfb,1.777340231685035e+18
3e62bb71-dc9a-4585-98d1-4262d162dcfb,1.777340231718378e+18
3e62bb71-dc9a-4585-98d1-4262d162dcfb,1.7773402317517202e+18
3e62bb71-dc9a-4585-98d1-4262d162dcfb,1.7773402317850632e+18
3e62bb71-dc9a-4585-98d1-4262d162dcfb,1.777340231818405e+18
3e62bb71-dc9a-4585-98d1-4262d162dcfb,1.777340231851747e+18
3e62bb71-dc9a-4585-98d1-4262d162dcfb,1.77734023188509e+18
3e62bb71-dc9a-4585-98d1-4262d162dcfb,1.777340231918432e+18
3e62bb71-dc9a-4585-98d1-4262d162dcfb,1.777340231951775e+18
3e62bb71-dc9a-4585-98d1-4262d162dcfb,1.7773402319851172e+18
3e62bb71-dc9a-4585-98d1-4262d162dcfb,1.7773402320184602e+18
3e62bb71-dc9a-4585-98d1-4262d162dcfb,1.777340232051802e+18
3e62bb71-dc9a-4585-98d1-4262d162dcfb,1.777340232085144e+18
3e62bb71-dc9a-4585-98d1-4262d162dcfb,1.777340232118487e+18
3e62bb71-dc9a-4585-98d1-4262d162dcfb,1.777340232151829e+18
3e62bb71-dc9a-4585-98d1-4262d162dcfb,1.777340232185172e+18
3e62bb71-dc9a-4585-98d1-4262d162dcfb,1.7773402322185142e+18
3e62bb71-dc9a-4585-98d1-4262d162dcfb,1.7773402322518572e+18
3e62bb71-dc9a-4585-98d1-4262d162dcfb,1.777340232285199e+18
3e62bb71-dc9a-4585-98d1-4262d162dcfb,1.777340232318542e+18
3e62bb71-dc9a-4585-98d1-4262d162dcfb,1.777340232351884e+18
3e62bb71-dc9a-4585-98d1-4262d162dcfb,1.777340232385227e+18
3e62bb71-dc9a-4585-98d1-4262d162dcfb,1.777340232418569e+18
3e62bb71-dc9a-4585-98d1-4262d162dcfb,1.7773402324519112e+18
3e62bb71-dc9a-4585-98d1-4262d162dcfb,1.7773402324852541e+18
3e62bb71-dc9a-4585-98d1-4262d162dcfb,1.777340232518596e+18
3e62bb71-dc9a-4585-98d1-4262d162dcfb,1.777340232551939e+18
3e62bb71-dc9a-4585-98d1-4262d162dcfb,1.777340232585281e+18
3e62bb71-dc9a-4585-98d1-4262d162dcfb,1.777340232618624e+18
3e62bb71-dc9a-4585-98d1-4262d162dcfb,1.777340232651966e+18
3e62bb71-dc9a-4585-98d1-4262d162dcfb,1.7773402326853092e+18
3e62bb71-dc9a-4585-98d1-4262d162dcfb,1.7773402327186511e+18
3e62bb71-dc9a-4585-98d1-4262d162dcfb,1.777340232751993e+18
3e62bb71-dc9a-4585-98d1-4262d162dcfb,1.777340232785336e+18
3e62bb71-dc9a-4585-98d1-4262d162dcfb,1.777340232818678e+18
3e62bb71-dc9a-4585-98d1-4262d162dcfb,1.777340232852021e+18
3e62bb71-dc9a-4585-98d1-4262d162dcfb,1.777340232885363e+18
3e62bb71-dc9a-4585-98d1-4262d162dcfb,1.7773402329187062e+18
3e62bb71-dc9a-4585-98d1-4262d162dcfb,1.777340232952048e+18
3e62bb71-dc9a-4585-98d1-4262d162dcfb,1.777340232985391e+18
3e62bb71-dc9a-4585-98d1-4262d162dcfb,1.777340233018733e+18
3e62bb71-dc9a-4585-98d1-4262d162dcfb,1.777340233052075e+18
3e62bb71-dc9a-4585-98d1-4262d162dcfb,1.777340233085418e+18
3e62bb71-dc9a-4585-98d1-4262d162dcfb,1.7773402331187602e+18
3e62bb71-dc9a-4585-98d1-4262d162dcfb,1.7773402331521032e+18
3e62bb71-dc9a-4585-98d1-4262d162dcfb,1.777340233185445e+18
3e62bb71-dc9a-4585-98d1-4262d162dcfb,1.777340233218788e+18
3e62bb71-dc9a-4585-98d1-4262d162dcfb,1.77734023325213e+18
3e62bb71-dc9a-4585-98d1-4262d162dcfb,1.777340233285473e+18
3e62bb71-dc9a-4585-98d1-4262d162dcfb,1.777340233318815e+18
3e62bb71-dc9a-4585-98d1-4262d162dcfb,1.7773402333521572e+18
3e62bb71-dc9a-4585-98d1-4262d162dcfb,1.7773402333855002e+18
3e62bb71-dc9a-4585-98d1-4262d162dcfb,1.777340233418842e+18
3e62bb71-dc9a-4585-98d1-4262d162dcfb,1.777340233452185e+18
3e62bb71-dc9a-4585-98d1-4262d162dcfb,1.777340233485527e+18
3e62bb71-dc9a-4585-98d1-4262d162dcfb,1.77734023351887e+18
3e62bb71-dc9a-4585-98d1-4262d162dcfb,1.777340233552212e+18
3e62bb71-dc9a-4585-98d1-4262d162dcfb,1.777340233585555e+18
3e62bb71-dc9a-4585-98d1-4262d162dcfb,1.7773402336188972e+18
3e62bb71-dc9a-4585-98d1-4262d162dcfb,1.777340233652239e+18
3e62bb71-dc9a-4585-98d1-4262d162dcfb,1.777340233685582e+18
3e62bb71-dc9a-4585-98d1-4262d162dcfb,1.777340233718924e+18
3e62bb71-dc9a-4585-98d1-4262d162dcfb,1.777340233752267e+18
3e62bb71-dc9a-4585-98d1-4262d162dcfb,1.777340233785609e+18
3e62bb71-dc9a-4585-98d1-4262d162dcfb,1.7773402338189522e+18
3e62bb71-dc9a-4585-98d1-4262d162dcfb,1.7773402338522941e+18
3e62bb71-dc9a-4585-98d1-4262d162dcfb,1.777340233885637e+18
3e62bb71-dc9a-4585-98d1-4262d162dcfb,1.777340233918979e+18
3e62bb71-dc9a-4585-98d1-4262d162dcfb,1.777340233952321e+18
3e62bb71-dc9a-4585-98d1-4262d162dcfb,1.777340233985664e+18
3e62bb71-dc9a-4585-98d1-4262d162dcfb,1.777340234019006e+18
3e62bb71-dc9a-4585-98d1-4262d162dcfb,1.7773402340523492e+18
3e62bb71-dc9a-4585-98d1-4262d162dcfb,1.7773402340856911e+18
3e62bb71-dc9a-4585-98d1-4262d162dcfb,1.777340234119034e+18
3e62bb71-dc9a-4585-98d1-4262d162dcfb,1.777340234152376e+18
3e62bb71-dc9a-4585-98d1-4262d162dcfb,1.777340234185719e+18
3e62bb71-dc9a-4585-98d1-4262d162dcfb,1.777340234219061e+18
3e62bb71-dc9a-4585-98d1-4262d162dcfb,1.777340234252404e+18
3e62bb71-dc9a-4585-98d1-4262d162dcfb,1.7773402342857462e+18
3e62bb71-dc9a-4585-98d1-4262d162dcfb,1.777340234319088e+18
3e62bb71-dc9a-4585-98d1-4262d162dcfb,1.777340234352431e+18
3e62bb71-dc9a-4585-98d1-4262d162dcfb,1.777340234385773e+18
3e62bb71-dc9a-4585-98d1-4262d162dcfb,1.777340234419116e+18
3e62bb71-dc9a-4585-98d1-4262d162dcfb,1.777340234452458e+18
3e62bb71-dc9a-4585-98d1-4262d162dcfb,1.777340234485801e+18
3e62bb71-dc9a-4585-98d1-4262d162dcfb,1.7773402345191432e+18
3e62bb71-dc9a-4585-98d1-4262d162dcfb,1.7773402345524861e+18
3e62bb71-dc9a-4585-98d1-4262d162dcfb,1.777340234585828e+18
3e62bb71-dc9a-4585-98d1-4262d162dcfb,1.77734023461917e+18
3e62bb71-dc9a-4585-98d1-4262d162dcfb,1.777340234652513e+18
3e62bb71-dc9a-4585-98d1-4262d162dcfb,1.777340234685855e+18
3e62bb71-dc9a-4585-98d1-4262d162dcfb,1.777340234719198e+18
3e62bb71-dc9a-4585-98d1-4262d162dcfb,1.7773402347525402e+18
3e62bb71-dc9a-4585-98d1-4262d162dcfb,1.7773402347858831e+18
3e62bb71-dc9a-4585-98d1-4262d162dcfb,1.777340234819225e+18
3e62bb71-dc9a-4585-98d1-4262d162dcfb,1.777340234852568e+18
3e62bb71-dc9a-4585-98d1-4262d162dcfb,1.77734023488591e+18
3e62bb71-dc9a-4585-98d1-4262d162dcfb,1.777340234919252e+18
3e62bb71-dc9a-4585-98d1-4262d162dcfb,1.777340234952595e+18
3e62bb71-dc9a-4585-98d1-4262d162dcfb,1.7773402349859372e+18
3e62bb71-dc9a-4585-98d1-4262d162dcfb,1.7773402350192801e+18
3e62bb71-dc9a-4585-98d1-4262d162dcfb,1.777340235052622e+18
3e62bb71-dc9a-4585-98d1-4262d162dcfb,1.777340235085965e+18
3e62bb71-dc9a-4585-98d1-4262d162dcfb,1.777340235119307e+18
3e62bb71-dc9a-4585-98d1-4262d162dcfb,1.77734023515265e+18
3e62bb71-dc9a-4585-98d1-4262d162dcfb,1.7773402351859922e+18
3e62bb71-dc9a-4585-98d1-4262d162dcfb,1.7773402352193341e+18
3e62bb71-dc9a-4585-98d1-4262d162dcfb,1.777340235252677e+18
3e62bb71-dc9a-4585-98d1-4262d162dcfb,1.777340235286019e+18
3e62bb71-dc9a-4585-98d1-4262d162dcfb,1.777340235319362e+18
3e62bb71-dc9a-4585-98d1-4262d162dcfb,1.777340235352704e+18
3e62bb71-dc9a-4585-98d1-4262d162dcfb,1.777340235386047e+18
3e62bb71-dc9a-4585-98d1-4262d162dcfb,1.7773402354193892e+18
3e62bb71-dc9a-4585-98d1-4262d162dcfb,1.7773402354527322e+18
3e62bb71-dc9a-4585-98d1-4262d162dcfb,1.777340235486074e+18
3e62bb71-dc9a-4585-98d1-4262d162dcfb,1.777340235519416e+18
3e62bb71-dc9a-4585-98d1-4262d162dcfb,1.777340235552759e+18
3e62bb71-dc9a-4585-98d1-4262d162dcfb,1.777340235586101e+18
3e62bb71-dc9a-4585-98d1-4262d162dcfb,1.777340235619444e+18
3e62bb71-dc9a-4585-98d1-4262d162dcfb,1.7773402356527862e+18
3e62bb71-dc9a-4585-98d1-4262d162dcfb,1.7773402356861292e+18
3e62bb71-dc9a-4585-98d1-4262d162dcfb,1.777340235719471e+18
3e62bb71-dc9a-4585-98d1-4262d162dcfb,1.777340235752814e+18
3e62bb71-dc9a-4585-98d1-4262d162dcfb,1.777340235786156e+18
3e62bb71-dc9a-4585-98d1-4262d162dcfb,1.777340235819498e+18
3e62bb71-dc9a-4585-98d1-4262d162dcfb,1.777340235852841e+18
3e62bb71-dc9a-4585-98d1-4262d162dcfb,1.7773402358861832e+18
3e62bb71-dc9a-4585-98d1-4262d162dcfb,1.7773402359195261e+18
3e62bb71-dc9a-4585-98d1-4262d162dcfb,1.777340235952868e+18
3e62bb71-dc9a-4585-98d1-4262d162dcfb,1.777340235986211e+18
3e62bb71-dc9a-4585-98d1-4262d162dcfb,1.777340236020494e+18
3e62bb71-dc9a-4585-98d1-4262d162dcfb,1.777340236053837e+18
3e62bb71-dc9a-4585-98d1-4262d162dcfb,1.77734023608718e+18
3e62bb71-dc9a-4585-98d1-4262d162dcfb,1.777340236120523e+18
3e62bb71-dc9a-4585-98d1-4262d162dcfb,1.777340236153865e+18
3e62bb71-dc9a-4585-98d1-4262d162dcfb,1.7773402361872082e+18
3e62bb71-dc9a-4585-98d1-4262d162dcfb,1.7773402362205512e+18
3e62bb71-dc9a-4585-98d1-4262d162dcfb,1.777340236253893e+18
3e62bb71-dc9a-4585-98d1-4262d162dcfb,1.777340236287236e+18
3e62bb71-dc9a-4585-98d1-4262d162dcfb,1.777340236320579e+18
3e62bb71-dc9a-4585-98d1-4262d162dcfb,1.777340236353921e+18
3e62bb71-dc9a-4585-98d1-4262d162dcfb,1.777340236387264e+18
3e62bb71-dc9a-4585-98d1-4262d162dcfb,1.777340236420607e+18
3e62bb71-dc9a-4585-98d1-4262d162dcfb,1.77734023645395e+18
3e62bb71-dc9a-4585-98d1-4262d162dcfb,1.7773402364872922e+18
3e62bb71-dc9a-4585-98d1-4262d162dcfb,1.7773402365206351e+18
3e62bb71-dc9a-4585-98d1-4262d162dcfb,1.777340236553978e+18
3e62bb71-dc9a-4585-98d1-4262d162dcfb,1.77734023658732e+18
3e62bb71-dc9a-4585-98d1-4262d162dcfb,1.777340236620663e+18
3e62bb71-dc9a-4585-98d1-4262d162dcfb,1.777340236654006e+18
3e62bb71-dc9a-4585-98d1-4262d162dcfb,1.777340236687348e+18
3e62bb71-dc9a-4585-98d1-4262d162dcfb,1.777340236720691e+18
3e62bb71-dc9a-4585-98d1-4262d162dcfb,1.7773402367540342e+18
3e62bb71-dc9a-4585-98d1-4262d162dcfb,1.777340236787376e+18
3e62bb71-dc9a-4585-98d1-4262d162dcfb,1.777340236820719e+18
3e62bb71-dc9a-4585-98d1-4262d162dcfb,1.777340236854062e+18
3e62bb71-dc9a-4585-98d1-4262d162dcfb,1.777340236887405e+18
3e62bb71-dc9a-4585-98d1-4262d162dcfb,1.777340236920747e+18
3e62bb71-dc9a-4585-98d1-4262d162dcfb,1.77734023695409e+18
3e62bb71-dc9a-4585-98d1-4262d162dcfb,1.777340236987433e+18
3e62bb71-dc9a-4585-98d1-4262d162dcfb,1.7773402370207752e+18
3e62bb71-dc9a-4585-98d1-4262d162dcfb,1.7773402370541181e+18
3e62bb71-dc9a-4585-98d1-4262d162dcfb,1.777340237087461e+18
3e62bb71-dc9a-4585-98d1-4262d162dcfb,1.777340237120803e+18
3e62bb71-dc9a-4585-98d1-4262d162dcfb,1.777340237154146e+18
3e62bb71-dc9a-4585-98d1-4262d162dcfb,1.777340237187489e+18
3e62bb71-dc9a-4585-98d1-4262d162dcfb,1.777340237220831e+18
3e62bb71-dc9a-4585-98d1-4262d162dcfb,1.777340237254174e+18
3e62bb71-dc9a-4585-98d1-4262d162dcfb,1.7773402372875172e+18
3e62bb71-dc9a-4585-98d1-4262d162dcfb,1.7773402373208602e+18
3e62bb71-dc9a-4585-98d1-4262d162dcfb,1.777340237354202e+18
3e62bb71-dc9a-4585-98d1-4262d162dcfb,1.777340237387545e+18
3e62bb71-dc9a-4585-98d1-4262d162dcfb,1.777340237420888e+18
3e62bb71-dc9a-4585-98d1-4262d162dcfb,1.77734023745423e+18
3e62bb71-dc9a-4585-98d1-4262d162dcfb,1.777340237487573e+18
3e62bb71-dc9a-4585-98d1-4262d162dcfb,1.777340237520916e+18
3e62bb71-dc9a-4585-98d1-4262d162dcfb,1.7773402375542582e+18
3e62bb71-dc9a-4585-98d1-4262d162dcfb,1.7773402375876012e+18
3e62bb71-dc9a-4585-98d1-4262d162dcfb,1.7773402376209441e+18
3e62bb71-dc9a-4585-98d1-4262d162dcfb,1.777340237654287e+18
3e62bb71-dc9a-4585-98d1-4262d162dcfb,1.777340237687629e+18
3e62bb71-dc9a-4585-98d1-4262d162dcfb,1.777340237720972e+18
3e62bb71-dc9a-4585-98d1-4262d162dcfb,1.777340237754315e+18
3e62bb71-dc9a-4585-98d1-4262d162dcfb,1.777340237787657e+18
3e62bb71-dc9a-4585-98d1-4262d162dcfb,1.7773402378210002e+18
3e62bb71-dc9a-4585-98d1-4262d162dcfb,1.7773402378543432e+18
3e62bb71-dc9a-4585-98d1-4262d162dcfb,1.777340237887685e+18
3e62bb71-dc9a-4585-98d1-4262d162dcfb,1.777340237921028e+18
3e62bb71-dc9a-4585-98d1-4262d162dcfb,1.777340237954371e+18
3e62bb71-dc9a-4585-98d1-4262d162dcfb,1.777340237987714e+18
3e62bb71-dc9a-4585-98d1-4262d162dcfb,1.777340238021056e+18
3e62bb71-dc9a-4585-98d1-4262d162dcfb,1.777340238054399e+18
3e62bb71-dc9a-4585-98d1-4262d162dcfb,1.777340238087742e+18
3e62bb71-dc9a-4585-98d1-4262d162dcfb,1.7773402381210842e+18
3e62bb71-dc9a-4585-98d1-4262d162dcfb,1.7773402381544271e+18
3e62bb71-dc9a-4585-98d1-4262d162dcfb,1.77734023818777e+18
3e62bb71-dc9a-4585-98d1-4262d162dcfb,1.777340238221112e+18
3e62bb71-dc9a-4585-98d1-4262d162dcfb,1.777340238254455e+18
3e62bb71-dc9a-4585-98d1-4262d162dcfb,1.777340238287798e+18
3e62bb71-dc9a-4585-98d1-4262d162dcfb,1.77734023832114e+18
3e62bb71-dc9a-4585-98d1-4262d162dcfb,1.777340238354483e+18
3e62bb71-dc9a-4585-98d1-4262d162dcfb,1.7773402383878262e+18
3e62bb71-dc9a-4585-98d1-4262d162dcfb,1.7773402384211692e+18
3e62bb71-dc9a-4585-98d1-4262d162dcfb,1.777340238454511e+18
3e62bb71-dc9a-4585-98d1-4262d162dcfb,1.777340238487854e+18
3e62bb71-dc9a-4585-98d1-4262d162dcfb,1.777340238521197e+18
3e62bb71-dc9a-4585-98d1-4262d162dcfb,1.777340238554539e+18
3e62bb71-dc9a-4585-98d1-4262d162dcfb,1.777340238587882e+18
3e62bb71-dc9a-4585-98d1-4262d162dcfb,1.777340238621225e+18
3e62bb71-dc9a-4585-98d1-4262d162dcfb,1.7773402386545672e+18
3e62bb71-dc9a-4585-98d1-4262d162dcfb,1.7773402386879101e+18
3e62bb71-dc9a-4585-98d1-4262d162dcfb,1.777340238721253e+18
3e62bb71-dc9a-4585-98d1-4262d162dcfb,1.777340238754595e+18
3e62bb71-dc9a-4585-98d1-4262d162dcfb,1.777340238787938e+18
3e62bb71-dc9a-4585-98d1-4262d162dcfb,1.777340238821281e+18
3e62bb71-dc9a-4585-98d1-4262d162dcfb,1.777340238854624e+18
3e62bb71-dc9a-4585-98d1-4262d162dcfb,1.777340238887966e+18
3e62bb71-dc9a-4585-98d1-4262d162dcfb,1.7773402389213092e+18
3e62bb71-dc9a-4585-98d1-4262d162dcfb,1.7773402389546522e+18
3e62bb71-dc9a-4585-98d1-4262d162dcfb,1.777340238987994e+18
3e62bb71-dc9a-4585-98d1-4262d162dcfb,1.777340239021337e+18
3e62bb71-dc9a-4585-98d1-4262d162dcfb,1.77734023905468e+18
3e62bb71-dc9a-4585-98d1-4262d162dcfb,1.777340239088022e+18
3e62bb71-dc9a-4585-98d1-4262d162dcfb,1.777340239121365e+18
3e62bb71-dc9a-4585-98d1-4262d162dcfb,1.777340239154708e+18
3e62bb71-dc9a-4585-98d1-4262d162dcfb,1.777340239188051e+18
3e62bb71-dc9a-4585-98d1-4262d162dcfb,1.7773402392213932e+18
3e62bb71-dc9a-4585-98d1-4262d162dcfb,1.7773402392547361e+18
3e62bb71-dc9a-4585-98d1-4262d162dcfb,1.777340239288079e+18
3e62bb71-dc9a-4585-98d1-4262d162dcfb,1.777340239321421e+18
3e62bb71-dc9a-4585-98d1-4262d162dcfb,1.777340239354764e+18
3e62bb71-dc9a-4585-98d1-4262d162dcfb,1.777340239388107e+18
3e62bb71-dc9a-4585-98d1-4262d162dcfb,1.777340239421449e+18
3e62bb71-dc9a-4585-98d1-4262d162dcfb,1.7773402394547922e+18
3e62bb71-dc9a-4585-98d1-4262d162dcfb,1.7773402394881352e+18
3e62bb71-dc9a-4585-98d1-4262d162dcfb,1.777340239521477e+18
3e62bb71-dc9a-4585-98d1-4262d162dcfb,1.77734023955482e+18
3e62bb71-dc9a-4585-98d1-4262d162dcfb,1.777340239588163e+18
3e62bb71-dc9a-4585-98d1-4262d162dcfb,1.777340239621506e+18
3e62bb71-dc9a-4585-98d1-4262d162dcfb,1.777340239654848e+18
3e62bb71-dc9a-4585-98d1-4262d162dcfb,1.777340239688191e+18
3e62bb71-dc9a-4585-98d1-4262d162dcfb,1.777340239721534e+18
3e62bb71-dc9a-4585-98d1-4262d162dcfb,1.7773402397548762e+18
3e62bb71-dc9a-4585-98d1-4262d162dcfb,1.7773402397882191e+18
3e62bb71-dc9a-4585-98d1-4262d162dcfb,1.777340239821562e+18
3e62bb71-dc9a-4585-98d1-4262d162dcfb,1.777340239854904e+18
3e62bb71-dc9a-4585-98d1-4262d162dcfb,1.777340239888247e+18
3e62bb71-dc9a-4585-98d1-4262d162dcfb,1.77734023992159e+18
3e62bb71-dc9a-4585-98d1-4262d162dcfb,1.777340239954932e+18
3e62bb71-dc9a-4585-98d1-4262d162dcfb,1.777340239988275e+18
3e62bb71-dc9a-4585-98d1-4262d162dcfb,1.7773402400216182e+18
3e62bb71-dc9a-4585-98d1-4262d162dcfb,1.7773402400549612e+18
3e62bb71-dc9a-4585-98d1-4262d162dcfb,1.777340240088303e+18
3e62bb71-dc9a-4585-98d1-4262d162dcfb,1.777340240121646e+18
3e62bb71-dc9a-4585-98d1-4262d162dcfb,1.777340240154989e+18
3e62bb71-dc9a-4585-98d1-4262d162dcfb,1.777340240188331e+18
3e62bb71-dc9a-4585-98d1-4262d162dcfb,1.777340240221674e+18
3e62bb71-dc9a-4585-98d1-4262d162dcfb,1.777340240255017e+18
3e62bb71-dc9a-4585-98d1-4262d162dcfb,1.7773402402883592e+18
3e62bb71-dc9a-4585-98d1-4262d162dcfb,1.7773402403217021e+18
3e62bb71-dc9a-4585-98d1-4262d162dcfb,1.777340240355045e+18
3e62bb71-dc9a-4585-98d1-4262d162dcfb,1.777340240388388e+18
3e62bb71-dc9a-4585-98d1-4262d162dcfb,1.77734024042173e+18
3e62bb71-dc9a-4585-98d1-4262d162dcfb,1.777340240455073e+18
3e62bb71-dc9a-4585-98d1-4262d162dcfb,1.777340240488416e+18
3e62bb71-dc9a-4585-98d1-4262d162dcfb,1.777340240521758e+18
3e62bb71-dc9a-4585-98d1-4262d162dcfb,1.7773402405551012e+18
3e62bb71-dc9a-4585-98d1-4262d162dcfb,1.7773402405884442e+18
3e62bb71-dc9a-4585-98d1-4262d162dcfb,1.777340240621786e+18
3e62bb71-dc9a-4585-98d1-4262d162dcfb,1.777340240655129e+18
3e62bb71-dc9a-4585-98d1-4262d162dcfb,1.777340240688472e+18
3e62bb71-dc9a-4585-98d1-4262d162dcfb,1.777340240721814e+18
3e62bb71-dc9a-4585-98d1-4262d162dcfb,1.777340240755157e+18
3e62bb71-dc9a-4585-98d1-4262d162dcfb,1.7773402407885e+18
3e62bb71-dc9a-4585-98d1-4262d162dcfb,1.777340240821843e+18
3e62bb71-dc9a-4585-98d1-4262d162dcfb,1.7773402408551852e+18
3e62bb71-dc9a-4585-98d1-4262d162dcfb,1.7773402408885281e+18
3e62bb71-dc9a-4585-98d1-4262d162dcfb,1.777340240921871e+18
3e62bb71-dc9a-4585-98d1-4262d162dcfb,1.777340240955213e+18
3e62bb71-dc9a-4585-98d1-4262d162dcfb,1.777340240988556e+18
3e62bb71-dc9a-4585-98d1-4262d162dcfb,1.777340241021899e+18
3e62bb71-dc9a-4585-98d1-4262d162dcfb,1.777340241055241e+18
3e62bb71-dc9a-4585-98d1-4262d162dcfb,1.7773402410885842e+18
3e62bb71-dc9a-4585-98d1-4262d162dcfb,1.7773402411219272e+18
3e62bb71-dc9a-4585-98d1-4262d162dcfb,1.7773402411552701e+18
3e62bb71-dc9a-4585-98d1-4262d162dcfb,1.777340241188612e+18
3e62bb71-dc9a-4585-98d1-4262d162dcfb,1.777340241221955e+18
3e62bb71-dc9a-4585-98d1-4262d162dcfb,1.777340241255298e+18
3e62bb71-dc9a-4585-98d1-4262d162dcfb,1.77734024128864e+18
3e62bb71-dc9a-4585-98d1-4262d162dcfb,1.777340241321983e+18
3e62bb71-dc9a-4585-98d1-4262d162dcfb,1.777340241355326e+18
3e62bb71-dc9a-4585-98d1-4262d162dcfb,1.7773402413886682e+18
3e62bb71-dc9a-4585-98d1-4262d162dcfb,1.7773402414220111e+18
3e62bb71-dc9a-4585-98d1-4262d162dcfb,1.777340241455354e+18
3e62bb71-dc9a-4585-98d1-4262d162dcfb,1.777340241488697e+18
3e62bb71-dc9a-4585-98d1-4262d162dcfb,1.777340241522039e+18
3e62bb71-dc9a-4585-98d1-4262d162dcfb,1.777340241555382e+18
3e62bb71-dc9a-4585-98d1-4262d162dcfb,1.777340241588725e+18
3e62bb71-dc9a-4585-98d1-4262d162dcfb,1.777340241622067e+18
3e62bb71-dc9a-4585-98d1-4262d162dcfb,1.7773402416554102e+18
3e62bb71-dc9a-4585-98d1-4262d162dcfb,1.7773402416887532e+18
3e62bb71-dc9a-4585-98d1-4262d162dcfb,1.777340241722095e+18
3e62bb71-dc9a-4585-98d1-4262d162dcfb,1.777340241755438e+18
3e62bb71-dc9a-4585-98d1-4262d162dcfb,1.777340241788781e+18
3e62bb71-dc9a-4585-98d1-4262d162dcfb,1.777340241822123e+18
3e62bb71-dc9a-4585-98d1-4262d162dcfb,1.777340241855466e+18
3e62bb71-dc9a-4585-98d1-4262d162dcfb,1.777340241888809e+18
3e62bb71-dc9a-4585-98d1-4262d162dcfb,1.7773402419221522e+18
3e62bb71-dc9a-4585-98d1-4262d162dcfb,1.7773402419554941e+18
3e62bb71-dc9a-4585-98d1-4262d162dcfb,1.777340241988837e+18
3e62bb71-dc9a-4585-98d1-4262d162dcfb,1.77734024202218e+18
3e62bb71-dc9a-4585-98d1-4262d162dcfb,1.777340242055522e+18
3e62bb71-dc9a-4585-98d1-4262d162dcfb,1.777340242088865e+18
3e62bb71-dc9a-4585-98d1-4262d162dcfb,1.777340242122208e+18
3e62bb71-dc9a-4585-98d1-4262d162dcfb,1.77734024215555e+18
3e62bb71-dc9a-4585-98d1-4262d162dcfb,1.7773402421888932e+18
3e62bb71-dc9a-4585-98d1-4262d162dcfb,1.7773402422222362e+18
3e62bb71-dc9a-4585-98d1-4262d162dcfb,1.7773402422555791e+18
3e62bb71-dc9a-4585-98d1-4262d162dcfb,1.777340242288921e+18
3e62bb71-dc9a-4585-98d1-4262d162dcfb,1.777340242322264e+18
3e62bb71-dc9a-4585-98d1-4262d162dcfb,1.777340242355607e+18
3e62bb71-dc9a-4585-98d1-4262d162dcfb,1.777340242388949e+18
3e62bb71-dc9a-4585-98d1-4262d162dcfb,1.777340242422292e+18
3e62bb71-dc9a-4585-98d1-4262d162dcfb,1.777340242455635e+18
3e62bb71-dc9a-4585-98d1-4262d162dcfb,1.7773402424889772e+18
3e62bb71-dc9a-4585-98d1-4262d162dcfb,1.7773402425223201e+18
3e62bb71-dc9a-4585-98d1-4262d162dcfb,1.777340242555663e+18
3e62bb71-dc9a-4585-98d1-4262d162dcfb,1.777340242589005e+18
3e62bb71-dc9a-4585-98d1-4262d162dcfb,1.777340242622348e+18
3e62bb71-dc9a-4585-98d1-4262d162dcfb,1.777340242655691e+18
3e62bb71-dc9a-4585-98d1-4262d162dcfb,1.777340242689034e+18
3e62bb71-dc9a-4585-98d1-4262d162dcfb,1.7773402427223762e+18
3e62bb71-dc9a-4585-98d1-4262d162dcfb,1.7773402427557192e+18
3e62bb71-dc9a-4585-98d1-4262d162dcfb,1.7773402427890621e+18
3e62bb71-dc9a-4585-98d1-4262d162dcfb,1.777340242822404e+18
3e62bb71-dc9a-4585-98d1-4262d162dcfb,1.777340242855747e+18
3e62bb71-dc9a-4585-98d1-4262d162dcfb,1.77734024288909e+18
3e62bb71-dc9a-4585-98d1-4262d162dcfb,1.777340242922432e+18
3e62bb71-dc9a-4585-98d1-4262d162dcfb,1.777340242955775e+18
3e62bb71-dc9a-4585-98d1-4262d162dcfb,1.777340242989118e+18
3e62bb71-dc9a-4585-98d1-4262d162dcfb,1.7773402430224602e+18
3e62bb71-dc9a-4585-98d1-4262d162dcfb,1.7773402430558031e+18
3e62bb71-dc9a-4585-98d1-4262d162dcfb,1.777340243089146e+18
3e62bb71-dc9a-4585-98d1-4262d162dcfb,1.777340243122489e+18
3e62bb71-dc9a-4585-98d1-4262d162dcfb,1.777340243155831e+18
3e62bb71-dc9a-4585-98d1-4262d162dcfb,1.777340243189174e+18
3e62bb71-dc9a-4585-98d1-4262d162dcfb,1.777340243222517e+18
3e62bb71-dc9a-4585-98d1-4262d162dcfb,1.777340243255859e+18
3e62bb71-dc9a-4585-98d1-4262d162dcfb,1.7773402432892022e+18
3e62bb71-dc9a-4585-98d1-4262d162dcfb,1.7773402433225452e+18
3e62bb71-dc9a-4585-98d1-4262d162dcfb,1.777340243355887e+18
3e62bb71-dc9a-4585-98d1-4262d162dcfb,1.77734024338923e+18
3e62bb71-dc9a-4585-98d1-4262d162dcfb,1.777340243422573e+18
3e62bb71-dc9a-4585-98d1-4262d162dcfb,1.777340243455916e+18
3e62bb71-dc9a-4585-98d1-4262d162dcfb,1.777340243489258e+18
3e62bb71-dc9a-4585-98d1-4262d162dcfb,1.777340243522601e+18
3e62bb71-dc9a-4585-98d1-4262d162dcfb,1.7773402435559442e+18
3e62bb71-dc9a-4585-98d1-4262d162dcfb,1.7773402435892861e+18
3e62bb71-dc9a-4585-98d1-4262d162dcfb,1.777340243622629e+18
3e62bb71-dc9a-4585-98d1-4262d162dcfb,1.777340243655972e+18
3e62bb71-dc9a-4585-98d1-4262d162dcfb,1.777340243689314e+18
3e62bb71-dc9a-4585-98d1-4262d162dcfb,1.777340243722657e+18
3e62bb71-dc9a-4585-98d1-4262d162dcfb,1.777340243756e+18
3e62bb71-dc9a-4585-98d1-4262d162dcfb,1.777340243789343e+18
3e62bb71-dc9a-4585-98d1-4262d162dcfb,1.7773402438226852e+18
3e62bb71-dc9a-4585-98d1-4262d162dcfb,1.7773402438560282e+18
3e62bb71-dc9a-4585-98d1-4262d162dcfb,1.7773402438893711e+18
3e62bb71-dc9a-4585-98d1-4262d162dcfb,1.777340243922713e+18
3e62bb71-dc9a-4585-98d1-4262d162dcfb,1.777340243956056e+18
3e62bb71-dc9a-4585-98d1-4262d162dcfb,1.777340243989399e+18
3e62bb71-dc9a-4585-98d1-4262d162dcfb,1.777340244022741e+18
3e62bb71-dc9a-4585-98d1-4262d162dcfb,1.777340244056084e+18
3e62bb71-dc9a-4585-98d1-4262d162dcfb,1.777340244089427e+18
3e62bb71-dc9a-4585-98d1-4262d162dcfb,1.7773402441227692e+18
3e62bb71-dc9a-4585-98d1-4262d162dcfb,1.7773402441561121e+18
3e62bb71-dc9a-4585-98d1-4262d162dcfb,1.777340244189455e+18
3e62bb71-dc9a-4585-98d1-4262d162dcfb,1.777340244222798e+18
3e62bb71-dc9a-4585-98d1-4262d162dcfb,1.77734024425614e+18
3e62bb71-dc9a-4585-98d1-4262d162dcfb,1.777340244289483e+18
3e62bb71-dc9a-4585-98d1-4262d162dcfb,1.777340244322826e+18
3e62bb71-dc9a-4585-98d1-4262d162dcfb,1.7773402443561682e+18
3e62bb71-dc9a-4585-98d1-4262d162dcfb,1.7773402443895112e+18
3e62bb71-dc9a-4585-98d1-4262d162dcfb,1.7773402444228541e+18
3e62bb71-dc9a-4585-98d1-4262d162dcfb,1.777340244456196e+18
3e62bb71-dc9a-4585-98d1-4262d162dcfb,1.777340244489539e+18
3e62bb71-dc9a-4585-98d1-4262d162dcfb,1.777340244522882e+18
3e62bb71-dc9a-4585-98d1-4262d162dcfb,1.777340244556224e+18
3e62bb71-dc9a-4585-98d1-4262d162dcfb,1.777340244589567e+18
3e62bb71-dc9a-4585-98d1-4262d162dcfb,1.77734024462291e+18
3e62bb71-dc9a-4585-98d1-4262d162dcfb,1.7773402446562532e+18
3e62bb71-dc9a-4585-98d1-4262d162dcfb,1.7773402446895951e+18
3e62bb71-dc9a-4585-98d1-4262d162dcfb,1.777340244722938e+18
3e62bb71-dc9a-4585-98d1-4262d162dcfb,1.777340244756281e+18
3e62bb71-dc9a-4585-98d1-4262d162dcfb,1.777340244789623e+18
3e62bb71-dc9a-4585-98d1-4262d162dcfb,1.777340244822966e+18
3e62bb71-dc9a-4585-98d1-4262d162dcfb,1.777340244856309e+18
3e62bb71-dc9a-4585-98d1-4262d162dcfb,1.777340244889651e+18
3e62bb71-dc9a-4585-98d1-4262d162dcfb,1.7773402449229942e+18
3e62bb71-dc9a-4585-98d1-4262d162dcfb,1.7773402449563372e+18
3e62bb71-dc9a-4585-98d1-4262d162dcfb,1.77734024498968e+18
3e62bb71-dc9a-4585-98d1-4262d162dcfb,1.777340245023022e+18
3e62bb71-dc9a-4585-98d1-4262d162dcfb,1.777340245056365e+18
3e62bb71-dc9a-4585-98d1-4262d162dcfb,1.777340245089708e+18
3e62bb71-dc9a-4585-98d1-4262d162dcfb,1.77734024512305e+18
3e62bb71-dc9a-4585-98d1-4262d162dcfb,1.777340245156393e+18
3e62bb71-dc9a-4585-98d1-4262d162dcfb,1.7773402451897362e+18
3e62bb71-dc9a-4585-98d1-4262d162dcfb,1.7773402452230781e+18
3e62bb71-dc9a-4585-98d1-4262d162dcfb,1.777340245256421e+18
3e62bb71-dc9a-4585-98d1-4262d162dcfb,1.777340245289764e+18
3e62bb71-dc9a-4585-98d1-4262d162dcfb,1.777340245323107e+18
3e62bb71-dc9a-4585-98d1-4262d162dcfb,1.777340245356449e+18
3e62bb71-dc9a-4585-98d1-4262d162dcfb,1.777340245389792e+18
3e62bb71-dc9a-4585-98d1-4262d162dcfb,1.777340245423135e+18
3e62bb71-dc9a-4585-98d1-4262d162dcfb,1.7773402454564772e+18
3e62bb71-dc9a-4585-98d1-4262d162dcfb,1.7773402454898202e+18
3e62bb71-dc9a-4585-98d1-4262d162dcfb,1.7773402455231631e+18
3e62bb71-dc9a-4585-98d1-4262d162dcfb,1.777340245556505e+18
3e62bb71-dc9a-4585-98d1-4262d162dcfb,1.777340245589848e+18
3e62bb71-dc9a-4585-98d1-4262d162dcfb,1.777340245623191e+18
3e62bb71-dc9a-4585-98d1-4262d162dcfb,1.777340245656533e+18
3e62bb71-dc9a-4585-98d1-4262d162dcfb,1.777340245689876e+18
3e62bb71-dc9a-4585-98d1-4262d162dcfb,1.777340245723219e+18
3e62bb71-dc9a-4585-98d1-4262d162dcfb,1.7773402457565622e+18
3e62bb71-dc9a-4585-98d1-4262d162dcfb,1.7773402457899041e+18
3e62bb71-dc9a-4585-98d1-4262d162dcfb,1.777340245823247e+18
3e62bb71-dc9a-4585-98d1-4262d162dcfb,1.77734024585659e+18
3e62bb71-dc9a-4585-98d1-4262d162dcfb,1.777340245889932e+18
3e62bb71-dc9a-4585-98d1-4262d162dcfb,1.777340245923275e+18
3e62bb71-dc9a-4585-98d1-4262d162dcfb,1.777340245956618e+18
3e62bb71-dc9a-4585-98d1-4262d162dcfb,1.7773402459899602e+18
3e62bb71-dc9a-4585-98d1-4262d162dcfb,1.7773402460233032e+18
3e62bb71-dc9a-4585-98d1-4262d162dcfb,1.7773402460566461e+18
3e62bb71-dc9a-4585-98d1-4262d162dcfb,1.777340246089988e+18
3e62bb71-dc9a-4585-98d1-4262d162dcfb,1.777340246123331e+18
3e62bb71-dc9a-4585-98d1-4262d162dcfb,1.777340246156674e+18
3e62bb71-dc9a-4585-98d1-4262d162dcfb,1.777340246190017e+18
3e62bb71-dc9a-4585-98d1-4262d162dcfb,1.777340246223359e+18
3e62bb71-dc9a-4585-98d1-4262d162dcfb,1.777340246256702e+18
3e62bb71-dc9a-4585-98d1-4262d162dcfb,1.7773402462900452e+18
3e62bb71-dc9a-4585-98d1-4262d162dcfb,1.7773402463233871e+18
3e62bb71-dc9a-4585-98d1-4262d162dcfb,1.77734024635673e+18
3e62bb71-dc9a-4585-98d1-4262d162dcfb,1.777340246390073e+18
3e62bb71-dc9a-4585-98d1-4262d162dcfb,1.777340246423415e+18
3e62bb71-dc9a-4585-98d1-4262d162dcfb,1.777340246456758e+18
3e62bb71-dc9a-4585-98d1-4262d162dcfb,1.777340246490101e+18
3e62bb71-dc9a-4585-98d1-4262d162dcfb,1.777340246523444e+18
3e62bb71-dc9a-4585-98d1-4262d162dcfb,1.7773402465567862e+18
3e62bb71-dc9a-4585-98d1-4262d162dcfb,1.7773402465901292e+18
3e62bb71-dc9a-4585-98d1-4262d162dcfb,1.777340246623472e+18
3e62bb71-dc9a-4585-98d1-4262d162dcfb,1.777340246656814e+18
3e62bb71-dc9a-4585-98d1-4262d162dcfb,1.777340246690157e+18
3e62bb71-dc9a-4585-98d1-4262d162dcfb,1.7773402467235e+18
3e62bb71-dc9a-4585-98d1-4262d162dcfb,1.777340246756842e+18
3e62bb71-dc9a-4585-98d1-4262d162dcfb,1.777340246790185e+18
3e62bb71-dc9a-4585-98d1-4262d162dcfb,1.7773402468235282e+18
3e62bb71-dc9a-4585-98d1-4262d162dcfb,1.7773402468568701e+18
3e62bb71-dc9a-4585-98d1-4262d162dcfb,1.777340246890213e+18
3e62bb71-dc9a-4585-98d1-4262d162dcfb,1.777340246923556e+18
3e62bb71-dc9a-4585-98d1-4262d162dcfb,1.777340246956899e+18
3e62bb71-dc9a-4585-98d1-4262d162dcfb,1.777340246990241e+18
3e62bb71-dc9a-4585-98d1-4262d162dcfb,1.777340247023584e+18
3e62bb71-dc9a-4585-98d1-4262d162dcfb,1.777340247056927e+18
3e62bb71-dc9a-4585-98d1-4262d162dcfb,1.7773402470902692e+18
3e62bb71-dc9a-4585-98d1-4262d162dcfb,1.7773402471236122e+18
3e62bb71-dc9a-4585-98d1-4262d162dcfb,1.7773402471569551e+18
3e62bb71-dc9a-4585-98d1-4262d162dcfb,1.777340247190297e+18
3e62bb71-dc9a-4585-98d1-4262d162dcfb,1.77734024722364e+18
3e62bb71-dc9a-4585-98d1-4262d162dcfb,1.777340247256983e+18
3e62bb71-dc9a-4585-98d1-4262d162dcfb,1.777340247290325e+18
3e62bb71-dc9a-4585-98d1-4262d162dcfb,1.777340247323668e+18
3e62bb71-dc9a-4585-98d1-4262d162dcfb,1.777340247357011e+18
3e62bb71-dc9a-4585-98d1-4262d162dcfb,1.7773402473903542e+18
3e62bb71-dc9a-4585-98d1-4262d162dcfb,1.7773402474236961e+18
3e62bb71-dc9a-4585-98d1-4262d162dcfb,1.777340247457039e+18
3e62bb71-dc9a-4585-98d1-4262d162dcfb,1.777340247490382e+18
3e62bb71-dc9a-4585-98d1-4262d162dcfb,1.777340247523724e+18
3e62bb71-dc9a-4585-98d1-4262d162dcfb,1.777340247557067e+18
3e62bb71-dc9a-4585-98d1-4262d162dcfb,1.77734024759041e+18
3e62bb71-dc9a-4585-98d1-4262d162dcfb,1.7773402476237522e+18
3e62bb71-dc9a-4585-98d1-4262d162dcfb,1.7773402476570952e+18
3e62bb71-dc9a-4585-98d1-4262d162dcfb,1.7773402476904381e+18
3e62bb71-dc9a-4585-98d1-4262d162dcfb,1.777340247723781e+18
3e62bb71-dc9a-4585-98d1-4262d162dcfb,1.777340247757123e+18
3e62bb71-dc9a-4585-98d1-4262d162dcfb,1.777340247790466e+18
3e62bb71-dc9a-4585-98d1-4262d162dcfb,1.777340247823809e+18
3e62bb71-dc9a-4585-98d1-4262d162dcfb,1.777340247857151e+18
3e62bb71-dc9a-4585-98d1-4262d162dcfb,1.777340247890494e+18
3e62bb71-dc9a-4585-98d1-4262d162dcfb,1.7773402479238372e+18
3e62bb71-dc9a-4585-98d1-4262d162dcfb,1.7773402479571791e+18
3e62bb71-dc9a-4585-98d1-4262d162dcfb,1.777340247990522e+18
3e62bb71-dc9a-4585-98d1-4262d162dcfb,1.777340248023865e+18
3e62bb71-dc9a-4585-98d1-4262d162dcfb,1.777340248057207e+18
3e62bb71-dc9a-4585-98d1-4262d162dcfb,1.77734024809055e+18
3e62bb71-dc9a-4585-98d1-4262d162dcfb,1.777340248123893e+18
3e62bb71-dc9a-4585-98d1-4262d162dcfb,1.777340248157236e+18
3e62bb71-dc9a-4585-98d1-4262d162dcfb,1.7773402481905782e+18
3e62bb71-dc9a-4585-98d1-4262d162dcfb,1.7773402482239212e+18
3e62bb71-dc9a-4585-98d1-4262d162dcfb,1.777340248257264e+18
3e62bb71-dc9a-4585-98d1-4262d162dcfb,1.777340248290606e+18
3e62bb71-dc9a-4585-98d1-4262d162dcfb,1.777340248323949e+18
3e62bb71-dc9a-4585-98d1-4262d162dcfb,1.777340248357292e+18
3e62bb71-dc9a-4585-98d1-4262d162dcfb,1.777340248390634e+18
3e62bb71-dc9a-4585-98d1-4262d162dcfb,1.777340248423977e+18
3e62bb71-dc9a-4585-98d1-4262d162dcfb,1.7773402484573202e+18
3e62bb71-dc9a-4585-98d1-4262d162dcfb,1.7773402484906632e+18
3e62bb71-dc9a-4585-98d1-4262d162dcfb,1.777340248524005e+18
3e62bb71-dc9a-4585-98d1-4262d162dcfb,1.777340248557348e+18
3e62bb71-dc9a-4585-98d1-4262d162dcfb,1.777340248590691e+18
3e62bb71-dc9a-4585-98d1-4262d162dcfb,1.777340248624033e+18
3e62bb71-dc9a-4585-98d1-4262d162dcfb,1.777340248657376e+18
3e62bb71-dc9a-4585-98d1-4262d162dcfb,1.777340248690719e+18
3e62bb71-dc9a-4585-98d1-4262d162dcfb,1.7773402487240612e+18
3e62bb71-dc9a-4585-98d1-4262d162dcfb,1.7773402487574042e+18
3e62bb71-dc9a-4585-98d1-4262d162dcfb,1.7773402487907471e+18
3e62bb71-dc9a-4585-98d1-4262d162dcfb,1.77734024882409e+18
3e62bb71-dc9a-4585-98d1-4262d162dcfb,1.777340248857432e+18
3e62bb71-dc9a-4585-98d1-4262d162dcfb,1.777340248890775e+18
3e62bb71-dc9a-4585-98d1-4262d162dcfb,1.777340248924118e+18
3e62bb71-dc9a-4585-98d1-4262d162dcfb,1.77734024895746e+18
3e62bb71-dc9a-4585-98d1-4262d162dcfb,1.777340248990803e+18
3e62bb71-dc9a-4585-98d1-4262d162dcfb,1.7773402490241462e+18
3e62bb71-dc9a-4585-98d1-4262d162dcfb,1.7773402490574881e+18
3e62bb71-dc9a-4585-98d1-4262d162dcfb,1.777340249090831e+18
3e62bb71-dc9a-4585-98d1-4262d162dcfb,1.777340249124174e+18
3e62bb71-dc9a-4585-98d1-4262d162dcfb,1.777340249157516e+18
3e62bb71-dc9a-4585-98d1-4262d162dcfb,1.777340249190859e+18
3e62bb71-dc9a-4585-98d1-4262d162dcfb,1.777340249224202e+18
3e62bb71-dc9a-4585-98d1-4262d162dcfb,1.777340249257545e+18
3e62bb71-dc9a-4585-98d1-4262d162dcfb,1.7773402492908872e+18
3e62bb71-dc9a-4585-98d1-4262d162dcfb,1.7773402493242301e+18
3e62bb71-dc9a-4585-98d1-4262d162dcfb,1.777340249357573e+18
3e62bb71-dc9a-4585-98d1-4262d162dcfb,1.777340249390915e+18
3e62bb71-dc9a-4585-98d1-4262d162dcfb,1.777340249424258e+18
3e62bb71-dc9a-4585-98d1-4262d162dcfb,1.777340249457601e+18
3e62bb71-dc9a-4585-98d1-4262d162dcfb,1.777340249490943e+18
3e62bb71-dc9a-4585-98d1-4262d162dcfb,1.777340249524286e+18
3e62bb71-dc9a-4585-98d1-4262d162dcfb,1.7773402495576292e+18
3e62bb71-dc9a-4585-98d1-4262d162dcfb,1.7773402495909722e+18
3e62bb71-dc9a-4585-98d1-4262d162dcfb,1.777340249624314e+18
3e62bb71-dc9a-4585-98d1-4262d162dcfb,1.777340249657657e+18
3e62bb71-dc9a-4585-98d1-4262d162dcfb,1.777340249691e+18
3e62bb71-dc9a-4585-98d1-4262d162dcfb,1.777340249724342e+18
3e62bb71-dc9a-4585-98d1-4262d162dcfb,1.777340249757685e+18
3e62bb71-dc9a-4585-98d1-4262d162dcfb,1.777340249791028e+18
3e62bb71-dc9a-4585-98d1-4262d162dcfb,1.7773402498243702e+18
3e62bb71-dc9a-4585-98d1-4262d162dcfb,1.7773402498577132e+18
3e62bb71-dc9a-4585-98d1-4262d162dcfb,1.777340249891056e+18
3e62bb71-dc9a-4585-98d1-4262d162dcfb,1.777340249924398e+18
3e62bb71-dc9a-4585-98d1-4262d162dcfb,1.777340249957741e+18
3e62bb71-dc9a-4585-98d1-4262d162dcfb,1.777340249991084e+18
3e62bb71-dc9a-4585-98d1-4262d162dcfb,1.777340250024427e+18
3e62bb71-dc9a-4585-98d1-4262d162dcfb,1.777340250057769e+18
3e62bb71-dc9a-4585-98d1-4262d162dcfb,1.7773402500911122e+18
3e62bb71-dc9a-4585-98d1-4262d162dcfb,1.7773402501244552e+18
3e62bb71-dc9a-4585-98d1-4262d162dcfb,1.777340250157797e+18
3e62bb71-dc9a-4585-98d1-4262d162dcfb,1.77734025019114e+18
3e62bb71-dc9a-4585-98d1-4262d162dcfb,1.777340250224483e+18
3e62bb71-dc9a-4585-98d1-4262d162dcfb,1.777340250257825e+18
3e62bb71-dc9a-4585-98d1-4262d162dcfb,1.777340250291168e+18
3e62bb71-dc9a-4585-98d1-4262d162dcfb,1.777340250324511e+18
3e62bb71-dc9a-4585-98d1-4262d162dcfb,1.7773402503578532e+18
3e62bb71-dc9a-4585-98d1-4262d162dcfb,1.7773402503911962e+18
3e62bb71-dc9a-4585-98d1-4262d162dcfb,1.7773402504245391e+18
3e62bb71-dc9a-4585-98d1-4262d162dcfb,1.777340250457882e+18
3e62bb71-dc9a-4585-98d1-4262d162dcfb,1.777340250491224e+18
3e62bb71-dc9a-4585-98d1-4262d162dcfb,1.777340250524567e+18
3e62bb71-dc9a-4585-98d1-4262d162dcfb,1.77734025055791e+18
3e62bb71-dc9a-4585-98d1-4262d162dcfb,1.777340250591252e+18
3e62bb71-dc9a-4585-98d1-4262d162dcfb,1.777340250624595e+18
3e62bb71-dc9a-4585-98d1-4262d162dcfb,1.7773402506579382e+18
3e62bb71-dc9a-4585-98d1-4262d162dcfb,1.7773402506912801e+18
3e62bb71-dc9a-4585-98d1-4262d162dcfb,1.777340250724623e+18
3e62bb71-dc9a-4585-98d1-4262d162dcfb,1.777340250757966e+18
3e62bb71-dc9a-4585-98d1-4262d162dcfb,1.777340250791309e+18
3e62bb71-dc9a-4585-98d1-4262d162dcfb,1.777340250824651e+18
3e62bb71-dc9a-4585-98d1-4262d162dcfb,1.777340250857994e+18
3e62bb71-dc9a-4585-98d1-4262d162dcfb,1.777340250891337e+18
3e62bb71-dc9a-4585-98d1-4262d162dcfb,1.7773402509246792e+18
3e62bb71-dc9a-4585-98d1-4262d162dcfb,1.7773402509580221e+18
3e62bb71-dc9a-4585-98d1-4262d162dcfb,1.777340250991365e+18
3e62bb71-dc9a-4585-98d1-4262d162dcfb,1.777340251024707e+18
3e62bb71-dc9a-4585-98d1-4262d162dcfb,1.77734025105805e+18
3e62bb71-dc9a-4585-98d1-4262d162dcfb,1.777340251091393e+18
3e62bb71-dc9a-4585-98d1-4262d162dcfb,1.777340251124736e+18
3e62bb71-dc9a-4585-98d1-4262d162dcfb,1.777340251158078e+18
3e62bb71-dc9a-4585-98d1-4262d162dcfb,1.7773402511914212e+18
3e62bb71-dc9a-4585-98d1-4262d162dcfb,1.7773402512247642e+18
3e62bb71-dc9a-4585-98d1-4262d162dcfb,1.777340251258106e+18
3e62bb71-dc9a-4585-98d1-4262d162dcfb,1.777340251291449e+18
3e62bb71-dc9a-4585-98d1-4262d162dcfb,1.777340251324792e+18
3e62bb71-dc9a-4585-98d1-4262d162dcfb,1.777340251358134e+18
3e62bb71-dc9a-4585-98d1-4262d162dcfb,1.777340251391477e+18
3e62bb71-dc9a-4585-98d1-4262d162dcfb,1.77734025142482e+18
3e62bb71-dc9a-4585-98d1-4262d162dcfb,1.7773402514581622e+18
3e62bb71-dc9a-4585-98d1-4262d162dcfb,1.7773402514915052e+18
3e62bb71-dc9a-4585-98d1-4262d162dcfb,1.777340251524848e+18
3e62bb71-dc9a-4585-98d1-4262d162dcfb,1.77734025155819e+18
3e62bb71-dc9a-4585-98d1-4262d162dcfb,1.777340251591533e+18
3e62bb71-dc9a-4585-98d1-4262d162dcfb,1.777340251624876e+18
3e62bb71-dc9a-4585-98d1-4262d162dcfb,1.777340251658219e+18
3e62bb71-dc9a-4585-98d1-4262d162dcfb,1.777340251691561e+18
3e62bb71-dc9a-4585-98d1-4262d162dcfb,1.7773402517249042e+18
3e62bb71-dc9a-4585-98d1-4262d162dcfb,1.7773402517582472e+18
3e62bb71-dc9a-4585-98d1-4262d162dcfb,1.777340251791589e+18
3e62bb71-dc9a-4585-98d1-4262d162dcfb,1.777340251824932e+18
3e62bb71-dc9a-4585-98d1-4262d162dcfb,1.777340251858275e+18
3e62bb71-dc9a-4585-98d1-4262d162dcfb,1.777340251891617e+18
3e62bb71-dc9a-4585-98d1-4262d162dcfb,1.77734025192496e+18
3e62bb71-dc9a-4585-98d1-4262d162dcfb,1.777340251958303e+18
3e62bb71-dc9a-4585-98d1-4262d162dcfb,1.777340251991646e+18
3e62bb71-dc9a-4585-98d1-4262d162dcfb,1.7773402520249882e+18
3e62bb71-dc9a-4585-98d1-4262d162dcfb,1.7773402520583311e+18
3e62bb71-dc9a-4585-98d1-4262d162dcfb,1.777340252091674e+18
3e62bb71-dc9a-4585-98d1-4262d162dcfb,1.777340252125016e+18
3e62bb71-dc9a-4585-98d1-4262d162dcfb,1.777340252158359e+18
3e62bb71-dc9a-4585-98d1-4262d162dcfb,1.777340252191702e+18
3e62bb71-dc9a-4585-98d1-4262d162dcfb,1.777340252225044e+18
3e62bb71-dc9a-4585-98d1-4262d162dcfb,1.777340252258387e+18
3e62bb71-dc9a-4585-98d1-4262d162dcfb,1.7773402522917302e+18
3e62bb71-dc9a-4585-98d1-4262d162dcfb,1.7773402523250732e+18
3e62bb71-dc9a-4585-98d1-4262d162dcfb,1.777340252358415e+18
3e62bb71-dc9a-4585-98d1-4262d162dcfb,1.777340252391758e+18
3e62bb71-dc9a-4585-98d1-4262d162dcfb,1.777340252425101e+18
3e62bb71-dc9a-4585-98d1-4262d162dcfb,1.777340252458443e+18
3e62bb71-dc9a-4585-98d1-4262d162dcfb,1.777340252491786e+18
3e62bb71-dc9a-4585-98d1-4262d162dcfb,1.777340252525129e+18
3e62bb71-dc9a-4585-98d1-4262d162dcfb,1.7773402525584712e+18
3e62bb71-dc9a-4585-98d1-4262d162dcfb,1.7773402525918141e+18
3e62bb71-dc9a-4585-98d1-4262d162dcfb,1.777340252625157e+18
3e62bb71-dc9a-4585-98d1-4262d162dcfb,1.777340252658499e+18
3e62bb71-dc9a-4585-98d1-4262d162dcfb,1.777340252691842e+18
3e62bb71-dc9a-4585-98d1-4262d162dcfb,1.777340252725185e+18
3e62bb71-dc9a-4585-98d1-4262d162dcfb,1.777340252758528e+18
3e62bb71-dc9a-4585-98d1-4262d162dcfb,1.77734025279187e+18
3e62bb71-dc9a-4585-98d1-4262d162dcfb,1.7773402528252132e+18
3e62bb71-dc9a-4585-98d1-4262d162dcfb,1.7773402528585562e+18
3e62bb71-dc9a-4585-98d1-4262d162dcfb,1.777340252891898e+18
3e62bb71-dc9a-4585-98d1-4262d162dcfb,1.777340252925241e+18
3e62bb71-dc9a-4585-98d1-4262d162dcfb,1.777340252958584e+18
3e62bb71-dc9a-4585-98d1-4262d162dcfb,1.777340252991926e+18
3e62bb71-dc9a-4585-98d1-4262d162dcfb,1.777340253025269e+18
3e62bb71-dc9a-4585-98d1-4262d162dcfb,1.777340253058612e+18
3e62bb71-dc9a-4585-98d1-4262d162dcfb,1.777340253091955e+18
3e62bb71-dc9a-4585-98d1-4262d162dcfb,1.7773402531252972e+18
3e62bb71-dc9a-4585-98d1-4262d162dcfb,1.77734025315864e+18
3e62bb71-dc9a-4585-98d1-4262d162dcfb,1.777340253191983e+18
3e62bb71-dc9a-4585-98d1-4262d162dcfb,1.777340253225325e+18
3e62bb71-dc9a-4585-98d1-4262d162dcfb,1.777340253258668e+18
3e62bb71-dc9a-4585-98d1-4262d162dcfb,1.777340253292011e+18
3e62bb71-dc9a-4585-98d1-4262d162dcfb,1.777340253325353e+18
3e62bb71-dc9a-4585-98d1-4262d162dcfb,1.7773402533586962e+18
3e62bb71-dc9a-4585-98d1-4262d162dcfb,1.7773402533920392e+18
3e62bb71-dc9a-4585-98d1-4262d162dcfb,1.777340253425381e+18
3e62bb71-dc9a-4585-98d1-4262d162dcfb,1.777340253458724e+18
3e62bb71-dc9a-4585-98d1-4262d162dcfb,1.777340253492067e+18
3e62bb71-dc9a-4585-98d1-4262d162dcfb,1.77734025352541e+18
3e62bb71-dc9a-4585-98d1-4262d162dcfb,1.777340253558752e+18
3e62bb71-dc9a-4585-98d1-4262d162dcfb,1.777340253592095e+18
3e62bb71-dc9a-4585-98d1-4262d162dcfb,1.777340253625438e+18
3e62bb71-dc9a-4585-98d1-4262d162dcfb,1.7773402536587802e+18
3e62bb71-dc9a-4585-98d1-4262d162dcfb,1.7773402536921231e+18
3e62bb71-dc9a-4585-98d1-4262d162dcfb,1.777340253725466e+18
3e62bb71-dc9a-4585-98d1-4262d162dcfb,1.777340253758808e+18
3e62bb71-dc9a-4585-98d1-4262d162dcfb,1.777340253792151e+18
3e62bb71-dc9a-4585-98d1-4262d162dcfb,1.777340253825494e+18
3e62bb71-dc9a-4585-98d1-4262d162dcfb,1.777340253858837e+18
3e62bb71-dc9a-4585-98d1-4262d162dcfb,1.777340253892179e+18
3e62bb71-dc9a-4585-98d1-4262d162dcfb,1.7773402539255222e+18
3e62bb71-dc9a-4585-98d1-4262d162dcfb,1.7773402539588652e+18
3e62bb71-dc9a-4585-98d1-4262d162dcfb,1.777340253992207e+18
3e62bb71-dc9a-4585-98d1-4262d162dcfb,1.77734025402555e+18
3e62bb71-dc9a-4585-98d1-4262d162dcfb,1.777340254058893e+18
3e62bb71-dc9a-4585-98d1-4262d162dcfb,1.777340254092235e+18
3e62bb71-dc9a-4585-98d1-4262d162dcfb,1.777340254125578e+18
3e62bb71-dc9a-4585-98d1-4262d162dcfb,1.777340254158921e+18
3e62bb71-dc9a-4585-98d1-4262d162dcfb,1.7773402541922632e+18
3e62bb71-dc9a-4585-98d1-4262d162dcfb,1.7773402542256061e+18
3e62bb71-dc9a-4585-98d1-4262d162dcfb,1.777340254258949e+18
3e62bb71-dc9a-4585-98d1-4262d162dcfb,1.777340254292292e+18
3e62bb71-dc9a-4585-98d1-4262d162dcfb,1.777340254325634e+18
3e62bb71-dc9a-4585-98d1-4262d162dcfb,1.777340254358977e+18
3e62bb71-dc9a-4585-98d1-4262d162dcfb,1.77734025439232e+18
3e62bb71-dc9a-4585-98d1-4262d162dcfb,1.777340254425662e+18
3e62bb71-dc9a-4585-98d1-4262d162dcfb,1.7773402544590052e+18
3e62bb71-dc9a-4585-98d1-4262d162dcfb,1.7773402544923482e+18
3e62bb71-dc9a-4585-98d1-4262d162dcfb,1.77734025452569e+18
3e62bb71-dc9a-4585-98d1-4262d162dcfb,1.777340254559033e+18
3e62bb71-dc9a-4585-98d1-4262d162dcfb,1.777340254592376e+18
3e62bb71-dc9a-4585-98d1-4262d162dcfb,1.777340254625718e+18
3e62bb71-dc9a-4585-98d1-4262d162dcfb,1.777340254659061e+18
3e62bb71-dc9a-4585-98d1-4262d162dcfb,1.777340254692404e+18
3e62bb71-dc9a-4585-98d1-4262d162dcfb,1.777340254725747e+18
3e62bb71-dc9a-4585-98d1-4262d162dcfb,1.7773402547590892e+18
3e62bb71-dc9a-4585-98d1-4262d162dcfb,1.777340254792432e+18
3e62bb71-dc9a-4585-98d1-4262d162dcfb,1.777340254825775e+18
3e62bb71-dc9a-4585-98d1-4262d162dcfb,1.777340254859117e+18
3e62bb71-dc9a-4585-98d1-4262d162dcfb,1.77734025489246e+18
3e62bb71-dc9a-4585-98d1-4262d162dcfb,1.777340254925803e+18
3e62bb71-dc9a-4585-98d1-4262d162dcfb,1.777340254959145e+18
3e62bb71-dc9a-4585-98d1-4262d162dcfb,1.7773402549924882e+18
3e62bb71-dc9a-4585-98d1-4262d162dcfb,1.7773402550258312e+18
3e62bb71-dc9a-4585-98d1-4262d162dcfb,1.7773402550591741e+18
3e62bb71-dc9a-4585-98d1-4262d162dcfb,1.777340255092516e+18
3e62bb71-dc9a-4585-98d1-4262d162dcfb,1.777340255125859e+18
3e62bb71-dc9a-4585-98d1-4262d162dcfb,1.777340255159202e+18
3e62bb71-dc9a-4585-98d1-4262d162dcfb,1.777340255192544e+18
3e62bb71-dc9a-4585-98d1-4262d162dcfb,1.777340255225887e+18
3e62bb71-dc9a-4585-98d1-4262d162dcfb,1.77734025525923e+18
3e62bb71-dc9a-4585-98d1-4262d162dcfb,1.7773402552925722e+18
3e62bb71-dc9a-4585-98d1-4262d162dcfb,1.7773402553259151e+18
3e62bb71-dc9a-4585-98d1-4262d162dcfb,1.777340255359258e+18
3e62bb71-dc9a-4585-98d1-4262d162dcfb,1.7773402553926e+18
3e62bb71-dc9a-4585-98d1-4262d162dcfb,1.777340255425943e+18
3e62bb71-dc9a-4585-98d1-4262d162dcfb,1.777340255459286e+18
3e62bb71-dc9a-4585-98d1-4262d162dcfb,1.777340255492629e+18
3e62bb71-dc9a-4585-98d1-4262d162dcfb,1.777340255525971e+18
3e62bb71-dc9a-4585-98d1-4262d162dcfb,1.7773402555593142e+18
3e62bb71-dc9a-4585-98d1-4262d162dcfb,1.7773402555926572e+18
3e62bb71-dc9a-4585-98d1-4262d162dcfb,1.777340255625999e+18
3e62bb71-dc9a-4585-98d1-4262d162dcfb,1.777340255659342e+18
3e62bb71-dc9a-4585-98d1-4262d162dcfb,1.777340255692685e+18
3e62bb71-dc9a-4585-98d1-4262d162dcfb,1.777340255726027e+18
3e62bb71-dc9a-4585-98d1-4262d162dcfb,1.77734025575937e+18
3e62bb71-dc9a-4585-98d1-4262d162dcfb,1.777340255792713e+18
3e62bb71-dc9a-4585-98d1-4262d162dcfb,1.7773402558260562e+18
3e62bb71-dc9a-4585-98d1-4262d162dcfb,1.7773402558593981e+18
3e62bb71-dc9a-4585-98d1-4262d162dcfb,1.777340255892741e+18
3e62bb71-dc9a-4585-98d1-4262d162dcfb,1.777340255926084e+18
3e62bb71-dc9a-4585-98d1-4262d162dcfb,1.777340255959426e+18
3e62bb71-dc9a-4585-98d1-4262d162dcfb,1.777340255992769e+18
3e62bb71-dc9a-4585-98d1-4262d162dcfb,1.777340256026112e+18
3e62bb71-dc9a-4585-98d1-4262d162dcfb,1.777340256059454e+18
3e62bb71-dc9a-4585-98d1-4262d162dcfb,1.7773402560927972e+18
3e62bb71-dc9a-4585-98d1-4262d162dcfb,1.7773402561261402e+18
3e62bb71-dc9a-4585-98d1-4262d162dcfb,1.7773402561594831e+18
3e62bb71-dc9a-4585-98d1-4262d162dcfb,1.777340256192825e+18
3e62bb71-dc9a-4585-98d1-4262d162dcfb,1.777340256226168e+18
3e62bb71-dc9a-4585-98d1-4262d162dcfb,1.777340256259511e+18
3e62bb71-dc9a-4585-98d1-4262d162dcfb,1.777340256292853e+18
3e62bb71-dc9a-4585-98d1-4262d162dcfb,1.777340256326196e+18
3e62bb71-dc9a-4585-98d1-4262d162dcfb,1.777340256359539e+18
3e62bb71-dc9a-4585-98d1-4262d162dcfb,1.7773402563928812e+18
3e62bb71-dc9a-4585-98d1-4262d162dcfb,1.777340256426224e+18
3e62bb71-dc9a-4585-98d1-4262d162dcfb,1.777340256459567e+18
3e62bb71-dc9a-4585-98d1-4262d162dcfb,1.777340256492909e+18
3e62bb71-dc9a-4585-98d1-4262d162dcfb,1.777340256526252e+18
3e62bb71-dc9a-4585-98d1-4262d162dcfb,1.777340256559595e+18
3e62bb71-dc9a-4585-98d1-4262d162dcfb,1.777340256592938e+18
3e62bb71-dc9a-4585-98d1-4262d162dcfb,1.7773402566262802e+18
3e62bb71-dc9a-4585-98d1-4262d162dcfb,1.7773402566596232e+18
3e62bb71-dc9a-4585-98d1-4262d162dcfb,1.7773402566929661e+18
3e62bb71-dc9a-4585-98d1-4262d162dcfb,1.777340256726308e+18
3e62bb71-dc9a-4585-98d1-4262d162dcfb,1.777340256759651e+18
3e62bb71-dc9a-4585-98d1-4262d162dcfb,1.777340256792994e+18
3e62bb71-dc9a-4585-98d1-4262d162dcfb,1.777340256826336e+18
3e62bb71-dc9a-4585-98d1-4262d162dcfb,1.777340256859679e+18
3e62bb71-dc9a-4585-98d1-4262d162dcfb,1.777340256893022e+18
3e62bb71-dc9a-4585-98d1-4262d162dcfb,1.7773402569263652e+18
3e62bb71-dc9a-4585-98d1-4262d162dcfb,1.7773402569597071e+18
3e62bb71-dc9a-4585-98d1-4262d162dcfb,1.77734025699305e+18
3e62bb71-dc9a-4585-98d1-4262d162dcfb,1.777340257026393e+18
3e62bb71-dc9a-4585-98d1-4262d162dcfb,1.777340257059735e+18
3e62bb71-dc9a-4585-98d1-4262d162dcfb,1.777340257093078e+18
3e62bb71-dc9a-4585-98d1-4262d162dcfb,1.777340257126421e+18
3e62bb71-dc9a-4585-98d1-4262d162dcfb,1.777340257159763e+18
3e62bb71-dc9a-4585-98d1-4262d162dcfb,1.7773402571931062e+18
3e62bb71-dc9a-4585-98d1-4262d162dcfb,1.7773402572264492e+18
3e62bb71-dc9a-4585-98d1-4262d162dcfb,1.777340257259791e+18
3e62bb71-dc9a-4585-98d1-4262d162dcfb,1.777340257293134e+18
3e62bb71-dc9a-4585-98d1-4262d162dcfb,1.777340257326477e+18
3e62bb71-dc9a-4585-98d1-4262d162dcfb,1.77734025735982e+18
3e62bb71-dc9a-4585-98d1-4262d162dcfb,1.777340257393162e+18
3e62bb71-dc9a-4585-98d1-4262d162dcfb,1.777340257426505e+18
3e62bb71-dc9a-4585-98d1-4262d162dcfb,1.7773402574598482e+18
3e62bb71-dc9a-4585-98d1-4262d162dcfb,1.7773402574931901e+18
3e62bb71-dc9a-4585-98d1-4262d162dcfb,1.777340257526533e+18
3e62bb71-dc9a-4585-98d1-4262d162dcfb,1.777340257559876e+18
3e62bb71-dc9a-4585-98d1-4262d162dcfb,1.777340257593218e+18
3e62bb71-dc9a-4585-98d1-4262d162dcfb,1.777340257626561e+18
3e62bb71-dc9a-4585-98d1-4262d162dcfb,1.777340257659904e+18
3e62bb71-dc9a-4585-98d1-4262d162dcfb,1.777340257693246e+18
3e62bb71-dc9a-4585-98d1-4262d162dcfb,1.7773402577265892e+18
3e62bb71-dc9a-4585-98d1-4262d162dcfb,1.7773402577599322e+18
3e62bb71-dc9a-4585-98d1-4262d162dcfb,1.7773402577932751e+18
3e62bb71-dc9a-4585-98d1-4262d162dcfb,1.777340257826617e+18
3e62bb71-dc9a-4585-98d1-4262d162dcfb,1.77734025785996e+18
3e62bb71-dc9a-4585-98d1-4262d162dcfb,1.777340257893303e+18
3e62bb71-dc9a-4585-98d1-4262d162dcfb,1.777340257926645e+18
3e62bb71-dc9a-4585-98d1-4262d162dcfb,1.777340257959988e+18
3e62bb71-dc9a-4585-98d1-4262d162dcfb,1.777340257993331e+18
3e62bb71-dc9a-4585-98d1-4262d162dcfb,1.7773402580266732e+18
3e62bb71-dc9a-4585-98d1-4262d162dcfb,1.777340258060016e+18
3e62bb71-dc9a-4585-98d1-4262d162dcfb,1.777340258093359e+18
3e62bb71-dc9a-4585-98d1-4262d162dcfb,1.777340258126702e+18
3e62bb71-dc9a-4585-98d1-4262d162dcfb,1.777340258160044e+18
3e62bb71-dc9a-4585-98d1-4262d162dcfb,1.777340258193387e+18
3e62bb71-dc9a-4585-98d1-4262d162dcfb,1.77734025822673e+18
3e62bb71-dc9a-4585-98d1-4262d162dcfb,1.7773402582600722e+18
3e62bb71-dc9a-4585-98d1-4262d162dcfb,1.7773402582934152e+18
3e62bb71-dc9a-4585-98d1-4262d162dcfb,1.7773402583267581e+18
3e62bb71-dc9a-4585-98d1-4262d162dcfb,1.7773402583601e+18
3e62bb71-dc9a-4585-98d1-4262d162dcfb,1.777340258393443e+18
3e62bb71-dc9a-4585-98d1-4262d162dcfb,1.777340258426786e+18
3e62bb71-dc9a-4585-98d1-4262d162dcfb,1.777340258460129e+18
3e62bb71-dc9a-4585-98d1-4262d162dcfb,1.777340258493471e+18
3e62bb71-dc9a-4585-98d1-4262d162dcfb,1.777340258526814e+18
3e62bb71-dc9a-4585-98d1-4262d162dcfb,1.7773402585601572e+18
3e62bb71-dc9a-4585-98d1-4262d162dcfb,1.7773402585934991e+18
3e62bb71-dc9a-4585-98d1-4262d162dcfb,1.777340258626842e+18
3e62bb71-dc9a-4585-98d1-4262d162dcfb,1.777340258660185e+18
3e62bb71-dc9a-4585-98d1-4262d162dcfb,1.777340258693527e+18
3e62bb71-dc9a-4585-98d1-4262d162dcfb,1.77734025872687e+18
3e62bb71-dc9a-4585-98d1-4262d162dcfb,1.777340258760213e+18
3e62bb71-dc9a-4585-98d1-4262d162dcfb,1.777340258793555e+18
3e62bb71-dc9a-4585-98d1-4262d162dcfb,1.7773402588268982e+18
3e62bb71-dc9a-4585-98d1-4262d162dcfb,1.7773402588602412e+18
3e62bb71-dc9a-4585-98d1-4262d162dcfb,1.777340258893583e+18
3e62bb71-dc9a-4585-98d1-4262d162dcfb,1.777340258926926e+18
3e62bb71-dc9a-4585-98d1-4262d162dcfb,1.777340258960269e+18
3e62bb71-dc9a-4585-98d1-4262d162dcfb,1.777340258993612e+18
3e62bb71-dc9a-4585-98d1-4262d162dcfb,1.777340259026954e+18
3e62bb71-dc9a-4585-98d1-4262d162dcfb,1.777340259060297e+18
3e62bb71-dc9a-4585-98d1-4262d162dcfb,1.7773402590936402e+18
3e62bb71-dc9a-4585-98d1-4262d162dcfb,1.7773402591269821e+18
3e62bb71-dc9a-4585-98d1-4262d162dcfb,1.777340259160325e+18
3e62bb71-dc9a-4585-98d1-4262d162dcfb,1.777340259193668e+18
3e62bb71-dc9a-4585-98d1-4262d162dcfb,1.77734025922701e+18
3e62bb71-dc9a-4585-98d1-4262d162dcfb,1.777340259260353e+18
3e62bb71-dc9a-4585-98d1-4262d162dcfb,1.777340259293696e+18
3e62bb71-dc9a-4585-98d1-4262d162dcfb,1.777340259327039e+18
3e62bb71-dc9a-4585-98d1-4262d162dcfb,1.7773402593603812e+18
3e62bb71-dc9a-4585-98d1-4262d162dcfb,1.7773402593937242e+18
3e62bb71-dc9a-4585-98d1-4262d162dcfb,1.7773402594270671e+18
3e62bb71-dc9a-4585-98d1-4262d162dcfb,1.777340259460409e+18
3e62bb71-dc9a-4585-98d1-4262d162dcfb,1.777340259493752e+18
3e62bb71-dc9a-4585-98d1-4262d162dcfb,1.777340259527095e+18
3e62bb71-dc9a-4585-98d1-4262d162dcfb,1.777340259560437e+18
3e62bb71-dc9a-4585-98d1-4262d162dcfb,1.77734025959378e+18
3e62bb71-dc9a-4585-98d1-4262d162dcfb,1.777340259627123e+18
3e62bb71-dc9a-4585-98d1-4262d162dcfb,1.7773402596604662e+18
3e62bb71-dc9a-4585-98d1-4262d162dcfb,1.777340259693808e+18
3e62bb71-dc9a-4585-98d1-4262d162dcfb,1.777340259727151e+18
3e62bb71-dc9a-4585-98d1-4262d162dcfb,1.777340259760494e+18
3e62bb71-dc9a-4585-98d1-4262d162dcfb,1.777340259793836e+18
3e62bb71-dc9a-4585-98d1-4262d162dcfb,1.777340259827179e+18
3e62bb71-dc9a-4585-98d1-4262d162dcfb,1.777340259860522e+18
3e62bb71-dc9a-4585-98d1-4262d162dcfb,1.7773402598938642e+18
3e62bb71-dc9a-4585-98d1-4262d162dcfb,1.7773402599272072e+18
3e62bb71-dc9a-4585-98d1-4262d162dcfb,1.7773402599605501e+18
3e62bb71-dc9a-4585-98d1-4262d162dcfb,1.777340259993892e+18
3e62bb71-dc9a-4585-98d1-4262d162dcfb,1.777340260027235e+18
3e62bb71-dc9a-4585-98d1-4262d162dcfb,1.777340260060578e+18
3e62bb71-dc9a-4585-98d1-4262d162dcfb,1.777340260093921e+18
3e62bb71-dc9a-4585-98d1-4262d162dcfb,1.777340260127263e+18
3e62bb71-dc9a-4585-98d1-4262d162dcfb,1.777340260160606e+18
3e62bb71-dc9a-4585-98d1-4262d162dcfb,1.7773402601939492e+18
3e62bb71-dc9a-4585-98d1-4262d162dcfb,1.7773402602272911e+18
3e62bb71-dc9a-4585-98d1-4262d162dcfb,1.777340260260634e+18
3e62bb71-dc9a-4585-98d1-4262d162dcfb,1.777340260293977e+18
3e62bb71-dc9a-4585-98d1-4262d162dcfb,1.777340260327319e+18
3e62bb71-dc9a-4585-98d1-4262d162dcfb,1.777340260360662e+18
3e62bb71-dc9a-4585-98d1-4262d162dcfb,1.777340260394005e+18
3e62bb71-dc9a-4585-98d1-4262d162dcfb,1.777340260427348e+18
3e62bb71-dc9a-4585-98d1-4262d162dcfb,1.7773402604606902e+18
3e62bb71-dc9a-4585-98d1-4262d162dcfb,1.7773402604940332e+18
3e62bb71-dc9a-4585-98d1-4262d162dcfb,1.7773402605273761e+18
3e62bb71-dc9a-4585-98d1-4262d162dcfb,1.777340260560718e+18
3e62bb71-dc9a-4585-98d1-4262d162dcfb,1.777340260594061e+18
3e62bb71-dc9a-4585-98d1-4262d162dcfb,1.777340260627404e+18
3e62bb71-dc9a-4585-98d1-4262d162dcfb,1.777340260660746e+18
3e62bb71-dc9a-4585-98d1-4262d162dcfb,1.777340260694089e+18
3e62bb71-dc9a-4585-98d1-4262d162dcfb,1.7773402607274322e+18
3e62bb71-dc9a-4585-98d1-4262d162dcfb,1.7773402607607741e+18
3e62bb71-dc9a-4585-98d1-4262d162dcfb,1.777340260794117e+18
3e62bb71-dc9a-4585-98d1-4262d162dcfb,1.77734026082746e+18
3e62bb71-dc9a-4585-98d1-4262d162dcfb,1.777340260860803e+18
3e62bb71-dc9a-4585-98d1-4262d162dcfb,1.777340260894145e+18
3e62bb71-dc9a-4585-98d1-4262d162dcfb,1.777340260927488e+18
3e62bb71-dc9a-4585-98d1-4262d162dcfb,1.777340260960831e+18
3e62bb71-dc9a-4585-98d1-4262d162dcfb,1.7773402609941732e+18
3e62bb71-dc9a-4585-98d1-4262d162dcfb,1.7773402610275162e+18
3e62bb71-dc9a-4585-98d1-4262d162dcfb,1.7773402610608591e+18
3e62bb71-dc9a-4585-98d1-4262d162dcfb,1.777340261094201e+18
3e62bb71-dc9a-4585-98d1-4262d162dcfb,1.777340261127544e+18
3e62bb71-dc9a-4585-98d1-4262d162dcfb,1.777340261160887e+18
3e62bb71-dc9a-4585-98d1-4262d162dcfb,1.77734026119423e+18
3e62bb71-dc9a-4585-98d1-4262d162dcfb,1.777340261227572e+18
3e62bb71-dc9a-4585-98d1-4262d162dcfb,1.777340261260915e+18
3e62bb71-dc9a-4585-98d1-4262d162dcfb,1.7773402612942582e+18
3e62bb71-dc9a-4585-98d1-4262d162dcfb,1.7773402613276e+18
3e62bb71-dc9a-4585-98d1-4262d162dcfb,1.777340261360943e+18
3e62bb71-dc9a-4585-98d1-4262d162dcfb,1.777340261394286e+18
3e62bb71-dc9a-4585-98d1-4262d162dcfb,1.777340261427628e+18
3e62bb71-dc9a-4585-98d1-4262d162dcfb,1.777340261460971e+18
3e62bb71-dc9a-4585-98d1-4262d162dcfb,1.777340261494314e+18
3e62bb71-dc9a-4585-98d1-4262d162dcfb,1.7773402615276562e+18
3e62bb71-dc9a-4585-98d1-4262d162dcfb,1.7773402615609992e+18
3e62bb71-dc9a-4585-98d1-4262d162dcfb,1.7773402615943421e+18
3e62bb71-dc9a-4585-98d1-4262d162dcfb,1.777340261627685e+18
3e62bb71-dc9a-4585-98d1-4262d162dcfb,1.777340261661027e+18
3e62bb71-dc9a-4585-98d1-4262d162dcfb,1.77734026169437e+18
3e62bb71-dc9a-4585-98d1-4262d162dcfb,1.777340261727713e+18
3e62bb71-dc9a-4585-98d1-4262d162dcfb,1.777340261761055e+18
3e62bb71-dc9a-4585-98d1-4262d162dcfb,1.777340261794398e+18
3e62bb71-dc9a-4585-98d1-4262d162dcfb,1.7773402618277412e+18
3e62bb71-dc9a-4585-98d1-4262d162dcfb,1.7773402618610831e+18
3e62bb71-dc9a-4585-98d1-4262d162dcfb,1.777340261894426e+18
3e62bb71-dc9a-4585-98d1-4262d162dcfb,1.777340261927769e+18
3e62bb71-dc9a-4585-98d1-4262d162dcfb,1.777340261961111e+18
3e62bb71-dc9a-4585-98d1-4262d162dcfb,1.777340261994454e+18
3e62bb71-dc9a-4585-98d1-4262d162dcfb,1.777340262027797e+18
3e62bb71-dc9a-4585-98d1-4262d162dcfb,1.77734026206114e+18
3e62bb71-dc9a-4585-98d1-4262d162dcfb,1.7773402620944822e+18
3e62bb71-dc9a-4585-98d1-4262d162dcfb,1.7773402621278252e+18
3e62bb71-dc9a-4585-98d1-4262d162dcfb,1.7773402621611681e+18
3e62bb71-dc9a-4585-98d1-4262d162dcfb,1.77734026219451e+18
3e62bb71-dc9a-4585-98d1-4262d162dcfb,1.777340262227853e+18
3e62bb71-dc9a-4585-98d1-4262d162dcfb,1.777340262261196e+18
3e62bb71-dc9a-4585-98d1-4262d162dcfb,1.777340262294538e+18
3e62bb71-dc9a-4585-98d1-4262d162dcfb,1.777340262327881e+18
3e62bb71-dc9a-4585-98d1-4262d162dcfb,1.7773402623612242e+18
3e62bb71-dc9a-4585-98d1-4262d162dcfb,1.7773402623945672e+18
3e62bb71-dc9a-4585-98d1-4262d162dcfb,1.777340262427909e+18
3e62bb71-dc9a-4585-98d1-4262d162dcfb,1.777340262461252e+18
3e62bb71-dc9a-4585-98d1-4262d162dcfb,1.777340262494595e+18
3e62bb71-dc9a-4585-98d1-4262d162dcfb,1.777340262527937e+18
3e62bb71-dc9a-4585-98d1-4262d162dcfb,1.77734026256128e+18
3e62bb71-dc9a-4585-98d1-4262d162dcfb,1.777340262594623e+18
3e62bb71-dc9a-4585-98d1-4262d162dcfb,1.7773402626279652e+18
3e62bb71-dc9a-4585-98d1-4262d162dcfb,1.7773402626613082e+18
3e62bb71-dc9a-4585-98d1-4262d162dcfb,1.7773402626946511e+18
3e62bb71-dc9a-4585-98d1-4262d162dcfb,1.777340262727993e+18
3e62bb71-dc9a-4585-98d1-4262d162dcfb,1.777340262761336e+18
3e62bb71-dc9a-4585-98d1-4262d162dcfb,1.777340262794679e+18
3e62bb71-dc9a-4585-98d1-4262d162dcfb,1.777340262828022e+18
3e62bb71-dc9a-4585-98d1-4262d162dcfb,1.777340262861364e+18
3e62bb71-dc9a-4585-98d1-4262d162dcfb,1.777340262894707e+18
3e62bb71-dc9a-4585-98d1-4262d162dcfb,1.7773402629280502e+18
3e62bb71-dc9a-4585-98d1-4262d162dcfb,1.777340262961392e+18
3e62bb71-dc9a-4585-98d1-4262d162dcfb,1.777340262994735e+18
3e62bb71-dc9a-4585-98d1-4262d162dcfb,1.777340263028078e+18
3e62bb71-dc9a-4585-98d1-4262d162dcfb,1.77734026306142e+18
3e62bb71-dc9a-4585-98d1-4262d162dcfb,1.777340263094763e+18
3e62bb71-dc9a-4585-98d1-4262d162dcfb,1.777340263128106e+18
3e62bb71-dc9a-4585-98d1-4262d162dcfb,1.777340263161449e+18
3e62bb71-dc9a-4585-98d1-4262d162dcfb,1.7773402631947912e+18
3e62bb71-dc9a-4585-98d1-4262d162dcfb,1.7773402632281341e+18
3e62bb71-dc9a-4585-98d1-4262d162dcfb,1.777340263261477e+18
3e62bb71-dc9a-4585-98d1-4262d162dcfb,1.777340263294819e+18
3e62bb71-dc9a-4585-98d1-4262d162dcfb,1.777340263328162e+18
3e62bb71-dc9a-4585-98d1-4262d162dcfb,1.777340263361505e+18
3e62bb71-dc9a-4585-98d1-4262d162dcfb,1.777340263394847e+18
3e62bb71-dc9a-4585-98d1-4262d162dcfb,1.77734026342819e+18
3e62bb71-dc9a-4585-98d1-4262d162dcfb,1.7773402634615332e+18
3e62bb71-dc9a-4585-98d1-4262d162dcfb,1.7773402634948762e+18
3e62bb71-dc9a-4585-98d1-4262d162dcfb,1.777340263528218e+18
3e62bb71-dc9a-4585-98d1-4262d162dcfb,1.777340263561561e+18
3e62bb71-dc9a-4585-98d1-4262d162dcfb,1.777340263594904e+18
3e62bb71-dc9a-4585-98d1-4262d162dcfb,1.777340263628246e+18
3e62bb71-dc9a-4585-98d1-4262d162dcfb,1.777340263661589e+18
3e62bb71-dc9a-4585-98d1-4262d162dcfb,1.777340263694932e+18
3e62bb71-dc9a-4585-98d1-4262d162dcfb,1.7773402637282742e+18
3e62bb71-dc9a-4585-98d1-4262d162dcfb,1.7773402637616172e+18
3e62bb71-dc9a-4585-98d1-4262d162dcfb,1.7773402637949601e+18
3e62bb71-dc9a-4585-98d1-4262d162dcfb,1.777340263828302e+18
3e62bb71-dc9a-4585-98d1-4262d162dcfb,1.777340263861645e+18
3e62bb71-dc9a-4585-98d1-4262d162dcfb,1.777340263894988e+18
3e62bb71-dc9a-4585-98d1-4262d162dcfb,1.777340263928331e+18
3e62bb71-dc9a-4585-98d1-4262d162dcfb,1.777340263961673e+18
3e62bb71-dc9a-4585-98d1-4262d162dcfb,1.7773402639950162e+18
3e62bb71-dc9a-4585-98d1-4262d162dcfb,1.7773402640283592e+18
3e62bb71-dc9a-4585-98d1-4262d162dcfb,1.777340264061701e+18
3e62bb71-dc9a-4585-98d1-4262d162dcfb,1.777340264095044e+18
3e62bb71-dc9a-4585-98d1-4262d162dcfb,1.777340264128387e+18
3e62bb71-dc9a-4585-98d1-4262d162dcfb,1.777340264161729e+18
3e62bb71-dc9a-4585-98d1-4262d162dcfb,1.777340264195072e+18
3e62bb71-dc9a-4585-98d1-4262d162dcfb,1.777340264228415e+18
3e62bb71-dc9a-4585-98d1-4262d162dcfb,1.777340264261758e+18
3e62bb71-dc9a-4585-98d1-4262d162dcfb,1.7773402642951002e+18
3e62bb71-dc9a-4585-98d1-4262d162dcfb,1.7773402643284431e+18
3e62bb71-dc9a-4585-98d1-4262d162dcfb,1.777340264361786e+18
3e62bb71-dc9a-4585-98d1-4262d162dcfb,1.777340264395128e+18
3e62bb71-dc9a-4585-98d1-4262d162dcfb,1.777340264428471e+18
3e62bb71-dc9a-4585-98d1-4262d162dcfb,1.777340264461814e+18
3e62bb71-dc9a-4585-98d1-4262d162dcfb,1.777340264495156e+18
3e62bb71-dc9a-4585-98d1-4262d162dcfb,1.777340264528499e+18
3e62bb71-dc9a-4585-98d1-4262d162dcfb,1.7773402645618422e+18
3e62bb71-dc9a-4585-98d1-4262d162dcfb,1.777340264595184e+18
3e62bb71-dc9a-4585-98d1-4262d162dcfb,1.777340264628527e+18
3e62bb71-dc9a-4585-98d1-4262d162dcfb,1.77734026466187e+18
3e62bb71-dc9a-4585-98d1-4262d162dcfb,1.777340264695213e+18
3e62bb71-dc9a-4585-98d1-4262d162dcfb,1.777340264728555e+18
3e62bb71-dc9a-4585-98d1-4262d162dcfb,1.777340264761898e+18
3e62bb71-dc9a-4585-98d1-4262d162dcfb,1.777340264795241e+18
3e62bb71-dc9a-4585-98d1-4262d162dcfb,1.7773402648285832e+18
3e62bb71-dc9a-4585-98d1-4262d162dcfb,1.7773402648619261e+18
3e62bb71-dc9a-4585-98d1-4262d162dcfb,1.777340264895269e+18
3e62bb71-dc9a-4585-98d1-4262d162dcfb,1.777340264928611e+18
3e62bb71-dc9a-4585-98d1-4262d162dcfb,1.777340264961954e+18
3e62bb71-dc9a-4585-98d1-4262d162dcfb,1.777340264995297e+18
3e62bb71-dc9a-4585-98d1-4262d162dcfb,1.777340265028639e+18
3e62bb71-dc9a-4585-98d1-4262d162dcfb,1.777340265061982e+18
3e62bb71-dc9a-4585-98d1-4262d162dcfb,1.7773402650953252e+18
3e62bb71-dc9a-4585-98d1-4262d162dcfb,1.7773402651286682e+18
3e62bb71-dc9a-4585-98d1-4262d162dcfb,1.77734026516201e+18
3e62bb71-dc9a-4585-98d1-4262d162dcfb,1.777340265195353e+18
3e62bb71-dc9a-4585-98d1-4262d162dcfb,1.777340265228696e+18
3e62bb71-dc9a-4585-98d1-4262d162dcfb,1.777340265262038e+18
3e62bb71-dc9a-4585-98d1-4262d162dcfb,1.777340265295381e+18
3e62bb71-dc9a-4585-98d1-4262d162dcfb,1.777340265328724e+18
3e62bb71-dc9a-4585-98d1-4262d162dcfb,1.7773402653620662e+18
3e62bb71-dc9a-4585-98d1-4262d162dcfb,1.7773402653954092e+18
3e62bb71-dc9a-4585-98d1-4262d162dcfb,1.7773402654287521e+18
3e62bb71-dc9a-4585-98d1-4262d162dcfb,1.777340265462095e+18
3e62bb71-dc9a-4585-98d1-4262d162dcfb,1.777340265495437e+18
3e62bb71-dc9a-4585-98d1-4262d162dcfb,1.77734026552878e+18
3e62bb71-dc9a-4585-98d1-4262d162dcfb,1.777340265562123e+18
3e62bb71-dc9a-4585-98d1-4262d162dcfb,1.777340265595465e+18
3e62bb71-dc9a-4585-98d1-4262d162dcfb,1.7773402656288082e+18
3e62bb71-dc9a-4585-98d1-4262d162dcfb,1.7773402656621512e+18
3e62bb71-dc9a-4585-98d1-4262d162dcfb,1.777340265695493e+18
3e62bb71-dc9a-4585-98d1-4262d162dcfb,1.777340265728836e+18
3e62bb71-dc9a-4585-98d1-4262d162dcfb,1.777340265762179e+18
3e62bb71-dc9a-4585-98d1-4262d162dcfb,1.777340265795522e+18
3e62bb71-dc9a-4585-98d1-4262d162dcfb,1.777340265828864e+18
3e62bb71-dc9a-4585-98d1-4262d162dcfb,1.777340265862207e+18
3e62bb71-dc9a-4585-98d1-4262d162dcfb,1.77734026589555e+18
3e62bb71-dc9a-4585-98d1-4262d162dcfb,1.7773402659288922e+18
3e62bb71-dc9a-4585-98d1-4262d162dcfb,1.7773402659622351e+18
3e62bb71-dc9a-4585-98d1-4262d162dcfb,1.777340265995578e+18
3e62bb71-dc9a-4585-98d1-4262d162dcfb,1.77734026602892e+18
3e62bb71-dc9a-4585-98d1-4262d162dcfb,1.777340266062263e+18
3e62bb71-dc9a-4585-98d1-4262d162dcfb,1.777340266095606e+18
3e62bb71-dc9a-4585-98d1-4262d162dcfb,1.777340266128948e+18
3e62bb71-dc9a-4585-98d1-4262d162dcfb,1.777340266162291e+18
3e62bb71-dc9a-4585-98d1-4262d162dcfb,1.7773402661956342e+18
3e62bb71-dc9a-4585-98d1-4262d162dcfb,1.777340266228976e+18
3e62bb71-dc9a-4585-98d1-4262d162dcfb,1.777340266262319e+18
3e62bb71-dc9a-4585-98d1-4262d162dcfb,1.777340266295662e+18
3e62bb71-dc9a-4585-98d1-4262d162dcfb,1.777340266329005e+18
3e62bb71-dc9a-4585-98d1-4262d162dcfb,1.777340266362347e+18
3e62bb71-dc9a-4585-98d1-4262d162dcfb,1.77734026639569e+18
3e62bb71-dc9a-4585-98d1-4262d162dcfb,1.777340266429033e+18
3e62bb71-dc9a-4585-98d1-4262d162dcfb,1.7773402664623752e+18
3e62bb71-dc9a-4585-98d1-4262d162dcfb,1.7773402664957181e+18
3e62bb71-dc9a-4585-98d1-4262d162dcfb,1.777340266529061e+18
3e62bb71-dc9a-4585-98d1-4262d162dcfb,1.777340266562403e+18
3e62bb71-dc9a-4585-98d1-4262d162dcfb,1.777340266595746e+18
3e62bb71-dc9a-4585-98d1-4262d162dcfb,1.777340266629089e+18
3e62bb71-dc9a-4585-98d1-4262d162dcfb,1.777340266662432e+18
3e62bb71-dc9a-4585-98d1-4262d162dcfb,1.777340266695774e+18
3e62bb71-dc9a-4585-98d1-4262d162dcfb,1.7773402667291172e+18
3e62bb71-dc9a-4585-98d1-4262d162dcfb,1.7773402667624602e+18
3e62bb71-dc9a-4585-98d1-4262d162dcfb,1.777340266795802e+18
3e62bb71-dc9a-4585-98d1-4262d162dcfb,1.777340266829145e+18
3e62bb71-dc9a-4585-98d1-4262d162dcfb,1.777340266862488e+18
3e62bb71-dc9a-4585-98d1-4262d162dcfb,1.77734026689583e+18
3e62bb71-dc9a-4585-98d1-4262d162dcfb,1.777340266929173e+18
3e62bb71-dc9a-4585-98d1-4262d162dcfb,1.777340266962516e+18
3e62bb71-dc9a-4585-98d1-4262d162dcfb,1.777340266995859e+18
3e62bb71-dc9a-4585-98d1-4262d162dcfb,1.7773402670292012e+18
3e62bb71-dc9a-4585-98d1-4262d162dcfb,1.7773402670625441e+18
3e62bb71-dc9a-4585-98d1-4262d162dcfb,1.777340267095887e+18
3e62bb71-dc9a-4585-98d1-4262d162dcfb,1.777340267129229e+18
3e62bb71-dc9a-4585-98d1-4262d162dcfb,1.777340267162572e+18
3e62bb71-dc9a-4585-98d1-4262d162dcfb,1.777340267195915e+18
3e62bb71-dc9a-4585-98d1-4262d162dcfb,1.777340267229257e+18
3e62bb71-dc9a-4585-98d1-4262d162dcfb,1.7773402672626002e+18
3e62bb71-dc9a-4585-98d1-4262d162dcfb,1.7773402672959432e+18
3e62bb71-dc9a-4585-98d1-4262d162dcfb,1.777340267329285e+18
3e62bb71-dc9a-4585-98d1-4262d162dcfb,1.777340267362628e+18
3e62bb71-dc9a-4585-98d1-4262d162dcfb,1.777340267395971e+18
3e62bb71-dc9a-4585-98d1-4262d162dcfb,1.777340267429314e+18
3e62bb71-dc9a-4585-98d1-4262d162dcfb,1.777340267462656e+18
3e62bb71-dc9a-4585-98d1-4262d162dcfb,1.777340267495999e+18
3e62bb71-dc9a-4585-98d1-4262d162dcfb,1.777340267529342e+18
3e62bb71-dc9a-4585-98d1-4262d162dcfb,1.7773402675626842e+18
3e62bb71-dc9a-4585-98d1-4262d162dcfb,1.7773402675960271e+18
3e62bb71-dc9a-4585-98d1-4262d162dcfb,1.77734026762937e+18
3e62bb71-dc9a-4585-98d1-4262d162dcfb,1.777340267662712e+18
3e62bb71-dc9a-4585-98d1-4262d162dcfb,1.777340267696055e+18
3e62bb71-dc9a-4585-98d1-4262d162dcfb,1.777340267729398e+18
3e62bb71-dc9a-4585-98d1-4262d162dcfb,1.777340267762741e+18
3e62bb71-dc9a-4585-98d1-4262d162dcfb,1.777340267796083e+18
3e62bb71-dc9a-4585-98d1-4262d162dcfb,1.7773402678294262e+18
3e62bb71-dc9a-4585-98d1-4262d162dcfb,1.7773402678627692e+18
3e62bb71-dc9a-4585-98d1-4262d162dcfb,1.777340267896111e+18
3e62bb71-dc9a-4585-98d1-4262d162dcfb,1.777340267929454e+18
3e62bb71-dc9a-4585-98d1-4262d162dcfb,1.777340267962797e+18
3e62bb71-dc9a-4585-98d1-4262d162dcfb,1.777340267996139e+18
3e62bb71-dc9a-4585-98d1-4262d162dcfb,1.777340268029482e+18
3e62bb71-dc9a-4585-98d1-4262d162dcfb,1.777340268062825e+18
3e62bb71-dc9a-4585-98d1-4262d162dcfb,1.7773402680961672e+18
3e62bb71-dc9a-4585-98d1-4262d162dcfb,1.7773402681295101e+18
3e62bb71-dc9a-4585-98d1-4262d162dcfb,1.777340268162853e+18
3e62bb71-dc9a-4585-98d1-4262d162dcfb,1.777340268196196e+18
3e62bb71-dc9a-4585-98d1-4262d162dcfb,1.777340268229538e+18
3e62bb71-dc9a-4585-98d1-4262d162dcfb,1.777340268262881e+18
3e62bb71-dc9a-4585-98d1-4262d162dcfb,1.777340268296224e+18
3e62bb71-dc9a-4585-98d1-4262d162dcfb,1.777340268329566e+18
3e62bb71-dc9a-4585-98d1-4262d162dcfb,1.7773402683629092e+18
3e62bb71-dc9a-4585-98d1-4262d162dcfb,1.7773402683962522e+18
3e62bb71-dc9a-4585-98d1-4262d162dcfb,1.777340268429594e+18
3e62bb71-dc9a-4585-98d1-4262d162dcfb,1.777340268462937e+18
3e62bb71-dc9a-4585-98d1-4262d162dcfb,1.77734026849628e+18
3e62bb71-dc9a-4585-98d1-4262d162dcfb,1.777340268529623e+18
3e62bb71-dc9a-4585-98d1-4262d162dcfb,1.777340268562965e+18
3e62bb71-dc9a-4585-98d1-4262d162dcfb,1.777340268596308e+18
3e62bb71-dc9a-4585-98d1-4262d162dcfb,1.777340268629651e+18
3e62bb71-dc9a-4585-98d1-4262d162dcfb,1.7773402686629932e+18
3e62bb71-dc9a-4585-98d1-4262d162dcfb,1.7773402686963361e+18
3e62bb71-dc9a-4585-98d1-4262d162dcfb,1.777340268729679e+18
3e62bb71-dc9a-4585-98d1-4262d162dcfb,1.777340268763021e+18
3e62bb71-dc9a-4585-98d1-4262d162dcfb,1.777340268796364e+18
3e62bb71-dc9a-4585-98d1-4262d162dcfb,1.777340268829707e+18
3e62bb71-dc9a-4585-98d1-4262d162dcfb,1.777340268863049e+18
3e62bb71-dc9a-4585-98d1-4262d162dcfb,1.7773402688963922e+18
3e62bb71-dc9a-4585-98d1-4262d162dcfb,1.7773402689297352e+18
3e62bb71-dc9a-4585-98d1-4262d162dcfb,1.7773402689630781e+18
3e62bb71-dc9a-4585-98d1-4262d162dcfb,1.77734026899642e+18
3e62bb71-dc9a-4585-98d1-4262d162dcfb,1.777340269029763e+18
3e62bb71-dc9a-4585-98d1-4262d162dcfb,1.777340269063106e+18
3e62bb71-dc9a-4585-98d1-4262d162dcfb,1.777340269096448e+18
3e62bb71-dc9a-4585-98d1-4262d162dcfb,1.777340269129791e+18
3e62bb71-dc9a-4585-98d1-4262d162dcfb,1.777340269163134e+18
3e62bb71-dc9a-4585-98d1-4262d162dcfb,1.7773402691964762e+18
3e62bb71-dc9a-4585-98d1-4262d162dcfb,1.7773402692298191e+18
3e62bb71-dc9a-4585-98d1-4262d162dcfb,1.777340269263162e+18
3e62bb71-dc9a-4585-98d1-4262d162dcfb,1.777340269296504e+18
3e62bb71-dc9a-4585-98d1-4262d162dcfb,1.777340269329847e+18
3e62bb71-dc9a-4585-98d1-4262d162dcfb,1.77734026936319e+18
3e62bb71-dc9a-4585-98d1-4262d162dcfb,1.777340269396533e+18
3e62bb71-dc9a-4585-98d1-4262d162dcfb,1.777340269429875e+18
3e62bb71-dc9a-4585-98d1-4262d162dcfb,1.7773402694632182e+18
3e62bb71-dc9a-4585-98d1-4262d162dcfb,1.7773402694965612e+18
3e62bb71-dc9a-4585-98d1-4262d162dcfb,1.777340269529903e+18
3e62bb71-dc9a-4585-98d1-4262d162dcfb,1.777340269563246e+18
3e62bb71-dc9a-4585-98d1-4262d162dcfb,1.777340269596589e+18
3e62bb71-dc9a-4585-98d1-4262d162dcfb,1.777340269629931e+18
3e62bb71-dc9a-4585-98d1-4262d162dcfb,1.777340269663274e+18
3e62bb71-dc9a-4585-98d1-4262d162dcfb,1.777340269696617e+18
3e62bb71-dc9a-4585-98d1-4262d162dcfb,1.7773402697299602e+18
3e62bb71-dc9a-4585-98d1-4262d162dcfb,1.7773402697633021e+18
3e62bb71-dc9a-4585-98d1-4262d162dcfb,1.777340269796645e+18
3e62bb71-dc9a-4585-98d1-4262d162dcfb,1.777340269829988e+18
3e62bb71-dc9a-4585-98d1-4262d162dcfb,1.77734026986333e+18
3e62bb71-dc9a-4585-98d1-4262d162dcfb,1.777340269896673e+18
3e62bb71-dc9a-4585-98d1-4262d162dcfb,1.777340269930016e+18
3e62bb71-dc9a-4585-98d1-4262d162dcfb,1.777340269963358e+18
3e62bb71-dc9a-4585-98d1-4262d162dcfb,1.7773402699967012e+18
3e62bb71-dc9a-4585-98d1-4262d162dcfb,1.7773402700300442e+18
3e62bb71-dc9a-4585-98d1-4262d162dcfb,1.777340270063386e+18
3e62bb71-dc9a-4585-98d1-4262d162dcfb,1.777340270096729e+18
3e62bb71-dc9a-4585-98d1-4262d162dcfb,1.777340270130072e+18
3e62bb71-dc9a-4585-98d1-4262d162dcfb,1.777340270163415e+18
3e62bb71-dc9a-4585-98d1-4262d162dcfb,1.777340270196757e+18
3e62bb71-dc9a-4585-98d1-4262d162dcfb,1.7773402702301e+18
3e62bb71-dc9a-4585-98d1-4262d162dcfb,1.777340270263443e+18
3e62bb71-dc9a-4585-98d1-4262d162dcfb,1.7773402702967852e+18
3e62bb71-dc9a-4585-98d1-4262d162dcfb,1.7773402703301281e+18
3e62bb71-dc9a-4585-98d1-4262d162dcfb,1.777340270363471e+18
3e62bb71-dc9a-4585-98d1-4262d162dcfb,1.777340270396813e+18
3e62bb71-dc9a-4585-98d1-4262d162dcfb,1.777340270430156e+18
3e62bb71-dc9a-4585-98d1-4262d162dcfb,1.777340270463499e+18
3e62bb71-dc9a-4585-98d1-4262d162dcfb,1.777340270496842e+18
3e62bb71-dc9a-4585-98d1-4262d162dcfb,1.7773402705301842e+18
3e62bb71-dc9a-4585-98d1-4262d162dcfb,1.7773402705635272e+18
3e62bb71-dc9a-4585-98d1-4262d162dcfb,1.7773402705968701e+18
3e62bb71-dc9a-4585-98d1-4262d162dcfb,1.777340270630212e+18
3e62bb71-dc9a-4585-98d1-4262d162dcfb,1.777340270663555e+18
3e62bb71-dc9a-4585-98d1-4262d162dcfb,1.777340270696898e+18
3e62bb71-dc9a-4585-98d1-4262d162dcfb,1.77734027073024e+18
3e62bb71-dc9a-4585-98d1-4262d162dcfb,1.777340270763583e+18
3e62bb71-dc9a-4585-98d1-4262d162dcfb,1.777340270796926e+18
3e62bb71-dc9a-4585-98d1-4262d162dcfb,1.7773402708302692e+18
3e62bb71-dc9a-4585-98d1-4262d162dcfb,1.7773402708636111e+18
3e62bb71-dc9a-4585-98d1-4262d162dcfb,1.777340270896954e+18
3e62bb71-dc9a-4585-98d1-4262d162dcfb,1.777340270930297e+18
3e62bb71-dc9a-4585-98d1-4262d162dcfb,1.777340270963639e+18
3e62bb71-dc9a-4585-98d1-4262d162dcfb,1.777340270996982e+18
3e62bb71-dc9a-4585-98d1-4262d162dcfb,1.777340271030325e+18
3e62bb71-dc9a-4585-98d1-4262d162dcfb,1.777340271063667e+18
3e62bb71-dc9a-4585-98d1-4262d162dcfb,1.7773402710970102e+18
3e62bb71-dc9a-4585-98d1-4262d162dcfb,1.7773402711303532e+18
3e62bb71-dc9a-4585-98d1-4262d162dcfb,1.777340271163695e+18
3e62bb71-dc9a-4585-98d1-4262d162dcfb,1.777340271197038e+18
3e62bb71-dc9a-4585-98d1-4262d162dcfb,1.777340271230381e+18
3e62bb71-dc9a-4585-98d1-4262d162dcfb,1.777340271263724e+18
3e62bb71-dc9a-4585-98d1-4262d162dcfb,1.777340271297066e+18
3e62bb71-dc9a-4585-98d1-4262d162dcfb,1.777340271330409e+18
3e62bb71-dc9a-4585-98d1-4262d162dcfb,1.7773402713637522e+18
3e62bb71-dc9a-4585-98d1-4262d162dcfb,1.7773402713970941e+18
3e62bb71-dc9a-4585-98d1-4262d162dcfb,1.777340271430437e+18
3e62bb71-dc9a-4585-98d1-4262d162dcfb,1.77734027146378e+18
3e62bb71-dc9a-4585-98d1-4262d162dcfb,1.777340271497122e+18
3e62bb71-dc9a-4585-98d1-4262d162dcfb,1.777340271530465e+18
3e62bb71-dc9a-4585-98d1-4262d162dcfb,1.777340271563808e+18
3e62bb71-dc9a-4585-98d1-4262d162dcfb,1.777340271597151e+18
3e62bb71-dc9a-4585-98d1-4262d162dcfb,1.7773402716304932e+18
3e62bb71-dc9a-4585-98d1-4262d162dcfb,1.7773402716638362e+18
3e62bb71-dc9a-4585-98d1-4262d162dcfb,1.7773402716971791e+18
3e62bb71-dc9a-4585-98d1-4262d162dcfb,1.777340271730521e+18
3e62bb71-dc9a-4585-98d1-4262d162dcfb,1.777340271763864e+18
3e62bb71-dc9a-4585-98d1-4262d162dcfb,1.777340271797207e+18
3e62bb71-dc9a-4585-98d1-4262d162dcfb,1.777340271830549e+18
3e62bb71-dc9a-4585-98d1-4262d162dcfb,1.777340271863892e+18
3e62bb71-dc9a-4585-98d1-4262d162dcfb,1.777340271897235e+18
3e62bb71-dc9a-4585-98d1-4262d162dcfb,1.7773402719305772e+18
3e62bb71-dc9a-4585-98d1-4262d162dcfb,1.7773402719639201e+18
3e62bb71-dc9a-4585-98d1-4262d162dcfb,1.777340271997263e+18
3e62bb71-dc9a-4585-98d1-4262d162dcfb,1.777340272030606e+18
3e62bb71-dc9a-4585-98d1-4262d162dcfb,1.777340272063948e+18
3e62bb71-dc9a-4585-98d1-4262d162dcfb,1.777340272097291e+18
3e62bb71-dc9a-4585-98d1-4262d162dcfb,1.777340272130634e+18
3e62bb71-dc9a-4585-98d1-4262d162dcfb,1.7773402721639762e+18
3e62bb71-dc9a-4585-98d1-4262d162dcfb,1.7773402721973192e+18
3e62bb71-dc9a-4585-98d1-4262d162dcfb,1.7773402722306621e+18
3e62bb71-dc9a-4585-98d1-4262d162dcfb,1.777340272264004e+18
3e62bb71-dc9a-4585-98d1-4262d162dcfb,1.777340272297347e+18
3e62bb71-dc9a-4585-98d1-4262d162dcfb,1.77734027233069e+18
3e62bb71-dc9a-4585-98d1-4262d162dcfb,1.777340272364032e+18
3e62bb71-dc9a-4585-98d1-4262d162dcfb,1.777340272397375e+18
3e62bb71-dc9a-4585-98d1-4262d162dcfb,1.777340272430718e+18
3e62bb71-dc9a-4585-98d1-4262d162dcfb,1.7773402724640612e+18
3e62bb71-dc9a-4585-98d1-4262d162dcfb,1.7773402724974031e+18
3e62bb71-dc9a-4585-98d1-4262d162dcfb,1.777340272530746e+18
3e62bb71-dc9a-4585-98d1-4262d162dcfb,1.777340272564089e+18
3e62bb71-dc9a-4585-98d1-4262d162dcfb,1.777340272597431e+18
3e62bb71-dc9a-4585-98d1-4262d162dcfb,1.777340272630774e+18
3e62bb71-dc9a-4585-98d1-4262d162dcfb,1.777340272664117e+18
3e62bb71-dc9a-4585-98d1-4262d162dcfb,1.777340272697459e+18
3e62bb71-dc9a-4585-98d1-4262d162dcfb,1.7773402727308022e+18
3e62bb71-dc9a-4585-98d1-4262d162dcfb,1.7773402727641452e+18
3e62bb71-dc9a-4585-98d1-4262d162dcfb,1.777340272797488e+18
3e62bb71-dc9a-4585-98d1-4262d162dcfb,1.77734027283083e+18
3e62bb71-dc9a-4585-98d1-4262d162dcfb,1.777340272864173e+18
3e62bb71-dc9a-4585-98d1-4262d162dcfb,1.777340272897516e+18
3e62bb71-dc9a-4585-98d1-4262d162dcfb,1.777340272930858e+18
3e62bb71-dc9a-4585-98d1-4262d162dcfb,1.777340272964201e+18
3e62bb71-dc9a-4585-98d1-4262d162dcfb,1.7773402729975442e+18
3e62bb71-dc9a-4585-98d1-4262d162dcfb,1.7773402730308861e+18
3e62bb71-dc9a-4585-98d1-4262d162dcfb,1.777340273064229e+18
3e62bb71-dc9a-4585-98d1-4262d162dcfb,1.777340273097572e+18
3e62bb71-dc9a-4585-98d1-4262d162dcfb,1.777340273130915e+18
3e62bb71-dc9a-4585-98d1-4262d162dcfb,1.777340273164257e+18
3e62bb71-dc9a-4585-98d1-4262d162dcfb,1.7773402731976e+18
3e62bb71-dc9a-4585-98d1-4262d162dcfb,1.777340273230943e+18
3e62bb71-dc9a-4585-98d1-4262d162dcfb,1.7773402732642852e+18
3e62bb71-dc9a-4585-98d1-4262d162dcfb,1.7773402732976282e+18
3e62bb71-dc9a-4585-98d1-4262d162dcfb,1.7773402733309711e+18
3e62bb71-dc9a-4585-98d1-4262d162dcfb,1.777340273364313e+18
3e62bb71-dc9a-4585-98d1-4262d162dcfb,1.777340273397656e+18
3e62bb71-dc9a-4585-98d1-4262d162dcfb,1.777340273430999e+18
3e62bb71-dc9a-4585-98d1-4262d162dcfb,1.777340273464341e+18
3e62bb71-dc9a-4585-98d1-4262d162dcfb,1.777340273497684e+18
3e62bb71-dc9a-4585-98d1-4262d162dcfb,1.777340273531027e+18
3e62bb71-dc9a-4585-98d1-4262d162dcfb,1.7773402735643692e+18
3e62bb71-dc9a-4585-98d1-4262d162dcfb,1.7773402735977121e+18
3e62bb71-dc9a-4585-98d1-4262d162dcfb,1.777340273631055e+18
3e62bb71-dc9a-4585-98d1-4262d162dcfb,1.777340273664398e+18
3e62bb71-dc9a-4585-98d1-4262d162dcfb,1.77734027369774e+18
3e62bb71-dc9a-4585-98d1-4262d162dcfb,1.777340273731083e+18
3e62bb71-dc9a-4585-98d1-4262d162dcfb,1.777340273764426e+18
3e62bb71-dc9a-4585-98d1-4262d162dcfb,1.7773402737977682e+18
3e62bb71-dc9a-4585-98d1-4262d162dcfb,1.7773402738311112e+18
3e62bb71-dc9a-4585-98d1-4262d162dcfb,1.7773402738644541e+18
3e62bb71-dc9a-4585-98d1-4262d162dcfb,1.777340273897796e+18
3e62bb71-dc9a-4585-98d1-4262d162dcfb,1.777340273931139e+18
3e62bb71-dc9a-4585-98d1-4262d162dcfb,1.777340273964482e+18
3e62bb71-dc9a-4585-98d1-4262d162dcfb,1.777340273997825e+18
3e62bb71-dc9a-4585-98d1-4262d162dcfb,1.777340274031167e+18
3e62bb71-dc9a-4585-98d1-4262d162dcfb,1.77734027406451e+18
3e62bb71-dc9a-4585-98d1-4262d162dcfb,1.7773402740978532e+18
3e62bb71-dc9a-4585-98d1-4262d162dcfb,1.7773402741311951e+18
3e62bb71-dc9a-4585-98d1-4262d162dcfb,1.777340274164538e+18
3e62bb71-dc9a-4585-98d1-4262d162dcfb,1.777340274197881e+18
3e62bb71-dc9a-4585-98d1-4262d162dcfb,1.777340274231223e+18
3e62bb71-dc9a-4585-98d1-4262d162dcfb,1.777340274264566e+18
3e62bb71-dc9a-4585-98d1-4262d162dcfb,1.777340274297909e+18
3e62bb71-dc9a-4585-98d1-4262d162dcfb,1.777340274331252e+18
3e62bb71-dc9a-4585-98d1-4262d162dcfb,1.7773402743645942e+18
3e62bb71-dc9a-4585-98d1-4262d162dcfb,1.7773402743979372e+18
3e62bb71-dc9a-4585-98d1-4262d162dcfb,1.77734027443128e+18
3e62bb71-dc9a-4585-98d1-4262d162dcfb,1.777340274464622e+18
3e62bb71-dc9a-4585-98d1-4262d162dcfb,1.777340274497965e+18
3e62bb71-dc9a-4585-98d1-4262d162dcfb,1.777340274531308e+18
3e62bb71-dc9a-4585-98d1-4262d162dcfb,1.77734027456465e+18
3e62bb71-dc9a-4585-98d1-4262d162dcfb,1.777340274597993e+18
3e62bb71-dc9a-4585-98d1-4262d162dcfb,1.7773402746313362e+18
3e62bb71-dc9a-4585-98d1-4262d162dcfb,1.7773402746646781e+18
3e62bb71-dc9a-4585-98d1-4262d162dcfb,1.777340274698021e+18
3e62bb71-dc9a-4585-98d1-4262d162dcfb,1.777340274731364e+18
3e62bb71-dc9a-4585-98d1-4262d162dcfb,1.777340274764707e+18
3e62bb71-dc9a-4585-98d1-4262d162dcfb,1.777340274798049e+18
3e62bb71-dc9a-4585-98d1-4262d162dcfb,1.777340274831392e+18
3e62bb71-dc9a-4585-98d1-4262d162dcfb,1.777340274864735e+18
3e62bb71-dc9a-4585-98d1-4262d162dcfb,1.7773402748980772e+18
3e62bb71-dc9a-4585-98d1-4262d162dcfb,1.7773402749314202e+18
3e62bb71-dc9a-4585-98d1-4262d162dcfb,1.7773402749647631e+18
3e62bb71-dc9a-4585-98d1-4262d162dcfb,1.777340274998105e+18
3e62bb71-dc9a-4585-98d1-4262d162dcfb,1.777340275031448e+18
3e62bb71-dc9a-4585-98d1-4262d162dcfb,1.777340275064791e+18
3e62bb71-dc9a-4585-98d1-4262d162dcfb,1.777340275098134e+18
3e62bb71-dc9a-4585-98d1-4262d162dcfb,1.777340275131476e+18
3e62bb71-dc9a-4585-98d1-4262d162dcfb,1.777340275164819e+18
3e62bb71-dc9a-4585-98d1-4262d162dcfb,1.7773402751981622e+18
3e62bb71-dc9a-4585-98d1-4262d162dcfb,1.7773402752315041e+18
3e62bb71-dc9a-4585-98d1-4262d162dcfb,1.777340275264847e+18
3e62bb71-dc9a-4585-98d1-4262d162dcfb,1.77734027529819e+18
3e62bb71-dc9a-4585-98d1-4262d162dcfb,1.777340275331532e+18
3e62bb71-dc9a-4585-98d1-4262d162dcfb,1.777340275364875e+18
3e62bb71-dc9a-4585-98d1-4262d162dcfb,1.777340275398218e+18
3e62bb71-dc9a-4585-98d1-4262d162dcfb,1.7773402754315602e+18
3e62bb71-dc9a-4585-98d1-4262d162dcfb,1.7773402754649032e+18
3e62bb71-dc9a-4585-98d1-4262d162dcfb,1.7773402754982461e+18
3e62bb71-dc9a-4585-98d1-4262d162dcfb,1.777340275531589e+18
3e62bb71-dc9a-4585-98d1-4262d162dcfb,1.777340275564931e+18
3e62bb71-dc9a-4585-98d1-4262d162dcfb,1.777340275598274e+18
3e62bb71-dc9a-4585-98d1-4262d162dcfb,1.777340275631617e+18
3e62bb71-dc9a-4585-98d1-4262d162dcfb,1.777340275664959e+18
3e62bb71-dc9a-4585-98d1-4262d162dcfb,1.777340275698302e+18
3e62bb71-dc9a-4585-98d1-4262d162dcfb,1.7773402757316452e+18
3e62bb71-dc9a-4585-98d1-4262d162dcfb,1.7773402757649871e+18
3e62bb71-dc9a-4585-98d1-4262d162dcfb,1.77734027579833e+18
3e62bb71-dc9a-4585-98d1-4262d162dcfb,1.777340275831673e+18
3e62bb71-dc9a-4585-98d1-4262d162dcfb,1.777340275865016e+18
3e62bb71-dc9a-4585-98d1-4262d162dcfb,1.777340275898358e+18
3e62bb71-dc9a-4585-98d1-4262d162dcfb,1.777340275931701e+18
3e62bb71-dc9a-4585-98d1-4262d162dcfb,1.777340275965044e+18
3e62bb71-dc9a-4585-98d1-4262d162dcfb,1.7773402759983862e+18
3e62bb71-dc9a-4585-98d1-4262d162dcfb,1.7773402760317292e+18
3e62bb71-dc9a-4585-98d1-4262d162dcfb,1.777340276065072e+18
3e62bb71-dc9a-4585-98d1-4262d162dcfb,1.777340276098414e+18
3e62bb71-dc9a-4585-98d1-4262d162dcfb,1.777340276131757e+18
3e62bb71-dc9a-4585-98d1-4262d162dcfb,1.7773402761651e+18
3e62bb71-dc9a-4585-98d1-4262d162dcfb,1.777340276198442e+18
3e62bb71-dc9a-4585-98d1-4262d162dcfb,1.777340276231785e+18
3e62bb71-dc9a-4585-98d1-4262d162dcfb,1.7773402762651282e+18
3e62bb71-dc9a-4585-98d1-4262d162dcfb,1.7773402762984712e+18
3e62bb71-dc9a-4585-98d1-4262d162dcfb,1.777340276331813e+18
3e62bb71-dc9a-4585-98d1-4262d162dcfb,1.777340276365156e+18
3e62bb71-dc9a-4585-98d1-4262d162dcfb,1.777340276398499e+18
3e62bb71-dc9a-4585-98d1-4262d162dcfb,1.777340276431841e+18
3e62bb71-dc9a-4585-98d1-4262d162dcfb,1.777340276465184e+18
3e62bb71-dc9a-4585-98d1-4262d162dcfb,1.777340276498527e+18
3e62bb71-dc9a-4585-98d1-4262d162dcfb,1.7773402765318692e+18
3e62bb71-dc9a-4585-98d1-4262d162dcfb,1.7773402765652122e+18
3e62bb71-dc9a-4585-98d1-4262d162dcfb,1.7773402765985551e+18
3e62bb71-dc9a-4585-98d1-4262d162dcfb,1.777340276631897e+18
3e62bb71-dc9a-4585-98d1-4262d162dcfb,1.77734027666524e+18
3e62bb71-dc9a-4585-98d1-4262d162dcfb,1.777340276698583e+18
3e62bb71-dc9a-4585-98d1-4262d162dcfb,1.777340276731926e+18
3e62bb71-dc9a-4585-98d1-4262d162dcfb,1.777340276765268e+18
3e62bb71-dc9a-4585-98d1-4262d162dcfb,1.777340276798611e+18
3e62bb71-dc9a-4585-98d1-4262d162dcfb,1.7773402768319542e+18
3e62bb71-dc9a-4585-98d1-4262d162dcfb,1.7773402768652961e+18
3e62bb71-dc9a-4585-98d1-4262d162dcfb,1.777340276898639e+18
3e62bb71-dc9a-4585-98d1-4262d162dcfb,1.777340276931982e+18
3e62bb71-dc9a-4585-98d1-4262d162dcfb,1.777340276965324e+18
3e62bb71-dc9a-4585-98d1-4262d162dcfb,1.777340276998667e+18
3e62bb71-dc9a-4585-98d1-4262d162dcfb,1.77734027703201e+18
3e62bb71-dc9a-4585-98d1-4262d162dcfb,1.777340277065353e+18
3e62bb71-dc9a-4585-98d1-4262d162dcfb,1.7773402770986952e+18
3e62bb71-dc9a-4585-98d1-4262d162dcfb,1.7773402771320381e+18
3e62bb71-dc9a-4585-98d1-4262d162dcfb,1.777340277165381e+18
3e62bb71-dc9a-4585-98d1-4262d162dcfb,1.777340277198723e+18
3e62bb71-dc9a-4585-98d1-4262d162dcfb,1.777340277232066e+18
3e62bb71-dc9a-4585-98d1-4262d162dcfb,1.777340277265409e+18
3e62bb71-dc9a-4585-98d1-4262d162dcfb,1.777340277298751e+18
3e62bb71-dc9a-4585-98d1-4262d162dcfb,1.777340277332094e+18
3e62bb71-dc9a-4585-98d1-4262d162dcfb,1.7773402773654372e+18
3e62bb71-dc9a-4585-98d1-4262d162dcfb,1.7773402773987791e+18
3e62bb71-dc9a-4585-98d1-4262d162dcfb,1.777340277432122e+18
3e62bb71-dc9a-4585-98d1-4262d162dcfb,1.777340277465465e+18
3e62bb71-dc9a-4585-98d1-4262d162dcfb,1.777340277498808e+18
3e62bb71-dc9a-4585-98d1-4262d162dcfb,1.77734027753215e+18
3e62bb71-dc9a-4585-98d1-4262d162dcfb,1.777340277565493e+18
3e62bb71-dc9a-4585-98d1-4262d162dcfb,1.777340277598836e+18
3e62bb71-dc9a-4585-98d1-4262d162dcfb,1.7773402776321782e+18
3e62bb71-dc9a-4585-98d1-4262d162dcfb,1.7773402776655212e+18
3e62bb71-dc9a-4585-98d1-4262d162dcfb,1.777340277698864e+18
3e62bb71-dc9a-4585-98d1-4262d162dcfb,1.777340277732206e+18
3e62bb71-dc9a-4585-98d1-4262d162dcfb,1.777340277765549e+18
3e62bb71-dc9a-4585-98d1-4262d162dcfb,1.777340277798892e+18
3e62bb71-dc9a-4585-98d1-4262d162dcfb,1.777340277832235e+18
3e62bb71-dc9a-4585-98d1-4262d162dcfb,1.777340277865577e+18
3e62bb71-dc9a-4585-98d1-4262d162dcfb,1.7773402778989202e+18
3e62bb71-dc9a-4585-98d1-4262d162dcfb,1.7773402779322632e+18
3e62bb71-dc9a-4585-98d1-4262d162dcfb,1.777340277965605e+18
3e62bb71-dc9a-4585-98d1-4262d162dcfb,1.777340277998948e+18
3e62bb71-dc9a-4585-98d1-4262d162dcfb,1.777340278032291e+18
3e62bb71-dc9a-4585-98d1-4262d162dcfb,1.777340278065633e+18
3e62bb71-dc9a-4585-98d1-4262d162dcfb,1.777340278098976e+18
3e62bb71-dc9a-4585-98d1-4262d162dcfb,1.777340278132319e+18
3e62bb71-dc9a-4585-98d1-4262d162dcfb,1.7773402781656612e+18
3e62bb71-dc9a-4585-98d1-4262d162dcfb,1.7773402781990042e+18
3e62bb71-dc9a-4585-98d1-4262d162dcfb,1.7773402782323471e+18
3e62bb71-dc9a-4585-98d1-4262d162dcfb,1.77734027826569e+18
3e62bb71-dc9a-4585-98d1-4262d162dcfb,1.777340278299032e+18
3e62bb71-dc9a-4585-98d1-4262d162dcfb,1.777340278332375e+18
3e62bb71-dc9a-4585-98d1-4262d162dcfb,1.777340278365718e+18
3e62bb71-dc9a-4585-98d1-4262d162dcfb,1.77734027839906e+18
3e62bb71-dc9a-4585-98d1-4262d162dcfb,1.777340278432403e+18
3e62bb71-dc9a-4585-98d1-4262d162dcfb,1.7773402784657462e+18
3e62bb71-dc9a-4585-98d1-4262d162dcfb,1.7773402784990881e+18
3e62bb71-dc9a-4585-98d1-4262d162dcfb,1.777340278532431e+18
3e62bb71-dc9a-4585-98d1-4262d162dcfb,1.777340278565774e+18
3e62bb71-dc9a-4585-98d1-4262d162dcfb,1.777340278599117e+18
3e62bb71-dc9a-4585-98d1-4262d162dcfb,1.777340278632459e+18
3e62bb71-dc9a-4585-98d1-4262d162dcfb,1.777340278665802e+18
3e62bb71-dc9a-4585-98d1-4262d162dcfb,1.777340278699145e+18
3e62bb71-dc9a-4585-98d1-4262d162dcfb,1.7773402787324872e+18
3e62bb71-dc9a-4585-98d1-4262d162dcfb,1.7773402787658301e+18
3e62bb71-dc9a-4585-98d1-4262d162dcfb,1.777340278799173e+18
3e62bb71-dc9a-4585-98d1-4262d162dcfb,1.777340278832515e+18
3e62bb71-dc9a-4585-98d1-4262d162dcfb,1.777340278865858e+18
3e62bb71-dc9a-4585-98d1-4262d162dcfb,1.777340278899201e+18
3e62bb71-dc9a-4585-98d1-4262d162dcfb,1.777340278932544e+18
3e62bb71-dc9a-4585-98d1-4262d162dcfb,1.777340278965886e+18
3e62bb71-dc9a-4585-98d1-4262d162dcfb,1.7773402789992292e+18
3e62bb71-dc9a-4585-98d1-4262d162dcfb,1.7773402790325722e+18
3e62bb71-dc9a-4585-98d1-4262d162dcfb,1.777340279065914e+18
3e62bb71-dc9a-4585-98d1-4262d162dcfb,1.777340279099257e+18
3e62bb71-dc9a-4585-98d1-4262d162dcfb,1.7773402791326e+18
3e62bb71-dc9a-4585-98d1-4262d162dcfb,1.777340279165942e+18
3e62bb71-dc9a-4585-98d1-4262d162dcfb,1.777340279199285e+18
3e62bb71-dc9a-4585-98d1-4262d162dcfb,1.777340279232628e+18
3e62bb71-dc9a-4585-98d1-4262d162dcfb,1.7773402792659702e+18
3e62bb71-dc9a-4585-98d1-4262d162dcfb,1.7773402792993132e+18
3e62bb71-dc9a-4585-98d1-4262d162dcfb,1.777340279332656e+18
3e62bb71-dc9a-4585-98d1-4262d162dcfb,1.777340279365999e+18
3e62bb71-dc9a-4585-98d1-4262d162dcfb,1.777340279399341e+18
3e62bb71-dc9a-4585-98d1-4262d162dcfb,1.777340279432684e+18
3e62bb71-dc9a-4585-98d1-4262d162dcfb,1.777340279466027e+18
3e62bb71-dc9a-4585-98d1-4262d162dcfb,1.777340279499369e+18
3e62bb71-dc9a-4585-98d1-4262d162dcfb,1.7773402795327122e+18
3e62bb71-dc9a-4585-98d1-4262d162dcfb,1.7773402795660552e+18
3e62bb71-dc9a-4585-98d1-4262d162dcfb,1.777340279599397e+18
3e62bb71-dc9a-4585-98d1-4262d162dcfb,1.77734027963274e+18
3e62bb71-dc9a-4585-98d1-4262d162dcfb,1.777340279666083e+18
3e62bb71-dc9a-4585-98d1-4262d162dcfb,1.777340279699425e+18
3e62bb71-dc9a-4585-98d1-4262d162dcfb,1.777340279732768e+18
3e62bb71-dc9a-4585-98d1-4262d162dcfb,1.777340279766111e+18
3e62bb71-dc9a-4585-98d1-4262d162dcfb,1.777340279799454e+18
3e62bb71-dc9a-4585-98d1-4262d162dcfb,1.7773402798327962e+18
3e62bb71-dc9a-4585-98d1-4262d162dcfb,1.7773402798661391e+18
3e62bb71-dc9a-4585-98d1-4262d162dcfb,1.777340279899482e+18
3e62bb71-dc9a-4585-98d1-4262d162dcfb,1.777340279932824e+18
3e62bb71-dc9a-4585-98d1-4262d162dcfb,1.777340279966167e+18
3e62bb71-dc9a-4585-98d1-4262d162dcfb,1.77734027999951e+18
3e62bb71-dc9a-4585-98d1-4262d162dcfb,1.777340280032852e+18
3e62bb71-dc9a-4585-98d1-4262d162dcfb,1.777340280066195e+18
3e62bb71-dc9a-4585-98d1-4262d162dcfb,1.7773402800995382e+18
3e62bb71-dc9a-4585-98d1-4262d162dcfb,1.7773402801328812e+18
3e62bb71-dc9a-4585-98d1-4262d162dcfb,1.777340280166223e+18
3e62bb71-dc9a-4585-98d1-4262d162dcfb,1.777340280199566e+18
3e62bb71-dc9a-4585-98d1-4262d162dcfb,1.777340280232909e+18
3e62bb71-dc9a-4585-98d1-4262d162dcfb,1.777340280266251e+18
3e62bb71-dc9a-4585-98d1-4262d162dcfb,1.777340280299594e+18
3e62bb71-dc9a-4585-98d1-4262d162dcfb,1.777340280332937e+18
3e62bb71-dc9a-4585-98d1-4262d162dcfb,1.7773402803662792e+18
3e62bb71-dc9a-4585-98d1-4262d162dcfb,1.7773402803996221e+18
3e62bb71-dc9a-4585-98d1-4262d162dcfb,1.777340280432965e+18
3e62bb71-dc9a-4585-98d1-4262d162dcfb,1.777340280466308e+18
3e62bb71-dc9a-4585-98d1-4262d162dcfb,1.77734028049965e+18
3e62bb71-dc9a-4585-98d1-4262d162dcfb,1.777340280532993e+18
3e62bb71-dc9a-4585-98d1-4262d162dcfb,1.777340280566336e+18
3e62bb71-dc9a-4585-98d1-4262d162dcfb,1.777340280599678e+18
3e62bb71-dc9a-4585-98d1-4262d162dcfb,1.7773402806330212e+18
3e62bb71-dc9a-4585-98d1-4262d162dcfb,1.7773402806663642e+18
3e62bb71-dc9a-4585-98d1-4262d162dcfb,1.777340280699706e+18
3e62bb71-dc9a-4585-98d1-4262d162dcfb,1.777340280733049e+18
3e62bb71-dc9a-4585-98d1-4262d162dcfb,1.777340280766392e+18
3e62bb71-dc9a-4585-98d1-4262d162dcfb,1.777340280799734e+18
3e62bb71-dc9a-4585-98d1-4262d162dcfb,1.777340280833077e+18
3e62bb71-dc9a-4585-98d1-4262d162dcfb,1.77734028086642e+18
3e62bb71-dc9a-4585-98d1-4262d162dcfb,1.7773402808997622e+18
3e62bb71-dc9a-4585-98d1-4262d162dcfb,1.7773402809331052e+18
3e62bb71-dc9a-4585-98d1-4262d162dcfb,1.777340280966448e+18
3e62bb71-dc9a-4585-98d1-4262d162dcfb,1.777340280999791e+18
3e62bb71-dc9a-4585-98d1-4262d162dcfb,1.777340281033133e+18
3e62bb71-dc9a-4585-98d1-4262d162dcfb,1.777340281066476e+18
3e62bb71-dc9a-4585-98d1-4262d162dcfb,1.777340281099819e+18
3e62bb71-dc9a-4585-98d1-4262d162dcfb,1.777340281133161e+18
3e62bb71-dc9a-4585-98d1-4262d162dcfb,1.7773402811665042e+18
3e62bb71-dc9a-4585-98d1-4262d162dcfb,1.7773402811998472e+18
3e62bb71-dc9a-4585-98d1-4262d162dcfb,1.777340281233189e+18
3e62bb71-dc9a-4585-98d1-4262d162dcfb,1.777340281266532e+18
3e62bb71-dc9a-4585-98d1-4262d162dcfb,1.777340281299875e+18
3e62bb71-dc9a-4585-98d1-4262d162dcfb,1.777340281333218e+18
3e62bb71-dc9a-4585-98d1-4262d162dcfb,1.77734028136656e+18
3e62bb71-dc9a-4585-98d1-4262d162dcfb,1.777340281399903e+18
3e62bb71-dc9a-4585-98d1-4262d162dcfb,1.777340281433246e+18
3e62bb71-dc9a-4585-98d1-4262d162dcfb,1.7773402814665882e+18
3e62bb71-dc9a-4585-98d1-4262d162dcfb,1.7773402814999311e+18
3e62bb71-dc9a-4585-98d1-4262d162dcfb,1.777340281533274e+18
3e62bb71-dc9a-4585-98d1-4262d162dcfb,1.777340281566616e+18
3e62bb71-dc9a-4585-98d1-4262d162dcfb,1.777340281599959e+18
3e62bb71-dc9a-4585-98d1-4262d162dcfb,1.777340281633302e+18
3e62bb71-dc9a-4585-98d1-4262d162dcfb,1.777340281666645e+18
3e62bb71-dc9a-4585-98d1-4262d162dcfb,1.777340281699987e+18
3e62bb71-dc9a-4585-98d1-4262d162dcfb,1.7773402817333302e+18
3e62bb71-dc9a-4585-98d1-4262d162dcfb,1.7773402817666732e+18
3e62bb71-dc9a-4585-98d1-4262d162dcfb,1.777340281800015e+18
3e62bb71-dc9a-4585-98d1-4262d162dcfb,1.777340281833358e+18
3e62bb71-dc9a-4585-98d1-4262d162dcfb,1.777340281866701e+18
3e62bb71-dc9a-4585-98d1-4262d162dcfb,1.777340281900043e+18
3e62bb71-dc9a-4585-98d1-4262d162dcfb,1.777340281933386e+18
3e62bb71-dc9a-4585-98d1-4262d162dcfb,1.777340281966729e+18
3e62bb71-dc9a-4585-98d1-4262d162dcfb,1.7773402820000712e+18
3e62bb71-dc9a-4585-98d1-4262d162dcfb,1.7773402820334141e+18
3e62bb71-dc9a-4585-98d1-4262d162dcfb,1.777340282066757e+18
3e62bb71-dc9a-4585-98d1-4262d162dcfb,1.7773402821001e+18
3e62bb71-dc9a-4585-98d1-4262d162dcfb,1.777340282133442e+18
3e62bb71-dc9a-4585-98d1-4262d162dcfb,1.777340282166785e+18
3e62bb71-dc9a-4585-98d1-4262d162dcfb,1.777340282200128e+18
3e62bb71-dc9a-4585-98d1-4262d162dcfb,1.77734028223347e+18
3e62bb71-dc9a-4585-98d1-4262d162dcfb,1.7773402822668132e+18
3e62bb71-dc9a-4585-98d1-4262d162dcfb,1.7773402823001562e+18
3e62bb71-dc9a-4585-98d1-4262d162dcfb,1.777340282333498e+18
3e62bb71-dc9a-4585-98d1-4262d162dcfb,1.777340282366841e+18
3e62bb71-dc9a-4585-98d1-4262d162dcfb,1.777340282400184e+18
3e62bb71-dc9a-4585-98d1-4262d162dcfb,1.777340282433527e+18
3e62bb71-dc9a-4585-98d1-4262d162dcfb,1.777340282466869e+18
3e62bb71-dc9a-4585-98d1-4262d162dcfb,1.777340282500212e+18
3e62bb71-dc9a-4585-98d1-4262d162dcfb,1.777340282533555e+18
3e62bb71-dc9a-4585-98d1-4262d162dcfb,1.7773402825668972e+18
3e62bb71-dc9a-4585-98d1-4262d162dcfb,1.77734028260024e+18
3e62bb71-dc9a-4585-98d1-4262d162dcfb,1.777340282633583e+18
3e62bb71-dc9a-4585-98d1-4262d162dcfb,1.777340282666925e+18
3e62bb71-dc9a-4585-98d1-4262d162dcfb,1.777340282700268e+18
3e62bb71-dc9a-4585-98d1-4262d162dcfb,1.777340282733611e+18
3e62bb71-dc9a-4585-98d1-4262d162dcfb,1.777340282766953e+18
3e62bb71-dc9a-4585-98d1-4262d162dcfb,1.7773402828002962e+18
3e62bb71-dc9a-4585-98d1-4262d162dcfb,1.7773402828336392e+18
3e62bb71-dc9a-4585-98d1-4262d162dcfb,1.7773402828669821e+18
3e62bb71-dc9a-4585-98d1-4262d162dcfb,1.777340282900324e+18
3e62bb71-dc9a-4585-98d1-4262d162dcfb,1.777340282933667e+18
3e62bb71-dc9a-4585-98d1-4262d162dcfb,1.77734028296701e+18
3e62bb71-dc9a-4585-98d1-4262d162dcfb,1.777340283000352e+18
3e62bb71-dc9a-4585-98d1-4262d162dcfb,1.777340283033695e+18
3e62bb71-dc9a-4585-98d1-4262d162dcfb,1.777340283067038e+18
3e62bb71-dc9a-4585-98d1-4262d162dcfb,1.7773402831003802e+18
3e62bb71-dc9a-4585-98d1-4262d162dcfb,1.7773402831337231e+18
3e62bb71-dc9a-4585-98d1-4262d162dcfb,1.777340283167066e+18
3e62bb71-dc9a-4585-98d1-4262d162dcfb,1.777340283200409e+18
3e62bb71-dc9a-4585-98d1-4262d162dcfb,1.777340283233751e+18
3e62bb71-dc9a-4585-98d1-4262d162dcfb,1.777340283267094e+18
3e62bb71-dc9a-4585-98d1-4262d162dcfb,1.777340283300437e+18
3e62bb71-dc9a-4585-98d1-4262d162dcfb,1.777340283333779e+18
3e62bb71-dc9a-4585-98d1-4262d162dcfb,1.7773402833671222e+18
3e62bb71-dc9a-4585-98d1-4262d162dcfb,1.7773402834004652e+18
3e62bb71-dc9a-4585-98d1-4262d162dcfb,1.777340283433807e+18
3e62bb71-dc9a-4585-98d1-4262d162dcfb,1.77734028346715e+18
3e62bb71-dc9a-4585-98d1-4262d162dcfb,1.777340283500493e+18
3e62bb71-dc9a-4585-98d1-4262d162dcfb,1.777340283533835e+18
3e62bb71-dc9a-4585-98d1-4262d162dcfb,1.777340283567178e+18
3e62bb71-dc9a-4585-98d1-4262d162dcfb,1.777340283600521e+18
3e62bb71-dc9a-4585-98d1-4262d162dcfb,1.7773402836338642e+18
3e62bb71-dc9a-4585-98d1-4262d162dcfb,1.7773402836672061e+18
3e62bb71-dc9a-4585-98d1-4262d162dcfb,1.777340283700549e+18
3e62bb71-dc9a-4585-98d1-4262d162dcfb,1.777340283733892e+18
3e62bb71-dc9a-4585-98d1-4262d162dcfb,1.777340283767234e+18
3e62bb71-dc9a-4585-98d1-4262d162dcfb,1.777340283800577e+18
3e62bb71-dc9a-4585-98d1-4262d162dcfb,1.77734028383392e+18
3e62bb71-dc9a-4585-98d1-4262d162dcfb,1.777340283867262e+18
3e62bb71-dc9a-4585-98d1-4262d162dcfb,1.7773402839006052e+18
3e62bb71-dc9a-4585-98d1-4262d162dcfb,1.7773402839339482e+18
3e62bb71-dc9a-4585-98d1-4262d162dcfb,1.77734028396729e+18
3e62bb71-dc9a-4585-98d1-4262d162dcfb,1.777340284000633e+18
3e62bb71-dc9a-4585-98d1-4262d162dcfb,1.777340284033976e+18
3e62bb71-dc9a-4585-98d1-4262d162dcfb,1.777340284067319e+18
3e62bb71-dc9a-4585-98d1-4262d162dcfb,1.777340284100661e+18
3e62bb71-dc9a-4585-98d1-4262d162dcfb,1.777340284134004e+18
3e62bb71-dc9a-4585-98d1-4262d162dcfb,1.777340284167347e+18
3e62bb71-dc9a-4585-98d1-4262d162dcfb,1.7773402842006892e+18
3e62bb71-dc9a-4585-98d1-4262d162dcfb,1.777340284234032e+18
3e62bb71-dc9a-4585-98d1-4262d162dcfb,1.777340284267375e+18
3e62bb71-dc9a-4585-98d1-4262d162dcfb,1.777340284300717e+18
3e62bb71-dc9a-4585-98d1-4262d162dcfb,1.77734028433406e+18
3e62bb71-dc9a-4585-98d1-4262d162dcfb,1.777340284367403e+18
3e62bb71-dc9a-4585-98d1-4262d162dcfb,1.777340284400746e+18
3e62bb71-dc9a-4585-98d1-4262d162dcfb,1.7773402844340882e+18
3e62bb71-dc9a-4585-98d1-4262d162dcfb,1.7773402844674312e+18
3e62bb71-dc9a-4585-98d1-4262d162dcfb,1.7773402845007741e+18
3e62bb71-dc9a-4585-98d1-4262d162dcfb,1.777340284534116e+18
3e62bb71-dc9a-4585-98d1-4262d162dcfb,1.777340284567459e+18
3e62bb71-dc9a-4585-98d1-4262d162dcfb,1.777340284600802e+18
3e62bb71-dc9a-4585-98d1-4262d162dcfb,1.777340284634144e+18
3e62bb71-dc9a-4585-98d1-4262d162dcfb,1.777340284667487e+18
3e62bb71-dc9a-4585-98d1-4262d162dcfb,1.77734028470083e+18
3e62bb71-dc9a-4585-98d1-4262d162dcfb,1.7773402847341722e+18
3e62bb71-dc9a-4585-98d1-4262d162dcfb,1.7773402847675151e+18
3e62bb71-dc9a-4585-98d1-4262d162dcfb,1.777340284800858e+18
3e62bb71-dc9a-4585-98d1-4262d162dcfb,1.777340284834201e+18
3e62bb71-dc9a-4585-98d1-4262d162dcfb,1.777340284867543e+18
3e62bb71-dc9a-4585-98d1-4262d162dcfb,1.777340284900886e+18
3e62bb71-dc9a-4585-98d1-4262d162dcfb,1.777340284934229e+18
3e62bb71-dc9a-4585-98d1-4262d162dcfb,1.777340284967571e+18
3e62bb71-dc9a-4585-98d1-4262d162dcfb,1.7773402850009142e+18
3e62bb71-dc9a-4585-98d1-4262d162dcfb,1.7773402850342572e+18
3e62bb71-dc9a-4585-98d1-4262d162dcfb,1.777340285067599e+18
3e62bb71-dc9a-4585-98d1-4262d162dcfb,1.777340285100942e+18
3e62bb71-dc9a-4585-98d1-4262d162dcfb,1.777340285134285e+18
3e62bb71-dc9a-4585-98d1-4262d162dcfb,1.777340285167628e+18
3e62bb71-dc9a-4585-98d1-4262d162dcfb,1.77734028520097e+18
3e62bb71-dc9a-4585-98d1-4262d162dcfb,1.777340285234313e+18
3e62bb71-dc9a-4585-98d1-4262d162dcfb,1.7773402852676562e+18
3e62bb71-dc9a-4585-98d1-4262d162dcfb,1.7773402853009981e+18
3e62bb71-dc9a-4585-98d1-4262d162dcfb,1.777340285334341e+18
3e62bb71-dc9a-4585-98d1-4262d162dcfb,1.777340285367684e+18
3e62bb71-dc9a-4585-98d1-4262d162dcfb,1.777340285401026e+18
3e62bb71-dc9a-4585-98d1-4262d162dcfb,1.777340285434369e+18
3e62bb71-dc9a-4585-98d1-4262d162dcfb,1.777340285467712e+18
3e62bb71-dc9a-4585-98d1-4262d162dcfb,1.777340285501054e+18
3e62bb71-dc9a-4585-98d1-4262d162dcfb,1.7773402855343972e+18
3e62bb71-dc9a-4585-98d1-4262d162dcfb,1.7773402855677402e+18
3e62bb71-dc9a-4585-98d1-4262d162dcfb,1.7773402856010831e+18
3e62bb71-dc9a-4585-98d1-4262d162dcfb,1.777340285634425e+18
3e62bb71-dc9a-4585-98d1-4262d162dcfb,1.777340285667768e+18
3e62bb71-dc9a-4585-98d1-4262d162dcfb,1.777340285701111e+18
3e62bb71-dc9a-4585-98d1-4262d162dcfb,1.777340285734453e+18
3e62bb71-dc9a-4585-98d1-4262d162dcfb,1.777340285767796e+18
3e62bb71-dc9a-4585-98d1-4262d162dcfb,1.777340285801139e+18
3e62bb71-dc9a-4585-98d1-4262d162dcfb,1.7773402858344812e+18
3e62bb71-dc9a-4585-98d1-4262d162dcfb,1.777340285867824e+18
3e62bb71-dc9a-4585-98d1-4262d162dcfb,1.777340285901167e+18
3e62bb71-dc9a-4585-98d1-4262d162dcfb,1.77734028593451e+18
3e62bb71-dc9a-4585-98d1-4262d162dcfb,1.777340285967852e+18
3e62bb71-dc9a-4585-98d1-4262d162dcfb,1.777340286001195e+18
3e62bb71-dc9a-4585-98d1-4262d162dcfb,1.777340286034538e+18
3e62bb71-dc9a-4585-98d1-4262d162dcfb,1.7773402860678802e+18
3e62bb71-dc9a-4585-98d1-4262d162dcfb,1.7773402861012232e+18
3e62bb71-dc9a-4585-98d1-4262d162dcfb,1.7773402861345661e+18
3e62bb71-dc9a-4585-98d1-4262d162dcfb,1.777340286167908e+18
3e62bb71-dc9a-4585-98d1-4262d162dcfb,1.777340286201251e+18
3e62bb71-dc9a-4585-98d1-4262d162dcfb,1.777340286234594e+18
3e62bb71-dc9a-4585-98d1-4262d162dcfb,1.777340286267937e+18
3e62bb71-dc9a-4585-98d1-4262d162dcfb,1.777340286301279e+18
3e62bb71-dc9a-4585-98d1-4262d162dcfb,1.777340286334622e+18
3e62bb71-dc9a-4585-98d1-4262d162dcfb,1.7773402863679652e+18
3e62bb71-dc9a-4585-98d1-4262d162dcfb,1.7773402864013071e+18
3e62bb71-dc9a-4585-98d1-4262d162dcfb,1.77734028643465e+18
3e62bb71-dc9a-4585-98d1-4262d162dcfb,1.777340286467993e+18
3e62bb71-dc9a-4585-98d1-4262d162dcfb,1.777340286501335e+18
3e62bb71-dc9a-4585-98d1-4262d162dcfb,1.777340286534678e+18
3e62bb71-dc9a-4585-98d1-4262d162dcfb,1.777340286568021e+18
3e62bb71-dc9a-4585-98d1-4262d162dcfb,1.777340286601363e+18
3e62bb71-dc9a-4585-98d1-4262d162dcfb,1.7773402866347062e+18
3e62bb71-dc9a-4585-98d1-4262d162dcfb,1.7773402866680492e+18
3e62bb71-dc9a-4585-98d1-4262d162dcfb,1.7773402867013921e+18
3e62bb71-dc9a-4585-98d1-4262d162dcfb,1.777340286734734e+18
3e62bb71-dc9a-4585-98d1-4262d162dcfb,1.777340286768077e+18
3e62bb71-dc9a-4585-98d1-4262d162dcfb,1.77734028680142e+18
3e62bb71-dc9a-4585-98d1-4262d162dcfb,1.777340286834762e+18
3e62bb71-dc9a-4585-98d1-4262d162dcfb,1.777340286868105e+18
3e62bb71-dc9a-4585-98d1-4262d162dcfb,1.7773402869014482e+18
3e62bb71-dc9a-4585-98d1-4262d162dcfb,1.7773402869347901e+18
3e62bb71-dc9a-4585-98d1-4262d162dcfb,1.777340286968133e+18
3e62bb71-dc9a-4585-98d1-4262d162dcfb,1.777340287001476e+18
3e62bb71-dc9a-4585-98d1-4262d162dcfb,1.777340287034818e+18
3e62bb71-dc9a-4585-98d1-4262d162dcfb,1.777340287068161e+18
3e62bb71-dc9a-4585-98d1-4262d162dcfb,1.777340287101504e+18
3e62bb71-dc9a-4585-98d1-4262d162dcfb,1.777340287134847e+18
3e62bb71-dc9a-4585-98d1-4262d162dcfb,1.7773402871681892e+18
3e62bb71-dc9a-4585-98d1-4262d162dcfb,1.7773402872015322e+18
3e62bb71-dc9a-4585-98d1-4262d162dcfb,1.7773402872348751e+18
3e62bb71-dc9a-4585-98d1-4262d162dcfb,1.777340287268217e+18
3e62bb71-dc9a-4585-98d1-4262d162dcfb,1.77734028730156e+18
3e62bb71-dc9a-4585-98d1-4262d162dcfb,1.777340287334903e+18
3e62bb71-dc9a-4585-98d1-4262d162dcfb,1.777340287368245e+18
3e62bb71-dc9a-4585-98d1-4262d162dcfb,1.777340287401588e+18
3e62bb71-dc9a-4585-98d1-4262d162dcfb,1.777340287434931e+18
3e62bb71-dc9a-4585-98d1-4262d162dcfb,1.7773402874682742e+18
3e62bb71-dc9a-4585-98d1-4262d162dcfb,1.777340287501616e+18
3e62bb71-dc9a-4585-98d1-4262d162dcfb,1.777340287534959e+18
3e62bb71-dc9a-4585-98d1-4262d162dcfb,1.777340287568302e+18
3e62bb71-dc9a-4585-98d1-4262d162dcfb,1.777340287601644e+18
3e62bb71-dc9a-4585-98d1-4262d162dcfb,1.777340287634987e+18
3e62bb71-dc9a-4585-98d1-4262d162dcfb,1.77734028766833e+18
3e62bb71-dc9a-4585-98d1-4262d162dcfb,1.7773402877016722e+18
3e62bb71-dc9a-4585-98d1-4262d162dcfb,1.7773402877350152e+18
3e62bb71-dc9a-4585-98d1-4262d162dcfb,1.7773402877683581e+18
3e62bb71-dc9a-4585-98d1-4262d162dcfb,1.777340287801701e+18
3e62bb71-dc9a-4585-98d1-4262d162dcfb,1.777340287835043e+18
3e62bb71-dc9a-4585-98d1-4262d162dcfb,1.777340287868386e+18
3e62bb71-dc9a-4585-98d1-4262d162dcfb,1.777340287901729e+18
3e62bb71-dc9a-4585-98d1-4262d162dcfb,1.777340287935071e+18
3e62bb71-dc9a-4585-98d1-4262d162dcfb,1.777340287968414e+18
3e62bb71-dc9a-4585-98d1-4262d162dcfb,1.7773402880017572e+18
3e62bb71-dc9a-4585-98d1-4262d162dcfb,1.7773402880350991e+18
3e62bb71-dc9a-4585-98d1-4262d162dcfb,1.777340288068442e+18
3e62bb71-dc9a-4585-98d1-4262d162dcfb,1.777340288101785e+18
3e62bb71-dc9a-4585-98d1-4262d162dcfb,1.777340288135127e+18
3e62bb71-dc9a-4585-98d1-4262d162dcfb,1.77734028816847e+18
3e62bb71-dc9a-4585-98d1-4262d162dcfb,1.777340288201813e+18
3e62bb71-dc9a-4585-98d1-4262d162dcfb,1.777340288235155e+18
3e62bb71-dc9a-4585-98d1-4262d162dcfb,1.7773402882684982e+18
3e62bb71-dc9a-4585-98d1-4262d162dcfb,1.7773402883018412e+18
3e62bb71-dc9a-4585-98d1-4262d162dcfb,1.7773402883351841e+18
3e62bb71-dc9a-4585-98d1-4262d162dcfb,1.777340288368526e+18
3e62bb71-dc9a-4585-98d1-4262d162dcfb,1.777340288401869e+18
3e62bb71-dc9a-4585-98d1-4262d162dcfb,1.777340288435212e+18
3e62bb71-dc9a-4585-98d1-4262d162dcfb,1.777340288468554e+18
3e62bb71-dc9a-4585-98d1-4262d162dcfb,1.777340288501897e+18
3e62bb71-dc9a-4585-98d1-4262d162dcfb,1.7773402885352402e+18
3e62bb71-dc9a-4585-98d1-4262d162dcfb,1.7773402885685821e+18
3e62bb71-dc9a-4585-98d1-4262d162dcfb,1.777340288601925e+18
3e62bb71-dc9a-4585-98d1-4262d162dcfb,1.777340288635268e+18
3e62bb71-dc9a-4585-98d1-4262d162dcfb,1.777340288668611e+18
3e62bb71-dc9a-4585-98d1-4262d162dcfb,1.777340288701953e+18
3e62bb71-dc9a-4585-98d1-4262d162dcfb,1.777340288735296e+18
3e62bb71-dc9a-4585-98d1-4262d162dcfb,1.777340288768639e+18
3e62bb71-dc9a-4585-98d1-4262d162dcfb,1.7773402888019812e+18
3e62bb71-dc9a-4585-98d1-4262d162dcfb,1.7773402888353242e+18
3e62bb71-dc9a-4585-98d1-4262d162dcfb,1.7773402888686671e+18
3e62bb71-dc9a-4585-98d1-4262d162dcfb,1.777340288902009e+18
3e62bb71-dc9a-4585-98d1-4262d162dcfb,1.777340288935352e+18
3e62bb71-dc9a-4585-98d1-4262d162dcfb,1.777340288968695e+18
3e62bb71-dc9a-4585-98d1-4262d162dcfb,1.777340289002038e+18
3e62bb71-dc9a-4585-98d1-4262d162dcfb,1.77734028903538e+18
3e62bb71-dc9a-4585-98d1-4262d162dcfb,1.777340289068723e+18
3e62bb71-dc9a-4585-98d1-4262d162dcfb,1.7773402891020662e+18
3e62bb71-dc9a-4585-98d1-4262d162dcfb,1.777340289135408e+18
3e62bb71-dc9a-4585-98d1-4262d162dcfb,1.777340289168751e+18
3e62bb71-dc9a-4585-98d1-4262d162dcfb,1.777340289202094e+18
3e62bb71-dc9a-4585-98d1-4262d162dcfb,1.777340289235436e+18
3e62bb71-dc9a-4585-98d1-4262d162dcfb,1.777340289268779e+18
3e62bb71-dc9a-4585-98d1-4262d162dcfb,1.777340289302122e+18
3e62bb71-dc9a-4585-98d1-4262d162dcfb,1.7773402893354642e+18
3e62bb71-dc9a-4585-98d1-4262d162dcfb,1.7773402893688072e+18
3e62bb71-dc9a-4585-98d1-4262d162dcfb,1.7773402894021501e+18
3e62bb71-dc9a-4585-98d1-4262d162dcfb,1.777340289435493e+18
3e62bb71-dc9a-4585-98d1-4262d162dcfb,1.777340289468835e+18
3e62bb71-dc9a-4585-98d1-4262d162dcfb,1.777340289502178e+18
3e62bb71-dc9a-4585-98d1-4262d162dcfb,1.777340289535521e+18
3e62bb71-dc9a-4585-98d1-4262d162dcfb,1.777340289568863e+18
3e62bb71-dc9a-4585-98d1-4262d162dcfb,1.777340289602206e+18
3e62bb71-dc9a-4585-98d1-4262d162dcfb,1.7773402896355492e+18
3e62bb71-dc9a-4585-98d1-4262d162dcfb,1.7773402896688911e+18
3e62bb71-dc9a-4585-98d1-4262d162dcfb,1.777340289702234e+18
3e62bb71-dc9a-4585-98d1-4262d162dcfb,1.777340289735577e+18
3e62bb71-dc9a-4585-98d1-4262d162dcfb,1.77734028976892e+18
3e62bb71-dc9a-4585-98d1-4262d162dcfb,1.777340289802262e+18
3e62bb71-dc9a-4585-98d1-4262d162dcfb,1.777340289835605e+18
3e62bb71-dc9a-4585-98d1-4262d162dcfb,1.777340289868948e+18
3e62bb71-dc9a-4585-98d1-4262d162dcfb,1.7773402899022902e+18
3e62bb71-dc9a-4585-98d1-4262d162dcfb,1.7773402899356332e+18
3e62bb71-dc9a-4585-98d1-4262d162dcfb,1.7773402899689761e+18
3e62bb71-dc9a-4585-98d1-4262d162dcfb,1.777340290002318e+18
3e62bb71-dc9a-4585-98d1-4262d162dcfb,1.777340290035661e+18
3e62bb71-dc9a-4585-98d1-4262d162dcfb,1.777340290069004e+18
3e62bb71-dc9a-4585-98d1-4262d162dcfb,1.777340290102346e+18
3e62bb71-dc9a-4585-98d1-4262d162dcfb,1.777340290135689e+18
3e62bb71-dc9a-4585-98d1-4262d162dcfb,1.7773402901690322e+18
3e62bb71-dc9a-4585-98d1-4262d162dcfb,1.7773402902023752e+18
3e62bb71-dc9a-4585-98d1-4262d162dcfb,1.777340290235717e+18
3e62bb71-dc9a-4585-98d1-4262d162dcfb,1.77734029026906e+18
3e62bb71-dc9a-4585-98d1-4262d162dcfb,1.777340290302403e+18
3e62bb71-dc9a-4585-98d1-4262d162dcfb,1.777340290335745e+18
3e62bb71-dc9a-4585-98d1-4262d162dcfb,1.777340290369088e+18
3e62bb71-dc9a-4585-98d1-4262d162dcfb,1.777340290402431e+18
3e62bb71-dc9a-4585-98d1-4262d162dcfb,1.7773402904357732e+18
3e62bb71-dc9a-4585-98d1-4262d162dcfb,1.7773402904691162e+18
3e62bb71-dc9a-4585-98d1-4262d162dcfb,1.7773402905024591e+18
3e62bb71-dc9a-4585-98d1-4262d162dcfb,1.777340290535802e+18
3e62bb71-dc9a-4585-98d1-4262d162dcfb,1.777340290569144e+18
3e62bb71-dc9a-4585-98d1-4262d162dcfb,1.777340290602487e+18
3e62bb71-dc9a-4585-98d1-4262d162dcfb,1.77734029063583e+18
3e62bb71-dc9a-4585-98d1-4262d162dcfb,1.777340290669172e+18
3e62bb71-dc9a-4585-98d1-4262d162dcfb,1.777340290702515e+18
3e62bb71-dc9a-4585-98d1-4262d162dcfb,1.7773402907358582e+18
3e62bb71-dc9a-4585-98d1-4262d162dcfb,1.7773402907692e+18
3e62bb71-dc9a-4585-98d1-4262d162dcfb,1.777340290802543e+18
3e62bb71-dc9a-4585-98d1-4262d162dcfb,1.777340290835886e+18
3e62bb71-dc9a-4585-98d1-4262d162dcfb,1.777340290869228e+18
3e62bb71-dc9a-4585-98d1-4262d162dcfb,1.777340290902571e+18
3e62bb71-dc9a-4585-98d1-4262d162dcfb,1.777340290935914e+18
3e62bb71-dc9a-4585-98d1-4262d162dcfb,1.777340290969257e+18
3e62bb71-dc9a-4585-98d1-4262d162dcfb,1.7773402910025992e+18
3e62bb71-dc9a-4585-98d1-4262d162dcfb,1.7773402910359421e+18
3e62bb71-dc9a-4585-98d1-4262d162dcfb,1.777340291069285e+18
3e62bb71-dc9a-4585-98d1-4262d162dcfb,1.777340291102627e+18
3e62bb71-dc9a-4585-98d1-4262d162dcfb,1.77734029113597e+18
3e62bb71-dc9a-4585-98d1-4262d162dcfb,1.777340291169313e+18
3e62bb71-dc9a-4585-98d1-4262d162dcfb,1.777340291202655e+18
3e62bb71-dc9a-4585-98d1-4262d162dcfb,1.777340291235998e+18
3e62bb71-dc9a-4585-98d1-4262d162dcfb,1.7773402912693412e+18
3e62bb71-dc9a-4585-98d1-4262d162dcfb,1.7773402913026831e+18
3e62bb71-dc9a-4585-98d1-4262d162dcfb,1.777340291336026e+18
3e62bb71-dc9a-4585-98d1-4262d162dcfb,1.777340291369369e+18
3e62bb71-dc9a-4585-98d1-4262d162dcfb,1.777340291402712e+18
3e62bb71-dc9a-4585-98d1-4262d162dcfb,1.777340291436054e+18
3e62bb71-dc9a-4585-98d1-4262d162dcfb,1.777340291469397e+18
3e62bb71-dc9a-4585-98d1-4262d162dcfb,1.77734029150274e+18
3e62bb71-dc9a-4585-98d1-4262d162dcfb,1.7773402915360822e+18
3e62bb71-dc9a-4585-98d1-4262d162dcfb,1.7773402915694252e+18
3e62bb71-dc9a-4585-98d1-4262d162dcfb,1.7773402916027681e+18
3e62bb71-dc9a-4585-98d1-4262d162dcfb,1.77734029163611e+18
3e62bb71-dc9a-4585-98d1-4262d162dcfb,1.777340291669453e+18
3e62bb71-dc9a-4585-98d1-4262d162dcfb,1.777340291702796e+18
3e62bb71-dc9a-4585-98d1-4262d162dcfb,1.777340291736139e+18
3e62bb71-dc9a-4585-98d1-4262d162dcfb,1.777340291769481e+18
3e62bb71-dc9a-4585-98d1-4262d162dcfb,1.7773402918028242e+18
3e62bb71-dc9a-4585-98d1-4262d162dcfb,1.7773402918361672e+18
3e62bb71-dc9a-4585-98d1-4262d162dcfb,1.777340291869509e+18
3e62bb71-dc9a-4585-98d1-4262d162dcfb,1.777340291902852e+18
3e62bb71-dc9a-4585-98d1-4262d162dcfb,1.777340291936195e+18
3e62bb71-dc9a-4585-98d1-4262d162dcfb,1.777340291969537e+18
3e62bb71-dc9a-4585-98d1-4262d162dcfb,1.77734029200288e+18
3e62bb71-dc9a-4585-98d1-4262d162dcfb,1.777340292036223e+18
3e62bb71-dc9a-4585-98d1-4262d162dcfb,1.7773402920695652e+18
3e62bb71-dc9a-4585-98d1-4262d162dcfb,1.7773402921029082e+18
3e62bb71-dc9a-4585-98d1-4262d162dcfb,1.7773402921362511e+18
3e62bb71-dc9a-4585-98d1-4262d162dcfb,1.777340292169594e+18
3e62bb71-dc9a-4585-98d1-4262d162dcfb,1.777340292202936e+18
3e62bb71-dc9a-4585-98d1-4262d162dcfb,1.777340292236279e+18
3e62bb71-dc9a-4585-98d1-4262d162dcfb,1.777340292269622e+18
3e62bb71-dc9a-4585-98d1-4262d162dcfb,1.777340292302964e+18
3e62bb71-dc9a-4585-98d1-4262d162dcfb,1.777340292336307e+18
3e62bb71-dc9a-4585-98d1-4262d162dcfb,1.7773402923696502e+18
3e62bb71-dc9a-4585-98d1-4262d162dcfb,1.777340292402992e+18
3e62bb71-dc9a-4585-98d1-4262d162dcfb,1.777340292436335e+18
3e62bb71-dc9a-4585-98d1-4262d162dcfb,1.777340292469678e+18
3e62bb71-dc9a-4585-98d1-4262d162dcfb,1.777340292503021e+18
3e62bb71-dc9a-4585-98d1-4262d162dcfb,1.777340292536363e+18
3e62bb71-dc9a-4585-98d1-4262d162dcfb,1.777340292569706e+18
3e62bb71-dc9a-4585-98d1-4262d162dcfb,1.777340292603049e+18
3e62bb71-dc9a-4585-98d1-4262d162dcfb,1.7773402926363912e+18
3e62bb71-dc9a-4585-98d1-4262d162dcfb,1.7773402926697341e+18
3e62bb71-dc9a-4585-98d1-4262d162dcfb,1.777340292703077e+18
3e62bb71-dc9a-4585-98d1-4262d162dcfb,1.777340292736419e+18
3e62bb71-dc9a-4585-98d1-4262d162dcfb,1.777340292769762e+18
3e62bb71-dc9a-4585-98d1-4262d162dcfb,1.777340292803105e+18
3e62bb71-dc9a-4585-98d1-4262d162dcfb,1.777340292836447e+18
3e62bb71-dc9a-4585-98d1-4262d162dcfb,1.77734029286979e+18
3e62bb71-dc9a-4585-98d1-4262d162dcfb,1.7773402929031332e+18
3e62bb71-dc9a-4585-98d1-4262d162dcfb,1.7773402929364762e+18
3e62bb71-dc9a-4585-98d1-4262d162dcfb,1.777340292969818e+18
3e62bb71-dc9a-4585-98d1-4262d162dcfb,1.777340293003161e+18
3e62bb71-dc9a-4585-98d1-4262d162dcfb,1.777340293036504e+18
3e62bb71-dc9a-4585-98d1-4262d162dcfb,1.777340293069846e+18
3e62bb71-dc9a-4585-98d1-4262d162dcfb,1.777340293103189e+18
3e62bb71-dc9a-4585-98d1-4262d162dcfb,1.777340293136532e+18
3e62bb71-dc9a-4585-98d1-4262d162dcfb,1.7773402931698742e+18
3e62bb71-dc9a-4585-98d1-4262d162dcfb,1.7773402932032172e+18
3e62bb71-dc9a-4585-98d1-4262d162dcfb,1.7773402932365601e+18
3e62bb71-dc9a-4585-98d1-4262d162dcfb,1.777340293269903e+18
3e62bb71-dc9a-4585-98d1-4262d162dcfb,1.777340293303245e+18
3e62bb71-dc9a-4585-98d1-4262d162dcfb,1.777340293336588e+18
3e62bb71-dc9a-4585-98d1-4262d162dcfb,1.777340293369931e+18
3e62bb71-dc9a-4585-98d1-4262d162dcfb,1.777340293403273e+18
3e62bb71-dc9a-4585-98d1-4262d162dcfb,1.7773402934366162e+18
3e62bb71-dc9a-4585-98d1-4262d162dcfb,1.7773402934699592e+18
3e62bb71-dc9a-4585-98d1-4262d162dcfb,1.777340293503301e+18
3e62bb71-dc9a-4585-98d1-4262d162dcfb,1.777340293536644e+18
3e62bb71-dc9a-4585-98d1-4262d162dcfb,1.777340293569987e+18
3e62bb71-dc9a-4585-98d1-4262d162dcfb,1.77734029360333e+18
3e62bb71-dc9a-4585-98d1-4262d162dcfb,1.777340293636672e+18
3e62bb71-dc9a-4585-98d1-4262d162dcfb,1.777340293670015e+18
3e62bb71-dc9a-4585-98d1-4262d162dcfb,1.777340293703358e+18
3e62bb71-dc9a-4585-98d1-4262d162dcfb,1.7773402937367002e+18
3e62bb71-dc9a-4585-98d1-4262d162dcfb,1.7773402937700431e+18
3e62bb71-dc9a-4585-98d1-4262d162dcfb,1.777340293803386e+18
3e62bb71-dc9a-4585-98d1-4262d162dcfb,1.777340293836728e+18
3e62bb71-dc9a-4585-98d1-4262d162dcfb,1.777340293870071e+18
3e62bb71-dc9a-4585-98d1-4262d162dcfb,1.777340293903414e+18
3e62bb71-dc9a-4585-98d1-4262d162dcfb,1.777340293936756e+18
3e62bb71-dc9a-4585-98d1-4262d162dcfb,1.777340293970099e+18
3e62bb71-dc9a-4585-98d1-4262d162dcfb,1.7773402940034422e+18
3e62bb71-dc9a-4585-98d1-4262d162dcfb,1.7773402940367852e+18
3e62bb71-dc9a-4585-98d1-4262d162dcfb,1.777340294070127e+18
3e62bb71-dc9a-4585-98d1-4262d162dcfb,1.77734029410347e+18
3e62bb71-dc9a-4585-98d1-4262d162dcfb,1.777340294136813e+18
3e62bb71-dc9a-4585-98d1-4262d162dcfb,1.777340294170155e+18
3e62bb71-dc9a-4585-98d1-4262d162dcfb,1.777340294203498e+18
3e62bb71-dc9a-4585-98d1-4262d162dcfb,1.777340294236841e+18
3e62bb71-dc9a-4585-98d1-4262d162dcfb,1.7773402942701832e+18
3e62bb71-dc9a-4585-98d1-4262d162dcfb,1.7773402943035261e+18
3e62bb71-dc9a-4585-98d1-4262d162dcfb,1.777340294336869e+18
3e62bb71-dc9a-4585-98d1-4262d162dcfb,1.777340294370211e+18
3e62bb71-dc9a-4585-98d1-4262d162dcfb,1.777340294403554e+18
3e62bb71-dc9a-4585-98d1-4262d162dcfb,1.777340294436897e+18
3e62bb71-dc9a-4585-98d1-4262d162dcfb,1.77734029447024e+18
3e62bb71-dc9a-4585-98d1-4262d162dcfb,1.777340294503582e+18
3e62bb71-dc9a-4585-98d1-4262d162dcfb,1.7773402945369252e+18
3e62bb71-dc9a-4585-98d1-4262d162dcfb,1.7773402945702682e+18
3e62bb71-dc9a-4585-98d1-4262d162dcfb,1.77734029460361e+18
3e62bb71-dc9a-4585-98d1-4262d162dcfb,1.777340294636953e+18
3e62bb71-dc9a-4585-98d1-4262d162dcfb,1.777340294670296e+18
3e62bb71-dc9a-4585-98d1-4262d162dcfb,1.777340294703638e+18
3e62bb71-dc9a-4585-98d1-4262d162dcfb,1.777340294736981e+18
3e62bb71-dc9a-4585-98d1-4262d162dcfb,1.777340294770324e+18
3e62bb71-dc9a-4585-98d1-4262d162dcfb,1.777340294803667e+18
3e62bb71-dc9a-4585-98d1-4262d162dcfb,1.7773402948370092e+18
3e62bb71-dc9a-4585-98d1-4262d162dcfb,1.7773402948703521e+18
3e62bb71-dc9a-4585-98d1-4262d162dcfb,1.777340294903695e+18
3e62bb71-dc9a-4585-98d1-4262d162dcfb,1.777340294937037e+18
3e62bb71-dc9a-4585-98d1-4262d162dcfb,1.77734029497038e+18
3e62bb71-dc9a-4585-98d1-4262d162dcfb,1.777340295003723e+18
3e62bb71-dc9a-4585-98d1-4262d162dcfb,1.777340295037065e+18
3e62bb71-dc9a-4585-98d1-4262d162dcfb,1.7773402950704082e+18
3e62bb71-dc9a-4585-98d1-4262d162dcfb,1.7773402951037512e+18
3e62bb71-dc9a-4585-98d1-4262d162dcfb,1.7773402951370941e+18
3e62bb71-dc9a-4585-98d1-4262d162dcfb,1.777340295170436e+18
3e62bb71-dc9a-4585-98d1-4262d162dcfb,1.777340295203779e+18
3e62bb71-dc9a-4585-98d1-4262d162dcfb,1.777340295237122e+18
3e62bb71-dc9a-4585-98d1-4262d162dcfb,1.777340295270464e+18
3e62bb71-dc9a-4585-98d1-4262d162dcfb,1.777340295303807e+18
3e62bb71-dc9a-4585-98d1-4262d162dcfb,1.77734029533715e+18
3e62bb71-dc9a-4585-98d1-4262d162dcfb,1.7773402953704922e+18
3e62bb71-dc9a-4585-98d1-4262d162dcfb,1.7773402954038351e+18
3e62bb71-dc9a-4585-98d1-4262d162dcfb,1.777340295437178e+18
3e62bb71-dc9a-4585-98d1-4262d162dcfb,1.77734029547052e+18
3e62bb71-dc9a-4585-98d1-4262d162dcfb,1.777340295503863e+18
3e62bb71-dc9a-4585-98d1-4262d162dcfb,1.777340295537206e+18
3e62bb71-dc9a-4585-98d1-4262d162dcfb,1.777340295570548e+18
3e62bb71-dc9a-4585-98d1-4262d162dcfb,1.777340295603891e+18
3e62bb71-dc9a-4585-98d1-4262d162dcfb,1.7773402956372342e+18
3e62bb71-dc9a-4585-98d1-4262d162dcfb,1.7773402956705772e+18
3e62bb71-dc9a-4585-98d1-4262d162dcfb,1.777340295703919e+18
3e62bb71-dc9a-4585-98d1-4262d162dcfb,1.777340295737262e+18
3e62bb71-dc9a-4585-98d1-4262d162dcfb,1.777340295770605e+18
3e62bb71-dc9a-4585-98d1-4262d162dcfb,1.777340295803947e+18
3e62bb71-dc9a-4585-98d1-4262d162dcfb,1.77734029583729e+18
3e62bb71-dc9a-4585-98d1-4262d162dcfb,1.777340295870633e+18
3e62bb71-dc9a-4585-98d1-4262d162dcfb,1.7773402959039752e+18
3e62bb71-dc9a-4585-98d1-4262d162dcfb,1.7773402959373181e+18
3e62bb71-dc9a-4585-98d1-4262d162dcfb,1.777340295970661e+18
3e62bb71-dc9a-4585-98d1-4262d162dcfb,1.777340296004004e+18
3e62bb71-dc9a-4585-98d1-4262d162dcfb,1.777340296037346e+18
3e62bb71-dc9a-4585-98d1-4262d162dcfb,1.777340296070689e+18
3e62bb71-dc9a-4585-98d1-4262d162dcfb,1.777340296104032e+18
3e62bb71-dc9a-4585-98d1-4262d162dcfb,1.777340296137374e+18
3e62bb71-dc9a-4585-98d1-4262d162dcfb,1.7773402961707172e+18
3e62bb71-dc9a-4585-98d1-4262d162dcfb,1.7773402962040602e+18
3e62bb71-dc9a-4585-98d1-4262d162dcfb,1.777340296237402e+18
3e62bb71-dc9a-4585-98d1-4262d162dcfb,1.777340296270745e+18
3e62bb71-dc9a-4585-98d1-4262d162dcfb,1.777340296304088e+18
3e62bb71-dc9a-4585-98d1-4262d162dcfb,1.777340296337431e+18
3e62bb71-dc9a-4585-98d1-4262d162dcfb,1.777340296370773e+18
3e62bb71-dc9a-4585-98d1-4262d162dcfb,1.777340296404116e+18
3e62bb71-dc9a-4585-98d1-4262d162dcfb,1.777340296437459e+18
3e62bb71-dc9a-4585-98d1-4262d162dcfb,1.7773402964708012e+18
3e62bb71-dc9a-4585-98d1-4262d162dcfb,1.7773402965041441e+18
3e62bb71-dc9a-4585-98d1-4262d162dcfb,1.777340296537487e+18
3e62bb71-dc9a-4585-98d1-4262d162dcfb,1.777340296570829e+18
3e62bb71-dc9a-4585-98d1-4262d162dcfb,1.777340296604172e+18
3e62bb71-dc9a-4585-98d1-4262d162dcfb,1.777340296637515e+18
3e62bb71-dc9a-4585-98d1-4262d162dcfb,1.777340296670857e+18
3e62bb71-dc9a-4585-98d1-4262d162dcfb,1.7773402967042002e+18
3e62bb71-dc9a-4585-98d1-4262d162dcfb,1.7773402967375432e+18
3e62bb71-dc9a-4585-98d1-4262d162dcfb,1.7773402967708861e+18
3e62bb71-dc9a-4585-98d1-4262d162dcfb,1.777340296804228e+18
3e62bb71-dc9a-4585-98d1-4262d162dcfb,1.777340296837571e+18
3e62bb71-dc9a-4585-98d1-4262d162dcfb,1.777340296870914e+18
3e62bb71-dc9a-4585-98d1-4262d162dcfb,1.777340296904256e+18
3e62bb71-dc9a-4585-98d1-4262d162dcfb,1.777340296937599e+18
3e62bb71-dc9a-4585-98d1-4262d162dcfb,1.777340296970942e+18
3e62bb71-dc9a-4585-98d1-4262d162dcfb,1.7773402970042842e+18
3e62bb71-dc9a-4585-98d1-4262d162dcfb,1.7773402970376271e+18
3e62bb71-dc9a-4585-98d1-4262d162dcfb,1.77734029707097e+18
3e62bb71-dc9a-4585-98d1-4262d162dcfb,1.777340297104313e+18
3e62bb71-dc9a-4585-98d1-4262d162dcfb,1.777340297137655e+18
3e62bb71-dc9a-4585-98d1-4262d162dcfb,1.777340297170998e+18
3e62bb71-dc9a-4585-98d1-4262d162dcfb,1.777340297204341e+18
3e62bb71-dc9a-4585-98d1-4262d162dcfb,1.777340297237683e+18
3e62bb71-dc9a-4585-98d1-4262d162dcfb,1.7773402972710262e+18
3e62bb71-dc9a-4585-98d1-4262d162dcfb,1.7773402973043692e+18
3e62bb71-dc9a-4585-98d1-4262d162dcfb,1.777340297337711e+18
3e62bb71-dc9a-4585-98d1-4262d162dcfb,1.777340297371054e+18
3e62bb71-dc9a-4585-98d1-4262d162dcfb,1.777340297404397e+18
3e62bb71-dc9a-4585-98d1-4262d162dcfb,1.777340297437739e+18
3e62bb71-dc9a-4585-98d1-4262d162dcfb,1.777340297471082e+18
3e62bb71-dc9a-4585-98d1-4262d162dcfb,1.777340297504425e+18
3e62bb71-dc9a-4585-98d1-4262d162dcfb,1.7773402975377682e+18
3e62bb71-dc9a-4585-98d1-4262d162dcfb,1.7773402975711101e+18
3e62bb71-dc9a-4585-98d1-4262d162dcfb,1.777340297604453e+18
3e62bb71-dc9a-4585-98d1-4262d162dcfb,1.777340297637796e+18
3e62bb71-dc9a-4585-98d1-4262d162dcfb,1.777340297671138e+18
3e62bb71-dc9a-4585-98d1-4262d162dcfb,1.777340297704481e+18
3e62bb71-dc9a-4585-98d1-4262d162dcfb,1.777340297737824e+18
3e62bb71-dc9a-4585-98d1-4262d162dcfb,1.777340297771166e+18
3e62bb71-dc9a-4585-98d1-4262d162dcfb,1.7773402978045092e+18
3e62bb71-dc9a-4585-98d1-4262d162dcfb,1.7773402978378522e+18
3e62bb71-dc9a-4585-98d1-4262d162dcfb,1.7773402978711951e+18
3e62bb71-dc9a-4585-98d1-4262d162dcfb,1.777340297904537e+18
3e62bb71-dc9a-4585-98d1-4262d162dcfb,1.77734029793788e+18
3e62bb71-dc9a-4585-98d1-4262d162dcfb,1.777340297971223e+18
3e62bb71-dc9a-4585-98d1-4262d162dcfb,1.777340298004565e+18
3e62bb71-dc9a-4585-98d1-4262d162dcfb,1.777340298037908e+18
3e62bb71-dc9a-4585-98d1-4262d162dcfb,1.777340298071251e+18
3e62bb71-dc9a-4585-98d1-4262d162dcfb,1.7773402981045932e+18
3e62bb71-dc9a-4585-98d1-4262d162dcfb,1.7773402981379361e+18
3e62bb71-dc9a-4585-98d1-4262d162dcfb,1.777340298171279e+18
3e62bb71-dc9a-4585-98d1-4262d162dcfb,1.777340298204621e+18
3e62bb71-dc9a-4585-98d1-4262d162dcfb,1.777340298237964e+18
3e62bb71-dc9a-4585-98d1-4262d162dcfb,1.777340298271307e+18
3e62bb71-dc9a-4585-98d1-4262d162dcfb,1.77734029830465e+18
3e62bb71-dc9a-4585-98d1-4262d162dcfb,1.7773402983379922e+18
3e62bb71-dc9a-4585-98d1-4262d162dcfb,1.7773402983713352e+18
3e62bb71-dc9a-4585-98d1-4262d162dcfb,1.7773402984046781e+18
3e62bb71-dc9a-4585-98d1-4262d162dcfb,1.77734029843802e+18
3e62bb71-dc9a-4585-98d1-4262d162dcfb,1.777340298471363e+18
3e62bb71-dc9a-4585-98d1-4262d162dcfb,1.777340298504706e+18
3e62bb71-dc9a-4585-98d1-4262d162dcfb,1.777340298538048e+18
3e62bb71-dc9a-4585-98d1-4262d162dcfb,1.777340298571391e+18
3e62bb71-dc9a-4585-98d1-4262d162dcfb,1.777340298604734e+18
3e62bb71-dc9a-4585-98d1-4262d162dcfb,1.7773402986380762e+18
3e62bb71-dc9a-4585-98d1-4262d162dcfb,1.7773402986714191e+18
3e62bb71-dc9a-4585-98d1-4262d162dcfb,1.777340298704762e+18
3e62bb71-dc9a-4585-98d1-4262d162dcfb,1.777340298738105e+18
3e62bb71-dc9a-4585-98d1-4262d162dcfb,1.777340298771447e+18
3e62bb71-dc9a-4585-98d1-4262d162dcfb,1.77734029880479e+18
3e62bb71-dc9a-4585-98d1-4262d162dcfb,1.777340298838133e+18
3e62bb71-dc9a-4585-98d1-4262d162dcfb,1.777340298871475e+18
3e62bb71-dc9a-4585-98d1-4262d162dcfb,1.7773402989048182e+18
3e62bb71-dc9a-4585-98d1-4262d162dcfb,1.7773402989381612e+18
3e62bb71-dc9a-4585-98d1-4262d162dcfb,1.777340298971503e+18
3e62bb71-dc9a-4585-98d1-4262d162dcfb,1.777340299004846e+18
3e62bb71-dc9a-4585-98d1-4262d162dcfb,1.777340299038189e+18
3e62bb71-dc9a-4585-98d1-4262d162dcfb,1.777340299071532e+18
3e62bb71-dc9a-4585-98d1-4262d162dcfb,1.777340299104874e+18
3e62bb71-dc9a-4585-98d1-4262d162dcfb,1.777340299138217e+18
3e62bb71-dc9a-4585-98d1-4262d162dcfb,1.7773402991715602e+18
3e62bb71-dc9a-4585-98d1-4262d162dcfb,1.7773402992049021e+18
3e62bb71-dc9a-4585-98d1-4262d162dcfb,1.777340299238245e+18
3e62bb71-dc9a-4585-98d1-4262d162dcfb,1.777340299271588e+18
3e62bb71-dc9a-4585-98d1-4262d162dcfb,1.77734029930493e+18
3e62bb71-dc9a-4585-98d1-4262d162dcfb,1.777340299338273e+18
3e62bb71-dc9a-4585-98d1-4262d162dcfb,1.777340299371616e+18
3e62bb71-dc9a-4585-98d1-4262d162dcfb,1.777340299404958e+18
3e62bb71-dc9a-4585-98d1-4262d162dcfb,1.7773402994383012e+18
3e62bb71-dc9a-4585-98d1-4262d162dcfb,1.7773402994716442e+18
3e62bb71-dc9a-4585-98d1-4262d162dcfb,1.7773402995049871e+18
3e62bb71-dc9a-4585-98d1-4262d162dcfb,1.777340299538329e+18
3e62bb71-dc9a-4585-98d1-4262d162dcfb,1.777340299571672e+18
3e62bb71-dc9a-4585-98d1-4262d162dcfb,1.777340299605015e+18
3e62bb71-dc9a-4585-98d1-4262d162dcfb,1.777340299638357e+18
3e62bb71-dc9a-4585-98d1-4262d162dcfb,1.7773402996717e+18
3e62bb71-dc9a-4585-98d1-4262d162dcfb,1.777340299705043e+18
3e62bb71-dc9a-4585-98d1-4262d162dcfb,1.7773402997383852e+18
3e62bb71-dc9a-4585-98d1-4262d162dcfb,1.7773402997717281e+18
3e62bb71-dc9a-4585-98d1-4262d162dcfb,1.777340299805071e+18
3e62bb71-dc9a-4585-98d1-4262d162dcfb,1.777340299838414e+18
3e62bb71-dc9a-4585-98d1-4262d162dcfb,1.777340299871756e+18
3e62bb71-dc9a-4585-98d1-4262d162dcfb,1.777340299905099e+18
3e62bb71-dc9a-4585-98d1-4262d162dcfb,1.777340299938442e+18
3e62bb71-dc9a-4585-98d1-4262d162dcfb,1.7773402999717842e+18
3e62bb71-dc9a-4585-98d1-4262d162dcfb,1.7773403000051272e+18
3e62bb71-dc9a-4585-98d1-4262d162dcfb,1.7773403000384701e+18
3e62bb71-dc9a-4585-98d1-4262d162dcfb,1.777340300071812e+18
3e62bb71-dc9a-4585-98d1-4262d162dcfb,1.777340300105155e+18
3e62bb71-dc9a-4585-98d1-4262d162dcfb,1.777340300138498e+18
3e62bb71-dc9a-4585-98d1-4262d162dcfb,1.77734030017184e+18
3e62bb71-dc9a-4585-98d1-4262d162dcfb,1.777340300205183e+18
3e62bb71-dc9a-4585-98d1-4262d162dcfb,1.777340300238526e+18
3e62bb71-dc9a-4585-98d1-4262d162dcfb,1.7773403002718692e+18
3e62bb71-dc9a-4585-98d1-4262d162dcfb,1.7773403003052111e+18
3e62bb71-dc9a-4585-98d1-4262d162dcfb,1.777340300338554e+18
3e62bb71-dc9a-4585-98d1-4262d162dcfb,1.777340300371897e+18
3e62bb71-dc9a-4585-98d1-4262d162dcfb,1.777340300405239e+18
3e62bb71-dc9a-4585-98d1-4262d162dcfb,1.777340300438582e+18
3e62bb71-dc9a-4585-98d1-4262d162dcfb,1.777340300471925e+18
3e62bb71-dc9a-4585-98d1-4262d162dcfb,1.777340300505267e+18
3e62bb71-dc9a-4585-98d1-4262d162dcfb,1.7773403005386102e+18
3e62bb71-dc9a-4585-98d1-4262d162dcfb,1.7773403005719532e+18
3e62bb71-dc9a-4585-98d1-4262d162dcfb,1.777340300605296e+18
3e62bb71-dc9a-4585-98d1-4262d162dcfb,1.777340300638638e+18
3e62bb71-dc9a-4585-98d1-4262d162dcfb,1.777340300671981e+18
3e62bb71-dc9a-4585-98d1-4262d162dcfb,1.777340300705324e+18
3e62bb71-dc9a-4585-98d1-4262d162dcfb,1.777340300738666e+18
3e62bb71-dc9a-4585-98d1-4262d162dcfb,1.777340300772009e+18
3e62bb71-dc9a-4585-98d1-4262d162dcfb,1.7773403008053522e+18
3e62bb71-dc9a-4585-98d1-4262d162dcfb,1.7773403008386941e+18
3e62bb71-dc9a-4585-98d1-4262d162dcfb,1.777340300872037e+18
3e62bb71-dc9a-4585-98d1-4262d162dcfb,1.77734030090538e+18
3e62bb71-dc9a-4585-98d1-4262d162dcfb,1.777340300938723e+18
3e62bb71-dc9a-4585-98d1-4262d162dcfb,1.777340300972065e+18
3e62bb71-dc9a-4585-98d1-4262d162dcfb,1.777340301005408e+18
3e62bb71-dc9a-4585-98d1-4262d162dcfb,1.777340301038751e+18
3e62bb71-dc9a-4585-98d1-4262d162dcfb,1.7773403010720932e+18
3e62bb71-dc9a-4585-98d1-4262d162dcfb,1.7773403011054362e+18
3e62bb71-dc9a-4585-98d1-4262d162dcfb,1.7773403011387791e+18
3e62bb71-dc9a-4585-98d1-4262d162dcfb,1.777340301172121e+18
3e62bb71-dc9a-4585-98d1-4262d162dcfb,1.777340301205464e+18
3e62bb71-dc9a-4585-98d1-4262d162dcfb,1.777340301238807e+18
3e62bb71-dc9a-4585-98d1-4262d162dcfb,1.777340301272149e+18
3e62bb71-dc9a-4585-98d1-4262d162dcfb,1.777340301305492e+18
3e62bb71-dc9a-4585-98d1-4262d162dcfb,1.777340301338835e+18
3e62bb71-dc9a-4585-98d1-4262d162dcfb,1.7773403013721782e+18
3e62bb71-dc9a-4585-98d1-4262d162dcfb,1.7773403014055201e+18
3e62bb71-dc9a-4585-98d1-4262d162dcfb,1.777340301438863e+18
3e62bb71-dc9a-4585-98d1-4262d162dcfb,1.777340301472206e+18
3e62bb71-dc9a-4585-98d1-4262d162dcfb,1.777340301505548e+18
3e62bb71-dc9a-4585-98d1-4262d162dcfb,1.777340301538891e+18
3e62bb71-dc9a-4585-98d1-4262d162dcfb,1.777340301572234e+18
3e62bb71-dc9a-4585-98d1-4262d162dcfb,1.7773403016055762e+18
3e62bb71-dc9a-4585-98d1-4262d162dcfb,1.7773403016389192e+18
3e62bb71-dc9a-4585-98d1-4262d162dcfb,1.7773403016722621e+18
3e62bb71-dc9a-4585-98d1-4262d162dcfb,1.777340301705604e+18
3e62bb71-dc9a-4585-98d1-4262d162dcfb,1.777340301738947e+18
3e62bb71-dc9a-4585-98d1-4262d162dcfb,1.77734030177229e+18
3e62bb71-dc9a-4585-98d1-4262d162dcfb,1.777340301805633e+18
3e62bb71-dc9a-4585-98d1-4262d162dcfb,1.777340301838975e+18
3e62bb71-dc9a-4585-98d1-4262d162dcfb,1.777340301872318e+18
3e62bb71-dc9a-4585-98d1-4262d162dcfb,1.7773403019056612e+18
3e62bb71-dc9a-4585-98d1-4262d162dcfb,1.7773403019390031e+18
3e62bb71-dc9a-4585-98d1-4262d162dcfb,1.777340301972346e+18
3e62bb71-dc9a-4585-98d1-4262d162dcfb,1.777340302005689e+18
3e62bb71-dc9a-4585-98d1-4262d162dcfb,1.777340302039031e+18
3e62bb71-dc9a-4585-98d1-4262d162dcfb,1.777340302072374e+18
3e62bb71-dc9a-4585-98d1-4262d162dcfb,1.777340302105717e+18
3e62bb71-dc9a-4585-98d1-4262d162dcfb,1.77734030213906e+18
3e62bb71-dc9a-4585-98d1-4262d162dcfb,1.7773403021724022e+18
3e62bb71-dc9a-4585-98d1-4262d162dcfb,1.7773403022057452e+18
3e62bb71-dc9a-4585-98d1-4262d162dcfb,1.777340302239088e+18
3e62bb71-dc9a-4585-98d1-4262d162dcfb,1.77734030227243e+18
3e62bb71-dc9a-4585-98d1-4262d162dcfb,1.777340302305773e+18
3e62bb71-dc9a-4585-98d1-4262d162dcfb,1.777340302339116e+18
3e62bb71-dc9a-4585-98d1-4262d162dcfb,1.777340302372458e+18
3e62bb71-dc9a-4585-98d1-4262d162dcfb,1.777340302405801e+18
3e62bb71-dc9a-4585-98d1-4262d162dcfb,1.7773403024391442e+18
3e62bb71-dc9a-4585-98d1-4262d162dcfb,1.7773403024724872e+18
3e62bb71-dc9a-4585-98d1-4262d162dcfb,1.777340302505829e+18
3e62bb71-dc9a-4585-98d1-4262d162dcfb,1.777340302539172e+18
3e62bb71-dc9a-4585-98d1-4262d162dcfb,1.777340302572515e+18
3e62bb71-dc9a-4585-98d1-4262d162dcfb,1.777340302605857e+18
3e62bb71-dc9a-4585-98d1-4262d162dcfb,1.7773403026392e+18
3e62bb71-dc9a-4585-98d1-4262d162dcfb,1.777340302672543e+18
3e62bb71-dc9a-4585-98d1-4262d162dcfb,1.7773403027058852e+18
3e62bb71-dc9a-4585-98d1-4262d162dcfb,1.7773403027392282e+18
3e62bb71-dc9a-4585-98d1-4262d162dcfb,1.7773403027725711e+18
3e62bb71-dc9a-4585-98d1-4262d162dcfb,1.777340302805913e+18
3e62bb71-dc9a-4585-98d1-4262d162dcfb,1.777340302839256e+18
3e62bb71-dc9a-4585-98d1-4262d162dcfb,1.777340302872599e+18
3e62bb71-dc9a-4585-98d1-4262d162dcfb,1.777340302905941e+18
3e62bb71-dc9a-4585-98d1-4262d162dcfb,1.777340302939284e+18
3e62bb71-dc9a-4585-98d1-4262d162dcfb,1.777340302972627e+18
3e62bb71-dc9a-4585-98d1-4262d162dcfb,1.7773403030059702e+18
3e62bb71-dc9a-4585-98d1-4262d162dcfb,1.7773403030393121e+18
3e62bb71-dc9a-4585-98d1-4262d162dcfb,1.777340303072655e+18
3e62bb71-dc9a-4585-98d1-4262d162dcfb,1.777340303105998e+18
3e62bb71-dc9a-4585-98d1-4262d162dcfb,1.77734030313934e+18
3e62bb71-dc9a-4585-98d1-4262d162dcfb,1.777340303172683e+18
3e62bb71-dc9a-4585-98d1-4262d162dcfb,1.777340303206026e+18
3e62bb71-dc9a-4585-98d1-4262d162dcfb,1.7773403032393682e+18
3e62bb71-dc9a-4585-98d1-4262d162dcfb,1.7773403032727112e+18
3e62bb71-dc9a-4585-98d1-4262d162dcfb,1.7773403033060541e+18
3e62bb71-dc9a-4585-98d1-4262d162dcfb,1.777340303339397e+18
3e62bb71-dc9a-4585-98d1-4262d162dcfb,1.777340303372739e+18
3e62bb71-dc9a-4585-98d1-4262d162dcfb,1.777340303406082e+18
3e62bb71-dc9a-4585-98d1-4262d162dcfb,1.777340303439425e+18
3e62bb71-dc9a-4585-98d1-4262d162dcfb,1.777340303472767e+18
3e62bb71-dc9a-4585-98d1-4262d162dcfb,1.77734030350611e+18
3e62bb71-dc9a-4585-98d1-4262d162dcfb,1.7773403035394532e+18
3e62bb71-dc9a-4585-98d1-4262d162dcfb,1.7773403035727951e+18
3e62bb71-dc9a-4585-98d1-4262d162dcfb,1.777340303606138e+18
3e62bb71-dc9a-4585-98d1-4262d162dcfb,1.777340303639481e+18
3e62bb71-dc9a-4585-98d1-4262d162dcfb,1.777340303672824e+18
3e62bb71-dc9a-4585-98d1-4262d162dcfb,1.777340303706166e+18
3e62bb71-dc9a-4585-98d1-4262d162dcfb,1.777340303739509e+18
3e62bb71-dc9a-4585-98d1-4262d162dcfb,1.777340303772852e+18
3e62bb71-dc9a-4585-98d1-4262d162dcfb,1.7773403038061942e+18
3e62bb71-dc9a-4585-98d1-4262d162dcfb,1.7773403038395372e+18
3e62bb71-dc9a-4585-98d1-4262d162dcfb,1.77734030387288e+18
3e62bb71-dc9a-4585-98d1-4262d162dcfb,1.777340303906222e+18
3e62bb71-dc9a-4585-98d1-4262d162dcfb,1.777340303939565e+18
3e62bb71-dc9a-4585-98d1-4262d162dcfb,1.777340303972908e+18
3e62bb71-dc9a-4585-98d1-4262d162dcfb,1.77734030400625e+18
3e62bb71-dc9a-4585-98d1-4262d162dcfb,1.777340304039593e+18
3e62bb71-dc9a-4585-98d1-4262d162dcfb,1.7773403040729362e+18
3e62bb71-dc9a-4585-98d1-4262d162dcfb,1.7773403041062792e+18
3e62bb71-dc9a-4585-98d1-4262d162dcfb,1.777340304139621e+18
3e62bb71-dc9a-4585-98d1-4262d162dcfb,1.777340304172964e+18
3e62bb71-dc9a-4585-98d1-4262d162dcfb,1.777340304206307e+18
3e62bb71-dc9a-4585-98d1-4262d162dcfb,1.777340304239649e+18
3e62bb71-dc9a-4585-98d1-4262d162dcfb,1.777340304272992e+18
3e62bb71-dc9a-4585-98d1-4262d162dcfb,1.777340304306335e+18
3e62bb71-dc9a-4585-98d1-4262d162dcfb,1.7773403043396772e+18
3e62bb71-dc9a-4585-98d1-4262d162dcfb,1.7773403043730202e+18
3e62bb71-dc9a-4585-98d1-4262d162dcfb,1.7773403044063631e+18
3e62bb71-dc9a-4585-98d1-4262d162dcfb,1.777340304439706e+18
3e62bb71-dc9a-4585-98d1-4262d162dcfb,1.777340304473048e+18
3e62bb71-dc9a-4585-98d1-4262d162dcfb,1.777340304506391e+18
3e62bb71-dc9a-4585-98d1-4262d162dcfb,1.777340304539734e+18
3e62bb71-dc9a-4585-98d1-4262d162dcfb,1.777340304573076e+18
3e62bb71-dc9a-4585-98d1-4262d162dcfb,1.777340304606419e+18
3e62bb71-dc9a-4585-98d1-4262d162dcfb,1.7773403046397622e+18
3e62bb71-dc9a-4585-98d1-4262d162dcfb,1.7773403046731041e+18
3e62bb71-dc9a-4585-98d1-4262d162dcfb,1.777340304706447e+18
3e62bb71-dc9a-4585-98d1-4262d162dcfb,1.77734030473979e+18
3e62bb71-dc9a-4585-98d1-4262d162dcfb,1.777340304773132e+18
3e62bb71-dc9a-4585-98d1-4262d162dcfb,1.777340304806475e+18
3e62bb71-dc9a-4585-98d1-4262d162dcfb,1.777340304839818e+18
3e62bb71-dc9a-4585-98d1-4262d162dcfb,1.777340304873161e+18
3e62bb71-dc9a-4585-98d1-4262d162dcfb,1.7773403049065032e+18
3e62bb71-dc9a-4585-98d1-4262d162dcfb,1.7773403049398461e+18
3e62bb71-dc9a-4585-98d1-4262d162dcfb,1.777340304973189e+18
3e62bb71-dc9a-4585-98d1-4262d162dcfb,1.777340305006531e+18
3e62bb71-dc9a-4585-98d1-4262d162dcfb,1.777340305039874e+18
3e62bb71-dc9a-4585-98d1-4262d162dcfb,1.777340305073217e+18
3e62bb71-dc9a-4585-98d1-4262d162dcfb,1.777340305106559e+18
3e62bb71-dc9a-4585-98d1-4262d162dcfb,1.777340305139902e+18
3e62bb71-dc9a-4585-98d1-4262d162dcfb,1.7773403051732452e+18
3e62bb71-dc9a-4585-98d1-4262d162dcfb,1.7773403052065882e+18
3e62bb71-dc9a-4585-98d1-4262d162dcfb,1.77734030523993e+18
3e62bb71-dc9a-4585-98d1-4262d162dcfb,1.777340305273273e+18
3e62bb71-dc9a-4585-98d1-4262d162dcfb,1.777340305306616e+18
3e62bb71-dc9a-4585-98d1-4262d162dcfb,1.777340305339958e+18
3e62bb71-dc9a-4585-98d1-4262d162dcfb,1.777340305373301e+18
3e62bb71-dc9a-4585-98d1-4262d162dcfb,1.777340305406644e+18
3e62bb71-dc9a-4585-98d1-4262d162dcfb,1.7773403054399862e+18
3e62bb71-dc9a-4585-98d1-4262d162dcfb,1.7773403054733292e+18
3e62bb71-dc9a-4585-98d1-4262d162dcfb,1.777340305506672e+18
3e62bb71-dc9a-4585-98d1-4262d162dcfb,1.777340305540014e+18
3e62bb71-dc9a-4585-98d1-4262d162dcfb,1.777340305573357e+18
3e62bb71-dc9a-4585-98d1-4262d162dcfb,1.7773403056067e+18
3e62bb71-dc9a-4585-98d1-4262d162dcfb,1.777340305640043e+18
3e62bb71-dc9a-4585-98d1-4262d162dcfb,1.777340305673385e+18
3e62bb71-dc9a-4585-98d1-4262d162dcfb,1.7773403057067282e+18
3e62bb71-dc9a-4585-98d1-4262d162dcfb,1.7773403057400712e+18
3e62bb71-dc9a-4585-98d1-4262d162dcfb,1.777340305773413e+18
3e62bb71-dc9a-4585-98d1-4262d162dcfb,1.777340305806756e+18
3e62bb71-dc9a-4585-98d1-4262d162dcfb,1.777340305840099e+18
3e62bb71-dc9a-4585-98d1-4262d162dcfb,1.777340305873441e+18
3e62bb71-dc9a-4585-98d1-4262d162dcfb,1.777340305906784e+18
3e62bb71-dc9a-4585-98d1-4262d162dcfb,1.777340305940127e+18
3e62bb71-dc9a-4585-98d1-4262d162dcfb,1.7773403059734692e+18
3e62bb71-dc9a-4585-98d1-4262d162dcfb,1.7773403060068122e+18
3e62bb71-dc9a-4585-98d1-4262d162dcfb,1.7773403060401551e+18
3e62bb71-dc9a-4585-98d1-4262d162dcfb,1.777340306073498e+18
3e62bb71-dc9a-4585-98d1-4262d162dcfb,1.77734030610684e+18
3e62bb71-dc9a-4585-98d1-4262d162dcfb,1.777340306140183e+18
3e62bb71-dc9a-4585-98d1-4262d162dcfb,1.777340306173526e+18
3e62bb71-dc9a-4585-98d1-4262d162dcfb,1.777340306206868e+18
3e62bb71-dc9a-4585-98d1-4262d162dcfb,1.777340306240211e+18
3e62bb71-dc9a-4585-98d1-4262d162dcfb,1.7773403062735542e+18
3e62bb71-dc9a-4585-98d1-4262d162dcfb,1.7773403063068961e+18
3e62bb71-dc9a-4585-98d1-4262d162dcfb,1.777340306340239e+18
3e62bb71-dc9a-4585-98d1-4262d162dcfb,1.777340306373582e+18
3e62bb71-dc9a-4585-98d1-4262d162dcfb,1.777340306406925e+18
3e62bb71-dc9a-4585-98d1-4262d162dcfb,1.777340306440267e+18
3e62bb71-dc9a-4585-98d1-4262d162dcfb,1.77734030647361e+18
3e62bb71-dc9a-4585-98d1-4262d162dcfb,1.777340306506953e+18
3e62bb71-dc9a-4585-98d1-4262d162dcfb,1.7773403065402952e+18
3e62bb71-dc9a-4585-98d1-4262d162dcfb,1.7773403065736381e+18
3e62bb71-dc9a-4585-98d1-4262d162dcfb,1.777340306606981e+18
3e62bb71-dc9a-4585-98d1-4262d162dcfb,1.777340306640323e+18
3e62bb71-dc9a-4585-98d1-4262d162dcfb,1.777340306673666e+18
3e62bb71-dc9a-4585-98d1-4262d162dcfb,1.777340306707009e+18
3e62bb71-dc9a-4585-98d1-4262d162dcfb,1.777340306740351e+18
3e62bb71-dc9a-4585-98d1-4262d162dcfb,1.777340306773694e+18
3e62bb71-dc9a-4585-98d1-4262d162dcfb,1.7773403068070372e+18
3e62bb71-dc9a-4585-98d1-4262d162dcfb,1.7773403068403802e+18
3e62bb71-dc9a-4585-98d1-4262d162dcfb,1.777340306873722e+18
3e62bb71-dc9a-4585-98d1-4262d162dcfb,1.777340306907065e+18
3e62bb71-dc9a-4585-98d1-4262d162dcfb,1.777340306940408e+18
3e62bb71-dc9a-4585-98d1-4262d162dcfb,1.77734030697375e+18
3e62bb71-dc9a-4585-98d1-4262d162dcfb,1.777340307007093e+18
3e62bb71-dc9a-4585-98d1-4262d162dcfb,1.777340307040436e+18
3e62bb71-dc9a-4585-98d1-4262d162dcfb,1.7773403070737782e+18
3e62bb71-dc9a-4585-98d1-4262d162dcfb,1.7773403071071212e+18
3e62bb71-dc9a-4585-98d1-4262d162dcfb,1.777340307140464e+18
3e62bb71-dc9a-4585-98d1-4262d162dcfb,1.777340307173807e+18
3e62bb71-dc9a-4585-98d1-4262d162dcfb,1.777340307207149e+18
3e62bb71-dc9a-4585-98d1-4262d162dcfb,1.777340307240492e+18
3e62bb71-dc9a-4585-98d1-4262d162dcfb,1.777340307273835e+18
3e62bb71-dc9a-4585-98d1-4262d162dcfb,1.777340307307177e+18
3e62bb71-dc9a-4585-98d1-4262d162dcfb,1.7773403073405202e+18
3e62bb71-dc9a-4585-98d1-4262d162dcfb,1.7773403073738632e+18
3e62bb71-dc9a-4585-98d1-4262d162dcfb,1.777340307407205e+18
3e62bb71-dc9a-4585-98d1-4262d162dcfb,1.777340307440548e+18
3e62bb71-dc9a-4585-98d1-4262d162dcfb,1.777340307473891e+18
3e62bb71-dc9a-4585-98d1-4262d162dcfb,1.777340307507233e+18
3e62bb71-dc9a-4585-98d1-4262d162dcfb,1.777340307540576e+18
3e62bb71-dc9a-4585-98d1-4262d162dcfb,1.777340307573919e+18
3e62bb71-dc9a-4585-98d1-4262d162dcfb,1.777340307607262e+18
3e62bb71-dc9a-4585-98d1-4262d162dcfb,1.7773403076406042e+18
3e62bb71-dc9a-4585-98d1-4262d162dcfb,1.7773403076739471e+18
3e62bb71-dc9a-4585-98d1-4262d162dcfb,1.77734030770729e+18
3e62bb71-dc9a-4585-98d1-4262d162dcfb,1.777340307740632e+18
3e62bb71-dc9a-4585-98d1-4262d162dcfb,1.777340307773975e+18
3e62bb71-dc9a-4585-98d1-4262d162dcfb,1.777340307807318e+18
3e62bb71-dc9a-4585-98d1-4262d162dcfb,1.77734030784066e+18
3e62bb71-dc9a-4585-98d1-4262d162dcfb,1.777340307874003e+18
3e62bb71-dc9a-4585-98d1-4262d162dcfb,1.7773403079073462e+18
3e62bb71-dc9a-4585-98d1-4262d162dcfb,1.7773403079406892e+18
3e62bb71-dc9a-4585-98d1-4262d162dcfb,1.777340307974031e+18
3e62bb71-dc9a-4585-98d1-4262d162dcfb,1.777340308007374e+18
3e62bb71-dc9a-4585-98d1-4262d162dcfb,1.777340308040717e+18
3e62bb71-dc9a-4585-98d1-4262d162dcfb,1.777340308074059e+18
3e62bb71-dc9a-4585-98d1-4262d162dcfb,1.777340308107402e+18
3e62bb71-dc9a-4585-98d1-4262d162dcfb,1.777340308140745e+18
3e62bb71-dc9a-4585-98d1-4262d162dcfb,1.7773403081740872e+18
3e62bb71-dc9a-4585-98d1-4262d162dcfb,1.7773403082074301e+18
3e62bb71-dc9a-4585-98d1-4262d162dcfb,1.777340308240773e+18
3e62bb71-dc9a-4585-98d1-4262d162dcfb,1.777340308274116e+18
3e62bb71-dc9a-4585-98d1-4262d162dcfb,1.777340308307458e+18
3e62bb71-dc9a-4585-98d1-4262d162dcfb,1.777340308340801e+18
3e62bb71-dc9a-4585-98d1-4262d162dcfb,1.777340308374144e+18
3e62bb71-dc9a-4585-98d1-4262d162dcfb,1.777340308407486e+18
3e62bb71-dc9a-4585-98d1-4262d162dcfb,1.7773403084408292e+18
3e62bb71-dc9a-4585-98d1-4262d162dcfb,1.7773403084741722e+18
3e62bb71-dc9a-4585-98d1-4262d162dcfb,1.777340308507514e+18
3e62bb71-dc9a-4585-98d1-4262d162dcfb,1.777340308540857e+18
3e62bb71-dc9a-4585-98d1-4262d162dcfb,1.7773403085742e+18
3e62bb71-dc9a-4585-98d1-4262d162dcfb,1.777340308607542e+18
3e62bb71-dc9a-4585-98d1-4262d162dcfb,1.777340308640885e+18
3e62bb71-dc9a-4585-98d1-4262d162dcfb,1.777340308674228e+18
3e62bb71-dc9a-4585-98d1-4262d162dcfb,1.777340308707571e+18
3e62bb71-dc9a-4585-98d1-4262d162dcfb,1.7773403087409132e+18
3e62bb71-dc9a-4585-98d1-4262d162dcfb,1.777340308774256e+18
3e62bb71-dc9a-4585-98d1-4262d162dcfb,1.777340308807599e+18
3e62bb71-dc9a-4585-98d1-4262d162dcfb,1.777340308840941e+18
3e62bb71-dc9a-4585-98d1-4262d162dcfb,1.777340308874284e+18
3e62bb71-dc9a-4585-98d1-4262d162dcfb,1.777340308907627e+18
3e62bb71-dc9a-4585-98d1-4262d162dcfb,1.777340308940969e+18
3e62bb71-dc9a-4585-98d1-4262d162dcfb,1.7773403089743122e+18
3e62bb71-dc9a-4585-98d1-4262d162dcfb,1.7773403090076552e+18
3e62bb71-dc9a-4585-98d1-4262d162dcfb,1.777340309040997e+18
3e62bb71-dc9a-4585-98d1-4262d162dcfb,1.77734030907434e+18
3e62bb71-dc9a-4585-98d1-4262d162dcfb,1.777340309107683e+18
3e62bb71-dc9a-4585-98d1-4262d162dcfb,1.777340309141026e+18
3e62bb71-dc9a-4585-98d1-4262d162dcfb,1.777340309174368e+18
3e62bb71-dc9a-4585-98d1-4262d162dcfb,1.777340309207711e+18
3e62bb71-dc9a-4585-98d1-4262d162dcfb,1.777340309241054e+18
3e62bb71-dc9a-4585-98d1-4262d162dcfb,1.7773403092743962e+18
3e62bb71-dc9a-4585-98d1-4262d162dcfb,1.7773403093077391e+18
3e62bb71-dc9a-4585-98d1-4262d162dcfb,1.777340309341082e+18
3e62bb71-dc9a-4585-98d1-4262d162dcfb,1.777340309374424e+18
3e62bb71-dc9a-4585-98d1-4262d162dcfb,1.777340309407767e+18
3e62bb71-dc9a-4585-98d1-4262d162dcfb,1.77734030944111e+18
3e62bb71-dc9a-4585-98d1-4262d162dcfb,1.777340309474453e+18
3e62bb71-dc9a-4585-98d1-4262d162dcfb,1.777340309507795e+18
3e62bb71-dc9a-4585-98d1-4262d162dcfb,1.7773403095411382e+18
3e62bb71-dc9a-4585-98d1-4262d162dcfb,1.7773403095744812e+18
3e62bb71-dc9a-4585-98d1-4262d162dcfb,1.777340309607823e+18
3e62bb71-dc9a-4585-98d1-4262d162dcfb,1.777340309641166e+18
3e62bb71-dc9a-4585-98d1-4262d162dcfb,1.777340309674509e+18
3e62bb71-dc9a-4585-98d1-4262d162dcfb,1.777340309707851e+18
3e62bb71-dc9a-4585-98d1-4262d162dcfb,1.777340309741194e+18
3e62bb71-dc9a-4585-98d1-4262d162dcfb,1.777340309774537e+18
3e62bb71-dc9a-4585-98d1-4262d162dcfb,1.7773403098078802e+18
3e62bb71-dc9a-4585-98d1-4262d162dcfb,1.7773403098412221e+18
3e62bb71-dc9a-4585-98d1-4262d162dcfb,1.777340309874565e+18
3e62bb71-dc9a-4585-98d1-4262d162dcfb,1.777340309907908e+18
3e62bb71-dc9a-4585-98d1-4262d162dcfb,1.77734030994125e+18
3e62bb71-dc9a-4585-98d1-4262d162dcfb,1.777340309974593e+18
3e62bb71-dc9a-4585-98d1-4262d162dcfb,1.777340310007936e+18
3e62bb71-dc9a-4585-98d1-4262d162dcfb,1.777340310041278e+18
3e62bb71-dc9a-4585-98d1-4262d162dcfb,1.7773403100746212e+18
3e62bb71-dc9a-4585-98d1-4262d162dcfb,1.7773403101079642e+18
3e62bb71-dc9a-4585-98d1-4262d162dcfb,1.777340310141306e+18
3e62bb71-dc9a-4585-98d1-4262d162dcfb,1.777340310174649e+18
3e62bb71-dc9a-4585-98d1-4262d162dcfb,1.777340310207992e+18
3e62bb71-dc9a-4585-98d1-4262d162dcfb,1.777340310241334e+18
3e62bb71-dc9a-4585-98d1-4262d162dcfb,1.777340310274677e+18
3e62bb71-dc9a-4585-98d1-4262d162dcfb,1.77734031030802e+18
3e62bb71-dc9a-4585-98d1-4262d162dcfb,1.777340310341363e+18
3e62bb71-dc9a-4585-98d1-4262d162dcfb,1.7773403103747052e+18
3e62bb71-dc9a-4585-98d1-4262d162dcfb,1.777340310408048e+18
3e62bb71-dc9a-4585-98d1-4262d162dcfb,1.777340310441391e+18
3e62bb71-dc9a-4585-98d1-4262d162dcfb,1.777340310474733e+18
3e62bb71-dc9a-4585-98d1-4262d162dcfb,1.777340310508076e+18
3e62bb71-dc9a-4585-98d1-4262d162dcfb,1.777340310541419e+18
3e62bb71-dc9a-4585-98d1-4262d162dcfb,1.777340310574761e+18
3e62bb71-dc9a-4585-98d1-4262d162dcfb,1.7773403106081042e+18
3e62bb71-dc9a-4585-98d1-4262d162dcfb,1.7773403106414472e+18
3e62bb71-dc9a-4585-98d1-4262d162dcfb,1.7773403106747901e+18
3e62bb71-dc9a-4585-98d1-4262d162dcfb,1.777340310708132e+18
3e62bb71-dc9a-4585-98d1-4262d162dcfb,1.777340310741475e+18
3e62bb71-dc9a-4585-98d1-4262d162dcfb,1.777340310774818e+18
3e62bb71-dc9a-4585-98d1-4262d162dcfb,1.77734031080816e+18
3e62bb71-dc9a-4585-98d1-4262d162dcfb,1.777340310841503e+18
3e62bb71-dc9a-4585-98d1-4262d162dcfb,1.777340310874846e+18
3e62bb71-dc9a-4585-98d1-4262d162dcfb,1.7773403109081882e+18
3e62bb71-dc9a-4585-98d1-4262d162dcfb,1.7773403109415311e+18
3e62bb71-dc9a-4585-98d1-4262d162dcfb,1.777340310974874e+18
3e62bb71-dc9a-4585-98d1-4262d162dcfb,1.777340311008216e+18
3e62bb71-dc9a-4585-98d1-4262d162dcfb,1.777340311041559e+18
3e62bb71-dc9a-4585-98d1-4262d162dcfb,1.777340311074902e+18
3e62bb71-dc9a-4585-98d1-4262d162dcfb,1.777340311108245e+18
3e62bb71-dc9a-4585-98d1-4262d162dcfb,1.777340311141587e+18
3e62bb71-dc9a-4585-98d1-4262d162dcfb,1.7773403111749302e+18
3e62bb71-dc9a-4585-98d1-4262d162dcfb,1.7773403112082732e+18
3e62bb71-dc9a-4585-98d1-4262d162dcfb,1.777340311241615e+18
3e62bb71-dc9a-4585-98d1-4262d162dcfb,1.777340311274958e+18
3e62bb71-dc9a-4585-98d1-4262d162dcfb,1.777340311308301e+18
3e62bb71-dc9a-4585-98d1-4262d162dcfb,1.777340311341643e+18
3e62bb71-dc9a-4585-98d1-4262d162dcfb,1.777340311374986e+18
3e62bb71-dc9a-4585-98d1-4262d162dcfb,1.777340311408329e+18
3e62bb71-dc9a-4585-98d1-4262d162dcfb,1.7773403114416722e+18
3e62bb71-dc9a-4585-98d1-4262d162dcfb,1.7773403114750141e+18
3e62bb71-dc9a-4585-98d1-4262d162dcfb,1.777340311508357e+18
3e62bb71-dc9a-4585-98d1-4262d162dcfb,1.7773403115417e+18
3e62bb71-dc9a-4585-98d1-4262d162dcfb,1.777340311575042e+18
3e62bb71-dc9a-4585-98d1-4262d162dcfb,1.777340311608385e+18
3e62bb71-dc9a-4585-98d1-4262d162dcfb,1.777340311641728e+18
3e62bb71-dc9a-4585-98d1-4262d162dcfb,1.77734031167507e+18
3e62bb71-dc9a-4585-98d1-4262d162dcfb,1.7773403117084132e+18
3e62bb71-dc9a-4585-98d1-4262d162dcfb,1.7773403117417562e+18
3e62bb71-dc9a-4585-98d1-4262d162dcfb,1.7773403117750991e+18
3e62bb71-dc9a-4585-98d1-4262d162dcfb,1.777340311808441e+18
3e62bb71-dc9a-4585-98d1-4262d162dcfb,1.777340311841784e+18
3e62bb71-dc9a-4585-98d1-4262d162dcfb,1.777340311875127e+18
3e62bb71-dc9a-4585-98d1-4262d162dcfb,1.777340311908469e+18
3e62bb71-dc9a-4585-98d1-4262d162dcfb,1.777340311941812e+18
3e62bb71-dc9a-4585-98d1-4262d162dcfb,1.777340311975155e+18
3e62bb71-dc9a-4585-98d1-4262d162dcfb,1.7773403120084972e+18
3e62bb71-dc9a-4585-98d1-4262d162dcfb,1.77734031204184e+18
3e62bb71-dc9a-4585-98d1-4262d162dcfb,1.777340312075183e+18
3e62bb71-dc9a-4585-98d1-4262d162dcfb,1.777340312108525e+18
3e62bb71-dc9a-4585-98d1-4262d162dcfb,1.777340312141868e+18
3e62bb71-dc9a-4585-98d1-4262d162dcfb,1.777340312175211e+18
3e62bb71-dc9a-4585-98d1-4262d162dcfb,1.777340312208554e+18
3e62bb71-dc9a-4585-98d1-4262d162dcfb,1.7773403122418962e+18
3e62bb71-dc9a-4585-98d1-4262d162dcfb,1.7773403122752392e+18
3e62bb71-dc9a-4585-98d1-4262d162dcfb,1.7773403123085821e+18
3e62bb71-dc9a-4585-98d1-4262d162dcfb,1.777340312341924e+18
3e62bb71-dc9a-4585-98d1-4262d162dcfb,1.777340312375267e+18
3e62bb71-dc9a-4585-98d1-4262d162dcfb,1.77734031240861e+18
3e62bb71-dc9a-4585-98d1-4262d162dcfb,1.777340312441952e+18
3e62bb71-dc9a-4585-98d1-4262d162dcfb,1.777340312475295e+18
3e62bb71-dc9a-4585-98d1-4262d162dcfb,1.777340312508638e+18
3e62bb71-dc9a-4585-98d1-4262d162dcfb,1.7773403125419812e+18
3e62bb71-dc9a-4585-98d1-4262d162dcfb,1.7773403125753231e+18
3e62bb71-dc9a-4585-98d1-4262d162dcfb,1.777340312608666e+18
3e62bb71-dc9a-4585-98d1-4262d162dcfb,1.777340312642009e+18
3e62bb71-dc9a-4585-98d1-4262d162dcfb,1.777340312675351e+18
3e62bb71-dc9a-4585-98d1-4262d162dcfb,1.777340312708694e+18
3e62bb71-dc9a-4585-98d1-4262d162dcfb,1.777340312742037e+18
3e62bb71-dc9a-4585-98d1-4262d162dcfb,1.777340312775379e+18
3e62bb71-dc9a-4585-98d1-4262d162dcfb,1.7773403128087222e+18
3e62bb71-dc9a-4585-98d1-4262d162dcfb,1.7773403128420652e+18
3e62bb71-dc9a-4585-98d1-4262d162dcfb,1.777340312875407e+18
3e62bb71-dc9a-4585-98d1-4262d162dcfb,1.77734031290875e+18
3e62bb71-dc9a-4585-98d1-4262d162dcfb,1.777340312942093e+18
3e62bb71-dc9a-4585-98d1-4262d162dcfb,1.777340312975436e+18
3e62bb71-dc9a-4585-98d1-4262d162dcfb,1.777340313008778e+18
3e62bb71-dc9a-4585-98d1-4262d162dcfb,1.777340313042121e+18
3e62bb71-dc9a-4585-98d1-4262d162dcfb,1.7773403130754642e+18
3e62bb71-dc9a-4585-98d1-4262d162dcfb,1.7773403131088061e+18
3e62bb71-dc9a-4585-98d1-4262d162dcfb,1.777340313142149e+18
3e62bb71-dc9a-4585-98d1-4262d162dcfb,1.777340313175492e+18
3e62bb71-dc9a-4585-98d1-4262d162dcfb,1.777340313208834e+18
3e62bb71-dc9a-4585-98d1-4262d162dcfb,1.777340313242177e+18
3e62bb71-dc9a-4585-98d1-4262d162dcfb,1.77734031327552e+18
3e62bb71-dc9a-4585-98d1-4262d162dcfb,1.777340313308862e+18
3e62bb71-dc9a-4585-98d1-4262d162dcfb,1.7773403133422052e+18
3e62bb71-dc9a-4585-98d1-4262d162dcfb,1.7773403133755482e+18
3e62bb71-dc9a-4585-98d1-4262d162dcfb,1.7773403134088911e+18
3e62bb71-dc9a-4585-98d1-4262d162dcfb,1.777340313442233e+18
3e62bb71-dc9a-4585-98d1-4262d162dcfb,1.777340313475576e+18
3e62bb71-dc9a-4585-98d1-4262d162dcfb,1.777340313508919e+18
3e62bb71-dc9a-4585-98d1-4262d162dcfb,1.777340313542261e+18
3e62bb71-dc9a-4585-98d1-4262d162dcfb,1.777340313575604e+18
3e62bb71-dc9a-4585-98d1-4262d162dcfb,1.777340313608947e+18
3e62bb71-dc9a-4585-98d1-4262d162dcfb,1.7773403136422892e+18
3e62bb71-dc9a-4585-98d1-4262d162dcfb,1.777340313675632e+18
3e62bb71-dc9a-4585-98d1-4262d162dcfb,1.777340313708975e+18
3e62bb71-dc9a-4585-98d1-4262d162dcfb,1.777340313742318e+18
3e62bb71-dc9a-4585-98d1-4262d162dcfb,1.77734031377566e+18
3e62bb71-dc9a-4585-98d1-4262d162dcfb,1.777340313809003e+18
3e62bb71-dc9a-4585-98d1-4262d162dcfb,1.777340313842346e+18
3e62bb71-dc9a-4585-98d1-4262d162dcfb,1.7773403138756882e+18
3e62bb71-dc9a-4585-98d1-4262d162dcfb,1.7773403139090312e+18
3e62bb71-dc9a-4585-98d1-4262d162dcfb,1.7773403139423741e+18
3e62bb71-dc9a-4585-98d1-4262d162dcfb,1.777340313975716e+18
3e62bb71-dc9a-4585-98d1-4262d162dcfb,1.777340314009059e+18
3e62bb71-dc9a-4585-98d1-4262d162dcfb,1.777340314042402e+18
3e62bb71-dc9a-4585-98d1-4262d162dcfb,1.777340314075744e+18
3e62bb71-dc9a-4585-98d1-4262d162dcfb,1.777340314109087e+18
3e62bb71-dc9a-4585-98d1-4262d162dcfb,1.77734031414243e+18
3e62bb71-dc9a-4585-98d1-4262d162dcfb,1.7773403141757732e+18
3e62bb71-dc9a-4585-98d1-4262d162dcfb,1.7773403142091151e+18
3e62bb71-dc9a-4585-98d1-4262d162dcfb,1.777340314242458e+18
3e62bb71-dc9a-4585-98d1-4262d162dcfb,1.777340314275801e+18
3e62bb71-dc9a-4585-98d1-4262d162dcfb,1.777340314309143e+18
3e62bb71-dc9a-4585-98d1-4262d162dcfb,1.777340314342486e+18
3e62bb71-dc9a-4585-98d1-4262d162dcfb,1.777340314375829e+18
3e62bb71-dc9a-4585-98d1-4262d162dcfb,1.777340314409171e+18
3e62bb71-dc9a-4585-98d1-4262d162dcfb,1.7773403144425142e+18
3e62bb71-dc9a-4585-98d1-4262d162dcfb,1.7773403144758572e+18
3e62bb71-dc9a-4585-98d1-4262d162dcfb,1.7773403145092001e+18
3e62bb71-dc9a-4585-98d1-4262d162dcfb,1.777340314542542e+18
3e62bb71-dc9a-4585-98d1-4262d162dcfb,1.777340314575885e+18
3e62bb71-dc9a-4585-98d1-4262d162dcfb,1.777340314609228e+18
3e62bb71-dc9a-4585-98d1-4262d162dcfb,1.77734031464257e+18
3e62bb71-dc9a-4585-98d1-4262d162dcfb,1.777340314675913e+18
3e62bb71-dc9a-4585-98d1-4262d162dcfb,1.7773403147092562e+18
3e62bb71-dc9a-4585-98d1-4262d162dcfb,1.7773403147425981e+18
3e62bb71-dc9a-4585-98d1-4262d162dcfb,1.777340314775941e+18
3e62bb71-dc9a-4585-98d1-4262d162dcfb,1.777340314809284e+18
3e62bb71-dc9a-4585-98d1-4262d162dcfb,1.777340314842626e+18
3e62bb71-dc9a-4585-98d1-4262d162dcfb,1.777340314875969e+18
3e62bb71-dc9a-4585-98d1-4262d162dcfb,1.777340314909312e+18
3e62bb71-dc9a-4585-98d1-4262d162dcfb,1.777340314942655e+18
3e62bb71-dc9a-4585-98d1-4262d162dcfb,1.7773403149759972e+18
3e62bb71-dc9a-4585-98d1-4262d162dcfb,1.7773403150093402e+18
3e62bb71-dc9a-4585-98d1-4262d162dcfb,1.7773403150426831e+18
3e62bb71-dc9a-4585-98d1-4262d162dcfb,1.777340315076025e+18
3e62bb71-dc9a-4585-98d1-4262d162dcfb,1.777340315109368e+18
3e62bb71-dc9a-4585-98d1-4262d162dcfb,1.777340315142711e+18
3e62bb71-dc9a-4585-98d1-4262d162dcfb,1.777340315176053e+18
3e62bb71-dc9a-4585-98d1-4262d162dcfb,1.777340315209396e+18
3e62bb71-dc9a-4585-98d1-4262d162dcfb,1.777340315242739e+18
3e62bb71-dc9a-4585-98d1-4262d162dcfb,1.7773403152760822e+18
3e62bb71-dc9a-4585-98d1-4262d162dcfb,1.777340315309424e+18
3e62bb71-dc9a-4585-98d1-4262d162dcfb,1.777340315342767e+18
3e62bb71-dc9a-4585-98d1-4262d162dcfb,1.77734031537611e+18
3e62bb71-dc9a-4585-98d1-4262d162dcfb,1.777340315409452e+18
3e62bb71-dc9a-4585-98d1-4262d162dcfb,1.777340315442795e+18
3e62bb71-dc9a-4585-98d1-4262d162dcfb,1.777340315476138e+18
3e62bb71-dc9a-4585-98d1-4262d162dcfb,1.7773403155094802e+18
3e62bb71-dc9a-4585-98d1-4262d162dcfb,1.7773403155428232e+18
3e62bb71-dc9a-4585-98d1-4262d162dcfb,1.7773403155761661e+18
3e62bb71-dc9a-4585-98d1-4262d162dcfb,1.777340315609509e+18
3e62bb71-dc9a-4585-98d1-4262d162dcfb,1.777340315642851e+18
3e62bb71-dc9a-4585-98d1-4262d162dcfb,1.777340315676194e+18
3e62bb71-dc9a-4585-98d1-4262d162dcfb,1.777340315709537e+18
3e62bb71-dc9a-4585-98d1-4262d162dcfb,1.777340315742879e+18
3e62bb71-dc9a-4585-98d1-4262d162dcfb,1.777340315776222e+18
3e62bb71-dc9a-4585-98d1-4262d162dcfb,1.7773403158095652e+18
3e62bb71-dc9a-4585-98d1-4262d162dcfb,1.7773403158429071e+18
3e62bb71-dc9a-4585-98d1-4262d162dcfb,1.77734031587625e+18
3e62bb71-dc9a-4585-98d1-4262d162dcfb,1.777340315909593e+18
3e62bb71-dc9a-4585-98d1-4262d162dcfb,1.777340315942935e+18
3e62bb71-dc9a-4585-98d1-4262d162dcfb,1.777340315976278e+18
3e62bb71-dc9a-4585-98d1-4262d162dcfb,1.777340316009621e+18
3e62bb71-dc9a-4585-98d1-4262d162dcfb,1.777340316042964e+18
3e62bb71-dc9a-4585-98d1-4262d162dcfb,1.7773403160763062e+18
3e62bb71-dc9a-4585-98d1-4262d162dcfb,1.7773403161096492e+18
3e62bb71-dc9a-4585-98d1-4262d162dcfb,1.7773403161429921e+18
3e62bb71-dc9a-4585-98d1-4262d162dcfb,1.777340316176334e+18
3e62bb71-dc9a-4585-98d1-4262d162dcfb,1.777340316209677e+18
3e62bb71-dc9a-4585-98d1-4262d162dcfb,1.77734031624302e+18
3e62bb71-dc9a-4585-98d1-4262d162dcfb,1.777340316276362e+18
3e62bb71-dc9a-4585-98d1-4262d162dcfb,1.777340316309705e+18
3e62bb71-dc9a-4585-98d1-4262d162dcfb,1.7773403163430482e+18
3e62bb71-dc9a-4585-98d1-4262d162dcfb,1.7773403163763901e+18
3e62bb71-dc9a-4585-98d1-4262d162dcfb,1.777340316409733e+18
3e62bb71-dc9a-4585-98d1-4262d162dcfb,1.777340316443076e+18
3e62bb71-dc9a-4585-98d1-4262d162dcfb,1.777340316476419e+18
3e62bb71-dc9a-4585-98d1-4262d162dcfb,1.777340316509761e+18
3e62bb71-dc9a-4585-98d1-4262d162dcfb,1.777340316543104e+18
3e62bb71-dc9a-4585-98d1-4262d162dcfb,1.777340316576447e+18
3e62bb71-dc9a-4585-98d1-4262d162dcfb,1.7773403166097892e+18
3e62bb71-dc9a-4585-98d1-4262d162dcfb,1.7773403166431322e+18
3e62bb71-dc9a-4585-98d1-4262d162dcfb,1.7773403166764751e+18
3e62bb71-dc9a-4585-98d1-4262d162dcfb,1.777340316709817e+18
3e62bb71-dc9a-4585-98d1-4262d162dcfb,1.77734031674316e+18
3e62bb71-dc9a-4585-98d1-4262d162dcfb,1.777340316776503e+18
3e62bb71-dc9a-4585-98d1-4262d162dcfb,1.777340316809846e+18
3e62bb71-dc9a-4585-98d1-4262d162dcfb,1.777340316843188e+18
3e62bb71-dc9a-4585-98d1-4262d162dcfb,1.777340316876531e+18
3e62bb71-dc9a-4585-98d1-4262d162dcfb,1.7773403169098742e+18
3e62bb71-dc9a-4585-98d1-4262d162dcfb,1.777340316943216e+18
3e62bb71-dc9a-4585-98d1-4262d162dcfb,1.777340316976559e+18
3e62bb71-dc9a-4585-98d1-4262d162dcfb,1.777340317009902e+18
3e62bb71-dc9a-4585-98d1-4262d162dcfb,1.777340317043244e+18
3e62bb71-dc9a-4585-98d1-4262d162dcfb,1.777340317076587e+18
3e62bb71-dc9a-4585-98d1-4262d162dcfb,1.77734031710993e+18
3e62bb71-dc9a-4585-98d1-4262d162dcfb,1.777340317143273e+18
3e62bb71-dc9a-4585-98d1-4262d162dcfb,1.7773403171766152e+18
3e62bb71-dc9a-4585-98d1-4262d162dcfb,1.7773403172099581e+18
3e62bb71-dc9a-4585-98d1-4262d162dcfb,1.777340317243301e+18
3e62bb71-dc9a-4585-98d1-4262d162dcfb,1.777340317276643e+18
3e62bb71-dc9a-4585-98d1-4262d162dcfb,1.777340317309986e+18
3e62bb71-dc9a-4585-98d1-4262d162dcfb,1.777340317343329e+18
3e62bb71-dc9a-4585-98d1-4262d162dcfb,1.777340317376671e+18
3e62bb71-dc9a-4585-98d1-4262d162dcfb,1.777340317410014e+18
3e62bb71-dc9a-4585-98d1-4262d162dcfb,1.7773403174433572e+18
3e62bb71-dc9a-4585-98d1-4262d162dcfb,1.7773403174766991e+18
3e62bb71-dc9a-4585-98d1-4262d162dcfb,1.777340317510042e+18
3e62bb71-dc9a-4585-98d1-4262d162dcfb,1.777340317543385e+18
3e62bb71-dc9a-4585-98d1-4262d162dcfb,1.777340317576727e+18
3e62bb71-dc9a-4585-98d1-4262d162dcfb,1.77734031761007e+18
3e62bb71-dc9a-4585-98d1-4262d162dcfb,1.777340317643413e+18
3e62bb71-dc9a-4585-98d1-4262d162dcfb,1.777340317676756e+18
3e62bb71-dc9a-4585-98d1-4262d162dcfb,1.7773403177100982e+18
3e62bb71-dc9a-4585-98d1-4262d162dcfb,1.7773403177434412e+18
3e62bb71-dc9a-4585-98d1-4262d162dcfb,1.7773403177767841e+18
3e62bb71-dc9a-4585-98d1-4262d162dcfb,1.777340317810126e+18
3e62bb71-dc9a-4585-98d1-4262d162dcfb,1.777340317843469e+18
3e62bb71-dc9a-4585-98d1-4262d162dcfb,1.777340317876812e+18
3e62bb71-dc9a-4585-98d1-4262d162dcfb,1.777340317910154e+18
3e62bb71-dc9a-4585-98d1-4262d162dcfb,1.777340317943497e+18
3e62bb71-dc9a-4585-98d1-4262d162dcfb,1.7773403179768402e+18
3e62bb71-dc9a-4585-98d1-4262d162dcfb,1.7773403180101832e+18
3e62bb71-dc9a-4585-98d1-4262d162dcfb,1.777340318043525e+18
3e62bb71-dc9a-4585-98d1-4262d162dcfb,1.777340318076868e+18
3e62bb71-dc9a-4585-98d1-4262d162dcfb,1.777340318110211e+18
3e62bb71-dc9a-4585-98d1-4262d162dcfb,1.777340318143553e+18
3e62bb71-dc9a-4585-98d1-4262d162dcfb,1.777340318176896e+18
3e62bb71-dc9a-4585-98d1-4262d162dcfb,1.777340318210239e+18
3e62bb71-dc9a-4585-98d1-4262d162dcfb,1.7773403182435812e+18
3e62bb71-dc9a-4585-98d1-4262d162dcfb,1.7773403182769242e+18
3e62bb71-dc9a-4585-98d1-4262d162dcfb,1.7773403183102671e+18
3e62bb71-dc9a-4585-98d1-4262d162dcfb,1.777340318343609e+18
3e62bb71-dc9a-4585-98d1-4262d162dcfb,1.777340318376952e+18
3e62bb71-dc9a-4585-98d1-4262d162dcfb,1.777340318410295e+18
3e62bb71-dc9a-4585-98d1-4262d162dcfb,1.777340318443638e+18
3e62bb71-dc9a-4585-98d1-4262d162dcfb,1.77734031847698e+18
3e62bb71-dc9a-4585-98d1-4262d162dcfb,1.777340318510323e+18
3e62bb71-dc9a-4585-98d1-4262d162dcfb,1.7773403185436662e+18
3e62bb71-dc9a-4585-98d1-4262d162dcfb,1.777340318577008e+18
3e62bb71-dc9a-4585-98d1-4262d162dcfb,1.777340318610351e+18
3e62bb71-dc9a-4585-98d1-4262d162dcfb,1.777340318643694e+18
3e62bb71-dc9a-4585-98d1-4262d162dcfb,1.777340318677036e+18
3e62bb71-dc9a-4585-98d1-4262d162dcfb,1.777340318710379e+18
3e62bb71-dc9a-4585-98d1-4262d162dcfb,1.777340318743722e+18
3e62bb71-dc9a-4585-98d1-4262d162dcfb,1.777340318777065e+18
3e62bb71-dc9a-4585-98d1-4262d162dcfb,1.7773403188104072e+18
3e62bb71-dc9a-4585-98d1-4262d162dcfb,1.7773403188437501e+18
3e62bb71-dc9a-4585-98d1-4262d162dcfb,1.777340318877093e+18
3e62bb71-dc9a-4585-98d1-4262d162dcfb,1.777340318910435e+18
3e62bb71-dc9a-4585-98d1-4262d162dcfb,1.777340318943778e+18
3e62bb71-dc9a-4585-98d1-4262d162dcfb,1.777340318977121e+18
3e62bb71-dc9a-4585-98d1-4262d162dcfb,1.777340319010463e+18
3e62bb71-dc9a-4585-98d1-4262d162dcfb,1.777340319043806e+18
3e62bb71-dc9a-4585-98d1-4262d162dcfb,1.7773403190771492e+18
3e62bb71-dc9a-4585-98d1-4262d162dcfb,1.7773403191104922e+18
3e62bb71-dc9a-4585-98d1-4262d162dcfb,1.777340319143834e+18
3e62bb71-dc9a-4585-98d1-4262d162dcfb,1.777340319177177e+18
3e62bb71-dc9a-4585-98d1-4262d162dcfb,1.77734031921052e+18
3e62bb71-dc9a-4585-98d1-4262d162dcfb,1.777340319243862e+18
3e62bb71-dc9a-4585-98d1-4262d162dcfb,1.777340319277205e+18
3e62bb71-dc9a-4585-98d1-4262d162dcfb,1.777340319310548e+18
3e62bb71-dc9a-4585-98d1-4262d162dcfb,1.7773403193438902e+18
3e62bb71-dc9a-4585-98d1-4262d162dcfb,1.7773403193772332e+18
3e62bb71-dc9a-4585-98d1-4262d162dcfb,1.7773403194105761e+18
3e62bb71-dc9a-4585-98d1-4262d162dcfb,1.777340319443918e+18
3e62bb71-dc9a-4585-98d1-4262d162dcfb,1.777340319477261e+18
3e62bb71-dc9a-4585-98d1-4262d162dcfb,1.777340319510604e+18
3e62bb71-dc9a-4585-98d1-4262d162dcfb,1.777340319543947e+18
3e62bb71-dc9a-4585-98d1-4262d162dcfb,1.777340319577289e+18
3e62bb71-dc9a-4585-98d1-4262d162dcfb,1.7773403196106322e+18
3e62bb71-dc9a-4585-98d1-4262d162dcfb,1.7773403196439752e+18
3e62bb71-dc9a-4585-98d1-4262d162dcfb,1.777340319677317e+18
3e62bb71-dc9a-4585-98d1-4262d162dcfb,1.77734031971066e+18
3e62bb71-dc9a-4585-98d1-4262d162dcfb,1.777340319744003e+18
3e62bb71-dc9a-4585-98d1-4262d162dcfb,1.777340319777345e+18
3e62bb71-dc9a-4585-98d1-4262d162dcfb,1.777340319810688e+18
3e62bb71-dc9a-4585-98d1-4262d162dcfb,1.777340319844031e+18
3e62bb71-dc9a-4585-98d1-4262d162dcfb,1.777340319877374e+18
3e62bb71-dc9a-4585-98d1-4262d162dcfb,1.7773403199107162e+18
3e62bb71-dc9a-4585-98d1-4262d162dcfb,1.7773403199440591e+18
3e62bb71-dc9a-4585-98d1-4262d162dcfb,1.777340319977402e+18
3e62bb71-dc9a-4585-98d1-4262d162dcfb,1.777340320010744e+18
3e62bb71-dc9a-4585-98d1-4262d162dcfb,1.777340320044087e+18
3e62bb71-dc9a-4585-98d1-4262d162dcfb,1.77734032007743e+18
3e62bb71-dc9a-4585-98d1-4262d162dcfb,1.777340320110772e+18
3e62bb71-dc9a-4585-98d1-4262d162dcfb,1.777340320144115e+18
3e62bb71-dc9a-4585-98d1-4262d162dcfb,1.7773403201774582e+18
3e62bb71-dc9a-4585-98d1-4262d162dcfb,1.7773403202108e+18
3e62bb71-dc9a-4585-98d1-4262d162dcfb,1.777340320244143e+18
3e62bb71-dc9a-4585-98d1-4262d162dcfb,1.777340320277486e+18
3e62bb71-dc9a-4585-98d1-4262d162dcfb,1.777340320310829e+18
3e62bb71-dc9a-4585-98d1-4262d162dcfb,1.777340320344171e+18
3e62bb71-dc9a-4585-98d1-4262d162dcfb,1.777340320377514e+18
3e62bb71-dc9a-4585-98d1-4262d162dcfb,1.777340320410857e+18
3e62bb71-dc9a-4585-98d1-4262d162dcfb,1.7773403204441992e+18
3e62bb71-dc9a-4585-98d1-4262d162dcfb,1.7773403204775421e+18
3e62bb71-dc9a-4585-98d1-4262d162dcfb,1.777340320510885e+18
3e62bb71-dc9a-4585-98d1-4262d162dcfb,1.777340320544227e+18
3e62bb71-dc9a-4585-98d1-4262d162dcfb,1.77734032057757e+18
3e62bb71-dc9a-4585-98d1-4262d162dcfb,1.777340320610913e+18
3e62bb71-dc9a-4585-98d1-4262d162dcfb,1.777340320644255e+18
3e62bb71-dc9a-4585-98d1-4262d162dcfb,1.777340320677598e+18
3e62bb71-dc9a-4585-98d1-4262d162dcfb,1.7773403207109412e+18
3e62bb71-dc9a-4585-98d1-4262d162dcfb,1.7773403207442842e+18
3e62bb71-dc9a-4585-98d1-4262d162dcfb,1.777340320777626e+18
3e62bb71-dc9a-4585-98d1-4262d162dcfb,1.777340320810969e+18
3e62bb71-dc9a-4585-98d1-4262d162dcfb,1.777340320844312e+18
3e62bb71-dc9a-4585-98d1-4262d162dcfb,1.777340320877654e+18
3e62bb71-dc9a-4585-98d1-4262d162dcfb,1.777340320910997e+18
3e62bb71-dc9a-4585-98d1-4262d162dcfb,1.77734032094434e+18
3e62bb71-dc9a-4585-98d1-4262d162dcfb,1.7773403209776822e+18
3e62bb71-dc9a-4585-98d1-4262d162dcfb,1.7773403210110252e+18
3e62bb71-dc9a-4585-98d1-4262d162dcfb,1.7773403210443681e+18
3e62bb71-dc9a-4585-98d1-4262d162dcfb,1.777340321077711e+18
3e62bb71-dc9a-4585-98d1-4262d162dcfb,1.777340321111053e+18
3e62bb71-dc9a-4585-98d1-4262d162dcfb,1.777340321144396e+18
3e62bb71-dc9a-4585-98d1-4262d162dcfb,1.777340321177739e+18
3e62bb71-dc9a-4585-98d1-4262d162dcfb,1.777340321211081e+18
3e62bb71-dc9a-4585-98d1-4262d162dcfb,1.7773403212444242e+18
3e62bb71-dc9a-4585-98d1-4262d162dcfb,1.7773403212777672e+18
3e62bb71-dc9a-4585-98d1-4262d162dcfb,1.777340321311109e+18
3e62bb71-dc9a-4585-98d1-4262d162dcfb,1.777340321344452e+18
3e62bb71-dc9a-4585-98d1-4262d162dcfb,1.777340321377795e+18
3e62bb71-dc9a-4585-98d1-4262d162dcfb,1.777340321411137e+18
3e62bb71-dc9a-4585-98d1-4262d162dcfb,1.77734032144448e+18
3e62bb71-dc9a-4585-98d1-4262d162dcfb,1.777340321477823e+18
3e62bb71-dc9a-4585-98d1-4262d162dcfb,1.777340321511166e+18
3e62bb71-dc9a-4585-98d1-4262d162dcfb,1.7773403215445082e+18
3e62bb71-dc9a-4585-98d1-4262d162dcfb,1.7773403215778511e+18
3e62bb71-dc9a-4585-98d1-4262d162dcfb,1.777340321611194e+18
3e62bb71-dc9a-4585-98d1-4262d162dcfb,1.777340321644536e+18
3e62bb71-dc9a-4585-98d1-4262d162dcfb,1.777340321677879e+18
3e62bb71-dc9a-4585-98d1-4262d162dcfb,1.777340321711222e+18
3e62bb71-dc9a-4585-98d1-4262d162dcfb,1.777340321744564e+18
3e62bb71-dc9a-4585-98d1-4262d162dcfb,1.777340321777907e+18
3e62bb71-dc9a-4585-98d1-4262d162dcfb,1.7773403218112502e+18
3e62bb71-dc9a-4585-98d1-4262d162dcfb,1.7773403218445932e+18
3e62bb71-dc9a-4585-98d1-4262d162dcfb,1.777340321877935e+18
3e62bb71-dc9a-4585-98d1-4262d162dcfb,1.777340321911278e+18
3e62bb71-dc9a-4585-98d1-4262d162dcfb,1.777340321944621e+18
3e62bb71-dc9a-4585-98d1-4262d162dcfb,1.777340321977963e+18
3e62bb71-dc9a-4585-98d1-4262d162dcfb,1.777340322011306e+18
3e62bb71-dc9a-4585-98d1-4262d162dcfb,1.777340322044649e+18
3e62bb71-dc9a-4585-98d1-4262d162dcfb,1.7773403220779912e+18
3e62bb71-dc9a-4585-98d1-4262d162dcfb,1.7773403221113341e+18
3e62bb71-dc9a-4585-98d1-4262d162dcfb,1.777340322144677e+18
3e62bb71-dc9a-4585-98d1-4262d162dcfb,1.777340322178019e+18
3e62bb71-dc9a-4585-98d1-4262d162dcfb,1.777340322211362e+18
3e62bb71-dc9a-4585-98d1-4262d162dcfb,1.777340322244705e+18
3e62bb71-dc9a-4585-98d1-4262d162dcfb,1.777340322278048e+18
3e62bb71-dc9a-4585-98d1-4262d162dcfb,1.77734032231139e+18
3e62bb71-dc9a-4585-98d1-4262d162dcfb,1.7773403223447332e+18
3e62bb71-dc9a-4585-98d1-4262d162dcfb,1.7773403223780762e+18
3e62bb71-dc9a-4585-98d1-4262d162dcfb,1.777340322411418e+18
3e62bb71-dc9a-4585-98d1-4262d162dcfb,1.777340322444761e+18
3e62bb71-dc9a-4585-98d1-4262d162dcfb,1.777340322478104e+18
3e62bb71-dc9a-4585-98d1-4262d162dcfb,1.777340322511446e+18
3e62bb71-dc9a-4585-98d1-4262d162dcfb,1.777340322544789e+18
3e62bb71-dc9a-4585-98d1-4262d162dcfb,1.777340322578132e+18
3e62bb71-dc9a-4585-98d1-4262d162dcfb,1.777340322611475e+18
3e62bb71-dc9a-4585-98d1-4262d162dcfb,1.7773403226448172e+18
3e62bb71-dc9a-4585-98d1-4262d162dcfb,1.7773403226781601e+18
3e62bb71-dc9a-4585-98d1-4262d162dcfb,1.777340322711503e+18
3e62bb71-dc9a-4585-98d1-4262d162dcfb,1.777340322744845e+18
3e62bb71-dc9a-4585-98d1-4262d162dcfb,1.777340322778188e+18
3e62bb71-dc9a-4585-98d1-4262d162dcfb,1.777340322811531e+18
3e62bb71-dc9a-4585-98d1-4262d162dcfb,1.777340322844873e+18
3e62bb71-dc9a-4585-98d1-4262d162dcfb,1.7773403228782162e+18
3e62bb71-dc9a-4585-98d1-4262d162dcfb,1.7773403229115592e+18
3e62bb71-dc9a-4585-98d1-4262d162dcfb,1.7773403229449021e+18
3e62bb71-dc9a-4585-98d1-4262d162dcfb,1.777340322978244e+18
3e62bb71-dc9a-4585-98d1-4262d162dcfb,1.777340323011587e+18
3e62bb71-dc9a-4585-98d1-4262d162dcfb,1.77734032304493e+18
3e62bb71-dc9a-4585-98d1-4262d162dcfb,1.777340323078272e+18
3e62bb71-dc9a-4585-98d1-4262d162dcfb,1.777340323111615e+18
3e62bb71-dc9a-4585-98d1-4262d162dcfb,1.777340323144958e+18
3e62bb71-dc9a-4585-98d1-4262d162dcfb,1.7773403231783002e+18
3e62bb71-dc9a-4585-98d1-4262d162dcfb,1.7773403232116431e+18
3e62bb71-dc9a-4585-98d1-4262d162dcfb,1.777340323244986e+18
3e62bb71-dc9a-4585-98d1-4262d162dcfb,1.777340323278328e+18
3e62bb71-dc9a-4585-98d1-4262d162dcfb,1.777340323311671e+18
3e62bb71-dc9a-4585-98d1-4262d162dcfb,1.777340323345014e+18
3e62bb71-dc9a-4585-98d1-4262d162dcfb,1.777340323378357e+18
3e62bb71-dc9a-4585-98d1-4262d162dcfb,1.777340323411699e+18
3e62bb71-dc9a-4585-98d1-4262d162dcfb,1.7773403234450422e+18
3e62bb71-dc9a-4585-98d1-4262d162dcfb,1.7773403234783852e+18
3e62bb71-dc9a-4585-98d1-4262d162dcfb,1.777340323511727e+18
3e62bb71-dc9a-4585-98d1-4262d162dcfb,1.77734032354507e+18
3e62bb71-dc9a-4585-98d1-4262d162dcfb,1.777340323578413e+18
3e62bb71-dc9a-4585-98d1-4262d162dcfb,1.777340323611755e+18
3e62bb71-dc9a-4585-98d1-4262d162dcfb,1.777340323645098e+18
3e62bb71-dc9a-4585-98d1-4262d162dcfb,1.777340323678441e+18
3e62bb71-dc9a-4585-98d1-4262d162dcfb,1.7773403237117832e+18
3e62bb71-dc9a-4585-98d1-4262d162dcfb,1.7773403237451261e+18
3e62bb71-dc9a-4585-98d1-4262d162dcfb,1.777340323778469e+18
3e62bb71-dc9a-4585-98d1-4262d162dcfb,1.777340323811812e+18
3e62bb71-dc9a-4585-98d1-4262d162dcfb,1.777340323845154e+18
3e62bb71-dc9a-4585-98d1-4262d162dcfb,1.777340323878497e+18
3e62bb71-dc9a-4585-98d1-4262d162dcfb,1.77734032391184e+18
3e62bb71-dc9a-4585-98d1-4262d162dcfb,1.777340323945182e+18
3e62bb71-dc9a-4585-98d1-4262d162dcfb,1.7773403239785252e+18
3e62bb71-dc9a-4585-98d1-4262d162dcfb,1.7773403240118682e+18
3e62bb71-dc9a-4585-98d1-4262d162dcfb,1.77734032404521e+18
3e62bb71-dc9a-4585-98d1-4262d162dcfb,1.777340324078553e+18
3e62bb71-dc9a-4585-98d1-4262d162dcfb,1.777340324111896e+18
3e62bb71-dc9a-4585-98d1-4262d162dcfb,1.777340324145239e+18
3e62bb71-dc9a-4585-98d1-4262d162dcfb,1.777340324178581e+18
3e62bb71-dc9a-4585-98d1-4262d162dcfb,1.777340324211924e+18
3e62bb71-dc9a-4585-98d1-4262d162dcfb,1.777340324245267e+18
3e62bb71-dc9a-4585-98d1-4262d162dcfb,1.7773403242786092e+18
3e62bb71-dc9a-4585-98d1-4262d162dcfb,1.7773403243119521e+18
3e62bb71-dc9a-4585-98d1-4262d162dcfb,1.777340324345295e+18
3e62bb71-dc9a-4585-98d1-4262d162dcfb,1.777340324378637e+18
3e62bb71-dc9a-4585-98d1-4262d162dcfb,1.77734032441198e+18
3e62bb71-dc9a-4585-98d1-4262d162dcfb,1.777340324445323e+18
3e62bb71-dc9a-4585-98d1-4262d162dcfb,1.777340324478666e+18
3e62bb71-dc9a-4585-98d1-4262d162dcfb,1.7773403245120082e+18
3e62bb71-dc9a-4585-98d1-4262d162dcfb,1.7773403245453512e+18
3e62bb71-dc9a-4585-98d1-4262d162dcfb,1.7773403245786941e+18
3e62bb71-dc9a-4585-98d1-4262d162dcfb,1.777340324612036e+18
3e62bb71-dc9a-4585-98d1-4262d162dcfb,1.777340324645379e+18
3e62bb71-dc9a-4585-98d1-4262d162dcfb,1.777340324678722e+18
3e62bb71-dc9a-4585-98d1-4262d162dcfb,1.777340324712064e+18
3e62bb71-dc9a-4585-98d1-4262d162dcfb,1.777340324745407e+18
3e62bb71-dc9a-4585-98d1-4262d162dcfb,1.77734032477875e+18
3e62bb71-dc9a-4585-98d1-4262d162dcfb,1.7773403248120922e+18
3e62bb71-dc9a-4585-98d1-4262d162dcfb,1.7773403248454351e+18
3e62bb71-dc9a-4585-98d1-4262d162dcfb,1.777340324878778e+18
3e62bb71-dc9a-4585-98d1-4262d162dcfb,1.77734032491212e+18
3e62bb71-dc9a-4585-98d1-4262d162dcfb,1.777340324945463e+18
3e62bb71-dc9a-4585-98d1-4262d162dcfb,1.777340324978806e+18
3e62bb71-dc9a-4585-98d1-4262d162dcfb,1.777340325012149e+18
3e62bb71-dc9a-4585-98d1-4262d162dcfb,1.777340325045491e+18
3e62bb71-dc9a-4585-98d1-4262d162dcfb,1.7773403250788342e+18
3e62bb71-dc9a-4585-98d1-4262d162dcfb,1.7773403251121772e+18
3e62bb71-dc9a-4585-98d1-4262d162dcfb,1.777340325145519e+18
3e62bb71-dc9a-4585-98d1-4262d162dcfb,1.777340325178862e+18
3e62bb71-dc9a-4585-98d1-4262d162dcfb,1.777340325212205e+18
3e62bb71-dc9a-4585-98d1-4262d162dcfb,1.777340325245547e+18
3e62bb71-dc9a-4585-98d1-4262d162dcfb,1.77734032527889e+18
3e62bb71-dc9a-4585-98d1-4262d162dcfb,1.777340325312233e+18
3e62bb71-dc9a-4585-98d1-4262d162dcfb,1.7773403253455762e+18
3e62bb71-dc9a-4585-98d1-4262d162dcfb,1.7773403253789181e+18
3e62bb71-dc9a-4585-98d1-4262d162dcfb,1.777340325412261e+18
3e62bb71-dc9a-4585-98d1-4262d162dcfb,1.777340325445604e+18
3e62bb71-dc9a-4585-98d1-4262d162dcfb,1.777340325478946e+18
3e62bb71-dc9a-4585-98d1-4262d162dcfb,1.777340325512289e+18
3e62bb71-dc9a-4585-98d1-4262d162dcfb,1.777340325545632e+18
3e62bb71-dc9a-4585-98d1-4262d162dcfb,1.777340325578974e+18
3e62bb71-dc9a-4585-98d1-4262d162dcfb,1.7773403256123172e+18
3e62bb71-dc9a-4585-98d1-4262d162dcfb,1.7773403256456602e+18
3e62bb71-dc9a-4585-98d1-4262d162dcfb,1.777340325679002e+18
3e62bb71-dc9a-4585-98d1-4262d162dcfb,1.777340325712345e+18
3e62bb71-dc9a-4585-98d1-4262d162dcfb,1.777340325745688e+18
3e62bb71-dc9a-4585-98d1-4262d162dcfb,1.777340325779031e+18
3e62bb71-dc9a-4585-98d1-4262d162dcfb,1.777340325812373e+18
3e62bb71-dc9a-4585-98d1-4262d162dcfb,1.777340325845716e+18
3e62bb71-dc9a-4585-98d1-4262d162dcfb,1.777340325879059e+18
3e62bb71-dc9a-4585-98d1-4262d162dcfb,1.7773403259124012e+18
3e62bb71-dc9a-4585-98d1-4262d162dcfb,1.7773403259457441e+18
3e62bb71-dc9a-4585-98d1-4262d162dcfb,1.777340325979087e+18
3e62bb71-dc9a-4585-98d1-4262d162dcfb,1.777340326012429e+18
3e62bb71-dc9a-4585-98d1-4262d162dcfb,1.777340326045772e+18
3e62bb71-dc9a-4585-98d1-4262d162dcfb,1.777340326079115e+18
3e62bb71-dc9a-4585-98d1-4262d162dcfb,1.777340326112458e+18
3e62bb71-dc9a-4585-98d1-4262d162dcfb,1.7773403261458002e+18
3e62bb71-dc9a-4585-98d1-4262d162dcfb,1.7773403261791432e+18
3e62bb71-dc9a-4585-98d1-4262d162dcfb,1.7773403262124861e+18
3e62bb71-dc9a-4585-98d1-4262d162dcfb,1.777340326245828e+18
3e62bb71-dc9a-4585-98d1-4262d162dcfb,1.777340326279171e+18
3e62bb71-dc9a-4585-98d1-4262d162dcfb,1.777340326312514e+18
3e62bb71-dc9a-4585-98d1-4262d162dcfb,1.777340326345856e+18
3e62bb71-dc9a-4585-98d1-4262d162dcfb,1.777340326379199e+18
3e62bb71-dc9a-4585-98d1-4262d162dcfb,1.777340326412542e+18
3e62bb71-dc9a-4585-98d1-4262d162dcfb,1.7773403264458852e+18
3e62bb71-dc9a-4585-98d1-4262d162dcfb,1.7773403264792271e+18
3e62bb71-dc9a-4585-98d1-4262d162dcfb,1.77734032651257e+18
3e62bb71-dc9a-4585-98d1-4262d162dcfb,1.777340326545913e+18
3e62bb71-dc9a-4585-98d1-4262d162dcfb,1.777340326579255e+18
3e62bb71-dc9a-4585-98d1-4262d162dcfb,1.777340326612598e+18
3e62bb71-dc9a-4585-98d1-4262d162dcfb,1.777340326645941e+18
3e62bb71-dc9a-4585-98d1-4262d162dcfb,1.777340326679283e+18
3e62bb71-dc9a-4585-98d1-4262d162dcfb,1.7773403267126262e+18
3e62bb71-dc9a-4585-98d1-4262d162dcfb,1.7773403267459692e+18
3e62bb71-dc9a-4585-98d1-4262d162dcfb,1.777340326779311e+18
3e62bb71-dc9a-4585-98d1-4262d162dcfb,1.777340326812654e+18
3e62bb71-dc9a-4585-98d1-4262d162dcfb,1.777340326845997e+18
3e62bb71-dc9a-4585-98d1-4262d162dcfb,1.77734032687934e+18
3e62bb71-dc9a-4585-98d1-4262d162dcfb,1.777340326912682e+18
3e62bb71-dc9a-4585-98d1-4262d162dcfb,1.777340326946025e+18
3e62bb71-dc9a-4585-98d1-4262d162dcfb,1.7773403269793682e+18
3e62bb71-dc9a-4585-98d1-4262d162dcfb,1.7773403270127101e+18
3e62bb71-dc9a-4585-98d1-4262d162dcfb,1.777340327046053e+18
3e62bb71-dc9a-4585-98d1-4262d162dcfb,1.777340327079396e+18
3e62bb71-dc9a-4585-98d1-4262d162dcfb,1.777340327112738e+18
3e62bb71-dc9a-4585-98d1-4262d162dcfb,1.777340327146081e+18
3e62bb71-dc9a-4585-98d1-4262d162dcfb,1.777340327179424e+18
3e62bb71-dc9a-4585-98d1-4262d162dcfb,1.777340327212767e+18
3e62bb71-dc9a-4585-98d1-4262d162dcfb,1.7773403272461092e+18
3e62bb71-dc9a-4585-98d1-4262d162dcfb,1.7773403272794522e+18
3e62bb71-dc9a-4585-98d1-4262d162dcfb,1.7773403273127951e+18
3e62bb71-dc9a-4585-98d1-4262d162dcfb,1.777340327346137e+18
3e62bb71-dc9a-4585-98d1-4262d162dcfb,1.77734032737948e+18
3e62bb71-dc9a-4585-98d1-4262d162dcfb,1.777340327412823e+18
3e62bb71-dc9a-4585-98d1-4262d162dcfb,1.777340327446165e+18
3e62bb71-dc9a-4585-98d1-4262d162dcfb,1.777340327479508e+18
3e62bb71-dc9a-4585-98d1-4262d162dcfb,1.777340327512851e+18
3e62bb71-dc9a-4585-98d1-4262d162dcfb,1.7773403275461932e+18
3e62bb71-dc9a-4585-98d1-4262d162dcfb,1.7773403275795361e+18
3e62bb71-dc9a-4585-98d1-4262d162dcfb,1.777340327612879e+18
3e62bb71-dc9a-4585-98d1-4262d162dcfb,1.777340327646222e+18
3e62bb71-dc9a-4585-98d1-4262d162dcfb,1.777340327679564e+18
3e62bb71-dc9a-4585-98d1-4262d162dcfb,1.777340327712907e+18
3e62bb71-dc9a-4585-98d1-4262d162dcfb,1.77734032774625e+18
3e62bb71-dc9a-4585-98d1-4262d162dcfb,1.7773403277795922e+18
3e62bb71-dc9a-4585-98d1-4262d162dcfb,1.7773403278129352e+18
3e62bb71-dc9a-4585-98d1-4262d162dcfb,1.7773403278462781e+18
3e62bb71-dc9a-4585-98d1-4262d162dcfb,1.77734032787962e+18
3e62bb71-dc9a-4585-98d1-4262d162dcfb,1.777340327912963e+18
3e62bb71-dc9a-4585-98d1-4262d162dcfb,1.777340327946306e+18
3e62bb71-dc9a-4585-98d1-4262d162dcfb,1.777340327979648e+18
3e62bb71-dc9a-4585-98d1-4262d162dcfb,1.777340328012991e+18
3e62bb71-dc9a-4585-98d1-4262d162dcfb,1.777340328046334e+18
3e62bb71-dc9a-4585-98d1-4262d162dcfb,1.7773403280796772e+18
3e62bb71-dc9a-4585-98d1-4262d162dcfb,1.7773403281130191e+18
3e62bb71-dc9a-4585-98d1-4262d162dcfb,1.777340328146362e+18
3e62bb71-dc9a-4585-98d1-4262d162dcfb,1.777340328179705e+18
3e62bb71-dc9a-4585-98d1-4262d162dcfb,1.777340328213047e+18
3e62bb71-dc9a-4585-98d1-4262d162dcfb,1.77734032824639e+18
3e62bb71-dc9a-4585-98d1-4262d162dcfb,1.777340328279733e+18
3e62bb71-dc9a-4585-98d1-4262d162dcfb,1.777340328313075e+18
3e62bb71-dc9a-4585-98d1-4262d162dcfb,1.7773403283464182e+18
3e62bb71-dc9a-4585-98d1-4262d162dcfb,1.7773403283797612e+18
3e62bb71-dc9a-4585-98d1-4262d162dcfb,1.777340328413104e+18
3e62bb71-dc9a-4585-98d1-4262d162dcfb,1.777340328446446e+18
3e62bb71-dc9a-4585-98d1-4262d162dcfb,1.777340328479789e+18
3e62bb71-dc9a-4585-98d1-4262d162dcfb,1.777340328513132e+18
3e62bb71-dc9a-4585-98d1-4262d162dcfb,1.777340328546474e+18
3e62bb71-dc9a-4585-98d1-4262d162dcfb,1.777340328579817e+18
3e62bb71-dc9a-4585-98d1-4262d162dcfb,1.7773403286131602e+18
3e62bb71-dc9a-4585-98d1-4262d162dcfb,1.7773403286465021e+18
3e62bb71-dc9a-4585-98d1-4262d162dcfb,1.777340328679845e+18
3e62bb71-dc9a-4585-98d1-4262d162dcfb,1.777340328713188e+18
3e62bb71-dc9a-4585-98d1-4262d162dcfb,1.77734032874653e+18
3e62bb71-dc9a-4585-98d1-4262d162dcfb,1.777340328779873e+18
3e62bb71-dc9a-4585-98d1-4262d162dcfb,1.777340328813216e+18
3e62bb71-dc9a-4585-98d1-4262d162dcfb,1.777340328846559e+18
3e62bb71-dc9a-4585-98d1-4262d162dcfb,1.7773403288799012e+18
3e62bb71-dc9a-4585-98d1-4262d162dcfb,1.7773403289132442e+18
3e62bb71-dc9a-4585-98d1-4262d162dcfb,1.7773403289465871e+18
3e62bb71-dc9a-4585-98d1-4262d162dcfb,1.777340328979929e+18
3e62bb71-dc9a-4585-98d1-4262d162dcfb,1.777340329013272e+18
3e62bb71-dc9a-4585-98d1-4262d162dcfb,1.777340329046615e+18
3e62bb71-dc9a-4585-98d1-4262d162dcfb,1.777340329079957e+18
3e62bb71-dc9a-4585-98d1-4262d162dcfb,1.7773403291133e+18
3e62bb71-dc9a-4585-98d1-4262d162dcfb,1.777340329146643e+18
3e62bb71-dc9a-4585-98d1-4262d162dcfb,1.7773403291799862e+18
3e62bb71-dc9a-4585-98d1-4262d162dcfb,1.7773403292133281e+18
3e62bb71-dc9a-4585-98d1-4262d162dcfb,1.777340329246671e+18
3e62bb71-dc9a-4585-98d1-4262d162dcfb,1.777340329280014e+18
3e62bb71-dc9a-4585-98d1-4262d162dcfb,1.777340329313356e+18
3e62bb71-dc9a-4585-98d1-4262d162dcfb,1.777340329346699e+18
3e62bb71-dc9a-4585-98d1-4262d162dcfb,1.777340329380042e+18
3e62bb71-dc9a-4585-98d1-4262d162dcfb,1.7773403294133842e+18
3e62bb71-dc9a-4585-98d1-4262d162dcfb,1.7773403294467272e+18
3e62bb71-dc9a-4585-98d1-4262d162dcfb,1.7773403294800701e+18
3e62bb71-dc9a-4585-98d1-4262d162dcfb,1.777340329513412e+18
3e62bb71-dc9a-4585-98d1-4262d162dcfb,1.777340329546755e+18
3e62bb71-dc9a-4585-98d1-4262d162dcfb,1.777340329580098e+18
3e62bb71-dc9a-4585-98d1-4262d162dcfb,1.777340329613441e+18
3e62bb71-dc9a-4585-98d1-4262d162dcfb,1.777340329646783e+18
3e62bb71-dc9a-4585-98d1-4262d162dcfb,1.777340329680126e+18
3e62bb71-dc9a-4585-98d1-4262d162dcfb,1.7773403297134692e+18
3e62bb71-dc9a-4585-98d1-4262d162dcfb,1.7773403297468111e+18
3e62bb71-dc9a-4585-98d1-4262d162dcfb,1.777340329780154e+18
3e62bb71-dc9a-4585-98d1-4262d162dcfb,1.777340329813497e+18
3e62bb71-dc9a-4585-98d1-4262d162dcfb,1.777340329846839e+18
3e62bb71-dc9a-4585-98d1-4262d162dcfb,1.777340329880182e+18
3e62bb71-dc9a-4585-98d1-4262d162dcfb,1.777340329913525e+18
3e62bb71-dc9a-4585-98d1-4262d162dcfb,1.777340329946868e+18
3e62bb71-dc9a-4585-98d1-4262d162dcfb,1.7773403299802102e+18
3e62bb71-dc9a-4585-98d1-4262d162dcfb,1.7773403300135532e+18
3e62bb71-dc9a-4585-98d1-4262d162dcfb,1.777340330046896e+18
3e62bb71-dc9a-4585-98d1-4262d162dcfb,1.777340330080238e+18
3e62bb71-dc9a-4585-98d1-4262d162dcfb,1.777340330113581e+18
3e62bb71-dc9a-4585-98d1-4262d162dcfb,1.777340330146924e+18
3e62bb71-dc9a-4585-98d1-4262d162dcfb,1.777340330180266e+18
3e62bb71-dc9a-4585-98d1-4262d162dcfb,1.777340330213609e+18
3e62bb71-dc9a-4585-98d1-4262d162dcfb,1.7773403302469522e+18
3e62bb71-dc9a-4585-98d1-4262d162dcfb,1.7773403302802952e+18
3e62bb71-dc9a-4585-98d1-4262d162dcfb,1.777340330313637e+18
3e62bb71-dc9a-4585-98d1-4262d162dcfb,1.77734033034698e+18
3e62bb71-dc9a-4585-98d1-4262d162dcfb,1.777340330380323e+18
3e62bb71-dc9a-4585-98d1-4262d162dcfb,1.777340330413665e+18
3e62bb71-dc9a-4585-98d1-4262d162dcfb,1.777340330447008e+18
3e62bb71-dc9a-4585-98d1-4262d162dcfb,1.777340330480351e+18
3e62bb71-dc9a-4585-98d1-4262d162dcfb,1.7773403305136932e+18
3e62bb71-dc9a-4585-98d1-4262d162dcfb,1.7773403305470362e+18
3e62bb71-dc9a-4585-98d1-4262d162dcfb,1.7773403305803791e+18
3e62bb71-dc9a-4585-98d1-4262d162dcfb,1.777340330613721e+18
3e62bb71-dc9a-4585-98d1-4262d162dcfb,1.777340330647064e+18
3e62bb71-dc9a-4585-98d1-4262d162dcfb,1.777340330680407e+18
3e62bb71-dc9a-4585-98d1-4262d162dcfb,1.77734033071375e+18
3e62bb71-dc9a-4585-98d1-4262d162dcfb,1.777340330747092e+18
3e62bb71-dc9a-4585-98d1-4262d162dcfb,1.777340330780435e+18
3e62bb71-dc9a-4585-98d1-4262d162dcfb,1.7773403308137782e+18
3e62bb71-dc9a-4585-98d1-4262d162dcfb,1.7773403308471201e+18
3e62bb71-dc9a-4585-98d1-4262d162dcfb,1.777340330880463e+18
3e62bb71-dc9a-4585-98d1-4262d162dcfb,1.777340330913806e+18
3e62bb71-dc9a-4585-98d1-4262d162dcfb,1.777340330947148e+18
3e62bb71-dc9a-4585-98d1-4262d162dcfb,1.777340330980491e+18
3e62bb71-dc9a-4585-98d1-4262d162dcfb,1.777340331013834e+18
3e62bb71-dc9a-4585-98d1-4262d162dcfb,1.7773403310471762e+18
3e62bb71-dc9a-4585-98d1-4262d162dcfb,1.7773403310805192e+18
3e62bb71-dc9a-4585-98d1-4262d162dcfb,1.7773403311138621e+18
3e62bb71-dc9a-4585-98d1-4262d162dcfb,1.777340331147205e+18
3e62bb71-dc9a-4585-98d1-4262d162dcfb,1.777340331180547e+18
3e62bb71-dc9a-4585-98d1-4262d162dcfb,1.77734033121389e+18
3e62bb71-dc9a-4585-98d1-4262d162dcfb,1.777340331247233e+18
3e62bb71-dc9a-4585-98d1-4262d162dcfb,1.777340331280575e+18
3e62bb71-dc9a-4585-98d1-4262d162dcfb,1.777340331313918e+18
3e62bb71-dc9a-4585-98d1-4262d162dcfb,1.7773403313472612e+18
3e62bb71-dc9a-4585-98d1-4262d162dcfb,1.7773403313806031e+18
3e62bb71-dc9a-4585-98d1-4262d162dcfb,1.777340331413946e+18
3e62bb71-dc9a-4585-98d1-4262d162dcfb,1.777340331447289e+18
3e62bb71-dc9a-4585-98d1-4262d162dcfb,1.777340331480632e+18
3e62bb71-dc9a-4585-98d1-4262d162dcfb,1.777340331513974e+18
3e62bb71-dc9a-4585-98d1-4262d162dcfb,1.777340331547317e+18
3e62bb71-dc9a-4585-98d1-4262d162dcfb,1.77734033158066e+18
3e62bb71-dc9a-4585-98d1-4262d162dcfb,1.7773403316140022e+18
3e62bb71-dc9a-4585-98d1-4262d162dcfb,1.7773403316473452e+18
3e62bb71-dc9a-4585-98d1-4262d162dcfb,1.777340331680688e+18
3e62bb71-dc9a-4585-98d1-4262d162dcfb,1.77734033171403e+18
3e62bb71-dc9a-4585-98d1-4262d162dcfb,1.777340331747373e+18
3e62bb71-dc9a-4585-98d1-4262d162dcfb,1.777340331780716e+18
3e62bb71-dc9a-4585-98d1-4262d162dcfb,1.777340331814059e+18
3e62bb71-dc9a-4585-98d1-4262d162dcfb,1.777340331847401e+18
3e62bb71-dc9a-4585-98d1-4262d162dcfb,1.7773403318807442e+18
3e62bb71-dc9a-4585-98d1-4262d162dcfb,1.7773403319140872e+18
3e62bb71-dc9a-4585-98d1-4262d162dcfb,1.777340331947429e+18
3e62bb71-dc9a-4585-98d1-4262d162dcfb,1.777340331980772e+18
3e62bb71-dc9a-4585-98d1-4262d162dcfb,1.777340332014115e+18
3e62bb71-dc9a-4585-98d1-4262d162dcfb,1.777340332047457e+18
3e62bb71-dc9a-4585-98d1-4262d162dcfb,1.7773403320808e+18
3e62bb71-dc9a-4585-98d1-4262d162dcfb,1.777340332114143e+18
3e62bb71-dc9a-4585-98d1-4262d162dcfb,1.7773403321474852e+18
3e62bb71-dc9a-4585-98d1-4262d162dcfb,1.7773403321808282e+18
3e62bb71-dc9a-4585-98d1-4262d162dcfb,1.7773403322141711e+18
3e62bb71-dc9a-4585-98d1-4262d162dcfb,1.777340332247513e+18
3e62bb71-dc9a-4585-98d1-4262d162dcfb,1.777340332280856e+18
3e62bb71-dc9a-4585-98d1-4262d162dcfb,1.777340332314199e+18
3e62bb71-dc9a-4585-98d1-4262d162dcfb,1.777340332347542e+18
3e62bb71-dc9a-4585-98d1-4262d162dcfb,1.777340332380884e+18
3e62bb71-dc9a-4585-98d1-4262d162dcfb,1.777340332414227e+18
3e62bb71-dc9a-4585-98d1-4262d162dcfb,1.7773403324475702e+18
3e62bb71-dc9a-4585-98d1-4262d162dcfb,1.7773403324809121e+18
3e62bb71-dc9a-4585-98d1-4262d162dcfb,1.777340332514255e+18
3e62bb71-dc9a-4585-98d1-4262d162dcfb,1.777340332547598e+18
3e62bb71-dc9a-4585-98d1-4262d162dcfb,1.77734033258094e+18
3e62bb71-dc9a-4585-98d1-4262d162dcfb,1.777340332614283e+18
3e62bb71-dc9a-4585-98d1-4262d162dcfb,1.777340332647626e+18
3e62bb71-dc9a-4585-98d1-4262d162dcfb,1.777340332680969e+18
3e62bb71-dc9a-4585-98d1-4262d162dcfb,1.7773403327143112e+18
3e62bb71-dc9a-4585-98d1-4262d162dcfb,1.7773403327476541e+18
3e62bb71-dc9a-4585-98d1-4262d162dcfb,1.777340332780997e+18
3e62bb71-dc9a-4585-98d1-4262d162dcfb,1.777340332814339e+18
3e62bb71-dc9a-4585-98d1-4262d162dcfb,1.777340332847682e+18
3e62bb71-dc9a-4585-98d1-4262d162dcfb,1.777340332881025e+18
3e62bb71-dc9a-4585-98d1-4262d162dcfb,1.777340332914367e+18
3e62bb71-dc9a-4585-98d1-4262d162dcfb,1.77734033294771e+18
3e62bb71-dc9a-4585-98d1-4262d162dcfb,1.7773403329810532e+18
3e62bb71-dc9a-4585-98d1-4262d162dcfb,1.7773403330143951e+18
3e62bb71-dc9a-4585-98d1-4262d162dcfb,1.777340333047738e+18
3e62bb71-dc9a-4585-98d1-4262d162dcfb,1.777340333081081e+18
3e62bb71-dc9a-4585-98d1-4262d162dcfb,1.777340333114424e+18
3e62bb71-dc9a-4585-98d1-4262d162dcfb,1.777340333147766e+18
