recording id,timestamp [ns]
62f2b5ab-3ebc-4eca-9b65-e763c3a26ea1,1.7773437332359944e+18
62f2b5ab-3ebc-4eca-9b65-e763c3a26ea1,1.7773437332693276e+18
62f2b5ab-3ebc-4eca-9b65-e763c3a26ea1,1.7773437333026609e+18
62f2b5ab-3ebc-4eca-9b65-e763c3a26ea1,1.777343733335994e+18
62f2b5ab-3ebc-4eca-9b65-e763c3a26ea1,1.7773437333693274e+18
62f2b5ab-3ebc-4eca-9b65-e763c3a26ea1,1.7773437334026606e+18
62f2b5ab-3ebc-4eca-9b65-e763c3a26ea1,1.7773437334359939e+18
62f2b5ab-3ebc-4eca-9b65-e763c3a26ea1,1.777343733469327e+18
62f2b5ab-3ebc-4eca-9b65-e763c3a26ea1,1.7773437335026604e+18
62f2b5ab-3ebc-4eca-9b65-e763c3a26ea1,1.7773437335359936e+18
62f2b5ab-3ebc-4eca-9b65-e763c3a26ea1,1.7773437335693268e+18
62f2b5ab-3ebc-4eca-9b65-e763c3a26ea1,1.77734373360266e+18
62f2b5ab-3ebc-4eca-9b65-e763c3a26ea1,1.7773437336359933e+18
62f2b5ab-3ebc-4eca-9b65-e763c3a26ea1,1.7773437336693266e+18
62f2b5ab-3ebc-4eca-9b65-e763c3a26ea1,1.7773437337026598e+18
62f2b5ab-3ebc-4eca-9b65-e763c3a26ea1,1.777343733735993e+18
62f2b5ab-3ebc-4eca-9b65-e763c3a26ea1,1.7773437337693263e+18
62f2b5ab-3ebc-4eca-9b65-e763c3a26ea1,1.7773437338026596e+18
62f2b5ab-3ebc-4eca-9b65-e763c3a26ea1,1.7773437338199626e+18
62f2b5ab-3ebc-4eca-9b65-e763c3a26ea1,1.7773437338325906e+18
62f2b5ab-3ebc-4eca-9b65-e763c3a26ea1,1.7773437338659336e+18
62f2b5ab-3ebc-4eca-9b65-e763c3a26ea1,1.7773437338992755e+18
62f2b5ab-3ebc-4eca-9b65-e763c3a26ea1,1.7773437339326185e+18
62f2b5ab-3ebc-4eca-9b65-e763c3a26ea1,1.7773437339659607e+18
62f2b5ab-3ebc-4eca-9b65-e763c3a26ea1,1.7773437339993027e+18
62f2b5ab-3ebc-4eca-9b65-e763c3a26ea1,1.7773437340326456e+18
62f2b5ab-3ebc-4eca-9b65-e763c3a26ea1,1.7773437340659876e+18
62f2b5ab-3ebc-4eca-9b65-e763c3a26ea1,1.7773437340993306e+18
62f2b5ab-3ebc-4eca-9b65-e763c3a26ea1,1.7773437341326725e+18
62f2b5ab-3ebc-4eca-9b65-e763c3a26ea1,1.7773437341660155e+18
62f2b5ab-3ebc-4eca-9b65-e763c3a26ea1,1.7773437341993577e+18
62f2b5ab-3ebc-4eca-9b65-e763c3a26ea1,1.7773437342327007e+18
62f2b5ab-3ebc-4eca-9b65-e763c3a26ea1,1.7773437342660426e+18
62f2b5ab-3ebc-4eca-9b65-e763c3a26ea1,1.7773437342993846e+18
62f2b5ab-3ebc-4eca-9b65-e763c3a26ea1,1.7773437343327276e+18
62f2b5ab-3ebc-4eca-9b65-e763c3a26ea1,1.7773437343660695e+18
62f2b5ab-3ebc-4eca-9b65-e763c3a26ea1,1.7773437343994125e+18
62f2b5ab-3ebc-4eca-9b65-e763c3a26ea1,1.7773437344327547e+18
62f2b5ab-3ebc-4eca-9b65-e763c3a26ea1,1.7773437344660977e+18
62f2b5ab-3ebc-4eca-9b65-e763c3a26ea1,1.7773437344994396e+18
62f2b5ab-3ebc-4eca-9b65-e763c3a26ea1,1.7773437345327826e+18
62f2b5ab-3ebc-4eca-9b65-e763c3a26ea1,1.7773437345661245e+18
62f2b5ab-3ebc-4eca-9b65-e763c3a26ea1,1.7773437345994675e+18
62f2b5ab-3ebc-4eca-9b65-e763c3a26ea1,1.7773437346328097e+18
62f2b5ab-3ebc-4eca-9b65-e763c3a26ea1,1.7773437346661517e+18
62f2b5ab-3ebc-4eca-9b65-e763c3a26ea1,1.7773437346994947e+18
62f2b5ab-3ebc-4eca-9b65-e763c3a26ea1,1.7773437347328366e+18
62f2b5ab-3ebc-4eca-9b65-e763c3a26ea1,1.7773437347661796e+18
62f2b5ab-3ebc-4eca-9b65-e763c3a26ea1,1.7773437347995215e+18
62f2b5ab-3ebc-4eca-9b65-e763c3a26ea1,1.7773437348328645e+18
62f2b5ab-3ebc-4eca-9b65-e763c3a26ea1,1.7773437348662067e+18
62f2b5ab-3ebc-4eca-9b65-e763c3a26ea1,1.7773437348995497e+18
62f2b5ab-3ebc-4eca-9b65-e763c3a26ea1,1.7773437349328916e+18
62f2b5ab-3ebc-4eca-9b65-e763c3a26ea1,1.7773437349662336e+18
62f2b5ab-3ebc-4eca-9b65-e763c3a26ea1,1.7773437349995766e+18
62f2b5ab-3ebc-4eca-9b65-e763c3a26ea1,1.7773437350329185e+18
62f2b5ab-3ebc-4eca-9b65-e763c3a26ea1,1.7773437350662615e+18
62f2b5ab-3ebc-4eca-9b65-e763c3a26ea1,1.7773437350996037e+18
62f2b5ab-3ebc-4eca-9b65-e763c3a26ea1,1.7773437351329467e+18
62f2b5ab-3ebc-4eca-9b65-e763c3a26ea1,1.7773437351662886e+18
62f2b5ab-3ebc-4eca-9b65-e763c3a26ea1,1.7773437351996316e+18
62f2b5ab-3ebc-4eca-9b65-e763c3a26ea1,1.7773437352329736e+18
62f2b5ab-3ebc-4eca-9b65-e763c3a26ea1,1.7773437352663155e+18
62f2b5ab-3ebc-4eca-9b65-e763c3a26ea1,1.7773437352996585e+18
62f2b5ab-3ebc-4eca-9b65-e763c3a26ea1,1.7773437353330007e+18
62f2b5ab-3ebc-4eca-9b65-e763c3a26ea1,1.7773437353663437e+18
62f2b5ab-3ebc-4eca-9b65-e763c3a26ea1,1.7773437353996856e+18
62f2b5ab-3ebc-4eca-9b65-e763c3a26ea1,1.7773437354330286e+18
62f2b5ab-3ebc-4eca-9b65-e763c3a26ea1,1.7773437354663706e+18
62f2b5ab-3ebc-4eca-9b65-e763c3a26ea1,1.7773437354997135e+18
62f2b5ab-3ebc-4eca-9b65-e763c3a26ea1,1.7773437355330555e+18
62f2b5ab-3ebc-4eca-9b65-e763c3a26ea1,1.7773437355663977e+18
62f2b5ab-3ebc-4eca-9b65-e763c3a26ea1,1.7773437355997407e+18
62f2b5ab-3ebc-4eca-9b65-e763c3a26ea1,1.7773437356330826e+18
62f2b5ab-3ebc-4eca-9b65-e763c3a26ea1,1.7773437356664256e+18
62f2b5ab-3ebc-4eca-9b65-e763c3a26ea1,1.7773437356997676e+18
62f2b5ab-3ebc-4eca-9b65-e763c3a26ea1,1.7773437357331105e+18
62f2b5ab-3ebc-4eca-9b65-e763c3a26ea1,1.7773437357664525e+18
62f2b5ab-3ebc-4eca-9b65-e763c3a26ea1,1.7773437357997957e+18
62f2b5ab-3ebc-4eca-9b65-e763c3a26ea1,1.7773437358331377e+18
62f2b5ab-3ebc-4eca-9b65-e763c3a26ea1,1.7773437358664796e+18
62f2b5ab-3ebc-4eca-9b65-e763c3a26ea1,1.7773437358998226e+18
62f2b5ab-3ebc-4eca-9b65-e763c3a26ea1,1.7773437359331645e+18
62f2b5ab-3ebc-4eca-9b65-e763c3a26ea1,1.7773437359665075e+18
62f2b5ab-3ebc-4eca-9b65-e763c3a26ea1,1.7773437359998497e+18
62f2b5ab-3ebc-4eca-9b65-e763c3a26ea1,1.7773437360331927e+18
62f2b5ab-3ebc-4eca-9b65-e763c3a26ea1,1.7773437360665347e+18
62f2b5ab-3ebc-4eca-9b65-e763c3a26ea1,1.7773437360998776e+18
62f2b5ab-3ebc-4eca-9b65-e763c3a26ea1,1.7773437361332196e+18
62f2b5ab-3ebc-4eca-9b65-e763c3a26ea1,1.7773437361665615e+18
62f2b5ab-3ebc-4eca-9b65-e763c3a26ea1,1.7773437361999045e+18
62f2b5ab-3ebc-4eca-9b65-e763c3a26ea1,1.7773437362332467e+18
62f2b5ab-3ebc-4eca-9b65-e763c3a26ea1,1.7773437362665897e+18
62f2b5ab-3ebc-4eca-9b65-e763c3a26ea1,1.7773437362999316e+18
62f2b5ab-3ebc-4eca-9b65-e763c3a26ea1,1.7773437363332746e+18
62f2b5ab-3ebc-4eca-9b65-e763c3a26ea1,1.7773437363666166e+18
62f2b5ab-3ebc-4eca-9b65-e763c3a26ea1,1.7773437363999596e+18
62f2b5ab-3ebc-4eca-9b65-e763c3a26ea1,1.7773437364333015e+18
62f2b5ab-3ebc-4eca-9b65-e763c3a26ea1,1.7773437364666445e+18
62f2b5ab-3ebc-4eca-9b65-e763c3a26ea1,1.7773437364999867e+18
62f2b5ab-3ebc-4eca-9b65-e763c3a26ea1,1.7773437365333286e+18
62f2b5ab-3ebc-4eca-9b65-e763c3a26ea1,1.7773437365666716e+18
62f2b5ab-3ebc-4eca-9b65-e763c3a26ea1,1.7773437366000136e+18
62f2b5ab-3ebc-4eca-9b65-e763c3a26ea1,1.7773437366333565e+18
62f2b5ab-3ebc-4eca-9b65-e763c3a26ea1,1.7773437366666985e+18
62f2b5ab-3ebc-4eca-9b65-e763c3a26ea1,1.7773437367000417e+18
62f2b5ab-3ebc-4eca-9b65-e763c3a26ea1,1.7773437367333837e+18
62f2b5ab-3ebc-4eca-9b65-e763c3a26ea1,1.7773437367667267e+18
62f2b5ab-3ebc-4eca-9b65-e763c3a26ea1,1.7773437368000686e+18
62f2b5ab-3ebc-4eca-9b65-e763c3a26ea1,1.7773437368334106e+18
62f2b5ab-3ebc-4eca-9b65-e763c3a26ea1,1.7773437368667535e+18
62f2b5ab-3ebc-4eca-9b65-e763c3a26ea1,1.7773437369000955e+18
62f2b5ab-3ebc-4eca-9b65-e763c3a26ea1,1.7773437369334387e+18
62f2b5ab-3ebc-4eca-9b65-e763c3a26ea1,1.7773437369667807e+18
62f2b5ab-3ebc-4eca-9b65-e763c3a26ea1,1.7773437370001236e+18
62f2b5ab-3ebc-4eca-9b65-e763c3a26ea1,1.7773437370334656e+18
62f2b5ab-3ebc-4eca-9b65-e763c3a26ea1,1.7773437370668086e+18
62f2b5ab-3ebc-4eca-9b65-e763c3a26ea1,1.7773437371001505e+18
62f2b5ab-3ebc-4eca-9b65-e763c3a26ea1,1.7773437371334925e+18
62f2b5ab-3ebc-4eca-9b65-e763c3a26ea1,1.7773437371668357e+18
62f2b5ab-3ebc-4eca-9b65-e763c3a26ea1,1.7773437372001777e+18
62f2b5ab-3ebc-4eca-9b65-e763c3a26ea1,1.7773437372335206e+18
62f2b5ab-3ebc-4eca-9b65-e763c3a26ea1,1.7773437372668626e+18
62f2b5ab-3ebc-4eca-9b65-e763c3a26ea1,1.7773437373002056e+18
62f2b5ab-3ebc-4eca-9b65-e763c3a26ea1,1.7773437373335475e+18
62f2b5ab-3ebc-4eca-9b65-e763c3a26ea1,1.7773437373668905e+18
62f2b5ab-3ebc-4eca-9b65-e763c3a26ea1,1.7773437374002327e+18
62f2b5ab-3ebc-4eca-9b65-e763c3a26ea1,1.7773437374335747e+18
62f2b5ab-3ebc-4eca-9b65-e763c3a26ea1,1.7773437374669176e+18
62f2b5ab-3ebc-4eca-9b65-e763c3a26ea1,1.7773437375002596e+18
62f2b5ab-3ebc-4eca-9b65-e763c3a26ea1,1.7773437375336026e+18
62f2b5ab-3ebc-4eca-9b65-e763c3a26ea1,1.7773437375669445e+18
62f2b5ab-3ebc-4eca-9b65-e763c3a26ea1,1.7773437376002875e+18
62f2b5ab-3ebc-4eca-9b65-e763c3a26ea1,1.7773437376336297e+18
62f2b5ab-3ebc-4eca-9b65-e763c3a26ea1,1.7773437376669727e+18
62f2b5ab-3ebc-4eca-9b65-e763c3a26ea1,1.7773437377003146e+18
62f2b5ab-3ebc-4eca-9b65-e763c3a26ea1,1.7773437377336566e+18
62f2b5ab-3ebc-4eca-9b65-e763c3a26ea1,1.7773437377669996e+18
62f2b5ab-3ebc-4eca-9b65-e763c3a26ea1,1.7773437378003415e+18
62f2b5ab-3ebc-4eca-9b65-e763c3a26ea1,1.7773437378336845e+18
62f2b5ab-3ebc-4eca-9b65-e763c3a26ea1,1.7773437378670267e+18
62f2b5ab-3ebc-4eca-9b65-e763c3a26ea1,1.7773437379003697e+18
62f2b5ab-3ebc-4eca-9b65-e763c3a26ea1,1.7773437379337116e+18
62f2b5ab-3ebc-4eca-9b65-e763c3a26ea1,1.7773437379670546e+18
62f2b5ab-3ebc-4eca-9b65-e763c3a26ea1,1.7773437380003965e+18
62f2b5ab-3ebc-4eca-9b65-e763c3a26ea1,1.7773437380337385e+18
62f2b5ab-3ebc-4eca-9b65-e763c3a26ea1,1.7773437380670817e+18
62f2b5ab-3ebc-4eca-9b65-e763c3a26ea1,1.7773437381004237e+18
62f2b5ab-3ebc-4eca-9b65-e763c3a26ea1,1.7773437381337667e+18
62f2b5ab-3ebc-4eca-9b65-e763c3a26ea1,1.7773437381671086e+18
62f2b5ab-3ebc-4eca-9b65-e763c3a26ea1,1.7773437382004516e+18
62f2b5ab-3ebc-4eca-9b65-e763c3a26ea1,1.7773437382337935e+18
62f2b5ab-3ebc-4eca-9b65-e763c3a26ea1,1.7773437382671365e+18
62f2b5ab-3ebc-4eca-9b65-e763c3a26ea1,1.7773437383004787e+18
62f2b5ab-3ebc-4eca-9b65-e763c3a26ea1,1.7773437383338217e+18
62f2b5ab-3ebc-4eca-9b65-e763c3a26ea1,1.7773437383671636e+18
62f2b5ab-3ebc-4eca-9b65-e763c3a26ea1,1.7773437384005056e+18
62f2b5ab-3ebc-4eca-9b65-e763c3a26ea1,1.7773437384338486e+18
62f2b5ab-3ebc-4eca-9b65-e763c3a26ea1,1.7773437384671905e+18
62f2b5ab-3ebc-4eca-9b65-e763c3a26ea1,1.7773437385005335e+18
62f2b5ab-3ebc-4eca-9b65-e763c3a26ea1,1.7773437385338757e+18
62f2b5ab-3ebc-4eca-9b65-e763c3a26ea1,1.7773437385672187e+18
62f2b5ab-3ebc-4eca-9b65-e763c3a26ea1,1.7773437386005606e+18
62f2b5ab-3ebc-4eca-9b65-e763c3a26ea1,1.7773437386339036e+18
62f2b5ab-3ebc-4eca-9b65-e763c3a26ea1,1.7773437386672456e+18
62f2b5ab-3ebc-4eca-9b65-e763c3a26ea1,1.7773437387005875e+18
62f2b5ab-3ebc-4eca-9b65-e763c3a26ea1,1.7773437387339305e+18
62f2b5ab-3ebc-4eca-9b65-e763c3a26ea1,1.7773437387672727e+18
62f2b5ab-3ebc-4eca-9b65-e763c3a26ea1,1.7773437388006157e+18
62f2b5ab-3ebc-4eca-9b65-e763c3a26ea1,1.7773437388339576e+18
62f2b5ab-3ebc-4eca-9b65-e763c3a26ea1,1.7773437388673006e+18
62f2b5ab-3ebc-4eca-9b65-e763c3a26ea1,1.7773437389006426e+18
62f2b5ab-3ebc-4eca-9b65-e763c3a26ea1,1.7773437389339855e+18
62f2b5ab-3ebc-4eca-9b65-e763c3a26ea1,1.7773437389673275e+18
62f2b5ab-3ebc-4eca-9b65-e763c3a26ea1,1.7773437390006697e+18
62f2b5ab-3ebc-4eca-9b65-e763c3a26ea1,1.7773437390340127e+18
62f2b5ab-3ebc-4eca-9b65-e763c3a26ea1,1.7773437390673546e+18
62f2b5ab-3ebc-4eca-9b65-e763c3a26ea1,1.7773437391006976e+18
62f2b5ab-3ebc-4eca-9b65-e763c3a26ea1,1.7773437391340396e+18
62f2b5ab-3ebc-4eca-9b65-e763c3a26ea1,1.7773437391673825e+18
62f2b5ab-3ebc-4eca-9b65-e763c3a26ea1,1.7773437392007245e+18
62f2b5ab-3ebc-4eca-9b65-e763c3a26ea1,1.7773437392340677e+18
62f2b5ab-3ebc-4eca-9b65-e763c3a26ea1,1.7773437392674097e+18
62f2b5ab-3ebc-4eca-9b65-e763c3a26ea1,1.7773437393007516e+18
62f2b5ab-3ebc-4eca-9b65-e763c3a26ea1,1.7773437393340946e+18
62f2b5ab-3ebc-4eca-9b65-e763c3a26ea1,1.7773437393674365e+18
62f2b5ab-3ebc-4eca-9b65-e763c3a26ea1,1.7773437394007795e+18
62f2b5ab-3ebc-4eca-9b65-e763c3a26ea1,1.7773437394341217e+18
62f2b5ab-3ebc-4eca-9b65-e763c3a26ea1,1.7773437394674647e+18
62f2b5ab-3ebc-4eca-9b65-e763c3a26ea1,1.7773437395008067e+18
62f2b5ab-3ebc-4eca-9b65-e763c3a26ea1,1.7773437395341496e+18
62f2b5ab-3ebc-4eca-9b65-e763c3a26ea1,1.7773437395674916e+18
62f2b5ab-3ebc-4eca-9b65-e763c3a26ea1,1.7773437396008346e+18
62f2b5ab-3ebc-4eca-9b65-e763c3a26ea1,1.7773437396341765e+18
62f2b5ab-3ebc-4eca-9b65-e763c3a26ea1,1.7773437396675187e+18
62f2b5ab-3ebc-4eca-9b65-e763c3a26ea1,1.7773437397008617e+18
62f2b5ab-3ebc-4eca-9b65-e763c3a26ea1,1.7773437397342036e+18
62f2b5ab-3ebc-4eca-9b65-e763c3a26ea1,1.7773437397675466e+18
62f2b5ab-3ebc-4eca-9b65-e763c3a26ea1,1.7773437398008886e+18
62f2b5ab-3ebc-4eca-9b65-e763c3a26ea1,1.7773437398342316e+18
62f2b5ab-3ebc-4eca-9b65-e763c3a26ea1,1.7773437398675735e+18
62f2b5ab-3ebc-4eca-9b65-e763c3a26ea1,1.7773437399009165e+18
62f2b5ab-3ebc-4eca-9b65-e763c3a26ea1,1.7773437399342587e+18
62f2b5ab-3ebc-4eca-9b65-e763c3a26ea1,1.7773437399676006e+18
62f2b5ab-3ebc-4eca-9b65-e763c3a26ea1,1.7773437400009436e+18
62f2b5ab-3ebc-4eca-9b65-e763c3a26ea1,1.7773437400342856e+18
62f2b5ab-3ebc-4eca-9b65-e763c3a26ea1,1.7773437400676285e+18
62f2b5ab-3ebc-4eca-9b65-e763c3a26ea1,1.7773437401009705e+18
62f2b5ab-3ebc-4eca-9b65-e763c3a26ea1,1.7773437401343137e+18
62f2b5ab-3ebc-4eca-9b65-e763c3a26ea1,1.7773437401676557e+18
62f2b5ab-3ebc-4eca-9b65-e763c3a26ea1,1.7773437402009987e+18
62f2b5ab-3ebc-4eca-9b65-e763c3a26ea1,1.7773437402343406e+18
62f2b5ab-3ebc-4eca-9b65-e763c3a26ea1,1.7773437402676826e+18
62f2b5ab-3ebc-4eca-9b65-e763c3a26ea1,1.7773437403010255e+18
62f2b5ab-3ebc-4eca-9b65-e763c3a26ea1,1.7773437403343675e+18
62f2b5ab-3ebc-4eca-9b65-e763c3a26ea1,1.7773437403677107e+18
62f2b5ab-3ebc-4eca-9b65-e763c3a26ea1,1.7773437404010527e+18
62f2b5ab-3ebc-4eca-9b65-e763c3a26ea1,1.7773437404343956e+18
62f2b5ab-3ebc-4eca-9b65-e763c3a26ea1,1.7773437404677376e+18
62f2b5ab-3ebc-4eca-9b65-e763c3a26ea1,1.7773437405010806e+18
62f2b5ab-3ebc-4eca-9b65-e763c3a26ea1,1.7773437405344225e+18
62f2b5ab-3ebc-4eca-9b65-e763c3a26ea1,1.7773437405677645e+18
62f2b5ab-3ebc-4eca-9b65-e763c3a26ea1,1.7773437406011077e+18
62f2b5ab-3ebc-4eca-9b65-e763c3a26ea1,1.7773437406344497e+18
62f2b5ab-3ebc-4eca-9b65-e763c3a26ea1,1.7773437406677926e+18
62f2b5ab-3ebc-4eca-9b65-e763c3a26ea1,1.7773437407011346e+18
62f2b5ab-3ebc-4eca-9b65-e763c3a26ea1,1.7773437407344776e+18
62f2b5ab-3ebc-4eca-9b65-e763c3a26ea1,1.7773437407678195e+18
62f2b5ab-3ebc-4eca-9b65-e763c3a26ea1,1.7773437408011625e+18
62f2b5ab-3ebc-4eca-9b65-e763c3a26ea1,1.7773437408345047e+18
62f2b5ab-3ebc-4eca-9b65-e763c3a26ea1,1.7773437408678477e+18
62f2b5ab-3ebc-4eca-9b65-e763c3a26ea1,1.7773437409011896e+18
62f2b5ab-3ebc-4eca-9b65-e763c3a26ea1,1.7773437409345316e+18
62f2b5ab-3ebc-4eca-9b65-e763c3a26ea1,1.7773437409678746e+18
62f2b5ab-3ebc-4eca-9b65-e763c3a26ea1,1.7773437410012165e+18
62f2b5ab-3ebc-4eca-9b65-e763c3a26ea1,1.7773437410345595e+18
62f2b5ab-3ebc-4eca-9b65-e763c3a26ea1,1.7773437410679017e+18
62f2b5ab-3ebc-4eca-9b65-e763c3a26ea1,1.7773437411012447e+18
62f2b5ab-3ebc-4eca-9b65-e763c3a26ea1,1.7773437411345866e+18
62f2b5ab-3ebc-4eca-9b65-e763c3a26ea1,1.7773437411679296e+18
62f2b5ab-3ebc-4eca-9b65-e763c3a26ea1,1.7773437412012716e+18
62f2b5ab-3ebc-4eca-9b65-e763c3a26ea1,1.7773437412346135e+18
62f2b5ab-3ebc-4eca-9b65-e763c3a26ea1,1.7773437412679565e+18
62f2b5ab-3ebc-4eca-9b65-e763c3a26ea1,1.7773437413012987e+18
62f2b5ab-3ebc-4eca-9b65-e763c3a26ea1,1.7773437413346417e+18
62f2b5ab-3ebc-4eca-9b65-e763c3a26ea1,1.7773437413679836e+18
62f2b5ab-3ebc-4eca-9b65-e763c3a26ea1,1.7773437414013266e+18
62f2b5ab-3ebc-4eca-9b65-e763c3a26ea1,1.7773437414346685e+18
62f2b5ab-3ebc-4eca-9b65-e763c3a26ea1,1.7773437414680115e+18
62f2b5ab-3ebc-4eca-9b65-e763c3a26ea1,1.7773437415013537e+18
62f2b5ab-3ebc-4eca-9b65-e763c3a26ea1,1.7773437415346957e+18
62f2b5ab-3ebc-4eca-9b65-e763c3a26ea1,1.7773437415680387e+18
62f2b5ab-3ebc-4eca-9b65-e763c3a26ea1,1.7773437416013806e+18
62f2b5ab-3ebc-4eca-9b65-e763c3a26ea1,1.7773437416347236e+18
62f2b5ab-3ebc-4eca-9b65-e763c3a26ea1,1.7773437416680655e+18
62f2b5ab-3ebc-4eca-9b65-e763c3a26ea1,1.7773437417014085e+18
62f2b5ab-3ebc-4eca-9b65-e763c3a26ea1,1.7773437417347507e+18
62f2b5ab-3ebc-4eca-9b65-e763c3a26ea1,1.7773437417680937e+18
62f2b5ab-3ebc-4eca-9b65-e763c3a26ea1,1.7773437418014356e+18
62f2b5ab-3ebc-4eca-9b65-e763c3a26ea1,1.7773437418347776e+18
62f2b5ab-3ebc-4eca-9b65-e763c3a26ea1,1.7773437418681206e+18
62f2b5ab-3ebc-4eca-9b65-e763c3a26ea1,1.7773437419014625e+18
62f2b5ab-3ebc-4eca-9b65-e763c3a26ea1,1.7773437419348055e+18
62f2b5ab-3ebc-4eca-9b65-e763c3a26ea1,1.7773437419681477e+18
62f2b5ab-3ebc-4eca-9b65-e763c3a26ea1,1.7773437420014907e+18
62f2b5ab-3ebc-4eca-9b65-e763c3a26ea1,1.7773437420348326e+18
62f2b5ab-3ebc-4eca-9b65-e763c3a26ea1,1.7773437420681756e+18
62f2b5ab-3ebc-4eca-9b65-e763c3a26ea1,1.7773437421015176e+18
62f2b5ab-3ebc-4eca-9b65-e763c3a26ea1,1.7773437421348605e+18
62f2b5ab-3ebc-4eca-9b65-e763c3a26ea1,1.7773437421682025e+18
62f2b5ab-3ebc-4eca-9b65-e763c3a26ea1,1.7773437422015447e+18
62f2b5ab-3ebc-4eca-9b65-e763c3a26ea1,1.7773437422348877e+18
62f2b5ab-3ebc-4eca-9b65-e763c3a26ea1,1.7773437422682296e+18
62f2b5ab-3ebc-4eca-9b65-e763c3a26ea1,1.7773437423015726e+18
62f2b5ab-3ebc-4eca-9b65-e763c3a26ea1,1.7773437423349146e+18
62f2b5ab-3ebc-4eca-9b65-e763c3a26ea1,1.7773437423682575e+18
62f2b5ab-3ebc-4eca-9b65-e763c3a26ea1,1.7773437424015995e+18
62f2b5ab-3ebc-4eca-9b65-e763c3a26ea1,1.7773437424349417e+18
62f2b5ab-3ebc-4eca-9b65-e763c3a26ea1,1.7773437424682847e+18
62f2b5ab-3ebc-4eca-9b65-e763c3a26ea1,1.7773437425016266e+18
62f2b5ab-3ebc-4eca-9b65-e763c3a26ea1,1.7773437425349696e+18
62f2b5ab-3ebc-4eca-9b65-e763c3a26ea1,1.7773437425683116e+18
62f2b5ab-3ebc-4eca-9b65-e763c3a26ea1,1.7773437426016545e+18
62f2b5ab-3ebc-4eca-9b65-e763c3a26ea1,1.7773437426349965e+18
62f2b5ab-3ebc-4eca-9b65-e763c3a26ea1,1.7773437426683397e+18
62f2b5ab-3ebc-4eca-9b65-e763c3a26ea1,1.7773437427016817e+18
62f2b5ab-3ebc-4eca-9b65-e763c3a26ea1,1.7773437427350246e+18
62f2b5ab-3ebc-4eca-9b65-e763c3a26ea1,1.7773437427683666e+18
62f2b5ab-3ebc-4eca-9b65-e763c3a26ea1,1.7773437428017085e+18
62f2b5ab-3ebc-4eca-9b65-e763c3a26ea1,1.7773437428350515e+18
62f2b5ab-3ebc-4eca-9b65-e763c3a26ea1,1.7773437428683937e+18
62f2b5ab-3ebc-4eca-9b65-e763c3a26ea1,1.7773437429017367e+18
62f2b5ab-3ebc-4eca-9b65-e763c3a26ea1,1.7773437429350787e+18
62f2b5ab-3ebc-4eca-9b65-e763c3a26ea1,1.7773437429684216e+18
62f2b5ab-3ebc-4eca-9b65-e763c3a26ea1,1.7773437430017636e+18
62f2b5ab-3ebc-4eca-9b65-e763c3a26ea1,1.7773437430351066e+18
62f2b5ab-3ebc-4eca-9b65-e763c3a26ea1,1.7773437430684485e+18
62f2b5ab-3ebc-4eca-9b65-e763c3a26ea1,1.7773437431017907e+18
62f2b5ab-3ebc-4eca-9b65-e763c3a26ea1,1.7773437431351337e+18
62f2b5ab-3ebc-4eca-9b65-e763c3a26ea1,1.7773437431684756e+18
62f2b5ab-3ebc-4eca-9b65-e763c3a26ea1,1.7773437432018186e+18
62f2b5ab-3ebc-4eca-9b65-e763c3a26ea1,1.7773437432351606e+18
62f2b5ab-3ebc-4eca-9b65-e763c3a26ea1,1.7773437432685036e+18
62f2b5ab-3ebc-4eca-9b65-e763c3a26ea1,1.7773437433018455e+18
62f2b5ab-3ebc-4eca-9b65-e763c3a26ea1,1.7773437433351885e+18
62f2b5ab-3ebc-4eca-9b65-e763c3a26ea1,1.7773437433685307e+18
62f2b5ab-3ebc-4eca-9b65-e763c3a26ea1,1.7773437434018726e+18
62f2b5ab-3ebc-4eca-9b65-e763c3a26ea1,1.7773437434352156e+18
62f2b5ab-3ebc-4eca-9b65-e763c3a26ea1,1.7773437434685576e+18
62f2b5ab-3ebc-4eca-9b65-e763c3a26ea1,1.7773437435019005e+18
62f2b5ab-3ebc-4eca-9b65-e763c3a26ea1,1.7773437435352425e+18
62f2b5ab-3ebc-4eca-9b65-e763c3a26ea1,1.7773437435685857e+18
62f2b5ab-3ebc-4eca-9b65-e763c3a26ea1,1.7773437436019277e+18
62f2b5ab-3ebc-4eca-9b65-e763c3a26ea1,1.7773437436352707e+18
62f2b5ab-3ebc-4eca-9b65-e763c3a26ea1,1.7773437436686126e+18
62f2b5ab-3ebc-4eca-9b65-e763c3a26ea1,1.7773437437019546e+18
62f2b5ab-3ebc-4eca-9b65-e763c3a26ea1,1.7773437437352975e+18
62f2b5ab-3ebc-4eca-9b65-e763c3a26ea1,1.7773437437686395e+18
62f2b5ab-3ebc-4eca-9b65-e763c3a26ea1,1.7773437438019827e+18
62f2b5ab-3ebc-4eca-9b65-e763c3a26ea1,1.7773437438353247e+18
62f2b5ab-3ebc-4eca-9b65-e763c3a26ea1,1.7773437438686676e+18
62f2b5ab-3ebc-4eca-9b65-e763c3a26ea1,1.7773437439020096e+18
62f2b5ab-3ebc-4eca-9b65-e763c3a26ea1,1.7773437439353526e+18
62f2b5ab-3ebc-4eca-9b65-e763c3a26ea1,1.7773437439686945e+18
62f2b5ab-3ebc-4eca-9b65-e763c3a26ea1,1.7773437440020365e+18
62f2b5ab-3ebc-4eca-9b65-e763c3a26ea1,1.7773437440353797e+18
62f2b5ab-3ebc-4eca-9b65-e763c3a26ea1,1.7773437440687217e+18
62f2b5ab-3ebc-4eca-9b65-e763c3a26ea1,1.7773437441020646e+18
62f2b5ab-3ebc-4eca-9b65-e763c3a26ea1,1.7773437441354066e+18
62f2b5ab-3ebc-4eca-9b65-e763c3a26ea1,1.7773437441687496e+18
62f2b5ab-3ebc-4eca-9b65-e763c3a26ea1,1.7773437442020915e+18
62f2b5ab-3ebc-4eca-9b65-e763c3a26ea1,1.7773437442354345e+18
62f2b5ab-3ebc-4eca-9b65-e763c3a26ea1,1.7773437442687767e+18
62f2b5ab-3ebc-4eca-9b65-e763c3a26ea1,1.7773437443021187e+18
62f2b5ab-3ebc-4eca-9b65-e763c3a26ea1,1.7773437443354616e+18
62f2b5ab-3ebc-4eca-9b65-e763c3a26ea1,1.7773437443688036e+18
62f2b5ab-3ebc-4eca-9b65-e763c3a26ea1,1.7773437444021466e+18
62f2b5ab-3ebc-4eca-9b65-e763c3a26ea1,1.7773437444354885e+18
62f2b5ab-3ebc-4eca-9b65-e763c3a26ea1,1.7773437444688315e+18
62f2b5ab-3ebc-4eca-9b65-e763c3a26ea1,1.7773437445021737e+18
62f2b5ab-3ebc-4eca-9b65-e763c3a26ea1,1.7773437445355167e+18
62f2b5ab-3ebc-4eca-9b65-e763c3a26ea1,1.7773437445688586e+18
62f2b5ab-3ebc-4eca-9b65-e763c3a26ea1,1.7773437446022016e+18
62f2b5ab-3ebc-4eca-9b65-e763c3a26ea1,1.7773437446355436e+18
62f2b5ab-3ebc-4eca-9b65-e763c3a26ea1,1.7773437446688855e+18
62f2b5ab-3ebc-4eca-9b65-e763c3a26ea1,1.7773437447022285e+18
62f2b5ab-3ebc-4eca-9b65-e763c3a26ea1,1.7773437447355707e+18
62f2b5ab-3ebc-4eca-9b65-e763c3a26ea1,1.7773437447689137e+18
62f2b5ab-3ebc-4eca-9b65-e763c3a26ea1,1.7773437448022556e+18
62f2b5ab-3ebc-4eca-9b65-e763c3a26ea1,1.7773437448355986e+18
62f2b5ab-3ebc-4eca-9b65-e763c3a26ea1,1.7773437448689405e+18
62f2b5ab-3ebc-4eca-9b65-e763c3a26ea1,1.7773437449022835e+18
62f2b5ab-3ebc-4eca-9b65-e763c3a26ea1,1.7773437449356257e+18
62f2b5ab-3ebc-4eca-9b65-e763c3a26ea1,1.7773437449689677e+18
62f2b5ab-3ebc-4eca-9b65-e763c3a26ea1,1.7773437450023107e+18
62f2b5ab-3ebc-4eca-9b65-e763c3a26ea1,1.7773437450356526e+18
62f2b5ab-3ebc-4eca-9b65-e763c3a26ea1,1.7773437450689956e+18
62f2b5ab-3ebc-4eca-9b65-e763c3a26ea1,1.7773437451023375e+18
62f2b5ab-3ebc-4eca-9b65-e763c3a26ea1,1.7773437451356805e+18
62f2b5ab-3ebc-4eca-9b65-e763c3a26ea1,1.7773437451690227e+18
62f2b5ab-3ebc-4eca-9b65-e763c3a26ea1,1.7773437452023657e+18
62f2b5ab-3ebc-4eca-9b65-e763c3a26ea1,1.7773437452357076e+18
62f2b5ab-3ebc-4eca-9b65-e763c3a26ea1,1.7773437452690496e+18
62f2b5ab-3ebc-4eca-9b65-e763c3a26ea1,1.7773437453023926e+18
62f2b5ab-3ebc-4eca-9b65-e763c3a26ea1,1.7773437453357345e+18
62f2b5ab-3ebc-4eca-9b65-e763c3a26ea1,1.7773437453690775e+18
62f2b5ab-3ebc-4eca-9b65-e763c3a26ea1,1.7773437454024197e+18
62f2b5ab-3ebc-4eca-9b65-e763c3a26ea1,1.7773437454357627e+18
62f2b5ab-3ebc-4eca-9b65-e763c3a26ea1,1.7773437454691046e+18
62f2b5ab-3ebc-4eca-9b65-e763c3a26ea1,1.7773437455024476e+18
62f2b5ab-3ebc-4eca-9b65-e763c3a26ea1,1.7773437455357896e+18
62f2b5ab-3ebc-4eca-9b65-e763c3a26ea1,1.7773437455691315e+18
62f2b5ab-3ebc-4eca-9b65-e763c3a26ea1,1.7773437456024745e+18
62f2b5ab-3ebc-4eca-9b65-e763c3a26ea1,1.7773437456358167e+18
62f2b5ab-3ebc-4eca-9b65-e763c3a26ea1,1.7773437456691597e+18
62f2b5ab-3ebc-4eca-9b65-e763c3a26ea1,1.7773437457025016e+18
62f2b5ab-3ebc-4eca-9b65-e763c3a26ea1,1.7773437457358446e+18
62f2b5ab-3ebc-4eca-9b65-e763c3a26ea1,1.7773437457691866e+18
62f2b5ab-3ebc-4eca-9b65-e763c3a26ea1,1.7773437458025295e+18
62f2b5ab-3ebc-4eca-9b65-e763c3a26ea1,1.7773437458358715e+18
62f2b5ab-3ebc-4eca-9b65-e763c3a26ea1,1.7773437458692137e+18
62f2b5ab-3ebc-4eca-9b65-e763c3a26ea1,1.7773437459025567e+18
62f2b5ab-3ebc-4eca-9b65-e763c3a26ea1,1.7773437459358986e+18
62f2b5ab-3ebc-4eca-9b65-e763c3a26ea1,1.7773437459692416e+18
62f2b5ab-3ebc-4eca-9b65-e763c3a26ea1,1.7773437460025836e+18
62f2b5ab-3ebc-4eca-9b65-e763c3a26ea1,1.7773437460359265e+18
62f2b5ab-3ebc-4eca-9b65-e763c3a26ea1,1.7773437460692685e+18
62f2b5ab-3ebc-4eca-9b65-e763c3a26ea1,1.7773437461026117e+18
62f2b5ab-3ebc-4eca-9b65-e763c3a26ea1,1.7773437461359537e+18
62f2b5ab-3ebc-4eca-9b65-e763c3a26ea1,1.7773437461692956e+18
62f2b5ab-3ebc-4eca-9b65-e763c3a26ea1,1.7773437462026386e+18
62f2b5ab-3ebc-4eca-9b65-e763c3a26ea1,1.7773437462359805e+18
62f2b5ab-3ebc-4eca-9b65-e763c3a26ea1,1.7773437462693235e+18
62f2b5ab-3ebc-4eca-9b65-e763c3a26ea1,1.7773437463026657e+18
62f2b5ab-3ebc-4eca-9b65-e763c3a26ea1,1.7773437463360087e+18
62f2b5ab-3ebc-4eca-9b65-e763c3a26ea1,1.7773437463693507e+18
62f2b5ab-3ebc-4eca-9b65-e763c3a26ea1,1.7773437464026936e+18
62f2b5ab-3ebc-4eca-9b65-e763c3a26ea1,1.7773437464360356e+18
62f2b5ab-3ebc-4eca-9b65-e763c3a26ea1,1.7773437464693786e+18
62f2b5ab-3ebc-4eca-9b65-e763c3a26ea1,1.7773437465027205e+18
62f2b5ab-3ebc-4eca-9b65-e763c3a26ea1,1.7773437465360627e+18
62f2b5ab-3ebc-4eca-9b65-e763c3a26ea1,1.7773437465694057e+18
62f2b5ab-3ebc-4eca-9b65-e763c3a26ea1,1.7773437466027476e+18
62f2b5ab-3ebc-4eca-9b65-e763c3a26ea1,1.7773437466360906e+18
62f2b5ab-3ebc-4eca-9b65-e763c3a26ea1,1.7773437466694326e+18
62f2b5ab-3ebc-4eca-9b65-e763c3a26ea1,1.7773437467027756e+18
62f2b5ab-3ebc-4eca-9b65-e763c3a26ea1,1.7773437467361175e+18
62f2b5ab-3ebc-4eca-9b65-e763c3a26ea1,1.7773437467694605e+18
62f2b5ab-3ebc-4eca-9b65-e763c3a26ea1,1.7773437468028027e+18
62f2b5ab-3ebc-4eca-9b65-e763c3a26ea1,1.7773437468361446e+18
62f2b5ab-3ebc-4eca-9b65-e763c3a26ea1,1.7773437468694876e+18
62f2b5ab-3ebc-4eca-9b65-e763c3a26ea1,1.7773437469028296e+18
62f2b5ab-3ebc-4eca-9b65-e763c3a26ea1,1.7773437469361725e+18
62f2b5ab-3ebc-4eca-9b65-e763c3a26ea1,1.7773437469695145e+18
62f2b5ab-3ebc-4eca-9b65-e763c3a26ea1,1.7773437470028577e+18
62f2b5ab-3ebc-4eca-9b65-e763c3a26ea1,1.7773437470361997e+18
62f2b5ab-3ebc-4eca-9b65-e763c3a26ea1,1.7773437470695427e+18
62f2b5ab-3ebc-4eca-9b65-e763c3a26ea1,1.7773437471028846e+18
62f2b5ab-3ebc-4eca-9b65-e763c3a26ea1,1.7773437471362266e+18
62f2b5ab-3ebc-4eca-9b65-e763c3a26ea1,1.7773437471695695e+18
62f2b5ab-3ebc-4eca-9b65-e763c3a26ea1,1.7773437472029115e+18
62f2b5ab-3ebc-4eca-9b65-e763c3a26ea1,1.7773437472362547e+18
62f2b5ab-3ebc-4eca-9b65-e763c3a26ea1,1.7773437472695967e+18
62f2b5ab-3ebc-4eca-9b65-e763c3a26ea1,1.7773437473029396e+18
62f2b5ab-3ebc-4eca-9b65-e763c3a26ea1,1.7773437473362816e+18
62f2b5ab-3ebc-4eca-9b65-e763c3a26ea1,1.7773437473696246e+18
62f2b5ab-3ebc-4eca-9b65-e763c3a26ea1,1.7773437474029665e+18
62f2b5ab-3ebc-4eca-9b65-e763c3a26ea1,1.7773437474363085e+18
62f2b5ab-3ebc-4eca-9b65-e763c3a26ea1,1.7773437474696517e+18
62f2b5ab-3ebc-4eca-9b65-e763c3a26ea1,1.7773437475029937e+18
62f2b5ab-3ebc-4eca-9b65-e763c3a26ea1,1.7773437475363366e+18
62f2b5ab-3ebc-4eca-9b65-e763c3a26ea1,1.7773437475696786e+18
62f2b5ab-3ebc-4eca-9b65-e763c3a26ea1,1.7773437476030216e+18
62f2b5ab-3ebc-4eca-9b65-e763c3a26ea1,1.7773437476363635e+18
62f2b5ab-3ebc-4eca-9b65-e763c3a26ea1,1.7773437476697065e+18
62f2b5ab-3ebc-4eca-9b65-e763c3a26ea1,1.7773437477030487e+18
62f2b5ab-3ebc-4eca-9b65-e763c3a26ea1,1.7773437477363907e+18
62f2b5ab-3ebc-4eca-9b65-e763c3a26ea1,1.7773437477697336e+18
62f2b5ab-3ebc-4eca-9b65-e763c3a26ea1,1.7773437478030756e+18
62f2b5ab-3ebc-4eca-9b65-e763c3a26ea1,1.7773437478364186e+18
62f2b5ab-3ebc-4eca-9b65-e763c3a26ea1,1.7773437478697605e+18
62f2b5ab-3ebc-4eca-9b65-e763c3a26ea1,1.7773437479031035e+18
62f2b5ab-3ebc-4eca-9b65-e763c3a26ea1,1.7773437479364457e+18
62f2b5ab-3ebc-4eca-9b65-e763c3a26ea1,1.7773437479697887e+18
62f2b5ab-3ebc-4eca-9b65-e763c3a26ea1,1.7773437480031306e+18
62f2b5ab-3ebc-4eca-9b65-e763c3a26ea1,1.7773437480364726e+18
62f2b5ab-3ebc-4eca-9b65-e763c3a26ea1,1.7773437480698156e+18
62f2b5ab-3ebc-4eca-9b65-e763c3a26ea1,1.7773437481031575e+18
62f2b5ab-3ebc-4eca-9b65-e763c3a26ea1,1.7773437481365005e+18
62f2b5ab-3ebc-4eca-9b65-e763c3a26ea1,1.7773437481698427e+18
62f2b5ab-3ebc-4eca-9b65-e763c3a26ea1,1.7773437482031857e+18
62f2b5ab-3ebc-4eca-9b65-e763c3a26ea1,1.7773437482365276e+18
62f2b5ab-3ebc-4eca-9b65-e763c3a26ea1,1.7773437482698706e+18
62f2b5ab-3ebc-4eca-9b65-e763c3a26ea1,1.7773437483032125e+18
62f2b5ab-3ebc-4eca-9b65-e763c3a26ea1,1.7773437483365555e+18
62f2b5ab-3ebc-4eca-9b65-e763c3a26ea1,1.7773437483698977e+18
62f2b5ab-3ebc-4eca-9b65-e763c3a26ea1,1.7773437484032397e+18
62f2b5ab-3ebc-4eca-9b65-e763c3a26ea1,1.7773437484365827e+18
62f2b5ab-3ebc-4eca-9b65-e763c3a26ea1,1.7773437484699246e+18
62f2b5ab-3ebc-4eca-9b65-e763c3a26ea1,1.7773437485032676e+18
62f2b5ab-3ebc-4eca-9b65-e763c3a26ea1,1.7773437485366095e+18
62f2b5ab-3ebc-4eca-9b65-e763c3a26ea1,1.7773437485699525e+18
62f2b5ab-3ebc-4eca-9b65-e763c3a26ea1,1.7773437486032947e+18
62f2b5ab-3ebc-4eca-9b65-e763c3a26ea1,1.7773437486366377e+18
62f2b5ab-3ebc-4eca-9b65-e763c3a26ea1,1.7773437486699796e+18
62f2b5ab-3ebc-4eca-9b65-e763c3a26ea1,1.7773437487033216e+18
62f2b5ab-3ebc-4eca-9b65-e763c3a26ea1,1.7773437487366646e+18
62f2b5ab-3ebc-4eca-9b65-e763c3a26ea1,1.7773437487700065e+18
62f2b5ab-3ebc-4eca-9b65-e763c3a26ea1,1.7773437488033495e+18
62f2b5ab-3ebc-4eca-9b65-e763c3a26ea1,1.7773437488366917e+18
62f2b5ab-3ebc-4eca-9b65-e763c3a26ea1,1.7773437488700347e+18
62f2b5ab-3ebc-4eca-9b65-e763c3a26ea1,1.7773437489033766e+18
62f2b5ab-3ebc-4eca-9b65-e763c3a26ea1,1.7773437489367196e+18
62f2b5ab-3ebc-4eca-9b65-e763c3a26ea1,1.7773437489700616e+18
62f2b5ab-3ebc-4eca-9b65-e763c3a26ea1,1.7773437490034035e+18
62f2b5ab-3ebc-4eca-9b65-e763c3a26ea1,1.7773437490367465e+18
62f2b5ab-3ebc-4eca-9b65-e763c3a26ea1,1.7773437490700887e+18
62f2b5ab-3ebc-4eca-9b65-e763c3a26ea1,1.7773437491034317e+18
62f2b5ab-3ebc-4eca-9b65-e763c3a26ea1,1.7773437491367736e+18
62f2b5ab-3ebc-4eca-9b65-e763c3a26ea1,1.7773437491701166e+18
62f2b5ab-3ebc-4eca-9b65-e763c3a26ea1,1.7773437492034586e+18
62f2b5ab-3ebc-4eca-9b65-e763c3a26ea1,1.7773437492368015e+18
62f2b5ab-3ebc-4eca-9b65-e763c3a26ea1,1.7773437492701435e+18
62f2b5ab-3ebc-4eca-9b65-e763c3a26ea1,1.7773437493034857e+18
62f2b5ab-3ebc-4eca-9b65-e763c3a26ea1,1.7773437493368287e+18
62f2b5ab-3ebc-4eca-9b65-e763c3a26ea1,1.7773437493701706e+18
62f2b5ab-3ebc-4eca-9b65-e763c3a26ea1,1.7773437494035136e+18
62f2b5ab-3ebc-4eca-9b65-e763c3a26ea1,1.7773437494368556e+18
62f2b5ab-3ebc-4eca-9b65-e763c3a26ea1,1.7773437494701985e+18
62f2b5ab-3ebc-4eca-9b65-e763c3a26ea1,1.7773437495035405e+18
62f2b5ab-3ebc-4eca-9b65-e763c3a26ea1,1.7773437495368837e+18
62f2b5ab-3ebc-4eca-9b65-e763c3a26ea1,1.7773437495702257e+18
62f2b5ab-3ebc-4eca-9b65-e763c3a26ea1,1.7773437496035676e+18
62f2b5ab-3ebc-4eca-9b65-e763c3a26ea1,1.7773437496369106e+18
62f2b5ab-3ebc-4eca-9b65-e763c3a26ea1,1.7773437496702525e+18
62f2b5ab-3ebc-4eca-9b65-e763c3a26ea1,1.7773437497035955e+18
62f2b5ab-3ebc-4eca-9b65-e763c3a26ea1,1.7773437497369377e+18
62f2b5ab-3ebc-4eca-9b65-e763c3a26ea1,1.7773437497702807e+18
62f2b5ab-3ebc-4eca-9b65-e763c3a26ea1,1.7773437498036227e+18
62f2b5ab-3ebc-4eca-9b65-e763c3a26ea1,1.7773437498369656e+18
62f2b5ab-3ebc-4eca-9b65-e763c3a26ea1,1.7773437498703076e+18
62f2b5ab-3ebc-4eca-9b65-e763c3a26ea1,1.7773437499036495e+18
62f2b5ab-3ebc-4eca-9b65-e763c3a26ea1,1.7773437499369925e+18
62f2b5ab-3ebc-4eca-9b65-e763c3a26ea1,1.7773437499703347e+18
62f2b5ab-3ebc-4eca-9b65-e763c3a26ea1,1.7773437500036777e+18
62f2b5ab-3ebc-4eca-9b65-e763c3a26ea1,1.7773437500370196e+18
62f2b5ab-3ebc-4eca-9b65-e763c3a26ea1,1.7773437500703626e+18
62f2b5ab-3ebc-4eca-9b65-e763c3a26ea1,1.7773437501037046e+18
62f2b5ab-3ebc-4eca-9b65-e763c3a26ea1,1.7773437501370476e+18
62f2b5ab-3ebc-4eca-9b65-e763c3a26ea1,1.7773437501703895e+18
62f2b5ab-3ebc-4eca-9b65-e763c3a26ea1,1.7773437502037325e+18
62f2b5ab-3ebc-4eca-9b65-e763c3a26ea1,1.7773437502370747e+18
62f2b5ab-3ebc-4eca-9b65-e763c3a26ea1,1.7773437502704166e+18
62f2b5ab-3ebc-4eca-9b65-e763c3a26ea1,1.7773437503037596e+18
62f2b5ab-3ebc-4eca-9b65-e763c3a26ea1,1.7773437503371016e+18
62f2b5ab-3ebc-4eca-9b65-e763c3a26ea1,1.7773437503704445e+18
62f2b5ab-3ebc-4eca-9b65-e763c3a26ea1,1.7773437504037865e+18
62f2b5ab-3ebc-4eca-9b65-e763c3a26ea1,1.7773437504371297e+18
62f2b5ab-3ebc-4eca-9b65-e763c3a26ea1,1.7773437504704717e+18
62f2b5ab-3ebc-4eca-9b65-e763c3a26ea1,1.7773437505038147e+18
62f2b5ab-3ebc-4eca-9b65-e763c3a26ea1,1.7773437505371566e+18
62f2b5ab-3ebc-4eca-9b65-e763c3a26ea1,1.7773437505704986e+18
62f2b5ab-3ebc-4eca-9b65-e763c3a26ea1,1.7773437506038415e+18
62f2b5ab-3ebc-4eca-9b65-e763c3a26ea1,1.7773437506371835e+18
62f2b5ab-3ebc-4eca-9b65-e763c3a26ea1,1.7773437506705267e+18
62f2b5ab-3ebc-4eca-9b65-e763c3a26ea1,1.7773437507038687e+18
62f2b5ab-3ebc-4eca-9b65-e763c3a26ea1,1.7773437507372116e+18
62f2b5ab-3ebc-4eca-9b65-e763c3a26ea1,1.7773437507705536e+18
62f2b5ab-3ebc-4eca-9b65-e763c3a26ea1,1.7773437508038966e+18
62f2b5ab-3ebc-4eca-9b65-e763c3a26ea1,1.7773437508372385e+18
62f2b5ab-3ebc-4eca-9b65-e763c3a26ea1,1.7773437508705805e+18
62f2b5ab-3ebc-4eca-9b65-e763c3a26ea1,1.7773437509039237e+18
62f2b5ab-3ebc-4eca-9b65-e763c3a26ea1,1.7773437509372657e+18
62f2b5ab-3ebc-4eca-9b65-e763c3a26ea1,1.7773437509706086e+18
62f2b5ab-3ebc-4eca-9b65-e763c3a26ea1,1.7773437510039506e+18
62f2b5ab-3ebc-4eca-9b65-e763c3a26ea1,1.7773437510372936e+18
62f2b5ab-3ebc-4eca-9b65-e763c3a26ea1,1.7773437510706355e+18
62f2b5ab-3ebc-4eca-9b65-e763c3a26ea1,1.7773437511039785e+18
62f2b5ab-3ebc-4eca-9b65-e763c3a26ea1,1.7773437511373207e+18
62f2b5ab-3ebc-4eca-9b65-e763c3a26ea1,1.7773437511706627e+18
62f2b5ab-3ebc-4eca-9b65-e763c3a26ea1,1.7773437512040056e+18
62f2b5ab-3ebc-4eca-9b65-e763c3a26ea1,1.7773437512373476e+18
62f2b5ab-3ebc-4eca-9b65-e763c3a26ea1,1.7773437512706906e+18
62f2b5ab-3ebc-4eca-9b65-e763c3a26ea1,1.7773437513040325e+18
62f2b5ab-3ebc-4eca-9b65-e763c3a26ea1,1.7773437513373755e+18
62f2b5ab-3ebc-4eca-9b65-e763c3a26ea1,1.7773437513707177e+18
62f2b5ab-3ebc-4eca-9b65-e763c3a26ea1,1.7773437514040607e+18
62f2b5ab-3ebc-4eca-9b65-e763c3a26ea1,1.7773437514374026e+18
62f2b5ab-3ebc-4eca-9b65-e763c3a26ea1,1.7773437514707456e+18
62f2b5ab-3ebc-4eca-9b65-e763c3a26ea1,1.7773437515040876e+18
62f2b5ab-3ebc-4eca-9b65-e763c3a26ea1,1.7773437515374295e+18
62f2b5ab-3ebc-4eca-9b65-e763c3a26ea1,1.7773437515707725e+18
62f2b5ab-3ebc-4eca-9b65-e763c3a26ea1,1.7773437516041147e+18
62f2b5ab-3ebc-4eca-9b65-e763c3a26ea1,1.7773437516374577e+18
62f2b5ab-3ebc-4eca-9b65-e763c3a26ea1,1.7773437516707996e+18
62f2b5ab-3ebc-4eca-9b65-e763c3a26ea1,1.7773437517041426e+18
62f2b5ab-3ebc-4eca-9b65-e763c3a26ea1,1.7773437517374845e+18
62f2b5ab-3ebc-4eca-9b65-e763c3a26ea1,1.7773437517708265e+18
62f2b5ab-3ebc-4eca-9b65-e763c3a26ea1,1.7773437518041697e+18
62f2b5ab-3ebc-4eca-9b65-e763c3a26ea1,1.7773437518375117e+18
62f2b5ab-3ebc-4eca-9b65-e763c3a26ea1,1.7773437518708547e+18
62f2b5ab-3ebc-4eca-9b65-e763c3a26ea1,1.7773437519041966e+18
62f2b5ab-3ebc-4eca-9b65-e763c3a26ea1,1.7773437519375396e+18
62f2b5ab-3ebc-4eca-9b65-e763c3a26ea1,1.7773437519708815e+18
62f2b5ab-3ebc-4eca-9b65-e763c3a26ea1,1.7773437520042245e+18
62f2b5ab-3ebc-4eca-9b65-e763c3a26ea1,1.7773437520375667e+18
62f2b5ab-3ebc-4eca-9b65-e763c3a26ea1,1.7773437520709097e+18
62f2b5ab-3ebc-4eca-9b65-e763c3a26ea1,1.7773437521042516e+18
62f2b5ab-3ebc-4eca-9b65-e763c3a26ea1,1.7773437521375936e+18
62f2b5ab-3ebc-4eca-9b65-e763c3a26ea1,1.7773437521709366e+18
62f2b5ab-3ebc-4eca-9b65-e763c3a26ea1,1.7773437522042785e+18
62f2b5ab-3ebc-4eca-9b65-e763c3a26ea1,1.7773437522376215e+18
62f2b5ab-3ebc-4eca-9b65-e763c3a26ea1,1.7773437522709637e+18
62f2b5ab-3ebc-4eca-9b65-e763c3a26ea1,1.7773437523043067e+18
62f2b5ab-3ebc-4eca-9b65-e763c3a26ea1,1.7773437523376486e+18
62f2b5ab-3ebc-4eca-9b65-e763c3a26ea1,1.7773437523709916e+18
62f2b5ab-3ebc-4eca-9b65-e763c3a26ea1,1.7773437524043336e+18
62f2b5ab-3ebc-4eca-9b65-e763c3a26ea1,1.7773437524376755e+18
62f2b5ab-3ebc-4eca-9b65-e763c3a26ea1,1.7773437524710185e+18
62f2b5ab-3ebc-4eca-9b65-e763c3a26ea1,1.7773437525043607e+18
62f2b5ab-3ebc-4eca-9b65-e763c3a26ea1,1.7773437525377037e+18
62f2b5ab-3ebc-4eca-9b65-e763c3a26ea1,1.7773437525710456e+18
62f2b5ab-3ebc-4eca-9b65-e763c3a26ea1,1.7773437526043886e+18
62f2b5ab-3ebc-4eca-9b65-e763c3a26ea1,1.7773437526377306e+18
62f2b5ab-3ebc-4eca-9b65-e763c3a26ea1,1.7773437526710735e+18
62f2b5ab-3ebc-4eca-9b65-e763c3a26ea1,1.7773437527044155e+18
62f2b5ab-3ebc-4eca-9b65-e763c3a26ea1,1.7773437527377577e+18
62f2b5ab-3ebc-4eca-9b65-e763c3a26ea1,1.7773437527711007e+18
62f2b5ab-3ebc-4eca-9b65-e763c3a26ea1,1.7773437528044426e+18
62f2b5ab-3ebc-4eca-9b65-e763c3a26ea1,1.7773437528377856e+18
62f2b5ab-3ebc-4eca-9b65-e763c3a26ea1,1.7773437528711276e+18
62f2b5ab-3ebc-4eca-9b65-e763c3a26ea1,1.7773437529044705e+18
62f2b5ab-3ebc-4eca-9b65-e763c3a26ea1,1.7773437529378125e+18
62f2b5ab-3ebc-4eca-9b65-e763c3a26ea1,1.7773437529711557e+18
62f2b5ab-3ebc-4eca-9b65-e763c3a26ea1,1.7773437530044977e+18
62f2b5ab-3ebc-4eca-9b65-e763c3a26ea1,1.7773437530378396e+18
62f2b5ab-3ebc-4eca-9b65-e763c3a26ea1,1.7773437530711826e+18
62f2b5ab-3ebc-4eca-9b65-e763c3a26ea1,1.7773437531045245e+18
62f2b5ab-3ebc-4eca-9b65-e763c3a26ea1,1.7773437531378675e+18
62f2b5ab-3ebc-4eca-9b65-e763c3a26ea1,1.7773437531712097e+18
62f2b5ab-3ebc-4eca-9b65-e763c3a26ea1,1.7773437532045527e+18
62f2b5ab-3ebc-4eca-9b65-e763c3a26ea1,1.7773437532378947e+18
62f2b5ab-3ebc-4eca-9b65-e763c3a26ea1,1.7773437532712376e+18
62f2b5ab-3ebc-4eca-9b65-e763c3a26ea1,1.7773437533045796e+18
62f2b5ab-3ebc-4eca-9b65-e763c3a26ea1,1.7773437533379215e+18
62f2b5ab-3ebc-4eca-9b65-e763c3a26ea1,1.7773437533712645e+18
62f2b5ab-3ebc-4eca-9b65-e763c3a26ea1,1.7773437534046067e+18
62f2b5ab-3ebc-4eca-9b65-e763c3a26ea1,1.7773437534379497e+18
62f2b5ab-3ebc-4eca-9b65-e763c3a26ea1,1.7773437534712916e+18
62f2b5ab-3ebc-4eca-9b65-e763c3a26ea1,1.7773437535046346e+18
62f2b5ab-3ebc-4eca-9b65-e763c3a26ea1,1.7773437535379766e+18
62f2b5ab-3ebc-4eca-9b65-e763c3a26ea1,1.7773437535713196e+18
62f2b5ab-3ebc-4eca-9b65-e763c3a26ea1,1.7773437536046615e+18
62f2b5ab-3ebc-4eca-9b65-e763c3a26ea1,1.7773437536380037e+18
62f2b5ab-3ebc-4eca-9b65-e763c3a26ea1,1.7773437536713467e+18
62f2b5ab-3ebc-4eca-9b65-e763c3a26ea1,1.7773437537046886e+18
62f2b5ab-3ebc-4eca-9b65-e763c3a26ea1,1.7773437537380316e+18
62f2b5ab-3ebc-4eca-9b65-e763c3a26ea1,1.7773437537713736e+18
62f2b5ab-3ebc-4eca-9b65-e763c3a26ea1,1.7773437538047165e+18
62f2b5ab-3ebc-4eca-9b65-e763c3a26ea1,1.7773437538380585e+18
62f2b5ab-3ebc-4eca-9b65-e763c3a26ea1,1.7773437538714017e+18
62f2b5ab-3ebc-4eca-9b65-e763c3a26ea1,1.7773437539047437e+18
62f2b5ab-3ebc-4eca-9b65-e763c3a26ea1,1.7773437539380867e+18
62f2b5ab-3ebc-4eca-9b65-e763c3a26ea1,1.7773437539714286e+18
62f2b5ab-3ebc-4eca-9b65-e763c3a26ea1,1.7773437540047706e+18
62f2b5ab-3ebc-4eca-9b65-e763c3a26ea1,1.7773437540381135e+18
62f2b5ab-3ebc-4eca-9b65-e763c3a26ea1,1.7773437540714555e+18
62f2b5ab-3ebc-4eca-9b65-e763c3a26ea1,1.7773437541047987e+18
62f2b5ab-3ebc-4eca-9b65-e763c3a26ea1,1.7773437541381407e+18
62f2b5ab-3ebc-4eca-9b65-e763c3a26ea1,1.7773437541714836e+18
62f2b5ab-3ebc-4eca-9b65-e763c3a26ea1,1.7773437542048256e+18
62f2b5ab-3ebc-4eca-9b65-e763c3a26ea1,1.7773437542381686e+18
62f2b5ab-3ebc-4eca-9b65-e763c3a26ea1,1.7773437542715105e+18
62f2b5ab-3ebc-4eca-9b65-e763c3a26ea1,1.7773437543048525e+18
62f2b5ab-3ebc-4eca-9b65-e763c3a26ea1,1.7773437543381957e+18
62f2b5ab-3ebc-4eca-9b65-e763c3a26ea1,1.7773437543715377e+18
62f2b5ab-3ebc-4eca-9b65-e763c3a26ea1,1.7773437544048806e+18
62f2b5ab-3ebc-4eca-9b65-e763c3a26ea1,1.7773437544382226e+18
62f2b5ab-3ebc-4eca-9b65-e763c3a26ea1,1.7773437544715656e+18
62f2b5ab-3ebc-4eca-9b65-e763c3a26ea1,1.7773437545049075e+18
62f2b5ab-3ebc-4eca-9b65-e763c3a26ea1,1.7773437545382505e+18
62f2b5ab-3ebc-4eca-9b65-e763c3a26ea1,1.7773437545715927e+18
62f2b5ab-3ebc-4eca-9b65-e763c3a26ea1,1.7773437546049347e+18
62f2b5ab-3ebc-4eca-9b65-e763c3a26ea1,1.7773437546382776e+18
62f2b5ab-3ebc-4eca-9b65-e763c3a26ea1,1.7773437546716196e+18
62f2b5ab-3ebc-4eca-9b65-e763c3a26ea1,1.7773437547049626e+18
62f2b5ab-3ebc-4eca-9b65-e763c3a26ea1,1.7773437547383045e+18
62f2b5ab-3ebc-4eca-9b65-e763c3a26ea1,1.7773437547716475e+18
62f2b5ab-3ebc-4eca-9b65-e763c3a26ea1,1.7773437548049897e+18
62f2b5ab-3ebc-4eca-9b65-e763c3a26ea1,1.7773437548383327e+18
62f2b5ab-3ebc-4eca-9b65-e763c3a26ea1,1.7773437548716746e+18
62f2b5ab-3ebc-4eca-9b65-e763c3a26ea1,1.7773437549050176e+18
62f2b5ab-3ebc-4eca-9b65-e763c3a26ea1,1.7773437549383596e+18
62f2b5ab-3ebc-4eca-9b65-e763c3a26ea1,1.7773437549717015e+18
62f2b5ab-3ebc-4eca-9b65-e763c3a26ea1,1.7773437550050445e+18
62f2b5ab-3ebc-4eca-9b65-e763c3a26ea1,1.7773437550383867e+18
62f2b5ab-3ebc-4eca-9b65-e763c3a26ea1,1.7773437550717297e+18
62f2b5ab-3ebc-4eca-9b65-e763c3a26ea1,1.7773437551050716e+18
62f2b5ab-3ebc-4eca-9b65-e763c3a26ea1,1.7773437551384146e+18
62f2b5ab-3ebc-4eca-9b65-e763c3a26ea1,1.7773437551717565e+18
62f2b5ab-3ebc-4eca-9b65-e763c3a26ea1,1.7773437552050995e+18
62f2b5ab-3ebc-4eca-9b65-e763c3a26ea1,1.7773437552384417e+18
62f2b5ab-3ebc-4eca-9b65-e763c3a26ea1,1.7773437552717837e+18
62f2b5ab-3ebc-4eca-9b65-e763c3a26ea1,1.7773437553051267e+18
62f2b5ab-3ebc-4eca-9b65-e763c3a26ea1,1.7773437553384686e+18
62f2b5ab-3ebc-4eca-9b65-e763c3a26ea1,1.7773437553718116e+18
62f2b5ab-3ebc-4eca-9b65-e763c3a26ea1,1.7773437554051535e+18
62f2b5ab-3ebc-4eca-9b65-e763c3a26ea1,1.7773437554384965e+18
62f2b5ab-3ebc-4eca-9b65-e763c3a26ea1,1.7773437554718387e+18
62f2b5ab-3ebc-4eca-9b65-e763c3a26ea1,1.7773437555051817e+18
62f2b5ab-3ebc-4eca-9b65-e763c3a26ea1,1.7773437555385236e+18
62f2b5ab-3ebc-4eca-9b65-e763c3a26ea1,1.7773437555718656e+18
62f2b5ab-3ebc-4eca-9b65-e763c3a26ea1,1.7773437556052086e+18
62f2b5ab-3ebc-4eca-9b65-e763c3a26ea1,1.7773437556385505e+18
62f2b5ab-3ebc-4eca-9b65-e763c3a26ea1,1.7773437556718935e+18
62f2b5ab-3ebc-4eca-9b65-e763c3a26ea1,1.7773437557052357e+18
62f2b5ab-3ebc-4eca-9b65-e763c3a26ea1,1.7773437557385787e+18
62f2b5ab-3ebc-4eca-9b65-e763c3a26ea1,1.7773437557719206e+18
62f2b5ab-3ebc-4eca-9b65-e763c3a26ea1,1.7773437558052636e+18
62f2b5ab-3ebc-4eca-9b65-e763c3a26ea1,1.7773437558386056e+18
62f2b5ab-3ebc-4eca-9b65-e763c3a26ea1,1.7773437558719475e+18
62f2b5ab-3ebc-4eca-9b65-e763c3a26ea1,1.7773437559052905e+18
62f2b5ab-3ebc-4eca-9b65-e763c3a26ea1,1.7773437559386327e+18
62f2b5ab-3ebc-4eca-9b65-e763c3a26ea1,1.7773437559719757e+18
62f2b5ab-3ebc-4eca-9b65-e763c3a26ea1,1.7773437560053176e+18
62f2b5ab-3ebc-4eca-9b65-e763c3a26ea1,1.7773437560386606e+18
62f2b5ab-3ebc-4eca-9b65-e763c3a26ea1,1.7773437560720026e+18
62f2b5ab-3ebc-4eca-9b65-e763c3a26ea1,1.7773437561053455e+18
62f2b5ab-3ebc-4eca-9b65-e763c3a26ea1,1.7773437561386875e+18
62f2b5ab-3ebc-4eca-9b65-e763c3a26ea1,1.7773437561720297e+18
62f2b5ab-3ebc-4eca-9b65-e763c3a26ea1,1.7773437562053727e+18
62f2b5ab-3ebc-4eca-9b65-e763c3a26ea1,1.7773437562387146e+18
62f2b5ab-3ebc-4eca-9b65-e763c3a26ea1,1.7773437562720576e+18
62f2b5ab-3ebc-4eca-9b65-e763c3a26ea1,1.7773437563053996e+18
62f2b5ab-3ebc-4eca-9b65-e763c3a26ea1,1.7773437563387425e+18
62f2b5ab-3ebc-4eca-9b65-e763c3a26ea1,1.7773437563720845e+18
62f2b5ab-3ebc-4eca-9b65-e763c3a26ea1,1.7773437564054277e+18
62f2b5ab-3ebc-4eca-9b65-e763c3a26ea1,1.7773437564387697e+18
62f2b5ab-3ebc-4eca-9b65-e763c3a26ea1,1.7773437564721126e+18
62f2b5ab-3ebc-4eca-9b65-e763c3a26ea1,1.7773437565054546e+18
62f2b5ab-3ebc-4eca-9b65-e763c3a26ea1,1.7773437565387965e+18
62f2b5ab-3ebc-4eca-9b65-e763c3a26ea1,1.7773437565721395e+18
62f2b5ab-3ebc-4eca-9b65-e763c3a26ea1,1.7773437566054817e+18
62f2b5ab-3ebc-4eca-9b65-e763c3a26ea1,1.7773437566388247e+18
62f2b5ab-3ebc-4eca-9b65-e763c3a26ea1,1.7773437566721667e+18
62f2b5ab-3ebc-4eca-9b65-e763c3a26ea1,1.7773437567055096e+18
62f2b5ab-3ebc-4eca-9b65-e763c3a26ea1,1.7773437567388516e+18
62f2b5ab-3ebc-4eca-9b65-e763c3a26ea1,1.7773437567721946e+18
62f2b5ab-3ebc-4eca-9b65-e763c3a26ea1,1.7773437568055365e+18
62f2b5ab-3ebc-4eca-9b65-e763c3a26ea1,1.7773437568388787e+18
62f2b5ab-3ebc-4eca-9b65-e763c3a26ea1,1.7773437568722217e+18
62f2b5ab-3ebc-4eca-9b65-e763c3a26ea1,1.7773437569055636e+18
62f2b5ab-3ebc-4eca-9b65-e763c3a26ea1,1.7773437569389066e+18
62f2b5ab-3ebc-4eca-9b65-e763c3a26ea1,1.7773437569722486e+18
62f2b5ab-3ebc-4eca-9b65-e763c3a26ea1,1.7773437570055916e+18
62f2b5ab-3ebc-4eca-9b65-e763c3a26ea1,1.7773437570389335e+18
62f2b5ab-3ebc-4eca-9b65-e763c3a26ea1,1.7773437570722765e+18
62f2b5ab-3ebc-4eca-9b65-e763c3a26ea1,1.7773437571056187e+18
62f2b5ab-3ebc-4eca-9b65-e763c3a26ea1,1.7773437571389606e+18
62f2b5ab-3ebc-4eca-9b65-e763c3a26ea1,1.7773437571723036e+18
62f2b5ab-3ebc-4eca-9b65-e763c3a26ea1,1.7773437572056456e+18
62f2b5ab-3ebc-4eca-9b65-e763c3a26ea1,1.7773437572389885e+18
62f2b5ab-3ebc-4eca-9b65-e763c3a26ea1,1.7773437572723305e+18
62f2b5ab-3ebc-4eca-9b65-e763c3a26ea1,1.7773437573056737e+18
62f2b5ab-3ebc-4eca-9b65-e763c3a26ea1,1.7773437573390157e+18
62f2b5ab-3ebc-4eca-9b65-e763c3a26ea1,1.7773437573723587e+18
62f2b5ab-3ebc-4eca-9b65-e763c3a26ea1,1.7773437574057006e+18
62f2b5ab-3ebc-4eca-9b65-e763c3a26ea1,1.7773437574390426e+18
62f2b5ab-3ebc-4eca-9b65-e763c3a26ea1,1.7773437574723855e+18
62f2b5ab-3ebc-4eca-9b65-e763c3a26ea1,1.7773437575057275e+18
62f2b5ab-3ebc-4eca-9b65-e763c3a26ea1,1.7773437575390707e+18
62f2b5ab-3ebc-4eca-9b65-e763c3a26ea1,1.7773437575724127e+18
62f2b5ab-3ebc-4eca-9b65-e763c3a26ea1,1.7773437576057556e+18
62f2b5ab-3ebc-4eca-9b65-e763c3a26ea1,1.7773437576390976e+18
62f2b5ab-3ebc-4eca-9b65-e763c3a26ea1,1.7773437576724406e+18
62f2b5ab-3ebc-4eca-9b65-e763c3a26ea1,1.7773437577057825e+18
62f2b5ab-3ebc-4eca-9b65-e763c3a26ea1,1.7773437577391245e+18
62f2b5ab-3ebc-4eca-9b65-e763c3a26ea1,1.7773437577724677e+18
62f2b5ab-3ebc-4eca-9b65-e763c3a26ea1,1.7773437578058097e+18
62f2b5ab-3ebc-4eca-9b65-e763c3a26ea1,1.7773437578391526e+18
62f2b5ab-3ebc-4eca-9b65-e763c3a26ea1,1.7773437578724946e+18
62f2b5ab-3ebc-4eca-9b65-e763c3a26ea1,1.7773437579058376e+18
62f2b5ab-3ebc-4eca-9b65-e763c3a26ea1,1.7773437579391795e+18
62f2b5ab-3ebc-4eca-9b65-e763c3a26ea1,1.7773437579725225e+18
62f2b5ab-3ebc-4eca-9b65-e763c3a26ea1,1.7773437580058647e+18
62f2b5ab-3ebc-4eca-9b65-e763c3a26ea1,1.7773437580392067e+18
62f2b5ab-3ebc-4eca-9b65-e763c3a26ea1,1.7773437580725496e+18
62f2b5ab-3ebc-4eca-9b65-e763c3a26ea1,1.7773437581058916e+18
62f2b5ab-3ebc-4eca-9b65-e763c3a26ea1,1.7773437581392346e+18
62f2b5ab-3ebc-4eca-9b65-e763c3a26ea1,1.7773437581725765e+18
62f2b5ab-3ebc-4eca-9b65-e763c3a26ea1,1.7773437582059195e+18
62f2b5ab-3ebc-4eca-9b65-e763c3a26ea1,1.7773437582392617e+18
62f2b5ab-3ebc-4eca-9b65-e763c3a26ea1,1.7773437582726047e+18
62f2b5ab-3ebc-4eca-9b65-e763c3a26ea1,1.7773437583059466e+18
62f2b5ab-3ebc-4eca-9b65-e763c3a26ea1,1.7773437583392896e+18
62f2b5ab-3ebc-4eca-9b65-e763c3a26ea1,1.7773437583726316e+18
62f2b5ab-3ebc-4eca-9b65-e763c3a26ea1,1.7773437584059735e+18
62f2b5ab-3ebc-4eca-9b65-e763c3a26ea1,1.7773437584393165e+18
62f2b5ab-3ebc-4eca-9b65-e763c3a26ea1,1.7773437584726587e+18
62f2b5ab-3ebc-4eca-9b65-e763c3a26ea1,1.7773437585060017e+18
62f2b5ab-3ebc-4eca-9b65-e763c3a26ea1,1.7773437585393436e+18
62f2b5ab-3ebc-4eca-9b65-e763c3a26ea1,1.7773437585726866e+18
62f2b5ab-3ebc-4eca-9b65-e763c3a26ea1,1.7773437586060285e+18
62f2b5ab-3ebc-4eca-9b65-e763c3a26ea1,1.7773437586393715e+18
62f2b5ab-3ebc-4eca-9b65-e763c3a26ea1,1.7773437586727137e+18
62f2b5ab-3ebc-4eca-9b65-e763c3a26ea1,1.7773437587060557e+18
62f2b5ab-3ebc-4eca-9b65-e763c3a26ea1,1.7773437587393987e+18
62f2b5ab-3ebc-4eca-9b65-e763c3a26ea1,1.7773437587727406e+18
62f2b5ab-3ebc-4eca-9b65-e763c3a26ea1,1.7773437588060836e+18
62f2b5ab-3ebc-4eca-9b65-e763c3a26ea1,1.7773437588394255e+18
62f2b5ab-3ebc-4eca-9b65-e763c3a26ea1,1.7773437588727685e+18
62f2b5ab-3ebc-4eca-9b65-e763c3a26ea1,1.7773437589061107e+18
62f2b5ab-3ebc-4eca-9b65-e763c3a26ea1,1.7773437589394537e+18
62f2b5ab-3ebc-4eca-9b65-e763c3a26ea1,1.7773437589727956e+18
62f2b5ab-3ebc-4eca-9b65-e763c3a26ea1,1.7773437590061376e+18
62f2b5ab-3ebc-4eca-9b65-e763c3a26ea1,1.7773437590394806e+18
62f2b5ab-3ebc-4eca-9b65-e763c3a26ea1,1.7773437590728225e+18
62f2b5ab-3ebc-4eca-9b65-e763c3a26ea1,1.7773437591061655e+18
62f2b5ab-3ebc-4eca-9b65-e763c3a26ea1,1.7773437591395077e+18
62f2b5ab-3ebc-4eca-9b65-e763c3a26ea1,1.7773437591728507e+18
62f2b5ab-3ebc-4eca-9b65-e763c3a26ea1,1.7773437592061926e+18
62f2b5ab-3ebc-4eca-9b65-e763c3a26ea1,1.7773437592395356e+18
62f2b5ab-3ebc-4eca-9b65-e763c3a26ea1,1.7773437592728776e+18
62f2b5ab-3ebc-4eca-9b65-e763c3a26ea1,1.7773437593062195e+18
62f2b5ab-3ebc-4eca-9b65-e763c3a26ea1,1.7773437593395625e+18
62f2b5ab-3ebc-4eca-9b65-e763c3a26ea1,1.7773437593729047e+18
62f2b5ab-3ebc-4eca-9b65-e763c3a26ea1,1.7773437594062477e+18
62f2b5ab-3ebc-4eca-9b65-e763c3a26ea1,1.7773437594395896e+18
62f2b5ab-3ebc-4eca-9b65-e763c3a26ea1,1.7773437594729326e+18
62f2b5ab-3ebc-4eca-9b65-e763c3a26ea1,1.7773437595062746e+18
62f2b5ab-3ebc-4eca-9b65-e763c3a26ea1,1.7773437595396175e+18
62f2b5ab-3ebc-4eca-9b65-e763c3a26ea1,1.7773437595729595e+18
62f2b5ab-3ebc-4eca-9b65-e763c3a26ea1,1.7773437596063017e+18
62f2b5ab-3ebc-4eca-9b65-e763c3a26ea1,1.7773437596396447e+18
62f2b5ab-3ebc-4eca-9b65-e763c3a26ea1,1.7773437596729866e+18
62f2b5ab-3ebc-4eca-9b65-e763c3a26ea1,1.7773437597063296e+18
62f2b5ab-3ebc-4eca-9b65-e763c3a26ea1,1.7773437597396716e+18
62f2b5ab-3ebc-4eca-9b65-e763c3a26ea1,1.7773437597730145e+18
62f2b5ab-3ebc-4eca-9b65-e763c3a26ea1,1.7773437598063565e+18
62f2b5ab-3ebc-4eca-9b65-e763c3a26ea1,1.7773437598396997e+18
62f2b5ab-3ebc-4eca-9b65-e763c3a26ea1,1.7773437598730417e+18
62f2b5ab-3ebc-4eca-9b65-e763c3a26ea1,1.7773437599063836e+18
62f2b5ab-3ebc-4eca-9b65-e763c3a26ea1,1.7773437599397266e+18
62f2b5ab-3ebc-4eca-9b65-e763c3a26ea1,1.7773437599730685e+18
62f2b5ab-3ebc-4eca-9b65-e763c3a26ea1,1.7773437600064115e+18
62f2b5ab-3ebc-4eca-9b65-e763c3a26ea1,1.7773437600397537e+18
62f2b5ab-3ebc-4eca-9b65-e763c3a26ea1,1.7773437600730967e+18
62f2b5ab-3ebc-4eca-9b65-e763c3a26ea1,1.7773437601064387e+18
62f2b5ab-3ebc-4eca-9b65-e763c3a26ea1,1.7773437601397816e+18
62f2b5ab-3ebc-4eca-9b65-e763c3a26ea1,1.7773437601731236e+18
62f2b5ab-3ebc-4eca-9b65-e763c3a26ea1,1.7773437602064666e+18
62f2b5ab-3ebc-4eca-9b65-e763c3a26ea1,1.7773437602398085e+18
62f2b5ab-3ebc-4eca-9b65-e763c3a26ea1,1.7773437602731507e+18
62f2b5ab-3ebc-4eca-9b65-e763c3a26ea1,1.7773437603064937e+18
62f2b5ab-3ebc-4eca-9b65-e763c3a26ea1,1.7773437603398356e+18
62f2b5ab-3ebc-4eca-9b65-e763c3a26ea1,1.7773437603731786e+18
62f2b5ab-3ebc-4eca-9b65-e763c3a26ea1,1.7773437604065206e+18
62f2b5ab-3ebc-4eca-9b65-e763c3a26ea1,1.7773437604398636e+18
62f2b5ab-3ebc-4eca-9b65-e763c3a26ea1,1.7773437604732055e+18
62f2b5ab-3ebc-4eca-9b65-e763c3a26ea1,1.7773437605065485e+18
62f2b5ab-3ebc-4eca-9b65-e763c3a26ea1,1.7773437605398907e+18
62f2b5ab-3ebc-4eca-9b65-e763c3a26ea1,1.7773437605732326e+18
62f2b5ab-3ebc-4eca-9b65-e763c3a26ea1,1.7773437606065756e+18
62f2b5ab-3ebc-4eca-9b65-e763c3a26ea1,1.7773437606399176e+18
62f2b5ab-3ebc-4eca-9b65-e763c3a26ea1,1.7773437606732605e+18
62f2b5ab-3ebc-4eca-9b65-e763c3a26ea1,1.7773437607066025e+18
62f2b5ab-3ebc-4eca-9b65-e763c3a26ea1,1.7773437607399457e+18
62f2b5ab-3ebc-4eca-9b65-e763c3a26ea1,1.7773437607732877e+18
62f2b5ab-3ebc-4eca-9b65-e763c3a26ea1,1.7773437608066307e+18
62f2b5ab-3ebc-4eca-9b65-e763c3a26ea1,1.7773437608399726e+18
62f2b5ab-3ebc-4eca-9b65-e763c3a26ea1,1.7773437608733146e+18
62f2b5ab-3ebc-4eca-9b65-e763c3a26ea1,1.7773437609066575e+18
62f2b5ab-3ebc-4eca-9b65-e763c3a26ea1,1.7773437609399995e+18
62f2b5ab-3ebc-4eca-9b65-e763c3a26ea1,1.7773437609733427e+18
62f2b5ab-3ebc-4eca-9b65-e763c3a26ea1,1.7773437610066847e+18
62f2b5ab-3ebc-4eca-9b65-e763c3a26ea1,1.7773437610400276e+18
62f2b5ab-3ebc-4eca-9b65-e763c3a26ea1,1.7773437610733696e+18
62f2b5ab-3ebc-4eca-9b65-e763c3a26ea1,1.7773437611067126e+18
62f2b5ab-3ebc-4eca-9b65-e763c3a26ea1,1.7773437611400545e+18
62f2b5ab-3ebc-4eca-9b65-e763c3a26ea1,1.7773437611733965e+18
62f2b5ab-3ebc-4eca-9b65-e763c3a26ea1,1.7773437612067397e+18
62f2b5ab-3ebc-4eca-9b65-e763c3a26ea1,1.7773437612400817e+18
62f2b5ab-3ebc-4eca-9b65-e763c3a26ea1,1.7773437612734246e+18
62f2b5ab-3ebc-4eca-9b65-e763c3a26ea1,1.7773437613067666e+18
62f2b5ab-3ebc-4eca-9b65-e763c3a26ea1,1.7773437613401096e+18
62f2b5ab-3ebc-4eca-9b65-e763c3a26ea1,1.7773437613734515e+18
62f2b5ab-3ebc-4eca-9b65-e763c3a26ea1,1.7773437614067945e+18
62f2b5ab-3ebc-4eca-9b65-e763c3a26ea1,1.7773437614401367e+18
62f2b5ab-3ebc-4eca-9b65-e763c3a26ea1,1.7773437614734797e+18
62f2b5ab-3ebc-4eca-9b65-e763c3a26ea1,1.7773437615068216e+18
62f2b5ab-3ebc-4eca-9b65-e763c3a26ea1,1.7773437615401636e+18
62f2b5ab-3ebc-4eca-9b65-e763c3a26ea1,1.7773437615735066e+18
62f2b5ab-3ebc-4eca-9b65-e763c3a26ea1,1.7773437616068485e+18
62f2b5ab-3ebc-4eca-9b65-e763c3a26ea1,1.7773437616401915e+18
62f2b5ab-3ebc-4eca-9b65-e763c3a26ea1,1.7773437616735337e+18
62f2b5ab-3ebc-4eca-9b65-e763c3a26ea1,1.7773437617068767e+18
62f2b5ab-3ebc-4eca-9b65-e763c3a26ea1,1.7773437617402186e+18
62f2b5ab-3ebc-4eca-9b65-e763c3a26ea1,1.7773437617735606e+18
62f2b5ab-3ebc-4eca-9b65-e763c3a26ea1,1.7773437618069036e+18
62f2b5ab-3ebc-4eca-9b65-e763c3a26ea1,1.7773437618402455e+18
62f2b5ab-3ebc-4eca-9b65-e763c3a26ea1,1.7773437618735885e+18
62f2b5ab-3ebc-4eca-9b65-e763c3a26ea1,1.7773437619069307e+18
62f2b5ab-3ebc-4eca-9b65-e763c3a26ea1,1.7773437619402737e+18
62f2b5ab-3ebc-4eca-9b65-e763c3a26ea1,1.7773437619736156e+18
62f2b5ab-3ebc-4eca-9b65-e763c3a26ea1,1.7773437620069586e+18
62f2b5ab-3ebc-4eca-9b65-e763c3a26ea1,1.7773437620403005e+18
62f2b5ab-3ebc-4eca-9b65-e763c3a26ea1,1.7773437620736435e+18
62f2b5ab-3ebc-4eca-9b65-e763c3a26ea1,1.7773437621069857e+18
62f2b5ab-3ebc-4eca-9b65-e763c3a26ea1,1.7773437621403277e+18
62f2b5ab-3ebc-4eca-9b65-e763c3a26ea1,1.7773437621736707e+18
62f2b5ab-3ebc-4eca-9b65-e763c3a26ea1,1.7773437622070126e+18
62f2b5ab-3ebc-4eca-9b65-e763c3a26ea1,1.7773437622403556e+18
62f2b5ab-3ebc-4eca-9b65-e763c3a26ea1,1.7773437622736975e+18
62f2b5ab-3ebc-4eca-9b65-e763c3a26ea1,1.7773437623070405e+18
62f2b5ab-3ebc-4eca-9b65-e763c3a26ea1,1.7773437623403827e+18
62f2b5ab-3ebc-4eca-9b65-e763c3a26ea1,1.7773437623737257e+18
62f2b5ab-3ebc-4eca-9b65-e763c3a26ea1,1.7773437624070676e+18
62f2b5ab-3ebc-4eca-9b65-e763c3a26ea1,1.7773437624404096e+18
62f2b5ab-3ebc-4eca-9b65-e763c3a26ea1,1.7773437624737526e+18
62f2b5ab-3ebc-4eca-9b65-e763c3a26ea1,1.7773437625070945e+18
62f2b5ab-3ebc-4eca-9b65-e763c3a26ea1,1.7773437625404375e+18
62f2b5ab-3ebc-4eca-9b65-e763c3a26ea1,1.7773437625737797e+18
62f2b5ab-3ebc-4eca-9b65-e763c3a26ea1,1.7773437626071227e+18
62f2b5ab-3ebc-4eca-9b65-e763c3a26ea1,1.7773437626404646e+18
62f2b5ab-3ebc-4eca-9b65-e763c3a26ea1,1.7773437626738076e+18
62f2b5ab-3ebc-4eca-9b65-e763c3a26ea1,1.7773437627071496e+18
62f2b5ab-3ebc-4eca-9b65-e763c3a26ea1,1.7773437627404915e+18
62f2b5ab-3ebc-4eca-9b65-e763c3a26ea1,1.7773437627738345e+18
62f2b5ab-3ebc-4eca-9b65-e763c3a26ea1,1.7773437628071767e+18
62f2b5ab-3ebc-4eca-9b65-e763c3a26ea1,1.7773437628405197e+18
62f2b5ab-3ebc-4eca-9b65-e763c3a26ea1,1.7773437628738616e+18
62f2b5ab-3ebc-4eca-9b65-e763c3a26ea1,1.7773437629072046e+18
62f2b5ab-3ebc-4eca-9b65-e763c3a26ea1,1.7773437629405466e+18
62f2b5ab-3ebc-4eca-9b65-e763c3a26ea1,1.7773437629738895e+18
62f2b5ab-3ebc-4eca-9b65-e763c3a26ea1,1.7773437630072315e+18
62f2b5ab-3ebc-4eca-9b65-e763c3a26ea1,1.7773437630405737e+18
62f2b5ab-3ebc-4eca-9b65-e763c3a26ea1,1.7773437630739167e+18
62f2b5ab-3ebc-4eca-9b65-e763c3a26ea1,1.7773437631072586e+18
62f2b5ab-3ebc-4eca-9b65-e763c3a26ea1,1.7773437631406016e+18
62f2b5ab-3ebc-4eca-9b65-e763c3a26ea1,1.7773437631739436e+18
62f2b5ab-3ebc-4eca-9b65-e763c3a26ea1,1.7773437632072865e+18
62f2b5ab-3ebc-4eca-9b65-e763c3a26ea1,1.7773437632406285e+18
62f2b5ab-3ebc-4eca-9b65-e763c3a26ea1,1.7773437632739717e+18
62f2b5ab-3ebc-4eca-9b65-e763c3a26ea1,1.7773437633073137e+18
62f2b5ab-3ebc-4eca-9b65-e763c3a26ea1,1.7773437633406556e+18
62f2b5ab-3ebc-4eca-9b65-e763c3a26ea1,1.7773437633739986e+18
62f2b5ab-3ebc-4eca-9b65-e763c3a26ea1,1.7773437634073405e+18
62f2b5ab-3ebc-4eca-9b65-e763c3a26ea1,1.7773437634406835e+18
62f2b5ab-3ebc-4eca-9b65-e763c3a26ea1,1.7773437634740257e+18
62f2b5ab-3ebc-4eca-9b65-e763c3a26ea1,1.7773437635073687e+18
62f2b5ab-3ebc-4eca-9b65-e763c3a26ea1,1.7773437635407107e+18
62f2b5ab-3ebc-4eca-9b65-e763c3a26ea1,1.7773437635740536e+18
62f2b5ab-3ebc-4eca-9b65-e763c3a26ea1,1.7773437636073956e+18
62f2b5ab-3ebc-4eca-9b65-e763c3a26ea1,1.7773437636407375e+18
62f2b5ab-3ebc-4eca-9b65-e763c3a26ea1,1.7773437636740805e+18
62f2b5ab-3ebc-4eca-9b65-e763c3a26ea1,1.7773437637074227e+18
62f2b5ab-3ebc-4eca-9b65-e763c3a26ea1,1.7773437637407657e+18
62f2b5ab-3ebc-4eca-9b65-e763c3a26ea1,1.7773437637741076e+18
62f2b5ab-3ebc-4eca-9b65-e763c3a26ea1,1.7773437638074506e+18
62f2b5ab-3ebc-4eca-9b65-e763c3a26ea1,1.7773437638407926e+18
62f2b5ab-3ebc-4eca-9b65-e763c3a26ea1,1.7773437638741356e+18
62f2b5ab-3ebc-4eca-9b65-e763c3a26ea1,1.7773437639074775e+18
62f2b5ab-3ebc-4eca-9b65-e763c3a26ea1,1.7773437639408205e+18
62f2b5ab-3ebc-4eca-9b65-e763c3a26ea1,1.7773437639741627e+18
62f2b5ab-3ebc-4eca-9b65-e763c3a26ea1,1.7773437640075046e+18
62f2b5ab-3ebc-4eca-9b65-e763c3a26ea1,1.7773437640408476e+18
62f2b5ab-3ebc-4eca-9b65-e763c3a26ea1,1.7773437640741896e+18
62f2b5ab-3ebc-4eca-9b65-e763c3a26ea1,1.7773437641075325e+18
62f2b5ab-3ebc-4eca-9b65-e763c3a26ea1,1.7773437641408745e+18
62f2b5ab-3ebc-4eca-9b65-e763c3a26ea1,1.7773437641742177e+18
62f2b5ab-3ebc-4eca-9b65-e763c3a26ea1,1.7773437642075597e+18
62f2b5ab-3ebc-4eca-9b65-e763c3a26ea1,1.7773437642409027e+18
62f2b5ab-3ebc-4eca-9b65-e763c3a26ea1,1.7773437642742446e+18
62f2b5ab-3ebc-4eca-9b65-e763c3a26ea1,1.7773437643075866e+18
62f2b5ab-3ebc-4eca-9b65-e763c3a26ea1,1.7773437643409295e+18
62f2b5ab-3ebc-4eca-9b65-e763c3a26ea1,1.7773437643742715e+18
62f2b5ab-3ebc-4eca-9b65-e763c3a26ea1,1.7773437644076147e+18
62f2b5ab-3ebc-4eca-9b65-e763c3a26ea1,1.7773437644409567e+18
62f2b5ab-3ebc-4eca-9b65-e763c3a26ea1,1.7773437644742996e+18
62f2b5ab-3ebc-4eca-9b65-e763c3a26ea1,1.7773437645076416e+18
62f2b5ab-3ebc-4eca-9b65-e763c3a26ea1,1.7773437645409846e+18
62f2b5ab-3ebc-4eca-9b65-e763c3a26ea1,1.7773437645743265e+18
62f2b5ab-3ebc-4eca-9b65-e763c3a26ea1,1.7773437646076685e+18
62f2b5ab-3ebc-4eca-9b65-e763c3a26ea1,1.7773437646410117e+18
62f2b5ab-3ebc-4eca-9b65-e763c3a26ea1,1.7773437646743537e+18
62f2b5ab-3ebc-4eca-9b65-e763c3a26ea1,1.7773437647076966e+18
62f2b5ab-3ebc-4eca-9b65-e763c3a26ea1,1.7773437647410386e+18
62f2b5ab-3ebc-4eca-9b65-e763c3a26ea1,1.7773437647743816e+18
62f2b5ab-3ebc-4eca-9b65-e763c3a26ea1,1.7773437648077235e+18
62f2b5ab-3ebc-4eca-9b65-e763c3a26ea1,1.7773437648410665e+18
62f2b5ab-3ebc-4eca-9b65-e763c3a26ea1,1.7773437648744087e+18
62f2b5ab-3ebc-4eca-9b65-e763c3a26ea1,1.7773437649077507e+18
62f2b5ab-3ebc-4eca-9b65-e763c3a26ea1,1.7773437649410936e+18
62f2b5ab-3ebc-4eca-9b65-e763c3a26ea1,1.7773437649744356e+18
62f2b5ab-3ebc-4eca-9b65-e763c3a26ea1,1.7773437650077786e+18
62f2b5ab-3ebc-4eca-9b65-e763c3a26ea1,1.7773437650411205e+18
62f2b5ab-3ebc-4eca-9b65-e763c3a26ea1,1.7773437650744635e+18
62f2b5ab-3ebc-4eca-9b65-e763c3a26ea1,1.7773437651078057e+18
62f2b5ab-3ebc-4eca-9b65-e763c3a26ea1,1.7773437651411487e+18
62f2b5ab-3ebc-4eca-9b65-e763c3a26ea1,1.7773437651744906e+18
62f2b5ab-3ebc-4eca-9b65-e763c3a26ea1,1.7773437652078326e+18
62f2b5ab-3ebc-4eca-9b65-e763c3a26ea1,1.7773437652411756e+18
62f2b5ab-3ebc-4eca-9b65-e763c3a26ea1,1.7773437652745175e+18
62f2b5ab-3ebc-4eca-9b65-e763c3a26ea1,1.7773437653078605e+18
62f2b5ab-3ebc-4eca-9b65-e763c3a26ea1,1.7773437653412027e+18
62f2b5ab-3ebc-4eca-9b65-e763c3a26ea1,1.7773437653745457e+18
62f2b5ab-3ebc-4eca-9b65-e763c3a26ea1,1.7773437654078876e+18
62f2b5ab-3ebc-4eca-9b65-e763c3a26ea1,1.7773437654412306e+18
62f2b5ab-3ebc-4eca-9b65-e763c3a26ea1,1.7773437654745725e+18
62f2b5ab-3ebc-4eca-9b65-e763c3a26ea1,1.7773437655079145e+18
62f2b5ab-3ebc-4eca-9b65-e763c3a26ea1,1.7773437655412577e+18
62f2b5ab-3ebc-4eca-9b65-e763c3a26ea1,1.7773437655745997e+18
62f2b5ab-3ebc-4eca-9b65-e763c3a26ea1,1.7773437656079427e+18
62f2b5ab-3ebc-4eca-9b65-e763c3a26ea1,1.7773437656412846e+18
62f2b5ab-3ebc-4eca-9b65-e763c3a26ea1,1.7773437656746276e+18
62f2b5ab-3ebc-4eca-9b65-e763c3a26ea1,1.7773437657079695e+18
62f2b5ab-3ebc-4eca-9b65-e763c3a26ea1,1.7773437657413125e+18
62f2b5ab-3ebc-4eca-9b65-e763c3a26ea1,1.7773437657746547e+18
62f2b5ab-3ebc-4eca-9b65-e763c3a26ea1,1.7773437658079977e+18
62f2b5ab-3ebc-4eca-9b65-e763c3a26ea1,1.7773437658413396e+18
62f2b5ab-3ebc-4eca-9b65-e763c3a26ea1,1.7773437658746816e+18
62f2b5ab-3ebc-4eca-9b65-e763c3a26ea1,1.7773437659080246e+18
62f2b5ab-3ebc-4eca-9b65-e763c3a26ea1,1.7773437659413665e+18
62f2b5ab-3ebc-4eca-9b65-e763c3a26ea1,1.7773437659747095e+18
62f2b5ab-3ebc-4eca-9b65-e763c3a26ea1,1.7773437660080517e+18
62f2b5ab-3ebc-4eca-9b65-e763c3a26ea1,1.7773437660413947e+18
62f2b5ab-3ebc-4eca-9b65-e763c3a26ea1,1.7773437660747366e+18
62f2b5ab-3ebc-4eca-9b65-e763c3a26ea1,1.7773437661080796e+18
62f2b5ab-3ebc-4eca-9b65-e763c3a26ea1,1.7773437661414216e+18
62f2b5ab-3ebc-4eca-9b65-e763c3a26ea1,1.7773437661747635e+18
62f2b5ab-3ebc-4eca-9b65-e763c3a26ea1,1.7773437662081065e+18
62f2b5ab-3ebc-4eca-9b65-e763c3a26ea1,1.7773437662414487e+18
62f2b5ab-3ebc-4eca-9b65-e763c3a26ea1,1.7773437662747917e+18
62f2b5ab-3ebc-4eca-9b65-e763c3a26ea1,1.7773437663081336e+18
62f2b5ab-3ebc-4eca-9b65-e763c3a26ea1,1.7773437663414766e+18
62f2b5ab-3ebc-4eca-9b65-e763c3a26ea1,1.7773437663748186e+18
62f2b5ab-3ebc-4eca-9b65-e763c3a26ea1,1.7773437664081615e+18
62f2b5ab-3ebc-4eca-9b65-e763c3a26ea1,1.7773437664415035e+18
62f2b5ab-3ebc-4eca-9b65-e763c3a26ea1,1.7773437664748457e+18
62f2b5ab-3ebc-4eca-9b65-e763c3a26ea1,1.7773437665081887e+18
62f2b5ab-3ebc-4eca-9b65-e763c3a26ea1,1.7773437665415306e+18
62f2b5ab-3ebc-4eca-9b65-e763c3a26ea1,1.7773437665748736e+18
62f2b5ab-3ebc-4eca-9b65-e763c3a26ea1,1.7773437666082156e+18
62f2b5ab-3ebc-4eca-9b65-e763c3a26ea1,1.7773437666415585e+18
62f2b5ab-3ebc-4eca-9b65-e763c3a26ea1,1.7773437666749005e+18
62f2b5ab-3ebc-4eca-9b65-e763c3a26ea1,1.7773437667082437e+18
62f2b5ab-3ebc-4eca-9b65-e763c3a26ea1,1.7773437667415857e+18
62f2b5ab-3ebc-4eca-9b65-e763c3a26ea1,1.7773437667749276e+18
62f2b5ab-3ebc-4eca-9b65-e763c3a26ea1,1.7773437668082706e+18
62f2b5ab-3ebc-4eca-9b65-e763c3a26ea1,1.7773437668416125e+18
62f2b5ab-3ebc-4eca-9b65-e763c3a26ea1,1.7773437668749555e+18
62f2b5ab-3ebc-4eca-9b65-e763c3a26ea1,1.7773437669082977e+18
62f2b5ab-3ebc-4eca-9b65-e763c3a26ea1,1.7773437669416407e+18
62f2b5ab-3ebc-4eca-9b65-e763c3a26ea1,1.7773437669749827e+18
62f2b5ab-3ebc-4eca-9b65-e763c3a26ea1,1.7773437670083256e+18
62f2b5ab-3ebc-4eca-9b65-e763c3a26ea1,1.7773437670416676e+18
62f2b5ab-3ebc-4eca-9b65-e763c3a26ea1,1.7773437670750095e+18
62f2b5ab-3ebc-4eca-9b65-e763c3a26ea1,1.7773437671083525e+18
62f2b5ab-3ebc-4eca-9b65-e763c3a26ea1,1.7773437671416947e+18
62f2b5ab-3ebc-4eca-9b65-e763c3a26ea1,1.7773437671750377e+18
62f2b5ab-3ebc-4eca-9b65-e763c3a26ea1,1.7773437672083796e+18
62f2b5ab-3ebc-4eca-9b65-e763c3a26ea1,1.7773437672417226e+18
62f2b5ab-3ebc-4eca-9b65-e763c3a26ea1,1.7773437672750646e+18
62f2b5ab-3ebc-4eca-9b65-e763c3a26ea1,1.7773437673084076e+18
62f2b5ab-3ebc-4eca-9b65-e763c3a26ea1,1.7773437673417495e+18
62f2b5ab-3ebc-4eca-9b65-e763c3a26ea1,1.7773437673750917e+18
62f2b5ab-3ebc-4eca-9b65-e763c3a26ea1,1.7773437674084347e+18
62f2b5ab-3ebc-4eca-9b65-e763c3a26ea1,1.7773437674417766e+18
62f2b5ab-3ebc-4eca-9b65-e763c3a26ea1,1.7773437674751196e+18
62f2b5ab-3ebc-4eca-9b65-e763c3a26ea1,1.7773437675084616e+18
62f2b5ab-3ebc-4eca-9b65-e763c3a26ea1,1.7773437675418045e+18
62f2b5ab-3ebc-4eca-9b65-e763c3a26ea1,1.7773437675751465e+18
62f2b5ab-3ebc-4eca-9b65-e763c3a26ea1,1.7773437676084897e+18
62f2b5ab-3ebc-4eca-9b65-e763c3a26ea1,1.7773437676418317e+18
62f2b5ab-3ebc-4eca-9b65-e763c3a26ea1,1.7773437676751747e+18
62f2b5ab-3ebc-4eca-9b65-e763c3a26ea1,1.7773437677085166e+18
62f2b5ab-3ebc-4eca-9b65-e763c3a26ea1,1.7773437677418586e+18
62f2b5ab-3ebc-4eca-9b65-e763c3a26ea1,1.7773437677752015e+18
62f2b5ab-3ebc-4eca-9b65-e763c3a26ea1,1.7773437678085435e+18
62f2b5ab-3ebc-4eca-9b65-e763c3a26ea1,1.7773437678418867e+18
62f2b5ab-3ebc-4eca-9b65-e763c3a26ea1,1.7773437678752287e+18
62f2b5ab-3ebc-4eca-9b65-e763c3a26ea1,1.7773437679085716e+18
62f2b5ab-3ebc-4eca-9b65-e763c3a26ea1,1.7773437679419136e+18
62f2b5ab-3ebc-4eca-9b65-e763c3a26ea1,1.7773437679752566e+18
62f2b5ab-3ebc-4eca-9b65-e763c3a26ea1,1.7773437680085985e+18
62f2b5ab-3ebc-4eca-9b65-e763c3a26ea1,1.7773437680419405e+18
62f2b5ab-3ebc-4eca-9b65-e763c3a26ea1,1.7773437680752837e+18
62f2b5ab-3ebc-4eca-9b65-e763c3a26ea1,1.7773437681086257e+18
62f2b5ab-3ebc-4eca-9b65-e763c3a26ea1,1.7773437681419686e+18
62f2b5ab-3ebc-4eca-9b65-e763c3a26ea1,1.7773437681753106e+18
62f2b5ab-3ebc-4eca-9b65-e763c3a26ea1,1.7773437682086536e+18
62f2b5ab-3ebc-4eca-9b65-e763c3a26ea1,1.7773437682419955e+18
62f2b5ab-3ebc-4eca-9b65-e763c3a26ea1,1.7773437682753385e+18
62f2b5ab-3ebc-4eca-9b65-e763c3a26ea1,1.7773437683086807e+18
62f2b5ab-3ebc-4eca-9b65-e763c3a26ea1,1.7773437683420227e+18
62f2b5ab-3ebc-4eca-9b65-e763c3a26ea1,1.7773437683753656e+18
62f2b5ab-3ebc-4eca-9b65-e763c3a26ea1,1.7773437684087076e+18
62f2b5ab-3ebc-4eca-9b65-e763c3a26ea1,1.7773437684420506e+18
62f2b5ab-3ebc-4eca-9b65-e763c3a26ea1,1.7773437684753925e+18
62f2b5ab-3ebc-4eca-9b65-e763c3a26ea1,1.7773437685087355e+18
62f2b5ab-3ebc-4eca-9b65-e763c3a26ea1,1.7773437685420777e+18
62f2b5ab-3ebc-4eca-9b65-e763c3a26ea1,1.7773437685754207e+18
62f2b5ab-3ebc-4eca-9b65-e763c3a26ea1,1.7773437686087626e+18
62f2b5ab-3ebc-4eca-9b65-e763c3a26ea1,1.7773437686421046e+18
62f2b5ab-3ebc-4eca-9b65-e763c3a26ea1,1.7773437686754476e+18
62f2b5ab-3ebc-4eca-9b65-e763c3a26ea1,1.7773437687087895e+18
62f2b5ab-3ebc-4eca-9b65-e763c3a26ea1,1.7773437687421325e+18
62f2b5ab-3ebc-4eca-9b65-e763c3a26ea1,1.7773437687754747e+18
62f2b5ab-3ebc-4eca-9b65-e763c3a26ea1,1.7773437688088177e+18
62f2b5ab-3ebc-4eca-9b65-e763c3a26ea1,1.7773437688421596e+18
62f2b5ab-3ebc-4eca-9b65-e763c3a26ea1,1.7773437688755026e+18
62f2b5ab-3ebc-4eca-9b65-e763c3a26ea1,1.7773437689088445e+18
62f2b5ab-3ebc-4eca-9b65-e763c3a26ea1,1.7773437689421865e+18
62f2b5ab-3ebc-4eca-9b65-e763c3a26ea1,1.7773437689755297e+18
62f2b5ab-3ebc-4eca-9b65-e763c3a26ea1,1.7773437690088717e+18
62f2b5ab-3ebc-4eca-9b65-e763c3a26ea1,1.7773437690422147e+18
62f2b5ab-3ebc-4eca-9b65-e763c3a26ea1,1.7773437690755566e+18
62f2b5ab-3ebc-4eca-9b65-e763c3a26ea1,1.7773437691088996e+18
62f2b5ab-3ebc-4eca-9b65-e763c3a26ea1,1.7773437691422415e+18
62f2b5ab-3ebc-4eca-9b65-e763c3a26ea1,1.7773437691755845e+18
62f2b5ab-3ebc-4eca-9b65-e763c3a26ea1,1.7773437692089267e+18
62f2b5ab-3ebc-4eca-9b65-e763c3a26ea1,1.7773437692422687e+18
62f2b5ab-3ebc-4eca-9b65-e763c3a26ea1,1.7773437692756116e+18
62f2b5ab-3ebc-4eca-9b65-e763c3a26ea1,1.7773437693089536e+18
62f2b5ab-3ebc-4eca-9b65-e763c3a26ea1,1.7773437693422966e+18
62f2b5ab-3ebc-4eca-9b65-e763c3a26ea1,1.7773437693756385e+18
62f2b5ab-3ebc-4eca-9b65-e763c3a26ea1,1.7773437694089815e+18
62f2b5ab-3ebc-4eca-9b65-e763c3a26ea1,1.7773437694423237e+18
62f2b5ab-3ebc-4eca-9b65-e763c3a26ea1,1.7773437694756667e+18
62f2b5ab-3ebc-4eca-9b65-e763c3a26ea1,1.7773437695090086e+18
62f2b5ab-3ebc-4eca-9b65-e763c3a26ea1,1.7773437695423516e+18
62f2b5ab-3ebc-4eca-9b65-e763c3a26ea1,1.7773437695756936e+18
62f2b5ab-3ebc-4eca-9b65-e763c3a26ea1,1.7773437696090355e+18
62f2b5ab-3ebc-4eca-9b65-e763c3a26ea1,1.7773437696423785e+18
62f2b5ab-3ebc-4eca-9b65-e763c3a26ea1,1.7773437696757207e+18
62f2b5ab-3ebc-4eca-9b65-e763c3a26ea1,1.7773437697090637e+18
62f2b5ab-3ebc-4eca-9b65-e763c3a26ea1,1.7773437697424056e+18
62f2b5ab-3ebc-4eca-9b65-e763c3a26ea1,1.7773437697757486e+18
62f2b5ab-3ebc-4eca-9b65-e763c3a26ea1,1.7773437698090906e+18
62f2b5ab-3ebc-4eca-9b65-e763c3a26ea1,1.7773437698424335e+18
62f2b5ab-3ebc-4eca-9b65-e763c3a26ea1,1.7773437698757755e+18
62f2b5ab-3ebc-4eca-9b65-e763c3a26ea1,1.7773437699091177e+18
62f2b5ab-3ebc-4eca-9b65-e763c3a26ea1,1.7773437699424607e+18
62f2b5ab-3ebc-4eca-9b65-e763c3a26ea1,1.7773437699758026e+18
62f2b5ab-3ebc-4eca-9b65-e763c3a26ea1,1.7773437700091456e+18
62f2b5ab-3ebc-4eca-9b65-e763c3a26ea1,1.7773437700424876e+18
62f2b5ab-3ebc-4eca-9b65-e763c3a26ea1,1.7773437700758305e+18
62f2b5ab-3ebc-4eca-9b65-e763c3a26ea1,1.7773437701091725e+18
62f2b5ab-3ebc-4eca-9b65-e763c3a26ea1,1.7773437701425157e+18
62f2b5ab-3ebc-4eca-9b65-e763c3a26ea1,1.7773437701758577e+18
62f2b5ab-3ebc-4eca-9b65-e763c3a26ea1,1.7773437702091996e+18
62f2b5ab-3ebc-4eca-9b65-e763c3a26ea1,1.7773437702425426e+18
62f2b5ab-3ebc-4eca-9b65-e763c3a26ea1,1.7773437702758845e+18
62f2b5ab-3ebc-4eca-9b65-e763c3a26ea1,1.7773437703092275e+18
62f2b5ab-3ebc-4eca-9b65-e763c3a26ea1,1.7773437703425697e+18
62f2b5ab-3ebc-4eca-9b65-e763c3a26ea1,1.7773437703759127e+18
62f2b5ab-3ebc-4eca-9b65-e763c3a26ea1,1.7773437704092547e+18
62f2b5ab-3ebc-4eca-9b65-e763c3a26ea1,1.7773437704425976e+18
62f2b5ab-3ebc-4eca-9b65-e763c3a26ea1,1.7773437704759396e+18
62f2b5ab-3ebc-4eca-9b65-e763c3a26ea1,1.7773437705092826e+18
62f2b5ab-3ebc-4eca-9b65-e763c3a26ea1,1.7773437705426245e+18
62f2b5ab-3ebc-4eca-9b65-e763c3a26ea1,1.7773437705759667e+18
62f2b5ab-3ebc-4eca-9b65-e763c3a26ea1,1.7773437706093097e+18
62f2b5ab-3ebc-4eca-9b65-e763c3a26ea1,1.7773437706426516e+18
62f2b5ab-3ebc-4eca-9b65-e763c3a26ea1,1.7773437706759946e+18
62f2b5ab-3ebc-4eca-9b65-e763c3a26ea1,1.7773437707093366e+18
62f2b5ab-3ebc-4eca-9b65-e763c3a26ea1,1.7773437707426796e+18
62f2b5ab-3ebc-4eca-9b65-e763c3a26ea1,1.7773437707760215e+18
62f2b5ab-3ebc-4eca-9b65-e763c3a26ea1,1.7773437708093645e+18
62f2b5ab-3ebc-4eca-9b65-e763c3a26ea1,1.7773437708427067e+18
62f2b5ab-3ebc-4eca-9b65-e763c3a26ea1,1.7773437708760486e+18
62f2b5ab-3ebc-4eca-9b65-e763c3a26ea1,1.7773437709093916e+18
62f2b5ab-3ebc-4eca-9b65-e763c3a26ea1,1.7773437709427336e+18
62f2b5ab-3ebc-4eca-9b65-e763c3a26ea1,1.7773437709760765e+18
62f2b5ab-3ebc-4eca-9b65-e763c3a26ea1,1.7773437710094185e+18
62f2b5ab-3ebc-4eca-9b65-e763c3a26ea1,1.7773437710427617e+18
62f2b5ab-3ebc-4eca-9b65-e763c3a26ea1,1.7773437710761037e+18
62f2b5ab-3ebc-4eca-9b65-e763c3a26ea1,1.7773437711094467e+18
62f2b5ab-3ebc-4eca-9b65-e763c3a26ea1,1.7773437711427886e+18
62f2b5ab-3ebc-4eca-9b65-e763c3a26ea1,1.7773437711761306e+18
62f2b5ab-3ebc-4eca-9b65-e763c3a26ea1,1.7773437712094735e+18
62f2b5ab-3ebc-4eca-9b65-e763c3a26ea1,1.7773437712428155e+18
62f2b5ab-3ebc-4eca-9b65-e763c3a26ea1,1.7773437712761587e+18
62f2b5ab-3ebc-4eca-9b65-e763c3a26ea1,1.7773437713095007e+18
62f2b5ab-3ebc-4eca-9b65-e763c3a26ea1,1.7773437713428436e+18
62f2b5ab-3ebc-4eca-9b65-e763c3a26ea1,1.7773437713761856e+18
62f2b5ab-3ebc-4eca-9b65-e763c3a26ea1,1.7773437714095286e+18
62f2b5ab-3ebc-4eca-9b65-e763c3a26ea1,1.7773437714428705e+18
62f2b5ab-3ebc-4eca-9b65-e763c3a26ea1,1.7773437714762135e+18
62f2b5ab-3ebc-4eca-9b65-e763c3a26ea1,1.7773437715095557e+18
62f2b5ab-3ebc-4eca-9b65-e763c3a26ea1,1.7773437715428977e+18
62f2b5ab-3ebc-4eca-9b65-e763c3a26ea1,1.7773437715762406e+18
62f2b5ab-3ebc-4eca-9b65-e763c3a26ea1,1.7773437716095826e+18
62f2b5ab-3ebc-4eca-9b65-e763c3a26ea1,1.7773437716429256e+18
62f2b5ab-3ebc-4eca-9b65-e763c3a26ea1,1.7773437716762675e+18
62f2b5ab-3ebc-4eca-9b65-e763c3a26ea1,1.7773437717096105e+18
62f2b5ab-3ebc-4eca-9b65-e763c3a26ea1,1.7773437717429527e+18
62f2b5ab-3ebc-4eca-9b65-e763c3a26ea1,1.7773437717762947e+18
62f2b5ab-3ebc-4eca-9b65-e763c3a26ea1,1.7773437718096376e+18
62f2b5ab-3ebc-4eca-9b65-e763c3a26ea1,1.7773437718429796e+18
62f2b5ab-3ebc-4eca-9b65-e763c3a26ea1,1.7773437718763226e+18
62f2b5ab-3ebc-4eca-9b65-e763c3a26ea1,1.7773437719096645e+18
62f2b5ab-3ebc-4eca-9b65-e763c3a26ea1,1.7773437719430075e+18
62f2b5ab-3ebc-4eca-9b65-e763c3a26ea1,1.7773437719763497e+18
62f2b5ab-3ebc-4eca-9b65-e763c3a26ea1,1.7773437720096927e+18
62f2b5ab-3ebc-4eca-9b65-e763c3a26ea1,1.7773437720430346e+18
62f2b5ab-3ebc-4eca-9b65-e763c3a26ea1,1.7773437720763776e+18
62f2b5ab-3ebc-4eca-9b65-e763c3a26ea1,1.7773437721097196e+18
62f2b5ab-3ebc-4eca-9b65-e763c3a26ea1,1.7773437721430615e+18
62f2b5ab-3ebc-4eca-9b65-e763c3a26ea1,1.7773437721764045e+18
62f2b5ab-3ebc-4eca-9b65-e763c3a26ea1,1.7773437722097467e+18
62f2b5ab-3ebc-4eca-9b65-e763c3a26ea1,1.7773437722430897e+18
62f2b5ab-3ebc-4eca-9b65-e763c3a26ea1,1.7773437722764316e+18
62f2b5ab-3ebc-4eca-9b65-e763c3a26ea1,1.7773437723097746e+18
62f2b5ab-3ebc-4eca-9b65-e763c3a26ea1,1.7773437723431165e+18
62f2b5ab-3ebc-4eca-9b65-e763c3a26ea1,1.7773437723764595e+18
62f2b5ab-3ebc-4eca-9b65-e763c3a26ea1,1.7773437724098017e+18
62f2b5ab-3ebc-4eca-9b65-e763c3a26ea1,1.7773437724431437e+18
62f2b5ab-3ebc-4eca-9b65-e763c3a26ea1,1.7773437724764867e+18
62f2b5ab-3ebc-4eca-9b65-e763c3a26ea1,1.7773437725098286e+18
62f2b5ab-3ebc-4eca-9b65-e763c3a26ea1,1.7773437725431716e+18
62f2b5ab-3ebc-4eca-9b65-e763c3a26ea1,1.7773437725765135e+18
62f2b5ab-3ebc-4eca-9b65-e763c3a26ea1,1.7773437726098565e+18
62f2b5ab-3ebc-4eca-9b65-e763c3a26ea1,1.7773437726431987e+18
62f2b5ab-3ebc-4eca-9b65-e763c3a26ea1,1.7773437726765417e+18
62f2b5ab-3ebc-4eca-9b65-e763c3a26ea1,1.7773437727098836e+18
62f2b5ab-3ebc-4eca-9b65-e763c3a26ea1,1.7773437727432256e+18
62f2b5ab-3ebc-4eca-9b65-e763c3a26ea1,1.7773437727765686e+18
62f2b5ab-3ebc-4eca-9b65-e763c3a26ea1,1.7773437728099105e+18
62f2b5ab-3ebc-4eca-9b65-e763c3a26ea1,1.7773437728432535e+18
62f2b5ab-3ebc-4eca-9b65-e763c3a26ea1,1.7773437728765957e+18
62f2b5ab-3ebc-4eca-9b65-e763c3a26ea1,1.7773437729099387e+18
62f2b5ab-3ebc-4eca-9b65-e763c3a26ea1,1.7773437729432806e+18
62f2b5ab-3ebc-4eca-9b65-e763c3a26ea1,1.7773437729766236e+18
62f2b5ab-3ebc-4eca-9b65-e763c3a26ea1,1.7773437730099656e+18
62f2b5ab-3ebc-4eca-9b65-e763c3a26ea1,1.7773437730433075e+18
62f2b5ab-3ebc-4eca-9b65-e763c3a26ea1,1.7773437730766505e+18
62f2b5ab-3ebc-4eca-9b65-e763c3a26ea1,1.7773437731099927e+18
62f2b5ab-3ebc-4eca-9b65-e763c3a26ea1,1.7773437731433357e+18
62f2b5ab-3ebc-4eca-9b65-e763c3a26ea1,1.7773437731766776e+18
62f2b5ab-3ebc-4eca-9b65-e763c3a26ea1,1.7773437732100206e+18
62f2b5ab-3ebc-4eca-9b65-e763c3a26ea1,1.7773437732433626e+18
62f2b5ab-3ebc-4eca-9b65-e763c3a26ea1,1.7773437732767055e+18
62f2b5ab-3ebc-4eca-9b65-e763c3a26ea1,1.7773437733100475e+18
62f2b5ab-3ebc-4eca-9b65-e763c3a26ea1,1.7773437733433897e+18
62f2b5ab-3ebc-4eca-9b65-e763c3a26ea1,1.7773437733767327e+18
62f2b5ab-3ebc-4eca-9b65-e763c3a26ea1,1.7773437734100746e+18
62f2b5ab-3ebc-4eca-9b65-e763c3a26ea1,1.7773437734434176e+18
62f2b5ab-3ebc-4eca-9b65-e763c3a26ea1,1.7773437734767596e+18
62f2b5ab-3ebc-4eca-9b65-e763c3a26ea1,1.7773437735101025e+18
62f2b5ab-3ebc-4eca-9b65-e763c3a26ea1,1.7773437735434445e+18
62f2b5ab-3ebc-4eca-9b65-e763c3a26ea1,1.7773437735767877e+18
62f2b5ab-3ebc-4eca-9b65-e763c3a26ea1,1.7773437736101297e+18
62f2b5ab-3ebc-4eca-9b65-e763c3a26ea1,1.7773437736434716e+18
62f2b5ab-3ebc-4eca-9b65-e763c3a26ea1,1.7773437736768146e+18
62f2b5ab-3ebc-4eca-9b65-e763c3a26ea1,1.7773437737101565e+18
62f2b5ab-3ebc-4eca-9b65-e763c3a26ea1,1.7773437737434995e+18
62f2b5ab-3ebc-4eca-9b65-e763c3a26ea1,1.7773437737768417e+18
62f2b5ab-3ebc-4eca-9b65-e763c3a26ea1,1.7773437738101847e+18
62f2b5ab-3ebc-4eca-9b65-e763c3a26ea1,1.7773437738435267e+18
62f2b5ab-3ebc-4eca-9b65-e763c3a26ea1,1.7773437738768696e+18
62f2b5ab-3ebc-4eca-9b65-e763c3a26ea1,1.7773437739102116e+18
62f2b5ab-3ebc-4eca-9b65-e763c3a26ea1,1.7773437739435546e+18
62f2b5ab-3ebc-4eca-9b65-e763c3a26ea1,1.7773437739768965e+18
62f2b5ab-3ebc-4eca-9b65-e763c3a26ea1,1.7773437740102387e+18
62f2b5ab-3ebc-4eca-9b65-e763c3a26ea1,1.7773437740435817e+18
62f2b5ab-3ebc-4eca-9b65-e763c3a26ea1,1.7773437740769236e+18
62f2b5ab-3ebc-4eca-9b65-e763c3a26ea1,1.7773437741102666e+18
62f2b5ab-3ebc-4eca-9b65-e763c3a26ea1,1.7773437741436086e+18
62f2b5ab-3ebc-4eca-9b65-e763c3a26ea1,1.7773437741769516e+18
62f2b5ab-3ebc-4eca-9b65-e763c3a26ea1,1.7773437742102935e+18
62f2b5ab-3ebc-4eca-9b65-e763c3a26ea1,1.7773437742436365e+18
62f2b5ab-3ebc-4eca-9b65-e763c3a26ea1,1.7773437742769787e+18
62f2b5ab-3ebc-4eca-9b65-e763c3a26ea1,1.7773437743103206e+18
62f2b5ab-3ebc-4eca-9b65-e763c3a26ea1,1.7773437743436636e+18
62f2b5ab-3ebc-4eca-9b65-e763c3a26ea1,1.7773437743770056e+18
62f2b5ab-3ebc-4eca-9b65-e763c3a26ea1,1.7773437744103485e+18
62f2b5ab-3ebc-4eca-9b65-e763c3a26ea1,1.7773437744436905e+18
62f2b5ab-3ebc-4eca-9b65-e763c3a26ea1,1.7773437744770337e+18
62f2b5ab-3ebc-4eca-9b65-e763c3a26ea1,1.7773437745103757e+18
62f2b5ab-3ebc-4eca-9b65-e763c3a26ea1,1.7773437745437187e+18
62f2b5ab-3ebc-4eca-9b65-e763c3a26ea1,1.7773437745770606e+18
62f2b5ab-3ebc-4eca-9b65-e763c3a26ea1,1.7773437746104026e+18
62f2b5ab-3ebc-4eca-9b65-e763c3a26ea1,1.7773437746437455e+18
62f2b5ab-3ebc-4eca-9b65-e763c3a26ea1,1.7773437746770875e+18
62f2b5ab-3ebc-4eca-9b65-e763c3a26ea1,1.7773437747104307e+18
62f2b5ab-3ebc-4eca-9b65-e763c3a26ea1,1.7773437747437727e+18
62f2b5ab-3ebc-4eca-9b65-e763c3a26ea1,1.7773437747771156e+18
62f2b5ab-3ebc-4eca-9b65-e763c3a26ea1,1.7773437748104576e+18
62f2b5ab-3ebc-4eca-9b65-e763c3a26ea1,1.7773437748438006e+18
62f2b5ab-3ebc-4eca-9b65-e763c3a26ea1,1.7773437748771425e+18
62f2b5ab-3ebc-4eca-9b65-e763c3a26ea1,1.7773437749104845e+18
62f2b5ab-3ebc-4eca-9b65-e763c3a26ea1,1.7773437749438277e+18
62f2b5ab-3ebc-4eca-9b65-e763c3a26ea1,1.7773437749771697e+18
62f2b5ab-3ebc-4eca-9b65-e763c3a26ea1,1.7773437750105126e+18
62f2b5ab-3ebc-4eca-9b65-e763c3a26ea1,1.7773437750438546e+18
62f2b5ab-3ebc-4eca-9b65-e763c3a26ea1,1.7773437750771976e+18
62f2b5ab-3ebc-4eca-9b65-e763c3a26ea1,1.7773437751105395e+18
62f2b5ab-3ebc-4eca-9b65-e763c3a26ea1,1.7773437751438825e+18
62f2b5ab-3ebc-4eca-9b65-e763c3a26ea1,1.7773437751772247e+18
62f2b5ab-3ebc-4eca-9b65-e763c3a26ea1,1.7773437752105667e+18
62f2b5ab-3ebc-4eca-9b65-e763c3a26ea1,1.7773437752439096e+18
62f2b5ab-3ebc-4eca-9b65-e763c3a26ea1,1.7773437752772516e+18
62f2b5ab-3ebc-4eca-9b65-e763c3a26ea1,1.7773437753105946e+18
62f2b5ab-3ebc-4eca-9b65-e763c3a26ea1,1.7773437753439365e+18
62f2b5ab-3ebc-4eca-9b65-e763c3a26ea1,1.7773437753772795e+18
62f2b5ab-3ebc-4eca-9b65-e763c3a26ea1,1.7773437754106217e+18
62f2b5ab-3ebc-4eca-9b65-e763c3a26ea1,1.7773437754439647e+18
62f2b5ab-3ebc-4eca-9b65-e763c3a26ea1,1.7773437754773066e+18
62f2b5ab-3ebc-4eca-9b65-e763c3a26ea1,1.7773437755106486e+18
62f2b5ab-3ebc-4eca-9b65-e763c3a26ea1,1.7773437755439916e+18
62f2b5ab-3ebc-4eca-9b65-e763c3a26ea1,1.7773437755773335e+18
62f2b5ab-3ebc-4eca-9b65-e763c3a26ea1,1.7773437756106765e+18
62f2b5ab-3ebc-4eca-9b65-e763c3a26ea1,1.7773437756440187e+18
62f2b5ab-3ebc-4eca-9b65-e763c3a26ea1,1.7773437756773617e+18
62f2b5ab-3ebc-4eca-9b65-e763c3a26ea1,1.7773437757107036e+18
62f2b5ab-3ebc-4eca-9b65-e763c3a26ea1,1.7773437757440466e+18
62f2b5ab-3ebc-4eca-9b65-e763c3a26ea1,1.7773437757773885e+18
62f2b5ab-3ebc-4eca-9b65-e763c3a26ea1,1.7773437758107315e+18
62f2b5ab-3ebc-4eca-9b65-e763c3a26ea1,1.7773437758440737e+18
62f2b5ab-3ebc-4eca-9b65-e763c3a26ea1,1.7773437758774157e+18
62f2b5ab-3ebc-4eca-9b65-e763c3a26ea1,1.7773437759107587e+18
62f2b5ab-3ebc-4eca-9b65-e763c3a26ea1,1.7773437759441006e+18
62f2b5ab-3ebc-4eca-9b65-e763c3a26ea1,1.7773437759774436e+18
62f2b5ab-3ebc-4eca-9b65-e763c3a26ea1,1.7773437760107855e+18
62f2b5ab-3ebc-4eca-9b65-e763c3a26ea1,1.7773437760441285e+18
62f2b5ab-3ebc-4eca-9b65-e763c3a26ea1,1.7773437760774707e+18
62f2b5ab-3ebc-4eca-9b65-e763c3a26ea1,1.7773437761108137e+18
62f2b5ab-3ebc-4eca-9b65-e763c3a26ea1,1.7773437761441556e+18
62f2b5ab-3ebc-4eca-9b65-e763c3a26ea1,1.7773437761774976e+18
62f2b5ab-3ebc-4eca-9b65-e763c3a26ea1,1.7773437762108406e+18
62f2b5ab-3ebc-4eca-9b65-e763c3a26ea1,1.7773437762441825e+18
62f2b5ab-3ebc-4eca-9b65-e763c3a26ea1,1.7773437762775255e+18
62f2b5ab-3ebc-4eca-9b65-e763c3a26ea1,1.7773437763108677e+18
62f2b5ab-3ebc-4eca-9b65-e763c3a26ea1,1.7773437763442107e+18
62f2b5ab-3ebc-4eca-9b65-e763c3a26ea1,1.7773437763775526e+18
62f2b5ab-3ebc-4eca-9b65-e763c3a26ea1,1.7773437764108956e+18
62f2b5ab-3ebc-4eca-9b65-e763c3a26ea1,1.7773437764442376e+18
62f2b5ab-3ebc-4eca-9b65-e763c3a26ea1,1.7773437764775795e+18
62f2b5ab-3ebc-4eca-9b65-e763c3a26ea1,1.7773437765109225e+18
62f2b5ab-3ebc-4eca-9b65-e763c3a26ea1,1.7773437765442647e+18
62f2b5ab-3ebc-4eca-9b65-e763c3a26ea1,1.7773437765776077e+18
62f2b5ab-3ebc-4eca-9b65-e763c3a26ea1,1.7773437766109496e+18
62f2b5ab-3ebc-4eca-9b65-e763c3a26ea1,1.7773437766442926e+18
62f2b5ab-3ebc-4eca-9b65-e763c3a26ea1,1.7773437766776346e+18
62f2b5ab-3ebc-4eca-9b65-e763c3a26ea1,1.7773437767109775e+18
62f2b5ab-3ebc-4eca-9b65-e763c3a26ea1,1.7773437767443195e+18
62f2b5ab-3ebc-4eca-9b65-e763c3a26ea1,1.7773437767776617e+18
62f2b5ab-3ebc-4eca-9b65-e763c3a26ea1,1.7773437768110047e+18
62f2b5ab-3ebc-4eca-9b65-e763c3a26ea1,1.7773437768443466e+18
62f2b5ab-3ebc-4eca-9b65-e763c3a26ea1,1.7773437768776896e+18
62f2b5ab-3ebc-4eca-9b65-e763c3a26ea1,1.7773437769110316e+18
62f2b5ab-3ebc-4eca-9b65-e763c3a26ea1,1.7773437769443745e+18
62f2b5ab-3ebc-4eca-9b65-e763c3a26ea1,1.7773437769777165e+18
62f2b5ab-3ebc-4eca-9b65-e763c3a26ea1,1.7773437770110597e+18
62f2b5ab-3ebc-4eca-9b65-e763c3a26ea1,1.7773437770444017e+18
62f2b5ab-3ebc-4eca-9b65-e763c3a26ea1,1.7773437770777436e+18
62f2b5ab-3ebc-4eca-9b65-e763c3a26ea1,1.7773437771110866e+18
62f2b5ab-3ebc-4eca-9b65-e763c3a26ea1,1.7773437771444285e+18
62f2b5ab-3ebc-4eca-9b65-e763c3a26ea1,1.7773437771777715e+18
62f2b5ab-3ebc-4eca-9b65-e763c3a26ea1,1.7773437772111137e+18
62f2b5ab-3ebc-4eca-9b65-e763c3a26ea1,1.7773437772444567e+18
62f2b5ab-3ebc-4eca-9b65-e763c3a26ea1,1.7773437772777987e+18
62f2b5ab-3ebc-4eca-9b65-e763c3a26ea1,1.7773437773111416e+18
62f2b5ab-3ebc-4eca-9b65-e763c3a26ea1,1.7773437773444836e+18
62f2b5ab-3ebc-4eca-9b65-e763c3a26ea1,1.7773437773778255e+18
62f2b5ab-3ebc-4eca-9b65-e763c3a26ea1,1.7773437774111685e+18
62f2b5ab-3ebc-4eca-9b65-e763c3a26ea1,1.7773437774445107e+18
62f2b5ab-3ebc-4eca-9b65-e763c3a26ea1,1.7773437774778537e+18
62f2b5ab-3ebc-4eca-9b65-e763c3a26ea1,1.7773437775111956e+18
62f2b5ab-3ebc-4eca-9b65-e763c3a26ea1,1.7773437775445386e+18
62f2b5ab-3ebc-4eca-9b65-e763c3a26ea1,1.7773437775778806e+18
62f2b5ab-3ebc-4eca-9b65-e763c3a26ea1,1.7773437776112236e+18
62f2b5ab-3ebc-4eca-9b65-e763c3a26ea1,1.7773437776445655e+18
62f2b5ab-3ebc-4eca-9b65-e763c3a26ea1,1.7773437776779085e+18
62f2b5ab-3ebc-4eca-9b65-e763c3a26ea1,1.7773437777112507e+18
62f2b5ab-3ebc-4eca-9b65-e763c3a26ea1,1.7773437777445926e+18
62f2b5ab-3ebc-4eca-9b65-e763c3a26ea1,1.7773437777779356e+18
62f2b5ab-3ebc-4eca-9b65-e763c3a26ea1,1.7773437778112776e+18
62f2b5ab-3ebc-4eca-9b65-e763c3a26ea1,1.7773437778446205e+18
62f2b5ab-3ebc-4eca-9b65-e763c3a26ea1,1.7773437778779625e+18
62f2b5ab-3ebc-4eca-9b65-e763c3a26ea1,1.7773437779113057e+18
62f2b5ab-3ebc-4eca-9b65-e763c3a26ea1,1.7773437779446477e+18
62f2b5ab-3ebc-4eca-9b65-e763c3a26ea1,1.7773437779779907e+18
62f2b5ab-3ebc-4eca-9b65-e763c3a26ea1,1.7773437780113326e+18
62f2b5ab-3ebc-4eca-9b65-e763c3a26ea1,1.7773437780446746e+18
62f2b5ab-3ebc-4eca-9b65-e763c3a26ea1,1.7773437780780175e+18
62f2b5ab-3ebc-4eca-9b65-e763c3a26ea1,1.7773437781113595e+18
62f2b5ab-3ebc-4eca-9b65-e763c3a26ea1,1.7773437781447027e+18
62f2b5ab-3ebc-4eca-9b65-e763c3a26ea1,1.7773437781780447e+18
62f2b5ab-3ebc-4eca-9b65-e763c3a26ea1,1.7773437782113876e+18
62f2b5ab-3ebc-4eca-9b65-e763c3a26ea1,1.7773437782447296e+18
62f2b5ab-3ebc-4eca-9b65-e763c3a26ea1,1.7773437782780726e+18
62f2b5ab-3ebc-4eca-9b65-e763c3a26ea1,1.7773437783114145e+18
62f2b5ab-3ebc-4eca-9b65-e763c3a26ea1,1.7773437783447565e+18
62f2b5ab-3ebc-4eca-9b65-e763c3a26ea1,1.7773437783780997e+18
62f2b5ab-3ebc-4eca-9b65-e763c3a26ea1,1.7773437784114417e+18
62f2b5ab-3ebc-4eca-9b65-e763c3a26ea1,1.7773437784447846e+18
62f2b5ab-3ebc-4eca-9b65-e763c3a26ea1,1.7773437784781266e+18
62f2b5ab-3ebc-4eca-9b65-e763c3a26ea1,1.7773437785114696e+18
62f2b5ab-3ebc-4eca-9b65-e763c3a26ea1,1.7773437785448115e+18
62f2b5ab-3ebc-4eca-9b65-e763c3a26ea1,1.7773437785781545e+18
62f2b5ab-3ebc-4eca-9b65-e763c3a26ea1,1.7773437786114967e+18
62f2b5ab-3ebc-4eca-9b65-e763c3a26ea1,1.7773437786448387e+18
62f2b5ab-3ebc-4eca-9b65-e763c3a26ea1,1.7773437786781816e+18
62f2b5ab-3ebc-4eca-9b65-e763c3a26ea1,1.7773437787115236e+18
62f2b5ab-3ebc-4eca-9b65-e763c3a26ea1,1.7773437787448666e+18
62f2b5ab-3ebc-4eca-9b65-e763c3a26ea1,1.7773437787782085e+18
62f2b5ab-3ebc-4eca-9b65-e763c3a26ea1,1.7773437788115515e+18
62f2b5ab-3ebc-4eca-9b65-e763c3a26ea1,1.7773437788448937e+18
62f2b5ab-3ebc-4eca-9b65-e763c3a26ea1,1.7773437788782367e+18
62f2b5ab-3ebc-4eca-9b65-e763c3a26ea1,1.7773437789115786e+18
62f2b5ab-3ebc-4eca-9b65-e763c3a26ea1,1.7773437789449206e+18
62f2b5ab-3ebc-4eca-9b65-e763c3a26ea1,1.7773437789782636e+18
62f2b5ab-3ebc-4eca-9b65-e763c3a26ea1,1.7773437790116055e+18
62f2b5ab-3ebc-4eca-9b65-e763c3a26ea1,1.7773437790449485e+18
62f2b5ab-3ebc-4eca-9b65-e763c3a26ea1,1.7773437790782907e+18
62f2b5ab-3ebc-4eca-9b65-e763c3a26ea1,1.7773437791116337e+18
62f2b5ab-3ebc-4eca-9b65-e763c3a26ea1,1.7773437791449756e+18
62f2b5ab-3ebc-4eca-9b65-e763c3a26ea1,1.7773437791783186e+18
62f2b5ab-3ebc-4eca-9b65-e763c3a26ea1,1.7773437792116605e+18
62f2b5ab-3ebc-4eca-9b65-e763c3a26ea1,1.7773437792450025e+18
62f2b5ab-3ebc-4eca-9b65-e763c3a26ea1,1.7773437792783457e+18
62f2b5ab-3ebc-4eca-9b65-e763c3a26ea1,1.7773437793116877e+18
62f2b5ab-3ebc-4eca-9b65-e763c3a26ea1,1.7773437793450307e+18
62f2b5ab-3ebc-4eca-9b65-e763c3a26ea1,1.7773437793783726e+18
62f2b5ab-3ebc-4eca-9b65-e763c3a26ea1,1.7773437794117156e+18
62f2b5ab-3ebc-4eca-9b65-e763c3a26ea1,1.7773437794450575e+18
62f2b5ab-3ebc-4eca-9b65-e763c3a26ea1,1.7773437794784005e+18
62f2b5ab-3ebc-4eca-9b65-e763c3a26ea1,1.7773437795117427e+18
62f2b5ab-3ebc-4eca-9b65-e763c3a26ea1,1.7773437795450857e+18
62f2b5ab-3ebc-4eca-9b65-e763c3a26ea1,1.7773437795784276e+18
62f2b5ab-3ebc-4eca-9b65-e763c3a26ea1,1.7773437796117696e+18
62f2b5ab-3ebc-4eca-9b65-e763c3a26ea1,1.7773437796451126e+18
62f2b5ab-3ebc-4eca-9b65-e763c3a26ea1,1.7773437796784545e+18
62f2b5ab-3ebc-4eca-9b65-e763c3a26ea1,1.7773437797117975e+18
62f2b5ab-3ebc-4eca-9b65-e763c3a26ea1,1.7773437797451397e+18
62f2b5ab-3ebc-4eca-9b65-e763c3a26ea1,1.7773437797784827e+18
62f2b5ab-3ebc-4eca-9b65-e763c3a26ea1,1.7773437798118246e+18
62f2b5ab-3ebc-4eca-9b65-e763c3a26ea1,1.7773437798451676e+18
62f2b5ab-3ebc-4eca-9b65-e763c3a26ea1,1.7773437798785096e+18
62f2b5ab-3ebc-4eca-9b65-e763c3a26ea1,1.7773437799118515e+18
62f2b5ab-3ebc-4eca-9b65-e763c3a26ea1,1.7773437799451945e+18
62f2b5ab-3ebc-4eca-9b65-e763c3a26ea1,1.7773437799785367e+18
62f2b5ab-3ebc-4eca-9b65-e763c3a26ea1,1.7773437800118797e+18
62f2b5ab-3ebc-4eca-9b65-e763c3a26ea1,1.7773437800452216e+18
62f2b5ab-3ebc-4eca-9b65-e763c3a26ea1,1.7773437800785646e+18
62f2b5ab-3ebc-4eca-9b65-e763c3a26ea1,1.7773437801119066e+18
62f2b5ab-3ebc-4eca-9b65-e763c3a26ea1,1.7773437801452495e+18
62f2b5ab-3ebc-4eca-9b65-e763c3a26ea1,1.7773437801785915e+18
62f2b5ab-3ebc-4eca-9b65-e763c3a26ea1,1.7773437802119337e+18
62f2b5ab-3ebc-4eca-9b65-e763c3a26ea1,1.7773437802452767e+18
62f2b5ab-3ebc-4eca-9b65-e763c3a26ea1,1.7773437802786186e+18
62f2b5ab-3ebc-4eca-9b65-e763c3a26ea1,1.7773437803119616e+18
62f2b5ab-3ebc-4eca-9b65-e763c3a26ea1,1.7773437803453036e+18
62f2b5ab-3ebc-4eca-9b65-e763c3a26ea1,1.7773437803786465e+18
62f2b5ab-3ebc-4eca-9b65-e763c3a26ea1,1.7773437804119885e+18
62f2b5ab-3ebc-4eca-9b65-e763c3a26ea1,1.7773437804453317e+18
62f2b5ab-3ebc-4eca-9b65-e763c3a26ea1,1.7773437804786737e+18
62f2b5ab-3ebc-4eca-9b65-e763c3a26ea1,1.7773437805120156e+18
62f2b5ab-3ebc-4eca-9b65-e763c3a26ea1,1.7773437805453586e+18
62f2b5ab-3ebc-4eca-9b65-e763c3a26ea1,1.7773437805787005e+18
62f2b5ab-3ebc-4eca-9b65-e763c3a26ea1,1.7773437806120435e+18
62f2b5ab-3ebc-4eca-9b65-e763c3a26ea1,1.7773437806453857e+18
62f2b5ab-3ebc-4eca-9b65-e763c3a26ea1,1.7773437806787287e+18
62f2b5ab-3ebc-4eca-9b65-e763c3a26ea1,1.7773437807120707e+18
62f2b5ab-3ebc-4eca-9b65-e763c3a26ea1,1.7773437807454136e+18
62f2b5ab-3ebc-4eca-9b65-e763c3a26ea1,1.7773437807787556e+18
62f2b5ab-3ebc-4eca-9b65-e763c3a26ea1,1.7773437808120986e+18
62f2b5ab-3ebc-4eca-9b65-e763c3a26ea1,1.7773437808454405e+18
62f2b5ab-3ebc-4eca-9b65-e763c3a26ea1,1.7773437808787827e+18
62f2b5ab-3ebc-4eca-9b65-e763c3a26ea1,1.7773437809121257e+18
62f2b5ab-3ebc-4eca-9b65-e763c3a26ea1,1.7773437809454676e+18
62f2b5ab-3ebc-4eca-9b65-e763c3a26ea1,1.7773437809788106e+18
62f2b5ab-3ebc-4eca-9b65-e763c3a26ea1,1.7773437810121526e+18
62f2b5ab-3ebc-4eca-9b65-e763c3a26ea1,1.7773437810454956e+18
62f2b5ab-3ebc-4eca-9b65-e763c3a26ea1,1.7773437810788375e+18
62f2b5ab-3ebc-4eca-9b65-e763c3a26ea1,1.7773437811121797e+18
62f2b5ab-3ebc-4eca-9b65-e763c3a26ea1,1.7773437811455227e+18
62f2b5ab-3ebc-4eca-9b65-e763c3a26ea1,1.7773437811788646e+18
62f2b5ab-3ebc-4eca-9b65-e763c3a26ea1,1.7773437812122076e+18
62f2b5ab-3ebc-4eca-9b65-e763c3a26ea1,1.7773437812455496e+18
62f2b5ab-3ebc-4eca-9b65-e763c3a26ea1,1.7773437812788925e+18
62f2b5ab-3ebc-4eca-9b65-e763c3a26ea1,1.7773437813122345e+18
62f2b5ab-3ebc-4eca-9b65-e763c3a26ea1,1.7773437813455777e+18
62f2b5ab-3ebc-4eca-9b65-e763c3a26ea1,1.7773437813789197e+18
62f2b5ab-3ebc-4eca-9b65-e763c3a26ea1,1.7773437814122627e+18
62f2b5ab-3ebc-4eca-9b65-e763c3a26ea1,1.7773437814456046e+18
62f2b5ab-3ebc-4eca-9b65-e763c3a26ea1,1.7773437814789466e+18
62f2b5ab-3ebc-4eca-9b65-e763c3a26ea1,1.7773437815122895e+18
62f2b5ab-3ebc-4eca-9b65-e763c3a26ea1,1.7773437815456315e+18
62f2b5ab-3ebc-4eca-9b65-e763c3a26ea1,1.7773437815789747e+18
62f2b5ab-3ebc-4eca-9b65-e763c3a26ea1,1.7773437816123167e+18
62f2b5ab-3ebc-4eca-9b65-e763c3a26ea1,1.7773437816456596e+18
62f2b5ab-3ebc-4eca-9b65-e763c3a26ea1,1.7773437816790016e+18
62f2b5ab-3ebc-4eca-9b65-e763c3a26ea1,1.7773437817123446e+18
62f2b5ab-3ebc-4eca-9b65-e763c3a26ea1,1.7773437817456865e+18
62f2b5ab-3ebc-4eca-9b65-e763c3a26ea1,1.7773437817790285e+18
62f2b5ab-3ebc-4eca-9b65-e763c3a26ea1,1.7773437818123717e+18
62f2b5ab-3ebc-4eca-9b65-e763c3a26ea1,1.7773437818457137e+18
62f2b5ab-3ebc-4eca-9b65-e763c3a26ea1,1.7773437818790566e+18
62f2b5ab-3ebc-4eca-9b65-e763c3a26ea1,1.7773437819123986e+18
62f2b5ab-3ebc-4eca-9b65-e763c3a26ea1,1.7773437819457416e+18
62f2b5ab-3ebc-4eca-9b65-e763c3a26ea1,1.7773437819790835e+18
62f2b5ab-3ebc-4eca-9b65-e763c3a26ea1,1.7773437820124265e+18
62f2b5ab-3ebc-4eca-9b65-e763c3a26ea1,1.7773437820457687e+18
62f2b5ab-3ebc-4eca-9b65-e763c3a26ea1,1.7773437820791107e+18
62f2b5ab-3ebc-4eca-9b65-e763c3a26ea1,1.7773437821124536e+18
62f2b5ab-3ebc-4eca-9b65-e763c3a26ea1,1.7773437821457956e+18
62f2b5ab-3ebc-4eca-9b65-e763c3a26ea1,1.7773437821791386e+18
62f2b5ab-3ebc-4eca-9b65-e763c3a26ea1,1.7773437822124805e+18
62f2b5ab-3ebc-4eca-9b65-e763c3a26ea1,1.7773437822458235e+18
62f2b5ab-3ebc-4eca-9b65-e763c3a26ea1,1.7773437822791657e+18
62f2b5ab-3ebc-4eca-9b65-e763c3a26ea1,1.7773437823125087e+18
62f2b5ab-3ebc-4eca-9b65-e763c3a26ea1,1.7773437823458506e+18
62f2b5ab-3ebc-4eca-9b65-e763c3a26ea1,1.7773437823791926e+18
62f2b5ab-3ebc-4eca-9b65-e763c3a26ea1,1.7773437824125356e+18
62f2b5ab-3ebc-4eca-9b65-e763c3a26ea1,1.7773437824458775e+18
62f2b5ab-3ebc-4eca-9b65-e763c3a26ea1,1.7773437824792205e+18
62f2b5ab-3ebc-4eca-9b65-e763c3a26ea1,1.7773437825125627e+18
62f2b5ab-3ebc-4eca-9b65-e763c3a26ea1,1.7773437825459057e+18
62f2b5ab-3ebc-4eca-9b65-e763c3a26ea1,1.7773437825792476e+18
62f2b5ab-3ebc-4eca-9b65-e763c3a26ea1,1.7773437826125906e+18
62f2b5ab-3ebc-4eca-9b65-e763c3a26ea1,1.7773437826459325e+18
62f2b5ab-3ebc-4eca-9b65-e763c3a26ea1,1.7773437826792745e+18
62f2b5ab-3ebc-4eca-9b65-e763c3a26ea1,1.7773437827126177e+18
62f2b5ab-3ebc-4eca-9b65-e763c3a26ea1,1.7773437827459597e+18
62f2b5ab-3ebc-4eca-9b65-e763c3a26ea1,1.7773437827793027e+18
62f2b5ab-3ebc-4eca-9b65-e763c3a26ea1,1.7773437828126446e+18
62f2b5ab-3ebc-4eca-9b65-e763c3a26ea1,1.7773437828459876e+18
62f2b5ab-3ebc-4eca-9b65-e763c3a26ea1,1.7773437828793295e+18
62f2b5ab-3ebc-4eca-9b65-e763c3a26ea1,1.7773437829126725e+18
62f2b5ab-3ebc-4eca-9b65-e763c3a26ea1,1.7773437829460147e+18
62f2b5ab-3ebc-4eca-9b65-e763c3a26ea1,1.7773437829793567e+18
62f2b5ab-3ebc-4eca-9b65-e763c3a26ea1,1.7773437830126996e+18
62f2b5ab-3ebc-4eca-9b65-e763c3a26ea1,1.7773437830460416e+18
62f2b5ab-3ebc-4eca-9b65-e763c3a26ea1,1.7773437830793846e+18
62f2b5ab-3ebc-4eca-9b65-e763c3a26ea1,1.7773437831127265e+18
62f2b5ab-3ebc-4eca-9b65-e763c3a26ea1,1.7773437831460695e+18
62f2b5ab-3ebc-4eca-9b65-e763c3a26ea1,1.7773437831794117e+18
62f2b5ab-3ebc-4eca-9b65-e763c3a26ea1,1.7773437832127547e+18
62f2b5ab-3ebc-4eca-9b65-e763c3a26ea1,1.7773437832460966e+18
62f2b5ab-3ebc-4eca-9b65-e763c3a26ea1,1.7773437832794396e+18
62f2b5ab-3ebc-4eca-9b65-e763c3a26ea1,1.7773437833127816e+18
62f2b5ab-3ebc-4eca-9b65-e763c3a26ea1,1.7773437833461235e+18
62f2b5ab-3ebc-4eca-9b65-e763c3a26ea1,1.7773437833794665e+18
62f2b5ab-3ebc-4eca-9b65-e763c3a26ea1,1.7773437834128087e+18
62f2b5ab-3ebc-4eca-9b65-e763c3a26ea1,1.7773437834461517e+18
62f2b5ab-3ebc-4eca-9b65-e763c3a26ea1,1.7773437834794936e+18
62f2b5ab-3ebc-4eca-9b65-e763c3a26ea1,1.7773437835128366e+18
62f2b5ab-3ebc-4eca-9b65-e763c3a26ea1,1.7773437835461786e+18
62f2b5ab-3ebc-4eca-9b65-e763c3a26ea1,1.7773437835795215e+18
62f2b5ab-3ebc-4eca-9b65-e763c3a26ea1,1.7773437836128635e+18
62f2b5ab-3ebc-4eca-9b65-e763c3a26ea1,1.7773437836462057e+18
62f2b5ab-3ebc-4eca-9b65-e763c3a26ea1,1.7773437836795487e+18
62f2b5ab-3ebc-4eca-9b65-e763c3a26ea1,1.7773437837128906e+18
62f2b5ab-3ebc-4eca-9b65-e763c3a26ea1,1.7773437837462336e+18
62f2b5ab-3ebc-4eca-9b65-e763c3a26ea1,1.7773437837795756e+18
62f2b5ab-3ebc-4eca-9b65-e763c3a26ea1,1.7773437838129185e+18
62f2b5ab-3ebc-4eca-9b65-e763c3a26ea1,1.7773437838462605e+18
62f2b5ab-3ebc-4eca-9b65-e763c3a26ea1,1.7773437838796037e+18
62f2b5ab-3ebc-4eca-9b65-e763c3a26ea1,1.7773437839129457e+18
62f2b5ab-3ebc-4eca-9b65-e763c3a26ea1,1.7773437839462876e+18
62f2b5ab-3ebc-4eca-9b65-e763c3a26ea1,1.7773437839796306e+18
62f2b5ab-3ebc-4eca-9b65-e763c3a26ea1,1.7773437840129725e+18
62f2b5ab-3ebc-4eca-9b65-e763c3a26ea1,1.7773437840463155e+18
62f2b5ab-3ebc-4eca-9b65-e763c3a26ea1,1.7773437840796577e+18
62f2b5ab-3ebc-4eca-9b65-e763c3a26ea1,1.7773437841130007e+18
62f2b5ab-3ebc-4eca-9b65-e763c3a26ea1,1.7773437841463427e+18
62f2b5ab-3ebc-4eca-9b65-e763c3a26ea1,1.7773437841796856e+18
62f2b5ab-3ebc-4eca-9b65-e763c3a26ea1,1.7773437842130276e+18
62f2b5ab-3ebc-4eca-9b65-e763c3a26ea1,1.7773437842463695e+18
62f2b5ab-3ebc-4eca-9b65-e763c3a26ea1,1.7773437842797125e+18
62f2b5ab-3ebc-4eca-9b65-e763c3a26ea1,1.7773437843130547e+18
62f2b5ab-3ebc-4eca-9b65-e763c3a26ea1,1.7773437843463977e+18
62f2b5ab-3ebc-4eca-9b65-e763c3a26ea1,1.7773437843797396e+18
62f2b5ab-3ebc-4eca-9b65-e763c3a26ea1,1.7773437844130826e+18
62f2b5ab-3ebc-4eca-9b65-e763c3a26ea1,1.7773437844464246e+18
62f2b5ab-3ebc-4eca-9b65-e763c3a26ea1,1.7773437844797676e+18
62f2b5ab-3ebc-4eca-9b65-e763c3a26ea1,1.7773437845131095e+18
62f2b5ab-3ebc-4eca-9b65-e763c3a26ea1,1.7773437845464517e+18
62f2b5ab-3ebc-4eca-9b65-e763c3a26ea1,1.7773437845797947e+18
62f2b5ab-3ebc-4eca-9b65-e763c3a26ea1,1.7773437846131366e+18
62f2b5ab-3ebc-4eca-9b65-e763c3a26ea1,1.7773437846464796e+18
62f2b5ab-3ebc-4eca-9b65-e763c3a26ea1,1.7773437846798216e+18
62f2b5ab-3ebc-4eca-9b65-e763c3a26ea1,1.7773437847131645e+18
62f2b5ab-3ebc-4eca-9b65-e763c3a26ea1,1.7773437847465065e+18
62f2b5ab-3ebc-4eca-9b65-e763c3a26ea1,1.7773437847798497e+18
62f2b5ab-3ebc-4eca-9b65-e763c3a26ea1,1.7773437848131917e+18
62f2b5ab-3ebc-4eca-9b65-e763c3a26ea1,1.7773437848465336e+18
62f2b5ab-3ebc-4eca-9b65-e763c3a26ea1,1.7773437848798766e+18
62f2b5ab-3ebc-4eca-9b65-e763c3a26ea1,1.7773437849132186e+18
62f2b5ab-3ebc-4eca-9b65-e763c3a26ea1,1.7773437849465615e+18
62f2b5ab-3ebc-4eca-9b65-e763c3a26ea1,1.7773437849799035e+18
62f2b5ab-3ebc-4eca-9b65-e763c3a26ea1,1.7773437850132467e+18
62f2b5ab-3ebc-4eca-9b65-e763c3a26ea1,1.7773437850465887e+18
62f2b5ab-3ebc-4eca-9b65-e763c3a26ea1,1.7773437850799316e+18
62f2b5ab-3ebc-4eca-9b65-e763c3a26ea1,1.7773437851132736e+18
62f2b5ab-3ebc-4eca-9b65-e763c3a26ea1,1.7773437851466166e+18
62f2b5ab-3ebc-4eca-9b65-e763c3a26ea1,1.7773437851799585e+18
62f2b5ab-3ebc-4eca-9b65-e763c3a26ea1,1.7773437852133005e+18
62f2b5ab-3ebc-4eca-9b65-e763c3a26ea1,1.7773437852466437e+18
62f2b5ab-3ebc-4eca-9b65-e763c3a26ea1,1.7773437852799857e+18
62f2b5ab-3ebc-4eca-9b65-e763c3a26ea1,1.7773437853133286e+18
62f2b5ab-3ebc-4eca-9b65-e763c3a26ea1,1.7773437853466706e+18
62f2b5ab-3ebc-4eca-9b65-e763c3a26ea1,1.7773437853800136e+18
62f2b5ab-3ebc-4eca-9b65-e763c3a26ea1,1.7773437854133555e+18
62f2b5ab-3ebc-4eca-9b65-e763c3a26ea1,1.7773437854466985e+18
62f2b5ab-3ebc-4eca-9b65-e763c3a26ea1,1.7773437854800407e+18
62f2b5ab-3ebc-4eca-9b65-e763c3a26ea1,1.7773437855133827e+18
62f2b5ab-3ebc-4eca-9b65-e763c3a26ea1,1.7773437855467256e+18
62f2b5ab-3ebc-4eca-9b65-e763c3a26ea1,1.7773437855800676e+18
62f2b5ab-3ebc-4eca-9b65-e763c3a26ea1,1.7773437856134106e+18
62f2b5ab-3ebc-4eca-9b65-e763c3a26ea1,1.7773437856467525e+18
62f2b5ab-3ebc-4eca-9b65-e763c3a26ea1,1.7773437856800955e+18
62f2b5ab-3ebc-4eca-9b65-e763c3a26ea1,1.7773437857134377e+18
62f2b5ab-3ebc-4eca-9b65-e763c3a26ea1,1.7773437857467807e+18
62f2b5ab-3ebc-4eca-9b65-e763c3a26ea1,1.7773437857801226e+18
62f2b5ab-3ebc-4eca-9b65-e763c3a26ea1,1.7773437858134646e+18
62f2b5ab-3ebc-4eca-9b65-e763c3a26ea1,1.7773437858468076e+18
62f2b5ab-3ebc-4eca-9b65-e763c3a26ea1,1.7773437858801495e+18
62f2b5ab-3ebc-4eca-9b65-e763c3a26ea1,1.7773437859134925e+18
62f2b5ab-3ebc-4eca-9b65-e763c3a26ea1,1.7773437859468347e+18
62f2b5ab-3ebc-4eca-9b65-e763c3a26ea1,1.7773437859801777e+18
62f2b5ab-3ebc-4eca-9b65-e763c3a26ea1,1.7773437860135196e+18
62f2b5ab-3ebc-4eca-9b65-e763c3a26ea1,1.7773437860468626e+18
62f2b5ab-3ebc-4eca-9b65-e763c3a26ea1,1.7773437860802045e+18
62f2b5ab-3ebc-4eca-9b65-e763c3a26ea1,1.7773437861135475e+18
62f2b5ab-3ebc-4eca-9b65-e763c3a26ea1,1.7773437861468897e+18
62f2b5ab-3ebc-4eca-9b65-e763c3a26ea1,1.7773437861802317e+18
62f2b5ab-3ebc-4eca-9b65-e763c3a26ea1,1.7773437862135747e+18
62f2b5ab-3ebc-4eca-9b65-e763c3a26ea1,1.7773437862469166e+18
62f2b5ab-3ebc-4eca-9b65-e763c3a26ea1,1.7773437862802596e+18
62f2b5ab-3ebc-4eca-9b65-e763c3a26ea1,1.7773437863136015e+18
62f2b5ab-3ebc-4eca-9b65-e763c3a26ea1,1.7773437863469445e+18
62f2b5ab-3ebc-4eca-9b65-e763c3a26ea1,1.7773437863802867e+18
62f2b5ab-3ebc-4eca-9b65-e763c3a26ea1,1.7773437864136297e+18
62f2b5ab-3ebc-4eca-9b65-e763c3a26ea1,1.7773437864469716e+18
62f2b5ab-3ebc-4eca-9b65-e763c3a26ea1,1.7773437864803136e+18
62f2b5ab-3ebc-4eca-9b65-e763c3a26ea1,1.7773437865136566e+18
62f2b5ab-3ebc-4eca-9b65-e763c3a26ea1,1.7773437865469985e+18
62f2b5ab-3ebc-4eca-9b65-e763c3a26ea1,1.7773437865803415e+18
62f2b5ab-3ebc-4eca-9b65-e763c3a26ea1,1.7773437866136837e+18
62f2b5ab-3ebc-4eca-9b65-e763c3a26ea1,1.7773437866470267e+18
62f2b5ab-3ebc-4eca-9b65-e763c3a26ea1,1.7773437866803686e+18
62f2b5ab-3ebc-4eca-9b65-e763c3a26ea1,1.7773437867137116e+18
62f2b5ab-3ebc-4eca-9b65-e763c3a26ea1,1.7773437867470536e+18
62f2b5ab-3ebc-4eca-9b65-e763c3a26ea1,1.7773437867803955e+18
62f2b5ab-3ebc-4eca-9b65-e763c3a26ea1,1.7773437868137385e+18
62f2b5ab-3ebc-4eca-9b65-e763c3a26ea1,1.7773437868470807e+18
62f2b5ab-3ebc-4eca-9b65-e763c3a26ea1,1.7773437868804237e+18
62f2b5ab-3ebc-4eca-9b65-e763c3a26ea1,1.7773437869137656e+18
62f2b5ab-3ebc-4eca-9b65-e763c3a26ea1,1.7773437869471086e+18
62f2b5ab-3ebc-4eca-9b65-e763c3a26ea1,1.7773437869804506e+18
62f2b5ab-3ebc-4eca-9b65-e763c3a26ea1,1.7773437870137935e+18
62f2b5ab-3ebc-4eca-9b65-e763c3a26ea1,1.7773437870471355e+18
62f2b5ab-3ebc-4eca-9b65-e763c3a26ea1,1.7773437870804777e+18
62f2b5ab-3ebc-4eca-9b65-e763c3a26ea1,1.7773437871138207e+18
62f2b5ab-3ebc-4eca-9b65-e763c3a26ea1,1.7773437871471626e+18
62f2b5ab-3ebc-4eca-9b65-e763c3a26ea1,1.7773437871805056e+18
62f2b5ab-3ebc-4eca-9b65-e763c3a26ea1,1.7773437872138476e+18
62f2b5ab-3ebc-4eca-9b65-e763c3a26ea1,1.7773437872471905e+18
62f2b5ab-3ebc-4eca-9b65-e763c3a26ea1,1.7773437872805325e+18
62f2b5ab-3ebc-4eca-9b65-e763c3a26ea1,1.7773437873138757e+18
62f2b5ab-3ebc-4eca-9b65-e763c3a26ea1,1.7773437873472177e+18
62f2b5ab-3ebc-4eca-9b65-e763c3a26ea1,1.7773437873805596e+18
62f2b5ab-3ebc-4eca-9b65-e763c3a26ea1,1.7773437874139026e+18
62f2b5ab-3ebc-4eca-9b65-e763c3a26ea1,1.7773437874472445e+18
62f2b5ab-3ebc-4eca-9b65-e763c3a26ea1,1.7773437874805875e+18
62f2b5ab-3ebc-4eca-9b65-e763c3a26ea1,1.7773437875139297e+18
62f2b5ab-3ebc-4eca-9b65-e763c3a26ea1,1.7773437875472727e+18
62f2b5ab-3ebc-4eca-9b65-e763c3a26ea1,1.7773437875806147e+18
62f2b5ab-3ebc-4eca-9b65-e763c3a26ea1,1.7773437876139576e+18
62f2b5ab-3ebc-4eca-9b65-e763c3a26ea1,1.7773437876472996e+18
62f2b5ab-3ebc-4eca-9b65-e763c3a26ea1,1.7773437876806426e+18
62f2b5ab-3ebc-4eca-9b65-e763c3a26ea1,1.7773437877139845e+18
62f2b5ab-3ebc-4eca-9b65-e763c3a26ea1,1.7773437877473267e+18
62f2b5ab-3ebc-4eca-9b65-e763c3a26ea1,1.7773437877806697e+18
62f2b5ab-3ebc-4eca-9b65-e763c3a26ea1,1.7773437878140116e+18
62f2b5ab-3ebc-4eca-9b65-e763c3a26ea1,1.7773437878473546e+18
62f2b5ab-3ebc-4eca-9b65-e763c3a26ea1,1.7773437878806966e+18
62f2b5ab-3ebc-4eca-9b65-e763c3a26ea1,1.7773437879140396e+18
62f2b5ab-3ebc-4eca-9b65-e763c3a26ea1,1.7773437879473815e+18
62f2b5ab-3ebc-4eca-9b65-e763c3a26ea1,1.7773437879807245e+18
62f2b5ab-3ebc-4eca-9b65-e763c3a26ea1,1.7773437880140667e+18
62f2b5ab-3ebc-4eca-9b65-e763c3a26ea1,1.7773437880474086e+18
62f2b5ab-3ebc-4eca-9b65-e763c3a26ea1,1.7773437880807516e+18
62f2b5ab-3ebc-4eca-9b65-e763c3a26ea1,1.7773437881140936e+18
62f2b5ab-3ebc-4eca-9b65-e763c3a26ea1,1.7773437881474365e+18
62f2b5ab-3ebc-4eca-9b65-e763c3a26ea1,1.7773437881807785e+18
62f2b5ab-3ebc-4eca-9b65-e763c3a26ea1,1.7773437882141217e+18
62f2b5ab-3ebc-4eca-9b65-e763c3a26ea1,1.7773437882474637e+18
62f2b5ab-3ebc-4eca-9b65-e763c3a26ea1,1.7773437882808067e+18
62f2b5ab-3ebc-4eca-9b65-e763c3a26ea1,1.7773437883141486e+18
62f2b5ab-3ebc-4eca-9b65-e763c3a26ea1,1.7773437883474906e+18
62f2b5ab-3ebc-4eca-9b65-e763c3a26ea1,1.7773437883808335e+18
62f2b5ab-3ebc-4eca-9b65-e763c3a26ea1,1.7773437884141755e+18
62f2b5ab-3ebc-4eca-9b65-e763c3a26ea1,1.7773437884475187e+18
62f2b5ab-3ebc-4eca-9b65-e763c3a26ea1,1.7773437884808607e+18
62f2b5ab-3ebc-4eca-9b65-e763c3a26ea1,1.7773437885142036e+18
62f2b5ab-3ebc-4eca-9b65-e763c3a26ea1,1.7773437885475456e+18
62f2b5ab-3ebc-4eca-9b65-e763c3a26ea1,1.7773437885808886e+18
62f2b5ab-3ebc-4eca-9b65-e763c3a26ea1,1.7773437886142305e+18
62f2b5ab-3ebc-4eca-9b65-e763c3a26ea1,1.7773437886475725e+18
62f2b5ab-3ebc-4eca-9b65-e763c3a26ea1,1.7773437886809157e+18
62f2b5ab-3ebc-4eca-9b65-e763c3a26ea1,1.7773437887142577e+18
62f2b5ab-3ebc-4eca-9b65-e763c3a26ea1,1.7773437887476006e+18
62f2b5ab-3ebc-4eca-9b65-e763c3a26ea1,1.7773437887809426e+18
62f2b5ab-3ebc-4eca-9b65-e763c3a26ea1,1.7773437888142856e+18
62f2b5ab-3ebc-4eca-9b65-e763c3a26ea1,1.7773437888476275e+18
62f2b5ab-3ebc-4eca-9b65-e763c3a26ea1,1.7773437888809705e+18
62f2b5ab-3ebc-4eca-9b65-e763c3a26ea1,1.7773437889143127e+18
62f2b5ab-3ebc-4eca-9b65-e763c3a26ea1,1.7773437889476547e+18
62f2b5ab-3ebc-4eca-9b65-e763c3a26ea1,1.7773437889809976e+18
62f2b5ab-3ebc-4eca-9b65-e763c3a26ea1,1.7773437890143396e+18
62f2b5ab-3ebc-4eca-9b65-e763c3a26ea1,1.7773437890476826e+18
62f2b5ab-3ebc-4eca-9b65-e763c3a26ea1,1.7773437890810245e+18
62f2b5ab-3ebc-4eca-9b65-e763c3a26ea1,1.7773437891143675e+18
62f2b5ab-3ebc-4eca-9b65-e763c3a26ea1,1.7773437891477097e+18
62f2b5ab-3ebc-4eca-9b65-e763c3a26ea1,1.7773437891810527e+18
62f2b5ab-3ebc-4eca-9b65-e763c3a26ea1,1.7773437892143946e+18
62f2b5ab-3ebc-4eca-9b65-e763c3a26ea1,1.7773437892477366e+18
62f2b5ab-3ebc-4eca-9b65-e763c3a26ea1,1.7773437892810796e+18
62f2b5ab-3ebc-4eca-9b65-e763c3a26ea1,1.7773437893144215e+18
62f2b5ab-3ebc-4eca-9b65-e763c3a26ea1,1.7773437893477645e+18
62f2b5ab-3ebc-4eca-9b65-e763c3a26ea1,1.7773437893811067e+18
62f2b5ab-3ebc-4eca-9b65-e763c3a26ea1,1.7773437894144497e+18
62f2b5ab-3ebc-4eca-9b65-e763c3a26ea1,1.7773437894477916e+18
62f2b5ab-3ebc-4eca-9b65-e763c3a26ea1,1.7773437894811346e+18
62f2b5ab-3ebc-4eca-9b65-e763c3a26ea1,1.7773437895144765e+18
62f2b5ab-3ebc-4eca-9b65-e763c3a26ea1,1.7773437895478195e+18
62f2b5ab-3ebc-4eca-9b65-e763c3a26ea1,1.7773437895811617e+18
62f2b5ab-3ebc-4eca-9b65-e763c3a26ea1,1.7773437896145037e+18
62f2b5ab-3ebc-4eca-9b65-e763c3a26ea1,1.7773437896478467e+18
62f2b5ab-3ebc-4eca-9b65-e763c3a26ea1,1.7773437896811886e+18
62f2b5ab-3ebc-4eca-9b65-e763c3a26ea1,1.7773437897145316e+18
62f2b5ab-3ebc-4eca-9b65-e763c3a26ea1,1.7773437897478735e+18
62f2b5ab-3ebc-4eca-9b65-e763c3a26ea1,1.7773437897812165e+18
62f2b5ab-3ebc-4eca-9b65-e763c3a26ea1,1.7773437898145587e+18
62f2b5ab-3ebc-4eca-9b65-e763c3a26ea1,1.7773437898479017e+18
62f2b5ab-3ebc-4eca-9b65-e763c3a26ea1,1.7773437898812436e+18
62f2b5ab-3ebc-4eca-9b65-e763c3a26ea1,1.7773437899145856e+18
62f2b5ab-3ebc-4eca-9b65-e763c3a26ea1,1.7773437899479286e+18
62f2b5ab-3ebc-4eca-9b65-e763c3a26ea1,1.7773437899812705e+18
62f2b5ab-3ebc-4eca-9b65-e763c3a26ea1,1.7773437900146135e+18
62f2b5ab-3ebc-4eca-9b65-e763c3a26ea1,1.7773437900479557e+18
62f2b5ab-3ebc-4eca-9b65-e763c3a26ea1,1.7773437900812987e+18
62f2b5ab-3ebc-4eca-9b65-e763c3a26ea1,1.7773437901146406e+18
62f2b5ab-3ebc-4eca-9b65-e763c3a26ea1,1.7773437901479836e+18
62f2b5ab-3ebc-4eca-9b65-e763c3a26ea1,1.7773437901813256e+18
62f2b5ab-3ebc-4eca-9b65-e763c3a26ea1,1.7773437902146675e+18
62f2b5ab-3ebc-4eca-9b65-e763c3a26ea1,1.7773437902480105e+18
62f2b5ab-3ebc-4eca-9b65-e763c3a26ea1,1.7773437902813527e+18
62f2b5ab-3ebc-4eca-9b65-e763c3a26ea1,1.7773437903146957e+18
62f2b5ab-3ebc-4eca-9b65-e763c3a26ea1,1.7773437903480376e+18
62f2b5ab-3ebc-4eca-9b65-e763c3a26ea1,1.7773437903813806e+18
62f2b5ab-3ebc-4eca-9b65-e763c3a26ea1,1.7773437904147226e+18
62f2b5ab-3ebc-4eca-9b65-e763c3a26ea1,1.7773437904480655e+18
62f2b5ab-3ebc-4eca-9b65-e763c3a26ea1,1.7773437904814075e+18
62f2b5ab-3ebc-4eca-9b65-e763c3a26ea1,1.7773437905147497e+18
62f2b5ab-3ebc-4eca-9b65-e763c3a26ea1,1.7773437905480927e+18
62f2b5ab-3ebc-4eca-9b65-e763c3a26ea1,1.7773437905814346e+18
62f2b5ab-3ebc-4eca-9b65-e763c3a26ea1,1.7773437906147776e+18
62f2b5ab-3ebc-4eca-9b65-e763c3a26ea1,1.7773437906481196e+18
62f2b5ab-3ebc-4eca-9b65-e763c3a26ea1,1.7773437906814625e+18
62f2b5ab-3ebc-4eca-9b65-e763c3a26ea1,1.7773437907148045e+18
62f2b5ab-3ebc-4eca-9b65-e763c3a26ea1,1.7773437907481477e+18
62f2b5ab-3ebc-4eca-9b65-e763c3a26ea1,1.7773437907814897e+18
62f2b5ab-3ebc-4eca-9b65-e763c3a26ea1,1.7773437908148326e+18
62f2b5ab-3ebc-4eca-9b65-e763c3a26ea1,1.7773437908481746e+18
62f2b5ab-3ebc-4eca-9b65-e763c3a26ea1,1.7773437908815165e+18
62f2b5ab-3ebc-4eca-9b65-e763c3a26ea1,1.7773437909148595e+18
62f2b5ab-3ebc-4eca-9b65-e763c3a26ea1,1.7773437909482017e+18
62f2b5ab-3ebc-4eca-9b65-e763c3a26ea1,1.7773437909815447e+18
62f2b5ab-3ebc-4eca-9b65-e763c3a26ea1,1.7773437910148867e+18
62f2b5ab-3ebc-4eca-9b65-e763c3a26ea1,1.7773437910482296e+18
62f2b5ab-3ebc-4eca-9b65-e763c3a26ea1,1.7773437910815716e+18
62f2b5ab-3ebc-4eca-9b65-e763c3a26ea1,1.7773437911149135e+18
62f2b5ab-3ebc-4eca-9b65-e763c3a26ea1,1.7773437911482565e+18
62f2b5ab-3ebc-4eca-9b65-e763c3a26ea1,1.7773437911815987e+18
62f2b5ab-3ebc-4eca-9b65-e763c3a26ea1,1.7773437912149417e+18
62f2b5ab-3ebc-4eca-9b65-e763c3a26ea1,1.7773437912482836e+18
62f2b5ab-3ebc-4eca-9b65-e763c3a26ea1,1.7773437912816266e+18
62f2b5ab-3ebc-4eca-9b65-e763c3a26ea1,1.7773437913149686e+18
62f2b5ab-3ebc-4eca-9b65-e763c3a26ea1,1.7773437913483116e+18
62f2b5ab-3ebc-4eca-9b65-e763c3a26ea1,1.7773437913816535e+18
62f2b5ab-3ebc-4eca-9b65-e763c3a26ea1,1.7773437914149965e+18
62f2b5ab-3ebc-4eca-9b65-e763c3a26ea1,1.7773437914483387e+18
62f2b5ab-3ebc-4eca-9b65-e763c3a26ea1,1.7773437914816806e+18
62f2b5ab-3ebc-4eca-9b65-e763c3a26ea1,1.7773437915150236e+18
62f2b5ab-3ebc-4eca-9b65-e763c3a26ea1,1.7773437915483656e+18
62f2b5ab-3ebc-4eca-9b65-e763c3a26ea1,1.7773437915817085e+18
62f2b5ab-3ebc-4eca-9b65-e763c3a26ea1,1.7773437916150505e+18
62f2b5ab-3ebc-4eca-9b65-e763c3a26ea1,1.7773437916483937e+18
62f2b5ab-3ebc-4eca-9b65-e763c3a26ea1,1.7773437916817357e+18
62f2b5ab-3ebc-4eca-9b65-e763c3a26ea1,1.7773437917150787e+18
62f2b5ab-3ebc-4eca-9b65-e763c3a26ea1,1.7773437917484206e+18
62f2b5ab-3ebc-4eca-9b65-e763c3a26ea1,1.7773437917817626e+18
62f2b5ab-3ebc-4eca-9b65-e763c3a26ea1,1.7773437918151055e+18
62f2b5ab-3ebc-4eca-9b65-e763c3a26ea1,1.7773437918484475e+18
62f2b5ab-3ebc-4eca-9b65-e763c3a26ea1,1.7773437918817907e+18
62f2b5ab-3ebc-4eca-9b65-e763c3a26ea1,1.7773437919151327e+18
62f2b5ab-3ebc-4eca-9b65-e763c3a26ea1,1.7773437919484756e+18
62f2b5ab-3ebc-4eca-9b65-e763c3a26ea1,1.7773437919818176e+18
62f2b5ab-3ebc-4eca-9b65-e763c3a26ea1,1.7773437920151606e+18
62f2b5ab-3ebc-4eca-9b65-e763c3a26ea1,1.7773437920485025e+18
62f2b5ab-3ebc-4eca-9b65-e763c3a26ea1,1.7773437920818445e+18
62f2b5ab-3ebc-4eca-9b65-e763c3a26ea1,1.7773437921151877e+18
62f2b5ab-3ebc-4eca-9b65-e763c3a26ea1,1.7773437921485297e+18
62f2b5ab-3ebc-4eca-9b65-e763c3a26ea1,1.7773437921818726e+18
62f2b5ab-3ebc-4eca-9b65-e763c3a26ea1,1.7773437922152146e+18
62f2b5ab-3ebc-4eca-9b65-e763c3a26ea1,1.7773437922485576e+18
62f2b5ab-3ebc-4eca-9b65-e763c3a26ea1,1.7773437922818995e+18
62f2b5ab-3ebc-4eca-9b65-e763c3a26ea1,1.7773437923152425e+18
62f2b5ab-3ebc-4eca-9b65-e763c3a26ea1,1.7773437923485847e+18
62f2b5ab-3ebc-4eca-9b65-e763c3a26ea1,1.7773437923819267e+18
62f2b5ab-3ebc-4eca-9b65-e763c3a26ea1,1.7773437924152696e+18
62f2b5ab-3ebc-4eca-9b65-e763c3a26ea1,1.7773437924486116e+18
62f2b5ab-3ebc-4eca-9b65-e763c3a26ea1,1.7773437924819546e+18
62f2b5ab-3ebc-4eca-9b65-e763c3a26ea1,1.7773437925152965e+18
62f2b5ab-3ebc-4eca-9b65-e763c3a26ea1,1.7773437925486395e+18
62f2b5ab-3ebc-4eca-9b65-e763c3a26ea1,1.7773437925819817e+18
62f2b5ab-3ebc-4eca-9b65-e763c3a26ea1,1.7773437926153247e+18
62f2b5ab-3ebc-4eca-9b65-e763c3a26ea1,1.7773437926486666e+18
62f2b5ab-3ebc-4eca-9b65-e763c3a26ea1,1.7773437926820086e+18
62f2b5ab-3ebc-4eca-9b65-e763c3a26ea1,1.7773437927153516e+18
62f2b5ab-3ebc-4eca-9b65-e763c3a26ea1,1.7773437927486935e+18
62f2b5ab-3ebc-4eca-9b65-e763c3a26ea1,1.7773437927820365e+18
62f2b5ab-3ebc-4eca-9b65-e763c3a26ea1,1.7773437928153787e+18
62f2b5ab-3ebc-4eca-9b65-e763c3a26ea1,1.7773437928487217e+18
62f2b5ab-3ebc-4eca-9b65-e763c3a26ea1,1.7773437928820636e+18
62f2b5ab-3ebc-4eca-9b65-e763c3a26ea1,1.7773437929154066e+18
62f2b5ab-3ebc-4eca-9b65-e763c3a26ea1,1.7773437929487485e+18
62f2b5ab-3ebc-4eca-9b65-e763c3a26ea1,1.7773437929820905e+18
62f2b5ab-3ebc-4eca-9b65-e763c3a26ea1,1.7773437930154337e+18
62f2b5ab-3ebc-4eca-9b65-e763c3a26ea1,1.7773437930487757e+18
62f2b5ab-3ebc-4eca-9b65-e763c3a26ea1,1.7773437930821187e+18
62f2b5ab-3ebc-4eca-9b65-e763c3a26ea1,1.7773437931154606e+18
62f2b5ab-3ebc-4eca-9b65-e763c3a26ea1,1.7773437931488036e+18
62f2b5ab-3ebc-4eca-9b65-e763c3a26ea1,1.7773437931821455e+18
62f2b5ab-3ebc-4eca-9b65-e763c3a26ea1,1.7773437932154885e+18
62f2b5ab-3ebc-4eca-9b65-e763c3a26ea1,1.7773437932488307e+18
62f2b5ab-3ebc-4eca-9b65-e763c3a26ea1,1.7773437932821737e+18
62f2b5ab-3ebc-4eca-9b65-e763c3a26ea1,1.7773437933155156e+18
62f2b5ab-3ebc-4eca-9b65-e763c3a26ea1,1.7773437933488576e+18
62f2b5ab-3ebc-4eca-9b65-e763c3a26ea1,1.7773437933822006e+18
62f2b5ab-3ebc-4eca-9b65-e763c3a26ea1,1.7773437934155425e+18
62f2b5ab-3ebc-4eca-9b65-e763c3a26ea1,1.7773437934488855e+18
62f2b5ab-3ebc-4eca-9b65-e763c3a26ea1,1.7773437934822277e+18
62f2b5ab-3ebc-4eca-9b65-e763c3a26ea1,1.7773437935155707e+18
62f2b5ab-3ebc-4eca-9b65-e763c3a26ea1,1.7773437935489126e+18
62f2b5ab-3ebc-4eca-9b65-e763c3a26ea1,1.7773437935822556e+18
62f2b5ab-3ebc-4eca-9b65-e763c3a26ea1,1.7773437936155976e+18
62f2b5ab-3ebc-4eca-9b65-e763c3a26ea1,1.7773437936489395e+18
62f2b5ab-3ebc-4eca-9b65-e763c3a26ea1,1.7773437936822825e+18
62f2b5ab-3ebc-4eca-9b65-e763c3a26ea1,1.7773437937156247e+18
62f2b5ab-3ebc-4eca-9b65-e763c3a26ea1,1.7773437937489677e+18
62f2b5ab-3ebc-4eca-9b65-e763c3a26ea1,1.7773437937823096e+18
62f2b5ab-3ebc-4eca-9b65-e763c3a26ea1,1.7773437938156526e+18
62f2b5ab-3ebc-4eca-9b65-e763c3a26ea1,1.7773437938489946e+18
62f2b5ab-3ebc-4eca-9b65-e763c3a26ea1,1.7773437938823375e+18
62f2b5ab-3ebc-4eca-9b65-e763c3a26ea1,1.7773437939156795e+18
62f2b5ab-3ebc-4eca-9b65-e763c3a26ea1,1.7773437939490217e+18
62f2b5ab-3ebc-4eca-9b65-e763c3a26ea1,1.7773437939823647e+18
62f2b5ab-3ebc-4eca-9b65-e763c3a26ea1,1.7773437940157066e+18
62f2b5ab-3ebc-4eca-9b65-e763c3a26ea1,1.7773437940490496e+18
62f2b5ab-3ebc-4eca-9b65-e763c3a26ea1,1.7773437940823916e+18
62f2b5ab-3ebc-4eca-9b65-e763c3a26ea1,1.7773437941157345e+18
62f2b5ab-3ebc-4eca-9b65-e763c3a26ea1,1.7773437941490765e+18
62f2b5ab-3ebc-4eca-9b65-e763c3a26ea1,1.7773437941824197e+18
62f2b5ab-3ebc-4eca-9b65-e763c3a26ea1,1.7773437942157617e+18
62f2b5ab-3ebc-4eca-9b65-e763c3a26ea1,1.7773437942491036e+18
62f2b5ab-3ebc-4eca-9b65-e763c3a26ea1,1.7773437942824466e+18
62f2b5ab-3ebc-4eca-9b65-e763c3a26ea1,1.7773437943157885e+18
62f2b5ab-3ebc-4eca-9b65-e763c3a26ea1,1.7773437943491315e+18
62f2b5ab-3ebc-4eca-9b65-e763c3a26ea1,1.7773437943824737e+18
62f2b5ab-3ebc-4eca-9b65-e763c3a26ea1,1.7773437944158167e+18
62f2b5ab-3ebc-4eca-9b65-e763c3a26ea1,1.7773437944491587e+18
62f2b5ab-3ebc-4eca-9b65-e763c3a26ea1,1.7773437944825016e+18
62f2b5ab-3ebc-4eca-9b65-e763c3a26ea1,1.7773437945158436e+18
62f2b5ab-3ebc-4eca-9b65-e763c3a26ea1,1.7773437945491855e+18
62f2b5ab-3ebc-4eca-9b65-e763c3a26ea1,1.7773437945825285e+18
62f2b5ab-3ebc-4eca-9b65-e763c3a26ea1,1.7773437946158707e+18
62f2b5ab-3ebc-4eca-9b65-e763c3a26ea1,1.7773437946492137e+18
62f2b5ab-3ebc-4eca-9b65-e763c3a26ea1,1.7773437946825556e+18
62f2b5ab-3ebc-4eca-9b65-e763c3a26ea1,1.7773437947158986e+18
62f2b5ab-3ebc-4eca-9b65-e763c3a26ea1,1.7773437947492406e+18
62f2b5ab-3ebc-4eca-9b65-e763c3a26ea1,1.7773437947825836e+18
62f2b5ab-3ebc-4eca-9b65-e763c3a26ea1,1.7773437948159255e+18
62f2b5ab-3ebc-4eca-9b65-e763c3a26ea1,1.7773437948492677e+18
62f2b5ab-3ebc-4eca-9b65-e763c3a26ea1,1.7773437948826107e+18
62f2b5ab-3ebc-4eca-9b65-e763c3a26ea1,1.7773437949159526e+18
62f2b5ab-3ebc-4eca-9b65-e763c3a26ea1,1.7773437949492956e+18
62f2b5ab-3ebc-4eca-9b65-e763c3a26ea1,1.7773437949826376e+18
62f2b5ab-3ebc-4eca-9b65-e763c3a26ea1,1.7773437950159805e+18
62f2b5ab-3ebc-4eca-9b65-e763c3a26ea1,1.7773437950493225e+18
62f2b5ab-3ebc-4eca-9b65-e763c3a26ea1,1.7773437950826657e+18
62f2b5ab-3ebc-4eca-9b65-e763c3a26ea1,1.7773437951160077e+18
62f2b5ab-3ebc-4eca-9b65-e763c3a26ea1,1.7773437951493507e+18
62f2b5ab-3ebc-4eca-9b65-e763c3a26ea1,1.7773437951826926e+18
62f2b5ab-3ebc-4eca-9b65-e763c3a26ea1,1.7773437952160346e+18
62f2b5ab-3ebc-4eca-9b65-e763c3a26ea1,1.7773437952493775e+18
62f2b5ab-3ebc-4eca-9b65-e763c3a26ea1,1.7773437952827195e+18
62f2b5ab-3ebc-4eca-9b65-e763c3a26ea1,1.7773437953160627e+18
62f2b5ab-3ebc-4eca-9b65-e763c3a26ea1,1.7773437953494047e+18
62f2b5ab-3ebc-4eca-9b65-e763c3a26ea1,1.7773437953827476e+18
62f2b5ab-3ebc-4eca-9b65-e763c3a26ea1,1.7773437954160896e+18
62f2b5ab-3ebc-4eca-9b65-e763c3a26ea1,1.7773437954494326e+18
62f2b5ab-3ebc-4eca-9b65-e763c3a26ea1,1.7773437954827745e+18
62f2b5ab-3ebc-4eca-9b65-e763c3a26ea1,1.7773437955161165e+18
62f2b5ab-3ebc-4eca-9b65-e763c3a26ea1,1.7773437955494597e+18
62f2b5ab-3ebc-4eca-9b65-e763c3a26ea1,1.7773437955828017e+18
62f2b5ab-3ebc-4eca-9b65-e763c3a26ea1,1.7773437956161446e+18
62f2b5ab-3ebc-4eca-9b65-e763c3a26ea1,1.7773437956494866e+18
62f2b5ab-3ebc-4eca-9b65-e763c3a26ea1,1.7773437956828296e+18
62f2b5ab-3ebc-4eca-9b65-e763c3a26ea1,1.7773437957161715e+18
62f2b5ab-3ebc-4eca-9b65-e763c3a26ea1,1.7773437957495145e+18
62f2b5ab-3ebc-4eca-9b65-e763c3a26ea1,1.7773437957828567e+18
62f2b5ab-3ebc-4eca-9b65-e763c3a26ea1,1.7773437958161987e+18
62f2b5ab-3ebc-4eca-9b65-e763c3a26ea1,1.7773437958495416e+18
62f2b5ab-3ebc-4eca-9b65-e763c3a26ea1,1.7773437958828836e+18
62f2b5ab-3ebc-4eca-9b65-e763c3a26ea1,1.7773437959162266e+18
62f2b5ab-3ebc-4eca-9b65-e763c3a26ea1,1.7773437959495685e+18
62f2b5ab-3ebc-4eca-9b65-e763c3a26ea1,1.7773437959829115e+18
62f2b5ab-3ebc-4eca-9b65-e763c3a26ea1,1.7773437960162537e+18
62f2b5ab-3ebc-4eca-9b65-e763c3a26ea1,1.7773437960495967e+18
62f2b5ab-3ebc-4eca-9b65-e763c3a26ea1,1.7773437960829386e+18
62f2b5ab-3ebc-4eca-9b65-e763c3a26ea1,1.7773437961162806e+18
62f2b5ab-3ebc-4eca-9b65-e763c3a26ea1,1.7773437961496236e+18
62f2b5ab-3ebc-4eca-9b65-e763c3a26ea1,1.7773437961829655e+18
62f2b5ab-3ebc-4eca-9b65-e763c3a26ea1,1.7773437962163085e+18
62f2b5ab-3ebc-4eca-9b65-e763c3a26ea1,1.7773437962496507e+18
62f2b5ab-3ebc-4eca-9b65-e763c3a26ea1,1.7773437962829937e+18
62f2b5ab-3ebc-4eca-9b65-e763c3a26ea1,1.7773437963163356e+18
62f2b5ab-3ebc-4eca-9b65-e763c3a26ea1,1.7773437963496786e+18
62f2b5ab-3ebc-4eca-9b65-e763c3a26ea1,1.7773437963830205e+18
62f2b5ab-3ebc-4eca-9b65-e763c3a26ea1,1.7773437964163625e+18
62f2b5ab-3ebc-4eca-9b65-e763c3a26ea1,1.7773437964497057e+18
62f2b5ab-3ebc-4eca-9b65-e763c3a26ea1,1.7773437964830477e+18
62f2b5ab-3ebc-4eca-9b65-e763c3a26ea1,1.7773437965163907e+18
62f2b5ab-3ebc-4eca-9b65-e763c3a26ea1,1.7773437965497326e+18
62f2b5ab-3ebc-4eca-9b65-e763c3a26ea1,1.7773437965830756e+18
62f2b5ab-3ebc-4eca-9b65-e763c3a26ea1,1.7773437966164175e+18
62f2b5ab-3ebc-4eca-9b65-e763c3a26ea1,1.7773437966497605e+18
62f2b5ab-3ebc-4eca-9b65-e763c3a26ea1,1.7773437966831027e+18
62f2b5ab-3ebc-4eca-9b65-e763c3a26ea1,1.7773437967164447e+18
62f2b5ab-3ebc-4eca-9b65-e763c3a26ea1,1.7773437967497876e+18
62f2b5ab-3ebc-4eca-9b65-e763c3a26ea1,1.7773437967831296e+18
62f2b5ab-3ebc-4eca-9b65-e763c3a26ea1,1.7773437968164726e+18
62f2b5ab-3ebc-4eca-9b65-e763c3a26ea1,1.7773437968498145e+18
62f2b5ab-3ebc-4eca-9b65-e763c3a26ea1,1.7773437968831575e+18
62f2b5ab-3ebc-4eca-9b65-e763c3a26ea1,1.7773437969164997e+18
62f2b5ab-3ebc-4eca-9b65-e763c3a26ea1,1.7773437969498427e+18
62f2b5ab-3ebc-4eca-9b65-e763c3a26ea1,1.7773437969831846e+18
62f2b5ab-3ebc-4eca-9b65-e763c3a26ea1,1.7773437970165276e+18
62f2b5ab-3ebc-4eca-9b65-e763c3a26ea1,1.7773437970498696e+18
62f2b5ab-3ebc-4eca-9b65-e763c3a26ea1,1.7773437970832115e+18
62f2b5ab-3ebc-4eca-9b65-e763c3a26ea1,1.7773437971165545e+18
62f2b5ab-3ebc-4eca-9b65-e763c3a26ea1,1.7773437971498967e+18
62f2b5ab-3ebc-4eca-9b65-e763c3a26ea1,1.7773437971832397e+18
62f2b5ab-3ebc-4eca-9b65-e763c3a26ea1,1.7773437972165816e+18
62f2b5ab-3ebc-4eca-9b65-e763c3a26ea1,1.7773437972499246e+18
62f2b5ab-3ebc-4eca-9b65-e763c3a26ea1,1.7773437972832666e+18
62f2b5ab-3ebc-4eca-9b65-e763c3a26ea1,1.7773437973166095e+18
62f2b5ab-3ebc-4eca-9b65-e763c3a26ea1,1.7773437973499515e+18
62f2b5ab-3ebc-4eca-9b65-e763c3a26ea1,1.7773437973832937e+18
62f2b5ab-3ebc-4eca-9b65-e763c3a26ea1,1.7773437974166367e+18
62f2b5ab-3ebc-4eca-9b65-e763c3a26ea1,1.7773437974499786e+18
62f2b5ab-3ebc-4eca-9b65-e763c3a26ea1,1.7773437974833216e+18
62f2b5ab-3ebc-4eca-9b65-e763c3a26ea1,1.7773437975166636e+18
62f2b5ab-3ebc-4eca-9b65-e763c3a26ea1,1.7773437975500065e+18
62f2b5ab-3ebc-4eca-9b65-e763c3a26ea1,1.7773437975833485e+18
62f2b5ab-3ebc-4eca-9b65-e763c3a26ea1,1.7773437976166917e+18
62f2b5ab-3ebc-4eca-9b65-e763c3a26ea1,1.7773437976500337e+18
62f2b5ab-3ebc-4eca-9b65-e763c3a26ea1,1.7773437976833756e+18
62f2b5ab-3ebc-4eca-9b65-e763c3a26ea1,1.7773437977167186e+18
62f2b5ab-3ebc-4eca-9b65-e763c3a26ea1,1.7773437977500605e+18
62f2b5ab-3ebc-4eca-9b65-e763c3a26ea1,1.7773437977834035e+18
62f2b5ab-3ebc-4eca-9b65-e763c3a26ea1,1.7773437978167457e+18
62f2b5ab-3ebc-4eca-9b65-e763c3a26ea1,1.7773437978500887e+18
62f2b5ab-3ebc-4eca-9b65-e763c3a26ea1,1.7773437978834307e+18
62f2b5ab-3ebc-4eca-9b65-e763c3a26ea1,1.7773437979167736e+18
62f2b5ab-3ebc-4eca-9b65-e763c3a26ea1,1.7773437979501156e+18
62f2b5ab-3ebc-4eca-9b65-e763c3a26ea1,1.7773437979834575e+18
62f2b5ab-3ebc-4eca-9b65-e763c3a26ea1,1.7773437980168005e+18
62f2b5ab-3ebc-4eca-9b65-e763c3a26ea1,1.7773437980501427e+18
62f2b5ab-3ebc-4eca-9b65-e763c3a26ea1,1.7773437980834857e+18
62f2b5ab-3ebc-4eca-9b65-e763c3a26ea1,1.7773437981168276e+18
62f2b5ab-3ebc-4eca-9b65-e763c3a26ea1,1.7773437981501706e+18
62f2b5ab-3ebc-4eca-9b65-e763c3a26ea1,1.7773437981835126e+18
62f2b5ab-3ebc-4eca-9b65-e763c3a26ea1,1.7773437982168556e+18
62f2b5ab-3ebc-4eca-9b65-e763c3a26ea1,1.7773437982501975e+18
62f2b5ab-3ebc-4eca-9b65-e763c3a26ea1,1.7773437982835397e+18
62f2b5ab-3ebc-4eca-9b65-e763c3a26ea1,1.7773437983168827e+18
62f2b5ab-3ebc-4eca-9b65-e763c3a26ea1,1.7773437983502246e+18
62f2b5ab-3ebc-4eca-9b65-e763c3a26ea1,1.7773437983835676e+18
62f2b5ab-3ebc-4eca-9b65-e763c3a26ea1,1.7773437984169096e+18
62f2b5ab-3ebc-4eca-9b65-e763c3a26ea1,1.7773437984502525e+18
62f2b5ab-3ebc-4eca-9b65-e763c3a26ea1,1.7773437984835945e+18
62f2b5ab-3ebc-4eca-9b65-e763c3a26ea1,1.7773437985169377e+18
62f2b5ab-3ebc-4eca-9b65-e763c3a26ea1,1.7773437985502797e+18
62f2b5ab-3ebc-4eca-9b65-e763c3a26ea1,1.7773437985836216e+18
62f2b5ab-3ebc-4eca-9b65-e763c3a26ea1,1.7773437986169646e+18
62f2b5ab-3ebc-4eca-9b65-e763c3a26ea1,1.7773437986503066e+18
62f2b5ab-3ebc-4eca-9b65-e763c3a26ea1,1.7773437986836495e+18
62f2b5ab-3ebc-4eca-9b65-e763c3a26ea1,1.7773437987169915e+18
62f2b5ab-3ebc-4eca-9b65-e763c3a26ea1,1.7773437987503347e+18
62f2b5ab-3ebc-4eca-9b65-e763c3a26ea1,1.7773437987836767e+18
62f2b5ab-3ebc-4eca-9b65-e763c3a26ea1,1.7773437988170196e+18
62f2b5ab-3ebc-4eca-9b65-e763c3a26ea1,1.7773437988503616e+18
62f2b5ab-3ebc-4eca-9b65-e763c3a26ea1,1.7773437988837046e+18
62f2b5ab-3ebc-4eca-9b65-e763c3a26ea1,1.7773437989170465e+18
62f2b5ab-3ebc-4eca-9b65-e763c3a26ea1,1.7773437989503885e+18
62f2b5ab-3ebc-4eca-9b65-e763c3a26ea1,1.7773437989837317e+18
62f2b5ab-3ebc-4eca-9b65-e763c3a26ea1,1.7773437990170737e+18
62f2b5ab-3ebc-4eca-9b65-e763c3a26ea1,1.7773437990504166e+18
62f2b5ab-3ebc-4eca-9b65-e763c3a26ea1,1.7773437990837586e+18
62f2b5ab-3ebc-4eca-9b65-e763c3a26ea1,1.7773437991171016e+18
62f2b5ab-3ebc-4eca-9b65-e763c3a26ea1,1.7773437991504435e+18
62f2b5ab-3ebc-4eca-9b65-e763c3a26ea1,1.7773437991837865e+18
62f2b5ab-3ebc-4eca-9b65-e763c3a26ea1,1.7773437992171287e+18
62f2b5ab-3ebc-4eca-9b65-e763c3a26ea1,1.7773437992504707e+18
62f2b5ab-3ebc-4eca-9b65-e763c3a26ea1,1.7773437992838136e+18
62f2b5ab-3ebc-4eca-9b65-e763c3a26ea1,1.7773437993171556e+18
62f2b5ab-3ebc-4eca-9b65-e763c3a26ea1,1.7773437993504986e+18
62f2b5ab-3ebc-4eca-9b65-e763c3a26ea1,1.7773437993838405e+18
62f2b5ab-3ebc-4eca-9b65-e763c3a26ea1,1.7773437994171835e+18
62f2b5ab-3ebc-4eca-9b65-e763c3a26ea1,1.7773437994505257e+18
62f2b5ab-3ebc-4eca-9b65-e763c3a26ea1,1.7773437994838687e+18
62f2b5ab-3ebc-4eca-9b65-e763c3a26ea1,1.7773437995172106e+18
62f2b5ab-3ebc-4eca-9b65-e763c3a26ea1,1.7773437995505526e+18
62f2b5ab-3ebc-4eca-9b65-e763c3a26ea1,1.7773437995838956e+18
62f2b5ab-3ebc-4eca-9b65-e763c3a26ea1,1.7773437996172375e+18
62f2b5ab-3ebc-4eca-9b65-e763c3a26ea1,1.7773437996505805e+18
62f2b5ab-3ebc-4eca-9b65-e763c3a26ea1,1.7773437996839227e+18
62f2b5ab-3ebc-4eca-9b65-e763c3a26ea1,1.7773437997172657e+18
62f2b5ab-3ebc-4eca-9b65-e763c3a26ea1,1.7773437997506076e+18
62f2b5ab-3ebc-4eca-9b65-e763c3a26ea1,1.7773437997839506e+18
62f2b5ab-3ebc-4eca-9b65-e763c3a26ea1,1.7773437998172925e+18
62f2b5ab-3ebc-4eca-9b65-e763c3a26ea1,1.7773437998506345e+18
62f2b5ab-3ebc-4eca-9b65-e763c3a26ea1,1.7773437998839777e+18
62f2b5ab-3ebc-4eca-9b65-e763c3a26ea1,1.7773437999173197e+18
62f2b5ab-3ebc-4eca-9b65-e763c3a26ea1,1.7773437999506627e+18
62f2b5ab-3ebc-4eca-9b65-e763c3a26ea1,1.7773437999840046e+18
62f2b5ab-3ebc-4eca-9b65-e763c3a26ea1,1.7773438000173476e+18
62f2b5ab-3ebc-4eca-9b65-e763c3a26ea1,1.7773438000506895e+18
62f2b5ab-3ebc-4eca-9b65-e763c3a26ea1,1.7773438000840325e+18
62f2b5ab-3ebc-4eca-9b65-e763c3a26ea1,1.7773438001173747e+18
62f2b5ab-3ebc-4eca-9b65-e763c3a26ea1,1.7773438001507177e+18
62f2b5ab-3ebc-4eca-9b65-e763c3a26ea1,1.7773438001840596e+18
62f2b5ab-3ebc-4eca-9b65-e763c3a26ea1,1.7773438002174016e+18
62f2b5ab-3ebc-4eca-9b65-e763c3a26ea1,1.7773438002507446e+18
62f2b5ab-3ebc-4eca-9b65-e763c3a26ea1,1.7773438002840865e+18
62f2b5ab-3ebc-4eca-9b65-e763c3a26ea1,1.7773438003174295e+18
62f2b5ab-3ebc-4eca-9b65-e763c3a26ea1,1.7773438003507717e+18
62f2b5ab-3ebc-4eca-9b65-e763c3a26ea1,1.7773438003841147e+18
62f2b5ab-3ebc-4eca-9b65-e763c3a26ea1,1.7773438004174566e+18
62f2b5ab-3ebc-4eca-9b65-e763c3a26ea1,1.7773438004507986e+18
62f2b5ab-3ebc-4eca-9b65-e763c3a26ea1,1.7773438004841416e+18
62f2b5ab-3ebc-4eca-9b65-e763c3a26ea1,1.7773438005174835e+18
62f2b5ab-3ebc-4eca-9b65-e763c3a26ea1,1.7773438005508265e+18
62f2b5ab-3ebc-4eca-9b65-e763c3a26ea1,1.7773438005841687e+18
62f2b5ab-3ebc-4eca-9b65-e763c3a26ea1,1.7773438006175117e+18
62f2b5ab-3ebc-4eca-9b65-e763c3a26ea1,1.7773438006508536e+18
62f2b5ab-3ebc-4eca-9b65-e763c3a26ea1,1.7773438006841966e+18
62f2b5ab-3ebc-4eca-9b65-e763c3a26ea1,1.7773438007175386e+18
62f2b5ab-3ebc-4eca-9b65-e763c3a26ea1,1.7773438007508815e+18
62f2b5ab-3ebc-4eca-9b65-e763c3a26ea1,1.7773438007842235e+18
62f2b5ab-3ebc-4eca-9b65-e763c3a26ea1,1.7773438008175657e+18
62f2b5ab-3ebc-4eca-9b65-e763c3a26ea1,1.7773438008509087e+18
62f2b5ab-3ebc-4eca-9b65-e763c3a26ea1,1.7773438008842506e+18
62f2b5ab-3ebc-4eca-9b65-e763c3a26ea1,1.7773438009175936e+18
62f2b5ab-3ebc-4eca-9b65-e763c3a26ea1,1.7773438009509356e+18
62f2b5ab-3ebc-4eca-9b65-e763c3a26ea1,1.7773438009842785e+18
62f2b5ab-3ebc-4eca-9b65-e763c3a26ea1,1.7773438010176205e+18
62f2b5ab-3ebc-4eca-9b65-e763c3a26ea1,1.7773438010509637e+18
62f2b5ab-3ebc-4eca-9b65-e763c3a26ea1,1.7773438010843057e+18
62f2b5ab-3ebc-4eca-9b65-e763c3a26ea1,1.7773438011176476e+18
62f2b5ab-3ebc-4eca-9b65-e763c3a26ea1,1.7773438011509906e+18
62f2b5ab-3ebc-4eca-9b65-e763c3a26ea1,1.7773438011843325e+18
62f2b5ab-3ebc-4eca-9b65-e763c3a26ea1,1.7773438012176755e+18
62f2b5ab-3ebc-4eca-9b65-e763c3a26ea1,1.7773438012510177e+18
62f2b5ab-3ebc-4eca-9b65-e763c3a26ea1,1.7773438012843607e+18
62f2b5ab-3ebc-4eca-9b65-e763c3a26ea1,1.7773438013177027e+18
62f2b5ab-3ebc-4eca-9b65-e763c3a26ea1,1.7773438013510456e+18
62f2b5ab-3ebc-4eca-9b65-e763c3a26ea1,1.7773438013843876e+18
62f2b5ab-3ebc-4eca-9b65-e763c3a26ea1,1.7773438014177295e+18
62f2b5ab-3ebc-4eca-9b65-e763c3a26ea1,1.7773438014510725e+18
62f2b5ab-3ebc-4eca-9b65-e763c3a26ea1,1.7773438014844147e+18
62f2b5ab-3ebc-4eca-9b65-e763c3a26ea1,1.7773438015177577e+18
62f2b5ab-3ebc-4eca-9b65-e763c3a26ea1,1.7773438015510996e+18
62f2b5ab-3ebc-4eca-9b65-e763c3a26ea1,1.7773438015844426e+18
62f2b5ab-3ebc-4eca-9b65-e763c3a26ea1,1.7773438016177846e+18
62f2b5ab-3ebc-4eca-9b65-e763c3a26ea1,1.7773438016511276e+18
62f2b5ab-3ebc-4eca-9b65-e763c3a26ea1,1.7773438016844695e+18
62f2b5ab-3ebc-4eca-9b65-e763c3a26ea1,1.7773438017178125e+18
62f2b5ab-3ebc-4eca-9b65-e763c3a26ea1,1.7773438017511547e+18
62f2b5ab-3ebc-4eca-9b65-e763c3a26ea1,1.7773438017844966e+18
62f2b5ab-3ebc-4eca-9b65-e763c3a26ea1,1.7773438018178396e+18
62f2b5ab-3ebc-4eca-9b65-e763c3a26ea1,1.7773438018511816e+18
62f2b5ab-3ebc-4eca-9b65-e763c3a26ea1,1.7773438018845245e+18
62f2b5ab-3ebc-4eca-9b65-e763c3a26ea1,1.7773438019178665e+18
62f2b5ab-3ebc-4eca-9b65-e763c3a26ea1,1.7773438019512097e+18
62f2b5ab-3ebc-4eca-9b65-e763c3a26ea1,1.7773438019845517e+18
62f2b5ab-3ebc-4eca-9b65-e763c3a26ea1,1.7773438020178947e+18
62f2b5ab-3ebc-4eca-9b65-e763c3a26ea1,1.7773438020512366e+18
62f2b5ab-3ebc-4eca-9b65-e763c3a26ea1,1.7773438020845786e+18
62f2b5ab-3ebc-4eca-9b65-e763c3a26ea1,1.7773438021179215e+18
62f2b5ab-3ebc-4eca-9b65-e763c3a26ea1,1.7773438021512635e+18
62f2b5ab-3ebc-4eca-9b65-e763c3a26ea1,1.7773438021846067e+18
62f2b5ab-3ebc-4eca-9b65-e763c3a26ea1,1.7773438022179487e+18
62f2b5ab-3ebc-4eca-9b65-e763c3a26ea1,1.7773438022512916e+18
62f2b5ab-3ebc-4eca-9b65-e763c3a26ea1,1.7773438022846336e+18
62f2b5ab-3ebc-4eca-9b65-e763c3a26ea1,1.7773438023179766e+18
62f2b5ab-3ebc-4eca-9b65-e763c3a26ea1,1.7773438023513185e+18
62f2b5ab-3ebc-4eca-9b65-e763c3a26ea1,1.7773438023846605e+18
62f2b5ab-3ebc-4eca-9b65-e763c3a26ea1,1.7773438024180037e+18
62f2b5ab-3ebc-4eca-9b65-e763c3a26ea1,1.7773438024513457e+18
62f2b5ab-3ebc-4eca-9b65-e763c3a26ea1,1.7773438024846886e+18
62f2b5ab-3ebc-4eca-9b65-e763c3a26ea1,1.7773438025180306e+18
62f2b5ab-3ebc-4eca-9b65-e763c3a26ea1,1.7773438025513736e+18
62f2b5ab-3ebc-4eca-9b65-e763c3a26ea1,1.7773438025847155e+18
62f2b5ab-3ebc-4eca-9b65-e763c3a26ea1,1.7773438026180585e+18
62f2b5ab-3ebc-4eca-9b65-e763c3a26ea1,1.7773438026514007e+18
62f2b5ab-3ebc-4eca-9b65-e763c3a26ea1,1.7773438026847427e+18
62f2b5ab-3ebc-4eca-9b65-e763c3a26ea1,1.7773438027180856e+18
62f2b5ab-3ebc-4eca-9b65-e763c3a26ea1,1.7773438027514276e+18
62f2b5ab-3ebc-4eca-9b65-e763c3a26ea1,1.7773438027847706e+18
62f2b5ab-3ebc-4eca-9b65-e763c3a26ea1,1.7773438028181125e+18
62f2b5ab-3ebc-4eca-9b65-e763c3a26ea1,1.7773438028514555e+18
62f2b5ab-3ebc-4eca-9b65-e763c3a26ea1,1.7773438028847977e+18
62f2b5ab-3ebc-4eca-9b65-e763c3a26ea1,1.7773438029181407e+18
62f2b5ab-3ebc-4eca-9b65-e763c3a26ea1,1.7773438029514826e+18
62f2b5ab-3ebc-4eca-9b65-e763c3a26ea1,1.7773438029848246e+18
62f2b5ab-3ebc-4eca-9b65-e763c3a26ea1,1.7773438030181676e+18
62f2b5ab-3ebc-4eca-9b65-e763c3a26ea1,1.7773438030515095e+18
62f2b5ab-3ebc-4eca-9b65-e763c3a26ea1,1.7773438030848525e+18
62f2b5ab-3ebc-4eca-9b65-e763c3a26ea1,1.7773438031181947e+18
62f2b5ab-3ebc-4eca-9b65-e763c3a26ea1,1.7773438031515377e+18
62f2b5ab-3ebc-4eca-9b65-e763c3a26ea1,1.7773438031848796e+18
62f2b5ab-3ebc-4eca-9b65-e763c3a26ea1,1.7773438032182226e+18
62f2b5ab-3ebc-4eca-9b65-e763c3a26ea1,1.7773438032515645e+18
62f2b5ab-3ebc-4eca-9b65-e763c3a26ea1,1.7773438032849075e+18
62f2b5ab-3ebc-4eca-9b65-e763c3a26ea1,1.7773438033182497e+18
62f2b5ab-3ebc-4eca-9b65-e763c3a26ea1,1.7773438033515917e+18
62f2b5ab-3ebc-4eca-9b65-e763c3a26ea1,1.7773438033849347e+18
62f2b5ab-3ebc-4eca-9b65-e763c3a26ea1,1.7773438034182766e+18
62f2b5ab-3ebc-4eca-9b65-e763c3a26ea1,1.7773438034516196e+18
62f2b5ab-3ebc-4eca-9b65-e763c3a26ea1,1.7773438034849615e+18
62f2b5ab-3ebc-4eca-9b65-e763c3a26ea1,1.7773438035183045e+18
62f2b5ab-3ebc-4eca-9b65-e763c3a26ea1,1.7773438035516467e+18
62f2b5ab-3ebc-4eca-9b65-e763c3a26ea1,1.7773438035849897e+18
62f2b5ab-3ebc-4eca-9b65-e763c3a26ea1,1.7773438036183316e+18
62f2b5ab-3ebc-4eca-9b65-e763c3a26ea1,1.7773438036516736e+18
62f2b5ab-3ebc-4eca-9b65-e763c3a26ea1,1.7773438036850166e+18
62f2b5ab-3ebc-4eca-9b65-e763c3a26ea1,1.7773438037183585e+18
62f2b5ab-3ebc-4eca-9b65-e763c3a26ea1,1.7773438037517015e+18
62f2b5ab-3ebc-4eca-9b65-e763c3a26ea1,1.7773438037850437e+18
62f2b5ab-3ebc-4eca-9b65-e763c3a26ea1,1.7773438038183867e+18
62f2b5ab-3ebc-4eca-9b65-e763c3a26ea1,1.7773438038517286e+18
62f2b5ab-3ebc-4eca-9b65-e763c3a26ea1,1.7773438038850716e+18
62f2b5ab-3ebc-4eca-9b65-e763c3a26ea1,1.7773438039184136e+18
62f2b5ab-3ebc-4eca-9b65-e763c3a26ea1,1.7773438039517555e+18
62f2b5ab-3ebc-4eca-9b65-e763c3a26ea1,1.7773438039850985e+18
62f2b5ab-3ebc-4eca-9b65-e763c3a26ea1,1.7773438040184407e+18
62f2b5ab-3ebc-4eca-9b65-e763c3a26ea1,1.7773438040517837e+18
62f2b5ab-3ebc-4eca-9b65-e763c3a26ea1,1.7773438040851256e+18
62f2b5ab-3ebc-4eca-9b65-e763c3a26ea1,1.7773438041184686e+18
62f2b5ab-3ebc-4eca-9b65-e763c3a26ea1,1.7773438041518106e+18
62f2b5ab-3ebc-4eca-9b65-e763c3a26ea1,1.7773438041851535e+18
62f2b5ab-3ebc-4eca-9b65-e763c3a26ea1,1.7773438042184955e+18
62f2b5ab-3ebc-4eca-9b65-e763c3a26ea1,1.7773438042518377e+18
62f2b5ab-3ebc-4eca-9b65-e763c3a26ea1,1.7773438042851807e+18
62f2b5ab-3ebc-4eca-9b65-e763c3a26ea1,1.7773438043185226e+18
62f2b5ab-3ebc-4eca-9b65-e763c3a26ea1,1.7773438043518656e+18
62f2b5ab-3ebc-4eca-9b65-e763c3a26ea1,1.7773438043852076e+18
62f2b5ab-3ebc-4eca-9b65-e763c3a26ea1,1.7773438044185505e+18
62f2b5ab-3ebc-4eca-9b65-e763c3a26ea1,1.7773438044518925e+18
62f2b5ab-3ebc-4eca-9b65-e763c3a26ea1,1.7773438044852357e+18
62f2b5ab-3ebc-4eca-9b65-e763c3a26ea1,1.7773438045185777e+18
62f2b5ab-3ebc-4eca-9b65-e763c3a26ea1,1.7773438045519196e+18
62f2b5ab-3ebc-4eca-9b65-e763c3a26ea1,1.7773438045852626e+18
62f2b5ab-3ebc-4eca-9b65-e763c3a26ea1,1.7773438046186045e+18
62f2b5ab-3ebc-4eca-9b65-e763c3a26ea1,1.7773438046519475e+18
62f2b5ab-3ebc-4eca-9b65-e763c3a26ea1,1.7773438046852897e+18
62f2b5ab-3ebc-4eca-9b65-e763c3a26ea1,1.7773438047186327e+18
62f2b5ab-3ebc-4eca-9b65-e763c3a26ea1,1.7773438047519747e+18
62f2b5ab-3ebc-4eca-9b65-e763c3a26ea1,1.7773438047853176e+18
62f2b5ab-3ebc-4eca-9b65-e763c3a26ea1,1.7773438048186596e+18
62f2b5ab-3ebc-4eca-9b65-e763c3a26ea1,1.7773438048520015e+18
62f2b5ab-3ebc-4eca-9b65-e763c3a26ea1,1.7773438048853445e+18
62f2b5ab-3ebc-4eca-9b65-e763c3a26ea1,1.7773438049186867e+18
62f2b5ab-3ebc-4eca-9b65-e763c3a26ea1,1.7773438049520297e+18
62f2b5ab-3ebc-4eca-9b65-e763c3a26ea1,1.7773438049853716e+18
62f2b5ab-3ebc-4eca-9b65-e763c3a26ea1,1.7773438050187146e+18
62f2b5ab-3ebc-4eca-9b65-e763c3a26ea1,1.7773438050520566e+18
62f2b5ab-3ebc-4eca-9b65-e763c3a26ea1,1.7773438050853996e+18
62f2b5ab-3ebc-4eca-9b65-e763c3a26ea1,1.7773438051187415e+18
62f2b5ab-3ebc-4eca-9b65-e763c3a26ea1,1.7773438051520845e+18
62f2b5ab-3ebc-4eca-9b65-e763c3a26ea1,1.7773438051854267e+18
62f2b5ab-3ebc-4eca-9b65-e763c3a26ea1,1.7773438052187686e+18
62f2b5ab-3ebc-4eca-9b65-e763c3a26ea1,1.7773438052521116e+18
62f2b5ab-3ebc-4eca-9b65-e763c3a26ea1,1.7773438052854536e+18
62f2b5ab-3ebc-4eca-9b65-e763c3a26ea1,1.7773438053187965e+18
62f2b5ab-3ebc-4eca-9b65-e763c3a26ea1,1.7773438053521385e+18
62f2b5ab-3ebc-4eca-9b65-e763c3a26ea1,1.7773438053854817e+18
62f2b5ab-3ebc-4eca-9b65-e763c3a26ea1,1.7773438054188237e+18
62f2b5ab-3ebc-4eca-9b65-e763c3a26ea1,1.7773438054521667e+18
62f2b5ab-3ebc-4eca-9b65-e763c3a26ea1,1.7773438054855086e+18
62f2b5ab-3ebc-4eca-9b65-e763c3a26ea1,1.7773438055188506e+18
62f2b5ab-3ebc-4eca-9b65-e763c3a26ea1,1.7773438055521935e+18
62f2b5ab-3ebc-4eca-9b65-e763c3a26ea1,1.7773438055855355e+18
62f2b5ab-3ebc-4eca-9b65-e763c3a26ea1,1.7773438056188787e+18
62f2b5ab-3ebc-4eca-9b65-e763c3a26ea1,1.7773438056522207e+18
62f2b5ab-3ebc-4eca-9b65-e763c3a26ea1,1.7773438056855636e+18
62f2b5ab-3ebc-4eca-9b65-e763c3a26ea1,1.7773438057189056e+18
62f2b5ab-3ebc-4eca-9b65-e763c3a26ea1,1.7773438057522486e+18
62f2b5ab-3ebc-4eca-9b65-e763c3a26ea1,1.7773438057855905e+18
62f2b5ab-3ebc-4eca-9b65-e763c3a26ea1,1.7773438058189325e+18
62f2b5ab-3ebc-4eca-9b65-e763c3a26ea1,1.7773438058522757e+18
62f2b5ab-3ebc-4eca-9b65-e763c3a26ea1,1.7773438058856177e+18
62f2b5ab-3ebc-4eca-9b65-e763c3a26ea1,1.7773438059189606e+18
62f2b5ab-3ebc-4eca-9b65-e763c3a26ea1,1.7773438059523026e+18
62f2b5ab-3ebc-4eca-9b65-e763c3a26ea1,1.7773438059856456e+18
62f2b5ab-3ebc-4eca-9b65-e763c3a26ea1,1.7773438060189875e+18
62f2b5ab-3ebc-4eca-9b65-e763c3a26ea1,1.7773438060523305e+18
62f2b5ab-3ebc-4eca-9b65-e763c3a26ea1,1.7773438060856727e+18
62f2b5ab-3ebc-4eca-9b65-e763c3a26ea1,1.7773438061190147e+18
62f2b5ab-3ebc-4eca-9b65-e763c3a26ea1,1.7773438061523576e+18
62f2b5ab-3ebc-4eca-9b65-e763c3a26ea1,1.7773438061856996e+18
62f2b5ab-3ebc-4eca-9b65-e763c3a26ea1,1.7773438062190426e+18
62f2b5ab-3ebc-4eca-9b65-e763c3a26ea1,1.7773438062523845e+18
62f2b5ab-3ebc-4eca-9b65-e763c3a26ea1,1.7773438062857275e+18
62f2b5ab-3ebc-4eca-9b65-e763c3a26ea1,1.7773438063190697e+18
62f2b5ab-3ebc-4eca-9b65-e763c3a26ea1,1.7773438063524127e+18
62f2b5ab-3ebc-4eca-9b65-e763c3a26ea1,1.7773438063857546e+18
62f2b5ab-3ebc-4eca-9b65-e763c3a26ea1,1.7773438064190966e+18
62f2b5ab-3ebc-4eca-9b65-e763c3a26ea1,1.7773438064524396e+18
62f2b5ab-3ebc-4eca-9b65-e763c3a26ea1,1.7773438064857815e+18
62f2b5ab-3ebc-4eca-9b65-e763c3a26ea1,1.7773438065191245e+18
62f2b5ab-3ebc-4eca-9b65-e763c3a26ea1,1.7773438065524667e+18
62f2b5ab-3ebc-4eca-9b65-e763c3a26ea1,1.7773438065858097e+18
62f2b5ab-3ebc-4eca-9b65-e763c3a26ea1,1.7773438066191516e+18
62f2b5ab-3ebc-4eca-9b65-e763c3a26ea1,1.7773438066524946e+18
62f2b5ab-3ebc-4eca-9b65-e763c3a26ea1,1.7773438066858365e+18
62f2b5ab-3ebc-4eca-9b65-e763c3a26ea1,1.7773438067191785e+18
62f2b5ab-3ebc-4eca-9b65-e763c3a26ea1,1.7773438067525217e+18
62f2b5ab-3ebc-4eca-9b65-e763c3a26ea1,1.7773438067858637e+18
62f2b5ab-3ebc-4eca-9b65-e763c3a26ea1,1.7773438068192067e+18
62f2b5ab-3ebc-4eca-9b65-e763c3a26ea1,1.7773438068525486e+18
62f2b5ab-3ebc-4eca-9b65-e763c3a26ea1,1.7773438068858916e+18
62f2b5ab-3ebc-4eca-9b65-e763c3a26ea1,1.7773438069192335e+18
62f2b5ab-3ebc-4eca-9b65-e763c3a26ea1,1.7773438069525765e+18
62f2b5ab-3ebc-4eca-9b65-e763c3a26ea1,1.7773438069859187e+18
62f2b5ab-3ebc-4eca-9b65-e763c3a26ea1,1.7773438070192617e+18
62f2b5ab-3ebc-4eca-9b65-e763c3a26ea1,1.7773438070526036e+18
62f2b5ab-3ebc-4eca-9b65-e763c3a26ea1,1.7773438070859456e+18
62f2b5ab-3ebc-4eca-9b65-e763c3a26ea1,1.7773438071192886e+18
62f2b5ab-3ebc-4eca-9b65-e763c3a26ea1,1.7773438071526305e+18
62f2b5ab-3ebc-4eca-9b65-e763c3a26ea1,1.7773438071859735e+18
62f2b5ab-3ebc-4eca-9b65-e763c3a26ea1,1.7773438072193157e+18
62f2b5ab-3ebc-4eca-9b65-e763c3a26ea1,1.7773438072526587e+18
62f2b5ab-3ebc-4eca-9b65-e763c3a26ea1,1.7773438072860006e+18
62f2b5ab-3ebc-4eca-9b65-e763c3a26ea1,1.7773438073193436e+18
62f2b5ab-3ebc-4eca-9b65-e763c3a26ea1,1.7773438073526856e+18
62f2b5ab-3ebc-4eca-9b65-e763c3a26ea1,1.7773438073860275e+18
62f2b5ab-3ebc-4eca-9b65-e763c3a26ea1,1.7773438074193705e+18
62f2b5ab-3ebc-4eca-9b65-e763c3a26ea1,1.7773438074527127e+18
62f2b5ab-3ebc-4eca-9b65-e763c3a26ea1,1.7773438074860557e+18
62f2b5ab-3ebc-4eca-9b65-e763c3a26ea1,1.7773438075193976e+18
62f2b5ab-3ebc-4eca-9b65-e763c3a26ea1,1.7773438075527406e+18
62f2b5ab-3ebc-4eca-9b65-e763c3a26ea1,1.7773438075860826e+18
62f2b5ab-3ebc-4eca-9b65-e763c3a26ea1,1.7773438076194255e+18
62f2b5ab-3ebc-4eca-9b65-e763c3a26ea1,1.7773438076527675e+18
62f2b5ab-3ebc-4eca-9b65-e763c3a26ea1,1.7773438076861097e+18
62f2b5ab-3ebc-4eca-9b65-e763c3a26ea1,1.7773438077194527e+18
62f2b5ab-3ebc-4eca-9b65-e763c3a26ea1,1.7773438077527946e+18
62f2b5ab-3ebc-4eca-9b65-e763c3a26ea1,1.7773438077861376e+18
62f2b5ab-3ebc-4eca-9b65-e763c3a26ea1,1.7773438078194796e+18
62f2b5ab-3ebc-4eca-9b65-e763c3a26ea1,1.7773438078528225e+18
62f2b5ab-3ebc-4eca-9b65-e763c3a26ea1,1.7773438078861645e+18
62f2b5ab-3ebc-4eca-9b65-e763c3a26ea1,1.7773438079195077e+18
62f2b5ab-3ebc-4eca-9b65-e763c3a26ea1,1.7773438079528497e+18
62f2b5ab-3ebc-4eca-9b65-e763c3a26ea1,1.7773438079861916e+18
62f2b5ab-3ebc-4eca-9b65-e763c3a26ea1,1.7773438080195346e+18
62f2b5ab-3ebc-4eca-9b65-e763c3a26ea1,1.7773438080528765e+18
62f2b5ab-3ebc-4eca-9b65-e763c3a26ea1,1.7773438080862195e+18
62f2b5ab-3ebc-4eca-9b65-e763c3a26ea1,1.7773438081195617e+18
62f2b5ab-3ebc-4eca-9b65-e763c3a26ea1,1.7773438081529047e+18
62f2b5ab-3ebc-4eca-9b65-e763c3a26ea1,1.7773438081862467e+18
62f2b5ab-3ebc-4eca-9b65-e763c3a26ea1,1.7773438082195896e+18
62f2b5ab-3ebc-4eca-9b65-e763c3a26ea1,1.7773438082529316e+18
62f2b5ab-3ebc-4eca-9b65-e763c3a26ea1,1.7773438082862735e+18
62f2b5ab-3ebc-4eca-9b65-e763c3a26ea1,1.7773438083196165e+18
62f2b5ab-3ebc-4eca-9b65-e763c3a26ea1,1.7773438083529587e+18
62f2b5ab-3ebc-4eca-9b65-e763c3a26ea1,1.7773438083863017e+18
62f2b5ab-3ebc-4eca-9b65-e763c3a26ea1,1.7773438084196436e+18
62f2b5ab-3ebc-4eca-9b65-e763c3a26ea1,1.7773438084529866e+18
62f2b5ab-3ebc-4eca-9b65-e763c3a26ea1,1.7773438084863286e+18
62f2b5ab-3ebc-4eca-9b65-e763c3a26ea1,1.7773438085196716e+18
62f2b5ab-3ebc-4eca-9b65-e763c3a26ea1,1.7773438085530135e+18
62f2b5ab-3ebc-4eca-9b65-e763c3a26ea1,1.7773438085863557e+18
62f2b5ab-3ebc-4eca-9b65-e763c3a26ea1,1.7773438086196987e+18
62f2b5ab-3ebc-4eca-9b65-e763c3a26ea1,1.7773438086530406e+18
62f2b5ab-3ebc-4eca-9b65-e763c3a26ea1,1.7773438086863836e+18
62f2b5ab-3ebc-4eca-9b65-e763c3a26ea1,1.7773438087197256e+18
62f2b5ab-3ebc-4eca-9b65-e763c3a26ea1,1.7773438087530685e+18
62f2b5ab-3ebc-4eca-9b65-e763c3a26ea1,1.7773438087864105e+18
62f2b5ab-3ebc-4eca-9b65-e763c3a26ea1,1.7773438088197537e+18
62f2b5ab-3ebc-4eca-9b65-e763c3a26ea1,1.7773438088530957e+18
62f2b5ab-3ebc-4eca-9b65-e763c3a26ea1,1.7773438088864387e+18
62f2b5ab-3ebc-4eca-9b65-e763c3a26ea1,1.7773438089197806e+18
62f2b5ab-3ebc-4eca-9b65-e763c3a26ea1,1.7773438089531226e+18
62f2b5ab-3ebc-4eca-9b65-e763c3a26ea1,1.7773438089864655e+18
62f2b5ab-3ebc-4eca-9b65-e763c3a26ea1,1.7773438090198075e+18
62f2b5ab-3ebc-4eca-9b65-e763c3a26ea1,1.7773438090531507e+18
62f2b5ab-3ebc-4eca-9b65-e763c3a26ea1,1.7773438090864927e+18
62f2b5ab-3ebc-4eca-9b65-e763c3a26ea1,1.7773438091198356e+18
62f2b5ab-3ebc-4eca-9b65-e763c3a26ea1,1.7773438091531776e+18
62f2b5ab-3ebc-4eca-9b65-e763c3a26ea1,1.7773438091865206e+18
62f2b5ab-3ebc-4eca-9b65-e763c3a26ea1,1.7773438092198625e+18
62f2b5ab-3ebc-4eca-9b65-e763c3a26ea1,1.7773438092532045e+18
62f2b5ab-3ebc-4eca-9b65-e763c3a26ea1,1.7773438092865477e+18
62f2b5ab-3ebc-4eca-9b65-e763c3a26ea1,1.7773438093198897e+18
62f2b5ab-3ebc-4eca-9b65-e763c3a26ea1,1.7773438093532326e+18
62f2b5ab-3ebc-4eca-9b65-e763c3a26ea1,1.7773438093865746e+18
62f2b5ab-3ebc-4eca-9b65-e763c3a26ea1,1.7773438094199176e+18
62f2b5ab-3ebc-4eca-9b65-e763c3a26ea1,1.7773438094532595e+18
62f2b5ab-3ebc-4eca-9b65-e763c3a26ea1,1.7773438094866025e+18
62f2b5ab-3ebc-4eca-9b65-e763c3a26ea1,1.7773438095199447e+18
62f2b5ab-3ebc-4eca-9b65-e763c3a26ea1,1.7773438095532867e+18
62f2b5ab-3ebc-4eca-9b65-e763c3a26ea1,1.7773438095866296e+18
62f2b5ab-3ebc-4eca-9b65-e763c3a26ea1,1.7773438096199716e+18
62f2b5ab-3ebc-4eca-9b65-e763c3a26ea1,1.7773438096533146e+18
62f2b5ab-3ebc-4eca-9b65-e763c3a26ea1,1.7773438096866565e+18
62f2b5ab-3ebc-4eca-9b65-e763c3a26ea1,1.7773438097199995e+18
62f2b5ab-3ebc-4eca-9b65-e763c3a26ea1,1.7773438097533417e+18
62f2b5ab-3ebc-4eca-9b65-e763c3a26ea1,1.7773438097866847e+18
62f2b5ab-3ebc-4eca-9b65-e763c3a26ea1,1.7773438098200266e+18
62f2b5ab-3ebc-4eca-9b65-e763c3a26ea1,1.7773438098533686e+18
62f2b5ab-3ebc-4eca-9b65-e763c3a26ea1,1.7773438098867116e+18
62f2b5ab-3ebc-4eca-9b65-e763c3a26ea1,1.7773438099200535e+18
62f2b5ab-3ebc-4eca-9b65-e763c3a26ea1,1.7773438099533965e+18
62f2b5ab-3ebc-4eca-9b65-e763c3a26ea1,1.7773438099867387e+18
62f2b5ab-3ebc-4eca-9b65-e763c3a26ea1,1.7773438100200817e+18
62f2b5ab-3ebc-4eca-9b65-e763c3a26ea1,1.7773438100534236e+18
62f2b5ab-3ebc-4eca-9b65-e763c3a26ea1,1.7773438100867666e+18
62f2b5ab-3ebc-4eca-9b65-e763c3a26ea1,1.7773438101201085e+18
62f2b5ab-3ebc-4eca-9b65-e763c3a26ea1,1.7773438101534515e+18
62f2b5ab-3ebc-4eca-9b65-e763c3a26ea1,1.7773438101867937e+18
62f2b5ab-3ebc-4eca-9b65-e763c3a26ea1,1.7773438102201357e+18
62f2b5ab-3ebc-4eca-9b65-e763c3a26ea1,1.7773438102534787e+18
62f2b5ab-3ebc-4eca-9b65-e763c3a26ea1,1.7773438102868206e+18
62f2b5ab-3ebc-4eca-9b65-e763c3a26ea1,1.7773438103201636e+18
62f2b5ab-3ebc-4eca-9b65-e763c3a26ea1,1.7773438103535055e+18
62f2b5ab-3ebc-4eca-9b65-e763c3a26ea1,1.7773438103868485e+18
62f2b5ab-3ebc-4eca-9b65-e763c3a26ea1,1.7773438104201907e+18
62f2b5ab-3ebc-4eca-9b65-e763c3a26ea1,1.7773438104535327e+18
62f2b5ab-3ebc-4eca-9b65-e763c3a26ea1,1.7773438104868756e+18
62f2b5ab-3ebc-4eca-9b65-e763c3a26ea1,1.7773438105202176e+18
62f2b5ab-3ebc-4eca-9b65-e763c3a26ea1,1.7773438105535606e+18
62f2b5ab-3ebc-4eca-9b65-e763c3a26ea1,1.7773438105869025e+18
62f2b5ab-3ebc-4eca-9b65-e763c3a26ea1,1.7773438106202455e+18
62f2b5ab-3ebc-4eca-9b65-e763c3a26ea1,1.7773438106535877e+18
62f2b5ab-3ebc-4eca-9b65-e763c3a26ea1,1.7773438106869307e+18
62f2b5ab-3ebc-4eca-9b65-e763c3a26ea1,1.7773438107202726e+18
62f2b5ab-3ebc-4eca-9b65-e763c3a26ea1,1.7773438107536156e+18
62f2b5ab-3ebc-4eca-9b65-e763c3a26ea1,1.7773438107869576e+18
62f2b5ab-3ebc-4eca-9b65-e763c3a26ea1,1.7773438108202995e+18
62f2b5ab-3ebc-4eca-9b65-e763c3a26ea1,1.7773438108536425e+18
62f2b5ab-3ebc-4eca-9b65-e763c3a26ea1,1.7773438108869847e+18
62f2b5ab-3ebc-4eca-9b65-e763c3a26ea1,1.7773438109203277e+18
62f2b5ab-3ebc-4eca-9b65-e763c3a26ea1,1.7773438109536696e+18
62f2b5ab-3ebc-4eca-9b65-e763c3a26ea1,1.7773438109870126e+18
62f2b5ab-3ebc-4eca-9b65-e763c3a26ea1,1.7773438110203546e+18
62f2b5ab-3ebc-4eca-9b65-e763c3a26ea1,1.7773438110536975e+18
62f2b5ab-3ebc-4eca-9b65-e763c3a26ea1,1.7773438110870395e+18
62f2b5ab-3ebc-4eca-9b65-e763c3a26ea1,1.7773438111203817e+18
62f2b5ab-3ebc-4eca-9b65-e763c3a26ea1,1.7773438111537247e+18
62f2b5ab-3ebc-4eca-9b65-e763c3a26ea1,1.7773438111870666e+18
62f2b5ab-3ebc-4eca-9b65-e763c3a26ea1,1.7773438112204096e+18
62f2b5ab-3ebc-4eca-9b65-e763c3a26ea1,1.7773438112537516e+18
62f2b5ab-3ebc-4eca-9b65-e763c3a26ea1,1.7773438112870945e+18
62f2b5ab-3ebc-4eca-9b65-e763c3a26ea1,1.7773438113204365e+18
62f2b5ab-3ebc-4eca-9b65-e763c3a26ea1,1.7773438113537797e+18
62f2b5ab-3ebc-4eca-9b65-e763c3a26ea1,1.7773438113871217e+18
62f2b5ab-3ebc-4eca-9b65-e763c3a26ea1,1.7773438114204636e+18
62f2b5ab-3ebc-4eca-9b65-e763c3a26ea1,1.7773438114538066e+18
62f2b5ab-3ebc-4eca-9b65-e763c3a26ea1,1.7773438114871485e+18
62f2b5ab-3ebc-4eca-9b65-e763c3a26ea1,1.7773438115204915e+18
62f2b5ab-3ebc-4eca-9b65-e763c3a26ea1,1.7773438115538337e+18
62f2b5ab-3ebc-4eca-9b65-e763c3a26ea1,1.7773438115871767e+18
62f2b5ab-3ebc-4eca-9b65-e763c3a26ea1,1.7773438116205187e+18
62f2b5ab-3ebc-4eca-9b65-e763c3a26ea1,1.7773438116538616e+18
62f2b5ab-3ebc-4eca-9b65-e763c3a26ea1,1.7773438116872036e+18
62f2b5ab-3ebc-4eca-9b65-e763c3a26ea1,1.7773438117205455e+18
62f2b5ab-3ebc-4eca-9b65-e763c3a26ea1,1.7773438117538885e+18
62f2b5ab-3ebc-4eca-9b65-e763c3a26ea1,1.7773438117872307e+18
62f2b5ab-3ebc-4eca-9b65-e763c3a26ea1,1.7773438118205737e+18
62f2b5ab-3ebc-4eca-9b65-e763c3a26ea1,1.7773438118539156e+18
62f2b5ab-3ebc-4eca-9b65-e763c3a26ea1,1.7773438118872586e+18
62f2b5ab-3ebc-4eca-9b65-e763c3a26ea1,1.7773438119206006e+18
62f2b5ab-3ebc-4eca-9b65-e763c3a26ea1,1.7773438119539436e+18
62f2b5ab-3ebc-4eca-9b65-e763c3a26ea1,1.7773438119872855e+18
62f2b5ab-3ebc-4eca-9b65-e763c3a26ea1,1.7773438120206277e+18
62f2b5ab-3ebc-4eca-9b65-e763c3a26ea1,1.7773438120539707e+18
62f2b5ab-3ebc-4eca-9b65-e763c3a26ea1,1.7773438120873126e+18
62f2b5ab-3ebc-4eca-9b65-e763c3a26ea1,1.7773438121206556e+18
62f2b5ab-3ebc-4eca-9b65-e763c3a26ea1,1.7773438121539976e+18
62f2b5ab-3ebc-4eca-9b65-e763c3a26ea1,1.7773438121873405e+18
62f2b5ab-3ebc-4eca-9b65-e763c3a26ea1,1.7773438122206825e+18
62f2b5ab-3ebc-4eca-9b65-e763c3a26ea1,1.7773438122540257e+18
62f2b5ab-3ebc-4eca-9b65-e763c3a26ea1,1.7773438122873677e+18
62f2b5ab-3ebc-4eca-9b65-e763c3a26ea1,1.7773438123207096e+18
62f2b5ab-3ebc-4eca-9b65-e763c3a26ea1,1.7773438123540526e+18
62f2b5ab-3ebc-4eca-9b65-e763c3a26ea1,1.7773438123873946e+18
62f2b5ab-3ebc-4eca-9b65-e763c3a26ea1,1.7773438124207375e+18
62f2b5ab-3ebc-4eca-9b65-e763c3a26ea1,1.7773438124540795e+18
62f2b5ab-3ebc-4eca-9b65-e763c3a26ea1,1.7773438124874227e+18
62f2b5ab-3ebc-4eca-9b65-e763c3a26ea1,1.7773438125207647e+18
62f2b5ab-3ebc-4eca-9b65-e763c3a26ea1,1.7773438125541076e+18
62f2b5ab-3ebc-4eca-9b65-e763c3a26ea1,1.7773438125874496e+18
62f2b5ab-3ebc-4eca-9b65-e763c3a26ea1,1.7773438126207926e+18
62f2b5ab-3ebc-4eca-9b65-e763c3a26ea1,1.7773438126541345e+18
62f2b5ab-3ebc-4eca-9b65-e763c3a26ea1,1.7773438126874765e+18
62f2b5ab-3ebc-4eca-9b65-e763c3a26ea1,1.7773438127208197e+18
62f2b5ab-3ebc-4eca-9b65-e763c3a26ea1,1.7773438127541617e+18
62f2b5ab-3ebc-4eca-9b65-e763c3a26ea1,1.7773438127875046e+18
62f2b5ab-3ebc-4eca-9b65-e763c3a26ea1,1.7773438128208466e+18
62f2b5ab-3ebc-4eca-9b65-e763c3a26ea1,1.7773438128541896e+18
62f2b5ab-3ebc-4eca-9b65-e763c3a26ea1,1.7773438128875315e+18
62f2b5ab-3ebc-4eca-9b65-e763c3a26ea1,1.7773438129208745e+18
62f2b5ab-3ebc-4eca-9b65-e763c3a26ea1,1.7773438129542167e+18
62f2b5ab-3ebc-4eca-9b65-e763c3a26ea1,1.7773438129875587e+18
62f2b5ab-3ebc-4eca-9b65-e763c3a26ea1,1.7773438130209016e+18
62f2b5ab-3ebc-4eca-9b65-e763c3a26ea1,1.7773438130542436e+18
62f2b5ab-3ebc-4eca-9b65-e763c3a26ea1,1.7773438130875866e+18
62f2b5ab-3ebc-4eca-9b65-e763c3a26ea1,1.7773438131209285e+18
62f2b5ab-3ebc-4eca-9b65-e763c3a26ea1,1.7773438131542715e+18
62f2b5ab-3ebc-4eca-9b65-e763c3a26ea1,1.7773438131876137e+18
62f2b5ab-3ebc-4eca-9b65-e763c3a26ea1,1.7773438132209567e+18
62f2b5ab-3ebc-4eca-9b65-e763c3a26ea1,1.7773438132542986e+18
62f2b5ab-3ebc-4eca-9b65-e763c3a26ea1,1.7773438132876406e+18
62f2b5ab-3ebc-4eca-9b65-e763c3a26ea1,1.7773438133209836e+18
62f2b5ab-3ebc-4eca-9b65-e763c3a26ea1,1.7773438133543255e+18
62f2b5ab-3ebc-4eca-9b65-e763c3a26ea1,1.7773438133876685e+18
62f2b5ab-3ebc-4eca-9b65-e763c3a26ea1,1.7773438134210107e+18
62f2b5ab-3ebc-4eca-9b65-e763c3a26ea1,1.7773438134543537e+18
62f2b5ab-3ebc-4eca-9b65-e763c3a26ea1,1.7773438134876956e+18
62f2b5ab-3ebc-4eca-9b65-e763c3a26ea1,1.7773438135210386e+18
62f2b5ab-3ebc-4eca-9b65-e763c3a26ea1,1.7773438135543805e+18
62f2b5ab-3ebc-4eca-9b65-e763c3a26ea1,1.7773438135877225e+18
62f2b5ab-3ebc-4eca-9b65-e763c3a26ea1,1.7773438136210657e+18
62f2b5ab-3ebc-4eca-9b65-e763c3a26ea1,1.7773438136544077e+18
62f2b5ab-3ebc-4eca-9b65-e763c3a26ea1,1.7773438136877507e+18
62f2b5ab-3ebc-4eca-9b65-e763c3a26ea1,1.7773438137210926e+18
62f2b5ab-3ebc-4eca-9b65-e763c3a26ea1,1.7773438137544356e+18
62f2b5ab-3ebc-4eca-9b65-e763c3a26ea1,1.7773438137877775e+18
62f2b5ab-3ebc-4eca-9b65-e763c3a26ea1,1.7773438138211205e+18
62f2b5ab-3ebc-4eca-9b65-e763c3a26ea1,1.7773438138544627e+18
62f2b5ab-3ebc-4eca-9b65-e763c3a26ea1,1.7773438138878047e+18
62f2b5ab-3ebc-4eca-9b65-e763c3a26ea1,1.7773438139211476e+18
62f2b5ab-3ebc-4eca-9b65-e763c3a26ea1,1.7773438139544896e+18
62f2b5ab-3ebc-4eca-9b65-e763c3a26ea1,1.7773438139878326e+18
62f2b5ab-3ebc-4eca-9b65-e763c3a26ea1,1.7773438140211745e+18
62f2b5ab-3ebc-4eca-9b65-e763c3a26ea1,1.7773438140545175e+18
62f2b5ab-3ebc-4eca-9b65-e763c3a26ea1,1.7773438140878597e+18
62f2b5ab-3ebc-4eca-9b65-e763c3a26ea1,1.7773438141212027e+18
62f2b5ab-3ebc-4eca-9b65-e763c3a26ea1,1.7773438141545446e+18
62f2b5ab-3ebc-4eca-9b65-e763c3a26ea1,1.7773438141878866e+18
62f2b5ab-3ebc-4eca-9b65-e763c3a26ea1,1.7773438142212296e+18
62f2b5ab-3ebc-4eca-9b65-e763c3a26ea1,1.7773438142545715e+18
62f2b5ab-3ebc-4eca-9b65-e763c3a26ea1,1.7773438142879145e+18
62f2b5ab-3ebc-4eca-9b65-e763c3a26ea1,1.7773438143212567e+18
62f2b5ab-3ebc-4eca-9b65-e763c3a26ea1,1.7773438143545997e+18
62f2b5ab-3ebc-4eca-9b65-e763c3a26ea1,1.7773438143879416e+18
62f2b5ab-3ebc-4eca-9b65-e763c3a26ea1,1.7773438144212846e+18
62f2b5ab-3ebc-4eca-9b65-e763c3a26ea1,1.7773438144546266e+18
62f2b5ab-3ebc-4eca-9b65-e763c3a26ea1,1.7773438144879695e+18
62f2b5ab-3ebc-4eca-9b65-e763c3a26ea1,1.7773438145213115e+18
62f2b5ab-3ebc-4eca-9b65-e763c3a26ea1,1.7773438145546537e+18
62f2b5ab-3ebc-4eca-9b65-e763c3a26ea1,1.7773438145879967e+18
62f2b5ab-3ebc-4eca-9b65-e763c3a26ea1,1.7773438146213386e+18
62f2b5ab-3ebc-4eca-9b65-e763c3a26ea1,1.7773438146546816e+18
62f2b5ab-3ebc-4eca-9b65-e763c3a26ea1,1.7773438146880236e+18
62f2b5ab-3ebc-4eca-9b65-e763c3a26ea1,1.7773438147213665e+18
62f2b5ab-3ebc-4eca-9b65-e763c3a26ea1,1.7773438147547085e+18
62f2b5ab-3ebc-4eca-9b65-e763c3a26ea1,1.7773438147880517e+18
62f2b5ab-3ebc-4eca-9b65-e763c3a26ea1,1.7773438148213937e+18
62f2b5ab-3ebc-4eca-9b65-e763c3a26ea1,1.7773438148547356e+18
62f2b5ab-3ebc-4eca-9b65-e763c3a26ea1,1.7773438148880786e+18
62f2b5ab-3ebc-4eca-9b65-e763c3a26ea1,1.7773438149214205e+18
62f2b5ab-3ebc-4eca-9b65-e763c3a26ea1,1.7773438149547635e+18
62f2b5ab-3ebc-4eca-9b65-e763c3a26ea1,1.7773438149881057e+18
62f2b5ab-3ebc-4eca-9b65-e763c3a26ea1,1.7773438150214487e+18
62f2b5ab-3ebc-4eca-9b65-e763c3a26ea1,1.7773438150547907e+18
62f2b5ab-3ebc-4eca-9b65-e763c3a26ea1,1.7773438150881336e+18
62f2b5ab-3ebc-4eca-9b65-e763c3a26ea1,1.7773438151214756e+18
62f2b5ab-3ebc-4eca-9b65-e763c3a26ea1,1.7773438151548175e+18
62f2b5ab-3ebc-4eca-9b65-e763c3a26ea1,1.7773438151881605e+18
62f2b5ab-3ebc-4eca-9b65-e763c3a26ea1,1.7773438152215027e+18
62f2b5ab-3ebc-4eca-9b65-e763c3a26ea1,1.7773438152548457e+18
62f2b5ab-3ebc-4eca-9b65-e763c3a26ea1,1.7773438152881876e+18
62f2b5ab-3ebc-4eca-9b65-e763c3a26ea1,1.7773438153215306e+18
62f2b5ab-3ebc-4eca-9b65-e763c3a26ea1,1.7773438153548726e+18
62f2b5ab-3ebc-4eca-9b65-e763c3a26ea1,1.7773438153882156e+18
62f2b5ab-3ebc-4eca-9b65-e763c3a26ea1,1.7773438154215575e+18
62f2b5ab-3ebc-4eca-9b65-e763c3a26ea1,1.7773438154548997e+18
62f2b5ab-3ebc-4eca-9b65-e763c3a26ea1,1.7773438154882427e+18
62f2b5ab-3ebc-4eca-9b65-e763c3a26ea1,1.7773438155215846e+18
62f2b5ab-3ebc-4eca-9b65-e763c3a26ea1,1.7773438155549276e+18
62f2b5ab-3ebc-4eca-9b65-e763c3a26ea1,1.7773438155882696e+18
62f2b5ab-3ebc-4eca-9b65-e763c3a26ea1,1.7773438156216125e+18
62f2b5ab-3ebc-4eca-9b65-e763c3a26ea1,1.7773438156549545e+18
62f2b5ab-3ebc-4eca-9b65-e763c3a26ea1,1.7773438156882977e+18
62f2b5ab-3ebc-4eca-9b65-e763c3a26ea1,1.7773438157216397e+18
62f2b5ab-3ebc-4eca-9b65-e763c3a26ea1,1.7773438157549816e+18
62f2b5ab-3ebc-4eca-9b65-e763c3a26ea1,1.7773438157883246e+18
62f2b5ab-3ebc-4eca-9b65-e763c3a26ea1,1.7773438158216666e+18
62f2b5ab-3ebc-4eca-9b65-e763c3a26ea1,1.7773438158550095e+18
62f2b5ab-3ebc-4eca-9b65-e763c3a26ea1,1.7773438158883515e+18
62f2b5ab-3ebc-4eca-9b65-e763c3a26ea1,1.7773438159216947e+18
62f2b5ab-3ebc-4eca-9b65-e763c3a26ea1,1.7773438159550367e+18
62f2b5ab-3ebc-4eca-9b65-e763c3a26ea1,1.7773438159883796e+18
62f2b5ab-3ebc-4eca-9b65-e763c3a26ea1,1.7773438160217216e+18
62f2b5ab-3ebc-4eca-9b65-e763c3a26ea1,1.7773438160550636e+18
62f2b5ab-3ebc-4eca-9b65-e763c3a26ea1,1.7773438160884065e+18
62f2b5ab-3ebc-4eca-9b65-e763c3a26ea1,1.7773438161217485e+18
62f2b5ab-3ebc-4eca-9b65-e763c3a26ea1,1.7773438161550917e+18
62f2b5ab-3ebc-4eca-9b65-e763c3a26ea1,1.7773438161884337e+18
62f2b5ab-3ebc-4eca-9b65-e763c3a26ea1,1.7773438162217766e+18
62f2b5ab-3ebc-4eca-9b65-e763c3a26ea1,1.7773438162551186e+18
62f2b5ab-3ebc-4eca-9b65-e763c3a26ea1,1.7773438162884616e+18
62f2b5ab-3ebc-4eca-9b65-e763c3a26ea1,1.7773438163218035e+18
62f2b5ab-3ebc-4eca-9b65-e763c3a26ea1,1.7773438163551465e+18
62f2b5ab-3ebc-4eca-9b65-e763c3a26ea1,1.7773438163884887e+18
62f2b5ab-3ebc-4eca-9b65-e763c3a26ea1,1.7773438164218307e+18
62f2b5ab-3ebc-4eca-9b65-e763c3a26ea1,1.7773438164551736e+18
62f2b5ab-3ebc-4eca-9b65-e763c3a26ea1,1.7773438164885156e+18
62f2b5ab-3ebc-4eca-9b65-e763c3a26ea1,1.7773438165218586e+18
62f2b5ab-3ebc-4eca-9b65-e763c3a26ea1,1.7773438165552005e+18
62f2b5ab-3ebc-4eca-9b65-e763c3a26ea1,1.7773438165885435e+18
62f2b5ab-3ebc-4eca-9b65-e763c3a26ea1,1.7773438166218857e+18
62f2b5ab-3ebc-4eca-9b65-e763c3a26ea1,1.7773438166552287e+18
62f2b5ab-3ebc-4eca-9b65-e763c3a26ea1,1.7773438166885706e+18
62f2b5ab-3ebc-4eca-9b65-e763c3a26ea1,1.7773438167219126e+18
62f2b5ab-3ebc-4eca-9b65-e763c3a26ea1,1.7773438167552556e+18
62f2b5ab-3ebc-4eca-9b65-e763c3a26ea1,1.7773438167885975e+18
62f2b5ab-3ebc-4eca-9b65-e763c3a26ea1,1.7773438168219405e+18
62f2b5ab-3ebc-4eca-9b65-e763c3a26ea1,1.7773438168552827e+18
62f2b5ab-3ebc-4eca-9b65-e763c3a26ea1,1.7773438168886257e+18
62f2b5ab-3ebc-4eca-9b65-e763c3a26ea1,1.7773438169219676e+18
62f2b5ab-3ebc-4eca-9b65-e763c3a26ea1,1.7773438169553106e+18
62f2b5ab-3ebc-4eca-9b65-e763c3a26ea1,1.7773438169886525e+18
62f2b5ab-3ebc-4eca-9b65-e763c3a26ea1,1.7773438170219955e+18
62f2b5ab-3ebc-4eca-9b65-e763c3a26ea1,1.7773438170553377e+18
62f2b5ab-3ebc-4eca-9b65-e763c3a26ea1,1.7773438170886797e+18
62f2b5ab-3ebc-4eca-9b65-e763c3a26ea1,1.7773438171220227e+18
62f2b5ab-3ebc-4eca-9b65-e763c3a26ea1,1.7773438171553646e+18
62f2b5ab-3ebc-4eca-9b65-e763c3a26ea1,1.7773438171887076e+18
62f2b5ab-3ebc-4eca-9b65-e763c3a26ea1,1.7773438172220495e+18
62f2b5ab-3ebc-4eca-9b65-e763c3a26ea1,1.7773438172553925e+18
62f2b5ab-3ebc-4eca-9b65-e763c3a26ea1,1.7773438172887347e+18
62f2b5ab-3ebc-4eca-9b65-e763c3a26ea1,1.7773438173220777e+18
62f2b5ab-3ebc-4eca-9b65-e763c3a26ea1,1.7773438173554196e+18
62f2b5ab-3ebc-4eca-9b65-e763c3a26ea1,1.7773438173887616e+18
62f2b5ab-3ebc-4eca-9b65-e763c3a26ea1,1.7773438174221046e+18
62f2b5ab-3ebc-4eca-9b65-e763c3a26ea1,1.7773438174554465e+18
62f2b5ab-3ebc-4eca-9b65-e763c3a26ea1,1.7773438174887895e+18
62f2b5ab-3ebc-4eca-9b65-e763c3a26ea1,1.7773438175221317e+18
62f2b5ab-3ebc-4eca-9b65-e763c3a26ea1,1.7773438175554747e+18
62f2b5ab-3ebc-4eca-9b65-e763c3a26ea1,1.7773438175888166e+18
62f2b5ab-3ebc-4eca-9b65-e763c3a26ea1,1.7773438176221596e+18
62f2b5ab-3ebc-4eca-9b65-e763c3a26ea1,1.7773438176555016e+18
62f2b5ab-3ebc-4eca-9b65-e763c3a26ea1,1.7773438176888435e+18
62f2b5ab-3ebc-4eca-9b65-e763c3a26ea1,1.7773438177221865e+18
62f2b5ab-3ebc-4eca-9b65-e763c3a26ea1,1.7773438177555287e+18
62f2b5ab-3ebc-4eca-9b65-e763c3a26ea1,1.7773438177888717e+18
62f2b5ab-3ebc-4eca-9b65-e763c3a26ea1,1.7773438178222136e+18
62f2b5ab-3ebc-4eca-9b65-e763c3a26ea1,1.7773438178555566e+18
62f2b5ab-3ebc-4eca-9b65-e763c3a26ea1,1.7773438178888986e+18
62f2b5ab-3ebc-4eca-9b65-e763c3a26ea1,1.7773438179222415e+18
62f2b5ab-3ebc-4eca-9b65-e763c3a26ea1,1.7773438179555835e+18
62f2b5ab-3ebc-4eca-9b65-e763c3a26ea1,1.7773438179889257e+18
62f2b5ab-3ebc-4eca-9b65-e763c3a26ea1,1.7773438180222687e+18
62f2b5ab-3ebc-4eca-9b65-e763c3a26ea1,1.7773438180556106e+18
62f2b5ab-3ebc-4eca-9b65-e763c3a26ea1,1.7773438180889536e+18
62f2b5ab-3ebc-4eca-9b65-e763c3a26ea1,1.7773438181222956e+18
62f2b5ab-3ebc-4eca-9b65-e763c3a26ea1,1.7773438181556385e+18
62f2b5ab-3ebc-4eca-9b65-e763c3a26ea1,1.7773438181889805e+18
62f2b5ab-3ebc-4eca-9b65-e763c3a26ea1,1.7773438182223237e+18
62f2b5ab-3ebc-4eca-9b65-e763c3a26ea1,1.7773438182556657e+18
62f2b5ab-3ebc-4eca-9b65-e763c3a26ea1,1.7773438182890076e+18
62f2b5ab-3ebc-4eca-9b65-e763c3a26ea1,1.7773438183223506e+18
62f2b5ab-3ebc-4eca-9b65-e763c3a26ea1,1.7773438183556925e+18
62f2b5ab-3ebc-4eca-9b65-e763c3a26ea1,1.7773438183890355e+18
62f2b5ab-3ebc-4eca-9b65-e763c3a26ea1,1.7773438184223777e+18
62f2b5ab-3ebc-4eca-9b65-e763c3a26ea1,1.7773438184557207e+18
62f2b5ab-3ebc-4eca-9b65-e763c3a26ea1,1.7773438184890627e+18
62f2b5ab-3ebc-4eca-9b65-e763c3a26ea1,1.7773438185224056e+18
62f2b5ab-3ebc-4eca-9b65-e763c3a26ea1,1.7773438185557476e+18
62f2b5ab-3ebc-4eca-9b65-e763c3a26ea1,1.7773438185890895e+18
62f2b5ab-3ebc-4eca-9b65-e763c3a26ea1,1.7773438186224325e+18
62f2b5ab-3ebc-4eca-9b65-e763c3a26ea1,1.7773438186557747e+18
62f2b5ab-3ebc-4eca-9b65-e763c3a26ea1,1.7773438186891177e+18
62f2b5ab-3ebc-4eca-9b65-e763c3a26ea1,1.7773438187224596e+18
62f2b5ab-3ebc-4eca-9b65-e763c3a26ea1,1.7773438187558026e+18
62f2b5ab-3ebc-4eca-9b65-e763c3a26ea1,1.7773438187891446e+18
62f2b5ab-3ebc-4eca-9b65-e763c3a26ea1,1.7773438188224876e+18
62f2b5ab-3ebc-4eca-9b65-e763c3a26ea1,1.7773438188558295e+18
62f2b5ab-3ebc-4eca-9b65-e763c3a26ea1,1.7773438188891725e+18
62f2b5ab-3ebc-4eca-9b65-e763c3a26ea1,1.7773438189225147e+18
62f2b5ab-3ebc-4eca-9b65-e763c3a26ea1,1.7773438189558566e+18
62f2b5ab-3ebc-4eca-9b65-e763c3a26ea1,1.7773438189891996e+18
62f2b5ab-3ebc-4eca-9b65-e763c3a26ea1,1.7773438190225416e+18
62f2b5ab-3ebc-4eca-9b65-e763c3a26ea1,1.7773438190558845e+18
62f2b5ab-3ebc-4eca-9b65-e763c3a26ea1,1.7773438190892265e+18
62f2b5ab-3ebc-4eca-9b65-e763c3a26ea1,1.7773438191225697e+18
62f2b5ab-3ebc-4eca-9b65-e763c3a26ea1,1.7773438191559117e+18
62f2b5ab-3ebc-4eca-9b65-e763c3a26ea1,1.7773438191892547e+18
62f2b5ab-3ebc-4eca-9b65-e763c3a26ea1,1.7773438192225966e+18
62f2b5ab-3ebc-4eca-9b65-e763c3a26ea1,1.7773438192559386e+18
62f2b5ab-3ebc-4eca-9b65-e763c3a26ea1,1.7773438192892815e+18
62f2b5ab-3ebc-4eca-9b65-e763c3a26ea1,1.7773438193226235e+18
62f2b5ab-3ebc-4eca-9b65-e763c3a26ea1,1.7773438193559667e+18
62f2b5ab-3ebc-4eca-9b65-e763c3a26ea1,1.7773438193893087e+18
62f2b5ab-3ebc-4eca-9b65-e763c3a26ea1,1.7773438194226516e+18
62f2b5ab-3ebc-4eca-9b65-e763c3a26ea1,1.7773438194559936e+18
62f2b5ab-3ebc-4eca-9b65-e763c3a26ea1,1.7773438194893366e+18
62f2b5ab-3ebc-4eca-9b65-e763c3a26ea1,1.7773438195226785e+18
62f2b5ab-3ebc-4eca-9b65-e763c3a26ea1,1.7773438195560205e+18
62f2b5ab-3ebc-4eca-9b65-e763c3a26ea1,1.7773438195893637e+18
62f2b5ab-3ebc-4eca-9b65-e763c3a26ea1,1.7773438196227057e+18
62f2b5ab-3ebc-4eca-9b65-e763c3a26ea1,1.7773438196560486e+18
62f2b5ab-3ebc-4eca-9b65-e763c3a26ea1,1.7773438196893906e+18
62f2b5ab-3ebc-4eca-9b65-e763c3a26ea1,1.7773438197227336e+18
62f2b5ab-3ebc-4eca-9b65-e763c3a26ea1,1.7773438197560755e+18
62f2b5ab-3ebc-4eca-9b65-e763c3a26ea1,1.7773438197894185e+18
62f2b5ab-3ebc-4eca-9b65-e763c3a26ea1,1.7773438198227607e+18
62f2b5ab-3ebc-4eca-9b65-e763c3a26ea1,1.7773438198561027e+18
62f2b5ab-3ebc-4eca-9b65-e763c3a26ea1,1.7773438198894456e+18
62f2b5ab-3ebc-4eca-9b65-e763c3a26ea1,1.7773438199227876e+18
62f2b5ab-3ebc-4eca-9b65-e763c3a26ea1,1.7773438199561306e+18
62f2b5ab-3ebc-4eca-9b65-e763c3a26ea1,1.7773438199894725e+18
62f2b5ab-3ebc-4eca-9b65-e763c3a26ea1,1.7773438200228155e+18
62f2b5ab-3ebc-4eca-9b65-e763c3a26ea1,1.7773438200561577e+18
62f2b5ab-3ebc-4eca-9b65-e763c3a26ea1,1.7773438200895007e+18
62f2b5ab-3ebc-4eca-9b65-e763c3a26ea1,1.7773438201228426e+18
62f2b5ab-3ebc-4eca-9b65-e763c3a26ea1,1.7773438201561856e+18
62f2b5ab-3ebc-4eca-9b65-e763c3a26ea1,1.7773438201895276e+18
62f2b5ab-3ebc-4eca-9b65-e763c3a26ea1,1.7773438202228695e+18
62f2b5ab-3ebc-4eca-9b65-e763c3a26ea1,1.7773438202562125e+18
62f2b5ab-3ebc-4eca-9b65-e763c3a26ea1,1.7773438202895547e+18
62f2b5ab-3ebc-4eca-9b65-e763c3a26ea1,1.7773438203228977e+18
62f2b5ab-3ebc-4eca-9b65-e763c3a26ea1,1.7773438203562396e+18
62f2b5ab-3ebc-4eca-9b65-e763c3a26ea1,1.7773438203895826e+18
62f2b5ab-3ebc-4eca-9b65-e763c3a26ea1,1.7773438204229245e+18
62f2b5ab-3ebc-4eca-9b65-e763c3a26ea1,1.7773438204562665e+18
62f2b5ab-3ebc-4eca-9b65-e763c3a26ea1,1.7773438204896097e+18
62f2b5ab-3ebc-4eca-9b65-e763c3a26ea1,1.7773438205229517e+18
62f2b5ab-3ebc-4eca-9b65-e763c3a26ea1,1.7773438205562947e+18
62f2b5ab-3ebc-4eca-9b65-e763c3a26ea1,1.7773438205896366e+18
62f2b5ab-3ebc-4eca-9b65-e763c3a26ea1,1.7773438206229796e+18
62f2b5ab-3ebc-4eca-9b65-e763c3a26ea1,1.7773438206563215e+18
62f2b5ab-3ebc-4eca-9b65-e763c3a26ea1,1.7773438206896645e+18
62f2b5ab-3ebc-4eca-9b65-e763c3a26ea1,1.7773438207230067e+18
62f2b5ab-3ebc-4eca-9b65-e763c3a26ea1,1.7773438207563497e+18
62f2b5ab-3ebc-4eca-9b65-e763c3a26ea1,1.7773438207896916e+18
62f2b5ab-3ebc-4eca-9b65-e763c3a26ea1,1.7773438208230336e+18
62f2b5ab-3ebc-4eca-9b65-e763c3a26ea1,1.7773438208563766e+18
62f2b5ab-3ebc-4eca-9b65-e763c3a26ea1,1.7773438208897185e+18
62f2b5ab-3ebc-4eca-9b65-e763c3a26ea1,1.7773438209230615e+18
62f2b5ab-3ebc-4eca-9b65-e763c3a26ea1,1.7773438209564037e+18
62f2b5ab-3ebc-4eca-9b65-e763c3a26ea1,1.7773438209897467e+18
62f2b5ab-3ebc-4eca-9b65-e763c3a26ea1,1.7773438210230886e+18
62f2b5ab-3ebc-4eca-9b65-e763c3a26ea1,1.7773438210564316e+18
62f2b5ab-3ebc-4eca-9b65-e763c3a26ea1,1.7773438210897736e+18
62f2b5ab-3ebc-4eca-9b65-e763c3a26ea1,1.7773438211231155e+18
62f2b5ab-3ebc-4eca-9b65-e763c3a26ea1,1.7773438211564585e+18
62f2b5ab-3ebc-4eca-9b65-e763c3a26ea1,1.7773438211898007e+18
62f2b5ab-3ebc-4eca-9b65-e763c3a26ea1,1.7773438212231437e+18
62f2b5ab-3ebc-4eca-9b65-e763c3a26ea1,1.7773438212564856e+18
62f2b5ab-3ebc-4eca-9b65-e763c3a26ea1,1.7773438212898286e+18
62f2b5ab-3ebc-4eca-9b65-e763c3a26ea1,1.7773438213231706e+18
62f2b5ab-3ebc-4eca-9b65-e763c3a26ea1,1.7773438213565135e+18
62f2b5ab-3ebc-4eca-9b65-e763c3a26ea1,1.7773438213898555e+18
62f2b5ab-3ebc-4eca-9b65-e763c3a26ea1,1.7773438214231977e+18
62f2b5ab-3ebc-4eca-9b65-e763c3a26ea1,1.7773438214565407e+18
62f2b5ab-3ebc-4eca-9b65-e763c3a26ea1,1.7773438214898826e+18
62f2b5ab-3ebc-4eca-9b65-e763c3a26ea1,1.7773438215232256e+18
62f2b5ab-3ebc-4eca-9b65-e763c3a26ea1,1.7773438215565676e+18
62f2b5ab-3ebc-4eca-9b65-e763c3a26ea1,1.7773438215899105e+18
62f2b5ab-3ebc-4eca-9b65-e763c3a26ea1,1.7773438216232525e+18
62f2b5ab-3ebc-4eca-9b65-e763c3a26ea1,1.7773438216565957e+18
62f2b5ab-3ebc-4eca-9b65-e763c3a26ea1,1.7773438216899377e+18
62f2b5ab-3ebc-4eca-9b65-e763c3a26ea1,1.7773438217232796e+18
62f2b5ab-3ebc-4eca-9b65-e763c3a26ea1,1.7773438217566226e+18
62f2b5ab-3ebc-4eca-9b65-e763c3a26ea1,1.7773438217899645e+18
62f2b5ab-3ebc-4eca-9b65-e763c3a26ea1,1.7773438218233075e+18
62f2b5ab-3ebc-4eca-9b65-e763c3a26ea1,1.7773438218566497e+18
62f2b5ab-3ebc-4eca-9b65-e763c3a26ea1,1.7773438218899927e+18
62f2b5ab-3ebc-4eca-9b65-e763c3a26ea1,1.7773438219233347e+18
62f2b5ab-3ebc-4eca-9b65-e763c3a26ea1,1.7773438219566776e+18
62f2b5ab-3ebc-4eca-9b65-e763c3a26ea1,1.7773438219900196e+18
62f2b5ab-3ebc-4eca-9b65-e763c3a26ea1,1.7773438220233615e+18
62f2b5ab-3ebc-4eca-9b65-e763c3a26ea1,1.7773438220567045e+18
62f2b5ab-3ebc-4eca-9b65-e763c3a26ea1,1.7773438220900467e+18
62f2b5ab-3ebc-4eca-9b65-e763c3a26ea1,1.7773438221233897e+18
62f2b5ab-3ebc-4eca-9b65-e763c3a26ea1,1.7773438221567316e+18
62f2b5ab-3ebc-4eca-9b65-e763c3a26ea1,1.7773438221900746e+18
62f2b5ab-3ebc-4eca-9b65-e763c3a26ea1,1.7773438222234166e+18
62f2b5ab-3ebc-4eca-9b65-e763c3a26ea1,1.7773438222567596e+18
62f2b5ab-3ebc-4eca-9b65-e763c3a26ea1,1.7773438222901015e+18
62f2b5ab-3ebc-4eca-9b65-e763c3a26ea1,1.7773438223234437e+18
62f2b5ab-3ebc-4eca-9b65-e763c3a26ea1,1.7773438223567867e+18
62f2b5ab-3ebc-4eca-9b65-e763c3a26ea1,1.7773438223901286e+18
62f2b5ab-3ebc-4eca-9b65-e763c3a26ea1,1.7773438224234716e+18
62f2b5ab-3ebc-4eca-9b65-e763c3a26ea1,1.7773438224568136e+18
62f2b5ab-3ebc-4eca-9b65-e763c3a26ea1,1.7773438224901565e+18
62f2b5ab-3ebc-4eca-9b65-e763c3a26ea1,1.7773438225234985e+18
62f2b5ab-3ebc-4eca-9b65-e763c3a26ea1,1.7773438225568417e+18
62f2b5ab-3ebc-4eca-9b65-e763c3a26ea1,1.7773438225901837e+18
62f2b5ab-3ebc-4eca-9b65-e763c3a26ea1,1.7773438226235267e+18
62f2b5ab-3ebc-4eca-9b65-e763c3a26ea1,1.7773438226568686e+18
62f2b5ab-3ebc-4eca-9b65-e763c3a26ea1,1.7773438226902106e+18
62f2b5ab-3ebc-4eca-9b65-e763c3a26ea1,1.7773438227235535e+18
62f2b5ab-3ebc-4eca-9b65-e763c3a26ea1,1.7773438227568955e+18
62f2b5ab-3ebc-4eca-9b65-e763c3a26ea1,1.7773438227902387e+18
62f2b5ab-3ebc-4eca-9b65-e763c3a26ea1,1.7773438228235807e+18
62f2b5ab-3ebc-4eca-9b65-e763c3a26ea1,1.7773438228569236e+18
62f2b5ab-3ebc-4eca-9b65-e763c3a26ea1,1.7773438228902656e+18
62f2b5ab-3ebc-4eca-9b65-e763c3a26ea1,1.7773438229236086e+18
62f2b5ab-3ebc-4eca-9b65-e763c3a26ea1,1.7773438229569505e+18
62f2b5ab-3ebc-4eca-9b65-e763c3a26ea1,1.7773438229902925e+18
62f2b5ab-3ebc-4eca-9b65-e763c3a26ea1,1.7773438230236357e+18
62f2b5ab-3ebc-4eca-9b65-e763c3a26ea1,1.7773438230569777e+18
62f2b5ab-3ebc-4eca-9b65-e763c3a26ea1,1.7773438230903206e+18
62f2b5ab-3ebc-4eca-9b65-e763c3a26ea1,1.7773438231236626e+18
62f2b5ab-3ebc-4eca-9b65-e763c3a26ea1,1.7773438231570056e+18
62f2b5ab-3ebc-4eca-9b65-e763c3a26ea1,1.7773438231903475e+18
62f2b5ab-3ebc-4eca-9b65-e763c3a26ea1,1.7773438232236905e+18
62f2b5ab-3ebc-4eca-9b65-e763c3a26ea1,1.7773438232570327e+18
62f2b5ab-3ebc-4eca-9b65-e763c3a26ea1,1.7773438232903747e+18
62f2b5ab-3ebc-4eca-9b65-e763c3a26ea1,1.7773438233237176e+18
62f2b5ab-3ebc-4eca-9b65-e763c3a26ea1,1.7773438233570596e+18
62f2b5ab-3ebc-4eca-9b65-e763c3a26ea1,1.7773438233904026e+18
62f2b5ab-3ebc-4eca-9b65-e763c3a26ea1,1.7773438234237445e+18
62f2b5ab-3ebc-4eca-9b65-e763c3a26ea1,1.7773438234570875e+18
62f2b5ab-3ebc-4eca-9b65-e763c3a26ea1,1.7773438234904297e+18
62f2b5ab-3ebc-4eca-9b65-e763c3a26ea1,1.7773438235237727e+18
62f2b5ab-3ebc-4eca-9b65-e763c3a26ea1,1.7773438235571146e+18
62f2b5ab-3ebc-4eca-9b65-e763c3a26ea1,1.7773438235904566e+18
62f2b5ab-3ebc-4eca-9b65-e763c3a26ea1,1.7773438236237996e+18
62f2b5ab-3ebc-4eca-9b65-e763c3a26ea1,1.7773438236571415e+18
62f2b5ab-3ebc-4eca-9b65-e763c3a26ea1,1.7773438236904845e+18
62f2b5ab-3ebc-4eca-9b65-e763c3a26ea1,1.7773438237238267e+18
62f2b5ab-3ebc-4eca-9b65-e763c3a26ea1,1.7773438237571697e+18
62f2b5ab-3ebc-4eca-9b65-e763c3a26ea1,1.7773438237905116e+18
62f2b5ab-3ebc-4eca-9b65-e763c3a26ea1,1.7773438238238546e+18
62f2b5ab-3ebc-4eca-9b65-e763c3a26ea1,1.7773438238578596e+18
62f2b5ab-3ebc-4eca-9b65-e763c3a26ea1,1.7773438238912026e+18
62f2b5ab-3ebc-4eca-9b65-e763c3a26ea1,1.7773438239245455e+18
62f2b5ab-3ebc-4eca-9b65-e763c3a26ea1,1.7773438239578875e+18
62f2b5ab-3ebc-4eca-9b65-e763c3a26ea1,1.7773438239912307e+18
62f2b5ab-3ebc-4eca-9b65-e763c3a26ea1,1.7773438240245737e+18
62f2b5ab-3ebc-4eca-9b65-e763c3a26ea1,1.7773438240579156e+18
62f2b5ab-3ebc-4eca-9b65-e763c3a26ea1,1.7773438240912586e+18
62f2b5ab-3ebc-4eca-9b65-e763c3a26ea1,1.7773438241246016e+18
62f2b5ab-3ebc-4eca-9b65-e763c3a26ea1,1.7773438241579436e+18
62f2b5ab-3ebc-4eca-9b65-e763c3a26ea1,1.7773438241912865e+18
62f2b5ab-3ebc-4eca-9b65-e763c3a26ea1,1.7773438242246295e+18
62f2b5ab-3ebc-4eca-9b65-e763c3a26ea1,1.7773438242579717e+18
62f2b5ab-3ebc-4eca-9b65-e763c3a26ea1,1.7773438242913147e+18
62f2b5ab-3ebc-4eca-9b65-e763c3a26ea1,1.7773438243246577e+18
62f2b5ab-3ebc-4eca-9b65-e763c3a26ea1,1.7773438243579996e+18
62f2b5ab-3ebc-4eca-9b65-e763c3a26ea1,1.7773438243913426e+18
62f2b5ab-3ebc-4eca-9b65-e763c3a26ea1,1.7773438244246856e+18
62f2b5ab-3ebc-4eca-9b65-e763c3a26ea1,1.7773438244580275e+18
62f2b5ab-3ebc-4eca-9b65-e763c3a26ea1,1.7773438244913705e+18
62f2b5ab-3ebc-4eca-9b65-e763c3a26ea1,1.7773438245247137e+18
62f2b5ab-3ebc-4eca-9b65-e763c3a26ea1,1.7773438245580557e+18
62f2b5ab-3ebc-4eca-9b65-e763c3a26ea1,1.7773438245913987e+18
62f2b5ab-3ebc-4eca-9b65-e763c3a26ea1,1.7773438246247416e+18
62f2b5ab-3ebc-4eca-9b65-e763c3a26ea1,1.7773438246580836e+18
62f2b5ab-3ebc-4eca-9b65-e763c3a26ea1,1.7773438246914266e+18
62f2b5ab-3ebc-4eca-9b65-e763c3a26ea1,1.7773438247247685e+18
62f2b5ab-3ebc-4eca-9b65-e763c3a26ea1,1.7773438247581115e+18
62f2b5ab-3ebc-4eca-9b65-e763c3a26ea1,1.7773438247914547e+18
62f2b5ab-3ebc-4eca-9b65-e763c3a26ea1,1.7773438248247967e+18
62f2b5ab-3ebc-4eca-9b65-e763c3a26ea1,1.7773438248581396e+18
62f2b5ab-3ebc-4eca-9b65-e763c3a26ea1,1.7773438248914826e+18
62f2b5ab-3ebc-4eca-9b65-e763c3a26ea1,1.7773438249248246e+18
62f2b5ab-3ebc-4eca-9b65-e763c3a26ea1,1.7773438249581676e+18
62f2b5ab-3ebc-4eca-9b65-e763c3a26ea1,1.7773438249915105e+18
62f2b5ab-3ebc-4eca-9b65-e763c3a26ea1,1.7773438250248525e+18
62f2b5ab-3ebc-4eca-9b65-e763c3a26ea1,1.7773438250581957e+18
62f2b5ab-3ebc-4eca-9b65-e763c3a26ea1,1.7773438250915387e+18
62f2b5ab-3ebc-4eca-9b65-e763c3a26ea1,1.7773438251248806e+18
62f2b5ab-3ebc-4eca-9b65-e763c3a26ea1,1.7773438251582236e+18
62f2b5ab-3ebc-4eca-9b65-e763c3a26ea1,1.7773438251915666e+18
62f2b5ab-3ebc-4eca-9b65-e763c3a26ea1,1.7773438252249085e+18
62f2b5ab-3ebc-4eca-9b65-e763c3a26ea1,1.7773438252582515e+18
62f2b5ab-3ebc-4eca-9b65-e763c3a26ea1,1.7773438252915945e+18
62f2b5ab-3ebc-4eca-9b65-e763c3a26ea1,1.7773438253249367e+18
62f2b5ab-3ebc-4eca-9b65-e763c3a26ea1,1.7773438253582797e+18
62f2b5ab-3ebc-4eca-9b65-e763c3a26ea1,1.7773438253916216e+18
62f2b5ab-3ebc-4eca-9b65-e763c3a26ea1,1.7773438254249646e+18
62f2b5ab-3ebc-4eca-9b65-e763c3a26ea1,1.7773438254583076e+18
62f2b5ab-3ebc-4eca-9b65-e763c3a26ea1,1.7773438254916506e+18
62f2b5ab-3ebc-4eca-9b65-e763c3a26ea1,1.7773438255249925e+18
62f2b5ab-3ebc-4eca-9b65-e763c3a26ea1,1.7773438255583355e+18
62f2b5ab-3ebc-4eca-9b65-e763c3a26ea1,1.7773438255916777e+18
62f2b5ab-3ebc-4eca-9b65-e763c3a26ea1,1.7773438256250207e+18
62f2b5ab-3ebc-4eca-9b65-e763c3a26ea1,1.7773438256583636e+18
62f2b5ab-3ebc-4eca-9b65-e763c3a26ea1,1.7773438256917056e+18
62f2b5ab-3ebc-4eca-9b65-e763c3a26ea1,1.7773438257250486e+18
62f2b5ab-3ebc-4eca-9b65-e763c3a26ea1,1.7773438257583916e+18
62f2b5ab-3ebc-4eca-9b65-e763c3a26ea1,1.7773438257917335e+18
62f2b5ab-3ebc-4eca-9b65-e763c3a26ea1,1.7773438258250765e+18
62f2b5ab-3ebc-4eca-9b65-e763c3a26ea1,1.7773438258584197e+18
62f2b5ab-3ebc-4eca-9b65-e763c3a26ea1,1.7773438258917617e+18
62f2b5ab-3ebc-4eca-9b65-e763c3a26ea1,1.7773438259251046e+18
62f2b5ab-3ebc-4eca-9b65-e763c3a26ea1,1.7773438259584476e+18
62f2b5ab-3ebc-4eca-9b65-e763c3a26ea1,1.7773438259917896e+18
62f2b5ab-3ebc-4eca-9b65-e763c3a26ea1,1.7773438260251325e+18
62f2b5ab-3ebc-4eca-9b65-e763c3a26ea1,1.7773438260584755e+18
62f2b5ab-3ebc-4eca-9b65-e763c3a26ea1,1.7773438260918177e+18
62f2b5ab-3ebc-4eca-9b65-e763c3a26ea1,1.7773438261251607e+18
62f2b5ab-3ebc-4eca-9b65-e763c3a26ea1,1.7773438261585037e+18
62f2b5ab-3ebc-4eca-9b65-e763c3a26ea1,1.7773438261918456e+18
62f2b5ab-3ebc-4eca-9b65-e763c3a26ea1,1.7773438262251886e+18
62f2b5ab-3ebc-4eca-9b65-e763c3a26ea1,1.7773438262585316e+18
62f2b5ab-3ebc-4eca-9b65-e763c3a26ea1,1.7773438262918735e+18
62f2b5ab-3ebc-4eca-9b65-e763c3a26ea1,1.7773438263252165e+18
62f2b5ab-3ebc-4eca-9b65-e763c3a26ea1,1.7773438263585587e+18
62f2b5ab-3ebc-4eca-9b65-e763c3a26ea1,1.7773438263919017e+18
62f2b5ab-3ebc-4eca-9b65-e763c3a26ea1,1.7773438264252447e+18
62f2b5ab-3ebc-4eca-9b65-e763c3a26ea1,1.7773438264585866e+18
62f2b5ab-3ebc-4eca-9b65-e763c3a26ea1,1.7773438264919296e+18
62f2b5ab-3ebc-4eca-9b65-e763c3a26ea1,1.7773438265252726e+18
62f2b5ab-3ebc-4eca-9b65-e763c3a26ea1,1.7773438265586145e+18
62f2b5ab-3ebc-4eca-9b65-e763c3a26ea1,1.7773438265919575e+18
62f2b5ab-3ebc-4eca-9b65-e763c3a26ea1,1.7773438266253005e+18
62f2b5ab-3ebc-4eca-9b65-e763c3a26ea1,1.7773438266586427e+18
62f2b5ab-3ebc-4eca-9b65-e763c3a26ea1,1.7773438266919857e+18
62f2b5ab-3ebc-4eca-9b65-e763c3a26ea1,1.7773438267253286e+18
62f2b5ab-3ebc-4eca-9b65-e763c3a26ea1,1.7773438267586706e+18
62f2b5ab-3ebc-4eca-9b65-e763c3a26ea1,1.7773438267920136e+18
62f2b5ab-3ebc-4eca-9b65-e763c3a26ea1,1.7773438268253565e+18
62f2b5ab-3ebc-4eca-9b65-e763c3a26ea1,1.7773438268586985e+18
62f2b5ab-3ebc-4eca-9b65-e763c3a26ea1,1.7773438268920417e+18
62f2b5ab-3ebc-4eca-9b65-e763c3a26ea1,1.7773438269253847e+18
62f2b5ab-3ebc-4eca-9b65-e763c3a26ea1,1.7773438269587267e+18
62f2b5ab-3ebc-4eca-9b65-e763c3a26ea1,1.7773438269920696e+18
62f2b5ab-3ebc-4eca-9b65-e763c3a26ea1,1.7773438270254126e+18
62f2b5ab-3ebc-4eca-9b65-e763c3a26ea1,1.7773438270587546e+18
62f2b5ab-3ebc-4eca-9b65-e763c3a26ea1,1.7773438270920975e+18
62f2b5ab-3ebc-4eca-9b65-e763c3a26ea1,1.7773438271254395e+18
62f2b5ab-3ebc-4eca-9b65-e763c3a26ea1,1.7773438271587827e+18
62f2b5ab-3ebc-4eca-9b65-e763c3a26ea1,1.7773438271921257e+18
62f2b5ab-3ebc-4eca-9b65-e763c3a26ea1,1.7773438272254676e+18
62f2b5ab-3ebc-4eca-9b65-e763c3a26ea1,1.7773438272588106e+18
62f2b5ab-3ebc-4eca-9b65-e763c3a26ea1,1.7773438272921536e+18
62f2b5ab-3ebc-4eca-9b65-e763c3a26ea1,1.7773438273254956e+18
62f2b5ab-3ebc-4eca-9b65-e763c3a26ea1,1.7773438273588385e+18
62f2b5ab-3ebc-4eca-9b65-e763c3a26ea1,1.7773438273921815e+18
62f2b5ab-3ebc-4eca-9b65-e763c3a26ea1,1.7773438274255237e+18
62f2b5ab-3ebc-4eca-9b65-e763c3a26ea1,1.7773438274588667e+18
62f2b5ab-3ebc-4eca-9b65-e763c3a26ea1,1.7773438274922097e+18
62f2b5ab-3ebc-4eca-9b65-e763c3a26ea1,1.7773438275255516e+18
62f2b5ab-3ebc-4eca-9b65-e763c3a26ea1,1.7773438275588946e+18
62f2b5ab-3ebc-4eca-9b65-e763c3a26ea1,1.7773438275922376e+18
62f2b5ab-3ebc-4eca-9b65-e763c3a26ea1,1.7773438276255795e+18
62f2b5ab-3ebc-4eca-9b65-e763c3a26ea1,1.7773438276589225e+18
62f2b5ab-3ebc-4eca-9b65-e763c3a26ea1,1.7773438276922657e+18
62f2b5ab-3ebc-4eca-9b65-e763c3a26ea1,1.7773438277256077e+18
62f2b5ab-3ebc-4eca-9b65-e763c3a26ea1,1.7773438277589507e+18
62f2b5ab-3ebc-4eca-9b65-e763c3a26ea1,1.7773438277922936e+18
62f2b5ab-3ebc-4eca-9b65-e763c3a26ea1,1.7773438278256356e+18
62f2b5ab-3ebc-4eca-9b65-e763c3a26ea1,1.7773438278589786e+18
62f2b5ab-3ebc-4eca-9b65-e763c3a26ea1,1.7773438278923215e+18
62f2b5ab-3ebc-4eca-9b65-e763c3a26ea1,1.7773438279256635e+18
62f2b5ab-3ebc-4eca-9b65-e763c3a26ea1,1.7773438279590067e+18
62f2b5ab-3ebc-4eca-9b65-e763c3a26ea1,1.7773438279923487e+18
62f2b5ab-3ebc-4eca-9b65-e763c3a26ea1,1.7773438280256916e+18
62f2b5ab-3ebc-4eca-9b65-e763c3a26ea1,1.7773438280590346e+18
62f2b5ab-3ebc-4eca-9b65-e763c3a26ea1,1.7773438280923766e+18
62f2b5ab-3ebc-4eca-9b65-e763c3a26ea1,1.7773438281257196e+18
62f2b5ab-3ebc-4eca-9b65-e763c3a26ea1,1.7773438281590625e+18
62f2b5ab-3ebc-4eca-9b65-e763c3a26ea1,1.7773438281924045e+18
62f2b5ab-3ebc-4eca-9b65-e763c3a26ea1,1.7773438282257477e+18
62f2b5ab-3ebc-4eca-9b65-e763c3a26ea1,1.7773438282590907e+18
62f2b5ab-3ebc-4eca-9b65-e763c3a26ea1,1.7773438282924326e+18
62f2b5ab-3ebc-4eca-9b65-e763c3a26ea1,1.7773438283257756e+18
62f2b5ab-3ebc-4eca-9b65-e763c3a26ea1,1.7773438283591186e+18
62f2b5ab-3ebc-4eca-9b65-e763c3a26ea1,1.7773438283924605e+18
62f2b5ab-3ebc-4eca-9b65-e763c3a26ea1,1.7773438284258035e+18
62f2b5ab-3ebc-4eca-9b65-e763c3a26ea1,1.7773438284591465e+18
62f2b5ab-3ebc-4eca-9b65-e763c3a26ea1,1.7773438284924887e+18
62f2b5ab-3ebc-4eca-9b65-e763c3a26ea1,1.7773438285258317e+18
62f2b5ab-3ebc-4eca-9b65-e763c3a26ea1,1.7773438285591747e+18
62f2b5ab-3ebc-4eca-9b65-e763c3a26ea1,1.7773438285925166e+18
62f2b5ab-3ebc-4eca-9b65-e763c3a26ea1,1.7773438286258596e+18
62f2b5ab-3ebc-4eca-9b65-e763c3a26ea1,1.7773438286592026e+18
62f2b5ab-3ebc-4eca-9b65-e763c3a26ea1,1.7773438286925445e+18
62f2b5ab-3ebc-4eca-9b65-e763c3a26ea1,1.7773438287258875e+18
62f2b5ab-3ebc-4eca-9b65-e763c3a26ea1,1.7773438287592307e+18
62f2b5ab-3ebc-4eca-9b65-e763c3a26ea1,1.7773438287925727e+18
62f2b5ab-3ebc-4eca-9b65-e763c3a26ea1,1.7773438288259156e+18
62f2b5ab-3ebc-4eca-9b65-e763c3a26ea1,1.7773438288592576e+18
62f2b5ab-3ebc-4eca-9b65-e763c3a26ea1,1.7773438288926006e+18
62f2b5ab-3ebc-4eca-9b65-e763c3a26ea1,1.7773438289259436e+18
62f2b5ab-3ebc-4eca-9b65-e763c3a26ea1,1.7773438289592855e+18
62f2b5ab-3ebc-4eca-9b65-e763c3a26ea1,1.7773438289926285e+18
62f2b5ab-3ebc-4eca-9b65-e763c3a26ea1,1.7773438290259717e+18
62f2b5ab-3ebc-4eca-9b65-e763c3a26ea1,1.7773438290593137e+18
62f2b5ab-3ebc-4eca-9b65-e763c3a26ea1,1.7773438290926566e+18
62f2b5ab-3ebc-4eca-9b65-e763c3a26ea1,1.7773438291259996e+18
62f2b5ab-3ebc-4eca-9b65-e763c3a26ea1,1.7773438291593416e+18
62f2b5ab-3ebc-4eca-9b65-e763c3a26ea1,1.7773438291926845e+18
62f2b5ab-3ebc-4eca-9b65-e763c3a26ea1,1.7773438292260275e+18
62f2b5ab-3ebc-4eca-9b65-e763c3a26ea1,1.7773438292593697e+18
62f2b5ab-3ebc-4eca-9b65-e763c3a26ea1,1.7773438292927127e+18
62f2b5ab-3ebc-4eca-9b65-e763c3a26ea1,1.7773438293260557e+18
62f2b5ab-3ebc-4eca-9b65-e763c3a26ea1,1.7773438293593976e+18
62f2b5ab-3ebc-4eca-9b65-e763c3a26ea1,1.7773438293927406e+18
62f2b5ab-3ebc-4eca-9b65-e763c3a26ea1,1.7773438294260836e+18
62f2b5ab-3ebc-4eca-9b65-e763c3a26ea1,1.7773438294594255e+18
62f2b5ab-3ebc-4eca-9b65-e763c3a26ea1,1.7773438294927685e+18
62f2b5ab-3ebc-4eca-9b65-e763c3a26ea1,1.7773438295261107e+18
62f2b5ab-3ebc-4eca-9b65-e763c3a26ea1,1.7773438295594537e+18
62f2b5ab-3ebc-4eca-9b65-e763c3a26ea1,1.7773438295927967e+18
62f2b5ab-3ebc-4eca-9b65-e763c3a26ea1,1.7773438296261386e+18
62f2b5ab-3ebc-4eca-9b65-e763c3a26ea1,1.7773438296594816e+18
62f2b5ab-3ebc-4eca-9b65-e763c3a26ea1,1.7773438296928246e+18
62f2b5ab-3ebc-4eca-9b65-e763c3a26ea1,1.7773438297261665e+18
62f2b5ab-3ebc-4eca-9b65-e763c3a26ea1,1.7773438297595095e+18
62f2b5ab-3ebc-4eca-9b65-e763c3a26ea1,1.7773438297928525e+18
62f2b5ab-3ebc-4eca-9b65-e763c3a26ea1,1.7773438298261947e+18
62f2b5ab-3ebc-4eca-9b65-e763c3a26ea1,1.7773438298595377e+18
62f2b5ab-3ebc-4eca-9b65-e763c3a26ea1,1.7773438298928806e+18
62f2b5ab-3ebc-4eca-9b65-e763c3a26ea1,1.7773438299262226e+18
62f2b5ab-3ebc-4eca-9b65-e763c3a26ea1,1.7773438299595656e+18
62f2b5ab-3ebc-4eca-9b65-e763c3a26ea1,1.7773438299929085e+18
62f2b5ab-3ebc-4eca-9b65-e763c3a26ea1,1.7773438300262505e+18
62f2b5ab-3ebc-4eca-9b65-e763c3a26ea1,1.7773438300595937e+18
62f2b5ab-3ebc-4eca-9b65-e763c3a26ea1,1.7773438300929367e+18
62f2b5ab-3ebc-4eca-9b65-e763c3a26ea1,1.7773438301262787e+18
62f2b5ab-3ebc-4eca-9b65-e763c3a26ea1,1.7773438301596216e+18
62f2b5ab-3ebc-4eca-9b65-e763c3a26ea1,1.7773438301929646e+18
62f2b5ab-3ebc-4eca-9b65-e763c3a26ea1,1.7773438302263066e+18
62f2b5ab-3ebc-4eca-9b65-e763c3a26ea1,1.7773438302596495e+18
62f2b5ab-3ebc-4eca-9b65-e763c3a26ea1,1.7773438302929925e+18
62f2b5ab-3ebc-4eca-9b65-e763c3a26ea1,1.7773438303263347e+18
62f2b5ab-3ebc-4eca-9b65-e763c3a26ea1,1.7773438303596777e+18
62f2b5ab-3ebc-4eca-9b65-e763c3a26ea1,1.7773438303930207e+18
62f2b5ab-3ebc-4eca-9b65-e763c3a26ea1,1.7773438304263626e+18
62f2b5ab-3ebc-4eca-9b65-e763c3a26ea1,1.7773438304597056e+18
62f2b5ab-3ebc-4eca-9b65-e763c3a26ea1,1.7773438304930476e+18
62f2b5ab-3ebc-4eca-9b65-e763c3a26ea1,1.7773438305263905e+18
62f2b5ab-3ebc-4eca-9b65-e763c3a26ea1,1.7773438305597335e+18
62f2b5ab-3ebc-4eca-9b65-e763c3a26ea1,1.7773438305930757e+18
62f2b5ab-3ebc-4eca-9b65-e763c3a26ea1,1.7773438306264187e+18
62f2b5ab-3ebc-4eca-9b65-e763c3a26ea1,1.7773438306597617e+18
62f2b5ab-3ebc-4eca-9b65-e763c3a26ea1,1.7773438306931036e+18
62f2b5ab-3ebc-4eca-9b65-e763c3a26ea1,1.7773438307264466e+18
62f2b5ab-3ebc-4eca-9b65-e763c3a26ea1,1.7773438307597896e+18
62f2b5ab-3ebc-4eca-9b65-e763c3a26ea1,1.7773438307931315e+18
62f2b5ab-3ebc-4eca-9b65-e763c3a26ea1,1.7773438308264745e+18
62f2b5ab-3ebc-4eca-9b65-e763c3a26ea1,1.7773438308598177e+18
62f2b5ab-3ebc-4eca-9b65-e763c3a26ea1,1.7773438308931597e+18
62f2b5ab-3ebc-4eca-9b65-e763c3a26ea1,1.7773438309265027e+18
62f2b5ab-3ebc-4eca-9b65-e763c3a26ea1,1.7773438309598456e+18
62f2b5ab-3ebc-4eca-9b65-e763c3a26ea1,1.7773438309931876e+18
62f2b5ab-3ebc-4eca-9b65-e763c3a26ea1,1.7773438310265306e+18
62f2b5ab-3ebc-4eca-9b65-e763c3a26ea1,1.7773438310598735e+18
62f2b5ab-3ebc-4eca-9b65-e763c3a26ea1,1.7773438310932155e+18
62f2b5ab-3ebc-4eca-9b65-e763c3a26ea1,1.7773438311265587e+18
62f2b5ab-3ebc-4eca-9b65-e763c3a26ea1,1.7773438311599017e+18
62f2b5ab-3ebc-4eca-9b65-e763c3a26ea1,1.7773438311932436e+18
62f2b5ab-3ebc-4eca-9b65-e763c3a26ea1,1.7773438312265866e+18
62f2b5ab-3ebc-4eca-9b65-e763c3a26ea1,1.7773438312599286e+18
62f2b5ab-3ebc-4eca-9b65-e763c3a26ea1,1.7773438312932716e+18
62f2b5ab-3ebc-4eca-9b65-e763c3a26ea1,1.7773438313266145e+18
62f2b5ab-3ebc-4eca-9b65-e763c3a26ea1,1.7773438313599565e+18
62f2b5ab-3ebc-4eca-9b65-e763c3a26ea1,1.7773438313932997e+18
62f2b5ab-3ebc-4eca-9b65-e763c3a26ea1,1.7773438314266427e+18
62f2b5ab-3ebc-4eca-9b65-e763c3a26ea1,1.7773438314599846e+18
62f2b5ab-3ebc-4eca-9b65-e763c3a26ea1,1.7773438314933276e+18
62f2b5ab-3ebc-4eca-9b65-e763c3a26ea1,1.7773438315266706e+18
62f2b5ab-3ebc-4eca-9b65-e763c3a26ea1,1.7773438315600125e+18
62f2b5ab-3ebc-4eca-9b65-e763c3a26ea1,1.7773438315933555e+18
62f2b5ab-3ebc-4eca-9b65-e763c3a26ea1,1.7773438316266985e+18
62f2b5ab-3ebc-4eca-9b65-e763c3a26ea1,1.7773438316600407e+18
62f2b5ab-3ebc-4eca-9b65-e763c3a26ea1,1.7773438316933837e+18
62f2b5ab-3ebc-4eca-9b65-e763c3a26ea1,1.7773438317267267e+18
62f2b5ab-3ebc-4eca-9b65-e763c3a26ea1,1.7773438317600686e+18
62f2b5ab-3ebc-4eca-9b65-e763c3a26ea1,1.7773438317934116e+18
62f2b5ab-3ebc-4eca-9b65-e763c3a26ea1,1.7773438318267546e+18
62f2b5ab-3ebc-4eca-9b65-e763c3a26ea1,1.7773438318600965e+18
62f2b5ab-3ebc-4eca-9b65-e763c3a26ea1,1.7773438318934395e+18
62f2b5ab-3ebc-4eca-9b65-e763c3a26ea1,1.7773438319267827e+18
62f2b5ab-3ebc-4eca-9b65-e763c3a26ea1,1.7773438319601247e+18
62f2b5ab-3ebc-4eca-9b65-e763c3a26ea1,1.7773438319934676e+18
62f2b5ab-3ebc-4eca-9b65-e763c3a26ea1,1.7773438320268106e+18
62f2b5ab-3ebc-4eca-9b65-e763c3a26ea1,1.7773438320601526e+18
62f2b5ab-3ebc-4eca-9b65-e763c3a26ea1,1.7773438320934956e+18
62f2b5ab-3ebc-4eca-9b65-e763c3a26ea1,1.7773438321268375e+18
62f2b5ab-3ebc-4eca-9b65-e763c3a26ea1,1.7773438321601805e+18
62f2b5ab-3ebc-4eca-9b65-e763c3a26ea1,1.7773438321935237e+18
62f2b5ab-3ebc-4eca-9b65-e763c3a26ea1,1.7773438322268657e+18
62f2b5ab-3ebc-4eca-9b65-e763c3a26ea1,1.7773438322602086e+18
62f2b5ab-3ebc-4eca-9b65-e763c3a26ea1,1.7773438322935516e+18
62f2b5ab-3ebc-4eca-9b65-e763c3a26ea1,1.7773438323268936e+18
62f2b5ab-3ebc-4eca-9b65-e763c3a26ea1,1.7773438323602365e+18
62f2b5ab-3ebc-4eca-9b65-e763c3a26ea1,1.7773438323935795e+18
62f2b5ab-3ebc-4eca-9b65-e763c3a26ea1,1.7773438324269217e+18
62f2b5ab-3ebc-4eca-9b65-e763c3a26ea1,1.7773438324602647e+18
62f2b5ab-3ebc-4eca-9b65-e763c3a26ea1,1.7773438324936077e+18
62f2b5ab-3ebc-4eca-9b65-e763c3a26ea1,1.7773438325269496e+18
62f2b5ab-3ebc-4eca-9b65-e763c3a26ea1,1.7773438325602926e+18
62f2b5ab-3ebc-4eca-9b65-e763c3a26ea1,1.7773438325936356e+18
62f2b5ab-3ebc-4eca-9b65-e763c3a26ea1,1.7773438326269775e+18
62f2b5ab-3ebc-4eca-9b65-e763c3a26ea1,1.7773438326603205e+18
62f2b5ab-3ebc-4eca-9b65-e763c3a26ea1,1.7773438326936635e+18
62f2b5ab-3ebc-4eca-9b65-e763c3a26ea1,1.7773438327270057e+18
62f2b5ab-3ebc-4eca-9b65-e763c3a26ea1,1.7773438327603487e+18
62f2b5ab-3ebc-4eca-9b65-e763c3a26ea1,1.7773438327936916e+18
62f2b5ab-3ebc-4eca-9b65-e763c3a26ea1,1.7773438328270336e+18
62f2b5ab-3ebc-4eca-9b65-e763c3a26ea1,1.7773438328603766e+18
62f2b5ab-3ebc-4eca-9b65-e763c3a26ea1,1.7773438328937196e+18
62f2b5ab-3ebc-4eca-9b65-e763c3a26ea1,1.7773438329270615e+18
62f2b5ab-3ebc-4eca-9b65-e763c3a26ea1,1.7773438329604045e+18
62f2b5ab-3ebc-4eca-9b65-e763c3a26ea1,1.7773438329937467e+18
62f2b5ab-3ebc-4eca-9b65-e763c3a26ea1,1.7773438330270897e+18
62f2b5ab-3ebc-4eca-9b65-e763c3a26ea1,1.7773438330604326e+18
62f2b5ab-3ebc-4eca-9b65-e763c3a26ea1,1.7773438330937746e+18
62f2b5ab-3ebc-4eca-9b65-e763c3a26ea1,1.7773438331271176e+18
62f2b5ab-3ebc-4eca-9b65-e763c3a26ea1,1.7773438331604605e+18
62f2b5ab-3ebc-4eca-9b65-e763c3a26ea1,1.7773438331938025e+18
62f2b5ab-3ebc-4eca-9b65-e763c3a26ea1,1.7773438332271457e+18
62f2b5ab-3ebc-4eca-9b65-e763c3a26ea1,1.7773438332604887e+18
62f2b5ab-3ebc-4eca-9b65-e763c3a26ea1,1.7773438332938307e+18
62f2b5ab-3ebc-4eca-9b65-e763c3a26ea1,1.7773438333271736e+18
62f2b5ab-3ebc-4eca-9b65-e763c3a26ea1,1.7773438333605166e+18
62f2b5ab-3ebc-4eca-9b65-e763c3a26ea1,1.7773438333938586e+18
62f2b5ab-3ebc-4eca-9b65-e763c3a26ea1,1.7773438334272015e+18
62f2b5ab-3ebc-4eca-9b65-e763c3a26ea1,1.7773438334605445e+18
62f2b5ab-3ebc-4eca-9b65-e763c3a26ea1,1.7773438334938867e+18
62f2b5ab-3ebc-4eca-9b65-e763c3a26ea1,1.7773438335272297e+18
62f2b5ab-3ebc-4eca-9b65-e763c3a26ea1,1.7773438335605727e+18
62f2b5ab-3ebc-4eca-9b65-e763c3a26ea1,1.7773438335939146e+18
62f2b5ab-3ebc-4eca-9b65-e763c3a26ea1,1.7773438336272576e+18
62f2b5ab-3ebc-4eca-9b65-e763c3a26ea1,1.7773438336605996e+18
62f2b5ab-3ebc-4eca-9b65-e763c3a26ea1,1.7773438336939425e+18
62f2b5ab-3ebc-4eca-9b65-e763c3a26ea1,1.7773438337272855e+18
62f2b5ab-3ebc-4eca-9b65-e763c3a26ea1,1.7773438337606277e+18
62f2b5ab-3ebc-4eca-9b65-e763c3a26ea1,1.7773438337939707e+18
62f2b5ab-3ebc-4eca-9b65-e763c3a26ea1,1.7773438338273137e+18
62f2b5ab-3ebc-4eca-9b65-e763c3a26ea1,1.7773438338606556e+18
62f2b5ab-3ebc-4eca-9b65-e763c3a26ea1,1.7773438338939986e+18
62f2b5ab-3ebc-4eca-9b65-e763c3a26ea1,1.7773438339273416e+18
62f2b5ab-3ebc-4eca-9b65-e763c3a26ea1,1.7773438339606835e+18
62f2b5ab-3ebc-4eca-9b65-e763c3a26ea1,1.7773438339940265e+18
62f2b5ab-3ebc-4eca-9b65-e763c3a26ea1,1.7773438340273697e+18
62f2b5ab-3ebc-4eca-9b65-e763c3a26ea1,1.7773438340607117e+18
62f2b5ab-3ebc-4eca-9b65-e763c3a26ea1,1.7773438340940547e+18
62f2b5ab-3ebc-4eca-9b65-e763c3a26ea1,1.7773438341273976e+18
62f2b5ab-3ebc-4eca-9b65-e763c3a26ea1,1.7773438341607396e+18
62f2b5ab-3ebc-4eca-9b65-e763c3a26ea1,1.7773438341940826e+18
62f2b5ab-3ebc-4eca-9b65-e763c3a26ea1,1.7773438342274255e+18
62f2b5ab-3ebc-4eca-9b65-e763c3a26ea1,1.7773438342607675e+18
62f2b5ab-3ebc-4eca-9b65-e763c3a26ea1,1.7773438342941107e+18
62f2b5ab-3ebc-4eca-9b65-e763c3a26ea1,1.7773438343274537e+18
62f2b5ab-3ebc-4eca-9b65-e763c3a26ea1,1.7773438343607956e+18
62f2b5ab-3ebc-4eca-9b65-e763c3a26ea1,1.7773438343941386e+18
62f2b5ab-3ebc-4eca-9b65-e763c3a26ea1,1.7773438344274816e+18
62f2b5ab-3ebc-4eca-9b65-e763c3a26ea1,1.7773438344608236e+18
62f2b5ab-3ebc-4eca-9b65-e763c3a26ea1,1.7773438344941665e+18
62f2b5ab-3ebc-4eca-9b65-e763c3a26ea1,1.7773438345275095e+18
62f2b5ab-3ebc-4eca-9b65-e763c3a26ea1,1.7773438345608517e+18
62f2b5ab-3ebc-4eca-9b65-e763c3a26ea1,1.7773438345941947e+18
62f2b5ab-3ebc-4eca-9b65-e763c3a26ea1,1.7773438346275366e+18
62f2b5ab-3ebc-4eca-9b65-e763c3a26ea1,1.7773438346608796e+18
62f2b5ab-3ebc-4eca-9b65-e763c3a26ea1,1.7773438346942226e+18
62f2b5ab-3ebc-4eca-9b65-e763c3a26ea1,1.7773438347275645e+18
62f2b5ab-3ebc-4eca-9b65-e763c3a26ea1,1.7773438347609075e+18
62f2b5ab-3ebc-4eca-9b65-e763c3a26ea1,1.7773438347942505e+18
62f2b5ab-3ebc-4eca-9b65-e763c3a26ea1,1.7773438348275927e+18
62f2b5ab-3ebc-4eca-9b65-e763c3a26ea1,1.7773438348609357e+18
62f2b5ab-3ebc-4eca-9b65-e763c3a26ea1,1.7773438348942787e+18
62f2b5ab-3ebc-4eca-9b65-e763c3a26ea1,1.7773438349276206e+18
62f2b5ab-3ebc-4eca-9b65-e763c3a26ea1,1.7773438349609636e+18
62f2b5ab-3ebc-4eca-9b65-e763c3a26ea1,1.7773438349943066e+18
62f2b5ab-3ebc-4eca-9b65-e763c3a26ea1,1.7773438350276485e+18
62f2b5ab-3ebc-4eca-9b65-e763c3a26ea1,1.7773438350609915e+18
62f2b5ab-3ebc-4eca-9b65-e763c3a26ea1,1.7773438350943347e+18
62f2b5ab-3ebc-4eca-9b65-e763c3a26ea1,1.7773438351276767e+18
62f2b5ab-3ebc-4eca-9b65-e763c3a26ea1,1.7773438351610196e+18
62f2b5ab-3ebc-4eca-9b65-e763c3a26ea1,1.7773438351943626e+18
62f2b5ab-3ebc-4eca-9b65-e763c3a26ea1,1.7773438352277046e+18
62f2b5ab-3ebc-4eca-9b65-e763c3a26ea1,1.7773438352610476e+18
62f2b5ab-3ebc-4eca-9b65-e763c3a26ea1,1.7773438352943905e+18
62f2b5ab-3ebc-4eca-9b65-e763c3a26ea1,1.7773438353277325e+18
62f2b5ab-3ebc-4eca-9b65-e763c3a26ea1,1.7773438353610757e+18
62f2b5ab-3ebc-4eca-9b65-e763c3a26ea1,1.7773438353944177e+18
62f2b5ab-3ebc-4eca-9b65-e763c3a26ea1,1.7773438354277606e+18
62f2b5ab-3ebc-4eca-9b65-e763c3a26ea1,1.7773438354611036e+18
62f2b5ab-3ebc-4eca-9b65-e763c3a26ea1,1.7773438354944466e+18
62f2b5ab-3ebc-4eca-9b65-e763c3a26ea1,1.7773438355277885e+18
62f2b5ab-3ebc-4eca-9b65-e763c3a26ea1,1.7773438355611315e+18
62f2b5ab-3ebc-4eca-9b65-e763c3a26ea1,1.7773438355944737e+18
62f2b5ab-3ebc-4eca-9b65-e763c3a26ea1,1.7773438356278167e+18
62f2b5ab-3ebc-4eca-9b65-e763c3a26ea1,1.7773438356611597e+18
62f2b5ab-3ebc-4eca-9b65-e763c3a26ea1,1.7773438356945016e+18
62f2b5ab-3ebc-4eca-9b65-e763c3a26ea1,1.7773438357278446e+18
62f2b5ab-3ebc-4eca-9b65-e763c3a26ea1,1.7773438357611876e+18
62f2b5ab-3ebc-4eca-9b65-e763c3a26ea1,1.7773438357945295e+18
62f2b5ab-3ebc-4eca-9b65-e763c3a26ea1,1.7773438358278725e+18
62f2b5ab-3ebc-4eca-9b65-e763c3a26ea1,1.7773438358612155e+18
62f2b5ab-3ebc-4eca-9b65-e763c3a26ea1,1.7773438358945577e+18
62f2b5ab-3ebc-4eca-9b65-e763c3a26ea1,1.7773438359279007e+18
62f2b5ab-3ebc-4eca-9b65-e763c3a26ea1,1.7773438359612436e+18
62f2b5ab-3ebc-4eca-9b65-e763c3a26ea1,1.7773438359945856e+18
62f2b5ab-3ebc-4eca-9b65-e763c3a26ea1,1.7773438360279286e+18
62f2b5ab-3ebc-4eca-9b65-e763c3a26ea1,1.7773438360612716e+18
62f2b5ab-3ebc-4eca-9b65-e763c3a26ea1,1.7773438360946135e+18
62f2b5ab-3ebc-4eca-9b65-e763c3a26ea1,1.7773438361279565e+18
62f2b5ab-3ebc-4eca-9b65-e763c3a26ea1,1.7773438361612997e+18
62f2b5ab-3ebc-4eca-9b65-e763c3a26ea1,1.7773438361946417e+18
62f2b5ab-3ebc-4eca-9b65-e763c3a26ea1,1.7773438362279846e+18
62f2b5ab-3ebc-4eca-9b65-e763c3a26ea1,1.7773438362613266e+18
62f2b5ab-3ebc-4eca-9b65-e763c3a26ea1,1.7773438362946696e+18
62f2b5ab-3ebc-4eca-9b65-e763c3a26ea1,1.7773438363280125e+18
62f2b5ab-3ebc-4eca-9b65-e763c3a26ea1,1.7773438363613545e+18
62f2b5ab-3ebc-4eca-9b65-e763c3a26ea1,1.7773438363946977e+18
62f2b5ab-3ebc-4eca-9b65-e763c3a26ea1,1.7773438364280407e+18
62f2b5ab-3ebc-4eca-9b65-e763c3a26ea1,1.7773438364613827e+18
62f2b5ab-3ebc-4eca-9b65-e763c3a26ea1,1.7773438364947256e+18
62f2b5ab-3ebc-4eca-9b65-e763c3a26ea1,1.7773438365280686e+18
62f2b5ab-3ebc-4eca-9b65-e763c3a26ea1,1.7773438365614106e+18
62f2b5ab-3ebc-4eca-9b65-e763c3a26ea1,1.7773438365947535e+18
62f2b5ab-3ebc-4eca-9b65-e763c3a26ea1,1.7773438366280965e+18
62f2b5ab-3ebc-4eca-9b65-e763c3a26ea1,1.7773438366614387e+18
62f2b5ab-3ebc-4eca-9b65-e763c3a26ea1,1.7773438366947817e+18
62f2b5ab-3ebc-4eca-9b65-e763c3a26ea1,1.7773438367281247e+18
62f2b5ab-3ebc-4eca-9b65-e763c3a26ea1,1.7773438367614666e+18
62f2b5ab-3ebc-4eca-9b65-e763c3a26ea1,1.7773438367948096e+18
62f2b5ab-3ebc-4eca-9b65-e763c3a26ea1,1.7773438368281526e+18
62f2b5ab-3ebc-4eca-9b65-e763c3a26ea1,1.7773438368614945e+18
62f2b5ab-3ebc-4eca-9b65-e763c3a26ea1,1.7773438368948375e+18
62f2b5ab-3ebc-4eca-9b65-e763c3a26ea1,1.7773438369281805e+18
62f2b5ab-3ebc-4eca-9b65-e763c3a26ea1,1.7773438369615227e+18
62f2b5ab-3ebc-4eca-9b65-e763c3a26ea1,1.7773438369948657e+18
62f2b5ab-3ebc-4eca-9b65-e763c3a26ea1,1.7773438370282086e+18
62f2b5ab-3ebc-4eca-9b65-e763c3a26ea1,1.7773438370615506e+18
62f2b5ab-3ebc-4eca-9b65-e763c3a26ea1,1.7773438370948936e+18
62f2b5ab-3ebc-4eca-9b65-e763c3a26ea1,1.7773438371282355e+18
62f2b5ab-3ebc-4eca-9b65-e763c3a26ea1,1.7773438371615785e+18
62f2b5ab-3ebc-4eca-9b65-e763c3a26ea1,1.7773438371949217e+18
62f2b5ab-3ebc-4eca-9b65-e763c3a26ea1,1.7773438372282637e+18
62f2b5ab-3ebc-4eca-9b65-e763c3a26ea1,1.7773438372616067e+18
62f2b5ab-3ebc-4eca-9b65-e763c3a26ea1,1.7773438372949496e+18
62f2b5ab-3ebc-4eca-9b65-e763c3a26ea1,1.7773438373282916e+18
62f2b5ab-3ebc-4eca-9b65-e763c3a26ea1,1.7773438373616346e+18
62f2b5ab-3ebc-4eca-9b65-e763c3a26ea1,1.7773438373949775e+18
62f2b5ab-3ebc-4eca-9b65-e763c3a26ea1,1.7773438374283195e+18
62f2b5ab-3ebc-4eca-9b65-e763c3a26ea1,1.7773438374616627e+18
62f2b5ab-3ebc-4eca-9b65-e763c3a26ea1,1.7773438374950057e+18
62f2b5ab-3ebc-4eca-9b65-e763c3a26ea1,1.7773438375283476e+18
62f2b5ab-3ebc-4eca-9b65-e763c3a26ea1,1.7773438375616906e+18
62f2b5ab-3ebc-4eca-9b65-e763c3a26ea1,1.7773438375950336e+18
62f2b5ab-3ebc-4eca-9b65-e763c3a26ea1,1.7773438376283756e+18
62f2b5ab-3ebc-4eca-9b65-e763c3a26ea1,1.7773438376617185e+18
62f2b5ab-3ebc-4eca-9b65-e763c3a26ea1,1.7773438376950615e+18
62f2b5ab-3ebc-4eca-9b65-e763c3a26ea1,1.7773438377284037e+18
62f2b5ab-3ebc-4eca-9b65-e763c3a26ea1,1.7773438377617467e+18
62f2b5ab-3ebc-4eca-9b65-e763c3a26ea1,1.7773438377950886e+18
62f2b5ab-3ebc-4eca-9b65-e763c3a26ea1,1.7773438378284316e+18
62f2b5ab-3ebc-4eca-9b65-e763c3a26ea1,1.7773438378617746e+18
62f2b5ab-3ebc-4eca-9b65-e763c3a26ea1,1.7773438378951165e+18
62f2b5ab-3ebc-4eca-9b65-e763c3a26ea1,1.7773438379284595e+18
62f2b5ab-3ebc-4eca-9b65-e763c3a26ea1,1.7773438379618025e+18
62f2b5ab-3ebc-4eca-9b65-e763c3a26ea1,1.7773438379951447e+18
62f2b5ab-3ebc-4eca-9b65-e763c3a26ea1,1.7773438380284877e+18
62f2b5ab-3ebc-4eca-9b65-e763c3a26ea1,1.7773438380618307e+18
62f2b5ab-3ebc-4eca-9b65-e763c3a26ea1,1.7773438380951726e+18
62f2b5ab-3ebc-4eca-9b65-e763c3a26ea1,1.7773438381285156e+18
62f2b5ab-3ebc-4eca-9b65-e763c3a26ea1,1.7773438381618586e+18
62f2b5ab-3ebc-4eca-9b65-e763c3a26ea1,1.7773438381952005e+18
62f2b5ab-3ebc-4eca-9b65-e763c3a26ea1,1.7773438382285435e+18
62f2b5ab-3ebc-4eca-9b65-e763c3a26ea1,1.7773438382618867e+18
62f2b5ab-3ebc-4eca-9b65-e763c3a26ea1,1.7773438382952287e+18
62f2b5ab-3ebc-4eca-9b65-e763c3a26ea1,1.7773438383285716e+18
62f2b5ab-3ebc-4eca-9b65-e763c3a26ea1,1.7773438383619146e+18
62f2b5ab-3ebc-4eca-9b65-e763c3a26ea1,1.7773438383952566e+18
62f2b5ab-3ebc-4eca-9b65-e763c3a26ea1,1.7773438384285996e+18
62f2b5ab-3ebc-4eca-9b65-e763c3a26ea1,1.7773438384619425e+18
62f2b5ab-3ebc-4eca-9b65-e763c3a26ea1,1.7773438384952845e+18
62f2b5ab-3ebc-4eca-9b65-e763c3a26ea1,1.7773438385286277e+18
62f2b5ab-3ebc-4eca-9b65-e763c3a26ea1,1.7773438385619707e+18
62f2b5ab-3ebc-4eca-9b65-e763c3a26ea1,1.7773438385953126e+18
62f2b5ab-3ebc-4eca-9b65-e763c3a26ea1,1.7773438386286556e+18
62f2b5ab-3ebc-4eca-9b65-e763c3a26ea1,1.7773438386619986e+18
62f2b5ab-3ebc-4eca-9b65-e763c3a26ea1,1.7773438386953405e+18
62f2b5ab-3ebc-4eca-9b65-e763c3a26ea1,1.7773438387286835e+18
62f2b5ab-3ebc-4eca-9b65-e763c3a26ea1,1.7773438387620257e+18
62f2b5ab-3ebc-4eca-9b65-e763c3a26ea1,1.7773438387953687e+18
62f2b5ab-3ebc-4eca-9b65-e763c3a26ea1,1.7773438388287117e+18
62f2b5ab-3ebc-4eca-9b65-e763c3a26ea1,1.7773438388620536e+18
62f2b5ab-3ebc-4eca-9b65-e763c3a26ea1,1.7773438388953966e+18
62f2b5ab-3ebc-4eca-9b65-e763c3a26ea1,1.7773438389287396e+18
62f2b5ab-3ebc-4eca-9b65-e763c3a26ea1,1.7773438389620815e+18
62f2b5ab-3ebc-4eca-9b65-e763c3a26ea1,1.7773438389954245e+18
62f2b5ab-3ebc-4eca-9b65-e763c3a26ea1,1.7773438390287675e+18
62f2b5ab-3ebc-4eca-9b65-e763c3a26ea1,1.7773438390621097e+18
62f2b5ab-3ebc-4eca-9b65-e763c3a26ea1,1.7773438390954527e+18
62f2b5ab-3ebc-4eca-9b65-e763c3a26ea1,1.7773438391287956e+18
62f2b5ab-3ebc-4eca-9b65-e763c3a26ea1,1.7773438391621376e+18
62f2b5ab-3ebc-4eca-9b65-e763c3a26ea1,1.7773438391954806e+18
62f2b5ab-3ebc-4eca-9b65-e763c3a26ea1,1.7773438392288236e+18
62f2b5ab-3ebc-4eca-9b65-e763c3a26ea1,1.7773438392621655e+18
62f2b5ab-3ebc-4eca-9b65-e763c3a26ea1,1.7773438392955085e+18
62f2b5ab-3ebc-4eca-9b65-e763c3a26ea1,1.7773438393288517e+18
62f2b5ab-3ebc-4eca-9b65-e763c3a26ea1,1.7773438393621937e+18
62f2b5ab-3ebc-4eca-9b65-e763c3a26ea1,1.7773438393955366e+18
62f2b5ab-3ebc-4eca-9b65-e763c3a26ea1,1.7773438394288796e+18
62f2b5ab-3ebc-4eca-9b65-e763c3a26ea1,1.7773438394622216e+18
62f2b5ab-3ebc-4eca-9b65-e763c3a26ea1,1.7773438394955645e+18
62f2b5ab-3ebc-4eca-9b65-e763c3a26ea1,1.7773438395289065e+18
62f2b5ab-3ebc-4eca-9b65-e763c3a26ea1,1.7773438395622497e+18
62f2b5ab-3ebc-4eca-9b65-e763c3a26ea1,1.7773438395955927e+18
62f2b5ab-3ebc-4eca-9b65-e763c3a26ea1,1.7773438396289347e+18
62f2b5ab-3ebc-4eca-9b65-e763c3a26ea1,1.7773438396622776e+18
62f2b5ab-3ebc-4eca-9b65-e763c3a26ea1,1.7773438396956206e+18
62f2b5ab-3ebc-4eca-9b65-e763c3a26ea1,1.7773438397289626e+18
62f2b5ab-3ebc-4eca-9b65-e763c3a26ea1,1.7773438397623055e+18
62f2b5ab-3ebc-4eca-9b65-e763c3a26ea1,1.7773438397956485e+18
62f2b5ab-3ebc-4eca-9b65-e763c3a26ea1,1.7773438398289907e+18
62f2b5ab-3ebc-4eca-9b65-e763c3a26ea1,1.7773438398623337e+18
62f2b5ab-3ebc-4eca-9b65-e763c3a26ea1,1.7773438398956767e+18
62f2b5ab-3ebc-4eca-9b65-e763c3a26ea1,1.7773438399290186e+18
62f2b5ab-3ebc-4eca-9b65-e763c3a26ea1,1.7773438399623616e+18
62f2b5ab-3ebc-4eca-9b65-e763c3a26ea1,1.7773438399957046e+18
62f2b5ab-3ebc-4eca-9b65-e763c3a26ea1,1.7773438400290465e+18
62f2b5ab-3ebc-4eca-9b65-e763c3a26ea1,1.7773438400623895e+18
62f2b5ab-3ebc-4eca-9b65-e763c3a26ea1,1.7773438400957325e+18
62f2b5ab-3ebc-4eca-9b65-e763c3a26ea1,1.7773438401290747e+18
62f2b5ab-3ebc-4eca-9b65-e763c3a26ea1,1.7773438401624177e+18
62f2b5ab-3ebc-4eca-9b65-e763c3a26ea1,1.7773438401957606e+18
62f2b5ab-3ebc-4eca-9b65-e763c3a26ea1,1.7773438402291026e+18
62f2b5ab-3ebc-4eca-9b65-e763c3a26ea1,1.7773438402624456e+18
62f2b5ab-3ebc-4eca-9b65-e763c3a26ea1,1.7773438402957885e+18
62f2b5ab-3ebc-4eca-9b65-e763c3a26ea1,1.7773438403291305e+18
62f2b5ab-3ebc-4eca-9b65-e763c3a26ea1,1.7773438403624737e+18
62f2b5ab-3ebc-4eca-9b65-e763c3a26ea1,1.7773438403958157e+18
62f2b5ab-3ebc-4eca-9b65-e763c3a26ea1,1.7773438404291587e+18
62f2b5ab-3ebc-4eca-9b65-e763c3a26ea1,1.7773438404625016e+18
62f2b5ab-3ebc-4eca-9b65-e763c3a26ea1,1.7773438404958436e+18
62f2b5ab-3ebc-4eca-9b65-e763c3a26ea1,1.7773438405291866e+18
62f2b5ab-3ebc-4eca-9b65-e763c3a26ea1,1.7773438405625295e+18
62f2b5ab-3ebc-4eca-9b65-e763c3a26ea1,1.7773438405958715e+18
62f2b5ab-3ebc-4eca-9b65-e763c3a26ea1,1.7773438406292147e+18
62f2b5ab-3ebc-4eca-9b65-e763c3a26ea1,1.7773438406625577e+18
62f2b5ab-3ebc-4eca-9b65-e763c3a26ea1,1.7773438406958996e+18
62f2b5ab-3ebc-4eca-9b65-e763c3a26ea1,1.7773438407292426e+18
62f2b5ab-3ebc-4eca-9b65-e763c3a26ea1,1.7773438407625856e+18
62f2b5ab-3ebc-4eca-9b65-e763c3a26ea1,1.7773438407959276e+18
62f2b5ab-3ebc-4eca-9b65-e763c3a26ea1,1.7773438408292705e+18
62f2b5ab-3ebc-4eca-9b65-e763c3a26ea1,1.7773438408626135e+18
62f2b5ab-3ebc-4eca-9b65-e763c3a26ea1,1.7773438408959557e+18
62f2b5ab-3ebc-4eca-9b65-e763c3a26ea1,1.7773438409292987e+18
62f2b5ab-3ebc-4eca-9b65-e763c3a26ea1,1.7773438409626417e+18
62f2b5ab-3ebc-4eca-9b65-e763c3a26ea1,1.7773438409959836e+18
62f2b5ab-3ebc-4eca-9b65-e763c3a26ea1,1.7773438410293266e+18
62f2b5ab-3ebc-4eca-9b65-e763c3a26ea1,1.7773438410626696e+18
62f2b5ab-3ebc-4eca-9b65-e763c3a26ea1,1.7773438410960115e+18
62f2b5ab-3ebc-4eca-9b65-e763c3a26ea1,1.7773438411293545e+18
62f2b5ab-3ebc-4eca-9b65-e763c3a26ea1,1.7773438411626977e+18
62f2b5ab-3ebc-4eca-9b65-e763c3a26ea1,1.7773438411960397e+18
62f2b5ab-3ebc-4eca-9b65-e763c3a26ea1,1.7773438412293827e+18
62f2b5ab-3ebc-4eca-9b65-e763c3a26ea1,1.7773438412627246e+18
62f2b5ab-3ebc-4eca-9b65-e763c3a26ea1,1.7773438412960676e+18
62f2b5ab-3ebc-4eca-9b65-e763c3a26ea1,1.7773438413294106e+18
62f2b5ab-3ebc-4eca-9b65-e763c3a26ea1,1.7773438413627525e+18
62f2b5ab-3ebc-4eca-9b65-e763c3a26ea1,1.7773438413960955e+18
62f2b5ab-3ebc-4eca-9b65-e763c3a26ea1,1.7773438414294387e+18
62f2b5ab-3ebc-4eca-9b65-e763c3a26ea1,1.7773438414627807e+18
62f2b5ab-3ebc-4eca-9b65-e763c3a26ea1,1.7773438414961236e+18
62f2b5ab-3ebc-4eca-9b65-e763c3a26ea1,1.7773438415294666e+18
62f2b5ab-3ebc-4eca-9b65-e763c3a26ea1,1.7773438415628086e+18
62f2b5ab-3ebc-4eca-9b65-e763c3a26ea1,1.7773438415961516e+18
62f2b5ab-3ebc-4eca-9b65-e763c3a26ea1,1.7773438416294945e+18
62f2b5ab-3ebc-4eca-9b65-e763c3a26ea1,1.7773438416628365e+18
62f2b5ab-3ebc-4eca-9b65-e763c3a26ea1,1.7773438416961797e+18
62f2b5ab-3ebc-4eca-9b65-e763c3a26ea1,1.7773438417295227e+18
62f2b5ab-3ebc-4eca-9b65-e763c3a26ea1,1.7773438417628646e+18
62f2b5ab-3ebc-4eca-9b65-e763c3a26ea1,1.7773438417962076e+18
62f2b5ab-3ebc-4eca-9b65-e763c3a26ea1,1.7773438418295506e+18
62f2b5ab-3ebc-4eca-9b65-e763c3a26ea1,1.7773438418628925e+18
62f2b5ab-3ebc-4eca-9b65-e763c3a26ea1,1.7773438418962355e+18
62f2b5ab-3ebc-4eca-9b65-e763c3a26ea1,1.7773438419295785e+18
62f2b5ab-3ebc-4eca-9b65-e763c3a26ea1,1.7773438419629207e+18
62f2b5ab-3ebc-4eca-9b65-e763c3a26ea1,1.7773438419962637e+18
62f2b5ab-3ebc-4eca-9b65-e763c3a26ea1,1.7773438420296056e+18
62f2b5ab-3ebc-4eca-9b65-e763c3a26ea1,1.7773438420629486e+18
62f2b5ab-3ebc-4eca-9b65-e763c3a26ea1,1.7773438420962916e+18
62f2b5ab-3ebc-4eca-9b65-e763c3a26ea1,1.7773438421296335e+18
62f2b5ab-3ebc-4eca-9b65-e763c3a26ea1,1.7773438421629765e+18
62f2b5ab-3ebc-4eca-9b65-e763c3a26ea1,1.7773438421963195e+18
62f2b5ab-3ebc-4eca-9b65-e763c3a26ea1,1.7773438422296617e+18
62f2b5ab-3ebc-4eca-9b65-e763c3a26ea1,1.7773438422630047e+18
62f2b5ab-3ebc-4eca-9b65-e763c3a26ea1,1.7773438422963476e+18
62f2b5ab-3ebc-4eca-9b65-e763c3a26ea1,1.7773438423296896e+18
62f2b5ab-3ebc-4eca-9b65-e763c3a26ea1,1.7773438423630326e+18
62f2b5ab-3ebc-4eca-9b65-e763c3a26ea1,1.7773438423963756e+18
62f2b5ab-3ebc-4eca-9b65-e763c3a26ea1,1.7773438424297175e+18
62f2b5ab-3ebc-4eca-9b65-e763c3a26ea1,1.7773438424630605e+18
62f2b5ab-3ebc-4eca-9b65-e763c3a26ea1,1.7773438424964037e+18
62f2b5ab-3ebc-4eca-9b65-e763c3a26ea1,1.7773438425297457e+18
62f2b5ab-3ebc-4eca-9b65-e763c3a26ea1,1.7773438425630886e+18
62f2b5ab-3ebc-4eca-9b65-e763c3a26ea1,1.7773438425964316e+18
62f2b5ab-3ebc-4eca-9b65-e763c3a26ea1,1.7773438426297736e+18
62f2b5ab-3ebc-4eca-9b65-e763c3a26ea1,1.7773438426631165e+18
62f2b5ab-3ebc-4eca-9b65-e763c3a26ea1,1.7773438426964595e+18
62f2b5ab-3ebc-4eca-9b65-e763c3a26ea1,1.7773438427298017e+18
62f2b5ab-3ebc-4eca-9b65-e763c3a26ea1,1.7773438427631447e+18
62f2b5ab-3ebc-4eca-9b65-e763c3a26ea1,1.7773438427964877e+18
62f2b5ab-3ebc-4eca-9b65-e763c3a26ea1,1.7773438428298296e+18
62f2b5ab-3ebc-4eca-9b65-e763c3a26ea1,1.7773438428631726e+18
62f2b5ab-3ebc-4eca-9b65-e763c3a26ea1,1.7773438428965146e+18
62f2b5ab-3ebc-4eca-9b65-e763c3a26ea1,1.7773438429298575e+18
62f2b5ab-3ebc-4eca-9b65-e763c3a26ea1,1.7773438429632005e+18
62f2b5ab-3ebc-4eca-9b65-e763c3a26ea1,1.7773438429965427e+18
62f2b5ab-3ebc-4eca-9b65-e763c3a26ea1,1.7773438430298857e+18
62f2b5ab-3ebc-4eca-9b65-e763c3a26ea1,1.7773438430632287e+18
62f2b5ab-3ebc-4eca-9b65-e763c3a26ea1,1.7773438430965706e+18
62f2b5ab-3ebc-4eca-9b65-e763c3a26ea1,1.7773438431299136e+18
62f2b5ab-3ebc-4eca-9b65-e763c3a26ea1,1.7773438431632566e+18
62f2b5ab-3ebc-4eca-9b65-e763c3a26ea1,1.7773438431965985e+18
62f2b5ab-3ebc-4eca-9b65-e763c3a26ea1,1.7773438432299415e+18
62f2b5ab-3ebc-4eca-9b65-e763c3a26ea1,1.7773438432632845e+18
62f2b5ab-3ebc-4eca-9b65-e763c3a26ea1,1.7773438432966267e+18
62f2b5ab-3ebc-4eca-9b65-e763c3a26ea1,1.7773438433299697e+18
62f2b5ab-3ebc-4eca-9b65-e763c3a26ea1,1.7773438433633126e+18
62f2b5ab-3ebc-4eca-9b65-e763c3a26ea1,1.7773438433966546e+18
62f2b5ab-3ebc-4eca-9b65-e763c3a26ea1,1.7773438434299976e+18
62f2b5ab-3ebc-4eca-9b65-e763c3a26ea1,1.7773438434633405e+18
62f2b5ab-3ebc-4eca-9b65-e763c3a26ea1,1.7773438434966825e+18
62f2b5ab-3ebc-4eca-9b65-e763c3a26ea1,1.7773438435300257e+18
62f2b5ab-3ebc-4eca-9b65-e763c3a26ea1,1.7773438435633687e+18
62f2b5ab-3ebc-4eca-9b65-e763c3a26ea1,1.7773438435967107e+18
62f2b5ab-3ebc-4eca-9b65-e763c3a26ea1,1.7773438436300536e+18
62f2b5ab-3ebc-4eca-9b65-e763c3a26ea1,1.7773438436633956e+18
62f2b5ab-3ebc-4eca-9b65-e763c3a26ea1,1.7773438436967386e+18
62f2b5ab-3ebc-4eca-9b65-e763c3a26ea1,1.7773438437300815e+18
62f2b5ab-3ebc-4eca-9b65-e763c3a26ea1,1.7773438437634235e+18
62f2b5ab-3ebc-4eca-9b65-e763c3a26ea1,1.7773438437967667e+18
62f2b5ab-3ebc-4eca-9b65-e763c3a26ea1,1.7773438438301097e+18
62f2b5ab-3ebc-4eca-9b65-e763c3a26ea1,1.7773438438634516e+18
62f2b5ab-3ebc-4eca-9b65-e763c3a26ea1,1.7773438438967946e+18
62f2b5ab-3ebc-4eca-9b65-e763c3a26ea1,1.7773438439301376e+18
62f2b5ab-3ebc-4eca-9b65-e763c3a26ea1,1.7773438439634796e+18
62f2b5ab-3ebc-4eca-9b65-e763c3a26ea1,1.7773438439968225e+18
62f2b5ab-3ebc-4eca-9b65-e763c3a26ea1,1.7773438440301655e+18
62f2b5ab-3ebc-4eca-9b65-e763c3a26ea1,1.7773438440635077e+18
62f2b5ab-3ebc-4eca-9b65-e763c3a26ea1,1.7773438440968507e+18
62f2b5ab-3ebc-4eca-9b65-e763c3a26ea1,1.7773438441301937e+18
62f2b5ab-3ebc-4eca-9b65-e763c3a26ea1,1.7773438441635356e+18
62f2b5ab-3ebc-4eca-9b65-e763c3a26ea1,1.7773438441968786e+18
62f2b5ab-3ebc-4eca-9b65-e763c3a26ea1,1.7773438442302216e+18
62f2b5ab-3ebc-4eca-9b65-e763c3a26ea1,1.7773438442635635e+18
62f2b5ab-3ebc-4eca-9b65-e763c3a26ea1,1.7773438442969065e+18
62f2b5ab-3ebc-4eca-9b65-e763c3a26ea1,1.7773438443302497e+18
62f2b5ab-3ebc-4eca-9b65-e763c3a26ea1,1.7773438443635917e+18
62f2b5ab-3ebc-4eca-9b65-e763c3a26ea1,1.7773438443969347e+18
62f2b5ab-3ebc-4eca-9b65-e763c3a26ea1,1.7773438444302776e+18
62f2b5ab-3ebc-4eca-9b65-e763c3a26ea1,1.7773438444636196e+18
62f2b5ab-3ebc-4eca-9b65-e763c3a26ea1,1.7773438444969626e+18
62f2b5ab-3ebc-4eca-9b65-e763c3a26ea1,1.7773438445303045e+18
62f2b5ab-3ebc-4eca-9b65-e763c3a26ea1,1.7773438445636475e+18
62f2b5ab-3ebc-4eca-9b65-e763c3a26ea1,1.7773438445969907e+18
62f2b5ab-3ebc-4eca-9b65-e763c3a26ea1,1.7773438446303327e+18
62f2b5ab-3ebc-4eca-9b65-e763c3a26ea1,1.7773438446636756e+18
62f2b5ab-3ebc-4eca-9b65-e763c3a26ea1,1.7773438446970186e+18
62f2b5ab-3ebc-4eca-9b65-e763c3a26ea1,1.7773438447303606e+18
62f2b5ab-3ebc-4eca-9b65-e763c3a26ea1,1.7773438447637036e+18
62f2b5ab-3ebc-4eca-9b65-e763c3a26ea1,1.7773438447970465e+18
62f2b5ab-3ebc-4eca-9b65-e763c3a26ea1,1.7773438448303885e+18
62f2b5ab-3ebc-4eca-9b65-e763c3a26ea1,1.7773438448637317e+18
62f2b5ab-3ebc-4eca-9b65-e763c3a26ea1,1.7773438448970747e+18
62f2b5ab-3ebc-4eca-9b65-e763c3a26ea1,1.7773438449304166e+18
62f2b5ab-3ebc-4eca-9b65-e763c3a26ea1,1.7773438449637596e+18
62f2b5ab-3ebc-4eca-9b65-e763c3a26ea1,1.7773438449971026e+18
62f2b5ab-3ebc-4eca-9b65-e763c3a26ea1,1.7773438450304445e+18
62f2b5ab-3ebc-4eca-9b65-e763c3a26ea1,1.7773438450637875e+18
62f2b5ab-3ebc-4eca-9b65-e763c3a26ea1,1.7773438450971305e+18
62f2b5ab-3ebc-4eca-9b65-e763c3a26ea1,1.7773438451304727e+18
62f2b5ab-3ebc-4eca-9b65-e763c3a26ea1,1.7773438451638157e+18
62f2b5ab-3ebc-4eca-9b65-e763c3a26ea1,1.7773438451971587e+18
62f2b5ab-3ebc-4eca-9b65-e763c3a26ea1,1.7773438452305006e+18
62f2b5ab-3ebc-4eca-9b65-e763c3a26ea1,1.7773438452638436e+18
62f2b5ab-3ebc-4eca-9b65-e763c3a26ea1,1.7773438452971866e+18
62f2b5ab-3ebc-4eca-9b65-e763c3a26ea1,1.7773438453305285e+18
62f2b5ab-3ebc-4eca-9b65-e763c3a26ea1,1.7773438453638715e+18
62f2b5ab-3ebc-4eca-9b65-e763c3a26ea1,1.7773438453972137e+18
62f2b5ab-3ebc-4eca-9b65-e763c3a26ea1,1.7773438454305567e+18
62f2b5ab-3ebc-4eca-9b65-e763c3a26ea1,1.7773438454638996e+18
62f2b5ab-3ebc-4eca-9b65-e763c3a26ea1,1.7773438454972416e+18
62f2b5ab-3ebc-4eca-9b65-e763c3a26ea1,1.7773438455305846e+18
62f2b5ab-3ebc-4eca-9b65-e763c3a26ea1,1.7773438455639276e+18
62f2b5ab-3ebc-4eca-9b65-e763c3a26ea1,1.7773438455972695e+18
62f2b5ab-3ebc-4eca-9b65-e763c3a26ea1,1.7773438456306125e+18
62f2b5ab-3ebc-4eca-9b65-e763c3a26ea1,1.7773438456639557e+18
62f2b5ab-3ebc-4eca-9b65-e763c3a26ea1,1.7773438456972977e+18
62f2b5ab-3ebc-4eca-9b65-e763c3a26ea1,1.7773438457306406e+18
62f2b5ab-3ebc-4eca-9b65-e763c3a26ea1,1.7773438457639836e+18
62f2b5ab-3ebc-4eca-9b65-e763c3a26ea1,1.7773438457973256e+18
62f2b5ab-3ebc-4eca-9b65-e763c3a26ea1,1.7773438458306685e+18
62f2b5ab-3ebc-4eca-9b65-e763c3a26ea1,1.7773438458640115e+18
62f2b5ab-3ebc-4eca-9b65-e763c3a26ea1,1.7773438458973537e+18
62f2b5ab-3ebc-4eca-9b65-e763c3a26ea1,1.7773438459306967e+18
62f2b5ab-3ebc-4eca-9b65-e763c3a26ea1,1.7773438459640397e+18
62f2b5ab-3ebc-4eca-9b65-e763c3a26ea1,1.7773438459973816e+18
62f2b5ab-3ebc-4eca-9b65-e763c3a26ea1,1.7773438460307246e+18
62f2b5ab-3ebc-4eca-9b65-e763c3a26ea1,1.7773438460640676e+18
62f2b5ab-3ebc-4eca-9b65-e763c3a26ea1,1.7773438460974095e+18
62f2b5ab-3ebc-4eca-9b65-e763c3a26ea1,1.7773438461307525e+18
62f2b5ab-3ebc-4eca-9b65-e763c3a26ea1,1.7773438461640955e+18
62f2b5ab-3ebc-4eca-9b65-e763c3a26ea1,1.7773438461974377e+18
62f2b5ab-3ebc-4eca-9b65-e763c3a26ea1,1.7773438462307807e+18
62f2b5ab-3ebc-4eca-9b65-e763c3a26ea1,1.7773438462641226e+18
62f2b5ab-3ebc-4eca-9b65-e763c3a26ea1,1.7773438462974656e+18
62f2b5ab-3ebc-4eca-9b65-e763c3a26ea1,1.7773438463308086e+18
62f2b5ab-3ebc-4eca-9b65-e763c3a26ea1,1.7773438463641505e+18
62f2b5ab-3ebc-4eca-9b65-e763c3a26ea1,1.7773438463974935e+18
62f2b5ab-3ebc-4eca-9b65-e763c3a26ea1,1.7773438464308365e+18
62f2b5ab-3ebc-4eca-9b65-e763c3a26ea1,1.7773438464641787e+18
62f2b5ab-3ebc-4eca-9b65-e763c3a26ea1,1.7773438464975217e+18
62f2b5ab-3ebc-4eca-9b65-e763c3a26ea1,1.7773438465308646e+18
62f2b5ab-3ebc-4eca-9b65-e763c3a26ea1,1.7773438465642066e+18
62f2b5ab-3ebc-4eca-9b65-e763c3a26ea1,1.7773438465975496e+18
62f2b5ab-3ebc-4eca-9b65-e763c3a26ea1,1.7773438466308925e+18
62f2b5ab-3ebc-4eca-9b65-e763c3a26ea1,1.7773438466642345e+18
62f2b5ab-3ebc-4eca-9b65-e763c3a26ea1,1.7773438466975777e+18
62f2b5ab-3ebc-4eca-9b65-e763c3a26ea1,1.7773438467309207e+18
62f2b5ab-3ebc-4eca-9b65-e763c3a26ea1,1.7773438467642627e+18
62f2b5ab-3ebc-4eca-9b65-e763c3a26ea1,1.7773438467976056e+18
62f2b5ab-3ebc-4eca-9b65-e763c3a26ea1,1.7773438468309486e+18
62f2b5ab-3ebc-4eca-9b65-e763c3a26ea1,1.7773438468642906e+18
62f2b5ab-3ebc-4eca-9b65-e763c3a26ea1,1.7773438468976335e+18
62f2b5ab-3ebc-4eca-9b65-e763c3a26ea1,1.7773438469309765e+18
62f2b5ab-3ebc-4eca-9b65-e763c3a26ea1,1.7773438469643187e+18
62f2b5ab-3ebc-4eca-9b65-e763c3a26ea1,1.7773438469976617e+18
62f2b5ab-3ebc-4eca-9b65-e763c3a26ea1,1.7773438470310036e+18
62f2b5ab-3ebc-4eca-9b65-e763c3a26ea1,1.7773438470643466e+18
62f2b5ab-3ebc-4eca-9b65-e763c3a26ea1,1.7773438470976896e+18
62f2b5ab-3ebc-4eca-9b65-e763c3a26ea1,1.7773438471310316e+18
62f2b5ab-3ebc-4eca-9b65-e763c3a26ea1,1.7773438471643745e+18
62f2b5ab-3ebc-4eca-9b65-e763c3a26ea1,1.7773438471977175e+18
62f2b5ab-3ebc-4eca-9b65-e763c3a26ea1,1.7773438472310597e+18
62f2b5ab-3ebc-4eca-9b65-e763c3a26ea1,1.7773438472644027e+18
62f2b5ab-3ebc-4eca-9b65-e763c3a26ea1,1.7773438472977457e+18
62f2b5ab-3ebc-4eca-9b65-e763c3a26ea1,1.7773438473310876e+18
62f2b5ab-3ebc-4eca-9b65-e763c3a26ea1,1.7773438473644306e+18
62f2b5ab-3ebc-4eca-9b65-e763c3a26ea1,1.7773438473977736e+18
62f2b5ab-3ebc-4eca-9b65-e763c3a26ea1,1.7773438474311155e+18
62f2b5ab-3ebc-4eca-9b65-e763c3a26ea1,1.7773438474644585e+18
62f2b5ab-3ebc-4eca-9b65-e763c3a26ea1,1.7773438474978017e+18
62f2b5ab-3ebc-4eca-9b65-e763c3a26ea1,1.7773438475311437e+18
62f2b5ab-3ebc-4eca-9b65-e763c3a26ea1,1.7773438475644867e+18
62f2b5ab-3ebc-4eca-9b65-e763c3a26ea1,1.7773438475978296e+18
62f2b5ab-3ebc-4eca-9b65-e763c3a26ea1,1.7773438476311716e+18
62f2b5ab-3ebc-4eca-9b65-e763c3a26ea1,1.7773438476645146e+18
62f2b5ab-3ebc-4eca-9b65-e763c3a26ea1,1.7773438476978575e+18
62f2b5ab-3ebc-4eca-9b65-e763c3a26ea1,1.7773438477311995e+18
62f2b5ab-3ebc-4eca-9b65-e763c3a26ea1,1.7773438477645427e+18
62f2b5ab-3ebc-4eca-9b65-e763c3a26ea1,1.7773438477978847e+18
62f2b5ab-3ebc-4eca-9b65-e763c3a26ea1,1.7773438478312276e+18
62f2b5ab-3ebc-4eca-9b65-e763c3a26ea1,1.7773438478645706e+18
62f2b5ab-3ebc-4eca-9b65-e763c3a26ea1,1.7773438478979126e+18
62f2b5ab-3ebc-4eca-9b65-e763c3a26ea1,1.7773438479312556e+18
62f2b5ab-3ebc-4eca-9b65-e763c3a26ea1,1.7773438479645985e+18
62f2b5ab-3ebc-4eca-9b65-e763c3a26ea1,1.7773438479979405e+18
62f2b5ab-3ebc-4eca-9b65-e763c3a26ea1,1.7773438480312837e+18
62f2b5ab-3ebc-4eca-9b65-e763c3a26ea1,1.7773438480646267e+18
62f2b5ab-3ebc-4eca-9b65-e763c3a26ea1,1.7773438480979686e+18
62f2b5ab-3ebc-4eca-9b65-e763c3a26ea1,1.7773438481313116e+18
62f2b5ab-3ebc-4eca-9b65-e763c3a26ea1,1.7773438481646546e+18
62f2b5ab-3ebc-4eca-9b65-e763c3a26ea1,1.7773438481979965e+18
62f2b5ab-3ebc-4eca-9b65-e763c3a26ea1,1.7773438482313395e+18
62f2b5ab-3ebc-4eca-9b65-e763c3a26ea1,1.7773438482646825e+18
62f2b5ab-3ebc-4eca-9b65-e763c3a26ea1,1.7773438482980247e+18
62f2b5ab-3ebc-4eca-9b65-e763c3a26ea1,1.7773438483313677e+18
62f2b5ab-3ebc-4eca-9b65-e763c3a26ea1,1.7773438483647107e+18
62f2b5ab-3ebc-4eca-9b65-e763c3a26ea1,1.7773438483980526e+18
62f2b5ab-3ebc-4eca-9b65-e763c3a26ea1,1.7773438484313956e+18
62f2b5ab-3ebc-4eca-9b65-e763c3a26ea1,1.7773438484647386e+18
62f2b5ab-3ebc-4eca-9b65-e763c3a26ea1,1.7773438484980805e+18
62f2b5ab-3ebc-4eca-9b65-e763c3a26ea1,1.7773438485314235e+18
62f2b5ab-3ebc-4eca-9b65-e763c3a26ea1,1.7773438485647667e+18
62f2b5ab-3ebc-4eca-9b65-e763c3a26ea1,1.7773438485981087e+18
62f2b5ab-3ebc-4eca-9b65-e763c3a26ea1,1.7773438486314516e+18
62f2b5ab-3ebc-4eca-9b65-e763c3a26ea1,1.7773438486647936e+18
62f2b5ab-3ebc-4eca-9b65-e763c3a26ea1,1.7773438486981366e+18
62f2b5ab-3ebc-4eca-9b65-e763c3a26ea1,1.7773438487314796e+18
62f2b5ab-3ebc-4eca-9b65-e763c3a26ea1,1.7773438487648215e+18
62f2b5ab-3ebc-4eca-9b65-e763c3a26ea1,1.7773438487981645e+18
62f2b5ab-3ebc-4eca-9b65-e763c3a26ea1,1.7773438488315077e+18
62f2b5ab-3ebc-4eca-9b65-e763c3a26ea1,1.7773438488648497e+18
62f2b5ab-3ebc-4eca-9b65-e763c3a26ea1,1.7773438488981926e+18
62f2b5ab-3ebc-4eca-9b65-e763c3a26ea1,1.7773438489315356e+18
62f2b5ab-3ebc-4eca-9b65-e763c3a26ea1,1.7773438489648776e+18
62f2b5ab-3ebc-4eca-9b65-e763c3a26ea1,1.7773438489982205e+18
62f2b5ab-3ebc-4eca-9b65-e763c3a26ea1,1.7773438490315635e+18
62f2b5ab-3ebc-4eca-9b65-e763c3a26ea1,1.7773438490649057e+18
62f2b5ab-3ebc-4eca-9b65-e763c3a26ea1,1.7773438490982487e+18
62f2b5ab-3ebc-4eca-9b65-e763c3a26ea1,1.7773438491315917e+18
62f2b5ab-3ebc-4eca-9b65-e763c3a26ea1,1.7773438491649336e+18
62f2b5ab-3ebc-4eca-9b65-e763c3a26ea1,1.7773438491982766e+18
62f2b5ab-3ebc-4eca-9b65-e763c3a26ea1,1.7773438492316196e+18
62f2b5ab-3ebc-4eca-9b65-e763c3a26ea1,1.7773438492649615e+18
62f2b5ab-3ebc-4eca-9b65-e763c3a26ea1,1.7773438492983045e+18
62f2b5ab-3ebc-4eca-9b65-e763c3a26ea1,1.7773438493316475e+18
62f2b5ab-3ebc-4eca-9b65-e763c3a26ea1,1.7773438493649897e+18
62f2b5ab-3ebc-4eca-9b65-e763c3a26ea1,1.7773438493983327e+18
62f2b5ab-3ebc-4eca-9b65-e763c3a26ea1,1.7773438494316756e+18
62f2b5ab-3ebc-4eca-9b65-e763c3a26ea1,1.7773438494650176e+18
62f2b5ab-3ebc-4eca-9b65-e763c3a26ea1,1.7773438494983606e+18
62f2b5ab-3ebc-4eca-9b65-e763c3a26ea1,1.7773438495317025e+18
62f2b5ab-3ebc-4eca-9b65-e763c3a26ea1,1.7773438495650455e+18
62f2b5ab-3ebc-4eca-9b65-e763c3a26ea1,1.7773438495983885e+18
62f2b5ab-3ebc-4eca-9b65-e763c3a26ea1,1.7773438496317307e+18
62f2b5ab-3ebc-4eca-9b65-e763c3a26ea1,1.7773438496650737e+18
62f2b5ab-3ebc-4eca-9b65-e763c3a26ea1,1.7773438496984166e+18
62f2b5ab-3ebc-4eca-9b65-e763c3a26ea1,1.7773438497317586e+18
62f2b5ab-3ebc-4eca-9b65-e763c3a26ea1,1.7773438497651016e+18
62f2b5ab-3ebc-4eca-9b65-e763c3a26ea1,1.7773438497984445e+18
62f2b5ab-3ebc-4eca-9b65-e763c3a26ea1,1.7773438498317865e+18
62f2b5ab-3ebc-4eca-9b65-e763c3a26ea1,1.7773438498651297e+18
62f2b5ab-3ebc-4eca-9b65-e763c3a26ea1,1.7773438498984727e+18
62f2b5ab-3ebc-4eca-9b65-e763c3a26ea1,1.7773438499318147e+18
62f2b5ab-3ebc-4eca-9b65-e763c3a26ea1,1.7773438499651576e+18
62f2b5ab-3ebc-4eca-9b65-e763c3a26ea1,1.7773438499985006e+18
62f2b5ab-3ebc-4eca-9b65-e763c3a26ea1,1.7773438500318426e+18
62f2b5ab-3ebc-4eca-9b65-e763c3a26ea1,1.7773438500651855e+18
62f2b5ab-3ebc-4eca-9b65-e763c3a26ea1,1.7773438500985285e+18
62f2b5ab-3ebc-4eca-9b65-e763c3a26ea1,1.7773438501318707e+18
62f2b5ab-3ebc-4eca-9b65-e763c3a26ea1,1.7773438501652137e+18
62f2b5ab-3ebc-4eca-9b65-e763c3a26ea1,1.7773438501985567e+18
62f2b5ab-3ebc-4eca-9b65-e763c3a26ea1,1.7773438502318986e+18
62f2b5ab-3ebc-4eca-9b65-e763c3a26ea1,1.7773438502652416e+18
62f2b5ab-3ebc-4eca-9b65-e763c3a26ea1,1.7773438502985836e+18
62f2b5ab-3ebc-4eca-9b65-e763c3a26ea1,1.7773438503319265e+18
62f2b5ab-3ebc-4eca-9b65-e763c3a26ea1,1.7773438503652695e+18
62f2b5ab-3ebc-4eca-9b65-e763c3a26ea1,1.7773438503986117e+18
62f2b5ab-3ebc-4eca-9b65-e763c3a26ea1,1.7773438504319547e+18
62f2b5ab-3ebc-4eca-9b65-e763c3a26ea1,1.7773438504652977e+18
62f2b5ab-3ebc-4eca-9b65-e763c3a26ea1,1.7773438504986396e+18
62f2b5ab-3ebc-4eca-9b65-e763c3a26ea1,1.7773438505319826e+18
62f2b5ab-3ebc-4eca-9b65-e763c3a26ea1,1.7773438505653256e+18
62f2b5ab-3ebc-4eca-9b65-e763c3a26ea1,1.7773438505986675e+18
62f2b5ab-3ebc-4eca-9b65-e763c3a26ea1,1.7773438506320105e+18
62f2b5ab-3ebc-4eca-9b65-e763c3a26ea1,1.7773438506653537e+18
62f2b5ab-3ebc-4eca-9b65-e763c3a26ea1,1.7773438506986957e+18
62f2b5ab-3ebc-4eca-9b65-e763c3a26ea1,1.7773438507320387e+18
62f2b5ab-3ebc-4eca-9b65-e763c3a26ea1,1.7773438507653816e+18
62f2b5ab-3ebc-4eca-9b65-e763c3a26ea1,1.7773438507987236e+18
62f2b5ab-3ebc-4eca-9b65-e763c3a26ea1,1.7773438508320666e+18
62f2b5ab-3ebc-4eca-9b65-e763c3a26ea1,1.7773438508654095e+18
62f2b5ab-3ebc-4eca-9b65-e763c3a26ea1,1.7773438508987515e+18
62f2b5ab-3ebc-4eca-9b65-e763c3a26ea1,1.7773438509320947e+18
62f2b5ab-3ebc-4eca-9b65-e763c3a26ea1,1.7773438509654377e+18
62f2b5ab-3ebc-4eca-9b65-e763c3a26ea1,1.7773438509987796e+18
62f2b5ab-3ebc-4eca-9b65-e763c3a26ea1,1.7773438510321226e+18
62f2b5ab-3ebc-4eca-9b65-e763c3a26ea1,1.7773438510654656e+18
62f2b5ab-3ebc-4eca-9b65-e763c3a26ea1,1.7773438510988076e+18
62f2b5ab-3ebc-4eca-9b65-e763c3a26ea1,1.7773438511321505e+18
62f2b5ab-3ebc-4eca-9b65-e763c3a26ea1,1.7773438511654925e+18
62f2b5ab-3ebc-4eca-9b65-e763c3a26ea1,1.7773438511988357e+18
62f2b5ab-3ebc-4eca-9b65-e763c3a26ea1,1.7773438512321787e+18
62f2b5ab-3ebc-4eca-9b65-e763c3a26ea1,1.7773438512655206e+18
62f2b5ab-3ebc-4eca-9b65-e763c3a26ea1,1.7773438512988636e+18
62f2b5ab-3ebc-4eca-9b65-e763c3a26ea1,1.7773438513322066e+18
62f2b5ab-3ebc-4eca-9b65-e763c3a26ea1,1.7773438513655485e+18
62f2b5ab-3ebc-4eca-9b65-e763c3a26ea1,1.7773438513988915e+18
62f2b5ab-3ebc-4eca-9b65-e763c3a26ea1,1.7773438514322345e+18
62f2b5ab-3ebc-4eca-9b65-e763c3a26ea1,1.7773438514655767e+18
62f2b5ab-3ebc-4eca-9b65-e763c3a26ea1,1.7773438514989197e+18
62f2b5ab-3ebc-4eca-9b65-e763c3a26ea1,1.7773438515322627e+18
62f2b5ab-3ebc-4eca-9b65-e763c3a26ea1,1.7773438515656046e+18
62f2b5ab-3ebc-4eca-9b65-e763c3a26ea1,1.7773438515989476e+18
62f2b5ab-3ebc-4eca-9b65-e763c3a26ea1,1.7773438516322906e+18
62f2b5ab-3ebc-4eca-9b65-e763c3a26ea1,1.7773438516656325e+18
62f2b5ab-3ebc-4eca-9b65-e763c3a26ea1,1.7773438516989755e+18
62f2b5ab-3ebc-4eca-9b65-e763c3a26ea1,1.7773438517323187e+18
62f2b5ab-3ebc-4eca-9b65-e763c3a26ea1,1.7773438517656607e+18
62f2b5ab-3ebc-4eca-9b65-e763c3a26ea1,1.7773438517990036e+18
62f2b5ab-3ebc-4eca-9b65-e763c3a26ea1,1.7773438518323466e+18
62f2b5ab-3ebc-4eca-9b65-e763c3a26ea1,1.7773438518656886e+18
62f2b5ab-3ebc-4eca-9b65-e763c3a26ea1,1.7773438518990316e+18
62f2b5ab-3ebc-4eca-9b65-e763c3a26ea1,1.7773438519323735e+18
62f2b5ab-3ebc-4eca-9b65-e763c3a26ea1,1.7773438519657165e+18
62f2b5ab-3ebc-4eca-9b65-e763c3a26ea1,1.7773438519990597e+18
62f2b5ab-3ebc-4eca-9b65-e763c3a26ea1,1.7773438520324017e+18
62f2b5ab-3ebc-4eca-9b65-e763c3a26ea1,1.7773438520657446e+18
62f2b5ab-3ebc-4eca-9b65-e763c3a26ea1,1.7773438520990876e+18
62f2b5ab-3ebc-4eca-9b65-e763c3a26ea1,1.7773438521324296e+18
62f2b5ab-3ebc-4eca-9b65-e763c3a26ea1,1.7773438521657725e+18
62f2b5ab-3ebc-4eca-9b65-e763c3a26ea1,1.7773438521991155e+18
62f2b5ab-3ebc-4eca-9b65-e763c3a26ea1,1.7773438522324577e+18
62f2b5ab-3ebc-4eca-9b65-e763c3a26ea1,1.7773438522658007e+18
62f2b5ab-3ebc-4eca-9b65-e763c3a26ea1,1.7773438522991437e+18
62f2b5ab-3ebc-4eca-9b65-e763c3a26ea1,1.7773438523324856e+18
62f2b5ab-3ebc-4eca-9b65-e763c3a26ea1,1.7773438523658286e+18
62f2b5ab-3ebc-4eca-9b65-e763c3a26ea1,1.7773438523991716e+18
62f2b5ab-3ebc-4eca-9b65-e763c3a26ea1,1.7773438524325135e+18
62f2b5ab-3ebc-4eca-9b65-e763c3a26ea1,1.7773438524658565e+18
62f2b5ab-3ebc-4eca-9b65-e763c3a26ea1,1.7773438524991995e+18
62f2b5ab-3ebc-4eca-9b65-e763c3a26ea1,1.7773438525325417e+18
62f2b5ab-3ebc-4eca-9b65-e763c3a26ea1,1.7773438525658847e+18
62f2b5ab-3ebc-4eca-9b65-e763c3a26ea1,1.7773438525992276e+18
62f2b5ab-3ebc-4eca-9b65-e763c3a26ea1,1.7773438526325696e+18
62f2b5ab-3ebc-4eca-9b65-e763c3a26ea1,1.7773438526659126e+18
62f2b5ab-3ebc-4eca-9b65-e763c3a26ea1,1.7773438526992556e+18
62f2b5ab-3ebc-4eca-9b65-e763c3a26ea1,1.7773438527325975e+18
62f2b5ab-3ebc-4eca-9b65-e763c3a26ea1,1.7773438527659405e+18
62f2b5ab-3ebc-4eca-9b65-e763c3a26ea1,1.7773438527992827e+18
62f2b5ab-3ebc-4eca-9b65-e763c3a26ea1,1.7773438528326257e+18
62f2b5ab-3ebc-4eca-9b65-e763c3a26ea1,1.7773438528659686e+18
62f2b5ab-3ebc-4eca-9b65-e763c3a26ea1,1.7773438528993106e+18
62f2b5ab-3ebc-4eca-9b65-e763c3a26ea1,1.7773438529326536e+18
62f2b5ab-3ebc-4eca-9b65-e763c3a26ea1,1.7773438529659965e+18
62f2b5ab-3ebc-4eca-9b65-e763c3a26ea1,1.7773438529993385e+18
62f2b5ab-3ebc-4eca-9b65-e763c3a26ea1,1.7773438530326817e+18
62f2b5ab-3ebc-4eca-9b65-e763c3a26ea1,1.7773438530660247e+18
62f2b5ab-3ebc-4eca-9b65-e763c3a26ea1,1.7773438530993667e+18
62f2b5ab-3ebc-4eca-9b65-e763c3a26ea1,1.7773438531327096e+18
62f2b5ab-3ebc-4eca-9b65-e763c3a26ea1,1.7773438531660526e+18
62f2b5ab-3ebc-4eca-9b65-e763c3a26ea1,1.7773438531993946e+18
62f2b5ab-3ebc-4eca-9b65-e763c3a26ea1,1.7773438532327375e+18
62f2b5ab-3ebc-4eca-9b65-e763c3a26ea1,1.7773438532660805e+18
62f2b5ab-3ebc-4eca-9b65-e763c3a26ea1,1.7773438532994227e+18
62f2b5ab-3ebc-4eca-9b65-e763c3a26ea1,1.7773438533327657e+18
62f2b5ab-3ebc-4eca-9b65-e763c3a26ea1,1.7773438533661087e+18
62f2b5ab-3ebc-4eca-9b65-e763c3a26ea1,1.7773438533994506e+18
62f2b5ab-3ebc-4eca-9b65-e763c3a26ea1,1.7773438534327936e+18
62f2b5ab-3ebc-4eca-9b65-e763c3a26ea1,1.7773438534661366e+18
62f2b5ab-3ebc-4eca-9b65-e763c3a26ea1,1.7773438534994785e+18
62f2b5ab-3ebc-4eca-9b65-e763c3a26ea1,1.7773438535328215e+18
62f2b5ab-3ebc-4eca-9b65-e763c3a26ea1,1.7773438535661645e+18
62f2b5ab-3ebc-4eca-9b65-e763c3a26ea1,1.7773438535995067e+18
62f2b5ab-3ebc-4eca-9b65-e763c3a26ea1,1.7773438536328497e+18
62f2b5ab-3ebc-4eca-9b65-e763c3a26ea1,1.7773438536661916e+18
62f2b5ab-3ebc-4eca-9b65-e763c3a26ea1,1.7773438536995346e+18
62f2b5ab-3ebc-4eca-9b65-e763c3a26ea1,1.7773438537328776e+18
62f2b5ab-3ebc-4eca-9b65-e763c3a26ea1,1.7773438537662195e+18
62f2b5ab-3ebc-4eca-9b65-e763c3a26ea1,1.7773438537995625e+18
62f2b5ab-3ebc-4eca-9b65-e763c3a26ea1,1.7773438538329057e+18
62f2b5ab-3ebc-4eca-9b65-e763c3a26ea1,1.7773438538662477e+18
62f2b5ab-3ebc-4eca-9b65-e763c3a26ea1,1.7773438538995907e+18
62f2b5ab-3ebc-4eca-9b65-e763c3a26ea1,1.7773438539329336e+18
62f2b5ab-3ebc-4eca-9b65-e763c3a26ea1,1.7773438539662756e+18
62f2b5ab-3ebc-4eca-9b65-e763c3a26ea1,1.7773438539996186e+18
62f2b5ab-3ebc-4eca-9b65-e763c3a26ea1,1.7773438540329615e+18
62f2b5ab-3ebc-4eca-9b65-e763c3a26ea1,1.7773438540663035e+18
62f2b5ab-3ebc-4eca-9b65-e763c3a26ea1,1.7773438540996467e+18
62f2b5ab-3ebc-4eca-9b65-e763c3a26ea1,1.7773438541329897e+18
62f2b5ab-3ebc-4eca-9b65-e763c3a26ea1,1.7773438541663316e+18
62f2b5ab-3ebc-4eca-9b65-e763c3a26ea1,1.7773438541996746e+18
62f2b5ab-3ebc-4eca-9b65-e763c3a26ea1,1.7773438542330176e+18
62f2b5ab-3ebc-4eca-9b65-e763c3a26ea1,1.7773438542663596e+18
62f2b5ab-3ebc-4eca-9b65-e763c3a26ea1,1.7773438542997025e+18
62f2b5ab-3ebc-4eca-9b65-e763c3a26ea1,1.7773438543330455e+18
62f2b5ab-3ebc-4eca-9b65-e763c3a26ea1,1.7773438543663877e+18
62f2b5ab-3ebc-4eca-9b65-e763c3a26ea1,1.7773438543997307e+18
62f2b5ab-3ebc-4eca-9b65-e763c3a26ea1,1.7773438544330726e+18
62f2b5ab-3ebc-4eca-9b65-e763c3a26ea1,1.7773438544664156e+18
62f2b5ab-3ebc-4eca-9b65-e763c3a26ea1,1.7773438544997586e+18
62f2b5ab-3ebc-4eca-9b65-e763c3a26ea1,1.7773438545331005e+18
62f2b5ab-3ebc-4eca-9b65-e763c3a26ea1,1.7773438545664435e+18
62f2b5ab-3ebc-4eca-9b65-e763c3a26ea1,1.7773438545997865e+18
62f2b5ab-3ebc-4eca-9b65-e763c3a26ea1,1.7773438546331287e+18
62f2b5ab-3ebc-4eca-9b65-e763c3a26ea1,1.7773438546664717e+18
62f2b5ab-3ebc-4eca-9b65-e763c3a26ea1,1.7773438546998147e+18
62f2b5ab-3ebc-4eca-9b65-e763c3a26ea1,1.7773438547331566e+18
62f2b5ab-3ebc-4eca-9b65-e763c3a26ea1,1.7773438547664996e+18
62f2b5ab-3ebc-4eca-9b65-e763c3a26ea1,1.7773438547998426e+18
62f2b5ab-3ebc-4eca-9b65-e763c3a26ea1,1.7773438548331845e+18
62f2b5ab-3ebc-4eca-9b65-e763c3a26ea1,1.7773438548665275e+18
62f2b5ab-3ebc-4eca-9b65-e763c3a26ea1,1.7773438548998707e+18
62f2b5ab-3ebc-4eca-9b65-e763c3a26ea1,1.7773438549332127e+18
62f2b5ab-3ebc-4eca-9b65-e763c3a26ea1,1.7773438549665556e+18
62f2b5ab-3ebc-4eca-9b65-e763c3a26ea1,1.7773438549998986e+18
62f2b5ab-3ebc-4eca-9b65-e763c3a26ea1,1.7773438550332406e+18
62f2b5ab-3ebc-4eca-9b65-e763c3a26ea1,1.7773438550665836e+18
62f2b5ab-3ebc-4eca-9b65-e763c3a26ea1,1.7773438550999265e+18
62f2b5ab-3ebc-4eca-9b65-e763c3a26ea1,1.7773438551332685e+18
62f2b5ab-3ebc-4eca-9b65-e763c3a26ea1,1.7773438551666117e+18
62f2b5ab-3ebc-4eca-9b65-e763c3a26ea1,1.7773438551999547e+18
62f2b5ab-3ebc-4eca-9b65-e763c3a26ea1,1.7773438552332966e+18
62f2b5ab-3ebc-4eca-9b65-e763c3a26ea1,1.7773438552666396e+18
62f2b5ab-3ebc-4eca-9b65-e763c3a26ea1,1.7773438552999816e+18
62f2b5ab-3ebc-4eca-9b65-e763c3a26ea1,1.7773438553333245e+18
62f2b5ab-3ebc-4eca-9b65-e763c3a26ea1,1.7773438553666675e+18
62f2b5ab-3ebc-4eca-9b65-e763c3a26ea1,1.7773438554000097e+18
62f2b5ab-3ebc-4eca-9b65-e763c3a26ea1,1.7773438554333527e+18
62f2b5ab-3ebc-4eca-9b65-e763c3a26ea1,1.7773438554666957e+18
62f2b5ab-3ebc-4eca-9b65-e763c3a26ea1,1.7773438555000376e+18
62f2b5ab-3ebc-4eca-9b65-e763c3a26ea1,1.7773438555333806e+18
62f2b5ab-3ebc-4eca-9b65-e763c3a26ea1,1.7773438555667236e+18
62f2b5ab-3ebc-4eca-9b65-e763c3a26ea1,1.7773438556000655e+18
62f2b5ab-3ebc-4eca-9b65-e763c3a26ea1,1.7773438556334085e+18
62f2b5ab-3ebc-4eca-9b65-e763c3a26ea1,1.7773438556667515e+18
62f2b5ab-3ebc-4eca-9b65-e763c3a26ea1,1.7773438557000937e+18
62f2b5ab-3ebc-4eca-9b65-e763c3a26ea1,1.7773438557334367e+18
62f2b5ab-3ebc-4eca-9b65-e763c3a26ea1,1.7773438557667796e+18
62f2b5ab-3ebc-4eca-9b65-e763c3a26ea1,1.7773438558001216e+18
62f2b5ab-3ebc-4eca-9b65-e763c3a26ea1,1.7773438558334646e+18
62f2b5ab-3ebc-4eca-9b65-e763c3a26ea1,1.7773438558668076e+18
62f2b5ab-3ebc-4eca-9b65-e763c3a26ea1,1.7773438559001495e+18
62f2b5ab-3ebc-4eca-9b65-e763c3a26ea1,1.7773438559334925e+18
62f2b5ab-3ebc-4eca-9b65-e763c3a26ea1,1.7773438559668357e+18
62f2b5ab-3ebc-4eca-9b65-e763c3a26ea1,1.7773438560001777e+18
62f2b5ab-3ebc-4eca-9b65-e763c3a26ea1,1.7773438560335206e+18
62f2b5ab-3ebc-4eca-9b65-e763c3a26ea1,1.7773438560668626e+18
62f2b5ab-3ebc-4eca-9b65-e763c3a26ea1,1.7773438561002056e+18
62f2b5ab-3ebc-4eca-9b65-e763c3a26ea1,1.7773438561335485e+18
62f2b5ab-3ebc-4eca-9b65-e763c3a26ea1,1.7773438561668915e+18
62f2b5ab-3ebc-4eca-9b65-e763c3a26ea1,1.7773438562002337e+18
62f2b5ab-3ebc-4eca-9b65-e763c3a26ea1,1.7773438562335767e+18
62f2b5ab-3ebc-4eca-9b65-e763c3a26ea1,1.7773438562669187e+18
62f2b5ab-3ebc-4eca-9b65-e763c3a26ea1,1.7773438563002616e+18
62f2b5ab-3ebc-4eca-9b65-e763c3a26ea1,1.7773438563336046e+18
62f2b5ab-3ebc-4eca-9b65-e763c3a26ea1,1.7773438563669466e+18
62f2b5ab-3ebc-4eca-9b65-e763c3a26ea1,1.7773438564002895e+18
62f2b5ab-3ebc-4eca-9b65-e763c3a26ea1,1.7773438564336325e+18
62f2b5ab-3ebc-4eca-9b65-e763c3a26ea1,1.7773438564669747e+18
62f2b5ab-3ebc-4eca-9b65-e763c3a26ea1,1.7773438565003177e+18
62f2b5ab-3ebc-4eca-9b65-e763c3a26ea1,1.7773438565336607e+18
62f2b5ab-3ebc-4eca-9b65-e763c3a26ea1,1.7773438565670026e+18
62f2b5ab-3ebc-4eca-9b65-e763c3a26ea1,1.7773438566003456e+18
62f2b5ab-3ebc-4eca-9b65-e763c3a26ea1,1.7773438566336886e+18
62f2b5ab-3ebc-4eca-9b65-e763c3a26ea1,1.7773438566670305e+18
62f2b5ab-3ebc-4eca-9b65-e763c3a26ea1,1.7773438567003735e+18
62f2b5ab-3ebc-4eca-9b65-e763c3a26ea1,1.7773438567337165e+18
62f2b5ab-3ebc-4eca-9b65-e763c3a26ea1,1.7773438567670587e+18
62f2b5ab-3ebc-4eca-9b65-e763c3a26ea1,1.7773438568004017e+18
62f2b5ab-3ebc-4eca-9b65-e763c3a26ea1,1.7773438568337446e+18
62f2b5ab-3ebc-4eca-9b65-e763c3a26ea1,1.7773438568670866e+18
62f2b5ab-3ebc-4eca-9b65-e763c3a26ea1,1.7773438569004296e+18
62f2b5ab-3ebc-4eca-9b65-e763c3a26ea1,1.7773438569337715e+18
62f2b5ab-3ebc-4eca-9b65-e763c3a26ea1,1.7773438569671145e+18
62f2b5ab-3ebc-4eca-9b65-e763c3a26ea1,1.7773438570004577e+18
62f2b5ab-3ebc-4eca-9b65-e763c3a26ea1,1.7773438570337997e+18
62f2b5ab-3ebc-4eca-9b65-e763c3a26ea1,1.7773438570671427e+18
62f2b5ab-3ebc-4eca-9b65-e763c3a26ea1,1.7773438571004856e+18
62f2b5ab-3ebc-4eca-9b65-e763c3a26ea1,1.7773438571338276e+18
62f2b5ab-3ebc-4eca-9b65-e763c3a26ea1,1.7773438571671706e+18
62f2b5ab-3ebc-4eca-9b65-e763c3a26ea1,1.7773438572005135e+18
62f2b5ab-3ebc-4eca-9b65-e763c3a26ea1,1.7773438572338555e+18
62f2b5ab-3ebc-4eca-9b65-e763c3a26ea1,1.7773438572671987e+18
62f2b5ab-3ebc-4eca-9b65-e763c3a26ea1,1.7773438573005417e+18
62f2b5ab-3ebc-4eca-9b65-e763c3a26ea1,1.7773438573338836e+18
62f2b5ab-3ebc-4eca-9b65-e763c3a26ea1,1.7773438573672266e+18
62f2b5ab-3ebc-4eca-9b65-e763c3a26ea1,1.7773438574005696e+18
62f2b5ab-3ebc-4eca-9b65-e763c3a26ea1,1.7773438574339116e+18
62f2b5ab-3ebc-4eca-9b65-e763c3a26ea1,1.7773438574672545e+18
62f2b5ab-3ebc-4eca-9b65-e763c3a26ea1,1.7773438575005975e+18
62f2b5ab-3ebc-4eca-9b65-e763c3a26ea1,1.7773438575339397e+18
62f2b5ab-3ebc-4eca-9b65-e763c3a26ea1,1.7773438575672827e+18
62f2b5ab-3ebc-4eca-9b65-e763c3a26ea1,1.7773438576006257e+18
62f2b5ab-3ebc-4eca-9b65-e763c3a26ea1,1.7773438576339676e+18
62f2b5ab-3ebc-4eca-9b65-e763c3a26ea1,1.7773438576673106e+18
62f2b5ab-3ebc-4eca-9b65-e763c3a26ea1,1.7773438577006536e+18
62f2b5ab-3ebc-4eca-9b65-e763c3a26ea1,1.7773438577339955e+18
62f2b5ab-3ebc-4eca-9b65-e763c3a26ea1,1.7773438577673385e+18
62f2b5ab-3ebc-4eca-9b65-e763c3a26ea1,1.7773438578006807e+18
62f2b5ab-3ebc-4eca-9b65-e763c3a26ea1,1.7773438578340237e+18
62f2b5ab-3ebc-4eca-9b65-e763c3a26ea1,1.7773438578673667e+18
62f2b5ab-3ebc-4eca-9b65-e763c3a26ea1,1.7773438579007086e+18
62f2b5ab-3ebc-4eca-9b65-e763c3a26ea1,1.7773438579340516e+18
62f2b5ab-3ebc-4eca-9b65-e763c3a26ea1,1.7773438579673946e+18
62f2b5ab-3ebc-4eca-9b65-e763c3a26ea1,1.7773438580007365e+18
62f2b5ab-3ebc-4eca-9b65-e763c3a26ea1,1.7773438580340795e+18
62f2b5ab-3ebc-4eca-9b65-e763c3a26ea1,1.7773438580674227e+18
62f2b5ab-3ebc-4eca-9b65-e763c3a26ea1,1.7773438581007647e+18
62f2b5ab-3ebc-4eca-9b65-e763c3a26ea1,1.7773438581341076e+18
62f2b5ab-3ebc-4eca-9b65-e763c3a26ea1,1.7773438581674506e+18
62f2b5ab-3ebc-4eca-9b65-e763c3a26ea1,1.7773438582007926e+18
62f2b5ab-3ebc-4eca-9b65-e763c3a26ea1,1.7773438582341356e+18
62f2b5ab-3ebc-4eca-9b65-e763c3a26ea1,1.7773438582674785e+18
62f2b5ab-3ebc-4eca-9b65-e763c3a26ea1,1.7773438583008205e+18
62f2b5ab-3ebc-4eca-9b65-e763c3a26ea1,1.7773438583341637e+18
62f2b5ab-3ebc-4eca-9b65-e763c3a26ea1,1.7773438583675067e+18
62f2b5ab-3ebc-4eca-9b65-e763c3a26ea1,1.7773438584008486e+18
62f2b5ab-3ebc-4eca-9b65-e763c3a26ea1,1.7773438584341916e+18
62f2b5ab-3ebc-4eca-9b65-e763c3a26ea1,1.7773438584675346e+18
62f2b5ab-3ebc-4eca-9b65-e763c3a26ea1,1.7773438585008765e+18
62f2b5ab-3ebc-4eca-9b65-e763c3a26ea1,1.7773438585342195e+18
62f2b5ab-3ebc-4eca-9b65-e763c3a26ea1,1.7773438585675617e+18
62f2b5ab-3ebc-4eca-9b65-e763c3a26ea1,1.7773438586009047e+18
62f2b5ab-3ebc-4eca-9b65-e763c3a26ea1,1.7773438586342477e+18
62f2b5ab-3ebc-4eca-9b65-e763c3a26ea1,1.7773438586675896e+18
62f2b5ab-3ebc-4eca-9b65-e763c3a26ea1,1.7773438587009326e+18
62f2b5ab-3ebc-4eca-9b65-e763c3a26ea1,1.7773438587342756e+18
62f2b5ab-3ebc-4eca-9b65-e763c3a26ea1,1.7773438587676175e+18
62f2b5ab-3ebc-4eca-9b65-e763c3a26ea1,1.7773438588009605e+18
62f2b5ab-3ebc-4eca-9b65-e763c3a26ea1,1.7773438588343035e+18
62f2b5ab-3ebc-4eca-9b65-e763c3a26ea1,1.7773438588676457e+18
62f2b5ab-3ebc-4eca-9b65-e763c3a26ea1,1.7773438589009887e+18
62f2b5ab-3ebc-4eca-9b65-e763c3a26ea1,1.7773438589343316e+18
62f2b5ab-3ebc-4eca-9b65-e763c3a26ea1,1.7773438589676736e+18
62f2b5ab-3ebc-4eca-9b65-e763c3a26ea1,1.7773438590010166e+18
62f2b5ab-3ebc-4eca-9b65-e763c3a26ea1,1.7773438590343596e+18
62f2b5ab-3ebc-4eca-9b65-e763c3a26ea1,1.7773438590677015e+18
62f2b5ab-3ebc-4eca-9b65-e763c3a26ea1,1.7773438591010445e+18
62f2b5ab-3ebc-4eca-9b65-e763c3a26ea1,1.7773438591343877e+18
62f2b5ab-3ebc-4eca-9b65-e763c3a26ea1,1.7773438591677297e+18
62f2b5ab-3ebc-4eca-9b65-e763c3a26ea1,1.7773438592010726e+18
62f2b5ab-3ebc-4eca-9b65-e763c3a26ea1,1.7773438592344156e+18
62f2b5ab-3ebc-4eca-9b65-e763c3a26ea1,1.7773438592677576e+18
62f2b5ab-3ebc-4eca-9b65-e763c3a26ea1,1.7773438593011005e+18
62f2b5ab-3ebc-4eca-9b65-e763c3a26ea1,1.7773438593344435e+18
62f2b5ab-3ebc-4eca-9b65-e763c3a26ea1,1.7773438593677857e+18
62f2b5ab-3ebc-4eca-9b65-e763c3a26ea1,1.7773438594011287e+18
62f2b5ab-3ebc-4eca-9b65-e763c3a26ea1,1.7773438594344707e+18
62f2b5ab-3ebc-4eca-9b65-e763c3a26ea1,1.7773438594678136e+18
62f2b5ab-3ebc-4eca-9b65-e763c3a26ea1,1.7773438595011566e+18
62f2b5ab-3ebc-4eca-9b65-e763c3a26ea1,1.7773438595344986e+18
62f2b5ab-3ebc-4eca-9b65-e763c3a26ea1,1.7773438595678415e+18
62f2b5ab-3ebc-4eca-9b65-e763c3a26ea1,1.7773438596011845e+18
62f2b5ab-3ebc-4eca-9b65-e763c3a26ea1,1.7773438596345267e+18
62f2b5ab-3ebc-4eca-9b65-e763c3a26ea1,1.7773438596678697e+18
62f2b5ab-3ebc-4eca-9b65-e763c3a26ea1,1.7773438597012127e+18
62f2b5ab-3ebc-4eca-9b65-e763c3a26ea1,1.7773438597345546e+18
62f2b5ab-3ebc-4eca-9b65-e763c3a26ea1,1.7773438597678976e+18
62f2b5ab-3ebc-4eca-9b65-e763c3a26ea1,1.7773438598012406e+18
62f2b5ab-3ebc-4eca-9b65-e763c3a26ea1,1.7773438598345825e+18
62f2b5ab-3ebc-4eca-9b65-e763c3a26ea1,1.7773438598679255e+18
62f2b5ab-3ebc-4eca-9b65-e763c3a26ea1,1.7773438599012685e+18
62f2b5ab-3ebc-4eca-9b65-e763c3a26ea1,1.7773438599346107e+18
62f2b5ab-3ebc-4eca-9b65-e763c3a26ea1,1.7773438599679537e+18
62f2b5ab-3ebc-4eca-9b65-e763c3a26ea1,1.7773438600012966e+18
62f2b5ab-3ebc-4eca-9b65-e763c3a26ea1,1.7773438600346386e+18
62f2b5ab-3ebc-4eca-9b65-e763c3a26ea1,1.7773438600679816e+18
62f2b5ab-3ebc-4eca-9b65-e763c3a26ea1,1.7773438601013245e+18
62f2b5ab-3ebc-4eca-9b65-e763c3a26ea1,1.7773438601346665e+18
62f2b5ab-3ebc-4eca-9b65-e763c3a26ea1,1.7773438601680097e+18
62f2b5ab-3ebc-4eca-9b65-e763c3a26ea1,1.7773438602013517e+18
62f2b5ab-3ebc-4eca-9b65-e763c3a26ea1,1.7773438602346947e+18
62f2b5ab-3ebc-4eca-9b65-e763c3a26ea1,1.7773438602680376e+18
62f2b5ab-3ebc-4eca-9b65-e763c3a26ea1,1.7773438603013796e+18
62f2b5ab-3ebc-4eca-9b65-e763c3a26ea1,1.7773438603347226e+18
62f2b5ab-3ebc-4eca-9b65-e763c3a26ea1,1.7773438603680655e+18
62f2b5ab-3ebc-4eca-9b65-e763c3a26ea1,1.7773438604014075e+18
62f2b5ab-3ebc-4eca-9b65-e763c3a26ea1,1.7773438604347507e+18
62f2b5ab-3ebc-4eca-9b65-e763c3a26ea1,1.7773438604680937e+18
62f2b5ab-3ebc-4eca-9b65-e763c3a26ea1,1.7773438605014356e+18
62f2b5ab-3ebc-4eca-9b65-e763c3a26ea1,1.7773438605347786e+18
62f2b5ab-3ebc-4eca-9b65-e763c3a26ea1,1.7773438605681216e+18
62f2b5ab-3ebc-4eca-9b65-e763c3a26ea1,1.7773438606014636e+18
62f2b5ab-3ebc-4eca-9b65-e763c3a26ea1,1.7773438606348065e+18
62f2b5ab-3ebc-4eca-9b65-e763c3a26ea1,1.7773438606681495e+18
62f2b5ab-3ebc-4eca-9b65-e763c3a26ea1,1.7773438607014917e+18
62f2b5ab-3ebc-4eca-9b65-e763c3a26ea1,1.7773438607348347e+18
62f2b5ab-3ebc-4eca-9b65-e763c3a26ea1,1.7773438607681777e+18
62f2b5ab-3ebc-4eca-9b65-e763c3a26ea1,1.7773438608015196e+18
62f2b5ab-3ebc-4eca-9b65-e763c3a26ea1,1.7773438608348626e+18
62f2b5ab-3ebc-4eca-9b65-e763c3a26ea1,1.7773438608682056e+18
62f2b5ab-3ebc-4eca-9b65-e763c3a26ea1,1.7773438609015475e+18
62f2b5ab-3ebc-4eca-9b65-e763c3a26ea1,1.7773438609348905e+18
62f2b5ab-3ebc-4eca-9b65-e763c3a26ea1,1.7773438609682337e+18
62f2b5ab-3ebc-4eca-9b65-e763c3a26ea1,1.7773438610015757e+18
62f2b5ab-3ebc-4eca-9b65-e763c3a26ea1,1.7773438610349187e+18
62f2b5ab-3ebc-4eca-9b65-e763c3a26ea1,1.7773438610682606e+18
62f2b5ab-3ebc-4eca-9b65-e763c3a26ea1,1.7773438611016036e+18
62f2b5ab-3ebc-4eca-9b65-e763c3a26ea1,1.7773438611349466e+18
62f2b5ab-3ebc-4eca-9b65-e763c3a26ea1,1.7773438611682885e+18
62f2b5ab-3ebc-4eca-9b65-e763c3a26ea1,1.7773438612016315e+18
62f2b5ab-3ebc-4eca-9b65-e763c3a26ea1,1.7773438612349747e+18
62f2b5ab-3ebc-4eca-9b65-e763c3a26ea1,1.7773438612683167e+18
62f2b5ab-3ebc-4eca-9b65-e763c3a26ea1,1.7773438613016596e+18
62f2b5ab-3ebc-4eca-9b65-e763c3a26ea1,1.7773438613350026e+18
62f2b5ab-3ebc-4eca-9b65-e763c3a26ea1,1.7773438613683446e+18
62f2b5ab-3ebc-4eca-9b65-e763c3a26ea1,1.7773438614016876e+18
62f2b5ab-3ebc-4eca-9b65-e763c3a26ea1,1.7773438614350305e+18
62f2b5ab-3ebc-4eca-9b65-e763c3a26ea1,1.7773438614683725e+18
62f2b5ab-3ebc-4eca-9b65-e763c3a26ea1,1.7773438615017157e+18
62f2b5ab-3ebc-4eca-9b65-e763c3a26ea1,1.7773438615350587e+18
62f2b5ab-3ebc-4eca-9b65-e763c3a26ea1,1.7773438615684006e+18
62f2b5ab-3ebc-4eca-9b65-e763c3a26ea1,1.7773438616017436e+18
62f2b5ab-3ebc-4eca-9b65-e763c3a26ea1,1.7773438616350866e+18
62f2b5ab-3ebc-4eca-9b65-e763c3a26ea1,1.7773438616684285e+18
62f2b5ab-3ebc-4eca-9b65-e763c3a26ea1,1.7773438617017715e+18
62f2b5ab-3ebc-4eca-9b65-e763c3a26ea1,1.7773438617351145e+18
62f2b5ab-3ebc-4eca-9b65-e763c3a26ea1,1.7773438617684567e+18
62f2b5ab-3ebc-4eca-9b65-e763c3a26ea1,1.7773438618017997e+18
62f2b5ab-3ebc-4eca-9b65-e763c3a26ea1,1.7773438618351427e+18
62f2b5ab-3ebc-4eca-9b65-e763c3a26ea1,1.7773438618684846e+18
62f2b5ab-3ebc-4eca-9b65-e763c3a26ea1,1.7773438619018276e+18
62f2b5ab-3ebc-4eca-9b65-e763c3a26ea1,1.7773438619351695e+18
62f2b5ab-3ebc-4eca-9b65-e763c3a26ea1,1.7773438619685125e+18
62f2b5ab-3ebc-4eca-9b65-e763c3a26ea1,1.7773438620018555e+18
62f2b5ab-3ebc-4eca-9b65-e763c3a26ea1,1.7773438620351977e+18
62f2b5ab-3ebc-4eca-9b65-e763c3a26ea1,1.7773438620685407e+18
62f2b5ab-3ebc-4eca-9b65-e763c3a26ea1,1.7773438621018836e+18
62f2b5ab-3ebc-4eca-9b65-e763c3a26ea1,1.7773438621352256e+18
62f2b5ab-3ebc-4eca-9b65-e763c3a26ea1,1.7773438621685686e+18
62f2b5ab-3ebc-4eca-9b65-e763c3a26ea1,1.7773438622019116e+18
62f2b5ab-3ebc-4eca-9b65-e763c3a26ea1,1.7773438622352535e+18
62f2b5ab-3ebc-4eca-9b65-e763c3a26ea1,1.7773438622685965e+18
62f2b5ab-3ebc-4eca-9b65-e763c3a26ea1,1.7773438623019397e+18
62f2b5ab-3ebc-4eca-9b65-e763c3a26ea1,1.7773438623352817e+18
62f2b5ab-3ebc-4eca-9b65-e763c3a26ea1,1.7773438623686246e+18
62f2b5ab-3ebc-4eca-9b65-e763c3a26ea1,1.7773438624019676e+18
62f2b5ab-3ebc-4eca-9b65-e763c3a26ea1,1.7773438624353096e+18
62f2b5ab-3ebc-4eca-9b65-e763c3a26ea1,1.7773438624686525e+18
62f2b5ab-3ebc-4eca-9b65-e763c3a26ea1,1.7773438625019955e+18
62f2b5ab-3ebc-4eca-9b65-e763c3a26ea1,1.7773438625353377e+18
62f2b5ab-3ebc-4eca-9b65-e763c3a26ea1,1.7773438625686807e+18
62f2b5ab-3ebc-4eca-9b65-e763c3a26ea1,1.7773438626020237e+18
62f2b5ab-3ebc-4eca-9b65-e763c3a26ea1,1.7773438626353656e+18
62f2b5ab-3ebc-4eca-9b65-e763c3a26ea1,1.7773438626687086e+18
62f2b5ab-3ebc-4eca-9b65-e763c3a26ea1,1.7773438627020506e+18
62f2b5ab-3ebc-4eca-9b65-e763c3a26ea1,1.7773438627353935e+18
62f2b5ab-3ebc-4eca-9b65-e763c3a26ea1,1.7773438627687365e+18
62f2b5ab-3ebc-4eca-9b65-e763c3a26ea1,1.7773438628020787e+18
62f2b5ab-3ebc-4eca-9b65-e763c3a26ea1,1.7773438628354217e+18
62f2b5ab-3ebc-4eca-9b65-e763c3a26ea1,1.7773438628687647e+18
62f2b5ab-3ebc-4eca-9b65-e763c3a26ea1,1.7773438629021066e+18
62f2b5ab-3ebc-4eca-9b65-e763c3a26ea1,1.7773438629354496e+18
62f2b5ab-3ebc-4eca-9b65-e763c3a26ea1,1.7773438629687926e+18
62f2b5ab-3ebc-4eca-9b65-e763c3a26ea1,1.7773438630021345e+18
62f2b5ab-3ebc-4eca-9b65-e763c3a26ea1,1.7773438630354775e+18
62f2b5ab-3ebc-4eca-9b65-e763c3a26ea1,1.7773438630688205e+18
62f2b5ab-3ebc-4eca-9b65-e763c3a26ea1,1.7773438631021627e+18
62f2b5ab-3ebc-4eca-9b65-e763c3a26ea1,1.7773438631355057e+18
62f2b5ab-3ebc-4eca-9b65-e763c3a26ea1,1.7773438631688486e+18
62f2b5ab-3ebc-4eca-9b65-e763c3a26ea1,1.7773438632021906e+18
62f2b5ab-3ebc-4eca-9b65-e763c3a26ea1,1.7773438632355336e+18
62f2b5ab-3ebc-4eca-9b65-e763c3a26ea1,1.7773438632688765e+18
62f2b5ab-3ebc-4eca-9b65-e763c3a26ea1,1.7773438633022185e+18
62f2b5ab-3ebc-4eca-9b65-e763c3a26ea1,1.7773438633355617e+18
62f2b5ab-3ebc-4eca-9b65-e763c3a26ea1,1.7773438633689047e+18
62f2b5ab-3ebc-4eca-9b65-e763c3a26ea1,1.7773438634022467e+18
62f2b5ab-3ebc-4eca-9b65-e763c3a26ea1,1.7773438634355896e+18
62f2b5ab-3ebc-4eca-9b65-e763c3a26ea1,1.7773438634689326e+18
62f2b5ab-3ebc-4eca-9b65-e763c3a26ea1,1.7773438635022746e+18
62f2b5ab-3ebc-4eca-9b65-e763c3a26ea1,1.7773438635356175e+18
62f2b5ab-3ebc-4eca-9b65-e763c3a26ea1,1.7773438635689595e+18
62f2b5ab-3ebc-4eca-9b65-e763c3a26ea1,1.7773438636023027e+18
62f2b5ab-3ebc-4eca-9b65-e763c3a26ea1,1.7773438636356457e+18
62f2b5ab-3ebc-4eca-9b65-e763c3a26ea1,1.7773438636689876e+18
62f2b5ab-3ebc-4eca-9b65-e763c3a26ea1,1.7773438637023306e+18
62f2b5ab-3ebc-4eca-9b65-e763c3a26ea1,1.7773438637356736e+18
62f2b5ab-3ebc-4eca-9b65-e763c3a26ea1,1.7773438637690156e+18
62f2b5ab-3ebc-4eca-9b65-e763c3a26ea1,1.7773438638023585e+18
62f2b5ab-3ebc-4eca-9b65-e763c3a26ea1,1.7773438638357015e+18
62f2b5ab-3ebc-4eca-9b65-e763c3a26ea1,1.7773438638690437e+18
62f2b5ab-3ebc-4eca-9b65-e763c3a26ea1,1.7773438639023867e+18
62f2b5ab-3ebc-4eca-9b65-e763c3a26ea1,1.7773438639357297e+18
62f2b5ab-3ebc-4eca-9b65-e763c3a26ea1,1.7773438639690716e+18
62f2b5ab-3ebc-4eca-9b65-e763c3a26ea1,1.7773438640024146e+18
62f2b5ab-3ebc-4eca-9b65-e763c3a26ea1,1.7773438640357576e+18
62f2b5ab-3ebc-4eca-9b65-e763c3a26ea1,1.7773438640690995e+18
62f2b5ab-3ebc-4eca-9b65-e763c3a26ea1,1.7773438641024425e+18
62f2b5ab-3ebc-4eca-9b65-e763c3a26ea1,1.7773438641357857e+18
62f2b5ab-3ebc-4eca-9b65-e763c3a26ea1,1.7773438641691277e+18
62f2b5ab-3ebc-4eca-9b65-e763c3a26ea1,1.7773438642024707e+18
62f2b5ab-3ebc-4eca-9b65-e763c3a26ea1,1.7773438642358136e+18
62f2b5ab-3ebc-4eca-9b65-e763c3a26ea1,1.7773438642691556e+18
62f2b5ab-3ebc-4eca-9b65-e763c3a26ea1,1.7773438643024986e+18
62f2b5ab-3ebc-4eca-9b65-e763c3a26ea1,1.7773438643358405e+18
62f2b5ab-3ebc-4eca-9b65-e763c3a26ea1,1.7773438643691835e+18
62f2b5ab-3ebc-4eca-9b65-e763c3a26ea1,1.7773438644025267e+18
62f2b5ab-3ebc-4eca-9b65-e763c3a26ea1,1.7773438644358687e+18
62f2b5ab-3ebc-4eca-9b65-e763c3a26ea1,1.7773438644692116e+18
62f2b5ab-3ebc-4eca-9b65-e763c3a26ea1,1.7773438645025546e+18
62f2b5ab-3ebc-4eca-9b65-e763c3a26ea1,1.7773438645358966e+18
62f2b5ab-3ebc-4eca-9b65-e763c3a26ea1,1.7773438645692396e+18
62f2b5ab-3ebc-4eca-9b65-e763c3a26ea1,1.7773438646025825e+18
62f2b5ab-3ebc-4eca-9b65-e763c3a26ea1,1.7773438646359245e+18
62f2b5ab-3ebc-4eca-9b65-e763c3a26ea1,1.7773438646692677e+18
62f2b5ab-3ebc-4eca-9b65-e763c3a26ea1,1.7773438647026107e+18
62f2b5ab-3ebc-4eca-9b65-e763c3a26ea1,1.7773438647359526e+18
62f2b5ab-3ebc-4eca-9b65-e763c3a26ea1,1.7773438647692956e+18
62f2b5ab-3ebc-4eca-9b65-e763c3a26ea1,1.7773438648026386e+18
62f2b5ab-3ebc-4eca-9b65-e763c3a26ea1,1.7773438648359805e+18
62f2b5ab-3ebc-4eca-9b65-e763c3a26ea1,1.7773438648693235e+18
62f2b5ab-3ebc-4eca-9b65-e763c3a26ea1,1.7773438649026665e+18
62f2b5ab-3ebc-4eca-9b65-e763c3a26ea1,1.7773438649360087e+18
62f2b5ab-3ebc-4eca-9b65-e763c3a26ea1,1.7773438649693517e+18
62f2b5ab-3ebc-4eca-9b65-e763c3a26ea1,1.7773438650026947e+18
62f2b5ab-3ebc-4eca-9b65-e763c3a26ea1,1.7773438650360366e+18
62f2b5ab-3ebc-4eca-9b65-e763c3a26ea1,1.7773438650693796e+18
62f2b5ab-3ebc-4eca-9b65-e763c3a26ea1,1.7773438651027226e+18
62f2b5ab-3ebc-4eca-9b65-e763c3a26ea1,1.7773438651360645e+18
62f2b5ab-3ebc-4eca-9b65-e763c3a26ea1,1.7773438651694075e+18
62f2b5ab-3ebc-4eca-9b65-e763c3a26ea1,1.7773438652027497e+18
62f2b5ab-3ebc-4eca-9b65-e763c3a26ea1,1.7773438652360927e+18
62f2b5ab-3ebc-4eca-9b65-e763c3a26ea1,1.7773438652694356e+18
62f2b5ab-3ebc-4eca-9b65-e763c3a26ea1,1.7773438653027776e+18
62f2b5ab-3ebc-4eca-9b65-e763c3a26ea1,1.7773438653361206e+18
62f2b5ab-3ebc-4eca-9b65-e763c3a26ea1,1.7773438653694636e+18
62f2b5ab-3ebc-4eca-9b65-e763c3a26ea1,1.7773438654028055e+18
62f2b5ab-3ebc-4eca-9b65-e763c3a26ea1,1.7773438654361485e+18
62f2b5ab-3ebc-4eca-9b65-e763c3a26ea1,1.7773438654694917e+18
62f2b5ab-3ebc-4eca-9b65-e763c3a26ea1,1.7773438655028337e+18
62f2b5ab-3ebc-4eca-9b65-e763c3a26ea1,1.7773438655361766e+18
62f2b5ab-3ebc-4eca-9b65-e763c3a26ea1,1.7773438655695196e+18
62f2b5ab-3ebc-4eca-9b65-e763c3a26ea1,1.7773438656028616e+18
62f2b5ab-3ebc-4eca-9b65-e763c3a26ea1,1.7773438656362045e+18
62f2b5ab-3ebc-4eca-9b65-e763c3a26ea1,1.7773438656695475e+18
62f2b5ab-3ebc-4eca-9b65-e763c3a26ea1,1.7773438657028897e+18
62f2b5ab-3ebc-4eca-9b65-e763c3a26ea1,1.7773438657362327e+18
62f2b5ab-3ebc-4eca-9b65-e763c3a26ea1,1.7773438657695757e+18
62f2b5ab-3ebc-4eca-9b65-e763c3a26ea1,1.7773438658029176e+18
62f2b5ab-3ebc-4eca-9b65-e763c3a26ea1,1.7773438658362606e+18
62f2b5ab-3ebc-4eca-9b65-e763c3a26ea1,1.7773438658696036e+18
62f2b5ab-3ebc-4eca-9b65-e763c3a26ea1,1.7773438659029455e+18
62f2b5ab-3ebc-4eca-9b65-e763c3a26ea1,1.7773438659362885e+18
62f2b5ab-3ebc-4eca-9b65-e763c3a26ea1,1.7773438659696315e+18
62f2b5ab-3ebc-4eca-9b65-e763c3a26ea1,1.7773438660029737e+18
62f2b5ab-3ebc-4eca-9b65-e763c3a26ea1,1.7773438660363167e+18
62f2b5ab-3ebc-4eca-9b65-e763c3a26ea1,1.7773438660696586e+18
62f2b5ab-3ebc-4eca-9b65-e763c3a26ea1,1.7773438661030016e+18
62f2b5ab-3ebc-4eca-9b65-e763c3a26ea1,1.7773438661363446e+18
62f2b5ab-3ebc-4eca-9b65-e763c3a26ea1,1.7773438661696865e+18
62f2b5ab-3ebc-4eca-9b65-e763c3a26ea1,1.7773438662030295e+18
62f2b5ab-3ebc-4eca-9b65-e763c3a26ea1,1.7773438662363725e+18
62f2b5ab-3ebc-4eca-9b65-e763c3a26ea1,1.7773438662697147e+18
62f2b5ab-3ebc-4eca-9b65-e763c3a26ea1,1.7773438663030577e+18
62f2b5ab-3ebc-4eca-9b65-e763c3a26ea1,1.7773438663364006e+18
62f2b5ab-3ebc-4eca-9b65-e763c3a26ea1,1.7773438663697426e+18
62f2b5ab-3ebc-4eca-9b65-e763c3a26ea1,1.7773438664030856e+18
62f2b5ab-3ebc-4eca-9b65-e763c3a26ea1,1.7773438664364285e+18
62f2b5ab-3ebc-4eca-9b65-e763c3a26ea1,1.7773438664697705e+18
62f2b5ab-3ebc-4eca-9b65-e763c3a26ea1,1.7773438665031137e+18
62f2b5ab-3ebc-4eca-9b65-e763c3a26ea1,1.7773438665364567e+18
62f2b5ab-3ebc-4eca-9b65-e763c3a26ea1,1.7773438665697987e+18
62f2b5ab-3ebc-4eca-9b65-e763c3a26ea1,1.7773438666031416e+18
62f2b5ab-3ebc-4eca-9b65-e763c3a26ea1,1.7773438666364846e+18
62f2b5ab-3ebc-4eca-9b65-e763c3a26ea1,1.7773438666698266e+18
62f2b5ab-3ebc-4eca-9b65-e763c3a26ea1,1.7773438667031695e+18
62f2b5ab-3ebc-4eca-9b65-e763c3a26ea1,1.7773438667365125e+18
62f2b5ab-3ebc-4eca-9b65-e763c3a26ea1,1.7773438667698547e+18
62f2b5ab-3ebc-4eca-9b65-e763c3a26ea1,1.7773438668031977e+18
62f2b5ab-3ebc-4eca-9b65-e763c3a26ea1,1.7773438668365407e+18
62f2b5ab-3ebc-4eca-9b65-e763c3a26ea1,1.7773438668698826e+18
62f2b5ab-3ebc-4eca-9b65-e763c3a26ea1,1.7773438669032256e+18
62f2b5ab-3ebc-4eca-9b65-e763c3a26ea1,1.7773438669365676e+18
62f2b5ab-3ebc-4eca-9b65-e763c3a26ea1,1.7773438669699105e+18
62f2b5ab-3ebc-4eca-9b65-e763c3a26ea1,1.7773438670032535e+18
62f2b5ab-3ebc-4eca-9b65-e763c3a26ea1,1.7773438670365957e+18
62f2b5ab-3ebc-4eca-9b65-e763c3a26ea1,1.7773438670699387e+18
62f2b5ab-3ebc-4eca-9b65-e763c3a26ea1,1.7773438671032817e+18
62f2b5ab-3ebc-4eca-9b65-e763c3a26ea1,1.7773438671366236e+18
62f2b5ab-3ebc-4eca-9b65-e763c3a26ea1,1.7773438671699666e+18
62f2b5ab-3ebc-4eca-9b65-e763c3a26ea1,1.7773438672033096e+18
62f2b5ab-3ebc-4eca-9b65-e763c3a26ea1,1.7773438672366515e+18
62f2b5ab-3ebc-4eca-9b65-e763c3a26ea1,1.7773438672699945e+18
62f2b5ab-3ebc-4eca-9b65-e763c3a26ea1,1.7773438673033377e+18
62f2b5ab-3ebc-4eca-9b65-e763c3a26ea1,1.7773438673366797e+18
62f2b5ab-3ebc-4eca-9b65-e763c3a26ea1,1.7773438673700227e+18
62f2b5ab-3ebc-4eca-9b65-e763c3a26ea1,1.7773438674033656e+18
62f2b5ab-3ebc-4eca-9b65-e763c3a26ea1,1.7773438674367076e+18
62f2b5ab-3ebc-4eca-9b65-e763c3a26ea1,1.7773438674700506e+18
62f2b5ab-3ebc-4eca-9b65-e763c3a26ea1,1.7773438675033935e+18
62f2b5ab-3ebc-4eca-9b65-e763c3a26ea1,1.7773438675367355e+18
62f2b5ab-3ebc-4eca-9b65-e763c3a26ea1,1.7773438675700787e+18
62f2b5ab-3ebc-4eca-9b65-e763c3a26ea1,1.7773438676034217e+18
62f2b5ab-3ebc-4eca-9b65-e763c3a26ea1,1.7773438676367636e+18
62f2b5ab-3ebc-4eca-9b65-e763c3a26ea1,1.7773438676701066e+18
62f2b5ab-3ebc-4eca-9b65-e763c3a26ea1,1.7773438677034486e+18
62f2b5ab-3ebc-4eca-9b65-e763c3a26ea1,1.7773438677367916e+18
62f2b5ab-3ebc-4eca-9b65-e763c3a26ea1,1.7773438677701345e+18
62f2b5ab-3ebc-4eca-9b65-e763c3a26ea1,1.7773438678034765e+18
62f2b5ab-3ebc-4eca-9b65-e763c3a26ea1,1.7773438678368197e+18
62f2b5ab-3ebc-4eca-9b65-e763c3a26ea1,1.7773438678701627e+18
62f2b5ab-3ebc-4eca-9b65-e763c3a26ea1,1.7773438679035046e+18
62f2b5ab-3ebc-4eca-9b65-e763c3a26ea1,1.7773438679368476e+18
62f2b5ab-3ebc-4eca-9b65-e763c3a26ea1,1.7773438679701906e+18
62f2b5ab-3ebc-4eca-9b65-e763c3a26ea1,1.7773438680035325e+18
62f2b5ab-3ebc-4eca-9b65-e763c3a26ea1,1.7773438680368755e+18
62f2b5ab-3ebc-4eca-9b65-e763c3a26ea1,1.7773438680702185e+18
62f2b5ab-3ebc-4eca-9b65-e763c3a26ea1,1.7773438681035607e+18
62f2b5ab-3ebc-4eca-9b65-e763c3a26ea1,1.7773438681369037e+18
62f2b5ab-3ebc-4eca-9b65-e763c3a26ea1,1.7773438681702467e+18
62f2b5ab-3ebc-4eca-9b65-e763c3a26ea1,1.7773438682035886e+18
62f2b5ab-3ebc-4eca-9b65-e763c3a26ea1,1.7773438682369316e+18
62f2b5ab-3ebc-4eca-9b65-e763c3a26ea1,1.7773438682702746e+18
62f2b5ab-3ebc-4eca-9b65-e763c3a26ea1,1.7773438683036165e+18
62f2b5ab-3ebc-4eca-9b65-e763c3a26ea1,1.7773438683369595e+18
62f2b5ab-3ebc-4eca-9b65-e763c3a26ea1,1.7773438683703027e+18
62f2b5ab-3ebc-4eca-9b65-e763c3a26ea1,1.7773438684036447e+18
62f2b5ab-3ebc-4eca-9b65-e763c3a26ea1,1.7773438684369876e+18
62f2b5ab-3ebc-4eca-9b65-e763c3a26ea1,1.7773438684703296e+18
62f2b5ab-3ebc-4eca-9b65-e763c3a26ea1,1.7773438685036726e+18
62f2b5ab-3ebc-4eca-9b65-e763c3a26ea1,1.7773438685370156e+18
62f2b5ab-3ebc-4eca-9b65-e763c3a26ea1,1.7773438685703575e+18
62f2b5ab-3ebc-4eca-9b65-e763c3a26ea1,1.7773438686037005e+18
62f2b5ab-3ebc-4eca-9b65-e763c3a26ea1,1.7773438686370437e+18
62f2b5ab-3ebc-4eca-9b65-e763c3a26ea1,1.7773438686703857e+18
62f2b5ab-3ebc-4eca-9b65-e763c3a26ea1,1.7773438687037286e+18
62f2b5ab-3ebc-4eca-9b65-e763c3a26ea1,1.7773438687370716e+18
62f2b5ab-3ebc-4eca-9b65-e763c3a26ea1,1.7773438687704136e+18
62f2b5ab-3ebc-4eca-9b65-e763c3a26ea1,1.7773438688037565e+18
62f2b5ab-3ebc-4eca-9b65-e763c3a26ea1,1.7773438688370995e+18
62f2b5ab-3ebc-4eca-9b65-e763c3a26ea1,1.7773438688704417e+18
62f2b5ab-3ebc-4eca-9b65-e763c3a26ea1,1.7773438689037847e+18
62f2b5ab-3ebc-4eca-9b65-e763c3a26ea1,1.7773438689371277e+18
62f2b5ab-3ebc-4eca-9b65-e763c3a26ea1,1.7773438689704696e+18
62f2b5ab-3ebc-4eca-9b65-e763c3a26ea1,1.7773438690038126e+18
62f2b5ab-3ebc-4eca-9b65-e763c3a26ea1,1.7773438690371556e+18
62f2b5ab-3ebc-4eca-9b65-e763c3a26ea1,1.7773438690704975e+18
62f2b5ab-3ebc-4eca-9b65-e763c3a26ea1,1.7773438691038405e+18
62f2b5ab-3ebc-4eca-9b65-e763c3a26ea1,1.7773438691371835e+18
62f2b5ab-3ebc-4eca-9b65-e763c3a26ea1,1.7773438691705257e+18
62f2b5ab-3ebc-4eca-9b65-e763c3a26ea1,1.7773438692038687e+18
62f2b5ab-3ebc-4eca-9b65-e763c3a26ea1,1.7773438692372116e+18
62f2b5ab-3ebc-4eca-9b65-e763c3a26ea1,1.7773438692705536e+18
62f2b5ab-3ebc-4eca-9b65-e763c3a26ea1,1.7773438693038966e+18
62f2b5ab-3ebc-4eca-9b65-e763c3a26ea1,1.7773438693372385e+18
62f2b5ab-3ebc-4eca-9b65-e763c3a26ea1,1.7773438693705815e+18
62f2b5ab-3ebc-4eca-9b65-e763c3a26ea1,1.7773438694039245e+18
62f2b5ab-3ebc-4eca-9b65-e763c3a26ea1,1.7773438694372667e+18
62f2b5ab-3ebc-4eca-9b65-e763c3a26ea1,1.7773438694706097e+18
62f2b5ab-3ebc-4eca-9b65-e763c3a26ea1,1.7773438695039526e+18
62f2b5ab-3ebc-4eca-9b65-e763c3a26ea1,1.7773438695372946e+18
62f2b5ab-3ebc-4eca-9b65-e763c3a26ea1,1.7773438695706376e+18
62f2b5ab-3ebc-4eca-9b65-e763c3a26ea1,1.7773438696039805e+18
62f2b5ab-3ebc-4eca-9b65-e763c3a26ea1,1.7773438696373225e+18
62f2b5ab-3ebc-4eca-9b65-e763c3a26ea1,1.7773438696706657e+18
62f2b5ab-3ebc-4eca-9b65-e763c3a26ea1,1.7773438697040087e+18
62f2b5ab-3ebc-4eca-9b65-e763c3a26ea1,1.7773438697373507e+18
62f2b5ab-3ebc-4eca-9b65-e763c3a26ea1,1.7773438697706936e+18
62f2b5ab-3ebc-4eca-9b65-e763c3a26ea1,1.7773438698040366e+18
62f2b5ab-3ebc-4eca-9b65-e763c3a26ea1,1.7773438698373786e+18
62f2b5ab-3ebc-4eca-9b65-e763c3a26ea1,1.7773438698707215e+18
62f2b5ab-3ebc-4eca-9b65-e763c3a26ea1,1.7773438699040645e+18
62f2b5ab-3ebc-4eca-9b65-e763c3a26ea1,1.7773438699374067e+18
62f2b5ab-3ebc-4eca-9b65-e763c3a26ea1,1.7773438699707497e+18
62f2b5ab-3ebc-4eca-9b65-e763c3a26ea1,1.7773438700040927e+18
62f2b5ab-3ebc-4eca-9b65-e763c3a26ea1,1.7773438700374346e+18
62f2b5ab-3ebc-4eca-9b65-e763c3a26ea1,1.7773438700707776e+18
62f2b5ab-3ebc-4eca-9b65-e763c3a26ea1,1.7773438701041206e+18
62f2b5ab-3ebc-4eca-9b65-e763c3a26ea1,1.7773438701374625e+18
62f2b5ab-3ebc-4eca-9b65-e763c3a26ea1,1.7773438701708055e+18
62f2b5ab-3ebc-4eca-9b65-e763c3a26ea1,1.7773438702041477e+18
62f2b5ab-3ebc-4eca-9b65-e763c3a26ea1,1.7773438702374907e+18
62f2b5ab-3ebc-4eca-9b65-e763c3a26ea1,1.7773438702708337e+18
62f2b5ab-3ebc-4eca-9b65-e763c3a26ea1,1.7773438703041756e+18
62f2b5ab-3ebc-4eca-9b65-e763c3a26ea1,1.7773438703375186e+18
62f2b5ab-3ebc-4eca-9b65-e763c3a26ea1,1.7773438703708616e+18
62f2b5ab-3ebc-4eca-9b65-e763c3a26ea1,1.7773438704042035e+18
62f2b5ab-3ebc-4eca-9b65-e763c3a26ea1,1.7773438704375465e+18
62f2b5ab-3ebc-4eca-9b65-e763c3a26ea1,1.7773438704708897e+18
62f2b5ab-3ebc-4eca-9b65-e763c3a26ea1,1.7773438705042317e+18
62f2b5ab-3ebc-4eca-9b65-e763c3a26ea1,1.7773438705375747e+18
62f2b5ab-3ebc-4eca-9b65-e763c3a26ea1,1.7773438705709176e+18
62f2b5ab-3ebc-4eca-9b65-e763c3a26ea1,1.7773438706042596e+18
62f2b5ab-3ebc-4eca-9b65-e763c3a26ea1,1.7773438706376026e+18
62f2b5ab-3ebc-4eca-9b65-e763c3a26ea1,1.7773438706709455e+18
62f2b5ab-3ebc-4eca-9b65-e763c3a26ea1,1.7773438707042875e+18
62f2b5ab-3ebc-4eca-9b65-e763c3a26ea1,1.7773438707376307e+18
62f2b5ab-3ebc-4eca-9b65-e763c3a26ea1,1.7773438707709737e+18
62f2b5ab-3ebc-4eca-9b65-e763c3a26ea1,1.7773438708043156e+18
62f2b5ab-3ebc-4eca-9b65-e763c3a26ea1,1.7773438708376586e+18
62f2b5ab-3ebc-4eca-9b65-e763c3a26ea1,1.7773438708710016e+18
62f2b5ab-3ebc-4eca-9b65-e763c3a26ea1,1.7773438709043436e+18
62f2b5ab-3ebc-4eca-9b65-e763c3a26ea1,1.7773438709376865e+18
62f2b5ab-3ebc-4eca-9b65-e763c3a26ea1,1.7773438709710285e+18
62f2b5ab-3ebc-4eca-9b65-e763c3a26ea1,1.7773438710043717e+18
62f2b5ab-3ebc-4eca-9b65-e763c3a26ea1,1.7773438710377147e+18
62f2b5ab-3ebc-4eca-9b65-e763c3a26ea1,1.7773438710710566e+18
62f2b5ab-3ebc-4eca-9b65-e763c3a26ea1,1.7773438711043996e+18
62f2b5ab-3ebc-4eca-9b65-e763c3a26ea1,1.7773438711377426e+18
62f2b5ab-3ebc-4eca-9b65-e763c3a26ea1,1.7773438711710845e+18
62f2b5ab-3ebc-4eca-9b65-e763c3a26ea1,1.7773438712044275e+18
62f2b5ab-3ebc-4eca-9b65-e763c3a26ea1,1.7773438712377705e+18
62f2b5ab-3ebc-4eca-9b65-e763c3a26ea1,1.7773438712711127e+18
62f2b5ab-3ebc-4eca-9b65-e763c3a26ea1,1.7773438713044557e+18
62f2b5ab-3ebc-4eca-9b65-e763c3a26ea1,1.7773438713377987e+18
62f2b5ab-3ebc-4eca-9b65-e763c3a26ea1,1.7773438713711406e+18
62f2b5ab-3ebc-4eca-9b65-e763c3a26ea1,1.7773438714044836e+18
62f2b5ab-3ebc-4eca-9b65-e763c3a26ea1,1.7773438714378266e+18
62f2b5ab-3ebc-4eca-9b65-e763c3a26ea1,1.7773438714711685e+18
62f2b5ab-3ebc-4eca-9b65-e763c3a26ea1,1.7773438715045115e+18
62f2b5ab-3ebc-4eca-9b65-e763c3a26ea1,1.7773438715378547e+18
62f2b5ab-3ebc-4eca-9b65-e763c3a26ea1,1.7773438715711967e+18
62f2b5ab-3ebc-4eca-9b65-e763c3a26ea1,1.7773438716045396e+18
62f2b5ab-3ebc-4eca-9b65-e763c3a26ea1,1.7773438716378826e+18
62f2b5ab-3ebc-4eca-9b65-e763c3a26ea1,1.7773438716712246e+18
62f2b5ab-3ebc-4eca-9b65-e763c3a26ea1,1.7773438717045676e+18
62f2b5ab-3ebc-4eca-9b65-e763c3a26ea1,1.7773438717379105e+18
62f2b5ab-3ebc-4eca-9b65-e763c3a26ea1,1.7773438717712525e+18
62f2b5ab-3ebc-4eca-9b65-e763c3a26ea1,1.7773438718045957e+18
62f2b5ab-3ebc-4eca-9b65-e763c3a26ea1,1.7773438718379377e+18
62f2b5ab-3ebc-4eca-9b65-e763c3a26ea1,1.7773438718712806e+18
62f2b5ab-3ebc-4eca-9b65-e763c3a26ea1,1.7773438719046236e+18
62f2b5ab-3ebc-4eca-9b65-e763c3a26ea1,1.7773438719379656e+18
62f2b5ab-3ebc-4eca-9b65-e763c3a26ea1,1.7773438719713085e+18
62f2b5ab-3ebc-4eca-9b65-e763c3a26ea1,1.7773438720046515e+18
62f2b5ab-3ebc-4eca-9b65-e763c3a26ea1,1.7773438720379937e+18
62f2b5ab-3ebc-4eca-9b65-e763c3a26ea1,1.7773438720713367e+18
62f2b5ab-3ebc-4eca-9b65-e763c3a26ea1,1.7773438721046797e+18
62f2b5ab-3ebc-4eca-9b65-e763c3a26ea1,1.7773438721380216e+18
62f2b5ab-3ebc-4eca-9b65-e763c3a26ea1,1.7773438721713646e+18
62f2b5ab-3ebc-4eca-9b65-e763c3a26ea1,1.7773438722047076e+18
62f2b5ab-3ebc-4eca-9b65-e763c3a26ea1,1.7773438722380495e+18
62f2b5ab-3ebc-4eca-9b65-e763c3a26ea1,1.7773438722713925e+18
62f2b5ab-3ebc-4eca-9b65-e763c3a26ea1,1.7773438723047355e+18
62f2b5ab-3ebc-4eca-9b65-e763c3a26ea1,1.7773438723380777e+18
62f2b5ab-3ebc-4eca-9b65-e763c3a26ea1,1.7773438723714207e+18
62f2b5ab-3ebc-4eca-9b65-e763c3a26ea1,1.7773438724047636e+18
62f2b5ab-3ebc-4eca-9b65-e763c3a26ea1,1.7773438724381056e+18
62f2b5ab-3ebc-4eca-9b65-e763c3a26ea1,1.7773438724714486e+18
62f2b5ab-3ebc-4eca-9b65-e763c3a26ea1,1.7773438725047916e+18
62f2b5ab-3ebc-4eca-9b65-e763c3a26ea1,1.7773438725381335e+18
62f2b5ab-3ebc-4eca-9b65-e763c3a26ea1,1.7773438725714765e+18
62f2b5ab-3ebc-4eca-9b65-e763c3a26ea1,1.7773438726048187e+18
62f2b5ab-3ebc-4eca-9b65-e763c3a26ea1,1.7773438726381617e+18
62f2b5ab-3ebc-4eca-9b65-e763c3a26ea1,1.7773438726715046e+18
62f2b5ab-3ebc-4eca-9b65-e763c3a26ea1,1.7773438727048466e+18
62f2b5ab-3ebc-4eca-9b65-e763c3a26ea1,1.7773438727381896e+18
62f2b5ab-3ebc-4eca-9b65-e763c3a26ea1,1.7773438727715325e+18
62f2b5ab-3ebc-4eca-9b65-e763c3a26ea1,1.7773438728048745e+18
62f2b5ab-3ebc-4eca-9b65-e763c3a26ea1,1.7773438728382177e+18
62f2b5ab-3ebc-4eca-9b65-e763c3a26ea1,1.7773438728715607e+18
62f2b5ab-3ebc-4eca-9b65-e763c3a26ea1,1.7773438729049027e+18
62f2b5ab-3ebc-4eca-9b65-e763c3a26ea1,1.7773438729382456e+18
62f2b5ab-3ebc-4eca-9b65-e763c3a26ea1,1.7773438729715886e+18
62f2b5ab-3ebc-4eca-9b65-e763c3a26ea1,1.7773438730049306e+18
62f2b5ab-3ebc-4eca-9b65-e763c3a26ea1,1.7773438730382735e+18
62f2b5ab-3ebc-4eca-9b65-e763c3a26ea1,1.7773438730716165e+18
62f2b5ab-3ebc-4eca-9b65-e763c3a26ea1,1.7773438731049587e+18
62f2b5ab-3ebc-4eca-9b65-e763c3a26ea1,1.7773438731383017e+18
62f2b5ab-3ebc-4eca-9b65-e763c3a26ea1,1.7773438731716447e+18
62f2b5ab-3ebc-4eca-9b65-e763c3a26ea1,1.7773438732049866e+18
62f2b5ab-3ebc-4eca-9b65-e763c3a26ea1,1.7773438732383296e+18
62f2b5ab-3ebc-4eca-9b65-e763c3a26ea1,1.7773438732716726e+18
62f2b5ab-3ebc-4eca-9b65-e763c3a26ea1,1.7773438733050145e+18
62f2b5ab-3ebc-4eca-9b65-e763c3a26ea1,1.7773438733383575e+18
62f2b5ab-3ebc-4eca-9b65-e763c3a26ea1,1.7773438733717005e+18
62f2b5ab-3ebc-4eca-9b65-e763c3a26ea1,1.7773438734050427e+18
62f2b5ab-3ebc-4eca-9b65-e763c3a26ea1,1.7773438734383857e+18
62f2b5ab-3ebc-4eca-9b65-e763c3a26ea1,1.7773438734717276e+18
62f2b5ab-3ebc-4eca-9b65-e763c3a26ea1,1.7773438735050706e+18
62f2b5ab-3ebc-4eca-9b65-e763c3a26ea1,1.7773438735384136e+18
62f2b5ab-3ebc-4eca-9b65-e763c3a26ea1,1.7773438735717555e+18
62f2b5ab-3ebc-4eca-9b65-e763c3a26ea1,1.7773438736050985e+18
62f2b5ab-3ebc-4eca-9b65-e763c3a26ea1,1.7773438736384417e+18
62f2b5ab-3ebc-4eca-9b65-e763c3a26ea1,1.7773438736717837e+18
62f2b5ab-3ebc-4eca-9b65-e763c3a26ea1,1.7773438737051267e+18
62f2b5ab-3ebc-4eca-9b65-e763c3a26ea1,1.7773438737384696e+18
62f2b5ab-3ebc-4eca-9b65-e763c3a26ea1,1.7773438737718116e+18
62f2b5ab-3ebc-4eca-9b65-e763c3a26ea1,1.7773438738051546e+18
62f2b5ab-3ebc-4eca-9b65-e763c3a26ea1,1.7773438738384975e+18
62f2b5ab-3ebc-4eca-9b65-e763c3a26ea1,1.7773438738718395e+18
62f2b5ab-3ebc-4eca-9b65-e763c3a26ea1,1.7773438739051827e+18
62f2b5ab-3ebc-4eca-9b65-e763c3a26ea1,1.7773438739385257e+18
62f2b5ab-3ebc-4eca-9b65-e763c3a26ea1,1.7773438739718676e+18
62f2b5ab-3ebc-4eca-9b65-e763c3a26ea1,1.7773438740052106e+18
62f2b5ab-3ebc-4eca-9b65-e763c3a26ea1,1.7773438740385536e+18
62f2b5ab-3ebc-4eca-9b65-e763c3a26ea1,1.7773438740718956e+18
62f2b5ab-3ebc-4eca-9b65-e763c3a26ea1,1.7773438741052385e+18
62f2b5ab-3ebc-4eca-9b65-e763c3a26ea1,1.7773438741385815e+18
62f2b5ab-3ebc-4eca-9b65-e763c3a26ea1,1.7773438741719237e+18
62f2b5ab-3ebc-4eca-9b65-e763c3a26ea1,1.7773438742052667e+18
62f2b5ab-3ebc-4eca-9b65-e763c3a26ea1,1.7773438742386097e+18
62f2b5ab-3ebc-4eca-9b65-e763c3a26ea1,1.7773438742719516e+18
62f2b5ab-3ebc-4eca-9b65-e763c3a26ea1,1.7773438743052946e+18
62f2b5ab-3ebc-4eca-9b65-e763c3a26ea1,1.7773438743386365e+18
62f2b5ab-3ebc-4eca-9b65-e763c3a26ea1,1.7773438743719795e+18
62f2b5ab-3ebc-4eca-9b65-e763c3a26ea1,1.7773438744053225e+18
62f2b5ab-3ebc-4eca-9b65-e763c3a26ea1,1.7773438744386647e+18
62f2b5ab-3ebc-4eca-9b65-e763c3a26ea1,1.7773438744720077e+18
62f2b5ab-3ebc-4eca-9b65-e763c3a26ea1,1.7773438745053507e+18
62f2b5ab-3ebc-4eca-9b65-e763c3a26ea1,1.7773438745386926e+18
62f2b5ab-3ebc-4eca-9b65-e763c3a26ea1,1.7773438745720356e+18
62f2b5ab-3ebc-4eca-9b65-e763c3a26ea1,1.7773438746053786e+18
62f2b5ab-3ebc-4eca-9b65-e763c3a26ea1,1.7773438746387205e+18
62f2b5ab-3ebc-4eca-9b65-e763c3a26ea1,1.7773438746720635e+18
62f2b5ab-3ebc-4eca-9b65-e763c3a26ea1,1.7773438747054067e+18
62f2b5ab-3ebc-4eca-9b65-e763c3a26ea1,1.7773438747387487e+18
62f2b5ab-3ebc-4eca-9b65-e763c3a26ea1,1.7773438747720916e+18
62f2b5ab-3ebc-4eca-9b65-e763c3a26ea1,1.7773438748054346e+18
62f2b5ab-3ebc-4eca-9b65-e763c3a26ea1,1.7773438748387766e+18
62f2b5ab-3ebc-4eca-9b65-e763c3a26ea1,1.7773438748721196e+18
62f2b5ab-3ebc-4eca-9b65-e763c3a26ea1,1.7773438749054625e+18
62f2b5ab-3ebc-4eca-9b65-e763c3a26ea1,1.7773438749388045e+18
62f2b5ab-3ebc-4eca-9b65-e763c3a26ea1,1.7773438749721477e+18
62f2b5ab-3ebc-4eca-9b65-e763c3a26ea1,1.7773438750054907e+18
62f2b5ab-3ebc-4eca-9b65-e763c3a26ea1,1.7773438750388326e+18
62f2b5ab-3ebc-4eca-9b65-e763c3a26ea1,1.7773438750721756e+18
62f2b5ab-3ebc-4eca-9b65-e763c3a26ea1,1.7773438751055176e+18
62f2b5ab-3ebc-4eca-9b65-e763c3a26ea1,1.7773438751388605e+18
62f2b5ab-3ebc-4eca-9b65-e763c3a26ea1,1.7773438751722035e+18
62f2b5ab-3ebc-4eca-9b65-e763c3a26ea1,1.7773438752055457e+18
62f2b5ab-3ebc-4eca-9b65-e763c3a26ea1,1.7773438752388887e+18
62f2b5ab-3ebc-4eca-9b65-e763c3a26ea1,1.7773438752722317e+18
62f2b5ab-3ebc-4eca-9b65-e763c3a26ea1,1.7773438753055736e+18
62f2b5ab-3ebc-4eca-9b65-e763c3a26ea1,1.7773438753389166e+18
62f2b5ab-3ebc-4eca-9b65-e763c3a26ea1,1.7773438753722596e+18
62f2b5ab-3ebc-4eca-9b65-e763c3a26ea1,1.7773438754056015e+18
62f2b5ab-3ebc-4eca-9b65-e763c3a26ea1,1.7773438754389445e+18
62f2b5ab-3ebc-4eca-9b65-e763c3a26ea1,1.7773438754722875e+18
62f2b5ab-3ebc-4eca-9b65-e763c3a26ea1,1.7773438755056297e+18
62f2b5ab-3ebc-4eca-9b65-e763c3a26ea1,1.7773438755389727e+18
62f2b5ab-3ebc-4eca-9b65-e763c3a26ea1,1.7773438755723156e+18
62f2b5ab-3ebc-4eca-9b65-e763c3a26ea1,1.7773438756056576e+18
62f2b5ab-3ebc-4eca-9b65-e763c3a26ea1,1.7773438756390006e+18
62f2b5ab-3ebc-4eca-9b65-e763c3a26ea1,1.7773438756723436e+18
62f2b5ab-3ebc-4eca-9b65-e763c3a26ea1,1.7773438757056855e+18
62f2b5ab-3ebc-4eca-9b65-e763c3a26ea1,1.7773438757390285e+18
62f2b5ab-3ebc-4eca-9b65-e763c3a26ea1,1.7773438757723717e+18
62f2b5ab-3ebc-4eca-9b65-e763c3a26ea1,1.7773438758057137e+18
62f2b5ab-3ebc-4eca-9b65-e763c3a26ea1,1.7773438758390566e+18
62f2b5ab-3ebc-4eca-9b65-e763c3a26ea1,1.7773438758723996e+18
62f2b5ab-3ebc-4eca-9b65-e763c3a26ea1,1.7773438759057416e+18
62f2b5ab-3ebc-4eca-9b65-e763c3a26ea1,1.7773438759390845e+18
62f2b5ab-3ebc-4eca-9b65-e763c3a26ea1,1.7773438759724265e+18
62f2b5ab-3ebc-4eca-9b65-e763c3a26ea1,1.7773438760057697e+18
62f2b5ab-3ebc-4eca-9b65-e763c3a26ea1,1.7773438760391127e+18
62f2b5ab-3ebc-4eca-9b65-e763c3a26ea1,1.7773438760724547e+18
62f2b5ab-3ebc-4eca-9b65-e763c3a26ea1,1.7773438761057976e+18
62f2b5ab-3ebc-4eca-9b65-e763c3a26ea1,1.7773438761391406e+18
62f2b5ab-3ebc-4eca-9b65-e763c3a26ea1,1.7773438761724826e+18
62f2b5ab-3ebc-4eca-9b65-e763c3a26ea1,1.7773438762058255e+18
62f2b5ab-3ebc-4eca-9b65-e763c3a26ea1,1.7773438762391685e+18
62f2b5ab-3ebc-4eca-9b65-e763c3a26ea1,1.7773438762725107e+18
62f2b5ab-3ebc-4eca-9b65-e763c3a26ea1,1.7773438763058537e+18
62f2b5ab-3ebc-4eca-9b65-e763c3a26ea1,1.7773438763391967e+18
62f2b5ab-3ebc-4eca-9b65-e763c3a26ea1,1.7773438763725386e+18
62f2b5ab-3ebc-4eca-9b65-e763c3a26ea1,1.7773438764058816e+18
62f2b5ab-3ebc-4eca-9b65-e763c3a26ea1,1.7773438764392246e+18
62f2b5ab-3ebc-4eca-9b65-e763c3a26ea1,1.7773438764725665e+18
62f2b5ab-3ebc-4eca-9b65-e763c3a26ea1,1.7773438765059095e+18
62f2b5ab-3ebc-4eca-9b65-e763c3a26ea1,1.7773438765392525e+18
62f2b5ab-3ebc-4eca-9b65-e763c3a26ea1,1.7773438765725947e+18
62f2b5ab-3ebc-4eca-9b65-e763c3a26ea1,1.7773438766059377e+18
62f2b5ab-3ebc-4eca-9b65-e763c3a26ea1,1.7773438766392806e+18
62f2b5ab-3ebc-4eca-9b65-e763c3a26ea1,1.7773438766726226e+18
62f2b5ab-3ebc-4eca-9b65-e763c3a26ea1,1.7773438767059656e+18
62f2b5ab-3ebc-4eca-9b65-e763c3a26ea1,1.7773438767393075e+18
62f2b5ab-3ebc-4eca-9b65-e763c3a26ea1,1.7773438767726505e+18
62f2b5ab-3ebc-4eca-9b65-e763c3a26ea1,1.7773438768059937e+18
62f2b5ab-3ebc-4eca-9b65-e763c3a26ea1,1.7773438768393367e+18
62f2b5ab-3ebc-4eca-9b65-e763c3a26ea1,1.7773438768726787e+18
62f2b5ab-3ebc-4eca-9b65-e763c3a26ea1,1.7773438769060216e+18
62f2b5ab-3ebc-4eca-9b65-e763c3a26ea1,1.7773438769393636e+18
62f2b5ab-3ebc-4eca-9b65-e763c3a26ea1,1.7773438769727066e+18
62f2b5ab-3ebc-4eca-9b65-e763c3a26ea1,1.7773438770060495e+18
62f2b5ab-3ebc-4eca-9b65-e763c3a26ea1,1.7773438770393915e+18
62f2b5ab-3ebc-4eca-9b65-e763c3a26ea1,1.7773438770727347e+18
62f2b5ab-3ebc-4eca-9b65-e763c3a26ea1,1.7773438771060777e+18
62f2b5ab-3ebc-4eca-9b65-e763c3a26ea1,1.7773438771394196e+18
62f2b5ab-3ebc-4eca-9b65-e763c3a26ea1,1.7773438771727626e+18
62f2b5ab-3ebc-4eca-9b65-e763c3a26ea1,1.7773438772061056e+18
62f2b5ab-3ebc-4eca-9b65-e763c3a26ea1,1.7773438772394476e+18
62f2b5ab-3ebc-4eca-9b65-e763c3a26ea1,1.7773438772727905e+18
62f2b5ab-3ebc-4eca-9b65-e763c3a26ea1,1.7773438773061335e+18
62f2b5ab-3ebc-4eca-9b65-e763c3a26ea1,1.7773438773394757e+18
62f2b5ab-3ebc-4eca-9b65-e763c3a26ea1,1.7773438773728187e+18
62f2b5ab-3ebc-4eca-9b65-e763c3a26ea1,1.7773438774061617e+18
62f2b5ab-3ebc-4eca-9b65-e763c3a26ea1,1.7773438774395036e+18
62f2b5ab-3ebc-4eca-9b65-e763c3a26ea1,1.7773438774728466e+18
62f2b5ab-3ebc-4eca-9b65-e763c3a26ea1,1.7773438775061896e+18
62f2b5ab-3ebc-4eca-9b65-e763c3a26ea1,1.7773438775395315e+18
62f2b5ab-3ebc-4eca-9b65-e763c3a26ea1,1.7773438775728745e+18
62f2b5ab-3ebc-4eca-9b65-e763c3a26ea1,1.7773438776062167e+18
62f2b5ab-3ebc-4eca-9b65-e763c3a26ea1,1.7773438776395597e+18
62f2b5ab-3ebc-4eca-9b65-e763c3a26ea1,1.7773438776729027e+18
62f2b5ab-3ebc-4eca-9b65-e763c3a26ea1,1.7773438777062446e+18
62f2b5ab-3ebc-4eca-9b65-e763c3a26ea1,1.7773438777395876e+18
62f2b5ab-3ebc-4eca-9b65-e763c3a26ea1,1.7773438777729306e+18
62f2b5ab-3ebc-4eca-9b65-e763c3a26ea1,1.7773438778062725e+18
62f2b5ab-3ebc-4eca-9b65-e763c3a26ea1,1.7773438778396155e+18
62f2b5ab-3ebc-4eca-9b65-e763c3a26ea1,1.7773438778729587e+18
62f2b5ab-3ebc-4eca-9b65-e763c3a26ea1,1.7773438779063007e+18
62f2b5ab-3ebc-4eca-9b65-e763c3a26ea1,1.7773438779396436e+18
62f2b5ab-3ebc-4eca-9b65-e763c3a26ea1,1.7773438779729866e+18
62f2b5ab-3ebc-4eca-9b65-e763c3a26ea1,1.7773438780063286e+18
62f2b5ab-3ebc-4eca-9b65-e763c3a26ea1,1.7773438780396716e+18
62f2b5ab-3ebc-4eca-9b65-e763c3a26ea1,1.7773438780730145e+18
62f2b5ab-3ebc-4eca-9b65-e763c3a26ea1,1.7773438781063565e+18
62f2b5ab-3ebc-4eca-9b65-e763c3a26ea1,1.7773438781396997e+18
62f2b5ab-3ebc-4eca-9b65-e763c3a26ea1,1.7773438781730427e+18
62f2b5ab-3ebc-4eca-9b65-e763c3a26ea1,1.7773438782063846e+18
62f2b5ab-3ebc-4eca-9b65-e763c3a26ea1,1.7773438782397276e+18
62f2b5ab-3ebc-4eca-9b65-e763c3a26ea1,1.7773438782730706e+18
62f2b5ab-3ebc-4eca-9b65-e763c3a26ea1,1.7773438783064125e+18
62f2b5ab-3ebc-4eca-9b65-e763c3a26ea1,1.7773438783397555e+18
62f2b5ab-3ebc-4eca-9b65-e763c3a26ea1,1.7773438783730985e+18
62f2b5ab-3ebc-4eca-9b65-e763c3a26ea1,1.7773438784064407e+18
62f2b5ab-3ebc-4eca-9b65-e763c3a26ea1,1.7773438784397837e+18
62f2b5ab-3ebc-4eca-9b65-e763c3a26ea1,1.7773438784731256e+18
62f2b5ab-3ebc-4eca-9b65-e763c3a26ea1,1.7773438785064686e+18
62f2b5ab-3ebc-4eca-9b65-e763c3a26ea1,1.7773438785398116e+18
62f2b5ab-3ebc-4eca-9b65-e763c3a26ea1,1.7773438785731535e+18
62f2b5ab-3ebc-4eca-9b65-e763c3a26ea1,1.7773438786064965e+18
62f2b5ab-3ebc-4eca-9b65-e763c3a26ea1,1.7773438786398395e+18
62f2b5ab-3ebc-4eca-9b65-e763c3a26ea1,1.7773438786731817e+18
62f2b5ab-3ebc-4eca-9b65-e763c3a26ea1,1.7773438787065247e+18
62f2b5ab-3ebc-4eca-9b65-e763c3a26ea1,1.7773438787398676e+18
62f2b5ab-3ebc-4eca-9b65-e763c3a26ea1,1.7773438787732096e+18
62f2b5ab-3ebc-4eca-9b65-e763c3a26ea1,1.7773438788065526e+18
62f2b5ab-3ebc-4eca-9b65-e763c3a26ea1,1.7773438788398956e+18
62f2b5ab-3ebc-4eca-9b65-e763c3a26ea1,1.7773438788732375e+18
62f2b5ab-3ebc-4eca-9b65-e763c3a26ea1,1.7773438789065805e+18
62f2b5ab-3ebc-4eca-9b65-e763c3a26ea1,1.7773438789399237e+18
62f2b5ab-3ebc-4eca-9b65-e763c3a26ea1,1.7773438789732657e+18
62f2b5ab-3ebc-4eca-9b65-e763c3a26ea1,1.7773438790066086e+18
62f2b5ab-3ebc-4eca-9b65-e763c3a26ea1,1.7773438790399516e+18
62f2b5ab-3ebc-4eca-9b65-e763c3a26ea1,1.7773438790732936e+18
62f2b5ab-3ebc-4eca-9b65-e763c3a26ea1,1.7773438791066365e+18
62f2b5ab-3ebc-4eca-9b65-e763c3a26ea1,1.7773438791399795e+18
62f2b5ab-3ebc-4eca-9b65-e763c3a26ea1,1.7773438791733217e+18
62f2b5ab-3ebc-4eca-9b65-e763c3a26ea1,1.7773438792066647e+18
62f2b5ab-3ebc-4eca-9b65-e763c3a26ea1,1.7773438792400067e+18
62f2b5ab-3ebc-4eca-9b65-e763c3a26ea1,1.7773438792733496e+18
62f2b5ab-3ebc-4eca-9b65-e763c3a26ea1,1.7773438793066926e+18
62f2b5ab-3ebc-4eca-9b65-e763c3a26ea1,1.7773438793400346e+18
62f2b5ab-3ebc-4eca-9b65-e763c3a26ea1,1.7773438793733775e+18
62f2b5ab-3ebc-4eca-9b65-e763c3a26ea1,1.7773438794067205e+18
62f2b5ab-3ebc-4eca-9b65-e763c3a26ea1,1.7773438794400627e+18
62f2b5ab-3ebc-4eca-9b65-e763c3a26ea1,1.7773438794734057e+18
62f2b5ab-3ebc-4eca-9b65-e763c3a26ea1,1.7773438795067487e+18
62f2b5ab-3ebc-4eca-9b65-e763c3a26ea1,1.7773438795400906e+18
62f2b5ab-3ebc-4eca-9b65-e763c3a26ea1,1.7773438795734336e+18
62f2b5ab-3ebc-4eca-9b65-e763c3a26ea1,1.7773438796067766e+18
62f2b5ab-3ebc-4eca-9b65-e763c3a26ea1,1.7773438796401185e+18
62f2b5ab-3ebc-4eca-9b65-e763c3a26ea1,1.7773438796734615e+18
62f2b5ab-3ebc-4eca-9b65-e763c3a26ea1,1.7773438797068045e+18
62f2b5ab-3ebc-4eca-9b65-e763c3a26ea1,1.7773438797401467e+18
62f2b5ab-3ebc-4eca-9b65-e763c3a26ea1,1.7773438797734897e+18
62f2b5ab-3ebc-4eca-9b65-e763c3a26ea1,1.7773438798068326e+18
62f2b5ab-3ebc-4eca-9b65-e763c3a26ea1,1.7773438798401746e+18
62f2b5ab-3ebc-4eca-9b65-e763c3a26ea1,1.7773438798735176e+18
62f2b5ab-3ebc-4eca-9b65-e763c3a26ea1,1.7773438799068605e+18
62f2b5ab-3ebc-4eca-9b65-e763c3a26ea1,1.7773438799402025e+18
62f2b5ab-3ebc-4eca-9b65-e763c3a26ea1,1.7773438799735457e+18
62f2b5ab-3ebc-4eca-9b65-e763c3a26ea1,1.7773438800068887e+18
62f2b5ab-3ebc-4eca-9b65-e763c3a26ea1,1.7773438800402307e+18
62f2b5ab-3ebc-4eca-9b65-e763c3a26ea1,1.7773438800735736e+18
62f2b5ab-3ebc-4eca-9b65-e763c3a26ea1,1.7773438801069156e+18
62f2b5ab-3ebc-4eca-9b65-e763c3a26ea1,1.7773438801402586e+18
62f2b5ab-3ebc-4eca-9b65-e763c3a26ea1,1.7773438801736015e+18
62f2b5ab-3ebc-4eca-9b65-e763c3a26ea1,1.7773438802069435e+18
62f2b5ab-3ebc-4eca-9b65-e763c3a26ea1,1.7773438802402867e+18
62f2b5ab-3ebc-4eca-9b65-e763c3a26ea1,1.7773438802736297e+18
62f2b5ab-3ebc-4eca-9b65-e763c3a26ea1,1.7773438803069716e+18
62f2b5ab-3ebc-4eca-9b65-e763c3a26ea1,1.7773438803403146e+18
62f2b5ab-3ebc-4eca-9b65-e763c3a26ea1,1.7773438803736576e+18
62f2b5ab-3ebc-4eca-9b65-e763c3a26ea1,1.7773438804069996e+18
62f2b5ab-3ebc-4eca-9b65-e763c3a26ea1,1.7773438804403425e+18
62f2b5ab-3ebc-4eca-9b65-e763c3a26ea1,1.7773438804736855e+18
62f2b5ab-3ebc-4eca-9b65-e763c3a26ea1,1.7773438805070277e+18
62f2b5ab-3ebc-4eca-9b65-e763c3a26ea1,1.7773438805403707e+18
62f2b5ab-3ebc-4eca-9b65-e763c3a26ea1,1.7773438805737137e+18
62f2b5ab-3ebc-4eca-9b65-e763c3a26ea1,1.7773438806070556e+18
62f2b5ab-3ebc-4eca-9b65-e763c3a26ea1,1.7773438806403986e+18
62f2b5ab-3ebc-4eca-9b65-e763c3a26ea1,1.7773438806737416e+18
62f2b5ab-3ebc-4eca-9b65-e763c3a26ea1,1.7773438807070835e+18
62f2b5ab-3ebc-4eca-9b65-e763c3a26ea1,1.7773438807404265e+18
62f2b5ab-3ebc-4eca-9b65-e763c3a26ea1,1.7773438807737697e+18
62f2b5ab-3ebc-4eca-9b65-e763c3a26ea1,1.7773438808071117e+18
62f2b5ab-3ebc-4eca-9b65-e763c3a26ea1,1.7773438808404547e+18
62f2b5ab-3ebc-4eca-9b65-e763c3a26ea1,1.7773438808737966e+18
62f2b5ab-3ebc-4eca-9b65-e763c3a26ea1,1.7773438809071396e+18
62f2b5ab-3ebc-4eca-9b65-e763c3a26ea1,1.7773438809404826e+18
62f2b5ab-3ebc-4eca-9b65-e763c3a26ea1,1.7773438809738245e+18
62f2b5ab-3ebc-4eca-9b65-e763c3a26ea1,1.7773438810071675e+18
62f2b5ab-3ebc-4eca-9b65-e763c3a26ea1,1.7773438810405107e+18
62f2b5ab-3ebc-4eca-9b65-e763c3a26ea1,1.7773438810738527e+18
62f2b5ab-3ebc-4eca-9b65-e763c3a26ea1,1.7773438811071956e+18
62f2b5ab-3ebc-4eca-9b65-e763c3a26ea1,1.7773438811405386e+18
62f2b5ab-3ebc-4eca-9b65-e763c3a26ea1,1.7773438811738806e+18
62f2b5ab-3ebc-4eca-9b65-e763c3a26ea1,1.7773438812072236e+18
62f2b5ab-3ebc-4eca-9b65-e763c3a26ea1,1.7773438812405665e+18
62f2b5ab-3ebc-4eca-9b65-e763c3a26ea1,1.7773438812739085e+18
62f2b5ab-3ebc-4eca-9b65-e763c3a26ea1,1.7773438813072517e+18
62f2b5ab-3ebc-4eca-9b65-e763c3a26ea1,1.7773438813405947e+18
62f2b5ab-3ebc-4eca-9b65-e763c3a26ea1,1.7773438813739366e+18
62f2b5ab-3ebc-4eca-9b65-e763c3a26ea1,1.7773438814072796e+18
62f2b5ab-3ebc-4eca-9b65-e763c3a26ea1,1.7773438814406226e+18
62f2b5ab-3ebc-4eca-9b65-e763c3a26ea1,1.7773438814739645e+18
62f2b5ab-3ebc-4eca-9b65-e763c3a26ea1,1.7773438815073075e+18
62f2b5ab-3ebc-4eca-9b65-e763c3a26ea1,1.7773438815406505e+18
62f2b5ab-3ebc-4eca-9b65-e763c3a26ea1,1.7773438815739927e+18
62f2b5ab-3ebc-4eca-9b65-e763c3a26ea1,1.7773438816073357e+18
62f2b5ab-3ebc-4eca-9b65-e763c3a26ea1,1.7773438816406787e+18
62f2b5ab-3ebc-4eca-9b65-e763c3a26ea1,1.7773438816740206e+18
62f2b5ab-3ebc-4eca-9b65-e763c3a26ea1,1.7773438817073636e+18
62f2b5ab-3ebc-4eca-9b65-e763c3a26ea1,1.7773438817407055e+18
62f2b5ab-3ebc-4eca-9b65-e763c3a26ea1,1.7773438817740485e+18
62f2b5ab-3ebc-4eca-9b65-e763c3a26ea1,1.7773438818073915e+18
62f2b5ab-3ebc-4eca-9b65-e763c3a26ea1,1.7773438818407337e+18
62f2b5ab-3ebc-4eca-9b65-e763c3a26ea1,1.7773438818740767e+18
62f2b5ab-3ebc-4eca-9b65-e763c3a26ea1,1.7773438819074196e+18
62f2b5ab-3ebc-4eca-9b65-e763c3a26ea1,1.7773438819407616e+18
62f2b5ab-3ebc-4eca-9b65-e763c3a26ea1,1.7773438819741046e+18
62f2b5ab-3ebc-4eca-9b65-e763c3a26ea1,1.7773438820074476e+18
62f2b5ab-3ebc-4eca-9b65-e763c3a26ea1,1.7773438820407895e+18
62f2b5ab-3ebc-4eca-9b65-e763c3a26ea1,1.7773438820741325e+18
62f2b5ab-3ebc-4eca-9b65-e763c3a26ea1,1.7773438821074757e+18
62f2b5ab-3ebc-4eca-9b65-e763c3a26ea1,1.7773438821408177e+18
62f2b5ab-3ebc-4eca-9b65-e763c3a26ea1,1.7773438821741606e+18
62f2b5ab-3ebc-4eca-9b65-e763c3a26ea1,1.7773438822075036e+18
62f2b5ab-3ebc-4eca-9b65-e763c3a26ea1,1.7773438822408456e+18
62f2b5ab-3ebc-4eca-9b65-e763c3a26ea1,1.7773438822741885e+18
62f2b5ab-3ebc-4eca-9b65-e763c3a26ea1,1.7773438823075315e+18
62f2b5ab-3ebc-4eca-9b65-e763c3a26ea1,1.7773438823408737e+18
62f2b5ab-3ebc-4eca-9b65-e763c3a26ea1,1.7773438823742167e+18
62f2b5ab-3ebc-4eca-9b65-e763c3a26ea1,1.7773438824075597e+18
62f2b5ab-3ebc-4eca-9b65-e763c3a26ea1,1.7773438824409016e+18
62f2b5ab-3ebc-4eca-9b65-e763c3a26ea1,1.7773438824742446e+18
62f2b5ab-3ebc-4eca-9b65-e763c3a26ea1,1.7773438825075876e+18
62f2b5ab-3ebc-4eca-9b65-e763c3a26ea1,1.7773438825409295e+18
62f2b5ab-3ebc-4eca-9b65-e763c3a26ea1,1.7773438825742725e+18
62f2b5ab-3ebc-4eca-9b65-e763c3a26ea1,1.7773438826076147e+18
62f2b5ab-3ebc-4eca-9b65-e763c3a26ea1,1.7773438826409577e+18
62f2b5ab-3ebc-4eca-9b65-e763c3a26ea1,1.7773438826743007e+18
62f2b5ab-3ebc-4eca-9b65-e763c3a26ea1,1.7773438827076426e+18
62f2b5ab-3ebc-4eca-9b65-e763c3a26ea1,1.7773438827409856e+18
62f2b5ab-3ebc-4eca-9b65-e763c3a26ea1,1.7773438827743286e+18
62f2b5ab-3ebc-4eca-9b65-e763c3a26ea1,1.7773438828076705e+18
62f2b5ab-3ebc-4eca-9b65-e763c3a26ea1,1.7773438828410135e+18
62f2b5ab-3ebc-4eca-9b65-e763c3a26ea1,1.7773438828743565e+18
62f2b5ab-3ebc-4eca-9b65-e763c3a26ea1,1.7773438829076987e+18
62f2b5ab-3ebc-4eca-9b65-e763c3a26ea1,1.7773438829410417e+18
62f2b5ab-3ebc-4eca-9b65-e763c3a26ea1,1.7773438829743846e+18
62f2b5ab-3ebc-4eca-9b65-e763c3a26ea1,1.7773438830077266e+18
62f2b5ab-3ebc-4eca-9b65-e763c3a26ea1,1.7773438830410696e+18
62f2b5ab-3ebc-4eca-9b65-e763c3a26ea1,1.7773438830744125e+18
62f2b5ab-3ebc-4eca-9b65-e763c3a26ea1,1.7773438831077545e+18
62f2b5ab-3ebc-4eca-9b65-e763c3a26ea1,1.7773438831410977e+18
62f2b5ab-3ebc-4eca-9b65-e763c3a26ea1,1.7773438831744407e+18
62f2b5ab-3ebc-4eca-9b65-e763c3a26ea1,1.7773438832077827e+18
62f2b5ab-3ebc-4eca-9b65-e763c3a26ea1,1.7773438832411256e+18
62f2b5ab-3ebc-4eca-9b65-e763c3a26ea1,1.7773438832744686e+18
62f2b5ab-3ebc-4eca-9b65-e763c3a26ea1,1.7773438833078106e+18
62f2b5ab-3ebc-4eca-9b65-e763c3a26ea1,1.7773438833411535e+18
62f2b5ab-3ebc-4eca-9b65-e763c3a26ea1,1.7773438833744955e+18
62f2b5ab-3ebc-4eca-9b65-e763c3a26ea1,1.7773438834078387e+18
62f2b5ab-3ebc-4eca-9b65-e763c3a26ea1,1.7773438834411817e+18
62f2b5ab-3ebc-4eca-9b65-e763c3a26ea1,1.7773438834745236e+18
62f2b5ab-3ebc-4eca-9b65-e763c3a26ea1,1.7773438835078666e+18
62f2b5ab-3ebc-4eca-9b65-e763c3a26ea1,1.7773438835412096e+18
62f2b5ab-3ebc-4eca-9b65-e763c3a26ea1,1.7773438835745516e+18
62f2b5ab-3ebc-4eca-9b65-e763c3a26ea1,1.7773438836078945e+18
62f2b5ab-3ebc-4eca-9b65-e763c3a26ea1,1.7773438836412375e+18
62f2b5ab-3ebc-4eca-9b65-e763c3a26ea1,1.7773438836745797e+18
62f2b5ab-3ebc-4eca-9b65-e763c3a26ea1,1.7773438837079227e+18
62f2b5ab-3ebc-4eca-9b65-e763c3a26ea1,1.7773438837412657e+18
62f2b5ab-3ebc-4eca-9b65-e763c3a26ea1,1.7773438837746076e+18
62f2b5ab-3ebc-4eca-9b65-e763c3a26ea1,1.7773438838079506e+18
62f2b5ab-3ebc-4eca-9b65-e763c3a26ea1,1.7773438838412936e+18
62f2b5ab-3ebc-4eca-9b65-e763c3a26ea1,1.7773438838746355e+18
62f2b5ab-3ebc-4eca-9b65-e763c3a26ea1,1.7773438839079785e+18
62f2b5ab-3ebc-4eca-9b65-e763c3a26ea1,1.7773438839413217e+18
62f2b5ab-3ebc-4eca-9b65-e763c3a26ea1,1.7773438839746637e+18
62f2b5ab-3ebc-4eca-9b65-e763c3a26ea1,1.7773438840080067e+18
62f2b5ab-3ebc-4eca-9b65-e763c3a26ea1,1.7773438840413496e+18
62f2b5ab-3ebc-4eca-9b65-e763c3a26ea1,1.7773438840746916e+18
62f2b5ab-3ebc-4eca-9b65-e763c3a26ea1,1.7773438841080346e+18
62f2b5ab-3ebc-4eca-9b65-e763c3a26ea1,1.7773438841413775e+18
62f2b5ab-3ebc-4eca-9b65-e763c3a26ea1,1.7773438841747195e+18
62f2b5ab-3ebc-4eca-9b65-e763c3a26ea1,1.7773438842080627e+18
62f2b5ab-3ebc-4eca-9b65-e763c3a26ea1,1.7773438842414047e+18
62f2b5ab-3ebc-4eca-9b65-e763c3a26ea1,1.7773438842747476e+18
62f2b5ab-3ebc-4eca-9b65-e763c3a26ea1,1.7773438843080906e+18
62f2b5ab-3ebc-4eca-9b65-e763c3a26ea1,1.7773438843414326e+18
62f2b5ab-3ebc-4eca-9b65-e763c3a26ea1,1.7773438843747756e+18
62f2b5ab-3ebc-4eca-9b65-e763c3a26ea1,1.7773438844081185e+18
62f2b5ab-3ebc-4eca-9b65-e763c3a26ea1,1.7773438844414605e+18
62f2b5ab-3ebc-4eca-9b65-e763c3a26ea1,1.7773438844748037e+18
62f2b5ab-3ebc-4eca-9b65-e763c3a26ea1,1.7773438845081467e+18
62f2b5ab-3ebc-4eca-9b65-e763c3a26ea1,1.7773438845414886e+18
62f2b5ab-3ebc-4eca-9b65-e763c3a26ea1,1.7773438845748316e+18
62f2b5ab-3ebc-4eca-9b65-e763c3a26ea1,1.7773438846081746e+18
62f2b5ab-3ebc-4eca-9b65-e763c3a26ea1,1.7773438846415165e+18
62f2b5ab-3ebc-4eca-9b65-e763c3a26ea1,1.7773438846748595e+18
62f2b5ab-3ebc-4eca-9b65-e763c3a26ea1,1.7773438847082025e+18
62f2b5ab-3ebc-4eca-9b65-e763c3a26ea1,1.7773438847415447e+18
62f2b5ab-3ebc-4eca-9b65-e763c3a26ea1,1.7773438847748877e+18
62f2b5ab-3ebc-4eca-9b65-e763c3a26ea1,1.7773438848082307e+18
62f2b5ab-3ebc-4eca-9b65-e763c3a26ea1,1.7773438848415726e+18
62f2b5ab-3ebc-4eca-9b65-e763c3a26ea1,1.7773438848749156e+18
62f2b5ab-3ebc-4eca-9b65-e763c3a26ea1,1.7773438849082586e+18
62f2b5ab-3ebc-4eca-9b65-e763c3a26ea1,1.7773438849416005e+18
62f2b5ab-3ebc-4eca-9b65-e763c3a26ea1,1.7773438849749435e+18
62f2b5ab-3ebc-4eca-9b65-e763c3a26ea1,1.7773438850082857e+18
62f2b5ab-3ebc-4eca-9b65-e763c3a26ea1,1.7773438850416287e+18
62f2b5ab-3ebc-4eca-9b65-e763c3a26ea1,1.7773438850749716e+18
62f2b5ab-3ebc-4eca-9b65-e763c3a26ea1,1.7773438851083136e+18
62f2b5ab-3ebc-4eca-9b65-e763c3a26ea1,1.7773438851416566e+18
62f2b5ab-3ebc-4eca-9b65-e763c3a26ea1,1.7773438851749996e+18
62f2b5ab-3ebc-4eca-9b65-e763c3a26ea1,1.7773438852083415e+18
62f2b5ab-3ebc-4eca-9b65-e763c3a26ea1,1.7773438852416845e+18
62f2b5ab-3ebc-4eca-9b65-e763c3a26ea1,1.7773438852750277e+18
62f2b5ab-3ebc-4eca-9b65-e763c3a26ea1,1.7773438853083697e+18
62f2b5ab-3ebc-4eca-9b65-e763c3a26ea1,1.7773438853417126e+18
62f2b5ab-3ebc-4eca-9b65-e763c3a26ea1,1.7773438853750556e+18
62f2b5ab-3ebc-4eca-9b65-e763c3a26ea1,1.7773438854083976e+18
62f2b5ab-3ebc-4eca-9b65-e763c3a26ea1,1.7773438854417405e+18
62f2b5ab-3ebc-4eca-9b65-e763c3a26ea1,1.7773438854750835e+18
62f2b5ab-3ebc-4eca-9b65-e763c3a26ea1,1.7773438855084257e+18
62f2b5ab-3ebc-4eca-9b65-e763c3a26ea1,1.7773438855417687e+18
62f2b5ab-3ebc-4eca-9b65-e763c3a26ea1,1.7773438855751117e+18
62f2b5ab-3ebc-4eca-9b65-e763c3a26ea1,1.7773438856084536e+18
62f2b5ab-3ebc-4eca-9b65-e763c3a26ea1,1.7773438856417966e+18
62f2b5ab-3ebc-4eca-9b65-e763c3a26ea1,1.7773438856751396e+18
62f2b5ab-3ebc-4eca-9b65-e763c3a26ea1,1.7773438857084815e+18
62f2b5ab-3ebc-4eca-9b65-e763c3a26ea1,1.7773438857418245e+18
62f2b5ab-3ebc-4eca-9b65-e763c3a26ea1,1.7773438857751675e+18
62f2b5ab-3ebc-4eca-9b65-e763c3a26ea1,1.7773438858085097e+18
62f2b5ab-3ebc-4eca-9b65-e763c3a26ea1,1.7773438858418527e+18
62f2b5ab-3ebc-4eca-9b65-e763c3a26ea1,1.7773438858751946e+18
62f2b5ab-3ebc-4eca-9b65-e763c3a26ea1,1.7773438859085376e+18
62f2b5ab-3ebc-4eca-9b65-e763c3a26ea1,1.7773438859418806e+18
62f2b5ab-3ebc-4eca-9b65-e763c3a26ea1,1.7773438859752225e+18
62f2b5ab-3ebc-4eca-9b65-e763c3a26ea1,1.7773438860085655e+18
62f2b5ab-3ebc-4eca-9b65-e763c3a26ea1,1.7773438860419085e+18
62f2b5ab-3ebc-4eca-9b65-e763c3a26ea1,1.7773438860752507e+18
62f2b5ab-3ebc-4eca-9b65-e763c3a26ea1,1.7773438861085937e+18
62f2b5ab-3ebc-4eca-9b65-e763c3a26ea1,1.7773438861419366e+18
62f2b5ab-3ebc-4eca-9b65-e763c3a26ea1,1.7773438861752786e+18
62f2b5ab-3ebc-4eca-9b65-e763c3a26ea1,1.7773438862086216e+18
62f2b5ab-3ebc-4eca-9b65-e763c3a26ea1,1.7773438862419645e+18
62f2b5ab-3ebc-4eca-9b65-e763c3a26ea1,1.7773438862753065e+18
62f2b5ab-3ebc-4eca-9b65-e763c3a26ea1,1.7773438863086497e+18
62f2b5ab-3ebc-4eca-9b65-e763c3a26ea1,1.7773438863419927e+18
62f2b5ab-3ebc-4eca-9b65-e763c3a26ea1,1.7773438863753347e+18
62f2b5ab-3ebc-4eca-9b65-e763c3a26ea1,1.7773438864086776e+18
62f2b5ab-3ebc-4eca-9b65-e763c3a26ea1,1.7773438864420206e+18
62f2b5ab-3ebc-4eca-9b65-e763c3a26ea1,1.7773438864753626e+18
62f2b5ab-3ebc-4eca-9b65-e763c3a26ea1,1.7773438865087055e+18
62f2b5ab-3ebc-4eca-9b65-e763c3a26ea1,1.7773438865420485e+18
62f2b5ab-3ebc-4eca-9b65-e763c3a26ea1,1.7773438865753907e+18
62f2b5ab-3ebc-4eca-9b65-e763c3a26ea1,1.7773438866087337e+18
62f2b5ab-3ebc-4eca-9b65-e763c3a26ea1,1.7773438866420767e+18
62f2b5ab-3ebc-4eca-9b65-e763c3a26ea1,1.7773438866754186e+18
62f2b5ab-3ebc-4eca-9b65-e763c3a26ea1,1.7773438867087616e+18
62f2b5ab-3ebc-4eca-9b65-e763c3a26ea1,1.7773438867421036e+18
62f2b5ab-3ebc-4eca-9b65-e763c3a26ea1,1.7773438867754465e+18
62f2b5ab-3ebc-4eca-9b65-e763c3a26ea1,1.7773438868087895e+18
62f2b5ab-3ebc-4eca-9b65-e763c3a26ea1,1.7773438868421317e+18
62f2b5ab-3ebc-4eca-9b65-e763c3a26ea1,1.7773438868754747e+18
62f2b5ab-3ebc-4eca-9b65-e763c3a26ea1,1.7773438869088177e+18
62f2b5ab-3ebc-4eca-9b65-e763c3a26ea1,1.7773438869421596e+18
62f2b5ab-3ebc-4eca-9b65-e763c3a26ea1,1.7773438869755026e+18
62f2b5ab-3ebc-4eca-9b65-e763c3a26ea1,1.7773438870088456e+18
62f2b5ab-3ebc-4eca-9b65-e763c3a26ea1,1.7773438870421875e+18
62f2b5ab-3ebc-4eca-9b65-e763c3a26ea1,1.7773438870755305e+18
62f2b5ab-3ebc-4eca-9b65-e763c3a26ea1,1.7773438871088737e+18
62f2b5ab-3ebc-4eca-9b65-e763c3a26ea1,1.7773438871422157e+18
62f2b5ab-3ebc-4eca-9b65-e763c3a26ea1,1.7773438871755587e+18
62f2b5ab-3ebc-4eca-9b65-e763c3a26ea1,1.7773438872089016e+18
62f2b5ab-3ebc-4eca-9b65-e763c3a26ea1,1.7773438872422436e+18
62f2b5ab-3ebc-4eca-9b65-e763c3a26ea1,1.7773438872755866e+18
62f2b5ab-3ebc-4eca-9b65-e763c3a26ea1,1.7773438873089295e+18
62f2b5ab-3ebc-4eca-9b65-e763c3a26ea1,1.7773438873422715e+18
62f2b5ab-3ebc-4eca-9b65-e763c3a26ea1,1.7773438873756147e+18
62f2b5ab-3ebc-4eca-9b65-e763c3a26ea1,1.7773438874089577e+18
62f2b5ab-3ebc-4eca-9b65-e763c3a26ea1,1.7773438874422996e+18
62f2b5ab-3ebc-4eca-9b65-e763c3a26ea1,1.7773438874756426e+18
62f2b5ab-3ebc-4eca-9b65-e763c3a26ea1,1.7773438875089856e+18
62f2b5ab-3ebc-4eca-9b65-e763c3a26ea1,1.7773438875423276e+18
62f2b5ab-3ebc-4eca-9b65-e763c3a26ea1,1.7773438875756705e+18
62f2b5ab-3ebc-4eca-9b65-e763c3a26ea1,1.7773438876090125e+18
62f2b5ab-3ebc-4eca-9b65-e763c3a26ea1,1.7773438876423557e+18
62f2b5ab-3ebc-4eca-9b65-e763c3a26ea1,1.7773438876756987e+18
62f2b5ab-3ebc-4eca-9b65-e763c3a26ea1,1.7773438877090406e+18
62f2b5ab-3ebc-4eca-9b65-e763c3a26ea1,1.7773438877423836e+18
62f2b5ab-3ebc-4eca-9b65-e763c3a26ea1,1.7773438877757266e+18
62f2b5ab-3ebc-4eca-9b65-e763c3a26ea1,1.7773438878090685e+18
62f2b5ab-3ebc-4eca-9b65-e763c3a26ea1,1.7773438878424115e+18
62f2b5ab-3ebc-4eca-9b65-e763c3a26ea1,1.7773438878757545e+18
62f2b5ab-3ebc-4eca-9b65-e763c3a26ea1,1.7773438879090967e+18
62f2b5ab-3ebc-4eca-9b65-e763c3a26ea1,1.7773438879424397e+18
62f2b5ab-3ebc-4eca-9b65-e763c3a26ea1,1.7773438879757827e+18
62f2b5ab-3ebc-4eca-9b65-e763c3a26ea1,1.7773438880091246e+18
62f2b5ab-3ebc-4eca-9b65-e763c3a26ea1,1.7773438880424676e+18
62f2b5ab-3ebc-4eca-9b65-e763c3a26ea1,1.7773438880758106e+18
62f2b5ab-3ebc-4eca-9b65-e763c3a26ea1,1.7773438881091525e+18
62f2b5ab-3ebc-4eca-9b65-e763c3a26ea1,1.7773438881424955e+18
62f2b5ab-3ebc-4eca-9b65-e763c3a26ea1,1.7773438881758387e+18
62f2b5ab-3ebc-4eca-9b65-e763c3a26ea1,1.7773438882091807e+18
62f2b5ab-3ebc-4eca-9b65-e763c3a26ea1,1.7773438882425236e+18
62f2b5ab-3ebc-4eca-9b65-e763c3a26ea1,1.7773438882758666e+18
62f2b5ab-3ebc-4eca-9b65-e763c3a26ea1,1.7773438883092086e+18
62f2b5ab-3ebc-4eca-9b65-e763c3a26ea1,1.7773438883425516e+18
62f2b5ab-3ebc-4eca-9b65-e763c3a26ea1,1.7773438883758935e+18
62f2b5ab-3ebc-4eca-9b65-e763c3a26ea1,1.7773438884092365e+18
62f2b5ab-3ebc-4eca-9b65-e763c3a26ea1,1.7773438884425797e+18
62f2b5ab-3ebc-4eca-9b65-e763c3a26ea1,1.7773438884759217e+18
62f2b5ab-3ebc-4eca-9b65-e763c3a26ea1,1.7773438885092646e+18
62f2b5ab-3ebc-4eca-9b65-e763c3a26ea1,1.7773438885426076e+18
62f2b5ab-3ebc-4eca-9b65-e763c3a26ea1,1.7773438885759496e+18
62f2b5ab-3ebc-4eca-9b65-e763c3a26ea1,1.7773438886092925e+18
62f2b5ab-3ebc-4eca-9b65-e763c3a26ea1,1.7773438886426355e+18
62f2b5ab-3ebc-4eca-9b65-e763c3a26ea1,1.7773438886759777e+18
62f2b5ab-3ebc-4eca-9b65-e763c3a26ea1,1.7773438887093207e+18
62f2b5ab-3ebc-4eca-9b65-e763c3a26ea1,1.7773438887426637e+18
62f2b5ab-3ebc-4eca-9b65-e763c3a26ea1,1.7773438887760056e+18
62f2b5ab-3ebc-4eca-9b65-e763c3a26ea1,1.7773438888093486e+18
62f2b5ab-3ebc-4eca-9b65-e763c3a26ea1,1.7773438888426916e+18
62f2b5ab-3ebc-4eca-9b65-e763c3a26ea1,1.7773438888760335e+18
62f2b5ab-3ebc-4eca-9b65-e763c3a26ea1,1.7773438889093765e+18
62f2b5ab-3ebc-4eca-9b65-e763c3a26ea1,1.7773438889427195e+18
62f2b5ab-3ebc-4eca-9b65-e763c3a26ea1,1.7773438889760617e+18
62f2b5ab-3ebc-4eca-9b65-e763c3a26ea1,1.7773438890094047e+18
62f2b5ab-3ebc-4eca-9b65-e763c3a26ea1,1.7773438890427476e+18
62f2b5ab-3ebc-4eca-9b65-e763c3a26ea1,1.7773438890760896e+18
62f2b5ab-3ebc-4eca-9b65-e763c3a26ea1,1.7773438891094326e+18
62f2b5ab-3ebc-4eca-9b65-e763c3a26ea1,1.7773438891427745e+18
62f2b5ab-3ebc-4eca-9b65-e763c3a26ea1,1.7773438891761175e+18
62f2b5ab-3ebc-4eca-9b65-e763c3a26ea1,1.7773438892094605e+18
62f2b5ab-3ebc-4eca-9b65-e763c3a26ea1,1.7773438892428027e+18
62f2b5ab-3ebc-4eca-9b65-e763c3a26ea1,1.7773438892761457e+18
62f2b5ab-3ebc-4eca-9b65-e763c3a26ea1,1.7773438893094886e+18
62f2b5ab-3ebc-4eca-9b65-e763c3a26ea1,1.7773438893428306e+18
62f2b5ab-3ebc-4eca-9b65-e763c3a26ea1,1.7773438893761736e+18
62f2b5ab-3ebc-4eca-9b65-e763c3a26ea1,1.7773438894095165e+18
62f2b5ab-3ebc-4eca-9b65-e763c3a26ea1,1.7773438894428585e+18
62f2b5ab-3ebc-4eca-9b65-e763c3a26ea1,1.7773438894762017e+18
62f2b5ab-3ebc-4eca-9b65-e763c3a26ea1,1.7773438895095447e+18
62f2b5ab-3ebc-4eca-9b65-e763c3a26ea1,1.7773438895428867e+18
62f2b5ab-3ebc-4eca-9b65-e763c3a26ea1,1.7773438895762296e+18
62f2b5ab-3ebc-4eca-9b65-e763c3a26ea1,1.7773438896095726e+18
62f2b5ab-3ebc-4eca-9b65-e763c3a26ea1,1.7773438896429146e+18
62f2b5ab-3ebc-4eca-9b65-e763c3a26ea1,1.7773438896762575e+18
62f2b5ab-3ebc-4eca-9b65-e763c3a26ea1,1.7773438897096005e+18
62f2b5ab-3ebc-4eca-9b65-e763c3a26ea1,1.7773438897429427e+18
62f2b5ab-3ebc-4eca-9b65-e763c3a26ea1,1.7773438897762857e+18
62f2b5ab-3ebc-4eca-9b65-e763c3a26ea1,1.7773438898096287e+18
62f2b5ab-3ebc-4eca-9b65-e763c3a26ea1,1.7773438898429706e+18
62f2b5ab-3ebc-4eca-9b65-e763c3a26ea1,1.7773438898763136e+18
62f2b5ab-3ebc-4eca-9b65-e763c3a26ea1,1.7773438899096566e+18
62f2b5ab-3ebc-4eca-9b65-e763c3a26ea1,1.7773438899429985e+18
62f2b5ab-3ebc-4eca-9b65-e763c3a26ea1,1.7773438899763415e+18
62f2b5ab-3ebc-4eca-9b65-e763c3a26ea1,1.7773438900096837e+18
62f2b5ab-3ebc-4eca-9b65-e763c3a26ea1,1.7773438900430267e+18
62f2b5ab-3ebc-4eca-9b65-e763c3a26ea1,1.7773438900763697e+18
62f2b5ab-3ebc-4eca-9b65-e763c3a26ea1,1.7773438901097116e+18
62f2b5ab-3ebc-4eca-9b65-e763c3a26ea1,1.7773438901430546e+18
62f2b5ab-3ebc-4eca-9b65-e763c3a26ea1,1.7773438901763976e+18
62f2b5ab-3ebc-4eca-9b65-e763c3a26ea1,1.7773438902097395e+18
62f2b5ab-3ebc-4eca-9b65-e763c3a26ea1,1.7773438902430825e+18
62f2b5ab-3ebc-4eca-9b65-e763c3a26ea1,1.7773438902764257e+18
62f2b5ab-3ebc-4eca-9b65-e763c3a26ea1,1.7773438903097677e+18
62f2b5ab-3ebc-4eca-9b65-e763c3a26ea1,1.7773438903431107e+18
62f2b5ab-3ebc-4eca-9b65-e763c3a26ea1,1.7773438903764536e+18
62f2b5ab-3ebc-4eca-9b65-e763c3a26ea1,1.7773438904097956e+18
62f2b5ab-3ebc-4eca-9b65-e763c3a26ea1,1.7773438904431386e+18
62f2b5ab-3ebc-4eca-9b65-e763c3a26ea1,1.7773438904764815e+18
62f2b5ab-3ebc-4eca-9b65-e763c3a26ea1,1.7773438905098235e+18
62f2b5ab-3ebc-4eca-9b65-e763c3a26ea1,1.7773438905431667e+18
62f2b5ab-3ebc-4eca-9b65-e763c3a26ea1,1.7773438905765097e+18
62f2b5ab-3ebc-4eca-9b65-e763c3a26ea1,1.7773438906098516e+18
62f2b5ab-3ebc-4eca-9b65-e763c3a26ea1,1.7773438906431946e+18
62f2b5ab-3ebc-4eca-9b65-e763c3a26ea1,1.7773438906765376e+18
62f2b5ab-3ebc-4eca-9b65-e763c3a26ea1,1.7773438907098796e+18
62f2b5ab-3ebc-4eca-9b65-e763c3a26ea1,1.7773438907432225e+18
62f2b5ab-3ebc-4eca-9b65-e763c3a26ea1,1.7773438907765655e+18
62f2b5ab-3ebc-4eca-9b65-e763c3a26ea1,1.7773438908099077e+18
62f2b5ab-3ebc-4eca-9b65-e763c3a26ea1,1.7773438908432507e+18
62f2b5ab-3ebc-4eca-9b65-e763c3a26ea1,1.7773438908765926e+18
62f2b5ab-3ebc-4eca-9b65-e763c3a26ea1,1.7773438909099356e+18
62f2b5ab-3ebc-4eca-9b65-e763c3a26ea1,1.7773438909432786e+18
62f2b5ab-3ebc-4eca-9b65-e763c3a26ea1,1.7773438909766205e+18
62f2b5ab-3ebc-4eca-9b65-e763c3a26ea1,1.7773438910099635e+18
62f2b5ab-3ebc-4eca-9b65-e763c3a26ea1,1.7773438910433065e+18
62f2b5ab-3ebc-4eca-9b65-e763c3a26ea1,1.7773438910766487e+18
62f2b5ab-3ebc-4eca-9b65-e763c3a26ea1,1.7773438911099917e+18
62f2b5ab-3ebc-4eca-9b65-e763c3a26ea1,1.7773438911433347e+18
62f2b5ab-3ebc-4eca-9b65-e763c3a26ea1,1.7773438911766766e+18
62f2b5ab-3ebc-4eca-9b65-e763c3a26ea1,1.7773438912100196e+18
62f2b5ab-3ebc-4eca-9b65-e763c3a26ea1,1.7773438912433626e+18
62f2b5ab-3ebc-4eca-9b65-e763c3a26ea1,1.7773438912767045e+18
62f2b5ab-3ebc-4eca-9b65-e763c3a26ea1,1.7773438913100475e+18
62f2b5ab-3ebc-4eca-9b65-e763c3a26ea1,1.7773438913433907e+18
62f2b5ab-3ebc-4eca-9b65-e763c3a26ea1,1.7773438913767327e+18
62f2b5ab-3ebc-4eca-9b65-e763c3a26ea1,1.7773438914100756e+18
62f2b5ab-3ebc-4eca-9b65-e763c3a26ea1,1.7773438914434186e+18
62f2b5ab-3ebc-4eca-9b65-e763c3a26ea1,1.7773438914767606e+18
62f2b5ab-3ebc-4eca-9b65-e763c3a26ea1,1.7773438915101036e+18
62f2b5ab-3ebc-4eca-9b65-e763c3a26ea1,1.7773438915434465e+18
62f2b5ab-3ebc-4eca-9b65-e763c3a26ea1,1.7773438915767885e+18
62f2b5ab-3ebc-4eca-9b65-e763c3a26ea1,1.7773438916101317e+18
62f2b5ab-3ebc-4eca-9b65-e763c3a26ea1,1.7773438916434737e+18
62f2b5ab-3ebc-4eca-9b65-e763c3a26ea1,1.7773438916768166e+18
62f2b5ab-3ebc-4eca-9b65-e763c3a26ea1,1.7773438917101596e+18
62f2b5ab-3ebc-4eca-9b65-e763c3a26ea1,1.7773438917435016e+18
62f2b5ab-3ebc-4eca-9b65-e763c3a26ea1,1.7773438917768445e+18
62f2b5ab-3ebc-4eca-9b65-e763c3a26ea1,1.7773438918101875e+18
62f2b5ab-3ebc-4eca-9b65-e763c3a26ea1,1.7773438918435297e+18
62f2b5ab-3ebc-4eca-9b65-e763c3a26ea1,1.7773438918768727e+18
62f2b5ab-3ebc-4eca-9b65-e763c3a26ea1,1.7773438919102157e+18
62f2b5ab-3ebc-4eca-9b65-e763c3a26ea1,1.7773438919435576e+18
62f2b5ab-3ebc-4eca-9b65-e763c3a26ea1,1.7773438919769006e+18
62f2b5ab-3ebc-4eca-9b65-e763c3a26ea1,1.7773438920102436e+18
62f2b5ab-3ebc-4eca-9b65-e763c3a26ea1,1.7773438920435855e+18
62f2b5ab-3ebc-4eca-9b65-e763c3a26ea1,1.7773438920769285e+18
62f2b5ab-3ebc-4eca-9b65-e763c3a26ea1,1.7773438921102715e+18
62f2b5ab-3ebc-4eca-9b65-e763c3a26ea1,1.7773438921436137e+18
62f2b5ab-3ebc-4eca-9b65-e763c3a26ea1,1.7773438921769567e+18
62f2b5ab-3ebc-4eca-9b65-e763c3a26ea1,1.7773438922102996e+18
62f2b5ab-3ebc-4eca-9b65-e763c3a26ea1,1.7773438922436416e+18
62f2b5ab-3ebc-4eca-9b65-e763c3a26ea1,1.7773438922769846e+18
62f2b5ab-3ebc-4eca-9b65-e763c3a26ea1,1.7773438923103276e+18
62f2b5ab-3ebc-4eca-9b65-e763c3a26ea1,1.7773438923436695e+18
62f2b5ab-3ebc-4eca-9b65-e763c3a26ea1,1.7773438923770125e+18
62f2b5ab-3ebc-4eca-9b65-e763c3a26ea1,1.7773438924103557e+18
62f2b5ab-3ebc-4eca-9b65-e763c3a26ea1,1.7773438924436977e+18
62f2b5ab-3ebc-4eca-9b65-e763c3a26ea1,1.7773438924770406e+18
62f2b5ab-3ebc-4eca-9b65-e763c3a26ea1,1.7773438925103826e+18
62f2b5ab-3ebc-4eca-9b65-e763c3a26ea1,1.7773438925437256e+18
62f2b5ab-3ebc-4eca-9b65-e763c3a26ea1,1.7773438925770685e+18
62f2b5ab-3ebc-4eca-9b65-e763c3a26ea1,1.7773438926104105e+18
62f2b5ab-3ebc-4eca-9b65-e763c3a26ea1,1.7773438926437537e+18
62f2b5ab-3ebc-4eca-9b65-e763c3a26ea1,1.7773438926770967e+18
62f2b5ab-3ebc-4eca-9b65-e763c3a26ea1,1.7773438927104387e+18
62f2b5ab-3ebc-4eca-9b65-e763c3a26ea1,1.7773438927437816e+18
62f2b5ab-3ebc-4eca-9b65-e763c3a26ea1,1.7773438927771246e+18
62f2b5ab-3ebc-4eca-9b65-e763c3a26ea1,1.7773438928104666e+18
62f2b5ab-3ebc-4eca-9b65-e763c3a26ea1,1.7773438928438095e+18
62f2b5ab-3ebc-4eca-9b65-e763c3a26ea1,1.7773438928771525e+18
62f2b5ab-3ebc-4eca-9b65-e763c3a26ea1,1.7773438929104947e+18
62f2b5ab-3ebc-4eca-9b65-e763c3a26ea1,1.7773438929438377e+18
62f2b5ab-3ebc-4eca-9b65-e763c3a26ea1,1.7773438929771807e+18
62f2b5ab-3ebc-4eca-9b65-e763c3a26ea1,1.7773438930105226e+18
62f2b5ab-3ebc-4eca-9b65-e763c3a26ea1,1.7773438930438656e+18
62f2b5ab-3ebc-4eca-9b65-e763c3a26ea1,1.7773438930772086e+18
62f2b5ab-3ebc-4eca-9b65-e763c3a26ea1,1.7773438931105505e+18
62f2b5ab-3ebc-4eca-9b65-e763c3a26ea1,1.7773438931438935e+18
62f2b5ab-3ebc-4eca-9b65-e763c3a26ea1,1.7773438931772365e+18
62f2b5ab-3ebc-4eca-9b65-e763c3a26ea1,1.7773438932105787e+18
62f2b5ab-3ebc-4eca-9b65-e763c3a26ea1,1.7773438932439217e+18
62f2b5ab-3ebc-4eca-9b65-e763c3a26ea1,1.7773438932772636e+18
62f2b5ab-3ebc-4eca-9b65-e763c3a26ea1,1.7773438933106066e+18
62f2b5ab-3ebc-4eca-9b65-e763c3a26ea1,1.7773438933439496e+18
62f2b5ab-3ebc-4eca-9b65-e763c3a26ea1,1.7773438933772915e+18
62f2b5ab-3ebc-4eca-9b65-e763c3a26ea1,1.7773438934106345e+18
62f2b5ab-3ebc-4eca-9b65-e763c3a26ea1,1.7773438934439777e+18
62f2b5ab-3ebc-4eca-9b65-e763c3a26ea1,1.7773438934773197e+18
62f2b5ab-3ebc-4eca-9b65-e763c3a26ea1,1.7773438935106627e+18
62f2b5ab-3ebc-4eca-9b65-e763c3a26ea1,1.7773438935440056e+18
62f2b5ab-3ebc-4eca-9b65-e763c3a26ea1,1.7773438935773476e+18
62f2b5ab-3ebc-4eca-9b65-e763c3a26ea1,1.7773438936106906e+18
62f2b5ab-3ebc-4eca-9b65-e763c3a26ea1,1.7773438936440335e+18
62f2b5ab-3ebc-4eca-9b65-e763c3a26ea1,1.7773438936773755e+18
62f2b5ab-3ebc-4eca-9b65-e763c3a26ea1,1.7773438937107187e+18
62f2b5ab-3ebc-4eca-9b65-e763c3a26ea1,1.7773438937440617e+18
62f2b5ab-3ebc-4eca-9b65-e763c3a26ea1,1.7773438937774036e+18
62f2b5ab-3ebc-4eca-9b65-e763c3a26ea1,1.7773438938107466e+18
62f2b5ab-3ebc-4eca-9b65-e763c3a26ea1,1.7773438938440896e+18
62f2b5ab-3ebc-4eca-9b65-e763c3a26ea1,1.7773438938774316e+18
62f2b5ab-3ebc-4eca-9b65-e763c3a26ea1,1.7773438939107745e+18
62f2b5ab-3ebc-4eca-9b65-e763c3a26ea1,1.7773438939441175e+18
62f2b5ab-3ebc-4eca-9b65-e763c3a26ea1,1.7773438939774597e+18
62f2b5ab-3ebc-4eca-9b65-e763c3a26ea1,1.7773438940108027e+18
62f2b5ab-3ebc-4eca-9b65-e763c3a26ea1,1.7773438940441457e+18
62f2b5ab-3ebc-4eca-9b65-e763c3a26ea1,1.7773438940774876e+18
62f2b5ab-3ebc-4eca-9b65-e763c3a26ea1,1.7773438941108306e+18
62f2b5ab-3ebc-4eca-9b65-e763c3a26ea1,1.7773438941441725e+18
62f2b5ab-3ebc-4eca-9b65-e763c3a26ea1,1.7773438941775155e+18
62f2b5ab-3ebc-4eca-9b65-e763c3a26ea1,1.7773438942108585e+18
62f2b5ab-3ebc-4eca-9b65-e763c3a26ea1,1.7773438942442007e+18
62f2b5ab-3ebc-4eca-9b65-e763c3a26ea1,1.7773438942775437e+18
62f2b5ab-3ebc-4eca-9b65-e763c3a26ea1,1.7773438943108867e+18
62f2b5ab-3ebc-4eca-9b65-e763c3a26ea1,1.7773438943442286e+18
62f2b5ab-3ebc-4eca-9b65-e763c3a26ea1,1.7773438943775716e+18
62f2b5ab-3ebc-4eca-9b65-e763c3a26ea1,1.7773438944109146e+18
62f2b5ab-3ebc-4eca-9b65-e763c3a26ea1,1.7773438944442565e+18
62f2b5ab-3ebc-4eca-9b65-e763c3a26ea1,1.7773438944775995e+18
62f2b5ab-3ebc-4eca-9b65-e763c3a26ea1,1.7773438945109427e+18
62f2b5ab-3ebc-4eca-9b65-e763c3a26ea1,1.7773438945442847e+18
62f2b5ab-3ebc-4eca-9b65-e763c3a26ea1,1.7773438945776276e+18
62f2b5ab-3ebc-4eca-9b65-e763c3a26ea1,1.7773438946109706e+18
62f2b5ab-3ebc-4eca-9b65-e763c3a26ea1,1.7773438946443126e+18
62f2b5ab-3ebc-4eca-9b65-e763c3a26ea1,1.7773438946776556e+18
62f2b5ab-3ebc-4eca-9b65-e763c3a26ea1,1.7773438947109985e+18
62f2b5ab-3ebc-4eca-9b65-e763c3a26ea1,1.7773438947443405e+18
62f2b5ab-3ebc-4eca-9b65-e763c3a26ea1,1.7773438947776837e+18
62f2b5ab-3ebc-4eca-9b65-e763c3a26ea1,1.7773438948110267e+18
62f2b5ab-3ebc-4eca-9b65-e763c3a26ea1,1.7773438948443686e+18
62f2b5ab-3ebc-4eca-9b65-e763c3a26ea1,1.7773438948777116e+18
62f2b5ab-3ebc-4eca-9b65-e763c3a26ea1,1.7773438949110546e+18
62f2b5ab-3ebc-4eca-9b65-e763c3a26ea1,1.7773438949443965e+18
62f2b5ab-3ebc-4eca-9b65-e763c3a26ea1,1.7773438949777395e+18
62f2b5ab-3ebc-4eca-9b65-e763c3a26ea1,1.7773438950110817e+18
62f2b5ab-3ebc-4eca-9b65-e763c3a26ea1,1.7773438950444247e+18
62f2b5ab-3ebc-4eca-9b65-e763c3a26ea1,1.7773438950777677e+18
62f2b5ab-3ebc-4eca-9b65-e763c3a26ea1,1.7773438951111096e+18
62f2b5ab-3ebc-4eca-9b65-e763c3a26ea1,1.7773438951444526e+18
62f2b5ab-3ebc-4eca-9b65-e763c3a26ea1,1.7773438951777956e+18
62f2b5ab-3ebc-4eca-9b65-e763c3a26ea1,1.7773438952111375e+18
62f2b5ab-3ebc-4eca-9b65-e763c3a26ea1,1.7773438952444805e+18
62f2b5ab-3ebc-4eca-9b65-e763c3a26ea1,1.7773438952778235e+18
62f2b5ab-3ebc-4eca-9b65-e763c3a26ea1,1.7773438953111657e+18
62f2b5ab-3ebc-4eca-9b65-e763c3a26ea1,1.7773438953445087e+18
62f2b5ab-3ebc-4eca-9b65-e763c3a26ea1,1.7773438953778516e+18
62f2b5ab-3ebc-4eca-9b65-e763c3a26ea1,1.7773438954111936e+18
62f2b5ab-3ebc-4eca-9b65-e763c3a26ea1,1.7773438954445366e+18
62f2b5ab-3ebc-4eca-9b65-e763c3a26ea1,1.7773438954778796e+18
62f2b5ab-3ebc-4eca-9b65-e763c3a26ea1,1.7773438955112215e+18
62f2b5ab-3ebc-4eca-9b65-e763c3a26ea1,1.7773438955445645e+18
62f2b5ab-3ebc-4eca-9b65-e763c3a26ea1,1.7773438955779077e+18
62f2b5ab-3ebc-4eca-9b65-e763c3a26ea1,1.7773438956112497e+18
62f2b5ab-3ebc-4eca-9b65-e763c3a26ea1,1.7773438956445926e+18
62f2b5ab-3ebc-4eca-9b65-e763c3a26ea1,1.7773438956779356e+18
62f2b5ab-3ebc-4eca-9b65-e763c3a26ea1,1.7773438957112776e+18
62f2b5ab-3ebc-4eca-9b65-e763c3a26ea1,1.7773438957446205e+18
62f2b5ab-3ebc-4eca-9b65-e763c3a26ea1,1.7773438957779625e+18
62f2b5ab-3ebc-4eca-9b65-e763c3a26ea1,1.7773438958113057e+18
62f2b5ab-3ebc-4eca-9b65-e763c3a26ea1,1.7773438958446487e+18
62f2b5ab-3ebc-4eca-9b65-e763c3a26ea1,1.7773438958779907e+18
62f2b5ab-3ebc-4eca-9b65-e763c3a26ea1,1.7773438959113336e+18
62f2b5ab-3ebc-4eca-9b65-e763c3a26ea1,1.7773438959446766e+18
62f2b5ab-3ebc-4eca-9b65-e763c3a26ea1,1.7773438959780186e+18
62f2b5ab-3ebc-4eca-9b65-e763c3a26ea1,1.7773438960113615e+18
62f2b5ab-3ebc-4eca-9b65-e763c3a26ea1,1.7773438960447045e+18
62f2b5ab-3ebc-4eca-9b65-e763c3a26ea1,1.7773438960780467e+18
62f2b5ab-3ebc-4eca-9b65-e763c3a26ea1,1.7773438961113897e+18
62f2b5ab-3ebc-4eca-9b65-e763c3a26ea1,1.7773438961447327e+18
62f2b5ab-3ebc-4eca-9b65-e763c3a26ea1,1.7773438961780746e+18
62f2b5ab-3ebc-4eca-9b65-e763c3a26ea1,1.7773438962114176e+18
62f2b5ab-3ebc-4eca-9b65-e763c3a26ea1,1.7773438962447606e+18
62f2b5ab-3ebc-4eca-9b65-e763c3a26ea1,1.7773438962781025e+18
62f2b5ab-3ebc-4eca-9b65-e763c3a26ea1,1.7773438963114455e+18
62f2b5ab-3ebc-4eca-9b65-e763c3a26ea1,1.7773438963447885e+18
62f2b5ab-3ebc-4eca-9b65-e763c3a26ea1,1.7773438963781307e+18
62f2b5ab-3ebc-4eca-9b65-e763c3a26ea1,1.7773438964114737e+18
62f2b5ab-3ebc-4eca-9b65-e763c3a26ea1,1.7773438964448166e+18
62f2b5ab-3ebc-4eca-9b65-e763c3a26ea1,1.7773438964781586e+18
62f2b5ab-3ebc-4eca-9b65-e763c3a26ea1,1.7773438965115016e+18
62f2b5ab-3ebc-4eca-9b65-e763c3a26ea1,1.7773438965448445e+18
62f2b5ab-3ebc-4eca-9b65-e763c3a26ea1,1.7773438965781865e+18
62f2b5ab-3ebc-4eca-9b65-e763c3a26ea1,1.7773438966115297e+18
62f2b5ab-3ebc-4eca-9b65-e763c3a26ea1,1.7773438966448717e+18
62f2b5ab-3ebc-4eca-9b65-e763c3a26ea1,1.7773438966782147e+18
62f2b5ab-3ebc-4eca-9b65-e763c3a26ea1,1.7773438967115576e+18
62f2b5ab-3ebc-4eca-9b65-e763c3a26ea1,1.7773438967448996e+18
62f2b5ab-3ebc-4eca-9b65-e763c3a26ea1,1.7773438967782426e+18
62f2b5ab-3ebc-4eca-9b65-e763c3a26ea1,1.7773438968115855e+18
62f2b5ab-3ebc-4eca-9b65-e763c3a26ea1,1.7773438968449275e+18
62f2b5ab-3ebc-4eca-9b65-e763c3a26ea1,1.7773438968782707e+18
62f2b5ab-3ebc-4eca-9b65-e763c3a26ea1,1.7773438969116137e+18
62f2b5ab-3ebc-4eca-9b65-e763c3a26ea1,1.7773438969449556e+18
62f2b5ab-3ebc-4eca-9b65-e763c3a26ea1,1.7773438969782986e+18
62f2b5ab-3ebc-4eca-9b65-e763c3a26ea1,1.7773438970116416e+18
62f2b5ab-3ebc-4eca-9b65-e763c3a26ea1,1.7773438970449836e+18
62f2b5ab-3ebc-4eca-9b65-e763c3a26ea1,1.7773438970783265e+18
62f2b5ab-3ebc-4eca-9b65-e763c3a26ea1,1.7773438971116695e+18
62f2b5ab-3ebc-4eca-9b65-e763c3a26ea1,1.7773438971450117e+18
62f2b5ab-3ebc-4eca-9b65-e763c3a26ea1,1.7773438971783547e+18
62f2b5ab-3ebc-4eca-9b65-e763c3a26ea1,1.7773438972116977e+18
62f2b5ab-3ebc-4eca-9b65-e763c3a26ea1,1.7773438972450396e+18
62f2b5ab-3ebc-4eca-9b65-e763c3a26ea1,1.7773438972783826e+18
62f2b5ab-3ebc-4eca-9b65-e763c3a26ea1,1.7773438973117256e+18
62f2b5ab-3ebc-4eca-9b65-e763c3a26ea1,1.7773438973450675e+18
62f2b5ab-3ebc-4eca-9b65-e763c3a26ea1,1.7773438973784105e+18
62f2b5ab-3ebc-4eca-9b65-e763c3a26ea1,1.7773438974117527e+18
62f2b5ab-3ebc-4eca-9b65-e763c3a26ea1,1.7773438974450957e+18
62f2b5ab-3ebc-4eca-9b65-e763c3a26ea1,1.7773438974784387e+18
62f2b5ab-3ebc-4eca-9b65-e763c3a26ea1,1.7773438975117816e+18
62f2b5ab-3ebc-4eca-9b65-e763c3a26ea1,1.7773438975451236e+18
62f2b5ab-3ebc-4eca-9b65-e763c3a26ea1,1.7773438975784666e+18
62f2b5ab-3ebc-4eca-9b65-e763c3a26ea1,1.7773438976118085e+18
62f2b5ab-3ebc-4eca-9b65-e763c3a26ea1,1.7773438976451515e+18
62f2b5ab-3ebc-4eca-9b65-e763c3a26ea1,1.7773438976784947e+18
62f2b5ab-3ebc-4eca-9b65-e763c3a26ea1,1.7773438977118367e+18
62f2b5ab-3ebc-4eca-9b65-e763c3a26ea1,1.7773438977451796e+18
62f2b5ab-3ebc-4eca-9b65-e763c3a26ea1,1.7773438977785226e+18
62f2b5ab-3ebc-4eca-9b65-e763c3a26ea1,1.7773438978118646e+18
62f2b5ab-3ebc-4eca-9b65-e763c3a26ea1,1.7773438978452076e+18
62f2b5ab-3ebc-4eca-9b65-e763c3a26ea1,1.7773438978785505e+18
62f2b5ab-3ebc-4eca-9b65-e763c3a26ea1,1.7773438979118925e+18
62f2b5ab-3ebc-4eca-9b65-e763c3a26ea1,1.7773438979452357e+18
62f2b5ab-3ebc-4eca-9b65-e763c3a26ea1,1.7773438979785787e+18
62f2b5ab-3ebc-4eca-9b65-e763c3a26ea1,1.7773438980119206e+18
62f2b5ab-3ebc-4eca-9b65-e763c3a26ea1,1.7773438980452636e+18
62f2b5ab-3ebc-4eca-9b65-e763c3a26ea1,1.7773438980786066e+18
62f2b5ab-3ebc-4eca-9b65-e763c3a26ea1,1.7773438981119485e+18
62f2b5ab-3ebc-4eca-9b65-e763c3a26ea1,1.7773438981452915e+18
62f2b5ab-3ebc-4eca-9b65-e763c3a26ea1,1.7773438981786345e+18
62f2b5ab-3ebc-4eca-9b65-e763c3a26ea1,1.7773438982119767e+18
62f2b5ab-3ebc-4eca-9b65-e763c3a26ea1,1.7773438982453197e+18
62f2b5ab-3ebc-4eca-9b65-e763c3a26ea1,1.7773438982786616e+18
62f2b5ab-3ebc-4eca-9b65-e763c3a26ea1,1.7773438983120046e+18
62f2b5ab-3ebc-4eca-9b65-e763c3a26ea1,1.7773438983453476e+18
62f2b5ab-3ebc-4eca-9b65-e763c3a26ea1,1.7773438983786895e+18
62f2b5ab-3ebc-4eca-9b65-e763c3a26ea1,1.7773438984120325e+18
62f2b5ab-3ebc-4eca-9b65-e763c3a26ea1,1.7773438984453755e+18
62f2b5ab-3ebc-4eca-9b65-e763c3a26ea1,1.7773438984787177e+18
62f2b5ab-3ebc-4eca-9b65-e763c3a26ea1,1.7773438985120607e+18
62f2b5ab-3ebc-4eca-9b65-e763c3a26ea1,1.7773438985454036e+18
62f2b5ab-3ebc-4eca-9b65-e763c3a26ea1,1.7773438985787456e+18
62f2b5ab-3ebc-4eca-9b65-e763c3a26ea1,1.7773438986120886e+18
62f2b5ab-3ebc-4eca-9b65-e763c3a26ea1,1.7773438986454316e+18
62f2b5ab-3ebc-4eca-9b65-e763c3a26ea1,1.7773438986787735e+18
62f2b5ab-3ebc-4eca-9b65-e763c3a26ea1,1.7773438987121165e+18
62f2b5ab-3ebc-4eca-9b65-e763c3a26ea1,1.7773438987454597e+18
62f2b5ab-3ebc-4eca-9b65-e763c3a26ea1,1.7773438987788017e+18
62f2b5ab-3ebc-4eca-9b65-e763c3a26ea1,1.7773438988121446e+18
62f2b5ab-3ebc-4eca-9b65-e763c3a26ea1,1.7773438988454876e+18
62f2b5ab-3ebc-4eca-9b65-e763c3a26ea1,1.7773438988788296e+18
62f2b5ab-3ebc-4eca-9b65-e763c3a26ea1,1.7773438989121725e+18
62f2b5ab-3ebc-4eca-9b65-e763c3a26ea1,1.7773438989455155e+18
62f2b5ab-3ebc-4eca-9b65-e763c3a26ea1,1.7773438989788577e+18
62f2b5ab-3ebc-4eca-9b65-e763c3a26ea1,1.7773438990122007e+18
62f2b5ab-3ebc-4eca-9b65-e763c3a26ea1,1.7773438990455437e+18
62f2b5ab-3ebc-4eca-9b65-e763c3a26ea1,1.7773438990788856e+18
62f2b5ab-3ebc-4eca-9b65-e763c3a26ea1,1.7773438991122286e+18
62f2b5ab-3ebc-4eca-9b65-e763c3a26ea1,1.7773438991455706e+18
62f2b5ab-3ebc-4eca-9b65-e763c3a26ea1,1.7773438991789135e+18
62f2b5ab-3ebc-4eca-9b65-e763c3a26ea1,1.7773438992122565e+18
62f2b5ab-3ebc-4eca-9b65-e763c3a26ea1,1.7773438992455987e+18
62f2b5ab-3ebc-4eca-9b65-e763c3a26ea1,1.7773438992789417e+18
62f2b5ab-3ebc-4eca-9b65-e763c3a26ea1,1.7773438993122847e+18
62f2b5ab-3ebc-4eca-9b65-e763c3a26ea1,1.7773438993456266e+18
62f2b5ab-3ebc-4eca-9b65-e763c3a26ea1,1.7773438993789696e+18
62f2b5ab-3ebc-4eca-9b65-e763c3a26ea1,1.7773438994123126e+18
62f2b5ab-3ebc-4eca-9b65-e763c3a26ea1,1.7773438994456545e+18
62f2b5ab-3ebc-4eca-9b65-e763c3a26ea1,1.7773438994789975e+18
62f2b5ab-3ebc-4eca-9b65-e763c3a26ea1,1.7773438995123405e+18
62f2b5ab-3ebc-4eca-9b65-e763c3a26ea1,1.7773438995456827e+18
62f2b5ab-3ebc-4eca-9b65-e763c3a26ea1,1.7773438995790257e+18
62f2b5ab-3ebc-4eca-9b65-e763c3a26ea1,1.7773438996123686e+18
62f2b5ab-3ebc-4eca-9b65-e763c3a26ea1,1.7773438996457106e+18
62f2b5ab-3ebc-4eca-9b65-e763c3a26ea1,1.7773438996790536e+18
62f2b5ab-3ebc-4eca-9b65-e763c3a26ea1,1.7773438997123965e+18
62f2b5ab-3ebc-4eca-9b65-e763c3a26ea1,1.7773438997457385e+18
62f2b5ab-3ebc-4eca-9b65-e763c3a26ea1,1.7773438997790817e+18
62f2b5ab-3ebc-4eca-9b65-e763c3a26ea1,1.7773438998124247e+18
62f2b5ab-3ebc-4eca-9b65-e763c3a26ea1,1.7773438998457667e+18
62f2b5ab-3ebc-4eca-9b65-e763c3a26ea1,1.7773438998791096e+18
62f2b5ab-3ebc-4eca-9b65-e763c3a26ea1,1.7773438999124516e+18
62f2b5ab-3ebc-4eca-9b65-e763c3a26ea1,1.7773438999457946e+18
62f2b5ab-3ebc-4eca-9b65-e763c3a26ea1,1.7773438999791375e+18
62f2b5ab-3ebc-4eca-9b65-e763c3a26ea1,1.7773439000124795e+18
62f2b5ab-3ebc-4eca-9b65-e763c3a26ea1,1.7773439000458227e+18
62f2b5ab-3ebc-4eca-9b65-e763c3a26ea1,1.7773439000791657e+18
62f2b5ab-3ebc-4eca-9b65-e763c3a26ea1,1.7773439001125076e+18
62f2b5ab-3ebc-4eca-9b65-e763c3a26ea1,1.7773439001458506e+18
62f2b5ab-3ebc-4eca-9b65-e763c3a26ea1,1.7773439001791936e+18
62f2b5ab-3ebc-4eca-9b65-e763c3a26ea1,1.7773439002125356e+18
62f2b5ab-3ebc-4eca-9b65-e763c3a26ea1,1.7773439002458785e+18
62f2b5ab-3ebc-4eca-9b65-e763c3a26ea1,1.7773439002792215e+18
62f2b5ab-3ebc-4eca-9b65-e763c3a26ea1,1.7773439003125637e+18
62f2b5ab-3ebc-4eca-9b65-e763c3a26ea1,1.7773439003459067e+18
62f2b5ab-3ebc-4eca-9b65-e763c3a26ea1,1.7773439003792497e+18
62f2b5ab-3ebc-4eca-9b65-e763c3a26ea1,1.7773439004125916e+18
62f2b5ab-3ebc-4eca-9b65-e763c3a26ea1,1.7773439004459346e+18
62f2b5ab-3ebc-4eca-9b65-e763c3a26ea1,1.7773439004792776e+18
62f2b5ab-3ebc-4eca-9b65-e763c3a26ea1,1.7773439005126195e+18
62f2b5ab-3ebc-4eca-9b65-e763c3a26ea1,1.7773439005459625e+18
62f2b5ab-3ebc-4eca-9b65-e763c3a26ea1,1.7773439005793057e+18
62f2b5ab-3ebc-4eca-9b65-e763c3a26ea1,1.7773439006126477e+18
62f2b5ab-3ebc-4eca-9b65-e763c3a26ea1,1.7773439006459907e+18
62f2b5ab-3ebc-4eca-9b65-e763c3a26ea1,1.7773439006793336e+18
62f2b5ab-3ebc-4eca-9b65-e763c3a26ea1,1.7773439007126756e+18
62f2b5ab-3ebc-4eca-9b65-e763c3a26ea1,1.7773439007460186e+18
62f2b5ab-3ebc-4eca-9b65-e763c3a26ea1,1.7773439007793615e+18
62f2b5ab-3ebc-4eca-9b65-e763c3a26ea1,1.7773439008127035e+18
62f2b5ab-3ebc-4eca-9b65-e763c3a26ea1,1.7773439008460467e+18
62f2b5ab-3ebc-4eca-9b65-e763c3a26ea1,1.7773439008793887e+18
62f2b5ab-3ebc-4eca-9b65-e763c3a26ea1,1.7773439009127316e+18
62f2b5ab-3ebc-4eca-9b65-e763c3a26ea1,1.7773439009460746e+18
62f2b5ab-3ebc-4eca-9b65-e763c3a26ea1,1.7773439009794166e+18
62f2b5ab-3ebc-4eca-9b65-e763c3a26ea1,1.7773439010127596e+18
62f2b5ab-3ebc-4eca-9b65-e763c3a26ea1,1.7773439010461025e+18
62f2b5ab-3ebc-4eca-9b65-e763c3a26ea1,1.7773439010794445e+18
62f2b5ab-3ebc-4eca-9b65-e763c3a26ea1,1.7773439011127877e+18
62f2b5ab-3ebc-4eca-9b65-e763c3a26ea1,1.7773439011461307e+18
62f2b5ab-3ebc-4eca-9b65-e763c3a26ea1,1.7773439011794726e+18
62f2b5ab-3ebc-4eca-9b65-e763c3a26ea1,1.7773439012128156e+18
62f2b5ab-3ebc-4eca-9b65-e763c3a26ea1,1.7773439012461586e+18
